<?xml version="1.0" encoding="UTF-8"?>
<gpx version="1.1" creator="Eric Sichak trip reports" xmlns="http://www.topografix.com/GPX/1/1">
<metadata><name>Finding faster lines</name><time>2021-11-21T15:06:41Z</time></metadata>
<trk><name>Finding faster lines</name><type>mtb</type><trkseg>
<trkpt lat="37.081180" lon="-121.849421"><ele>503.6</ele><time>2021-11-21T15:06:41Z</time></trkpt>
<trkpt lat="37.081236" lon="-121.849397"><ele>503.5</ele><time>2021-11-21T15:06:47Z</time></trkpt>
<trkpt lat="37.081372" lon="-121.849455"><ele>503.2</ele><time>2021-11-21T15:06:53Z</time></trkpt>
<trkpt lat="37.081518" lon="-121.849587"><ele>502.8</ele><time>2021-11-21T15:06:57Z</time></trkpt>
<trkpt lat="37.081592" lon="-121.849747"><ele>502.5</ele><time>2021-11-21T15:07:01Z</time></trkpt>
<trkpt lat="37.081651" lon="-121.850045"><ele>502.3</ele><time>2021-11-21T15:07:05Z</time></trkpt>
<trkpt lat="37.081834" lon="-121.850286"><ele>502.4</ele><time>2021-11-21T15:07:13Z</time></trkpt>
<trkpt lat="37.081944" lon="-121.850493"><ele>502.4</ele><time>2021-11-21T15:07:18Z</time></trkpt>
<trkpt lat="37.081919" lon="-121.850633"><ele>502.9</ele><time>2021-11-21T15:07:20Z</time></trkpt>
<trkpt lat="37.081804" lon="-121.850812"><ele>504.6</ele><time>2021-11-21T15:07:23Z</time></trkpt>
<trkpt lat="37.081766" lon="-121.850794"><ele>505.0</ele><time>2021-11-21T15:07:24Z</time></trkpt>
<trkpt lat="37.081723" lon="-121.850866"><ele>507.5</ele><time>2021-11-21T15:07:30Z</time></trkpt>
<trkpt lat="37.081700" lon="-121.850952"><ele>507.9</ele><time>2021-11-21T15:07:35Z</time></trkpt>
<trkpt lat="37.081744" lon="-121.851097"><ele>508.4</ele><time>2021-11-21T15:07:43Z</time></trkpt>
<trkpt lat="37.081720" lon="-121.851135"><ele>508.5</ele><time>2021-11-21T15:07:47Z</time></trkpt>
<trkpt lat="37.081729" lon="-121.851270"><ele>508.8</ele><time>2021-11-21T15:07:56Z</time></trkpt>
<trkpt lat="37.081781" lon="-121.851310"><ele>509.0</ele><time>2021-11-21T15:08:01Z</time></trkpt>
<trkpt lat="37.081801" lon="-121.851460"><ele>509.1</ele><time>2021-11-21T15:08:09Z</time></trkpt>
<trkpt lat="37.081939" lon="-121.851694"><ele>509.1</ele><time>2021-11-21T15:08:19Z</time></trkpt>
<trkpt lat="37.081944" lon="-121.851854"><ele>509.3</ele><time>2021-11-21T15:08:23Z</time></trkpt>
<trkpt lat="37.082035" lon="-121.851999"><ele>509.5</ele><time>2021-11-21T15:08:28Z</time></trkpt>
<trkpt lat="37.082100" lon="-121.852048"><ele>509.6</ele><time>2021-11-21T15:08:30Z</time></trkpt>
<trkpt lat="37.082244" lon="-121.852384"><ele>510.0</ele><time>2021-11-21T15:08:38Z</time></trkpt>
<trkpt lat="37.082185" lon="-121.852501"><ele>510.1</ele><time>2021-11-21T15:08:41Z</time></trkpt>
<trkpt lat="37.082248" lon="-121.852551"><ele>510.1</ele><time>2021-11-21T15:08:42Z</time></trkpt>
<trkpt lat="37.082300" lon="-121.852658"><ele>510.1</ele><time>2021-11-21T15:08:45Z</time></trkpt>
<trkpt lat="37.082414" lon="-121.852750"><ele>510.1</ele><time>2021-11-21T15:08:50Z</time></trkpt>
<trkpt lat="37.082418" lon="-121.852843"><ele>510.1</ele><time>2021-11-21T15:08:53Z</time></trkpt>
<trkpt lat="37.082481" lon="-121.852925"><ele>510.1</ele><time>2021-11-21T15:08:58Z</time></trkpt>
<trkpt lat="37.082535" lon="-121.853130"><ele>510.4</ele><time>2021-11-21T15:09:04Z</time></trkpt>
<trkpt lat="37.082869" lon="-121.853851"><ele>510.7</ele><time>2021-11-21T15:09:26Z</time></trkpt>
<trkpt lat="37.082950" lon="-121.854160"><ele>510.6</ele><time>2021-11-21T15:09:35Z</time></trkpt>
<trkpt lat="37.083132" lon="-121.854621"><ele>510.5</ele><time>2021-11-21T15:09:51Z</time></trkpt>
<trkpt lat="37.083378" lon="-121.855541"><ele>511.3</ele><time>2021-11-21T15:10:21Z</time></trkpt>
<trkpt lat="37.083433" lon="-121.856163"><ele>513.8</ele><time>2021-11-21T15:10:38Z</time></trkpt>
<trkpt lat="37.083491" lon="-121.856445"><ele>514.9</ele><time>2021-11-21T15:10:46Z</time></trkpt>
<trkpt lat="37.083479" lon="-121.856717"><ele>515.7</ele><time>2021-11-21T15:10:56Z</time></trkpt>
<trkpt lat="37.083552" lon="-121.856898"><ele>516.3</ele><time>2021-11-21T15:11:02Z</time></trkpt>
<trkpt lat="37.083562" lon="-121.857000"><ele>516.5</ele><time>2021-11-21T15:11:05Z</time></trkpt>
<trkpt lat="37.083648" lon="-121.857089"><ele>516.8</ele><time>2021-11-21T15:11:08Z</time></trkpt>
<trkpt lat="37.083656" lon="-121.857371"><ele>517.2</ele><time>2021-11-21T15:11:17Z</time></trkpt>
<trkpt lat="37.083711" lon="-121.857752"><ele>517.9</ele><time>2021-11-21T15:11:29Z</time></trkpt>
<trkpt lat="37.083683" lon="-121.857899"><ele>518.1</ele><time>2021-11-21T15:11:34Z</time></trkpt>
<trkpt lat="37.083700" lon="-121.858038"><ele>518.2</ele><time>2021-11-21T15:11:38Z</time></trkpt>
<trkpt lat="37.083758" lon="-121.858165"><ele>518.4</ele><time>2021-11-21T15:11:43Z</time></trkpt>
<trkpt lat="37.083785" lon="-121.858386"><ele>518.7</ele><time>2021-11-21T15:11:51Z</time></trkpt>
<trkpt lat="37.083765" lon="-121.858689"><ele>519.1</ele><time>2021-11-21T15:12:03Z</time></trkpt>
<trkpt lat="37.083801" lon="-121.859101"><ele>519.7</ele><time>2021-11-21T15:12:16Z</time></trkpt>
<trkpt lat="37.083728" lon="-121.859533"><ele>520.1</ele><time>2021-11-21T15:12:29Z</time></trkpt>
<trkpt lat="37.083773" lon="-121.860037"><ele>519.5</ele><time>2021-11-21T15:12:46Z</time></trkpt>
<trkpt lat="37.083639" lon="-121.861569"><ele>536.4</ele><time>2021-11-21T15:12:50Z</time></trkpt>
<trkpt lat="37.083649" lon="-121.861763"><ele>536.6</ele><time>2021-11-21T15:12:53Z</time></trkpt>
<trkpt lat="37.083708" lon="-121.861854"><ele>536.6</ele><time>2021-11-21T15:12:55Z</time></trkpt>
<trkpt lat="37.083679" lon="-121.862266"><ele>536.7</ele><time>2021-11-21T15:13:00Z</time></trkpt>
<trkpt lat="37.083733" lon="-121.862495"><ele>536.0</ele><time>2021-11-21T15:13:04Z</time></trkpt>
<trkpt lat="37.083707" lon="-121.862744"><ele>537.2</ele><time>2021-11-21T15:13:06Z</time></trkpt>
<trkpt lat="37.083937" lon="-121.863102"><ele>533.1</ele><time>2021-11-21T15:13:10Z</time></trkpt>
<trkpt lat="37.084043" lon="-121.863174"><ele>531.0</ele><time>2021-11-21T15:13:12Z</time></trkpt>
<trkpt lat="37.084141" lon="-121.863297"><ele>530.5</ele><time>2021-11-21T15:13:14Z</time></trkpt>
<trkpt lat="37.083840" lon="-121.863067"><ele>534.3</ele><time>2021-11-21T15:13:15Z</time></trkpt>
<trkpt lat="37.083821" lon="-121.863090"><ele>535.2</ele><time>2021-11-21T15:13:16Z</time></trkpt>
<trkpt lat="37.083839" lon="-121.863137"><ele>534.4</ele><time>2021-11-21T15:13:17Z</time></trkpt>
<trkpt lat="37.083774" lon="-121.863294"><ele>537.7</ele><time>2021-11-21T15:13:20Z</time></trkpt>
<trkpt lat="37.083788" lon="-121.863454"><ele>539.5</ele><time>2021-11-21T15:13:23Z</time></trkpt>
<trkpt lat="37.083894" lon="-121.863595"><ele>535.8</ele><time>2021-11-21T15:13:26Z</time></trkpt>
<trkpt lat="37.083914" lon="-121.863711"><ele>536.2</ele><time>2021-11-21T15:13:27Z</time></trkpt>
<trkpt lat="37.083914" lon="-121.863672"><ele>535.5</ele><time>2021-11-21T15:13:28Z</time></trkpt>
<trkpt lat="37.083997" lon="-121.863743"><ele>534.5</ele><time>2021-11-21T15:13:30Z</time></trkpt>
<trkpt lat="37.083977" lon="-121.863791"><ele>535.0</ele><time>2021-11-21T15:13:31Z</time></trkpt>
<trkpt lat="37.083999" lon="-121.863837"><ele>535.5</ele><time>2021-11-21T15:13:32Z</time></trkpt>
<trkpt lat="37.083910" lon="-121.863955"><ele>538.5</ele><time>2021-11-21T15:13:34Z</time></trkpt>
<trkpt lat="37.083999" lon="-121.864105"><ele>535.6</ele><time>2021-11-21T15:13:37Z</time></trkpt>
<trkpt lat="37.084087" lon="-121.864425"><ele>528.6</ele><time>2021-11-21T15:13:39Z</time></trkpt>
<trkpt lat="37.084156" lon="-121.864812"><ele>529.3</ele><time>2021-11-21T15:13:42Z</time></trkpt>
<trkpt lat="37.084208" lon="-121.864935"><ele>518.6</ele><time>2021-11-21T15:13:43Z</time></trkpt>
<trkpt lat="37.084393" lon="-121.865367"><ele>521.8</ele><time>2021-11-21T15:13:45Z</time></trkpt>
<trkpt lat="37.084622" lon="-121.865727"><ele>524.0</ele><time>2021-11-21T15:13:48Z</time></trkpt>
<trkpt lat="37.084704" lon="-121.865893"><ele>522.4</ele><time>2021-11-21T15:13:50Z</time></trkpt>
<trkpt lat="37.084869" lon="-121.866064"><ele>518.8</ele><time>2021-11-21T15:13:51Z</time></trkpt>
<trkpt lat="37.085018" lon="-121.866340"><ele>515.9</ele><time>2021-11-21T15:13:52Z</time></trkpt>
<trkpt lat="37.085249" lon="-121.866617"><ele>508.1</ele><time>2021-11-21T15:13:53Z</time></trkpt>
<trkpt lat="37.085608" lon="-121.867309"><ele>505.3</ele><time>2021-11-21T15:13:56Z</time></trkpt>
<trkpt lat="37.085729" lon="-121.867730"><ele>501.4</ele><time>2021-11-21T15:13:58Z</time></trkpt>
<trkpt lat="37.085703" lon="-121.867918"><ele>499.8</ele><time>2021-11-21T15:13:59Z</time></trkpt>
<trkpt lat="37.085817" lon="-121.868582"><ele>496.4</ele><time>2021-11-21T15:14:04Z</time></trkpt>
<trkpt lat="37.085816" lon="-121.868845"><ele>495.0</ele><time>2021-11-21T15:14:06Z</time></trkpt>
<trkpt lat="37.085857" lon="-121.869105"><ele>493.0</ele><time>2021-11-21T15:14:08Z</time></trkpt>
<trkpt lat="37.085776" lon="-121.869202"><ele>491.9</ele><time>2021-11-21T15:14:09Z</time></trkpt>
<trkpt lat="37.085834" lon="-121.869618"><ele>488.7</ele><time>2021-11-21T15:14:12Z</time></trkpt>
<trkpt lat="37.085898" lon="-121.869841"><ele>486.9</ele><time>2021-11-21T15:14:14Z</time></trkpt>
<trkpt lat="37.086011" lon="-121.870025"><ele>485.2</ele><time>2021-11-21T15:14:16Z</time></trkpt>
<trkpt lat="37.086255" lon="-121.870157"><ele>483.5</ele><time>2021-11-21T15:14:19Z</time></trkpt>
<trkpt lat="37.086602" lon="-121.870644"><ele>479.6</ele><time>2021-11-21T15:14:25Z</time></trkpt>
<trkpt lat="37.086657" lon="-121.870766"><ele>478.7</ele><time>2021-11-21T15:14:26Z</time></trkpt>
<trkpt lat="37.086694" lon="-121.871144"><ele>476.9</ele><time>2021-11-21T15:14:29Z</time></trkpt>
<trkpt lat="37.086806" lon="-121.871545"><ele>475.2</ele><time>2021-11-21T15:14:32Z</time></trkpt>
<trkpt lat="37.086806" lon="-121.871650"><ele>474.8</ele><time>2021-11-21T15:14:33Z</time></trkpt>
<trkpt lat="37.086875" lon="-121.871926"><ele>473.7</ele><time>2021-11-21T15:14:36Z</time></trkpt>
<trkpt lat="37.087090" lon="-121.872309"><ele>472.2</ele><time>2021-11-21T15:14:41Z</time></trkpt>
<trkpt lat="37.087210" lon="-121.872422"><ele>471.6</ele><time>2021-11-21T15:14:43Z</time></trkpt>
<trkpt lat="37.087341" lon="-121.872845"><ele>470.3</ele><time>2021-11-21T15:14:47Z</time></trkpt>
<trkpt lat="37.087437" lon="-121.873234"><ele>469.4</ele><time>2021-11-21T15:14:50Z</time></trkpt>
<trkpt lat="37.087445" lon="-121.873372"><ele>469.0</ele><time>2021-11-21T15:14:52Z</time></trkpt>
<trkpt lat="37.087537" lon="-121.873499"><ele>468.2</ele><time>2021-11-21T15:14:54Z</time></trkpt>
<trkpt lat="37.087517" lon="-121.873581"><ele>467.8</ele><time>2021-11-21T15:14:55Z</time></trkpt>
<trkpt lat="37.087562" lon="-121.873800"><ele>466.4</ele><time>2021-11-21T15:14:57Z</time></trkpt>
<trkpt lat="37.087695" lon="-121.874220"><ele>463.9</ele><time>2021-11-21T15:15:01Z</time></trkpt>
<trkpt lat="37.087832" lon="-121.874443"><ele>462.8</ele><time>2021-11-21T15:15:03Z</time></trkpt>
<trkpt lat="37.088011" lon="-121.874856"><ele>460.7</ele><time>2021-11-21T15:15:09Z</time></trkpt>
<trkpt lat="37.088123" lon="-121.874894"><ele>460.2</ele><time>2021-11-21T15:15:10Z</time></trkpt>
<trkpt lat="37.088276" lon="-121.875159"><ele>459.6</ele><time>2021-11-21T15:15:13Z</time></trkpt>
<trkpt lat="37.088339" lon="-121.875343"><ele>459.5</ele><time>2021-11-21T15:15:15Z</time></trkpt>
<trkpt lat="37.088330" lon="-121.875746"><ele>458.4</ele><time>2021-11-21T15:15:19Z</time></trkpt>
<trkpt lat="37.088386" lon="-121.876023"><ele>457.5</ele><time>2021-11-21T15:15:22Z</time></trkpt>
<trkpt lat="37.088337" lon="-121.876153"><ele>457.2</ele><time>2021-11-21T15:15:23Z</time></trkpt>
<trkpt lat="37.088359" lon="-121.876303"><ele>456.8</ele><time>2021-11-21T15:15:25Z</time></trkpt>
<trkpt lat="37.088307" lon="-121.876381"><ele>456.5</ele><time>2021-11-21T15:15:26Z</time></trkpt>
<trkpt lat="37.088289" lon="-121.876545"><ele>455.8</ele><time>2021-11-21T15:15:28Z</time></trkpt>
<trkpt lat="37.088118" lon="-121.876709"><ele>454.4</ele><time>2021-11-21T15:15:29Z</time></trkpt>
<trkpt lat="37.088025" lon="-121.876957"><ele>453.5</ele><time>2021-11-21T15:15:32Z</time></trkpt>
<trkpt lat="37.088218" lon="-121.877582"><ele>452.1</ele><time>2021-11-21T15:15:39Z</time></trkpt>
<trkpt lat="37.088153" lon="-121.877953"><ele>449.6</ele><time>2021-11-21T15:15:43Z</time></trkpt>
<trkpt lat="37.088079" lon="-121.878060"><ele>448.7</ele><time>2021-11-21T15:15:44Z</time></trkpt>
<trkpt lat="37.088064" lon="-121.878336"><ele>447.5</ele><time>2021-11-21T15:15:47Z</time></trkpt>
<trkpt lat="37.088088" lon="-121.878516"><ele>447.1</ele><time>2021-11-21T15:15:49Z</time></trkpt>
<trkpt lat="37.088054" lon="-121.878560"><ele>447.0</ele><time>2021-11-21T15:15:50Z</time></trkpt>
<trkpt lat="37.088135" lon="-121.878777"><ele>446.6</ele><time>2021-11-21T15:15:51Z</time></trkpt>
<trkpt lat="37.088175" lon="-121.878994"><ele>446.3</ele><time>2021-11-21T15:15:55Z</time></trkpt>
<trkpt lat="37.088250" lon="-121.879049"><ele>446.2</ele><time>2021-11-21T15:15:58Z</time></trkpt>
<trkpt lat="37.088269" lon="-121.879028"><ele>446.2</ele><time>2021-11-21T15:15:59Z</time></trkpt>
<trkpt lat="37.088256" lon="-121.878883"><ele>446.1</ele><time>2021-11-21T15:16:01Z</time></trkpt>
<trkpt lat="37.088405" lon="-121.879118"><ele>445.7</ele><time>2021-11-21T15:16:04Z</time></trkpt>
<trkpt lat="37.088495" lon="-121.879546"><ele>444.1</ele><time>2021-11-21T15:16:06Z</time></trkpt>
<trkpt lat="37.088586" lon="-121.879761"><ele>443.2</ele><time>2021-11-21T15:16:08Z</time></trkpt>
<trkpt lat="37.088604" lon="-121.879935"><ele>442.4</ele><time>2021-11-21T15:16:10Z</time></trkpt>
<trkpt lat="37.089108" lon="-121.880874"><ele>438.9</ele><time>2021-11-21T15:16:24Z</time></trkpt>
<trkpt lat="37.089248" lon="-121.881514"><ele>433.5</ele><time>2021-11-21T15:16:30Z</time></trkpt>
<trkpt lat="37.089603" lon="-121.882105"><ele>428.8</ele><time>2021-11-21T15:16:35Z</time></trkpt>
<trkpt lat="37.089623" lon="-121.882211"><ele>428.4</ele><time>2021-11-21T15:16:36Z</time></trkpt>
<trkpt lat="37.089786" lon="-121.882583"><ele>426.8</ele><time>2021-11-21T15:16:40Z</time></trkpt>
<trkpt lat="37.089839" lon="-121.882866"><ele>425.8</ele><time>2021-11-21T15:16:42Z</time></trkpt>
<trkpt lat="37.089837" lon="-121.882959"><ele>425.5</ele><time>2021-11-21T15:16:43Z</time></trkpt>
<trkpt lat="37.089743" lon="-121.883114"><ele>424.7</ele><time>2021-11-21T15:16:45Z</time></trkpt>
<trkpt lat="37.089459" lon="-121.883248"><ele>422.7</ele><time>2021-11-21T15:16:47Z</time></trkpt>
<trkpt lat="37.089184" lon="-121.883279"><ele>420.4</ele><time>2021-11-21T15:16:50Z</time></trkpt>
<trkpt lat="37.088914" lon="-121.883381"><ele>417.9</ele><time>2021-11-21T15:16:54Z</time></trkpt>
<trkpt lat="37.088984" lon="-121.883816"><ele>415.2</ele><time>2021-11-21T15:16:58Z</time></trkpt>
<trkpt lat="37.088941" lon="-121.883955"><ele>414.4</ele><time>2021-11-21T15:17:00Z</time></trkpt>
<trkpt lat="37.088976" lon="-121.884158"><ele>413.5</ele><time>2021-11-21T15:17:02Z</time></trkpt>
<trkpt lat="37.089063" lon="-121.884530"><ele>412.1</ele><time>2021-11-21T15:17:06Z</time></trkpt>
<trkpt lat="37.089213" lon="-121.884671"><ele>411.4</ele><time>2021-11-21T15:17:08Z</time></trkpt>
<trkpt lat="37.089181" lon="-121.884781"><ele>410.9</ele><time>2021-11-21T15:17:09Z</time></trkpt>
<trkpt lat="37.089190" lon="-121.884929"><ele>410.1</ele><time>2021-11-21T15:17:10Z</time></trkpt>
<trkpt lat="37.089234" lon="-121.885062"><ele>409.2</ele><time>2021-11-21T15:17:11Z</time></trkpt>
<trkpt lat="37.089253" lon="-121.885298"><ele>407.9</ele><time>2021-11-21T15:17:14Z</time></trkpt>
<trkpt lat="37.089211" lon="-121.885383"><ele>407.5</ele><time>2021-11-21T15:17:15Z</time></trkpt>
<trkpt lat="37.089220" lon="-121.885629"><ele>406.8</ele><time>2021-11-21T15:17:18Z</time></trkpt>
<trkpt lat="37.089276" lon="-121.885838"><ele>406.4</ele><time>2021-11-21T15:17:21Z</time></trkpt>
<trkpt lat="37.089332" lon="-121.885853"><ele>406.2</ele><time>2021-11-21T15:17:22Z</time></trkpt>
<trkpt lat="37.089490" lon="-121.886074"><ele>405.9</ele><time>2021-11-21T15:17:25Z</time></trkpt>
<trkpt lat="37.089575" lon="-121.886027"><ele>405.9</ele><time>2021-11-21T15:17:26Z</time></trkpt>
<trkpt lat="37.089783" lon="-121.886250"><ele>406.1</ele><time>2021-11-21T15:17:29Z</time></trkpt>
<trkpt lat="37.089885" lon="-121.886459"><ele>406.4</ele><time>2021-11-21T15:17:32Z</time></trkpt>
<trkpt lat="37.089904" lon="-121.886644"><ele>406.7</ele><time>2021-11-21T15:17:35Z</time></trkpt>
<trkpt lat="37.089858" lon="-121.887052"><ele>407.2</ele><time>2021-11-21T15:17:42Z</time></trkpt>
<trkpt lat="37.090013" lon="-121.887502"><ele>408.6</ele><time>2021-11-21T15:17:55Z</time></trkpt>
<trkpt lat="37.089950" lon="-121.887537"><ele>409.0</ele><time>2021-11-21T15:17:58Z</time></trkpt>
<trkpt lat="37.089962" lon="-121.887621"><ele>409.3</ele><time>2021-11-21T15:18:02Z</time></trkpt>
<trkpt lat="37.089988" lon="-121.887598"><ele>409.5</ele><time>2021-11-21T15:18:05Z</time></trkpt>
<trkpt lat="37.090148" lon="-121.887661"><ele>410.4</ele><time>2021-11-21T15:18:11Z</time></trkpt>
<trkpt lat="37.090355" lon="-121.887635"><ele>411.8</ele><time>2021-11-21T15:18:18Z</time></trkpt>
<trkpt lat="37.090446" lon="-121.887693"><ele>412.3</ele><time>2021-11-21T15:18:20Z</time></trkpt>
<trkpt lat="37.090591" lon="-121.887691"><ele>412.7</ele><time>2021-11-21T15:18:24Z</time></trkpt>
<trkpt lat="37.090620" lon="-121.887746"><ele>412.8</ele><time>2021-11-21T15:18:25Z</time></trkpt>
<trkpt lat="37.090657" lon="-121.887724"><ele>412.9</ele><time>2021-11-21T15:18:26Z</time></trkpt>
<trkpt lat="37.090780" lon="-121.887772"><ele>413.2</ele><time>2021-11-21T15:18:30Z</time></trkpt>
<trkpt lat="37.090852" lon="-121.887879"><ele>413.4</ele><time>2021-11-21T15:18:33Z</time></trkpt>
<trkpt lat="37.090929" lon="-121.888081"><ele>413.8</ele><time>2021-11-21T15:18:37Z</time></trkpt>
<trkpt lat="37.090960" lon="-121.888093"><ele>413.8</ele><time>2021-11-21T15:18:39Z</time></trkpt>
<trkpt lat="37.090887" lon="-121.888514"><ele>413.9</ele><time>2021-11-21T15:18:49Z</time></trkpt>
<trkpt lat="37.090896" lon="-121.888626"><ele>413.9</ele><time>2021-11-21T15:18:51Z</time></trkpt>
<trkpt lat="37.090762" lon="-121.888875"><ele>413.1</ele><time>2021-11-21T15:18:58Z</time></trkpt>
<trkpt lat="37.090713" lon="-121.888871"><ele>413.0</ele><time>2021-11-21T15:18:59Z</time></trkpt>
<trkpt lat="37.090625" lon="-121.888960"><ele>412.8</ele><time>2021-11-21T15:19:03Z</time></trkpt>
<trkpt lat="37.090194" lon="-121.889238"><ele>413.0</ele><time>2021-11-21T15:19:20Z</time></trkpt>
<trkpt lat="37.089966" lon="-121.889261"><ele>412.9</ele><time>2021-11-21T15:19:30Z</time></trkpt>
<trkpt lat="37.089787" lon="-121.889227"><ele>413.4</ele><time>2021-11-21T15:19:36Z</time></trkpt>
<trkpt lat="37.089738" lon="-121.889177"><ele>413.8</ele><time>2021-11-21T15:19:38Z</time></trkpt>
<trkpt lat="37.089671" lon="-121.889187"><ele>414.3</ele><time>2021-11-21T15:19:40Z</time></trkpt>
<trkpt lat="37.089578" lon="-121.889138"><ele>415.2</ele><time>2021-11-21T15:19:43Z</time></trkpt>
<trkpt lat="37.089434" lon="-121.889189"><ele>417.0</ele><time>2021-11-21T15:19:48Z</time></trkpt>
<trkpt lat="37.089327" lon="-121.889133"><ele>417.8</ele><time>2021-11-21T15:19:50Z</time></trkpt>
<trkpt lat="37.089241" lon="-121.889130"><ele>418.5</ele><time>2021-11-21T15:19:53Z</time></trkpt>
<trkpt lat="37.089191" lon="-121.889065"><ele>419.0</ele><time>2021-11-21T15:19:55Z</time></trkpt>
<trkpt lat="37.088923" lon="-121.889121"><ele>420.8</ele><time>2021-11-21T15:20:05Z</time></trkpt>
<trkpt lat="37.088795" lon="-121.889112"><ele>421.4</ele><time>2021-11-21T15:20:12Z</time></trkpt>
<trkpt lat="37.088734" lon="-121.889053"><ele>421.8</ele><time>2021-11-21T15:20:16Z</time></trkpt>
<trkpt lat="37.088655" lon="-121.889069"><ele>422.3</ele><time>2021-11-21T15:20:25Z</time></trkpt>
<trkpt lat="37.088734" lon="-121.888912"><ele>422.9</ele><time>2021-11-21T15:21:03Z</time></trkpt>
<trkpt lat="37.088731" lon="-121.888817"><ele>423.2</ele><time>2021-11-21T15:21:06Z</time></trkpt>
<trkpt lat="37.088698" lon="-121.888762"><ele>423.4</ele><time>2021-11-21T15:21:08Z</time></trkpt>
<trkpt lat="37.088677" lon="-121.888828"><ele>423.6</ele><time>2021-11-21T15:21:10Z</time></trkpt>
<trkpt lat="37.088622" lon="-121.888869"><ele>423.9</ele><time>2021-11-21T15:21:12Z</time></trkpt>
<trkpt lat="37.088504" lon="-121.888845"><ele>424.3</ele><time>2021-11-21T15:21:15Z</time></trkpt>
<trkpt lat="37.088431" lon="-121.888875"><ele>424.7</ele><time>2021-11-21T15:21:18Z</time></trkpt>
<trkpt lat="37.088139" lon="-121.888689"><ele>426.4</ele><time>2021-11-21T15:21:33Z</time></trkpt>
<trkpt lat="37.087932" lon="-121.888702"><ele>427.8</ele><time>2021-11-21T15:21:46Z</time></trkpt>
<trkpt lat="37.087920" lon="-121.888667"><ele>428.0</ele><time>2021-11-21T15:21:48Z</time></trkpt>
<trkpt lat="37.087831" lon="-121.888712"><ele>428.6</ele><time>2021-11-21T15:21:53Z</time></trkpt>
<trkpt lat="37.087641" lon="-121.888626"><ele>429.8</ele><time>2021-11-21T15:21:54Z</time></trkpt>
<trkpt lat="37.086718" lon="-121.888674"><ele>437.8</ele><time>2021-11-21T15:22:45Z</time></trkpt>
<trkpt lat="37.086521" lon="-121.888715"><ele>439.4</ele><time>2021-11-21T15:22:57Z</time></trkpt>
<trkpt lat="37.086426" lon="-121.888810"><ele>440.5</ele><time>2021-11-21T15:23:03Z</time></trkpt>
<trkpt lat="37.086364" lon="-121.888795"><ele>441.1</ele><time>2021-11-21T15:23:06Z</time></trkpt>
<trkpt lat="37.086357" lon="-121.888820"><ele>441.3</ele><time>2021-11-21T15:23:07Z</time></trkpt>
<trkpt lat="37.086233" lon="-121.888717"><ele>443.0</ele><time>2021-11-21T15:23:14Z</time></trkpt>
<trkpt lat="37.086088" lon="-121.888694"><ele>444.7</ele><time>2021-11-21T15:23:20Z</time></trkpt>
<trkpt lat="37.086011" lon="-121.888606"><ele>445.8</ele><time>2021-11-21T15:23:26Z</time></trkpt>
<trkpt lat="37.085968" lon="-121.888613"><ele>446.2</ele><time>2021-11-21T15:23:27Z</time></trkpt>
<trkpt lat="37.085921" lon="-121.888512"><ele>447.2</ele><time>2021-11-21T15:23:33Z</time></trkpt>
<trkpt lat="37.085951" lon="-121.888493"><ele>447.5</ele><time>2021-11-21T15:23:34Z</time></trkpt>
<trkpt lat="37.085958" lon="-121.888420"><ele>448.1</ele><time>2021-11-21T15:23:38Z</time></trkpt>
<trkpt lat="37.085859" lon="-121.888418"><ele>449.1</ele><time>2021-11-21T15:23:40Z</time></trkpt>
<trkpt lat="37.085741" lon="-121.888233"><ele>451.0</ele><time>2021-11-21T15:23:49Z</time></trkpt>
<trkpt lat="37.085727" lon="-121.888062"><ele>452.3</ele><time>2021-11-21T15:23:56Z</time></trkpt>
<trkpt lat="37.085776" lon="-121.887901"><ele>453.8</ele><time>2021-11-21T15:24:01Z</time></trkpt>
<trkpt lat="37.085743" lon="-121.887878"><ele>454.3</ele><time>2021-11-21T15:24:04Z</time></trkpt>
<trkpt lat="37.085739" lon="-121.887796"><ele>455.0</ele><time>2021-11-21T15:24:07Z</time></trkpt>
<trkpt lat="37.085720" lon="-121.887806"><ele>455.3</ele><time>2021-11-21T15:24:08Z</time></trkpt>
<trkpt lat="37.085725" lon="-121.887743"><ele>455.9</ele><time>2021-11-21T15:24:11Z</time></trkpt>
<trkpt lat="37.085763" lon="-121.887737"><ele>456.3</ele><time>2021-11-21T15:24:12Z</time></trkpt>
<trkpt lat="37.085756" lon="-121.887698"><ele>456.7</ele><time>2021-11-21T15:24:13Z</time></trkpt>
<trkpt lat="37.085617" lon="-121.887578"><ele>457.7</ele><time>2021-11-21T15:24:21Z</time></trkpt>
<trkpt lat="37.085631" lon="-121.887514"><ele>458.0</ele><time>2021-11-21T15:24:26Z</time></trkpt>
<trkpt lat="37.085678" lon="-121.887510"><ele>458.2</ele><time>2021-11-21T15:24:29Z</time></trkpt>
<trkpt lat="37.085697" lon="-121.887351"><ele>458.7</ele><time>2021-11-21T15:24:32Z</time></trkpt>
<trkpt lat="37.085778" lon="-121.887434"><ele>459.1</ele><time>2021-11-21T15:24:36Z</time></trkpt>
<trkpt lat="37.085875" lon="-121.887351"><ele>459.6</ele><time>2021-11-21T15:25:03Z</time></trkpt>
<trkpt lat="37.085888" lon="-121.887244"><ele>460.5</ele><time>2021-11-21T15:25:04Z</time></trkpt>
<trkpt lat="37.085849" lon="-121.887212"><ele>460.1</ele><time>2021-11-21T15:25:05Z</time></trkpt>
<trkpt lat="37.085790" lon="-121.887245"><ele>459.6</ele><time>2021-11-21T15:25:06Z</time></trkpt>
<trkpt lat="37.085778" lon="-121.887446"><ele>458.2</ele><time>2021-11-21T15:25:08Z</time></trkpt>
<trkpt lat="37.085698" lon="-121.887611"><ele>459.3</ele><time>2021-11-21T15:25:14Z</time></trkpt>
<trkpt lat="37.085706" lon="-121.887657"><ele>459.8</ele><time>2021-11-21T15:25:16Z</time></trkpt>
<trkpt lat="37.085652" lon="-121.887803"><ele>461.7</ele><time>2021-11-21T15:25:25Z</time></trkpt>
<trkpt lat="37.085579" lon="-121.887922"><ele>463.4</ele><time>2021-11-21T15:25:34Z</time></trkpt>
<trkpt lat="37.085409" lon="-121.887995"><ele>466.1</ele><time>2021-11-21T15:25:45Z</time></trkpt>
<trkpt lat="37.085333" lon="-121.887989"><ele>467.4</ele><time>2021-11-21T15:25:50Z</time></trkpt>
<trkpt lat="37.085169" lon="-121.887876"><ele>469.7</ele><time>2021-11-21T15:25:58Z</time></trkpt>
<trkpt lat="37.085041" lon="-121.887861"><ele>471.0</ele><time>2021-11-21T15:26:07Z</time></trkpt>
<trkpt lat="37.084936" lon="-121.888042"><ele>472.5</ele><time>2021-11-21T15:26:21Z</time></trkpt>
<trkpt lat="37.084883" lon="-121.888003"><ele>472.9</ele><time>2021-11-21T15:26:22Z</time></trkpt>
<trkpt lat="37.084737" lon="-121.888123"><ele>474.1</ele><time>2021-11-21T15:26:29Z</time></trkpt>
<trkpt lat="37.084704" lon="-121.888259"><ele>475.2</ele><time>2021-11-21T15:26:35Z</time></trkpt>
<trkpt lat="37.084526" lon="-121.888397"><ele>477.4</ele><time>2021-11-21T15:26:45Z</time></trkpt>
<trkpt lat="37.084450" lon="-121.888392"><ele>478.2</ele><time>2021-11-21T15:26:47Z</time></trkpt>
<trkpt lat="37.084376" lon="-121.888435"><ele>479.0</ele><time>2021-11-21T15:26:51Z</time></trkpt>
<trkpt lat="37.084280" lon="-121.888431"><ele>479.9</ele><time>2021-11-21T15:26:56Z</time></trkpt>
<trkpt lat="37.084234" lon="-121.888377"><ele>480.5</ele><time>2021-11-21T15:26:58Z</time></trkpt>
<trkpt lat="37.084106" lon="-121.888414"><ele>481.9</ele><time>2021-11-21T15:27:06Z</time></trkpt>
<trkpt lat="37.083992" lon="-121.888473"><ele>483.3</ele><time>2021-11-21T15:27:15Z</time></trkpt>
<trkpt lat="37.083904" lon="-121.888598"><ele>485.4</ele><time>2021-11-21T15:27:30Z</time></trkpt>
<trkpt lat="37.083750" lon="-121.888662"><ele>487.5</ele><time>2021-11-21T15:27:37Z</time></trkpt>
<trkpt lat="37.083729" lon="-121.888722"><ele>488.3</ele><time>2021-11-21T15:27:43Z</time></trkpt>
<trkpt lat="37.083803" lon="-121.888728"><ele>489.4</ele><time>2021-11-21T15:27:50Z</time></trkpt>
<trkpt lat="37.083801" lon="-121.888774"><ele>489.8</ele><time>2021-11-21T15:27:54Z</time></trkpt>
<trkpt lat="37.083907" lon="-121.888834"><ele>491.0</ele><time>2021-11-21T15:28:01Z</time></trkpt>
<trkpt lat="37.083852" lon="-121.888872"><ele>491.5</ele><time>2021-11-21T15:28:03Z</time></trkpt>
<trkpt lat="37.083876" lon="-121.888953"><ele>492.2</ele><time>2021-11-21T15:28:06Z</time></trkpt>
<trkpt lat="37.083969" lon="-121.889074"><ele>493.4</ele><time>2021-11-21T15:28:11Z</time></trkpt>
<trkpt lat="37.083973" lon="-121.889163"><ele>494.1</ele><time>2021-11-21T15:28:15Z</time></trkpt>
<trkpt lat="37.083938" lon="-121.889293"><ele>495.3</ele><time>2021-11-21T15:28:21Z</time></trkpt>
<trkpt lat="37.083787" lon="-121.889528"><ele>498.0</ele><time>2021-11-21T15:28:32Z</time></trkpt>
<trkpt lat="37.083705" lon="-121.889485"><ele>498.9</ele><time>2021-11-21T15:28:34Z</time></trkpt>
<trkpt lat="37.083517" lon="-121.889676"><ele>501.3</ele><time>2021-11-21T15:28:47Z</time></trkpt>
<trkpt lat="37.083506" lon="-121.889801"><ele>502.4</ele><time>2021-11-21T15:28:52Z</time></trkpt>
<trkpt lat="37.083456" lon="-121.889868"><ele>503.2</ele><time>2021-11-21T15:28:59Z</time></trkpt>
<trkpt lat="37.083476" lon="-121.889898"><ele>503.6</ele><time>2021-11-21T15:29:01Z</time></trkpt>
<trkpt lat="37.083453" lon="-121.890123"><ele>505.8</ele><time>2021-11-21T15:29:15Z</time></trkpt>
<trkpt lat="37.083474" lon="-121.890129"><ele>506.1</ele><time>2021-11-21T15:29:17Z</time></trkpt>
<trkpt lat="37.083354" lon="-121.890126"><ele>507.3</ele><time>2021-11-21T15:29:23Z</time></trkpt>
<trkpt lat="37.083085" lon="-121.890206"><ele>510.0</ele><time>2021-11-21T15:30:29Z</time></trkpt>
<trkpt lat="37.083026" lon="-121.890163"><ele>510.6</ele><time>2021-11-21T15:30:31Z</time></trkpt>
<trkpt lat="37.082725" lon="-121.890139"><ele>513.6</ele><time>2021-11-21T15:30:50Z</time></trkpt>
<trkpt lat="37.082326" lon="-121.890184"><ele>517.3</ele><time>2021-11-21T15:31:12Z</time></trkpt>
<trkpt lat="37.082255" lon="-121.890203"><ele>518.0</ele><time>2021-11-21T15:31:16Z</time></trkpt>
<trkpt lat="37.082224" lon="-121.890253"><ele>518.4</ele><time>2021-11-21T15:31:18Z</time></trkpt>
<trkpt lat="37.082143" lon="-121.890261"><ele>519.2</ele><time>2021-11-21T15:31:22Z</time></trkpt>
<trkpt lat="37.081942" lon="-121.890155"><ele>521.4</ele><time>2021-11-21T15:31:33Z</time></trkpt>
<trkpt lat="37.081851" lon="-121.890008"><ele>523.0</ele><time>2021-11-21T15:31:42Z</time></trkpt>
<trkpt lat="37.081553" lon="-121.889728"><ele>526.5</ele><time>2021-11-21T15:32:07Z</time></trkpt>
<trkpt lat="37.081371" lon="-121.889645"><ele>528.3</ele><time>2021-11-21T15:32:18Z</time></trkpt>
<trkpt lat="37.081258" lon="-121.889511"><ele>529.6</ele><time>2021-11-21T15:32:27Z</time></trkpt>
<trkpt lat="37.081305" lon="-121.889221"><ele>531.8</ele><time>2021-11-21T15:32:41Z</time></trkpt>
<trkpt lat="37.081345" lon="-121.889189"><ele>532.3</ele><time>2021-11-21T15:32:43Z</time></trkpt>
<trkpt lat="37.081403" lon="-121.888900"><ele>534.9</ele><time>2021-11-21T15:32:59Z</time></trkpt>
<trkpt lat="37.081291" lon="-121.888705"><ele>537.1</ele><time>2021-11-21T15:33:10Z</time></trkpt>
<trkpt lat="37.081222" lon="-121.888713"><ele>537.9</ele><time>2021-11-21T15:33:16Z</time></trkpt>
<trkpt lat="37.081022" lon="-121.888481"><ele>540.9</ele><time>2021-11-21T15:33:35Z</time></trkpt>
<trkpt lat="37.081106" lon="-121.888300"><ele>542.6</ele><time>2021-11-21T15:34:08Z</time></trkpt>
<trkpt lat="37.081126" lon="-121.888314"><ele>542.8</ele><time>2021-11-21T15:34:09Z</time></trkpt>
<trkpt lat="37.081123" lon="-121.888268"><ele>543.1</ele><time>2021-11-21T15:34:12Z</time></trkpt>
<trkpt lat="37.080926" lon="-121.888058"><ele>545.9</ele><time>2021-11-21T15:34:27Z</time></trkpt>
<trkpt lat="37.080856" lon="-121.887856"><ele>548.5</ele><time>2021-11-21T15:34:40Z</time></trkpt>
<trkpt lat="37.080859" lon="-121.887779"><ele>549.3</ele><time>2021-11-21T15:34:44Z</time></trkpt>
<trkpt lat="37.080776" lon="-121.887704"><ele>550.7</ele><time>2021-11-21T15:34:49Z</time></trkpt>
<trkpt lat="37.080767" lon="-121.887663"><ele>551.1</ele><time>2021-11-21T15:34:50Z</time></trkpt>
<trkpt lat="37.080799" lon="-121.887620"><ele>551.6</ele><time>2021-11-21T15:34:51Z</time></trkpt>
<trkpt lat="37.080742" lon="-121.887154"><ele>555.1</ele><time>2021-11-21T15:35:11Z</time></trkpt>
<trkpt lat="37.080795" lon="-121.886780"><ele>558.2</ele><time>2021-11-21T15:35:28Z</time></trkpt>
<trkpt lat="37.080755" lon="-121.886769"><ele>558.6</ele><time>2021-11-21T15:35:30Z</time></trkpt>
<trkpt lat="37.080767" lon="-121.886731"><ele>559.0</ele><time>2021-11-21T15:35:32Z</time></trkpt>
<trkpt lat="37.080734" lon="-121.886706"><ele>559.7</ele><time>2021-11-21T15:35:38Z</time></trkpt>
<trkpt lat="37.080769" lon="-121.886729"><ele>560.2</ele><time>2021-11-21T15:35:40Z</time></trkpt>
<trkpt lat="37.080829" lon="-121.886657"><ele>561.3</ele><time>2021-11-21T15:35:47Z</time></trkpt>
<trkpt lat="37.080780" lon="-121.886618"><ele>562.0</ele><time>2021-11-21T15:35:59Z</time></trkpt>
<trkpt lat="37.080829" lon="-121.886523"><ele>563.1</ele><time>2021-11-21T15:36:04Z</time></trkpt>
<trkpt lat="37.080841" lon="-121.886403"><ele>564.1</ele><time>2021-11-21T15:36:09Z</time></trkpt>
<trkpt lat="37.080911" lon="-121.886322"><ele>564.9</ele><time>2021-11-21T15:36:13Z</time></trkpt>
<trkpt lat="37.080926" lon="-121.886237"><ele>565.5</ele><time>2021-11-21T15:36:19Z</time></trkpt>
<trkpt lat="37.080892" lon="-121.886241"><ele>565.9</ele><time>2021-11-21T15:36:20Z</time></trkpt>
<trkpt lat="37.080894" lon="-121.886161"><ele>566.5</ele><time>2021-11-21T15:36:23Z</time></trkpt>
<trkpt lat="37.080960" lon="-121.886032"><ele>568.1</ele><time>2021-11-21T15:36:27Z</time></trkpt>
<trkpt lat="37.080912" lon="-121.885977"><ele>569.2</ele><time>2021-11-21T15:36:32Z</time></trkpt>
<trkpt lat="37.080946" lon="-121.885949"><ele>569.8</ele><time>2021-11-21T15:36:33Z</time></trkpt>
<trkpt lat="37.080963" lon="-121.885743"><ele>571.9</ele><time>2021-11-21T15:36:43Z</time></trkpt>
<trkpt lat="37.080890" lon="-121.885749"><ele>572.9</ele><time>2021-11-21T15:36:46Z</time></trkpt>
<trkpt lat="37.080909" lon="-121.885729"><ele>573.2</ele><time>2021-11-21T15:36:47Z</time></trkpt>
<trkpt lat="37.080880" lon="-121.885724"><ele>573.7</ele><time>2021-11-21T15:36:49Z</time></trkpt>
<trkpt lat="37.080915" lon="-121.885728"><ele>574.1</ele><time>2021-11-21T15:36:50Z</time></trkpt>
<trkpt lat="37.080904" lon="-121.885685"><ele>574.6</ele><time>2021-11-21T15:36:52Z</time></trkpt>
<trkpt lat="37.080854" lon="-121.885694"><ele>575.2</ele><time>2021-11-21T15:36:55Z</time></trkpt>
<trkpt lat="37.080813" lon="-121.885575"><ele>576.4</ele><time>2021-11-21T15:37:01Z</time></trkpt>
<trkpt lat="37.080753" lon="-121.885575"><ele>577.0</ele><time>2021-11-21T15:37:05Z</time></trkpt>
<trkpt lat="37.080692" lon="-121.885670"><ele>578.0</ele><time>2021-11-21T15:37:13Z</time></trkpt>
<trkpt lat="37.080675" lon="-121.885761"><ele>578.4</ele><time>2021-11-21T15:37:18Z</time></trkpt>
<trkpt lat="37.080629" lon="-121.885803"><ele>578.7</ele><time>2021-11-21T15:37:20Z</time></trkpt>
<trkpt lat="37.080425" lon="-121.885827"><ele>579.8</ele><time>2021-11-21T15:37:28Z</time></trkpt>
<trkpt lat="37.080339" lon="-121.885804"><ele>580.3</ele><time>2021-11-21T15:37:33Z</time></trkpt>
<trkpt lat="37.080156" lon="-121.885627"><ele>582.7</ele><time>2021-11-21T15:37:47Z</time></trkpt>
<trkpt lat="37.080106" lon="-121.885622"><ele>583.5</ele><time>2021-11-21T15:37:50Z</time></trkpt>
<trkpt lat="37.080044" lon="-121.885514"><ele>585.1</ele><time>2021-11-21T15:37:55Z</time></trkpt>
<trkpt lat="37.080039" lon="-121.885548"><ele>585.5</ele><time>2021-11-21T15:37:56Z</time></trkpt>
<trkpt lat="37.079952" lon="-121.885486"><ele>586.8</ele><time>2021-11-21T15:38:00Z</time></trkpt>
<trkpt lat="37.079958" lon="-121.885452"><ele>587.2</ele><time>2021-11-21T15:38:01Z</time></trkpt>
<trkpt lat="37.079907" lon="-121.885390"><ele>588.3</ele><time>2021-11-21T15:38:06Z</time></trkpt>
<trkpt lat="37.079931" lon="-121.885342"><ele>589.0</ele><time>2021-11-21T15:38:09Z</time></trkpt>
<trkpt lat="37.079885" lon="-121.885368"><ele>589.7</ele><time>2021-11-21T15:38:12Z</time></trkpt>
<trkpt lat="37.079860" lon="-121.885440"><ele>591.0</ele><time>2021-11-21T15:38:23Z</time></trkpt>
<trkpt lat="37.079791" lon="-121.885463"><ele>591.7</ele><time>2021-11-21T15:38:26Z</time></trkpt>
<trkpt lat="37.079652" lon="-121.885384"><ele>593.2</ele><time>2021-11-21T15:38:32Z</time></trkpt>
<trkpt lat="37.079637" lon="-121.885311"><ele>593.7</ele><time>2021-11-21T15:38:33Z</time></trkpt>
<trkpt lat="37.079431" lon="-121.885306"><ele>596.6</ele><time>2021-11-21T15:38:53Z</time></trkpt>
<trkpt lat="37.079296" lon="-121.885346"><ele>598.3</ele><time>2021-11-21T15:39:05Z</time></trkpt>
<trkpt lat="37.079297" lon="-121.885483"><ele>599.8</ele><time>2021-11-21T15:39:14Z</time></trkpt>
<trkpt lat="37.079239" lon="-121.885476"><ele>600.3</ele><time>2021-11-21T15:39:18Z</time></trkpt>
<trkpt lat="37.079294" lon="-121.885703"><ele>602.0</ele><time>2021-11-21T15:39:24Z</time></trkpt>
<trkpt lat="37.079184" lon="-121.885838"><ele>603.2</ele><time>2021-11-21T15:39:33Z</time></trkpt>
<trkpt lat="37.079101" lon="-121.885888"><ele>604.2</ele><time>2021-11-21T15:39:41Z</time></trkpt>
<trkpt lat="37.079044" lon="-121.885860"><ele>604.7</ele><time>2021-11-21T15:39:43Z</time></trkpt>
<trkpt lat="37.078721" lon="-121.886115"><ele>608.9</ele><time>2021-11-21T15:40:05Z</time></trkpt>
<trkpt lat="37.078595" lon="-121.886153"><ele>610.6</ele><time>2021-11-21T15:40:17Z</time></trkpt>
<trkpt lat="37.078545" lon="-121.886222"><ele>611.5</ele><time>2021-11-21T15:40:21Z</time></trkpt>
<trkpt lat="37.078322" lon="-121.886237"><ele>613.8</ele><time>2021-11-21T15:40:31Z</time></trkpt>
<trkpt lat="37.078222" lon="-121.886160"><ele>614.8</ele><time>2021-11-21T15:40:37Z</time></trkpt>
<trkpt lat="37.078206" lon="-121.886105"><ele>615.2</ele><time>2021-11-21T15:40:39Z</time></trkpt>
<trkpt lat="37.077980" lon="-121.885980"><ele>617.9</ele><time>2021-11-21T15:40:54Z</time></trkpt>
<trkpt lat="37.077899" lon="-121.885895"><ele>619.2</ele><time>2021-11-21T15:41:01Z</time></trkpt>
<trkpt lat="37.077779" lon="-121.885953"><ele>620.5</ele><time>2021-11-21T15:41:12Z</time></trkpt>
<trkpt lat="37.077639" lon="-121.885905"><ele>622.0</ele><time>2021-11-21T15:41:21Z</time></trkpt>
<trkpt lat="37.077574" lon="-121.885717"><ele>623.7</ele><time>2021-11-21T15:41:28Z</time></trkpt>
<trkpt lat="37.077592" lon="-121.885634"><ele>624.4</ele><time>2021-11-21T15:41:29Z</time></trkpt>
<trkpt lat="37.077514" lon="-121.885570"><ele>625.4</ele><time>2021-11-21T15:41:34Z</time></trkpt>
<trkpt lat="37.077412" lon="-121.885557"><ele>626.4</ele><time>2021-11-21T15:41:40Z</time></trkpt>
<trkpt lat="37.077359" lon="-121.885489"><ele>627.2</ele><time>2021-11-21T15:41:45Z</time></trkpt>
<trkpt lat="37.077253" lon="-121.885532"><ele>628.2</ele><time>2021-11-21T15:41:51Z</time></trkpt>
<trkpt lat="37.077181" lon="-121.885453"><ele>628.9</ele><time>2021-11-21T15:41:57Z</time></trkpt>
<trkpt lat="37.077313" lon="-121.885128"><ele>631.5</ele><time>2021-11-21T15:42:11Z</time></trkpt>
<trkpt lat="37.077420" lon="-121.885096"><ele>632.8</ele><time>2021-11-21T15:42:17Z</time></trkpt>
<trkpt lat="37.077460" lon="-121.885149"><ele>633.6</ele><time>2021-11-21T15:42:20Z</time></trkpt>
<trkpt lat="37.077552" lon="-121.885155"><ele>634.7</ele><time>2021-11-21T15:42:27Z</time></trkpt>
<trkpt lat="37.077692" lon="-121.885261"><ele>636.3</ele><time>2021-11-21T15:42:33Z</time></trkpt>
<trkpt lat="37.077787" lon="-121.885243"><ele>637.0</ele><time>2021-11-21T15:42:38Z</time></trkpt>
<trkpt lat="37.077943" lon="-121.885101"><ele>638.3</ele><time>2021-11-21T15:42:51Z</time></trkpt>
<trkpt lat="37.078067" lon="-121.884883"><ele>639.9</ele><time>2021-11-21T15:43:04Z</time></trkpt>
<trkpt lat="37.078176" lon="-121.884811"><ele>640.8</ele><time>2021-11-21T15:43:10Z</time></trkpt>
<trkpt lat="37.078530" lon="-121.884263"><ele>646.1</ele><time>2021-11-21T15:43:45Z</time></trkpt>
<trkpt lat="37.078871" lon="-121.884093"><ele>649.0</ele><time>2021-11-21T15:44:05Z</time></trkpt>
<trkpt lat="37.078864" lon="-121.884015"><ele>649.6</ele><time>2021-11-21T15:44:15Z</time></trkpt>
<trkpt lat="37.078844" lon="-121.884023"><ele>649.7</ele><time>2021-11-21T15:44:16Z</time></trkpt>
<trkpt lat="37.078876" lon="-121.884004"><ele>649.9</ele><time>2021-11-21T15:44:21Z</time></trkpt>
<trkpt lat="37.078349" lon="-121.883953"><ele>656.2</ele><time>2021-11-21T15:45:01Z</time></trkpt>
<trkpt lat="37.078277" lon="-121.883897"><ele>657.1</ele><time>2021-11-21T15:45:07Z</time></trkpt>
<trkpt lat="37.078142" lon="-121.883902"><ele>658.3</ele><time>2021-11-21T15:45:16Z</time></trkpt>
<trkpt lat="37.077997" lon="-121.883852"><ele>659.6</ele><time>2021-11-21T15:45:24Z</time></trkpt>
<trkpt lat="37.077852" lon="-121.883746"><ele>661.5</ele><time>2021-11-21T15:45:33Z</time></trkpt>
<trkpt lat="37.077790" lon="-121.883632"><ele>662.7</ele><time>2021-11-21T15:45:39Z</time></trkpt>
<trkpt lat="37.077763" lon="-121.883477"><ele>664.3</ele><time>2021-11-21T15:48:53Z</time></trkpt>
<trkpt lat="37.077791" lon="-121.883417"><ele>664.8</ele><time>2021-11-21T15:48:54Z</time></trkpt>
<trkpt lat="37.077747" lon="-121.883625"><ele>666.0</ele><time>2021-11-21T15:49:29Z</time></trkpt>
<trkpt lat="37.077822" lon="-121.883649"><ele>666.4</ele><time>2021-11-21T15:49:32Z</time></trkpt>
<trkpt lat="37.077853" lon="-121.883621"><ele>666.6</ele><time>2021-11-21T15:49:35Z</time></trkpt>
<trkpt lat="37.077843" lon="-121.883574"><ele>666.8</ele><time>2021-11-21T15:49:36Z</time></trkpt>
<trkpt lat="37.077770" lon="-121.883547"><ele>667.1</ele><time>2021-11-21T15:49:39Z</time></trkpt>
<trkpt lat="37.077662" lon="-121.883376"><ele>667.7</ele><time>2021-11-21T15:49:48Z</time></trkpt>
<trkpt lat="37.077547" lon="-121.883363"><ele>667.0</ele><time>2021-11-21T15:49:52Z</time></trkpt>
<trkpt lat="37.077485" lon="-121.883371"><ele>666.3</ele><time>2021-11-21T15:49:53Z</time></trkpt>
<trkpt lat="37.077510" lon="-121.883392"><ele>666.0</ele><time>2021-11-21T15:49:54Z</time></trkpt>
<trkpt lat="37.077463" lon="-121.883415"><ele>665.5</ele><time>2021-11-21T15:49:55Z</time></trkpt>
<trkpt lat="37.077411" lon="-121.883393"><ele>664.8</ele><time>2021-11-21T15:49:57Z</time></trkpt>
<trkpt lat="37.077386" lon="-121.883447"><ele>664.1</ele><time>2021-11-21T15:49:58Z</time></trkpt>
<trkpt lat="37.077380" lon="-121.883521"><ele>663.1</ele><time>2021-11-21T15:50:00Z</time></trkpt>
<trkpt lat="37.077437" lon="-121.883554"><ele>662.1</ele><time>2021-11-21T15:50:02Z</time></trkpt>
<trkpt lat="37.077439" lon="-121.883597"><ele>661.6</ele><time>2021-11-21T15:50:03Z</time></trkpt>
<trkpt lat="37.077280" lon="-121.884099"><ele>658.7</ele><time>2021-11-21T15:50:08Z</time></trkpt>
<trkpt lat="37.077160" lon="-121.884203"><ele>659.3</ele><time>2021-11-21T15:50:10Z</time></trkpt>
<trkpt lat="37.077043" lon="-121.884244"><ele>660.5</ele><time>2021-11-21T15:50:12Z</time></trkpt>
<trkpt lat="37.076980" lon="-121.884225"><ele>661.1</ele><time>2021-11-21T15:50:15Z</time></trkpt>
<trkpt lat="37.076910" lon="-121.884321"><ele>661.9</ele><time>2021-11-21T15:50:21Z</time></trkpt>
<trkpt lat="37.076871" lon="-121.884322"><ele>662.1</ele><time>2021-11-21T15:50:22Z</time></trkpt>
<trkpt lat="37.076804" lon="-121.884295"><ele>662.2</ele><time>2021-11-21T15:50:24Z</time></trkpt>
<trkpt lat="37.076781" lon="-121.884222"><ele>662.1</ele><time>2021-11-21T15:50:26Z</time></trkpt>
<trkpt lat="37.076713" lon="-121.884258"><ele>661.8</ele><time>2021-11-21T15:50:30Z</time></trkpt>
<trkpt lat="37.076562" lon="-121.884166"><ele>660.6</ele><time>2021-11-21T15:50:33Z</time></trkpt>
<trkpt lat="37.076333" lon="-121.884159"><ele>658.8</ele><time>2021-11-21T15:50:36Z</time></trkpt>
<trkpt lat="37.076285" lon="-121.884191"><ele>658.2</ele><time>2021-11-21T15:50:37Z</time></trkpt>
<trkpt lat="37.076222" lon="-121.884323"><ele>656.9</ele><time>2021-11-21T15:50:39Z</time></trkpt>
<trkpt lat="37.076233" lon="-121.884483"><ele>655.3</ele><time>2021-11-21T15:50:42Z</time></trkpt>
<trkpt lat="37.076064" lon="-121.884523"><ele>653.7</ele><time>2021-11-21T15:50:45Z</time></trkpt>
<trkpt lat="37.075869" lon="-121.884697"><ele>652.0</ele><time>2021-11-21T15:50:48Z</time></trkpt>
<trkpt lat="37.075800" lon="-121.884822"><ele>651.3</ele><time>2021-11-21T15:50:52Z</time></trkpt>
<trkpt lat="37.075650" lon="-121.884779"><ele>650.6</ele><time>2021-11-21T15:50:55Z</time></trkpt>
<trkpt lat="37.075577" lon="-121.884837"><ele>650.2</ele><time>2021-11-21T15:50:56Z</time></trkpt>
<trkpt lat="37.075493" lon="-121.884823"><ele>649.8</ele><time>2021-11-21T15:50:57Z</time></trkpt>
<trkpt lat="37.075420" lon="-121.884859"><ele>649.3</ele><time>2021-11-21T15:50:58Z</time></trkpt>
<trkpt lat="37.075298" lon="-121.885154"><ele>647.0</ele><time>2021-11-21T15:51:02Z</time></trkpt>
<trkpt lat="37.075127" lon="-121.885133"><ele>645.5</ele><time>2021-11-21T15:51:05Z</time></trkpt>
<trkpt lat="37.075008" lon="-121.885068"><ele>644.5</ele><time>2021-11-21T15:51:07Z</time></trkpt>
<trkpt lat="37.074665" lon="-121.885150"><ele>643.2</ele><time>2021-11-21T15:51:12Z</time></trkpt>
<trkpt lat="37.074413" lon="-121.885274"><ele>643.0</ele><time>2021-11-21T15:51:15Z</time></trkpt>
<trkpt lat="37.074382" lon="-121.885322"><ele>643.0</ele><time>2021-11-21T15:51:16Z</time></trkpt>
<trkpt lat="37.074429" lon="-121.885522"><ele>642.5</ele><time>2021-11-21T15:51:19Z</time></trkpt>
<trkpt lat="37.074412" lon="-121.885594"><ele>642.3</ele><time>2021-11-21T15:51:20Z</time></trkpt>
<trkpt lat="37.074338" lon="-121.885679"><ele>642.1</ele><time>2021-11-21T15:51:21Z</time></trkpt>
<trkpt lat="37.074325" lon="-121.885872"><ele>642.0</ele><time>2021-11-21T15:51:23Z</time></trkpt>
<trkpt lat="37.074169" lon="-121.886051"><ele>642.1</ele><time>2021-11-21T15:51:26Z</time></trkpt>
<trkpt lat="37.074051" lon="-121.886246"><ele>641.5</ele><time>2021-11-21T15:51:30Z</time></trkpt>
<trkpt lat="37.074053" lon="-121.886282"><ele>641.4</ele><time>2021-11-21T15:51:31Z</time></trkpt>
<trkpt lat="37.074092" lon="-121.886301"><ele>641.1</ele><time>2021-11-21T15:51:32Z</time></trkpt>
<trkpt lat="37.074092" lon="-121.886380"><ele>640.7</ele><time>2021-11-21T15:51:34Z</time></trkpt>
<trkpt lat="37.074041" lon="-121.886517"><ele>639.5</ele><time>2021-11-21T15:51:36Z</time></trkpt>
<trkpt lat="37.074041" lon="-121.886748"><ele>637.3</ele><time>2021-11-21T15:51:39Z</time></trkpt>
<trkpt lat="37.073811" lon="-121.886926"><ele>634.7</ele><time>2021-11-21T15:51:42Z</time></trkpt>
<trkpt lat="37.073624" lon="-121.887166"><ele>633.1</ele><time>2021-11-21T15:51:46Z</time></trkpt>
<trkpt lat="37.073564" lon="-121.887297"><ele>632.4</ele><time>2021-11-21T15:51:48Z</time></trkpt>
<trkpt lat="37.073561" lon="-121.887391"><ele>631.9</ele><time>2021-11-21T15:51:49Z</time></trkpt>
<trkpt lat="37.073502" lon="-121.887457"><ele>631.3</ele><time>2021-11-21T15:51:50Z</time></trkpt>
<trkpt lat="37.073459" lon="-121.887574"><ele>630.4</ele><time>2021-11-21T15:51:52Z</time></trkpt>
<trkpt lat="37.073471" lon="-121.887823"><ele>628.8</ele><time>2021-11-21T15:51:57Z</time></trkpt>
<trkpt lat="37.073709" lon="-121.888053"><ele>627.1</ele><time>2021-11-21T15:52:02Z</time></trkpt>
<trkpt lat="37.073708" lon="-121.888417"><ele>624.8</ele><time>2021-11-21T15:52:05Z</time></trkpt>
<trkpt lat="37.073632" lon="-121.888555"><ele>623.3</ele><time>2021-11-21T15:52:06Z</time></trkpt>
<trkpt lat="37.073649" lon="-121.888720"><ele>621.7</ele><time>2021-11-21T15:52:07Z</time></trkpt>
<trkpt lat="37.073572" lon="-121.888954"><ele>619.3</ele><time>2021-11-21T15:52:09Z</time></trkpt>
<trkpt lat="37.073490" lon="-121.889046"><ele>618.4</ele><time>2021-11-21T15:52:10Z</time></trkpt>
<trkpt lat="37.073468" lon="-121.889141"><ele>618.0</ele><time>2021-11-21T15:52:11Z</time></trkpt>
<trkpt lat="37.073528" lon="-121.889346"><ele>617.6</ele><time>2021-11-21T15:52:13Z</time></trkpt>
<trkpt lat="37.073531" lon="-121.889516"><ele>617.9</ele><time>2021-11-21T15:52:15Z</time></trkpt>
<trkpt lat="37.073580" lon="-121.889704"><ele>618.6</ele><time>2021-11-21T15:52:18Z</time></trkpt>
<trkpt lat="37.073502" lon="-121.889743"><ele>619.0</ele><time>2021-11-21T15:52:20Z</time></trkpt>
<trkpt lat="37.073350" lon="-121.889749"><ele>619.7</ele><time>2021-11-21T15:52:22Z</time></trkpt>
<trkpt lat="37.073594" lon="-121.889854"><ele>620.1</ele><time>2021-11-21T15:52:26Z</time></trkpt>
<trkpt lat="37.073542" lon="-121.889818"><ele>620.1</ele><time>2021-11-21T15:52:29Z</time></trkpt>
<trkpt lat="37.073665" lon="-121.889917"><ele>620.0</ele><time>2021-11-21T15:52:32Z</time></trkpt>
<trkpt lat="37.073661" lon="-121.889976"><ele>620.0</ele><time>2021-11-21T15:52:33Z</time></trkpt>
<trkpt lat="37.073630" lon="-121.889931"><ele>620.0</ele><time>2021-11-21T15:52:34Z</time></trkpt>
<trkpt lat="37.073588" lon="-121.889967"><ele>620.0</ele><time>2021-11-21T15:52:35Z</time></trkpt>
<trkpt lat="37.073489" lon="-121.889953"><ele>619.9</ele><time>2021-11-21T15:52:42Z</time></trkpt>
<trkpt lat="37.073411" lon="-121.889854"><ele>619.9</ele><time>2021-11-21T15:53:15Z</time></trkpt>
<trkpt lat="37.073485" lon="-121.889913"><ele>619.7</ele><time>2021-11-21T15:53:28Z</time></trkpt>
<trkpt lat="37.073457" lon="-121.889841"><ele>619.7</ele><time>2021-11-21T15:53:33Z</time></trkpt>
<trkpt lat="37.073476" lon="-121.889787"><ele>619.6</ele><time>2021-11-21T15:53:37Z</time></trkpt>
<trkpt lat="37.073441" lon="-121.889733"><ele>619.5</ele><time>2021-11-21T15:53:51Z</time></trkpt>
<trkpt lat="37.073673" lon="-121.889993"><ele>619.1</ele><time>2021-11-21T15:54:12Z</time></trkpt>
<trkpt lat="37.073624" lon="-121.889875"><ele>619.0</ele><time>2021-11-21T15:54:13Z</time></trkpt>
<trkpt lat="37.073636" lon="-121.889936"><ele>618.9</ele><time>2021-11-21T15:54:15Z</time></trkpt>
<trkpt lat="37.073603" lon="-121.889937"><ele>618.8</ele><time>2021-11-21T15:54:16Z</time></trkpt>
<trkpt lat="37.073672" lon="-121.889949"><ele>618.7</ele><time>2021-11-21T15:54:21Z</time></trkpt>
<trkpt lat="37.073693" lon="-121.889864"><ele>618.6</ele><time>2021-11-21T15:54:24Z</time></trkpt>
<trkpt lat="37.073809" lon="-121.890028"><ele>618.3</ele><time>2021-11-21T15:54:26Z</time></trkpt>
<trkpt lat="37.073870" lon="-121.889960"><ele>618.2</ele><time>2021-11-21T15:54:28Z</time></trkpt>
<trkpt lat="37.074007" lon="-121.889907"><ele>617.2</ele><time>2021-11-21T15:54:30Z</time></trkpt>
<trkpt lat="37.074003" lon="-121.889837"><ele>617.6</ele><time>2021-11-21T15:54:31Z</time></trkpt>
<trkpt lat="37.074087" lon="-121.889759"><ele>615.1</ele><time>2021-11-21T15:54:33Z</time></trkpt>
<trkpt lat="37.074002" lon="-121.889677"><ele>619.2</ele><time>2021-11-21T15:54:34Z</time></trkpt>
<trkpt lat="37.073845" lon="-121.889507"><ele>620.7</ele><time>2021-11-21T15:54:36Z</time></trkpt>
<trkpt lat="37.073849" lon="-121.889464"><ele>620.5</ele><time>2021-11-21T15:54:37Z</time></trkpt>
<trkpt lat="37.073930" lon="-121.889434"><ele>619.5</ele><time>2021-11-21T15:54:38Z</time></trkpt>
<trkpt lat="37.074021" lon="-121.889640"><ele>618.2</ele><time>2021-11-21T15:54:43Z</time></trkpt>
<trkpt lat="37.073958" lon="-121.889821"><ele>619.1</ele><time>2021-11-21T15:54:47Z</time></trkpt>
<trkpt lat="37.074004" lon="-121.890062"><ele>615.3</ele><time>2021-11-21T15:54:50Z</time></trkpt>
<trkpt lat="37.073979" lon="-121.890133"><ele>615.1</ele><time>2021-11-21T15:54:51Z</time></trkpt>
<trkpt lat="37.074013" lon="-121.890159"><ele>614.1</ele><time>2021-11-21T15:54:52Z</time></trkpt>
<trkpt lat="37.073962" lon="-121.890365"><ele>615.2</ele><time>2021-11-21T15:54:59Z</time></trkpt>
<trkpt lat="37.073999" lon="-121.890409"><ele>614.2</ele><time>2021-11-21T15:55:01Z</time></trkpt>
<trkpt lat="37.074087" lon="-121.890362"><ele>612.3</ele><time>2021-11-21T15:55:02Z</time></trkpt>
<trkpt lat="37.074067" lon="-121.890407"><ele>612.9</ele><time>2021-11-21T15:55:03Z</time></trkpt>
<trkpt lat="37.074108" lon="-121.890475"><ele>611.8</ele><time>2021-11-21T15:55:05Z</time></trkpt>
<trkpt lat="37.074327" lon="-121.890704"><ele>607.8</ele><time>2021-11-21T15:55:12Z</time></trkpt>
<trkpt lat="37.074413" lon="-121.890613"><ele>608.0</ele><time>2021-11-21T15:55:14Z</time></trkpt>
<trkpt lat="37.074494" lon="-121.890580"><ele>607.6</ele><time>2021-11-21T15:55:16Z</time></trkpt>
<trkpt lat="37.074519" lon="-121.890494"><ele>607.4</ele><time>2021-11-21T15:55:19Z</time></trkpt>
<trkpt lat="37.074576" lon="-121.890449"><ele>607.0</ele><time>2021-11-21T15:55:20Z</time></trkpt>
<trkpt lat="37.074675" lon="-121.890396"><ele>606.5</ele><time>2021-11-21T15:55:22Z</time></trkpt>
<trkpt lat="37.074757" lon="-121.890425"><ele>606.0</ele><time>2021-11-21T15:55:24Z</time></trkpt>
<trkpt lat="37.074741" lon="-121.890214"><ele>605.3</ele><time>2021-11-21T15:55:28Z</time></trkpt>
<trkpt lat="37.074806" lon="-121.890169"><ele>603.7</ele><time>2021-11-21T15:55:29Z</time></trkpt>
<trkpt lat="37.074934" lon="-121.890246"><ele>602.6</ele><time>2021-11-21T15:55:31Z</time></trkpt>
<trkpt lat="37.075023" lon="-121.890229"><ele>599.0</ele><time>2021-11-21T15:55:34Z</time></trkpt>
<trkpt lat="37.075050" lon="-121.890420"><ele>595.8</ele><time>2021-11-21T15:55:37Z</time></trkpt>
<trkpt lat="37.075085" lon="-121.890446"><ele>593.7</ele><time>2021-11-21T15:55:38Z</time></trkpt>
<trkpt lat="37.075072" lon="-121.890474"><ele>595.4</ele><time>2021-11-21T15:55:40Z</time></trkpt>
<trkpt lat="37.075274" lon="-121.890480"><ele>586.5</ele><time>2021-11-21T15:55:43Z</time></trkpt>
<trkpt lat="37.075360" lon="-121.890640"><ele>583.2</ele><time>2021-11-21T15:55:47Z</time></trkpt>
<trkpt lat="37.075389" lon="-121.890847"><ele>580.1</ele><time>2021-11-21T15:55:55Z</time></trkpt>
<trkpt lat="37.075367" lon="-121.890792"><ele>581.2</ele><time>2021-11-21T15:55:58Z</time></trkpt>
<trkpt lat="37.075418" lon="-121.890877"><ele>578.7</ele><time>2021-11-21T15:56:00Z</time></trkpt>
<trkpt lat="37.075460" lon="-121.891136"><ele>575.4</ele><time>2021-11-21T15:56:06Z</time></trkpt>
<trkpt lat="37.075534" lon="-121.891354"><ele>573.5</ele><time>2021-11-21T15:56:11Z</time></trkpt>
<trkpt lat="37.075719" lon="-121.891702"><ele>568.1</ele><time>2021-11-21T15:56:23Z</time></trkpt>
<trkpt lat="37.075696" lon="-121.891949"><ele>568.0</ele><time>2021-11-21T15:56:29Z</time></trkpt>
<trkpt lat="37.075663" lon="-121.891984"><ele>569.4</ele><time>2021-11-21T15:56:31Z</time></trkpt>
<trkpt lat="37.075755" lon="-121.892120"><ele>567.6</ele><time>2021-11-21T15:56:33Z</time></trkpt>
<trkpt lat="37.075729" lon="-121.892159"><ele>567.8</ele><time>2021-11-21T15:56:34Z</time></trkpt>
<trkpt lat="37.075756" lon="-121.892352"><ele>567.2</ele><time>2021-11-21T15:56:38Z</time></trkpt>
<trkpt lat="37.075944" lon="-121.892550"><ele>557.3</ele><time>2021-11-21T15:56:43Z</time></trkpt>
<trkpt lat="37.075964" lon="-121.892697"><ele>556.9</ele><time>2021-11-21T15:56:45Z</time></trkpt>
<trkpt lat="37.075915" lon="-121.892772"><ele>560.4</ele><time>2021-11-21T15:56:47Z</time></trkpt>
<trkpt lat="37.075915" lon="-121.892859"><ele>561.1</ele><time>2021-11-21T15:56:50Z</time></trkpt>
<trkpt lat="37.076007" lon="-121.892866"><ele>556.1</ele><time>2021-11-21T15:56:53Z</time></trkpt>
<trkpt lat="37.076034" lon="-121.892809"><ele>553.5</ele><time>2021-11-21T15:56:56Z</time></trkpt>
<trkpt lat="37.076039" lon="-121.892896"><ele>554.2</ele><time>2021-11-21T15:56:58Z</time></trkpt>
<trkpt lat="37.076005" lon="-121.892903"><ele>556.4</ele><time>2021-11-21T15:56:59Z</time></trkpt>
<trkpt lat="37.076065" lon="-121.892964"><ele>554.5</ele><time>2021-11-21T15:57:00Z</time></trkpt>
<trkpt lat="37.076055" lon="-121.893045"><ele>554.8</ele><time>2021-11-21T15:57:01Z</time></trkpt>
<trkpt lat="37.076078" lon="-121.893079"><ele>552.3</ele><time>2021-11-21T15:57:02Z</time></trkpt>
<trkpt lat="37.076122" lon="-121.893066"><ele>549.8</ele><time>2021-11-21T15:57:04Z</time></trkpt>
<trkpt lat="37.076125" lon="-121.892994"><ele>549.5</ele><time>2021-11-21T15:57:08Z</time></trkpt>
<trkpt lat="37.076167" lon="-121.892940"><ele>547.0</ele><time>2021-11-21T15:57:10Z</time></trkpt>
<trkpt lat="37.076241" lon="-121.892881"><ele>540.0</ele><time>2021-11-21T15:57:12Z</time></trkpt>
<trkpt lat="37.076236" lon="-121.892873"><ele>542.2</ele><time>2021-11-21T15:57:13Z</time></trkpt>
<trkpt lat="37.076273" lon="-121.892838"><ele>538.8</ele><time>2021-11-21T15:57:15Z</time></trkpt>
<trkpt lat="37.076258" lon="-121.892833"><ele>540.2</ele><time>2021-11-21T15:57:16Z</time></trkpt>
<trkpt lat="37.076325" lon="-121.892759"><ele>538.9</ele><time>2021-11-21T15:57:18Z</time></trkpt>
<trkpt lat="37.076376" lon="-121.892774"><ele>535.4</ele><time>2021-11-21T15:57:19Z</time></trkpt>
<trkpt lat="37.076390" lon="-121.892739"><ele>537.2</ele><time>2021-11-21T15:57:20Z</time></trkpt>
<trkpt lat="37.076426" lon="-121.892727"><ele>535.3</ele><time>2021-11-21T15:57:21Z</time></trkpt>
<trkpt lat="37.076469" lon="-121.892530"><ele>542.6</ele><time>2021-11-21T15:57:23Z</time></trkpt>
<trkpt lat="37.076545" lon="-121.892450"><ele>541.9</ele><time>2021-11-21T15:57:25Z</time></trkpt>
<trkpt lat="37.076609" lon="-121.892414"><ele>538.0</ele><time>2021-11-21T15:57:26Z</time></trkpt>
<trkpt lat="37.076594" lon="-121.892171"><ele>547.1</ele><time>2021-11-21T15:57:28Z</time></trkpt>
<trkpt lat="37.076663" lon="-121.892149"><ele>545.8</ele><time>2021-11-21T15:57:29Z</time></trkpt>
<trkpt lat="37.076783" lon="-121.892035"><ele>543.0</ele><time>2021-11-21T15:57:31Z</time></trkpt>
<trkpt lat="37.076807" lon="-121.891916"><ele>542.1</ele><time>2021-11-21T15:57:33Z</time></trkpt>
<trkpt lat="37.076791" lon="-121.891727"><ele>542.3</ele><time>2021-11-21T15:57:35Z</time></trkpt>
<trkpt lat="37.076859" lon="-121.891649"><ele>538.1</ele><time>2021-11-21T15:57:36Z</time></trkpt>
<trkpt lat="37.077015" lon="-121.891684"><ele>532.2</ele><time>2021-11-21T15:57:39Z</time></trkpt>
<trkpt lat="37.077033" lon="-121.891709"><ele>530.8</ele><time>2021-11-21T15:57:40Z</time></trkpt>
<trkpt lat="37.077024" lon="-121.891775"><ele>532.3</ele><time>2021-11-21T15:57:41Z</time></trkpt>
<trkpt lat="37.077068" lon="-121.891855"><ele>528.2</ele><time>2021-11-21T15:57:44Z</time></trkpt>
<trkpt lat="37.077051" lon="-121.892028"><ele>527.5</ele><time>2021-11-21T15:57:48Z</time></trkpt>
<trkpt lat="37.077130" lon="-121.892150"><ele>521.0</ele><time>2021-11-21T15:57:51Z</time></trkpt>
<trkpt lat="37.077060" lon="-121.892217"><ele>522.0</ele><time>2021-11-21T15:57:53Z</time></trkpt>
<trkpt lat="37.077055" lon="-121.892393"><ele>519.7</ele><time>2021-11-21T15:57:56Z</time></trkpt>
<trkpt lat="37.077147" lon="-121.892510"><ele>512.8</ele><time>2021-11-21T15:57:58Z</time></trkpt>
<trkpt lat="37.077092" lon="-121.892627"><ele>518.7</ele><time>2021-11-21T15:58:00Z</time></trkpt>
<trkpt lat="37.077107" lon="-121.892682"><ele>511.9</ele><time>2021-11-21T15:58:01Z</time></trkpt>
<trkpt lat="37.077096" lon="-121.892721"><ele>511.4</ele><time>2021-11-21T15:58:02Z</time></trkpt>
<trkpt lat="37.077146" lon="-121.892765"><ele>510.5</ele><time>2021-11-21T15:58:04Z</time></trkpt>
<trkpt lat="37.077099" lon="-121.892922"><ele>511.2</ele><time>2021-11-21T15:58:08Z</time></trkpt>
<trkpt lat="37.077117" lon="-121.893040"><ele>510.4</ele><time>2021-11-21T15:58:10Z</time></trkpt>
<trkpt lat="37.076994" lon="-121.893057"><ele>513.5</ele><time>2021-11-21T15:58:11Z</time></trkpt>
<trkpt lat="37.077017" lon="-121.893226"><ele>511.5</ele><time>2021-11-21T15:58:15Z</time></trkpt>
<trkpt lat="37.077003" lon="-121.893384"><ele>510.2</ele><time>2021-11-21T15:58:19Z</time></trkpt>
<trkpt lat="37.076952" lon="-121.893522"><ele>512.9</ele><time>2021-11-21T15:58:23Z</time></trkpt>
<trkpt lat="37.076985" lon="-121.893579"><ele>511.1</ele><time>2021-11-21T15:58:25Z</time></trkpt>
<trkpt lat="37.076895" lon="-121.893521"><ele>514.7</ele><time>2021-11-21T15:58:28Z</time></trkpt>
<trkpt lat="37.076917" lon="-121.893612"><ele>515.1</ele><time>2021-11-21T15:58:30Z</time></trkpt>
<trkpt lat="37.076989" lon="-121.893748"><ele>511.2</ele><time>2021-11-21T15:58:33Z</time></trkpt>
<trkpt lat="37.077089" lon="-121.893782"><ele>506.1</ele><time>2021-11-21T15:58:36Z</time></trkpt>
<trkpt lat="37.077151" lon="-121.893839"><ele>504.6</ele><time>2021-11-21T15:58:39Z</time></trkpt>
<trkpt lat="37.077155" lon="-121.893805"><ele>503.7</ele><time>2021-11-21T15:58:41Z</time></trkpt>
<trkpt lat="37.077112" lon="-121.893799"><ele>504.9</ele><time>2021-11-21T15:58:42Z</time></trkpt>
<trkpt lat="37.077169" lon="-121.893745"><ele>501.5</ele><time>2021-11-21T15:58:45Z</time></trkpt>
<trkpt lat="37.077189" lon="-121.893657"><ele>502.4</ele><time>2021-11-21T15:58:47Z</time></trkpt>
<trkpt lat="37.077155" lon="-121.893595"><ele>505.3</ele><time>2021-11-21T15:58:48Z</time></trkpt>
<trkpt lat="37.077230" lon="-121.893474"><ele>504.4</ele><time>2021-11-21T15:58:51Z</time></trkpt>
<trkpt lat="37.077333" lon="-121.893371"><ele>499.9</ele><time>2021-11-21T15:58:55Z</time></trkpt>
<trkpt lat="37.077428" lon="-121.893095"><ele>499.8</ele><time>2021-11-21T15:59:00Z</time></trkpt>
<trkpt lat="37.077417" lon="-121.893006"><ele>500.3</ele><time>2021-11-21T15:59:02Z</time></trkpt>
<trkpt lat="37.077445" lon="-121.892937"><ele>498.7</ele><time>2021-11-21T15:59:03Z</time></trkpt>
<trkpt lat="37.077495" lon="-121.892904"><ele>497.8</ele><time>2021-11-21T15:59:05Z</time></trkpt>
<trkpt lat="37.077459" lon="-121.892738"><ele>500.9</ele><time>2021-11-21T15:59:08Z</time></trkpt>
<trkpt lat="37.077520" lon="-121.892846"><ele>497.2</ele><time>2021-11-21T15:59:10Z</time></trkpt>
<trkpt lat="37.077706" lon="-121.892639"><ele>494.0</ele><time>2021-11-21T15:59:17Z</time></trkpt>
<trkpt lat="37.077643" lon="-121.892571"><ele>495.5</ele><time>2021-11-21T15:59:18Z</time></trkpt>
<trkpt lat="37.077741" lon="-121.892669"><ele>492.5</ele><time>2021-11-21T15:59:24Z</time></trkpt>
<trkpt lat="37.077784" lon="-121.892658"><ele>490.5</ele><time>2021-11-21T15:59:25Z</time></trkpt>
<trkpt lat="37.077908" lon="-121.892559"><ele>487.5</ele><time>2021-11-21T15:59:28Z</time></trkpt>
<trkpt lat="37.077971" lon="-121.892364"><ele>486.5</ele><time>2021-11-21T15:59:31Z</time></trkpt>
<trkpt lat="37.078057" lon="-121.892397"><ele>486.0</ele><time>2021-11-21T15:59:34Z</time></trkpt>
<trkpt lat="37.078156" lon="-121.892374"><ele>485.7</ele><time>2021-11-21T15:59:37Z</time></trkpt>
<trkpt lat="37.078200" lon="-121.892267"><ele>484.7</ele><time>2021-11-21T15:59:41Z</time></trkpt>
<trkpt lat="37.078769" lon="-121.892197"><ele>475.4</ele><time>2021-11-21T15:59:46Z</time></trkpt>
<trkpt lat="37.078822" lon="-121.892225"><ele>474.5</ele><time>2021-11-21T15:59:47Z</time></trkpt>
<trkpt lat="37.078886" lon="-121.892380"><ele>472.5</ele><time>2021-11-21T15:59:49Z</time></trkpt>
<trkpt lat="37.078839" lon="-121.892594"><ele>470.4</ele><time>2021-11-21T15:59:52Z</time></trkpt>
<trkpt lat="37.078848" lon="-121.892795"><ele>468.8</ele><time>2021-11-21T15:59:54Z</time></trkpt>
<trkpt lat="37.078690" lon="-121.892872"><ele>467.6</ele><time>2021-11-21T15:59:55Z</time></trkpt>
<trkpt lat="37.078729" lon="-121.892919"><ele>467.3</ele><time>2021-11-21T15:59:56Z</time></trkpt>
<trkpt lat="37.078661" lon="-121.893010"><ele>466.8</ele><time>2021-11-21T15:59:58Z</time></trkpt>
<trkpt lat="37.078705" lon="-121.893081"><ele>466.5</ele><time>2021-11-21T15:59:59Z</time></trkpt>
<trkpt lat="37.078667" lon="-121.893210"><ele>465.8</ele><time>2021-11-21T16:00:02Z</time></trkpt>
<trkpt lat="37.078697" lon="-121.893380"><ele>464.6</ele><time>2021-11-21T16:00:04Z</time></trkpt>
<trkpt lat="37.078681" lon="-121.893560"><ele>463.2</ele><time>2021-11-21T16:00:06Z</time></trkpt>
<trkpt lat="37.078725" lon="-121.893693"><ele>461.5</ele><time>2021-11-21T16:00:08Z</time></trkpt>
<trkpt lat="37.078699" lon="-121.893814"><ele>460.9</ele><time>2021-11-21T16:00:10Z</time></trkpt>
<trkpt lat="37.078739" lon="-121.893867"><ele>460.5</ele><time>2021-11-21T16:00:11Z</time></trkpt>
<trkpt lat="37.078793" lon="-121.893877"><ele>460.2</ele><time>2021-11-21T16:00:12Z</time></trkpt>
<trkpt lat="37.078920" lon="-121.893790"><ele>456.2</ele><time>2021-11-21T16:00:14Z</time></trkpt>
<trkpt lat="37.079067" lon="-121.893573"><ele>453.1</ele><time>2021-11-21T16:00:17Z</time></trkpt>
<trkpt lat="37.079094" lon="-121.893409"><ele>453.2</ele><time>2021-11-21T16:00:20Z</time></trkpt>
<trkpt lat="37.079206" lon="-121.893309"><ele>450.3</ele><time>2021-11-21T16:00:22Z</time></trkpt>
<trkpt lat="37.079170" lon="-121.893161"><ele>453.4</ele><time>2021-11-21T16:00:24Z</time></trkpt>
<trkpt lat="37.079092" lon="-121.893092"><ele>458.1</ele><time>2021-11-21T16:00:25Z</time></trkpt>
<trkpt lat="37.079100" lon="-121.893032"><ele>459.0</ele><time>2021-11-21T16:00:26Z</time></trkpt>
<trkpt lat="37.079140" lon="-121.893068"><ele>456.6</ele><time>2021-11-21T16:00:27Z</time></trkpt>
<trkpt lat="37.079168" lon="-121.893167"><ele>453.2</ele><time>2021-11-21T16:00:28Z</time></trkpt>
<trkpt lat="37.079129" lon="-121.893236"><ele>453.2</ele><time>2021-11-21T16:00:29Z</time></trkpt>
<trkpt lat="37.079151" lon="-121.893297"><ele>451.3</ele><time>2021-11-21T16:00:30Z</time></trkpt>
<trkpt lat="37.079145" lon="-121.893360"><ele>452.0</ele><time>2021-11-21T16:00:31Z</time></trkpt>
<trkpt lat="37.079108" lon="-121.893389"><ele>453.1</ele><time>2021-11-21T16:00:32Z</time></trkpt>
<trkpt lat="37.079127" lon="-121.893535"><ele>450.3</ele><time>2021-11-21T16:00:34Z</time></trkpt>
<trkpt lat="37.079169" lon="-121.893575"><ele>448.5</ele><time>2021-11-21T16:00:35Z</time></trkpt>
<trkpt lat="37.079194" lon="-121.893721"><ele>445.7</ele><time>2021-11-21T16:00:37Z</time></trkpt>
<trkpt lat="37.079141" lon="-121.893878"><ele>446.8</ele><time>2021-11-21T16:00:39Z</time></trkpt>
<trkpt lat="37.079162" lon="-121.893946"><ele>445.3</ele><time>2021-11-21T16:00:40Z</time></trkpt>
<trkpt lat="37.079219" lon="-121.893976"><ele>443.1</ele><time>2021-11-21T16:00:41Z</time></trkpt>
<trkpt lat="37.079253" lon="-121.893951"><ele>442.4</ele><time>2021-11-21T16:00:42Z</time></trkpt>
<trkpt lat="37.079393" lon="-121.893744"><ele>440.7</ele><time>2021-11-21T16:00:45Z</time></trkpt>
<trkpt lat="37.079452" lon="-121.893687"><ele>442.5</ele><time>2021-11-21T16:00:46Z</time></trkpt>
<trkpt lat="37.079436" lon="-121.893615"><ele>443.8</ele><time>2021-11-21T16:00:47Z</time></trkpt>
<trkpt lat="37.079469" lon="-121.893474"><ele>447.3</ele><time>2021-11-21T16:00:49Z</time></trkpt>
<trkpt lat="37.079514" lon="-121.893366"><ele>446.1</ele><time>2021-11-21T16:00:51Z</time></trkpt>
<trkpt lat="37.079572" lon="-121.893415"><ele>441.9</ele><time>2021-11-21T16:00:53Z</time></trkpt>
<trkpt lat="37.079540" lon="-121.893568"><ele>439.5</ele><time>2021-11-21T16:00:54Z</time></trkpt>
<trkpt lat="37.079494" lon="-121.893580"><ele>440.4</ele><time>2021-11-21T16:00:55Z</time></trkpt>
<trkpt lat="37.079479" lon="-121.893633"><ele>442.0</ele><time>2021-11-21T16:00:56Z</time></trkpt>
<trkpt lat="37.079474" lon="-121.893834"><ele>436.1</ele><time>2021-11-21T16:00:59Z</time></trkpt>
<trkpt lat="37.079454" lon="-121.894071"><ele>436.8</ele><time>2021-11-21T16:01:02Z</time></trkpt>
<trkpt lat="37.079519" lon="-121.894203"><ele>434.3</ele><time>2021-11-21T16:01:04Z</time></trkpt>
<trkpt lat="37.079486" lon="-121.894239"><ele>434.7</ele><time>2021-11-21T16:01:05Z</time></trkpt>
<trkpt lat="37.079562" lon="-121.894284"><ele>432.4</ele><time>2021-11-21T16:01:07Z</time></trkpt>
<trkpt lat="37.079642" lon="-121.894124"><ele>433.2</ele><time>2021-11-21T16:01:09Z</time></trkpt>
<trkpt lat="37.079647" lon="-121.893743"><ele>431.1</ele><time>2021-11-21T16:01:17Z</time></trkpt>
<trkpt lat="37.079688" lon="-121.893713"><ele>430.7</ele><time>2021-11-21T16:01:18Z</time></trkpt>
<trkpt lat="37.079733" lon="-121.893784"><ele>430.0</ele><time>2021-11-21T16:01:19Z</time></trkpt>
<trkpt lat="37.079708" lon="-121.893969"><ele>428.8</ele><time>2021-11-21T16:01:21Z</time></trkpt>
<trkpt lat="37.079753" lon="-121.894133"><ele>427.7</ele><time>2021-11-21T16:01:23Z</time></trkpt>
<trkpt lat="37.079874" lon="-121.894261"><ele>426.8</ele><time>2021-11-21T16:01:26Z</time></trkpt>
<trkpt lat="37.079925" lon="-121.894388"><ele>426.3</ele><time>2021-11-21T16:01:28Z</time></trkpt>
<trkpt lat="37.079902" lon="-121.894526"><ele>425.9</ele><time>2021-11-21T16:01:29Z</time></trkpt>
<trkpt lat="37.079833" lon="-121.894595"><ele>425.6</ele><time>2021-11-21T16:01:30Z</time></trkpt>
<trkpt lat="37.079822" lon="-121.894656"><ele>425.4</ele><time>2021-11-21T16:01:31Z</time></trkpt>
<trkpt lat="37.079783" lon="-121.894601"><ele>425.1</ele><time>2021-11-21T16:01:32Z</time></trkpt>
<trkpt lat="37.079737" lon="-121.894673"><ele>424.8</ele><time>2021-11-21T16:01:35Z</time></trkpt>
<trkpt lat="37.079873" lon="-121.894822"><ele>424.3</ele><time>2021-11-21T16:01:40Z</time></trkpt>
<trkpt lat="37.079917" lon="-121.895053"><ele>423.6</ele><time>2021-11-21T16:01:43Z</time></trkpt>
<trkpt lat="37.079900" lon="-121.895119"><ele>423.3</ele><time>2021-11-21T16:01:46Z</time></trkpt>
<trkpt lat="37.079977" lon="-121.895229"><ele>422.4</ele><time>2021-11-21T16:01:49Z</time></trkpt>
<trkpt lat="37.079944" lon="-121.895336"><ele>421.7</ele><time>2021-11-21T16:01:50Z</time></trkpt>
<trkpt lat="37.079842" lon="-121.895318"><ele>420.8</ele><time>2021-11-21T16:01:53Z</time></trkpt>
<trkpt lat="37.079778" lon="-121.895381"><ele>420.2</ele><time>2021-11-21T16:01:54Z</time></trkpt>
<trkpt lat="37.079727" lon="-121.895496"><ele>419.5</ele><time>2021-11-21T16:01:55Z</time></trkpt>
<trkpt lat="37.079789" lon="-121.895715"><ele>418.2</ele><time>2021-11-21T16:01:58Z</time></trkpt>
<trkpt lat="37.079868" lon="-121.895830"><ele>417.1</ele><time>2021-11-21T16:02:00Z</time></trkpt>
<trkpt lat="37.079957" lon="-121.895628"><ele>415.3</ele><time>2021-11-21T16:02:04Z</time></trkpt>
<trkpt lat="37.080020" lon="-121.895600"><ele>414.7</ele><time>2021-11-21T16:02:06Z</time></trkpt>
<trkpt lat="37.079975" lon="-121.895984"><ele>412.6</ele><time>2021-11-21T16:02:10Z</time></trkpt>
<trkpt lat="37.080078" lon="-121.896301"><ele>412.3</ele><time>2021-11-21T16:02:15Z</time></trkpt>
<trkpt lat="37.080222" lon="-121.896456"><ele>412.3</ele><time>2021-11-21T16:02:18Z</time></trkpt>
<trkpt lat="37.080346" lon="-121.896469"><ele>412.2</ele><time>2021-11-21T16:02:24Z</time></trkpt>
<trkpt lat="37.080493" lon="-121.896539"><ele>412.0</ele><time>2021-11-21T16:02:27Z</time></trkpt>
<trkpt lat="37.080520" lon="-121.896641"><ele>411.8</ele><time>2021-11-21T16:02:28Z</time></trkpt>
<trkpt lat="37.080534" lon="-121.896771"><ele>411.6</ele><time>2021-11-21T16:02:30Z</time></trkpt>
<trkpt lat="37.080488" lon="-121.896934"><ele>411.4</ele><time>2021-11-21T16:02:34Z</time></trkpt>
<trkpt lat="37.080455" lon="-121.896959"><ele>411.3</ele><time>2021-11-21T16:02:35Z</time></trkpt>
<trkpt lat="37.080478" lon="-121.897081"><ele>411.2</ele><time>2021-11-21T16:02:37Z</time></trkpt>
<trkpt lat="37.080420" lon="-121.897280"><ele>411.1</ele><time>2021-11-21T16:02:40Z</time></trkpt>
<trkpt lat="37.080295" lon="-121.897520"><ele>411.5</ele><time>2021-11-21T16:02:47Z</time></trkpt>
<trkpt lat="37.080324" lon="-121.897573"><ele>411.7</ele><time>2021-11-21T16:02:49Z</time></trkpt>
<trkpt lat="37.080305" lon="-121.897633"><ele>411.9</ele><time>2021-11-21T16:02:53Z</time></trkpt>
<trkpt lat="37.080156" lon="-121.897701"><ele>412.7</ele><time>2021-11-21T16:03:00Z</time></trkpt>
<trkpt lat="37.080084" lon="-121.897649"><ele>413.0</ele><time>2021-11-21T16:03:04Z</time></trkpt>
<trkpt lat="37.080080" lon="-121.897737"><ele>413.1</ele><time>2021-11-21T16:03:07Z</time></trkpt>
<trkpt lat="37.080000" lon="-121.897729"><ele>413.2</ele><time>2021-11-21T16:03:10Z</time></trkpt>
<trkpt lat="37.080027" lon="-121.897720"><ele>413.4</ele><time>2021-11-21T16:03:12Z</time></trkpt>
<trkpt lat="37.080047" lon="-121.897793"><ele>413.9</ele><time>2021-11-21T16:03:18Z</time></trkpt>
<trkpt lat="37.080009" lon="-121.897437"><ele>415.8</ele><time>2021-11-21T16:05:32Z</time></trkpt>
<trkpt lat="37.080079" lon="-121.897510"><ele>414.9</ele><time>2021-11-21T16:05:41Z</time></trkpt>
<trkpt lat="37.080104" lon="-121.897986"><ele>411.8</ele><time>2021-11-21T16:06:25Z</time></trkpt>
<trkpt lat="37.080160" lon="-121.898104"><ele>410.8</ele><time>2021-11-21T16:06:27Z</time></trkpt>
<trkpt lat="37.079970" lon="-121.898493"><ele>408.2</ele><time>2021-11-21T16:06:32Z</time></trkpt>
<trkpt lat="37.079842" lon="-121.898518"><ele>409.9</ele><time>2021-11-21T16:06:34Z</time></trkpt>
<trkpt lat="37.079839" lon="-121.898567"><ele>408.8</ele><time>2021-11-21T16:06:35Z</time></trkpt>
<trkpt lat="37.079891" lon="-121.898624"><ele>406.8</ele><time>2021-11-21T16:06:36Z</time></trkpt>
<trkpt lat="37.080029" lon="-121.898602"><ele>404.5</ele><time>2021-11-21T16:06:37Z</time></trkpt>
<trkpt lat="37.080115" lon="-121.898550"><ele>403.5</ele><time>2021-11-21T16:06:38Z</time></trkpt>
<trkpt lat="37.080268" lon="-121.898398"><ele>403.2</ele><time>2021-11-21T16:06:41Z</time></trkpt>
<trkpt lat="37.080374" lon="-121.898429"><ele>400.4</ele><time>2021-11-21T16:06:42Z</time></trkpt>
<trkpt lat="37.080443" lon="-121.898405"><ele>399.2</ele><time>2021-11-21T16:06:43Z</time></trkpt>
<trkpt lat="37.080485" lon="-121.898347"><ele>397.3</ele><time>2021-11-21T16:06:44Z</time></trkpt>
<trkpt lat="37.080527" lon="-121.898413"><ele>395.3</ele><time>2021-11-21T16:06:45Z</time></trkpt>
<trkpt lat="37.080463" lon="-121.898504"><ele>396.4</ele><time>2021-11-21T16:06:46Z</time></trkpt>
<trkpt lat="37.080300" lon="-121.898612"><ele>398.1</ele><time>2021-11-21T16:06:48Z</time></trkpt>
<trkpt lat="37.080304" lon="-121.898657"><ele>397.0</ele><time>2021-11-21T16:06:49Z</time></trkpt>
<trkpt lat="37.080370" lon="-121.898672"><ele>395.7</ele><time>2021-11-21T16:06:50Z</time></trkpt>
<trkpt lat="37.080473" lon="-121.898537"><ele>395.6</ele><time>2021-11-21T16:06:52Z</time></trkpt>
<trkpt lat="37.080527" lon="-121.898544"><ele>392.8</ele><time>2021-11-21T16:06:53Z</time></trkpt>
<trkpt lat="37.080516" lon="-121.898675"><ele>391.1</ele><time>2021-11-21T16:06:54Z</time></trkpt>
<trkpt lat="37.080415" lon="-121.898780"><ele>391.5</ele><time>2021-11-21T16:06:55Z</time></trkpt>
<trkpt lat="37.080400" lon="-121.898990"><ele>388.7</ele><time>2021-11-21T16:06:57Z</time></trkpt>
<trkpt lat="37.080259" lon="-121.899138"><ele>388.8</ele><time>2021-11-21T16:06:59Z</time></trkpt>
<trkpt lat="37.080124" lon="-121.899220"><ele>392.0</ele><time>2021-11-21T16:07:01Z</time></trkpt>
<trkpt lat="37.080127" lon="-121.899371"><ele>389.2</ele><time>2021-11-21T16:07:03Z</time></trkpt>
<trkpt lat="37.080235" lon="-121.899415"><ele>388.0</ele><time>2021-11-21T16:07:05Z</time></trkpt>
<trkpt lat="37.080364" lon="-121.899260"><ele>386.7</ele><time>2021-11-21T16:07:07Z</time></trkpt>
<trkpt lat="37.080504" lon="-121.899151"><ele>385.7</ele><time>2021-11-21T16:07:08Z</time></trkpt>
<trkpt lat="37.080587" lon="-121.899131"><ele>385.2</ele><time>2021-11-21T16:07:09Z</time></trkpt>
<trkpt lat="37.080618" lon="-121.899060"><ele>384.7</ele><time>2021-11-21T16:07:10Z</time></trkpt>
<trkpt lat="37.080605" lon="-121.898983"><ele>384.3</ele><time>2021-11-21T16:07:11Z</time></trkpt>
<trkpt lat="37.080694" lon="-121.898833"><ele>383.1</ele><time>2021-11-21T16:07:13Z</time></trkpt>
<trkpt lat="37.080688" lon="-121.898696"><ele>382.4</ele><time>2021-11-21T16:07:14Z</time></trkpt>
<trkpt lat="37.081040" lon="-121.898227"><ele>380.6</ele><time>2021-11-21T16:07:21Z</time></trkpt>
<trkpt lat="37.081099" lon="-121.898192"><ele>380.4</ele><time>2021-11-21T16:07:22Z</time></trkpt>
<trkpt lat="37.081033" lon="-121.897839"><ele>379.5</ele><time>2021-11-21T16:07:26Z</time></trkpt>
<trkpt lat="37.081209" lon="-121.897659"><ele>378.8</ele><time>2021-11-21T16:07:29Z</time></trkpt>
<trkpt lat="37.081314" lon="-121.897132"><ele>375.7</ele><time>2021-11-21T16:07:37Z</time></trkpt>
<trkpt lat="37.081382" lon="-121.897059"><ele>374.8</ele><time>2021-11-21T16:07:38Z</time></trkpt>
<trkpt lat="37.081449" lon="-121.896911"><ele>373.3</ele><time>2021-11-21T16:07:40Z</time></trkpt>
<trkpt lat="37.081428" lon="-121.896720"><ele>372.0</ele><time>2021-11-21T16:07:43Z</time></trkpt>
<trkpt lat="37.081194" lon="-121.896402"><ele>369.9</ele><time>2021-11-21T16:07:50Z</time></trkpt>
<trkpt lat="37.081149" lon="-121.896402"><ele>369.8</ele><time>2021-11-21T16:07:51Z</time></trkpt>
<trkpt lat="37.081170" lon="-121.896198"><ele>367.3</ele><time>2021-11-21T16:07:53Z</time></trkpt>
<trkpt lat="37.081190" lon="-121.896233"><ele>368.4</ele><time>2021-11-21T16:07:54Z</time></trkpt>
<trkpt lat="37.081342" lon="-121.896365"><ele>360.3</ele><time>2021-11-21T16:07:56Z</time></trkpt>
<trkpt lat="37.081373" lon="-121.896352"><ele>358.4</ele><time>2021-11-21T16:07:57Z</time></trkpt>
<trkpt lat="37.081466" lon="-121.896441"><ele>357.7</ele><time>2021-11-21T16:07:58Z</time></trkpt>
<trkpt lat="37.081485" lon="-121.896718"><ele>362.7</ele><time>2021-11-21T16:08:01Z</time></trkpt>
<trkpt lat="37.081658" lon="-121.896799"><ele>359.3</ele><time>2021-11-21T16:08:03Z</time></trkpt>
<trkpt lat="37.081741" lon="-121.896792"><ele>357.5</ele><time>2021-11-21T16:08:04Z</time></trkpt>
<trkpt lat="37.081823" lon="-121.896831"><ele>354.2</ele><time>2021-11-21T16:08:05Z</time></trkpt>
<trkpt lat="37.081800" lon="-121.896907"><ele>356.6</ele><time>2021-11-21T16:08:07Z</time></trkpt>
<trkpt lat="37.081866" lon="-121.896882"><ele>354.0</ele><time>2021-11-21T16:08:08Z</time></trkpt>
<trkpt lat="37.081887" lon="-121.897076"><ele>351.9</ele><time>2021-11-21T16:08:11Z</time></trkpt>
<trkpt lat="37.081865" lon="-121.897182"><ele>353.7</ele><time>2021-11-21T16:08:13Z</time></trkpt>
<trkpt lat="37.081751" lon="-121.897284"><ele>357.7</ele><time>2021-11-21T16:08:14Z</time></trkpt>
<trkpt lat="37.081762" lon="-121.897342"><ele>358.1</ele><time>2021-11-21T16:08:15Z</time></trkpt>
<trkpt lat="37.081895" lon="-121.897348"><ele>354.4</ele><time>2021-11-21T16:08:16Z</time></trkpt>
<trkpt lat="37.081913" lon="-121.897478"><ele>355.2</ele><time>2021-11-21T16:08:17Z</time></trkpt>
<trkpt lat="37.081962" lon="-121.897590"><ele>353.5</ele><time>2021-11-21T16:08:18Z</time></trkpt>
<trkpt lat="37.081881" lon="-121.897678"><ele>358.2</ele><time>2021-11-21T16:08:20Z</time></trkpt>
<trkpt lat="37.082128" lon="-121.897856"><ele>347.4</ele><time>2021-11-21T16:08:24Z</time></trkpt>
<trkpt lat="37.082072" lon="-121.897923"><ele>351.1</ele><time>2021-11-21T16:08:25Z</time></trkpt>
<trkpt lat="37.082083" lon="-121.898020"><ele>351.7</ele><time>2021-11-21T16:08:26Z</time></trkpt>
<trkpt lat="37.082030" lon="-121.898032"><ele>353.7</ele><time>2021-11-21T16:08:27Z</time></trkpt>
<trkpt lat="37.082040" lon="-121.898146"><ele>351.3</ele><time>2021-11-21T16:08:28Z</time></trkpt>
<trkpt lat="37.082007" lon="-121.898232"><ele>349.5</ele><time>2021-11-21T16:08:30Z</time></trkpt>
<trkpt lat="37.081986" lon="-121.898450"><ele>348.0</ele><time>2021-11-21T16:08:33Z</time></trkpt>
<trkpt lat="37.082053" lon="-121.898479"><ele>344.5</ele><time>2021-11-21T16:08:34Z</time></trkpt>
<trkpt lat="37.082197" lon="-121.898405"><ele>340.6</ele><time>2021-11-21T16:08:38Z</time></trkpt>
<trkpt lat="37.082182" lon="-121.898180"><ele>342.2</ele><time>2021-11-21T16:08:40Z</time></trkpt>
<trkpt lat="37.082293" lon="-121.897985"><ele>343.7</ele><time>2021-11-21T16:08:43Z</time></trkpt>
<trkpt lat="37.082351" lon="-121.898007"><ele>343.2</ele><time>2021-11-21T16:08:44Z</time></trkpt>
<trkpt lat="37.082396" lon="-121.898119"><ele>342.4</ele><time>2021-11-21T16:08:45Z</time></trkpt>
<trkpt lat="37.082296" lon="-121.898136"><ele>341.7</ele><time>2021-11-21T16:08:47Z</time></trkpt>
<trkpt lat="37.082226" lon="-121.898203"><ele>341.1</ele><time>2021-11-21T16:08:48Z</time></trkpt>
<trkpt lat="37.082214" lon="-121.898406"><ele>340.1</ele><time>2021-11-21T16:08:50Z</time></trkpt>
<trkpt lat="37.082152" lon="-121.898473"><ele>339.6</ele><time>2021-11-21T16:08:51Z</time></trkpt>
<trkpt lat="37.082050" lon="-121.898764"><ele>338.1</ele><time>2021-11-21T16:08:56Z</time></trkpt>
<trkpt lat="37.082048" lon="-121.898954"><ele>337.0</ele><time>2021-11-21T16:08:58Z</time></trkpt>
<trkpt lat="37.082076" lon="-121.899027"><ele>336.6</ele><time>2021-11-21T16:08:59Z</time></trkpt>
<trkpt lat="37.082056" lon="-121.898990"><ele>336.4</ele><time>2021-11-21T16:09:00Z</time></trkpt>
<trkpt lat="37.082069" lon="-121.899028"><ele>336.2</ele><time>2021-11-21T16:09:01Z</time></trkpt>
<trkpt lat="37.082000" lon="-121.899059"><ele>335.8</ele><time>2021-11-21T16:09:02Z</time></trkpt>
<trkpt lat="37.082054" lon="-121.899309"><ele>334.7</ele><time>2021-11-21T16:09:07Z</time></trkpt>
<trkpt lat="37.082016" lon="-121.899467"><ele>334.2</ele><time>2021-11-21T16:09:09Z</time></trkpt>
<trkpt lat="37.081940" lon="-121.899601"><ele>333.6</ele><time>2021-11-21T16:09:11Z</time></trkpt>
<trkpt lat="37.081897" lon="-121.899852"><ele>332.9</ele><time>2021-11-21T16:09:13Z</time></trkpt>
<trkpt lat="37.081923" lon="-121.900178"><ele>332.5</ele><time>2021-11-21T16:09:17Z</time></trkpt>
<trkpt lat="37.081827" lon="-121.900419"><ele>332.4</ele><time>2021-11-21T16:09:24Z</time></trkpt>
<trkpt lat="37.081787" lon="-121.900660"><ele>332.5</ele><time>2021-11-21T16:09:28Z</time></trkpt>
<trkpt lat="37.081798" lon="-121.901048"><ele>332.6</ele><time>2021-11-21T16:09:34Z</time></trkpt>
<trkpt lat="37.081785" lon="-121.900986"><ele>332.5</ele><time>2021-11-21T16:09:38Z</time></trkpt>
<trkpt lat="37.081805" lon="-121.900968"><ele>332.5</ele><time>2021-11-21T16:09:40Z</time></trkpt>
<trkpt lat="37.081875" lon="-121.900988"><ele>332.4</ele><time>2021-11-21T16:09:46Z</time></trkpt>
<trkpt lat="37.081907" lon="-121.900911"><ele>332.2</ele><time>2021-11-21T16:09:48Z</time></trkpt>
<trkpt lat="37.081931" lon="-121.900958"><ele>332.0</ele><time>2021-11-21T16:09:51Z</time></trkpt>
<trkpt lat="37.081686" lon="-121.900958"><ele>332.4</ele><time>2021-11-21T16:10:34Z</time></trkpt>
<trkpt lat="37.081620" lon="-121.900897"><ele>333.1</ele><time>2021-11-21T16:10:40Z</time></trkpt>
<trkpt lat="37.081653" lon="-121.900940"><ele>333.5</ele><time>2021-11-21T16:10:43Z</time></trkpt>
<trkpt lat="37.081596" lon="-121.900903"><ele>334.1</ele><time>2021-11-21T16:10:48Z</time></trkpt>
<trkpt lat="37.081608" lon="-121.900926"><ele>334.3</ele><time>2021-11-21T16:10:49Z</time></trkpt>
<trkpt lat="37.081587" lon="-121.900802"><ele>335.3</ele><time>2021-11-21T16:10:59Z</time></trkpt>
<trkpt lat="37.081518" lon="-121.900709"><ele>336.6</ele><time>2021-11-21T16:11:10Z</time></trkpt>
<trkpt lat="37.081523" lon="-121.900650"><ele>336.8</ele><time>2021-11-21T16:11:12Z</time></trkpt>
<trkpt lat="37.081659" lon="-121.900908"><ele>333.0</ele><time>2021-11-21T16:11:43Z</time></trkpt>
<trkpt lat="37.081739" lon="-121.900975"><ele>330.7</ele><time>2021-11-21T16:11:44Z</time></trkpt>
<trkpt lat="37.081888" lon="-121.900984"><ele>329.2</ele><time>2021-11-21T16:11:46Z</time></trkpt>
<trkpt lat="37.081955" lon="-121.901092"><ele>328.1</ele><time>2021-11-21T16:11:48Z</time></trkpt>
<trkpt lat="37.082059" lon="-121.901463"><ele>325.0</ele><time>2021-11-21T16:11:52Z</time></trkpt>
<trkpt lat="37.081976" lon="-121.901769"><ele>322.9</ele><time>2021-11-21T16:11:55Z</time></trkpt>
<trkpt lat="37.082077" lon="-121.902245"><ele>321.1</ele><time>2021-11-21T16:12:00Z</time></trkpt>
<trkpt lat="37.082135" lon="-121.902386"><ele>320.7</ele><time>2021-11-21T16:12:02Z</time></trkpt>
<trkpt lat="37.081907" lon="-121.902543"><ele>319.6</ele><time>2021-11-21T16:12:05Z</time></trkpt>
<trkpt lat="37.082080" lon="-121.903049"><ele>317.2</ele><time>2021-11-21T16:12:10Z</time></trkpt>
<trkpt lat="37.082256" lon="-121.903361"><ele>315.7</ele><time>2021-11-21T16:12:14Z</time></trkpt>
<trkpt lat="37.082343" lon="-121.903707"><ele>314.7</ele><time>2021-11-21T16:12:18Z</time></trkpt>
<trkpt lat="37.082262" lon="-121.903899"><ele>313.8</ele><time>2021-11-21T16:12:21Z</time></trkpt>
<trkpt lat="37.082434" lon="-121.904479"><ele>310.5</ele><time>2021-11-21T16:12:27Z</time></trkpt>
<trkpt lat="37.082482" lon="-121.904504"><ele>310.2</ele><time>2021-11-21T16:12:28Z</time></trkpt>
<trkpt lat="37.082612" lon="-121.904438"><ele>309.6</ele><time>2021-11-21T16:12:30Z</time></trkpt>
<trkpt lat="37.082636" lon="-121.904320"><ele>308.9</ele><time>2021-11-21T16:12:31Z</time></trkpt>
<trkpt lat="37.082595" lon="-121.904178"><ele>308.1</ele><time>2021-11-21T16:12:32Z</time></trkpt>
<trkpt lat="37.082696" lon="-121.903957"><ele>306.7</ele><time>2021-11-21T16:12:35Z</time></trkpt>
<trkpt lat="37.082860" lon="-121.903858"><ele>303.6</ele><time>2021-11-21T16:12:37Z</time></trkpt>
<trkpt lat="37.082877" lon="-121.903797"><ele>304.1</ele><time>2021-11-21T16:12:38Z</time></trkpt>
<trkpt lat="37.082946" lon="-121.903721"><ele>302.7</ele><time>2021-11-21T16:12:39Z</time></trkpt>
<trkpt lat="37.082991" lon="-121.903488"><ele>302.0</ele><time>2021-11-21T16:12:42Z</time></trkpt>
<trkpt lat="37.083039" lon="-121.903514"><ele>300.7</ele><time>2021-11-21T16:12:43Z</time></trkpt>
<trkpt lat="37.083078" lon="-121.903680"><ele>298.3</ele><time>2021-11-21T16:12:45Z</time></trkpt>
<trkpt lat="37.083060" lon="-121.903778"><ele>297.2</ele><time>2021-11-21T16:12:46Z</time></trkpt>
<trkpt lat="37.082973" lon="-121.903879"><ele>298.1</ele><time>2021-11-21T16:12:47Z</time></trkpt>
<trkpt lat="37.082958" lon="-121.904064"><ele>296.3</ele><time>2021-11-21T16:12:49Z</time></trkpt>
<trkpt lat="37.082992" lon="-121.904209"><ele>294.2</ele><time>2021-11-21T16:12:51Z</time></trkpt>
<trkpt lat="37.082864" lon="-121.904302"><ele>296.3</ele><time>2021-11-21T16:12:53Z</time></trkpt>
<trkpt lat="37.082866" lon="-121.904381"><ele>295.7</ele><time>2021-11-21T16:12:55Z</time></trkpt>
<trkpt lat="37.083016" lon="-121.904270"><ele>294.0</ele><time>2021-11-21T16:12:59Z</time></trkpt>
<trkpt lat="37.083189" lon="-121.903974"><ele>291.2</ele><time>2021-11-21T16:13:03Z</time></trkpt>
<trkpt lat="37.083310" lon="-121.903945"><ele>289.8</ele><time>2021-11-21T16:13:04Z</time></trkpt>
<trkpt lat="37.083353" lon="-121.903874"><ele>289.0</ele><time>2021-11-21T16:13:05Z</time></trkpt>
<trkpt lat="37.083343" lon="-121.903970"><ele>288.0</ele><time>2021-11-21T16:13:06Z</time></trkpt>
<trkpt lat="37.083412" lon="-121.904114"><ele>286.6</ele><time>2021-11-21T16:13:08Z</time></trkpt>
<trkpt lat="37.083261" lon="-121.904548"><ele>283.2</ele><time>2021-11-21T16:13:12Z</time></trkpt>
<trkpt lat="37.083225" lon="-121.904506"><ele>282.6</ele><time>2021-11-21T16:13:13Z</time></trkpt>
<trkpt lat="37.083224" lon="-121.904556"><ele>282.1</ele><time>2021-11-21T16:13:14Z</time></trkpt>
<trkpt lat="37.083256" lon="-121.904575"><ele>281.6</ele><time>2021-11-21T16:13:15Z</time></trkpt>
<trkpt lat="37.083321" lon="-121.904539"><ele>280.6</ele><time>2021-11-21T16:13:18Z</time></trkpt>
<trkpt lat="37.083305" lon="-121.904475"><ele>279.6</ele><time>2021-11-21T16:13:23Z</time></trkpt>
<trkpt lat="37.083446" lon="-121.904480"><ele>277.0</ele><time>2021-11-21T16:13:51Z</time></trkpt>
<trkpt lat="37.083391" lon="-121.904567"><ele>276.0</ele><time>2021-11-21T16:13:52Z</time></trkpt>
<trkpt lat="37.083433" lon="-121.904912"><ele>273.3</ele><time>2021-11-21T16:13:58Z</time></trkpt>
<trkpt lat="37.083181" lon="-121.905136"><ele>271.0</ele><time>2021-11-21T16:14:03Z</time></trkpt>
<trkpt lat="37.083070" lon="-121.905278"><ele>270.3</ele><time>2021-11-21T16:14:06Z</time></trkpt>
<trkpt lat="37.082972" lon="-121.905572"><ele>269.4</ele><time>2021-11-21T16:14:10Z</time></trkpt>
<trkpt lat="37.083027" lon="-121.905650"><ele>269.1</ele><time>2021-11-21T16:14:12Z</time></trkpt>
<trkpt lat="37.083091" lon="-121.905927"><ele>267.4</ele><time>2021-11-21T16:14:16Z</time></trkpt>
<trkpt lat="37.083069" lon="-121.905973"><ele>266.9</ele><time>2021-11-21T16:14:17Z</time></trkpt>
<trkpt lat="37.083102" lon="-121.906072"><ele>265.9</ele><time>2021-11-21T16:14:18Z</time></trkpt>
<trkpt lat="37.083137" lon="-121.906072"><ele>265.5</ele><time>2021-11-21T16:14:19Z</time></trkpt>
<trkpt lat="37.083420" lon="-121.905774"><ele>261.6</ele><time>2021-11-21T16:14:24Z</time></trkpt>
<trkpt lat="37.083428" lon="-121.905707"><ele>261.0</ele><time>2021-11-21T16:14:25Z</time></trkpt>
<trkpt lat="37.083375" lon="-121.905604"><ele>260.1</ele><time>2021-11-21T16:14:26Z</time></trkpt>
<trkpt lat="37.083452" lon="-121.905470"><ele>258.8</ele><time>2021-11-21T16:14:28Z</time></trkpt>
<trkpt lat="37.083534" lon="-121.905423"><ele>258.0</ele><time>2021-11-21T16:14:29Z</time></trkpt>
<trkpt lat="37.083650" lon="-121.905503"><ele>256.8</ele><time>2021-11-21T16:14:30Z</time></trkpt>
<trkpt lat="37.083816" lon="-121.905342"><ele>255.2</ele><time>2021-11-21T16:14:33Z</time></trkpt>
<trkpt lat="37.083959" lon="-121.905279"><ele>254.4</ele><time>2021-11-21T16:14:35Z</time></trkpt>
<trkpt lat="37.084126" lon="-121.905068"><ele>253.2</ele><time>2021-11-21T16:14:39Z</time></trkpt>
<trkpt lat="37.084147" lon="-121.904940"><ele>252.5</ele><time>2021-11-21T16:14:41Z</time></trkpt>
<trkpt lat="37.084201" lon="-121.904907"><ele>252.1</ele><time>2021-11-21T16:14:42Z</time></trkpt>
<trkpt lat="37.084278" lon="-121.904908"><ele>251.5</ele><time>2021-11-21T16:14:43Z</time></trkpt>
<trkpt lat="37.084336" lon="-121.905028"><ele>250.8</ele><time>2021-11-21T16:14:45Z</time></trkpt>
<trkpt lat="37.084456" lon="-121.905055"><ele>249.9</ele><time>2021-11-21T16:14:48Z</time></trkpt>
<trkpt lat="37.084679" lon="-121.904991"><ele>248.4</ele><time>2021-11-21T16:14:52Z</time></trkpt>
<trkpt lat="37.084876" lon="-121.904977"><ele>247.6</ele><time>2021-11-21T16:14:53Z</time></trkpt>
<trkpt lat="37.085029" lon="-121.905057"><ele>247.1</ele><time>2021-11-21T16:14:57Z</time></trkpt>
<trkpt lat="37.085132" lon="-121.904954"><ele>246.5</ele><time>2021-11-21T16:15:00Z</time></trkpt>
<trkpt lat="37.085142" lon="-121.904721"><ele>245.6</ele><time>2021-11-21T16:15:04Z</time></trkpt>
<trkpt lat="37.085186" lon="-121.904605"><ele>245.4</ele><time>2021-11-21T16:15:06Z</time></trkpt>
<trkpt lat="37.085152" lon="-121.904488"><ele>245.5</ele><time>2021-11-21T16:15:07Z</time></trkpt>
<trkpt lat="37.085149" lon="-121.904317"><ele>246.0</ele><time>2021-11-21T16:15:10Z</time></trkpt>
<trkpt lat="37.084986" lon="-121.903895"><ele>249.0</ele><time>2021-11-21T16:15:30Z</time></trkpt>
<trkpt lat="37.084997" lon="-121.903790"><ele>249.6</ele><time>2021-11-21T16:15:33Z</time></trkpt>
<trkpt lat="37.085069" lon="-121.903754"><ele>250.2</ele><time>2021-11-21T16:15:34Z</time></trkpt>
<trkpt lat="37.084984" lon="-121.903648"><ele>251.1</ele><time>2021-11-21T16:15:36Z</time></trkpt>
<trkpt lat="37.084950" lon="-121.903626"><ele>251.3</ele><time>2021-11-21T16:15:39Z</time></trkpt>
<trkpt lat="37.084933" lon="-121.903654"><ele>251.5</ele><time>2021-11-21T16:15:40Z</time></trkpt>
<trkpt lat="37.084952" lon="-121.903611"><ele>251.8</ele><time>2021-11-21T16:15:42Z</time></trkpt>
<trkpt lat="37.085029" lon="-121.903645"><ele>252.4</ele><time>2021-11-21T16:15:46Z</time></trkpt>
<trkpt lat="37.085008" lon="-121.903562"><ele>253.0</ele><time>2021-11-21T16:16:15Z</time></trkpt>
<trkpt lat="37.084899" lon="-121.903449"><ele>254.2</ele><time>2021-11-21T16:16:22Z</time></trkpt>
<trkpt lat="37.084948" lon="-121.903371"><ele>254.9</ele><time>2021-11-21T16:16:26Z</time></trkpt>
<trkpt lat="37.084996" lon="-121.903368"><ele>255.3</ele><time>2021-11-21T16:16:28Z</time></trkpt>
<trkpt lat="37.084985" lon="-121.903238"><ele>256.4</ele><time>2021-11-21T16:16:38Z</time></trkpt>
<trkpt lat="37.084906" lon="-121.903046"><ele>257.8</ele><time>2021-11-21T16:16:50Z</time></trkpt>
<trkpt lat="37.084913" lon="-121.902981"><ele>258.3</ele><time>2021-11-21T16:16:53Z</time></trkpt>
<trkpt lat="37.084859" lon="-121.902815"><ele>259.8</ele><time>2021-11-21T16:17:02Z</time></trkpt>
<trkpt lat="37.084878" lon="-121.902680"><ele>261.0</ele><time>2021-11-21T16:17:13Z</time></trkpt>
<trkpt lat="37.084842" lon="-121.902554"><ele>262.4</ele><time>2021-11-21T16:17:21Z</time></trkpt>
<trkpt lat="37.084810" lon="-121.902552"><ele>262.8</ele><time>2021-11-21T16:17:23Z</time></trkpt>
<trkpt lat="37.084802" lon="-121.902489"><ele>263.4</ele><time>2021-11-21T16:17:28Z</time></trkpt>
<trkpt lat="37.084766" lon="-121.902459"><ele>263.9</ele><time>2021-11-21T16:17:32Z</time></trkpt>
<trkpt lat="37.084748" lon="-121.902299"><ele>265.1</ele><time>2021-11-21T16:17:36Z</time></trkpt>
<trkpt lat="37.084669" lon="-121.902164"><ele>266.2</ele><time>2021-11-21T16:17:46Z</time></trkpt>
<trkpt lat="37.084411" lon="-121.901867"><ele>268.9</ele><time>2021-11-21T16:18:10Z</time></trkpt>
<trkpt lat="37.084318" lon="-121.901647"><ele>270.6</ele><time>2021-11-21T16:18:23Z</time></trkpt>
<trkpt lat="37.084245" lon="-121.901556"><ele>271.4</ele><time>2021-11-21T16:18:29Z</time></trkpt>
<trkpt lat="37.084144" lon="-121.901527"><ele>272.4</ele><time>2021-11-21T16:18:36Z</time></trkpt>
<trkpt lat="37.084093" lon="-121.901449"><ele>273.0</ele><time>2021-11-21T16:18:41Z</time></trkpt>
<trkpt lat="37.083990" lon="-121.901438"><ele>274.6</ele><time>2021-11-21T16:18:49Z</time></trkpt>
<trkpt lat="37.083917" lon="-121.901484"><ele>275.5</ele><time>2021-11-21T16:18:53Z</time></trkpt>
<trkpt lat="37.083834" lon="-121.901419"><ele>276.5</ele><time>2021-11-21T16:18:59Z</time></trkpt>
<trkpt lat="37.083695" lon="-121.901466"><ele>278.1</ele><time>2021-11-21T16:19:11Z</time></trkpt>
<trkpt lat="37.083835" lon="-121.901608"><ele>279.3</ele><time>2021-11-21T16:19:27Z</time></trkpt>
<trkpt lat="37.083818" lon="-121.901701"><ele>279.6</ele><time>2021-11-21T16:19:33Z</time></trkpt>
<trkpt lat="37.083846" lon="-121.901709"><ele>279.7</ele><time>2021-11-21T16:19:34Z</time></trkpt>
<trkpt lat="37.083833" lon="-121.901733"><ele>279.8</ele><time>2021-11-21T16:19:35Z</time></trkpt>
<trkpt lat="37.083980" lon="-121.902187"><ele>282.3</ele><time>2021-11-21T16:20:03Z</time></trkpt>
<trkpt lat="37.083969" lon="-121.902259"><ele>282.7</ele><time>2021-11-21T16:20:06Z</time></trkpt>
<trkpt lat="37.084040" lon="-121.902555"><ele>284.5</ele><time>2021-11-21T16:20:19Z</time></trkpt>
<trkpt lat="37.084018" lon="-121.902669"><ele>285.2</ele><time>2021-11-21T16:20:24Z</time></trkpt>
<trkpt lat="37.083886" lon="-121.902791"><ele>286.4</ele><time>2021-11-21T16:20:33Z</time></trkpt>
<trkpt lat="37.083872" lon="-121.902861"><ele>286.8</ele><time>2021-11-21T16:20:37Z</time></trkpt>
<trkpt lat="37.083665" lon="-121.902925"><ele>288.5</ele><time>2021-11-21T16:20:49Z</time></trkpt>
<trkpt lat="37.083530" lon="-121.902902"><ele>289.5</ele><time>2021-11-21T16:20:57Z</time></trkpt>
<trkpt lat="37.083498" lon="-121.902869"><ele>289.9</ele><time>2021-11-21T16:20:59Z</time></trkpt>
<trkpt lat="37.083494" lon="-121.902763"><ele>290.5</ele><time>2021-11-21T16:21:01Z</time></trkpt>
<trkpt lat="37.083270" lon="-121.902704"><ele>292.2</ele><time>2021-11-21T16:21:14Z</time></trkpt>
<trkpt lat="37.083112" lon="-121.902621"><ele>293.8</ele><time>2021-11-21T16:21:24Z</time></trkpt>
<trkpt lat="37.083012" lon="-121.902656"><ele>295.0</ele><time>2021-11-21T16:21:36Z</time></trkpt>
<trkpt lat="37.082978" lon="-121.902631"><ele>295.4</ele><time>2021-11-21T16:21:39Z</time></trkpt>
<trkpt lat="37.082965" lon="-121.902579"><ele>295.8</ele><time>2021-11-21T16:21:43Z</time></trkpt>
<trkpt lat="37.082833" lon="-121.902476"><ele>297.5</ele><time>2021-11-21T16:21:51Z</time></trkpt>
<trkpt lat="37.082751" lon="-121.902338"><ele>298.9</ele><time>2021-11-21T16:22:00Z</time></trkpt>
<trkpt lat="37.082805" lon="-121.902274"><ele>299.7</ele><time>2021-11-21T16:22:02Z</time></trkpt>
<trkpt lat="37.082618" lon="-121.901823"><ele>303.6</ele><time>2021-11-21T16:23:18Z</time></trkpt>
<trkpt lat="37.082504" lon="-121.901422"><ele>306.9</ele><time>2021-11-21T16:23:41Z</time></trkpt>
<trkpt lat="37.082354" lon="-121.901110"><ele>309.9</ele><time>2021-11-21T16:24:11Z</time></trkpt>
<trkpt lat="37.082240" lon="-121.900767"><ele>313.6</ele><time>2021-11-21T16:24:38Z</time></trkpt>
<trkpt lat="37.082134" lon="-121.900576"><ele>316.3</ele><time>2021-11-21T16:24:50Z</time></trkpt>
<trkpt lat="37.082071" lon="-121.900560"><ele>317.2</ele><time>2021-11-21T16:24:57Z</time></trkpt>
<trkpt lat="37.082060" lon="-121.900503"><ele>317.8</ele><time>2021-11-21T16:25:00Z</time></trkpt>
<trkpt lat="37.082072" lon="-121.900536"><ele>318.4</ele><time>2021-11-21T16:25:03Z</time></trkpt>
<trkpt lat="37.082023" lon="-121.900572"><ele>319.2</ele><time>2021-11-21T16:25:05Z</time></trkpt>
<trkpt lat="37.082047" lon="-121.900716"><ele>321.1</ele><time>2021-11-21T16:25:10Z</time></trkpt>
<trkpt lat="37.082010" lon="-121.900875"><ele>323.2</ele><time>2021-11-21T16:25:16Z</time></trkpt>
<trkpt lat="37.081883" lon="-121.900974"><ele>325.4</ele><time>2021-11-21T16:25:23Z</time></trkpt>
<trkpt lat="37.081797" lon="-121.900969"><ele>326.5</ele><time>2021-11-21T16:25:26Z</time></trkpt>
<trkpt lat="37.081654" lon="-121.900947"><ele>328.2</ele><time>2021-11-21T16:26:04Z</time></trkpt>
<trkpt lat="37.081818" lon="-121.900919"><ele>329.6</ele><time>2021-11-21T16:26:06Z</time></trkpt>
<trkpt lat="37.081967" lon="-121.900746"><ele>330.3</ele><time>2021-11-21T16:26:09Z</time></trkpt>
<trkpt lat="37.081771" lon="-121.900954"><ele>331.5</ele><time>2021-11-21T16:26:10Z</time></trkpt>
<trkpt lat="37.081698" lon="-121.900946"><ele>332.6</ele><time>2021-11-21T16:26:14Z</time></trkpt>
<trkpt lat="37.081513" lon="-121.900790"><ele>336.9</ele><time>2021-11-21T16:26:32Z</time></trkpt>
<trkpt lat="37.081459" lon="-121.900629"><ele>339.2</ele><time>2021-11-21T16:26:39Z</time></trkpt>
<trkpt lat="37.081384" lon="-121.900524"><ele>340.9</ele><time>2021-11-21T16:26:47Z</time></trkpt>
<trkpt lat="37.081316" lon="-121.900223"><ele>344.7</ele><time>2021-11-21T16:27:05Z</time></trkpt>
<trkpt lat="37.081310" lon="-121.899957"><ele>347.7</ele><time>2021-11-21T16:27:28Z</time></trkpt>
<trkpt lat="37.081344" lon="-121.899983"><ele>349.0</ele><time>2021-11-21T16:27:40Z</time></trkpt>
<trkpt lat="37.081332" lon="-121.899904"><ele>349.9</ele><time>2021-11-21T16:27:50Z</time></trkpt>
<trkpt lat="37.081372" lon="-121.899878"><ele>350.6</ele><time>2021-11-21T16:27:58Z</time></trkpt>
<trkpt lat="37.081380" lon="-121.899812"><ele>351.4</ele><time>2021-11-21T16:28:21Z</time></trkpt>
<trkpt lat="37.081360" lon="-121.899817"><ele>351.7</ele><time>2021-11-21T16:28:23Z</time></trkpt>
<trkpt lat="37.081324" lon="-121.899682"><ele>353.2</ele><time>2021-11-21T16:28:31Z</time></trkpt>
<trkpt lat="37.081356" lon="-121.899671"><ele>353.6</ele><time>2021-11-21T16:28:32Z</time></trkpt>
<trkpt lat="37.081346" lon="-121.899640"><ele>354.2</ele><time>2021-11-21T16:28:36Z</time></trkpt>
<trkpt lat="37.081357" lon="-121.899745"><ele>355.3</ele><time>2021-11-21T16:28:40Z</time></trkpt>
<trkpt lat="37.081321" lon="-121.899694"><ele>356.1</ele><time>2021-11-21T16:28:47Z</time></trkpt>
<trkpt lat="37.081361" lon="-121.899676"><ele>356.6</ele><time>2021-11-21T16:28:48Z</time></trkpt>
<trkpt lat="37.081298" lon="-121.899260"><ele>360.6</ele><time>2021-11-21T16:29:09Z</time></trkpt>
<trkpt lat="37.081324" lon="-121.898293"><ele>369.9</ele><time>2021-11-21T16:30:08Z</time></trkpt>
<trkpt lat="37.081298" lon="-121.898127"><ele>371.9</ele><time>2021-11-21T16:30:22Z</time></trkpt>
<trkpt lat="37.081334" lon="-121.898013"><ele>373.2</ele><time>2021-11-21T16:30:44Z</time></trkpt>
<trkpt lat="37.081311" lon="-121.897895"><ele>374.4</ele><time>2021-11-21T16:30:53Z</time></trkpt>
<trkpt lat="37.081277" lon="-121.897876"><ele>375.3</ele><time>2021-11-21T16:31:01Z</time></trkpt>
<trkpt lat="37.081166" lon="-121.897596"><ele>378.3</ele><time>2021-11-21T16:31:27Z</time></trkpt>
<trkpt lat="37.081172" lon="-121.897296"><ele>381.8</ele><time>2021-11-21T16:31:32Z</time></trkpt>
<trkpt lat="37.081109" lon="-121.897187"><ele>383.3</ele><time>2021-11-21T16:31:35Z</time></trkpt>
<trkpt lat="37.081170" lon="-121.897182"><ele>384.4</ele><time>2021-11-21T16:31:41Z</time></trkpt>
<trkpt lat="37.081130" lon="-121.897165"><ele>385.3</ele><time>2021-11-21T16:31:45Z</time></trkpt>
<trkpt lat="37.081136" lon="-121.897002"><ele>387.3</ele><time>2021-11-21T16:31:58Z</time></trkpt>
<trkpt lat="37.081107" lon="-121.896926"><ele>388.6</ele><time>2021-11-21T16:32:03Z</time></trkpt>
<trkpt lat="37.080967" lon="-121.896853"><ele>391.1</ele><time>2021-11-21T16:32:14Z</time></trkpt>
<trkpt lat="37.080980" lon="-121.896897"><ele>391.6</ele><time>2021-11-21T16:32:20Z</time></trkpt>
<trkpt lat="37.080965" lon="-121.896877"><ele>392.1</ele><time>2021-11-21T16:32:22Z</time></trkpt>
<trkpt lat="37.080903" lon="-121.896984"><ele>393.8</ele><time>2021-11-21T16:32:29Z</time></trkpt>
<trkpt lat="37.080863" lon="-121.896995"><ele>394.4</ele><time>2021-11-21T16:32:32Z</time></trkpt>
<trkpt lat="37.080556" lon="-121.897515"><ele>399.6</ele><time>2021-11-21T16:33:15Z</time></trkpt>
<trkpt lat="37.080478" lon="-121.897950"><ele>402.6</ele><time>2021-11-21T16:33:39Z</time></trkpt>
<trkpt lat="37.080310" lon="-121.898111"><ele>404.9</ele><time>2021-11-21T16:33:50Z</time></trkpt>
<trkpt lat="37.080182" lon="-121.898081"><ele>406.5</ele><time>2021-11-21T16:33:59Z</time></trkpt>
<trkpt lat="37.080146" lon="-121.898036"><ele>407.2</ele><time>2021-11-21T16:34:01Z</time></trkpt>
<trkpt lat="37.080093" lon="-121.898047"><ele>408.0</ele><time>2021-11-21T16:34:05Z</time></trkpt>
<trkpt lat="37.080043" lon="-121.897992"><ele>409.0</ele><time>2021-11-21T16:34:08Z</time></trkpt>
<trkpt lat="37.079957" lon="-121.897859"><ele>411.2</ele><time>2021-11-21T16:34:13Z</time></trkpt>
<trkpt lat="37.079941" lon="-121.897760"><ele>412.5</ele><time>2021-11-21T16:34:16Z</time></trkpt>
<trkpt lat="37.079879" lon="-121.897656"><ele>412.9</ele><time>2021-11-21T16:34:21Z</time></trkpt>
<trkpt lat="37.079870" lon="-121.897548"><ele>412.8</ele><time>2021-11-21T16:34:25Z</time></trkpt>
<trkpt lat="37.079991" lon="-121.897615"><ele>412.6</ele><time>2021-11-21T16:34:34Z</time></trkpt>
<trkpt lat="37.080083" lon="-121.897622"><ele>412.4</ele><time>2021-11-21T16:35:34Z</time></trkpt>
<trkpt lat="37.080032" lon="-121.897679"><ele>412.3</ele><time>2021-11-21T16:35:40Z</time></trkpt>
<trkpt lat="37.080090" lon="-121.897687"><ele>412.2</ele><time>2021-11-21T16:35:49Z</time></trkpt>
<trkpt lat="37.080072" lon="-121.897699"><ele>412.2</ele><time>2021-11-21T16:35:52Z</time></trkpt>
<trkpt lat="37.080012" lon="-121.897549"><ele>411.9</ele><time>2021-11-21T16:36:29Z</time></trkpt>
<trkpt lat="37.080037" lon="-121.897502"><ele>411.9</ele><time>2021-11-21T16:36:31Z</time></trkpt>
<trkpt lat="37.080069" lon="-121.897529"><ele>411.8</ele><time>2021-11-21T16:36:35Z</time></trkpt>
<trkpt lat="37.079994" lon="-121.897622"><ele>411.6</ele><time>2021-11-21T16:40:10Z</time></trkpt>
<trkpt lat="37.080070" lon="-121.897625"><ele>411.5</ele><time>2021-11-21T16:40:16Z</time></trkpt>
<trkpt lat="37.080141" lon="-121.897566"><ele>411.3</ele><time>2021-11-21T16:40:23Z</time></trkpt>
<trkpt lat="37.080117" lon="-121.897568"><ele>411.3</ele><time>2021-11-21T16:40:24Z</time></trkpt>
<trkpt lat="37.080116" lon="-121.897643"><ele>411.2</ele><time>2021-11-21T16:40:27Z</time></trkpt>
<trkpt lat="37.080146" lon="-121.897862"><ele>410.8</ele><time>2021-11-21T16:40:30Z</time></trkpt>
<trkpt lat="37.080123" lon="-121.898036"><ele>410.6</ele><time>2021-11-21T16:40:33Z</time></trkpt>
<trkpt lat="37.080031" lon="-121.898221"><ele>410.3</ele><time>2021-11-21T16:40:35Z</time></trkpt>
<trkpt lat="37.080010" lon="-121.898325"><ele>409.2</ele><time>2021-11-21T16:40:36Z</time></trkpt>
<trkpt lat="37.079960" lon="-121.898425"><ele>408.3</ele><time>2021-11-21T16:40:37Z</time></trkpt>
<trkpt lat="37.079820" lon="-121.898494"><ele>409.8</ele><time>2021-11-21T16:40:39Z</time></trkpt>
<trkpt lat="37.079824" lon="-121.898544"><ele>409.2</ele><time>2021-11-21T16:40:40Z</time></trkpt>
<trkpt lat="37.079896" lon="-121.898542"><ele>407.8</ele><time>2021-11-21T16:40:41Z</time></trkpt>
<trkpt lat="37.079993" lon="-121.898432"><ele>407.1</ele><time>2021-11-21T16:40:43Z</time></trkpt>
<trkpt lat="37.080097" lon="-121.898387"><ele>405.7</ele><time>2021-11-21T16:40:44Z</time></trkpt>
<trkpt lat="37.080120" lon="-121.898310"><ele>406.3</ele><time>2021-11-21T16:40:45Z</time></trkpt>
<trkpt lat="37.080182" lon="-121.898261"><ele>405.4</ele><time>2021-11-21T16:40:46Z</time></trkpt>
<trkpt lat="37.080273" lon="-121.898349"><ele>402.8</ele><time>2021-11-21T16:40:47Z</time></trkpt>
<trkpt lat="37.080322" lon="-121.898353"><ele>401.0</ele><time>2021-11-21T16:40:48Z</time></trkpt>
<trkpt lat="37.080350" lon="-121.898300"><ele>400.9</ele><time>2021-11-21T16:40:49Z</time></trkpt>
<trkpt lat="37.080391" lon="-121.898347"><ele>399.2</ele><time>2021-11-21T16:40:50Z</time></trkpt>
<trkpt lat="37.080346" lon="-121.898485"><ele>398.5</ele><time>2021-11-21T16:40:51Z</time></trkpt>
<trkpt lat="37.080222" lon="-121.898574"><ele>399.4</ele><time>2021-11-21T16:40:53Z</time></trkpt>
<trkpt lat="37.080271" lon="-121.898631"><ele>397.7</ele><time>2021-11-21T16:40:54Z</time></trkpt>
<trkpt lat="37.080453" lon="-121.898596"><ele>393.5</ele><time>2021-11-21T16:40:56Z</time></trkpt>
<trkpt lat="37.080485" lon="-121.898538"><ele>393.5</ele><time>2021-11-21T16:40:57Z</time></trkpt>
<trkpt lat="37.080529" lon="-121.898601"><ele>390.8</ele><time>2021-11-21T16:40:58Z</time></trkpt>
<trkpt lat="37.080449" lon="-121.898763"><ele>390.0</ele><time>2021-11-21T16:41:00Z</time></trkpt>
<trkpt lat="37.080459" lon="-121.898972"><ele>388.3</ele><time>2021-11-21T16:41:02Z</time></trkpt>
<trkpt lat="37.080365" lon="-121.899062"><ele>387.3</ele><time>2021-11-21T16:41:03Z</time></trkpt>
<trkpt lat="37.080125" lon="-121.899160"><ele>391.4</ele><time>2021-11-21T16:41:06Z</time></trkpt>
<trkpt lat="37.080108" lon="-121.899223"><ele>391.3</ele><time>2021-11-21T16:41:07Z</time></trkpt>
<trkpt lat="37.080194" lon="-121.899294"><ele>388.7</ele><time>2021-11-21T16:41:09Z</time></trkpt>
<trkpt lat="37.080286" lon="-121.899190"><ele>387.4</ele><time>2021-11-21T16:41:11Z</time></trkpt>
<trkpt lat="37.080574" lon="-121.899027"><ele>385.1</ele><time>2021-11-21T16:41:14Z</time></trkpt>
<trkpt lat="37.080727" lon="-121.898544"><ele>381.9</ele><time>2021-11-21T16:41:20Z</time></trkpt>
<trkpt lat="37.080846" lon="-121.898334"><ele>381.1</ele><time>2021-11-21T16:41:23Z</time></trkpt>
<trkpt lat="37.080856" lon="-121.898229"><ele>380.9</ele><time>2021-11-21T16:41:24Z</time></trkpt>
<trkpt lat="37.080937" lon="-121.898122"><ele>380.5</ele><time>2021-11-21T16:41:26Z</time></trkpt>
<trkpt lat="37.080971" lon="-121.897914"><ele>379.9</ele><time>2021-11-21T16:41:30Z</time></trkpt>
<trkpt lat="37.081079" lon="-121.897577"><ele>378.8</ele><time>2021-11-21T16:41:33Z</time></trkpt>
<trkpt lat="37.081192" lon="-121.897430"><ele>378.0</ele><time>2021-11-21T16:41:36Z</time></trkpt>
<trkpt lat="37.081287" lon="-121.897046"><ele>375.3</ele><time>2021-11-21T16:41:41Z</time></trkpt>
<trkpt lat="37.081354" lon="-121.896993"><ele>374.3</ele><time>2021-11-21T16:41:43Z</time></trkpt>
<trkpt lat="37.081198" lon="-121.896494"><ele>370.4</ele><time>2021-11-21T16:41:53Z</time></trkpt>
<trkpt lat="37.081153" lon="-121.896491"><ele>370.2</ele><time>2021-11-21T16:41:54Z</time></trkpt>
<trkpt lat="37.081097" lon="-121.896356"><ele>369.7</ele><time>2021-11-21T16:41:56Z</time></trkpt>
<trkpt lat="37.081085" lon="-121.896272"><ele>369.5</ele><time>2021-11-21T16:41:57Z</time></trkpt>
<trkpt lat="37.081165" lon="-121.896176"><ele>368.8</ele><time>2021-11-21T16:41:59Z</time></trkpt>
<trkpt lat="37.081198" lon="-121.896261"><ele>370.0</ele><time>2021-11-21T16:42:01Z</time></trkpt>
<trkpt lat="37.081215" lon="-121.896253"><ele>368.0</ele><time>2021-11-21T16:42:03Z</time></trkpt>
<trkpt lat="37.081224" lon="-121.896420"><ele>367.8</ele><time>2021-11-21T16:42:05Z</time></trkpt>
<trkpt lat="37.081227" lon="-121.896381"><ele>367.1</ele><time>2021-11-21T16:42:06Z</time></trkpt>
<trkpt lat="37.081290" lon="-121.896358"><ele>363.1</ele><time>2021-11-21T16:42:07Z</time></trkpt>
<trkpt lat="37.081329" lon="-121.896484"><ele>361.7</ele><time>2021-11-21T16:42:10Z</time></trkpt>
<trkpt lat="37.081759" lon="-121.896705"><ele>351.0</ele><time>2021-11-21T16:42:11Z</time></trkpt>
<trkpt lat="37.081729" lon="-121.896856"><ele>353.7</ele><time>2021-11-21T16:42:14Z</time></trkpt>
<trkpt lat="37.081540" lon="-121.896912"><ele>359.1</ele><time>2021-11-21T16:42:15Z</time></trkpt>
<trkpt lat="37.081751" lon="-121.897144"><ele>350.1</ele><time>2021-11-21T16:42:17Z</time></trkpt>
<trkpt lat="37.081751" lon="-121.897212"><ele>349.4</ele><time>2021-11-21T16:42:19Z</time></trkpt>
<trkpt lat="37.081852" lon="-121.897392"><ele>347.6</ele><time>2021-11-21T16:42:22Z</time></trkpt>
<trkpt lat="37.081875" lon="-121.897534"><ele>346.7</ele><time>2021-11-21T16:42:23Z</time></trkpt>
<trkpt lat="37.081932" lon="-121.897655"><ele>344.9</ele><time>2021-11-21T16:42:25Z</time></trkpt>
<trkpt lat="37.082106" lon="-121.897695"><ele>336.5</ele><time>2021-11-21T16:42:27Z</time></trkpt>
<trkpt lat="37.082173" lon="-121.897797"><ele>332.7</ele><time>2021-11-21T16:42:29Z</time></trkpt>
<trkpt lat="37.082160" lon="-121.897886"><ele>334.3</ele><time>2021-11-21T16:42:30Z</time></trkpt>
<trkpt lat="37.082204" lon="-121.897935"><ele>330.8</ele><time>2021-11-21T16:42:31Z</time></trkpt>
<trkpt lat="37.082119" lon="-121.897980"><ele>335.4</ele><time>2021-11-21T16:42:32Z</time></trkpt>
<trkpt lat="37.082122" lon="-121.898022"><ele>335.5</ele><time>2021-11-21T16:42:33Z</time></trkpt>
<trkpt lat="37.081804" lon="-121.898034"><ele>350.1</ele><time>2021-11-21T16:42:34Z</time></trkpt>
<trkpt lat="37.081780" lon="-121.898081"><ele>349.8</ele><time>2021-11-21T16:42:36Z</time></trkpt>
<trkpt lat="37.081865" lon="-121.898284"><ele>348.3</ele><time>2021-11-21T16:42:39Z</time></trkpt>
<trkpt lat="37.082039" lon="-121.898200"><ele>346.4</ele><time>2021-11-21T16:42:42Z</time></trkpt>
<trkpt lat="37.082037" lon="-121.898064"><ele>345.3</ele><time>2021-11-21T16:42:44Z</time></trkpt>
<trkpt lat="37.082187" lon="-121.897895"><ele>343.5</ele><time>2021-11-21T16:42:47Z</time></trkpt>
<trkpt lat="37.082281" lon="-121.898050"><ele>342.1</ele><time>2021-11-21T16:42:49Z</time></trkpt>
<trkpt lat="37.082159" lon="-121.898216"><ele>340.7</ele><time>2021-11-21T16:42:52Z</time></trkpt>
<trkpt lat="37.082171" lon="-121.898381"><ele>339.8</ele><time>2021-11-21T16:42:54Z</time></trkpt>
<trkpt lat="37.082075" lon="-121.898544"><ele>338.7</ele><time>2021-11-21T16:42:57Z</time></trkpt>
<trkpt lat="37.082109" lon="-121.898754"><ele>337.4</ele><time>2021-11-21T16:43:01Z</time></trkpt>
<trkpt lat="37.082047" lon="-121.898854"><ele>336.6</ele><time>2021-11-21T16:43:02Z</time></trkpt>
<trkpt lat="37.082069" lon="-121.899025"><ele>335.7</ele><time>2021-11-21T16:43:04Z</time></trkpt>
<trkpt lat="37.082103" lon="-121.899082"><ele>335.4</ele><time>2021-11-21T16:43:05Z</time></trkpt>
<trkpt lat="37.082099" lon="-121.899195"><ele>334.9</ele><time>2021-11-21T16:43:06Z</time></trkpt>
<trkpt lat="37.082039" lon="-121.899339"><ele>334.2</ele><time>2021-11-21T16:43:08Z</time></trkpt>
<trkpt lat="37.082081" lon="-121.899486"><ele>333.6</ele><time>2021-11-21T16:43:10Z</time></trkpt>
<trkpt lat="37.082052" lon="-121.899579"><ele>333.3</ele><time>2021-11-21T16:43:11Z</time></trkpt>
<trkpt lat="37.081993" lon="-121.899623"><ele>333.1</ele><time>2021-11-21T16:43:12Z</time></trkpt>
<trkpt lat="37.081884" lon="-121.899839"><ele>332.6</ele><time>2021-11-21T16:43:16Z</time></trkpt>
<trkpt lat="37.081944" lon="-121.899917"><ele>332.4</ele><time>2021-11-21T16:43:17Z</time></trkpt>
<trkpt lat="37.081985" lon="-121.900091"><ele>332.4</ele><time>2021-11-21T16:43:20Z</time></trkpt>
<trkpt lat="37.081924" lon="-121.900272"><ele>332.5</ele><time>2021-11-21T16:43:23Z</time></trkpt>
<trkpt lat="37.081945" lon="-121.900340"><ele>332.6</ele><time>2021-11-21T16:43:24Z</time></trkpt>
<trkpt lat="37.081898" lon="-121.900331"><ele>332.6</ele><time>2021-11-21T16:43:25Z</time></trkpt>
<trkpt lat="37.081817" lon="-121.900404"><ele>332.6</ele><time>2021-11-21T16:43:27Z</time></trkpt>
<trkpt lat="37.081772" lon="-121.900698"><ele>332.4</ele><time>2021-11-21T16:43:34Z</time></trkpt>
<trkpt lat="37.081806" lon="-121.900883"><ele>332.0</ele><time>2021-11-21T16:43:37Z</time></trkpt>
<trkpt lat="37.081793" lon="-121.900969"><ele>331.8</ele><time>2021-11-21T16:43:38Z</time></trkpt>
<trkpt lat="37.081771" lon="-121.901023"><ele>331.6</ele><time>2021-11-21T16:43:39Z</time></trkpt>
<trkpt lat="37.081780" lon="-121.900993"><ele>331.7</ele><time>2021-11-21T16:43:41Z</time></trkpt>
<trkpt lat="37.081708" lon="-121.900939"><ele>332.1</ele><time>2021-11-21T16:43:56Z</time></trkpt>
<trkpt lat="37.081743" lon="-121.900954"><ele>332.4</ele><time>2021-11-21T16:44:04Z</time></trkpt>
<trkpt lat="37.081737" lon="-121.900909"><ele>332.5</ele><time>2021-11-21T16:44:06Z</time></trkpt>
<trkpt lat="37.081695" lon="-121.901006"><ele>333.2</ele><time>2021-11-21T16:44:23Z</time></trkpt>
<trkpt lat="37.081676" lon="-121.900963"><ele>333.3</ele><time>2021-11-21T16:44:26Z</time></trkpt>
<trkpt lat="37.081628" lon="-121.900967"><ele>333.6</ele><time>2021-11-21T16:44:33Z</time></trkpt>
<trkpt lat="37.081545" lon="-121.900796"><ele>334.5</ele><time>2021-11-21T16:44:52Z</time></trkpt>
<trkpt lat="37.081596" lon="-121.900765"><ele>334.8</ele><time>2021-11-21T16:45:23Z</time></trkpt>
<trkpt lat="37.081629" lon="-121.900792"><ele>335.0</ele><time>2021-11-21T16:45:39Z</time></trkpt>
<trkpt lat="37.081588" lon="-121.900768"><ele>335.2</ele><time>2021-11-21T16:45:40Z</time></trkpt>
<trkpt lat="37.081607" lon="-121.900805"><ele>335.3</ele><time>2021-11-21T16:45:41Z</time></trkpt>
<trkpt lat="37.081448" lon="-121.900866"><ele>335.6</ele><time>2021-11-21T16:46:12Z</time></trkpt>
<trkpt lat="37.081387" lon="-121.900837"><ele>335.2</ele><time>2021-11-21T16:46:15Z</time></trkpt>
<trkpt lat="37.081534" lon="-121.901077"><ele>333.6</ele><time>2021-11-21T16:46:18Z</time></trkpt>
<trkpt lat="37.081888" lon="-121.901117"><ele>327.8</ele><time>2021-11-21T16:46:21Z</time></trkpt>
<trkpt lat="37.082072" lon="-121.901212"><ele>325.7</ele><time>2021-11-21T16:46:23Z</time></trkpt>
<trkpt lat="37.082217" lon="-121.901534"><ele>323.1</ele><time>2021-11-21T16:46:27Z</time></trkpt>
<trkpt lat="37.082229" lon="-121.901740"><ele>322.1</ele><time>2021-11-21T16:46:29Z</time></trkpt>
<trkpt lat="37.082323" lon="-121.901925"><ele>321.3</ele><time>2021-11-21T16:46:31Z</time></trkpt>
<trkpt lat="37.082314" lon="-121.902030"><ele>321.0</ele><time>2021-11-21T16:46:32Z</time></trkpt>
<trkpt lat="37.082212" lon="-121.902120"><ele>320.6</ele><time>2021-11-21T16:46:33Z</time></trkpt>
<trkpt lat="37.082208" lon="-121.902190"><ele>320.4</ele><time>2021-11-21T16:46:34Z</time></trkpt>
<trkpt lat="37.082140" lon="-121.902291"><ele>320.0</ele><time>2021-11-21T16:46:35Z</time></trkpt>
<trkpt lat="37.082173" lon="-121.902396"><ele>319.4</ele><time>2021-11-21T16:46:36Z</time></trkpt>
<trkpt lat="37.082137" lon="-121.902514"><ele>318.8</ele><time>2021-11-21T16:46:38Z</time></trkpt>
<trkpt lat="37.082234" lon="-121.902860"><ele>317.2</ele><time>2021-11-21T16:46:42Z</time></trkpt>
<trkpt lat="37.082184" lon="-121.903068"><ele>316.4</ele><time>2021-11-21T16:46:44Z</time></trkpt>
<trkpt lat="37.082276" lon="-121.903179"><ele>315.7</ele><time>2021-11-21T16:46:45Z</time></trkpt>
<trkpt lat="37.082333" lon="-121.903457"><ele>314.9</ele><time>2021-11-21T16:46:48Z</time></trkpt>
<trkpt lat="37.082409" lon="-121.903629"><ele>314.2</ele><time>2021-11-21T16:46:50Z</time></trkpt>
<trkpt lat="37.082290" lon="-121.903813"><ele>312.9</ele><time>2021-11-21T16:46:53Z</time></trkpt>
<trkpt lat="37.082394" lon="-121.904285"><ele>310.3</ele><time>2021-11-21T16:46:58Z</time></trkpt>
<trkpt lat="37.082392" lon="-121.904423"><ele>309.8</ele><time>2021-11-21T16:47:00Z</time></trkpt>
<trkpt lat="37.082363" lon="-121.904455"><ele>309.6</ele><time>2021-11-21T16:47:02Z</time></trkpt>
<trkpt lat="37.082450" lon="-121.904427"><ele>309.0</ele><time>2021-11-21T16:47:03Z</time></trkpt>
<trkpt lat="37.082430" lon="-121.904118"><ele>307.1</ele><time>2021-11-21T16:47:04Z</time></trkpt>
<trkpt lat="37.082498" lon="-121.903838"><ele>305.7</ele><time>2021-11-21T16:47:07Z</time></trkpt>
<trkpt lat="37.082613" lon="-121.903722"><ele>304.8</ele><time>2021-11-21T16:47:09Z</time></trkpt>
<trkpt lat="37.082614" lon="-121.903652"><ele>304.5</ele><time>2021-11-21T16:47:10Z</time></trkpt>
<trkpt lat="37.082672" lon="-121.903571"><ele>304.0</ele><time>2021-11-21T16:47:11Z</time></trkpt>
<trkpt lat="37.082724" lon="-121.903542"><ele>303.6</ele><time>2021-11-21T16:47:12Z</time></trkpt>
<trkpt lat="37.082749" lon="-121.903427"><ele>302.8</ele><time>2021-11-21T16:47:13Z</time></trkpt>
<trkpt lat="37.082867" lon="-121.903415"><ele>301.7</ele><time>2021-11-21T16:47:15Z</time></trkpt>
<trkpt lat="37.082901" lon="-121.903509"><ele>300.9</ele><time>2021-11-21T16:47:16Z</time></trkpt>
<trkpt lat="37.082898" lon="-121.903848"><ele>298.5</ele><time>2021-11-21T16:47:19Z</time></trkpt>
<trkpt lat="37.082979" lon="-121.904199"><ele>296.6</ele><time>2021-11-21T16:47:22Z</time></trkpt>
<trkpt lat="37.082835" lon="-121.904285"><ele>295.1</ele><time>2021-11-21T16:47:24Z</time></trkpt>
<trkpt lat="37.082824" lon="-121.904356"><ele>294.6</ele><time>2021-11-21T16:47:25Z</time></trkpt>
<trkpt lat="37.082853" lon="-121.904409"><ele>294.1</ele><time>2021-11-21T16:47:26Z</time></trkpt>
<trkpt lat="37.082884" lon="-121.904428"><ele>293.8</ele><time>2021-11-21T16:47:27Z</time></trkpt>
<trkpt lat="37.083114" lon="-121.904275"><ele>291.4</ele><time>2021-11-21T16:47:32Z</time></trkpt>
<trkpt lat="37.083177" lon="-121.904173"><ele>290.4</ele><time>2021-11-21T16:47:33Z</time></trkpt>
<trkpt lat="37.083229" lon="-121.903968"><ele>288.4</ele><time>2021-11-21T16:47:35Z</time></trkpt>
<trkpt lat="37.083284" lon="-121.903943"><ele>287.7</ele><time>2021-11-21T16:47:36Z</time></trkpt>
<trkpt lat="37.083314" lon="-121.903824"><ele>286.6</ele><time>2021-11-21T16:47:37Z</time></trkpt>
<trkpt lat="37.083342" lon="-121.903833"><ele>286.3</ele><time>2021-11-21T16:47:38Z</time></trkpt>
<trkpt lat="37.083347" lon="-121.904227"><ele>283.8</ele><time>2021-11-21T16:47:40Z</time></trkpt>
<trkpt lat="37.083209" lon="-121.904452"><ele>281.0</ele><time>2021-11-21T16:47:44Z</time></trkpt>
<trkpt lat="37.083223" lon="-121.904640"><ele>278.9</ele><time>2021-11-21T16:47:46Z</time></trkpt>
<trkpt lat="37.083343" lon="-121.904521"><ele>276.8</ele><time>2021-11-21T16:47:50Z</time></trkpt>
<trkpt lat="37.083381" lon="-121.904539"><ele>276.4</ele><time>2021-11-21T16:47:51Z</time></trkpt>
<trkpt lat="37.083331" lon="-121.904704"><ele>275.0</ele><time>2021-11-21T16:47:53Z</time></trkpt>
<trkpt lat="37.083366" lon="-121.904774"><ele>274.4</ele><time>2021-11-21T16:47:54Z</time></trkpt>
<trkpt lat="37.083443" lon="-121.904804"><ele>273.7</ele><time>2021-11-21T16:47:55Z</time></trkpt>
<trkpt lat="37.083338" lon="-121.905093"><ele>271.7</ele><time>2021-11-21T16:47:59Z</time></trkpt>
<trkpt lat="37.083172" lon="-121.905174"><ele>270.7</ele><time>2021-11-21T16:48:02Z</time></trkpt>
<trkpt lat="37.083038" lon="-121.905370"><ele>269.9</ele><time>2021-11-21T16:48:05Z</time></trkpt>
<trkpt lat="37.083006" lon="-121.905589"><ele>269.3</ele><time>2021-11-21T16:48:07Z</time></trkpt>
<trkpt lat="37.083090" lon="-121.906074"><ele>266.2</ele><time>2021-11-21T16:48:16Z</time></trkpt>
<trkpt lat="37.083311" lon="-121.905747"><ele>262.5</ele><time>2021-11-21T16:48:21Z</time></trkpt>
<trkpt lat="37.083253" lon="-121.905543"><ele>260.9</ele><time>2021-11-21T16:48:23Z</time></trkpt>
<trkpt lat="37.083325" lon="-121.905306"><ele>259.0</ele><time>2021-11-21T16:48:26Z</time></trkpt>
<trkpt lat="37.083423" lon="-121.905379"><ele>257.9</ele><time>2021-11-21T16:48:28Z</time></trkpt>
<trkpt lat="37.083720" lon="-121.905113"><ele>255.1</ele><time>2021-11-21T16:48:33Z</time></trkpt>
<trkpt lat="37.083914" lon="-121.905021"><ele>254.1</ele><time>2021-11-21T16:48:36Z</time></trkpt>
<trkpt lat="37.083973" lon="-121.904921"><ele>253.6</ele><time>2021-11-21T16:48:38Z</time></trkpt>
<trkpt lat="37.084174" lon="-121.904871"><ele>252.4</ele><time>2021-11-21T16:48:41Z</time></trkpt>
<trkpt lat="37.084321" lon="-121.905020"><ele>251.0</ele><time>2021-11-21T16:48:43Z</time></trkpt>
<trkpt lat="37.084492" lon="-121.905091"><ele>249.9</ele><time>2021-11-21T16:48:46Z</time></trkpt>
<trkpt lat="37.084649" lon="-121.905017"><ele>248.9</ele><time>2021-11-21T16:48:48Z</time></trkpt>
<trkpt lat="37.084664" lon="-121.904869"><ele>248.3</ele><time>2021-11-21T16:48:49Z</time></trkpt>
<trkpt lat="37.084752" lon="-121.904843"><ele>247.9</ele><time>2021-11-21T16:48:50Z</time></trkpt>
<trkpt lat="37.084833" lon="-121.904856"><ele>247.6</ele><time>2021-11-21T16:48:51Z</time></trkpt>
<trkpt lat="37.084958" lon="-121.904938"><ele>247.3</ele><time>2021-11-21T16:48:52Z</time></trkpt>
<trkpt lat="37.084984" lon="-121.905027"><ele>247.1</ele><time>2021-11-21T16:48:53Z</time></trkpt>
<trkpt lat="37.085050" lon="-121.905004"><ele>246.9</ele><time>2021-11-21T16:48:54Z</time></trkpt>
<trkpt lat="37.085017" lon="-121.904948"><ele>246.6</ele><time>2021-11-21T16:48:56Z</time></trkpt>
<trkpt lat="37.085121" lon="-121.904878"><ele>246.1</ele><time>2021-11-21T16:48:59Z</time></trkpt>
<trkpt lat="37.085163" lon="-121.904758"><ele>245.7</ele><time>2021-11-21T16:49:01Z</time></trkpt>
<trkpt lat="37.085107" lon="-121.904590"><ele>245.4</ele><time>2021-11-21T16:49:02Z</time></trkpt>
<trkpt lat="37.085061" lon="-121.904238"><ele>246.1</ele><time>2021-11-21T16:49:09Z</time></trkpt>
<trkpt lat="37.085027" lon="-121.904254"><ele>246.3</ele><time>2021-11-21T16:49:11Z</time></trkpt>
<trkpt lat="37.085019" lon="-121.904176"><ele>246.7</ele><time>2021-11-21T16:49:15Z</time></trkpt>
<trkpt lat="37.084979" lon="-121.904160"><ele>247.0</ele><time>2021-11-21T16:49:19Z</time></trkpt>
<trkpt lat="37.084958" lon="-121.904078"><ele>247.7</ele><time>2021-11-21T16:49:23Z</time></trkpt>
<trkpt lat="37.085123" lon="-121.903590"><ele>251.0</ele><time>2021-11-21T16:49:58Z</time></trkpt>
<trkpt lat="37.085089" lon="-121.903617"><ele>251.3</ele><time>2021-11-21T16:50:00Z</time></trkpt>
<trkpt lat="37.084936" lon="-121.903503"><ele>252.6</ele><time>2021-11-21T16:51:18Z</time></trkpt>
<trkpt lat="37.084976" lon="-121.903232"><ele>254.4</ele><time>2021-11-21T16:51:23Z</time></trkpt>
<trkpt lat="37.085017" lon="-121.903162"><ele>255.1</ele><time>2021-11-21T16:51:27Z</time></trkpt>
<trkpt lat="37.085000" lon="-121.903093"><ele>255.6</ele><time>2021-11-21T16:51:31Z</time></trkpt>
<trkpt lat="37.085038" lon="-121.903038"><ele>256.0</ele><time>2021-11-21T16:51:35Z</time></trkpt>
<trkpt lat="37.084965" lon="-121.902647"><ele>258.6</ele><time>2021-11-21T16:51:57Z</time></trkpt>
<trkpt lat="37.084894" lon="-121.902640"><ele>259.4</ele><time>2021-11-21T16:52:03Z</time></trkpt>
<trkpt lat="37.084875" lon="-121.902587"><ele>259.9</ele><time>2021-11-21T16:52:06Z</time></trkpt>
<trkpt lat="37.084811" lon="-121.902553"><ele>260.8</ele><time>2021-11-21T16:52:09Z</time></trkpt>
<trkpt lat="37.084759" lon="-121.902454"><ele>261.9</ele><time>2021-11-21T16:52:15Z</time></trkpt>
<trkpt lat="37.084822" lon="-121.902374"><ele>262.9</ele><time>2021-11-21T16:52:16Z</time></trkpt>
<trkpt lat="37.084504" lon="-121.901981"><ele>267.3</ele><time>2021-11-21T16:52:51Z</time></trkpt>
<trkpt lat="37.084273" lon="-121.901576"><ele>270.5</ele><time>2021-11-21T16:53:12Z</time></trkpt>
<trkpt lat="37.084168" lon="-121.901535"><ele>271.5</ele><time>2021-11-21T16:53:17Z</time></trkpt>
<trkpt lat="37.084122" lon="-121.901562"><ele>271.9</ele><time>2021-11-21T16:53:20Z</time></trkpt>
<trkpt lat="37.084049" lon="-121.901524"><ele>272.6</ele><time>2021-11-21T16:53:26Z</time></trkpt>
<trkpt lat="37.084012" lon="-121.901545"><ele>273.0</ele><time>2021-11-21T16:53:29Z</time></trkpt>
<trkpt lat="37.083957" lon="-121.901499"><ele>273.6</ele><time>2021-11-21T16:53:33Z</time></trkpt>
<trkpt lat="37.083879" lon="-121.901494"><ele>274.7</ele><time>2021-11-21T16:53:39Z</time></trkpt>
<trkpt lat="37.083849" lon="-121.901452"><ele>275.2</ele><time>2021-11-21T16:53:41Z</time></trkpt>
<trkpt lat="37.083877" lon="-121.901444"><ele>275.5</ele><time>2021-11-21T16:53:42Z</time></trkpt>
<trkpt lat="37.083859" lon="-121.901535"><ele>276.4</ele><time>2021-11-21T16:53:44Z</time></trkpt>
<trkpt lat="37.083827" lon="-121.901514"><ele>276.8</ele><time>2021-11-21T16:53:45Z</time></trkpt>
<trkpt lat="37.083749" lon="-121.901543"><ele>277.7</ele><time>2021-11-21T16:53:47Z</time></trkpt>
<trkpt lat="37.083656" lon="-121.901454"><ele>279.0</ele><time>2021-11-21T16:53:52Z</time></trkpt>
<trkpt lat="37.083623" lon="-121.901213"><ele>280.6</ele><time>2021-11-21T16:53:56Z</time></trkpt>
<trkpt lat="37.083534" lon="-121.901247"><ele>281.3</ele><time>2021-11-21T16:54:01Z</time></trkpt>
<trkpt lat="37.083412" lon="-121.900983"><ele>283.2</ele><time>2021-11-21T16:54:15Z</time></trkpt>
<trkpt lat="37.083419" lon="-121.900923"><ele>283.5</ele><time>2021-11-21T16:54:17Z</time></trkpt>
<trkpt lat="37.083390" lon="-121.900916"><ele>283.7</ele><time>2021-11-21T16:54:18Z</time></trkpt>
<trkpt lat="37.083364" lon="-121.900694"><ele>285.1</ele><time>2021-11-21T16:54:27Z</time></trkpt>
<trkpt lat="37.083312" lon="-121.900660"><ele>285.3</ele><time>2021-11-21T16:54:30Z</time></trkpt>
<trkpt lat="37.083308" lon="-121.900625"><ele>285.4</ele><time>2021-11-21T16:54:32Z</time></trkpt>
<trkpt lat="37.083348" lon="-121.900624"><ele>285.5</ele><time>2021-11-21T16:54:35Z</time></trkpt>
<trkpt lat="37.083375" lon="-121.900513"><ele>285.3</ele><time>2021-11-21T16:54:42Z</time></trkpt>
<trkpt lat="37.083263" lon="-121.900390"><ele>284.6</ele><time>2021-11-21T16:55:30Z</time></trkpt>
<trkpt lat="37.083243" lon="-121.900419"><ele>284.3</ele><time>2021-11-21T16:55:32Z</time></trkpt>
<trkpt lat="37.083226" lon="-121.900388"><ele>284.1</ele><time>2021-11-21T16:55:34Z</time></trkpt>
<trkpt lat="37.083224" lon="-121.900251"><ele>283.4</ele><time>2021-11-21T16:55:36Z</time></trkpt>
<trkpt lat="37.083294" lon="-121.899993"><ele>282.2</ele><time>2021-11-21T16:55:39Z</time></trkpt>
<trkpt lat="37.083318" lon="-121.899758"><ele>282.3</ele><time>2021-11-21T16:55:41Z</time></trkpt>
<trkpt lat="37.083448" lon="-121.899568"><ele>283.3</ele><time>2021-11-21T16:55:44Z</time></trkpt>
<trkpt lat="37.083610" lon="-121.899742"><ele>285.0</ele><time>2021-11-21T16:55:49Z</time></trkpt>
<trkpt lat="37.083697" lon="-121.899745"><ele>285.7</ele><time>2021-11-21T16:55:54Z</time></trkpt>
<trkpt lat="37.083766" lon="-121.899804"><ele>286.4</ele><time>2021-11-21T16:55:57Z</time></trkpt>
<trkpt lat="37.083869" lon="-121.899765"><ele>287.3</ele><time>2021-11-21T16:56:02Z</time></trkpt>
<trkpt lat="37.083962" lon="-121.899844"><ele>288.4</ele><time>2021-11-21T16:56:09Z</time></trkpt>
<trkpt lat="37.084033" lon="-121.899795"><ele>289.2</ele><time>2021-11-21T16:56:11Z</time></trkpt>
<trkpt lat="37.084158" lon="-121.899805"><ele>290.3</ele><time>2021-11-21T16:56:16Z</time></trkpt>
<trkpt lat="37.084229" lon="-121.899743"><ele>291.1</ele><time>2021-11-21T16:56:23Z</time></trkpt>
<trkpt lat="37.084271" lon="-121.899742"><ele>291.6</ele><time>2021-11-21T16:56:28Z</time></trkpt>
<trkpt lat="37.084304" lon="-121.899794"><ele>292.0</ele><time>2021-11-21T16:56:32Z</time></trkpt>
<trkpt lat="37.084430" lon="-121.899738"><ele>292.9</ele><time>2021-11-21T16:56:37Z</time></trkpt>
<trkpt lat="37.084468" lon="-121.899775"><ele>293.2</ele><time>2021-11-21T16:56:40Z</time></trkpt>
<trkpt lat="37.084500" lon="-121.899756"><ele>293.3</ele><time>2021-11-21T16:56:42Z</time></trkpt>
<trkpt lat="37.084693" lon="-121.899905"><ele>294.7</ele><time>2021-11-21T16:56:53Z</time></trkpt>
<trkpt lat="37.084741" lon="-121.900009"><ele>295.3</ele><time>2021-11-21T16:56:56Z</time></trkpt>
<trkpt lat="37.084877" lon="-121.900102"><ele>296.5</ele><time>2021-11-21T16:57:09Z</time></trkpt>
<trkpt lat="37.084924" lon="-121.900085"><ele>296.8</ele><time>2021-11-21T16:57:12Z</time></trkpt>
<trkpt lat="37.085014" lon="-121.900123"><ele>297.5</ele><time>2021-11-21T16:57:20Z</time></trkpt>
<trkpt lat="37.085152" lon="-121.900080"><ele>298.6</ele><time>2021-11-21T16:57:30Z</time></trkpt>
<trkpt lat="37.085192" lon="-121.900015"><ele>299.1</ele><time>2021-11-21T16:57:34Z</time></trkpt>
<trkpt lat="37.085183" lon="-121.899920"><ele>299.6</ele><time>2021-11-21T16:57:36Z</time></trkpt>
<trkpt lat="37.085402" lon="-121.899695"><ele>301.4</ele><time>2021-11-21T16:57:57Z</time></trkpt>
<trkpt lat="37.085467" lon="-121.899643"><ele>301.7</ele><time>2021-11-21T16:58:03Z</time></trkpt>
<trkpt lat="37.085487" lon="-121.899664"><ele>301.8</ele><time>2021-11-21T16:58:04Z</time></trkpt>
<trkpt lat="37.085500" lon="-121.899562"><ele>302.2</ele><time>2021-11-21T16:58:07Z</time></trkpt>
<trkpt lat="37.085630" lon="-121.899508"><ele>302.8</ele><time>2021-11-21T16:58:14Z</time></trkpt>
<trkpt lat="37.085649" lon="-121.899414"><ele>303.2</ele><time>2021-11-21T16:58:18Z</time></trkpt>
<trkpt lat="37.085767" lon="-121.899384"><ele>303.9</ele><time>2021-11-21T16:58:25Z</time></trkpt>
<trkpt lat="37.085810" lon="-121.899062"><ele>305.5</ele><time>2021-11-21T16:58:45Z</time></trkpt>
<trkpt lat="37.085846" lon="-121.899020"><ele>305.8</ele><time>2021-11-21T16:58:50Z</time></trkpt>
<trkpt lat="37.085829" lon="-121.898983"><ele>306.0</ele><time>2021-11-21T16:58:52Z</time></trkpt>
<trkpt lat="37.085973" lon="-121.898918"><ele>307.6</ele><time>2021-11-21T16:59:01Z</time></trkpt>
<trkpt lat="37.086058" lon="-121.898953"><ele>308.5</ele><time>2021-11-21T16:59:04Z</time></trkpt>
<trkpt lat="37.086066" lon="-121.898876"><ele>309.4</ele><time>2021-11-21T16:59:08Z</time></trkpt>
<trkpt lat="37.086169" lon="-121.898849"><ele>310.6</ele><time>2021-11-21T16:59:12Z</time></trkpt>
<trkpt lat="37.086238" lon="-121.898754"><ele>311.8</ele><time>2021-11-21T16:59:17Z</time></trkpt>
<trkpt lat="37.086281" lon="-121.898789"><ele>312.4</ele><time>2021-11-21T16:59:18Z</time></trkpt>
<trkpt lat="37.086431" lon="-121.898749"><ele>314.4</ele><time>2021-11-21T16:59:28Z</time></trkpt>
<trkpt lat="37.086472" lon="-121.898720"><ele>314.9</ele><time>2021-11-21T16:59:31Z</time></trkpt>
<trkpt lat="37.086461" lon="-121.898609"><ele>315.9</ele><time>2021-11-21T16:59:35Z</time></trkpt>
<trkpt lat="37.086486" lon="-121.898541"><ele>316.5</ele><time>2021-11-21T16:59:39Z</time></trkpt>
<trkpt lat="37.086581" lon="-121.898515"><ele>317.5</ele><time>2021-11-21T16:59:46Z</time></trkpt>
<trkpt lat="37.086651" lon="-121.898436"><ele>318.4</ele><time>2021-11-21T16:59:52Z</time></trkpt>
<trkpt lat="37.086662" lon="-121.898362"><ele>318.9</ele><time>2021-11-21T16:59:56Z</time></trkpt>
<trkpt lat="37.086685" lon="-121.898369"><ele>319.2</ele><time>2021-11-21T16:59:58Z</time></trkpt>
<trkpt lat="37.086655" lon="-121.898288"><ele>319.8</ele><time>2021-11-21T17:00:01Z</time></trkpt>
<trkpt lat="37.086771" lon="-121.898231"><ele>321.0</ele><time>2021-11-21T17:00:04Z</time></trkpt>
<trkpt lat="37.086635" lon="-121.898208"><ele>322.2</ele><time>2021-11-21T17:00:08Z</time></trkpt>
<trkpt lat="37.086712" lon="-121.898065"><ele>323.2</ele><time>2021-11-21T17:00:21Z</time></trkpt>
<trkpt lat="37.086664" lon="-121.897964"><ele>323.8</ele><time>2021-11-21T17:00:26Z</time></trkpt>
<trkpt lat="37.086691" lon="-121.897938"><ele>324.1</ele><time>2021-11-21T17:00:28Z</time></trkpt>
<trkpt lat="37.086692" lon="-121.897780"><ele>324.7</ele><time>2021-11-21T17:00:32Z</time></trkpt>
<trkpt lat="37.086865" lon="-121.897600"><ele>326.0</ele><time>2021-11-21T17:00:42Z</time></trkpt>
<trkpt lat="37.086849" lon="-121.897531"><ele>326.4</ele><time>2021-11-21T17:00:46Z</time></trkpt>
<trkpt lat="37.086921" lon="-121.897298"><ele>328.3</ele><time>2021-11-21T17:00:53Z</time></trkpt>
<trkpt lat="37.086912" lon="-121.897252"><ele>328.7</ele><time>2021-11-21T17:00:57Z</time></trkpt>
<trkpt lat="37.086918" lon="-121.897286"><ele>328.9</ele><time>2021-11-21T17:00:59Z</time></trkpt>
<trkpt lat="37.086982" lon="-121.897219"><ele>329.6</ele><time>2021-11-21T17:01:01Z</time></trkpt>
<trkpt lat="37.086940" lon="-121.897222"><ele>330.0</ele><time>2021-11-21T17:01:03Z</time></trkpt>
<trkpt lat="37.086981" lon="-121.897200"><ele>330.4</ele><time>2021-11-21T17:01:04Z</time></trkpt>
<trkpt lat="37.087136" lon="-121.897191"><ele>331.6</ele><time>2021-11-21T17:01:10Z</time></trkpt>
<trkpt lat="37.087141" lon="-121.897235"><ele>332.0</ele><time>2021-11-21T17:01:14Z</time></trkpt>
<trkpt lat="37.087166" lon="-121.897182"><ele>332.3</ele><time>2021-11-21T17:01:16Z</time></trkpt>
<trkpt lat="37.087273" lon="-121.897266"><ele>333.2</ele><time>2021-11-21T17:01:22Z</time></trkpt>
<trkpt lat="37.087235" lon="-121.897222"><ele>333.6</ele><time>2021-11-21T17:01:24Z</time></trkpt>
<trkpt lat="37.087245" lon="-121.897154"><ele>333.9</ele><time>2021-11-21T17:01:25Z</time></trkpt>
<trkpt lat="37.087257" lon="-121.897112"><ele>334.1</ele><time>2021-11-21T17:01:26Z</time></trkpt>
<trkpt lat="37.087301" lon="-121.897096"><ele>334.4</ele><time>2021-11-21T17:01:30Z</time></trkpt>
<trkpt lat="37.087281" lon="-121.897033"><ele>334.7</ele><time>2021-11-21T17:01:32Z</time></trkpt>
<trkpt lat="37.087324" lon="-121.896972"><ele>335.0</ele><time>2021-11-21T17:01:37Z</time></trkpt>
<trkpt lat="37.087335" lon="-121.896878"><ele>335.5</ele><time>2021-11-21T17:01:41Z</time></trkpt>
<trkpt lat="37.087375" lon="-121.896908"><ele>335.7</ele><time>2021-11-21T17:01:42Z</time></trkpt>
<trkpt lat="37.087378" lon="-121.896860"><ele>335.9</ele><time>2021-11-21T17:01:43Z</time></trkpt>
<trkpt lat="37.087479" lon="-121.896735"><ele>336.8</ele><time>2021-11-21T17:01:48Z</time></trkpt>
<trkpt lat="37.087549" lon="-121.896804"><ele>337.4</ele><time>2021-11-21T17:01:49Z</time></trkpt>
<trkpt lat="37.087669" lon="-121.896713"><ele>338.5</ele><time>2021-11-21T17:01:58Z</time></trkpt>
<trkpt lat="37.087768" lon="-121.896737"><ele>339.3</ele><time>2021-11-21T17:02:03Z</time></trkpt>
<trkpt lat="37.087903" lon="-121.896685"><ele>340.2</ele><time>2021-11-21T17:02:07Z</time></trkpt>
<trkpt lat="37.087921" lon="-121.896712"><ele>340.4</ele><time>2021-11-21T17:02:08Z</time></trkpt>
<trkpt lat="37.088015" lon="-121.896684"><ele>341.2</ele><time>2021-11-21T17:02:15Z</time></trkpt>
<trkpt lat="37.088067" lon="-121.896716"><ele>341.6</ele><time>2021-11-21T17:02:17Z</time></trkpt>
<trkpt lat="37.088210" lon="-121.896581"><ele>342.6</ele><time>2021-11-21T17:02:27Z</time></trkpt>
<trkpt lat="37.088245" lon="-121.896431"><ele>343.4</ele><time>2021-11-21T17:02:33Z</time></trkpt>
<trkpt lat="37.088293" lon="-121.896382"><ele>343.7</ele><time>2021-11-21T17:02:36Z</time></trkpt>
<trkpt lat="37.088267" lon="-121.896340"><ele>344.0</ele><time>2021-11-21T17:02:41Z</time></trkpt>
<trkpt lat="37.088296" lon="-121.896238"><ele>344.7</ele><time>2021-11-21T17:02:47Z</time></trkpt>
<trkpt lat="37.088277" lon="-121.896161"><ele>345.2</ele><time>2021-11-21T17:02:51Z</time></trkpt>
<trkpt lat="37.088342" lon="-121.895916"><ele>347.6</ele><time>2021-11-21T17:03:06Z</time></trkpt>
<trkpt lat="37.088331" lon="-121.895876"><ele>348.3</ele><time>2021-11-21T17:03:09Z</time></trkpt>
<trkpt lat="37.088247" lon="-121.895836"><ele>349.4</ele><time>2021-11-21T17:03:13Z</time></trkpt>
<trkpt lat="37.088292" lon="-121.895801"><ele>350.0</ele><time>2021-11-21T17:03:19Z</time></trkpt>
<trkpt lat="37.088254" lon="-121.895785"><ele>350.4</ele><time>2021-11-21T17:03:20Z</time></trkpt>
<trkpt lat="37.088239" lon="-121.895730"><ele>350.9</ele><time>2021-11-21T17:03:23Z</time></trkpt>
<trkpt lat="37.088235" lon="-121.895697"><ele>351.1</ele><time>2021-11-21T17:03:24Z</time></trkpt>
<trkpt lat="37.088256" lon="-121.895700"><ele>351.3</ele><time>2021-11-21T17:03:25Z</time></trkpt>
<trkpt lat="37.088208" lon="-121.895603"><ele>352.1</ele><time>2021-11-21T17:03:28Z</time></trkpt>
<trkpt lat="37.088208" lon="-121.895561"><ele>352.3</ele><time>2021-11-21T17:03:29Z</time></trkpt>
<trkpt lat="37.088231" lon="-121.895559"><ele>352.5</ele><time>2021-11-21T17:03:31Z</time></trkpt>
<trkpt lat="37.088198" lon="-121.895479"><ele>353.1</ele><time>2021-11-21T17:03:37Z</time></trkpt>
<trkpt lat="37.088080" lon="-121.895427"><ele>353.9</ele><time>2021-11-21T17:03:42Z</time></trkpt>
<trkpt lat="37.088006" lon="-121.895446"><ele>354.5</ele><time>2021-11-21T17:03:44Z</time></trkpt>
<trkpt lat="37.087942" lon="-121.895108"><ele>356.5</ele><time>2021-11-21T17:03:59Z</time></trkpt>
<trkpt lat="37.087842" lon="-121.894907"><ele>357.8</ele><time>2021-11-21T17:04:02Z</time></trkpt>
<trkpt lat="37.087885" lon="-121.894937"><ele>358.2</ele><time>2021-11-21T17:04:04Z</time></trkpt>
<trkpt lat="37.087864" lon="-121.894870"><ele>358.7</ele><time>2021-11-21T17:04:05Z</time></trkpt>
<trkpt lat="37.087579" lon="-121.894667"><ele>361.4</ele><time>2021-11-21T17:04:35Z</time></trkpt>
<trkpt lat="37.087577" lon="-121.894567"><ele>362.0</ele><time>2021-11-21T17:04:38Z</time></trkpt>
<trkpt lat="37.087614" lon="-121.894586"><ele>362.3</ele><time>2021-11-21T17:04:39Z</time></trkpt>
<trkpt lat="37.087590" lon="-121.894589"><ele>362.4</ele><time>2021-11-21T17:04:40Z</time></trkpt>
<trkpt lat="37.087599" lon="-121.894461"><ele>363.1</ele><time>2021-11-21T17:04:48Z</time></trkpt>
<trkpt lat="37.087697" lon="-121.894460"><ele>363.7</ele><time>2021-11-21T17:04:50Z</time></trkpt>
<trkpt lat="37.087635" lon="-121.894430"><ele>364.1</ele><time>2021-11-21T17:04:51Z</time></trkpt>
<trkpt lat="37.087811" lon="-121.894127"><ele>365.9</ele><time>2021-11-21T17:04:59Z</time></trkpt>
<trkpt lat="37.087862" lon="-121.894112"><ele>366.2</ele><time>2021-11-21T17:05:01Z</time></trkpt>
<trkpt lat="37.087807" lon="-121.893845"><ele>367.8</ele><time>2021-11-21T17:05:06Z</time></trkpt>
<trkpt lat="37.087853" lon="-121.893852"><ele>368.2</ele><time>2021-11-21T17:05:08Z</time></trkpt>
<trkpt lat="37.087855" lon="-121.893803"><ele>368.6</ele><time>2021-11-21T17:05:09Z</time></trkpt>
<trkpt lat="37.087943" lon="-121.893802"><ele>369.6</ele><time>2021-11-21T17:05:17Z</time></trkpt>
<trkpt lat="37.087924" lon="-121.893810"><ele>369.8</ele><time>2021-11-21T17:05:18Z</time></trkpt>
<trkpt lat="37.087954" lon="-121.893634"><ele>370.9</ele><time>2021-11-21T17:05:27Z</time></trkpt>
<trkpt lat="37.087883" lon="-121.893483"><ele>371.2</ele><time>2021-11-21T17:05:33Z</time></trkpt>
<trkpt lat="37.087839" lon="-121.893292"><ele>371.1</ele><time>2021-11-21T17:05:47Z</time></trkpt>
<trkpt lat="37.087799" lon="-121.893274"><ele>371.0</ele><time>2021-11-21T17:05:52Z</time></trkpt>
<trkpt lat="37.087852" lon="-121.893242"><ele>370.8</ele><time>2021-11-21T17:06:00Z</time></trkpt>
<trkpt lat="37.087688" lon="-121.892939"><ele>370.0</ele><time>2021-11-21T17:06:45Z</time></trkpt>
<trkpt lat="37.087629" lon="-121.892888"><ele>369.9</ele><time>2021-11-21T17:06:46Z</time></trkpt>
<trkpt lat="37.087587" lon="-121.892764"><ele>369.7</ele><time>2021-11-21T17:06:49Z</time></trkpt>
<trkpt lat="37.087561" lon="-121.892662"><ele>369.7</ele><time>2021-11-21T17:06:50Z</time></trkpt>
<trkpt lat="37.087614" lon="-121.892607"><ele>369.8</ele><time>2021-11-21T17:06:52Z</time></trkpt>
<trkpt lat="37.087568" lon="-121.892392"><ele>370.2</ele><time>2021-11-21T17:06:57Z</time></trkpt>
<trkpt lat="37.087618" lon="-121.892307"><ele>370.4</ele><time>2021-11-21T17:06:59Z</time></trkpt>
<trkpt lat="37.087595" lon="-121.892225"><ele>370.6</ele><time>2021-11-21T17:07:01Z</time></trkpt>
<trkpt lat="37.087619" lon="-121.892181"><ele>370.7</ele><time>2021-11-21T17:07:02Z</time></trkpt>
<trkpt lat="37.087898" lon="-121.892152"><ele>371.6</ele><time>2021-11-21T17:07:07Z</time></trkpt>
<trkpt lat="37.088315" lon="-121.892464"><ele>374.7</ele><time>2021-11-21T17:07:20Z</time></trkpt>
<trkpt lat="37.088527" lon="-121.892525"><ele>376.4</ele><time>2021-11-21T17:07:24Z</time></trkpt>
<trkpt lat="37.089049" lon="-121.892864"><ele>381.7</ele><time>2021-11-21T17:07:58Z</time></trkpt>
<trkpt lat="37.089170" lon="-121.892803"><ele>383.1</ele><time>2021-11-21T17:08:07Z</time></trkpt>
<trkpt lat="37.089390" lon="-121.892808"><ele>385.4</ele><time>2021-11-21T17:08:24Z</time></trkpt>
<trkpt lat="37.089523" lon="-121.892860"><ele>386.7</ele><time>2021-11-21T17:08:33Z</time></trkpt>
<trkpt lat="37.089592" lon="-121.892805"><ele>387.5</ele><time>2021-11-21T17:08:37Z</time></trkpt>
<trkpt lat="37.089622" lon="-121.892816"><ele>387.8</ele><time>2021-11-21T17:08:39Z</time></trkpt>
<trkpt lat="37.089677" lon="-121.892746"><ele>389.0</ele><time>2021-11-21T17:08:48Z</time></trkpt>
<trkpt lat="37.089665" lon="-121.892723"><ele>389.2</ele><time>2021-11-21T17:08:50Z</time></trkpt>
<trkpt lat="37.089653" lon="-121.892816"><ele>390.0</ele><time>2021-11-21T17:08:53Z</time></trkpt>
<trkpt lat="37.089641" lon="-121.892682"><ele>391.2</ele><time>2021-11-21T17:09:21Z</time></trkpt>
<trkpt lat="37.089676" lon="-121.892561"><ele>392.3</ele><time>2021-11-21T17:09:34Z</time></trkpt>
<trkpt lat="37.089658" lon="-121.892510"><ele>392.7</ele><time>2021-11-21T17:09:37Z</time></trkpt>
<trkpt lat="37.089691" lon="-121.892279"><ele>394.5</ele><time>2021-11-21T17:09:53Z</time></trkpt>
<trkpt lat="37.089662" lon="-121.892222"><ele>395.1</ele><time>2021-11-21T17:09:56Z</time></trkpt>
<trkpt lat="37.089916" lon="-121.891754"><ele>399.2</ele><time>2021-11-21T17:10:20Z</time></trkpt>
<trkpt lat="37.090105" lon="-121.891586"><ele>401.2</ele><time>2021-11-21T17:10:32Z</time></trkpt>
<trkpt lat="37.090295" lon="-121.891521"><ele>402.8</ele><time>2021-11-21T17:10:43Z</time></trkpt>
<trkpt lat="37.090321" lon="-121.891594"><ele>403.3</ele><time>2021-11-21T17:10:44Z</time></trkpt>
<trkpt lat="37.090510" lon="-121.891525"><ele>405.1</ele><time>2021-11-21T17:10:55Z</time></trkpt>
<trkpt lat="37.090604" lon="-121.891447"><ele>406.1</ele><time>2021-11-21T17:11:04Z</time></trkpt>
<trkpt lat="37.090704" lon="-121.891286"><ele>407.7</ele><time>2021-11-21T17:11:16Z</time></trkpt>
<trkpt lat="37.090711" lon="-121.891067"><ele>409.4</ele><time>2021-11-21T17:11:31Z</time></trkpt>
<trkpt lat="37.090617" lon="-121.890881"><ele>410.9</ele><time>2021-11-21T17:11:44Z</time></trkpt>
<trkpt lat="37.090638" lon="-121.890739"><ele>411.8</ele><time>2021-11-21T17:11:51Z</time></trkpt>
<trkpt lat="37.090608" lon="-121.890603"><ele>412.7</ele><time>2021-11-21T17:11:55Z</time></trkpt>
<trkpt lat="37.090713" lon="-121.890563"><ele>413.5</ele><time>2021-11-21T17:11:57Z</time></trkpt>
<trkpt lat="37.090740" lon="-121.890279"><ele>414.6</ele><time>2021-11-21T17:12:05Z</time></trkpt>
<trkpt lat="37.090356" lon="-121.889613"><ele>414.3</ele><time>2021-11-21T17:12:41Z</time></trkpt>
<trkpt lat="37.090394" lon="-121.889403"><ele>413.1</ele><time>2021-11-21T17:12:49Z</time></trkpt>
<trkpt lat="37.090454" lon="-121.889390"><ele>413.0</ele><time>2021-11-21T17:12:50Z</time></trkpt>
<trkpt lat="37.090573" lon="-121.889275"><ele>412.8</ele><time>2021-11-21T17:12:53Z</time></trkpt>
<trkpt lat="37.090576" lon="-121.889131"><ele>412.7</ele><time>2021-11-21T17:12:56Z</time></trkpt>
<trkpt lat="37.090729" lon="-121.888815"><ele>413.6</ele><time>2021-11-21T17:13:01Z</time></trkpt>
<trkpt lat="37.090739" lon="-121.888473"><ele>413.9</ele><time>2021-11-21T17:13:07Z</time></trkpt>
<trkpt lat="37.090583" lon="-121.888218"><ele>413.8</ele><time>2021-11-21T17:13:14Z</time></trkpt>
<trkpt lat="37.090352" lon="-121.888029"><ele>413.3</ele><time>2021-11-21T17:13:23Z</time></trkpt>
<trkpt lat="37.090230" lon="-121.887970"><ele>413.0</ele><time>2021-11-21T17:13:29Z</time></trkpt>
<trkpt lat="37.090057" lon="-121.887742"><ele>412.3</ele><time>2021-11-21T17:13:34Z</time></trkpt>
<trkpt lat="37.090035" lon="-121.887652"><ele>412.0</ele><time>2021-11-21T17:13:35Z</time></trkpt>
<trkpt lat="37.090077" lon="-121.887565"><ele>411.6</ele><time>2021-11-21T17:13:36Z</time></trkpt>
<trkpt lat="37.090020" lon="-121.887215"><ele>409.7</ele><time>2021-11-21T17:13:43Z</time></trkpt>
<trkpt lat="37.089806" lon="-121.886841"><ele>407.9</ele><time>2021-11-21T17:13:54Z</time></trkpt>
<trkpt lat="37.089794" lon="-121.886629"><ele>407.3</ele><time>2021-11-21T17:13:58Z</time></trkpt>
<trkpt lat="37.089829" lon="-121.886554"><ele>407.2</ele><time>2021-11-21T17:14:01Z</time></trkpt>
<trkpt lat="37.089785" lon="-121.886545"><ele>407.1</ele><time>2021-11-21T17:14:02Z</time></trkpt>
<trkpt lat="37.089748" lon="-121.886394"><ele>406.9</ele><time>2021-11-21T17:14:08Z</time></trkpt>
<trkpt lat="37.089779" lon="-121.886357"><ele>406.8</ele><time>2021-11-21T17:14:09Z</time></trkpt>
<trkpt lat="37.089791" lon="-121.886247"><ele>406.6</ele><time>2021-11-21T17:14:11Z</time></trkpt>
<trkpt lat="37.089700" lon="-121.885721"><ele>405.9</ele><time>2021-11-21T17:14:22Z</time></trkpt>
<trkpt lat="37.089576" lon="-121.885443"><ele>405.9</ele><time>2021-11-21T17:14:27Z</time></trkpt>
<trkpt lat="37.089479" lon="-121.885317"><ele>406.1</ele><time>2021-11-21T17:14:29Z</time></trkpt>
<trkpt lat="37.089466" lon="-121.885246"><ele>406.3</ele><time>2021-11-21T17:14:30Z</time></trkpt>
<trkpt lat="37.089317" lon="-121.885110"><ele>406.7</ele><time>2021-11-21T17:14:33Z</time></trkpt>
<trkpt lat="37.089266" lon="-121.884970"><ele>407.1</ele><time>2021-11-21T17:14:36Z</time></trkpt>
<trkpt lat="37.089288" lon="-121.884882"><ele>407.4</ele><time>2021-11-21T17:14:37Z</time></trkpt>
<trkpt lat="37.089242" lon="-121.884516"><ele>409.3</ele><time>2021-11-21T17:14:45Z</time></trkpt>
<trkpt lat="37.089187" lon="-121.884492"><ele>409.8</ele><time>2021-11-21T17:14:47Z</time></trkpt>
<trkpt lat="37.088900" lon="-121.883784"><ele>413.0</ele><time>2021-11-21T17:15:11Z</time></trkpt>
<trkpt lat="37.088896" lon="-121.883616"><ele>413.7</ele><time>2021-11-21T17:15:15Z</time></trkpt>
<trkpt lat="37.089061" lon="-121.883417"><ele>415.3</ele><time>2021-11-21T17:15:24Z</time></trkpt>
<trkpt lat="37.089052" lon="-121.883291"><ele>416.1</ele><time>2021-11-21T17:15:28Z</time></trkpt>
<trkpt lat="37.089174" lon="-121.883243"><ele>417.2</ele><time>2021-11-21T17:15:34Z</time></trkpt>
<trkpt lat="37.089241" lon="-121.883300"><ele>417.9</ele><time>2021-11-21T17:15:36Z</time></trkpt>
<trkpt lat="37.089463" lon="-121.883157"><ele>420.3</ele><time>2021-11-21T17:15:49Z</time></trkpt>
<trkpt lat="37.089565" lon="-121.882998"><ele>421.9</ele><time>2021-11-21T17:15:57Z</time></trkpt>
<trkpt lat="37.089589" lon="-121.883020"><ele>422.1</ele><time>2021-11-21T17:15:58Z</time></trkpt>
<trkpt lat="37.089656" lon="-121.882968"><ele>422.7</ele><time>2021-11-21T17:16:02Z</time></trkpt>
<trkpt lat="37.089681" lon="-121.882917"><ele>423.0</ele><time>2021-11-21T17:16:04Z</time></trkpt>
<trkpt lat="37.089668" lon="-121.882805"><ele>423.6</ele><time>2021-11-21T17:16:08Z</time></trkpt>
<trkpt lat="37.089715" lon="-121.882679"><ele>424.4</ele><time>2021-11-21T17:16:13Z</time></trkpt>
<trkpt lat="37.089645" lon="-121.882570"><ele>425.2</ele><time>2021-11-21T17:16:19Z</time></trkpt>
<trkpt lat="37.089620" lon="-121.882459"><ele>425.6</ele><time>2021-11-21T17:16:26Z</time></trkpt>
<trkpt lat="37.089523" lon="-121.882338"><ele>426.2</ele><time>2021-11-21T17:16:35Z</time></trkpt>
<trkpt lat="37.089488" lon="-121.882216"><ele>426.6</ele><time>2021-11-21T17:16:42Z</time></trkpt>
<trkpt lat="37.089406" lon="-121.882220"><ele>427.1</ele><time>2021-11-21T17:16:46Z</time></trkpt>
<trkpt lat="37.089304" lon="-121.882153"><ele>428.0</ele><time>2021-11-21T17:17:05Z</time></trkpt>
<trkpt lat="37.089449" lon="-121.882104"><ele>428.8</ele><time>2021-11-21T17:17:53Z</time></trkpt>
<trkpt lat="37.089399" lon="-121.882054"><ele>429.1</ele><time>2021-11-21T17:17:55Z</time></trkpt>
<trkpt lat="37.089316" lon="-121.882053"><ele>429.6</ele><time>2021-11-21T17:17:59Z</time></trkpt>
<trkpt lat="37.089234" lon="-121.881876"><ele>430.8</ele><time>2021-11-21T17:18:06Z</time></trkpt>
<trkpt lat="37.089248" lon="-121.881818"><ele>431.2</ele><time>2021-11-21T17:18:08Z</time></trkpt>
<trkpt lat="37.089100" lon="-121.881491"><ele>434.5</ele><time>2021-11-21T17:18:30Z</time></trkpt>
<trkpt lat="37.088980" lon="-121.881050"><ele>438.5</ele><time>2021-11-21T17:18:51Z</time></trkpt>
<trkpt lat="37.088729" lon="-121.880534"><ele>440.3</ele><time>2021-11-21T17:19:20Z</time></trkpt>
<trkpt lat="37.088687" lon="-121.880313"><ele>440.8</ele><time>2021-11-21T17:19:28Z</time></trkpt>
<trkpt lat="37.088548" lon="-121.880259"><ele>441.5</ele><time>2021-11-21T17:19:32Z</time></trkpt>
<trkpt lat="37.088559" lon="-121.880227"><ele>441.7</ele><time>2021-11-21T17:19:33Z</time></trkpt>
<trkpt lat="37.088231" lon="-121.879460"><ele>445.2</ele><time>2021-11-21T17:20:09Z</time></trkpt>
<trkpt lat="37.088091" lon="-121.879002"><ele>446.1</ele><time>2021-11-21T17:20:25Z</time></trkpt>
<trkpt lat="37.088021" lon="-121.878030"><ele>447.6</ele><time>2021-11-21T17:20:51Z</time></trkpt>
<trkpt lat="37.088054" lon="-121.877428"><ele>451.1</ele><time>2021-11-21T17:21:08Z</time></trkpt>
<trkpt lat="37.088020" lon="-121.877364"><ele>451.6</ele><time>2021-11-21T17:21:18Z</time></trkpt>
<trkpt lat="37.088046" lon="-121.877244"><ele>452.3</ele><time>2021-11-21T17:21:28Z</time></trkpt>
<trkpt lat="37.088055" lon="-121.877427"><ele>453.0</ele><time>2021-11-21T17:21:30Z</time></trkpt>
<trkpt lat="37.088027" lon="-121.877084"><ele>453.4</ele><time>2021-11-21T17:21:37Z</time></trkpt>
<trkpt lat="37.088018" lon="-121.877135"><ele>453.4</ele><time>2021-11-21T17:21:38Z</time></trkpt>
<trkpt lat="37.088014" lon="-121.877100"><ele>453.5</ele><time>2021-11-21T17:21:39Z</time></trkpt>
<trkpt lat="37.088069" lon="-121.877096"><ele>453.7</ele><time>2021-11-21T17:21:40Z</time></trkpt>
<trkpt lat="37.088074" lon="-121.876992"><ele>454.0</ele><time>2021-11-21T17:21:43Z</time></trkpt>
<trkpt lat="37.088073" lon="-121.876164"><ele>457.2</ele><time>2021-11-21T17:22:05Z</time></trkpt>
<trkpt lat="37.088114" lon="-121.875577"><ele>459.0</ele><time>2021-11-21T17:22:20Z</time></trkpt>
<trkpt lat="37.088092" lon="-121.875260"><ele>459.6</ele><time>2021-11-21T17:22:28Z</time></trkpt>
<trkpt lat="37.087918" lon="-121.874785"><ele>460.6</ele><time>2021-11-21T17:22:46Z</time></trkpt>
<trkpt lat="37.087638" lon="-121.874175"><ele>463.6</ele><time>2021-11-21T17:23:08Z</time></trkpt>
<trkpt lat="37.087227" lon="-121.872880"><ele>470.0</ele><time>2021-11-21T17:24:06Z</time></trkpt>
<trkpt lat="37.086985" lon="-121.872387"><ele>471.6</ele><time>2021-11-21T17:24:28Z</time></trkpt>
<trkpt lat="37.086988" lon="-121.872239"><ele>472.1</ele><time>2021-11-21T17:24:34Z</time></trkpt>
<trkpt lat="37.086934" lon="-121.872041"><ele>472.8</ele><time>2021-11-21T17:24:40Z</time></trkpt>
<trkpt lat="37.086962" lon="-121.871897"><ele>473.2</ele><time>2021-11-21T17:24:45Z</time></trkpt>
<trkpt lat="37.086871" lon="-121.871668"><ele>474.1</ele><time>2021-11-21T17:24:49Z</time></trkpt>
<trkpt lat="37.086906" lon="-121.871611"><ele>474.4</ele><time>2021-11-21T17:24:51Z</time></trkpt>
<trkpt lat="37.086691" lon="-121.871461"><ele>475.6</ele><time>2021-11-21T17:24:54Z</time></trkpt>
<trkpt lat="37.086574" lon="-121.871111"><ele>477.2</ele><time>2021-11-21T17:24:59Z</time></trkpt>
<trkpt lat="37.086437" lon="-121.870912"><ele>478.8</ele><time>2021-11-21T17:25:02Z</time></trkpt>
<trkpt lat="37.086502" lon="-121.870911"><ele>479.2</ele><time>2021-11-21T17:25:04Z</time></trkpt>
<trkpt lat="37.086486" lon="-121.870840"><ele>479.7</ele><time>2021-11-21T17:25:05Z</time></trkpt>
<trkpt lat="37.086541" lon="-121.870823"><ele>480.1</ele><time>2021-11-21T17:25:06Z</time></trkpt>
<trkpt lat="37.086250" lon="-121.870353"><ele>483.1</ele><time>2021-11-21T17:25:27Z</time></trkpt>
<trkpt lat="37.085884" lon="-121.869917"><ele>486.3</ele><time>2021-11-21T17:25:55Z</time></trkpt>
<trkpt lat="37.085764" lon="-121.869686"><ele>488.1</ele><time>2021-11-21T17:26:08Z</time></trkpt>
<trkpt lat="37.085731" lon="-121.869546"><ele>489.1</ele><time>2021-11-21T17:26:12Z</time></trkpt>
<trkpt lat="37.085671" lon="-121.869467"><ele>489.8</ele><time>2021-11-21T17:26:17Z</time></trkpt>
<trkpt lat="37.085662" lon="-121.869306"><ele>490.9</ele><time>2021-11-21T17:26:22Z</time></trkpt>
<trkpt lat="37.085868" lon="-121.868985"><ele>493.7</ele><time>2021-11-21T17:26:33Z</time></trkpt>
<trkpt lat="37.085833" lon="-121.868774"><ele>495.2</ele><time>2021-11-21T17:26:46Z</time></trkpt>
<trkpt lat="37.085866" lon="-121.868689"><ele>496.0</ele><time>2021-11-21T17:26:52Z</time></trkpt>
<trkpt lat="37.085839" lon="-121.868575"><ele>496.4</ele><time>2021-11-21T17:26:59Z</time></trkpt>
<trkpt lat="37.085852" lon="-121.868446"><ele>496.9</ele><time>2021-11-21T17:27:03Z</time></trkpt>
<trkpt lat="37.085967" lon="-121.868433"><ele>497.3</ele><time>2021-11-21T17:27:04Z</time></trkpt>
<trkpt lat="37.085942" lon="-121.867966"><ele>499.8</ele><time>2021-11-21T17:28:23Z</time></trkpt>
<trkpt lat="37.085897" lon="-121.867894"><ele>500.4</ele><time>2021-11-21T17:28:29Z</time></trkpt>
<trkpt lat="37.085923" lon="-121.867867"><ele>500.7</ele><time>2021-11-21T17:28:30Z</time></trkpt>
<trkpt lat="37.085817" lon="-121.867399"><ele>504.4</ele><time>2021-11-21T17:28:44Z</time></trkpt>
<trkpt lat="37.085846" lon="-121.867394"><ele>504.7</ele><time>2021-11-21T17:28:45Z</time></trkpt>
<trkpt lat="37.085718" lon="-121.867323"><ele>506.0</ele><time>2021-11-21T17:28:52Z</time></trkpt>
<trkpt lat="37.085680" lon="-121.867253"><ele>506.6</ele><time>2021-11-21T17:28:57Z</time></trkpt>
<trkpt lat="37.085651" lon="-121.867287"><ele>506.9</ele><time>2021-11-21T17:29:01Z</time></trkpt>
<trkpt lat="37.085579" lon="-121.867278"><ele>507.2</ele><time>2021-11-21T17:29:04Z</time></trkpt>
<trkpt lat="37.085512" lon="-121.867041"><ele>507.8</ele><time>2021-11-21T17:29:10Z</time></trkpt>
<trkpt lat="37.085544" lon="-121.866956"><ele>507.9</ele><time>2021-11-21T17:29:13Z</time></trkpt>
<trkpt lat="37.085444" lon="-121.866716"><ele>508.2</ele><time>2021-11-21T17:29:21Z</time></trkpt>
<trkpt lat="37.085367" lon="-121.866608"><ele>508.5</ele><time>2021-11-21T17:29:25Z</time></trkpt>
<trkpt lat="37.085357" lon="-121.866566"><ele>508.6</ele><time>2021-11-21T17:29:26Z</time></trkpt>
<trkpt lat="37.085410" lon="-121.866508"><ele>508.9</ele><time>2021-11-21T17:29:27Z</time></trkpt>
<trkpt lat="37.085405" lon="-121.865869"><ele>511.7</ele><time>2021-11-21T17:29:45Z</time></trkpt>
<trkpt lat="37.085374" lon="-121.865665"><ele>512.6</ele><time>2021-11-21T17:29:50Z</time></trkpt>
<trkpt lat="37.085360" lon="-121.865628"><ele>512.8</ele><time>2021-11-21T17:29:51Z</time></trkpt>
<trkpt lat="37.085208" lon="-121.865596"><ele>513.6</ele><time>2021-11-21T17:29:54Z</time></trkpt>
<trkpt lat="37.085050" lon="-121.865407"><ele>514.9</ele><time>2021-11-21T17:30:00Z</time></trkpt>
<trkpt lat="37.084925" lon="-121.865177"><ele>516.3</ele><time>2021-11-21T17:30:07Z</time></trkpt>
<trkpt lat="37.084881" lon="-121.864985"><ele>517.3</ele><time>2021-11-21T17:30:16Z</time></trkpt>
<trkpt lat="37.084825" lon="-121.864943"><ele>517.6</ele><time>2021-11-21T17:30:18Z</time></trkpt>
<trkpt lat="37.084825" lon="-121.864826"><ele>518.1</ele><time>2021-11-21T17:30:21Z</time></trkpt>
<trkpt lat="37.084902" lon="-121.864572"><ele>519.5</ele><time>2021-11-21T17:30:31Z</time></trkpt>
<trkpt lat="37.084994" lon="-121.864511"><ele>520.3</ele><time>2021-11-21T17:30:33Z</time></trkpt>
<trkpt lat="37.084979" lon="-121.864378"><ele>521.2</ele><time>2021-11-21T17:30:39Z</time></trkpt>
<trkpt lat="37.084859" lon="-121.864307"><ele>522.3</ele><time>2021-11-21T17:30:48Z</time></trkpt>
<trkpt lat="37.084753" lon="-121.864112"><ele>523.2</ele><time>2021-11-21T17:30:55Z</time></trkpt>
<trkpt lat="37.084646" lon="-121.864032"><ele>523.8</ele><time>2021-11-21T17:30:58Z</time></trkpt>
<trkpt lat="37.084638" lon="-121.863881"><ele>524.2</ele><time>2021-11-21T17:31:03Z</time></trkpt>
<trkpt lat="37.084541" lon="-121.863772"><ele>524.7</ele><time>2021-11-21T17:31:07Z</time></trkpt>
<trkpt lat="37.084546" lon="-121.863587"><ele>525.3</ele><time>2021-11-21T17:31:12Z</time></trkpt>
<trkpt lat="37.084405" lon="-121.863424"><ele>525.9</ele><time>2021-11-21T17:31:18Z</time></trkpt>
<trkpt lat="37.084451" lon="-121.863117"><ele>526.0</ele><time>2021-11-21T17:31:28Z</time></trkpt>
<trkpt lat="37.084378" lon="-121.862859"><ele>525.5</ele><time>2021-11-21T17:31:36Z</time></trkpt>
<trkpt lat="37.084315" lon="-121.862351"><ele>523.8</ele><time>2021-11-21T17:31:46Z</time></trkpt>
<trkpt lat="37.084315" lon="-121.862086"><ele>523.1</ele><time>2021-11-21T17:31:52Z</time></trkpt>
<trkpt lat="37.084285" lon="-121.862027"><ele>523.0</ele><time>2021-11-21T17:31:53Z</time></trkpt>
<trkpt lat="37.084390" lon="-121.861990"><ele>522.8</ele><time>2021-11-21T17:31:54Z</time></trkpt>
<trkpt lat="37.084409" lon="-121.861873"><ele>522.6</ele><time>2021-11-21T17:31:56Z</time></trkpt>
<trkpt lat="37.084417" lon="-121.861383"><ele>522.4</ele><time>2021-11-21T17:32:10Z</time></trkpt>
<trkpt lat="37.084389" lon="-121.861136"><ele>522.6</ele><time>2021-11-21T17:32:19Z</time></trkpt>
<trkpt lat="37.084318" lon="-121.860996"><ele>522.8</ele><time>2021-11-21T17:32:24Z</time></trkpt>
<trkpt lat="37.084332" lon="-121.860922"><ele>522.9</ele><time>2021-11-21T17:32:25Z</time></trkpt>
<trkpt lat="37.084432" lon="-121.860824"><ele>522.9</ele><time>2021-11-21T17:32:28Z</time></trkpt>
<trkpt lat="37.084438" lon="-121.860742"><ele>522.8</ele><time>2021-11-21T17:32:30Z</time></trkpt>
<trkpt lat="37.084363" lon="-121.860661"><ele>522.6</ele><time>2021-11-21T17:32:33Z</time></trkpt>
<trkpt lat="37.084392" lon="-121.860560"><ele>522.4</ele><time>2021-11-21T17:32:37Z</time></trkpt>
<trkpt lat="37.083859" lon="-121.859273"><ele>520.2</ele><time>2021-11-21T17:32:38Z</time></trkpt>
<trkpt lat="37.083954" lon="-121.858925"><ele>519.9</ele><time>2021-11-21T17:32:44Z</time></trkpt>
<trkpt lat="37.083819" lon="-121.858758"><ele>519.7</ele><time>2021-11-21T17:32:47Z</time></trkpt>
<trkpt lat="37.083842" lon="-121.858589"><ele>519.4</ele><time>2021-11-21T17:32:50Z</time></trkpt>
<trkpt lat="37.083763" lon="-121.858574"><ele>519.3</ele><time>2021-11-21T17:32:51Z</time></trkpt>
<trkpt lat="37.083783" lon="-121.858135"><ele>518.8</ele><time>2021-11-21T17:33:00Z</time></trkpt>
<trkpt lat="37.083769" lon="-121.858089"><ele>518.7</ele><time>2021-11-21T17:33:02Z</time></trkpt>
<trkpt lat="37.083774" lon="-121.858323"><ele>518.5</ele><time>2021-11-21T17:33:03Z</time></trkpt>
<trkpt lat="37.083744" lon="-121.857862"><ele>517.9</ele><time>2021-11-21T17:33:16Z</time></trkpt>
<trkpt lat="37.083759" lon="-121.857902"><ele>517.9</ele><time>2021-11-21T17:33:17Z</time></trkpt>
<trkpt lat="37.083766" lon="-121.857759"><ele>517.7</ele><time>2021-11-21T17:33:20Z</time></trkpt>
<trkpt lat="37.083704" lon="-121.857714"><ele>517.5</ele><time>2021-11-21T17:33:22Z</time></trkpt>
<trkpt lat="37.083657" lon="-121.857487"><ele>517.2</ele><time>2021-11-21T17:33:33Z</time></trkpt>
<trkpt lat="37.083624" lon="-121.855985"><ele>513.5</ele><time>2021-11-21T17:33:34Z</time></trkpt>
<trkpt lat="37.083504" lon="-121.855833"><ele>512.6</ele><time>2021-11-21T17:33:37Z</time></trkpt>
<trkpt lat="37.083476" lon="-121.855506"><ele>511.4</ele><time>2021-11-21T17:33:42Z</time></trkpt>
<trkpt lat="37.083187" lon="-121.854439"><ele>510.6</ele><time>2021-11-21T17:34:16Z</time></trkpt>
<trkpt lat="37.082485" lon="-121.853034"><ele>510.1</ele><time>2021-11-21T17:34:41Z</time></trkpt>
<trkpt lat="37.082234" lon="-121.852665"><ele>510.1</ele><time>2021-11-21T17:34:52Z</time></trkpt>
<trkpt lat="37.082224" lon="-121.852583"><ele>510.1</ele><time>2021-11-21T17:34:54Z</time></trkpt>
<trkpt lat="37.082194" lon="-121.852588"><ele>510.1</ele><time>2021-11-21T17:34:55Z</time></trkpt>
<trkpt lat="37.082091" lon="-121.852458"><ele>509.9</ele><time>2021-11-21T17:34:59Z</time></trkpt>
<trkpt lat="37.082064" lon="-121.852368"><ele>509.8</ele><time>2021-11-21T17:35:01Z</time></trkpt>
<trkpt lat="37.082080" lon="-121.852228"><ele>509.7</ele><time>2021-11-21T17:35:04Z</time></trkpt>
<trkpt lat="37.082002" lon="-121.852150"><ele>509.6</ele><time>2021-11-21T17:35:07Z</time></trkpt>
<trkpt lat="37.081973" lon="-121.852029"><ele>509.4</ele><time>2021-11-21T17:35:11Z</time></trkpt>
<trkpt lat="37.081728" lon="-121.851595"><ele>509.1</ele><time>2021-11-21T17:35:24Z</time></trkpt>
<trkpt lat="37.081680" lon="-121.851524"><ele>509.1</ele><time>2021-11-21T17:35:26Z</time></trkpt>
<trkpt lat="37.081621" lon="-121.851500"><ele>509.1</ele><time>2021-11-21T17:35:28Z</time></trkpt>
<trkpt lat="37.081590" lon="-121.851220"><ele>508.7</ele><time>2021-11-21T17:35:35Z</time></trkpt>
<trkpt lat="37.081617" lon="-121.851109"><ele>507.5</ele><time>2021-11-21T17:35:38Z</time></trkpt>
<trkpt lat="37.081689" lon="-121.851086"><ele>507.5</ele><time>2021-11-21T17:35:42Z</time></trkpt>
<trkpt lat="37.081693" lon="-121.850948"><ele>503.8</ele><time>2021-11-21T17:35:44Z</time></trkpt>
<trkpt lat="37.081593" lon="-121.850639"><ele>502.4</ele><time>2021-11-21T17:35:50Z</time></trkpt>
<trkpt lat="37.081565" lon="-121.850625"><ele>502.4</ele><time>2021-11-21T17:35:52Z</time></trkpt>
<trkpt lat="37.081549" lon="-121.850548"><ele>502.4</ele><time>2021-11-21T17:35:54Z</time></trkpt>
<trkpt lat="37.081574" lon="-121.850476"><ele>502.3</ele><time>2021-11-21T17:35:56Z</time></trkpt>
<trkpt lat="37.081502" lon="-121.850167"><ele>502.3</ele><time>2021-11-21T17:36:04Z</time></trkpt>
<trkpt lat="37.081444" lon="-121.850122"><ele>502.3</ele><time>2021-11-21T17:36:06Z</time></trkpt>
<trkpt lat="37.081442" lon="-121.850017"><ele>502.3</ele><time>2021-11-21T17:36:09Z</time></trkpt>
<trkpt lat="37.081308" lon="-121.849880"><ele>502.5</ele><time>2021-11-21T17:36:14Z</time></trkpt>
<trkpt lat="37.081382" lon="-121.849860"><ele>502.6</ele><time>2021-11-21T17:36:15Z</time></trkpt>
<trkpt lat="37.081373" lon="-121.849764"><ele>502.7</ele><time>2021-11-21T17:36:19Z</time></trkpt>
<trkpt lat="37.081306" lon="-121.849662"><ele>502.9</ele><time>2021-11-21T17:36:21Z</time></trkpt>
<trkpt lat="37.081320" lon="-121.849542"><ele>503.1</ele><time>2021-11-21T17:36:22Z</time></trkpt>
<trkpt lat="37.081264" lon="-121.849519"><ele>503.2</ele><time>2021-11-21T17:36:24Z</time></trkpt>
<trkpt lat="37.081245" lon="-121.849449"><ele>503.4</ele><time>2021-11-21T17:36:27Z</time></trkpt>
<trkpt lat="37.081276" lon="-121.849308"><ele>503.5</ele><time>2021-11-21T17:36:38Z</time></trkpt>
<trkpt lat="37.081231" lon="-121.849312"><ele>503.6</ele><time>2021-11-21T17:37:25Z</time></trkpt>
</trkseg></trk>
</gpx>
