<?xml version="1.0" encoding="UTF-8"?>
<gpx version="1.1" creator="Eric Sichak trip reports" xmlns="http://www.topografix.com/GPX/1/1">
<metadata><name>Chamonix–Zermatt Haute Route – Day 6</name><time>2024-03-15T04:37:30Z</time></metadata>
<trk><name>Chamonix–Zermatt Haute Route – Day 6</name><type>ski</type><trkseg>
<trkpt lat="45.989765" lon="7.475560"><ele>3161.6</ele><time>2024-03-15T04:37:30Z</time></trkpt>
<trkpt lat="45.989790" lon="7.475539"><ele>3161.2</ele><time>2024-03-15T04:37:46Z</time></trkpt>
<trkpt lat="45.989765" lon="7.475563"><ele>3161.0</ele><time>2024-03-15T04:37:55Z</time></trkpt>
<trkpt lat="45.989757" lon="7.475525"><ele>3160.2</ele><time>2024-03-15T04:38:00Z</time></trkpt>
<trkpt lat="45.989781" lon="7.475506"><ele>3160.0</ele><time>2024-03-15T04:38:12Z</time></trkpt>
<trkpt lat="45.989776" lon="7.475264"><ele>3158.8</ele><time>2024-03-15T04:39:26Z</time></trkpt>
<trkpt lat="45.989805" lon="7.475230"><ele>3162.6</ele><time>2024-03-15T04:40:38Z</time></trkpt>
<trkpt lat="45.989781" lon="7.475290"><ele>3163.8</ele><time>2024-03-15T04:41:08Z</time></trkpt>
<trkpt lat="45.989828" lon="7.475249"><ele>3163.4</ele><time>2024-03-15T04:41:42Z</time></trkpt>
<trkpt lat="45.989901" lon="7.474789"><ele>3162.2</ele><time>2024-03-15T04:41:51Z</time></trkpt>
<trkpt lat="45.989893" lon="7.473868"><ele>3161.8</ele><time>2024-03-15T04:43:30Z</time></trkpt>
<trkpt lat="45.989771" lon="7.473299"><ele>3164.8</ele><time>2024-03-15T04:45:26Z</time></trkpt>
<trkpt lat="45.989665" lon="7.472994"><ele>3167.2</ele><time>2024-03-15T04:46:22Z</time></trkpt>
<trkpt lat="45.989643" lon="7.472814"><ele>3163.4</ele><time>2024-03-15T04:47:20Z</time></trkpt>
<trkpt lat="45.989540" lon="7.472717"><ele>3163.2</ele><time>2024-03-15T04:47:39Z</time></trkpt>
<trkpt lat="45.989550" lon="7.472699"><ele>3169.0</ele><time>2024-03-15T04:48:27Z</time></trkpt>
<trkpt lat="45.989509" lon="7.472667"><ele>3172.4</ele><time>2024-03-15T04:49:18Z</time></trkpt>
<trkpt lat="45.989389" lon="7.472443"><ele>3169.6</ele><time>2024-03-15T04:49:50Z</time></trkpt>
<trkpt lat="45.989385" lon="7.472424"><ele>3166.8</ele><time>2024-03-15T04:50:52Z</time></trkpt>
<trkpt lat="45.989392" lon="7.472456"><ele>3167.0</ele><time>2024-03-15T04:51:05Z</time></trkpt>
<trkpt lat="45.989320" lon="7.472379"><ele>3165.6</ele><time>2024-03-15T04:52:42Z</time></trkpt>
<trkpt lat="45.988803" lon="7.472155"><ele>3166.0</ele><time>2024-03-15T04:53:20Z</time></trkpt>
<trkpt lat="45.988035" lon="7.472158"><ele>3164.4</ele><time>2024-03-15T04:54:03Z</time></trkpt>
<trkpt lat="45.987578" lon="7.472137"><ele>3160.2</ele><time>2024-03-15T04:54:25Z</time></trkpt>
<trkpt lat="45.986823" lon="7.472316"><ele>3155.0</ele><time>2024-03-15T04:54:39Z</time></trkpt>
<trkpt lat="45.986667" lon="7.472387"><ele>3154.2</ele><time>2024-03-15T04:54:42Z</time></trkpt>
<trkpt lat="45.986575" lon="7.472495"><ele>3155.0</ele><time>2024-03-15T04:54:49Z</time></trkpt>
<trkpt lat="45.985646" lon="7.472630"><ele>3150.8</ele><time>2024-03-15T04:55:23Z</time></trkpt>
<trkpt lat="45.985485" lon="7.472572"><ele>3150.4</ele><time>2024-03-15T04:55:50Z</time></trkpt>
<trkpt lat="45.985379" lon="7.472255"><ele>3147.8</ele><time>2024-03-15T04:56:45Z</time></trkpt>
<trkpt lat="45.985323" lon="7.471931"><ele>3142.0</ele><time>2024-03-15T04:57:00Z</time></trkpt>
<trkpt lat="45.985203" lon="7.471707"><ele>3136.6</ele><time>2024-03-15T04:57:10Z</time></trkpt>
<trkpt lat="45.984973" lon="7.471424"><ele>3128.6</ele><time>2024-03-15T04:57:23Z</time></trkpt>
<trkpt lat="45.984748" lon="7.471244"><ele>3119.4</ele><time>2024-03-15T04:57:35Z</time></trkpt>
<trkpt lat="45.984608" lon="7.471251"><ele>3111.6</ele><time>2024-03-15T04:57:55Z</time></trkpt>
<trkpt lat="45.984697" lon="7.471391"><ele>3107.0</ele><time>2024-03-15T04:58:05Z</time></trkpt>
<trkpt lat="45.984693" lon="7.471430"><ele>3106.6</ele><time>2024-03-15T04:58:10Z</time></trkpt>
<trkpt lat="45.984620" lon="7.471444"><ele>3104.0</ele><time>2024-03-15T04:58:23Z</time></trkpt>
<trkpt lat="45.984620" lon="7.471550"><ele>3103.0</ele><time>2024-03-15T04:58:25Z</time></trkpt>
<trkpt lat="45.984641" lon="7.471571"><ele>3101.6</ele><time>2024-03-15T04:58:27Z</time></trkpt>
<trkpt lat="45.984618" lon="7.471602"><ele>3100.2</ele><time>2024-03-15T04:58:31Z</time></trkpt>
<trkpt lat="45.984511" lon="7.471510"><ele>3094.8</ele><time>2024-03-15T04:58:40Z</time></trkpt>
<trkpt lat="45.984308" lon="7.471456"><ele>3085.4</ele><time>2024-03-15T04:58:59Z</time></trkpt>
<trkpt lat="45.984029" lon="7.471300"><ele>3075.6</ele><time>2024-03-15T04:59:12Z</time></trkpt>
<trkpt lat="45.983797" lon="7.471274"><ele>3067.4</ele><time>2024-03-15T04:59:35Z</time></trkpt>
<trkpt lat="45.983437" lon="7.471115"><ele>3060.2</ele><time>2024-03-15T04:59:52Z</time></trkpt>
<trkpt lat="45.983327" lon="7.471107"><ele>3057.2</ele><time>2024-03-15T04:59:58Z</time></trkpt>
<trkpt lat="45.983200" lon="7.471170"><ele>3056.0</ele><time>2024-03-15T05:00:03Z</time></trkpt>
<trkpt lat="45.983079" lon="7.471340"><ele>3051.0</ele><time>2024-03-15T05:00:07Z</time></trkpt>
<trkpt lat="45.982852" lon="7.471495"><ele>3047.8</ele><time>2024-03-15T05:00:13Z</time></trkpt>
<trkpt lat="45.982698" lon="7.471488"><ele>3047.2</ele><time>2024-03-15T05:00:19Z</time></trkpt>
<trkpt lat="45.982418" lon="7.471548"><ele>3048.2</ele><time>2024-03-15T05:01:10Z</time></trkpt>
<trkpt lat="45.982042" lon="7.471387"><ele>3048.2</ele><time>2024-03-15T05:02:04Z</time></trkpt>
<trkpt lat="45.981924" lon="7.471229"><ele>3048.0</ele><time>2024-03-15T05:02:22Z</time></trkpt>
<trkpt lat="45.981816" lon="7.470910"><ele>3045.2</ele><time>2024-03-15T05:02:29Z</time></trkpt>
<trkpt lat="45.981669" lon="7.470774"><ele>3041.4</ele><time>2024-03-15T05:02:32Z</time></trkpt>
<trkpt lat="45.981633" lon="7.470782"><ele>3040.4</ele><time>2024-03-15T05:02:33Z</time></trkpt>
<trkpt lat="45.981361" lon="7.471327"><ele>3033.6</ele><time>2024-03-15T05:02:40Z</time></trkpt>
<trkpt lat="45.981080" lon="7.471645"><ele>3027.4</ele><time>2024-03-15T05:02:45Z</time></trkpt>
<trkpt lat="45.980644" lon="7.472295"><ele>3017.0</ele><time>2024-03-15T05:02:52Z</time></trkpt>
<trkpt lat="45.979979" lon="7.473332"><ele>3007.6</ele><time>2024-03-15T05:03:06Z</time></trkpt>
<trkpt lat="45.979828" lon="7.473599"><ele>3003.0</ele><time>2024-03-15T05:03:11Z</time></trkpt>
<trkpt lat="45.979375" lon="7.474258"><ele>3000.6</ele><time>2024-03-15T05:04:18Z</time></trkpt>
<trkpt lat="45.979362" lon="7.474265"><ele>3003.4</ele><time>2024-03-15T05:07:37Z</time></trkpt>
<trkpt lat="45.979381" lon="7.474228"><ele>3004.0</ele><time>2024-03-15T05:08:34Z</time></trkpt>
<trkpt lat="45.979359" lon="7.474268"><ele>3004.6</ele><time>2024-03-15T05:09:08Z</time></trkpt>
<trkpt lat="45.979373" lon="7.474240"><ele>3003.8</ele><time>2024-03-15T05:09:23Z</time></trkpt>
<trkpt lat="45.979373" lon="7.474273"><ele>3005.4</ele><time>2024-03-15T05:10:17Z</time></trkpt>
<trkpt lat="45.979372" lon="7.474247"><ele>3006.0</ele><time>2024-03-15T05:10:26Z</time></trkpt>
<trkpt lat="45.979351" lon="7.474322"><ele>3006.8</ele><time>2024-03-15T05:11:05Z</time></trkpt>
<trkpt lat="45.979347" lon="7.474316"><ele>3019.4</ele><time>2024-03-15T05:15:05Z</time></trkpt>
<trkpt lat="45.979232" lon="7.474515"><ele>3017.4</ele><time>2024-03-15T05:15:46Z</time></trkpt>
<trkpt lat="45.979035" lon="7.474718"><ele>3017.4</ele><time>2024-03-15T05:16:10Z</time></trkpt>
<trkpt lat="45.978803" lon="7.475134"><ele>3018.6</ele><time>2024-03-15T05:16:46Z</time></trkpt>
<trkpt lat="45.978637" lon="7.475357"><ele>3018.4</ele><time>2024-03-15T05:17:09Z</time></trkpt>
<trkpt lat="45.978469" lon="7.475522"><ele>3018.4</ele><time>2024-03-15T05:17:30Z</time></trkpt>
<trkpt lat="45.978285" lon="7.475794"><ele>3019.6</ele><time>2024-03-15T05:17:58Z</time></trkpt>
<trkpt lat="45.978130" lon="7.475954"><ele>3019.8</ele><time>2024-03-15T05:18:19Z</time></trkpt>
<trkpt lat="45.976872" lon="7.477887"><ele>3036.8</ele><time>2024-03-15T05:21:33Z</time></trkpt>
<trkpt lat="45.976757" lon="7.478072"><ele>3035.0</ele><time>2024-03-15T05:21:51Z</time></trkpt>
<trkpt lat="45.976418" lon="7.478633"><ele>3039.6</ele><time>2024-03-15T05:22:44Z</time></trkpt>
<trkpt lat="45.975974" lon="7.479422"><ele>3036.8</ele><time>2024-03-15T05:23:51Z</time></trkpt>
<trkpt lat="45.975643" lon="7.479895"><ele>3038.2</ele><time>2024-03-15T05:24:38Z</time></trkpt>
<trkpt lat="45.975487" lon="7.480216"><ele>3036.2</ele><time>2024-03-15T05:25:01Z</time></trkpt>
<trkpt lat="45.975170" lon="7.480724"><ele>3037.0</ele><time>2024-03-15T05:25:49Z</time></trkpt>
<trkpt lat="45.974855" lon="7.481210"><ele>3042.4</ele><time>2024-03-15T05:26:43Z</time></trkpt>
<trkpt lat="45.974638" lon="7.481519"><ele>3041.2</ele><time>2024-03-15T05:27:20Z</time></trkpt>
<trkpt lat="45.974308" lon="7.482010"><ele>3044.8</ele><time>2024-03-15T05:28:09Z</time></trkpt>
<trkpt lat="45.973985" lon="7.482528"><ele>3051.4</ele><time>2024-03-15T05:29:04Z</time></trkpt>
<trkpt lat="45.973841" lon="7.482775"><ele>3050.6</ele><time>2024-03-15T05:29:40Z</time></trkpt>
<trkpt lat="45.973625" lon="7.483080"><ele>3053.2</ele><time>2024-03-15T05:30:14Z</time></trkpt>
<trkpt lat="45.973549" lon="7.483205"><ele>3054.8</ele><time>2024-03-15T05:30:29Z</time></trkpt>
<trkpt lat="45.973542" lon="7.483238"><ele>3057.6</ele><time>2024-03-15T05:30:35Z</time></trkpt>
<trkpt lat="45.973270" lon="7.483659"><ele>3059.0</ele><time>2024-03-15T05:31:31Z</time></trkpt>
<trkpt lat="45.972884" lon="7.484192"><ele>3069.8</ele><time>2024-03-15T05:32:52Z</time></trkpt>
<trkpt lat="45.972426" lon="7.484862"><ele>3078.6</ele><time>2024-03-15T05:34:17Z</time></trkpt>
<trkpt lat="45.971837" lon="7.485507"><ele>3084.2</ele><time>2024-03-15T05:35:47Z</time></trkpt>
<trkpt lat="45.970726" lon="7.486608"><ele>3095.0</ele><time>2024-03-15T05:38:25Z</time></trkpt>
<trkpt lat="45.970168" lon="7.487097"><ele>3097.8</ele><time>2024-03-15T05:39:39Z</time></trkpt>
<trkpt lat="45.969248" lon="7.488019"><ele>3105.0</ele><time>2024-03-15T05:41:44Z</time></trkpt>
<trkpt lat="45.968451" lon="7.488915"><ele>3123.6</ele><time>2024-03-15T05:44:17Z</time></trkpt>
<trkpt lat="45.967995" lon="7.489255"><ele>3133.2</ele><time>2024-03-15T05:45:41Z</time></trkpt>
<trkpt lat="45.967519" lon="7.489843"><ele>3140.2</ele><time>2024-03-15T05:47:05Z</time></trkpt>
<trkpt lat="45.966577" lon="7.490345"><ele>3148.2</ele><time>2024-03-15T05:52:39Z</time></trkpt>
<trkpt lat="45.966105" lon="7.490602"><ele>3156.0</ele><time>2024-03-15T05:54:02Z</time></trkpt>
<trkpt lat="45.965937" lon="7.490575"><ele>3159.6</ele><time>2024-03-15T05:54:25Z</time></trkpt>
<trkpt lat="45.965667" lon="7.490409"><ele>3165.6</ele><time>2024-03-15T05:55:10Z</time></trkpt>
<trkpt lat="45.965537" lon="7.490886"><ele>3177.2</ele><time>2024-03-15T05:56:23Z</time></trkpt>
<trkpt lat="45.965274" lon="7.491531"><ele>3194.0</ele><time>2024-03-15T05:58:00Z</time></trkpt>
<trkpt lat="45.965093" lon="7.491838"><ele>3200.8</ele><time>2024-03-15T05:58:48Z</time></trkpt>
<trkpt lat="45.964751" lon="7.492273"><ele>3210.4</ele><time>2024-03-15T06:00:10Z</time></trkpt>
<trkpt lat="45.964680" lon="7.492200"><ele>3212.8</ele><time>2024-03-15T06:00:29Z</time></trkpt>
<trkpt lat="45.964611" lon="7.492049"><ele>3215.4</ele><time>2024-03-15T06:00:52Z</time></trkpt>
<trkpt lat="45.964426" lon="7.491490"><ele>3225.0</ele><time>2024-03-15T06:02:07Z</time></trkpt>
<trkpt lat="45.964053" lon="7.491921"><ele>3237.8</ele><time>2024-03-15T06:03:47Z</time></trkpt>
<trkpt lat="45.963960" lon="7.492073"><ele>3239.8</ele><time>2024-03-15T06:04:08Z</time></trkpt>
<trkpt lat="45.963936" lon="7.492057"><ele>3241.0</ele><time>2024-03-15T06:04:15Z</time></trkpt>
<trkpt lat="45.963793" lon="7.492183"><ele>3245.0</ele><time>2024-03-15T06:04:44Z</time></trkpt>
<trkpt lat="45.963535" lon="7.491651"><ele>3258.2</ele><time>2024-03-15T06:06:25Z</time></trkpt>
<trkpt lat="45.963289" lon="7.491829"><ele>3265.0</ele><time>2024-03-15T06:07:18Z</time></trkpt>
<trkpt lat="45.963079" lon="7.492475"><ele>3267.2</ele><time>2024-03-15T06:08:39Z</time></trkpt>
<trkpt lat="45.962774" lon="7.492839"><ele>3274.0</ele><time>2024-03-15T06:09:44Z</time></trkpt>
<trkpt lat="45.962695" lon="7.492861"><ele>3276.8</ele><time>2024-03-15T06:10:11Z</time></trkpt>
<trkpt lat="45.962669" lon="7.492906"><ele>3277.4</ele><time>2024-03-15T06:14:18Z</time></trkpt>
<trkpt lat="45.962275" lon="7.492926"><ele>3283.2</ele><time>2024-03-15T06:15:47Z</time></trkpt>
<trkpt lat="45.962093" lon="7.493014"><ele>3286.2</ele><time>2024-03-15T06:16:15Z</time></trkpt>
<trkpt lat="45.962017" lon="7.493104"><ele>3288.4</ele><time>2024-03-15T06:16:30Z</time></trkpt>
<trkpt lat="45.961793" lon="7.493571"><ele>3298.6</ele><time>2024-03-15T06:18:03Z</time></trkpt>
<trkpt lat="45.961746" lon="7.493613"><ele>3300.2</ele><time>2024-03-15T06:18:12Z</time></trkpt>
<trkpt lat="45.961659" lon="7.493614"><ele>3302.4</ele><time>2024-03-15T06:18:32Z</time></trkpt>
<trkpt lat="45.961441" lon="7.493478"><ele>3308.8</ele><time>2024-03-15T06:19:16Z</time></trkpt>
<trkpt lat="45.961207" lon="7.493242"><ele>3317.0</ele><time>2024-03-15T06:20:27Z</time></trkpt>
<trkpt lat="45.961085" lon="7.493005"><ele>3322.2</ele><time>2024-03-15T06:21:03Z</time></trkpt>
<trkpt lat="45.960642" lon="7.493537"><ele>3336.4</ele><time>2024-03-15T06:22:56Z</time></trkpt>
<trkpt lat="45.960253" lon="7.494094"><ele>3348.0</ele><time>2024-03-15T06:24:46Z</time></trkpt>
<trkpt lat="45.960096" lon="7.494402"><ele>3354.4</ele><time>2024-03-15T06:25:44Z</time></trkpt>
<trkpt lat="45.960023" lon="7.494454"><ele>3356.8</ele><time>2024-03-15T06:26:00Z</time></trkpt>
<trkpt lat="45.959694" lon="7.494482"><ele>3365.0</ele><time>2024-03-15T06:27:03Z</time></trkpt>
<trkpt lat="45.959586" lon="7.494578"><ele>3368.6</ele><time>2024-03-15T06:27:28Z</time></trkpt>
<trkpt lat="45.959242" lon="7.495300"><ele>3380.2</ele><time>2024-03-15T06:29:03Z</time></trkpt>
<trkpt lat="45.959145" lon="7.495704"><ele>3384.0</ele><time>2024-03-15T06:29:38Z</time></trkpt>
<trkpt lat="45.959054" lon="7.495841"><ele>3385.4</ele><time>2024-03-15T06:30:32Z</time></trkpt>
<trkpt lat="45.959014" lon="7.495845"><ele>3385.2</ele><time>2024-03-15T06:32:14Z</time></trkpt>
<trkpt lat="45.959069" lon="7.495819"><ele>3384.6</ele><time>2024-03-15T06:32:42Z</time></trkpt>
<trkpt lat="45.959052" lon="7.495829"><ele>3386.6</ele><time>2024-03-15T06:33:21Z</time></trkpt>
<trkpt lat="45.959053" lon="7.495798"><ele>3386.8</ele><time>2024-03-15T06:34:00Z</time></trkpt>
<trkpt lat="45.959050" lon="7.495833"><ele>3387.4</ele><time>2024-03-15T06:34:45Z</time></trkpt>
<trkpt lat="45.959070" lon="7.495816"><ele>3386.8</ele><time>2024-03-15T06:35:06Z</time></trkpt>
<trkpt lat="45.959045" lon="7.495824"><ele>3386.2</ele><time>2024-03-15T06:36:52Z</time></trkpt>
<trkpt lat="45.959077" lon="7.495836"><ele>3385.2</ele><time>2024-03-15T06:37:26Z</time></trkpt>
<trkpt lat="45.959052" lon="7.495858"><ele>3385.0</ele><time>2024-03-15T06:37:37Z</time></trkpt>
<trkpt lat="45.959050" lon="7.495815"><ele>3384.6</ele><time>2024-03-15T06:38:23Z</time></trkpt>
<trkpt lat="45.959068" lon="7.495811"><ele>3386.0</ele><time>2024-03-15T06:39:11Z</time></trkpt>
<trkpt lat="45.959044" lon="7.495818"><ele>3386.4</ele><time>2024-03-15T06:39:43Z</time></trkpt>
<trkpt lat="45.959035" lon="7.495894"><ele>3386.2</ele><time>2024-03-15T06:40:34Z</time></trkpt>
<trkpt lat="45.959046" lon="7.495809"><ele>3387.6</ele><time>2024-03-15T06:42:15Z</time></trkpt>
<trkpt lat="45.959053" lon="7.495832"><ele>3390.0</ele><time>2024-03-15T06:43:06Z</time></trkpt>
<trkpt lat="45.959036" lon="7.495795"><ele>3390.6</ele><time>2024-03-15T06:43:24Z</time></trkpt>
<trkpt lat="45.959042" lon="7.495846"><ele>3391.4</ele><time>2024-03-15T06:44:49Z</time></trkpt>
<trkpt lat="45.959058" lon="7.495824"><ele>3389.2</ele><time>2024-03-15T06:46:51Z</time></trkpt>
<trkpt lat="45.959051" lon="7.495846"><ele>3388.2</ele><time>2024-03-15T06:50:22Z</time></trkpt>
<trkpt lat="45.959036" lon="7.495827"><ele>3387.4</ele><time>2024-03-15T06:51:16Z</time></trkpt>
<trkpt lat="45.959035" lon="7.495873"><ele>3389.2</ele><time>2024-03-15T06:54:47Z</time></trkpt>
<trkpt lat="45.959028" lon="7.495846"><ele>3391.6</ele><time>2024-03-15T06:55:18Z</time></trkpt>
<trkpt lat="45.959042" lon="7.495831"><ele>3388.4</ele><time>2024-03-15T06:57:17Z</time></trkpt>
<trkpt lat="45.959035" lon="7.495888"><ele>3390.0</ele><time>2024-03-15T07:02:52Z</time></trkpt>
<trkpt lat="45.959043" lon="7.495878"><ele>3387.6</ele><time>2024-03-15T07:07:18Z</time></trkpt>
<trkpt lat="45.959058" lon="7.495952"><ele>3386.8</ele><time>2024-03-15T07:07:44Z</time></trkpt>
<trkpt lat="45.959015" lon="7.496697"><ele>3379.4</ele><time>2024-03-15T07:07:53Z</time></trkpt>
<trkpt lat="45.959044" lon="7.497231"><ele>3376.6</ele><time>2024-03-15T07:07:58Z</time></trkpt>
<trkpt lat="45.959030" lon="7.497439"><ele>3378.2</ele><time>2024-03-15T07:08:03Z</time></trkpt>
<trkpt lat="45.959040" lon="7.497445"><ele>3380.8</ele><time>2024-03-15T07:08:59Z</time></trkpt>
<trkpt lat="45.959046" lon="7.497463"><ele>3378.0</ele><time>2024-03-15T07:11:42Z</time></trkpt>
<trkpt lat="45.959058" lon="7.497452"><ele>3379.6</ele><time>2024-03-15T07:12:15Z</time></trkpt>
<trkpt lat="45.959236" lon="7.497651"><ele>3376.4</ele><time>2024-03-15T07:14:07Z</time></trkpt>
<trkpt lat="45.959453" lon="7.497722"><ele>3373.6</ele><time>2024-03-15T07:14:11Z</time></trkpt>
<trkpt lat="45.959510" lon="7.497886"><ele>3371.4</ele><time>2024-03-15T07:14:14Z</time></trkpt>
<trkpt lat="45.959669" lon="7.498017"><ele>3364.8</ele><time>2024-03-15T07:14:17Z</time></trkpt>
<trkpt lat="45.959792" lon="7.498248"><ele>3358.6</ele><time>2024-03-15T07:14:20Z</time></trkpt>
<trkpt lat="45.959865" lon="7.498584"><ele>3348.8</ele><time>2024-03-15T07:14:23Z</time></trkpt>
<trkpt lat="45.959914" lon="7.498711"><ele>3348.0</ele><time>2024-03-15T07:14:24Z</time></trkpt>
<trkpt lat="45.960389" lon="7.499624"><ele>3325.4</ele><time>2024-03-15T07:14:32Z</time></trkpt>
<trkpt lat="45.960532" lon="7.499944"><ele>3322.2</ele><time>2024-03-15T07:14:35Z</time></trkpt>
<trkpt lat="45.960828" lon="7.500831"><ele>3317.2</ele><time>2024-03-15T07:14:43Z</time></trkpt>
<trkpt lat="45.960979" lon="7.501388"><ele>3311.8</ele><time>2024-03-15T07:14:48Z</time></trkpt>
<trkpt lat="45.960978" lon="7.501563"><ele>3311.2</ele><time>2024-03-15T07:14:50Z</time></trkpt>
<trkpt lat="45.960924" lon="7.501717"><ele>3312.0</ele><time>2024-03-15T07:15:03Z</time></trkpt>
<trkpt lat="45.960947" lon="7.501838"><ele>3312.4</ele><time>2024-03-15T07:15:22Z</time></trkpt>
<trkpt lat="45.961086" lon="7.502154"><ele>3311.4</ele><time>2024-03-15T07:15:37Z</time></trkpt>
<trkpt lat="45.961168" lon="7.502212"><ele>3310.4</ele><time>2024-03-15T07:15:39Z</time></trkpt>
<trkpt lat="45.961180" lon="7.502281"><ele>3309.6</ele><time>2024-03-15T07:15:41Z</time></trkpt>
<trkpt lat="45.961200" lon="7.502292"><ele>3307.4</ele><time>2024-03-15T07:15:53Z</time></trkpt>
<trkpt lat="45.961202" lon="7.502497"><ele>3307.2</ele><time>2024-03-15T07:16:10Z</time></trkpt>
<trkpt lat="45.961178" lon="7.502612"><ele>3302.4</ele><time>2024-03-15T07:16:12Z</time></trkpt>
<trkpt lat="45.961121" lon="7.502734"><ele>3300.4</ele><time>2024-03-15T07:16:14Z</time></trkpt>
<trkpt lat="45.961097" lon="7.502879"><ele>3298.6</ele><time>2024-03-15T07:16:16Z</time></trkpt>
<trkpt lat="45.960977" lon="7.503093"><ele>3293.0</ele><time>2024-03-15T07:16:21Z</time></trkpt>
<trkpt lat="45.961026" lon="7.503185"><ele>3290.8</ele><time>2024-03-15T07:16:57Z</time></trkpt>
<trkpt lat="45.961011" lon="7.503343"><ele>3287.8</ele><time>2024-03-15T07:17:00Z</time></trkpt>
<trkpt lat="45.961044" lon="7.503378"><ele>3286.4</ele><time>2024-03-15T07:17:01Z</time></trkpt>
<trkpt lat="45.961367" lon="7.503431"><ele>3282.6</ele><time>2024-03-15T07:17:08Z</time></trkpt>
<trkpt lat="45.961385" lon="7.503486"><ele>3281.0</ele><time>2024-03-15T07:17:10Z</time></trkpt>
<trkpt lat="45.961372" lon="7.503501"><ele>3278.2</ele><time>2024-03-15T07:17:11Z</time></trkpt>
<trkpt lat="45.961331" lon="7.503605"><ele>3277.0</ele><time>2024-03-15T07:17:14Z</time></trkpt>
<trkpt lat="45.961409" lon="7.503658"><ele>3275.2</ele><time>2024-03-15T07:17:17Z</time></trkpt>
<trkpt lat="45.961371" lon="7.503767"><ele>3272.0</ele><time>2024-03-15T07:17:19Z</time></trkpt>
<trkpt lat="45.961135" lon="7.504110"><ele>3268.0</ele><time>2024-03-15T07:17:26Z</time></trkpt>
<trkpt lat="45.960516" lon="7.504761"><ele>3259.4</ele><time>2024-03-15T07:17:47Z</time></trkpt>
<trkpt lat="45.959980" lon="7.504934"><ele>3245.6</ele><time>2024-03-15T07:18:01Z</time></trkpt>
<trkpt lat="45.959967" lon="7.505148"><ele>3242.6</ele><time>2024-03-15T07:18:05Z</time></trkpt>
<trkpt lat="45.959974" lon="7.505220"><ele>3238.4</ele><time>2024-03-15T07:18:06Z</time></trkpt>
<trkpt lat="45.959983" lon="7.505353"><ele>3237.2</ele><time>2024-03-15T07:18:08Z</time></trkpt>
<trkpt lat="45.959977" lon="7.505485"><ele>3230.4</ele><time>2024-03-15T07:18:10Z</time></trkpt>
<trkpt lat="45.960056" lon="7.505688"><ele>3223.2</ele><time>2024-03-15T07:18:14Z</time></trkpt>
<trkpt lat="45.960194" lon="7.505712"><ele>3219.8</ele><time>2024-03-15T07:18:17Z</time></trkpt>
<trkpt lat="45.960174" lon="7.505809"><ele>3217.0</ele><time>2024-03-15T07:18:19Z</time></trkpt>
<trkpt lat="45.960197" lon="7.505867"><ele>3214.6</ele><time>2024-03-15T07:18:20Z</time></trkpt>
<trkpt lat="45.960273" lon="7.505912"><ele>3213.6</ele><time>2024-03-15T07:18:22Z</time></trkpt>
<trkpt lat="45.960279" lon="7.506035"><ele>3210.2</ele><time>2024-03-15T07:18:24Z</time></trkpt>
<trkpt lat="45.960419" lon="7.506190"><ele>3202.4</ele><time>2024-03-15T07:18:28Z</time></trkpt>
<trkpt lat="45.960408" lon="7.506252"><ele>3197.2</ele><time>2024-03-15T07:18:29Z</time></trkpt>
<trkpt lat="45.960428" lon="7.506383"><ele>3195.6</ele><time>2024-03-15T07:18:31Z</time></trkpt>
<trkpt lat="45.960396" lon="7.506515"><ele>3189.2</ele><time>2024-03-15T07:18:33Z</time></trkpt>
<trkpt lat="45.960414" lon="7.506566"><ele>3187.6</ele><time>2024-03-15T07:18:34Z</time></trkpt>
<trkpt lat="45.960498" lon="7.506615"><ele>3185.6</ele><time>2024-03-15T07:18:36Z</time></trkpt>
<trkpt lat="45.960498" lon="7.506727"><ele>3177.8</ele><time>2024-03-15T07:18:38Z</time></trkpt>
<trkpt lat="45.960514" lon="7.506781"><ele>3177.0</ele><time>2024-03-15T07:18:39Z</time></trkpt>
<trkpt lat="45.960730" lon="7.506908"><ele>3170.6</ele><time>2024-03-15T07:18:43Z</time></trkpt>
<trkpt lat="45.960706" lon="7.506984"><ele>3169.2</ele><time>2024-03-15T07:18:44Z</time></trkpt>
<trkpt lat="45.960663" lon="7.507017"><ele>3163.8</ele><time>2024-03-15T07:18:45Z</time></trkpt>
<trkpt lat="45.960595" lon="7.507050"><ele>3162.8</ele><time>2024-03-15T07:18:47Z</time></trkpt>
<trkpt lat="45.960588" lon="7.507089"><ele>3162.2</ele><time>2024-03-15T07:18:48Z</time></trkpt>
<trkpt lat="45.960629" lon="7.507230"><ele>3161.4</ele><time>2024-03-15T07:18:50Z</time></trkpt>
<trkpt lat="45.960667" lon="7.507250"><ele>3160.4</ele><time>2024-03-15T07:18:51Z</time></trkpt>
<trkpt lat="45.960795" lon="7.507570"><ele>3149.0</ele><time>2024-03-15T07:18:57Z</time></trkpt>
<trkpt lat="45.960880" lon="7.507581"><ele>3145.6</ele><time>2024-03-15T07:19:00Z</time></trkpt>
<trkpt lat="45.960879" lon="7.507710"><ele>3142.8</ele><time>2024-03-15T07:19:03Z</time></trkpt>
<trkpt lat="45.960967" lon="7.507889"><ele>3139.0</ele><time>2024-03-15T07:19:07Z</time></trkpt>
<trkpt lat="45.960928" lon="7.507991"><ele>3135.4</ele><time>2024-03-15T07:19:09Z</time></trkpt>
<trkpt lat="45.960928" lon="7.508068"><ele>3135.2</ele><time>2024-03-15T07:19:10Z</time></trkpt>
<trkpt lat="45.960963" lon="7.508128"><ele>3134.4</ele><time>2024-03-15T07:19:11Z</time></trkpt>
<trkpt lat="45.961127" lon="7.508184"><ele>3130.8</ele><time>2024-03-15T07:19:14Z</time></trkpt>
<trkpt lat="45.961074" lon="7.508271"><ele>3126.0</ele><time>2024-03-15T07:19:16Z</time></trkpt>
<trkpt lat="45.961040" lon="7.508383"><ele>3125.2</ele><time>2024-03-15T07:19:18Z</time></trkpt>
<trkpt lat="45.961056" lon="7.508457"><ele>3125.0</ele><time>2024-03-15T07:19:19Z</time></trkpt>
<trkpt lat="45.961188" lon="7.508606"><ele>3121.4</ele><time>2024-03-15T07:19:22Z</time></trkpt>
<trkpt lat="45.961172" lon="7.508764"><ele>3116.0</ele><time>2024-03-15T07:19:24Z</time></trkpt>
<trkpt lat="45.961201" lon="7.508817"><ele>3115.0</ele><time>2024-03-15T07:19:25Z</time></trkpt>
<trkpt lat="45.961291" lon="7.508870"><ele>3113.4</ele><time>2024-03-15T07:19:27Z</time></trkpt>
<trkpt lat="45.961355" lon="7.508984"><ele>3111.0</ele><time>2024-03-15T07:19:29Z</time></trkpt>
<trkpt lat="45.961312" lon="7.509139"><ele>3106.2</ele><time>2024-03-15T07:19:31Z</time></trkpt>
<trkpt lat="45.961326" lon="7.509217"><ele>3105.6</ele><time>2024-03-15T07:19:32Z</time></trkpt>
<trkpt lat="45.961406" lon="7.509309"><ele>3104.2</ele><time>2024-03-15T07:19:34Z</time></trkpt>
<trkpt lat="45.961467" lon="7.509461"><ele>3098.4</ele><time>2024-03-15T07:19:36Z</time></trkpt>
<trkpt lat="45.961386" lon="7.509518"><ele>3097.4</ele><time>2024-03-15T07:19:39Z</time></trkpt>
<trkpt lat="45.961404" lon="7.509501"><ele>3097.0</ele><time>2024-03-15T07:19:41Z</time></trkpt>
<trkpt lat="45.961408" lon="7.509563"><ele>3096.8</ele><time>2024-03-15T07:19:45Z</time></trkpt>
<trkpt lat="45.961556" lon="7.509754"><ele>3095.2</ele><time>2024-03-15T07:19:50Z</time></trkpt>
<trkpt lat="45.961588" lon="7.510044"><ele>3089.2</ele><time>2024-03-15T07:19:54Z</time></trkpt>
<trkpt lat="45.961765" lon="7.510266"><ele>3087.8</ele><time>2024-03-15T07:19:58Z</time></trkpt>
<trkpt lat="45.961803" lon="7.510363"><ele>3087.0</ele><time>2024-03-15T07:19:59Z</time></trkpt>
<trkpt lat="45.961783" lon="7.510600"><ele>3081.0</ele><time>2024-03-15T07:20:02Z</time></trkpt>
<trkpt lat="45.961884" lon="7.510815"><ele>3079.4</ele><time>2024-03-15T07:20:05Z</time></trkpt>
<trkpt lat="45.961965" lon="7.511200"><ele>3078.4</ele><time>2024-03-15T07:20:09Z</time></trkpt>
<trkpt lat="45.961985" lon="7.511461"><ele>3072.4</ele><time>2024-03-15T07:20:12Z</time></trkpt>
<trkpt lat="45.962120" lon="7.511850"><ele>3069.4</ele><time>2024-03-15T07:20:17Z</time></trkpt>
<trkpt lat="45.962140" lon="7.512124"><ele>3065.4</ele><time>2024-03-15T07:20:20Z</time></trkpt>
<trkpt lat="45.962226" lon="7.512369"><ele>3061.4</ele><time>2024-03-15T07:20:23Z</time></trkpt>
<trkpt lat="45.962252" lon="7.512547"><ele>3059.8</ele><time>2024-03-15T07:20:25Z</time></trkpt>
<trkpt lat="45.962262" lon="7.512625"><ele>3055.8</ele><time>2024-03-15T07:20:26Z</time></trkpt>
<trkpt lat="45.962528" lon="7.513112"><ele>3050.4</ele><time>2024-03-15T07:20:33Z</time></trkpt>
<trkpt lat="45.962569" lon="7.513382"><ele>3046.4</ele><time>2024-03-15T07:20:36Z</time></trkpt>
<trkpt lat="45.962617" lon="7.513503"><ele>3043.2</ele><time>2024-03-15T07:20:38Z</time></trkpt>
<trkpt lat="45.962797" lon="7.513725"><ele>3042.0</ele><time>2024-03-15T07:20:42Z</time></trkpt>
<trkpt lat="45.962913" lon="7.513947"><ele>3036.2</ele><time>2024-03-15T07:20:45Z</time></trkpt>
<trkpt lat="45.963081" lon="7.514348"><ele>3030.6</ele><time>2024-03-15T07:20:50Z</time></trkpt>
<trkpt lat="45.963396" lon="7.514970"><ele>3030.0</ele><time>2024-03-15T07:20:58Z</time></trkpt>
<trkpt lat="45.963667" lon="7.515490"><ele>3022.6</ele><time>2024-03-15T07:21:04Z</time></trkpt>
<trkpt lat="45.964230" lon="7.516290"><ele>3005.6</ele><time>2024-03-15T07:21:16Z</time></trkpt>
<trkpt lat="45.964610" lon="7.516802"><ele>3000.8</ele><time>2024-03-15T07:21:24Z</time></trkpt>
<trkpt lat="45.964805" lon="7.517380"><ele>2995.2</ele><time>2024-03-15T07:21:33Z</time></trkpt>
<trkpt lat="45.964927" lon="7.517485"><ele>2992.0</ele><time>2024-03-15T07:21:36Z</time></trkpt>
<trkpt lat="45.964961" lon="7.517617"><ele>2990.0</ele><time>2024-03-15T07:21:38Z</time></trkpt>
<trkpt lat="45.965005" lon="7.517648"><ele>2989.2</ele><time>2024-03-15T07:21:39Z</time></trkpt>
<trkpt lat="45.965035" lon="7.517618"><ele>2985.2</ele><time>2024-03-15T07:22:12Z</time></trkpt>
<trkpt lat="45.965274" lon="7.517704"><ele>2982.0</ele><time>2024-03-15T07:22:20Z</time></trkpt>
<trkpt lat="45.965282" lon="7.517919"><ele>2976.0</ele><time>2024-03-15T07:22:23Z</time></trkpt>
<trkpt lat="45.965258" lon="7.518173"><ele>2972.6</ele><time>2024-03-15T07:22:26Z</time></trkpt>
<trkpt lat="45.965267" lon="7.518648"><ele>2960.2</ele><time>2024-03-15T07:22:32Z</time></trkpt>
<trkpt lat="45.965255" lon="7.518965"><ele>2956.6</ele><time>2024-03-15T07:22:36Z</time></trkpt>
<trkpt lat="45.965163" lon="7.519594"><ele>2947.0</ele><time>2024-03-15T07:22:44Z</time></trkpt>
<trkpt lat="45.965101" lon="7.520062"><ele>2935.0</ele><time>2024-03-15T07:22:49Z</time></trkpt>
<trkpt lat="45.965033" lon="7.520249"><ele>2931.2</ele><time>2024-03-15T07:22:52Z</time></trkpt>
<trkpt lat="45.964766" lon="7.520718"><ele>2924.4</ele><time>2024-03-15T07:22:59Z</time></trkpt>
<trkpt lat="45.964734" lon="7.520890"><ele>2923.2</ele><time>2024-03-15T07:23:01Z</time></trkpt>
<trkpt lat="45.964753" lon="7.521193"><ele>2918.2</ele><time>2024-03-15T07:23:05Z</time></trkpt>
<trkpt lat="45.964605" lon="7.521654"><ele>2915.4</ele><time>2024-03-15T07:23:11Z</time></trkpt>
<trkpt lat="45.964552" lon="7.522148"><ele>2909.0</ele><time>2024-03-15T07:23:15Z</time></trkpt>
<trkpt lat="45.964443" lon="7.522518"><ele>2902.2</ele><time>2024-03-15T07:23:18Z</time></trkpt>
<trkpt lat="45.964386" lon="7.522803"><ele>2900.4</ele><time>2024-03-15T07:23:20Z</time></trkpt>
<trkpt lat="45.964370" lon="7.523256"><ele>2893.4</ele><time>2024-03-15T07:23:23Z</time></trkpt>
<trkpt lat="45.964328" lon="7.523945"><ele>2888.0</ele><time>2024-03-15T07:23:28Z</time></trkpt>
<trkpt lat="45.964405" lon="7.524729"><ele>2880.0</ele><time>2024-03-15T07:23:36Z</time></trkpt>
<trkpt lat="45.964377" lon="7.524952"><ele>2880.2</ele><time>2024-03-15T07:23:43Z</time></trkpt>
<trkpt lat="45.964391" lon="7.525034"><ele>2879.8</ele><time>2024-03-15T07:24:09Z</time></trkpt>
<trkpt lat="45.964357" lon="7.525046"><ele>2878.8</ele><time>2024-03-15T07:27:34Z</time></trkpt>
<trkpt lat="45.964384" lon="7.525060"><ele>2880.0</ele><time>2024-03-15T07:28:07Z</time></trkpt>
<trkpt lat="45.964313" lon="7.525350"><ele>2880.4</ele><time>2024-03-15T07:28:56Z</time></trkpt>
<trkpt lat="45.964310" lon="7.525795"><ele>2879.4</ele><time>2024-03-15T07:29:19Z</time></trkpt>
<trkpt lat="45.964231" lon="7.526128"><ele>2879.6</ele><time>2024-03-15T07:29:39Z</time></trkpt>
<trkpt lat="45.964181" lon="7.526567"><ele>2880.0</ele><time>2024-03-15T07:30:03Z</time></trkpt>
<trkpt lat="45.964038" lon="7.528394"><ele>2892.0</ele><time>2024-03-15T07:32:09Z</time></trkpt>
<trkpt lat="45.964053" lon="7.529730"><ele>2899.0</ele><time>2024-03-15T07:33:44Z</time></trkpt>
<trkpt lat="45.964099" lon="7.530060"><ele>2902.0</ele><time>2024-03-15T07:34:09Z</time></trkpt>
<trkpt lat="45.964034" lon="7.531348"><ele>2914.6</ele><time>2024-03-15T07:36:29Z</time></trkpt>
<trkpt lat="45.964105" lon="7.532242"><ele>2923.4</ele><time>2024-03-15T07:37:37Z</time></trkpt>
<trkpt lat="45.964036" lon="7.533015"><ele>2929.8</ele><time>2024-03-15T07:38:36Z</time></trkpt>
<trkpt lat="45.964020" lon="7.533569"><ele>2936.0</ele><time>2024-03-15T07:39:21Z</time></trkpt>
<trkpt lat="45.964039" lon="7.534106"><ele>2939.8</ele><time>2024-03-15T07:40:02Z</time></trkpt>
<trkpt lat="45.964010" lon="7.534771"><ele>2946.6</ele><time>2024-03-15T07:41:05Z</time></trkpt>
<trkpt lat="45.964102" lon="7.535508"><ele>2950.6</ele><time>2024-03-15T07:42:03Z</time></trkpt>
<trkpt lat="45.964077" lon="7.536747"><ele>2959.8</ele><time>2024-03-15T07:43:34Z</time></trkpt>
<trkpt lat="45.963894" lon="7.537542"><ele>2965.4</ele><time>2024-03-15T07:44:41Z</time></trkpt>
<trkpt lat="45.963880" lon="7.538065"><ele>2968.2</ele><time>2024-03-15T07:45:16Z</time></trkpt>
<trkpt lat="45.963809" lon="7.538206"><ele>2971.0</ele><time>2024-03-15T07:45:31Z</time></trkpt>
<trkpt lat="45.963859" lon="7.538371"><ele>2974.6</ele><time>2024-03-15T07:46:07Z</time></trkpt>
<trkpt lat="45.964010" lon="7.538732"><ele>2976.6</ele><time>2024-03-15T07:46:48Z</time></trkpt>
<trkpt lat="45.964217" lon="7.539398"><ele>2981.4</ele><time>2024-03-15T07:47:41Z</time></trkpt>
<trkpt lat="45.964394" lon="7.539784"><ele>2985.2</ele><time>2024-03-15T07:48:15Z</time></trkpt>
<trkpt lat="45.964614" lon="7.540138"><ele>2989.2</ele><time>2024-03-15T07:49:37Z</time></trkpt>
<trkpt lat="45.964051" lon="7.540399"><ele>3004.4</ele><time>2024-03-15T07:50:59Z</time></trkpt>
<trkpt lat="45.963850" lon="7.540466"><ele>3006.4</ele><time>2024-03-15T07:51:23Z</time></trkpt>
<trkpt lat="45.963834" lon="7.540509"><ele>3007.8</ele><time>2024-03-15T07:51:31Z</time></trkpt>
<trkpt lat="45.963969" lon="7.540990"><ele>3014.0</ele><time>2024-03-15T07:52:35Z</time></trkpt>
<trkpt lat="45.963943" lon="7.541015"><ele>3014.8</ele><time>2024-03-15T07:52:40Z</time></trkpt>
<trkpt lat="45.963821" lon="7.541045"><ele>3019.6</ele><time>2024-03-15T07:52:59Z</time></trkpt>
<trkpt lat="45.963407" lon="7.541051"><ele>3026.4</ele><time>2024-03-15T07:53:59Z</time></trkpt>
<trkpt lat="45.963618" lon="7.541655"><ele>3031.4</ele><time>2024-03-15T07:55:09Z</time></trkpt>
<trkpt lat="45.963627" lon="7.541840"><ele>3034.4</ele><time>2024-03-15T07:55:33Z</time></trkpt>
<trkpt lat="45.963562" lon="7.541838"><ele>3038.6</ele><time>2024-03-15T07:56:04Z</time></trkpt>
<trkpt lat="45.963297" lon="7.541749"><ele>3044.0</ele><time>2024-03-15T07:56:51Z</time></trkpt>
<trkpt lat="45.963118" lon="7.541766"><ele>3051.0</ele><time>2024-03-15T07:57:18Z</time></trkpt>
<trkpt lat="45.963199" lon="7.542007"><ele>3052.6</ele><time>2024-03-15T07:57:48Z</time></trkpt>
<trkpt lat="45.963186" lon="7.542048"><ele>3053.4</ele><time>2024-03-15T07:57:55Z</time></trkpt>
<trkpt lat="45.963012" lon="7.542134"><ele>3059.4</ele><time>2024-03-15T07:58:23Z</time></trkpt>
<trkpt lat="45.962974" lon="7.542361"><ele>3061.6</ele><time>2024-03-15T07:58:55Z</time></trkpt>
<trkpt lat="45.962973" lon="7.542628"><ele>3063.4</ele><time>2024-03-15T07:59:28Z</time></trkpt>
<trkpt lat="45.962910" lon="7.543017"><ele>3068.8</ele><time>2024-03-15T08:00:06Z</time></trkpt>
<trkpt lat="45.962949" lon="7.543373"><ele>3073.2</ele><time>2024-03-15T08:00:44Z</time></trkpt>
<trkpt lat="45.962758" lon="7.543405"><ele>3076.4</ele><time>2024-03-15T08:01:12Z</time></trkpt>
<trkpt lat="45.962590" lon="7.543485"><ele>3081.0</ele><time>2024-03-15T08:01:45Z</time></trkpt>
<trkpt lat="45.962711" lon="7.543799"><ele>3085.8</ele><time>2024-03-15T08:02:30Z</time></trkpt>
<trkpt lat="45.962550" lon="7.543975"><ele>3092.0</ele><time>2024-03-15T08:03:07Z</time></trkpt>
<trkpt lat="45.962616" lon="7.544074"><ele>3093.6</ele><time>2024-03-15T08:03:24Z</time></trkpt>
<trkpt lat="45.962761" lon="7.544177"><ele>3097.8</ele><time>2024-03-15T08:04:02Z</time></trkpt>
<trkpt lat="45.962724" lon="7.544302"><ele>3100.6</ele><time>2024-03-15T08:04:47Z</time></trkpt>
<trkpt lat="45.962739" lon="7.544244"><ele>3100.4</ele><time>2024-03-15T08:05:33Z</time></trkpt>
<trkpt lat="45.962727" lon="7.544280"><ele>3100.4</ele><time>2024-03-15T08:05:45Z</time></trkpt>
<trkpt lat="45.962713" lon="7.544253"><ele>3100.2</ele><time>2024-03-15T08:06:07Z</time></trkpt>
<trkpt lat="45.962728" lon="7.544301"><ele>3099.8</ele><time>2024-03-15T08:06:57Z</time></trkpt>
<trkpt lat="45.962722" lon="7.544256"><ele>3100.6</ele><time>2024-03-15T08:07:18Z</time></trkpt>
<trkpt lat="45.962681" lon="7.544258"><ele>3100.6</ele><time>2024-03-15T08:07:52Z</time></trkpt>
<trkpt lat="45.962728" lon="7.544292"><ele>3101.0</ele><time>2024-03-15T08:09:21Z</time></trkpt>
<trkpt lat="45.962717" lon="7.544246"><ele>3103.2</ele><time>2024-03-15T08:12:02Z</time></trkpt>
<trkpt lat="45.962710" lon="7.544273"><ele>3102.8</ele><time>2024-03-15T08:12:22Z</time></trkpt>
<trkpt lat="45.962789" lon="7.544293"><ele>3103.8</ele><time>2024-03-15T08:13:11Z</time></trkpt>
<trkpt lat="45.962757" lon="7.544270"><ele>3104.6</ele><time>2024-03-15T08:13:16Z</time></trkpt>
<trkpt lat="45.962692" lon="7.544313"><ele>3105.4</ele><time>2024-03-15T08:13:42Z</time></trkpt>
<trkpt lat="45.962784" lon="7.544326"><ele>3108.0</ele><time>2024-03-15T08:14:22Z</time></trkpt>
<trkpt lat="45.962823" lon="7.544369"><ele>3110.2</ele><time>2024-03-15T08:14:43Z</time></trkpt>
<trkpt lat="45.962766" lon="7.544446"><ele>3114.2</ele><time>2024-03-15T08:15:16Z</time></trkpt>
<trkpt lat="45.962800" lon="7.544482"><ele>3121.4</ele><time>2024-03-15T08:16:13Z</time></trkpt>
<trkpt lat="45.962854" lon="7.544620"><ele>3130.6</ele><time>2024-03-15T08:17:37Z</time></trkpt>
<trkpt lat="45.962850" lon="7.544610"><ele>3133.0</ele><time>2024-03-15T08:17:57Z</time></trkpt>
<trkpt lat="45.962878" lon="7.544692"><ele>3137.0</ele><time>2024-03-15T08:18:40Z</time></trkpt>
<trkpt lat="45.962879" lon="7.544712"><ele>3141.4</ele><time>2024-03-15T08:19:40Z</time></trkpt>
<trkpt lat="45.962890" lon="7.544776"><ele>3142.2</ele><time>2024-03-15T08:20:06Z</time></trkpt>
<trkpt lat="45.962901" lon="7.544793"><ele>3145.8</ele><time>2024-03-15T08:20:41Z</time></trkpt>
<trkpt lat="45.962906" lon="7.544816"><ele>3144.0</ele><time>2024-03-15T08:21:13Z</time></trkpt>
<trkpt lat="45.962911" lon="7.544897"><ele>3151.8</ele><time>2024-03-15T08:22:45Z</time></trkpt>
<trkpt lat="45.962893" lon="7.545008"><ele>3157.2</ele><time>2024-03-15T08:24:19Z</time></trkpt>
<trkpt lat="45.962895" lon="7.545051"><ele>3155.8</ele><time>2024-03-15T08:25:25Z</time></trkpt>
<trkpt lat="45.962933" lon="7.545074"><ele>3163.6</ele><time>2024-03-15T08:26:25Z</time></trkpt>
<trkpt lat="45.962968" lon="7.545111"><ele>3164.4</ele><time>2024-03-15T08:26:58Z</time></trkpt>
<trkpt lat="45.962963" lon="7.545282"><ele>3173.4</ele><time>2024-03-15T08:28:46Z</time></trkpt>
<trkpt lat="45.962975" lon="7.545322"><ele>3179.2</ele><time>2024-03-15T08:29:19Z</time></trkpt>
<trkpt lat="45.963008" lon="7.545455"><ele>3184.6</ele><time>2024-03-15T08:30:19Z</time></trkpt>
<trkpt lat="45.963008" lon="7.545455"><ele>3187.4</ele><time>2024-03-15T08:30:31Z</time></trkpt>
<trkpt lat="45.963037" lon="7.545513"><ele>3188.0</ele><time>2024-03-15T08:30:54Z</time></trkpt>
<trkpt lat="45.963058" lon="7.545555"><ele>3192.8</ele><time>2024-03-15T08:31:12Z</time></trkpt>
<trkpt lat="45.963077" lon="7.546075"><ele>3215.2</ele><time>2024-03-15T08:34:46Z</time></trkpt>
<trkpt lat="45.963097" lon="7.546242"><ele>3225.0</ele><time>2024-03-15T08:35:58Z</time></trkpt>
<trkpt lat="45.963105" lon="7.546553"><ele>3234.0</ele><time>2024-03-15T08:37:25Z</time></trkpt>
<trkpt lat="45.963184" lon="7.546770"><ele>3238.6</ele><time>2024-03-15T08:38:32Z</time></trkpt>
<trkpt lat="45.963329" lon="7.546988"><ele>3233.4</ele><time>2024-03-15T08:39:37Z</time></trkpt>
<trkpt lat="45.963395" lon="7.546992"><ele>3232.0</ele><time>2024-03-15T08:39:56Z</time></trkpt>
<trkpt lat="45.963389" lon="7.547015"><ele>3230.4</ele><time>2024-03-15T08:41:10Z</time></trkpt>
<trkpt lat="45.963399" lon="7.547001"><ele>3232.6</ele><time>2024-03-15T08:41:32Z</time></trkpt>
<trkpt lat="45.963381" lon="7.547003"><ele>3232.6</ele><time>2024-03-15T08:41:44Z</time></trkpt>
<trkpt lat="45.963396" lon="7.546999"><ele>3229.2</ele><time>2024-03-15T08:42:11Z</time></trkpt>
<trkpt lat="45.963386" lon="7.547008"><ele>3243.4</ele><time>2024-03-15T08:50:21Z</time></trkpt>
<trkpt lat="45.963423" lon="7.546960"><ele>3239.8</ele><time>2024-03-15T08:51:35Z</time></trkpt>
<trkpt lat="45.963514" lon="7.546937"><ele>3240.4</ele><time>2024-03-15T08:51:49Z</time></trkpt>
<trkpt lat="45.963596" lon="7.546873"><ele>3238.2</ele><time>2024-03-15T08:51:51Z</time></trkpt>
<trkpt lat="45.963683" lon="7.546759"><ele>3236.2</ele><time>2024-03-15T08:51:54Z</time></trkpt>
<trkpt lat="45.963881" lon="7.546663"><ele>3232.6</ele><time>2024-03-15T08:52:01Z</time></trkpt>
<trkpt lat="45.964302" lon="7.546337"><ele>3225.8</ele><time>2024-03-15T08:52:14Z</time></trkpt>
<trkpt lat="45.964421" lon="7.546287"><ele>3223.4</ele><time>2024-03-15T08:52:17Z</time></trkpt>
<trkpt lat="45.964443" lon="7.546455"><ele>3220.4</ele><time>2024-03-15T08:52:20Z</time></trkpt>
<trkpt lat="45.964385" lon="7.546549"><ele>3216.6</ele><time>2024-03-15T08:52:22Z</time></trkpt>
<trkpt lat="45.964332" lon="7.546755"><ele>3215.0</ele><time>2024-03-15T08:52:26Z</time></trkpt>
<trkpt lat="45.964459" lon="7.546689"><ele>3211.6</ele><time>2024-03-15T08:52:29Z</time></trkpt>
<trkpt lat="45.964543" lon="7.546774"><ele>3207.0</ele><time>2024-03-15T08:52:32Z</time></trkpt>
<trkpt lat="45.964610" lon="7.546713"><ele>3202.8</ele><time>2024-03-15T08:52:35Z</time></trkpt>
<trkpt lat="45.964982" lon="7.546432"><ele>3194.8</ele><time>2024-03-15T08:52:44Z</time></trkpt>
<trkpt lat="45.965105" lon="7.546535"><ele>3191.4</ele><time>2024-03-15T08:52:48Z</time></trkpt>
<trkpt lat="45.965222" lon="7.546460"><ele>3185.0</ele><time>2024-03-15T08:52:51Z</time></trkpt>
<trkpt lat="45.965526" lon="7.546280"><ele>3180.0</ele><time>2024-03-15T08:52:57Z</time></trkpt>
<trkpt lat="45.965570" lon="7.546288"><ele>3178.2</ele><time>2024-03-15T08:52:58Z</time></trkpt>
<trkpt lat="45.965616" lon="7.546403"><ele>3176.6</ele><time>2024-03-15T08:53:00Z</time></trkpt>
<trkpt lat="45.965710" lon="7.546463"><ele>3174.8</ele><time>2024-03-15T08:53:02Z</time></trkpt>
<trkpt lat="45.965842" lon="7.546438"><ele>3167.0</ele><time>2024-03-15T08:53:04Z</time></trkpt>
<trkpt lat="45.966087" lon="7.546438"><ele>3164.0</ele><time>2024-03-15T08:53:07Z</time></trkpt>
<trkpt lat="45.966304" lon="7.546571"><ele>3158.6</ele><time>2024-03-15T08:53:11Z</time></trkpt>
<trkpt lat="45.966449" lon="7.546598"><ele>3151.2</ele><time>2024-03-15T08:53:16Z</time></trkpt>
<trkpt lat="45.966895" lon="7.546816"><ele>3144.4</ele><time>2024-03-15T08:53:32Z</time></trkpt>
<trkpt lat="45.967010" lon="7.546911"><ele>3135.8</ele><time>2024-03-15T08:53:39Z</time></trkpt>
<trkpt lat="45.967500" lon="7.547324"><ele>3124.8</ele><time>2024-03-15T08:53:53Z</time></trkpt>
<trkpt lat="45.967881" lon="7.547747"><ele>3121.0</ele><time>2024-03-15T08:54:01Z</time></trkpt>
<trkpt lat="45.967963" lon="7.547822"><ele>3116.4</ele><time>2024-03-15T08:54:31Z</time></trkpt>
<trkpt lat="45.968338" lon="7.548393"><ele>3113.8</ele><time>2024-03-15T08:56:07Z</time></trkpt>
<trkpt lat="45.968442" lon="7.548368"><ele>3118.2</ele><time>2024-03-15T08:57:03Z</time></trkpt>
<trkpt lat="45.968481" lon="7.548454"><ele>3119.4</ele><time>2024-03-15T08:57:32Z</time></trkpt>
<trkpt lat="45.968510" lon="7.548433"><ele>3119.4</ele><time>2024-03-15T08:57:51Z</time></trkpt>
<trkpt lat="45.968476" lon="7.548453"><ele>3118.6</ele><time>2024-03-15T08:58:06Z</time></trkpt>
<trkpt lat="45.968502" lon="7.548526"><ele>3120.6</ele><time>2024-03-15T08:58:32Z</time></trkpt>
<trkpt lat="45.968587" lon="7.548585"><ele>3118.0</ele><time>2024-03-15T08:58:49Z</time></trkpt>
<trkpt lat="45.968788" lon="7.548539"><ele>3115.6</ele><time>2024-03-15T08:59:03Z</time></trkpt>
<trkpt lat="45.969627" lon="7.548189"><ele>3106.4</ele><time>2024-03-15T08:59:19Z</time></trkpt>
<trkpt lat="45.969862" lon="7.548151"><ele>3102.2</ele><time>2024-03-15T08:59:22Z</time></trkpt>
<trkpt lat="45.970265" lon="7.548163"><ele>3096.6</ele><time>2024-03-15T08:59:28Z</time></trkpt>
<trkpt lat="45.971340" lon="7.548372"><ele>3087.8</ele><time>2024-03-15T09:00:04Z</time></trkpt>
<trkpt lat="45.971789" lon="7.548525"><ele>3085.2</ele><time>2024-03-15T09:00:26Z</time></trkpt>
<trkpt lat="45.972149" lon="7.548601"><ele>3082.0</ele><time>2024-03-15T09:00:48Z</time></trkpt>
<trkpt lat="45.972430" lon="7.548738"><ele>3080.6</ele><time>2024-03-15T09:01:04Z</time></trkpt>
<trkpt lat="45.972487" lon="7.548723"><ele>3081.2</ele><time>2024-03-15T09:01:52Z</time></trkpt>
<trkpt lat="45.972493" lon="7.548731"><ele>3078.8</ele><time>2024-03-15T09:02:38Z</time></trkpt>
<trkpt lat="45.972482" lon="7.548702"><ele>3079.6</ele><time>2024-03-15T09:04:00Z</time></trkpt>
<trkpt lat="45.972482" lon="7.548722"><ele>3081.2</ele><time>2024-03-15T09:04:28Z</time></trkpt>
<trkpt lat="45.972486" lon="7.548708"><ele>3079.2</ele><time>2024-03-15T09:05:58Z</time></trkpt>
<trkpt lat="45.973282" lon="7.548836"><ele>3077.8</ele><time>2024-03-15T09:07:55Z</time></trkpt>
<trkpt lat="45.973837" lon="7.548842"><ele>3078.8</ele><time>2024-03-15T09:08:51Z</time></trkpt>
<trkpt lat="45.974187" lon="7.548908"><ele>3079.2</ele><time>2024-03-15T09:09:34Z</time></trkpt>
<trkpt lat="45.974497" lon="7.548919"><ele>3082.2</ele><time>2024-03-15T09:10:20Z</time></trkpt>
<trkpt lat="45.975330" lon="7.549027"><ele>3094.4</ele><time>2024-03-15T09:12:29Z</time></trkpt>
<trkpt lat="45.975887" lon="7.549139"><ele>3106.8</ele><time>2024-03-15T09:13:57Z</time></trkpt>
<trkpt lat="45.976237" lon="7.549214"><ele>3110.8</ele><time>2024-03-15T09:14:51Z</time></trkpt>
<trkpt lat="45.976608" lon="7.549319"><ele>3110.2</ele><time>2024-03-15T09:15:46Z</time></trkpt>
<trkpt lat="45.977091" lon="7.549448"><ele>3116.4</ele><time>2024-03-15T09:16:45Z</time></trkpt>
<trkpt lat="45.977545" lon="7.549731"><ele>3127.2</ele><time>2024-03-15T09:18:02Z</time></trkpt>
<trkpt lat="45.977740" lon="7.549916"><ele>3130.4</ele><time>2024-03-15T09:18:40Z</time></trkpt>
<trkpt lat="45.977965" lon="7.550186"><ele>3139.4</ele><time>2024-03-15T09:19:26Z</time></trkpt>
<trkpt lat="45.978294" lon="7.551028"><ele>3142.8</ele><time>2024-03-15T09:20:46Z</time></trkpt>
<trkpt lat="45.978572" lon="7.551513"><ele>3147.0</ele><time>2024-03-15T09:21:34Z</time></trkpt>
<trkpt lat="45.978765" lon="7.551722"><ele>3147.6</ele><time>2024-03-15T09:22:06Z</time></trkpt>
<trkpt lat="45.978880" lon="7.552017"><ele>3150.8</ele><time>2024-03-15T09:22:32Z</time></trkpt>
<trkpt lat="45.979096" lon="7.552298"><ele>3146.4</ele><time>2024-03-15T09:22:56Z</time></trkpt>
<trkpt lat="45.979147" lon="7.552416"><ele>3146.2</ele><time>2024-03-15T09:23:06Z</time></trkpt>
<trkpt lat="45.979221" lon="7.552484"><ele>3146.8</ele><time>2024-03-15T09:23:18Z</time></trkpt>
<trkpt lat="45.979246" lon="7.552694"><ele>3146.8</ele><time>2024-03-15T09:23:40Z</time></trkpt>
<trkpt lat="45.979393" lon="7.552820"><ele>3145.2</ele><time>2024-03-15T09:24:04Z</time></trkpt>
<trkpt lat="45.979679" lon="7.553255"><ele>3146.2</ele><time>2024-03-15T09:24:38Z</time></trkpt>
<trkpt lat="45.980047" lon="7.553667"><ele>3151.6</ele><time>2024-03-15T09:25:43Z</time></trkpt>
<trkpt lat="45.980569" lon="7.554598"><ele>3168.4</ele><time>2024-03-15T09:28:08Z</time></trkpt>
<trkpt lat="45.980952" lon="7.555236"><ele>3175.6</ele><time>2024-03-15T09:29:30Z</time></trkpt>
<trkpt lat="45.981097" lon="7.555573"><ele>3178.0</ele><time>2024-03-15T09:30:08Z</time></trkpt>
<trkpt lat="45.981212" lon="7.555734"><ele>3180.2</ele><time>2024-03-15T09:30:33Z</time></trkpt>
<trkpt lat="45.981375" lon="7.556071"><ele>3184.2</ele><time>2024-03-15T09:31:19Z</time></trkpt>
<trkpt lat="45.981493" lon="7.556462"><ele>3189.0</ele><time>2024-03-15T09:32:09Z</time></trkpt>
<trkpt lat="45.981500" lon="7.556754"><ele>3191.8</ele><time>2024-03-15T09:32:40Z</time></trkpt>
<trkpt lat="45.981540" lon="7.556867"><ele>3194.6</ele><time>2024-03-15T09:33:11Z</time></trkpt>
<trkpt lat="45.981579" lon="7.556900"><ele>3194.4</ele><time>2024-03-15T09:33:50Z</time></trkpt>
<trkpt lat="45.981550" lon="7.556888"><ele>3193.2</ele><time>2024-03-15T09:34:22Z</time></trkpt>
<trkpt lat="45.981585" lon="7.556885"><ele>3193.2</ele><time>2024-03-15T09:34:32Z</time></trkpt>
<trkpt lat="45.981571" lon="7.556829"><ele>3193.0</ele><time>2024-03-15T09:34:38Z</time></trkpt>
<trkpt lat="45.981596" lon="7.556856"><ele>3193.6</ele><time>2024-03-15T09:34:44Z</time></trkpt>
<trkpt lat="45.981603" lon="7.556965"><ele>3194.8</ele><time>2024-03-15T09:35:04Z</time></trkpt>
<trkpt lat="45.981582" lon="7.556952"><ele>3194.8</ele><time>2024-03-15T09:35:09Z</time></trkpt>
<trkpt lat="45.981624" lon="7.556984"><ele>3195.4</ele><time>2024-03-15T09:35:14Z</time></trkpt>
<trkpt lat="45.981676" lon="7.557132"><ele>3197.8</ele><time>2024-03-15T09:35:28Z</time></trkpt>
<trkpt lat="45.981685" lon="7.557828"><ele>3207.2</ele><time>2024-03-15T09:36:33Z</time></trkpt>
<trkpt lat="45.981731" lon="7.558379"><ele>3211.8</ele><time>2024-03-15T09:37:20Z</time></trkpt>
<trkpt lat="45.981898" lon="7.558630"><ele>3215.0</ele><time>2024-03-15T09:37:56Z</time></trkpt>
<trkpt lat="45.981864" lon="7.558758"><ele>3216.2</ele><time>2024-03-15T09:38:08Z</time></trkpt>
<trkpt lat="45.981797" lon="7.558858"><ele>3217.0</ele><time>2024-03-15T09:38:19Z</time></trkpt>
<trkpt lat="45.981427" lon="7.559072"><ele>3222.4</ele><time>2024-03-15T09:39:16Z</time></trkpt>
<trkpt lat="45.981383" lon="7.559166"><ele>3224.2</ele><time>2024-03-15T09:39:54Z</time></trkpt>
<trkpt lat="45.981387" lon="7.559308"><ele>3225.2</ele><time>2024-03-15T09:40:04Z</time></trkpt>
<trkpt lat="45.981560" lon="7.559715"><ele>3231.4</ele><time>2024-03-15T09:40:54Z</time></trkpt>
<trkpt lat="45.981885" lon="7.560228"><ele>3238.8</ele><time>2024-03-15T09:42:00Z</time></trkpt>
<trkpt lat="45.982199" lon="7.560633"><ele>3244.2</ele><time>2024-03-15T09:43:06Z</time></trkpt>
<trkpt lat="45.982482" lon="7.561231"><ele>3252.0</ele><time>2024-03-15T09:44:19Z</time></trkpt>
<trkpt lat="45.982472" lon="7.561287"><ele>3252.8</ele><time>2024-03-15T09:44:41Z</time></trkpt>
<trkpt lat="45.982800" lon="7.562123"><ele>3262.0</ele><time>2024-03-15T09:46:22Z</time></trkpt>
<trkpt lat="45.982869" lon="7.562391"><ele>3264.8</ele><time>2024-03-15T09:46:51Z</time></trkpt>
<trkpt lat="45.983051" lon="7.562805"><ele>3271.6</ele><time>2024-03-15T09:47:47Z</time></trkpt>
<trkpt lat="45.983191" lon="7.563467"><ele>3279.4</ele><time>2024-03-15T09:48:58Z</time></trkpt>
<trkpt lat="45.983264" lon="7.563690"><ele>3283.0</ele><time>2024-03-15T09:49:25Z</time></trkpt>
<trkpt lat="45.983297" lon="7.563982"><ele>3287.2</ele><time>2024-03-15T09:49:55Z</time></trkpt>
<trkpt lat="45.983366" lon="7.564216"><ele>3291.0</ele><time>2024-03-15T09:50:23Z</time></trkpt>
<trkpt lat="45.983346" lon="7.564472"><ele>3295.2</ele><time>2024-03-15T09:50:49Z</time></trkpt>
<trkpt lat="45.983389" lon="7.564863"><ele>3306.6</ele><time>2024-03-15T09:51:37Z</time></trkpt>
<trkpt lat="45.983411" lon="7.565103"><ele>3310.2</ele><time>2024-03-15T09:52:17Z</time></trkpt>
<trkpt lat="45.983400" lon="7.565117"><ele>3308.0</ele><time>2024-03-15T09:52:27Z</time></trkpt>
<trkpt lat="45.983396" lon="7.565083"><ele>3311.6</ele><time>2024-03-15T09:52:51Z</time></trkpt>
<trkpt lat="45.983337" lon="7.565829"><ele>3315.4</ele><time>2024-03-15T09:54:26Z</time></trkpt>
<trkpt lat="45.983312" lon="7.566079"><ele>3321.8</ele><time>2024-03-15T09:54:49Z</time></trkpt>
<trkpt lat="45.983236" lon="7.566392"><ele>3326.4</ele><time>2024-03-15T09:55:28Z</time></trkpt>
<trkpt lat="45.983207" lon="7.566605"><ele>3326.0</ele><time>2024-03-15T09:55:52Z</time></trkpt>
<trkpt lat="45.983194" lon="7.567142"><ele>3331.2</ele><time>2024-03-15T09:56:58Z</time></trkpt>
<trkpt lat="45.983204" lon="7.567368"><ele>3337.8</ele><time>2024-03-15T09:57:19Z</time></trkpt>
<trkpt lat="45.983185" lon="7.567772"><ele>3342.4</ele><time>2024-03-15T09:58:02Z</time></trkpt>
<trkpt lat="45.983237" lon="7.568227"><ele>3349.4</ele><time>2024-03-15T09:58:47Z</time></trkpt>
<trkpt lat="45.983260" lon="7.568425"><ele>3349.0</ele><time>2024-03-15T09:59:04Z</time></trkpt>
<trkpt lat="45.983374" lon="7.568979"><ele>3352.8</ele><time>2024-03-15T10:00:08Z</time></trkpt>
<trkpt lat="45.983611" lon="7.569338"><ele>3358.0</ele><time>2024-03-15T10:01:09Z</time></trkpt>
<trkpt lat="45.983638" lon="7.569355"><ele>3356.6</ele><time>2024-03-15T10:02:52Z</time></trkpt>
<trkpt lat="45.983624" lon="7.569354"><ele>3355.0</ele><time>2024-03-15T10:03:31Z</time></trkpt>
<trkpt lat="45.983606" lon="7.569320"><ele>3356.8</ele><time>2024-03-15T10:04:23Z</time></trkpt>
<trkpt lat="45.983611" lon="7.569352"><ele>3356.2</ele><time>2024-03-15T10:05:36Z</time></trkpt>
<trkpt lat="45.983650" lon="7.569343"><ele>3358.6</ele><time>2024-03-15T10:07:49Z</time></trkpt>
<trkpt lat="45.983605" lon="7.569348"><ele>3359.6</ele><time>2024-03-15T10:09:54Z</time></trkpt>
<trkpt lat="45.983601" lon="7.569330"><ele>3362.2</ele><time>2024-03-15T10:10:45Z</time></trkpt>
<trkpt lat="45.983719" lon="7.569461"><ele>3366.0</ele><time>2024-03-15T10:11:14Z</time></trkpt>
<trkpt lat="45.983856" lon="7.569631"><ele>3368.4</ele><time>2024-03-15T10:11:43Z</time></trkpt>
<trkpt lat="45.984214" lon="7.570252"><ele>3377.2</ele><time>2024-03-15T10:13:23Z</time></trkpt>
<trkpt lat="45.984272" lon="7.570485"><ele>3380.2</ele><time>2024-03-15T10:13:56Z</time></trkpt>
<trkpt lat="45.984276" lon="7.570788"><ele>3383.2</ele><time>2024-03-15T10:14:42Z</time></trkpt>
<trkpt lat="45.984307" lon="7.570863"><ele>3382.8</ele><time>2024-03-15T10:14:55Z</time></trkpt>
<trkpt lat="45.984339" lon="7.571009"><ele>3387.4</ele><time>2024-03-15T10:15:23Z</time></trkpt>
<trkpt lat="45.984368" lon="7.571304"><ele>3389.2</ele><time>2024-03-15T10:16:04Z</time></trkpt>
<trkpt lat="45.984480" lon="7.571420"><ele>3391.4</ele><time>2024-03-15T10:16:38Z</time></trkpt>
<trkpt lat="45.984472" lon="7.571444"><ele>3387.6</ele><time>2024-03-15T10:18:11Z</time></trkpt>
<trkpt lat="45.984490" lon="7.571461"><ele>3387.6</ele><time>2024-03-15T10:18:19Z</time></trkpt>
<trkpt lat="45.984549" lon="7.571815"><ele>3393.8</ele><time>2024-03-15T10:19:28Z</time></trkpt>
<trkpt lat="45.984590" lon="7.571900"><ele>3395.6</ele><time>2024-03-15T10:19:41Z</time></trkpt>
<trkpt lat="45.984605" lon="7.572186"><ele>3401.2</ele><time>2024-03-15T10:20:28Z</time></trkpt>
<trkpt lat="45.984656" lon="7.572382"><ele>3405.2</ele><time>2024-03-15T10:21:04Z</time></trkpt>
<trkpt lat="45.984603" lon="7.572487"><ele>3408.0</ele><time>2024-03-15T10:21:24Z</time></trkpt>
<trkpt lat="45.984314" lon="7.572658"><ele>3417.4</ele><time>2024-03-15T10:22:32Z</time></trkpt>
<trkpt lat="45.983905" lon="7.572762"><ele>3429.8</ele><time>2024-03-15T10:23:57Z</time></trkpt>
<trkpt lat="45.983449" lon="7.572846"><ele>3436.8</ele><time>2024-03-15T10:25:24Z</time></trkpt>
<trkpt lat="45.983083" lon="7.572960"><ele>3445.2</ele><time>2024-03-15T10:26:47Z</time></trkpt>
<trkpt lat="45.982805" lon="7.573099"><ele>3452.4</ele><time>2024-03-15T10:28:04Z</time></trkpt>
<trkpt lat="45.982766" lon="7.573134"><ele>3453.4</ele><time>2024-03-15T10:28:12Z</time></trkpt>
<trkpt lat="45.982764" lon="7.573188"><ele>3454.8</ele><time>2024-03-15T10:28:23Z</time></trkpt>
<trkpt lat="45.982931" lon="7.573538"><ele>3459.8</ele><time>2024-03-15T10:29:29Z</time></trkpt>
<trkpt lat="45.983328" lon="7.574090"><ele>3472.4</ele><time>2024-03-15T10:31:13Z</time></trkpt>
<trkpt lat="45.983466" lon="7.574378"><ele>3477.8</ele><time>2024-03-15T10:32:02Z</time></trkpt>
<trkpt lat="45.983644" lon="7.574620"><ele>3482.4</ele><time>2024-03-15T10:32:50Z</time></trkpt>
<trkpt lat="45.983871" lon="7.574811"><ele>3486.6</ele><time>2024-03-15T10:33:47Z</time></trkpt>
<trkpt lat="45.984083" lon="7.574889"><ele>3491.0</ele><time>2024-03-15T10:35:08Z</time></trkpt>
<trkpt lat="45.983954" lon="7.575097"><ele>3495.4</ele><time>2024-03-15T10:35:58Z</time></trkpt>
<trkpt lat="45.984032" lon="7.575108"><ele>3497.2</ele><time>2024-03-15T10:36:18Z</time></trkpt>
<trkpt lat="45.984317" lon="7.575299"><ele>3506.8</ele><time>2024-03-15T10:37:29Z</time></trkpt>
<trkpt lat="45.984304" lon="7.575347"><ele>3507.6</ele><time>2024-03-15T10:37:44Z</time></trkpt>
<trkpt lat="45.984308" lon="7.575353"><ele>3512.8</ele><time>2024-03-15T10:38:37Z</time></trkpt>
<trkpt lat="45.984286" lon="7.575418"><ele>3514.4</ele><time>2024-03-15T10:38:47Z</time></trkpt>
<trkpt lat="45.984189" lon="7.575528"><ele>3516.6</ele><time>2024-03-15T10:39:04Z</time></trkpt>
<trkpt lat="45.984144" lon="7.575644"><ele>3519.8</ele><time>2024-03-15T10:39:27Z</time></trkpt>
<trkpt lat="45.984364" lon="7.575808"><ele>3523.4</ele><time>2024-03-15T10:40:16Z</time></trkpt>
<trkpt lat="45.984659" lon="7.576203"><ele>3532.0</ele><time>2024-03-15T10:41:32Z</time></trkpt>
<trkpt lat="45.985015" lon="7.577110"><ele>3547.0</ele><time>2024-03-15T10:43:48Z</time></trkpt>
<trkpt lat="45.985144" lon="7.577584"><ele>3555.2</ele><time>2024-03-15T10:44:51Z</time></trkpt>
<trkpt lat="45.985194" lon="7.577688"><ele>3556.8</ele><time>2024-03-15T10:45:28Z</time></trkpt>
<trkpt lat="45.985467" lon="7.577947"><ele>3557.8</ele><time>2024-03-15T10:46:09Z</time></trkpt>
<trkpt lat="45.985733" lon="7.578309"><ele>3560.0</ele><time>2024-03-15T10:46:51Z</time></trkpt>
<trkpt lat="45.986005" lon="7.578891"><ele>3564.6</ele><time>2024-03-15T10:48:09Z</time></trkpt>
<trkpt lat="45.985996" lon="7.578991"><ele>3565.6</ele><time>2024-03-15T10:48:31Z</time></trkpt>
<trkpt lat="45.985961" lon="7.579019"><ele>3566.6</ele><time>2024-03-15T10:49:08Z</time></trkpt>
<trkpt lat="45.985980" lon="7.579096"><ele>3566.4</ele><time>2024-03-15T10:49:20Z</time></trkpt>
<trkpt lat="45.986011" lon="7.579063"><ele>3568.6</ele><time>2024-03-15T10:50:17Z</time></trkpt>
<trkpt lat="45.985975" lon="7.578963"><ele>3567.4</ele><time>2024-03-15T10:50:53Z</time></trkpt>
<trkpt lat="45.985985" lon="7.579005"><ele>3567.8</ele><time>2024-03-15T10:51:21Z</time></trkpt>
<trkpt lat="45.986000" lon="7.578974"><ele>3570.0</ele><time>2024-03-15T10:52:05Z</time></trkpt>
<trkpt lat="45.985999" lon="7.579005"><ele>3569.2</ele><time>2024-03-15T10:52:33Z</time></trkpt>
<trkpt lat="45.985953" lon="7.578999"><ele>3571.4</ele><time>2024-03-15T10:53:17Z</time></trkpt>
<trkpt lat="45.985953" lon="7.578999"><ele>3574.2</ele><time>2024-03-15T10:53:42Z</time></trkpt>
<trkpt lat="45.985963" lon="7.578961"><ele>3570.6</ele><time>2024-03-15T10:54:37Z</time></trkpt>
<trkpt lat="45.985987" lon="7.578988"><ele>3571.2</ele><time>2024-03-15T10:55:03Z</time></trkpt>
<trkpt lat="45.985989" lon="7.578981"><ele>3566.8</ele><time>2024-03-15T10:57:00Z</time></trkpt>
<trkpt lat="45.985965" lon="7.578987"><ele>3566.6</ele><time>2024-03-15T10:57:42Z</time></trkpt>
<trkpt lat="45.985989" lon="7.578998"><ele>3565.8</ele><time>2024-03-15T10:59:55Z</time></trkpt>
<trkpt lat="45.985997" lon="7.578980"><ele>3567.8</ele><time>2024-03-15T11:00:40Z</time></trkpt>
<trkpt lat="45.985983" lon="7.579003"><ele>3568.2</ele><time>2024-03-15T11:00:51Z</time></trkpt>
<trkpt lat="45.985988" lon="7.578960"><ele>3565.8</ele><time>2024-03-15T11:03:47Z</time></trkpt>
<trkpt lat="45.985971" lon="7.579071"><ele>3567.4</ele><time>2024-03-15T11:04:26Z</time></trkpt>
<trkpt lat="45.985999" lon="7.579119"><ele>3566.6</ele><time>2024-03-15T11:05:03Z</time></trkpt>
<trkpt lat="45.985984" lon="7.579155"><ele>3566.2</ele><time>2024-03-15T11:05:52Z</time></trkpt>
<trkpt lat="45.985956" lon="7.579135"><ele>3567.4</ele><time>2024-03-15T11:06:44Z</time></trkpt>
<trkpt lat="45.985977" lon="7.579123"><ele>3566.8</ele><time>2024-03-15T11:07:18Z</time></trkpt>
<trkpt lat="45.985963" lon="7.579099"><ele>3565.8</ele><time>2024-03-15T11:08:00Z</time></trkpt>
<trkpt lat="45.985978" lon="7.579124"><ele>3564.4</ele><time>2024-03-15T11:09:12Z</time></trkpt>
<trkpt lat="45.986036" lon="7.579092"><ele>3565.4</ele><time>2024-03-15T11:09:26Z</time></trkpt>
<trkpt lat="45.986109" lon="7.579101"><ele>3564.2</ele><time>2024-03-15T11:09:32Z</time></trkpt>
<trkpt lat="45.986555" lon="7.579567"><ele>3558.2</ele><time>2024-03-15T11:09:47Z</time></trkpt>
<trkpt lat="45.986714" lon="7.579690"><ele>3555.2</ele><time>2024-03-15T11:09:51Z</time></trkpt>
<trkpt lat="45.987237" lon="7.580318"><ele>3549.0</ele><time>2024-03-15T11:10:13Z</time></trkpt>
<trkpt lat="45.987759" lon="7.581141"><ele>3540.8</ele><time>2024-03-15T11:10:32Z</time></trkpt>
<trkpt lat="45.987896" lon="7.581482"><ele>3538.2</ele><time>2024-03-15T11:10:37Z</time></trkpt>
<trkpt lat="45.987907" lon="7.581618"><ele>3536.8</ele><time>2024-03-15T11:10:39Z</time></trkpt>
<trkpt lat="45.987885" lon="7.582023"><ele>3532.4</ele><time>2024-03-15T11:10:45Z</time></trkpt>
<trkpt lat="45.987903" lon="7.582291"><ele>3529.8</ele><time>2024-03-15T11:10:49Z</time></trkpt>
<trkpt lat="45.987853" lon="7.582982"><ele>3521.8</ele><time>2024-03-15T11:10:59Z</time></trkpt>
<trkpt lat="45.987878" lon="7.583350"><ele>3517.6</ele><time>2024-03-15T11:11:04Z</time></trkpt>
<trkpt lat="45.988020" lon="7.584053"><ele>3510.0</ele><time>2024-03-15T11:11:15Z</time></trkpt>
<trkpt lat="45.988282" lon="7.584720"><ele>3503.4</ele><time>2024-03-15T11:11:27Z</time></trkpt>
<trkpt lat="45.988291" lon="7.584816"><ele>3502.2</ele><time>2024-03-15T11:11:29Z</time></trkpt>
<trkpt lat="45.988278" lon="7.584771"><ele>3500.0</ele><time>2024-03-15T11:12:10Z</time></trkpt>
<trkpt lat="45.988262" lon="7.584812"><ele>3499.4</ele><time>2024-03-15T11:13:28Z</time></trkpt>
<trkpt lat="45.988285" lon="7.584814"><ele>3499.4</ele><time>2024-03-15T11:13:46Z</time></trkpt>
<trkpt lat="45.988316" lon="7.584935"><ele>3498.8</ele><time>2024-03-15T11:13:50Z</time></trkpt>
<trkpt lat="45.988381" lon="7.585281"><ele>3495.8</ele><time>2024-03-15T11:13:55Z</time></trkpt>
<trkpt lat="45.988675" lon="7.586167"><ele>3480.0</ele><time>2024-03-15T11:14:06Z</time></trkpt>
<trkpt lat="45.988833" lon="7.586403"><ele>3475.2</ele><time>2024-03-15T11:14:10Z</time></trkpt>
<trkpt lat="45.988922" lon="7.586600"><ele>3471.4</ele><time>2024-03-15T11:14:13Z</time></trkpt>
<trkpt lat="45.989281" lon="7.587043"><ele>3456.2</ele><time>2024-03-15T11:14:22Z</time></trkpt>
<trkpt lat="45.989429" lon="7.586996"><ele>3451.0</ele><time>2024-03-15T11:14:25Z</time></trkpt>
<trkpt lat="45.989532" lon="7.587043"><ele>3450.0</ele><time>2024-03-15T11:14:27Z</time></trkpt>
<trkpt lat="45.989581" lon="7.587057"><ele>3445.6</ele><time>2024-03-15T11:14:28Z</time></trkpt>
<trkpt lat="45.989640" lon="7.587035"><ele>3444.4</ele><time>2024-03-15T11:14:29Z</time></trkpt>
<trkpt lat="45.990086" lon="7.586564"><ele>3432.8</ele><time>2024-03-15T11:14:43Z</time></trkpt>
<trkpt lat="45.990175" lon="7.586522"><ele>3431.8</ele><time>2024-03-15T11:14:46Z</time></trkpt>
<trkpt lat="45.990340" lon="7.586621"><ele>3426.6</ele><time>2024-03-15T11:14:50Z</time></trkpt>
<trkpt lat="45.990749" lon="7.586871"><ele>3405.8</ele><time>2024-03-15T11:14:59Z</time></trkpt>
<trkpt lat="45.990925" lon="7.587071"><ele>3396.0</ele><time>2024-03-15T11:15:03Z</time></trkpt>
<trkpt lat="45.991028" lon="7.587377"><ele>3387.4</ele><time>2024-03-15T11:15:06Z</time></trkpt>
<trkpt lat="45.991053" lon="7.587607"><ele>3380.8</ele><time>2024-03-15T11:15:08Z</time></trkpt>
<trkpt lat="45.991223" lon="7.588273"><ele>3370.2</ele><time>2024-03-15T11:15:14Z</time></trkpt>
<trkpt lat="45.991242" lon="7.588472"><ele>3368.0</ele><time>2024-03-15T11:15:16Z</time></trkpt>
<trkpt lat="45.991221" lon="7.588726"><ele>3363.4</ele><time>2024-03-15T11:15:19Z</time></trkpt>
<trkpt lat="45.991193" lon="7.588863"><ele>3362.4</ele><time>2024-03-15T11:15:21Z</time></trkpt>
<trkpt lat="45.991118" lon="7.588903"><ele>3362.4</ele><time>2024-03-15T11:15:49Z</time></trkpt>
<trkpt lat="45.991163" lon="7.589341"><ele>3358.2</ele><time>2024-03-15T11:17:09Z</time></trkpt>
<trkpt lat="45.991253" lon="7.589608"><ele>3355.2</ele><time>2024-03-15T11:17:12Z</time></trkpt>
<trkpt lat="45.991272" lon="7.589901"><ele>3349.2</ele><time>2024-03-15T11:17:15Z</time></trkpt>
<trkpt lat="45.991339" lon="7.590277"><ele>3343.6</ele><time>2024-03-15T11:17:19Z</time></trkpt>
<trkpt lat="45.991463" lon="7.590579"><ele>3336.8</ele><time>2024-03-15T11:17:23Z</time></trkpt>
<trkpt lat="45.991570" lon="7.591003"><ele>3327.6</ele><time>2024-03-15T11:17:28Z</time></trkpt>
<trkpt lat="45.991745" lon="7.591965"><ele>3306.4</ele><time>2024-03-15T11:17:41Z</time></trkpt>
<trkpt lat="45.991663" lon="7.592034"><ele>3302.0</ele><time>2024-03-15T11:19:02Z</time></trkpt>
<trkpt lat="45.991700" lon="7.592410"><ele>3298.0</ele><time>2024-03-15T11:19:07Z</time></trkpt>
<trkpt lat="45.991722" lon="7.592673"><ele>3291.4</ele><time>2024-03-15T11:19:10Z</time></trkpt>
<trkpt lat="45.991632" lon="7.592809"><ele>3287.2</ele><time>2024-03-15T11:19:13Z</time></trkpt>
<trkpt lat="45.991640" lon="7.592925"><ele>3284.8</ele><time>2024-03-15T11:19:16Z</time></trkpt>
<trkpt lat="45.991591" lon="7.592982"><ele>3279.6</ele><time>2024-03-15T11:19:34Z</time></trkpt>
<trkpt lat="45.991597" lon="7.593019"><ele>3279.6</ele><time>2024-03-15T11:19:35Z</time></trkpt>
<trkpt lat="45.991692" lon="7.593125"><ele>3278.8</ele><time>2024-03-15T11:19:39Z</time></trkpt>
<trkpt lat="45.991902" lon="7.593197"><ele>3274.2</ele><time>2024-03-15T11:19:44Z</time></trkpt>
<trkpt lat="45.992131" lon="7.593213"><ele>3270.4</ele><time>2024-03-15T11:19:49Z</time></trkpt>
<trkpt lat="45.992196" lon="7.593299"><ele>3268.6</ele><time>2024-03-15T11:19:51Z</time></trkpt>
<trkpt lat="45.992483" lon="7.593502"><ele>3259.8</ele><time>2024-03-15T11:19:57Z</time></trkpt>
<trkpt lat="45.992529" lon="7.593629"><ele>3255.2</ele><time>2024-03-15T11:19:59Z</time></trkpt>
<trkpt lat="45.992614" lon="7.593746"><ele>3251.0</ele><time>2024-03-15T11:20:01Z</time></trkpt>
<trkpt lat="45.992696" lon="7.593805"><ele>3245.4</ele><time>2024-03-15T11:20:03Z</time></trkpt>
<trkpt lat="45.992843" lon="7.594064"><ele>3233.6</ele><time>2024-03-15T11:20:08Z</time></trkpt>
<trkpt lat="45.993003" lon="7.594224"><ele>3222.6</ele><time>2024-03-15T11:20:12Z</time></trkpt>
<trkpt lat="45.993060" lon="7.594350"><ele>3218.0</ele><time>2024-03-15T11:20:14Z</time></trkpt>
<trkpt lat="45.993175" lon="7.594417"><ele>3212.8</ele><time>2024-03-15T11:20:16Z</time></trkpt>
<trkpt lat="45.993243" lon="7.594636"><ele>3203.0</ele><time>2024-03-15T11:20:20Z</time></trkpt>
<trkpt lat="45.993262" lon="7.594654"><ele>3199.2</ele><time>2024-03-15T11:20:22Z</time></trkpt>
<trkpt lat="45.993227" lon="7.594691"><ele>3194.0</ele><time>2024-03-15T11:23:01Z</time></trkpt>
<trkpt lat="45.993206" lon="7.594911"><ele>3193.0</ele><time>2024-03-15T11:23:32Z</time></trkpt>
<trkpt lat="45.992992" lon="7.595697"><ele>3183.0</ele><time>2024-03-15T11:23:42Z</time></trkpt>
<trkpt lat="45.992885" lon="7.595928"><ele>3178.2</ele><time>2024-03-15T11:23:45Z</time></trkpt>
<trkpt lat="45.992625" lon="7.596355"><ele>3171.4</ele><time>2024-03-15T11:23:51Z</time></trkpt>
<trkpt lat="45.992559" lon="7.596570"><ele>3169.2</ele><time>2024-03-15T11:23:53Z</time></trkpt>
<trkpt lat="45.992187" lon="7.597221"><ele>3153.6</ele><time>2024-03-15T11:24:01Z</time></trkpt>
<trkpt lat="45.991749" lon="7.597701"><ele>3144.0</ele><time>2024-03-15T11:24:10Z</time></trkpt>
<trkpt lat="45.991418" lon="7.598248"><ele>3136.4</ele><time>2024-03-15T11:24:19Z</time></trkpt>
<trkpt lat="45.991303" lon="7.598257"><ele>3133.4</ele><time>2024-03-15T11:24:22Z</time></trkpt>
<trkpt lat="45.991311" lon="7.598290"><ele>3130.6</ele><time>2024-03-15T11:25:36Z</time></trkpt>
<trkpt lat="45.991263" lon="7.598290"><ele>3130.0</ele><time>2024-03-15T11:25:47Z</time></trkpt>
<trkpt lat="45.990943" lon="7.597991"><ele>3126.4</ele><time>2024-03-15T11:25:58Z</time></trkpt>
<trkpt lat="45.990759" lon="7.597845"><ele>3124.0</ele><time>2024-03-15T11:26:01Z</time></trkpt>
<trkpt lat="45.990705" lon="7.597844"><ele>3122.4</ele><time>2024-03-15T11:26:02Z</time></trkpt>
<trkpt lat="45.990575" lon="7.598020"><ele>3117.2</ele><time>2024-03-15T11:26:06Z</time></trkpt>
<trkpt lat="45.990486" lon="7.598060"><ele>3113.8</ele><time>2024-03-15T11:26:08Z</time></trkpt>
<trkpt lat="45.990424" lon="7.598173"><ele>3111.0</ele><time>2024-03-15T11:26:10Z</time></trkpt>
<trkpt lat="45.990347" lon="7.598211"><ele>3107.2</ele><time>2024-03-15T11:26:12Z</time></trkpt>
<trkpt lat="45.990241" lon="7.598357"><ele>3102.4</ele><time>2024-03-15T11:26:15Z</time></trkpt>
<trkpt lat="45.990202" lon="7.598344"><ele>3100.6</ele><time>2024-03-15T11:26:16Z</time></trkpt>
<trkpt lat="45.990079" lon="7.598436"><ele>3094.8</ele><time>2024-03-15T11:26:19Z</time></trkpt>
<trkpt lat="45.989975" lon="7.598387"><ele>3090.4</ele><time>2024-03-15T11:26:22Z</time></trkpt>
<trkpt lat="45.989890" lon="7.598466"><ele>3088.6</ele><time>2024-03-15T11:26:25Z</time></trkpt>
<trkpt lat="45.989854" lon="7.598424"><ele>3083.6</ele><time>2024-03-15T11:26:57Z</time></trkpt>
<trkpt lat="45.989724" lon="7.598297"><ele>3083.6</ele><time>2024-03-15T11:27:14Z</time></trkpt>
<trkpt lat="45.989492" lon="7.597794"><ele>3078.4</ele><time>2024-03-15T11:27:21Z</time></trkpt>
<trkpt lat="45.989473" lon="7.597698"><ele>3073.8</ele><time>2024-03-15T11:27:22Z</time></trkpt>
<trkpt lat="45.989356" lon="7.597424"><ele>3070.0</ele><time>2024-03-15T11:27:25Z</time></trkpt>
<trkpt lat="45.989252" lon="7.597497"><ele>3065.4</ele><time>2024-03-15T11:27:27Z</time></trkpt>
<trkpt lat="45.989144" lon="7.597455"><ele>3062.6</ele><time>2024-03-15T11:27:29Z</time></trkpt>
<trkpt lat="45.989087" lon="7.597546"><ele>3059.0</ele><time>2024-03-15T11:27:31Z</time></trkpt>
<trkpt lat="45.989009" lon="7.597517"><ele>3055.6</ele><time>2024-03-15T11:27:33Z</time></trkpt>
<trkpt lat="45.988965" lon="7.597613"><ele>3053.0</ele><time>2024-03-15T11:27:35Z</time></trkpt>
<trkpt lat="45.988927" lon="7.597624"><ele>3051.4</ele><time>2024-03-15T11:27:36Z</time></trkpt>
<trkpt lat="45.988754" lon="7.597496"><ele>3045.8</ele><time>2024-03-15T11:27:41Z</time></trkpt>
<trkpt lat="45.988673" lon="7.597525"><ele>3042.6</ele><time>2024-03-15T11:27:44Z</time></trkpt>
<trkpt lat="45.988552" lon="7.597468"><ele>3038.6</ele><time>2024-03-15T11:27:47Z</time></trkpt>
<trkpt lat="45.988400" lon="7.597378"><ele>3033.8</ele><time>2024-03-15T11:27:50Z</time></trkpt>
<trkpt lat="45.988258" lon="7.597245"><ele>3026.6</ele><time>2024-03-15T11:27:58Z</time></trkpt>
<trkpt lat="45.988219" lon="7.597322"><ele>3025.6</ele><time>2024-03-15T11:28:01Z</time></trkpt>
<trkpt lat="45.988192" lon="7.597320"><ele>3022.2</ele><time>2024-03-15T11:28:04Z</time></trkpt>
<trkpt lat="45.988189" lon="7.597413"><ele>3020.2</ele><time>2024-03-15T11:28:07Z</time></trkpt>
<trkpt lat="45.988355" lon="7.597820"><ele>3014.6</ele><time>2024-03-15T11:28:24Z</time></trkpt>
<trkpt lat="45.988351" lon="7.597884"><ele>3013.8</ele><time>2024-03-15T11:28:26Z</time></trkpt>
<trkpt lat="45.988169" lon="7.597745"><ele>3006.8</ele><time>2024-03-15T11:28:32Z</time></trkpt>
<trkpt lat="45.988080" lon="7.597740"><ele>3005.0</ele><time>2024-03-15T11:28:35Z</time></trkpt>
<trkpt lat="45.988051" lon="7.597843"><ele>3002.8</ele><time>2024-03-15T11:28:37Z</time></trkpt>
<trkpt lat="45.988025" lon="7.597831"><ele>2996.6</ele><time>2024-03-15T11:28:40Z</time></trkpt>
<trkpt lat="45.987963" lon="7.597836"><ele>2995.4</ele><time>2024-03-15T11:28:43Z</time></trkpt>
<trkpt lat="45.987931" lon="7.597888"><ele>2994.2</ele><time>2024-03-15T11:28:45Z</time></trkpt>
<trkpt lat="45.987948" lon="7.598006"><ele>2991.0</ele><time>2024-03-15T11:28:47Z</time></trkpt>
<trkpt lat="45.987814" lon="7.598014"><ele>2982.0</ele><time>2024-03-15T11:28:51Z</time></trkpt>
<trkpt lat="45.987841" lon="7.598209"><ele>2980.8</ele><time>2024-03-15T11:28:54Z</time></trkpt>
<trkpt lat="45.987794" lon="7.598448"><ele>2977.4</ele><time>2024-03-15T11:28:56Z</time></trkpt>
<trkpt lat="45.987776" lon="7.598593"><ele>2971.8</ele><time>2024-03-15T11:28:57Z</time></trkpt>
<trkpt lat="45.987794" lon="7.599076"><ele>2965.0</ele><time>2024-03-15T11:29:00Z</time></trkpt>
<trkpt lat="45.988022" lon="7.600216"><ele>2942.6</ele><time>2024-03-15T11:29:07Z</time></trkpt>
<trkpt lat="45.988176" lon="7.601181"><ele>2937.8</ele><time>2024-03-15T11:29:16Z</time></trkpt>
<trkpt lat="45.988130" lon="7.601108"><ele>2936.8</ele><time>2024-03-15T11:29:34Z</time></trkpt>
<trkpt lat="45.988238" lon="7.601229"><ele>2936.8</ele><time>2024-03-15T11:30:23Z</time></trkpt>
<trkpt lat="45.988392" lon="7.601583"><ele>2935.4</ele><time>2024-03-15T11:30:36Z</time></trkpt>
<trkpt lat="45.988730" lon="7.602536"><ele>2928.4</ele><time>2024-03-15T11:30:52Z</time></trkpt>
<trkpt lat="45.988841" lon="7.602635"><ele>2927.2</ele><time>2024-03-15T11:30:55Z</time></trkpt>
<trkpt lat="45.988846" lon="7.602656"><ele>2926.2</ele><time>2024-03-15T11:31:04Z</time></trkpt>
<trkpt lat="45.988819" lon="7.602638"><ele>2925.8</ele><time>2024-03-15T11:31:38Z</time></trkpt>
<trkpt lat="45.988837" lon="7.602757"><ele>2925.8</ele><time>2024-03-15T11:32:53Z</time></trkpt>
<trkpt lat="45.989039" lon="7.603147"><ele>2922.4</ele><time>2024-03-15T11:33:00Z</time></trkpt>
<trkpt lat="45.989143" lon="7.603209"><ele>2919.2</ele><time>2024-03-15T11:33:02Z</time></trkpt>
<trkpt lat="45.989200" lon="7.603296"><ele>2917.8</ele><time>2024-03-15T11:33:04Z</time></trkpt>
<trkpt lat="45.989237" lon="7.603306"><ele>2913.8</ele><time>2024-03-15T11:33:08Z</time></trkpt>
<trkpt lat="45.989286" lon="7.603427"><ele>2912.6</ele><time>2024-03-15T11:33:13Z</time></trkpt>
<trkpt lat="45.989356" lon="7.603468"><ele>2910.8</ele><time>2024-03-15T11:33:15Z</time></trkpt>
<trkpt lat="45.989426" lon="7.603619"><ele>2906.4</ele><time>2024-03-15T11:33:19Z</time></trkpt>
<trkpt lat="45.989586" lon="7.603727"><ele>2900.0</ele><time>2024-03-15T11:33:25Z</time></trkpt>
<trkpt lat="45.989559" lon="7.603909"><ele>2896.6</ele><time>2024-03-15T11:33:30Z</time></trkpt>
<trkpt lat="45.989669" lon="7.603917"><ele>2889.6</ele><time>2024-03-15T11:33:34Z</time></trkpt>
<trkpt lat="45.989703" lon="7.603987"><ele>2888.4</ele><time>2024-03-15T11:33:36Z</time></trkpt>
<trkpt lat="45.989676" lon="7.604072"><ele>2886.4</ele><time>2024-03-15T11:33:38Z</time></trkpt>
<trkpt lat="45.989729" lon="7.604215"><ele>2881.8</ele><time>2024-03-15T11:33:41Z</time></trkpt>
<trkpt lat="45.989719" lon="7.604631"><ele>2871.0</ele><time>2024-03-15T11:33:45Z</time></trkpt>
<trkpt lat="45.989973" lon="7.604862"><ele>2864.0</ele><time>2024-03-15T11:33:52Z</time></trkpt>
<trkpt lat="45.990156" lon="7.605142"><ele>2856.8</ele><time>2024-03-15T11:33:58Z</time></trkpt>
<trkpt lat="45.990284" lon="7.605188"><ele>2851.6</ele><time>2024-03-15T11:34:01Z</time></trkpt>
<trkpt lat="45.990281" lon="7.605329"><ele>2848.8</ele><time>2024-03-15T11:34:03Z</time></trkpt>
<trkpt lat="45.990254" lon="7.605390"><ele>2843.8</ele><time>2024-03-15T11:34:39Z</time></trkpt>
<trkpt lat="45.990250" lon="7.605347"><ele>2843.6</ele><time>2024-03-15T11:34:50Z</time></trkpt>
<trkpt lat="45.990436" lon="7.605438"><ele>2842.8</ele><time>2024-03-15T11:35:00Z</time></trkpt>
<trkpt lat="45.990485" lon="7.605510"><ele>2841.8</ele><time>2024-03-15T11:35:01Z</time></trkpt>
<trkpt lat="45.990520" lon="7.605579"><ele>2840.0</ele><time>2024-03-15T11:35:02Z</time></trkpt>
<trkpt lat="45.990514" lon="7.605637"><ele>2836.0</ele><time>2024-03-15T11:35:03Z</time></trkpt>
<trkpt lat="45.990535" lon="7.605796"><ele>2832.2</ele><time>2024-03-15T11:35:05Z</time></trkpt>
<trkpt lat="45.990441" lon="7.606141"><ele>2823.4</ele><time>2024-03-15T11:35:09Z</time></trkpt>
<trkpt lat="45.990110" lon="7.606534"><ele>2813.8</ele><time>2024-03-15T11:35:14Z</time></trkpt>
<trkpt lat="45.990050" lon="7.606589"><ele>2809.8</ele><time>2024-03-15T11:35:15Z</time></trkpt>
<trkpt lat="45.989821" lon="7.606821"><ele>2808.0</ele><time>2024-03-15T11:35:44Z</time></trkpt>
<trkpt lat="45.989373" lon="7.606947"><ele>2802.4</ele><time>2024-03-15T11:36:03Z</time></trkpt>
<trkpt lat="45.989212" lon="7.607126"><ele>2798.4</ele><time>2024-03-15T11:36:06Z</time></trkpt>
<trkpt lat="45.989238" lon="7.607603"><ele>2784.2</ele><time>2024-03-15T11:36:12Z</time></trkpt>
<trkpt lat="45.989216" lon="7.607705"><ele>2781.6</ele><time>2024-03-15T11:36:13Z</time></trkpt>
<trkpt lat="45.989167" lon="7.607828"><ele>2773.0</ele><time>2024-03-15T11:36:19Z</time></trkpt>
<trkpt lat="45.989155" lon="7.607814"><ele>2771.8</ele><time>2024-03-15T11:36:35Z</time></trkpt>
<trkpt lat="45.989210" lon="7.607977"><ele>2771.8</ele><time>2024-03-15T11:36:39Z</time></trkpt>
<trkpt lat="45.989161" lon="7.608332"><ele>2763.8</ele><time>2024-03-15T11:36:44Z</time></trkpt>
<trkpt lat="45.989022" lon="7.608752"><ele>2757.4</ele><time>2024-03-15T11:36:49Z</time></trkpt>
<trkpt lat="45.988893" lon="7.608984"><ele>2750.4</ele><time>2024-03-15T11:36:55Z</time></trkpt>
<trkpt lat="45.988753" lon="7.609149"><ele>2748.0</ele><time>2024-03-15T11:37:06Z</time></trkpt>
<trkpt lat="45.988600" lon="7.609537"><ele>2744.8</ele><time>2024-03-15T11:37:11Z</time></trkpt>
<trkpt lat="45.988568" lon="7.609784"><ele>2741.6</ele><time>2024-03-15T11:37:13Z</time></trkpt>
<trkpt lat="45.988590" lon="7.610034"><ele>2735.2</ele><time>2024-03-15T11:37:15Z</time></trkpt>
<trkpt lat="45.988733" lon="7.610630"><ele>2724.2</ele><time>2024-03-15T11:37:20Z</time></trkpt>
<trkpt lat="45.989013" lon="7.611389"><ele>2712.6</ele><time>2024-03-15T11:37:27Z</time></trkpt>
<trkpt lat="45.989032" lon="7.611518"><ele>2709.8</ele><time>2024-03-15T11:37:29Z</time></trkpt>
<trkpt lat="45.989011" lon="7.611484"><ele>2709.6</ele><time>2024-03-15T11:37:40Z</time></trkpt>
<trkpt lat="45.989001" lon="7.611509"><ele>2708.8</ele><time>2024-03-15T11:38:02Z</time></trkpt>
<trkpt lat="45.989022" lon="7.611477"><ele>2708.6</ele><time>2024-03-15T11:38:14Z</time></trkpt>
<trkpt lat="45.989065" lon="7.611518"><ele>2708.4</ele><time>2024-03-15T11:38:27Z</time></trkpt>
<trkpt lat="45.989185" lon="7.611508"><ele>2707.8</ele><time>2024-03-15T11:38:29Z</time></trkpt>
<trkpt lat="45.989226" lon="7.611563"><ele>2706.8</ele><time>2024-03-15T11:38:30Z</time></trkpt>
<trkpt lat="45.989335" lon="7.611740"><ele>2700.2</ele><time>2024-03-15T11:38:32Z</time></trkpt>
<trkpt lat="45.989400" lon="7.611989"><ele>2694.0</ele><time>2024-03-15T11:38:35Z</time></trkpt>
<trkpt lat="45.989400" lon="7.612064"><ele>2693.8</ele><time>2024-03-15T11:38:36Z</time></trkpt>
<trkpt lat="45.989388" lon="7.612225"><ele>2691.4</ele><time>2024-03-15T11:38:38Z</time></trkpt>
<trkpt lat="45.989056" lon="7.613123"><ele>2679.8</ele><time>2024-03-15T11:38:47Z</time></trkpt>
<trkpt lat="45.988783" lon="7.613727"><ele>2673.0</ele><time>2024-03-15T11:38:56Z</time></trkpt>
<trkpt lat="45.988746" lon="7.613814"><ele>2671.2</ele><time>2024-03-15T11:38:58Z</time></trkpt>
<trkpt lat="45.988726" lon="7.613879"><ele>2667.0</ele><time>2024-03-15T11:39:12Z</time></trkpt>
<trkpt lat="45.988717" lon="7.613862"><ele>2665.6</ele><time>2024-03-15T11:39:22Z</time></trkpt>
<trkpt lat="45.988651" lon="7.614015"><ele>2665.0</ele><time>2024-03-15T11:39:27Z</time></trkpt>
<trkpt lat="45.988723" lon="7.614032"><ele>2663.8</ele><time>2024-03-15T11:39:29Z</time></trkpt>
<trkpt lat="45.988754" lon="7.614135"><ele>2657.4</ele><time>2024-03-15T11:39:36Z</time></trkpt>
<trkpt lat="45.988806" lon="7.614166"><ele>2657.2</ele><time>2024-03-15T11:39:38Z</time></trkpt>
<trkpt lat="45.988926" lon="7.614142"><ele>2653.4</ele><time>2024-03-15T11:39:42Z</time></trkpt>
<trkpt lat="45.988992" lon="7.614184"><ele>2652.8</ele><time>2024-03-15T11:39:44Z</time></trkpt>
<trkpt lat="45.988954" lon="7.614278"><ele>2650.8</ele><time>2024-03-15T11:39:46Z</time></trkpt>
<trkpt lat="45.988939" lon="7.614304"><ele>2646.0</ele><time>2024-03-15T11:39:47Z</time></trkpt>
<trkpt lat="45.988940" lon="7.614368"><ele>2645.4</ele><time>2024-03-15T11:39:49Z</time></trkpt>
<trkpt lat="45.989006" lon="7.614410"><ele>2644.6</ele><time>2024-03-15T11:39:51Z</time></trkpt>
<trkpt lat="45.988962" lon="7.614498"><ele>2642.6</ele><time>2024-03-15T11:39:53Z</time></trkpt>
<trkpt lat="45.988934" lon="7.614508"><ele>2638.4</ele><time>2024-03-15T11:39:54Z</time></trkpt>
<trkpt lat="45.988904" lon="7.614571"><ele>2636.0</ele><time>2024-03-15T11:39:56Z</time></trkpt>
<trkpt lat="45.988697" lon="7.614795"><ele>2632.8</ele><time>2024-03-15T11:39:59Z</time></trkpt>
<trkpt lat="45.988505" lon="7.615949"><ele>2620.0</ele><time>2024-03-15T11:40:09Z</time></trkpt>
<trkpt lat="45.988385" lon="7.616089"><ele>2620.0</ele><time>2024-03-15T11:40:18Z</time></trkpt>
<trkpt lat="45.988412" lon="7.616063"><ele>2616.8</ele><time>2024-03-15T11:41:46Z</time></trkpt>
<trkpt lat="45.988380" lon="7.616050"><ele>2617.0</ele><time>2024-03-15T11:42:11Z</time></trkpt>
<trkpt lat="45.988382" lon="7.616111"><ele>2615.8</ele><time>2024-03-15T11:42:52Z</time></trkpt>
<trkpt lat="45.988527" lon="7.616357"><ele>2614.8</ele><time>2024-03-15T11:42:56Z</time></trkpt>
<trkpt lat="45.988821" lon="7.616765"><ele>2608.6</ele><time>2024-03-15T11:43:00Z</time></trkpt>
<trkpt lat="45.989077" lon="7.617101"><ele>2599.0</ele><time>2024-03-15T11:43:03Z</time></trkpt>
<trkpt lat="45.989360" lon="7.617449"><ele>2594.6</ele><time>2024-03-15T11:43:07Z</time></trkpt>
<trkpt lat="45.989621" lon="7.617921"><ele>2592.4</ele><time>2024-03-15T11:43:12Z</time></trkpt>
<trkpt lat="45.990079" lon="7.619249"><ele>2579.6</ele><time>2024-03-15T11:43:26Z</time></trkpt>
<trkpt lat="45.990487" lon="7.620219"><ele>2574.0</ele><time>2024-03-15T11:43:39Z</time></trkpt>
<trkpt lat="45.990555" lon="7.620347"><ele>2574.0</ele><time>2024-03-15T11:43:41Z</time></trkpt>
<trkpt lat="45.990743" lon="7.620495"><ele>2572.2</ele><time>2024-03-15T11:43:45Z</time></trkpt>
<trkpt lat="45.990734" lon="7.620535"><ele>2571.0</ele><time>2024-03-15T11:44:20Z</time></trkpt>
<trkpt lat="45.990873" lon="7.620662"><ele>2570.6</ele><time>2024-03-15T11:44:32Z</time></trkpt>
<trkpt lat="45.991074" lon="7.620951"><ele>2567.6</ele><time>2024-03-15T11:44:37Z</time></trkpt>
<trkpt lat="45.991245" lon="7.621676"><ele>2562.2</ele><time>2024-03-15T11:44:45Z</time></trkpt>
<trkpt lat="45.991707" lon="7.622642"><ele>2555.0</ele><time>2024-03-15T11:44:58Z</time></trkpt>
<trkpt lat="45.991707" lon="7.622774"><ele>2553.4</ele><time>2024-03-15T11:45:00Z</time></trkpt>
<trkpt lat="45.991654" lon="7.622940"><ele>2552.2</ele><time>2024-03-15T11:45:04Z</time></trkpt>
<trkpt lat="45.991630" lon="7.623160"><ele>2551.0</ele><time>2024-03-15T11:45:07Z</time></trkpt>
<trkpt lat="45.991683" lon="7.623656"><ele>2547.2</ele><time>2024-03-15T11:45:13Z</time></trkpt>
<trkpt lat="45.991659" lon="7.624082"><ele>2545.6</ele><time>2024-03-15T11:45:21Z</time></trkpt>
<trkpt lat="45.991719" lon="7.624677"><ele>2542.6</ele><time>2024-03-15T11:45:35Z</time></trkpt>
<trkpt lat="45.991675" lon="7.624791"><ele>2542.4</ele><time>2024-03-15T11:45:39Z</time></trkpt>
<trkpt lat="45.991191" lon="7.625178"><ele>2538.2</ele><time>2024-03-15T11:45:50Z</time></trkpt>
<trkpt lat="45.991074" lon="7.625340"><ele>2536.6</ele><time>2024-03-15T11:45:52Z</time></trkpt>
<trkpt lat="45.990974" lon="7.625640"><ele>2532.2</ele><time>2024-03-15T11:45:55Z</time></trkpt>
<trkpt lat="45.990953" lon="7.626088"><ele>2530.8</ele><time>2024-03-15T11:46:00Z</time></trkpt>
<trkpt lat="45.991265" lon="7.627121"><ele>2521.2</ele><time>2024-03-15T11:46:15Z</time></trkpt>
<trkpt lat="45.991506" lon="7.627424"><ele>2516.4</ele><time>2024-03-15T11:46:28Z</time></trkpt>
<trkpt lat="45.991823" lon="7.628263"><ele>2511.8</ele><time>2024-03-15T11:46:50Z</time></trkpt>
<trkpt lat="45.991930" lon="7.628624"><ele>2509.6</ele><time>2024-03-15T11:46:56Z</time></trkpt>
<trkpt lat="45.992279" lon="7.629197"><ele>2505.4</ele><time>2024-03-15T11:47:09Z</time></trkpt>
<trkpt lat="45.992321" lon="7.629600"><ele>2502.2</ele><time>2024-03-15T11:47:16Z</time></trkpt>
<trkpt lat="45.992290" lon="7.629755"><ele>2501.0</ele><time>2024-03-15T11:47:18Z</time></trkpt>
<trkpt lat="45.992161" lon="7.630006"><ele>2499.4</ele><time>2024-03-15T11:47:22Z</time></trkpt>
<trkpt lat="45.992132" lon="7.630169"><ele>2498.4</ele><time>2024-03-15T11:47:24Z</time></trkpt>
<trkpt lat="45.992464" lon="7.630757"><ele>2488.0</ele><time>2024-03-15T11:47:31Z</time></trkpt>
<trkpt lat="45.992695" lon="7.631238"><ele>2483.6</ele><time>2024-03-15T11:47:35Z</time></trkpt>
<trkpt lat="45.992831" lon="7.631839"><ele>2480.2</ele><time>2024-03-15T11:47:39Z</time></trkpt>
<trkpt lat="45.993030" lon="7.632500"><ele>2471.0</ele><time>2024-03-15T11:47:45Z</time></trkpt>
<trkpt lat="45.993261" lon="7.633386"><ele>2467.2</ele><time>2024-03-15T11:47:59Z</time></trkpt>
<trkpt lat="45.993331" lon="7.633924"><ele>2464.4</ele><time>2024-03-15T11:48:05Z</time></trkpt>
<trkpt lat="45.993415" lon="7.634273"><ele>2462.0</ele><time>2024-03-15T11:48:08Z</time></trkpt>
<trkpt lat="45.993995" lon="7.635910"><ele>2443.8</ele><time>2024-03-15T11:48:28Z</time></trkpt>
<trkpt lat="45.994228" lon="7.636532"><ele>2442.4</ele><time>2024-03-15T11:49:38Z</time></trkpt>
<trkpt lat="45.994602" lon="7.637809"><ele>2426.4</ele><time>2024-03-15T11:49:49Z</time></trkpt>
<trkpt lat="45.994683" lon="7.638276"><ele>2420.2</ele><time>2024-03-15T11:49:53Z</time></trkpt>
<trkpt lat="45.994833" lon="7.639007"><ele>2415.4</ele><time>2024-03-15T11:50:01Z</time></trkpt>
<trkpt lat="45.994805" lon="7.639435"><ele>2409.6</ele><time>2024-03-15T11:50:07Z</time></trkpt>
<trkpt lat="45.994757" lon="7.639523"><ele>2408.6</ele><time>2024-03-15T11:50:15Z</time></trkpt>
<trkpt lat="45.994899" lon="7.639708"><ele>2408.0</ele><time>2024-03-15T11:50:21Z</time></trkpt>
<trkpt lat="45.994998" lon="7.639938"><ele>2404.6</ele><time>2024-03-15T11:50:23Z</time></trkpt>
<trkpt lat="45.995111" lon="7.640349"><ele>2396.8</ele><time>2024-03-15T11:50:26Z</time></trkpt>
<trkpt lat="45.995236" lon="7.640936"><ele>2394.2</ele><time>2024-03-15T11:50:31Z</time></trkpt>
<trkpt lat="45.995378" lon="7.641236"><ele>2389.4</ele><time>2024-03-15T11:50:34Z</time></trkpt>
<trkpt lat="45.995412" lon="7.641344"><ele>2388.4</ele><time>2024-03-15T11:50:36Z</time></trkpt>
<trkpt lat="45.995392" lon="7.641351"><ele>2388.8</ele><time>2024-03-15T11:50:45Z</time></trkpt>
<trkpt lat="45.995447" lon="7.641463"><ele>2388.8</ele><time>2024-03-15T11:50:49Z</time></trkpt>
<trkpt lat="45.995597" lon="7.641995"><ele>2384.6</ele><time>2024-03-15T11:50:59Z</time></trkpt>
<trkpt lat="45.995649" lon="7.642229"><ele>2383.6</ele><time>2024-03-15T11:51:07Z</time></trkpt>
<trkpt lat="45.995642" lon="7.642352"><ele>2383.2</ele><time>2024-03-15T11:51:15Z</time></trkpt>
<trkpt lat="45.995489" lon="7.643035"><ele>2379.8</ele><time>2024-03-15T11:51:31Z</time></trkpt>
<trkpt lat="45.995502" lon="7.643643"><ele>2372.4</ele><time>2024-03-15T11:51:37Z</time></trkpt>
<trkpt lat="45.995607" lon="7.644802"><ele>2360.2</ele><time>2024-03-15T11:51:47Z</time></trkpt>
<trkpt lat="45.995712" lon="7.645760"><ele>2354.0</ele><time>2024-03-15T11:51:56Z</time></trkpt>
<trkpt lat="45.995790" lon="7.646302"><ele>2348.0</ele><time>2024-03-15T11:52:02Z</time></trkpt>
<trkpt lat="45.995853" lon="7.647024"><ele>2345.2</ele><time>2024-03-15T11:52:09Z</time></trkpt>
<trkpt lat="45.995951" lon="7.647627"><ele>2337.8</ele><time>2024-03-15T11:52:15Z</time></trkpt>
<trkpt lat="45.995966" lon="7.648264"><ele>2333.8</ele><time>2024-03-15T11:52:24Z</time></trkpt>
<trkpt lat="45.996027" lon="7.648463"><ele>2333.8</ele><time>2024-03-15T11:52:27Z</time></trkpt>
<trkpt lat="45.996311" lon="7.648887"><ele>2327.0</ele><time>2024-03-15T11:52:33Z</time></trkpt>
<trkpt lat="45.996566" lon="7.649349"><ele>2325.6</ele><time>2024-03-15T11:52:47Z</time></trkpt>
<trkpt lat="45.996615" lon="7.649756"><ele>2324.0</ele><time>2024-03-15T11:53:00Z</time></trkpt>
<trkpt lat="45.996628" lon="7.650562"><ele>2319.6</ele><time>2024-03-15T11:53:16Z</time></trkpt>
<trkpt lat="45.996677" lon="7.650754"><ele>2317.8</ele><time>2024-03-15T11:53:19Z</time></trkpt>
<trkpt lat="45.996933" lon="7.651105"><ele>2315.6</ele><time>2024-03-15T11:53:44Z</time></trkpt>
<trkpt lat="45.996950" lon="7.651555"><ele>2314.2</ele><time>2024-03-15T11:54:16Z</time></trkpt>
<trkpt lat="45.997004" lon="7.652051"><ele>2310.8</ele><time>2024-03-15T11:54:22Z</time></trkpt>
<trkpt lat="45.997105" lon="7.652635"><ele>2307.6</ele><time>2024-03-15T11:54:28Z</time></trkpt>
<trkpt lat="45.997150" lon="7.653023"><ele>2301.0</ele><time>2024-03-15T11:54:32Z</time></trkpt>
<trkpt lat="45.997189" lon="7.653242"><ele>2300.0</ele><time>2024-03-15T11:54:35Z</time></trkpt>
<trkpt lat="45.997287" lon="7.653440"><ele>2303.4</ele><time>2024-03-15T11:54:54Z</time></trkpt>
<trkpt lat="45.997437" lon="7.653794"><ele>2303.0</ele><time>2024-03-15T11:55:43Z</time></trkpt>
<trkpt lat="45.997715" lon="7.654280"><ele>2299.0</ele><time>2024-03-15T11:55:52Z</time></trkpt>
<trkpt lat="45.997893" lon="7.654740"><ele>2292.4</ele><time>2024-03-15T11:55:58Z</time></trkpt>
<trkpt lat="45.997979" lon="7.655053"><ele>2291.0</ele><time>2024-03-15T11:56:03Z</time></trkpt>
<trkpt lat="45.998104" lon="7.656006"><ele>2287.0</ele><time>2024-03-15T11:56:24Z</time></trkpt>
<trkpt lat="45.998323" lon="7.656684"><ele>2283.2</ele><time>2024-03-15T11:56:43Z</time></trkpt>
<trkpt lat="45.998477" lon="7.657384"><ele>2279.6</ele><time>2024-03-15T11:56:57Z</time></trkpt>
<trkpt lat="45.998972" lon="7.658432"><ele>2273.8</ele><time>2024-03-15T11:57:24Z</time></trkpt>
<trkpt lat="45.999112" lon="7.658893"><ele>2271.0</ele><time>2024-03-15T11:57:35Z</time></trkpt>
<trkpt lat="45.999390" lon="7.659580"><ele>2267.4</ele><time>2024-03-15T11:57:49Z</time></trkpt>
<trkpt lat="45.999615" lon="7.660349"><ele>2263.2</ele><time>2024-03-15T11:58:02Z</time></trkpt>
<trkpt lat="45.999826" lon="7.661284"><ele>2257.0</ele><time>2024-03-15T11:58:14Z</time></trkpt>
<trkpt lat="46.000041" lon="7.661652"><ele>2254.2</ele><time>2024-03-15T11:58:22Z</time></trkpt>
<trkpt lat="46.000495" lon="7.662586"><ele>2248.4</ele><time>2024-03-15T11:58:42Z</time></trkpt>
<trkpt lat="46.000956" lon="7.663307"><ele>2246.6</ele><time>2024-03-15T11:59:07Z</time></trkpt>
<trkpt lat="46.001093" lon="7.663696"><ele>2246.8</ele><time>2024-03-15T11:59:33Z</time></trkpt>
<trkpt lat="46.001205" lon="7.663855"><ele>2247.0</ele><time>2024-03-15T11:59:53Z</time></trkpt>
<trkpt lat="46.001410" lon="7.664356"><ele>2247.2</ele><time>2024-03-15T12:00:41Z</time></trkpt>
<trkpt lat="46.001440" lon="7.664542"><ele>2248.4</ele><time>2024-03-15T12:01:02Z</time></trkpt>
<trkpt lat="46.001558" lon="7.664790"><ele>2248.4</ele><time>2024-03-15T12:01:17Z</time></trkpt>
<trkpt lat="46.001720" lon="7.665390"><ele>2249.2</ele><time>2024-03-15T12:03:45Z</time></trkpt>
<trkpt lat="46.001718" lon="7.665351"><ele>2250.6</ele><time>2024-03-15T12:04:18Z</time></trkpt>
<trkpt lat="46.001706" lon="7.665377"><ele>2251.8</ele><time>2024-03-15T12:04:56Z</time></trkpt>
<trkpt lat="46.001729" lon="7.665345"><ele>2252.2</ele><time>2024-03-15T12:05:34Z</time></trkpt>
<trkpt lat="46.001710" lon="7.665440"><ele>2254.8</ele><time>2024-03-15T12:06:41Z</time></trkpt>
<trkpt lat="46.001736" lon="7.665503"><ele>2255.2</ele><time>2024-03-15T12:06:46Z</time></trkpt>
<trkpt lat="46.001793" lon="7.666204"><ele>2258.8</ele><time>2024-03-15T12:07:05Z</time></trkpt>
<trkpt lat="46.001892" lon="7.666857"><ele>2258.6</ele><time>2024-03-15T12:07:26Z</time></trkpt>
<trkpt lat="46.002285" lon="7.668217"><ele>2254.2</ele><time>2024-03-15T12:08:07Z</time></trkpt>
<trkpt lat="46.002302" lon="7.668791"><ele>2253.4</ele><time>2024-03-15T12:08:19Z</time></trkpt>
<trkpt lat="46.002485" lon="7.669145"><ele>2251.2</ele><time>2024-03-15T12:08:26Z</time></trkpt>
<trkpt lat="46.002503" lon="7.669299"><ele>2250.4</ele><time>2024-03-15T12:08:30Z</time></trkpt>
<trkpt lat="46.002474" lon="7.669859"><ele>2249.2</ele><time>2024-03-15T12:08:40Z</time></trkpt>
<trkpt lat="46.002495" lon="7.669996"><ele>2248.6</ele><time>2024-03-15T12:08:42Z</time></trkpt>
<trkpt lat="46.002706" lon="7.670638"><ele>2246.0</ele><time>2024-03-15T12:08:59Z</time></trkpt>
<trkpt lat="46.003074" lon="7.671569"><ele>2244.4</ele><time>2024-03-15T12:09:33Z</time></trkpt>
<trkpt lat="46.003371" lon="7.672095"><ele>2242.4</ele><time>2024-03-15T12:10:06Z</time></trkpt>
<trkpt lat="46.003635" lon="7.672445"><ele>2240.4</ele><time>2024-03-15T12:10:11Z</time></trkpt>
<trkpt lat="46.003662" lon="7.672537"><ele>2240.2</ele><time>2024-03-15T12:10:12Z</time></trkpt>
<trkpt lat="46.003760" lon="7.673174"><ele>2237.8</ele><time>2024-03-15T12:10:23Z</time></trkpt>
<trkpt lat="46.003665" lon="7.673824"><ele>2234.0</ele><time>2024-03-15T12:10:34Z</time></trkpt>
<trkpt lat="46.003694" lon="7.674295"><ele>2232.8</ele><time>2024-03-15T12:10:41Z</time></trkpt>
<trkpt lat="46.003670" lon="7.674792"><ele>2230.4</ele><time>2024-03-15T12:10:46Z</time></trkpt>
<trkpt lat="46.003692" lon="7.675056"><ele>2228.2</ele><time>2024-03-15T12:10:49Z</time></trkpt>
<trkpt lat="46.003525" lon="7.675760"><ele>2221.4</ele><time>2024-03-15T12:10:59Z</time></trkpt>
<trkpt lat="46.003664" lon="7.675888"><ele>2220.2</ele><time>2024-03-15T12:11:02Z</time></trkpt>
<trkpt lat="46.003919" lon="7.676494"><ele>2214.8</ele><time>2024-03-15T12:11:10Z</time></trkpt>
<trkpt lat="46.003915" lon="7.677163"><ele>2209.8</ele><time>2024-03-15T12:11:17Z</time></trkpt>
<trkpt lat="46.003797" lon="7.677849"><ele>2203.6</ele><time>2024-03-15T12:11:24Z</time></trkpt>
<trkpt lat="46.003828" lon="7.678091"><ele>2202.2</ele><time>2024-03-15T12:11:29Z</time></trkpt>
<trkpt lat="46.003851" lon="7.678134"><ele>2192.4</ele><time>2024-03-15T12:13:00Z</time></trkpt>
<trkpt lat="46.003860" lon="7.678123"><ele>2194.6</ele><time>2024-03-15T12:13:24Z</time></trkpt>
<trkpt lat="46.003757" lon="7.678152"><ele>2197.4</ele><time>2024-03-15T12:13:44Z</time></trkpt>
<trkpt lat="46.003420" lon="7.678313"><ele>2198.6</ele><time>2024-03-15T12:14:17Z</time></trkpt>
<trkpt lat="46.003052" lon="7.678584"><ele>2200.4</ele><time>2024-03-15T12:14:56Z</time></trkpt>
<trkpt lat="46.002712" lon="7.678716"><ele>2202.4</ele><time>2024-03-15T12:15:38Z</time></trkpt>
<trkpt lat="46.002733" lon="7.678738"><ele>2199.6</ele><time>2024-03-15T12:16:00Z</time></trkpt>
<trkpt lat="46.002719" lon="7.678774"><ele>2199.8</ele><time>2024-03-15T12:16:08Z</time></trkpt>
<trkpt lat="46.002732" lon="7.678733"><ele>2196.0</ele><time>2024-03-15T12:17:18Z</time></trkpt>
<trkpt lat="46.002745" lon="7.678732"><ele>2200.2</ele><time>2024-03-15T12:17:39Z</time></trkpt>
<trkpt lat="46.002724" lon="7.678714"><ele>2196.2</ele><time>2024-03-15T12:18:17Z</time></trkpt>
<trkpt lat="46.002781" lon="7.678902"><ele>2198.8</ele><time>2024-03-15T12:19:03Z</time></trkpt>
<trkpt lat="46.002770" lon="7.679182"><ele>2199.4</ele><time>2024-03-15T12:19:29Z</time></trkpt>
<trkpt lat="46.002802" lon="7.679721"><ele>2198.0</ele><time>2024-03-15T12:20:03Z</time></trkpt>
<trkpt lat="46.002749" lon="7.680151"><ele>2197.8</ele><time>2024-03-15T12:20:29Z</time></trkpt>
<trkpt lat="46.002774" lon="7.680351"><ele>2197.8</ele><time>2024-03-15T12:20:43Z</time></trkpt>
<trkpt lat="46.002846" lon="7.680552"><ele>2198.0</ele><time>2024-03-15T12:20:57Z</time></trkpt>
<trkpt lat="46.003219" lon="7.681072"><ele>2199.0</ele><time>2024-03-15T12:21:48Z</time></trkpt>
<trkpt lat="46.003492" lon="7.681395"><ele>2202.4</ele><time>2024-03-15T12:22:25Z</time></trkpt>
<trkpt lat="46.003654" lon="7.681527"><ele>2202.0</ele><time>2024-03-15T12:23:05Z</time></trkpt>
<trkpt lat="46.003677" lon="7.681622"><ele>2202.6</ele><time>2024-03-15T12:23:12Z</time></trkpt>
<trkpt lat="46.003907" lon="7.682041"><ele>2206.6</ele><time>2024-03-15T12:23:39Z</time></trkpt>
<trkpt lat="46.004089" lon="7.682556"><ele>2210.0</ele><time>2024-03-15T12:24:13Z</time></trkpt>
<trkpt lat="46.004136" lon="7.682752"><ele>2209.0</ele><time>2024-03-15T12:24:24Z</time></trkpt>
<trkpt lat="46.004128" lon="7.682736"><ele>2207.4</ele><time>2024-03-15T12:24:33Z</time></trkpt>
<trkpt lat="46.004147" lon="7.682768"><ele>2205.6</ele><time>2024-03-15T12:24:49Z</time></trkpt>
<trkpt lat="46.004190" lon="7.683043"><ele>2205.8</ele><time>2024-03-15T12:24:59Z</time></trkpt>
<trkpt lat="46.004260" lon="7.683134"><ele>2206.8</ele><time>2024-03-15T12:25:04Z</time></trkpt>
<trkpt lat="46.004512" lon="7.683308"><ele>2206.0</ele><time>2024-03-15T12:25:15Z</time></trkpt>
<trkpt lat="46.004671" lon="7.683592"><ele>2203.6</ele><time>2024-03-15T12:25:27Z</time></trkpt>
<trkpt lat="46.004663" lon="7.683626"><ele>2203.4</ele><time>2024-03-15T12:25:29Z</time></trkpt>
<trkpt lat="46.004472" lon="7.683685"><ele>2204.4</ele><time>2024-03-15T12:25:50Z</time></trkpt>
<trkpt lat="46.003943" lon="7.683741"><ele>2207.6</ele><time>2024-03-15T12:26:18Z</time></trkpt>
<trkpt lat="46.003670" lon="7.683841"><ele>2206.6</ele><time>2024-03-15T12:26:28Z</time></trkpt>
<trkpt lat="46.003651" lon="7.683851"><ele>2201.8</ele><time>2024-03-15T12:26:42Z</time></trkpt>
<trkpt lat="46.003565" lon="7.683920"><ele>2201.2</ele><time>2024-03-15T12:27:07Z</time></trkpt>
<trkpt lat="46.003556" lon="7.684046"><ele>2200.8</ele><time>2024-03-15T12:27:16Z</time></trkpt>
<trkpt lat="46.003607" lon="7.684268"><ele>2202.6</ele><time>2024-03-15T12:27:41Z</time></trkpt>
<trkpt lat="46.003619" lon="7.684641"><ele>2204.0</ele><time>2024-03-15T12:28:14Z</time></trkpt>
<trkpt lat="46.003711" lon="7.684923"><ele>2205.6</ele><time>2024-03-15T12:28:36Z</time></trkpt>
<trkpt lat="46.003798" lon="7.685067"><ele>2206.8</ele><time>2024-03-15T12:28:53Z</time></trkpt>
<trkpt lat="46.003880" lon="7.685354"><ele>2206.2</ele><time>2024-03-15T12:29:23Z</time></trkpt>
<trkpt lat="46.003982" lon="7.685542"><ele>2206.4</ele><time>2024-03-15T12:29:39Z</time></trkpt>
<trkpt lat="46.004060" lon="7.685785"><ele>2206.8</ele><time>2024-03-15T12:29:55Z</time></trkpt>
<trkpt lat="46.004077" lon="7.686073"><ele>2212.4</ele><time>2024-03-15T12:30:13Z</time></trkpt>
<trkpt lat="46.004065" lon="7.686451"><ele>2210.8</ele><time>2024-03-15T12:30:43Z</time></trkpt>
<trkpt lat="46.004084" lon="7.686559"><ele>2211.4</ele><time>2024-03-15T12:30:54Z</time></trkpt>
<trkpt lat="46.004262" lon="7.686946"><ele>2212.6</ele><time>2024-03-15T12:31:28Z</time></trkpt>
<trkpt lat="46.004391" lon="7.687107"><ele>2210.8</ele><time>2024-03-15T12:31:53Z</time></trkpt>
<trkpt lat="46.004482" lon="7.687372"><ele>2215.0</ele><time>2024-03-15T12:32:08Z</time></trkpt>
<trkpt lat="46.004453" lon="7.687474"><ele>2215.8</ele><time>2024-03-15T12:32:16Z</time></trkpt>
<trkpt lat="46.004319" lon="7.687603"><ele>2217.2</ele><time>2024-03-15T12:32:37Z</time></trkpt>
<trkpt lat="46.004327" lon="7.687625"><ele>2214.0</ele><time>2024-03-15T12:33:20Z</time></trkpt>
<trkpt lat="46.004328" lon="7.687598"><ele>2214.2</ele><time>2024-03-15T12:33:34Z</time></trkpt>
<trkpt lat="46.004330" lon="7.687652"><ele>2213.0</ele><time>2024-03-15T12:34:41Z</time></trkpt>
<trkpt lat="46.004305" lon="7.687636"><ele>2214.2</ele><time>2024-03-15T12:35:12Z</time></trkpt>
<trkpt lat="46.004330" lon="7.687640"><ele>2214.0</ele><time>2024-03-15T12:35:40Z</time></trkpt>
<trkpt lat="46.004354" lon="7.687797"><ele>2213.6</ele><time>2024-03-15T12:35:48Z</time></trkpt>
<trkpt lat="46.004519" lon="7.688076"><ele>2211.0</ele><time>2024-03-15T12:35:54Z</time></trkpt>
<trkpt lat="46.004590" lon="7.688269"><ele>2209.0</ele><time>2024-03-15T12:35:57Z</time></trkpt>
<trkpt lat="46.004722" lon="7.688933"><ele>2202.8</ele><time>2024-03-15T12:36:02Z</time></trkpt>
<trkpt lat="46.004815" lon="7.689272"><ele>2194.4</ele><time>2024-03-15T12:36:04Z</time></trkpt>
<trkpt lat="46.005000" lon="7.689726"><ele>2186.8</ele><time>2024-03-15T12:36:07Z</time></trkpt>
<trkpt lat="46.005079" lon="7.690129"><ele>2186.0</ele><time>2024-03-15T12:36:10Z</time></trkpt>
<trkpt lat="46.005149" lon="7.691319"><ele>2184.8</ele><time>2024-03-15T12:36:21Z</time></trkpt>
<trkpt lat="46.005201" lon="7.691802"><ele>2179.0</ele><time>2024-03-15T12:36:25Z</time></trkpt>
<trkpt lat="46.005265" lon="7.692030"><ele>2177.6</ele><time>2024-03-15T12:36:27Z</time></trkpt>
<trkpt lat="46.005365" lon="7.692219"><ele>2175.8</ele><time>2024-03-15T12:36:29Z</time></trkpt>
<trkpt lat="46.005742" lon="7.692713"><ele>2168.2</ele><time>2024-03-15T12:36:36Z</time></trkpt>
<trkpt lat="46.005773" lon="7.692805"><ele>2165.6</ele><time>2024-03-15T12:36:37Z</time></trkpt>
<trkpt lat="46.005917" lon="7.694026"><ele>2147.0</ele><time>2024-03-15T12:36:48Z</time></trkpt>
<trkpt lat="46.005992" lon="7.694236"><ele>2142.8</ele><time>2024-03-15T12:36:50Z</time></trkpt>
<trkpt lat="46.006010" lon="7.694788"><ele>2134.6</ele><time>2024-03-15T12:36:54Z</time></trkpt>
<trkpt lat="46.006026" lon="7.694975"><ele>2129.0</ele><time>2024-03-15T12:36:55Z</time></trkpt>
<trkpt lat="46.006095" lon="7.695812"><ele>2120.6</ele><time>2024-03-15T12:37:00Z</time></trkpt>
<trkpt lat="46.006198" lon="7.696026"><ele>2118.8</ele><time>2024-03-15T12:37:02Z</time></trkpt>
<trkpt lat="46.006457" lon="7.696385"><ele>2112.0</ele><time>2024-03-15T12:37:06Z</time></trkpt>
<trkpt lat="46.006512" lon="7.696549"><ele>2109.8</ele><time>2024-03-15T12:37:08Z</time></trkpt>
<trkpt lat="46.006653" lon="7.696794"><ele>2107.8</ele><time>2024-03-15T12:37:11Z</time></trkpt>
<trkpt lat="46.006756" lon="7.697603"><ele>2098.6</ele><time>2024-03-15T12:37:18Z</time></trkpt>
<trkpt lat="46.006777" lon="7.698213"><ele>2097.2</ele><time>2024-03-15T12:37:25Z</time></trkpt>
<trkpt lat="46.006834" lon="7.698435"><ele>2097.0</ele><time>2024-03-15T12:37:29Z</time></trkpt>
<trkpt lat="46.007041" lon="7.698838"><ele>2097.0</ele><time>2024-03-15T12:37:40Z</time></trkpt>
<trkpt lat="46.007208" lon="7.699277"><ele>2095.6</ele><time>2024-03-15T12:37:51Z</time></trkpt>
<trkpt lat="46.007325" lon="7.699762"><ele>2094.6</ele><time>2024-03-15T12:38:02Z</time></trkpt>
<trkpt lat="46.007286" lon="7.700125"><ele>2094.2</ele><time>2024-03-15T12:38:09Z</time></trkpt>
<trkpt lat="46.007174" lon="7.700753"><ele>2087.2</ele><time>2024-03-15T12:38:16Z</time></trkpt>
<trkpt lat="46.007049" lon="7.701195"><ele>2091.4</ele><time>2024-03-15T12:38:28Z</time></trkpt>
<trkpt lat="46.006933" lon="7.701847"><ele>2093.6</ele><time>2024-03-15T12:39:20Z</time></trkpt>
<trkpt lat="46.006802" lon="7.702073"><ele>2092.6</ele><time>2024-03-15T12:39:41Z</time></trkpt>
<trkpt lat="46.006736" lon="7.702150"><ele>2091.4</ele><time>2024-03-15T12:39:57Z</time></trkpt>
<trkpt lat="46.006706" lon="7.702157"><ele>2089.6</ele><time>2024-03-15T12:40:13Z</time></trkpt>
<trkpt lat="46.006730" lon="7.702156"><ele>2087.6</ele><time>2024-03-15T12:40:38Z</time></trkpt>
<trkpt lat="46.006714" lon="7.702123"><ele>2086.8</ele><time>2024-03-15T12:40:56Z</time></trkpt>
<trkpt lat="46.006741" lon="7.702145"><ele>2086.4</ele><time>2024-03-15T12:41:30Z</time></trkpt>
<trkpt lat="46.006534" lon="7.702363"><ele>2084.4</ele><time>2024-03-15T12:41:42Z</time></trkpt>
<trkpt lat="46.006461" lon="7.702556"><ele>2084.4</ele><time>2024-03-15T12:41:44Z</time></trkpt>
<trkpt lat="46.006435" lon="7.702725"><ele>2084.8</ele><time>2024-03-15T12:41:46Z</time></trkpt>
<trkpt lat="46.006444" lon="7.703255"><ele>2085.2</ele><time>2024-03-15T12:41:54Z</time></trkpt>
<trkpt lat="46.006356" lon="7.704363"><ele>2082.8</ele><time>2024-03-15T12:42:18Z</time></trkpt>
<trkpt lat="46.006322" lon="7.704521"><ele>2082.4</ele><time>2024-03-15T12:42:23Z</time></trkpt>
<trkpt lat="46.006164" lon="7.704901"><ele>2081.6</ele><time>2024-03-15T12:42:33Z</time></trkpt>
<trkpt lat="46.006026" lon="7.705757"><ele>2078.0</ele><time>2024-03-15T12:42:45Z</time></trkpt>
<trkpt lat="46.005936" lon="7.707035"><ele>2074.0</ele><time>2024-03-15T12:43:08Z</time></trkpt>
<trkpt lat="46.005858" lon="7.707493"><ele>2072.8</ele><time>2024-03-15T12:43:17Z</time></trkpt>
<trkpt lat="46.005881" lon="7.708178"><ele>2068.6</ele><time>2024-03-15T12:43:25Z</time></trkpt>
<trkpt lat="46.005843" lon="7.708681"><ele>2065.2</ele><time>2024-03-15T12:43:30Z</time></trkpt>
<trkpt lat="46.005750" lon="7.708992"><ele>2062.0</ele><time>2024-03-15T12:43:33Z</time></trkpt>
<trkpt lat="46.005716" lon="7.709232"><ele>2060.2</ele><time>2024-03-15T12:43:35Z</time></trkpt>
<trkpt lat="46.005711" lon="7.709674"><ele>2054.6</ele><time>2024-03-15T12:43:39Z</time></trkpt>
<trkpt lat="46.005788" lon="7.710357"><ele>2044.0</ele><time>2024-03-15T12:43:44Z</time></trkpt>
<trkpt lat="46.005750" lon="7.710674"><ele>2034.8</ele><time>2024-03-15T12:43:46Z</time></trkpt>
<trkpt lat="46.005734" lon="7.711034"><ele>2032.8</ele><time>2024-03-15T12:43:48Z</time></trkpt>
<trkpt lat="46.005630" lon="7.711314"><ele>2028.8</ele><time>2024-03-15T12:43:50Z</time></trkpt>
<trkpt lat="46.005389" lon="7.711618"><ele>2024.8</ele><time>2024-03-15T12:43:53Z</time></trkpt>
<trkpt lat="46.005245" lon="7.711926"><ele>2022.0</ele><time>2024-03-15T12:43:55Z</time></trkpt>
<trkpt lat="46.005191" lon="7.712125"><ele>2019.6</ele><time>2024-03-15T12:43:56Z</time></trkpt>
<trkpt lat="46.005103" lon="7.712676"><ele>2009.0</ele><time>2024-03-15T12:43:59Z</time></trkpt>
<trkpt lat="46.004946" lon="7.713110"><ele>2007.0</ele><time>2024-03-15T12:44:02Z</time></trkpt>
<trkpt lat="46.004890" lon="7.713673"><ele>2004.6</ele><time>2024-03-15T12:44:05Z</time></trkpt>
<trkpt lat="46.004830" lon="7.714075"><ele>2000.2</ele><time>2024-03-15T12:44:09Z</time></trkpt>
<trkpt lat="46.004834" lon="7.714335"><ele>1999.0</ele><time>2024-03-15T12:44:11Z</time></trkpt>
<trkpt lat="46.004959" lon="7.714929"><ele>1994.6</ele><time>2024-03-15T12:44:16Z</time></trkpt>
<trkpt lat="46.004944" lon="7.715132"><ele>1992.6</ele><time>2024-03-15T12:44:18Z</time></trkpt>
<trkpt lat="46.004893" lon="7.715324"><ele>1991.0</ele><time>2024-03-15T12:44:20Z</time></trkpt>
<trkpt lat="46.004524" lon="7.715968"><ele>1986.6</ele><time>2024-03-15T12:44:28Z</time></trkpt>
<trkpt lat="46.004346" lon="7.716539"><ele>1983.8</ele><time>2024-03-15T12:44:35Z</time></trkpt>
<trkpt lat="46.004247" lon="7.716635"><ele>1982.8</ele><time>2024-03-15T12:44:37Z</time></trkpt>
<trkpt lat="46.003905" lon="7.716813"><ele>1980.8</ele><time>2024-03-15T12:44:44Z</time></trkpt>
<trkpt lat="46.003852" lon="7.716917"><ele>1980.2</ele><time>2024-03-15T12:44:46Z</time></trkpt>
<trkpt lat="46.003836" lon="7.717175"><ele>1979.2</ele><time>2024-03-15T12:44:50Z</time></trkpt>
<trkpt lat="46.004034" lon="7.717476"><ele>1978.0</ele><time>2024-03-15T12:44:59Z</time></trkpt>
<trkpt lat="46.004048" lon="7.717640"><ele>1977.4</ele><time>2024-03-15T12:45:03Z</time></trkpt>
<trkpt lat="46.003797" lon="7.717869"><ele>1973.6</ele><time>2024-03-15T12:45:09Z</time></trkpt>
<trkpt lat="46.003689" lon="7.718014"><ele>1972.2</ele><time>2024-03-15T12:45:11Z</time></trkpt>
<trkpt lat="46.003564" lon="7.718522"><ele>1970.0</ele><time>2024-03-15T12:45:16Z</time></trkpt>
<trkpt lat="46.003405" lon="7.719023"><ele>1965.4</ele><time>2024-03-15T12:45:21Z</time></trkpt>
<trkpt lat="46.003340" lon="7.719394"><ele>1963.0</ele><time>2024-03-15T12:45:24Z</time></trkpt>
<trkpt lat="46.003336" lon="7.719743"><ele>1958.0</ele><time>2024-03-15T12:45:27Z</time></trkpt>
<trkpt lat="46.003382" lon="7.720101"><ele>1957.4</ele><time>2024-03-15T12:45:30Z</time></trkpt>
<trkpt lat="46.003375" lon="7.720314"><ele>1956.6</ele><time>2024-03-15T12:45:32Z</time></trkpt>
<trkpt lat="46.003248" lon="7.720568"><ele>1954.2</ele><time>2024-03-15T12:45:35Z</time></trkpt>
<trkpt lat="46.003161" lon="7.720874"><ele>1952.8</ele><time>2024-03-15T12:45:38Z</time></trkpt>
<trkpt lat="46.003285" lon="7.721329"><ele>1949.2</ele><time>2024-03-15T12:45:43Z</time></trkpt>
<trkpt lat="46.003305" lon="7.721513"><ele>1948.0</ele><time>2024-03-15T12:45:45Z</time></trkpt>
<trkpt lat="46.003177" lon="7.722494"><ele>1944.2</ele><time>2024-03-15T12:45:58Z</time></trkpt>
<trkpt lat="46.003160" lon="7.723054"><ele>1942.4</ele><time>2024-03-15T12:46:07Z</time></trkpt>
<trkpt lat="46.003248" lon="7.723583"><ele>1940.6</ele><time>2024-03-15T12:46:16Z</time></trkpt>
<trkpt lat="46.003237" lon="7.723922"><ele>1939.2</ele><time>2024-03-15T12:46:23Z</time></trkpt>
<trkpt lat="46.003272" lon="7.724316"><ele>1937.8</ele><time>2024-03-15T12:46:30Z</time></trkpt>
<trkpt lat="46.003494" lon="7.724855"><ele>1934.2</ele><time>2024-03-15T12:46:40Z</time></trkpt>
<trkpt lat="46.003705" lon="7.725474"><ele>1931.8</ele><time>2024-03-15T12:46:52Z</time></trkpt>
<trkpt lat="46.003738" lon="7.725933"><ele>1930.0</ele><time>2024-03-15T12:47:00Z</time></trkpt>
<trkpt lat="46.003728" lon="7.726892"><ele>1925.0</ele><time>2024-03-15T12:47:13Z</time></trkpt>
<trkpt lat="46.003480" lon="7.727466"><ele>1920.4</ele><time>2024-03-15T12:47:21Z</time></trkpt>
<trkpt lat="46.003218" lon="7.727861"><ele>1920.4</ele><time>2024-03-15T12:47:31Z</time></trkpt>
<trkpt lat="46.003139" lon="7.728039"><ele>1919.2</ele><time>2024-03-15T12:47:34Z</time></trkpt>
<trkpt lat="46.003050" lon="7.728410"><ele>1918.6</ele><time>2024-03-15T12:47:46Z</time></trkpt>
<trkpt lat="46.002881" lon="7.728658"><ele>1916.0</ele><time>2024-03-15T12:48:17Z</time></trkpt>
<trkpt lat="46.002876" lon="7.728694"><ele>1915.2</ele><time>2024-03-15T12:48:20Z</time></trkpt>
<trkpt lat="46.002892" lon="7.728655"><ele>1913.0</ele><time>2024-03-15T12:48:40Z</time></trkpt>
<trkpt lat="46.002889" lon="7.728695"><ele>1912.0</ele><time>2024-03-15T12:48:57Z</time></trkpt>
<trkpt lat="46.002865" lon="7.728716"><ele>1910.4</ele><time>2024-03-15T12:49:27Z</time></trkpt>
<trkpt lat="46.002889" lon="7.728668"><ele>1909.6</ele><time>2024-03-15T12:49:56Z</time></trkpt>
<trkpt lat="46.002856" lon="7.728675"><ele>1909.0</ele><time>2024-03-15T12:50:15Z</time></trkpt>
<trkpt lat="46.002545" lon="7.728814"><ele>1907.4</ele><time>2024-03-15T12:50:25Z</time></trkpt>
<trkpt lat="46.002384" lon="7.728827"><ele>1906.4</ele><time>2024-03-15T12:50:28Z</time></trkpt>
<trkpt lat="46.002143" lon="7.728725"><ele>1903.4</ele><time>2024-03-15T12:50:33Z</time></trkpt>
<trkpt lat="46.002044" lon="7.728724"><ele>1902.0</ele><time>2024-03-15T12:50:35Z</time></trkpt>
<trkpt lat="46.001979" lon="7.728763"><ele>1901.4</ele><time>2024-03-15T12:50:36Z</time></trkpt>
<trkpt lat="46.001878" lon="7.728908"><ele>1900.0</ele><time>2024-03-15T12:50:38Z</time></trkpt>
<trkpt lat="46.001658" lon="7.729456"><ele>1894.2</ele><time>2024-03-15T12:50:44Z</time></trkpt>
<trkpt lat="46.001588" lon="7.729884"><ele>1889.8</ele><time>2024-03-15T12:50:48Z</time></trkpt>
<trkpt lat="46.001593" lon="7.730222"><ele>1887.6</ele><time>2024-03-15T12:50:52Z</time></trkpt>
<trkpt lat="46.001671" lon="7.730598"><ele>1885.0</ele><time>2024-03-15T12:50:56Z</time></trkpt>
<trkpt lat="46.001683" lon="7.730728"><ele>1882.6</ele><time>2024-03-15T12:50:57Z</time></trkpt>
<trkpt lat="46.001652" lon="7.730939"><ele>1878.8</ele><time>2024-03-15T12:50:59Z</time></trkpt>
<trkpt lat="46.001666" lon="7.731131"><ele>1877.4</ele><time>2024-03-15T12:51:02Z</time></trkpt>
<trkpt lat="46.001776" lon="7.731549"><ele>1876.2</ele><time>2024-03-15T12:51:08Z</time></trkpt>
<trkpt lat="46.001856" lon="7.731677"><ele>1874.8</ele><time>2024-03-15T12:51:10Z</time></trkpt>
<trkpt lat="46.002074" lon="7.731746"><ele>1873.0</ele><time>2024-03-15T12:51:13Z</time></trkpt>
<trkpt lat="46.002154" lon="7.731729"><ele>1871.6</ele><time>2024-03-15T12:51:14Z</time></trkpt>
<trkpt lat="46.002532" lon="7.731466"><ele>1863.4</ele><time>2024-03-15T12:51:21Z</time></trkpt>
<trkpt lat="46.002713" lon="7.731459"><ele>1857.4</ele><time>2024-03-15T12:51:23Z</time></trkpt>
<trkpt lat="46.002905" lon="7.731630"><ele>1850.4</ele><time>2024-03-15T12:51:25Z</time></trkpt>
<trkpt lat="46.003149" lon="7.731789"><ele>1844.6</ele><time>2024-03-15T12:51:27Z</time></trkpt>
<trkpt lat="46.003564" lon="7.732210"><ele>1837.8</ele><time>2024-03-15T12:51:32Z</time></trkpt>
<trkpt lat="46.003861" lon="7.732401"><ele>1835.4</ele><time>2024-03-15T12:51:36Z</time></trkpt>
<trkpt lat="46.004073" lon="7.732420"><ele>1834.6</ele><time>2024-03-15T12:51:39Z</time></trkpt>
<trkpt lat="46.004408" lon="7.732682"><ele>1830.4</ele><time>2024-03-15T12:51:47Z</time></trkpt>
<trkpt lat="46.004597" lon="7.732668"><ele>1826.6</ele><time>2024-03-15T12:51:51Z</time></trkpt>
<trkpt lat="46.004723" lon="7.732712"><ele>1822.8</ele><time>2024-03-15T12:51:53Z</time></trkpt>
<trkpt lat="46.004877" lon="7.732587"><ele>1815.0</ele><time>2024-03-15T12:51:57Z</time></trkpt>
<trkpt lat="46.004939" lon="7.732468"><ele>1811.6</ele><time>2024-03-15T12:51:59Z</time></trkpt>
<trkpt lat="46.005079" lon="7.732377"><ele>1808.0</ele><time>2024-03-15T12:52:01Z</time></trkpt>
<trkpt lat="46.005152" lon="7.732388"><ele>1802.8</ele><time>2024-03-15T12:52:02Z</time></trkpt>
<trkpt lat="46.005181" lon="7.732515"><ele>1800.0</ele><time>2024-03-15T12:52:03Z</time></trkpt>
<trkpt lat="46.005259" lon="7.732667"><ele>1798.4</ele><time>2024-03-15T12:52:05Z</time></trkpt>
<trkpt lat="46.005365" lon="7.732687"><ele>1797.0</ele><time>2024-03-15T12:52:07Z</time></trkpt>
<trkpt lat="46.005462" lon="7.732628"><ele>1796.0</ele><time>2024-03-15T12:52:09Z</time></trkpt>
<trkpt lat="46.005514" lon="7.732526"><ele>1793.6</ele><time>2024-03-15T12:52:17Z</time></trkpt>
<trkpt lat="46.005724" lon="7.732461"><ele>1791.6</ele><time>2024-03-15T12:52:24Z</time></trkpt>
<trkpt lat="46.005826" lon="7.732398"><ele>1788.6</ele><time>2024-03-15T12:52:26Z</time></trkpt>
<trkpt lat="46.005926" lon="7.732252"><ele>1784.0</ele><time>2024-03-15T12:52:32Z</time></trkpt>
<trkpt lat="46.006046" lon="7.732168"><ele>1782.6</ele><time>2024-03-15T12:52:35Z</time></trkpt>
<trkpt lat="46.006072" lon="7.732231"><ele>1780.8</ele><time>2024-03-15T12:52:37Z</time></trkpt>
<trkpt lat="46.006078" lon="7.732570"><ele>1779.0</ele><time>2024-03-15T12:52:42Z</time></trkpt>
<trkpt lat="46.006127" lon="7.732698"><ele>1778.0</ele><time>2024-03-15T12:52:44Z</time></trkpt>
<trkpt lat="46.006197" lon="7.733401"><ele>1768.0</ele><time>2024-03-15T12:52:50Z</time></trkpt>
<trkpt lat="46.006667" lon="7.734608"><ele>1752.6</ele><time>2024-03-15T12:52:59Z</time></trkpt>
<trkpt lat="46.006799" lon="7.735074"><ele>1748.2</ele><time>2024-03-15T12:53:04Z</time></trkpt>
<trkpt lat="46.006879" lon="7.735423"><ele>1747.8</ele><time>2024-03-15T12:53:11Z</time></trkpt>
<trkpt lat="46.006852" lon="7.735733"><ele>1744.8</ele><time>2024-03-15T12:54:00Z</time></trkpt>
<trkpt lat="46.006912" lon="7.736025"><ele>1744.2</ele><time>2024-03-15T12:54:03Z</time></trkpt>
<trkpt lat="46.006939" lon="7.736253"><ele>1738.8</ele><time>2024-03-15T12:54:05Z</time></trkpt>
<trkpt lat="46.006999" lon="7.736451"><ele>1736.4</ele><time>2024-03-15T12:54:07Z</time></trkpt>
<trkpt lat="46.007122" lon="7.736690"><ele>1733.6</ele><time>2024-03-15T12:54:09Z</time></trkpt>
<trkpt lat="46.007375" lon="7.737018"><ele>1728.4</ele><time>2024-03-15T12:54:12Z</time></trkpt>
<trkpt lat="46.007708" lon="7.737292"><ele>1724.0</ele><time>2024-03-15T12:54:17Z</time></trkpt>
<trkpt lat="46.008047" lon="7.737630"><ele>1726.0</ele><time>2024-03-15T12:54:46Z</time></trkpt>
<trkpt lat="46.008217" lon="7.737671"><ele>1724.8</ele><time>2024-03-15T12:54:49Z</time></trkpt>
<trkpt lat="46.008422" lon="7.737663"><ele>1722.4</ele><time>2024-03-15T12:54:52Z</time></trkpt>
<trkpt lat="46.008459" lon="7.737648"><ele>1721.6</ele><time>2024-03-15T12:54:53Z</time></trkpt>
<trkpt lat="46.008461" lon="7.737638"><ele>1717.0</ele><time>2024-03-15T12:55:35Z</time></trkpt>
<trkpt lat="46.008626" lon="7.737620"><ele>1715.6</ele><time>2024-03-15T13:47:08Z</time></trkpt>
<trkpt lat="46.008556" lon="7.737615"><ele>1715.4</ele><time>2024-03-15T13:47:16Z</time></trkpt>
<trkpt lat="46.008535" lon="7.737642"><ele>1715.2</ele><time>2024-03-15T13:47:22Z</time></trkpt>
<trkpt lat="46.008571" lon="7.737650"><ele>1715.2</ele><time>2024-03-15T13:47:30Z</time></trkpt>
<trkpt lat="46.008554" lon="7.737627"><ele>1715.8</ele><time>2024-03-15T13:47:53Z</time></trkpt>
<trkpt lat="46.008499" lon="7.737662"><ele>1716.2</ele><time>2024-03-15T13:48:38Z</time></trkpt>
<trkpt lat="46.008532" lon="7.737649"><ele>1715.4</ele><time>2024-03-15T13:50:30Z</time></trkpt>
<trkpt lat="46.008671" lon="7.737784"><ele>1714.8</ele><time>2024-03-15T13:50:44Z</time></trkpt>
<trkpt lat="46.008949" lon="7.738079"><ele>1706.8</ele><time>2024-03-15T13:50:49Z</time></trkpt>
<trkpt lat="46.009082" lon="7.738232"><ele>1705.8</ele><time>2024-03-15T13:50:51Z</time></trkpt>
<trkpt lat="46.009152" lon="7.738280"><ele>1699.2</ele><time>2024-03-15T13:50:52Z</time></trkpt>
<trkpt lat="46.009610" lon="7.738679"><ele>1693.6</ele><time>2024-03-15T13:50:59Z</time></trkpt>
<trkpt lat="46.009671" lon="7.738724"><ele>1692.2</ele><time>2024-03-15T13:51:00Z</time></trkpt>
<trkpt lat="46.009868" lon="7.738731"><ele>1688.0</ele><time>2024-03-15T13:51:03Z</time></trkpt>
<trkpt lat="46.009927" lon="7.738825"><ele>1682.2</ele><time>2024-03-15T13:51:05Z</time></trkpt>
<trkpt lat="46.010091" lon="7.739112"><ele>1679.6</ele><time>2024-03-15T13:51:08Z</time></trkpt>
<trkpt lat="46.010152" lon="7.739195"><ele>1675.4</ele><time>2024-03-15T13:51:09Z</time></trkpt>
<trkpt lat="46.010339" lon="7.739267"><ele>1672.4</ele><time>2024-03-15T13:51:11Z</time></trkpt>
<trkpt lat="46.010593" lon="7.739254"><ele>1667.0</ele><time>2024-03-15T13:51:13Z</time></trkpt>
<trkpt lat="46.010721" lon="7.739286"><ele>1662.8</ele><time>2024-03-15T13:51:14Z</time></trkpt>
<trkpt lat="46.010844" lon="7.739343"><ele>1659.4</ele><time>2024-03-15T13:51:15Z</time></trkpt>
<trkpt lat="46.011049" lon="7.739525"><ele>1654.6</ele><time>2024-03-15T13:51:17Z</time></trkpt>
<trkpt lat="46.011160" lon="7.739583"><ele>1654.0</ele><time>2024-03-15T13:51:18Z</time></trkpt>
<trkpt lat="46.011497" lon="7.739625"><ele>1650.0</ele><time>2024-03-15T13:51:21Z</time></trkpt>
<trkpt lat="46.011952" lon="7.739773"><ele>1646.0</ele><time>2024-03-15T13:51:26Z</time></trkpt>
<trkpt lat="46.012165" lon="7.740015"><ele>1643.8</ele><time>2024-03-15T13:51:30Z</time></trkpt>
<trkpt lat="46.012597" lon="7.740699"><ele>1643.2</ele><time>2024-03-15T13:51:46Z</time></trkpt>
<trkpt lat="46.012691" lon="7.740802"><ele>1643.4</ele><time>2024-03-15T13:51:51Z</time></trkpt>
<trkpt lat="46.013549" lon="7.741179"><ele>1640.6</ele><time>2024-03-15T13:52:22Z</time></trkpt>
<trkpt lat="46.014109" lon="7.741280"><ele>1638.4</ele><time>2024-03-15T13:52:41Z</time></trkpt>
<trkpt lat="46.014403" lon="7.741414"><ele>1638.2</ele><time>2024-03-15T13:52:53Z</time></trkpt>
<trkpt lat="46.014665" lon="7.741301"><ele>1637.8</ele><time>2024-03-15T13:53:07Z</time></trkpt>
<trkpt lat="46.014896" lon="7.741441"><ele>1637.0</ele><time>2024-03-15T13:53:21Z</time></trkpt>
<trkpt lat="46.014973" lon="7.741531"><ele>1636.2</ele><time>2024-03-15T13:53:32Z</time></trkpt>
</trkseg></trk>
</gpx>
