<?xml version="1.0" encoding="UTF-8"?>
<gpx version="1.1" creator="Eric Sichak trip reports" xmlns="http://www.topografix.com/GPX/1/1">
<metadata><name>Enjoying the cool overcast weather</name><time>2022-09-10T15:45:28Z</time></metadata>
<trk><name>Enjoying the cool overcast weather</name><type>mtb</type><trkseg>
<trkpt lat="37.080944" lon="-121.849479"><ele>504.0</ele><time>2022-09-10T15:45:28Z</time></trkpt>
<trkpt lat="37.081068" lon="-121.849382"><ele>503.9</ele><time>2022-09-10T15:45:38Z</time></trkpt>
<trkpt lat="37.081293" lon="-121.849435"><ele>503.5</ele><time>2022-09-10T15:45:43Z</time></trkpt>
<trkpt lat="37.081363" lon="-121.849486"><ele>503.3</ele><time>2022-09-10T15:45:44Z</time></trkpt>
<trkpt lat="37.081351" lon="-121.849586"><ele>503.1</ele><time>2022-09-10T15:45:45Z</time></trkpt>
<trkpt lat="37.081517" lon="-121.849774"><ele>502.7</ele><time>2022-09-10T15:45:49Z</time></trkpt>
<trkpt lat="37.081504" lon="-121.849841"><ele>502.6</ele><time>2022-09-10T15:45:50Z</time></trkpt>
<trkpt lat="37.081554" lon="-121.849877"><ele>502.6</ele><time>2022-09-10T15:45:51Z</time></trkpt>
<trkpt lat="37.081613" lon="-121.850084"><ele>502.5</ele><time>2022-09-10T15:45:53Z</time></trkpt>
<trkpt lat="37.081707" lon="-121.850171"><ele>502.5</ele><time>2022-09-10T15:45:56Z</time></trkpt>
<trkpt lat="37.081774" lon="-121.850324"><ele>502.6</ele><time>2022-09-10T15:46:00Z</time></trkpt>
<trkpt lat="37.081875" lon="-121.850448"><ele>502.6</ele><time>2022-09-10T15:46:04Z</time></trkpt>
<trkpt lat="37.081882" lon="-121.850513"><ele>502.6</ele><time>2022-09-10T15:46:06Z</time></trkpt>
<trkpt lat="37.081751" lon="-121.850686"><ele>504.7</ele><time>2022-09-10T15:46:11Z</time></trkpt>
<trkpt lat="37.081731" lon="-121.850784"><ele>505.7</ele><time>2022-09-10T15:46:12Z</time></trkpt>
<trkpt lat="37.081685" lon="-121.850844"><ele>506.7</ele><time>2022-09-10T15:46:15Z</time></trkpt>
<trkpt lat="37.081659" lon="-121.851083"><ele>508.2</ele><time>2022-09-10T15:46:26Z</time></trkpt>
<trkpt lat="37.081697" lon="-121.851232"><ele>508.5</ele><time>2022-09-10T15:46:32Z</time></trkpt>
<trkpt lat="37.081701" lon="-121.851431"><ele>509.0</ele><time>2022-09-10T15:46:41Z</time></trkpt>
<trkpt lat="37.081831" lon="-121.851576"><ele>509.2</ele><time>2022-09-10T15:46:51Z</time></trkpt>
<trkpt lat="37.081901" lon="-121.851787"><ele>509.3</ele><time>2022-09-10T15:46:58Z</time></trkpt>
<trkpt lat="37.082262" lon="-121.852424"><ele>510.3</ele><time>2022-09-10T15:47:12Z</time></trkpt>
<trkpt lat="37.082309" lon="-121.852572"><ele>510.3</ele><time>2022-09-10T15:47:16Z</time></trkpt>
<trkpt lat="37.082409" lon="-121.852683"><ele>510.2</ele><time>2022-09-10T15:47:21Z</time></trkpt>
<trkpt lat="37.082415" lon="-121.852808"><ele>510.1</ele><time>2022-09-10T15:47:25Z</time></trkpt>
<trkpt lat="37.082576" lon="-121.853263"><ele>510.9</ele><time>2022-09-10T15:47:38Z</time></trkpt>
<trkpt lat="37.082915" lon="-121.854029"><ele>511.0</ele><time>2022-09-10T15:47:57Z</time></trkpt>
<trkpt lat="37.083081" lon="-121.854320"><ele>510.9</ele><time>2022-09-10T15:48:07Z</time></trkpt>
<trkpt lat="37.083247" lon="-121.855059"><ele>510.9</ele><time>2022-09-10T15:48:26Z</time></trkpt>
<trkpt lat="37.083467" lon="-121.855776"><ele>512.4</ele><time>2022-09-10T15:48:42Z</time></trkpt>
<trkpt lat="37.083524" lon="-121.856066"><ele>513.7</ele><time>2022-09-10T15:48:47Z</time></trkpt>
<trkpt lat="37.083557" lon="-121.856641"><ele>516.1</ele><time>2022-09-10T15:48:55Z</time></trkpt>
<trkpt lat="37.083652" lon="-121.857015"><ele>517.1</ele><time>2022-09-10T15:49:01Z</time></trkpt>
<trkpt lat="37.083640" lon="-121.857248"><ele>517.6</ele><time>2022-09-10T15:49:04Z</time></trkpt>
<trkpt lat="37.083680" lon="-121.857631"><ele>518.3</ele><time>2022-09-10T15:49:11Z</time></trkpt>
<trkpt lat="37.083773" lon="-121.858103"><ele>518.7</ele><time>2022-09-10T15:49:22Z</time></trkpt>
<trkpt lat="37.083760" lon="-121.858918"><ele>519.8</ele><time>2022-09-10T15:49:40Z</time></trkpt>
<trkpt lat="37.083850" lon="-121.859476"><ele>520.3</ele><time>2022-09-10T15:49:52Z</time></trkpt>
<trkpt lat="37.083814" lon="-121.859541"><ele>520.3</ele><time>2022-09-10T15:49:53Z</time></trkpt>
<trkpt lat="37.083883" lon="-121.859853"><ele>520.5</ele><time>2022-09-10T15:50:01Z</time></trkpt>
<trkpt lat="37.084024" lon="-121.860056"><ele>520.8</ele><time>2022-09-10T15:50:08Z</time></trkpt>
<trkpt lat="37.084044" lon="-121.860236"><ele>521.2</ele><time>2022-09-10T15:50:12Z</time></trkpt>
<trkpt lat="37.084121" lon="-121.860433"><ele>521.8</ele><time>2022-09-10T15:50:16Z</time></trkpt>
<trkpt lat="37.084127" lon="-121.860645"><ele>522.4</ele><time>2022-09-10T15:50:20Z</time></trkpt>
<trkpt lat="37.084219" lon="-121.860825"><ele>522.8</ele><time>2022-09-10T15:50:25Z</time></trkpt>
<trkpt lat="37.084263" lon="-121.861017"><ele>523.0</ele><time>2022-09-10T15:50:30Z</time></trkpt>
<trkpt lat="37.084240" lon="-121.861499"><ele>522.4</ele><time>2022-09-10T15:50:41Z</time></trkpt>
<trkpt lat="37.084317" lon="-121.861675"><ele>522.2</ele><time>2022-09-10T15:50:44Z</time></trkpt>
<trkpt lat="37.084398" lon="-121.862010"><ele>522.6</ele><time>2022-09-10T15:50:49Z</time></trkpt>
<trkpt lat="37.084388" lon="-121.862233"><ele>523.1</ele><time>2022-09-10T15:50:52Z</time></trkpt>
<trkpt lat="37.084478" lon="-121.862761"><ele>525.3</ele><time>2022-09-10T15:51:01Z</time></trkpt>
<trkpt lat="37.084485" lon="-121.863185"><ele>526.3</ele><time>2022-09-10T15:51:06Z</time></trkpt>
<trkpt lat="37.084663" lon="-121.863530"><ele>525.4</ele><time>2022-09-10T15:51:14Z</time></trkpt>
<trkpt lat="37.084700" lon="-121.863543"><ele>525.2</ele><time>2022-09-10T15:51:15Z</time></trkpt>
<trkpt lat="37.084749" lon="-121.863705"><ele>524.6</ele><time>2022-09-10T15:51:18Z</time></trkpt>
<trkpt lat="37.084713" lon="-121.863838"><ele>524.1</ele><time>2022-09-10T15:51:20Z</time></trkpt>
<trkpt lat="37.084766" lon="-121.864283"><ele>522.1</ele><time>2022-09-10T15:51:23Z</time></trkpt>
<trkpt lat="37.084808" lon="-121.864431"><ele>521.0</ele><time>2022-09-10T15:51:24Z</time></trkpt>
<trkpt lat="37.084882" lon="-121.864573"><ele>519.9</ele><time>2022-09-10T15:51:25Z</time></trkpt>
<trkpt lat="37.085000" lon="-121.864646"><ele>518.9</ele><time>2022-09-10T15:51:26Z</time></trkpt>
<trkpt lat="37.085250" lon="-121.864918"><ele>516.7</ele><time>2022-09-10T15:51:29Z</time></trkpt>
<trkpt lat="37.085282" lon="-121.865033"><ele>515.9</ele><time>2022-09-10T15:51:30Z</time></trkpt>
<trkpt lat="37.085310" lon="-121.865521"><ele>513.3</ele><time>2022-09-10T15:51:33Z</time></trkpt>
<trkpt lat="37.085449" lon="-121.865868"><ele>511.3</ele><time>2022-09-10T15:51:37Z</time></trkpt>
<trkpt lat="37.085415" lon="-121.866248"><ele>509.3</ele><time>2022-09-10T15:51:40Z</time></trkpt>
<trkpt lat="37.085449" lon="-121.866832"><ele>508.0</ele><time>2022-09-10T15:51:45Z</time></trkpt>
<trkpt lat="37.085486" lon="-121.866949"><ele>507.7</ele><time>2022-09-10T15:51:46Z</time></trkpt>
<trkpt lat="37.085621" lon="-121.867063"><ele>507.0</ele><time>2022-09-10T15:51:48Z</time></trkpt>
<trkpt lat="37.085719" lon="-121.867202"><ele>505.9</ele><time>2022-09-10T15:51:50Z</time></trkpt>
<trkpt lat="37.085903" lon="-121.867718"><ele>500.9</ele><time>2022-09-10T15:51:54Z</time></trkpt>
<trkpt lat="37.085976" lon="-121.868685"><ele>495.7</ele><time>2022-09-10T15:52:02Z</time></trkpt>
<trkpt lat="37.085856" lon="-121.869409"><ele>490.2</ele><time>2022-09-10T15:52:07Z</time></trkpt>
<trkpt lat="37.085844" lon="-121.869654"><ele>488.4</ele><time>2022-09-10T15:52:09Z</time></trkpt>
<trkpt lat="37.085889" lon="-121.869886"><ele>486.7</ele><time>2022-09-10T15:52:11Z</time></trkpt>
<trkpt lat="37.085927" lon="-121.869991"><ele>485.9</ele><time>2022-09-10T15:52:12Z</time></trkpt>
<trkpt lat="37.086032" lon="-121.870032"><ele>485.0</ele><time>2022-09-10T15:52:13Z</time></trkpt>
<trkpt lat="37.086261" lon="-121.870350"><ele>482.8</ele><time>2022-09-10T15:52:16Z</time></trkpt>
<trkpt lat="37.086598" lon="-121.870953"><ele>478.1</ele><time>2022-09-10T15:52:22Z</time></trkpt>
<trkpt lat="37.086638" lon="-121.871204"><ele>476.8</ele><time>2022-09-10T15:52:24Z</time></trkpt>
<trkpt lat="37.086613" lon="-121.871541"><ele>475.4</ele><time>2022-09-10T15:52:27Z</time></trkpt>
<trkpt lat="37.086636" lon="-121.871743"><ele>474.5</ele><time>2022-09-10T15:52:29Z</time></trkpt>
<trkpt lat="37.086889" lon="-121.872256"><ele>472.5</ele><time>2022-09-10T15:52:34Z</time></trkpt>
<trkpt lat="37.086955" lon="-121.872311"><ele>472.1</ele><time>2022-09-10T15:52:35Z</time></trkpt>
<trkpt lat="37.087016" lon="-121.872558"><ele>471.1</ele><time>2022-09-10T15:52:37Z</time></trkpt>
<trkpt lat="37.087100" lon="-121.872634"><ele>470.8</ele><time>2022-09-10T15:52:38Z</time></trkpt>
<trkpt lat="37.087201" lon="-121.872818"><ele>470.2</ele><time>2022-09-10T15:52:40Z</time></trkpt>
<trkpt lat="37.087652" lon="-121.874183"><ele>463.4</ele><time>2022-09-10T15:52:53Z</time></trkpt>
<trkpt lat="37.087768" lon="-121.874420"><ele>462.3</ele><time>2022-09-10T15:52:56Z</time></trkpt>
<trkpt lat="37.087991" lon="-121.875040"><ele>459.7</ele><time>2022-09-10T15:53:02Z</time></trkpt>
<trkpt lat="37.088091" lon="-121.875220"><ele>459.6</ele><time>2022-09-10T15:53:06Z</time></trkpt>
<trkpt lat="37.088136" lon="-121.875554"><ele>458.9</ele><time>2022-09-10T15:53:09Z</time></trkpt>
<trkpt lat="37.088093" lon="-121.875744"><ele>458.1</ele><time>2022-09-10T15:53:11Z</time></trkpt>
<trkpt lat="37.088038" lon="-121.877385"><ele>453.2</ele><time>2022-09-10T15:53:28Z</time></trkpt>
<trkpt lat="37.087969" lon="-121.878251"><ele>447.9</ele><time>2022-09-10T15:53:37Z</time></trkpt>
<trkpt lat="37.087992" lon="-121.878695"><ele>446.8</ele><time>2022-09-10T15:53:41Z</time></trkpt>
<trkpt lat="37.087965" lon="-121.878965"><ele>446.2</ele><time>2022-09-10T15:53:45Z</time></trkpt>
<trkpt lat="37.088023" lon="-121.879052"><ele>446.1</ele><time>2022-09-10T15:53:47Z</time></trkpt>
<trkpt lat="37.088163" lon="-121.879037"><ele>446.0</ele><time>2022-09-10T15:53:50Z</time></trkpt>
<trkpt lat="37.088317" lon="-121.879187"><ele>446.0</ele><time>2022-09-10T15:53:52Z</time></trkpt>
<trkpt lat="37.088266" lon="-121.879329"><ele>445.6</ele><time>2022-09-10T15:53:53Z</time></trkpt>
<trkpt lat="37.088592" lon="-121.880217"><ele>441.4</ele><time>2022-09-10T15:54:03Z</time></trkpt>
<trkpt lat="37.088657" lon="-121.880279"><ele>440.9</ele><time>2022-09-10T15:54:04Z</time></trkpt>
<trkpt lat="37.088866" lon="-121.880636"><ele>439.9</ele><time>2022-09-10T15:54:08Z</time></trkpt>
<trkpt lat="37.088993" lon="-121.880909"><ele>439.0</ele><time>2022-09-10T15:54:10Z</time></trkpt>
<trkpt lat="37.089247" lon="-121.881708"><ele>431.8</ele><time>2022-09-10T15:54:17Z</time></trkpt>
<trkpt lat="37.089300" lon="-121.881826"><ele>430.8</ele><time>2022-09-10T15:54:18Z</time></trkpt>
<trkpt lat="37.089521" lon="-121.882126"><ele>428.7</ele><time>2022-09-10T15:54:21Z</time></trkpt>
<trkpt lat="37.089771" lon="-121.882759"><ele>426.1</ele><time>2022-09-10T15:54:27Z</time></trkpt>
<trkpt lat="37.089781" lon="-121.882873"><ele>425.6</ele><time>2022-09-10T15:54:28Z</time></trkpt>
<trkpt lat="37.089732" lon="-121.882999"><ele>424.9</ele><time>2022-09-10T15:54:29Z</time></trkpt>
<trkpt lat="37.089538" lon="-121.883267"><ele>422.8</ele><time>2022-09-10T15:54:32Z</time></trkpt>
<trkpt lat="37.089449" lon="-121.883335"><ele>421.9</ele><time>2022-09-10T15:54:33Z</time></trkpt>
<trkpt lat="37.089214" lon="-121.883408"><ele>419.4</ele><time>2022-09-10T15:54:36Z</time></trkpt>
<trkpt lat="37.089006" lon="-121.883623"><ele>416.9</ele><time>2022-09-10T15:54:40Z</time></trkpt>
<trkpt lat="37.089117" lon="-121.883850"><ele>415.1</ele><time>2022-09-10T15:54:42Z</time></trkpt>
<trkpt lat="37.089134" lon="-121.884066"><ele>413.9</ele><time>2022-09-10T15:54:44Z</time></trkpt>
<trkpt lat="37.089163" lon="-121.884170"><ele>413.4</ele><time>2022-09-10T15:54:45Z</time></trkpt>
<trkpt lat="37.089210" lon="-121.884212"><ele>413.1</ele><time>2022-09-10T15:54:46Z</time></trkpt>
<trkpt lat="37.089144" lon="-121.884351"><ele>412.5</ele><time>2022-09-10T15:54:47Z</time></trkpt>
<trkpt lat="37.089252" lon="-121.884728"><ele>411.0</ele><time>2022-09-10T15:54:51Z</time></trkpt>
<trkpt lat="37.089306" lon="-121.885042"><ele>409.1</ele><time>2022-09-10T15:54:54Z</time></trkpt>
<trkpt lat="37.089301" lon="-121.885282"><ele>407.9</ele><time>2022-09-10T15:54:56Z</time></trkpt>
<trkpt lat="37.089202" lon="-121.885464"><ele>407.0</ele><time>2022-09-10T15:54:58Z</time></trkpt>
<trkpt lat="37.089191" lon="-121.885573"><ele>406.8</ele><time>2022-09-10T15:54:59Z</time></trkpt>
<trkpt lat="37.089329" lon="-121.885860"><ele>406.2</ele><time>2022-09-10T15:55:03Z</time></trkpt>
<trkpt lat="37.089663" lon="-121.886226"><ele>406.3</ele><time>2022-09-10T15:55:11Z</time></trkpt>
<trkpt lat="37.089698" lon="-121.886304"><ele>406.3</ele><time>2022-09-10T15:55:13Z</time></trkpt>
<trkpt lat="37.089680" lon="-121.886341"><ele>406.4</ele><time>2022-09-10T15:55:14Z</time></trkpt>
<trkpt lat="37.089720" lon="-121.886370"><ele>406.5</ele><time>2022-09-10T15:55:15Z</time></trkpt>
<trkpt lat="37.089800" lon="-121.886584"><ele>407.0</ele><time>2022-09-10T15:55:20Z</time></trkpt>
<trkpt lat="37.089763" lon="-121.886671"><ele>407.1</ele><time>2022-09-10T15:55:22Z</time></trkpt>
<trkpt lat="37.089840" lon="-121.887054"><ele>407.7</ele><time>2022-09-10T15:55:30Z</time></trkpt>
<trkpt lat="37.089900" lon="-121.887083"><ele>407.9</ele><time>2022-09-10T15:55:31Z</time></trkpt>
<trkpt lat="37.089879" lon="-121.887245"><ele>408.5</ele><time>2022-09-10T15:55:35Z</time></trkpt>
<trkpt lat="37.089951" lon="-121.887321"><ele>409.0</ele><time>2022-09-10T15:55:38Z</time></trkpt>
<trkpt lat="37.089976" lon="-121.887416"><ele>409.4</ele><time>2022-09-10T15:55:42Z</time></trkpt>
<trkpt lat="37.090068" lon="-121.887429"><ele>409.9</ele><time>2022-09-10T15:55:46Z</time></trkpt>
<trkpt lat="37.090244" lon="-121.887556"><ele>411.1</ele><time>2022-09-10T15:55:52Z</time></trkpt>
<trkpt lat="37.090350" lon="-121.887641"><ele>411.8</ele><time>2022-09-10T15:55:56Z</time></trkpt>
<trkpt lat="37.090434" lon="-121.887772"><ele>412.4</ele><time>2022-09-10T15:55:59Z</time></trkpt>
<trkpt lat="37.090603" lon="-121.887817"><ele>412.9</ele><time>2022-09-10T15:56:03Z</time></trkpt>
<trkpt lat="37.090607" lon="-121.887911"><ele>413.1</ele><time>2022-09-10T15:56:04Z</time></trkpt>
<trkpt lat="37.090778" lon="-121.888050"><ele>413.5</ele><time>2022-09-10T15:56:10Z</time></trkpt>
<trkpt lat="37.090836" lon="-121.888272"><ele>413.8</ele><time>2022-09-10T15:56:15Z</time></trkpt>
<trkpt lat="37.090821" lon="-121.888602"><ele>413.8</ele><time>2022-09-10T15:56:22Z</time></trkpt>
<trkpt lat="37.090773" lon="-121.888685"><ele>413.7</ele><time>2022-09-10T15:56:24Z</time></trkpt>
<trkpt lat="37.090805" lon="-121.888820"><ele>413.5</ele><time>2022-09-10T15:56:28Z</time></trkpt>
<trkpt lat="37.090457" lon="-121.889023"><ele>412.7</ele><time>2022-09-10T15:56:42Z</time></trkpt>
<trkpt lat="37.090343" lon="-121.888970"><ele>412.9</ele><time>2022-09-10T15:56:47Z</time></trkpt>
<trkpt lat="37.090185" lon="-121.888981"><ele>413.2</ele><time>2022-09-10T15:56:53Z</time></trkpt>
<trkpt lat="37.090030" lon="-121.888918"><ele>413.2</ele><time>2022-09-10T15:56:59Z</time></trkpt>
<trkpt lat="37.089652" lon="-121.889054"><ele>414.9</ele><time>2022-09-10T15:57:13Z</time></trkpt>
<trkpt lat="37.089604" lon="-121.889002"><ele>415.4</ele><time>2022-09-10T15:57:14Z</time></trkpt>
<trkpt lat="37.089287" lon="-121.889034"><ele>418.3</ele><time>2022-09-10T15:57:22Z</time></trkpt>
<trkpt lat="37.088865" lon="-121.888987"><ele>421.3</ele><time>2022-09-10T15:57:47Z</time></trkpt>
<trkpt lat="37.088746" lon="-121.888991"><ele>422.0</ele><time>2022-09-10T15:58:28Z</time></trkpt>
<trkpt lat="37.088616" lon="-121.889071"><ele>422.9</ele><time>2022-09-10T15:58:51Z</time></trkpt>
<trkpt lat="37.088641" lon="-121.889034"><ele>423.1</ele><time>2022-09-10T15:58:52Z</time></trkpt>
<trkpt lat="37.088585" lon="-121.889062"><ele>423.3</ele><time>2022-09-10T15:58:56Z</time></trkpt>
<trkpt lat="37.088601" lon="-121.889018"><ele>423.5</ele><time>2022-09-10T15:58:57Z</time></trkpt>
<trkpt lat="37.088543" lon="-121.888968"><ele>423.8</ele><time>2022-09-10T15:59:01Z</time></trkpt>
<trkpt lat="37.088357" lon="-121.888911"><ele>424.6</ele><time>2022-09-10T15:59:07Z</time></trkpt>
<trkpt lat="37.088377" lon="-121.888833"><ele>424.9</ele><time>2022-09-10T15:59:08Z</time></trkpt>
<trkpt lat="37.088209" lon="-121.888698"><ele>425.9</ele><time>2022-09-10T15:59:16Z</time></trkpt>
<trkpt lat="37.088097" lon="-121.888652"><ele>426.6</ele><time>2022-09-10T15:59:20Z</time></trkpt>
<trkpt lat="37.087860" lon="-121.888653"><ele>428.1</ele><time>2022-09-10T15:59:27Z</time></trkpt>
<trkpt lat="37.087684" lon="-121.888596"><ele>429.2</ele><time>2022-09-10T15:59:32Z</time></trkpt>
<trkpt lat="37.087588" lon="-121.888648"><ele>429.9</ele><time>2022-09-10T15:59:37Z</time></trkpt>
<trkpt lat="37.086794" lon="-121.888669"><ele>437.8</ele><time>2022-09-10T16:00:21Z</time></trkpt>
<trkpt lat="37.086595" lon="-121.888730"><ele>439.6</ele><time>2022-09-10T16:00:33Z</time></trkpt>
<trkpt lat="37.086575" lon="-121.888708"><ele>439.8</ele><time>2022-09-10T16:00:34Z</time></trkpt>
<trkpt lat="37.086350" lon="-121.888847"><ele>442.5</ele><time>2022-09-10T16:00:48Z</time></trkpt>
<trkpt lat="37.086321" lon="-121.888803"><ele>443.1</ele><time>2022-09-10T16:00:50Z</time></trkpt>
<trkpt lat="37.086155" lon="-121.888728"><ele>445.2</ele><time>2022-09-10T16:00:57Z</time></trkpt>
<trkpt lat="37.086070" lon="-121.888624"><ele>446.4</ele><time>2022-09-10T16:01:04Z</time></trkpt>
<trkpt lat="37.086048" lon="-121.888515"><ele>447.3</ele><time>2022-09-10T16:01:10Z</time></trkpt>
<trkpt lat="37.086083" lon="-121.888470"><ele>447.8</ele><time>2022-09-10T16:01:11Z</time></trkpt>
<trkpt lat="37.086041" lon="-121.888391"><ele>448.6</ele><time>2022-09-10T16:01:16Z</time></trkpt>
<trkpt lat="37.085925" lon="-121.888249"><ele>450.3</ele><time>2022-09-10T16:01:24Z</time></trkpt>
<trkpt lat="37.085825" lon="-121.888185"><ele>451.5</ele><time>2022-09-10T16:01:30Z</time></trkpt>
<trkpt lat="37.085775" lon="-121.888093"><ele>452.5</ele><time>2022-09-10T16:01:36Z</time></trkpt>
<trkpt lat="37.085746" lon="-121.888000"><ele>453.4</ele><time>2022-09-10T16:01:41Z</time></trkpt>
<trkpt lat="37.085746" lon="-121.887783"><ele>455.5</ele><time>2022-09-10T16:01:48Z</time></trkpt>
<trkpt lat="37.085791" lon="-121.887712"><ele>456.4</ele><time>2022-09-10T16:01:51Z</time></trkpt>
<trkpt lat="37.085788" lon="-121.887597"><ele>457.6</ele><time>2022-09-10T16:01:57Z</time></trkpt>
<trkpt lat="37.085749" lon="-121.887558"><ele>459.3</ele><time>2022-09-10T16:02:07Z</time></trkpt>
<trkpt lat="37.085654" lon="-121.887665"><ele>461.3</ele><time>2022-09-10T16:02:15Z</time></trkpt>
<trkpt lat="37.085650" lon="-121.887721"><ele>461.9</ele><time>2022-09-10T16:02:19Z</time></trkpt>
<trkpt lat="37.085473" lon="-121.887810"><ele>464.7</ele><time>2022-09-10T16:02:25Z</time></trkpt>
<trkpt lat="37.085320" lon="-121.887981"><ele>467.7</ele><time>2022-09-10T16:02:30Z</time></trkpt>
<trkpt lat="37.085445" lon="-121.887945"><ele>469.4</ele><time>2022-09-10T16:02:38Z</time></trkpt>
<trkpt lat="37.085451" lon="-121.887991"><ele>470.0</ele><time>2022-09-10T16:02:42Z</time></trkpt>
<trkpt lat="37.085379" lon="-121.888022"><ele>470.7</ele><time>2022-09-10T16:02:46Z</time></trkpt>
<trkpt lat="37.085261" lon="-121.888002"><ele>471.7</ele><time>2022-09-10T16:02:51Z</time></trkpt>
<trkpt lat="37.085054" lon="-121.887879"><ele>473.2</ele><time>2022-09-10T16:03:06Z</time></trkpt>
<trkpt lat="37.084951" lon="-121.887982"><ele>474.1</ele><time>2022-09-10T16:03:10Z</time></trkpt>
<trkpt lat="37.084979" lon="-121.888002"><ele>474.4</ele><time>2022-09-10T16:03:11Z</time></trkpt>
<trkpt lat="37.084951" lon="-121.888028"><ele>474.7</ele><time>2022-09-10T16:03:12Z</time></trkpt>
<trkpt lat="37.084860" lon="-121.888006"><ele>475.6</ele><time>2022-09-10T16:03:14Z</time></trkpt>
<trkpt lat="37.084716" lon="-121.888146"><ele>477.5</ele><time>2022-09-10T16:03:21Z</time></trkpt>
<trkpt lat="37.084693" lon="-121.888221"><ele>478.1</ele><time>2022-09-10T16:03:24Z</time></trkpt>
<trkpt lat="37.084605" lon="-121.888192"><ele>479.0</ele><time>2022-09-10T16:03:26Z</time></trkpt>
<trkpt lat="37.084427" lon="-121.888375"><ele>481.0</ele><time>2022-09-10T16:03:36Z</time></trkpt>
<trkpt lat="37.084282" lon="-121.888440"><ele>482.5</ele><time>2022-09-10T16:03:43Z</time></trkpt>
<trkpt lat="37.084227" lon="-121.888384"><ele>483.2</ele><time>2022-09-10T16:03:45Z</time></trkpt>
<trkpt lat="37.084128" lon="-121.888410"><ele>484.4</ele><time>2022-09-10T16:03:50Z</time></trkpt>
<trkpt lat="37.083954" lon="-121.888499"><ele>486.5</ele><time>2022-09-10T16:03:57Z</time></trkpt>
<trkpt lat="37.083764" lon="-121.888652"><ele>489.9</ele><time>2022-09-10T16:04:14Z</time></trkpt>
<trkpt lat="37.083772" lon="-121.888607"><ele>490.4</ele><time>2022-09-10T16:04:19Z</time></trkpt>
<trkpt lat="37.083837" lon="-121.888583"><ele>491.1</ele><time>2022-09-10T16:04:26Z</time></trkpt>
<trkpt lat="37.083903" lon="-121.888698"><ele>492.2</ele><time>2022-09-10T16:04:31Z</time></trkpt>
<trkpt lat="37.083910" lon="-121.888858"><ele>493.4</ele><time>2022-09-10T16:04:38Z</time></trkpt>
<trkpt lat="37.083858" lon="-121.888911"><ele>494.0</ele><time>2022-09-10T16:04:39Z</time></trkpt>
<trkpt lat="37.083926" lon="-121.889075"><ele>495.6</ele><time>2022-09-10T16:04:45Z</time></trkpt>
<trkpt lat="37.083919" lon="-121.889257"><ele>497.2</ele><time>2022-09-10T16:04:51Z</time></trkpt>
<trkpt lat="37.083866" lon="-121.889307"><ele>497.9</ele><time>2022-09-10T16:04:55Z</time></trkpt>
<trkpt lat="37.083853" lon="-121.889389"><ele>498.6</ele><time>2022-09-10T16:04:59Z</time></trkpt>
<trkpt lat="37.083813" lon="-121.889437"><ele>499.2</ele><time>2022-09-10T16:05:02Z</time></trkpt>
<trkpt lat="37.083728" lon="-121.889514"><ele>500.2</ele><time>2022-09-10T16:05:08Z</time></trkpt>
<trkpt lat="37.083676" lon="-121.889514"><ele>500.7</ele><time>2022-09-10T16:05:09Z</time></trkpt>
<trkpt lat="37.083532" lon="-121.889661"><ele>502.5</ele><time>2022-09-10T16:05:22Z</time></trkpt>
<trkpt lat="37.083497" lon="-121.889821"><ele>504.0</ele><time>2022-09-10T16:05:33Z</time></trkpt>
<trkpt lat="37.083529" lon="-121.889978"><ele>505.5</ele><time>2022-09-10T16:05:42Z</time></trkpt>
<trkpt lat="37.083467" lon="-121.890109"><ele>506.8</ele><time>2022-09-10T16:05:48Z</time></trkpt>
<trkpt lat="37.083083" lon="-121.890211"><ele>510.4</ele><time>2022-09-10T16:06:04Z</time></trkpt>
<trkpt lat="37.083015" lon="-121.890163"><ele>511.1</ele><time>2022-09-10T16:06:07Z</time></trkpt>
<trkpt lat="37.082594" lon="-121.890137"><ele>515.2</ele><time>2022-09-10T16:06:25Z</time></trkpt>
<trkpt lat="37.082343" lon="-121.890176"><ele>517.3</ele><time>2022-09-10T16:06:47Z</time></trkpt>
<trkpt lat="37.082171" lon="-121.890257"><ele>519.1</ele><time>2022-09-10T16:06:58Z</time></trkpt>
<trkpt lat="37.082049" lon="-121.890230"><ele>520.6</ele><time>2022-09-10T16:07:03Z</time></trkpt>
<trkpt lat="37.081973" lon="-121.890179"><ele>521.6</ele><time>2022-09-10T16:07:07Z</time></trkpt>
<trkpt lat="37.081883" lon="-121.890032"><ele>523.2</ele><time>2022-09-10T16:07:14Z</time></trkpt>
<trkpt lat="37.081402" lon="-121.889615"><ele>529.2</ele><time>2022-09-10T16:07:48Z</time></trkpt>
<trkpt lat="37.081353" lon="-121.889271"><ele>532.2</ele><time>2022-09-10T16:08:03Z</time></trkpt>
<trkpt lat="37.081418" lon="-121.888895"><ele>535.9</ele><time>2022-09-10T16:08:20Z</time></trkpt>
<trkpt lat="37.081308" lon="-121.888719"><ele>538.2</ele><time>2022-09-10T16:08:31Z</time></trkpt>
<trkpt lat="37.081231" lon="-121.888709"><ele>539.3</ele><time>2022-09-10T16:08:39Z</time></trkpt>
<trkpt lat="37.081160" lon="-121.888608"><ele>540.6</ele><time>2022-09-10T16:08:45Z</time></trkpt>
<trkpt lat="37.081042" lon="-121.888315"><ele>543.4</ele><time>2022-09-10T16:09:01Z</time></trkpt>
<trkpt lat="37.081026" lon="-121.888201"><ele>544.4</ele><time>2022-09-10T16:09:07Z</time></trkpt>
<trkpt lat="37.080834" lon="-121.887748"><ele>550.4</ele><time>2022-09-10T16:09:36Z</time></trkpt>
<trkpt lat="37.080788" lon="-121.887398"><ele>553.5</ele><time>2022-09-10T16:09:52Z</time></trkpt>
<trkpt lat="37.080803" lon="-121.886795"><ele>558.9</ele><time>2022-09-10T16:10:24Z</time></trkpt>
<trkpt lat="37.080767" lon="-121.886751"><ele>559.9</ele><time>2022-09-10T16:10:35Z</time></trkpt>
<trkpt lat="37.080751" lon="-121.886496"><ele>563.0</ele><time>2022-09-10T16:10:50Z</time></trkpt>
<trkpt lat="37.080711" lon="-121.886466"><ele>563.5</ele><time>2022-09-10T16:10:51Z</time></trkpt>
<trkpt lat="37.080834" lon="-121.886611"><ele>565.4</ele><time>2022-09-10T16:10:53Z</time></trkpt>
<trkpt lat="37.080782" lon="-121.886589"><ele>566.4</ele><time>2022-09-10T16:11:01Z</time></trkpt>
<trkpt lat="37.080868" lon="-121.886462"><ele>568.3</ele><time>2022-09-10T16:11:12Z</time></trkpt>
<trkpt lat="37.080864" lon="-121.886409"><ele>568.9</ele><time>2022-09-10T16:11:14Z</time></trkpt>
<trkpt lat="37.080915" lon="-121.886324"><ele>570.3</ele><time>2022-09-10T16:11:19Z</time></trkpt>
<trkpt lat="37.080949" lon="-121.885857"><ele>575.8</ele><time>2022-09-10T16:11:45Z</time></trkpt>
<trkpt lat="37.080988" lon="-121.885825"><ele>576.4</ele><time>2022-09-10T16:11:51Z</time></trkpt>
<trkpt lat="37.080938" lon="-121.885761"><ele>577.2</ele><time>2022-09-10T16:11:57Z</time></trkpt>
<trkpt lat="37.080897" lon="-121.885624"><ele>578.2</ele><time>2022-09-10T16:12:04Z</time></trkpt>
<trkpt lat="37.080822" lon="-121.885582"><ele>578.8</ele><time>2022-09-10T16:12:08Z</time></trkpt>
<trkpt lat="37.080566" lon="-121.885824"><ele>581.0</ele><time>2022-09-10T16:12:29Z</time></trkpt>
<trkpt lat="37.080346" lon="-121.885824"><ele>583.9</ele><time>2022-09-10T16:12:42Z</time></trkpt>
<trkpt lat="37.080267" lon="-121.885786"><ele>585.3</ele><time>2022-09-10T16:12:50Z</time></trkpt>
<trkpt lat="37.080105" lon="-121.885601"><ele>588.8</ele><time>2022-09-10T16:13:05Z</time></trkpt>
<trkpt lat="37.080086" lon="-121.885509"><ele>590.0</ele><time>2022-09-10T16:13:09Z</time></trkpt>
<trkpt lat="37.079996" lon="-121.885426"><ele>591.5</ele><time>2022-09-10T16:13:17Z</time></trkpt>
<trkpt lat="37.079983" lon="-121.885375"><ele>592.0</ele><time>2022-09-10T16:13:20Z</time></trkpt>
<trkpt lat="37.079914" lon="-121.885355"><ele>592.8</ele><time>2022-09-10T16:13:30Z</time></trkpt>
<trkpt lat="37.079743" lon="-121.885431"><ele>595.0</ele><time>2022-09-10T16:13:39Z</time></trkpt>
<trkpt lat="37.079708" lon="-121.885419"><ele>595.6</ele><time>2022-09-10T16:13:42Z</time></trkpt>
<trkpt lat="37.079695" lon="-121.885324"><ele>596.7</ele><time>2022-09-10T16:13:44Z</time></trkpt>
<trkpt lat="37.079671" lon="-121.885312"><ele>597.1</ele><time>2022-09-10T16:13:45Z</time></trkpt>
<trkpt lat="37.079508" lon="-121.885315"><ele>599.4</ele><time>2022-09-10T16:13:59Z</time></trkpt>
<trkpt lat="37.079299" lon="-121.885359"><ele>601.7</ele><time>2022-09-10T16:14:11Z</time></trkpt>
<trkpt lat="37.079248" lon="-121.885452"><ele>602.5</ele><time>2022-09-10T16:14:16Z</time></trkpt>
<trkpt lat="37.079266" lon="-121.885644"><ele>603.8</ele><time>2022-09-10T16:14:26Z</time></trkpt>
<trkpt lat="37.079173" lon="-121.885803"><ele>605.4</ele><time>2022-09-10T16:14:36Z</time></trkpt>
<trkpt lat="37.079042" lon="-121.885864"><ele>607.0</ele><time>2022-09-10T16:14:45Z</time></trkpt>
<trkpt lat="37.078781" lon="-121.886077"><ele>611.1</ele><time>2022-09-10T16:15:08Z</time></trkpt>
<trkpt lat="37.078650" lon="-121.886129"><ele>613.0</ele><time>2022-09-10T16:15:24Z</time></trkpt>
<trkpt lat="37.078398" lon="-121.886201"><ele>615.4</ele><time>2022-09-10T16:15:37Z</time></trkpt>
<trkpt lat="37.078292" lon="-121.886180"><ele>616.6</ele><time>2022-09-10T16:15:44Z</time></trkpt>
<trkpt lat="37.077962" lon="-121.885917"><ele>621.5</ele><time>2022-09-10T16:16:11Z</time></trkpt>
<trkpt lat="37.077859" lon="-121.885930"><ele>622.7</ele><time>2022-09-10T16:16:19Z</time></trkpt>
<trkpt lat="37.077701" lon="-121.885850"><ele>624.8</ele><time>2022-09-10T16:16:30Z</time></trkpt>
<trkpt lat="37.077612" lon="-121.885747"><ele>626.3</ele><time>2022-09-10T16:16:38Z</time></trkpt>
<trkpt lat="37.077599" lon="-121.885663"><ele>627.1</ele><time>2022-09-10T16:16:41Z</time></trkpt>
<trkpt lat="37.077556" lon="-121.885607"><ele>627.7</ele><time>2022-09-10T16:16:45Z</time></trkpt>
<trkpt lat="37.077380" lon="-121.885568"><ele>629.4</ele><time>2022-09-10T16:16:55Z</time></trkpt>
<trkpt lat="37.077336" lon="-121.885525"><ele>629.9</ele><time>2022-09-10T16:16:57Z</time></trkpt>
<trkpt lat="37.077315" lon="-121.885353"><ele>631.2</ele><time>2022-09-10T16:17:02Z</time></trkpt>
<trkpt lat="37.077358" lon="-121.885239"><ele>632.4</ele><time>2022-09-10T16:17:08Z</time></trkpt>
<trkpt lat="37.077519" lon="-121.885216"><ele>634.8</ele><time>2022-09-10T16:17:20Z</time></trkpt>
<trkpt lat="37.077701" lon="-121.885333"><ele>636.9</ele><time>2022-09-10T16:17:32Z</time></trkpt>
<trkpt lat="37.077976" lon="-121.885052"><ele>639.3</ele><time>2022-09-10T16:17:49Z</time></trkpt>
<trkpt lat="37.078104" lon="-121.884791"><ele>641.1</ele><time>2022-09-10T16:18:02Z</time></trkpt>
<trkpt lat="37.078241" lon="-121.884651"><ele>642.6</ele><time>2022-09-10T16:18:13Z</time></trkpt>
<trkpt lat="37.078482" lon="-121.884306"><ele>646.3</ele><time>2022-09-10T16:18:35Z</time></trkpt>
<trkpt lat="37.078599" lon="-121.884224"><ele>647.4</ele><time>2022-09-10T16:18:41Z</time></trkpt>
<trkpt lat="37.078879" lon="-121.884128"><ele>649.6</ele><time>2022-09-10T16:18:56Z</time></trkpt>
<trkpt lat="37.078911" lon="-121.884045"><ele>650.1</ele><time>2022-09-10T16:19:02Z</time></trkpt>
<trkpt lat="37.078852" lon="-121.883998"><ele>650.5</ele><time>2022-09-10T16:19:08Z</time></trkpt>
<trkpt lat="37.078766" lon="-121.884044"><ele>651.0</ele><time>2022-09-10T16:19:16Z</time></trkpt>
<trkpt lat="37.078710" lon="-121.883999"><ele>651.5</ele><time>2022-09-10T16:19:21Z</time></trkpt>
<trkpt lat="37.078456" lon="-121.883984"><ele>654.4</ele><time>2022-09-10T16:19:38Z</time></trkpt>
<trkpt lat="37.078278" lon="-121.883904"><ele>657.0</ele><time>2022-09-10T16:19:51Z</time></trkpt>
<trkpt lat="37.078128" lon="-121.883914"><ele>658.5</ele><time>2022-09-10T16:20:01Z</time></trkpt>
<trkpt lat="37.077982" lon="-121.883875"><ele>659.7</ele><time>2022-09-10T16:20:10Z</time></trkpt>
<trkpt lat="37.077909" lon="-121.883643"><ele>662.6</ele><time>2022-09-10T16:20:22Z</time></trkpt>
<trkpt lat="37.077789" lon="-121.883584"><ele>664.1</ele><time>2022-09-10T16:20:34Z</time></trkpt>
<trkpt lat="37.077801" lon="-121.883559"><ele>664.4</ele><time>2022-09-10T16:20:36Z</time></trkpt>
<trkpt lat="37.077718" lon="-121.883558"><ele>665.4</ele><time>2022-09-10T16:20:49Z</time></trkpt>
<trkpt lat="37.077853" lon="-121.883694"><ele>666.8</ele><time>2022-09-10T16:23:59Z</time></trkpt>
<trkpt lat="37.077884" lon="-121.883627"><ele>667.2</ele><time>2022-09-10T16:24:02Z</time></trkpt>
<trkpt lat="37.077627" lon="-121.883431"><ele>668.0</ele><time>2022-09-10T16:24:16Z</time></trkpt>
<trkpt lat="37.077471" lon="-121.883496"><ele>666.1</ele><time>2022-09-10T16:24:22Z</time></trkpt>
<trkpt lat="37.077494" lon="-121.883665"><ele>663.8</ele><time>2022-09-10T16:24:27Z</time></trkpt>
<trkpt lat="37.077526" lon="-121.883669"><ele>663.2</ele><time>2022-09-10T16:24:28Z</time></trkpt>
<trkpt lat="37.077514" lon="-121.883783"><ele>661.8</ele><time>2022-09-10T16:24:29Z</time></trkpt>
<trkpt lat="37.077379" lon="-121.884053"><ele>660.0</ele><time>2022-09-10T16:24:32Z</time></trkpt>
<trkpt lat="37.077309" lon="-121.884120"><ele>659.9</ele><time>2022-09-10T16:24:33Z</time></trkpt>
<trkpt lat="37.076895" lon="-121.884301"><ele>663.2</ele><time>2022-09-10T16:24:47Z</time></trkpt>
<trkpt lat="37.076574" lon="-121.884277"><ele>662.8</ele><time>2022-09-10T16:25:00Z</time></trkpt>
<trkpt lat="37.076399" lon="-121.884526"><ele>660.6</ele><time>2022-09-10T16:25:10Z</time></trkpt>
<trkpt lat="37.076227" lon="-121.884590"><ele>658.9</ele><time>2022-09-10T16:25:14Z</time></trkpt>
<trkpt lat="37.076259" lon="-121.884623"><ele>658.5</ele><time>2022-09-10T16:25:15Z</time></trkpt>
<trkpt lat="37.076136" lon="-121.884632"><ele>657.0</ele><time>2022-09-10T16:25:20Z</time></trkpt>
<trkpt lat="37.076069" lon="-121.884758"><ele>655.8</ele><time>2022-09-10T16:25:23Z</time></trkpt>
<trkpt lat="37.075970" lon="-121.884750"><ele>655.0</ele><time>2022-09-10T16:25:25Z</time></trkpt>
<trkpt lat="37.075970" lon="-121.884788"><ele>654.7</ele><time>2022-09-10T16:25:26Z</time></trkpt>
<trkpt lat="37.075877" lon="-121.884799"><ele>654.0</ele><time>2022-09-10T16:25:30Z</time></trkpt>
<trkpt lat="37.075824" lon="-121.884872"><ele>653.5</ele><time>2022-09-10T16:25:32Z</time></trkpt>
<trkpt lat="37.075671" lon="-121.884912"><ele>652.5</ele><time>2022-09-10T16:25:35Z</time></trkpt>
<trkpt lat="37.075506" lon="-121.885007"><ele>651.7</ele><time>2022-09-10T16:25:42Z</time></trkpt>
<trkpt lat="37.074562" lon="-121.885717"><ele>644.2</ele><time>2022-09-10T16:25:46Z</time></trkpt>
<trkpt lat="37.074434" lon="-121.885943"><ele>644.2</ele><time>2022-09-10T16:25:49Z</time></trkpt>
<trkpt lat="37.074108" lon="-121.886276"><ele>643.2</ele><time>2022-09-10T16:25:55Z</time></trkpt>
<trkpt lat="37.074105" lon="-121.886586"><ele>642.8</ele><time>2022-09-10T16:26:01Z</time></trkpt>
<trkpt lat="37.074074" lon="-121.886706"><ele>642.9</ele><time>2022-09-10T16:26:03Z</time></trkpt>
<trkpt lat="37.073972" lon="-121.886874"><ele>642.9</ele><time>2022-09-10T16:26:05Z</time></trkpt>
<trkpt lat="37.074210" lon="-121.886757"><ele>642.1</ele><time>2022-09-10T16:26:06Z</time></trkpt>
<trkpt lat="37.074038" lon="-121.886922"><ele>640.1</ele><time>2022-09-10T16:26:08Z</time></trkpt>
<trkpt lat="37.074242" lon="-121.886835"><ele>637.5</ele><time>2022-09-10T16:26:09Z</time></trkpt>
<trkpt lat="37.073992" lon="-121.887193"><ele>634.6</ele><time>2022-09-10T16:26:12Z</time></trkpt>
<trkpt lat="37.073862" lon="-121.887436"><ele>633.3</ele><time>2022-09-10T16:26:14Z</time></trkpt>
<trkpt lat="37.073614" lon="-121.887678"><ele>630.8</ele><time>2022-09-10T16:26:17Z</time></trkpt>
<trkpt lat="37.073600" lon="-121.887875"><ele>629.5</ele><time>2022-09-10T16:26:20Z</time></trkpt>
<trkpt lat="37.073645" lon="-121.887933"><ele>629.1</ele><time>2022-09-10T16:26:21Z</time></trkpt>
<trkpt lat="37.073665" lon="-121.887888"><ele>628.8</ele><time>2022-09-10T16:26:22Z</time></trkpt>
<trkpt lat="37.073722" lon="-121.888057"><ele>628.1</ele><time>2022-09-10T16:26:25Z</time></trkpt>
<trkpt lat="37.073676" lon="-121.888393"><ele>626.2</ele><time>2022-09-10T16:26:30Z</time></trkpt>
<trkpt lat="37.073726" lon="-121.888556"><ele>624.9</ele><time>2022-09-10T16:26:33Z</time></trkpt>
<trkpt lat="37.073651" lon="-121.889001"><ele>620.9</ele><time>2022-09-10T16:26:36Z</time></trkpt>
<trkpt lat="37.073577" lon="-121.889127"><ele>619.9</ele><time>2022-09-10T16:26:37Z</time></trkpt>
<trkpt lat="37.073518" lon="-121.889437"><ele>618.9</ele><time>2022-09-10T16:26:41Z</time></trkpt>
<trkpt lat="37.073526" lon="-121.889402"><ele>618.9</ele><time>2022-09-10T16:26:42Z</time></trkpt>
<trkpt lat="37.073534" lon="-121.889473"><ele>618.9</ele><time>2022-09-10T16:26:46Z</time></trkpt>
<trkpt lat="37.073474" lon="-121.889610"><ele>619.1</ele><time>2022-09-10T16:26:49Z</time></trkpt>
<trkpt lat="37.073470" lon="-121.889744"><ele>619.5</ele><time>2022-09-10T16:26:54Z</time></trkpt>
<trkpt lat="37.073516" lon="-121.889835"><ele>620.1</ele><time>2022-09-10T16:26:57Z</time></trkpt>
<trkpt lat="37.073479" lon="-121.889936"><ele>620.6</ele><time>2022-09-10T16:27:05Z</time></trkpt>
<trkpt lat="37.073388" lon="-121.889860"><ele>621.1</ele><time>2022-09-10T16:27:54Z</time></trkpt>
<trkpt lat="37.073490" lon="-121.889926"><ele>621.3</ele><time>2022-09-10T16:30:20Z</time></trkpt>
<trkpt lat="37.073545" lon="-121.889886"><ele>621.1</ele><time>2022-09-10T16:30:27Z</time></trkpt>
<trkpt lat="37.073674" lon="-121.889955"><ele>620.3</ele><time>2022-09-10T16:30:31Z</time></trkpt>
<trkpt lat="37.073822" lon="-121.889892"><ele>619.1</ele><time>2022-09-10T16:30:35Z</time></trkpt>
<trkpt lat="37.073897" lon="-121.889756"><ele>618.3</ele><time>2022-09-10T16:30:38Z</time></trkpt>
<trkpt lat="37.073852" lon="-121.889588"><ele>617.3</ele><time>2022-09-10T16:30:41Z</time></trkpt>
<trkpt lat="37.073885" lon="-121.889550"><ele>616.9</ele><time>2022-09-10T16:30:42Z</time></trkpt>
<trkpt lat="37.073843" lon="-121.889546"><ele>616.4</ele><time>2022-09-10T16:30:43Z</time></trkpt>
<trkpt lat="37.073905" lon="-121.889493"><ele>615.5</ele><time>2022-09-10T16:30:46Z</time></trkpt>
<trkpt lat="37.073968" lon="-121.889522"><ele>614.8</ele><time>2022-09-10T16:30:47Z</time></trkpt>
<trkpt lat="37.074068" lon="-121.889699"><ele>612.9</ele><time>2022-09-10T16:30:49Z</time></trkpt>
<trkpt lat="37.074071" lon="-121.890199"><ele>609.3</ele><time>2022-09-10T16:30:54Z</time></trkpt>
<trkpt lat="37.074052" lon="-121.890300"><ele>608.7</ele><time>2022-09-10T16:30:55Z</time></trkpt>
<trkpt lat="37.073898" lon="-121.890617"><ele>607.2</ele><time>2022-09-10T16:31:00Z</time></trkpt>
<trkpt lat="37.073894" lon="-121.890700"><ele>607.0</ele><time>2022-09-10T16:31:01Z</time></trkpt>
<trkpt lat="37.073884" lon="-121.890621"><ele>606.7</ele><time>2022-09-10T16:31:02Z</time></trkpt>
<trkpt lat="37.074022" lon="-121.890794"><ele>606.0</ele><time>2022-09-10T16:31:07Z</time></trkpt>
<trkpt lat="37.074337" lon="-121.890935"><ele>605.2</ele><time>2022-09-10T16:31:14Z</time></trkpt>
<trkpt lat="37.074471" lon="-121.890936"><ele>604.3</ele><time>2022-09-10T16:31:17Z</time></trkpt>
<trkpt lat="37.074522" lon="-121.891008"><ele>603.7</ele><time>2022-09-10T16:31:19Z</time></trkpt>
<trkpt lat="37.074627" lon="-121.891000"><ele>602.7</ele><time>2022-09-10T16:31:21Z</time></trkpt>
<trkpt lat="37.074664" lon="-121.890983"><ele>602.3</ele><time>2022-09-10T16:31:22Z</time></trkpt>
<trkpt lat="37.074674" lon="-121.890914"><ele>601.8</ele><time>2022-09-10T16:31:23Z</time></trkpt>
<trkpt lat="37.074934" lon="-121.890439"><ele>596.8</ele><time>2022-09-10T16:31:33Z</time></trkpt>
<trkpt lat="37.075108" lon="-121.890330"><ele>595.2</ele><time>2022-09-10T16:31:38Z</time></trkpt>
<trkpt lat="37.075126" lon="-121.890364"><ele>594.5</ele><time>2022-09-10T16:31:39Z</time></trkpt>
<trkpt lat="37.075086" lon="-121.890506"><ele>594.3</ele><time>2022-09-10T16:31:42Z</time></trkpt>
<trkpt lat="37.075157" lon="-121.890500"><ele>590.7</ele><time>2022-09-10T16:31:44Z</time></trkpt>
<trkpt lat="37.075153" lon="-121.890540"><ele>590.4</ele><time>2022-09-10T16:31:45Z</time></trkpt>
<trkpt lat="37.075179" lon="-121.890526"><ele>588.6</ele><time>2022-09-10T16:31:46Z</time></trkpt>
<trkpt lat="37.075128" lon="-121.890468"><ele>592.7</ele><time>2022-09-10T16:31:47Z</time></trkpt>
<trkpt lat="37.075196" lon="-121.890486"><ele>589.0</ele><time>2022-09-10T16:31:48Z</time></trkpt>
<trkpt lat="37.075243" lon="-121.890540"><ele>587.3</ele><time>2022-09-10T16:31:50Z</time></trkpt>
<trkpt lat="37.075216" lon="-121.890575"><ele>586.9</ele><time>2022-09-10T16:31:51Z</time></trkpt>
<trkpt lat="37.075240" lon="-121.890683"><ele>586.1</ele><time>2022-09-10T16:31:53Z</time></trkpt>
<trkpt lat="37.075330" lon="-121.890698"><ele>583.5</ele><time>2022-09-10T16:31:54Z</time></trkpt>
<trkpt lat="37.075359" lon="-121.890893"><ele>580.3</ele><time>2022-09-10T16:32:01Z</time></trkpt>
<trkpt lat="37.075450" lon="-121.890902"><ele>578.3</ele><time>2022-09-10T16:32:02Z</time></trkpt>
<trkpt lat="37.075398" lon="-121.890889"><ele>579.7</ele><time>2022-09-10T16:32:03Z</time></trkpt>
<trkpt lat="37.075547" lon="-121.891353"><ele>572.5</ele><time>2022-09-10T16:32:16Z</time></trkpt>
<trkpt lat="37.075796" lon="-121.891850"><ele>567.5</ele><time>2022-09-10T16:32:31Z</time></trkpt>
<trkpt lat="37.075964" lon="-121.892666"><ele>562.8</ele><time>2022-09-10T16:32:42Z</time></trkpt>
<trkpt lat="37.075982" lon="-121.893133"><ele>562.5</ele><time>2022-09-10T16:32:45Z</time></trkpt>
<trkpt lat="37.075972" lon="-121.893254"><ele>559.9</ele><time>2022-09-10T16:32:46Z</time></trkpt>
<trkpt lat="37.075892" lon="-121.893469"><ele>555.0</ele><time>2022-09-10T16:32:48Z</time></trkpt>
<trkpt lat="37.075741" lon="-121.893728"><ele>555.3</ele><time>2022-09-10T16:32:50Z</time></trkpt>
<trkpt lat="37.075698" lon="-121.893855"><ele>556.1</ele><time>2022-09-10T16:32:52Z</time></trkpt>
<trkpt lat="37.075682" lon="-121.893836"><ele>556.5</ele><time>2022-09-10T16:32:53Z</time></trkpt>
<trkpt lat="37.075726" lon="-121.893840"><ele>554.1</ele><time>2022-09-10T16:32:55Z</time></trkpt>
<trkpt lat="37.075747" lon="-121.893805"><ele>554.9</ele><time>2022-09-10T16:32:56Z</time></trkpt>
<trkpt lat="37.075735" lon="-121.893685"><ele>555.1</ele><time>2022-09-10T16:32:57Z</time></trkpt>
<trkpt lat="37.075803" lon="-121.893679"><ele>554.4</ele><time>2022-09-10T16:33:01Z</time></trkpt>
<trkpt lat="37.075797" lon="-121.893638"><ele>555.0</ele><time>2022-09-10T16:33:02Z</time></trkpt>
<trkpt lat="37.075910" lon="-121.893621"><ele>552.3</ele><time>2022-09-10T16:33:04Z</time></trkpt>
<trkpt lat="37.075966" lon="-121.893568"><ele>551.9</ele><time>2022-09-10T16:33:06Z</time></trkpt>
<trkpt lat="37.075916" lon="-121.893537"><ele>552.4</ele><time>2022-09-10T16:33:07Z</time></trkpt>
<trkpt lat="37.075911" lon="-121.893362"><ele>555.2</ele><time>2022-09-10T16:33:11Z</time></trkpt>
<trkpt lat="37.075920" lon="-121.893305"><ele>559.3</ele><time>2022-09-10T16:33:12Z</time></trkpt>
<trkpt lat="37.075901" lon="-121.893270"><ele>559.3</ele><time>2022-09-10T16:33:13Z</time></trkpt>
<trkpt lat="37.076109" lon="-121.893145"><ele>555.5</ele><time>2022-09-10T16:33:16Z</time></trkpt>
<trkpt lat="37.076080" lon="-121.893157"><ele>556.0</ele><time>2022-09-10T16:33:17Z</time></trkpt>
<trkpt lat="37.076098" lon="-121.893123"><ele>556.8</ele><time>2022-09-10T16:33:18Z</time></trkpt>
<trkpt lat="37.076147" lon="-121.893098"><ele>548.6</ele><time>2022-09-10T16:33:19Z</time></trkpt>
<trkpt lat="37.076245" lon="-121.892989"><ele>547.5</ele><time>2022-09-10T16:33:23Z</time></trkpt>
<trkpt lat="37.076301" lon="-121.892891"><ele>539.3</ele><time>2022-09-10T16:33:25Z</time></trkpt>
<trkpt lat="37.076356" lon="-121.892839"><ele>538.8</ele><time>2022-09-10T16:33:27Z</time></trkpt>
<trkpt lat="37.076375" lon="-121.892786"><ele>542.0</ele><time>2022-09-10T16:33:28Z</time></trkpt>
<trkpt lat="37.076427" lon="-121.892664"><ele>538.1</ele><time>2022-09-10T16:33:29Z</time></trkpt>
<trkpt lat="37.076475" lon="-121.892438"><ele>549.0</ele><time>2022-09-10T16:33:32Z</time></trkpt>
<trkpt lat="37.076635" lon="-121.892436"><ele>543.4</ele><time>2022-09-10T16:33:33Z</time></trkpt>
<trkpt lat="37.076661" lon="-121.892392"><ele>543.4</ele><time>2022-09-10T16:33:34Z</time></trkpt>
<trkpt lat="37.076691" lon="-121.892386"><ele>537.6</ele><time>2022-09-10T16:33:35Z</time></trkpt>
<trkpt lat="37.076793" lon="-121.892271"><ele>543.1</ele><time>2022-09-10T16:33:39Z</time></trkpt>
<trkpt lat="37.076765" lon="-121.892296"><ele>537.5</ele><time>2022-09-10T16:33:40Z</time></trkpt>
<trkpt lat="37.076874" lon="-121.892242"><ele>535.6</ele><time>2022-09-10T16:33:42Z</time></trkpt>
<trkpt lat="37.076883" lon="-121.892338"><ele>531.4</ele><time>2022-09-10T16:33:44Z</time></trkpt>
<trkpt lat="37.076896" lon="-121.892277"><ele>535.6</ele><time>2022-09-10T16:33:45Z</time></trkpt>
<trkpt lat="37.076956" lon="-121.892244"><ele>535.6</ele><time>2022-09-10T16:33:49Z</time></trkpt>
<trkpt lat="37.076985" lon="-121.892288"><ele>525.8</ele><time>2022-09-10T16:33:51Z</time></trkpt>
<trkpt lat="37.076988" lon="-121.892355"><ele>525.8</ele><time>2022-09-10T16:33:53Z</time></trkpt>
<trkpt lat="37.077086" lon="-121.892588"><ele>524.4</ele><time>2022-09-10T16:33:58Z</time></trkpt>
<trkpt lat="37.077115" lon="-121.892653"><ele>515.6</ele><time>2022-09-10T16:33:59Z</time></trkpt>
<trkpt lat="37.077145" lon="-121.892719"><ele>515.6</ele><time>2022-09-10T16:34:00Z</time></trkpt>
<trkpt lat="37.077102" lon="-121.892846"><ele>513.6</ele><time>2022-09-10T16:34:04Z</time></trkpt>
<trkpt lat="37.077133" lon="-121.892920"><ele>513.6</ele><time>2022-09-10T16:34:05Z</time></trkpt>
<trkpt lat="37.077086" lon="-121.892977"><ele>517.3</ele><time>2022-09-10T16:34:06Z</time></trkpt>
<trkpt lat="37.077103" lon="-121.893032"><ele>512.5</ele><time>2022-09-10T16:34:07Z</time></trkpt>
<trkpt lat="37.077085" lon="-121.893062"><ele>517.3</ele><time>2022-09-10T16:34:08Z</time></trkpt>
<trkpt lat="37.077112" lon="-121.893082"><ele>512.5</ele><time>2022-09-10T16:34:09Z</time></trkpt>
<trkpt lat="37.077201" lon="-121.893184"><ele>512.0</ele><time>2022-09-10T16:34:11Z</time></trkpt>
<trkpt lat="37.077189" lon="-121.893314"><ele>510.9</ele><time>2022-09-10T16:34:12Z</time></trkpt>
<trkpt lat="37.077214" lon="-121.893308"><ele>512.0</ele><time>2022-09-10T16:34:13Z</time></trkpt>
<trkpt lat="37.077241" lon="-121.893327"><ele>506.7</ele><time>2022-09-10T16:34:14Z</time></trkpt>
<trkpt lat="37.077297" lon="-121.893417"><ele>506.7</ele><time>2022-09-10T16:34:16Z</time></trkpt>
<trkpt lat="37.077282" lon="-121.893463"><ele>506.7</ele><time>2022-09-10T16:34:17Z</time></trkpt>
<trkpt lat="37.077300" lon="-121.893510"><ele>503.5</ele><time>2022-09-10T16:34:18Z</time></trkpt>
<trkpt lat="37.077294" lon="-121.893623"><ele>503.5</ele><time>2022-09-10T16:34:19Z</time></trkpt>
<trkpt lat="37.077255" lon="-121.893724"><ele>501.9</ele><time>2022-09-10T16:34:20Z</time></trkpt>
<trkpt lat="37.077229" lon="-121.893746"><ele>507.5</ele><time>2022-09-10T16:34:21Z</time></trkpt>
<trkpt lat="37.077155" lon="-121.893981"><ele>509.1</ele><time>2022-09-10T16:34:25Z</time></trkpt>
<trkpt lat="37.077168" lon="-121.894018"><ele>511.7</ele><time>2022-09-10T16:34:26Z</time></trkpt>
<trkpt lat="37.077107" lon="-121.894042"><ele>511.7</ele><time>2022-09-10T16:34:28Z</time></trkpt>
<trkpt lat="37.077082" lon="-121.894041"><ele>518.3</ele><time>2022-09-10T16:34:29Z</time></trkpt>
<trkpt lat="37.077143" lon="-121.894034"><ele>511.7</ele><time>2022-09-10T16:34:30Z</time></trkpt>
<trkpt lat="37.077128" lon="-121.894094"><ele>511.8</ele><time>2022-09-10T16:34:33Z</time></trkpt>
<trkpt lat="37.077165" lon="-121.894095"><ele>511.8</ele><time>2022-09-10T16:34:35Z</time></trkpt>
<trkpt lat="37.077125" lon="-121.894026"><ele>511.8</ele><time>2022-09-10T16:34:37Z</time></trkpt>
<trkpt lat="37.077135" lon="-121.893968"><ele>509.1</ele><time>2022-09-10T16:34:38Z</time></trkpt>
<trkpt lat="37.077151" lon="-121.894048"><ele>511.8</ele><time>2022-09-10T16:34:39Z</time></trkpt>
<trkpt lat="37.077065" lon="-121.893949"><ele>515.6</ele><time>2022-09-10T16:34:44Z</time></trkpt>
<trkpt lat="37.077117" lon="-121.893955"><ele>509.1</ele><time>2022-09-10T16:34:45Z</time></trkpt>
<trkpt lat="37.077150" lon="-121.893799"><ele>507.6</ele><time>2022-09-10T16:34:48Z</time></trkpt>
<trkpt lat="37.077198" lon="-121.893747"><ele>507.6</ele><time>2022-09-10T16:34:51Z</time></trkpt>
<trkpt lat="37.077228" lon="-121.893650"><ele>508.7</ele><time>2022-09-10T16:34:52Z</time></trkpt>
<trkpt lat="37.077189" lon="-121.893593"><ele>508.7</ele><time>2022-09-10T16:34:54Z</time></trkpt>
<trkpt lat="37.077197" lon="-121.893508"><ele>508.7</ele><time>2022-09-10T16:34:56Z</time></trkpt>
<trkpt lat="37.077235" lon="-121.893424"><ele>506.8</ele><time>2022-09-10T16:34:57Z</time></trkpt>
<trkpt lat="37.077241" lon="-121.893327"><ele>506.8</ele><time>2022-09-10T16:34:59Z</time></trkpt>
<trkpt lat="37.077330" lon="-121.893280"><ele>508.2</ele><time>2022-09-10T16:35:00Z</time></trkpt>
<trkpt lat="37.077353" lon="-121.893231"><ele>508.2</ele><time>2022-09-10T16:35:01Z</time></trkpt>
<trkpt lat="37.077388" lon="-121.893192"><ele>503.2</ele><time>2022-09-10T16:35:02Z</time></trkpt>
<trkpt lat="37.077443" lon="-121.893031"><ele>504.5</ele><time>2022-09-10T16:35:05Z</time></trkpt>
<trkpt lat="37.077425" lon="-121.892954"><ele>505.4</ele><time>2022-09-10T16:35:07Z</time></trkpt>
<trkpt lat="37.077485" lon="-121.892956"><ele>505.4</ele><time>2022-09-10T16:35:08Z</time></trkpt>
<trkpt lat="37.077581" lon="-121.892985"><ele>500.2</ele><time>2022-09-10T16:35:09Z</time></trkpt>
<trkpt lat="37.077521" lon="-121.892960"><ele>501.7</ele><time>2022-09-10T16:35:11Z</time></trkpt>
<trkpt lat="37.077589" lon="-121.892820"><ele>501.7</ele><time>2022-09-10T16:35:15Z</time></trkpt>
<trkpt lat="37.077589" lon="-121.892719"><ele>503.0</ele><time>2022-09-10T16:35:17Z</time></trkpt>
<trkpt lat="37.077667" lon="-121.892699"><ele>498.6</ele><time>2022-09-10T16:35:19Z</time></trkpt>
<trkpt lat="37.077695" lon="-121.892653"><ele>498.6</ele><time>2022-09-10T16:35:22Z</time></trkpt>
<trkpt lat="37.077714" lon="-121.892694"><ele>498.6</ele><time>2022-09-10T16:35:24Z</time></trkpt>
<trkpt lat="37.077749" lon="-121.892691"><ele>498.6</ele><time>2022-09-10T16:35:26Z</time></trkpt>
<trkpt lat="37.077766" lon="-121.892593"><ele>499.2</ele><time>2022-09-10T16:35:27Z</time></trkpt>
<trkpt lat="37.077837" lon="-121.892496"><ele>494.7</ele><time>2022-09-10T16:35:28Z</time></trkpt>
<trkpt lat="37.077878" lon="-121.892445"><ele>495.5</ele><time>2022-09-10T16:35:30Z</time></trkpt>
<trkpt lat="37.077906" lon="-121.892304"><ele>495.5</ele><time>2022-09-10T16:35:33Z</time></trkpt>
<trkpt lat="37.078088" lon="-121.892309"><ele>491.1</ele><time>2022-09-10T16:35:35Z</time></trkpt>
<trkpt lat="37.078145" lon="-121.892329"><ele>491.1</ele><time>2022-09-10T16:35:37Z</time></trkpt>
<trkpt lat="37.078133" lon="-121.892353"><ele>491.1</ele><time>2022-09-10T16:35:38Z</time></trkpt>
<trkpt lat="37.078157" lon="-121.892289"><ele>491.1</ele><time>2022-09-10T16:35:40Z</time></trkpt>
<trkpt lat="37.078380" lon="-121.892174"><ele>484.2</ele><time>2022-09-10T16:35:44Z</time></trkpt>
<trkpt lat="37.078458" lon="-121.892274"><ele>484.2</ele><time>2022-09-10T16:35:45Z</time></trkpt>
<trkpt lat="37.078685" lon="-121.892166"><ele>474.8</ele><time>2022-09-10T16:35:46Z</time></trkpt>
<trkpt lat="37.078752" lon="-121.892353"><ele>473.0</ele><time>2022-09-10T16:35:49Z</time></trkpt>
<trkpt lat="37.078795" lon="-121.892731"><ele>469.5</ele><time>2022-09-10T16:35:54Z</time></trkpt>
<trkpt lat="37.078785" lon="-121.892894"><ele>468.7</ele><time>2022-09-10T16:35:56Z</time></trkpt>
<trkpt lat="37.078699" lon="-121.893201"><ele>467.6</ele><time>2022-09-10T16:36:02Z</time></trkpt>
<trkpt lat="37.078711" lon="-121.893440"><ele>465.9</ele><time>2022-09-10T16:36:05Z</time></trkpt>
<trkpt lat="37.078778" lon="-121.893532"><ele>464.9</ele><time>2022-09-10T16:36:06Z</time></trkpt>
<trkpt lat="37.078769" lon="-121.893830"><ele>463.0</ele><time>2022-09-10T16:36:09Z</time></trkpt>
<trkpt lat="37.078821" lon="-121.893889"><ele>462.3</ele><time>2022-09-10T16:36:11Z</time></trkpt>
<trkpt lat="37.078893" lon="-121.893622"><ele>460.5</ele><time>2022-09-10T16:36:14Z</time></trkpt>
<trkpt lat="37.078850" lon="-121.893446"><ele>459.2</ele><time>2022-09-10T16:36:19Z</time></trkpt>
<trkpt lat="37.078861" lon="-121.893391"><ele>459.0</ele><time>2022-09-10T16:36:20Z</time></trkpt>
<trkpt lat="37.078930" lon="-121.893360"><ele>458.6</ele><time>2022-09-10T16:36:21Z</time></trkpt>
<trkpt lat="37.078863" lon="-121.893165"><ele>457.8</ele><time>2022-09-10T16:36:25Z</time></trkpt>
<trkpt lat="37.078886" lon="-121.893069"><ele>456.2</ele><time>2022-09-10T16:36:27Z</time></trkpt>
<trkpt lat="37.078972" lon="-121.893219"><ele>453.6</ele><time>2022-09-10T16:36:30Z</time></trkpt>
<trkpt lat="37.079055" lon="-121.893254"><ele>448.2</ele><time>2022-09-10T16:36:36Z</time></trkpt>
<trkpt lat="37.079065" lon="-121.893457"><ele>446.4</ele><time>2022-09-10T16:36:39Z</time></trkpt>
<trkpt lat="37.079101" lon="-121.893507"><ele>444.9</ele><time>2022-09-10T16:36:40Z</time></trkpt>
<trkpt lat="37.079061" lon="-121.893526"><ele>445.0</ele><time>2022-09-10T16:36:42Z</time></trkpt>
<trkpt lat="37.079020" lon="-121.893495"><ele>445.0</ele><time>2022-09-10T16:36:43Z</time></trkpt>
<trkpt lat="37.079002" lon="-121.893520"><ele>450.3</ele><time>2022-09-10T16:36:44Z</time></trkpt>
<trkpt lat="37.079008" lon="-121.893481"><ele>452.3</ele><time>2022-09-10T16:36:45Z</time></trkpt>
<trkpt lat="37.079023" lon="-121.893471"><ele>446.6</ele><time>2022-09-10T16:36:46Z</time></trkpt>
<trkpt lat="37.079098" lon="-121.893400"><ele>446.7</ele><time>2022-09-10T16:36:49Z</time></trkpt>
<trkpt lat="37.079124" lon="-121.893324"><ele>446.8</ele><time>2022-09-10T16:36:51Z</time></trkpt>
<trkpt lat="37.079228" lon="-121.893321"><ele>442.8</ele><time>2022-09-10T16:36:53Z</time></trkpt>
<trkpt lat="37.079302" lon="-121.893442"><ele>441.7</ele><time>2022-09-10T16:36:54Z</time></trkpt>
<trkpt lat="37.079295" lon="-121.893489"><ele>439.3</ele><time>2022-09-10T16:36:56Z</time></trkpt>
<trkpt lat="37.079374" lon="-121.893588"><ele>439.4</ele><time>2022-09-10T16:37:00Z</time></trkpt>
<trkpt lat="37.079370" lon="-121.893689"><ele>436.3</ele><time>2022-09-10T16:37:02Z</time></trkpt>
<trkpt lat="37.079432" lon="-121.893850"><ele>431.1</ele><time>2022-09-10T16:37:06Z</time></trkpt>
<trkpt lat="37.079460" lon="-121.893821"><ele>433.2</ele><time>2022-09-10T16:37:10Z</time></trkpt>
<trkpt lat="37.079469" lon="-121.893854"><ele>431.2</ele><time>2022-09-10T16:37:11Z</time></trkpt>
<trkpt lat="37.079498" lon="-121.893826"><ele>431.2</ele><time>2022-09-10T16:37:12Z</time></trkpt>
<trkpt lat="37.079486" lon="-121.893778"><ele>433.4</ele><time>2022-09-10T16:37:14Z</time></trkpt>
<trkpt lat="37.079520" lon="-121.893769"><ele>433.4</ele><time>2022-09-10T16:37:15Z</time></trkpt>
<trkpt lat="37.079618" lon="-121.893861"><ele>428.6</ele><time>2022-09-10T16:37:19Z</time></trkpt>
<trkpt lat="37.079678" lon="-121.893860"><ele>428.6</ele><time>2022-09-10T16:37:21Z</time></trkpt>
<trkpt lat="37.079714" lon="-121.894118"><ele>426.0</ele><time>2022-09-10T16:37:26Z</time></trkpt>
<trkpt lat="37.079644" lon="-121.894283"><ele>428.4</ele><time>2022-09-10T16:37:29Z</time></trkpt>
<trkpt lat="37.079690" lon="-121.894380"><ele>426.4</ele><time>2022-09-10T16:37:31Z</time></trkpt>
<trkpt lat="37.079733" lon="-121.894390"><ele>423.3</ele><time>2022-09-10T16:37:32Z</time></trkpt>
<trkpt lat="37.079826" lon="-121.894496"><ele>423.5</ele><time>2022-09-10T16:37:36Z</time></trkpt>
<trkpt lat="37.079824" lon="-121.894563"><ele>421.6</ele><time>2022-09-10T16:37:37Z</time></trkpt>
<trkpt lat="37.079836" lon="-121.894585"><ele>417.2</ele><time>2022-09-10T16:37:38Z</time></trkpt>
<trkpt lat="37.079829" lon="-121.894607"><ele>421.6</ele><time>2022-09-10T16:37:39Z</time></trkpt>
<trkpt lat="37.079832" lon="-121.894686"><ele>422.6</ele><time>2022-09-10T16:37:40Z</time></trkpt>
<trkpt lat="37.079833" lon="-121.894732"><ele>418.5</ele><time>2022-09-10T16:37:41Z</time></trkpt>
<trkpt lat="37.079891" lon="-121.894816"><ele>418.6</ele><time>2022-09-10T16:37:43Z</time></trkpt>
<trkpt lat="37.079844" lon="-121.894843"><ele>418.7</ele><time>2022-09-10T16:37:46Z</time></trkpt>
<trkpt lat="37.079824" lon="-121.894879"><ele>424.5</ele><time>2022-09-10T16:37:47Z</time></trkpt>
<trkpt lat="37.079808" lon="-121.895053"><ele>424.1</ele><time>2022-09-10T16:37:51Z</time></trkpt>
<trkpt lat="37.079835" lon="-121.895147"><ele>418.1</ele><time>2022-09-10T16:37:52Z</time></trkpt>
<trkpt lat="37.079844" lon="-121.895327"><ele>415.4</ele><time>2022-09-10T16:37:54Z</time></trkpt>
<trkpt lat="37.079895" lon="-121.895381"><ele>413.1</ele><time>2022-09-10T16:37:59Z</time></trkpt>
<trkpt lat="37.079842" lon="-121.895381"><ele>413.1</ele><time>2022-09-10T16:38:01Z</time></trkpt>
<trkpt lat="37.079836" lon="-121.895416"><ele>413.2</ele><time>2022-09-10T16:38:02Z</time></trkpt>
<trkpt lat="37.079923" lon="-121.895429"><ele>413.2</ele><time>2022-09-10T16:38:05Z</time></trkpt>
<trkpt lat="37.079961" lon="-121.895498"><ele>413.3</ele><time>2022-09-10T16:38:06Z</time></trkpt>
<trkpt lat="37.079988" lon="-121.895640"><ele>409.8</ele><time>2022-09-10T16:38:09Z</time></trkpt>
<trkpt lat="37.080032" lon="-121.895682"><ele>409.8</ele><time>2022-09-10T16:38:11Z</time></trkpt>
<trkpt lat="37.080039" lon="-121.895853"><ele>411.7</ele><time>2022-09-10T16:38:17Z</time></trkpt>
<trkpt lat="37.080065" lon="-121.895894"><ele>412.3</ele><time>2022-09-10T16:38:18Z</time></trkpt>
<trkpt lat="37.080225" lon="-121.895968"><ele>411.0</ele><time>2022-09-10T16:38:22Z</time></trkpt>
<trkpt lat="37.080255" lon="-121.896082"><ele>407.2</ele><time>2022-09-10T16:38:24Z</time></trkpt>
<trkpt lat="37.080298" lon="-121.896167"><ele>407.2</ele><time>2022-09-10T16:38:26Z</time></trkpt>
<trkpt lat="37.080301" lon="-121.896372"><ele>406.0</ele><time>2022-09-10T16:38:30Z</time></trkpt>
<trkpt lat="37.080283" lon="-121.896627"><ele>410.9</ele><time>2022-09-10T16:38:34Z</time></trkpt>
<trkpt lat="37.080335" lon="-121.896760"><ele>412.5</ele><time>2022-09-10T16:38:36Z</time></trkpt>
<trkpt lat="37.080346" lon="-121.896875"><ele>412.5</ele><time>2022-09-10T16:38:38Z</time></trkpt>
<trkpt lat="37.080310" lon="-121.897336"><ele>408.6</ele><time>2022-09-10T16:38:47Z</time></trkpt>
<trkpt lat="37.080249" lon="-121.897495"><ele>407.9</ele><time>2022-09-10T16:38:52Z</time></trkpt>
<trkpt lat="37.080192" lon="-121.897505"><ele>411.8</ele><time>2022-09-10T16:38:53Z</time></trkpt>
<trkpt lat="37.080066" lon="-121.897575"><ele>415.0</ele><time>2022-09-10T16:38:59Z</time></trkpt>
<trkpt lat="37.080005" lon="-121.897567"><ele>415.2</ele><time>2022-09-10T16:39:04Z</time></trkpt>
<trkpt lat="37.080010" lon="-121.897408"><ele>417.3</ele><time>2022-09-10T16:39:12Z</time></trkpt>
<trkpt lat="37.080061" lon="-121.897545"><ele>415.7</ele><time>2022-09-10T16:42:04Z</time></trkpt>
<trkpt lat="37.080094" lon="-121.897934"><ele>412.6</ele><time>2022-09-10T16:42:08Z</time></trkpt>
<trkpt lat="37.080012" lon="-121.898294"><ele>407.5</ele><time>2022-09-10T16:42:12Z</time></trkpt>
<trkpt lat="37.079904" lon="-121.898398"><ele>409.1</ele><time>2022-09-10T16:42:14Z</time></trkpt>
<trkpt lat="37.079879" lon="-121.898482"><ele>406.3</ele><time>2022-09-10T16:42:15Z</time></trkpt>
<trkpt lat="37.079900" lon="-121.898546"><ele>406.3</ele><time>2022-09-10T16:42:16Z</time></trkpt>
<trkpt lat="37.079990" lon="-121.898538"><ele>404.6</ele><time>2022-09-10T16:42:17Z</time></trkpt>
<trkpt lat="37.080065" lon="-121.898428"><ele>407.7</ele><time>2022-09-10T16:42:18Z</time></trkpt>
<trkpt lat="37.080161" lon="-121.898239"><ele>406.9</ele><time>2022-09-10T16:42:21Z</time></trkpt>
<trkpt lat="37.080290" lon="-121.898251"><ele>403.5</ele><time>2022-09-10T16:42:23Z</time></trkpt>
<trkpt lat="37.080336" lon="-121.898219"><ele>403.5</ele><time>2022-09-10T16:42:24Z</time></trkpt>
<trkpt lat="37.080372" lon="-121.898259"><ele>403.6</ele><time>2022-09-10T16:42:25Z</time></trkpt>
<trkpt lat="37.080350" lon="-121.898342"><ele>401.7</ele><time>2022-09-10T16:42:26Z</time></trkpt>
<trkpt lat="37.080290" lon="-121.898422"><ele>401.7</ele><time>2022-09-10T16:42:28Z</time></trkpt>
<trkpt lat="37.080290" lon="-121.898464"><ele>399.0</ele><time>2022-09-10T16:42:29Z</time></trkpt>
<trkpt lat="37.080327" lon="-121.898488"><ele>399.1</ele><time>2022-09-10T16:42:30Z</time></trkpt>
<trkpt lat="37.080386" lon="-121.898463"><ele>396.0</ele><time>2022-09-10T16:42:31Z</time></trkpt>
<trkpt lat="37.080435" lon="-121.898414"><ele>398.4</ele><time>2022-09-10T16:42:32Z</time></trkpt>
<trkpt lat="37.080458" lon="-121.898439"><ele>398.5</ele><time>2022-09-10T16:42:33Z</time></trkpt>
<trkpt lat="37.080458" lon="-121.898478"><ele>396.1</ele><time>2022-09-10T16:42:34Z</time></trkpt>
<trkpt lat="37.080419" lon="-121.898489"><ele>396.1</ele><time>2022-09-10T16:42:35Z</time></trkpt>
<trkpt lat="37.080394" lon="-121.898803"><ele>393.7</ele><time>2022-09-10T16:42:41Z</time></trkpt>
<trkpt lat="37.080357" lon="-121.898844"><ele>394.0</ele><time>2022-09-10T16:42:43Z</time></trkpt>
<trkpt lat="37.080431" lon="-121.898900"><ele>391.5</ele><time>2022-09-10T16:42:46Z</time></trkpt>
<trkpt lat="37.080428" lon="-121.898962"><ele>391.6</ele><time>2022-09-10T16:42:49Z</time></trkpt>
<trkpt lat="37.080455" lon="-121.898947"><ele>391.6</ele><time>2022-09-10T16:42:50Z</time></trkpt>
<trkpt lat="37.080464" lon="-121.898900"><ele>391.6</ele><time>2022-09-10T16:42:51Z</time></trkpt>
<trkpt lat="37.080489" lon="-121.898919"><ele>391.7</ele><time>2022-09-10T16:42:53Z</time></trkpt>
<trkpt lat="37.080525" lon="-121.898882"><ele>387.9</ele><time>2022-09-10T16:42:54Z</time></trkpt>
<trkpt lat="37.080635" lon="-121.898817"><ele>388.1</ele><time>2022-09-10T16:42:59Z</time></trkpt>
<trkpt lat="37.080606" lon="-121.898714"><ele>389.7</ele><time>2022-09-10T16:43:00Z</time></trkpt>
<trkpt lat="37.080659" lon="-121.898705"><ele>385.5</ele><time>2022-09-10T16:43:01Z</time></trkpt>
<trkpt lat="37.080724" lon="-121.898674"><ele>385.6</ele><time>2022-09-10T16:43:03Z</time></trkpt>
<trkpt lat="37.080783" lon="-121.898563"><ele>387.6</ele><time>2022-09-10T16:43:07Z</time></trkpt>
<trkpt lat="37.080791" lon="-121.898545"><ele>383.6</ele><time>2022-09-10T16:43:08Z</time></trkpt>
<trkpt lat="37.080818" lon="-121.898493"><ele>383.7</ele><time>2022-09-10T16:43:10Z</time></trkpt>
<trkpt lat="37.080859" lon="-121.898389"><ele>386.2</ele><time>2022-09-10T16:43:13Z</time></trkpt>
<trkpt lat="37.080902" lon="-121.898362"><ele>386.2</ele><time>2022-09-10T16:43:15Z</time></trkpt>
<trkpt lat="37.080933" lon="-121.898324"><ele>382.0</ele><time>2022-09-10T16:43:16Z</time></trkpt>
<trkpt lat="37.080986" lon="-121.898238"><ele>383.9</ele><time>2022-09-10T16:43:19Z</time></trkpt>
<trkpt lat="37.081003" lon="-121.898109"><ele>385.9</ele><time>2022-09-10T16:43:21Z</time></trkpt>
<trkpt lat="37.081017" lon="-121.898134"><ele>384.0</ele><time>2022-09-10T16:43:22Z</time></trkpt>
<trkpt lat="37.080979" lon="-121.897978"><ele>386.0</ele><time>2022-09-10T16:43:26Z</time></trkpt>
<trkpt lat="37.081013" lon="-121.897874"><ele>387.5</ele><time>2022-09-10T16:43:28Z</time></trkpt>
<trkpt lat="37.080969" lon="-121.897779"><ele>387.6</ele><time>2022-09-10T16:43:31Z</time></trkpt>
<trkpt lat="37.081023" lon="-121.897766"><ele>388.8</ele><time>2022-09-10T16:43:32Z</time></trkpt>
<trkpt lat="37.081068" lon="-121.897734"><ele>383.8</ele><time>2022-09-10T16:43:33Z</time></trkpt>
<trkpt lat="37.081134" lon="-121.897705"><ele>383.8</ele><time>2022-09-10T16:43:34Z</time></trkpt>
<trkpt lat="37.081311" lon="-121.897718"><ele>380.2</ele><time>2022-09-10T16:43:40Z</time></trkpt>
<trkpt lat="37.081335" lon="-121.897658"><ele>380.3</ele><time>2022-09-10T16:43:43Z</time></trkpt>
<trkpt lat="37.081345" lon="-121.897642"><ele>376.5</ele><time>2022-09-10T16:43:44Z</time></trkpt>
<trkpt lat="37.081380" lon="-121.897605"><ele>376.6</ele><time>2022-09-10T16:43:46Z</time></trkpt>
<trkpt lat="37.081375" lon="-121.897526"><ele>376.7</ele><time>2022-09-10T16:43:47Z</time></trkpt>
<trkpt lat="37.081436" lon="-121.897455"><ele>376.8</ele><time>2022-09-10T16:43:50Z</time></trkpt>
<trkpt lat="37.081506" lon="-121.897411"><ele>370.9</ele><time>2022-09-10T16:43:52Z</time></trkpt>
<trkpt lat="37.081592" lon="-121.897356"><ele>371.0</ele><time>2022-09-10T16:43:55Z</time></trkpt>
<trkpt lat="37.081666" lon="-121.897335"><ele>365.4</ele><time>2022-09-10T16:43:56Z</time></trkpt>
<trkpt lat="37.081690" lon="-121.897304"><ele>365.5</ele><time>2022-09-10T16:43:57Z</time></trkpt>
<trkpt lat="37.081788" lon="-121.897438"><ele>361.9</ele><time>2022-09-10T16:44:01Z</time></trkpt>
<trkpt lat="37.081799" lon="-121.897368"><ele>360.6</ele><time>2022-09-10T16:44:02Z</time></trkpt>
<trkpt lat="37.081850" lon="-121.897348"><ele>360.6</ele><time>2022-09-10T16:44:03Z</time></trkpt>
<trkpt lat="37.081875" lon="-121.897436"><ele>362.0</ele><time>2022-09-10T16:44:05Z</time></trkpt>
<trkpt lat="37.081893" lon="-121.897517"><ele>357.2</ele><time>2022-09-10T16:44:06Z</time></trkpt>
<trkpt lat="37.081895" lon="-121.897601"><ele>357.2</ele><time>2022-09-10T16:44:07Z</time></trkpt>
<trkpt lat="37.081859" lon="-121.897684"><ele>363.9</ele><time>2022-09-10T16:44:09Z</time></trkpt>
<trkpt lat="37.081866" lon="-121.897725"><ele>364.0</ele><time>2022-09-10T16:44:10Z</time></trkpt>
<trkpt lat="37.081893" lon="-121.897801"><ele>359.5</ele><time>2022-09-10T16:44:12Z</time></trkpt>
<trkpt lat="37.081926" lon="-121.897905"><ele>359.5</ele><time>2022-09-10T16:44:14Z</time></trkpt>
<trkpt lat="37.082023" lon="-121.897963"><ele>359.8</ele><time>2022-09-10T16:44:20Z</time></trkpt>
<trkpt lat="37.082060" lon="-121.897918"><ele>352.5</ele><time>2022-09-10T16:44:21Z</time></trkpt>
<trkpt lat="37.082028" lon="-121.897972"><ele>352.0</ele><time>2022-09-10T16:44:22Z</time></trkpt>
<trkpt lat="37.082101" lon="-121.897995"><ele>352.1</ele><time>2022-09-10T16:44:25Z</time></trkpt>
<trkpt lat="37.082129" lon="-121.898052"><ele>352.1</ele><time>2022-09-10T16:44:26Z</time></trkpt>
<trkpt lat="37.082147" lon="-121.898143"><ele>348.8</ele><time>2022-09-10T16:44:27Z</time></trkpt>
<trkpt lat="37.082162" lon="-121.898176"><ele>343.3</ele><time>2022-09-10T16:44:28Z</time></trkpt>
<trkpt lat="37.082153" lon="-121.898334"><ele>342.3</ele><time>2022-09-10T16:44:32Z</time></trkpt>
<trkpt lat="37.082063" lon="-121.898676"><ele>340.3</ele><time>2022-09-10T16:44:37Z</time></trkpt>
<trkpt lat="37.082103" lon="-121.898887"><ele>338.7</ele><time>2022-09-10T16:44:39Z</time></trkpt>
<trkpt lat="37.082085" lon="-121.898980"><ele>338.0</ele><time>2022-09-10T16:44:40Z</time></trkpt>
<trkpt lat="37.082118" lon="-121.899064"><ele>337.3</ele><time>2022-09-10T16:44:41Z</time></trkpt>
<trkpt lat="37.082095" lon="-121.899150"><ele>336.8</ele><time>2022-09-10T16:44:42Z</time></trkpt>
<trkpt lat="37.082113" lon="-121.899436"><ele>335.4</ele><time>2022-09-10T16:44:46Z</time></trkpt>
<trkpt lat="37.082043" lon="-121.899604"><ele>334.7</ele><time>2022-09-10T16:44:50Z</time></trkpt>
<trkpt lat="37.081997" lon="-121.899606"><ele>334.5</ele><time>2022-09-10T16:44:51Z</time></trkpt>
<trkpt lat="37.082057" lon="-121.899744"><ele>334.2</ele><time>2022-09-10T16:44:54Z</time></trkpt>
<trkpt lat="37.082004" lon="-121.899814"><ele>334.0</ele><time>2022-09-10T16:44:56Z</time></trkpt>
<trkpt lat="37.082007" lon="-121.900034"><ele>333.9</ele><time>2022-09-10T16:45:01Z</time></trkpt>
<trkpt lat="37.081984" lon="-121.900081"><ele>333.9</ele><time>2022-09-10T16:45:02Z</time></trkpt>
<trkpt lat="37.082005" lon="-121.900210"><ele>334.0</ele><time>2022-09-10T16:45:05Z</time></trkpt>
<trkpt lat="37.081965" lon="-121.900271"><ele>334.0</ele><time>2022-09-10T16:45:07Z</time></trkpt>
<trkpt lat="37.081968" lon="-121.900372"><ele>334.1</ele><time>2022-09-10T16:45:09Z</time></trkpt>
<trkpt lat="37.081919" lon="-121.900439"><ele>334.1</ele><time>2022-09-10T16:45:10Z</time></trkpt>
<trkpt lat="37.081905" lon="-121.900601"><ele>333.8</ele><time>2022-09-10T16:45:12Z</time></trkpt>
<trkpt lat="37.081929" lon="-121.900699"><ele>333.6</ele><time>2022-09-10T16:45:13Z</time></trkpt>
<trkpt lat="37.081938" lon="-121.900628"><ele>333.4</ele><time>2022-09-10T16:45:14Z</time></trkpt>
<trkpt lat="37.081969" lon="-121.900725"><ele>333.0</ele><time>2022-09-10T16:45:15Z</time></trkpt>
<trkpt lat="37.081973" lon="-121.900805"><ele>332.3</ele><time>2022-09-10T16:45:17Z</time></trkpt>
<trkpt lat="37.081923" lon="-121.900947"><ele>331.4</ele><time>2022-09-10T16:45:20Z</time></trkpt>
<trkpt lat="37.081983" lon="-121.901075"><ele>330.5</ele><time>2022-09-10T16:45:21Z</time></trkpt>
<trkpt lat="37.082003" lon="-121.901264"><ele>329.0</ele><time>2022-09-10T16:45:26Z</time></trkpt>
<trkpt lat="37.082047" lon="-121.901355"><ele>328.1</ele><time>2022-09-10T16:45:28Z</time></trkpt>
<trkpt lat="37.082004" lon="-121.901474"><ele>327.1</ele><time>2022-09-10T16:45:30Z</time></trkpt>
<trkpt lat="37.082020" lon="-121.901636"><ele>326.0</ele><time>2022-09-10T16:45:34Z</time></trkpt>
<trkpt lat="37.081943" lon="-121.901811"><ele>324.8</ele><time>2022-09-10T16:45:37Z</time></trkpt>
<trkpt lat="37.082022" lon="-121.901967"><ele>323.9</ele><time>2022-09-10T16:45:39Z</time></trkpt>
<trkpt lat="37.081982" lon="-121.902049"><ele>323.5</ele><time>2022-09-10T16:45:42Z</time></trkpt>
<trkpt lat="37.081984" lon="-121.902224"><ele>322.8</ele><time>2022-09-10T16:45:46Z</time></trkpt>
<trkpt lat="37.082049" lon="-121.902346"><ele>322.4</ele><time>2022-09-10T16:45:49Z</time></trkpt>
<trkpt lat="37.082013" lon="-121.902519"><ele>322.0</ele><time>2022-09-10T16:45:52Z</time></trkpt>
<trkpt lat="37.082036" lon="-121.902582"><ele>321.9</ele><time>2022-09-10T16:45:55Z</time></trkpt>
<trkpt lat="37.082082" lon="-121.902538"><ele>321.7</ele><time>2022-09-10T16:45:57Z</time></trkpt>
<trkpt lat="37.082043" lon="-121.902542"><ele>321.6</ele><time>2022-09-10T16:45:59Z</time></trkpt>
<trkpt lat="37.082110" lon="-121.902526"><ele>321.4</ele><time>2022-09-10T16:46:03Z</time></trkpt>
<trkpt lat="37.082102" lon="-121.902497"><ele>321.3</ele><time>2022-09-10T16:46:04Z</time></trkpt>
<trkpt lat="37.082284" lon="-121.902497"><ele>320.6</ele><time>2022-09-10T16:46:09Z</time></trkpt>
<trkpt lat="37.082408" lon="-121.902435"><ele>319.9</ele><time>2022-09-10T16:46:11Z</time></trkpt>
<trkpt lat="37.082474" lon="-121.902475"><ele>319.5</ele><time>2022-09-10T16:46:12Z</time></trkpt>
<trkpt lat="37.082585" lon="-121.902675"><ele>318.7</ele><time>2022-09-10T16:46:14Z</time></trkpt>
<trkpt lat="37.082640" lon="-121.902934"><ele>317.8</ele><time>2022-09-10T16:46:18Z</time></trkpt>
<trkpt lat="37.082635" lon="-121.902986"><ele>317.6</ele><time>2022-09-10T16:46:20Z</time></trkpt>
<trkpt lat="37.082589" lon="-121.902998"><ele>317.4</ele><time>2022-09-10T16:46:21Z</time></trkpt>
<trkpt lat="37.082623" lon="-121.903162"><ele>317.2</ele><time>2022-09-10T16:46:24Z</time></trkpt>
<trkpt lat="37.082681" lon="-121.903211"><ele>317.0</ele><time>2022-09-10T16:46:25Z</time></trkpt>
<trkpt lat="37.082715" lon="-121.903204"><ele>313.1</ele><time>2022-09-10T16:46:26Z</time></trkpt>
<trkpt lat="37.082739" lon="-121.903264"><ele>312.7</ele><time>2022-09-10T16:46:28Z</time></trkpt>
<trkpt lat="37.082839" lon="-121.903333"><ele>313.0</ele><time>2022-09-10T16:46:31Z</time></trkpt>
<trkpt lat="37.082861" lon="-121.903343"><ele>309.9</ele><time>2022-09-10T16:46:32Z</time></trkpt>
<trkpt lat="37.082965" lon="-121.903454"><ele>309.5</ele><time>2022-09-10T16:46:34Z</time></trkpt>
<trkpt lat="37.083021" lon="-121.903501"><ele>305.6</ele><time>2022-09-10T16:46:35Z</time></trkpt>
<trkpt lat="37.083157" lon="-121.903716"><ele>300.7</ele><time>2022-09-10T16:46:38Z</time></trkpt>
<trkpt lat="37.083169" lon="-121.903903"><ele>298.5</ele><time>2022-09-10T16:46:40Z</time></trkpt>
<trkpt lat="37.083178" lon="-121.903868"><ele>298.3</ele><time>2022-09-10T16:46:41Z</time></trkpt>
<trkpt lat="37.083210" lon="-121.904032"><ele>296.3</ele><time>2022-09-10T16:46:44Z</time></trkpt>
<trkpt lat="37.083301" lon="-121.904050"><ele>292.8</ele><time>2022-09-10T16:46:47Z</time></trkpt>
<trkpt lat="37.083317" lon="-121.904241"><ele>289.9</ele><time>2022-09-10T16:46:51Z</time></trkpt>
<trkpt lat="37.083401" lon="-121.904418"><ele>284.3</ele><time>2022-09-10T16:46:54Z</time></trkpt>
<trkpt lat="37.083387" lon="-121.904445"><ele>288.2</ele><time>2022-09-10T16:46:55Z</time></trkpt>
<trkpt lat="37.083393" lon="-121.904470"><ele>280.9</ele><time>2022-09-10T16:46:56Z</time></trkpt>
<trkpt lat="37.083396" lon="-121.904552"><ele>280.6</ele><time>2022-09-10T16:46:58Z</time></trkpt>
<trkpt lat="37.083380" lon="-121.904617"><ele>285.3</ele><time>2022-09-10T16:46:59Z</time></trkpt>
<trkpt lat="37.083380" lon="-121.904699"><ele>281.1</ele><time>2022-09-10T16:47:00Z</time></trkpt>
<trkpt lat="37.083392" lon="-121.904795"><ele>280.6</ele><time>2022-09-10T16:47:03Z</time></trkpt>
<trkpt lat="37.083289" lon="-121.904873"><ele>277.5</ele><time>2022-09-10T16:47:05Z</time></trkpt>
<trkpt lat="37.083241" lon="-121.904904"><ele>281.1</ele><time>2022-09-10T16:47:06Z</time></trkpt>
<trkpt lat="37.083284" lon="-121.904974"><ele>277.2</ele><time>2022-09-10T16:47:07Z</time></trkpt>
<trkpt lat="37.083188" lon="-121.905209"><ele>272.5</ele><time>2022-09-10T16:47:14Z</time></trkpt>
<trkpt lat="37.083219" lon="-121.905304"><ele>272.2</ele><time>2022-09-10T16:47:16Z</time></trkpt>
<trkpt lat="37.083234" lon="-121.905269"><ele>271.9</ele><time>2022-09-10T16:47:18Z</time></trkpt>
<trkpt lat="37.083248" lon="-121.905305"><ele>271.7</ele><time>2022-09-10T16:47:19Z</time></trkpt>
<trkpt lat="37.083236" lon="-121.905344"><ele>269.6</ele><time>2022-09-10T16:47:21Z</time></trkpt>
<trkpt lat="37.083276" lon="-121.905392"><ele>268.5</ele><time>2022-09-10T16:47:24Z</time></trkpt>
<trkpt lat="37.083340" lon="-121.905403"><ele>268.3</ele><time>2022-09-10T16:47:25Z</time></trkpt>
<trkpt lat="37.083388" lon="-121.905473"><ele>267.8</ele><time>2022-09-10T16:47:28Z</time></trkpt>
<trkpt lat="37.083490" lon="-121.905325"><ele>274.0</ele><time>2022-09-10T16:47:31Z</time></trkpt>
<trkpt lat="37.083572" lon="-121.905299"><ele>274.2</ele><time>2022-09-10T16:47:34Z</time></trkpt>
<trkpt lat="37.083637" lon="-121.905225"><ele>273.7</ele><time>2022-09-10T16:47:37Z</time></trkpt>
<trkpt lat="37.083703" lon="-121.905161"><ele>265.8</ele><time>2022-09-10T16:47:39Z</time></trkpt>
<trkpt lat="37.083795" lon="-121.905199"><ele>265.5</ele><time>2022-09-10T16:47:41Z</time></trkpt>
<trkpt lat="37.083840" lon="-121.905211"><ele>254.7</ele><time>2022-09-10T16:47:42Z</time></trkpt>
<trkpt lat="37.083944" lon="-121.905210"><ele>251.3</ele><time>2022-09-10T16:47:44Z</time></trkpt>
<trkpt lat="37.083975" lon="-121.905079"><ele>252.0</ele><time>2022-09-10T16:47:46Z</time></trkpt>
<trkpt lat="37.084088" lon="-121.905096"><ele>251.1</ele><time>2022-09-10T16:47:48Z</time></trkpt>
<trkpt lat="37.084136" lon="-121.905065"><ele>251.0</ele><time>2022-09-10T16:47:49Z</time></trkpt>
<trkpt lat="37.084194" lon="-121.905134"><ele>250.6</ele><time>2022-09-10T16:47:51Z</time></trkpt>
<trkpt lat="37.084289" lon="-121.905030"><ele>249.7</ele><time>2022-09-10T16:47:54Z</time></trkpt>
<trkpt lat="37.084328" lon="-121.905037"><ele>249.5</ele><time>2022-09-10T16:47:55Z</time></trkpt>
<trkpt lat="37.084384" lon="-121.904970"><ele>247.8</ele><time>2022-09-10T16:47:57Z</time></trkpt>
<trkpt lat="37.084458" lon="-121.904948"><ele>247.3</ele><time>2022-09-10T16:48:00Z</time></trkpt>
<trkpt lat="37.084436" lon="-121.904868"><ele>247.1</ele><time>2022-09-10T16:48:01Z</time></trkpt>
<trkpt lat="37.084534" lon="-121.904814"><ele>244.2</ele><time>2022-09-10T16:48:04Z</time></trkpt>
<trkpt lat="37.084544" lon="-121.904778"><ele>248.9</ele><time>2022-09-10T16:48:05Z</time></trkpt>
<trkpt lat="37.084549" lon="-121.904724"><ele>248.7</ele><time>2022-09-10T16:48:06Z</time></trkpt>
<trkpt lat="37.084640" lon="-121.904684"><ele>245.1</ele><time>2022-09-10T16:48:10Z</time></trkpt>
<trkpt lat="37.084630" lon="-121.904617"><ele>249.6</ele><time>2022-09-10T16:48:11Z</time></trkpt>
<trkpt lat="37.084673" lon="-121.904482"><ele>248.8</ele><time>2022-09-10T16:48:16Z</time></trkpt>
<trkpt lat="37.084689" lon="-121.904444"><ele>252.6</ele><time>2022-09-10T16:48:17Z</time></trkpt>
<trkpt lat="37.084748" lon="-121.904396"><ele>252.3</ele><time>2022-09-10T16:48:19Z</time></trkpt>
<trkpt lat="37.084768" lon="-121.904338"><ele>245.2</ele><time>2022-09-10T16:48:20Z</time></trkpt>
<trkpt lat="37.084935" lon="-121.904017"><ele>249.2</ele><time>2022-09-10T16:48:28Z</time></trkpt>
<trkpt lat="37.084965" lon="-121.903872"><ele>250.2</ele><time>2022-09-10T16:48:32Z</time></trkpt>
<trkpt lat="37.084960" lon="-121.903679"><ele>251.4</ele><time>2022-09-10T16:48:39Z</time></trkpt>
<trkpt lat="37.085143" lon="-121.903683"><ele>252.7</ele><time>2022-09-10T16:50:26Z</time></trkpt>
<trkpt lat="37.085091" lon="-121.903742"><ele>253.2</ele><time>2022-09-10T16:50:30Z</time></trkpt>
<trkpt lat="37.085124" lon="-121.903762"><ele>253.4</ele><time>2022-09-10T16:50:34Z</time></trkpt>
<trkpt lat="37.085027" lon="-121.903651"><ele>254.6</ele><time>2022-09-10T16:51:41Z</time></trkpt>
<trkpt lat="37.084980" lon="-121.903376"><ele>256.5</ele><time>2022-09-10T16:51:56Z</time></trkpt>
<trkpt lat="37.084896" lon="-121.903167"><ele>258.1</ele><time>2022-09-10T16:52:07Z</time></trkpt>
<trkpt lat="37.084870" lon="-121.903016"><ele>259.1</ele><time>2022-09-10T16:52:12Z</time></trkpt>
<trkpt lat="37.084896" lon="-121.902815"><ele>260.6</ele><time>2022-09-10T16:52:20Z</time></trkpt>
<trkpt lat="37.084835" lon="-121.902648"><ele>262.4</ele><time>2022-09-10T16:52:30Z</time></trkpt>
<trkpt lat="37.084841" lon="-121.902563"><ele>263.1</ele><time>2022-09-10T16:52:35Z</time></trkpt>
<trkpt lat="37.084771" lon="-121.902464"><ele>264.3</ele><time>2022-09-10T16:52:43Z</time></trkpt>
<trkpt lat="37.084800" lon="-121.902249"><ele>266.1</ele><time>2022-09-10T16:52:57Z</time></trkpt>
<trkpt lat="37.084733" lon="-121.902245"><ele>266.6</ele><time>2022-09-10T16:53:44Z</time></trkpt>
<trkpt lat="37.084517" lon="-121.902023"><ele>268.7</ele><time>2022-09-10T16:54:03Z</time></trkpt>
<trkpt lat="37.084328" lon="-121.901671"><ele>271.4</ele><time>2022-09-10T16:54:19Z</time></trkpt>
<trkpt lat="37.084220" lon="-121.901551"><ele>272.5</ele><time>2022-09-10T16:54:29Z</time></trkpt>
<trkpt lat="37.084135" lon="-121.901545"><ele>273.2</ele><time>2022-09-10T16:54:32Z</time></trkpt>
<trkpt lat="37.084017" lon="-121.901442"><ele>275.4</ele><time>2022-09-10T16:54:39Z</time></trkpt>
<trkpt lat="37.083875" lon="-121.901450"><ele>277.4</ele><time>2022-09-10T16:54:47Z</time></trkpt>
<trkpt lat="37.083840" lon="-121.901478"><ele>277.9</ele><time>2022-09-10T16:54:54Z</time></trkpt>
<trkpt lat="37.083861" lon="-121.901484"><ele>278.2</ele><time>2022-09-10T16:54:55Z</time></trkpt>
<trkpt lat="37.083894" lon="-121.901826"><ele>280.3</ele><time>2022-09-10T16:55:15Z</time></trkpt>
<trkpt lat="37.083990" lon="-121.902182"><ele>282.3</ele><time>2022-09-10T16:55:30Z</time></trkpt>
<trkpt lat="37.084012" lon="-121.902425"><ele>284.0</ele><time>2022-09-10T16:55:38Z</time></trkpt>
<trkpt lat="37.083976" lon="-121.902733"><ele>286.3</ele><time>2022-09-10T16:55:50Z</time></trkpt>
<trkpt lat="37.083877" lon="-121.902838"><ele>287.3</ele><time>2022-09-10T16:55:56Z</time></trkpt>
<trkpt lat="37.083629" lon="-121.902923"><ele>289.6</ele><time>2022-09-10T16:56:08Z</time></trkpt>
<trkpt lat="37.083446" lon="-121.902890"><ele>291.4</ele><time>2022-09-10T16:56:18Z</time></trkpt>
<trkpt lat="37.083307" lon="-121.902715"><ele>293.3</ele><time>2022-09-10T16:56:28Z</time></trkpt>
<trkpt lat="37.083146" lon="-121.902641"><ele>295.3</ele><time>2022-09-10T16:56:39Z</time></trkpt>
<trkpt lat="37.083056" lon="-121.902638"><ele>296.4</ele><time>2022-09-10T16:56:45Z</time></trkpt>
<trkpt lat="37.082990" lon="-121.902699"><ele>297.5</ele><time>2022-09-10T16:56:49Z</time></trkpt>
<trkpt lat="37.082950" lon="-121.902692"><ele>298.0</ele><time>2022-09-10T16:56:52Z</time></trkpt>
<trkpt lat="37.082866" lon="-121.902596"><ele>299.5</ele><time>2022-09-10T16:57:00Z</time></trkpt>
<trkpt lat="37.082829" lon="-121.902372"><ele>301.8</ele><time>2022-09-10T16:57:09Z</time></trkpt>
<trkpt lat="37.082783" lon="-121.902311"><ele>302.7</ele><time>2022-09-10T16:57:15Z</time></trkpt>
<trkpt lat="37.082815" lon="-121.902282"><ele>303.1</ele><time>2022-09-10T16:57:16Z</time></trkpt>
<trkpt lat="37.082700" lon="-121.902056"><ele>305.6</ele><time>2022-09-10T16:57:31Z</time></trkpt>
<trkpt lat="37.082507" lon="-121.901427"><ele>312.3</ele><time>2022-09-10T16:58:05Z</time></trkpt>
<trkpt lat="37.082366" lon="-121.901135"><ele>316.6</ele><time>2022-09-10T16:58:27Z</time></trkpt>
<trkpt lat="37.082275" lon="-121.900838"><ele>321.0</ele><time>2022-09-10T16:58:49Z</time></trkpt>
<trkpt lat="37.082148" lon="-121.900606"><ele>325.2</ele><time>2022-09-10T16:59:04Z</time></trkpt>
<trkpt lat="37.082105" lon="-121.900582"><ele>326.0</ele><time>2022-09-10T16:59:07Z</time></trkpt>
<trkpt lat="37.082062" lon="-121.900623"><ele>327.3</ele><time>2022-09-10T16:59:11Z</time></trkpt>
<trkpt lat="37.082080" lon="-121.900608"><ele>327.6</ele><time>2022-09-10T16:59:13Z</time></trkpt>
<trkpt lat="37.082037" lon="-121.900610"><ele>328.3</ele><time>2022-09-10T16:59:16Z</time></trkpt>
<trkpt lat="37.082059" lon="-121.900568"><ele>328.9</ele><time>2022-09-10T16:59:20Z</time></trkpt>
<trkpt lat="37.082041" lon="-121.900600"><ele>329.5</ele><time>2022-09-10T16:59:25Z</time></trkpt>
<trkpt lat="37.082067" lon="-121.900686"><ele>330.4</ele><time>2022-09-10T16:59:29Z</time></trkpt>
<trkpt lat="37.081911" lon="-121.900886"><ele>331.7</ele><time>2022-09-10T16:59:43Z</time></trkpt>
<trkpt lat="37.081879" lon="-121.900982"><ele>332.1</ele><time>2022-09-10T16:59:47Z</time></trkpt>
<trkpt lat="37.081822" lon="-121.901016"><ele>332.5</ele><time>2022-09-10T16:59:50Z</time></trkpt>
<trkpt lat="37.081737" lon="-121.900980"><ele>333.1</ele><time>2022-09-10T16:59:54Z</time></trkpt>
<trkpt lat="37.081760" lon="-121.900906"><ele>334.2</ele><time>2022-09-10T17:00:00Z</time></trkpt>
<trkpt lat="37.081811" lon="-121.900888"><ele>335.5</ele><time>2022-09-10T17:00:07Z</time></trkpt>
<trkpt lat="37.081778" lon="-121.900901"><ele>336.1</ele><time>2022-09-10T17:00:08Z</time></trkpt>
<trkpt lat="37.081772" lon="-121.901098"><ele>338.8</ele><time>2022-09-10T17:00:44Z</time></trkpt>
<trkpt lat="37.081473" lon="-121.900792"><ele>345.0</ele><time>2022-09-10T17:01:14Z</time></trkpt>
<trkpt lat="37.081394" lon="-121.900379"><ele>350.0</ele><time>2022-09-10T17:01:35Z</time></trkpt>
<trkpt lat="37.081455" lon="-121.900283"><ele>351.4</ele><time>2022-09-10T17:01:39Z</time></trkpt>
<trkpt lat="37.081301" lon="-121.899281"><ele>361.9</ele><time>2022-09-10T17:02:41Z</time></trkpt>
<trkpt lat="37.081326" lon="-121.898410"><ele>369.5</ele><time>2022-09-10T17:03:37Z</time></trkpt>
<trkpt lat="37.081299" lon="-121.898060"><ele>373.6</ele><time>2022-09-10T17:04:02Z</time></trkpt>
<trkpt lat="37.081356" lon="-121.897897"><ele>375.3</ele><time>2022-09-10T17:04:13Z</time></trkpt>
<trkpt lat="37.081295" lon="-121.897838"><ele>376.3</ele><time>2022-09-10T17:04:19Z</time></trkpt>
<trkpt lat="37.081242" lon="-121.897712"><ele>377.7</ele><time>2022-09-10T17:04:30Z</time></trkpt>
<trkpt lat="37.081199" lon="-121.897723"><ele>378.3</ele><time>2022-09-10T17:04:36Z</time></trkpt>
<trkpt lat="37.081126" lon="-121.897611"><ele>379.6</ele><time>2022-09-10T17:04:43Z</time></trkpt>
<trkpt lat="37.081122" lon="-121.897376"><ele>382.5</ele><time>2022-09-10T17:04:54Z</time></trkpt>
<trkpt lat="37.081184" lon="-121.897281"><ele>384.0</ele><time>2022-09-10T17:05:01Z</time></trkpt>
<trkpt lat="37.081123" lon="-121.897233"><ele>385.4</ele><time>2022-09-10T17:05:09Z</time></trkpt>
<trkpt lat="37.081122" lon="-121.896952"><ele>389.2</ele><time>2022-09-10T17:05:27Z</time></trkpt>
<trkpt lat="37.081090" lon="-121.896958"><ele>389.8</ele><time>2022-09-10T17:05:30Z</time></trkpt>
<trkpt lat="37.081043" lon="-121.896856"><ele>391.3</ele><time>2022-09-10T17:05:35Z</time></trkpt>
<trkpt lat="37.081051" lon="-121.896803"><ele>392.1</ele><time>2022-09-10T17:05:39Z</time></trkpt>
<trkpt lat="37.080991" lon="-121.896805"><ele>393.4</ele><time>2022-09-10T17:05:45Z</time></trkpt>
<trkpt lat="37.080886" lon="-121.896880"><ele>395.6</ele><time>2022-09-10T17:05:56Z</time></trkpt>
<trkpt lat="37.080872" lon="-121.896996"><ele>397.0</ele><time>2022-09-10T17:06:02Z</time></trkpt>
<trkpt lat="37.080753" lon="-121.897149"><ele>398.9</ele><time>2022-09-10T17:06:13Z</time></trkpt>
<trkpt lat="37.080548" lon="-121.897536"><ele>402.3</ele><time>2022-09-10T17:06:36Z</time></trkpt>
<trkpt lat="37.080500" lon="-121.897757"><ele>404.0</ele><time>2022-09-10T17:06:49Z</time></trkpt>
<trkpt lat="37.080436" lon="-121.897814"><ele>404.8</ele><time>2022-09-10T17:06:54Z</time></trkpt>
<trkpt lat="37.080341" lon="-121.897989"><ele>406.8</ele><time>2022-09-10T17:07:05Z</time></trkpt>
<trkpt lat="37.080146" lon="-121.898018"><ele>409.7</ele><time>2022-09-10T17:07:17Z</time></trkpt>
<trkpt lat="37.080058" lon="-121.897940"><ele>411.7</ele><time>2022-09-10T17:07:27Z</time></trkpt>
<trkpt lat="37.079994" lon="-121.897786"><ele>414.2</ele><time>2022-09-10T17:07:34Z</time></trkpt>
<trkpt lat="37.079980" lon="-121.897562"><ele>414.5</ele><time>2022-09-10T17:07:47Z</time></trkpt>
<trkpt lat="37.080010" lon="-121.897486"><ele>414.4</ele><time>2022-09-10T17:07:54Z</time></trkpt>
<trkpt lat="37.080045" lon="-121.897589"><ele>414.2</ele><time>2022-09-10T17:08:23Z</time></trkpt>
<trkpt lat="37.080074" lon="-121.897562"><ele>414.2</ele><time>2022-09-10T17:08:27Z</time></trkpt>
<trkpt lat="37.080019" lon="-121.897577"><ele>414.1</ele><time>2022-09-10T17:08:33Z</time></trkpt>
<trkpt lat="37.080111" lon="-121.897547"><ele>414.0</ele><time>2022-09-10T17:08:40Z</time></trkpt>
<trkpt lat="37.080059" lon="-121.897608"><ele>413.9</ele><time>2022-09-10T17:09:34Z</time></trkpt>
<trkpt lat="37.080035" lon="-121.897526"><ele>413.8</ele><time>2022-09-10T17:10:04Z</time></trkpt>
<trkpt lat="37.080102" lon="-121.897802"><ele>413.4</ele><time>2022-09-10T17:13:53Z</time></trkpt>
<trkpt lat="37.080107" lon="-121.898032"><ele>413.1</ele><time>2022-09-10T17:13:56Z</time></trkpt>
<trkpt lat="37.080068" lon="-121.898127"><ele>413.5</ele><time>2022-09-10T17:13:58Z</time></trkpt>
<trkpt lat="37.080066" lon="-121.898329"><ele>411.3</ele><time>2022-09-10T17:14:00Z</time></trkpt>
<trkpt lat="37.079932" lon="-121.898443"><ele>411.7</ele><time>2022-09-10T17:14:02Z</time></trkpt>
<trkpt lat="37.079899" lon="-121.898518"><ele>410.9</ele><time>2022-09-10T17:14:03Z</time></trkpt>
<trkpt lat="37.079934" lon="-121.898572"><ele>409.5</ele><time>2022-09-10T17:14:04Z</time></trkpt>
<trkpt lat="37.080055" lon="-121.898502"><ele>408.3</ele><time>2022-09-10T17:14:06Z</time></trkpt>
<trkpt lat="37.080133" lon="-121.898277"><ele>410.1</ele><time>2022-09-10T17:14:09Z</time></trkpt>
<trkpt lat="37.080270" lon="-121.898289"><ele>406.8</ele><time>2022-09-10T17:14:11Z</time></trkpt>
<trkpt lat="37.080356" lon="-121.898230"><ele>405.2</ele><time>2022-09-10T17:14:13Z</time></trkpt>
<trkpt lat="37.080358" lon="-121.898353"><ele>403.5</ele><time>2022-09-10T17:14:14Z</time></trkpt>
<trkpt lat="37.080305" lon="-121.898472"><ele>403.1</ele><time>2022-09-10T17:14:15Z</time></trkpt>
<trkpt lat="37.080241" lon="-121.898499"><ele>404.5</ele><time>2022-09-10T17:14:16Z</time></trkpt>
<trkpt lat="37.080223" lon="-121.898551"><ele>403.0</ele><time>2022-09-10T17:14:17Z</time></trkpt>
<trkpt lat="37.080280" lon="-121.898562"><ele>401.8</ele><time>2022-09-10T17:14:18Z</time></trkpt>
<trkpt lat="37.080350" lon="-121.898480"><ele>401.8</ele><time>2022-09-10T17:14:19Z</time></trkpt>
<trkpt lat="37.080468" lon="-121.898451"><ele>399.6</ele><time>2022-09-10T17:14:21Z</time></trkpt>
<trkpt lat="37.080484" lon="-121.898552"><ele>396.7</ele><time>2022-09-10T17:14:22Z</time></trkpt>
<trkpt lat="37.080407" lon="-121.898755"><ele>395.8</ele><time>2022-09-10T17:14:24Z</time></trkpt>
<trkpt lat="37.080384" lon="-121.898956"><ele>392.6</ele><time>2022-09-10T17:14:26Z</time></trkpt>
<trkpt lat="37.080341" lon="-121.899062"><ele>392.3</ele><time>2022-09-10T17:14:27Z</time></trkpt>
<trkpt lat="37.080181" lon="-121.899119"><ele>393.4</ele><time>2022-09-10T17:14:29Z</time></trkpt>
<trkpt lat="37.080081" lon="-121.899206"><ele>391.9</ele><time>2022-09-10T17:14:31Z</time></trkpt>
<trkpt lat="37.080104" lon="-121.899248"><ele>391.4</ele><time>2022-09-10T17:14:32Z</time></trkpt>
<trkpt lat="37.080196" lon="-121.899249"><ele>390.2</ele><time>2022-09-10T17:14:33Z</time></trkpt>
<trkpt lat="37.080386" lon="-121.899079"><ele>388.0</ele><time>2022-09-10T17:14:36Z</time></trkpt>
<trkpt lat="37.080610" lon="-121.898996"><ele>386.3</ele><time>2022-09-10T17:14:39Z</time></trkpt>
<trkpt lat="37.080655" lon="-121.898946"><ele>385.8</ele><time>2022-09-10T17:14:40Z</time></trkpt>
<trkpt lat="37.080653" lon="-121.898849"><ele>385.2</ele><time>2022-09-10T17:14:41Z</time></trkpt>
<trkpt lat="37.080715" lon="-121.898690"><ele>384.0</ele><time>2022-09-10T17:14:43Z</time></trkpt>
<trkpt lat="37.080912" lon="-121.898370"><ele>382.6</ele><time>2022-09-10T17:14:47Z</time></trkpt>
<trkpt lat="37.080931" lon="-121.898280"><ele>382.4</ele><time>2022-09-10T17:14:48Z</time></trkpt>
<trkpt lat="37.081045" lon="-121.898184"><ele>382.0</ele><time>2022-09-10T17:14:50Z</time></trkpt>
<trkpt lat="37.081057" lon="-121.898111"><ele>381.7</ele><time>2022-09-10T17:14:51Z</time></trkpt>
<trkpt lat="37.081031" lon="-121.898035"><ele>381.5</ele><time>2022-09-10T17:14:52Z</time></trkpt>
<trkpt lat="37.081055" lon="-121.897848"><ele>380.9</ele><time>2022-09-10T17:14:54Z</time></trkpt>
<trkpt lat="37.081244" lon="-121.897506"><ele>379.5</ele><time>2022-09-10T17:14:59Z</time></trkpt>
<trkpt lat="37.081401" lon="-121.896985"><ele>375.9</ele><time>2022-09-10T17:15:06Z</time></trkpt>
<trkpt lat="37.081368" lon="-121.896796"><ele>374.3</ele><time>2022-09-10T17:15:09Z</time></trkpt>
<trkpt lat="37.081177" lon="-121.896405"><ele>372.1</ele><time>2022-09-10T17:15:16Z</time></trkpt>
<trkpt lat="37.081145" lon="-121.896391"><ele>372.0</ele><time>2022-09-10T17:15:17Z</time></trkpt>
<trkpt lat="37.081123" lon="-121.896118"><ele>371.2</ele><time>2022-09-10T17:15:20Z</time></trkpt>
<trkpt lat="37.081231" lon="-121.896129"><ele>370.7</ele><time>2022-09-10T17:15:21Z</time></trkpt>
<trkpt lat="37.081403" lon="-121.896263"><ele>368.7</ele><time>2022-09-10T17:15:24Z</time></trkpt>
<trkpt lat="37.081595" lon="-121.896586"><ele>365.7</ele><time>2022-09-10T17:15:28Z</time></trkpt>
<trkpt lat="37.081706" lon="-121.896484"><ele>364.6</ele><time>2022-09-10T17:15:30Z</time></trkpt>
<trkpt lat="37.081730" lon="-121.896552"><ele>364.1</ele><time>2022-09-10T17:15:31Z</time></trkpt>
<trkpt lat="37.081677" lon="-121.896748"><ele>362.7</ele><time>2022-09-10T17:15:33Z</time></trkpt>
<trkpt lat="37.081752" lon="-121.896785"><ele>362.0</ele><time>2022-09-10T17:15:35Z</time></trkpt>
<trkpt lat="37.081780" lon="-121.896851"><ele>361.6</ele><time>2022-09-10T17:15:37Z</time></trkpt>
<trkpt lat="37.081777" lon="-121.897082"><ele>359.9</ele><time>2022-09-10T17:15:43Z</time></trkpt>
<trkpt lat="37.081825" lon="-121.897266"><ele>358.4</ele><time>2022-09-10T17:15:46Z</time></trkpt>
<trkpt lat="37.081939" lon="-121.897372"><ele>357.3</ele><time>2022-09-10T17:15:47Z</time></trkpt>
<trkpt lat="37.081996" lon="-121.897638"><ele>355.8</ele><time>2022-09-10T17:15:50Z</time></trkpt>
<trkpt lat="37.082104" lon="-121.897785"><ele>354.6</ele><time>2022-09-10T17:15:53Z</time></trkpt>
<trkpt lat="37.082034" lon="-121.897937"><ele>353.1</ele><time>2022-09-10T17:15:55Z</time></trkpt>
<trkpt lat="37.081992" lon="-121.898224"><ele>351.2</ele><time>2022-09-10T17:15:58Z</time></trkpt>
<trkpt lat="37.081952" lon="-121.898264"><ele>350.9</ele><time>2022-09-10T17:15:59Z</time></trkpt>
<trkpt lat="37.081936" lon="-121.898346"><ele>350.3</ele><time>2022-09-10T17:16:01Z</time></trkpt>
<trkpt lat="37.081946" lon="-121.898413"><ele>349.8</ele><time>2022-09-10T17:16:03Z</time></trkpt>
<trkpt lat="37.082069" lon="-121.898361"><ele>343.9</ele><time>2022-09-10T17:16:06Z</time></trkpt>
<trkpt lat="37.082005" lon="-121.898232"><ele>348.9</ele><time>2022-09-10T17:16:07Z</time></trkpt>
<trkpt lat="37.082175" lon="-121.897955"><ele>345.5</ele><time>2022-09-10T17:16:11Z</time></trkpt>
<trkpt lat="37.082297" lon="-121.897949"><ele>344.2</ele><time>2022-09-10T17:16:13Z</time></trkpt>
<trkpt lat="37.082367" lon="-121.898042"><ele>343.1</ele><time>2022-09-10T17:16:15Z</time></trkpt>
<trkpt lat="37.082249" lon="-121.898310"><ele>341.4</ele><time>2022-09-10T17:16:18Z</time></trkpt>
<trkpt lat="37.082129" lon="-121.898995"><ele>336.9</ele><time>2022-09-10T17:16:27Z</time></trkpt>
<trkpt lat="37.082140" lon="-121.899209"><ele>335.8</ele><time>2022-09-10T17:16:29Z</time></trkpt>
<trkpt lat="37.082109" lon="-121.899316"><ele>335.4</ele><time>2022-09-10T17:16:30Z</time></trkpt>
<trkpt lat="37.082154" lon="-121.899432"><ele>334.9</ele><time>2022-09-10T17:16:32Z</time></trkpt>
<trkpt lat="37.082151" lon="-121.899540"><ele>334.6</ele><time>2022-09-10T17:16:33Z</time></trkpt>
<trkpt lat="37.082078" lon="-121.899672"><ele>334.2</ele><time>2022-09-10T17:16:35Z</time></trkpt>
<trkpt lat="37.082036" lon="-121.899950"><ele>333.9</ele><time>2022-09-10T17:16:39Z</time></trkpt>
<trkpt lat="37.082081" lon="-121.900083"><ele>333.9</ele><time>2022-09-10T17:16:41Z</time></trkpt>
<trkpt lat="37.082052" lon="-121.900098"><ele>333.9</ele><time>2022-09-10T17:16:42Z</time></trkpt>
<trkpt lat="37.082053" lon="-121.900193"><ele>334.0</ele><time>2022-09-10T17:16:43Z</time></trkpt>
<trkpt lat="37.081998" lon="-121.900267"><ele>334.0</ele><time>2022-09-10T17:16:45Z</time></trkpt>
<trkpt lat="37.082020" lon="-121.900339"><ele>334.1</ele><time>2022-09-10T17:16:47Z</time></trkpt>
<trkpt lat="37.081892" lon="-121.900456"><ele>333.9</ele><time>2022-09-10T17:16:56Z</time></trkpt>
<trkpt lat="37.081816" lon="-121.900700"><ele>333.3</ele><time>2022-09-10T17:17:13Z</time></trkpt>
<trkpt lat="37.081843" lon="-121.900830"><ele>332.6</ele><time>2022-09-10T17:17:15Z</time></trkpt>
<trkpt lat="37.081971" lon="-121.901032"><ele>330.8</ele><time>2022-09-10T17:17:19Z</time></trkpt>
<trkpt lat="37.082032" lon="-121.901299"><ele>328.2</ele><time>2022-09-10T17:17:22Z</time></trkpt>
<trkpt lat="37.081986" lon="-121.901736"><ele>324.6</ele><time>2022-09-10T17:17:26Z</time></trkpt>
<trkpt lat="37.082103" lon="-121.902076"><ele>322.7</ele><time>2022-09-10T17:17:30Z</time></trkpt>
<trkpt lat="37.082103" lon="-121.902184"><ele>322.4</ele><time>2022-09-10T17:17:31Z</time></trkpt>
<trkpt lat="37.082191" lon="-121.902322"><ele>321.9</ele><time>2022-09-10T17:17:33Z</time></trkpt>
<trkpt lat="37.082155" lon="-121.902480"><ele>321.4</ele><time>2022-09-10T17:17:35Z</time></trkpt>
<trkpt lat="37.082279" lon="-121.903242"><ele>318.0</ele><time>2022-09-10T17:17:45Z</time></trkpt>
<trkpt lat="37.082274" lon="-121.903404"><ele>317.3</ele><time>2022-09-10T17:17:47Z</time></trkpt>
<trkpt lat="37.082329" lon="-121.903513"><ele>316.9</ele><time>2022-09-10T17:17:49Z</time></trkpt>
<trkpt lat="37.082310" lon="-121.903729"><ele>316.3</ele><time>2022-09-10T17:17:52Z</time></trkpt>
<trkpt lat="37.082355" lon="-121.904079"><ele>315.2</ele><time>2022-09-10T17:17:57Z</time></trkpt>
<trkpt lat="37.082422" lon="-121.904366"><ele>313.5</ele><time>2022-09-10T17:18:00Z</time></trkpt>
<trkpt lat="37.082516" lon="-121.904351"><ele>312.8</ele><time>2022-09-10T17:18:02Z</time></trkpt>
<trkpt lat="37.082480" lon="-121.904139"><ele>311.7</ele><time>2022-09-10T17:18:04Z</time></trkpt>
<trkpt lat="37.082536" lon="-121.903919"><ele>310.5</ele><time>2022-09-10T17:18:06Z</time></trkpt>
<trkpt lat="37.082534" lon="-121.903803"><ele>309.7</ele><time>2022-09-10T17:18:08Z</time></trkpt>
<trkpt lat="37.082649" lon="-121.903640"><ele>308.4</ele><time>2022-09-10T17:18:12Z</time></trkpt>
<trkpt lat="37.082650" lon="-121.903528"><ele>307.9</ele><time>2022-09-10T17:18:14Z</time></trkpt>
<trkpt lat="37.082731" lon="-121.903464"><ele>307.4</ele><time>2022-09-10T17:18:15Z</time></trkpt>
<trkpt lat="37.082796" lon="-121.903478"><ele>307.1</ele><time>2022-09-10T17:18:16Z</time></trkpt>
<trkpt lat="37.082879" lon="-121.903571"><ele>306.5</ele><time>2022-09-10T17:18:18Z</time></trkpt>
<trkpt lat="37.082860" lon="-121.903732"><ele>305.8</ele><time>2022-09-10T17:18:20Z</time></trkpt>
<trkpt lat="37.082923" lon="-121.903879"><ele>304.8</ele><time>2022-09-10T17:18:23Z</time></trkpt>
<trkpt lat="37.082834" lon="-121.904143"><ele>302.7</ele><time>2022-09-10T17:18:26Z</time></trkpt>
<trkpt lat="37.082854" lon="-121.904238"><ele>301.8</ele><time>2022-09-10T17:18:28Z</time></trkpt>
<trkpt lat="37.082910" lon="-121.904136"><ele>300.8</ele><time>2022-09-10T17:18:32Z</time></trkpt>
<trkpt lat="37.082945" lon="-121.904129"><ele>300.4</ele><time>2022-09-10T17:18:33Z</time></trkpt>
<trkpt lat="37.082917" lon="-121.904050"><ele>299.9</ele><time>2022-09-10T17:18:35Z</time></trkpt>
<trkpt lat="37.082978" lon="-121.903975"><ele>299.0</ele><time>2022-09-10T17:18:37Z</time></trkpt>
<trkpt lat="37.083107" lon="-121.903997"><ele>293.4</ele><time>2022-09-10T17:18:39Z</time></trkpt>
<trkpt lat="37.083249" lon="-121.904254"><ele>285.9</ele><time>2022-09-10T17:18:42Z</time></trkpt>
<trkpt lat="37.083085" lon="-121.904591"><ele>282.6</ele><time>2022-09-10T17:18:47Z</time></trkpt>
<trkpt lat="37.083167" lon="-121.904574"><ele>281.4</ele><time>2022-09-10T17:18:49Z</time></trkpt>
<trkpt lat="37.083218" lon="-121.904428"><ele>279.7</ele><time>2022-09-10T17:18:51Z</time></trkpt>
<trkpt lat="37.083259" lon="-121.904431"><ele>279.2</ele><time>2022-09-10T17:18:53Z</time></trkpt>
<trkpt lat="37.083331" lon="-121.904573"><ele>277.7</ele><time>2022-09-10T17:18:56Z</time></trkpt>
<trkpt lat="37.083508" lon="-121.904764"><ele>275.2</ele><time>2022-09-10T17:18:59Z</time></trkpt>
<trkpt lat="37.083368" lon="-121.904994"><ele>273.5</ele><time>2022-09-10T17:19:02Z</time></trkpt>
<trkpt lat="37.083155" lon="-121.905174"><ele>272.2</ele><time>2022-09-10T17:19:04Z</time></trkpt>
<trkpt lat="37.082996" lon="-121.905594"><ele>270.7</ele><time>2022-09-10T17:19:10Z</time></trkpt>
<trkpt lat="37.083056" lon="-121.905741"><ele>270.3</ele><time>2022-09-10T17:19:12Z</time></trkpt>
<trkpt lat="37.083063" lon="-121.905877"><ele>269.8</ele><time>2022-09-10T17:19:14Z</time></trkpt>
<trkpt lat="37.083102" lon="-121.905932"><ele>269.4</ele><time>2022-09-10T17:19:15Z</time></trkpt>
<trkpt lat="37.083094" lon="-121.906003"><ele>269.0</ele><time>2022-09-10T17:19:16Z</time></trkpt>
<trkpt lat="37.083041" lon="-121.906043"><ele>268.4</ele><time>2022-09-10T17:19:17Z</time></trkpt>
<trkpt lat="37.083080" lon="-121.906096"><ele>267.8</ele><time>2022-09-10T17:19:18Z</time></trkpt>
<trkpt lat="37.083154" lon="-121.906015"><ele>266.8</ele><time>2022-09-10T17:19:20Z</time></trkpt>
<trkpt lat="37.083127" lon="-121.905906"><ele>265.8</ele><time>2022-09-10T17:19:21Z</time></trkpt>
<trkpt lat="37.083171" lon="-121.905908"><ele>265.3</ele><time>2022-09-10T17:19:23Z</time></trkpt>
<trkpt lat="37.083170" lon="-121.905773"><ele>264.2</ele><time>2022-09-10T17:19:25Z</time></trkpt>
<trkpt lat="37.083142" lon="-121.905737"><ele>263.9</ele><time>2022-09-10T17:19:26Z</time></trkpt>
<trkpt lat="37.083158" lon="-121.905684"><ele>263.5</ele><time>2022-09-10T17:19:27Z</time></trkpt>
<trkpt lat="37.083270" lon="-121.905664"><ele>262.5</ele><time>2022-09-10T17:19:29Z</time></trkpt>
<trkpt lat="37.083308" lon="-121.905598"><ele>261.9</ele><time>2022-09-10T17:19:30Z</time></trkpt>
<trkpt lat="37.083428" lon="-121.905524"><ele>260.7</ele><time>2022-09-10T17:19:31Z</time></trkpt>
<trkpt lat="37.083628" lon="-121.905266"><ele>258.1</ele><time>2022-09-10T17:19:34Z</time></trkpt>
<trkpt lat="37.083768" lon="-121.905162"><ele>256.9</ele><time>2022-09-10T17:19:36Z</time></trkpt>
<trkpt lat="37.083842" lon="-121.905032"><ele>256.2</ele><time>2022-09-10T17:19:38Z</time></trkpt>
<trkpt lat="37.083848" lon="-121.904957"><ele>255.9</ele><time>2022-09-10T17:19:39Z</time></trkpt>
<trkpt lat="37.084038" lon="-121.904864"><ele>255.0</ele><time>2022-09-10T17:19:42Z</time></trkpt>
<trkpt lat="37.084120" lon="-121.904945"><ele>254.4</ele><time>2022-09-10T17:19:44Z</time></trkpt>
<trkpt lat="37.084153" lon="-121.904927"><ele>254.2</ele><time>2022-09-10T17:19:45Z</time></trkpt>
<trkpt lat="37.084222" lon="-121.904974"><ele>253.5</ele><time>2022-09-10T17:19:46Z</time></trkpt>
<trkpt lat="37.084326" lon="-121.904842"><ele>252.5</ele><time>2022-09-10T17:19:51Z</time></trkpt>
<trkpt lat="37.084882" lon="-121.904991"><ele>249.2</ele><time>2022-09-10T17:19:55Z</time></trkpt>
<trkpt lat="37.084949" lon="-121.904996"><ele>248.9</ele><time>2022-09-10T17:19:56Z</time></trkpt>
<trkpt lat="37.084985" lon="-121.904933"><ele>248.7</ele><time>2022-09-10T17:19:57Z</time></trkpt>
<trkpt lat="37.085006" lon="-121.904675"><ele>247.6</ele><time>2022-09-10T17:20:02Z</time></trkpt>
<trkpt lat="37.084891" lon="-121.904648"><ele>247.2</ele><time>2022-09-10T17:20:03Z</time></trkpt>
<trkpt lat="37.084922" lon="-121.904598"><ele>247.1</ele><time>2022-09-10T17:20:06Z</time></trkpt>
<trkpt lat="37.084960" lon="-121.904362"><ele>247.2</ele><time>2022-09-10T17:20:10Z</time></trkpt>
<trkpt lat="37.084935" lon="-121.904233"><ele>247.6</ele><time>2022-09-10T17:20:15Z</time></trkpt>
<trkpt lat="37.084983" lon="-121.903967"><ele>249.3</ele><time>2022-09-10T17:20:25Z</time></trkpt>
<trkpt lat="37.084946" lon="-121.903845"><ele>250.1</ele><time>2022-09-10T17:20:30Z</time></trkpt>
<trkpt lat="37.084983" lon="-121.903812"><ele>250.5</ele><time>2022-09-10T17:20:32Z</time></trkpt>
<trkpt lat="37.085069" lon="-121.903833"><ele>251.5</ele><time>2022-09-10T17:20:39Z</time></trkpt>
<trkpt lat="37.085173" lon="-121.903767"><ele>252.2</ele><time>2022-09-10T17:20:45Z</time></trkpt>
<trkpt lat="37.084993" lon="-121.903754"><ele>253.4</ele><time>2022-09-10T17:23:05Z</time></trkpt>
<trkpt lat="37.085053" lon="-121.903854"><ele>254.3</ele><time>2022-09-10T17:23:12Z</time></trkpt>
<trkpt lat="37.085055" lon="-121.903571"><ele>256.1</ele><time>2022-09-10T17:24:13Z</time></trkpt>
<trkpt lat="37.085001" lon="-121.903385"><ele>257.3</ele><time>2022-09-10T17:24:25Z</time></trkpt>
<trkpt lat="37.085056" lon="-121.903187"><ele>258.5</ele><time>2022-09-10T17:24:36Z</time></trkpt>
<trkpt lat="37.084984" lon="-121.902766"><ele>261.7</ele><time>2022-09-10T17:24:58Z</time></trkpt>
<trkpt lat="37.084835" lon="-121.902570"><ele>264.0</ele><time>2022-09-10T17:25:12Z</time></trkpt>
<trkpt lat="37.084799" lon="-121.902472"><ele>264.9</ele><time>2022-09-10T17:25:18Z</time></trkpt>
<trkpt lat="37.084819" lon="-121.902374"><ele>265.6</ele><time>2022-09-10T17:25:22Z</time></trkpt>
<trkpt lat="37.084760" lon="-121.902253"><ele>266.6</ele><time>2022-09-10T17:25:30Z</time></trkpt>
<trkpt lat="37.084383" lon="-121.901852"><ele>270.2</ele><time>2022-09-10T17:26:04Z</time></trkpt>
<trkpt lat="37.084397" lon="-121.901812"><ele>270.5</ele><time>2022-09-10T17:26:05Z</time></trkpt>
<trkpt lat="37.084298" lon="-121.901610"><ele>271.9</ele><time>2022-09-10T17:26:14Z</time></trkpt>
<trkpt lat="37.084204" lon="-121.901526"><ele>272.8</ele><time>2022-09-10T17:26:21Z</time></trkpt>
<trkpt lat="37.084047" lon="-121.901481"><ele>274.9</ele><time>2022-09-10T17:26:32Z</time></trkpt>
<trkpt lat="37.083998" lon="-121.901415"><ele>275.8</ele><time>2022-09-10T17:26:37Z</time></trkpt>
<trkpt lat="37.083922" lon="-121.901384"><ele>276.7</ele><time>2022-09-10T17:26:41Z</time></trkpt>
<trkpt lat="37.083787" lon="-121.901445"><ele>278.5</ele><time>2022-09-10T17:26:53Z</time></trkpt>
<trkpt lat="37.083824" lon="-121.901645"><ele>279.7</ele><time>2022-09-10T17:27:03Z</time></trkpt>
<trkpt lat="37.083897" lon="-121.901777"><ele>280.3</ele><time>2022-09-10T17:27:09Z</time></trkpt>
<trkpt lat="37.083903" lon="-121.901909"><ele>280.9</ele><time>2022-09-10T17:27:15Z</time></trkpt>
<trkpt lat="37.083995" lon="-121.902151"><ele>282.5</ele><time>2022-09-10T17:27:26Z</time></trkpt>
<trkpt lat="37.083972" lon="-121.902276"><ele>283.3</ele><time>2022-09-10T17:27:30Z</time></trkpt>
<trkpt lat="37.084020" lon="-121.902422"><ele>284.4</ele><time>2022-09-10T17:27:37Z</time></trkpt>
<trkpt lat="37.084000" lon="-121.902521"><ele>285.1</ele><time>2022-09-10T17:27:41Z</time></trkpt>
<trkpt lat="37.084020" lon="-121.902716"><ele>286.5</ele><time>2022-09-10T17:27:48Z</time></trkpt>
<trkpt lat="37.083981" lon="-121.902859"><ele>287.4</ele><time>2022-09-10T17:27:54Z</time></trkpt>
<trkpt lat="37.083909" lon="-121.902907"><ele>288.0</ele><time>2022-09-10T17:27:57Z</time></trkpt>
<trkpt lat="37.083702" lon="-121.902899"><ele>289.8</ele><time>2022-09-10T17:28:08Z</time></trkpt>
<trkpt lat="37.083488" lon="-121.902829"><ele>291.7</ele><time>2022-09-10T17:28:18Z</time></trkpt>
<trkpt lat="37.083489" lon="-121.902760"><ele>292.2</ele><time>2022-09-10T17:28:19Z</time></trkpt>
<trkpt lat="37.082991" lon="-121.902597"><ele>297.8</ele><time>2022-09-10T17:28:50Z</time></trkpt>
<trkpt lat="37.082977" lon="-121.902563"><ele>298.2</ele><time>2022-09-10T17:28:51Z</time></trkpt>
<trkpt lat="37.083118" lon="-121.902489"><ele>300.0</ele><time>2022-09-10T17:28:55Z</time></trkpt>
<trkpt lat="37.082920" lon="-121.902578"><ele>302.4</ele><time>2022-09-10T17:28:56Z</time></trkpt>
<trkpt lat="37.082896" lon="-121.902632"><ele>303.0</ele><time>2022-09-10T17:28:59Z</time></trkpt>
<trkpt lat="37.082898" lon="-121.902594"><ele>303.3</ele><time>2022-09-10T17:29:01Z</time></trkpt>
<trkpt lat="37.082833" lon="-121.902571"><ele>304.2</ele><time>2022-09-10T17:29:07Z</time></trkpt>
<trkpt lat="37.082798" lon="-121.902254"><ele>307.0</ele><time>2022-09-10T17:29:21Z</time></trkpt>
<trkpt lat="37.082636" lon="-121.901877"><ele>310.7</ele><time>2022-09-10T17:29:44Z</time></trkpt>
<trkpt lat="37.082457" lon="-121.901271"><ele>318.1</ele><time>2022-09-10T17:30:23Z</time></trkpt>
<trkpt lat="37.082237" lon="-121.900754"><ele>326.6</ele><time>2022-09-10T17:31:07Z</time></trkpt>
<trkpt lat="37.082155" lon="-121.900657"><ele>328.3</ele><time>2022-09-10T17:31:16Z</time></trkpt>
<trkpt lat="37.081996" lon="-121.900574"><ele>330.4</ele><time>2022-09-10T17:31:27Z</time></trkpt>
<trkpt lat="37.081959" lon="-121.900611"><ele>330.8</ele><time>2022-09-10T17:31:32Z</time></trkpt>
<trkpt lat="37.081884" lon="-121.900906"><ele>331.9</ele><time>2022-09-10T17:31:49Z</time></trkpt>
<trkpt lat="37.081821" lon="-121.900970"><ele>332.4</ele><time>2022-09-10T17:31:57Z</time></trkpt>
<trkpt lat="37.081579" lon="-121.900951"><ele>336.2</ele><time>2022-09-10T17:33:15Z</time></trkpt>
<trkpt lat="37.081514" lon="-121.900830"><ele>338.5</ele><time>2022-09-10T17:33:26Z</time></trkpt>
<trkpt lat="37.081412" lon="-121.900430"><ele>344.5</ele><time>2022-09-10T17:33:51Z</time></trkpt>
<trkpt lat="37.081389" lon="-121.900226"><ele>347.0</ele><time>2022-09-10T17:34:04Z</time></trkpt>
<trkpt lat="37.081337" lon="-121.900139"><ele>348.4</ele><time>2022-09-10T17:34:12Z</time></trkpt>
<trkpt lat="37.081358" lon="-121.900116"><ele>349.0</ele><time>2022-09-10T17:34:15Z</time></trkpt>
<trkpt lat="37.081324" lon="-121.900041"><ele>350.0</ele><time>2022-09-10T17:34:19Z</time></trkpt>
<trkpt lat="37.081341" lon="-121.899956"><ele>351.2</ele><time>2022-09-10T17:34:25Z</time></trkpt>
<trkpt lat="37.081283" lon="-121.899623"><ele>355.5</ele><time>2022-09-10T17:34:40Z</time></trkpt>
<trkpt lat="37.081228" lon="-121.899484"><ele>357.5</ele><time>2022-09-10T17:34:50Z</time></trkpt>
<trkpt lat="37.081227" lon="-121.899392"><ele>358.8</ele><time>2022-09-10T17:34:57Z</time></trkpt>
<trkpt lat="37.081297" lon="-121.899237"><ele>360.9</ele><time>2022-09-10T17:35:07Z</time></trkpt>
<trkpt lat="37.081334" lon="-121.897935"><ele>375.0</ele><time>2022-09-10T17:36:21Z</time></trkpt>
<trkpt lat="37.081239" lon="-121.897714"><ele>377.9</ele><time>2022-09-10T17:36:43Z</time></trkpt>
<trkpt lat="37.081188" lon="-121.897677"><ele>378.7</ele><time>2022-09-10T17:36:47Z</time></trkpt>
<trkpt lat="37.081131" lon="-121.897481"><ele>381.1</ele><time>2022-09-10T17:36:57Z</time></trkpt>
<trkpt lat="37.081126" lon="-121.897393"><ele>382.2</ele><time>2022-09-10T17:37:02Z</time></trkpt>
<trkpt lat="37.081166" lon="-121.897271"><ele>383.9</ele><time>2022-09-10T17:37:09Z</time></trkpt>
<trkpt lat="37.081146" lon="-121.896904"><ele>388.9</ele><time>2022-09-10T17:37:32Z</time></trkpt>
<trkpt lat="37.081082" lon="-121.896812"><ele>390.5</ele><time>2022-09-10T17:37:39Z</time></trkpt>
<trkpt lat="37.080945" lon="-121.896799"><ele>393.0</ele><time>2022-09-10T17:37:53Z</time></trkpt>
<trkpt lat="37.080865" lon="-121.896890"><ele>395.0</ele><time>2022-09-10T17:38:06Z</time></trkpt>
<trkpt lat="37.080848" lon="-121.896988"><ele>396.3</ele><time>2022-09-10T17:38:12Z</time></trkpt>
<trkpt lat="37.080744" lon="-121.897204"><ele>398.7</ele><time>2022-09-10T17:38:26Z</time></trkpt>
<trkpt lat="37.080577" lon="-121.897486"><ele>401.4</ele><time>2022-09-10T17:38:47Z</time></trkpt>
<trkpt lat="37.080551" lon="-121.897622"><ele>402.4</ele><time>2022-09-10T17:38:54Z</time></trkpt>
<trkpt lat="37.080499" lon="-121.897710"><ele>403.3</ele><time>2022-09-10T17:39:01Z</time></trkpt>
<trkpt lat="37.080523" lon="-121.897778"><ele>403.9</ele><time>2022-09-10T17:39:05Z</time></trkpt>
<trkpt lat="37.080370" lon="-121.897966"><ele>406.5</ele><time>2022-09-10T17:39:17Z</time></trkpt>
<trkpt lat="37.080254" lon="-121.897999"><ele>408.0</ele><time>2022-09-10T17:39:23Z</time></trkpt>
<trkpt lat="37.080072" lon="-121.897959"><ele>411.0</ele><time>2022-09-10T17:39:37Z</time></trkpt>
<trkpt lat="37.080035" lon="-121.897795"><ele>413.6</ele><time>2022-09-10T17:39:45Z</time></trkpt>
<trkpt lat="37.079990" lon="-121.897735"><ele>414.9</ele><time>2022-09-10T17:39:52Z</time></trkpt>
<trkpt lat="37.079967" lon="-121.897564"><ele>415.4</ele><time>2022-09-10T17:40:04Z</time></trkpt>
<trkpt lat="37.079989" lon="-121.897504"><ele>415.5</ele><time>2022-09-10T17:40:07Z</time></trkpt>
<trkpt lat="37.080062" lon="-121.897468"><ele>415.9</ele><time>2022-09-10T17:40:16Z</time></trkpt>
<trkpt lat="37.080040" lon="-121.897556"><ele>416.1</ele><time>2022-09-10T17:40:22Z</time></trkpt>
<trkpt lat="37.079935" lon="-121.897639"><ele>416.5</ele><time>2022-09-10T17:40:44Z</time></trkpt>
<trkpt lat="37.079922" lon="-121.897738"><ele>416.7</ele><time>2022-09-10T17:40:46Z</time></trkpt>
<trkpt lat="37.079959" lon="-121.897676"><ele>416.9</ele><time>2022-09-10T17:40:50Z</time></trkpt>
<trkpt lat="37.080029" lon="-121.897663"><ele>417.1</ele><time>2022-09-10T17:40:55Z</time></trkpt>
<trkpt lat="37.080018" lon="-121.897447"><ele>417.5</ele><time>2022-09-10T17:41:47Z</time></trkpt>
<trkpt lat="37.079988" lon="-121.897483"><ele>417.6</ele><time>2022-09-10T17:41:48Z</time></trkpt>
<trkpt lat="37.080099" lon="-121.897658"><ele>418.1</ele><time>2022-09-10T17:41:49Z</time></trkpt>
<trkpt lat="37.080016" lon="-121.897540"><ele>418.6</ele><time>2022-09-10T17:43:50Z</time></trkpt>
<trkpt lat="37.079948" lon="-121.897505"><ele>418.8</ele><time>2022-09-10T17:43:56Z</time></trkpt>
<trkpt lat="37.080017" lon="-121.897432"><ele>419.3</ele><time>2022-09-10T17:44:01Z</time></trkpt>
<trkpt lat="37.080052" lon="-121.897438"><ele>418.8</ele><time>2022-09-10T17:44:06Z</time></trkpt>
<trkpt lat="37.080085" lon="-121.897933"><ele>413.8</ele><time>2022-09-10T17:44:27Z</time></trkpt>
<trkpt lat="37.079991" lon="-121.898158"><ele>412.2</ele><time>2022-09-10T17:44:30Z</time></trkpt>
<trkpt lat="37.079962" lon="-121.898368"><ele>411.0</ele><time>2022-09-10T17:44:32Z</time></trkpt>
<trkpt lat="37.079812" lon="-121.898469"><ele>411.2</ele><time>2022-09-10T17:44:34Z</time></trkpt>
<trkpt lat="37.079785" lon="-121.898529"><ele>410.6</ele><time>2022-09-10T17:44:35Z</time></trkpt>
<trkpt lat="37.079876" lon="-121.898540"><ele>409.1</ele><time>2022-09-10T17:44:37Z</time></trkpt>
<trkpt lat="37.080022" lon="-121.898302"><ele>409.6</ele><time>2022-09-10T17:44:40Z</time></trkpt>
<trkpt lat="37.080088" lon="-121.898254"><ele>408.8</ele><time>2022-09-10T17:44:41Z</time></trkpt>
<trkpt lat="37.080135" lon="-121.898228"><ele>408.5</ele><time>2022-09-10T17:44:42Z</time></trkpt>
<trkpt lat="37.080214" lon="-121.898266"><ele>406.0</ele><time>2022-09-10T17:44:43Z</time></trkpt>
<trkpt lat="37.080297" lon="-121.898225"><ele>404.9</ele><time>2022-09-10T17:44:45Z</time></trkpt>
<trkpt lat="37.080298" lon="-121.898293"><ele>403.8</ele><time>2022-09-10T17:44:46Z</time></trkpt>
<trkpt lat="37.080371" lon="-121.898355"><ele>401.1</ele><time>2022-09-10T17:44:47Z</time></trkpt>
<trkpt lat="37.080218" lon="-121.898577"><ele>400.6</ele><time>2022-09-10T17:44:50Z</time></trkpt>
<trkpt lat="37.080416" lon="-121.898535"><ele>397.0</ele><time>2022-09-10T17:44:54Z</time></trkpt>
<trkpt lat="37.080511" lon="-121.898557"><ele>394.0</ele><time>2022-09-10T17:44:55Z</time></trkpt>
<trkpt lat="37.080605" lon="-121.898624"><ele>388.6</ele><time>2022-09-10T17:44:57Z</time></trkpt>
<trkpt lat="37.080609" lon="-121.898724"><ele>386.7</ele><time>2022-09-10T17:44:58Z</time></trkpt>
<trkpt lat="37.080373" lon="-121.899155"><ele>387.4</ele><time>2022-09-10T17:45:00Z</time></trkpt>
<trkpt lat="37.080259" lon="-121.899166"><ele>387.7</ele><time>2022-09-10T17:45:01Z</time></trkpt>
<trkpt lat="37.080202" lon="-121.899224"><ele>389.7</ele><time>2022-09-10T17:45:02Z</time></trkpt>
<trkpt lat="37.080106" lon="-121.899159"><ele>393.5</ele><time>2022-09-10T17:45:03Z</time></trkpt>
<trkpt lat="37.080060" lon="-121.899224"><ele>394.6</ele><time>2022-09-10T17:45:04Z</time></trkpt>
<trkpt lat="37.080059" lon="-121.899278"><ele>394.2</ele><time>2022-09-10T17:45:05Z</time></trkpt>
<trkpt lat="37.080220" lon="-121.899184"><ele>388.4</ele><time>2022-09-10T17:45:06Z</time></trkpt>
<trkpt lat="37.080200" lon="-121.899169"><ele>389.6</ele><time>2022-09-10T17:45:07Z</time></trkpt>
<trkpt lat="37.080216" lon="-121.899123"><ele>389.1</ele><time>2022-09-10T17:45:08Z</time></trkpt>
<trkpt lat="37.080326" lon="-121.899039"><ele>389.3</ele><time>2022-09-10T17:45:09Z</time></trkpt>
<trkpt lat="37.080574" lon="-121.898952"><ele>386.6</ele><time>2022-09-10T17:45:12Z</time></trkpt>
<trkpt lat="37.080596" lon="-121.898837"><ele>385.9</ele><time>2022-09-10T17:45:16Z</time></trkpt>
<trkpt lat="37.080695" lon="-121.898731"><ele>384.8</ele><time>2022-09-10T17:45:19Z</time></trkpt>
<trkpt lat="37.080791" lon="-121.898553"><ele>383.7</ele><time>2022-09-10T17:45:24Z</time></trkpt>
<trkpt lat="37.080825" lon="-121.898357"><ele>383.0</ele><time>2022-09-10T17:45:29Z</time></trkpt>
<trkpt lat="37.080894" lon="-121.898362"><ele>382.8</ele><time>2022-09-10T17:45:30Z</time></trkpt>
<trkpt lat="37.080935" lon="-121.898307"><ele>382.6</ele><time>2022-09-10T17:45:32Z</time></trkpt>
<trkpt lat="37.080907" lon="-121.898256"><ele>382.5</ele><time>2022-09-10T17:45:34Z</time></trkpt>
<trkpt lat="37.081019" lon="-121.898006"><ele>381.8</ele><time>2022-09-10T17:45:40Z</time></trkpt>
<trkpt lat="37.081055" lon="-121.897744"><ele>381.1</ele><time>2022-09-10T17:45:45Z</time></trkpt>
<trkpt lat="37.081008" lon="-121.897801"><ele>380.9</ele><time>2022-09-10T17:45:46Z</time></trkpt>
<trkpt lat="37.081013" lon="-121.897764"><ele>380.8</ele><time>2022-09-10T17:45:47Z</time></trkpt>
<trkpt lat="37.081079" lon="-121.897581"><ele>380.3</ele><time>2022-09-10T17:45:51Z</time></trkpt>
<trkpt lat="37.081075" lon="-121.897377"><ele>383.0</ele><time>2022-09-10T17:45:57Z</time></trkpt>
<trkpt lat="37.081118" lon="-121.897208"><ele>385.8</ele><time>2022-09-10T17:46:06Z</time></trkpt>
<trkpt lat="37.081101" lon="-121.896964"><ele>389.2</ele><time>2022-09-10T17:46:16Z</time></trkpt>
<trkpt lat="37.081040" lon="-121.896850"><ele>391.2</ele><time>2022-09-10T17:46:24Z</time></trkpt>
<trkpt lat="37.080945" lon="-121.896846"><ele>393.1</ele><time>2022-09-10T17:46:35Z</time></trkpt>
<trkpt lat="37.080899" lon="-121.896989"><ele>395.4</ele><time>2022-09-10T17:46:46Z</time></trkpt>
<trkpt lat="37.080846" lon="-121.897029"><ele>396.4</ele><time>2022-09-10T17:46:49Z</time></trkpt>
<trkpt lat="37.080577" lon="-121.897486"><ele>401.5</ele><time>2022-09-10T17:47:15Z</time></trkpt>
<trkpt lat="37.080490" lon="-121.897672"><ele>403.1</ele><time>2022-09-10T17:47:23Z</time></trkpt>
<trkpt lat="37.080473" lon="-121.897843"><ele>404.7</ele><time>2022-09-10T17:47:31Z</time></trkpt>
<trkpt lat="37.080308" lon="-121.898015"><ele>407.4</ele><time>2022-09-10T17:47:44Z</time></trkpt>
<trkpt lat="37.080212" lon="-121.898032"><ele>408.9</ele><time>2022-09-10T17:47:50Z</time></trkpt>
<trkpt lat="37.080117" lon="-121.897954"><ele>410.9</ele><time>2022-09-10T17:47:56Z</time></trkpt>
<trkpt lat="37.080083" lon="-121.897827"><ele>412.9</ele><time>2022-09-10T17:48:03Z</time></trkpt>
<trkpt lat="37.080088" lon="-121.897679"><ele>415.3</ele><time>2022-09-10T17:48:10Z</time></trkpt>
<trkpt lat="37.080023" lon="-121.897617"><ele>416.6</ele><time>2022-09-10T17:48:16Z</time></trkpt>
<trkpt lat="37.080018" lon="-121.897557"><ele>417.3</ele><time>2022-09-10T17:48:19Z</time></trkpt>
<trkpt lat="37.079972" lon="-121.897508"><ele>417.8</ele><time>2022-09-10T17:48:24Z</time></trkpt>
<trkpt lat="37.079979" lon="-121.897467"><ele>417.7</ele><time>2022-09-10T17:48:29Z</time></trkpt>
<trkpt lat="37.080011" lon="-121.897530"><ele>417.6</ele><time>2022-09-10T17:48:32Z</time></trkpt>
<trkpt lat="37.080033" lon="-121.897529"><ele>417.5</ele><time>2022-09-10T17:48:34Z</time></trkpt>
<trkpt lat="37.080040" lon="-121.897460"><ele>417.4</ele><time>2022-09-10T17:48:41Z</time></trkpt>
<trkpt lat="37.080061" lon="-121.897494"><ele>417.3</ele><time>2022-09-10T17:48:46Z</time></trkpt>
<trkpt lat="37.080055" lon="-121.897656"><ele>417.0</ele><time>2022-09-10T17:48:59Z</time></trkpt>
<trkpt lat="37.080037" lon="-121.897623"><ele>416.9</ele><time>2022-09-10T17:49:08Z</time></trkpt>
<trkpt lat="37.079983" lon="-121.897667"><ele>416.8</ele><time>2022-09-10T17:50:49Z</time></trkpt>
<trkpt lat="37.079975" lon="-121.897579"><ele>416.6</ele><time>2022-09-10T17:50:52Z</time></trkpt>
<trkpt lat="37.079995" lon="-121.897571"><ele>416.6</ele><time>2022-09-10T17:50:53Z</time></trkpt>
<trkpt lat="37.080145" lon="-121.897576"><ele>416.3</ele><time>2022-09-10T17:51:50Z</time></trkpt>
<trkpt lat="37.080182" lon="-121.897620"><ele>416.2</ele><time>2022-09-10T17:51:55Z</time></trkpt>
<trkpt lat="37.079998" lon="-121.897637"><ele>415.8</ele><time>2022-09-10T17:52:22Z</time></trkpt>
<trkpt lat="37.079998" lon="-121.897597"><ele>415.7</ele><time>2022-09-10T17:52:25Z</time></trkpt>
<trkpt lat="37.080020" lon="-121.897580"><ele>415.7</ele><time>2022-09-10T17:54:12Z</time></trkpt>
<trkpt lat="37.080049" lon="-121.897898"><ele>414.0</ele><time>2022-09-10T17:54:15Z</time></trkpt>
<trkpt lat="37.079990" lon="-121.898031"><ele>413.3</ele><time>2022-09-10T17:54:17Z</time></trkpt>
<trkpt lat="37.079962" lon="-121.898252"><ele>412.3</ele><time>2022-09-10T17:54:19Z</time></trkpt>
<trkpt lat="37.079782" lon="-121.898418"><ele>411.5</ele><time>2022-09-10T17:54:22Z</time></trkpt>
<trkpt lat="37.079817" lon="-121.898477"><ele>411.3</ele><time>2022-09-10T17:54:23Z</time></trkpt>
<trkpt lat="37.079981" lon="-121.898397"><ele>410.4</ele><time>2022-09-10T17:54:25Z</time></trkpt>
<trkpt lat="37.080107" lon="-121.898216"><ele>409.1</ele><time>2022-09-10T17:54:28Z</time></trkpt>
<trkpt lat="37.080191" lon="-121.898208"><ele>408.5</ele><time>2022-09-10T17:54:29Z</time></trkpt>
<trkpt lat="37.080253" lon="-121.898251"><ele>408.0</ele><time>2022-09-10T17:54:30Z</time></trkpt>
<trkpt lat="37.080287" lon="-121.898212"><ele>407.7</ele><time>2022-09-10T17:54:31Z</time></trkpt>
<trkpt lat="37.080357" lon="-121.898218"><ele>407.3</ele><time>2022-09-10T17:54:32Z</time></trkpt>
<trkpt lat="37.080350" lon="-121.898338"><ele>406.7</ele><time>2022-09-10T17:54:33Z</time></trkpt>
<trkpt lat="37.080281" lon="-121.898425"><ele>406.0</ele><time>2022-09-10T17:54:34Z</time></trkpt>
<trkpt lat="37.080204" lon="-121.898452"><ele>405.4</ele><time>2022-09-10T17:54:35Z</time></trkpt>
<trkpt lat="37.080195" lon="-121.898496"><ele>405.0</ele><time>2022-09-10T17:54:36Z</time></trkpt>
<trkpt lat="37.080294" lon="-121.898425"><ele>403.9</ele><time>2022-09-10T17:54:39Z</time></trkpt>
<trkpt lat="37.080344" lon="-121.898501"><ele>401.9</ele><time>2022-09-10T17:54:41Z</time></trkpt>
<trkpt lat="37.080326" lon="-121.898545"><ele>401.6</ele><time>2022-09-10T17:54:42Z</time></trkpt>
<trkpt lat="37.080357" lon="-121.898553"><ele>400.8</ele><time>2022-09-10T17:54:43Z</time></trkpt>
<trkpt lat="37.080373" lon="-121.898624"><ele>400.2</ele><time>2022-09-10T17:54:44Z</time></trkpt>
<trkpt lat="37.080366" lon="-121.898672"><ele>398.2</ele><time>2022-09-10T17:54:46Z</time></trkpt>
<trkpt lat="37.080263" lon="-121.898771"><ele>397.7</ele><time>2022-09-10T17:54:49Z</time></trkpt>
<trkpt lat="37.080264" lon="-121.898842"><ele>395.8</ele><time>2022-09-10T17:54:53Z</time></trkpt>
<trkpt lat="37.080295" lon="-121.898802"><ele>397.1</ele><time>2022-09-10T17:54:54Z</time></trkpt>
<trkpt lat="37.080375" lon="-121.898818"><ele>394.9</ele><time>2022-09-10T17:54:55Z</time></trkpt>
<trkpt lat="37.080625" lon="-121.899010"><ele>386.5</ele><time>2022-09-10T17:54:58Z</time></trkpt>
<trkpt lat="37.080709" lon="-121.898899"><ele>385.5</ele><time>2022-09-10T17:55:00Z</time></trkpt>
<trkpt lat="37.080730" lon="-121.898649"><ele>383.9</ele><time>2022-09-10T17:55:02Z</time></trkpt>
<trkpt lat="37.080789" lon="-121.898586"><ele>383.5</ele><time>2022-09-10T17:55:03Z</time></trkpt>
<trkpt lat="37.080794" lon="-121.898483"><ele>383.1</ele><time>2022-09-10T17:55:04Z</time></trkpt>
<trkpt lat="37.080891" lon="-121.898451"><ele>382.8</ele><time>2022-09-10T17:55:05Z</time></trkpt>
<trkpt lat="37.080915" lon="-121.898329"><ele>382.5</ele><time>2022-09-10T17:55:07Z</time></trkpt>
<trkpt lat="37.081039" lon="-121.898147"><ele>381.9</ele><time>2022-09-10T17:55:10Z</time></trkpt>
<trkpt lat="37.081048" lon="-121.897889"><ele>381.2</ele><time>2022-09-10T17:55:13Z</time></trkpt>
<trkpt lat="37.081156" lon="-121.897785"><ele>380.7</ele><time>2022-09-10T17:55:15Z</time></trkpt>
<trkpt lat="37.081230" lon="-121.897799"><ele>380.5</ele><time>2022-09-10T17:55:16Z</time></trkpt>
<trkpt lat="37.081318" lon="-121.897591"><ele>379.7</ele><time>2022-09-10T17:55:19Z</time></trkpt>
<trkpt lat="37.081245" lon="-121.897551"><ele>379.2</ele><time>2022-09-10T17:55:20Z</time></trkpt>
<trkpt lat="37.081263" lon="-121.897447"><ele>378.6</ele><time>2022-09-10T17:55:21Z</time></trkpt>
<trkpt lat="37.081435" lon="-121.897046"><ele>375.1</ele><time>2022-09-10T17:55:26Z</time></trkpt>
<trkpt lat="37.081308" lon="-121.896762"><ele>373.0</ele><time>2022-09-10T17:55:31Z</time></trkpt>
<trkpt lat="37.081300" lon="-121.896619"><ele>372.4</ele><time>2022-09-10T17:55:33Z</time></trkpt>
<trkpt lat="37.081233" lon="-121.896497"><ele>372.2</ele><time>2022-09-10T17:55:35Z</time></trkpt>
<trkpt lat="37.081276" lon="-121.896427"><ele>372.3</ele><time>2022-09-10T17:55:38Z</time></trkpt>
<trkpt lat="37.081256" lon="-121.896393"><ele>369.6</ele><time>2022-09-10T17:55:40Z</time></trkpt>
<trkpt lat="37.081280" lon="-121.896396"><ele>369.7</ele><time>2022-09-10T17:55:41Z</time></trkpt>
<trkpt lat="37.081271" lon="-121.896364"><ele>369.9</ele><time>2022-09-10T17:55:44Z</time></trkpt>
<trkpt lat="37.081278" lon="-121.896410"><ele>373.1</ele><time>2022-09-10T17:55:46Z</time></trkpt>
<trkpt lat="37.081329" lon="-121.896429"><ele>373.2</ele><time>2022-09-10T17:55:47Z</time></trkpt>
<trkpt lat="37.081368" lon="-121.896438"><ele>366.7</ele><time>2022-09-10T17:55:48Z</time></trkpt>
<trkpt lat="37.081458" lon="-121.896513"><ele>365.7</ele><time>2022-09-10T17:55:52Z</time></trkpt>
<trkpt lat="37.081512" lon="-121.896675"><ele>364.5</ele><time>2022-09-10T17:55:53Z</time></trkpt>
<trkpt lat="37.081584" lon="-121.896773"><ele>363.5</ele><time>2022-09-10T17:55:55Z</time></trkpt>
<trkpt lat="37.081622" lon="-121.897075"><ele>361.4</ele><time>2022-09-10T17:56:00Z</time></trkpt>
<trkpt lat="37.081772" lon="-121.897456"><ele>358.0</ele><time>2022-09-10T17:56:06Z</time></trkpt>
<trkpt lat="37.081910" lon="-121.897581"><ele>356.6</ele><time>2022-09-10T17:56:08Z</time></trkpt>
<trkpt lat="37.082026" lon="-121.897583"><ele>355.9</ele><time>2022-09-10T17:56:09Z</time></trkpt>
<trkpt lat="37.082043" lon="-121.897758"><ele>354.8</ele><time>2022-09-10T17:56:11Z</time></trkpt>
<trkpt lat="37.081887" lon="-121.898001"><ele>352.1</ele><time>2022-09-10T17:56:14Z</time></trkpt>
<trkpt lat="37.081836" lon="-121.898243"><ele>350.5</ele><time>2022-09-10T17:56:18Z</time></trkpt>
<trkpt lat="37.081879" lon="-121.898266"><ele>351.0</ele><time>2022-09-10T17:56:20Z</time></trkpt>
<trkpt lat="37.081927" lon="-121.898244"><ele>345.1</ele><time>2022-09-10T17:56:21Z</time></trkpt>
<trkpt lat="37.081979" lon="-121.898146"><ele>346.0</ele><time>2022-09-10T17:56:25Z</time></trkpt>
<trkpt lat="37.082030" lon="-121.898147"><ele>338.7</ele><time>2022-09-10T17:56:26Z</time></trkpt>
<trkpt lat="37.082074" lon="-121.898100"><ele>342.7</ele><time>2022-09-10T17:56:29Z</time></trkpt>
<trkpt lat="37.082080" lon="-121.898155"><ele>339.6</ele><time>2022-09-10T17:56:30Z</time></trkpt>
<trkpt lat="37.082050" lon="-121.898271"><ele>340.5</ele><time>2022-09-10T17:56:34Z</time></trkpt>
<trkpt lat="37.082050" lon="-121.898308"><ele>336.4</ele><time>2022-09-10T17:56:35Z</time></trkpt>
<trkpt lat="37.082027" lon="-121.898426"><ele>337.0</ele><time>2022-09-10T17:56:38Z</time></trkpt>
<trkpt lat="37.082018" lon="-121.898471"><ele>341.2</ele><time>2022-09-10T17:56:39Z</time></trkpt>
<trkpt lat="37.082031" lon="-121.898530"><ele>340.9</ele><time>2022-09-10T17:56:40Z</time></trkpt>
<trkpt lat="37.081993" lon="-121.898648"><ele>340.2</ele><time>2022-09-10T17:56:43Z</time></trkpt>
<trkpt lat="37.081916" lon="-121.898697"><ele>339.5</ele><time>2022-09-10T17:56:44Z</time></trkpt>
<trkpt lat="37.081971" lon="-121.898897"><ele>337.9</ele><time>2022-09-10T17:56:48Z</time></trkpt>
<trkpt lat="37.081944" lon="-121.899044"><ele>336.9</ele><time>2022-09-10T17:56:51Z</time></trkpt>
<trkpt lat="37.081952" lon="-121.899736"><ele>334.4</ele><time>2022-09-10T17:56:56Z</time></trkpt>
<trkpt lat="37.081916" lon="-121.899994"><ele>334.0</ele><time>2022-09-10T17:57:01Z</time></trkpt>
<trkpt lat="37.081816" lon="-121.900222"><ele>333.9</ele><time>2022-09-10T17:57:09Z</time></trkpt>
<trkpt lat="37.081756" lon="-121.900125"><ele>334.0</ele><time>2022-09-10T17:57:17Z</time></trkpt>
<trkpt lat="37.081748" lon="-121.900386"><ele>334.0</ele><time>2022-09-10T17:58:31Z</time></trkpt>
<trkpt lat="37.081711" lon="-121.900482"><ele>333.9</ele><time>2022-09-10T17:58:34Z</time></trkpt>
<trkpt lat="37.081690" lon="-121.900700"><ele>333.4</ele><time>2022-09-10T17:58:37Z</time></trkpt>
<trkpt lat="37.081733" lon="-121.900837"><ele>332.9</ele><time>2022-09-10T17:58:39Z</time></trkpt>
<trkpt lat="37.081811" lon="-121.900945"><ele>332.0</ele><time>2022-09-10T17:58:41Z</time></trkpt>
<trkpt lat="37.081895" lon="-121.901210"><ele>329.3</ele><time>2022-09-10T17:58:44Z</time></trkpt>
<trkpt lat="37.081887" lon="-121.901403"><ele>327.1</ele><time>2022-09-10T17:58:46Z</time></trkpt>
<trkpt lat="37.081829" lon="-121.901613"><ele>325.2</ele><time>2022-09-10T17:58:48Z</time></trkpt>
<trkpt lat="37.081838" lon="-121.901696"><ele>324.5</ele><time>2022-09-10T17:58:49Z</time></trkpt>
<trkpt lat="37.081921" lon="-121.901871"><ele>323.2</ele><time>2022-09-10T17:58:51Z</time></trkpt>
<trkpt lat="37.081954" lon="-121.902062"><ele>322.4</ele><time>2022-09-10T17:58:53Z</time></trkpt>
<trkpt lat="37.082049" lon="-121.902328"><ele>321.4</ele><time>2022-09-10T17:58:57Z</time></trkpt>
<trkpt lat="37.082134" lon="-121.903012"><ele>318.0</ele><time>2022-09-10T17:59:05Z</time></trkpt>
<trkpt lat="37.082221" lon="-121.903409"><ele>316.4</ele><time>2022-09-10T17:59:11Z</time></trkpt>
<trkpt lat="37.082229" lon="-121.903707"><ele>315.5</ele><time>2022-09-10T17:59:18Z</time></trkpt>
<trkpt lat="37.082296" lon="-121.903907"><ele>314.1</ele><time>2022-09-10T17:59:20Z</time></trkpt>
<trkpt lat="37.082322" lon="-121.904148"><ele>312.5</ele><time>2022-09-10T17:59:22Z</time></trkpt>
<trkpt lat="37.082417" lon="-121.904185"><ele>312.2</ele><time>2022-09-10T17:59:24Z</time></trkpt>
<trkpt lat="37.082407" lon="-121.904090"><ele>314.3</ele><time>2022-09-10T17:59:26Z</time></trkpt>
<trkpt lat="37.082432" lon="-121.904106"><ele>314.3</ele><time>2022-09-10T17:59:27Z</time></trkpt>
<trkpt lat="37.082487" lon="-121.904033"><ele>310.2</ele><time>2022-09-10T17:59:28Z</time></trkpt>
<trkpt lat="37.082457" lon="-121.904013"><ele>310.2</ele><time>2022-09-10T17:59:30Z</time></trkpt>
<trkpt lat="37.082456" lon="-121.903923"><ele>312.3</ele><time>2022-09-10T17:59:32Z</time></trkpt>
<trkpt lat="37.082567" lon="-121.903820"><ele>312.3</ele><time>2022-09-10T17:59:35Z</time></trkpt>
<trkpt lat="37.082598" lon="-121.903824"><ele>307.2</ele><time>2022-09-10T17:59:36Z</time></trkpt>
<trkpt lat="37.082659" lon="-121.903775"><ele>308.2</ele><time>2022-09-10T17:59:38Z</time></trkpt>
<trkpt lat="37.082748" lon="-121.903818"><ele>303.8</ele><time>2022-09-10T17:59:45Z</time></trkpt>
<trkpt lat="37.082780" lon="-121.903934"><ele>303.8</ele><time>2022-09-10T17:59:46Z</time></trkpt>
<trkpt lat="37.082919" lon="-121.903855"><ele>300.7</ele><time>2022-09-10T17:59:47Z</time></trkpt>
<trkpt lat="37.082944" lon="-121.904024"><ele>299.6</ele><time>2022-09-10T17:59:48Z</time></trkpt>
<trkpt lat="37.082831" lon="-121.904150"><ele>298.7</ele><time>2022-09-10T17:59:50Z</time></trkpt>
<trkpt lat="37.082847" lon="-121.904235"><ele>298.2</ele><time>2022-09-10T17:59:51Z</time></trkpt>
<trkpt lat="37.082927" lon="-121.904276"><ele>297.7</ele><time>2022-09-10T17:59:52Z</time></trkpt>
<trkpt lat="37.083056" lon="-121.904080"><ele>295.9</ele><time>2022-09-10T17:59:54Z</time></trkpt>
<trkpt lat="37.083197" lon="-121.903988"><ele>294.4</ele><time>2022-09-10T17:59:57Z</time></trkpt>
<trkpt lat="37.083171" lon="-121.903854"><ele>293.5</ele><time>2022-09-10T17:59:58Z</time></trkpt>
<trkpt lat="37.083254" lon="-121.903854"><ele>292.8</ele><time>2022-09-10T17:59:59Z</time></trkpt>
<trkpt lat="37.083346" lon="-121.903796"><ele>291.9</ele><time>2022-09-10T18:00:00Z</time></trkpt>
<trkpt lat="37.083387" lon="-121.903906"><ele>290.8</ele><time>2022-09-10T18:00:01Z</time></trkpt>
<trkpt lat="37.083436" lon="-121.903899"><ele>290.3</ele><time>2022-09-10T18:00:02Z</time></trkpt>
<trkpt lat="37.083413" lon="-121.904182"><ele>287.8</ele><time>2022-09-10T18:00:05Z</time></trkpt>
<trkpt lat="37.083252" lon="-121.904242"><ele>286.3</ele><time>2022-09-10T18:00:06Z</time></trkpt>
<trkpt lat="37.083137" lon="-121.904508"><ele>284.0</ele><time>2022-09-10T18:00:10Z</time></trkpt>
<trkpt lat="37.083196" lon="-121.904553"><ele>283.1</ele><time>2022-09-10T18:00:11Z</time></trkpt>
<trkpt lat="37.083319" lon="-121.904440"><ele>281.0</ele><time>2022-09-10T18:00:12Z</time></trkpt>
<trkpt lat="37.083293" lon="-121.904329"><ele>279.7</ele><time>2022-09-10T18:00:14Z</time></trkpt>
<trkpt lat="37.083295" lon="-121.904667"><ele>276.2</ele><time>2022-09-10T18:00:18Z</time></trkpt>
<trkpt lat="37.083434" lon="-121.904672"><ele>274.9</ele><time>2022-09-10T18:00:19Z</time></trkpt>
<trkpt lat="37.083452" lon="-121.904816"><ele>274.0</ele><time>2022-09-10T18:00:21Z</time></trkpt>
<trkpt lat="37.083414" lon="-121.904900"><ele>273.5</ele><time>2022-09-10T18:00:22Z</time></trkpt>
<trkpt lat="37.083164" lon="-121.905118"><ele>271.9</ele><time>2022-09-10T18:00:27Z</time></trkpt>
<trkpt lat="37.083104" lon="-121.905216"><ele>271.5</ele><time>2022-09-10T18:00:29Z</time></trkpt>
<trkpt lat="37.083030" lon="-121.905520"><ele>270.6</ele><time>2022-09-10T18:00:32Z</time></trkpt>
<trkpt lat="37.083098" lon="-121.905701"><ele>269.9</ele><time>2022-09-10T18:00:35Z</time></trkpt>
<trkpt lat="37.083103" lon="-121.905843"><ele>269.2</ele><time>2022-09-10T18:00:37Z</time></trkpt>
<trkpt lat="37.083026" lon="-121.905897"><ele>268.4</ele><time>2022-09-10T18:00:38Z</time></trkpt>
<trkpt lat="37.083107" lon="-121.905939"><ele>267.5</ele><time>2022-09-10T18:00:41Z</time></trkpt>
<trkpt lat="37.083102" lon="-121.905889"><ele>267.0</ele><time>2022-09-10T18:00:42Z</time></trkpt>
<trkpt lat="37.083174" lon="-121.905866"><ele>266.2</ele><time>2022-09-10T18:00:44Z</time></trkpt>
<trkpt lat="37.083160" lon="-121.905696"><ele>264.6</ele><time>2022-09-10T18:00:49Z</time></trkpt>
<trkpt lat="37.083386" lon="-121.905597"><ele>262.4</ele><time>2022-09-10T18:00:55Z</time></trkpt>
<trkpt lat="37.083686" lon="-121.905179"><ele>258.2</ele><time>2022-09-10T18:01:00Z</time></trkpt>
<trkpt lat="37.083786" lon="-121.905125"><ele>257.3</ele><time>2022-09-10T18:01:01Z</time></trkpt>
<trkpt lat="37.083938" lon="-121.905214"><ele>256.3</ele><time>2022-09-10T18:01:04Z</time></trkpt>
<trkpt lat="37.084277" lon="-121.905078"><ele>252.9</ele><time>2022-09-10T18:01:05Z</time></trkpt>
<trkpt lat="37.084482" lon="-121.905113"><ele>251.5</ele><time>2022-09-10T18:01:08Z</time></trkpt>
<trkpt lat="37.084520" lon="-121.904987"><ele>250.7</ele><time>2022-09-10T18:01:10Z</time></trkpt>
<trkpt lat="37.084601" lon="-121.904973"><ele>250.2</ele><time>2022-09-10T18:01:11Z</time></trkpt>
<trkpt lat="37.084748" lon="-121.904990"><ele>249.5</ele><time>2022-09-10T18:01:13Z</time></trkpt>
<trkpt lat="37.084757" lon="-121.905080"><ele>249.3</ele><time>2022-09-10T18:01:14Z</time></trkpt>
<trkpt lat="37.084873" lon="-121.905062"><ele>248.8</ele><time>2022-09-10T18:01:16Z</time></trkpt>
<trkpt lat="37.084974" lon="-121.904867"><ele>248.0</ele><time>2022-09-10T18:01:20Z</time></trkpt>
<trkpt lat="37.084974" lon="-121.904727"><ele>247.5</ele><time>2022-09-10T18:01:23Z</time></trkpt>
<trkpt lat="37.084935" lon="-121.904601"><ele>247.1</ele><time>2022-09-10T18:01:24Z</time></trkpt>
<trkpt lat="37.084957" lon="-121.904632"><ele>247.1</ele><time>2022-09-10T18:01:25Z</time></trkpt>
<trkpt lat="37.084984" lon="-121.904268"><ele>247.5</ele><time>2022-09-10T18:01:37Z</time></trkpt>
<trkpt lat="37.085070" lon="-121.903804"><ele>250.9</ele><time>2022-09-10T18:02:06Z</time></trkpt>
<trkpt lat="37.085051" lon="-121.903717"><ele>251.6</ele><time>2022-09-10T18:02:15Z</time></trkpt>
<trkpt lat="37.085070" lon="-121.903554"><ele>252.5</ele><time>2022-09-10T18:05:41Z</time></trkpt>
<trkpt lat="37.085034" lon="-121.903550"><ele>252.9</ele><time>2022-09-10T18:05:45Z</time></trkpt>
<trkpt lat="37.085069" lon="-121.903520"><ele>253.2</ele><time>2022-09-10T18:05:46Z</time></trkpt>
<trkpt lat="37.085008" lon="-121.903455"><ele>253.8</ele><time>2022-09-10T18:05:49Z</time></trkpt>
<trkpt lat="37.085073" lon="-121.903314"><ele>255.0</ele><time>2022-09-10T18:05:56Z</time></trkpt>
<trkpt lat="37.084981" lon="-121.902746"><ele>258.8</ele><time>2022-09-10T18:06:23Z</time></trkpt>
<trkpt lat="37.084827" lon="-121.902488"><ele>261.5</ele><time>2022-09-10T18:06:35Z</time></trkpt>
<trkpt lat="37.084828" lon="-121.902381"><ele>262.5</ele><time>2022-09-10T18:06:39Z</time></trkpt>
<trkpt lat="37.084738" lon="-121.902234"><ele>264.2</ele><time>2022-09-10T18:06:47Z</time></trkpt>
<trkpt lat="37.084456" lon="-121.901928"><ele>267.5</ele><time>2022-09-10T18:07:02Z</time></trkpt>
<trkpt lat="37.084466" lon="-121.901883"><ele>267.8</ele><time>2022-09-10T18:07:03Z</time></trkpt>
<trkpt lat="37.084414" lon="-121.901968"><ele>268.5</ele><time>2022-09-10T18:07:07Z</time></trkpt>
<trkpt lat="37.084445" lon="-121.901896"><ele>269.0</ele><time>2022-09-10T18:07:11Z</time></trkpt>
<trkpt lat="37.084383" lon="-121.901867"><ele>269.5</ele><time>2022-09-10T18:07:19Z</time></trkpt>
<trkpt lat="37.084392" lon="-121.901800"><ele>270.0</ele><time>2022-09-10T18:07:22Z</time></trkpt>
<trkpt lat="37.084274" lon="-121.901590"><ele>271.7</ele><time>2022-09-10T18:07:33Z</time></trkpt>
<trkpt lat="37.084197" lon="-121.901544"><ele>272.4</ele><time>2022-09-10T18:07:38Z</time></trkpt>
<trkpt lat="37.084076" lon="-121.901544"><ele>273.5</ele><time>2022-09-10T18:07:44Z</time></trkpt>
<trkpt lat="37.084009" lon="-121.901458"><ele>274.5</ele><time>2022-09-10T18:07:50Z</time></trkpt>
<trkpt lat="37.083971" lon="-121.901467"><ele>275.1</ele><time>2022-09-10T18:07:52Z</time></trkpt>
<trkpt lat="37.083963" lon="-121.901397"><ele>275.8</ele><time>2022-09-10T18:07:54Z</time></trkpt>
<trkpt lat="37.083932" lon="-121.901371"><ele>276.4</ele><time>2022-09-10T18:07:56Z</time></trkpt>
<trkpt lat="37.083788" lon="-121.901414"><ele>278.5</ele><time>2022-09-10T18:08:05Z</time></trkpt>
<trkpt lat="37.083766" lon="-121.901368"><ele>279.0</ele><time>2022-09-10T18:08:07Z</time></trkpt>
<trkpt lat="37.083624" lon="-121.901312"><ele>280.8</ele><time>2022-09-10T18:08:15Z</time></trkpt>
<trkpt lat="37.083499" lon="-121.901090"><ele>282.7</ele><time>2022-09-10T18:08:27Z</time></trkpt>
<trkpt lat="37.083494" lon="-121.901011"><ele>283.2</ele><time>2022-09-10T18:08:29Z</time></trkpt>
<trkpt lat="37.083398" lon="-121.900885"><ele>284.5</ele><time>2022-09-10T18:08:36Z</time></trkpt>
<trkpt lat="37.083375" lon="-121.900782"><ele>285.3</ele><time>2022-09-10T18:08:41Z</time></trkpt>
<trkpt lat="37.083276" lon="-121.900631"><ele>285.9</ele><time>2022-09-10T18:08:49Z</time></trkpt>
<trkpt lat="37.083258" lon="-121.900499"><ele>285.6</ele><time>2022-09-10T18:08:54Z</time></trkpt>
<trkpt lat="37.083301" lon="-121.900395"><ele>284.9</ele><time>2022-09-10T18:08:56Z</time></trkpt>
<trkpt lat="37.083236" lon="-121.900302"><ele>284.1</ele><time>2022-09-10T18:08:59Z</time></trkpt>
<trkpt lat="37.083243" lon="-121.900251"><ele>283.8</ele><time>2022-09-10T18:09:00Z</time></trkpt>
<trkpt lat="37.083521" lon="-121.899683"><ele>284.6</ele><time>2022-09-10T18:09:03Z</time></trkpt>
<trkpt lat="37.083727" lon="-121.899633"><ele>286.7</ele><time>2022-09-10T18:09:04Z</time></trkpt>
<trkpt lat="37.083736" lon="-121.899697"><ele>287.3</ele><time>2022-09-10T18:09:05Z</time></trkpt>
<trkpt lat="37.083771" lon="-121.899725"><ele>287.7</ele><time>2022-09-10T18:09:09Z</time></trkpt>
<trkpt lat="37.083962" lon="-121.899802"><ele>290.0</ele><time>2022-09-10T18:09:20Z</time></trkpt>
<trkpt lat="37.084041" lon="-121.899870"><ele>291.0</ele><time>2022-09-10T18:09:26Z</time></trkpt>
<trkpt lat="37.084153" lon="-121.899810"><ele>292.3</ele><time>2022-09-10T18:09:34Z</time></trkpt>
<trkpt lat="37.084182" lon="-121.899850"><ele>292.7</ele><time>2022-09-10T18:09:35Z</time></trkpt>
<trkpt lat="37.084509" lon="-121.899843"><ele>295.2</ele><time>2022-09-10T18:09:51Z</time></trkpt>
<trkpt lat="37.084618" lon="-121.899903"><ele>296.0</ele><time>2022-09-10T18:09:55Z</time></trkpt>
<trkpt lat="37.084725" lon="-121.900055"><ele>297.2</ele><time>2022-09-10T18:10:02Z</time></trkpt>
<trkpt lat="37.084831" lon="-121.900129"><ele>298.2</ele><time>2022-09-10T18:10:07Z</time></trkpt>
<trkpt lat="37.085016" lon="-121.900115"><ele>299.8</ele><time>2022-09-10T18:10:18Z</time></trkpt>
<trkpt lat="37.085165" lon="-121.900045"><ele>301.2</ele><time>2022-09-10T18:10:26Z</time></trkpt>
<trkpt lat="37.085444" lon="-121.899742"><ele>303.3</ele><time>2022-09-10T18:10:44Z</time></trkpt>
<trkpt lat="37.085567" lon="-121.899673"><ele>304.2</ele><time>2022-09-10T18:10:49Z</time></trkpt>
<trkpt lat="37.085663" lon="-121.899488"><ele>305.4</ele><time>2022-09-10T18:10:57Z</time></trkpt>
<trkpt lat="37.085679" lon="-121.899383"><ele>306.0</ele><time>2022-09-10T18:11:01Z</time></trkpt>
<trkpt lat="37.085839" lon="-121.899167"><ele>308.1</ele><time>2022-09-10T18:11:14Z</time></trkpt>
<trkpt lat="37.085853" lon="-121.899074"><ele>309.0</ele><time>2022-09-10T18:11:18Z</time></trkpt>
<trkpt lat="37.085927" lon="-121.898936"><ele>310.9</ele><time>2022-09-10T18:11:25Z</time></trkpt>
<trkpt lat="37.086085" lon="-121.898890"><ele>313.3</ele><time>2022-09-10T18:11:33Z</time></trkpt>
<trkpt lat="37.086226" lon="-121.898703"><ele>316.3</ele><time>2022-09-10T18:11:46Z</time></trkpt>
<trkpt lat="37.086587" lon="-121.898469"><ele>320.9</ele><time>2022-09-10T18:12:06Z</time></trkpt>
<trkpt lat="37.086796" lon="-121.898012"><ele>325.0</ele><time>2022-09-10T18:12:34Z</time></trkpt>
<trkpt lat="37.086863" lon="-121.897532"><ele>327.7</ele><time>2022-09-10T18:12:52Z</time></trkpt>
<trkpt lat="37.087015" lon="-121.897411"><ele>329.4</ele><time>2022-09-10T18:13:01Z</time></trkpt>
<trkpt lat="37.087128" lon="-121.897261"><ele>331.2</ele><time>2022-09-10T18:13:08Z</time></trkpt>
<trkpt lat="37.087180" lon="-121.897262"><ele>331.8</ele><time>2022-09-10T18:13:11Z</time></trkpt>
<trkpt lat="37.087234" lon="-121.897214"><ele>332.5</ele><time>2022-09-10T18:13:14Z</time></trkpt>
<trkpt lat="37.087234" lon="-121.897094"><ele>333.3</ele><time>2022-09-10T18:13:19Z</time></trkpt>
<trkpt lat="37.087262" lon="-121.897053"><ele>333.7</ele><time>2022-09-10T18:13:21Z</time></trkpt>
<trkpt lat="37.087596" lon="-121.896777"><ele>336.8</ele><time>2022-09-10T18:13:38Z</time></trkpt>
<trkpt lat="37.087748" lon="-121.896791"><ele>338.0</ele><time>2022-09-10T18:13:45Z</time></trkpt>
<trkpt lat="37.087821" lon="-121.896746"><ele>338.8</ele><time>2022-09-10T18:13:49Z</time></trkpt>
<trkpt lat="37.088010" lon="-121.896723"><ele>340.6</ele><time>2022-09-10T18:13:59Z</time></trkpt>
<trkpt lat="37.088138" lon="-121.896616"><ele>341.9</ele><time>2022-09-10T18:14:06Z</time></trkpt>
<trkpt lat="37.088200" lon="-121.896499"><ele>342.9</ele><time>2022-09-10T18:14:12Z</time></trkpt>
<trkpt lat="37.088255" lon="-121.896469"><ele>343.3</ele><time>2022-09-10T18:14:15Z</time></trkpt>
<trkpt lat="37.088381" lon="-121.895976"><ele>347.4</ele><time>2022-09-10T18:14:41Z</time></trkpt>
<trkpt lat="37.088258" lon="-121.895801"><ele>350.2</ele><time>2022-09-10T18:14:51Z</time></trkpt>
<trkpt lat="37.088208" lon="-121.895656"><ele>351.9</ele><time>2022-09-10T18:14:59Z</time></trkpt>
<trkpt lat="37.088214" lon="-121.895587"><ele>352.5</ele><time>2022-09-10T18:15:01Z</time></trkpt>
<trkpt lat="37.087825" lon="-121.894953"><ele>358.3</ele><time>2022-09-10T18:15:36Z</time></trkpt>
<trkpt lat="37.087692" lon="-121.894684"><ele>361.1</ele><time>2022-09-10T18:15:50Z</time></trkpt>
<trkpt lat="37.087666" lon="-121.894356"><ele>363.4</ele><time>2022-09-10T18:16:00Z</time></trkpt>
<trkpt lat="37.087753" lon="-121.894183"><ele>364.8</ele><time>2022-09-10T18:16:06Z</time></trkpt>
<trkpt lat="37.087917" lon="-121.893963"><ele>366.7</ele><time>2022-09-10T18:16:16Z</time></trkpt>
<trkpt lat="37.087926" lon="-121.893878"><ele>367.2</ele><time>2022-09-10T18:16:19Z</time></trkpt>
<trkpt lat="37.087873" lon="-121.893613"><ele>369.2</ele><time>2022-09-10T18:16:33Z</time></trkpt>
<trkpt lat="37.087916" lon="-121.893523"><ele>370.1</ele><time>2022-09-10T18:16:34Z</time></trkpt>
<trkpt lat="37.087706" lon="-121.893115"><ele>371.7</ele><time>2022-09-10T18:16:50Z</time></trkpt>
<trkpt lat="37.087725" lon="-121.893002"><ele>371.4</ele><time>2022-09-10T18:16:52Z</time></trkpt>
<trkpt lat="37.087661" lon="-121.892771"><ele>370.6</ele><time>2022-09-10T18:16:58Z</time></trkpt>
<trkpt lat="37.087863" lon="-121.892539"><ele>370.2</ele><time>2022-09-10T18:17:07Z</time></trkpt>
<trkpt lat="37.087978" lon="-121.892521"><ele>370.6</ele><time>2022-09-10T18:17:09Z</time></trkpt>
<trkpt lat="37.088095" lon="-121.892551"><ele>371.0</ele><time>2022-09-10T18:17:12Z</time></trkpt>
<trkpt lat="37.088408" lon="-121.892499"><ele>372.3</ele><time>2022-09-10T18:17:19Z</time></trkpt>
<trkpt lat="37.088958" lon="-121.892807"><ele>377.5</ele><time>2022-09-10T18:17:48Z</time></trkpt>
<trkpt lat="37.089069" lon="-121.892814"><ele>378.9</ele><time>2022-09-10T18:17:56Z</time></trkpt>
<trkpt lat="37.089168" lon="-121.892736"><ele>380.2</ele><time>2022-09-10T18:18:02Z</time></trkpt>
<trkpt lat="37.089236" lon="-121.892793"><ele>381.2</ele><time>2022-09-10T18:18:05Z</time></trkpt>
<trkpt lat="37.089400" lon="-121.892827"><ele>383.4</ele><time>2022-09-10T18:18:13Z</time></trkpt>
<trkpt lat="37.089554" lon="-121.892793"><ele>385.5</ele><time>2022-09-10T18:18:22Z</time></trkpt>
<trkpt lat="37.089671" lon="-121.892535"><ele>388.4</ele><time>2022-09-10T18:18:38Z</time></trkpt>
<trkpt lat="37.089687" lon="-121.892208"><ele>392.0</ele><time>2022-09-10T18:18:54Z</time></trkpt>
<trkpt lat="37.089764" lon="-121.892012"><ele>394.2</ele><time>2022-09-10T18:19:02Z</time></trkpt>
<trkpt lat="37.089927" lon="-121.891788"><ele>397.1</ele><time>2022-09-10T18:19:15Z</time></trkpt>
<trkpt lat="37.090453" lon="-121.891520"><ele>403.4</ele><time>2022-09-10T18:19:36Z</time></trkpt>
<trkpt lat="37.090584" lon="-121.891412"><ele>405.1</ele><time>2022-09-10T18:19:42Z</time></trkpt>
<trkpt lat="37.090676" lon="-121.891243"><ele>406.9</ele><time>2022-09-10T18:19:51Z</time></trkpt>
<trkpt lat="37.090695" lon="-121.891026"><ele>409.0</ele><time>2022-09-10T18:20:01Z</time></trkpt>
<trkpt lat="37.090656" lon="-121.890926"><ele>410.0</ele><time>2022-09-10T18:20:07Z</time></trkpt>
<trkpt lat="37.090644" lon="-121.890447"><ele>413.6</ele><time>2022-09-10T18:20:28Z</time></trkpt>
<trkpt lat="37.090511" lon="-121.890068"><ele>415.0</ele><time>2022-09-10T18:20:45Z</time></trkpt>
<trkpt lat="37.090407" lon="-121.889966"><ele>415.0</ele><time>2022-09-10T18:20:50Z</time></trkpt>
<trkpt lat="37.090388" lon="-121.889842"><ele>414.9</ele><time>2022-09-10T18:20:53Z</time></trkpt>
<trkpt lat="37.090340" lon="-121.889803"><ele>416.2</ele><time>2022-09-10T18:20:55Z</time></trkpt>
<trkpt lat="37.090408" lon="-121.889692"><ele>413.4</ele><time>2022-09-10T18:20:56Z</time></trkpt>
<trkpt lat="37.090385" lon="-121.889648"><ele>413.3</ele><time>2022-09-10T18:20:58Z</time></trkpt>
<trkpt lat="37.090410" lon="-121.889483"><ele>411.8</ele><time>2022-09-10T18:21:02Z</time></trkpt>
<trkpt lat="37.090476" lon="-121.889446"><ele>411.6</ele><time>2022-09-10T18:21:05Z</time></trkpt>
<trkpt lat="37.090448" lon="-121.889272"><ele>410.9</ele><time>2022-09-10T18:21:09Z</time></trkpt>
<trkpt lat="37.090459" lon="-121.889105"><ele>411.4</ele><time>2022-09-10T18:21:14Z</time></trkpt>
<trkpt lat="37.090392" lon="-121.889022"><ele>411.1</ele><time>2022-09-10T18:21:18Z</time></trkpt>
<trkpt lat="37.090392" lon="-121.888943"><ele>412.4</ele><time>2022-09-10T18:21:20Z</time></trkpt>
<trkpt lat="37.090324" lon="-121.888830"><ele>414.6</ele><time>2022-09-10T18:21:25Z</time></trkpt>
<trkpt lat="37.090316" lon="-121.888644"><ele>416.3</ele><time>2022-09-10T18:21:30Z</time></trkpt>
<trkpt lat="37.090254" lon="-121.888551"><ele>416.0</ele><time>2022-09-10T18:21:35Z</time></trkpt>
<trkpt lat="37.090214" lon="-121.888226"><ele>418.1</ele><time>2022-09-10T18:21:42Z</time></trkpt>
<trkpt lat="37.090114" lon="-121.888141"><ele>415.3</ele><time>2022-09-10T18:21:47Z</time></trkpt>
<trkpt lat="37.090127" lon="-121.888098"><ele>415.2</ele><time>2022-09-10T18:21:48Z</time></trkpt>
<trkpt lat="37.090012" lon="-121.887995"><ele>414.0</ele><time>2022-09-10T18:21:53Z</time></trkpt>
<trkpt lat="37.090004" lon="-121.887963"><ele>410.5</ele><time>2022-09-10T18:21:54Z</time></trkpt>
<trkpt lat="37.089898" lon="-121.887857"><ele>409.9</ele><time>2022-09-10T18:22:00Z</time></trkpt>
<trkpt lat="37.089871" lon="-121.887770"><ele>409.5</ele><time>2022-09-10T18:22:03Z</time></trkpt>
<trkpt lat="37.089805" lon="-121.887731"><ele>409.1</ele><time>2022-09-10T18:22:05Z</time></trkpt>
<trkpt lat="37.089801" lon="-121.887575"><ele>408.6</ele><time>2022-09-10T18:22:08Z</time></trkpt>
<trkpt lat="37.089836" lon="-121.887429"><ele>408.0</ele><time>2022-09-10T18:22:13Z</time></trkpt>
<trkpt lat="37.089801" lon="-121.887342"><ele>407.7</ele><time>2022-09-10T18:22:16Z</time></trkpt>
<trkpt lat="37.089514" lon="-121.887176"><ele>407.2</ele><time>2022-09-10T18:22:25Z</time></trkpt>
<trkpt lat="37.089335" lon="-121.886984"><ele>406.7</ele><time>2022-09-10T18:22:34Z</time></trkpt>
<trkpt lat="37.089296" lon="-121.886845"><ele>406.5</ele><time>2022-09-10T18:22:38Z</time></trkpt>
<trkpt lat="37.089225" lon="-121.886783"><ele>406.3</ele><time>2022-09-10T18:22:42Z</time></trkpt>
<trkpt lat="37.089220" lon="-121.886627"><ele>406.2</ele><time>2022-09-10T18:22:46Z</time></trkpt>
<trkpt lat="37.089193" lon="-121.886608"><ele>406.1</ele><time>2022-09-10T18:22:47Z</time></trkpt>
<trkpt lat="37.089007" lon="-121.885076"><ele>409.8</ele><time>2022-09-10T18:22:51Z</time></trkpt>
<trkpt lat="37.089001" lon="-121.884585"><ele>412.0</ele><time>2022-09-10T18:22:56Z</time></trkpt>
<trkpt lat="37.088951" lon="-121.884398"><ele>412.6</ele><time>2022-09-10T18:22:58Z</time></trkpt>
<trkpt lat="37.088914" lon="-121.883805"><ele>415.2</ele><time>2022-09-10T18:23:04Z</time></trkpt>
<trkpt lat="37.089065" lon="-121.883374"><ele>418.3</ele><time>2022-09-10T18:23:11Z</time></trkpt>
<trkpt lat="37.089117" lon="-121.883322"><ele>418.8</ele><time>2022-09-10T18:23:13Z</time></trkpt>
<trkpt lat="37.089087" lon="-121.883599"><ele>420.9</ele><time>2022-09-10T18:23:14Z</time></trkpt>
<trkpt lat="37.089132" lon="-121.883460"><ele>422.1</ele><time>2022-09-10T18:23:17Z</time></trkpt>
<trkpt lat="37.089461" lon="-121.883210"><ele>424.7</ele><time>2022-09-10T18:23:30Z</time></trkpt>
<trkpt lat="37.089588" lon="-121.882872"><ele>426.4</ele><time>2022-09-10T18:23:46Z</time></trkpt>
<trkpt lat="37.089468" lon="-121.882590"><ele>427.5</ele><time>2022-09-10T18:24:00Z</time></trkpt>
<trkpt lat="37.089432" lon="-121.882299"><ele>428.6</ele><time>2022-09-10T18:24:08Z</time></trkpt>
<trkpt lat="37.089289" lon="-121.882055"><ele>429.8</ele><time>2022-09-10T18:24:18Z</time></trkpt>
<trkpt lat="37.089250" lon="-121.881889"><ele>430.7</ele><time>2022-09-10T18:24:24Z</time></trkpt>
<trkpt lat="37.089159" lon="-121.881723"><ele>432.2</ele><time>2022-09-10T18:24:32Z</time></trkpt>
<trkpt lat="37.089058" lon="-121.881256"><ele>436.6</ele><time>2022-09-10T18:24:49Z</time></trkpt>
<trkpt lat="37.088742" lon="-121.880543"><ele>440.2</ele><time>2022-09-10T18:25:17Z</time></trkpt>
<trkpt lat="37.088441" lon="-121.879996"><ele>442.9</ele><time>2022-09-10T18:25:35Z</time></trkpt>
<trkpt lat="37.088231" lon="-121.879301"><ele>445.8</ele><time>2022-09-10T18:25:51Z</time></trkpt>
<trkpt lat="37.088080" lon="-121.879066"><ele>446.0</ele><time>2022-09-10T18:26:00Z</time></trkpt>
<trkpt lat="37.088031" lon="-121.878876"><ele>446.1</ele><time>2022-09-10T18:26:05Z</time></trkpt>
<trkpt lat="37.087901" lon="-121.878720"><ele>446.3</ele><time>2022-09-10T18:26:10Z</time></trkpt>
<trkpt lat="37.087849" lon="-121.878591"><ele>446.6</ele><time>2022-09-10T18:26:13Z</time></trkpt>
<trkpt lat="37.087868" lon="-121.878451"><ele>447.0</ele><time>2022-09-10T18:26:16Z</time></trkpt>
<trkpt lat="37.087963" lon="-121.878365"><ele>447.3</ele><time>2022-09-10T18:26:17Z</time></trkpt>
<trkpt lat="37.088065" lon="-121.876931"><ele>453.5</ele><time>2022-09-10T18:26:58Z</time></trkpt>
<trkpt lat="37.088086" lon="-121.875720"><ele>457.8</ele><time>2022-09-10T18:27:32Z</time></trkpt>
<trkpt lat="37.088071" lon="-121.875565"><ele>458.5</ele><time>2022-09-10T18:27:34Z</time></trkpt>
<trkpt lat="37.088016" lon="-121.875410"><ele>459.1</ele><time>2022-09-10T18:27:36Z</time></trkpt>
<trkpt lat="37.088049" lon="-121.875299"><ele>459.3</ele><time>2022-09-10T18:27:37Z</time></trkpt>
<trkpt lat="37.088021" lon="-121.875173"><ele>459.6</ele><time>2022-09-10T18:27:39Z</time></trkpt>
<trkpt lat="37.087895" lon="-121.874778"><ele>460.0</ele><time>2022-09-10T18:27:49Z</time></trkpt>
<trkpt lat="37.087654" lon="-121.874246"><ele>462.8</ele><time>2022-09-10T18:28:06Z</time></trkpt>
<trkpt lat="37.087468" lon="-121.873603"><ele>466.2</ele><time>2022-09-10T18:28:25Z</time></trkpt>
<trkpt lat="37.087015" lon="-121.872376"><ele>471.3</ele><time>2022-09-10T18:29:05Z</time></trkpt>
<trkpt lat="37.087003" lon="-121.872408"><ele>471.5</ele><time>2022-09-10T18:29:07Z</time></trkpt>
<trkpt lat="37.086765" lon="-121.872104"><ele>472.9</ele><time>2022-09-10T18:29:18Z</time></trkpt>
<trkpt lat="37.086776" lon="-121.871897"><ele>473.6</ele><time>2022-09-10T18:29:23Z</time></trkpt>
<trkpt lat="37.086702" lon="-121.871735"><ele>474.4</ele><time>2022-09-10T18:29:28Z</time></trkpt>
<trkpt lat="37.086710" lon="-121.871693"><ele>474.5</ele><time>2022-09-10T18:29:29Z</time></trkpt>
<trkpt lat="37.086680" lon="-121.871673"><ele>474.7</ele><time>2022-09-10T18:29:30Z</time></trkpt>
<trkpt lat="37.086577" lon="-121.871245"><ele>476.7</ele><time>2022-09-10T18:29:44Z</time></trkpt>
<trkpt lat="37.086584" lon="-121.871154"><ele>477.1</ele><time>2022-09-10T18:29:46Z</time></trkpt>
<trkpt lat="37.086500" lon="-121.871042"><ele>478.0</ele><time>2022-09-10T18:29:49Z</time></trkpt>
<trkpt lat="37.086461" lon="-121.870927"><ele>478.7</ele><time>2022-09-10T18:29:52Z</time></trkpt>
<trkpt lat="37.086380" lon="-121.870856"><ele>479.4</ele><time>2022-09-10T18:29:55Z</time></trkpt>
<trkpt lat="37.086476" lon="-121.870711"><ele>480.6</ele><time>2022-09-10T18:29:56Z</time></trkpt>
<trkpt lat="37.086274" lon="-121.870388"><ele>483.0</ele><time>2022-09-10T18:30:05Z</time></trkpt>
<trkpt lat="37.085946" lon="-121.869970"><ele>486.0</ele><time>2022-09-10T18:30:16Z</time></trkpt>
<trkpt lat="37.085828" lon="-121.869683"><ele>488.2</ele><time>2022-09-10T18:30:25Z</time></trkpt>
<trkpt lat="37.085813" lon="-121.869510"><ele>489.3</ele><time>2022-09-10T18:30:30Z</time></trkpt>
<trkpt lat="37.085848" lon="-121.869447"><ele>489.9</ele><time>2022-09-10T18:30:32Z</time></trkpt>
<trkpt lat="37.085879" lon="-121.869230"><ele>491.4</ele><time>2022-09-10T18:30:39Z</time></trkpt>
<trkpt lat="37.085875" lon="-121.868987"><ele>493.2</ele><time>2022-09-10T18:30:46Z</time></trkpt>
<trkpt lat="37.085920" lon="-121.868950"><ele>493.7</ele><time>2022-09-10T18:30:47Z</time></trkpt>
<trkpt lat="37.085946" lon="-121.868818"><ele>494.7</ele><time>2022-09-10T18:30:51Z</time></trkpt>
<trkpt lat="37.086042" lon="-121.868671"><ele>495.8</ele><time>2022-09-10T18:30:54Z</time></trkpt>
<trkpt lat="37.086031" lon="-121.868710"><ele>496.0</ele><time>2022-09-10T18:30:55Z</time></trkpt>
<trkpt lat="37.086028" lon="-121.868646"><ele>496.3</ele><time>2022-09-10T18:30:58Z</time></trkpt>
<trkpt lat="37.085949" lon="-121.868622"><ele>496.7</ele><time>2022-09-10T18:31:00Z</time></trkpt>
<trkpt lat="37.085875" lon="-121.868516"><ele>497.2</ele><time>2022-09-10T18:31:04Z</time></trkpt>
<trkpt lat="37.085958" lon="-121.868413"><ele>497.8</ele><time>2022-09-10T18:31:07Z</time></trkpt>
<trkpt lat="37.085959" lon="-121.868373"><ele>498.0</ele><time>2022-09-10T18:31:08Z</time></trkpt>
<trkpt lat="37.085914" lon="-121.867809"><ele>501.8</ele><time>2022-09-10T18:31:29Z</time></trkpt>
<trkpt lat="37.085833" lon="-121.867497"><ele>504.6</ele><time>2022-09-10T18:31:43Z</time></trkpt>
<trkpt lat="37.085735" lon="-121.867324"><ele>506.3</ele><time>2022-09-10T18:31:51Z</time></trkpt>
<trkpt lat="37.085625" lon="-121.867287"><ele>507.1</ele><time>2022-09-10T18:31:56Z</time></trkpt>
<trkpt lat="37.085536" lon="-121.867161"><ele>507.7</ele><time>2022-09-10T18:32:02Z</time></trkpt>
<trkpt lat="37.085578" lon="-121.867003"><ele>508.0</ele><time>2022-09-10T18:32:05Z</time></trkpt>
<trkpt lat="37.085512" lon="-121.866894"><ele>508.1</ele><time>2022-09-10T18:32:09Z</time></trkpt>
<trkpt lat="37.085495" lon="-121.866777"><ele>508.3</ele><time>2022-09-10T18:32:13Z</time></trkpt>
<trkpt lat="37.085441" lon="-121.866720"><ele>508.5</ele><time>2022-09-10T18:32:16Z</time></trkpt>
<trkpt lat="37.085451" lon="-121.866580"><ele>508.9</ele><time>2022-09-10T18:32:20Z</time></trkpt>
<trkpt lat="37.085394" lon="-121.866345"><ele>509.8</ele><time>2022-09-10T18:32:26Z</time></trkpt>
<trkpt lat="37.085395" lon="-121.865498"><ele>513.8</ele><time>2022-09-10T18:32:40Z</time></trkpt>
<trkpt lat="37.085359" lon="-121.865416"><ele>514.3</ele><time>2022-09-10T18:32:42Z</time></trkpt>
<trkpt lat="37.085217" lon="-121.865329"><ele>515.3</ele><time>2022-09-10T18:32:46Z</time></trkpt>
<trkpt lat="37.085160" lon="-121.865239"><ele>515.9</ele><time>2022-09-10T18:32:49Z</time></trkpt>
<trkpt lat="37.085165" lon="-121.865145"><ele>516.5</ele><time>2022-09-10T18:32:51Z</time></trkpt>
<trkpt lat="37.085025" lon="-121.864993"><ele>517.7</ele><time>2022-09-10T18:32:58Z</time></trkpt>
<trkpt lat="37.084916" lon="-121.864808"><ele>518.9</ele><time>2022-09-10T18:33:05Z</time></trkpt>
<trkpt lat="37.084933" lon="-121.864690"><ele>519.6</ele><time>2022-09-10T18:33:11Z</time></trkpt>
<trkpt lat="37.084882" lon="-121.864540"><ele>520.6</ele><time>2022-09-10T18:33:20Z</time></trkpt>
<trkpt lat="37.084896" lon="-121.864455"><ele>521.1</ele><time>2022-09-10T18:33:23Z</time></trkpt>
<trkpt lat="37.084870" lon="-121.864329"><ele>522.0</ele><time>2022-09-10T18:33:27Z</time></trkpt>
<trkpt lat="37.084699" lon="-121.863936"><ele>524.0</ele><time>2022-09-10T18:33:38Z</time></trkpt>
<trkpt lat="37.084640" lon="-121.863905"><ele>524.2</ele><time>2022-09-10T18:33:40Z</time></trkpt>
<trkpt lat="37.084601" lon="-121.863825"><ele>524.5</ele><time>2022-09-10T18:33:42Z</time></trkpt>
<trkpt lat="37.084578" lon="-121.863415"><ele>525.9</ele><time>2022-09-10T18:33:52Z</time></trkpt>
<trkpt lat="37.084487" lon="-121.863242"><ele>526.2</ele><time>2022-09-10T18:34:00Z</time></trkpt>
<trkpt lat="37.084490" lon="-121.863164"><ele>526.3</ele><time>2022-09-10T18:34:02Z</time></trkpt>
<trkpt lat="37.084413" lon="-121.862997"><ele>526.1</ele><time>2022-09-10T18:34:08Z</time></trkpt>
<trkpt lat="37.084370" lon="-121.862982"><ele>525.9</ele><time>2022-09-10T18:34:09Z</time></trkpt>
<trkpt lat="37.084339" lon="-121.862910"><ele>525.7</ele><time>2022-09-10T18:34:11Z</time></trkpt>
<trkpt lat="37.084373" lon="-121.862778"><ele>525.2</ele><time>2022-09-10T18:34:14Z</time></trkpt>
<trkpt lat="37.084325" lon="-121.862705"><ele>524.8</ele><time>2022-09-10T18:34:16Z</time></trkpt>
<trkpt lat="37.084338" lon="-121.862548"><ele>524.2</ele><time>2022-09-10T18:34:20Z</time></trkpt>
<trkpt lat="37.084296" lon="-121.862396"><ele>523.5</ele><time>2022-09-10T18:34:25Z</time></trkpt>
<trkpt lat="37.084322" lon="-121.862310"><ele>523.3</ele><time>2022-09-10T18:34:26Z</time></trkpt>
<trkpt lat="37.084260" lon="-121.862109"><ele>522.7</ele><time>2022-09-10T18:34:31Z</time></trkpt>
<trkpt lat="37.084276" lon="-121.861947"><ele>522.4</ele><time>2022-09-10T18:34:35Z</time></trkpt>
<trkpt lat="37.084198" lon="-121.861826"><ele>522.2</ele><time>2022-09-10T18:34:39Z</time></trkpt>
<trkpt lat="37.084196" lon="-121.861669"><ele>522.2</ele><time>2022-09-10T18:34:43Z</time></trkpt>
<trkpt lat="37.084149" lon="-121.861647"><ele>522.2</ele><time>2022-09-10T18:34:44Z</time></trkpt>
<trkpt lat="37.084151" lon="-121.861598"><ele>522.3</ele><time>2022-09-10T18:34:45Z</time></trkpt>
<trkpt lat="37.084042" lon="-121.861450"><ele>522.6</ele><time>2022-09-10T18:34:50Z</time></trkpt>
<trkpt lat="37.083946" lon="-121.861235"><ele>522.9</ele><time>2022-09-10T18:34:58Z</time></trkpt>
<trkpt lat="37.083969" lon="-121.861197"><ele>522.9</ele><time>2022-09-10T18:34:59Z</time></trkpt>
<trkpt lat="37.083894" lon="-121.861055"><ele>522.9</ele><time>2022-09-10T18:35:03Z</time></trkpt>
<trkpt lat="37.083920" lon="-121.861019"><ele>522.8</ele><time>2022-09-10T18:35:04Z</time></trkpt>
<trkpt lat="37.083884" lon="-121.860993"><ele>522.7</ele><time>2022-09-10T18:35:05Z</time></trkpt>
<trkpt lat="37.083879" lon="-121.860885"><ele>522.4</ele><time>2022-09-10T18:35:07Z</time></trkpt>
<trkpt lat="37.083837" lon="-121.860802"><ele>522.1</ele><time>2022-09-10T18:35:10Z</time></trkpt>
<trkpt lat="37.083896" lon="-121.860585"><ele>521.6</ele><time>2022-09-10T18:35:16Z</time></trkpt>
<trkpt lat="37.083878" lon="-121.860488"><ele>521.3</ele><time>2022-09-10T18:35:19Z</time></trkpt>
<trkpt lat="37.083771" lon="-121.860374"><ele>520.9</ele><time>2022-09-10T18:35:25Z</time></trkpt>
<trkpt lat="37.083809" lon="-121.860069"><ele>520.5</ele><time>2022-09-10T18:35:32Z</time></trkpt>
<trkpt lat="37.083679" lon="-121.859836"><ele>520.3</ele><time>2022-09-10T18:35:39Z</time></trkpt>
<trkpt lat="37.083736" lon="-121.859792"><ele>520.3</ele><time>2022-09-10T18:35:40Z</time></trkpt>
<trkpt lat="37.083741" lon="-121.859677"><ele>520.2</ele><time>2022-09-10T18:35:43Z</time></trkpt>
<trkpt lat="37.083429" lon="-121.856051"><ele>513.3</ele><time>2022-09-10T18:35:44Z</time></trkpt>
<trkpt lat="37.083337" lon="-121.855599"><ele>511.6</ele><time>2022-09-10T18:35:50Z</time></trkpt>
<trkpt lat="37.083237" lon="-121.855371"><ele>511.2</ele><time>2022-09-10T18:35:54Z</time></trkpt>
<trkpt lat="37.083215" lon="-121.855156"><ele>511.0</ele><time>2022-09-10T18:35:56Z</time></trkpt>
<trkpt lat="37.083168" lon="-121.855077"><ele>510.9</ele><time>2022-09-10T18:35:57Z</time></trkpt>
<trkpt lat="37.083165" lon="-121.854728"><ele>510.8</ele><time>2022-09-10T18:36:01Z</time></trkpt>
<trkpt lat="37.083130" lon="-121.854543"><ele>510.8</ele><time>2022-09-10T18:36:03Z</time></trkpt>
<trkpt lat="37.083036" lon="-121.854436"><ele>510.9</ele><time>2022-09-10T18:36:08Z</time></trkpt>
<trkpt lat="37.082917" lon="-121.854135"><ele>511.0</ele><time>2022-09-10T18:36:16Z</time></trkpt>
<trkpt lat="37.082725" lon="-121.853800"><ele>511.1</ele><time>2022-09-10T18:36:27Z</time></trkpt>
<trkpt lat="37.082556" lon="-121.853295"><ele>510.9</ele><time>2022-09-10T18:36:41Z</time></trkpt>
<trkpt lat="37.082490" lon="-121.853211"><ele>510.6</ele><time>2022-09-10T18:36:44Z</time></trkpt>
<trkpt lat="37.082369" lon="-121.852845"><ele>510.1</ele><time>2022-09-10T18:36:56Z</time></trkpt>
<trkpt lat="37.082261" lon="-121.852644"><ele>510.3</ele><time>2022-09-10T18:37:04Z</time></trkpt>
<trkpt lat="37.082265" lon="-121.852533"><ele>510.3</ele><time>2022-09-10T18:37:08Z</time></trkpt>
<trkpt lat="37.082065" lon="-121.852280"><ele>509.9</ele><time>2022-09-10T18:37:10Z</time></trkpt>
<trkpt lat="37.081936" lon="-121.851888"><ele>509.4</ele><time>2022-09-10T18:37:15Z</time></trkpt>
<trkpt lat="37.081976" lon="-121.851712"><ele>508.5</ele><time>2022-09-10T18:37:17Z</time></trkpt>
<trkpt lat="37.082159" lon="-121.851505"><ele>505.4</ele><time>2022-09-10T18:37:20Z</time></trkpt>
<trkpt lat="37.082204" lon="-121.851421"><ele>500.5</ele><time>2022-09-10T18:37:21Z</time></trkpt>
<trkpt lat="37.082212" lon="-121.851372"><ele>501.1</ele><time>2022-09-10T18:37:22Z</time></trkpt>
<trkpt lat="37.082011" lon="-121.851120"><ele>501.8</ele><time>2022-09-10T18:37:27Z</time></trkpt>
<trkpt lat="37.081964" lon="-121.850995"><ele>502.1</ele><time>2022-09-10T18:37:29Z</time></trkpt>
<trkpt lat="37.081897" lon="-121.850959"><ele>502.3</ele><time>2022-09-10T18:37:31Z</time></trkpt>
<trkpt lat="37.081627" lon="-121.850317"><ele>502.5</ele><time>2022-09-10T18:37:35Z</time></trkpt>
<trkpt lat="37.081569" lon="-121.850291"><ele>502.5</ele><time>2022-09-10T18:37:37Z</time></trkpt>
<trkpt lat="37.081456" lon="-121.849934"><ele>502.6</ele><time>2022-09-10T18:37:46Z</time></trkpt>
<trkpt lat="37.081287" lon="-121.849847"><ele>503.0</ele><time>2022-09-10T18:37:53Z</time></trkpt>
<trkpt lat="37.081138" lon="-121.849464"><ele>503.8</ele><time>2022-09-10T18:38:03Z</time></trkpt>
<trkpt lat="37.081114" lon="-121.849244"><ele>504.0</ele><time>2022-09-10T18:38:13Z</time></trkpt>
<trkpt lat="37.081089" lon="-121.849254"><ele>504.0</ele><time>2022-09-10T18:38:15Z</time></trkpt>
</trkseg></trk>
</gpx>
