<?xml version="1.0" encoding="UTF-8"?>
<gpx version="1.1" creator="Eric Sichak trip reports" xmlns="http://www.topografix.com/GPX/1/1">
<metadata><name>Ride near Day Valley</name><time>2021-06-20T12:41:29Z</time></metadata>
<trk><name>Ride near Day Valley</name><type>mtb</type><trkseg>
<trkpt lat="37.080835" lon="-121.849230"><ele>503.0</ele><time>2021-06-20T12:41:29Z</time></trkpt>
<trkpt lat="37.081163" lon="-121.849419"><ele>503.0</ele><time>2021-06-20T12:41:31Z</time></trkpt>
<trkpt lat="37.081163" lon="-121.849370"><ele>502.9</ele><time>2021-06-20T12:41:35Z</time></trkpt>
<trkpt lat="37.081218" lon="-121.849354"><ele>502.9</ele><time>2021-06-20T12:51:00Z</time></trkpt>
<trkpt lat="37.081184" lon="-121.849345"><ele>502.9</ele><time>2021-06-20T12:51:01Z</time></trkpt>
<trkpt lat="37.081502" lon="-121.849473"><ele>502.5</ele><time>2021-06-20T12:51:20Z</time></trkpt>
<trkpt lat="37.081570" lon="-121.849436"><ele>502.6</ele><time>2021-06-20T12:51:27Z</time></trkpt>
<trkpt lat="37.081563" lon="-121.849466"><ele>502.6</ele><time>2021-06-20T12:51:28Z</time></trkpt>
<trkpt lat="37.081543" lon="-121.849439"><ele>502.6</ele><time>2021-06-20T12:51:29Z</time></trkpt>
<trkpt lat="37.081267" lon="-121.849470"><ele>502.7</ele><time>2021-06-20T12:51:30Z</time></trkpt>
<trkpt lat="37.081221" lon="-121.849423"><ele>502.8</ele><time>2021-06-20T12:51:33Z</time></trkpt>
<trkpt lat="37.081379" lon="-121.849447"><ele>502.9</ele><time>2021-06-20T12:51:46Z</time></trkpt>
<trkpt lat="37.081451" lon="-121.849238"><ele>502.9</ele><time>2021-06-20T12:51:48Z</time></trkpt>
<trkpt lat="37.081426" lon="-121.849209"><ele>502.9</ele><time>2021-06-20T12:51:49Z</time></trkpt>
<trkpt lat="37.081443" lon="-121.849013"><ele>503.0</ele><time>2021-06-20T12:51:52Z</time></trkpt>
<trkpt lat="37.081471" lon="-121.849100"><ele>503.0</ele><time>2021-06-20T12:51:57Z</time></trkpt>
<trkpt lat="37.081465" lon="-121.849220"><ele>503.0</ele><time>2021-06-20T12:52:02Z</time></trkpt>
<trkpt lat="37.081109" lon="-121.849339"><ele>503.1</ele><time>2021-06-20T12:52:30Z</time></trkpt>
<trkpt lat="37.080999" lon="-121.849328"><ele>503.1</ele><time>2021-06-20T12:52:33Z</time></trkpt>
<trkpt lat="37.080940" lon="-121.849203"><ele>503.0</ele><time>2021-06-20T12:52:37Z</time></trkpt>
<trkpt lat="37.080726" lon="-121.849063"><ele>502.9</ele><time>2021-06-20T12:52:43Z</time></trkpt>
<trkpt lat="37.080740" lon="-121.849141"><ele>502.8</ele><time>2021-06-20T12:52:44Z</time></trkpt>
<trkpt lat="37.080735" lon="-121.849057"><ele>502.8</ele><time>2021-06-20T12:52:46Z</time></trkpt>
<trkpt lat="37.080637" lon="-121.848998"><ele>502.7</ele><time>2021-06-20T12:52:47Z</time></trkpt>
<trkpt lat="37.080610" lon="-121.848939"><ele>502.7</ele><time>2021-06-20T12:52:49Z</time></trkpt>
<trkpt lat="37.080615" lon="-121.848599"><ele>502.8</ele><time>2021-06-20T12:52:59Z</time></trkpt>
<trkpt lat="37.080412" lon="-121.848479"><ele>503.0</ele><time>2021-06-20T12:53:03Z</time></trkpt>
<trkpt lat="37.080369" lon="-121.848380"><ele>503.1</ele><time>2021-06-20T12:53:05Z</time></trkpt>
<trkpt lat="37.080363" lon="-121.848242"><ele>503.3</ele><time>2021-06-20T12:53:08Z</time></trkpt>
<trkpt lat="37.080228" lon="-121.848188"><ele>503.6</ele><time>2021-06-20T12:53:12Z</time></trkpt>
<trkpt lat="37.080242" lon="-121.848123"><ele>503.7</ele><time>2021-06-20T12:53:13Z</time></trkpt>
<trkpt lat="37.080222" lon="-121.848096"><ele>503.7</ele><time>2021-06-20T12:53:14Z</time></trkpt>
<trkpt lat="37.080077" lon="-121.848050"><ele>504.1</ele><time>2021-06-20T12:53:19Z</time></trkpt>
<trkpt lat="37.080040" lon="-121.847983"><ele>504.2</ele><time>2021-06-20T12:53:20Z</time></trkpt>
<trkpt lat="37.079964" lon="-121.847936"><ele>504.4</ele><time>2021-06-20T12:53:22Z</time></trkpt>
<trkpt lat="37.079920" lon="-121.847824"><ele>504.5</ele><time>2021-06-20T12:53:24Z</time></trkpt>
<trkpt lat="37.079849" lon="-121.847873"><ele>504.6</ele><time>2021-06-20T12:53:25Z</time></trkpt>
<trkpt lat="37.079747" lon="-121.847857"><ele>504.7</ele><time>2021-06-20T12:53:28Z</time></trkpt>
<trkpt lat="37.079674" lon="-121.847819"><ele>504.8</ele><time>2021-06-20T12:53:29Z</time></trkpt>
<trkpt lat="37.079601" lon="-121.847711"><ele>504.8</ele><time>2021-06-20T12:53:31Z</time></trkpt>
<trkpt lat="37.079462" lon="-121.847645"><ele>504.9</ele><time>2021-06-20T12:53:34Z</time></trkpt>
<trkpt lat="37.079534" lon="-121.847363"><ele>505.0</ele><time>2021-06-20T12:53:38Z</time></trkpt>
<trkpt lat="37.079303" lon="-121.847235"><ele>505.2</ele><time>2021-06-20T12:53:43Z</time></trkpt>
<trkpt lat="37.079261" lon="-121.847128"><ele>505.4</ele><time>2021-06-20T12:53:45Z</time></trkpt>
<trkpt lat="37.079225" lon="-121.846859"><ele>505.7</ele><time>2021-06-20T12:53:49Z</time></trkpt>
<trkpt lat="37.079238" lon="-121.846734"><ele>505.8</ele><time>2021-06-20T12:53:53Z</time></trkpt>
<trkpt lat="37.079178" lon="-121.846656"><ele>505.9</ele><time>2021-06-20T12:53:57Z</time></trkpt>
<trkpt lat="37.079152" lon="-121.846486"><ele>506.1</ele><time>2021-06-20T12:54:02Z</time></trkpt>
<trkpt lat="37.079195" lon="-121.846290"><ele>506.2</ele><time>2021-06-20T12:54:06Z</time></trkpt>
<trkpt lat="37.079081" lon="-121.846140"><ele>506.4</ele><time>2021-06-20T12:54:12Z</time></trkpt>
<trkpt lat="37.079117" lon="-121.846100"><ele>506.5</ele><time>2021-06-20T12:54:13Z</time></trkpt>
<trkpt lat="37.079105" lon="-121.845990"><ele>506.6</ele><time>2021-06-20T12:54:16Z</time></trkpt>
<trkpt lat="37.078983" lon="-121.845860"><ele>506.9</ele><time>2021-06-20T12:54:21Z</time></trkpt>
<trkpt lat="37.078867" lon="-121.845830"><ele>507.1</ele><time>2021-06-20T12:54:24Z</time></trkpt>
<trkpt lat="37.078849" lon="-121.845665"><ele>507.4</ele><time>2021-06-20T12:54:27Z</time></trkpt>
<trkpt lat="37.078762" lon="-121.845492"><ele>507.8</ele><time>2021-06-20T12:54:32Z</time></trkpt>
<trkpt lat="37.078588" lon="-121.845313"><ele>508.3</ele><time>2021-06-20T12:54:39Z</time></trkpt>
<trkpt lat="37.078435" lon="-121.845267"><ele>508.6</ele><time>2021-06-20T12:54:41Z</time></trkpt>
<trkpt lat="37.078355" lon="-121.845198"><ele>508.8</ele><time>2021-06-20T12:54:42Z</time></trkpt>
<trkpt lat="37.078394" lon="-121.845013"><ele>509.1</ele><time>2021-06-20T12:54:44Z</time></trkpt>
<trkpt lat="37.078384" lon="-121.844962"><ele>509.2</ele><time>2021-06-20T12:54:45Z</time></trkpt>
<trkpt lat="37.078281" lon="-121.844931"><ele>509.4</ele><time>2021-06-20T12:54:47Z</time></trkpt>
<trkpt lat="37.078322" lon="-121.844784"><ele>509.6</ele><time>2021-06-20T12:54:50Z</time></trkpt>
<trkpt lat="37.078169" lon="-121.844691"><ele>509.8</ele><time>2021-06-20T12:54:52Z</time></trkpt>
<trkpt lat="37.078136" lon="-121.844606"><ele>509.8</ele><time>2021-06-20T12:54:54Z</time></trkpt>
<trkpt lat="37.078165" lon="-121.844475"><ele>509.8</ele><time>2021-06-20T12:54:57Z</time></trkpt>
<trkpt lat="37.078114" lon="-121.844452"><ele>509.8</ele><time>2021-06-20T12:54:59Z</time></trkpt>
<trkpt lat="37.078156" lon="-121.844380"><ele>509.8</ele><time>2021-06-20T12:55:00Z</time></trkpt>
<trkpt lat="37.078160" lon="-121.844220"><ele>509.8</ele><time>2021-06-20T12:55:03Z</time></trkpt>
<trkpt lat="37.078112" lon="-121.844173"><ele>509.8</ele><time>2021-06-20T12:55:05Z</time></trkpt>
<trkpt lat="37.078024" lon="-121.844182"><ele>509.8</ele><time>2021-06-20T12:55:06Z</time></trkpt>
<trkpt lat="37.078019" lon="-121.843924"><ele>509.8</ele><time>2021-06-20T12:55:10Z</time></trkpt>
<trkpt lat="37.077908" lon="-121.843827"><ele>509.9</ele><time>2021-06-20T12:55:13Z</time></trkpt>
<trkpt lat="37.077769" lon="-121.843812"><ele>509.9</ele><time>2021-06-20T12:55:15Z</time></trkpt>
<trkpt lat="37.077735" lon="-121.843651"><ele>510.1</ele><time>2021-06-20T12:55:19Z</time></trkpt>
<trkpt lat="37.077652" lon="-121.843578"><ele>510.2</ele><time>2021-06-20T12:55:22Z</time></trkpt>
<trkpt lat="37.077659" lon="-121.843372"><ele>510.4</ele><time>2021-06-20T12:55:27Z</time></trkpt>
<trkpt lat="37.077578" lon="-121.843356"><ele>510.5</ele><time>2021-06-20T12:55:28Z</time></trkpt>
<trkpt lat="37.077662" lon="-121.843118"><ele>511.0</ele><time>2021-06-20T12:55:30Z</time></trkpt>
<trkpt lat="37.077687" lon="-121.842815"><ele>511.6</ele><time>2021-06-20T12:55:36Z</time></trkpt>
<trkpt lat="37.077502" lon="-121.842651"><ele>512.1</ele><time>2021-06-20T12:55:43Z</time></trkpt>
<trkpt lat="37.077486" lon="-121.842534"><ele>512.4</ele><time>2021-06-20T12:55:45Z</time></trkpt>
<trkpt lat="37.077402" lon="-121.842552"><ele>512.6</ele><time>2021-06-20T12:55:47Z</time></trkpt>
<trkpt lat="37.077401" lon="-121.842461"><ele>512.8</ele><time>2021-06-20T12:55:49Z</time></trkpt>
<trkpt lat="37.077343" lon="-121.842412"><ele>513.0</ele><time>2021-06-20T12:55:51Z</time></trkpt>
<trkpt lat="37.077301" lon="-121.842282"><ele>513.2</ele><time>2021-06-20T12:55:55Z</time></trkpt>
<trkpt lat="37.077194" lon="-121.842200"><ele>513.5</ele><time>2021-06-20T12:55:58Z</time></trkpt>
<trkpt lat="37.077159" lon="-121.842043"><ele>513.6</ele><time>2021-06-20T12:56:04Z</time></trkpt>
<trkpt lat="37.077061" lon="-121.842009"><ele>513.7</ele><time>2021-06-20T12:56:07Z</time></trkpt>
<trkpt lat="37.077031" lon="-121.841884"><ele>513.8</ele><time>2021-06-20T12:56:11Z</time></trkpt>
<trkpt lat="37.076981" lon="-121.841894"><ele>513.9</ele><time>2021-06-20T12:56:13Z</time></trkpt>
<trkpt lat="37.076937" lon="-121.841859"><ele>513.9</ele><time>2021-06-20T12:56:15Z</time></trkpt>
<trkpt lat="37.076869" lon="-121.841700"><ele>514.0</ele><time>2021-06-20T12:56:22Z</time></trkpt>
<trkpt lat="37.076814" lon="-121.841730"><ele>514.0</ele><time>2021-06-20T12:56:24Z</time></trkpt>
<trkpt lat="37.076821" lon="-121.841698"><ele>514.0</ele><time>2021-06-20T12:56:25Z</time></trkpt>
<trkpt lat="37.076541" lon="-121.841724"><ele>514.0</ele><time>2021-06-20T12:56:29Z</time></trkpt>
<trkpt lat="37.076525" lon="-121.841376"><ele>514.0</ele><time>2021-06-20T12:56:35Z</time></trkpt>
<trkpt lat="37.076281" lon="-121.841308"><ele>514.3</ele><time>2021-06-20T12:56:40Z</time></trkpt>
<trkpt lat="37.076153" lon="-121.841116"><ele>514.5</ele><time>2021-06-20T12:56:47Z</time></trkpt>
<trkpt lat="37.076000" lon="-121.841130"><ele>514.7</ele><time>2021-06-20T12:56:49Z</time></trkpt>
<trkpt lat="37.075717" lon="-121.841034"><ele>515.5</ele><time>2021-06-20T12:56:51Z</time></trkpt>
<trkpt lat="37.075536" lon="-121.840923"><ele>516.1</ele><time>2021-06-20T12:56:56Z</time></trkpt>
<trkpt lat="37.075283" lon="-121.840986"><ele>517.0</ele><time>2021-06-20T12:57:06Z</time></trkpt>
<trkpt lat="37.075206" lon="-121.840935"><ele>517.3</ele><time>2021-06-20T12:57:07Z</time></trkpt>
<trkpt lat="37.075122" lon="-121.840801"><ele>517.8</ele><time>2021-06-20T12:57:13Z</time></trkpt>
<trkpt lat="37.075132" lon="-121.840772"><ele>517.9</ele><time>2021-06-20T12:57:15Z</time></trkpt>
<trkpt lat="37.075094" lon="-121.840784"><ele>518.1</ele><time>2021-06-20T12:57:19Z</time></trkpt>
<trkpt lat="37.074989" lon="-121.840642"><ele>518.7</ele><time>2021-06-20T12:57:26Z</time></trkpt>
<trkpt lat="37.074774" lon="-121.840525"><ele>519.5</ele><time>2021-06-20T12:57:39Z</time></trkpt>
<trkpt lat="37.074755" lon="-121.840372"><ele>519.8</ele><time>2021-06-20T12:57:45Z</time></trkpt>
<trkpt lat="37.074686" lon="-121.840269"><ele>519.9</ele><time>2021-06-20T12:57:48Z</time></trkpt>
<trkpt lat="37.074686" lon="-121.840190"><ele>520.0</ele><time>2021-06-20T12:57:50Z</time></trkpt>
<trkpt lat="37.074607" lon="-121.840046"><ele>520.1</ele><time>2021-06-20T12:57:54Z</time></trkpt>
<trkpt lat="37.074615" lon="-121.840009"><ele>520.1</ele><time>2021-06-20T12:57:55Z</time></trkpt>
<trkpt lat="37.074394" lon="-121.839719"><ele>520.1</ele><time>2021-06-20T12:58:04Z</time></trkpt>
<trkpt lat="37.074377" lon="-121.839494"><ele>520.2</ele><time>2021-06-20T12:58:09Z</time></trkpt>
<trkpt lat="37.074407" lon="-121.839491"><ele>520.2</ele><time>2021-06-20T12:58:10Z</time></trkpt>
<trkpt lat="37.074346" lon="-121.839393"><ele>520.3</ele><time>2021-06-20T12:58:13Z</time></trkpt>
<trkpt lat="37.074338" lon="-121.839245"><ele>520.4</ele><time>2021-06-20T12:58:16Z</time></trkpt>
<trkpt lat="37.074286" lon="-121.839224"><ele>520.5</ele><time>2021-06-20T12:58:17Z</time></trkpt>
<trkpt lat="37.074277" lon="-121.839186"><ele>520.5</ele><time>2021-06-20T12:58:18Z</time></trkpt>
<trkpt lat="37.074300" lon="-121.838982"><ele>520.8</ele><time>2021-06-20T12:58:23Z</time></trkpt>
<trkpt lat="37.074170" lon="-121.838725"><ele>521.2</ele><time>2021-06-20T12:58:29Z</time></trkpt>
<trkpt lat="37.074091" lon="-121.838631"><ele>521.4</ele><time>2021-06-20T12:58:31Z</time></trkpt>
<trkpt lat="37.074068" lon="-121.838513"><ele>521.6</ele><time>2021-06-20T12:58:34Z</time></trkpt>
<trkpt lat="37.073936" lon="-121.838380"><ele>521.9</ele><time>2021-06-20T12:58:37Z</time></trkpt>
<trkpt lat="37.073855" lon="-121.838075"><ele>522.5</ele><time>2021-06-20T12:58:45Z</time></trkpt>
<trkpt lat="37.073800" lon="-121.838041"><ele>522.7</ele><time>2021-06-20T12:58:47Z</time></trkpt>
<trkpt lat="37.073713" lon="-121.838057"><ele>522.9</ele><time>2021-06-20T12:58:50Z</time></trkpt>
<trkpt lat="37.073670" lon="-121.837997"><ele>523.1</ele><time>2021-06-20T12:58:52Z</time></trkpt>
<trkpt lat="37.073613" lon="-121.838036"><ele>523.3</ele><time>2021-06-20T12:58:54Z</time></trkpt>
<trkpt lat="37.073464" lon="-121.837935"><ele>523.7</ele><time>2021-06-20T12:58:59Z</time></trkpt>
<trkpt lat="37.073442" lon="-121.837882"><ele>523.8</ele><time>2021-06-20T12:59:01Z</time></trkpt>
<trkpt lat="37.073338" lon="-121.837958"><ele>524.2</ele><time>2021-06-20T12:59:04Z</time></trkpt>
<trkpt lat="37.073311" lon="-121.837887"><ele>524.4</ele><time>2021-06-20T12:59:06Z</time></trkpt>
<trkpt lat="37.073234" lon="-121.837900"><ele>524.7</ele><time>2021-06-20T12:59:08Z</time></trkpt>
<trkpt lat="37.073137" lon="-121.837780"><ele>525.1</ele><time>2021-06-20T12:59:12Z</time></trkpt>
<trkpt lat="37.072953" lon="-121.837672"><ele>525.6</ele><time>2021-06-20T12:59:16Z</time></trkpt>
<trkpt lat="37.072998" lon="-121.837620"><ele>525.8</ele><time>2021-06-20T12:59:18Z</time></trkpt>
<trkpt lat="37.072943" lon="-121.837576"><ele>526.0</ele><time>2021-06-20T12:59:21Z</time></trkpt>
<trkpt lat="37.072776" lon="-121.837595"><ele>526.4</ele><time>2021-06-20T12:59:25Z</time></trkpt>
<trkpt lat="37.072741" lon="-121.837564"><ele>526.5</ele><time>2021-06-20T12:59:26Z</time></trkpt>
<trkpt lat="37.072792" lon="-121.837504"><ele>526.6</ele><time>2021-06-20T12:59:27Z</time></trkpt>
<trkpt lat="37.072714" lon="-121.837544"><ele>526.8</ele><time>2021-06-20T12:59:28Z</time></trkpt>
<trkpt lat="37.072628" lon="-121.837520"><ele>527.0</ele><time>2021-06-20T12:59:31Z</time></trkpt>
<trkpt lat="37.072596" lon="-121.837441"><ele>527.1</ele><time>2021-06-20T12:59:34Z</time></trkpt>
<trkpt lat="37.072511" lon="-121.837378"><ele>527.3</ele><time>2021-06-20T12:59:38Z</time></trkpt>
<trkpt lat="37.072410" lon="-121.837430"><ele>527.5</ele><time>2021-06-20T12:59:40Z</time></trkpt>
<trkpt lat="37.072471" lon="-121.837427"><ele>527.7</ele><time>2021-06-20T12:59:41Z</time></trkpt>
<trkpt lat="37.072457" lon="-121.837294"><ele>527.9</ele><time>2021-06-20T12:59:43Z</time></trkpt>
<trkpt lat="37.072403" lon="-121.837193"><ele>528.2</ele><time>2021-06-20T12:59:46Z</time></trkpt>
<trkpt lat="37.072300" lon="-121.837058"><ele>528.6</ele><time>2021-06-20T12:59:48Z</time></trkpt>
<trkpt lat="37.072237" lon="-121.837088"><ele>528.8</ele><time>2021-06-20T12:59:52Z</time></trkpt>
<trkpt lat="37.072154" lon="-121.837054"><ele>529.0</ele><time>2021-06-20T12:59:55Z</time></trkpt>
<trkpt lat="37.072127" lon="-121.836876"><ele>529.4</ele><time>2021-06-20T13:00:03Z</time></trkpt>
<trkpt lat="37.072099" lon="-121.836913"><ele>529.4</ele><time>2021-06-20T13:00:04Z</time></trkpt>
<trkpt lat="37.072042" lon="-121.836778"><ele>529.7</ele><time>2021-06-20T13:00:07Z</time></trkpt>
<trkpt lat="37.071913" lon="-121.836766"><ele>529.9</ele><time>2021-06-20T13:00:10Z</time></trkpt>
<trkpt lat="37.071903" lon="-121.836601"><ele>530.2</ele><time>2021-06-20T13:00:14Z</time></trkpt>
<trkpt lat="37.071735" lon="-121.836312"><ele>530.9</ele><time>2021-06-20T13:00:25Z</time></trkpt>
<trkpt lat="37.071705" lon="-121.836167"><ele>531.1</ele><time>2021-06-20T13:00:30Z</time></trkpt>
<trkpt lat="37.071588" lon="-121.836162"><ele>531.4</ele><time>2021-06-20T13:00:32Z</time></trkpt>
<trkpt lat="37.071510" lon="-121.835966"><ele>531.8</ele><time>2021-06-20T13:00:39Z</time></trkpt>
<trkpt lat="37.071440" lon="-121.835954"><ele>532.0</ele><time>2021-06-20T13:00:42Z</time></trkpt>
<trkpt lat="37.071475" lon="-121.835859"><ele>532.2</ele><time>2021-06-20T13:00:45Z</time></trkpt>
<trkpt lat="37.071392" lon="-121.835750"><ele>532.6</ele><time>2021-06-20T13:00:49Z</time></trkpt>
<trkpt lat="37.071372" lon="-121.835596"><ele>533.0</ele><time>2021-06-20T13:00:55Z</time></trkpt>
<trkpt lat="37.071177" lon="-121.835533"><ele>533.6</ele><time>2021-06-20T13:01:01Z</time></trkpt>
<trkpt lat="37.071227" lon="-121.835424"><ele>534.0</ele><time>2021-06-20T13:01:04Z</time></trkpt>
<trkpt lat="37.071219" lon="-121.835344"><ele>534.2</ele><time>2021-06-20T13:01:06Z</time></trkpt>
<trkpt lat="37.071119" lon="-121.835331"><ele>534.5</ele><time>2021-06-20T13:01:09Z</time></trkpt>
<trkpt lat="37.071113" lon="-121.835170"><ele>535.0</ele><time>2021-06-20T13:01:15Z</time></trkpt>
<trkpt lat="37.071032" lon="-121.835084"><ele>535.3</ele><time>2021-06-20T13:01:18Z</time></trkpt>
<trkpt lat="37.071081" lon="-121.835024"><ele>535.6</ele><time>2021-06-20T13:01:20Z</time></trkpt>
<trkpt lat="37.071082" lon="-121.834905"><ele>535.9</ele><time>2021-06-20T13:01:24Z</time></trkpt>
<trkpt lat="37.071027" lon="-121.834796"><ele>536.3</ele><time>2021-06-20T13:01:29Z</time></trkpt>
<trkpt lat="37.070947" lon="-121.834731"><ele>536.7</ele><time>2021-06-20T13:01:35Z</time></trkpt>
<trkpt lat="37.070963" lon="-121.834606"><ele>537.1</ele><time>2021-06-20T13:01:39Z</time></trkpt>
<trkpt lat="37.070911" lon="-121.834596"><ele>537.3</ele><time>2021-06-20T13:01:40Z</time></trkpt>
<trkpt lat="37.070943" lon="-121.834531"><ele>537.5</ele><time>2021-06-20T13:01:43Z</time></trkpt>
<trkpt lat="37.070895" lon="-121.834513"><ele>537.7</ele><time>2021-06-20T13:01:45Z</time></trkpt>
<trkpt lat="37.070856" lon="-121.834401"><ele>538.1</ele><time>2021-06-20T13:01:50Z</time></trkpt>
<trkpt lat="37.070741" lon="-121.834324"><ele>538.6</ele><time>2021-06-20T13:01:57Z</time></trkpt>
<trkpt lat="37.070672" lon="-121.834182"><ele>539.2</ele><time>2021-06-20T13:02:04Z</time></trkpt>
<trkpt lat="37.070692" lon="-121.834115"><ele>539.4</ele><time>2021-06-20T13:02:07Z</time></trkpt>
<trkpt lat="37.070661" lon="-121.833851"><ele>540.1</ele><time>2021-06-20T13:02:14Z</time></trkpt>
<trkpt lat="37.070602" lon="-121.833824"><ele>540.2</ele><time>2021-06-20T13:02:16Z</time></trkpt>
<trkpt lat="37.070592" lon="-121.833869"><ele>540.3</ele><time>2021-06-20T13:02:18Z</time></trkpt>
<trkpt lat="37.070553" lon="-121.833848"><ele>540.4</ele><time>2021-06-20T13:02:19Z</time></trkpt>
<trkpt lat="37.070507" lon="-121.833676"><ele>540.8</ele><time>2021-06-20T13:02:24Z</time></trkpt>
<trkpt lat="37.070476" lon="-121.833656"><ele>540.9</ele><time>2021-06-20T13:02:26Z</time></trkpt>
<trkpt lat="37.070512" lon="-121.833657"><ele>541.0</ele><time>2021-06-20T13:02:27Z</time></trkpt>
<trkpt lat="37.070319" lon="-121.833470"><ele>541.7</ele><time>2021-06-20T13:02:31Z</time></trkpt>
<trkpt lat="37.070249" lon="-121.833347"><ele>542.0</ele><time>2021-06-20T13:02:38Z</time></trkpt>
<trkpt lat="37.070178" lon="-121.833347"><ele>542.2</ele><time>2021-06-20T13:02:39Z</time></trkpt>
<trkpt lat="37.070140" lon="-121.833266"><ele>542.4</ele><time>2021-06-20T13:02:42Z</time></trkpt>
<trkpt lat="37.070121" lon="-121.833294"><ele>542.4</ele><time>2021-06-20T13:02:43Z</time></trkpt>
<trkpt lat="37.070159" lon="-121.833244"><ele>542.6</ele><time>2021-06-20T13:02:45Z</time></trkpt>
<trkpt lat="37.070160" lon="-121.833058"><ele>542.9</ele><time>2021-06-20T13:02:51Z</time></trkpt>
<trkpt lat="37.070091" lon="-121.832976"><ele>543.1</ele><time>2021-06-20T13:02:55Z</time></trkpt>
<trkpt lat="37.070102" lon="-121.832926"><ele>543.2</ele><time>2021-06-20T13:02:56Z</time></trkpt>
<trkpt lat="37.070025" lon="-121.832857"><ele>543.4</ele><time>2021-06-20T13:03:00Z</time></trkpt>
<trkpt lat="37.070028" lon="-121.832752"><ele>543.6</ele><time>2021-06-20T13:03:04Z</time></trkpt>
<trkpt lat="37.069888" lon="-121.832643"><ele>543.9</ele><time>2021-06-20T13:03:12Z</time></trkpt>
<trkpt lat="37.069792" lon="-121.832519"><ele>544.1</ele><time>2021-06-20T13:03:17Z</time></trkpt>
<trkpt lat="37.069672" lon="-121.832503"><ele>544.3</ele><time>2021-06-20T13:03:21Z</time></trkpt>
<trkpt lat="37.069664" lon="-121.832256"><ele>544.7</ele><time>2021-06-20T13:03:28Z</time></trkpt>
<trkpt lat="37.069594" lon="-121.832240"><ele>544.8</ele><time>2021-06-20T13:03:30Z</time></trkpt>
<trkpt lat="37.069638" lon="-121.832059"><ele>545.2</ele><time>2021-06-20T13:03:34Z</time></trkpt>
<trkpt lat="37.069570" lon="-121.832066"><ele>545.4</ele><time>2021-06-20T13:03:36Z</time></trkpt>
<trkpt lat="37.069608" lon="-121.831872"><ele>545.9</ele><time>2021-06-20T13:03:41Z</time></trkpt>
<trkpt lat="37.069578" lon="-121.831834"><ele>546.0</ele><time>2021-06-20T13:03:43Z</time></trkpt>
<trkpt lat="37.069589" lon="-121.831804"><ele>546.1</ele><time>2021-06-20T13:03:45Z</time></trkpt>
<trkpt lat="37.069557" lon="-121.831804"><ele>546.2</ele><time>2021-06-20T13:03:46Z</time></trkpt>
<trkpt lat="37.069457" lon="-121.831636"><ele>546.8</ele><time>2021-06-20T13:03:54Z</time></trkpt>
<trkpt lat="37.069386" lon="-121.831454"><ele>547.2</ele><time>2021-06-20T13:04:00Z</time></trkpt>
<trkpt lat="37.069371" lon="-121.831360"><ele>547.4</ele><time>2021-06-20T13:04:04Z</time></trkpt>
<trkpt lat="37.069404" lon="-121.831332"><ele>547.5</ele><time>2021-06-20T13:04:05Z</time></trkpt>
<trkpt lat="37.069343" lon="-121.831284"><ele>547.7</ele><time>2021-06-20T13:04:08Z</time></trkpt>
<trkpt lat="37.069387" lon="-121.831172"><ele>548.1</ele><time>2021-06-20T13:04:12Z</time></trkpt>
<trkpt lat="37.069345" lon="-121.831190"><ele>548.3</ele><time>2021-06-20T13:04:14Z</time></trkpt>
<trkpt lat="37.069295" lon="-121.831024"><ele>549.0</ele><time>2021-06-20T13:04:19Z</time></trkpt>
<trkpt lat="37.069221" lon="-121.831071"><ele>549.5</ele><time>2021-06-20T13:04:22Z</time></trkpt>
<trkpt lat="37.069185" lon="-121.831057"><ele>549.7</ele><time>2021-06-20T13:04:25Z</time></trkpt>
<trkpt lat="37.069119" lon="-121.830832"><ele>550.9</ele><time>2021-06-20T13:04:37Z</time></trkpt>
<trkpt lat="37.068978" lon="-121.830667"><ele>552.0</ele><time>2021-06-20T13:04:45Z</time></trkpt>
<trkpt lat="37.069052" lon="-121.830591"><ele>552.5</ele><time>2021-06-20T13:04:50Z</time></trkpt>
<trkpt lat="37.069021" lon="-121.830531"><ele>552.8</ele><time>2021-06-20T13:04:52Z</time></trkpt>
<trkpt lat="37.069044" lon="-121.830421"><ele>553.2</ele><time>2021-06-20T13:04:54Z</time></trkpt>
<trkpt lat="37.069104" lon="-121.830396"><ele>553.4</ele><time>2021-06-20T13:04:57Z</time></trkpt>
<trkpt lat="37.069061" lon="-121.830361"><ele>553.6</ele><time>2021-06-20T13:04:59Z</time></trkpt>
<trkpt lat="37.069101" lon="-121.830335"><ele>553.8</ele><time>2021-06-20T13:05:02Z</time></trkpt>
<trkpt lat="37.068972" lon="-121.830319"><ele>554.3</ele><time>2021-06-20T13:05:04Z</time></trkpt>
<trkpt lat="37.068928" lon="-121.830190"><ele>554.9</ele><time>2021-06-20T13:05:07Z</time></trkpt>
<trkpt lat="37.068972" lon="-121.830170"><ele>555.2</ele><time>2021-06-20T13:05:10Z</time></trkpt>
<trkpt lat="37.068918" lon="-121.830170"><ele>555.5</ele><time>2021-06-20T13:05:15Z</time></trkpt>
<trkpt lat="37.068895" lon="-121.830206"><ele>555.9</ele><time>2021-06-20T13:05:18Z</time></trkpt>
<trkpt lat="37.068871" lon="-121.830336"><ele>556.7</ele><time>2021-06-20T13:05:24Z</time></trkpt>
<trkpt lat="37.068941" lon="-121.830398"><ele>557.3</ele><time>2021-06-20T13:05:30Z</time></trkpt>
<trkpt lat="37.068908" lon="-121.830421"><ele>557.6</ele><time>2021-06-20T13:05:31Z</time></trkpt>
<trkpt lat="37.068913" lon="-121.830577"><ele>558.4</ele><time>2021-06-20T13:05:37Z</time></trkpt>
<trkpt lat="37.068879" lon="-121.830661"><ele>558.9</ele><time>2021-06-20T13:05:40Z</time></trkpt>
<trkpt lat="37.068918" lon="-121.830746"><ele>559.3</ele><time>2021-06-20T13:05:45Z</time></trkpt>
<trkpt lat="37.068828" lon="-121.830902"><ele>559.8</ele><time>2021-06-20T13:05:52Z</time></trkpt>
<trkpt lat="37.068865" lon="-121.830966"><ele>560.0</ele><time>2021-06-20T13:05:55Z</time></trkpt>
<trkpt lat="37.068853" lon="-121.831026"><ele>560.2</ele><time>2021-06-20T13:05:59Z</time></trkpt>
<trkpt lat="37.068900" lon="-121.831005"><ele>560.4</ele><time>2021-06-20T13:06:02Z</time></trkpt>
<trkpt lat="37.068965" lon="-121.831052"><ele>560.6</ele><time>2021-06-20T13:06:05Z</time></trkpt>
<trkpt lat="37.069003" lon="-121.831227"><ele>561.1</ele><time>2021-06-20T13:06:12Z</time></trkpt>
<trkpt lat="37.069079" lon="-121.831323"><ele>561.5</ele><time>2021-06-20T13:06:18Z</time></trkpt>
<trkpt lat="37.069091" lon="-121.831457"><ele>561.9</ele><time>2021-06-20T13:06:22Z</time></trkpt>
<trkpt lat="37.069210" lon="-121.831677"><ele>562.5</ele><time>2021-06-20T13:06:33Z</time></trkpt>
<trkpt lat="37.069230" lon="-121.831823"><ele>562.9</ele><time>2021-06-20T13:06:38Z</time></trkpt>
<trkpt lat="37.069089" lon="-121.831934"><ele>563.3</ele><time>2021-06-20T13:06:42Z</time></trkpt>
<trkpt lat="37.069097" lon="-121.832020"><ele>563.5</ele><time>2021-06-20T13:06:45Z</time></trkpt>
<trkpt lat="37.069076" lon="-121.832038"><ele>563.6</ele><time>2021-06-20T13:06:47Z</time></trkpt>
<trkpt lat="37.069130" lon="-121.832103"><ele>563.8</ele><time>2021-06-20T13:06:50Z</time></trkpt>
<trkpt lat="37.069010" lon="-121.832302"><ele>564.6</ele><time>2021-06-20T13:07:00Z</time></trkpt>
<trkpt lat="37.069032" lon="-121.832364"><ele>564.8</ele><time>2021-06-20T13:07:02Z</time></trkpt>
<trkpt lat="37.068990" lon="-121.832389"><ele>565.0</ele><time>2021-06-20T13:07:05Z</time></trkpt>
<trkpt lat="37.068960" lon="-121.832529"><ele>565.4</ele><time>2021-06-20T13:07:11Z</time></trkpt>
<trkpt lat="37.068909" lon="-121.832587"><ele>565.6</ele><time>2021-06-20T13:07:14Z</time></trkpt>
<trkpt lat="37.068869" lon="-121.832709"><ele>566.0</ele><time>2021-06-20T13:07:18Z</time></trkpt>
<trkpt lat="37.068784" lon="-121.832738"><ele>566.2</ele><time>2021-06-20T13:07:20Z</time></trkpt>
<trkpt lat="37.068704" lon="-121.832996"><ele>567.0</ele><time>2021-06-20T13:07:31Z</time></trkpt>
<trkpt lat="37.068583" lon="-121.833106"><ele>567.5</ele><time>2021-06-20T13:07:37Z</time></trkpt>
<trkpt lat="37.068461" lon="-121.833125"><ele>568.0</ele><time>2021-06-20T13:07:42Z</time></trkpt>
<trkpt lat="37.068310" lon="-121.833061"><ele>568.6</ele><time>2021-06-20T13:07:50Z</time></trkpt>
<trkpt lat="37.068202" lon="-121.833086"><ele>569.0</ele><time>2021-06-20T13:07:55Z</time></trkpt>
<trkpt lat="37.068076" lon="-121.832930"><ele>569.8</ele><time>2021-06-20T13:08:05Z</time></trkpt>
<trkpt lat="37.068011" lon="-121.832943"><ele>570.2</ele><time>2021-06-20T13:08:12Z</time></trkpt>
<trkpt lat="37.067877" lon="-121.832881"><ele>571.0</ele><time>2021-06-20T13:08:20Z</time></trkpt>
<trkpt lat="37.067766" lon="-121.832737"><ele>572.1</ele><time>2021-06-20T13:08:32Z</time></trkpt>
<trkpt lat="37.067688" lon="-121.832704"><ele>572.6</ele><time>2021-06-20T13:08:38Z</time></trkpt>
<trkpt lat="37.067624" lon="-121.832837"><ele>573.3</ele><time>2021-06-20T13:08:51Z</time></trkpt>
<trkpt lat="37.067684" lon="-121.832889"><ele>573.7</ele><time>2021-06-20T13:08:54Z</time></trkpt>
<trkpt lat="37.067520" lon="-121.833064"><ele>574.5</ele><time>2021-06-20T13:09:03Z</time></trkpt>
<trkpt lat="37.067389" lon="-121.833128"><ele>574.9</ele><time>2021-06-20T13:09:08Z</time></trkpt>
<trkpt lat="37.067373" lon="-121.833206"><ele>575.0</ele><time>2021-06-20T13:09:12Z</time></trkpt>
<trkpt lat="37.067311" lon="-121.833242"><ele>575.2</ele><time>2021-06-20T13:09:14Z</time></trkpt>
<trkpt lat="37.067269" lon="-121.833320"><ele>575.4</ele><time>2021-06-20T13:09:17Z</time></trkpt>
<trkpt lat="37.067307" lon="-121.833359"><ele>575.5</ele><time>2021-06-20T13:09:18Z</time></trkpt>
<trkpt lat="37.067287" lon="-121.833405"><ele>575.6</ele><time>2021-06-20T13:09:19Z</time></trkpt>
<trkpt lat="37.067191" lon="-121.833521"><ele>576.0</ele><time>2021-06-20T13:09:26Z</time></trkpt>
<trkpt lat="37.067178" lon="-121.833577"><ele>576.2</ele><time>2021-06-20T13:09:30Z</time></trkpt>
<trkpt lat="37.067210" lon="-121.833711"><ele>576.7</ele><time>2021-06-20T13:09:37Z</time></trkpt>
<trkpt lat="37.067437" lon="-121.834036"><ele>578.5</ele><time>2021-06-20T13:09:59Z</time></trkpt>
<trkpt lat="37.067465" lon="-121.834282"><ele>579.4</ele><time>2021-06-20T13:10:13Z</time></trkpt>
<trkpt lat="37.067507" lon="-121.834253"><ele>579.6</ele><time>2021-06-20T13:10:20Z</time></trkpt>
<trkpt lat="37.067467" lon="-121.834260"><ele>579.8</ele><time>2021-06-20T13:10:23Z</time></trkpt>
<trkpt lat="37.067477" lon="-121.834348"><ele>580.1</ele><time>2021-06-20T13:11:07Z</time></trkpt>
<trkpt lat="37.067340" lon="-121.834479"><ele>580.7</ele><time>2021-06-20T13:11:17Z</time></trkpt>
<trkpt lat="37.067328" lon="-121.834606"><ele>581.1</ele><time>2021-06-20T13:11:26Z</time></trkpt>
<trkpt lat="37.067203" lon="-121.834666"><ele>581.5</ele><time>2021-06-20T13:11:30Z</time></trkpt>
<trkpt lat="37.067132" lon="-121.834745"><ele>581.9</ele><time>2021-06-20T13:11:35Z</time></trkpt>
<trkpt lat="37.067161" lon="-121.834754"><ele>582.0</ele><time>2021-06-20T13:11:36Z</time></trkpt>
<trkpt lat="37.067181" lon="-121.834843"><ele>582.3</ele><time>2021-06-20T13:11:40Z</time></trkpt>
<trkpt lat="37.067090" lon="-121.834918"><ele>582.9</ele><time>2021-06-20T13:11:46Z</time></trkpt>
<trkpt lat="37.067076" lon="-121.835032"><ele>583.3</ele><time>2021-06-20T13:11:49Z</time></trkpt>
<trkpt lat="37.067029" lon="-121.835112"><ele>585.3</ele><time>2021-06-20T13:11:53Z</time></trkpt>
<trkpt lat="37.067091" lon="-121.835233"><ele>586.4</ele><time>2021-06-20T13:12:01Z</time></trkpt>
<trkpt lat="37.067167" lon="-121.835277"><ele>587.5</ele><time>2021-06-20T13:12:11Z</time></trkpt>
<trkpt lat="37.067240" lon="-121.835384"><ele>588.7</ele><time>2021-06-20T13:12:16Z</time></trkpt>
<trkpt lat="37.067231" lon="-121.835431"><ele>589.2</ele><time>2021-06-20T13:12:18Z</time></trkpt>
<trkpt lat="37.067269" lon="-121.835523"><ele>590.1</ele><time>2021-06-20T13:12:23Z</time></trkpt>
<trkpt lat="37.067319" lon="-121.835531"><ele>590.6</ele><time>2021-06-20T13:12:27Z</time></trkpt>
<trkpt lat="37.067376" lon="-121.835689"><ele>591.7</ele><time>2021-06-20T13:12:37Z</time></trkpt>
<trkpt lat="37.067588" lon="-121.835986"><ele>593.6</ele><time>2021-06-20T13:13:03Z</time></trkpt>
<trkpt lat="37.067664" lon="-121.836032"><ele>593.9</ele><time>2021-06-20T13:13:09Z</time></trkpt>
<trkpt lat="37.067920" lon="-121.836321"><ele>595.0</ele><time>2021-06-20T13:13:23Z</time></trkpt>
<trkpt lat="37.067972" lon="-121.836437"><ele>595.3</ele><time>2021-06-20T13:13:27Z</time></trkpt>
<trkpt lat="37.068127" lon="-121.836555"><ele>595.5</ele><time>2021-06-20T13:13:34Z</time></trkpt>
<trkpt lat="37.068300" lon="-121.836597"><ele>595.6</ele><time>2021-06-20T13:13:41Z</time></trkpt>
<trkpt lat="37.068344" lon="-121.836711"><ele>595.6</ele><time>2021-06-20T13:13:44Z</time></trkpt>
<trkpt lat="37.068437" lon="-121.836832"><ele>595.7</ele><time>2021-06-20T13:13:49Z</time></trkpt>
<trkpt lat="37.068454" lon="-121.836964"><ele>595.8</ele><time>2021-06-20T13:13:52Z</time></trkpt>
<trkpt lat="37.068664" lon="-121.837107"><ele>596.0</ele><time>2021-06-20T13:14:02Z</time></trkpt>
<trkpt lat="37.068707" lon="-121.837173"><ele>596.1</ele><time>2021-06-20T13:14:05Z</time></trkpt>
<trkpt lat="37.068721" lon="-121.837281"><ele>596.3</ele><time>2021-06-20T13:14:10Z</time></trkpt>
<trkpt lat="37.068742" lon="-121.837253"><ele>596.4</ele><time>2021-06-20T13:14:13Z</time></trkpt>
<trkpt lat="37.068800" lon="-121.837300"><ele>596.6</ele><time>2021-06-20T13:14:19Z</time></trkpt>
<trkpt lat="37.069125" lon="-121.837618"><ele>598.3</ele><time>2021-06-20T13:14:35Z</time></trkpt>
<trkpt lat="37.069158" lon="-121.837686"><ele>598.8</ele><time>2021-06-20T13:14:40Z</time></trkpt>
<trkpt lat="37.069101" lon="-121.837726"><ele>599.3</ele><time>2021-06-20T13:14:44Z</time></trkpt>
<trkpt lat="37.069106" lon="-121.837792"><ele>599.8</ele><time>2021-06-20T13:14:50Z</time></trkpt>
<trkpt lat="37.069173" lon="-121.837838"><ele>600.4</ele><time>2021-06-20T13:14:54Z</time></trkpt>
<trkpt lat="37.069168" lon="-121.837891"><ele>600.8</ele><time>2021-06-20T13:14:56Z</time></trkpt>
<trkpt lat="37.069146" lon="-121.837836"><ele>601.2</ele><time>2021-06-20T13:15:00Z</time></trkpt>
<trkpt lat="37.069215" lon="-121.837662"><ele>602.6</ele><time>2021-06-20T13:15:02Z</time></trkpt>
<trkpt lat="37.069141" lon="-121.837689"><ele>603.2</ele><time>2021-06-20T13:15:04Z</time></trkpt>
<trkpt lat="37.069064" lon="-121.837620"><ele>604.0</ele><time>2021-06-20T13:15:18Z</time></trkpt>
<trkpt lat="37.069187" lon="-121.837658"><ele>605.1</ele><time>2021-06-20T13:15:22Z</time></trkpt>
<trkpt lat="37.069139" lon="-121.837716"><ele>605.7</ele><time>2021-06-20T13:15:27Z</time></trkpt>
<trkpt lat="37.069182" lon="-121.837893"><ele>606.8</ele><time>2021-06-20T13:15:34Z</time></trkpt>
<trkpt lat="37.069325" lon="-121.837875"><ele>607.8</ele><time>2021-06-20T13:15:39Z</time></trkpt>
<trkpt lat="37.069307" lon="-121.838090"><ele>608.9</ele><time>2021-06-20T13:15:50Z</time></trkpt>
<trkpt lat="37.069281" lon="-121.838090"><ele>609.1</ele><time>2021-06-20T13:15:51Z</time></trkpt>
<trkpt lat="37.069331" lon="-121.838261"><ele>609.8</ele><time>2021-06-20T13:15:58Z</time></trkpt>
<trkpt lat="37.069317" lon="-121.838296"><ele>610.0</ele><time>2021-06-20T13:16:00Z</time></trkpt>
<trkpt lat="37.069374" lon="-121.838499"><ele>610.7</ele><time>2021-06-20T13:16:08Z</time></trkpt>
<trkpt lat="37.069442" lon="-121.838539"><ele>610.9</ele><time>2021-06-20T13:16:12Z</time></trkpt>
<trkpt lat="37.069437" lon="-121.838473"><ele>611.1</ele><time>2021-06-20T13:16:14Z</time></trkpt>
<trkpt lat="37.069417" lon="-121.838508"><ele>611.3</ele><time>2021-06-20T13:16:17Z</time></trkpt>
<trkpt lat="37.069464" lon="-121.838689"><ele>612.0</ele><time>2021-06-20T13:16:22Z</time></trkpt>
<trkpt lat="37.069549" lon="-121.838848"><ele>612.7</ele><time>2021-06-20T13:16:33Z</time></trkpt>
<trkpt lat="37.069531" lon="-121.838906"><ele>613.0</ele><time>2021-06-20T13:16:37Z</time></trkpt>
<trkpt lat="37.069573" lon="-121.838901"><ele>613.2</ele><time>2021-06-20T13:16:38Z</time></trkpt>
<trkpt lat="37.069596" lon="-121.838969"><ele>613.5</ele><time>2021-06-20T13:16:39Z</time></trkpt>
<trkpt lat="37.069573" lon="-121.839033"><ele>613.7</ele><time>2021-06-20T13:16:42Z</time></trkpt>
<trkpt lat="37.069634" lon="-121.839100"><ele>614.1</ele><time>2021-06-20T13:16:47Z</time></trkpt>
<trkpt lat="37.069619" lon="-121.839153"><ele>614.3</ele><time>2021-06-20T13:16:49Z</time></trkpt>
<trkpt lat="37.069666" lon="-121.839274"><ele>614.8</ele><time>2021-06-20T13:16:54Z</time></trkpt>
<trkpt lat="37.069637" lon="-121.839281"><ele>614.9</ele><time>2021-06-20T13:16:55Z</time></trkpt>
<trkpt lat="37.069710" lon="-121.839374"><ele>615.4</ele><time>2021-06-20T13:17:01Z</time></trkpt>
<trkpt lat="37.069710" lon="-121.839418"><ele>615.6</ele><time>2021-06-20T13:17:02Z</time></trkpt>
<trkpt lat="37.069619" lon="-121.839526"><ele>616.2</ele><time>2021-06-20T13:17:07Z</time></trkpt>
<trkpt lat="37.069675" lon="-121.839711"><ele>617.1</ele><time>2021-06-20T13:17:18Z</time></trkpt>
<trkpt lat="37.069665" lon="-121.839788"><ele>617.5</ele><time>2021-06-20T13:17:19Z</time></trkpt>
<trkpt lat="37.069692" lon="-121.839783"><ele>617.8</ele><time>2021-06-20T13:17:21Z</time></trkpt>
<trkpt lat="37.069650" lon="-121.839871"><ele>618.5</ele><time>2021-06-20T13:17:27Z</time></trkpt>
<trkpt lat="37.069663" lon="-121.840019"><ele>619.5</ele><time>2021-06-20T13:17:34Z</time></trkpt>
<trkpt lat="37.069731" lon="-121.840071"><ele>620.3</ele><time>2021-06-20T13:17:41Z</time></trkpt>
<trkpt lat="37.069732" lon="-121.840137"><ele>620.7</ele><time>2021-06-20T13:17:44Z</time></trkpt>
<trkpt lat="37.069717" lon="-121.840083"><ele>621.2</ele><time>2021-06-20T13:17:47Z</time></trkpt>
<trkpt lat="37.069838" lon="-121.840289"><ele>622.9</ele><time>2021-06-20T13:17:59Z</time></trkpt>
<trkpt lat="37.069833" lon="-121.840245"><ele>623.1</ele><time>2021-06-20T13:18:00Z</time></trkpt>
<trkpt lat="37.069968" lon="-121.840580"><ele>625.4</ele><time>2021-06-20T13:18:15Z</time></trkpt>
<trkpt lat="37.070051" lon="-121.840593"><ele>626.3</ele><time>2021-06-20T13:18:23Z</time></trkpt>
<trkpt lat="37.070105" lon="-121.840642"><ele>626.8</ele><time>2021-06-20T13:18:29Z</time></trkpt>
<trkpt lat="37.070112" lon="-121.840735"><ele>627.4</ele><time>2021-06-20T13:18:34Z</time></trkpt>
<trkpt lat="37.070140" lon="-121.840767"><ele>627.7</ele><time>2021-06-20T13:18:36Z</time></trkpt>
<trkpt lat="37.070159" lon="-121.840731"><ele>628.0</ele><time>2021-06-20T13:18:39Z</time></trkpt>
<trkpt lat="37.070255" lon="-121.840905"><ele>629.3</ele><time>2021-06-20T13:18:44Z</time></trkpt>
<trkpt lat="37.070385" lon="-121.840857"><ele>630.8</ele><time>2021-06-20T13:18:57Z</time></trkpt>
<trkpt lat="37.070507" lon="-121.841132"><ele>632.6</ele><time>2021-06-20T13:19:08Z</time></trkpt>
<trkpt lat="37.070580" lon="-121.841200"><ele>633.2</ele><time>2021-06-20T13:19:13Z</time></trkpt>
<trkpt lat="37.070599" lon="-121.841262"><ele>633.5</ele><time>2021-06-20T13:19:17Z</time></trkpt>
<trkpt lat="37.070572" lon="-121.841294"><ele>633.7</ele><time>2021-06-20T13:19:19Z</time></trkpt>
<trkpt lat="37.070621" lon="-121.841377"><ele>634.3</ele><time>2021-06-20T13:19:27Z</time></trkpt>
<trkpt lat="37.070600" lon="-121.841451"><ele>634.6</ele><time>2021-06-20T13:19:53Z</time></trkpt>
<trkpt lat="37.070693" lon="-121.841459"><ele>635.1</ele><time>2021-06-20T13:20:16Z</time></trkpt>
<trkpt lat="37.070693" lon="-121.841496"><ele>635.2</ele><time>2021-06-20T13:20:17Z</time></trkpt>
<trkpt lat="37.070764" lon="-121.841567"><ele>635.7</ele><time>2021-06-20T13:20:23Z</time></trkpt>
<trkpt lat="37.070778" lon="-121.841670"><ele>636.2</ele><time>2021-06-20T13:20:30Z</time></trkpt>
<trkpt lat="37.070749" lon="-121.841742"><ele>636.7</ele><time>2021-06-20T13:20:33Z</time></trkpt>
<trkpt lat="37.070647" lon="-121.841758"><ele>637.4</ele><time>2021-06-20T13:20:40Z</time></trkpt>
<trkpt lat="37.070649" lon="-121.841727"><ele>637.6</ele><time>2021-06-20T13:20:43Z</time></trkpt>
<trkpt lat="37.070609" lon="-121.841707"><ele>637.9</ele><time>2021-06-20T13:20:46Z</time></trkpt>
<trkpt lat="37.070434" lon="-121.841678"><ele>639.4</ele><time>2021-06-20T13:20:56Z</time></trkpt>
<trkpt lat="37.070371" lon="-121.841701"><ele>639.8</ele><time>2021-06-20T13:21:01Z</time></trkpt>
<trkpt lat="37.070337" lon="-121.841683"><ele>640.0</ele><time>2021-06-20T13:21:03Z</time></trkpt>
<trkpt lat="37.070353" lon="-121.841602"><ele>640.5</ele><time>2021-06-20T13:21:08Z</time></trkpt>
<trkpt lat="37.070304" lon="-121.841575"><ele>640.8</ele><time>2021-06-20T13:21:11Z</time></trkpt>
<trkpt lat="37.070307" lon="-121.841603"><ele>641.1</ele><time>2021-06-20T13:21:15Z</time></trkpt>
<trkpt lat="37.070172" lon="-121.841589"><ele>641.9</ele><time>2021-06-20T13:21:22Z</time></trkpt>
<trkpt lat="37.070104" lon="-121.841631"><ele>642.5</ele><time>2021-06-20T13:21:28Z</time></trkpt>
<trkpt lat="37.070095" lon="-121.841701"><ele>642.9</ele><time>2021-06-20T13:21:34Z</time></trkpt>
<trkpt lat="37.070008" lon="-121.841677"><ele>643.4</ele><time>2021-06-20T13:21:37Z</time></trkpt>
<trkpt lat="37.070045" lon="-121.841653"><ele>643.7</ele><time>2021-06-20T13:21:38Z</time></trkpt>
<trkpt lat="37.070014" lon="-121.841703"><ele>644.0</ele><time>2021-06-20T13:21:40Z</time></trkpt>
<trkpt lat="37.069903" lon="-121.841689"><ele>644.6</ele><time>2021-06-20T13:21:42Z</time></trkpt>
<trkpt lat="37.069887" lon="-121.841650"><ele>644.7</ele><time>2021-06-20T13:21:44Z</time></trkpt>
<trkpt lat="37.069849" lon="-121.841666"><ele>645.0</ele><time>2021-06-20T13:21:47Z</time></trkpt>
<trkpt lat="37.069717" lon="-121.841592"><ele>645.7</ele><time>2021-06-20T13:21:53Z</time></trkpt>
<trkpt lat="37.069576" lon="-121.841435"><ele>646.7</ele><time>2021-06-20T13:21:57Z</time></trkpt>
<trkpt lat="37.069427" lon="-121.841378"><ele>647.7</ele><time>2021-06-20T13:22:11Z</time></trkpt>
<trkpt lat="37.069520" lon="-121.841365"><ele>648.3</ele><time>2021-06-20T13:22:14Z</time></trkpt>
<trkpt lat="37.069486" lon="-121.841323"><ele>648.5</ele><time>2021-06-20T13:22:16Z</time></trkpt>
<trkpt lat="37.069358" lon="-121.841313"><ele>649.6</ele><time>2021-06-20T13:22:24Z</time></trkpt>
<trkpt lat="37.069419" lon="-121.841295"><ele>649.9</ele><time>2021-06-20T13:22:25Z</time></trkpt>
<trkpt lat="37.069204" lon="-121.841402"><ele>651.3</ele><time>2021-06-20T13:22:29Z</time></trkpt>
<trkpt lat="37.069132" lon="-121.841376"><ele>651.8</ele><time>2021-06-20T13:22:33Z</time></trkpt>
<trkpt lat="37.069041" lon="-121.841430"><ele>652.4</ele><time>2021-06-20T13:22:39Z</time></trkpt>
<trkpt lat="37.069054" lon="-121.841409"><ele>652.6</ele><time>2021-06-20T13:22:40Z</time></trkpt>
<trkpt lat="37.068896" lon="-121.841362"><ele>653.6</ele><time>2021-06-20T13:22:46Z</time></trkpt>
<trkpt lat="37.068914" lon="-121.841299"><ele>654.0</ele><time>2021-06-20T13:22:48Z</time></trkpt>
<trkpt lat="37.069006" lon="-121.841272"><ele>654.6</ele><time>2021-06-20T13:22:51Z</time></trkpt>
<trkpt lat="37.069007" lon="-121.841219"><ele>654.9</ele><time>2021-06-20T13:22:52Z</time></trkpt>
<trkpt lat="37.068973" lon="-121.841207"><ele>655.1</ele><time>2021-06-20T13:22:53Z</time></trkpt>
<trkpt lat="37.068970" lon="-121.841236"><ele>655.3</ele><time>2021-06-20T13:22:54Z</time></trkpt>
<trkpt lat="37.069010" lon="-121.841206"><ele>655.6</ele><time>2021-06-20T13:22:55Z</time></trkpt>
<trkpt lat="37.068980" lon="-121.841198"><ele>655.9</ele><time>2021-06-20T13:22:58Z</time></trkpt>
<trkpt lat="37.068754" lon="-121.841225"><ele>657.4</ele><time>2021-06-20T13:23:05Z</time></trkpt>
<trkpt lat="37.068580" lon="-121.841331"><ele>658.5</ele><time>2021-06-20T13:23:18Z</time></trkpt>
<trkpt lat="37.068498" lon="-121.841341"><ele>658.9</ele><time>2021-06-20T13:23:24Z</time></trkpt>
<trkpt lat="37.068342" lon="-121.841230"><ele>659.8</ele><time>2021-06-20T13:23:27Z</time></trkpt>
<trkpt lat="37.068290" lon="-121.841282"><ele>660.1</ele><time>2021-06-20T13:23:29Z</time></trkpt>
<trkpt lat="37.068316" lon="-121.841242"><ele>660.4</ele><time>2021-06-20T13:23:31Z</time></trkpt>
<trkpt lat="37.068025" lon="-121.841303"><ele>661.8</ele><time>2021-06-20T13:23:39Z</time></trkpt>
<trkpt lat="37.067982" lon="-121.841216"><ele>662.2</ele><time>2021-06-20T13:23:42Z</time></trkpt>
<trkpt lat="37.068028" lon="-121.841221"><ele>662.4</ele><time>2021-06-20T13:23:47Z</time></trkpt>
<trkpt lat="37.067914" lon="-121.841201"><ele>663.1</ele><time>2021-06-20T13:23:54Z</time></trkpt>
<trkpt lat="37.067820" lon="-121.841278"><ele>663.7</ele><time>2021-06-20T13:23:59Z</time></trkpt>
<trkpt lat="37.067858" lon="-121.841443"><ele>664.4</ele><time>2021-06-20T13:24:03Z</time></trkpt>
<trkpt lat="37.067676" lon="-121.841809"><ele>665.0</ele><time>2021-06-20T13:24:19Z</time></trkpt>
<trkpt lat="37.067664" lon="-121.841881"><ele>665.1</ele><time>2021-06-20T13:24:20Z</time></trkpt>
<trkpt lat="37.067692" lon="-121.841917"><ele>665.1</ele><time>2021-06-20T13:24:21Z</time></trkpt>
<trkpt lat="37.067662" lon="-121.841955"><ele>665.2</ele><time>2021-06-20T13:24:23Z</time></trkpt>
<trkpt lat="37.067685" lon="-121.842023"><ele>665.3</ele><time>2021-06-20T13:24:24Z</time></trkpt>
<trkpt lat="37.067644" lon="-121.842010"><ele>665.4</ele><time>2021-06-20T13:24:25Z</time></trkpt>
<trkpt lat="37.067623" lon="-121.842129"><ele>665.6</ele><time>2021-06-20T13:24:31Z</time></trkpt>
<trkpt lat="37.067550" lon="-121.842161"><ele>665.8</ele><time>2021-06-20T13:24:34Z</time></trkpt>
<trkpt lat="37.067516" lon="-121.842119"><ele>665.9</ele><time>2021-06-20T13:24:35Z</time></trkpt>
<trkpt lat="37.067352" lon="-121.842081"><ele>666.2</ele><time>2021-06-20T13:24:39Z</time></trkpt>
<trkpt lat="37.067124" lon="-121.841948"><ele>666.7</ele><time>2021-06-20T13:24:42Z</time></trkpt>
<trkpt lat="37.067141" lon="-121.841701"><ele>667.1</ele><time>2021-06-20T13:24:48Z</time></trkpt>
<trkpt lat="37.067214" lon="-121.841701"><ele>667.2</ele><time>2021-06-20T13:24:50Z</time></trkpt>
<trkpt lat="37.067243" lon="-121.841600"><ele>667.4</ele><time>2021-06-20T13:24:53Z</time></trkpt>
<trkpt lat="37.067212" lon="-121.841635"><ele>667.6</ele><time>2021-06-20T13:25:01Z</time></trkpt>
<trkpt lat="37.067066" lon="-121.841617"><ele>668.3</ele><time>2021-06-20T13:25:06Z</time></trkpt>
<trkpt lat="37.066987" lon="-121.841528"><ele>668.6</ele><time>2021-06-20T13:25:09Z</time></trkpt>
<trkpt lat="37.066799" lon="-121.841486"><ele>669.5</ele><time>2021-06-20T13:25:15Z</time></trkpt>
<trkpt lat="37.066636" lon="-121.841331"><ele>670.6</ele><time>2021-06-20T13:25:22Z</time></trkpt>
<trkpt lat="37.066593" lon="-121.841349"><ele>670.8</ele><time>2021-06-20T13:25:24Z</time></trkpt>
<trkpt lat="37.066614" lon="-121.841343"><ele>671.0</ele><time>2021-06-20T13:25:25Z</time></trkpt>
<trkpt lat="37.066606" lon="-121.841251"><ele>671.5</ele><time>2021-06-20T13:25:32Z</time></trkpt>
<trkpt lat="37.066719" lon="-121.841133"><ele>672.4</ele><time>2021-06-20T13:25:35Z</time></trkpt>
<trkpt lat="37.066653" lon="-121.841040"><ele>673.1</ele><time>2021-06-20T13:25:41Z</time></trkpt>
<trkpt lat="37.066680" lon="-121.841037"><ele>673.3</ele><time>2021-06-20T13:25:42Z</time></trkpt>
<trkpt lat="37.066665" lon="-121.841069"><ele>673.4</ele><time>2021-06-20T13:25:43Z</time></trkpt>
<trkpt lat="37.066715" lon="-121.841003"><ele>673.8</ele><time>2021-06-20T13:25:45Z</time></trkpt>
<trkpt lat="37.066663" lon="-121.840949"><ele>674.1</ele><time>2021-06-20T13:25:47Z</time></trkpt>
<trkpt lat="37.066631" lon="-121.840980"><ele>674.3</ele><time>2021-06-20T13:25:48Z</time></trkpt>
<trkpt lat="37.066559" lon="-121.840888"><ele>674.8</ele><time>2021-06-20T13:25:52Z</time></trkpt>
<trkpt lat="37.066582" lon="-121.840921"><ele>675.0</ele><time>2021-06-20T13:25:53Z</time></trkpt>
<trkpt lat="37.066373" lon="-121.840912"><ele>676.2</ele><time>2021-06-20T13:25:59Z</time></trkpt>
<trkpt lat="37.066320" lon="-121.840955"><ele>676.5</ele><time>2021-06-20T13:26:02Z</time></trkpt>
<trkpt lat="37.066220" lon="-121.840879"><ele>677.2</ele><time>2021-06-20T13:26:10Z</time></trkpt>
<trkpt lat="37.066260" lon="-121.840870"><ele>677.5</ele><time>2021-06-20T13:26:11Z</time></trkpt>
<trkpt lat="37.066239" lon="-121.840797"><ele>677.9</ele><time>2021-06-20T13:26:14Z</time></trkpt>
<trkpt lat="37.066117" lon="-121.840799"><ele>678.6</ele><time>2021-06-20T13:26:18Z</time></trkpt>
<trkpt lat="37.066079" lon="-121.840748"><ele>678.8</ele><time>2021-06-20T13:26:22Z</time></trkpt>
<trkpt lat="37.066052" lon="-121.840797"><ele>679.1</ele><time>2021-06-20T13:26:26Z</time></trkpt>
<trkpt lat="37.066060" lon="-121.840730"><ele>679.4</ele><time>2021-06-20T13:26:29Z</time></trkpt>
<trkpt lat="37.065996" lon="-121.840774"><ele>679.7</ele><time>2021-06-20T13:26:31Z</time></trkpt>
<trkpt lat="37.065820" lon="-121.840785"><ele>680.4</ele><time>2021-06-20T13:26:37Z</time></trkpt>
<trkpt lat="37.065803" lon="-121.840806"><ele>680.5</ele><time>2021-06-20T13:26:38Z</time></trkpt>
<trkpt lat="37.065841" lon="-121.840791"><ele>680.8</ele><time>2021-06-20T13:26:45Z</time></trkpt>
<trkpt lat="37.065735" lon="-121.840876"><ele>681.7</ele><time>2021-06-20T13:26:53Z</time></trkpt>
<trkpt lat="37.065614" lon="-121.840918"><ele>682.5</ele><time>2021-06-20T13:27:01Z</time></trkpt>
<trkpt lat="37.065522" lon="-121.841024"><ele>683.5</ele><time>2021-06-20T13:27:08Z</time></trkpt>
<trkpt lat="37.065462" lon="-121.841015"><ele>683.9</ele><time>2021-06-20T13:27:11Z</time></trkpt>
<trkpt lat="37.065364" lon="-121.841063"><ele>684.7</ele><time>2021-06-20T13:27:14Z</time></trkpt>
<trkpt lat="37.065262" lon="-121.840944"><ele>685.6</ele><time>2021-06-20T13:27:20Z</time></trkpt>
<trkpt lat="37.065234" lon="-121.840951"><ele>685.8</ele><time>2021-06-20T13:27:21Z</time></trkpt>
<trkpt lat="37.065274" lon="-121.840933"><ele>686.1</ele><time>2021-06-20T13:27:23Z</time></trkpt>
<trkpt lat="37.065192" lon="-121.840944"><ele>686.5</ele><time>2021-06-20T13:27:26Z</time></trkpt>
<trkpt lat="37.065193" lon="-121.840994"><ele>686.8</ele><time>2021-06-20T13:27:28Z</time></trkpt>
<trkpt lat="37.065156" lon="-121.840969"><ele>687.0</ele><time>2021-06-20T13:27:30Z</time></trkpt>
<trkpt lat="37.065191" lon="-121.841030"><ele>687.4</ele><time>2021-06-20T13:27:36Z</time></trkpt>
<trkpt lat="37.065165" lon="-121.841052"><ele>687.5</ele><time>2021-06-20T13:27:38Z</time></trkpt>
<trkpt lat="37.065206" lon="-121.841042"><ele>687.8</ele><time>2021-06-20T13:27:39Z</time></trkpt>
<trkpt lat="37.065131" lon="-121.840977"><ele>688.2</ele><time>2021-06-20T13:27:45Z</time></trkpt>
<trkpt lat="37.065096" lon="-121.840986"><ele>688.4</ele><time>2021-06-20T13:27:46Z</time></trkpt>
<trkpt lat="37.065118" lon="-121.841011"><ele>688.6</ele><time>2021-06-20T13:27:48Z</time></trkpt>
<trkpt lat="37.065049" lon="-121.840967"><ele>688.9</ele><time>2021-06-20T13:27:51Z</time></trkpt>
<trkpt lat="37.065012" lon="-121.841010"><ele>688.9</ele><time>2021-06-20T13:27:55Z</time></trkpt>
<trkpt lat="37.064996" lon="-121.840974"><ele>688.6</ele><time>2021-06-20T13:27:56Z</time></trkpt>
<trkpt lat="37.064992" lon="-121.841015"><ele>688.3</ele><time>2021-06-20T13:27:59Z</time></trkpt>
<trkpt lat="37.065006" lon="-121.840923"><ele>687.7</ele><time>2021-06-20T13:28:02Z</time></trkpt>
<trkpt lat="37.065058" lon="-121.841074"><ele>686.6</ele><time>2021-06-20T13:28:08Z</time></trkpt>
<trkpt lat="37.065082" lon="-121.841021"><ele>686.2</ele><time>2021-06-20T13:28:09Z</time></trkpt>
<trkpt lat="37.065132" lon="-121.841021"><ele>685.7</ele><time>2021-06-20T13:28:12Z</time></trkpt>
<trkpt lat="37.065048" lon="-121.841007"><ele>685.0</ele><time>2021-06-20T13:28:13Z</time></trkpt>
<trkpt lat="37.064801" lon="-121.841082"><ele>683.1</ele><time>2021-06-20T13:28:18Z</time></trkpt>
<trkpt lat="37.064726" lon="-121.841207"><ele>682.2</ele><time>2021-06-20T13:28:20Z</time></trkpt>
<trkpt lat="37.064614" lon="-121.841288"><ele>681.4</ele><time>2021-06-20T13:28:21Z</time></trkpt>
<trkpt lat="37.064454" lon="-121.841475"><ele>680.2</ele><time>2021-06-20T13:28:25Z</time></trkpt>
<trkpt lat="37.064294" lon="-121.841558"><ele>679.6</ele><time>2021-06-20T13:28:28Z</time></trkpt>
<trkpt lat="37.063829" lon="-121.841513"><ele>678.8</ele><time>2021-06-20T13:28:31Z</time></trkpt>
<trkpt lat="37.063758" lon="-121.841477"><ele>678.8</ele><time>2021-06-20T13:28:32Z</time></trkpt>
<trkpt lat="37.064114" lon="-121.841186"><ele>679.5</ele><time>2021-06-20T13:28:34Z</time></trkpt>
<trkpt lat="37.064102" lon="-121.841221"><ele>679.6</ele><time>2021-06-20T13:28:35Z</time></trkpt>
<trkpt lat="37.063864" lon="-121.841094"><ele>680.2</ele><time>2021-06-20T13:28:42Z</time></trkpt>
<trkpt lat="37.063868" lon="-121.840818"><ele>680.6</ele><time>2021-06-20T13:28:50Z</time></trkpt>
<trkpt lat="37.063844" lon="-121.840759"><ele>680.8</ele><time>2021-06-20T13:28:54Z</time></trkpt>
<trkpt lat="37.063681" lon="-121.840760"><ele>680.9</ele><time>2021-06-20T13:28:59Z</time></trkpt>
<trkpt lat="37.063629" lon="-121.840646"><ele>681.0</ele><time>2021-06-20T13:29:07Z</time></trkpt>
<trkpt lat="37.063661" lon="-121.840569"><ele>681.1</ele><time>2021-06-20T13:29:08Z</time></trkpt>
<trkpt lat="37.063630" lon="-121.840513"><ele>681.1</ele><time>2021-06-20T13:29:09Z</time></trkpt>
<trkpt lat="37.063672" lon="-121.840484"><ele>681.2</ele><time>2021-06-20T13:29:10Z</time></trkpt>
<trkpt lat="37.063660" lon="-121.840448"><ele>681.2</ele><time>2021-06-20T13:29:11Z</time></trkpt>
<trkpt lat="37.063480" lon="-121.840366"><ele>681.5</ele><time>2021-06-20T13:29:14Z</time></trkpt>
<trkpt lat="37.063497" lon="-121.840283"><ele>681.6</ele><time>2021-06-20T13:29:18Z</time></trkpt>
<trkpt lat="37.063447" lon="-121.840303"><ele>681.8</ele><time>2021-06-20T13:29:25Z</time></trkpt>
<trkpt lat="37.063398" lon="-121.840267"><ele>681.9</ele><time>2021-06-20T13:29:26Z</time></trkpt>
<trkpt lat="37.063180" lon="-121.840242"><ele>682.6</ele><time>2021-06-20T13:29:30Z</time></trkpt>
<trkpt lat="37.063109" lon="-121.840288"><ele>682.9</ele><time>2021-06-20T13:29:33Z</time></trkpt>
<trkpt lat="37.062996" lon="-121.840279"><ele>683.3</ele><time>2021-06-20T13:29:36Z</time></trkpt>
<trkpt lat="37.063020" lon="-121.840259"><ele>683.3</ele><time>2021-06-20T13:29:37Z</time></trkpt>
<trkpt lat="37.063084" lon="-121.840300"><ele>683.5</ele><time>2021-06-20T13:29:42Z</time></trkpt>
<trkpt lat="37.062974" lon="-121.840315"><ele>683.7</ele><time>2021-06-20T13:29:44Z</time></trkpt>
<trkpt lat="37.062986" lon="-121.840348"><ele>683.7</ele><time>2021-06-20T13:29:46Z</time></trkpt>
<trkpt lat="37.062745" lon="-121.840523"><ele>684.0</ele><time>2021-06-20T13:29:59Z</time></trkpt>
<trkpt lat="37.062632" lon="-121.840531"><ele>684.0</ele><time>2021-06-20T13:30:02Z</time></trkpt>
<trkpt lat="37.062512" lon="-121.840482"><ele>684.1</ele><time>2021-06-20T13:30:06Z</time></trkpt>
<trkpt lat="37.062399" lon="-121.840512"><ele>684.2</ele><time>2021-06-20T13:30:12Z</time></trkpt>
<trkpt lat="37.062042" lon="-121.840453"><ele>684.8</ele><time>2021-06-20T13:30:20Z</time></trkpt>
<trkpt lat="37.061961" lon="-121.840389"><ele>685.0</ele><time>2021-06-20T13:30:23Z</time></trkpt>
<trkpt lat="37.061889" lon="-121.840415"><ele>685.1</ele><time>2021-06-20T13:30:26Z</time></trkpt>
<trkpt lat="37.061642" lon="-121.840320"><ele>685.2</ele><time>2021-06-20T13:30:33Z</time></trkpt>
<trkpt lat="37.061647" lon="-121.840369"><ele>685.2</ele><time>2021-06-20T13:30:34Z</time></trkpt>
<trkpt lat="37.061719" lon="-121.840357"><ele>685.2</ele><time>2021-06-20T13:30:37Z</time></trkpt>
<trkpt lat="37.061796" lon="-121.840465"><ele>685.1</ele><time>2021-06-20T13:30:44Z</time></trkpt>
<trkpt lat="37.061862" lon="-121.840409"><ele>685.1</ele><time>2021-06-20T13:30:47Z</time></trkpt>
<trkpt lat="37.062011" lon="-121.840600"><ele>687.0</ele><time>2021-06-20T13:30:58Z</time></trkpt>
<trkpt lat="37.062044" lon="-121.840601"><ele>687.3</ele><time>2021-06-20T13:31:00Z</time></trkpt>
<trkpt lat="37.062069" lon="-121.840700"><ele>688.0</ele><time>2021-06-20T13:31:07Z</time></trkpt>
<trkpt lat="37.062189" lon="-121.840729"><ele>689.1</ele><time>2021-06-20T13:31:14Z</time></trkpt>
<trkpt lat="37.062402" lon="-121.840977"><ele>691.7</ele><time>2021-06-20T13:31:37Z</time></trkpt>
<trkpt lat="37.062515" lon="-121.841017"><ele>692.6</ele><time>2021-06-20T13:31:43Z</time></trkpt>
<trkpt lat="37.062717" lon="-121.841188"><ele>693.6</ele><time>2021-06-20T13:31:54Z</time></trkpt>
<trkpt lat="37.062758" lon="-121.841342"><ele>693.8</ele><time>2021-06-20T13:31:58Z</time></trkpt>
<trkpt lat="37.062737" lon="-121.841446"><ele>694.0</ele><time>2021-06-20T13:32:01Z</time></trkpt>
<trkpt lat="37.062755" lon="-121.841544"><ele>694.2</ele><time>2021-06-20T13:32:06Z</time></trkpt>
<trkpt lat="37.062806" lon="-121.841589"><ele>694.4</ele><time>2021-06-20T13:32:08Z</time></trkpt>
<trkpt lat="37.062875" lon="-121.841776"><ele>694.8</ele><time>2021-06-20T13:32:14Z</time></trkpt>
<trkpt lat="37.062933" lon="-121.841798"><ele>695.0</ele><time>2021-06-20T13:32:15Z</time></trkpt>
<trkpt lat="37.062918" lon="-121.841925"><ele>695.4</ele><time>2021-06-20T13:32:18Z</time></trkpt>
<trkpt lat="37.062991" lon="-121.842029"><ele>696.2</ele><time>2021-06-20T13:32:27Z</time></trkpt>
<trkpt lat="37.063055" lon="-121.842059"><ele>696.7</ele><time>2021-06-20T13:32:31Z</time></trkpt>
<trkpt lat="37.063163" lon="-121.842232"><ele>698.1</ele><time>2021-06-20T13:32:38Z</time></trkpt>
<trkpt lat="37.063101" lon="-121.842348"><ele>699.2</ele><time>2021-06-20T13:32:44Z</time></trkpt>
<trkpt lat="37.063113" lon="-121.842371"><ele>699.6</ele><time>2021-06-20T13:32:47Z</time></trkpt>
<trkpt lat="37.063057" lon="-121.842403"><ele>700.3</ele><time>2021-06-20T13:32:52Z</time></trkpt>
<trkpt lat="37.063141" lon="-121.842477"><ele>701.6</ele><time>2021-06-20T13:33:02Z</time></trkpt>
<trkpt lat="37.063191" lon="-121.842455"><ele>702.1</ele><time>2021-06-20T13:33:05Z</time></trkpt>
<trkpt lat="37.063198" lon="-121.842496"><ele>702.4</ele><time>2021-06-20T13:33:06Z</time></trkpt>
<trkpt lat="37.063187" lon="-121.842443"><ele>702.9</ele><time>2021-06-20T13:33:07Z</time></trkpt>
<trkpt lat="37.063249" lon="-121.842586"><ele>704.4</ele><time>2021-06-20T13:33:11Z</time></trkpt>
<trkpt lat="37.063341" lon="-121.842602"><ele>705.7</ele><time>2021-06-20T13:33:15Z</time></trkpt>
<trkpt lat="37.063301" lon="-121.842565"><ele>706.8</ele><time>2021-06-20T13:33:17Z</time></trkpt>
<trkpt lat="37.063374" lon="-121.842629"><ele>708.3</ele><time>2021-06-20T13:33:21Z</time></trkpt>
<trkpt lat="37.063431" lon="-121.842794"><ele>710.6</ele><time>2021-06-20T13:33:28Z</time></trkpt>
<trkpt lat="37.063472" lon="-121.842751"><ele>711.4</ele><time>2021-06-20T13:33:30Z</time></trkpt>
<trkpt lat="37.063479" lon="-121.842661"><ele>712.2</ele><time>2021-06-20T13:33:32Z</time></trkpt>
<trkpt lat="37.063433" lon="-121.842695"><ele>712.8</ele><time>2021-06-20T13:33:34Z</time></trkpt>
<trkpt lat="37.063460" lon="-121.842757"><ele>713.4</ele><time>2021-06-20T13:33:37Z</time></trkpt>
<trkpt lat="37.063407" lon="-121.842618"><ele>714.4</ele><time>2021-06-20T13:33:41Z</time></trkpt>
<trkpt lat="37.063450" lon="-121.842684"><ele>715.0</ele><time>2021-06-20T13:33:48Z</time></trkpt>
<trkpt lat="37.063643" lon="-121.842829"><ele>716.3</ele><time>2021-06-20T13:34:01Z</time></trkpt>
<trkpt lat="37.063643" lon="-121.842788"><ele>716.5</ele><time>2021-06-20T13:34:03Z</time></trkpt>
<trkpt lat="37.063774" lon="-121.842932"><ele>717.7</ele><time>2021-06-20T13:34:06Z</time></trkpt>
<trkpt lat="37.063756" lon="-121.842889"><ele>718.0</ele><time>2021-06-20T13:34:07Z</time></trkpt>
<trkpt lat="37.063811" lon="-121.842936"><ele>718.5</ele><time>2021-06-20T13:34:08Z</time></trkpt>
<trkpt lat="37.063814" lon="-121.843030"><ele>719.1</ele><time>2021-06-20T13:34:12Z</time></trkpt>
<trkpt lat="37.063820" lon="-121.842985"><ele>719.5</ele><time>2021-06-20T13:34:13Z</time></trkpt>
<trkpt lat="37.063901" lon="-121.843051"><ele>720.3</ele><time>2021-06-20T13:34:15Z</time></trkpt>
<trkpt lat="37.063907" lon="-121.843190"><ele>721.4</ele><time>2021-06-20T13:34:23Z</time></trkpt>
<trkpt lat="37.063993" lon="-121.843183"><ele>722.2</ele><time>2021-06-20T13:34:26Z</time></trkpt>
<trkpt lat="37.064034" lon="-121.843278"><ele>723.0</ele><time>2021-06-20T13:34:28Z</time></trkpt>
<trkpt lat="37.063967" lon="-121.843306"><ele>723.6</ele><time>2021-06-20T13:34:33Z</time></trkpt>
<trkpt lat="37.064100" lon="-121.843213"><ele>724.7</ele><time>2021-06-20T13:34:37Z</time></trkpt>
<trkpt lat="37.064177" lon="-121.843344"><ele>725.1</ele><time>2021-06-20T13:34:44Z</time></trkpt>
<trkpt lat="37.064227" lon="-121.843346"><ele>725.1</ele><time>2021-06-20T13:34:48Z</time></trkpt>
<trkpt lat="37.064293" lon="-121.843442"><ele>724.9</ele><time>2021-06-20T13:34:54Z</time></trkpt>
<trkpt lat="37.064232" lon="-121.843468"><ele>724.6</ele><time>2021-06-20T13:35:03Z</time></trkpt>
<trkpt lat="37.064357" lon="-121.843723"><ele>723.1</ele><time>2021-06-20T13:35:17Z</time></trkpt>
<trkpt lat="37.064332" lon="-121.843905"><ele>721.8</ele><time>2021-06-20T13:35:25Z</time></trkpt>
<trkpt lat="37.064399" lon="-121.844022"><ele>720.8</ele><time>2021-06-20T13:35:28Z</time></trkpt>
<trkpt lat="37.064383" lon="-121.844095"><ele>720.4</ele><time>2021-06-20T13:35:29Z</time></trkpt>
<trkpt lat="37.064455" lon="-121.844204"><ele>719.5</ele><time>2021-06-20T13:35:30Z</time></trkpt>
<trkpt lat="37.064467" lon="-121.844274"><ele>719.1</ele><time>2021-06-20T13:35:31Z</time></trkpt>
<trkpt lat="37.064442" lon="-121.844316"><ele>718.8</ele><time>2021-06-20T13:35:32Z</time></trkpt>
<trkpt lat="37.064503" lon="-121.844358"><ele>718.3</ele><time>2021-06-20T13:35:33Z</time></trkpt>
<trkpt lat="37.064432" lon="-121.844504"><ele>717.4</ele><time>2021-06-20T13:35:36Z</time></trkpt>
<trkpt lat="37.064586" lon="-121.844702"><ele>716.1</ele><time>2021-06-20T13:35:40Z</time></trkpt>
<trkpt lat="37.064459" lon="-121.844880"><ele>715.0</ele><time>2021-06-20T13:35:42Z</time></trkpt>
<trkpt lat="37.064524" lon="-121.844967"><ele>714.6</ele><time>2021-06-20T13:35:46Z</time></trkpt>
<trkpt lat="37.064462" lon="-121.845292"><ele>713.8</ele><time>2021-06-20T13:35:49Z</time></trkpt>
<trkpt lat="37.064638" lon="-121.845828"><ele>714.0</ele><time>2021-06-20T13:35:59Z</time></trkpt>
<trkpt lat="37.064736" lon="-121.846007"><ele>714.3</ele><time>2021-06-20T13:36:06Z</time></trkpt>
<trkpt lat="37.064801" lon="-121.846045"><ele>714.5</ele><time>2021-06-20T13:36:10Z</time></trkpt>
<trkpt lat="37.064852" lon="-121.846239"><ele>714.6</ele><time>2021-06-20T13:36:13Z</time></trkpt>
<trkpt lat="37.064834" lon="-121.846295"><ele>714.6</ele><time>2021-06-20T13:36:15Z</time></trkpt>
<trkpt lat="37.064890" lon="-121.846324"><ele>714.5</ele><time>2021-06-20T13:36:20Z</time></trkpt>
<trkpt lat="37.064860" lon="-121.846362"><ele>714.3</ele><time>2021-06-20T13:36:22Z</time></trkpt>
<trkpt lat="37.064880" lon="-121.846411"><ele>714.2</ele><time>2021-06-20T13:36:23Z</time></trkpt>
<trkpt lat="37.064858" lon="-121.846413"><ele>714.0</ele><time>2021-06-20T13:36:25Z</time></trkpt>
<trkpt lat="37.064931" lon="-121.846350"><ele>713.3</ele><time>2021-06-20T13:36:33Z</time></trkpt>
<trkpt lat="37.065001" lon="-121.846555"><ele>712.0</ele><time>2021-06-20T13:36:36Z</time></trkpt>
<trkpt lat="37.065041" lon="-121.846539"><ele>711.6</ele><time>2021-06-20T13:36:37Z</time></trkpt>
<trkpt lat="37.065049" lon="-121.846773"><ele>710.2</ele><time>2021-06-20T13:36:39Z</time></trkpt>
<trkpt lat="37.065195" lon="-121.847002"><ele>708.3</ele><time>2021-06-20T13:36:47Z</time></trkpt>
<trkpt lat="37.065212" lon="-121.847095"><ele>707.7</ele><time>2021-06-20T13:36:50Z</time></trkpt>
<trkpt lat="37.065178" lon="-121.847147"><ele>707.3</ele><time>2021-06-20T13:36:51Z</time></trkpt>
<trkpt lat="37.065151" lon="-121.847355"><ele>705.9</ele><time>2021-06-20T13:36:55Z</time></trkpt>
<trkpt lat="37.065117" lon="-121.847373"><ele>705.6</ele><time>2021-06-20T13:36:59Z</time></trkpt>
<trkpt lat="37.065181" lon="-121.847592"><ele>704.8</ele><time>2021-06-20T13:37:02Z</time></trkpt>
<trkpt lat="37.065154" lon="-121.847711"><ele>704.5</ele><time>2021-06-20T13:37:03Z</time></trkpt>
<trkpt lat="37.065232" lon="-121.847753"><ele>704.3</ele><time>2021-06-20T13:37:04Z</time></trkpt>
<trkpt lat="37.065218" lon="-121.847913"><ele>704.2</ele><time>2021-06-20T13:37:06Z</time></trkpt>
<trkpt lat="37.065100" lon="-121.848178"><ele>704.7</ele><time>2021-06-20T13:37:15Z</time></trkpt>
<trkpt lat="37.065147" lon="-121.848475"><ele>705.7</ele><time>2021-06-20T13:37:23Z</time></trkpt>
<trkpt lat="37.065112" lon="-121.848479"><ele>705.9</ele><time>2021-06-20T13:37:25Z</time></trkpt>
<trkpt lat="37.065121" lon="-121.848521"><ele>706.1</ele><time>2021-06-20T13:37:27Z</time></trkpt>
<trkpt lat="37.064987" lon="-121.848810"><ele>706.9</ele><time>2021-06-20T13:37:35Z</time></trkpt>
<trkpt lat="37.065067" lon="-121.848918"><ele>707.1</ele><time>2021-06-20T13:37:36Z</time></trkpt>
<trkpt lat="37.065164" lon="-121.848976"><ele>707.1</ele><time>2021-06-20T13:37:39Z</time></trkpt>
<trkpt lat="37.065065" lon="-121.849065"><ele>707.1</ele><time>2021-06-20T13:37:41Z</time></trkpt>
<trkpt lat="37.065025" lon="-121.849169"><ele>707.0</ele><time>2021-06-20T13:37:43Z</time></trkpt>
<trkpt lat="37.064918" lon="-121.849293"><ele>706.8</ele><time>2021-06-20T13:37:45Z</time></trkpt>
<trkpt lat="37.064862" lon="-121.849269"><ele>706.7</ele><time>2021-06-20T13:37:47Z</time></trkpt>
<trkpt lat="37.065014" lon="-121.849559"><ele>706.6</ele><time>2021-06-20T13:37:52Z</time></trkpt>
<trkpt lat="37.065003" lon="-121.849831"><ele>706.9</ele><time>2021-06-20T13:37:58Z</time></trkpt>
<trkpt lat="37.064903" lon="-121.850001"><ele>707.2</ele><time>2021-06-20T13:38:03Z</time></trkpt>
<trkpt lat="37.064900" lon="-121.850088"><ele>707.3</ele><time>2021-06-20T13:38:06Z</time></trkpt>
<trkpt lat="37.064977" lon="-121.850272"><ele>707.8</ele><time>2021-06-20T13:38:12Z</time></trkpt>
<trkpt lat="37.064956" lon="-121.850206"><ele>708.0</ele><time>2021-06-20T13:38:13Z</time></trkpt>
<trkpt lat="37.064924" lon="-121.850229"><ele>708.2</ele><time>2021-06-20T13:38:14Z</time></trkpt>
<trkpt lat="37.064936" lon="-121.850196"><ele>708.3</ele><time>2021-06-20T13:38:15Z</time></trkpt>
<trkpt lat="37.065015" lon="-121.850286"><ele>708.9</ele><time>2021-06-20T13:38:23Z</time></trkpt>
<trkpt lat="37.065070" lon="-121.850302"><ele>709.2</ele><time>2021-06-20T13:38:29Z</time></trkpt>
<trkpt lat="37.065044" lon="-121.850216"><ele>709.7</ele><time>2021-06-20T13:38:31Z</time></trkpt>
<trkpt lat="37.065172" lon="-121.850318"><ele>710.9</ele><time>2021-06-20T13:38:35Z</time></trkpt>
<trkpt lat="37.065206" lon="-121.850266"><ele>711.3</ele><time>2021-06-20T13:38:38Z</time></trkpt>
<trkpt lat="37.065261" lon="-121.850299"><ele>711.9</ele><time>2021-06-20T13:38:44Z</time></trkpt>
<trkpt lat="37.065336" lon="-121.850425"><ele>713.1</ele><time>2021-06-20T13:38:48Z</time></trkpt>
<trkpt lat="37.065404" lon="-121.850445"><ele>713.7</ele><time>2021-06-20T13:38:52Z</time></trkpt>
<trkpt lat="37.065481" lon="-121.850406"><ele>714.4</ele><time>2021-06-20T13:38:59Z</time></trkpt>
<trkpt lat="37.065556" lon="-121.850437"><ele>715.0</ele><time>2021-06-20T13:39:02Z</time></trkpt>
<trkpt lat="37.065610" lon="-121.850396"><ele>715.4</ele><time>2021-06-20T13:39:06Z</time></trkpt>
<trkpt lat="37.065586" lon="-121.850361"><ele>715.6</ele><time>2021-06-20T13:39:07Z</time></trkpt>
<trkpt lat="37.065710" lon="-121.850422"><ele>716.1</ele><time>2021-06-20T13:39:15Z</time></trkpt>
<trkpt lat="37.065780" lon="-121.850395"><ele>716.2</ele><time>2021-06-20T13:39:16Z</time></trkpt>
<trkpt lat="37.065766" lon="-121.850343"><ele>716.2</ele><time>2021-06-20T13:39:17Z</time></trkpt>
<trkpt lat="37.065973" lon="-121.850499"><ele>715.8</ele><time>2021-06-20T13:39:23Z</time></trkpt>
<trkpt lat="37.066113" lon="-121.850547"><ele>715.2</ele><time>2021-06-20T13:39:29Z</time></trkpt>
<trkpt lat="37.066162" lon="-121.850490"><ele>714.9</ele><time>2021-06-20T13:39:30Z</time></trkpt>
<trkpt lat="37.066216" lon="-121.850483"><ele>714.6</ele><time>2021-06-20T13:39:31Z</time></trkpt>
<trkpt lat="37.066253" lon="-121.850499"><ele>714.4</ele><time>2021-06-20T13:39:32Z</time></trkpt>
<trkpt lat="37.066177" lon="-121.850492"><ele>714.0</ele><time>2021-06-20T13:39:33Z</time></trkpt>
<trkpt lat="37.066465" lon="-121.850639"><ele>711.8</ele><time>2021-06-20T13:39:36Z</time></trkpt>
<trkpt lat="37.066427" lon="-121.850625"><ele>711.5</ele><time>2021-06-20T13:39:37Z</time></trkpt>
<trkpt lat="37.066441" lon="-121.850591"><ele>711.3</ele><time>2021-06-20T13:39:38Z</time></trkpt>
<trkpt lat="37.066509" lon="-121.850686"><ele>710.7</ele><time>2021-06-20T13:39:40Z</time></trkpt>
<trkpt lat="37.066480" lon="-121.850712"><ele>710.5</ele><time>2021-06-20T13:39:41Z</time></trkpt>
<trkpt lat="37.066549" lon="-121.850694"><ele>710.2</ele><time>2021-06-20T13:39:43Z</time></trkpt>
<trkpt lat="37.066497" lon="-121.850731"><ele>710.0</ele><time>2021-06-20T13:39:44Z</time></trkpt>
<trkpt lat="37.066645" lon="-121.850688"><ele>709.5</ele><time>2021-06-20T13:39:49Z</time></trkpt>
<trkpt lat="37.066691" lon="-121.850746"><ele>709.3</ele><time>2021-06-20T13:39:52Z</time></trkpt>
<trkpt lat="37.066787" lon="-121.851184"><ele>707.8</ele><time>2021-06-20T13:39:58Z</time></trkpt>
<trkpt lat="37.066821" lon="-121.851219"><ele>707.7</ele><time>2021-06-20T13:39:59Z</time></trkpt>
<trkpt lat="37.066922" lon="-121.851296"><ele>707.4</ele><time>2021-06-20T13:40:03Z</time></trkpt>
<trkpt lat="37.067062" lon="-121.851303"><ele>707.2</ele><time>2021-06-20T13:40:06Z</time></trkpt>
<trkpt lat="37.067128" lon="-121.851369"><ele>707.1</ele><time>2021-06-20T13:40:08Z</time></trkpt>
<trkpt lat="37.067233" lon="-121.851402"><ele>707.0</ele><time>2021-06-20T13:40:11Z</time></trkpt>
<trkpt lat="37.067273" lon="-121.851488"><ele>706.9</ele><time>2021-06-20T13:40:14Z</time></trkpt>
<trkpt lat="37.067242" lon="-121.851529"><ele>706.9</ele><time>2021-06-20T13:40:15Z</time></trkpt>
<trkpt lat="37.067410" lon="-121.851677"><ele>706.7</ele><time>2021-06-20T13:40:19Z</time></trkpt>
<trkpt lat="37.067563" lon="-121.851674"><ele>706.6</ele><time>2021-06-20T13:40:25Z</time></trkpt>
<trkpt lat="37.067659" lon="-121.851727"><ele>706.5</ele><time>2021-06-20T13:40:27Z</time></trkpt>
<trkpt lat="37.067732" lon="-121.851678"><ele>706.6</ele><time>2021-06-20T13:40:31Z</time></trkpt>
<trkpt lat="37.067704" lon="-121.851665"><ele>706.6</ele><time>2021-06-20T13:40:33Z</time></trkpt>
<trkpt lat="37.067768" lon="-121.851569"><ele>706.8</ele><time>2021-06-20T13:40:52Z</time></trkpt>
<trkpt lat="37.067777" lon="-121.851509"><ele>706.9</ele><time>2021-06-20T13:40:54Z</time></trkpt>
<trkpt lat="37.067765" lon="-121.851548"><ele>707.0</ele><time>2021-06-20T13:40:56Z</time></trkpt>
<trkpt lat="37.067755" lon="-121.851523"><ele>707.1</ele><time>2021-06-20T13:40:57Z</time></trkpt>
<trkpt lat="37.067764" lon="-121.851617"><ele>707.3</ele><time>2021-06-20T13:41:04Z</time></trkpt>
<trkpt lat="37.067732" lon="-121.851578"><ele>707.5</ele><time>2021-06-20T13:41:15Z</time></trkpt>
<trkpt lat="37.067740" lon="-121.851542"><ele>707.6</ele><time>2021-06-20T13:41:18Z</time></trkpt>
<trkpt lat="37.067764" lon="-121.851552"><ele>707.7</ele><time>2021-06-20T13:41:21Z</time></trkpt>
<trkpt lat="37.067783" lon="-121.851514"><ele>707.9</ele><time>2021-06-20T13:41:23Z</time></trkpt>
<trkpt lat="37.067832" lon="-121.851536"><ele>708.1</ele><time>2021-06-20T13:41:25Z</time></trkpt>
<trkpt lat="37.067874" lon="-121.851480"><ele>708.4</ele><time>2021-06-20T13:41:28Z</time></trkpt>
<trkpt lat="37.067980" lon="-121.851464"><ele>708.9</ele><time>2021-06-20T13:41:32Z</time></trkpt>
<trkpt lat="37.068046" lon="-121.851407"><ele>709.2</ele><time>2021-06-20T13:41:40Z</time></trkpt>
<trkpt lat="37.068100" lon="-121.851421"><ele>709.5</ele><time>2021-06-20T13:41:45Z</time></trkpt>
<trkpt lat="37.068169" lon="-121.851350"><ele>710.0</ele><time>2021-06-20T13:41:47Z</time></trkpt>
<trkpt lat="37.068409" lon="-121.851498"><ele>711.6</ele><time>2021-06-20T13:41:55Z</time></trkpt>
<trkpt lat="37.068484" lon="-121.851495"><ele>712.0</ele><time>2021-06-20T13:41:59Z</time></trkpt>
<trkpt lat="37.068507" lon="-121.851434"><ele>712.4</ele><time>2021-06-20T13:42:02Z</time></trkpt>
<trkpt lat="37.068604" lon="-121.851444"><ele>713.1</ele><time>2021-06-20T13:42:05Z</time></trkpt>
<trkpt lat="37.068687" lon="-121.851382"><ele>713.9</ele><time>2021-06-20T13:42:10Z</time></trkpt>
<trkpt lat="37.068762" lon="-121.851377"><ele>714.6</ele><time>2021-06-20T13:42:12Z</time></trkpt>
<trkpt lat="37.068754" lon="-121.851427"><ele>714.9</ele><time>2021-06-20T13:42:15Z</time></trkpt>
<trkpt lat="37.068845" lon="-121.851359"><ele>715.9</ele><time>2021-06-20T13:42:18Z</time></trkpt>
<trkpt lat="37.068873" lon="-121.851364"><ele>716.2</ele><time>2021-06-20T13:42:21Z</time></trkpt>
<trkpt lat="37.068884" lon="-121.851462"><ele>716.8</ele><time>2021-06-20T13:42:24Z</time></trkpt>
<trkpt lat="37.068938" lon="-121.851426"><ele>717.4</ele><time>2021-06-20T13:42:26Z</time></trkpt>
<trkpt lat="37.068973" lon="-121.851482"><ele>717.9</ele><time>2021-06-20T13:42:29Z</time></trkpt>
<trkpt lat="37.069103" lon="-121.851415"><ele>719.2</ele><time>2021-06-20T13:42:37Z</time></trkpt>
<trkpt lat="37.069089" lon="-121.851469"><ele>719.6</ele><time>2021-06-20T13:42:39Z</time></trkpt>
<trkpt lat="37.069198" lon="-121.851390"><ele>720.6</ele><time>2021-06-20T13:42:57Z</time></trkpt>
<trkpt lat="37.069426" lon="-121.851387"><ele>722.4</ele><time>2021-06-20T13:43:07Z</time></trkpt>
<trkpt lat="37.069460" lon="-121.851325"><ele>722.9</ele><time>2021-06-20T13:43:10Z</time></trkpt>
<trkpt lat="37.069439" lon="-121.851221"><ele>723.7</ele><time>2021-06-20T13:43:13Z</time></trkpt>
<trkpt lat="37.069391" lon="-121.851239"><ele>724.1</ele><time>2021-06-20T13:43:17Z</time></trkpt>
<trkpt lat="37.069490" lon="-121.851176"><ele>724.9</ele><time>2021-06-20T13:43:24Z</time></trkpt>
<trkpt lat="37.069474" lon="-121.851098"><ele>725.5</ele><time>2021-06-20T13:43:27Z</time></trkpt>
<trkpt lat="37.069456" lon="-121.851115"><ele>725.7</ele><time>2021-06-20T13:43:30Z</time></trkpt>
<trkpt lat="37.069501" lon="-121.851017"><ele>726.1</ele><time>2021-06-20T13:43:34Z</time></trkpt>
<trkpt lat="37.069447" lon="-121.851172"><ele>726.6</ele><time>2021-06-20T13:43:38Z</time></trkpt>
<trkpt lat="37.069473" lon="-121.851113"><ele>726.8</ele><time>2021-06-20T13:43:39Z</time></trkpt>
<trkpt lat="37.069557" lon="-121.851056"><ele>727.0</ele><time>2021-06-20T13:43:40Z</time></trkpt>
<trkpt lat="37.069570" lon="-121.851010"><ele>727.1</ele><time>2021-06-20T13:43:41Z</time></trkpt>
<trkpt lat="37.069535" lon="-121.850981"><ele>727.3</ele><time>2021-06-20T13:43:44Z</time></trkpt>
<trkpt lat="37.069563" lon="-121.850972"><ele>727.3</ele><time>2021-06-20T13:43:45Z</time></trkpt>
<trkpt lat="37.069585" lon="-121.850893"><ele>727.5</ele><time>2021-06-20T13:43:50Z</time></trkpt>
<trkpt lat="37.069730" lon="-121.850816"><ele>728.0</ele><time>2021-06-20T13:43:56Z</time></trkpt>
<trkpt lat="37.069752" lon="-121.850841"><ele>728.1</ele><time>2021-06-20T13:43:59Z</time></trkpt>
<trkpt lat="37.069798" lon="-121.850721"><ele>728.4</ele><time>2021-06-20T13:44:04Z</time></trkpt>
<trkpt lat="37.069916" lon="-121.850692"><ele>728.7</ele><time>2021-06-20T13:44:06Z</time></trkpt>
<trkpt lat="37.069978" lon="-121.850606"><ele>728.8</ele><time>2021-06-20T13:44:10Z</time></trkpt>
<trkpt lat="37.069958" lon="-121.850567"><ele>728.9</ele><time>2021-06-20T13:44:12Z</time></trkpt>
<trkpt lat="37.069983" lon="-121.850483"><ele>729.0</ele><time>2021-06-20T13:44:15Z</time></trkpt>
<trkpt lat="37.070044" lon="-121.850449"><ele>729.2</ele><time>2021-06-20T13:44:19Z</time></trkpt>
<trkpt lat="37.069958" lon="-121.850454"><ele>729.4</ele><time>2021-06-20T13:44:20Z</time></trkpt>
<trkpt lat="37.069965" lon="-121.850208"><ele>729.8</ele><time>2021-06-20T13:44:24Z</time></trkpt>
<trkpt lat="37.069999" lon="-121.850106"><ele>730.0</ele><time>2021-06-20T13:44:28Z</time></trkpt>
<trkpt lat="37.070101" lon="-121.850001"><ele>730.5</ele><time>2021-06-20T13:44:36Z</time></trkpt>
<trkpt lat="37.070071" lon="-121.849964"><ele>730.7</ele><time>2021-06-20T13:44:39Z</time></trkpt>
<trkpt lat="37.070095" lon="-121.849938"><ele>730.8</ele><time>2021-06-20T13:44:40Z</time></trkpt>
<trkpt lat="37.070075" lon="-121.849938"><ele>730.9</ele><time>2021-06-20T13:44:41Z</time></trkpt>
<trkpt lat="37.070075" lon="-121.849885"><ele>731.2</ele><time>2021-06-20T13:44:46Z</time></trkpt>
<trkpt lat="37.070098" lon="-121.849878"><ele>731.3</ele><time>2021-06-20T13:44:47Z</time></trkpt>
<trkpt lat="37.070084" lon="-121.849780"><ele>731.6</ele><time>2021-06-20T13:44:53Z</time></trkpt>
<trkpt lat="37.070110" lon="-121.849748"><ele>731.8</ele><time>2021-06-20T13:44:54Z</time></trkpt>
<trkpt lat="37.070188" lon="-121.849681"><ele>731.9</ele><time>2021-06-20T13:44:59Z</time></trkpt>
<trkpt lat="37.070359" lon="-121.849631"><ele>732.4</ele><time>2021-06-20T13:45:06Z</time></trkpt>
<trkpt lat="37.070595" lon="-121.849871"><ele>734.0</ele><time>2021-06-20T13:45:22Z</time></trkpt>
<trkpt lat="37.070655" lon="-121.849879"><ele>734.4</ele><time>2021-06-20T13:45:26Z</time></trkpt>
<trkpt lat="37.070769" lon="-121.850148"><ele>736.9</ele><time>2021-06-20T13:45:39Z</time></trkpt>
<trkpt lat="37.070706" lon="-121.850510"><ele>740.2</ele><time>2021-06-20T13:45:56Z</time></trkpt>
<trkpt lat="37.070647" lon="-121.850688"><ele>741.8</ele><time>2021-06-20T13:46:07Z</time></trkpt>
<trkpt lat="37.070672" lon="-121.850929"><ele>743.6</ele><time>2021-06-20T13:46:21Z</time></trkpt>
<trkpt lat="37.070658" lon="-121.851084"><ele>744.7</ele><time>2021-06-20T13:46:30Z</time></trkpt>
<trkpt lat="37.070614" lon="-121.851197"><ele>745.6</ele><time>2021-06-20T13:46:38Z</time></trkpt>
<trkpt lat="37.070344" lon="-121.851540"><ele>748.6</ele><time>2021-06-20T13:47:03Z</time></trkpt>
<trkpt lat="37.070304" lon="-121.852232"><ele>753.9</ele><time>2021-06-20T13:47:41Z</time></trkpt>
<trkpt lat="37.070347" lon="-121.852294"><ele>754.5</ele><time>2021-06-20T13:47:47Z</time></trkpt>
<trkpt lat="37.070624" lon="-121.852274"><ele>756.7</ele><time>2021-06-20T13:48:06Z</time></trkpt>
<trkpt lat="37.070826" lon="-121.852365"><ele>758.5</ele><time>2021-06-20T13:48:23Z</time></trkpt>
<trkpt lat="37.070925" lon="-121.852420"><ele>759.6</ele><time>2021-06-20T13:48:32Z</time></trkpt>
<trkpt lat="37.071172" lon="-121.852682"><ele>762.6</ele><time>2021-06-20T13:48:54Z</time></trkpt>
<trkpt lat="37.071200" lon="-121.852683"><ele>762.8</ele><time>2021-06-20T13:48:57Z</time></trkpt>
<trkpt lat="37.071181" lon="-121.852683"><ele>763.1</ele><time>2021-06-20T13:49:04Z</time></trkpt>
<trkpt lat="37.071218" lon="-121.852594"><ele>763.5</ele><time>2021-06-20T13:49:25Z</time></trkpt>
<trkpt lat="37.071216" lon="-121.852711"><ele>764.0</ele><time>2021-06-20T13:50:22Z</time></trkpt>
<trkpt lat="37.071439" lon="-121.852945"><ele>763.4</ele><time>2021-06-20T13:50:37Z</time></trkpt>
<trkpt lat="37.071440" lon="-121.853138"><ele>762.8</ele><time>2021-06-20T13:50:41Z</time></trkpt>
<trkpt lat="37.071468" lon="-121.853167"><ele>762.8</ele><time>2021-06-20T13:50:42Z</time></trkpt>
<trkpt lat="37.071417" lon="-121.853249"><ele>762.9</ele><time>2021-06-20T13:50:43Z</time></trkpt>
<trkpt lat="37.071441" lon="-121.853267"><ele>762.9</ele><time>2021-06-20T13:50:44Z</time></trkpt>
<trkpt lat="37.071435" lon="-121.853382"><ele>763.1</ele><time>2021-06-20T13:50:47Z</time></trkpt>
<trkpt lat="37.071401" lon="-121.853419"><ele>763.3</ele><time>2021-06-20T13:50:53Z</time></trkpt>
<trkpt lat="37.071413" lon="-121.853544"><ele>764.1</ele><time>2021-06-20T13:51:12Z</time></trkpt>
<trkpt lat="37.071304" lon="-121.853605"><ele>764.7</ele><time>2021-06-20T13:51:16Z</time></trkpt>
<trkpt lat="37.071267" lon="-121.853679"><ele>765.2</ele><time>2021-06-20T13:51:21Z</time></trkpt>
<trkpt lat="37.071212" lon="-121.853951"><ele>767.3</ele><time>2021-06-20T13:51:38Z</time></trkpt>
<trkpt lat="37.071264" lon="-121.854240"><ele>769.5</ele><time>2021-06-20T13:51:59Z</time></trkpt>
<trkpt lat="37.071239" lon="-121.854400"><ele>770.5</ele><time>2021-06-20T13:52:09Z</time></trkpt>
<trkpt lat="37.071267" lon="-121.854470"><ele>770.9</ele><time>2021-06-20T13:52:14Z</time></trkpt>
<trkpt lat="37.071481" lon="-121.854689"><ele>771.4</ele><time>2021-06-20T13:52:28Z</time></trkpt>
<trkpt lat="37.071461" lon="-121.854779"><ele>771.4</ele><time>2021-06-20T13:52:30Z</time></trkpt>
<trkpt lat="37.071503" lon="-121.855020"><ele>772.5</ele><time>2021-06-20T13:52:41Z</time></trkpt>
<trkpt lat="37.071437" lon="-121.855127"><ele>773.5</ele><time>2021-06-20T13:52:50Z</time></trkpt>
<trkpt lat="37.071273" lon="-121.855212"><ele>775.6</ele><time>2021-06-20T13:53:06Z</time></trkpt>
<trkpt lat="37.071284" lon="-121.855263"><ele>776.1</ele><time>2021-06-20T13:53:10Z</time></trkpt>
<trkpt lat="37.071067" lon="-121.855354"><ele>778.5</ele><time>2021-06-20T13:53:24Z</time></trkpt>
<trkpt lat="37.071006" lon="-121.855455"><ele>779.4</ele><time>2021-06-20T13:53:30Z</time></trkpt>
<trkpt lat="37.070940" lon="-121.855489"><ele>780.0</ele><time>2021-06-20T13:53:35Z</time></trkpt>
<trkpt lat="37.070943" lon="-121.855523"><ele>780.3</ele><time>2021-06-20T13:53:37Z</time></trkpt>
<trkpt lat="37.070892" lon="-121.855540"><ele>780.9</ele><time>2021-06-20T13:53:41Z</time></trkpt>
<trkpt lat="37.070872" lon="-121.855931"><ele>783.5</ele><time>2021-06-20T13:54:01Z</time></trkpt>
<trkpt lat="37.070883" lon="-121.855984"><ele>783.9</ele><time>2021-06-20T13:54:04Z</time></trkpt>
<trkpt lat="37.070942" lon="-121.856024"><ele>784.3</ele><time>2021-06-20T13:54:09Z</time></trkpt>
<trkpt lat="37.070979" lon="-121.856246"><ele>785.4</ele><time>2021-06-20T13:54:20Z</time></trkpt>
<trkpt lat="37.071057" lon="-121.856360"><ele>786.0</ele><time>2021-06-20T13:54:27Z</time></trkpt>
<trkpt lat="37.071190" lon="-121.856451"><ele>786.4</ele><time>2021-06-20T13:54:35Z</time></trkpt>
<trkpt lat="37.071178" lon="-121.856496"><ele>786.4</ele><time>2021-06-20T13:54:37Z</time></trkpt>
<trkpt lat="37.071277" lon="-121.856488"><ele>786.3</ele><time>2021-06-20T13:54:55Z</time></trkpt>
<trkpt lat="37.071377" lon="-121.856531"><ele>786.1</ele><time>2021-06-20T13:55:01Z</time></trkpt>
<trkpt lat="37.071753" lon="-121.856789"><ele>784.9</ele><time>2021-06-20T13:55:09Z</time></trkpt>
<trkpt lat="37.072011" lon="-121.856616"><ele>784.0</ele><time>2021-06-20T13:55:14Z</time></trkpt>
<trkpt lat="37.072166" lon="-121.856809"><ele>783.2</ele><time>2021-06-20T13:55:18Z</time></trkpt>
<trkpt lat="37.072268" lon="-121.856842"><ele>782.9</ele><time>2021-06-20T13:55:20Z</time></trkpt>
<trkpt lat="37.072375" lon="-121.856757"><ele>782.6</ele><time>2021-06-20T13:55:22Z</time></trkpt>
<trkpt lat="37.072593" lon="-121.856778"><ele>781.8</ele><time>2021-06-20T13:55:25Z</time></trkpt>
<trkpt lat="37.072570" lon="-121.856848"><ele>781.6</ele><time>2021-06-20T13:55:26Z</time></trkpt>
<trkpt lat="37.072687" lon="-121.857032"><ele>781.1</ele><time>2021-06-20T13:55:32Z</time></trkpt>
<trkpt lat="37.072777" lon="-121.856990"><ele>780.9</ele><time>2021-06-20T13:55:35Z</time></trkpt>
<trkpt lat="37.072855" lon="-121.857039"><ele>780.8</ele><time>2021-06-20T13:55:37Z</time></trkpt>
<trkpt lat="37.072953" lon="-121.857024"><ele>780.6</ele><time>2021-06-20T13:55:42Z</time></trkpt>
<trkpt lat="37.073093" lon="-121.857103"><ele>780.5</ele><time>2021-06-20T13:55:46Z</time></trkpt>
<trkpt lat="37.073296" lon="-121.857291"><ele>780.3</ele><time>2021-06-20T13:55:51Z</time></trkpt>
<trkpt lat="37.073477" lon="-121.857520"><ele>780.3</ele><time>2021-06-20T13:55:54Z</time></trkpt>
<trkpt lat="37.073568" lon="-121.857707"><ele>780.2</ele><time>2021-06-20T13:55:57Z</time></trkpt>
<trkpt lat="37.073608" lon="-121.857940"><ele>779.8</ele><time>2021-06-20T13:56:00Z</time></trkpt>
<trkpt lat="37.073716" lon="-121.858220"><ele>779.0</ele><time>2021-06-20T13:56:04Z</time></trkpt>
<trkpt lat="37.073987" lon="-121.858371"><ele>778.6</ele><time>2021-06-20T13:56:08Z</time></trkpt>
<trkpt lat="37.074206" lon="-121.858735"><ele>777.3</ele><time>2021-06-20T13:56:15Z</time></trkpt>
<trkpt lat="37.074266" lon="-121.858728"><ele>776.8</ele><time>2021-06-20T13:56:16Z</time></trkpt>
<trkpt lat="37.074536" lon="-121.858989"><ele>773.8</ele><time>2021-06-20T13:56:20Z</time></trkpt>
<trkpt lat="37.075106" lon="-121.859231"><ele>768.7</ele><time>2021-06-20T13:56:27Z</time></trkpt>
<trkpt lat="37.075237" lon="-121.859343"><ele>767.7</ele><time>2021-06-20T13:56:29Z</time></trkpt>
<trkpt lat="37.075419" lon="-121.859432"><ele>766.5</ele><time>2021-06-20T13:56:31Z</time></trkpt>
<trkpt lat="37.075533" lon="-121.859375"><ele>765.7</ele><time>2021-06-20T13:56:33Z</time></trkpt>
<trkpt lat="37.075658" lon="-121.859374"><ele>765.0</ele><time>2021-06-20T13:56:35Z</time></trkpt>
<trkpt lat="37.075823" lon="-121.859459"><ele>764.1</ele><time>2021-06-20T13:56:37Z</time></trkpt>
<trkpt lat="37.075932" lon="-121.859574"><ele>763.6</ele><time>2021-06-20T13:56:39Z</time></trkpt>
<trkpt lat="37.076117" lon="-121.859968"><ele>762.2</ele><time>2021-06-20T13:56:44Z</time></trkpt>
<trkpt lat="37.076182" lon="-121.860207"><ele>761.6</ele><time>2021-06-20T13:56:47Z</time></trkpt>
<trkpt lat="37.076273" lon="-121.860406"><ele>761.1</ele><time>2021-06-20T13:56:50Z</time></trkpt>
<trkpt lat="37.076350" lon="-121.860668"><ele>760.6</ele><time>2021-06-20T13:56:53Z</time></trkpt>
<trkpt lat="37.076342" lon="-121.860784"><ele>760.5</ele><time>2021-06-20T13:56:54Z</time></trkpt>
<trkpt lat="37.076462" lon="-121.861251"><ele>761.1</ele><time>2021-06-20T13:56:59Z</time></trkpt>
<trkpt lat="37.076368" lon="-121.861824"><ele>765.6</ele><time>2021-06-20T13:57:21Z</time></trkpt>
<trkpt lat="37.076280" lon="-121.861987"><ele>768.0</ele><time>2021-06-20T13:57:35Z</time></trkpt>
<trkpt lat="37.076173" lon="-121.862078"><ele>769.5</ele><time>2021-06-20T13:57:46Z</time></trkpt>
<trkpt lat="37.076130" lon="-121.862164"><ele>770.4</ele><time>2021-06-20T13:57:54Z</time></trkpt>
<trkpt lat="37.076138" lon="-121.862216"><ele>770.8</ele><time>2021-06-20T13:57:59Z</time></trkpt>
<trkpt lat="37.076205" lon="-121.862284"><ele>771.6</ele><time>2021-06-20T13:58:08Z</time></trkpt>
<trkpt lat="37.076293" lon="-121.862313"><ele>772.4</ele><time>2021-06-20T13:58:51Z</time></trkpt>
<trkpt lat="37.076309" lon="-121.862409"><ele>772.8</ele><time>2021-06-20T13:58:53Z</time></trkpt>
<trkpt lat="37.076371" lon="-121.862455"><ele>773.1</ele><time>2021-06-20T13:58:56Z</time></trkpt>
<trkpt lat="37.076493" lon="-121.862758"><ele>772.9</ele><time>2021-06-20T13:59:12Z</time></trkpt>
<trkpt lat="37.076526" lon="-121.862995"><ele>772.1</ele><time>2021-06-20T13:59:19Z</time></trkpt>
<trkpt lat="37.076533" lon="-121.863140"><ele>771.6</ele><time>2021-06-20T13:59:22Z</time></trkpt>
<trkpt lat="37.076370" lon="-121.863369"><ele>771.6</ele><time>2021-06-20T13:59:26Z</time></trkpt>
<trkpt lat="37.076301" lon="-121.863639"><ele>773.6</ele><time>2021-06-20T13:59:31Z</time></trkpt>
<trkpt lat="37.076323" lon="-121.863865"><ele>775.2</ele><time>2021-06-20T13:59:38Z</time></trkpt>
<trkpt lat="37.076522" lon="-121.864020"><ele>776.1</ele><time>2021-06-20T13:59:54Z</time></trkpt>
<trkpt lat="37.076603" lon="-121.864144"><ele>776.4</ele><time>2021-06-20T14:00:00Z</time></trkpt>
<trkpt lat="37.076634" lon="-121.864351"><ele>776.7</ele><time>2021-06-20T14:00:07Z</time></trkpt>
<trkpt lat="37.076615" lon="-121.864404"><ele>776.7</ele><time>2021-06-20T14:00:10Z</time></trkpt>
<trkpt lat="37.076648" lon="-121.864458"><ele>776.8</ele><time>2021-06-20T14:00:14Z</time></trkpt>
<trkpt lat="37.076598" lon="-121.864444"><ele>776.9</ele><time>2021-06-20T14:01:11Z</time></trkpt>
<trkpt lat="37.076609" lon="-121.864407"><ele>776.9</ele><time>2021-06-20T14:01:39Z</time></trkpt>
<trkpt lat="37.076647" lon="-121.864428"><ele>777.0</ele><time>2021-06-20T14:01:42Z</time></trkpt>
<trkpt lat="37.076786" lon="-121.864399"><ele>776.7</ele><time>2021-06-20T14:02:02Z</time></trkpt>
<trkpt lat="37.076812" lon="-121.864335"><ele>776.3</ele><time>2021-06-20T14:02:07Z</time></trkpt>
<trkpt lat="37.076960" lon="-121.864320"><ele>775.5</ele><time>2021-06-20T14:02:17Z</time></trkpt>
<trkpt lat="37.077156" lon="-121.864478"><ele>774.7</ele><time>2021-06-20T14:02:22Z</time></trkpt>
<trkpt lat="37.077284" lon="-121.864665"><ele>774.8</ele><time>2021-06-20T14:02:25Z</time></trkpt>
<trkpt lat="37.077341" lon="-121.864596"><ele>774.9</ele><time>2021-06-20T14:02:27Z</time></trkpt>
<trkpt lat="37.077438" lon="-121.864845"><ele>775.4</ele><time>2021-06-20T14:02:33Z</time></trkpt>
<trkpt lat="37.077401" lon="-121.864803"><ele>775.4</ele><time>2021-06-20T14:02:34Z</time></trkpt>
<trkpt lat="37.077432" lon="-121.864845"><ele>775.5</ele><time>2021-06-20T14:02:36Z</time></trkpt>
<trkpt lat="37.077481" lon="-121.864835"><ele>775.5</ele><time>2021-06-20T14:02:37Z</time></trkpt>
<trkpt lat="37.077531" lon="-121.864951"><ele>775.4</ele><time>2021-06-20T14:02:43Z</time></trkpt>
<trkpt lat="37.077560" lon="-121.864941"><ele>775.4</ele><time>2021-06-20T14:02:44Z</time></trkpt>
<trkpt lat="37.077648" lon="-121.865014"><ele>775.3</ele><time>2021-06-20T14:02:50Z</time></trkpt>
<trkpt lat="37.077864" lon="-121.865345"><ele>774.8</ele><time>2021-06-20T14:03:00Z</time></trkpt>
<trkpt lat="37.077927" lon="-121.865320"><ele>774.5</ele><time>2021-06-20T14:03:03Z</time></trkpt>
<trkpt lat="37.078033" lon="-121.865380"><ele>773.8</ele><time>2021-06-20T14:03:06Z</time></trkpt>
<trkpt lat="37.078118" lon="-121.865376"><ele>773.2</ele><time>2021-06-20T14:03:07Z</time></trkpt>
<trkpt lat="37.078078" lon="-121.865315"><ele>772.8</ele><time>2021-06-20T14:03:08Z</time></trkpt>
<trkpt lat="37.078121" lon="-121.865323"><ele>772.4</ele><time>2021-06-20T14:03:09Z</time></trkpt>
<trkpt lat="37.078289" lon="-121.865597"><ele>770.7</ele><time>2021-06-20T14:03:13Z</time></trkpt>
<trkpt lat="37.078333" lon="-121.865794"><ele>769.4</ele><time>2021-06-20T14:03:15Z</time></trkpt>
<trkpt lat="37.078392" lon="-121.865804"><ele>768.8</ele><time>2021-06-20T14:03:16Z</time></trkpt>
<trkpt lat="37.078447" lon="-121.865942"><ele>767.4</ele><time>2021-06-20T14:03:17Z</time></trkpt>
<trkpt lat="37.078510" lon="-121.865859"><ele>766.4</ele><time>2021-06-20T14:03:18Z</time></trkpt>
<trkpt lat="37.078535" lon="-121.866048"><ele>764.9</ele><time>2021-06-20T14:03:20Z</time></trkpt>
<trkpt lat="37.078588" lon="-121.866195"><ele>763.8</ele><time>2021-06-20T14:03:21Z</time></trkpt>
<trkpt lat="37.078586" lon="-121.866312"><ele>762.9</ele><time>2021-06-20T14:03:22Z</time></trkpt>
<trkpt lat="37.078718" lon="-121.866574"><ele>760.3</ele><time>2021-06-20T14:03:27Z</time></trkpt>
<trkpt lat="37.078711" lon="-121.866543"><ele>760.1</ele><time>2021-06-20T14:03:28Z</time></trkpt>
<trkpt lat="37.078703" lon="-121.866576"><ele>759.9</ele><time>2021-06-20T14:03:29Z</time></trkpt>
<trkpt lat="37.078798" lon="-121.866718"><ele>758.8</ele><time>2021-06-20T14:03:31Z</time></trkpt>
<trkpt lat="37.079089" lon="-121.866829"><ele>758.0</ele><time>2021-06-20T14:03:35Z</time></trkpt>
<trkpt lat="37.079157" lon="-121.867011"><ele>757.8</ele><time>2021-06-20T14:03:39Z</time></trkpt>
<trkpt lat="37.079203" lon="-121.867039"><ele>757.6</ele><time>2021-06-20T14:03:40Z</time></trkpt>
<trkpt lat="37.079245" lon="-121.867151"><ele>757.3</ele><time>2021-06-20T14:03:41Z</time></trkpt>
<trkpt lat="37.079224" lon="-121.867287"><ele>756.8</ele><time>2021-06-20T14:03:42Z</time></trkpt>
<trkpt lat="37.079287" lon="-121.867297"><ele>756.5</ele><time>2021-06-20T14:03:43Z</time></trkpt>
<trkpt lat="37.079384" lon="-121.867475"><ele>755.8</ele><time>2021-06-20T14:03:46Z</time></trkpt>
<trkpt lat="37.079337" lon="-121.867597"><ele>755.3</ele><time>2021-06-20T14:03:48Z</time></trkpt>
<trkpt lat="37.079454" lon="-121.867725"><ele>754.8</ele><time>2021-06-20T14:03:50Z</time></trkpt>
<trkpt lat="37.079533" lon="-121.868093"><ele>753.8</ele><time>2021-06-20T14:03:58Z</time></trkpt>
<trkpt lat="37.079825" lon="-121.868406"><ele>753.4</ele><time>2021-06-20T14:04:02Z</time></trkpt>
<trkpt lat="37.079909" lon="-121.868566"><ele>753.0</ele><time>2021-06-20T14:04:05Z</time></trkpt>
<trkpt lat="37.080030" lon="-121.868686"><ele>752.4</ele><time>2021-06-20T14:04:07Z</time></trkpt>
<trkpt lat="37.080023" lon="-121.868952"><ele>752.2</ele><time>2021-06-20T14:04:13Z</time></trkpt>
<trkpt lat="37.080064" lon="-121.869038"><ele>752.3</ele><time>2021-06-20T14:04:15Z</time></trkpt>
<trkpt lat="37.080070" lon="-121.869175"><ele>752.5</ele><time>2021-06-20T14:04:18Z</time></trkpt>
<trkpt lat="37.080040" lon="-121.869262"><ele>752.7</ele><time>2021-06-20T14:04:19Z</time></trkpt>
<trkpt lat="37.080052" lon="-121.869321"><ele>752.8</ele><time>2021-06-20T14:04:20Z</time></trkpt>
<trkpt lat="37.080009" lon="-121.869383"><ele>752.8</ele><time>2021-06-20T14:04:21Z</time></trkpt>
<trkpt lat="37.080123" lon="-121.869619"><ele>752.3</ele><time>2021-06-20T14:04:26Z</time></trkpt>
<trkpt lat="37.080149" lon="-121.869723"><ele>752.0</ele><time>2021-06-20T14:04:29Z</time></trkpt>
<trkpt lat="37.080104" lon="-121.869887"><ele>751.8</ele><time>2021-06-20T14:04:32Z</time></trkpt>
<trkpt lat="37.080158" lon="-121.869968"><ele>751.8</ele><time>2021-06-20T14:04:33Z</time></trkpt>
<trkpt lat="37.080116" lon="-121.870138"><ele>752.0</ele><time>2021-06-20T14:04:36Z</time></trkpt>
<trkpt lat="37.080133" lon="-121.870428"><ele>751.8</ele><time>2021-06-20T14:04:40Z</time></trkpt>
<trkpt lat="37.079993" lon="-121.870629"><ele>751.0</ele><time>2021-06-20T14:04:44Z</time></trkpt>
<trkpt lat="37.080075" lon="-121.870696"><ele>750.6</ele><time>2021-06-20T14:04:47Z</time></trkpt>
<trkpt lat="37.080059" lon="-121.870930"><ele>749.6</ele><time>2021-06-20T14:04:50Z</time></trkpt>
<trkpt lat="37.080083" lon="-121.870973"><ele>749.3</ele><time>2021-06-20T14:04:51Z</time></trkpt>
<trkpt lat="37.079934" lon="-121.871240"><ele>747.0</ele><time>2021-06-20T14:04:55Z</time></trkpt>
<trkpt lat="37.079649" lon="-121.871576"><ele>742.5</ele><time>2021-06-20T14:05:01Z</time></trkpt>
<trkpt lat="37.079544" lon="-121.871654"><ele>741.1</ele><time>2021-06-20T14:05:02Z</time></trkpt>
<trkpt lat="37.079510" lon="-121.871895"><ele>739.0</ele><time>2021-06-20T14:05:04Z</time></trkpt>
<trkpt lat="37.079449" lon="-121.872040"><ele>737.9</ele><time>2021-06-20T14:05:05Z</time></trkpt>
<trkpt lat="37.079474" lon="-121.872096"><ele>737.6</ele><time>2021-06-20T14:05:06Z</time></trkpt>
<trkpt lat="37.079510" lon="-121.872079"><ele>737.5</ele><time>2021-06-20T14:05:07Z</time></trkpt>
<trkpt lat="37.079435" lon="-121.872186"><ele>737.4</ele><time>2021-06-20T14:05:13Z</time></trkpt>
<trkpt lat="37.079467" lon="-121.872235"><ele>737.6</ele><time>2021-06-20T14:05:16Z</time></trkpt>
<trkpt lat="37.079515" lon="-121.872243"><ele>737.8</ele><time>2021-06-20T14:05:20Z</time></trkpt>
<trkpt lat="37.079525" lon="-121.872300"><ele>738.0</ele><time>2021-06-20T14:05:22Z</time></trkpt>
<trkpt lat="37.079615" lon="-121.872354"><ele>738.2</ele><time>2021-06-20T14:05:29Z</time></trkpt>
<trkpt lat="37.079562" lon="-121.872392"><ele>738.0</ele><time>2021-06-20T14:05:35Z</time></trkpt>
<trkpt lat="37.079506" lon="-121.872719"><ele>736.6</ele><time>2021-06-20T14:06:28Z</time></trkpt>
<trkpt lat="37.079548" lon="-121.872837"><ele>736.0</ele><time>2021-06-20T14:06:30Z</time></trkpt>
<trkpt lat="37.079627" lon="-121.872938"><ele>735.2</ele><time>2021-06-20T14:06:32Z</time></trkpt>
<trkpt lat="37.079636" lon="-121.873078"><ele>734.1</ele><time>2021-06-20T14:06:35Z</time></trkpt>
<trkpt lat="37.079542" lon="-121.873203"><ele>732.8</ele><time>2021-06-20T14:06:37Z</time></trkpt>
<trkpt lat="37.079439" lon="-121.873259"><ele>731.7</ele><time>2021-06-20T14:06:38Z</time></trkpt>
<trkpt lat="37.079388" lon="-121.873352"><ele>730.9</ele><time>2021-06-20T14:06:39Z</time></trkpt>
<trkpt lat="37.079379" lon="-121.873446"><ele>730.2</ele><time>2021-06-20T14:06:40Z</time></trkpt>
<trkpt lat="37.079284" lon="-121.873570"><ele>729.1</ele><time>2021-06-20T14:06:42Z</time></trkpt>
<trkpt lat="37.079133" lon="-121.873591"><ele>727.7</ele><time>2021-06-20T14:06:46Z</time></trkpt>
<trkpt lat="37.079039" lon="-121.873700"><ele>726.1</ele><time>2021-06-20T14:06:49Z</time></trkpt>
<trkpt lat="37.079071" lon="-121.873765"><ele>725.4</ele><time>2021-06-20T14:06:50Z</time></trkpt>
<trkpt lat="37.078979" lon="-121.873872"><ele>723.8</ele><time>2021-06-20T14:06:53Z</time></trkpt>
<trkpt lat="37.078928" lon="-121.874024"><ele>722.3</ele><time>2021-06-20T14:06:56Z</time></trkpt>
<trkpt lat="37.078773" lon="-121.874140"><ele>720.9</ele><time>2021-06-20T14:07:05Z</time></trkpt>
<trkpt lat="37.078701" lon="-121.874152"><ele>720.7</ele><time>2021-06-20T14:07:09Z</time></trkpt>
<trkpt lat="37.078612" lon="-121.874257"><ele>720.8</ele><time>2021-06-20T14:07:14Z</time></trkpt>
<trkpt lat="37.078578" lon="-121.874230"><ele>721.0</ele><time>2021-06-20T14:07:17Z</time></trkpt>
<trkpt lat="37.078603" lon="-121.874589"><ele>723.5</ele><time>2021-06-20T14:07:37Z</time></trkpt>
<trkpt lat="37.078555" lon="-121.874803"><ele>725.6</ele><time>2021-06-20T14:07:49Z</time></trkpt>
<trkpt lat="37.078687" lon="-121.874925"><ele>727.5</ele><time>2021-06-20T14:08:00Z</time></trkpt>
<trkpt lat="37.078702" lon="-121.874992"><ele>727.9</ele><time>2021-06-20T14:08:03Z</time></trkpt>
<trkpt lat="37.078822" lon="-121.875138"><ele>728.9</ele><time>2021-06-20T14:08:10Z</time></trkpt>
<trkpt lat="37.078767" lon="-121.875440"><ele>730.0</ele><time>2021-06-20T14:08:23Z</time></trkpt>
<trkpt lat="37.078863" lon="-121.875656"><ele>730.8</ele><time>2021-06-20T14:08:31Z</time></trkpt>
<trkpt lat="37.078902" lon="-121.875974"><ele>731.8</ele><time>2021-06-20T14:08:35Z</time></trkpt>
<trkpt lat="37.078984" lon="-121.876179"><ele>731.7</ele><time>2021-06-20T14:08:37Z</time></trkpt>
<trkpt lat="37.078985" lon="-121.876316"><ele>731.1</ele><time>2021-06-20T14:08:38Z</time></trkpt>
<trkpt lat="37.079016" lon="-121.876383"><ele>730.7</ele><time>2021-06-20T14:08:39Z</time></trkpt>
<trkpt lat="37.078990" lon="-121.876462"><ele>730.2</ele><time>2021-06-20T14:08:40Z</time></trkpt>
<trkpt lat="37.078970" lon="-121.876449"><ele>730.0</ele><time>2021-06-20T14:08:41Z</time></trkpt>
<trkpt lat="37.079064" lon="-121.876817"><ele>727.7</ele><time>2021-06-20T14:08:50Z</time></trkpt>
<trkpt lat="37.079051" lon="-121.876964"><ele>727.1</ele><time>2021-06-20T14:08:52Z</time></trkpt>
<trkpt lat="37.079094" lon="-121.877172"><ele>726.6</ele><time>2021-06-20T14:08:56Z</time></trkpt>
<trkpt lat="37.079038" lon="-121.877397"><ele>726.7</ele><time>2021-06-20T14:09:00Z</time></trkpt>
<trkpt lat="37.079109" lon="-121.877441"><ele>726.8</ele><time>2021-06-20T14:09:01Z</time></trkpt>
<trkpt lat="37.079159" lon="-121.877579"><ele>727.0</ele><time>2021-06-20T14:09:05Z</time></trkpt>
<trkpt lat="37.079329" lon="-121.877747"><ele>727.1</ele><time>2021-06-20T14:09:10Z</time></trkpt>
<trkpt lat="37.079474" lon="-121.877700"><ele>726.9</ele><time>2021-06-20T14:09:13Z</time></trkpt>
<trkpt lat="37.079531" lon="-121.877736"><ele>726.6</ele><time>2021-06-20T14:09:14Z</time></trkpt>
<trkpt lat="37.079587" lon="-121.877865"><ele>726.1</ele><time>2021-06-20T14:09:15Z</time></trkpt>
<trkpt lat="37.079796" lon="-121.877837"><ele>724.7</ele><time>2021-06-20T14:09:20Z</time></trkpt>
<trkpt lat="37.079742" lon="-121.877880"><ele>724.3</ele><time>2021-06-20T14:09:21Z</time></trkpt>
<trkpt lat="37.079820" lon="-121.877892"><ele>723.8</ele><time>2021-06-20T14:09:23Z</time></trkpt>
<trkpt lat="37.079866" lon="-121.877810"><ele>723.4</ele><time>2021-06-20T14:09:28Z</time></trkpt>
<trkpt lat="37.079950" lon="-121.877792"><ele>722.8</ele><time>2021-06-20T14:09:29Z</time></trkpt>
<trkpt lat="37.079959" lon="-121.877817"><ele>722.7</ele><time>2021-06-20T14:09:30Z</time></trkpt>
<trkpt lat="37.079995" lon="-121.877781"><ele>722.3</ele><time>2021-06-20T14:09:38Z</time></trkpt>
<trkpt lat="37.080127" lon="-121.877872"><ele>721.2</ele><time>2021-06-20T14:09:47Z</time></trkpt>
<trkpt lat="37.080135" lon="-121.877849"><ele>721.1</ele><time>2021-06-20T14:09:49Z</time></trkpt>
<trkpt lat="37.080140" lon="-121.877893"><ele>720.8</ele><time>2021-06-20T14:09:50Z</time></trkpt>
<trkpt lat="37.080235" lon="-121.877978"><ele>719.7</ele><time>2021-06-20T14:10:04Z</time></trkpt>
<trkpt lat="37.080361" lon="-121.877967"><ele>718.7</ele><time>2021-06-20T14:10:14Z</time></trkpt>
<trkpt lat="37.080353" lon="-121.878014"><ele>718.5</ele><time>2021-06-20T14:10:17Z</time></trkpt>
<trkpt lat="37.080318" lon="-121.877992"><ele>718.5</ele><time>2021-06-20T14:10:20Z</time></trkpt>
<trkpt lat="37.080317" lon="-121.878036"><ele>718.4</ele><time>2021-06-20T14:10:23Z</time></trkpt>
<trkpt lat="37.080508" lon="-121.878023"><ele>719.1</ele><time>2021-06-20T14:10:36Z</time></trkpt>
<trkpt lat="37.080467" lon="-121.878064"><ele>719.5</ele><time>2021-06-20T14:10:38Z</time></trkpt>
<trkpt lat="37.080495" lon="-121.878061"><ele>719.7</ele><time>2021-06-20T14:10:40Z</time></trkpt>
<trkpt lat="37.080556" lon="-121.878247"><ele>721.5</ele><time>2021-06-20T14:10:50Z</time></trkpt>
<trkpt lat="37.080426" lon="-121.878232"><ele>722.9</ele><time>2021-06-20T14:10:53Z</time></trkpt>
<trkpt lat="37.080418" lon="-121.878261"><ele>723.2</ele><time>2021-06-20T14:10:56Z</time></trkpt>
<trkpt lat="37.080456" lon="-121.878275"><ele>723.7</ele><time>2021-06-20T14:11:00Z</time></trkpt>
<trkpt lat="37.080483" lon="-121.878247"><ele>724.1</ele><time>2021-06-20T14:11:02Z</time></trkpt>
<trkpt lat="37.080337" lon="-121.878246"><ele>725.7</ele><time>2021-06-20T14:11:08Z</time></trkpt>
<trkpt lat="37.080253" lon="-121.878352"><ele>726.9</ele><time>2021-06-20T14:11:11Z</time></trkpt>
<trkpt lat="37.080312" lon="-121.878513"><ele>728.8</ele><time>2021-06-20T14:11:26Z</time></trkpt>
<trkpt lat="37.080304" lon="-121.878575"><ele>729.2</ele><time>2021-06-20T14:11:28Z</time></trkpt>
<trkpt lat="37.080358" lon="-121.878604"><ele>729.8</ele><time>2021-06-20T14:11:31Z</time></trkpt>
<trkpt lat="37.080389" lon="-121.878686"><ele>730.5</ele><time>2021-06-20T14:11:35Z</time></trkpt>
<trkpt lat="37.080407" lon="-121.878650"><ele>730.9</ele><time>2021-06-20T14:11:39Z</time></trkpt>
<trkpt lat="37.080432" lon="-121.878749"><ele>731.8</ele><time>2021-06-20T14:11:43Z</time></trkpt>
<trkpt lat="37.080482" lon="-121.878801"><ele>732.3</ele><time>2021-06-20T14:11:45Z</time></trkpt>
<trkpt lat="37.080416" lon="-121.878817"><ele>732.9</ele><time>2021-06-20T14:11:47Z</time></trkpt>
<trkpt lat="37.080339" lon="-121.878925"><ele>733.9</ele><time>2021-06-20T14:11:50Z</time></trkpt>
<trkpt lat="37.080383" lon="-121.878890"><ele>734.5</ele><time>2021-06-20T14:11:55Z</time></trkpt>
<trkpt lat="37.080380" lon="-121.878864"><ele>734.7</ele><time>2021-06-20T14:11:56Z</time></trkpt>
<trkpt lat="37.080347" lon="-121.878872"><ele>734.9</ele><time>2021-06-20T14:11:57Z</time></trkpt>
<trkpt lat="37.080345" lon="-121.878821"><ele>735.3</ele><time>2021-06-20T14:11:59Z</time></trkpt>
<trkpt lat="37.080231" lon="-121.878885"><ele>736.0</ele><time>2021-06-20T14:12:06Z</time></trkpt>
<trkpt lat="37.080313" lon="-121.878972"><ele>736.4</ele><time>2021-06-20T14:12:13Z</time></trkpt>
<trkpt lat="37.080441" lon="-121.878896"><ele>736.1</ele><time>2021-06-20T14:12:17Z</time></trkpt>
<trkpt lat="37.080515" lon="-121.878922"><ele>735.8</ele><time>2021-06-20T14:12:26Z</time></trkpt>
<trkpt lat="37.080421" lon="-121.878961"><ele>735.0</ele><time>2021-06-20T14:12:35Z</time></trkpt>
<trkpt lat="37.080454" lon="-121.878831"><ele>734.1</ele><time>2021-06-20T14:12:42Z</time></trkpt>
<trkpt lat="37.080461" lon="-121.878902"><ele>733.7</ele><time>2021-06-20T14:12:44Z</time></trkpt>
<trkpt lat="37.080476" lon="-121.878887"><ele>733.5</ele><time>2021-06-20T14:12:45Z</time></trkpt>
<trkpt lat="37.080486" lon="-121.878848"><ele>733.2</ele><time>2021-06-20T14:12:48Z</time></trkpt>
<trkpt lat="37.080360" lon="-121.878958"><ele>732.1</ele><time>2021-06-20T14:12:52Z</time></trkpt>
<trkpt lat="37.080352" lon="-121.879140"><ele>731.0</ele><time>2021-06-20T14:12:55Z</time></trkpt>
<trkpt lat="37.080408" lon="-121.879309"><ele>729.8</ele><time>2021-06-20T14:12:57Z</time></trkpt>
<trkpt lat="37.080526" lon="-121.879374"><ele>728.4</ele><time>2021-06-20T14:12:59Z</time></trkpt>
<trkpt lat="37.080614" lon="-121.879661"><ele>725.3</ele><time>2021-06-20T14:13:03Z</time></trkpt>
<trkpt lat="37.080599" lon="-121.879798"><ele>724.2</ele><time>2021-06-20T14:13:05Z</time></trkpt>
<trkpt lat="37.080471" lon="-121.879938"><ele>723.0</ele><time>2021-06-20T14:13:11Z</time></trkpt>
<trkpt lat="37.080492" lon="-121.880081"><ele>722.5</ele><time>2021-06-20T14:13:14Z</time></trkpt>
<trkpt lat="37.080458" lon="-121.880154"><ele>722.3</ele><time>2021-06-20T14:13:17Z</time></trkpt>
<trkpt lat="37.080493" lon="-121.880120"><ele>722.1</ele><time>2021-06-20T14:13:18Z</time></trkpt>
<trkpt lat="37.080509" lon="-121.880256"><ele>721.5</ele><time>2021-06-20T14:13:20Z</time></trkpt>
<trkpt lat="37.080581" lon="-121.880286"><ele>720.9</ele><time>2021-06-20T14:13:23Z</time></trkpt>
<trkpt lat="37.080650" lon="-121.880428"><ele>719.6</ele><time>2021-06-20T14:13:27Z</time></trkpt>
<trkpt lat="37.080592" lon="-121.880764"><ele>716.0</ele><time>2021-06-20T14:13:31Z</time></trkpt>
<trkpt lat="37.080661" lon="-121.880921"><ele>714.0</ele><time>2021-06-20T14:13:35Z</time></trkpt>
<trkpt lat="37.080402" lon="-121.881127"><ele>710.1</ele><time>2021-06-20T14:13:39Z</time></trkpt>
<trkpt lat="37.080313" lon="-121.881247"><ele>708.3</ele><time>2021-06-20T14:13:43Z</time></trkpt>
<trkpt lat="37.080201" lon="-121.881267"><ele>706.2</ele><time>2021-06-20T14:13:45Z</time></trkpt>
<trkpt lat="37.080121" lon="-121.881392"><ele>704.7</ele><time>2021-06-20T14:13:50Z</time></trkpt>
<trkpt lat="37.080090" lon="-121.881552"><ele>703.2</ele><time>2021-06-20T14:13:55Z</time></trkpt>
<trkpt lat="37.079899" lon="-121.881725"><ele>701.0</ele><time>2021-06-20T14:14:00Z</time></trkpt>
<trkpt lat="37.079740" lon="-121.881523"><ele>698.4</ele><time>2021-06-20T14:14:03Z</time></trkpt>
<trkpt lat="37.079668" lon="-121.881523"><ele>697.5</ele><time>2021-06-20T14:14:05Z</time></trkpt>
<trkpt lat="37.079610" lon="-121.881570"><ele>696.5</ele><time>2021-06-20T14:14:08Z</time></trkpt>
<trkpt lat="37.079613" lon="-121.881542"><ele>696.2</ele><time>2021-06-20T14:14:09Z</time></trkpt>
<trkpt lat="37.079511" lon="-121.881500"><ele>694.5</ele><time>2021-06-20T14:14:15Z</time></trkpt>
<trkpt lat="37.079547" lon="-121.881452"><ele>693.7</ele><time>2021-06-20T14:14:17Z</time></trkpt>
<trkpt lat="37.079478" lon="-121.881443"><ele>692.7</ele><time>2021-06-20T14:14:19Z</time></trkpt>
<trkpt lat="37.079313" lon="-121.881610"><ele>687.9</ele><time>2021-06-20T14:14:32Z</time></trkpt>
<trkpt lat="37.079271" lon="-121.881592"><ele>687.3</ele><time>2021-06-20T14:14:34Z</time></trkpt>
<trkpt lat="37.079155" lon="-121.881751"><ele>685.4</ele><time>2021-06-20T14:14:43Z</time></trkpt>
<trkpt lat="37.079045" lon="-121.881788"><ele>684.5</ele><time>2021-06-20T14:14:59Z</time></trkpt>
<trkpt lat="37.079097" lon="-121.881883"><ele>684.3</ele><time>2021-06-20T14:15:05Z</time></trkpt>
<trkpt lat="37.079051" lon="-121.882031"><ele>684.5</ele><time>2021-06-20T14:15:11Z</time></trkpt>
<trkpt lat="37.078964" lon="-121.882002"><ele>685.0</ele><time>2021-06-20T14:15:14Z</time></trkpt>
<trkpt lat="37.078975" lon="-121.882078"><ele>685.4</ele><time>2021-06-20T14:15:15Z</time></trkpt>
<trkpt lat="37.078893" lon="-121.882070"><ele>686.2</ele><time>2021-06-20T14:15:16Z</time></trkpt>
<trkpt lat="37.078824" lon="-121.882114"><ele>687.0</ele><time>2021-06-20T14:15:19Z</time></trkpt>
<trkpt lat="37.078818" lon="-121.882092"><ele>687.2</ele><time>2021-06-20T14:15:21Z</time></trkpt>
<trkpt lat="37.078783" lon="-121.882169"><ele>688.0</ele><time>2021-06-20T14:15:25Z</time></trkpt>
<trkpt lat="37.078766" lon="-121.882128"><ele>688.6</ele><time>2021-06-20T14:15:28Z</time></trkpt>
<trkpt lat="37.078736" lon="-121.882145"><ele>688.7</ele><time>2021-06-20T14:15:30Z</time></trkpt>
<trkpt lat="37.078758" lon="-121.882182"><ele>688.9</ele><time>2021-06-20T14:15:33Z</time></trkpt>
<trkpt lat="37.078745" lon="-121.882151"><ele>689.0</ele><time>2021-06-20T14:15:34Z</time></trkpt>
<trkpt lat="37.078671" lon="-121.882159"><ele>689.1</ele><time>2021-06-20T14:15:42Z</time></trkpt>
<trkpt lat="37.078698" lon="-121.882352"><ele>688.5</ele><time>2021-06-20T14:16:10Z</time></trkpt>
<trkpt lat="37.078649" lon="-121.882454"><ele>687.8</ele><time>2021-06-20T14:16:13Z</time></trkpt>
<trkpt lat="37.078573" lon="-121.882388"><ele>686.7</ele><time>2021-06-20T14:16:18Z</time></trkpt>
<trkpt lat="37.078435" lon="-121.882444"><ele>684.8</ele><time>2021-06-20T14:16:24Z</time></trkpt>
<trkpt lat="37.078342" lon="-121.882532"><ele>683.2</ele><time>2021-06-20T14:16:26Z</time></trkpt>
<trkpt lat="37.078128" lon="-121.882613"><ele>680.3</ele><time>2021-06-20T14:16:29Z</time></trkpt>
<trkpt lat="37.078023" lon="-121.882737"><ele>677.9</ele><time>2021-06-20T14:16:32Z</time></trkpt>
<trkpt lat="37.078026" lon="-121.882802"><ele>676.9</ele><time>2021-06-20T14:16:34Z</time></trkpt>
<trkpt lat="37.077891" lon="-121.882830"><ele>674.5</ele><time>2021-06-20T14:16:36Z</time></trkpt>
<trkpt lat="37.077580" lon="-121.882992"><ele>671.0</ele><time>2021-06-20T14:16:42Z</time></trkpt>
<trkpt lat="37.077509" lon="-121.883105"><ele>670.0</ele><time>2021-06-20T14:16:45Z</time></trkpt>
<trkpt lat="37.077561" lon="-121.883112"><ele>669.4</ele><time>2021-06-20T14:16:46Z</time></trkpt>
<trkpt lat="37.077525" lon="-121.883139"><ele>669.0</ele><time>2021-06-20T14:16:47Z</time></trkpt>
<trkpt lat="37.077635" lon="-121.883179"><ele>668.1</ele><time>2021-06-20T14:16:49Z</time></trkpt>
<trkpt lat="37.077735" lon="-121.883510"><ele>666.7</ele><time>2021-06-20T14:16:54Z</time></trkpt>
<trkpt lat="37.077780" lon="-121.883536"><ele>666.6</ele><time>2021-06-20T14:16:55Z</time></trkpt>
<trkpt lat="37.077782" lon="-121.883576"><ele>666.6</ele><time>2021-06-20T14:16:56Z</time></trkpt>
<trkpt lat="37.077866" lon="-121.883568"><ele>666.4</ele><time>2021-06-20T14:16:57Z</time></trkpt>
<trkpt lat="37.077935" lon="-121.883620"><ele>666.3</ele><time>2021-06-20T14:17:02Z</time></trkpt>
<trkpt lat="37.077903" lon="-121.883664"><ele>666.2</ele><time>2021-06-20T14:17:04Z</time></trkpt>
<trkpt lat="37.077856" lon="-121.883643"><ele>666.1</ele><time>2021-06-20T14:17:05Z</time></trkpt>
<trkpt lat="37.077840" lon="-121.883579"><ele>666.0</ele><time>2021-06-20T14:17:06Z</time></trkpt>
<trkpt lat="37.077710" lon="-121.883482"><ele>666.5</ele><time>2021-06-20T14:17:13Z</time></trkpt>
<trkpt lat="37.077607" lon="-121.883326"><ele>667.0</ele><time>2021-06-20T14:17:22Z</time></trkpt>
<trkpt lat="37.077590" lon="-121.883366"><ele>666.7</ele><time>2021-06-20T14:17:23Z</time></trkpt>
<trkpt lat="37.077285" lon="-121.883390"><ele>663.9</ele><time>2021-06-20T14:17:29Z</time></trkpt>
<trkpt lat="37.077261" lon="-121.883544"><ele>662.3</ele><time>2021-06-20T14:17:31Z</time></trkpt>
<trkpt lat="37.077395" lon="-121.883683"><ele>660.1</ele><time>2021-06-20T14:17:34Z</time></trkpt>
<trkpt lat="37.077400" lon="-121.883837"><ele>658.7</ele><time>2021-06-20T14:17:36Z</time></trkpt>
<trkpt lat="37.077334" lon="-121.883927"><ele>658.3</ele><time>2021-06-20T14:17:37Z</time></trkpt>
<trkpt lat="37.077315" lon="-121.884053"><ele>658.0</ele><time>2021-06-20T14:17:39Z</time></trkpt>
<trkpt lat="37.077182" lon="-121.884203"><ele>658.6</ele><time>2021-06-20T14:17:42Z</time></trkpt>
<trkpt lat="37.077088" lon="-121.884224"><ele>659.4</ele><time>2021-06-20T14:17:43Z</time></trkpt>
<trkpt lat="37.077067" lon="-121.884204"><ele>659.6</ele><time>2021-06-20T14:17:44Z</time></trkpt>
<trkpt lat="37.077105" lon="-121.884197"><ele>659.9</ele><time>2021-06-20T14:17:45Z</time></trkpt>
<trkpt lat="37.077055" lon="-121.884199"><ele>660.3</ele><time>2021-06-20T14:17:48Z</time></trkpt>
<trkpt lat="37.076909" lon="-121.884297"><ele>661.2</ele><time>2021-06-20T14:17:56Z</time></trkpt>
<trkpt lat="37.076781" lon="-121.884251"><ele>661.1</ele><time>2021-06-20T14:18:02Z</time></trkpt>
<trkpt lat="37.076671" lon="-121.884283"><ele>660.5</ele><time>2021-06-20T14:18:06Z</time></trkpt>
<trkpt lat="37.076509" lon="-121.884207"><ele>659.3</ele><time>2021-06-20T14:18:09Z</time></trkpt>
<trkpt lat="37.076351" lon="-121.884245"><ele>658.1</ele><time>2021-06-20T14:18:12Z</time></trkpt>
<trkpt lat="37.076293" lon="-121.884269"><ele>657.5</ele><time>2021-06-20T14:18:13Z</time></trkpt>
<trkpt lat="37.076257" lon="-121.884387"><ele>656.4</ele><time>2021-06-20T14:18:14Z</time></trkpt>
<trkpt lat="37.076152" lon="-121.884468"><ele>654.9</ele><time>2021-06-20T14:18:16Z</time></trkpt>
<trkpt lat="37.076132" lon="-121.884593"><ele>653.8</ele><time>2021-06-20T14:18:20Z</time></trkpt>
<trkpt lat="37.076033" lon="-121.884647"><ele>652.9</ele><time>2021-06-20T14:18:22Z</time></trkpt>
<trkpt lat="37.075967" lon="-121.884736"><ele>652.2</ele><time>2021-06-20T14:18:25Z</time></trkpt>
<trkpt lat="37.075849" lon="-121.884775"><ele>651.3</ele><time>2021-06-20T14:18:27Z</time></trkpt>
<trkpt lat="37.075744" lon="-121.884888"><ele>650.5</ele><time>2021-06-20T14:18:30Z</time></trkpt>
<trkpt lat="37.075334" lon="-121.884932"><ele>648.2</ele><time>2021-06-20T14:18:37Z</time></trkpt>
<trkpt lat="37.075287" lon="-121.885161"><ele>646.7</ele><time>2021-06-20T14:18:41Z</time></trkpt>
<trkpt lat="37.075255" lon="-121.885187"><ele>646.3</ele><time>2021-06-20T14:18:42Z</time></trkpt>
<trkpt lat="37.074846" lon="-121.885155"><ele>643.2</ele><time>2021-06-20T14:18:50Z</time></trkpt>
<trkpt lat="37.074779" lon="-121.885225"><ele>642.9</ele><time>2021-06-20T14:18:52Z</time></trkpt>
<trkpt lat="37.074465" lon="-121.885304"><ele>642.4</ele><time>2021-06-20T14:18:58Z</time></trkpt>
<trkpt lat="37.074342" lon="-121.885577"><ele>642.0</ele><time>2021-06-20T14:19:04Z</time></trkpt>
<trkpt lat="37.074360" lon="-121.885693"><ele>641.7</ele><time>2021-06-20T14:19:06Z</time></trkpt>
<trkpt lat="37.074332" lon="-121.885781"><ele>641.5</ele><time>2021-06-20T14:19:08Z</time></trkpt>
<trkpt lat="37.074278" lon="-121.885848"><ele>641.3</ele><time>2021-06-20T14:19:10Z</time></trkpt>
<trkpt lat="37.074214" lon="-121.886030"><ele>641.3</ele><time>2021-06-20T14:19:13Z</time></trkpt>
<trkpt lat="37.074141" lon="-121.886091"><ele>641.3</ele><time>2021-06-20T14:19:14Z</time></trkpt>
<trkpt lat="37.074126" lon="-121.886168"><ele>641.3</ele><time>2021-06-20T14:19:15Z</time></trkpt>
<trkpt lat="37.074070" lon="-121.886228"><ele>641.3</ele><time>2021-06-20T14:19:17Z</time></trkpt>
<trkpt lat="37.074100" lon="-121.886229"><ele>641.3</ele><time>2021-06-20T14:19:18Z</time></trkpt>
<trkpt lat="37.074020" lon="-121.886413"><ele>640.9</ele><time>2021-06-20T14:19:23Z</time></trkpt>
<trkpt lat="37.073969" lon="-121.886737"><ele>639.0</ele><time>2021-06-20T14:19:26Z</time></trkpt>
<trkpt lat="37.073693" lon="-121.887009"><ele>635.0</ele><time>2021-06-20T14:19:33Z</time></trkpt>
<trkpt lat="37.073455" lon="-121.887402"><ele>632.4</ele><time>2021-06-20T14:19:38Z</time></trkpt>
<trkpt lat="37.073456" lon="-121.887484"><ele>632.1</ele><time>2021-06-20T14:19:40Z</time></trkpt>
<trkpt lat="37.073418" lon="-121.887538"><ele>631.8</ele><time>2021-06-20T14:19:41Z</time></trkpt>
<trkpt lat="37.073376" lon="-121.887845"><ele>630.1</ele><time>2021-06-20T14:19:45Z</time></trkpt>
<trkpt lat="37.073394" lon="-121.887958"><ele>629.4</ele><time>2021-06-20T14:19:46Z</time></trkpt>
<trkpt lat="37.073531" lon="-121.888039"><ele>628.2</ele><time>2021-06-20T14:19:47Z</time></trkpt>
<trkpt lat="37.073616" lon="-121.888153"><ele>627.3</ele><time>2021-06-20T14:19:49Z</time></trkpt>
<trkpt lat="37.073784" lon="-121.888205"><ele>626.4</ele><time>2021-06-20T14:19:52Z</time></trkpt>
<trkpt lat="37.073869" lon="-121.888286"><ele>625.7</ele><time>2021-06-20T14:19:57Z</time></trkpt>
<trkpt lat="37.073859" lon="-121.888338"><ele>625.4</ele><time>2021-06-20T14:19:59Z</time></trkpt>
<trkpt lat="37.073728" lon="-121.888374"><ele>624.7</ele><time>2021-06-20T14:20:04Z</time></trkpt>
<trkpt lat="37.073739" lon="-121.888408"><ele>624.5</ele><time>2021-06-20T14:20:05Z</time></trkpt>
<trkpt lat="37.073811" lon="-121.888308"><ele>624.0</ele><time>2021-06-20T14:20:29Z</time></trkpt>
<trkpt lat="37.073774" lon="-121.888461"><ele>623.4</ele><time>2021-06-20T14:20:33Z</time></trkpt>
<trkpt lat="37.073639" lon="-121.888693"><ele>622.0</ele><time>2021-06-20T14:20:36Z</time></trkpt>
<trkpt lat="37.073624" lon="-121.889036"><ele>620.4</ele><time>2021-06-20T14:20:39Z</time></trkpt>
<trkpt lat="37.073581" lon="-121.889256"><ele>619.4</ele><time>2021-06-20T14:20:41Z</time></trkpt>
<trkpt lat="37.073609" lon="-121.889353"><ele>619.0</ele><time>2021-06-20T14:20:43Z</time></trkpt>
<trkpt lat="37.073592" lon="-121.889595"><ele>618.2</ele><time>2021-06-20T14:20:49Z</time></trkpt>
<trkpt lat="37.073534" lon="-121.889683"><ele>617.9</ele><time>2021-06-20T14:20:54Z</time></trkpt>
<trkpt lat="37.073559" lon="-121.889754"><ele>617.7</ele><time>2021-06-20T14:21:02Z</time></trkpt>
<trkpt lat="37.073471" lon="-121.889809"><ele>617.5</ele><time>2021-06-20T14:21:05Z</time></trkpt>
<trkpt lat="37.073480" lon="-121.889864"><ele>617.4</ele><time>2021-06-20T14:21:07Z</time></trkpt>
<trkpt lat="37.073408" lon="-121.889893"><ele>617.4</ele><time>2021-06-20T14:21:12Z</time></trkpt>
<trkpt lat="37.073424" lon="-121.889939"><ele>617.3</ele><time>2021-06-20T14:21:16Z</time></trkpt>
<trkpt lat="37.073399" lon="-121.889961"><ele>617.3</ele><time>2021-06-20T14:21:18Z</time></trkpt>
<trkpt lat="37.073412" lon="-121.890006"><ele>617.3</ele><time>2021-06-20T14:21:22Z</time></trkpt>
<trkpt lat="37.073445" lon="-121.889985"><ele>617.3</ele><time>2021-06-20T14:21:23Z</time></trkpt>
<trkpt lat="37.073430" lon="-121.890018"><ele>617.3</ele><time>2021-06-20T14:21:25Z</time></trkpt>
<trkpt lat="37.073335" lon="-121.889926"><ele>617.3</ele><time>2021-06-20T14:21:30Z</time></trkpt>
<trkpt lat="37.073380" lon="-121.889931"><ele>617.4</ele><time>2021-06-20T14:21:35Z</time></trkpt>
<trkpt lat="37.073382" lon="-121.889963"><ele>617.4</ele><time>2021-06-20T14:21:38Z</time></trkpt>
<trkpt lat="37.073436" lon="-121.889898"><ele>617.5</ele><time>2021-06-20T14:21:42Z</time></trkpt>
<trkpt lat="37.073425" lon="-121.889865"><ele>617.5</ele><time>2021-06-20T14:21:43Z</time></trkpt>
<trkpt lat="37.073509" lon="-121.889913"><ele>617.6</ele><time>2021-06-20T14:22:08Z</time></trkpt>
<trkpt lat="37.073523" lon="-121.889891"><ele>617.7</ele><time>2021-06-20T14:22:10Z</time></trkpt>
<trkpt lat="37.073436" lon="-121.889852"><ele>617.9</ele><time>2021-06-20T14:22:43Z</time></trkpt>
<trkpt lat="37.073467" lon="-121.889830"><ele>617.9</ele><time>2021-06-20T14:22:45Z</time></trkpt>
<trkpt lat="37.073436" lon="-121.889922"><ele>618.1</ele><time>2021-06-20T14:23:02Z</time></trkpt>
<trkpt lat="37.073474" lon="-121.889897"><ele>618.2</ele><time>2021-06-20T14:23:05Z</time></trkpt>
<trkpt lat="37.073457" lon="-121.889858"><ele>618.3</ele><time>2021-06-20T14:23:06Z</time></trkpt>
<trkpt lat="37.073490" lon="-121.889799"><ele>618.4</ele><time>2021-06-20T14:23:09Z</time></trkpt>
<trkpt lat="37.073492" lon="-121.889842"><ele>618.5</ele><time>2021-06-20T14:23:11Z</time></trkpt>
<trkpt lat="37.073510" lon="-121.889802"><ele>618.6</ele><time>2021-06-20T14:23:14Z</time></trkpt>
<trkpt lat="37.073473" lon="-121.889850"><ele>618.8</ele><time>2021-06-20T14:23:16Z</time></trkpt>
<trkpt lat="37.073449" lon="-121.889825"><ele>618.9</ele><time>2021-06-20T14:23:18Z</time></trkpt>
<trkpt lat="37.073475" lon="-121.889862"><ele>619.0</ele><time>2021-06-20T14:23:20Z</time></trkpt>
<trkpt lat="37.073503" lon="-121.889830"><ele>619.0</ele><time>2021-06-20T14:23:22Z</time></trkpt>
<trkpt lat="37.073475" lon="-121.889895"><ele>619.2</ele><time>2021-06-20T14:23:25Z</time></trkpt>
<trkpt lat="37.073510" lon="-121.889845"><ele>619.3</ele><time>2021-06-20T14:23:29Z</time></trkpt>
<trkpt lat="37.073524" lon="-121.889864"><ele>619.3</ele><time>2021-06-20T14:23:30Z</time></trkpt>
<trkpt lat="37.073502" lon="-121.889880"><ele>619.3</ele><time>2021-06-20T14:23:31Z</time></trkpt>
<trkpt lat="37.073449" lon="-121.889832"><ele>619.4</ele><time>2021-06-20T14:23:34Z</time></trkpt>
<trkpt lat="37.073452" lon="-121.889916"><ele>619.5</ele><time>2021-06-20T14:23:38Z</time></trkpt>
<trkpt lat="37.073496" lon="-121.889934"><ele>619.5</ele><time>2021-06-20T14:23:41Z</time></trkpt>
<trkpt lat="37.073514" lon="-121.889886"><ele>619.4</ele><time>2021-06-20T14:23:45Z</time></trkpt>
<trkpt lat="37.073781" lon="-121.889983"><ele>618.0</ele><time>2021-06-20T14:24:11Z</time></trkpt>
<trkpt lat="37.073911" lon="-121.889831"><ele>616.8</ele><time>2021-06-20T14:24:14Z</time></trkpt>
<trkpt lat="37.073802" lon="-121.889741"><ele>615.8</ele><time>2021-06-20T14:24:18Z</time></trkpt>
<trkpt lat="37.073784" lon="-121.889617"><ele>615.0</ele><time>2021-06-20T14:24:21Z</time></trkpt>
<trkpt lat="37.073838" lon="-121.889535"><ele>614.1</ele><time>2021-06-20T14:24:22Z</time></trkpt>
<trkpt lat="37.073942" lon="-121.889569"><ele>613.0</ele><time>2021-06-20T14:24:23Z</time></trkpt>
<trkpt lat="37.074030" lon="-121.889547"><ele>612.0</ele><time>2021-06-20T14:24:28Z</time></trkpt>
<trkpt lat="37.074091" lon="-121.889823"><ele>609.6</ele><time>2021-06-20T14:24:33Z</time></trkpt>
<trkpt lat="37.074084" lon="-121.889907"><ele>608.9</ele><time>2021-06-20T14:24:35Z</time></trkpt>
<trkpt lat="37.074022" lon="-121.890090"><ele>607.5</ele><time>2021-06-20T14:24:36Z</time></trkpt>
<trkpt lat="37.074043" lon="-121.890094"><ele>607.3</ele><time>2021-06-20T14:24:37Z</time></trkpt>
<trkpt lat="37.073908" lon="-121.890217"><ele>607.3</ele><time>2021-06-20T14:24:44Z</time></trkpt>
<trkpt lat="37.074090" lon="-121.890330"><ele>602.1</ele><time>2021-06-20T14:24:46Z</time></trkpt>
<trkpt lat="37.074130" lon="-121.890419"><ele>601.3</ele><time>2021-06-20T14:24:47Z</time></trkpt>
<trkpt lat="37.074127" lon="-121.890563"><ele>600.6</ele><time>2021-06-20T14:24:50Z</time></trkpt>
<trkpt lat="37.074217" lon="-121.890755"><ele>598.7</ele><time>2021-06-20T14:24:52Z</time></trkpt>
<trkpt lat="37.074232" lon="-121.890687"><ele>598.8</ele><time>2021-06-20T14:24:53Z</time></trkpt>
<trkpt lat="37.074414" lon="-121.890817"><ele>598.6</ele><time>2021-06-20T14:25:00Z</time></trkpt>
<trkpt lat="37.074542" lon="-121.890592"><ele>599.0</ele><time>2021-06-20T14:25:05Z</time></trkpt>
<trkpt lat="37.074659" lon="-121.890654"><ele>599.1</ele><time>2021-06-20T14:25:08Z</time></trkpt>
<trkpt lat="37.074724" lon="-121.890638"><ele>598.8</ele><time>2021-06-20T14:25:09Z</time></trkpt>
<trkpt lat="37.074820" lon="-121.890525"><ele>597.3</ele><time>2021-06-20T14:25:10Z</time></trkpt>
<trkpt lat="37.074818" lon="-121.890573"><ele>597.4</ele><time>2021-06-20T14:25:11Z</time></trkpt>
<trkpt lat="37.074845" lon="-121.890548"><ele>596.3</ele><time>2021-06-20T14:25:12Z</time></trkpt>
<trkpt lat="37.074938" lon="-121.890334"><ele>593.8</ele><time>2021-06-20T14:25:19Z</time></trkpt>
<trkpt lat="37.075024" lon="-121.890315"><ele>591.2</ele><time>2021-06-20T14:25:20Z</time></trkpt>
<trkpt lat="37.075039" lon="-121.890281"><ele>590.5</ele><time>2021-06-20T14:25:21Z</time></trkpt>
<trkpt lat="37.075139" lon="-121.890332"><ele>587.4</ele><time>2021-06-20T14:25:23Z</time></trkpt>
<trkpt lat="37.075218" lon="-121.890290"><ele>585.1</ele><time>2021-06-20T14:25:25Z</time></trkpt>
<trkpt lat="37.075173" lon="-121.890500"><ele>584.0</ele><time>2021-06-20T14:25:33Z</time></trkpt>
<trkpt lat="37.075322" lon="-121.890497"><ele>579.4</ele><time>2021-06-20T14:25:36Z</time></trkpt>
<trkpt lat="37.075325" lon="-121.890697"><ele>578.0</ele><time>2021-06-20T14:25:42Z</time></trkpt>
<trkpt lat="37.075332" lon="-121.890656"><ele>578.5</ele><time>2021-06-20T14:25:43Z</time></trkpt>
<trkpt lat="37.075450" lon="-121.890685"><ele>576.0</ele><time>2021-06-20T14:25:44Z</time></trkpt>
<trkpt lat="37.075351" lon="-121.890748"><ele>577.2</ele><time>2021-06-20T14:25:45Z</time></trkpt>
<trkpt lat="37.075351" lon="-121.890860"><ele>576.2</ele><time>2021-06-20T14:25:48Z</time></trkpt>
<trkpt lat="37.075403" lon="-121.890855"><ele>575.7</ele><time>2021-06-20T14:25:50Z</time></trkpt>
<trkpt lat="37.075400" lon="-121.890926"><ele>574.7</ele><time>2021-06-20T14:25:52Z</time></trkpt>
<trkpt lat="37.075451" lon="-121.890927"><ele>573.5</ele><time>2021-06-20T14:25:54Z</time></trkpt>
<trkpt lat="37.075464" lon="-121.891077"><ele>572.3</ele><time>2021-06-20T14:25:55Z</time></trkpt>
<trkpt lat="37.075566" lon="-121.891130"><ele>570.9</ele><time>2021-06-20T14:25:59Z</time></trkpt>
<trkpt lat="37.075578" lon="-121.891204"><ele>570.2</ele><time>2021-06-20T14:26:00Z</time></trkpt>
<trkpt lat="37.075619" lon="-121.891192"><ele>569.7</ele><time>2021-06-20T14:26:01Z</time></trkpt>
<trkpt lat="37.075692" lon="-121.891318"><ele>568.2</ele><time>2021-06-20T14:26:04Z</time></trkpt>
<trkpt lat="37.075678" lon="-121.891487"><ele>566.8</ele><time>2021-06-20T14:26:07Z</time></trkpt>
<trkpt lat="37.075706" lon="-121.891589"><ele>566.1</ele><time>2021-06-20T14:26:10Z</time></trkpt>
<trkpt lat="37.075680" lon="-121.891683"><ele>565.5</ele><time>2021-06-20T14:26:12Z</time></trkpt>
<trkpt lat="37.075651" lon="-121.891691"><ele>565.3</ele><time>2021-06-20T14:26:13Z</time></trkpt>
<trkpt lat="37.075702" lon="-121.891765"><ele>564.7</ele><time>2021-06-20T14:26:14Z</time></trkpt>
<trkpt lat="37.075725" lon="-121.891872"><ele>564.2</ele><time>2021-06-20T14:26:16Z</time></trkpt>
<trkpt lat="37.075933" lon="-121.892011"><ele>562.5</ele><time>2021-06-20T14:26:20Z</time></trkpt>
<trkpt lat="37.075987" lon="-121.892212"><ele>561.1</ele><time>2021-06-20T14:26:23Z</time></trkpt>
<trkpt lat="37.075793" lon="-121.892571"><ele>560.1</ele><time>2021-06-20T14:26:28Z</time></trkpt>
<trkpt lat="37.075812" lon="-121.892878"><ele>559.9</ele><time>2021-06-20T14:26:30Z</time></trkpt>
<trkpt lat="37.075734" lon="-121.893137"><ele>559.2</ele><time>2021-06-20T14:26:32Z</time></trkpt>
<trkpt lat="37.075745" lon="-121.893195"><ele>556.6</ele><time>2021-06-20T14:26:33Z</time></trkpt>
<trkpt lat="37.075701" lon="-121.893314"><ele>552.7</ele><time>2021-06-20T14:26:37Z</time></trkpt>
<trkpt lat="37.075751" lon="-121.893424"><ele>550.8</ele><time>2021-06-20T14:26:42Z</time></trkpt>
<trkpt lat="37.075580" lon="-121.893690"><ele>553.6</ele><time>2021-06-20T14:26:47Z</time></trkpt>
<trkpt lat="37.075553" lon="-121.893784"><ele>553.1</ele><time>2021-06-20T14:26:49Z</time></trkpt>
<trkpt lat="37.075633" lon="-121.893723"><ele>551.6</ele><time>2021-06-20T14:26:53Z</time></trkpt>
<trkpt lat="37.075626" lon="-121.893652"><ele>552.0</ele><time>2021-06-20T14:26:55Z</time></trkpt>
<trkpt lat="37.075743" lon="-121.893651"><ele>549.5</ele><time>2021-06-20T14:26:58Z</time></trkpt>
<trkpt lat="37.075980" lon="-121.893421"><ele>546.6</ele><time>2021-06-20T14:27:04Z</time></trkpt>
<trkpt lat="37.075969" lon="-121.893362"><ele>548.2</ele><time>2021-06-20T14:27:09Z</time></trkpt>
<trkpt lat="37.075997" lon="-121.893355"><ele>548.2</ele><time>2021-06-20T14:27:10Z</time></trkpt>
<trkpt lat="37.076008" lon="-121.893268"><ele>550.6</ele><time>2021-06-20T14:27:11Z</time></trkpt>
<trkpt lat="37.076094" lon="-121.893152"><ele>549.6</ele><time>2021-06-20T14:27:14Z</time></trkpt>
<trkpt lat="37.076171" lon="-121.893020"><ele>542.3</ele><time>2021-06-20T14:27:17Z</time></trkpt>
<trkpt lat="37.076298" lon="-121.892765"><ele>537.5</ele><time>2021-06-20T14:27:22Z</time></trkpt>
<trkpt lat="37.076253" lon="-121.892786"><ele>538.3</ele><time>2021-06-20T14:27:23Z</time></trkpt>
<trkpt lat="37.076356" lon="-121.892697"><ele>538.0</ele><time>2021-06-20T14:27:25Z</time></trkpt>
<trkpt lat="37.076433" lon="-121.892507"><ele>541.4</ele><time>2021-06-20T14:27:30Z</time></trkpt>
<trkpt lat="37.076497" lon="-121.892509"><ele>538.3</ele><time>2021-06-20T14:27:31Z</time></trkpt>
<trkpt lat="37.076616" lon="-121.892312"><ele>538.4</ele><time>2021-06-20T14:27:33Z</time></trkpt>
<trkpt lat="37.076711" lon="-121.892093"><ele>542.8</ele><time>2021-06-20T14:27:35Z</time></trkpt>
<trkpt lat="37.076787" lon="-121.891990"><ele>539.3</ele><time>2021-06-20T14:27:36Z</time></trkpt>
<trkpt lat="37.076853" lon="-121.891742"><ele>538.4</ele><time>2021-06-20T14:27:41Z</time></trkpt>
<trkpt lat="37.076931" lon="-121.891739"><ele>533.2</ele><time>2021-06-20T14:27:42Z</time></trkpt>
<trkpt lat="37.077144" lon="-121.891641"><ele>525.4</ele><time>2021-06-20T14:27:48Z</time></trkpt>
<trkpt lat="37.077172" lon="-121.891662"><ele>524.2</ele><time>2021-06-20T14:27:49Z</time></trkpt>
<trkpt lat="37.077194" lon="-121.891775"><ele>522.2</ele><time>2021-06-20T14:27:53Z</time></trkpt>
<trkpt lat="37.077176" lon="-121.891786"><ele>522.2</ele><time>2021-06-20T14:27:54Z</time></trkpt>
<trkpt lat="37.077240" lon="-121.891833"><ele>518.9</ele><time>2021-06-20T14:27:55Z</time></trkpt>
<trkpt lat="37.077158" lon="-121.892079"><ele>519.9</ele><time>2021-06-20T14:28:03Z</time></trkpt>
<trkpt lat="37.077165" lon="-121.892151"><ele>517.7</ele><time>2021-06-20T14:28:05Z</time></trkpt>
<trkpt lat="37.076996" lon="-121.892358"><ele>520.3</ele><time>2021-06-20T14:28:10Z</time></trkpt>
<trkpt lat="37.076864" lon="-121.892416"><ele>525.7</ele><time>2021-06-20T14:28:13Z</time></trkpt>
<trkpt lat="37.076945" lon="-121.892491"><ele>522.6</ele><time>2021-06-20T14:28:14Z</time></trkpt>
<trkpt lat="37.076993" lon="-121.892491"><ele>521.1</ele><time>2021-06-20T14:28:15Z</time></trkpt>
<trkpt lat="37.076946" lon="-121.892517"><ele>522.1</ele><time>2021-06-20T14:28:20Z</time></trkpt>
<trkpt lat="37.077009" lon="-121.892603"><ele>522.0</ele><time>2021-06-20T14:28:21Z</time></trkpt>
<trkpt lat="37.077009" lon="-121.892666"><ele>521.7</ele><time>2021-06-20T14:28:24Z</time></trkpt>
<trkpt lat="37.077035" lon="-121.892702"><ele>516.7</ele><time>2021-06-20T14:28:28Z</time></trkpt>
<trkpt lat="37.077027" lon="-121.892604"><ele>522.0</ele><time>2021-06-20T14:28:45Z</time></trkpt>
<trkpt lat="37.076976" lon="-121.892576"><ele>522.1</ele><time>2021-06-20T14:28:49Z</time></trkpt>
<trkpt lat="37.077018" lon="-121.892651"><ele>521.7</ele><time>2021-06-20T14:28:50Z</time></trkpt>
<trkpt lat="37.077034" lon="-121.892688"><ele>516.7</ele><time>2021-06-20T14:28:52Z</time></trkpt>
<trkpt lat="37.076964" lon="-121.892773"><ele>516.7</ele><time>2021-06-20T14:28:54Z</time></trkpt>
<trkpt lat="37.077038" lon="-121.892680"><ele>516.7</ele><time>2021-06-20T14:28:55Z</time></trkpt>
<trkpt lat="37.077022" lon="-121.892705"><ele>520.0</ele><time>2021-06-20T14:28:59Z</time></trkpt>
<trkpt lat="37.077019" lon="-121.892712"><ele>516.6</ele><time>2021-06-20T14:29:00Z</time></trkpt>
<trkpt lat="37.076998" lon="-121.892904"><ele>513.9</ele><time>2021-06-20T14:29:16Z</time></trkpt>
<trkpt lat="37.077054" lon="-121.892980"><ele>511.7</ele><time>2021-06-20T14:29:18Z</time></trkpt>
<trkpt lat="37.077064" lon="-121.893056"><ele>509.7</ele><time>2021-06-20T14:29:19Z</time></trkpt>
<trkpt lat="37.076974" lon="-121.893198"><ele>511.7</ele><time>2021-06-20T14:29:21Z</time></trkpt>
<trkpt lat="37.076992" lon="-121.893250"><ele>510.1</ele><time>2021-06-20T14:29:22Z</time></trkpt>
<trkpt lat="37.076976" lon="-121.893323"><ele>510.5</ele><time>2021-06-20T14:29:23Z</time></trkpt>
<trkpt lat="37.077044" lon="-121.893416"><ele>508.0</ele><time>2021-06-20T14:29:25Z</time></trkpt>
<trkpt lat="37.077034" lon="-121.893683"><ele>506.5</ele><time>2021-06-20T14:29:29Z</time></trkpt>
<trkpt lat="37.077095" lon="-121.893707"><ele>503.8</ele><time>2021-06-20T14:29:30Z</time></trkpt>
<trkpt lat="37.077178" lon="-121.893880"><ele>502.9</ele><time>2021-06-20T14:29:35Z</time></trkpt>
<trkpt lat="37.077210" lon="-121.894114"><ele>503.1</ele><time>2021-06-20T14:29:40Z</time></trkpt>
<trkpt lat="37.077172" lon="-121.894261"><ele>505.8</ele><time>2021-06-20T14:29:44Z</time></trkpt>
<trkpt lat="37.077182" lon="-121.894453"><ele>506.4</ele><time>2021-06-20T14:29:47Z</time></trkpt>
<trkpt lat="37.077159" lon="-121.894557"><ele>511.4</ele><time>2021-06-20T14:29:48Z</time></trkpt>
<trkpt lat="37.077089" lon="-121.894621"><ele>518.7</ele><time>2021-06-20T14:29:49Z</time></trkpt>
<trkpt lat="37.077098" lon="-121.894667"><ele>515.4</ele><time>2021-06-20T14:29:50Z</time></trkpt>
<trkpt lat="37.077125" lon="-121.894704"><ele>517.5</ele><time>2021-06-20T14:29:51Z</time></trkpt>
<trkpt lat="37.077134" lon="-121.894716"><ele>515.3</ele><time>2021-06-20T14:29:52Z</time></trkpt>
<trkpt lat="37.077129" lon="-121.894632"><ele>511.4</ele><time>2021-06-20T14:29:54Z</time></trkpt>
<trkpt lat="37.077127" lon="-121.894591"><ele>514.9</ele><time>2021-06-20T14:29:55Z</time></trkpt>
<trkpt lat="37.077116" lon="-121.894498"><ele>513.7</ele><time>2021-06-20T14:29:57Z</time></trkpt>
<trkpt lat="37.077169" lon="-121.894379"><ele>505.6</ele><time>2021-06-20T14:29:59Z</time></trkpt>
<trkpt lat="37.077149" lon="-121.894223"><ele>508.1</ele><time>2021-06-20T14:30:02Z</time></trkpt>
<trkpt lat="37.077141" lon="-121.893988"><ele>505.6</ele><time>2021-06-20T14:30:06Z</time></trkpt>
<trkpt lat="37.077097" lon="-121.893981"><ele>506.7</ele><time>2021-06-20T14:30:07Z</time></trkpt>
<trkpt lat="37.077133" lon="-121.893849"><ele>503.7</ele><time>2021-06-20T14:30:11Z</time></trkpt>
<trkpt lat="37.077123" lon="-121.893747"><ele>503.3</ele><time>2021-06-20T14:30:13Z</time></trkpt>
<trkpt lat="37.077160" lon="-121.893637"><ele>503.0</ele><time>2021-06-20T14:30:15Z</time></trkpt>
<trkpt lat="37.077190" lon="-121.893648"><ele>502.9</ele><time>2021-06-20T14:30:16Z</time></trkpt>
<trkpt lat="37.077223" lon="-121.893572"><ele>502.7</ele><time>2021-06-20T14:30:18Z</time></trkpt>
<trkpt lat="37.077258" lon="-121.893431"><ele>502.4</ele><time>2021-06-20T14:30:20Z</time></trkpt>
<trkpt lat="37.077261" lon="-121.893177"><ele>501.8</ele><time>2021-06-20T14:30:26Z</time></trkpt>
<trkpt lat="37.077302" lon="-121.893029"><ele>501.5</ele><time>2021-06-20T14:30:28Z</time></trkpt>
<trkpt lat="37.077335" lon="-121.892941"><ele>501.3</ele><time>2021-06-20T14:30:29Z</time></trkpt>
<trkpt lat="37.077475" lon="-121.892794"><ele>500.8</ele><time>2021-06-20T14:30:32Z</time></trkpt>
<trkpt lat="37.077550" lon="-121.892643"><ele>500.3</ele><time>2021-06-20T14:30:34Z</time></trkpt>
<trkpt lat="37.077632" lon="-121.892321"><ele>499.0</ele><time>2021-06-20T14:30:39Z</time></trkpt>
<trkpt lat="37.077723" lon="-121.892350"><ele>497.9</ele><time>2021-06-20T14:30:41Z</time></trkpt>
<trkpt lat="37.077722" lon="-121.892431"><ele>497.1</ele><time>2021-06-20T14:30:43Z</time></trkpt>
<trkpt lat="37.077754" lon="-121.892459"><ele>496.7</ele><time>2021-06-20T14:30:45Z</time></trkpt>
<trkpt lat="37.077862" lon="-121.892274"><ele>494.8</ele><time>2021-06-20T14:30:49Z</time></trkpt>
<trkpt lat="37.077829" lon="-121.892145"><ele>493.6</ele><time>2021-06-20T14:30:51Z</time></trkpt>
<trkpt lat="37.077881" lon="-121.892105"><ele>492.9</ele><time>2021-06-20T14:30:52Z</time></trkpt>
<trkpt lat="37.077957" lon="-121.892155"><ele>491.9</ele><time>2021-06-20T14:30:53Z</time></trkpt>
<trkpt lat="37.078016" lon="-121.892428"><ele>489.2</ele><time>2021-06-20T14:30:57Z</time></trkpt>
<trkpt lat="37.078013" lon="-121.892638"><ele>487.3</ele><time>2021-06-20T14:31:00Z</time></trkpt>
<trkpt lat="37.078054" lon="-121.892609"><ele>486.8</ele><time>2021-06-20T14:31:01Z</time></trkpt>
<trkpt lat="37.078075" lon="-121.892475"><ele>485.8</ele><time>2021-06-20T14:31:02Z</time></trkpt>
<trkpt lat="37.078037" lon="-121.892394"><ele>485.2</ele><time>2021-06-20T14:31:04Z</time></trkpt>
<trkpt lat="37.078073" lon="-121.892336"><ele>484.7</ele><time>2021-06-20T14:31:05Z</time></trkpt>
<trkpt lat="37.078006" lon="-121.892320"><ele>484.0</ele><time>2021-06-20T14:31:06Z</time></trkpt>
<trkpt lat="37.078092" lon="-121.892028"><ele>481.1</ele><time>2021-06-20T14:31:09Z</time></trkpt>
<trkpt lat="37.078180" lon="-121.892019"><ele>480.0</ele><time>2021-06-20T14:31:10Z</time></trkpt>
<trkpt lat="37.078275" lon="-121.892142"><ele>478.3</ele><time>2021-06-20T14:31:11Z</time></trkpt>
<trkpt lat="37.078254" lon="-121.892237"><ele>477.3</ele><time>2021-06-20T14:31:12Z</time></trkpt>
<trkpt lat="37.078376" lon="-121.892301"><ele>475.6</ele><time>2021-06-20T14:31:15Z</time></trkpt>
<trkpt lat="37.078470" lon="-121.892226"><ele>474.1</ele><time>2021-06-20T14:31:18Z</time></trkpt>
<trkpt lat="37.078419" lon="-121.892131"><ele>473.1</ele><time>2021-06-20T14:31:19Z</time></trkpt>
<trkpt lat="37.078441" lon="-121.892062"><ele>472.5</ele><time>2021-06-20T14:31:20Z</time></trkpt>
<trkpt lat="37.078605" lon="-121.892079"><ele>470.9</ele><time>2021-06-20T14:31:22Z</time></trkpt>
<trkpt lat="37.078651" lon="-121.892135"><ele>470.4</ele><time>2021-06-20T14:31:23Z</time></trkpt>
<trkpt lat="37.078751" lon="-121.892306"><ele>468.9</ele><time>2021-06-20T14:31:26Z</time></trkpt>
<trkpt lat="37.078768" lon="-121.892456"><ele>468.1</ele><time>2021-06-20T14:31:30Z</time></trkpt>
<trkpt lat="37.078801" lon="-121.892508"><ele>467.7</ele><time>2021-06-20T14:31:32Z</time></trkpt>
<trkpt lat="37.078769" lon="-121.892672"><ele>467.0</ele><time>2021-06-20T14:31:34Z</time></trkpt>
<trkpt lat="37.078741" lon="-121.893414"><ele>463.4</ele><time>2021-06-20T14:31:52Z</time></trkpt>
<trkpt lat="37.078810" lon="-121.893578"><ele>462.5</ele><time>2021-06-20T14:31:54Z</time></trkpt>
<trkpt lat="37.078694" lon="-121.893766"><ele>461.1</ele><time>2021-06-20T14:31:58Z</time></trkpt>
<trkpt lat="37.078731" lon="-121.893720"><ele>460.7</ele><time>2021-06-20T14:31:59Z</time></trkpt>
<trkpt lat="37.078718" lon="-121.893667"><ele>460.4</ele><time>2021-06-20T14:32:04Z</time></trkpt>
<trkpt lat="37.078690" lon="-121.893703"><ele>460.1</ele><time>2021-06-20T14:32:12Z</time></trkpt>
<trkpt lat="37.078800" lon="-121.893720"><ele>459.1</ele><time>2021-06-20T14:32:21Z</time></trkpt>
<trkpt lat="37.079033" lon="-121.893224"><ele>456.2</ele><time>2021-06-20T14:33:08Z</time></trkpt>
<trkpt lat="37.079062" lon="-121.893116"><ele>456.3</ele><time>2021-06-20T14:33:09Z</time></trkpt>
<trkpt lat="37.078978" lon="-121.893054"><ele>459.5</ele><time>2021-06-20T14:33:10Z</time></trkpt>
<trkpt lat="37.079030" lon="-121.892909"><ele>460.4</ele><time>2021-06-20T14:33:14Z</time></trkpt>
<trkpt lat="37.079083" lon="-121.892951"><ele>456.9</ele><time>2021-06-20T14:33:15Z</time></trkpt>
<trkpt lat="37.079127" lon="-121.893051"><ele>454.1</ele><time>2021-06-20T14:33:17Z</time></trkpt>
<trkpt lat="37.079148" lon="-121.893188"><ele>448.9</ele><time>2021-06-20T14:33:19Z</time></trkpt>
<trkpt lat="37.079109" lon="-121.893619"><ele>446.6</ele><time>2021-06-20T14:33:25Z</time></trkpt>
<trkpt lat="37.079048" lon="-121.893844"><ele>445.2</ele><time>2021-06-20T14:33:29Z</time></trkpt>
<trkpt lat="37.079080" lon="-121.893761"><ele>444.6</ele><time>2021-06-20T14:33:30Z</time></trkpt>
<trkpt lat="37.079031" lon="-121.893642"><ele>448.4</ele><time>2021-06-20T14:33:31Z</time></trkpt>
<trkpt lat="37.079199" lon="-121.893500"><ele>442.7</ele><time>2021-06-20T14:33:35Z</time></trkpt>
<trkpt lat="37.079188" lon="-121.893461"><ele>443.0</ele><time>2021-06-20T14:33:36Z</time></trkpt>
<trkpt lat="37.079246" lon="-121.893328"><ele>442.8</ele><time>2021-06-20T14:33:39Z</time></trkpt>
<trkpt lat="37.079321" lon="-121.893331"><ele>442.3</ele><time>2021-06-20T14:33:42Z</time></trkpt>
<trkpt lat="37.079349" lon="-121.893452"><ele>441.6</ele><time>2021-06-20T14:33:43Z</time></trkpt>
<trkpt lat="37.079344" lon="-121.893711"><ele>439.8</ele><time>2021-06-20T14:33:48Z</time></trkpt>
<trkpt lat="37.079403" lon="-121.893751"><ele>439.3</ele><time>2021-06-20T14:33:49Z</time></trkpt>
<trkpt lat="37.079357" lon="-121.894032"><ele>437.8</ele><time>2021-06-20T14:33:53Z</time></trkpt>
<trkpt lat="37.079470" lon="-121.894077"><ele>437.0</ele><time>2021-06-20T14:33:55Z</time></trkpt>
<trkpt lat="37.079501" lon="-121.894216"><ele>436.1</ele><time>2021-06-20T14:33:57Z</time></trkpt>
<trkpt lat="37.079557" lon="-121.894231"><ele>435.7</ele><time>2021-06-20T14:33:59Z</time></trkpt>
<trkpt lat="37.079598" lon="-121.893895"><ele>433.7</ele><time>2021-06-20T14:34:04Z</time></trkpt>
<trkpt lat="37.079578" lon="-121.893800"><ele>433.1</ele><time>2021-06-20T14:34:06Z</time></trkpt>
<trkpt lat="37.079520" lon="-121.893759"><ele>432.5</ele><time>2021-06-20T14:34:08Z</time></trkpt>
<trkpt lat="37.079563" lon="-121.893731"><ele>432.0</ele><time>2021-06-20T14:34:11Z</time></trkpt>
<trkpt lat="37.079641" lon="-121.893766"><ele>431.2</ele><time>2021-06-20T14:34:14Z</time></trkpt>
<trkpt lat="37.079650" lon="-121.893832"><ele>430.7</ele><time>2021-06-20T14:34:15Z</time></trkpt>
<trkpt lat="37.079741" lon="-121.893937"><ele>429.6</ele><time>2021-06-20T14:34:18Z</time></trkpt>
<trkpt lat="37.079850" lon="-121.893955"><ele>428.6</ele><time>2021-06-20T14:34:20Z</time></trkpt>
<trkpt lat="37.079919" lon="-121.894128"><ele>427.6</ele><time>2021-06-20T14:34:23Z</time></trkpt>
<trkpt lat="37.079979" lon="-121.894183"><ele>427.2</ele><time>2021-06-20T14:34:24Z</time></trkpt>
<trkpt lat="37.079977" lon="-121.894418"><ele>426.3</ele><time>2021-06-20T14:34:29Z</time></trkpt>
<trkpt lat="37.079921" lon="-121.894501"><ele>425.9</ele><time>2021-06-20T14:34:33Z</time></trkpt>
<trkpt lat="37.080013" lon="-121.894535"><ele>425.4</ele><time>2021-06-20T14:34:35Z</time></trkpt>
<trkpt lat="37.080037" lon="-121.894508"><ele>425.2</ele><time>2021-06-20T14:34:36Z</time></trkpt>
<trkpt lat="37.079950" lon="-121.894780"><ele>424.5</ele><time>2021-06-20T14:34:38Z</time></trkpt>
<trkpt lat="37.080027" lon="-121.895129"><ele>423.0</ele><time>2021-06-20T14:34:48Z</time></trkpt>
<trkpt lat="37.079955" lon="-121.895282"><ele>421.9</ele><time>2021-06-20T14:34:49Z</time></trkpt>
<trkpt lat="37.079871" lon="-121.895329"><ele>421.2</ele><time>2021-06-20T14:34:51Z</time></trkpt>
<trkpt lat="37.079785" lon="-121.895443"><ele>420.2</ele><time>2021-06-20T14:34:53Z</time></trkpt>
<trkpt lat="37.079768" lon="-121.895620"><ele>419.0</ele><time>2021-06-20T14:34:57Z</time></trkpt>
<trkpt lat="37.079849" lon="-121.895679"><ele>418.3</ele><time>2021-06-20T14:34:59Z</time></trkpt>
<trkpt lat="37.079858" lon="-121.895593"><ele>417.6</ele><time>2021-06-20T14:35:01Z</time></trkpt>
<trkpt lat="37.079909" lon="-121.895514"><ele>416.8</ele><time>2021-06-20T14:35:04Z</time></trkpt>
<trkpt lat="37.079871" lon="-121.895523"><ele>416.3</ele><time>2021-06-20T14:35:06Z</time></trkpt>
<trkpt lat="37.079911" lon="-121.895662"><ele>415.2</ele><time>2021-06-20T14:35:09Z</time></trkpt>
<trkpt lat="37.080058" lon="-121.895945"><ele>412.9</ele><time>2021-06-20T14:35:14Z</time></trkpt>
<trkpt lat="37.080029" lon="-121.896073"><ele>412.3</ele><time>2021-06-20T14:35:16Z</time></trkpt>
<trkpt lat="37.080080" lon="-121.896236"><ele>411.8</ele><time>2021-06-20T14:35:23Z</time></trkpt>
<trkpt lat="37.080155" lon="-121.896264"><ele>411.7</ele><time>2021-06-20T14:35:26Z</time></trkpt>
<trkpt lat="37.080189" lon="-121.896316"><ele>411.7</ele><time>2021-06-20T14:35:27Z</time></trkpt>
<trkpt lat="37.080258" lon="-121.896300"><ele>411.6</ele><time>2021-06-20T14:35:28Z</time></trkpt>
<trkpt lat="37.080419" lon="-121.896493"><ele>411.4</ele><time>2021-06-20T14:35:30Z</time></trkpt>
<trkpt lat="37.080507" lon="-121.896851"><ele>411.0</ele><time>2021-06-20T14:35:34Z</time></trkpt>
<trkpt lat="37.080383" lon="-121.897114"><ele>410.6</ele><time>2021-06-20T14:35:39Z</time></trkpt>
<trkpt lat="37.080383" lon="-121.897473"><ele>410.6</ele><time>2021-06-20T14:35:44Z</time></trkpt>
<trkpt lat="37.080356" lon="-121.897486"><ele>410.7</ele><time>2021-06-20T14:35:46Z</time></trkpt>
<trkpt lat="37.080401" lon="-121.897542"><ele>410.9</ele><time>2021-06-20T14:35:47Z</time></trkpt>
<trkpt lat="37.080276" lon="-121.897667"><ele>411.5</ele><time>2021-06-20T14:36:00Z</time></trkpt>
<trkpt lat="37.080200" lon="-121.897690"><ele>411.8</ele><time>2021-06-20T14:36:04Z</time></trkpt>
<trkpt lat="37.080086" lon="-121.897639"><ele>412.3</ele><time>2021-06-20T14:38:09Z</time></trkpt>
<trkpt lat="37.080104" lon="-121.897600"><ele>412.4</ele><time>2021-06-20T14:38:10Z</time></trkpt>
<trkpt lat="37.080044" lon="-121.897734"><ele>412.5</ele><time>2021-06-20T14:38:15Z</time></trkpt>
<trkpt lat="37.080082" lon="-121.898020"><ele>411.5</ele><time>2021-06-20T14:38:20Z</time></trkpt>
<trkpt lat="37.080025" lon="-121.898123"><ele>410.8</ele><time>2021-06-20T14:38:22Z</time></trkpt>
<trkpt lat="37.079970" lon="-121.898335"><ele>409.8</ele><time>2021-06-20T14:38:25Z</time></trkpt>
<trkpt lat="37.079838" lon="-121.898563"><ele>408.9</ele><time>2021-06-20T14:38:28Z</time></trkpt>
<trkpt lat="37.079833" lon="-121.898629"><ele>408.6</ele><time>2021-06-20T14:38:29Z</time></trkpt>
<trkpt lat="37.079952" lon="-121.898690"><ele>407.7</ele><time>2021-06-20T14:38:31Z</time></trkpt>
<trkpt lat="37.080001" lon="-121.898630"><ele>407.1</ele><time>2021-06-20T14:38:32Z</time></trkpt>
<trkpt lat="37.080012" lon="-121.898512"><ele>406.4</ele><time>2021-06-20T14:38:33Z</time></trkpt>
<trkpt lat="37.080082" lon="-121.898315"><ele>405.0</ele><time>2021-06-20T14:38:35Z</time></trkpt>
<trkpt lat="37.080278" lon="-121.898176"><ele>402.9</ele><time>2021-06-20T14:38:39Z</time></trkpt>
<trkpt lat="37.080335" lon="-121.898243"><ele>402.1</ele><time>2021-06-20T14:38:40Z</time></trkpt>
<trkpt lat="37.080295" lon="-121.898577"><ele>398.8</ele><time>2021-06-20T14:38:45Z</time></trkpt>
<trkpt lat="37.080449" lon="-121.898547"><ele>396.7</ele><time>2021-06-20T14:38:49Z</time></trkpt>
<trkpt lat="37.080472" lon="-121.898596"><ele>396.2</ele><time>2021-06-20T14:38:50Z</time></trkpt>
<trkpt lat="37.080399" lon="-121.898736"><ele>394.8</ele><time>2021-06-20T14:38:52Z</time></trkpt>
<trkpt lat="37.080385" lon="-121.898999"><ele>393.1</ele><time>2021-06-20T14:38:55Z</time></trkpt>
<trkpt lat="37.080311" lon="-121.899099"><ele>393.6</ele><time>2021-06-20T14:38:56Z</time></trkpt>
<trkpt lat="37.080217" lon="-121.899126"><ele>390.8</ele><time>2021-06-20T14:38:58Z</time></trkpt>
<trkpt lat="37.080104" lon="-121.899229"><ele>391.3</ele><time>2021-06-20T14:39:01Z</time></trkpt>
<trkpt lat="37.080116" lon="-121.899361"><ele>388.8</ele><time>2021-06-20T14:39:04Z</time></trkpt>
<trkpt lat="37.080229" lon="-121.899324"><ele>387.6</ele><time>2021-06-20T14:39:05Z</time></trkpt>
<trkpt lat="37.080444" lon="-121.899183"><ele>386.0</ele><time>2021-06-20T14:39:08Z</time></trkpt>
<trkpt lat="37.080672" lon="-121.898947"><ele>383.8</ele><time>2021-06-20T14:39:13Z</time></trkpt>
<trkpt lat="37.080720" lon="-121.898872"><ele>383.2</ele><time>2021-06-20T14:39:14Z</time></trkpt>
<trkpt lat="37.080755" lon="-121.898712"><ele>382.4</ele><time>2021-06-20T14:39:15Z</time></trkpt>
<trkpt lat="37.080722" lon="-121.898659"><ele>382.1</ele><time>2021-06-20T14:39:16Z</time></trkpt>
<trkpt lat="37.080786" lon="-121.898522"><ele>381.6</ele><time>2021-06-20T14:39:18Z</time></trkpt>
<trkpt lat="37.080869" lon="-121.898474"><ele>381.3</ele><time>2021-06-20T14:39:19Z</time></trkpt>
<trkpt lat="37.080997" lon="-121.898293"><ele>380.7</ele><time>2021-06-20T14:39:22Z</time></trkpt>
<trkpt lat="37.081103" lon="-121.898076"><ele>380.0</ele><time>2021-06-20T14:39:25Z</time></trkpt>
<trkpt lat="37.081075" lon="-121.898029"><ele>379.8</ele><time>2021-06-20T14:39:26Z</time></trkpt>
<trkpt lat="37.081095" lon="-121.897921"><ele>379.5</ele><time>2021-06-20T14:39:28Z</time></trkpt>
<trkpt lat="37.081143" lon="-121.897813"><ele>379.2</ele><time>2021-06-20T14:39:30Z</time></trkpt>
<trkpt lat="37.081225" lon="-121.897739"><ele>378.9</ele><time>2021-06-20T14:39:31Z</time></trkpt>
<trkpt lat="37.081207" lon="-121.897559"><ele>378.1</ele><time>2021-06-20T14:39:33Z</time></trkpt>
<trkpt lat="37.081436" lon="-121.896968"><ele>374.2</ele><time>2021-06-20T14:39:42Z</time></trkpt>
<trkpt lat="37.081417" lon="-121.896685"><ele>372.0</ele><time>2021-06-20T14:39:48Z</time></trkpt>
<trkpt lat="37.081444" lon="-121.896663"><ele>371.8</ele><time>2021-06-20T14:39:49Z</time></trkpt>
<trkpt lat="37.081332" lon="-121.896621"><ele>371.0</ele><time>2021-06-20T14:39:51Z</time></trkpt>
<trkpt lat="37.081243" lon="-121.896508"><ele>369.1</ele><time>2021-06-20T14:39:54Z</time></trkpt>
<trkpt lat="37.081286" lon="-121.896397"><ele>364.5</ele><time>2021-06-20T14:39:55Z</time></trkpt>
<trkpt lat="37.081228" lon="-121.896276"><ele>369.1</ele><time>2021-06-20T14:39:57Z</time></trkpt>
<trkpt lat="37.081157" lon="-121.896167"><ele>368.7</ele><time>2021-06-20T14:39:58Z</time></trkpt>
<trkpt lat="37.081195" lon="-121.896112"><ele>368.1</ele><time>2021-06-20T14:39:59Z</time></trkpt>
<trkpt lat="37.081352" lon="-121.896231"><ele>366.3</ele><time>2021-06-20T14:40:03Z</time></trkpt>
<trkpt lat="37.081455" lon="-121.896416"><ele>364.6</ele><time>2021-06-20T14:40:06Z</time></trkpt>
<trkpt lat="37.081614" lon="-121.896525"><ele>363.1</ele><time>2021-06-20T14:40:09Z</time></trkpt>
<trkpt lat="37.081605" lon="-121.896661"><ele>362.2</ele><time>2021-06-20T14:40:12Z</time></trkpt>
<trkpt lat="37.081797" lon="-121.896954"><ele>359.8</ele><time>2021-06-20T14:40:17Z</time></trkpt>
<trkpt lat="37.081804" lon="-121.897049"><ele>359.2</ele><time>2021-06-20T14:40:19Z</time></trkpt>
<trkpt lat="37.081775" lon="-121.897118"><ele>358.7</ele><time>2021-06-20T14:40:20Z</time></trkpt>
<trkpt lat="37.081854" lon="-121.897273"><ele>357.5</ele><time>2021-06-20T14:40:24Z</time></trkpt>
<trkpt lat="37.081837" lon="-121.897319"><ele>357.2</ele><time>2021-06-20T14:40:25Z</time></trkpt>
<trkpt lat="37.081876" lon="-121.897395"><ele>356.6</ele><time>2021-06-20T14:40:26Z</time></trkpt>
<trkpt lat="37.081868" lon="-121.897476"><ele>356.2</ele><time>2021-06-20T14:40:27Z</time></trkpt>
<trkpt lat="37.081933" lon="-121.897564"><ele>355.5</ele><time>2021-06-20T14:40:29Z</time></trkpt>
<trkpt lat="37.082026" lon="-121.897598"><ele>354.9</ele><time>2021-06-20T14:40:30Z</time></trkpt>
<trkpt lat="37.082091" lon="-121.897567"><ele>354.4</ele><time>2021-06-20T14:40:31Z</time></trkpt>
<trkpt lat="37.082152" lon="-121.897627"><ele>353.9</ele><time>2021-06-20T14:40:33Z</time></trkpt>
<trkpt lat="37.082171" lon="-121.897794"><ele>353.0</ele><time>2021-06-20T14:40:34Z</time></trkpt>
<trkpt lat="37.082138" lon="-121.898066"><ele>352.2</ele><time>2021-06-20T14:40:39Z</time></trkpt>
<trkpt lat="37.082149" lon="-121.898211"><ele>345.0</ele><time>2021-06-20T14:40:41Z</time></trkpt>
<trkpt lat="37.082114" lon="-121.898313"><ele>343.4</ele><time>2021-06-20T14:40:43Z</time></trkpt>
<trkpt lat="37.082188" lon="-121.898236"><ele>339.4</ele><time>2021-06-20T14:40:47Z</time></trkpt>
<trkpt lat="37.082152" lon="-121.898096"><ele>344.9</ele><time>2021-06-20T14:40:49Z</time></trkpt>
<trkpt lat="37.082216" lon="-121.897982"><ele>343.8</ele><time>2021-06-20T14:40:52Z</time></trkpt>
<trkpt lat="37.082367" lon="-121.898199"><ele>341.8</ele><time>2021-06-20T14:40:55Z</time></trkpt>
<trkpt lat="37.082255" lon="-121.898247"><ele>340.9</ele><time>2021-06-20T14:40:57Z</time></trkpt>
<trkpt lat="37.082287" lon="-121.898306"><ele>340.5</ele><time>2021-06-20T14:41:00Z</time></trkpt>
<trkpt lat="37.082184" lon="-121.898435"><ele>339.6</ele><time>2021-06-20T14:41:03Z</time></trkpt>
<trkpt lat="37.082259" lon="-121.898461"><ele>339.1</ele><time>2021-06-20T14:41:06Z</time></trkpt>
<trkpt lat="37.082255" lon="-121.898605"><ele>338.2</ele><time>2021-06-20T14:41:13Z</time></trkpt>
<trkpt lat="37.082321" lon="-121.898751"><ele>337.2</ele><time>2021-06-20T14:41:17Z</time></trkpt>
<trkpt lat="37.082088" lon="-121.899265"><ele>334.4</ele><time>2021-06-20T14:41:24Z</time></trkpt>
<trkpt lat="37.082075" lon="-121.899397"><ele>334.0</ele><time>2021-06-20T14:41:25Z</time></trkpt>
<trkpt lat="37.082149" lon="-121.899562"><ele>333.5</ele><time>2021-06-20T14:41:28Z</time></trkpt>
<trkpt lat="37.082114" lon="-121.899674"><ele>333.2</ele><time>2021-06-20T14:41:30Z</time></trkpt>
<trkpt lat="37.082134" lon="-121.899885"><ele>332.9</ele><time>2021-06-20T14:41:32Z</time></trkpt>
<trkpt lat="37.081947" lon="-121.900224"><ele>332.9</ele><time>2021-06-20T14:41:38Z</time></trkpt>
<trkpt lat="37.081930" lon="-121.900372"><ele>333.0</ele><time>2021-06-20T14:41:40Z</time></trkpt>
<trkpt lat="37.081952" lon="-121.900416"><ele>333.0</ele><time>2021-06-20T14:41:41Z</time></trkpt>
<trkpt lat="37.081916" lon="-121.900603"><ele>332.8</ele><time>2021-06-20T14:41:47Z</time></trkpt>
<trkpt lat="37.081949" lon="-121.900685"><ele>332.7</ele><time>2021-06-20T14:41:48Z</time></trkpt>
<trkpt lat="37.081811" lon="-121.900746"><ele>332.4</ele><time>2021-06-20T14:41:51Z</time></trkpt>
<trkpt lat="37.081789" lon="-121.900791"><ele>332.2</ele><time>2021-06-20T14:41:54Z</time></trkpt>
<trkpt lat="37.081707" lon="-121.900741"><ele>332.0</ele><time>2021-06-20T14:41:59Z</time></trkpt>
<trkpt lat="37.081708" lon="-121.900764"><ele>331.9</ele><time>2021-06-20T14:42:01Z</time></trkpt>
<trkpt lat="37.081771" lon="-121.900745"><ele>331.7</ele><time>2021-06-20T14:42:35Z</time></trkpt>
<trkpt lat="37.081798" lon="-121.901014"><ele>330.2</ele><time>2021-06-20T14:43:16Z</time></trkpt>
<trkpt lat="37.081786" lon="-121.900949"><ele>329.7</ele><time>2021-06-20T14:43:20Z</time></trkpt>
<trkpt lat="37.081780" lon="-121.901042"><ele>328.9</ele><time>2021-06-20T14:43:26Z</time></trkpt>
<trkpt lat="37.081710" lon="-121.901001"><ele>328.0</ele><time>2021-06-20T14:43:32Z</time></trkpt>
<trkpt lat="37.081717" lon="-121.900950"><ele>327.6</ele><time>2021-06-20T14:43:34Z</time></trkpt>
<trkpt lat="37.081997" lon="-121.901223"><ele>324.2</ele><time>2021-06-20T14:43:42Z</time></trkpt>
<trkpt lat="37.082071" lon="-121.901442"><ele>322.8</ele><time>2021-06-20T14:43:45Z</time></trkpt>
<trkpt lat="37.082055" lon="-121.901769"><ele>321.3</ele><time>2021-06-20T14:43:49Z</time></trkpt>
<trkpt lat="37.082155" lon="-121.901826"><ele>320.9</ele><time>2021-06-20T14:43:50Z</time></trkpt>
<trkpt lat="37.082271" lon="-121.902040"><ele>320.2</ele><time>2021-06-20T14:43:52Z</time></trkpt>
<trkpt lat="37.082227" lon="-121.902097"><ele>320.0</ele><time>2021-06-20T14:43:53Z</time></trkpt>
<trkpt lat="37.082226" lon="-121.902513"><ele>318.5</ele><time>2021-06-20T14:43:57Z</time></trkpt>
<trkpt lat="37.082345" lon="-121.902911"><ele>316.7</ele><time>2021-06-20T14:44:02Z</time></trkpt>
<trkpt lat="37.082328" lon="-121.903194"><ele>315.7</ele><time>2021-06-20T14:44:06Z</time></trkpt>
<trkpt lat="37.082395" lon="-121.903348"><ele>315.2</ele><time>2021-06-20T14:44:08Z</time></trkpt>
<trkpt lat="37.082361" lon="-121.903561"><ele>314.7</ele><time>2021-06-20T14:44:10Z</time></trkpt>
<trkpt lat="37.082397" lon="-121.903650"><ele>314.5</ele><time>2021-06-20T14:44:11Z</time></trkpt>
<trkpt lat="37.082317" lon="-121.903720"><ele>314.3</ele><time>2021-06-20T14:44:12Z</time></trkpt>
<trkpt lat="37.082311" lon="-121.904072"><ele>312.8</ele><time>2021-06-20T14:44:17Z</time></trkpt>
<trkpt lat="37.082424" lon="-121.904136"><ele>311.9</ele><time>2021-06-20T14:44:18Z</time></trkpt>
<trkpt lat="37.082452" lon="-121.904188"><ele>311.5</ele><time>2021-06-20T14:44:19Z</time></trkpt>
<trkpt lat="37.082473" lon="-121.904383"><ele>310.6</ele><time>2021-06-20T14:44:21Z</time></trkpt>
<trkpt lat="37.082567" lon="-121.904559"><ele>309.9</ele><time>2021-06-20T14:44:24Z</time></trkpt>
<trkpt lat="37.082451" lon="-121.904096"><ele>307.5</ele><time>2021-06-20T14:44:26Z</time></trkpt>
<trkpt lat="37.082442" lon="-121.903941"><ele>310.2</ele><time>2021-06-20T14:44:28Z</time></trkpt>
<trkpt lat="37.082514" lon="-121.903793"><ele>308.6</ele><time>2021-06-20T14:44:30Z</time></trkpt>
<trkpt lat="37.082615" lon="-121.903723"><ele>304.7</ele><time>2021-06-20T14:44:32Z</time></trkpt>
<trkpt lat="37.082739" lon="-121.903592"><ele>302.7</ele><time>2021-06-20T14:44:35Z</time></trkpt>
<trkpt lat="37.082764" lon="-121.903551"><ele>302.6</ele><time>2021-06-20T14:44:36Z</time></trkpt>
<trkpt lat="37.082753" lon="-121.903450"><ele>303.7</ele><time>2021-06-20T14:44:37Z</time></trkpt>
<trkpt lat="37.082933" lon="-121.903388"><ele>300.0</ele><time>2021-06-20T14:44:39Z</time></trkpt>
<trkpt lat="37.083054" lon="-121.903422"><ele>296.6</ele><time>2021-06-20T14:44:41Z</time></trkpt>
<trkpt lat="37.083076" lon="-121.903467"><ele>296.5</ele><time>2021-06-20T14:44:42Z</time></trkpt>
<trkpt lat="37.083022" lon="-121.903610"><ele>296.2</ele><time>2021-06-20T14:44:43Z</time></trkpt>
<trkpt lat="37.083062" lon="-121.903780"><ele>294.1</ele><time>2021-06-20T14:44:45Z</time></trkpt>
<trkpt lat="37.083063" lon="-121.903972"><ele>291.8</ele><time>2021-06-20T14:44:47Z</time></trkpt>
<trkpt lat="37.082985" lon="-121.904147"><ele>290.7</ele><time>2021-06-20T14:44:49Z</time></trkpt>
<trkpt lat="37.082998" lon="-121.904252"><ele>290.1</ele><time>2021-06-20T14:44:52Z</time></trkpt>
<trkpt lat="37.083096" lon="-121.904300"><ele>289.3</ele><time>2021-06-20T14:44:55Z</time></trkpt>
<trkpt lat="37.083057" lon="-121.904181"><ele>288.4</ele><time>2021-06-20T14:44:57Z</time></trkpt>
<trkpt lat="37.083101" lon="-121.904126"><ele>287.9</ele><time>2021-06-20T14:44:58Z</time></trkpt>
<trkpt lat="37.083180" lon="-121.903863"><ele>286.0</ele><time>2021-06-20T14:45:01Z</time></trkpt>
<trkpt lat="37.083277" lon="-121.903730"><ele>284.9</ele><time>2021-06-20T14:45:03Z</time></trkpt>
<trkpt lat="37.083346" lon="-121.903731"><ele>284.4</ele><time>2021-06-20T14:45:04Z</time></trkpt>
<trkpt lat="37.083457" lon="-121.903848"><ele>283.6</ele><time>2021-06-20T14:45:06Z</time></trkpt>
<trkpt lat="37.083537" lon="-121.904032"><ele>282.6</ele><time>2021-06-20T14:45:08Z</time></trkpt>
<trkpt lat="37.083327" lon="-121.904580"><ele>278.0</ele><time>2021-06-20T14:45:14Z</time></trkpt>
<trkpt lat="37.083350" lon="-121.904609"><ele>277.7</ele><time>2021-06-20T14:45:15Z</time></trkpt>
<trkpt lat="37.083422" lon="-121.904506"><ele>276.7</ele><time>2021-06-20T14:45:16Z</time></trkpt>
<trkpt lat="37.083376" lon="-121.904483"><ele>276.2</ele><time>2021-06-20T14:45:18Z</time></trkpt>
<trkpt lat="37.083453" lon="-121.904444"><ele>275.4</ele><time>2021-06-20T14:45:20Z</time></trkpt>
<trkpt lat="37.083419" lon="-121.904492"><ele>275.0</ele><time>2021-06-20T14:45:21Z</time></trkpt>
<trkpt lat="37.083481" lon="-121.904758"><ele>273.4</ele><time>2021-06-20T14:45:25Z</time></trkpt>
<trkpt lat="37.083538" lon="-121.904854"><ele>272.7</ele><time>2021-06-20T14:45:26Z</time></trkpt>
<trkpt lat="37.083464" lon="-121.904909"><ele>272.1</ele><time>2021-06-20T14:45:29Z</time></trkpt>
<trkpt lat="37.083444" lon="-121.904987"><ele>271.7</ele><time>2021-06-20T14:45:31Z</time></trkpt>
<trkpt lat="37.083212" lon="-121.905192"><ele>270.2</ele><time>2021-06-20T14:45:34Z</time></trkpt>
<trkpt lat="37.083126" lon="-121.905354"><ele>269.6</ele><time>2021-06-20T14:45:36Z</time></trkpt>
<trkpt lat="37.083115" lon="-121.905462"><ele>269.4</ele><time>2021-06-20T14:45:37Z</time></trkpt>
<trkpt lat="37.083026" lon="-121.905590"><ele>269.0</ele><time>2021-06-20T14:45:38Z</time></trkpt>
<trkpt lat="37.083013" lon="-121.905640"><ele>271.0</ele><time>2021-06-20T14:45:39Z</time></trkpt>
<trkpt lat="37.083144" lon="-121.905639"><ele>266.2</ele><time>2021-06-20T14:45:41Z</time></trkpt>
<trkpt lat="37.083184" lon="-121.905801"><ele>264.6</ele><time>2021-06-20T14:45:43Z</time></trkpt>
<trkpt lat="37.082996" lon="-121.906004"><ele>276.3</ele><time>2021-06-20T14:45:47Z</time></trkpt>
<trkpt lat="37.083035" lon="-121.906142"><ele>278.2</ele><time>2021-06-20T14:45:50Z</time></trkpt>
<trkpt lat="37.083126" lon="-121.905872"><ele>268.3</ele><time>2021-06-20T14:45:51Z</time></trkpt>
<trkpt lat="37.083239" lon="-121.905686"><ele>262.5</ele><time>2021-06-20T14:45:53Z</time></trkpt>
<trkpt lat="37.083234" lon="-121.905517"><ele>261.3</ele><time>2021-06-20T14:45:56Z</time></trkpt>
<trkpt lat="37.083286" lon="-121.905288"><ele>259.7</ele><time>2021-06-20T14:45:59Z</time></trkpt>
<trkpt lat="37.083446" lon="-121.905264"><ele>258.3</ele><time>2021-06-20T14:46:02Z</time></trkpt>
<trkpt lat="37.083650" lon="-121.905162"><ele>256.5</ele><time>2021-06-20T14:46:05Z</time></trkpt>
<trkpt lat="37.083639" lon="-121.905120"><ele>256.2</ele><time>2021-06-20T14:46:06Z</time></trkpt>
<trkpt lat="37.083862" lon="-121.905088"><ele>254.7</ele><time>2021-06-20T14:46:08Z</time></trkpt>
<trkpt lat="37.083977" lon="-121.905001"><ele>254.1</ele><time>2021-06-20T14:46:10Z</time></trkpt>
<trkpt lat="37.084038" lon="-121.904931"><ele>253.8</ele><time>2021-06-20T14:46:11Z</time></trkpt>
<trkpt lat="37.083978" lon="-121.904764"><ele>253.4</ele><time>2021-06-20T14:46:12Z</time></trkpt>
<trkpt lat="37.084011" lon="-121.904719"><ele>253.2</ele><time>2021-06-20T14:46:13Z</time></trkpt>
<trkpt lat="37.084202" lon="-121.904676"><ele>252.1</ele><time>2021-06-20T14:46:17Z</time></trkpt>
<trkpt lat="37.084280" lon="-121.904834"><ele>251.4</ele><time>2021-06-20T14:46:18Z</time></trkpt>
<trkpt lat="37.084397" lon="-121.904827"><ele>250.5</ele><time>2021-06-20T14:46:20Z</time></trkpt>
<trkpt lat="37.084427" lon="-121.904871"><ele>250.1</ele><time>2021-06-20T14:46:21Z</time></trkpt>
<trkpt lat="37.084542" lon="-121.904908"><ele>249.2</ele><time>2021-06-20T14:46:23Z</time></trkpt>
<trkpt lat="37.084578" lon="-121.904970"><ele>248.7</ele><time>2021-06-20T14:46:24Z</time></trkpt>
<trkpt lat="37.084719" lon="-121.904814"><ele>247.5</ele><time>2021-06-20T14:46:28Z</time></trkpt>
<trkpt lat="37.084926" lon="-121.904663"><ele>246.4</ele><time>2021-06-20T14:46:32Z</time></trkpt>
<trkpt lat="37.084947" lon="-121.904721"><ele>246.1</ele><time>2021-06-20T14:46:34Z</time></trkpt>
<trkpt lat="37.085019" lon="-121.904529"><ele>245.5</ele><time>2021-06-20T14:46:40Z</time></trkpt>
<trkpt lat="37.085011" lon="-121.904354"><ele>245.7</ele><time>2021-06-20T14:46:44Z</time></trkpt>
<trkpt lat="37.085062" lon="-121.904206"><ele>246.3</ele><time>2021-06-20T14:46:48Z</time></trkpt>
<trkpt lat="37.085069" lon="-121.904136"><ele>246.6</ele><time>2021-06-20T14:46:52Z</time></trkpt>
<trkpt lat="37.085040" lon="-121.904131"><ele>246.7</ele><time>2021-06-20T14:46:53Z</time></trkpt>
<trkpt lat="37.085071" lon="-121.904119"><ele>246.9</ele><time>2021-06-20T14:46:55Z</time></trkpt>
<trkpt lat="37.084998" lon="-121.903953"><ele>247.7</ele><time>2021-06-20T14:47:00Z</time></trkpt>
<trkpt lat="37.084942" lon="-121.903924"><ele>248.1</ele><time>2021-06-20T14:47:04Z</time></trkpt>
<trkpt lat="37.085021" lon="-121.903841"><ele>248.6</ele><time>2021-06-20T14:47:07Z</time></trkpt>
<trkpt lat="37.085025" lon="-121.903782"><ele>248.9</ele><time>2021-06-20T14:47:11Z</time></trkpt>
<trkpt lat="37.085011" lon="-121.903806"><ele>249.0</ele><time>2021-06-20T14:47:12Z</time></trkpt>
<trkpt lat="37.084994" lon="-121.903778"><ele>249.1</ele><time>2021-06-20T14:47:16Z</time></trkpt>
<trkpt lat="37.085091" lon="-121.903643"><ele>249.8</ele><time>2021-06-20T14:47:21Z</time></trkpt>
<trkpt lat="37.085151" lon="-121.903691"><ele>250.1</ele><time>2021-06-20T14:47:23Z</time></trkpt>
<trkpt lat="37.085123" lon="-121.903696"><ele>250.2</ele><time>2021-06-20T14:47:25Z</time></trkpt>
<trkpt lat="37.085119" lon="-121.903587"><ele>250.6</ele><time>2021-06-20T14:47:31Z</time></trkpt>
<trkpt lat="37.085201" lon="-121.903587"><ele>251.0</ele><time>2021-06-20T14:48:19Z</time></trkpt>
<trkpt lat="37.085088" lon="-121.903671"><ele>251.5</ele><time>2021-06-20T14:48:24Z</time></trkpt>
<trkpt lat="37.085122" lon="-121.903664"><ele>251.7</ele><time>2021-06-20T14:48:25Z</time></trkpt>
<trkpt lat="37.085111" lon="-121.903696"><ele>251.8</ele><time>2021-06-20T14:48:26Z</time></trkpt>
<trkpt lat="37.085114" lon="-121.903653"><ele>252.0</ele><time>2021-06-20T14:48:28Z</time></trkpt>
<trkpt lat="37.085052" lon="-121.903630"><ele>252.3</ele><time>2021-06-20T14:48:30Z</time></trkpt>
<trkpt lat="37.085056" lon="-121.903544"><ele>252.7</ele><time>2021-06-20T14:48:34Z</time></trkpt>
<trkpt lat="37.085010" lon="-121.903478"><ele>253.0</ele><time>2021-06-20T14:48:37Z</time></trkpt>
<trkpt lat="37.085048" lon="-121.903447"><ele>253.3</ele><time>2021-06-20T14:48:40Z</time></trkpt>
<trkpt lat="37.085034" lon="-121.903428"><ele>253.4</ele><time>2021-06-20T14:48:42Z</time></trkpt>
<trkpt lat="37.085008" lon="-121.903473"><ele>253.6</ele><time>2021-06-20T14:48:43Z</time></trkpt>
<trkpt lat="37.085030" lon="-121.903293"><ele>254.5</ele><time>2021-06-20T14:48:50Z</time></trkpt>
<trkpt lat="37.085000" lon="-121.903146"><ele>255.3</ele><time>2021-06-20T14:48:54Z</time></trkpt>
<trkpt lat="37.085047" lon="-121.903065"><ele>255.7</ele><time>2021-06-20T14:48:59Z</time></trkpt>
<trkpt lat="37.084979" lon="-121.903054"><ele>256.1</ele><time>2021-06-20T14:49:01Z</time></trkpt>
<trkpt lat="37.084939" lon="-121.902885"><ele>256.9</ele><time>2021-06-20T14:49:11Z</time></trkpt>
<trkpt lat="37.084985" lon="-121.902839"><ele>257.2</ele><time>2021-06-20T14:49:12Z</time></trkpt>
<trkpt lat="37.084984" lon="-121.902765"><ele>257.5</ele><time>2021-06-20T14:49:15Z</time></trkpt>
<trkpt lat="37.084956" lon="-121.902714"><ele>257.7</ele><time>2021-06-20T14:49:19Z</time></trkpt>
<trkpt lat="37.084916" lon="-121.902765"><ele>258.1</ele><time>2021-06-20T14:49:23Z</time></trkpt>
<trkpt lat="37.084943" lon="-121.902715"><ele>258.3</ele><time>2021-06-20T14:49:24Z</time></trkpt>
<trkpt lat="37.084903" lon="-121.902656"><ele>258.7</ele><time>2021-06-20T14:49:27Z</time></trkpt>
<trkpt lat="37.084914" lon="-121.902606"><ele>259.0</ele><time>2021-06-20T14:49:28Z</time></trkpt>
<trkpt lat="37.084840" lon="-121.902503"><ele>259.8</ele><time>2021-06-20T14:49:37Z</time></trkpt>
<trkpt lat="37.084808" lon="-121.902500"><ele>260.0</ele><time>2021-06-20T14:49:38Z</time></trkpt>
<trkpt lat="37.084775" lon="-121.902354"><ele>260.9</ele><time>2021-06-20T14:49:43Z</time></trkpt>
<trkpt lat="37.084747" lon="-121.902341"><ele>261.1</ele><time>2021-06-20T14:49:45Z</time></trkpt>
<trkpt lat="37.084789" lon="-121.902252"><ele>261.8</ele><time>2021-06-20T14:49:50Z</time></trkpt>
<trkpt lat="37.084740" lon="-121.902210"><ele>262.3</ele><time>2021-06-20T14:49:54Z</time></trkpt>
<trkpt lat="37.084706" lon="-121.902226"><ele>262.5</ele><time>2021-06-20T14:49:57Z</time></trkpt>
<trkpt lat="37.084697" lon="-121.902142"><ele>262.9</ele><time>2021-06-20T14:49:59Z</time></trkpt>
<trkpt lat="37.084620" lon="-121.902062"><ele>263.6</ele><time>2021-06-20T14:50:04Z</time></trkpt>
<trkpt lat="37.084617" lon="-121.902018"><ele>263.8</ele><time>2021-06-20T14:50:05Z</time></trkpt>
<trkpt lat="37.084442" lon="-121.901900"><ele>264.9</ele><time>2021-06-20T14:50:13Z</time></trkpt>
<trkpt lat="37.084316" lon="-121.901629"><ele>266.2</ele><time>2021-06-20T14:50:27Z</time></trkpt>
<trkpt lat="37.084262" lon="-121.901430"><ele>267.0</ele><time>2021-06-20T14:50:40Z</time></trkpt>
<trkpt lat="37.084218" lon="-121.901624"><ele>268.0</ele><time>2021-06-20T14:51:11Z</time></trkpt>
<trkpt lat="37.084271" lon="-121.901645"><ele>268.2</ele><time>2021-06-20T14:51:14Z</time></trkpt>
<trkpt lat="37.084306" lon="-121.901556"><ele>268.9</ele><time>2021-06-20T14:51:19Z</time></trkpt>
<trkpt lat="37.084300" lon="-121.901586"><ele>269.2</ele><time>2021-06-20T14:51:24Z</time></trkpt>
<trkpt lat="37.084347" lon="-121.901585"><ele>269.5</ele><time>2021-06-20T14:51:26Z</time></trkpt>
<trkpt lat="37.084209" lon="-121.901556"><ele>270.2</ele><time>2021-06-20T14:51:35Z</time></trkpt>
<trkpt lat="37.084216" lon="-121.901647"><ele>270.6</ele><time>2021-06-20T14:51:37Z</time></trkpt>
<trkpt lat="37.084249" lon="-121.901625"><ele>270.8</ele><time>2021-06-20T14:51:39Z</time></trkpt>
<trkpt lat="37.084238" lon="-121.901672"><ele>271.0</ele><time>2021-06-20T14:51:41Z</time></trkpt>
<trkpt lat="37.084244" lon="-121.901596"><ele>271.3</ele><time>2021-06-20T14:51:44Z</time></trkpt>
<trkpt lat="37.084204" lon="-121.901586"><ele>271.6</ele><time>2021-06-20T14:51:48Z</time></trkpt>
<trkpt lat="37.084195" lon="-121.901510"><ele>271.9</ele><time>2021-06-20T14:51:52Z</time></trkpt>
<trkpt lat="37.084175" lon="-121.901509"><ele>272.0</ele><time>2021-06-20T14:51:54Z</time></trkpt>
<trkpt lat="37.084195" lon="-121.901538"><ele>272.1</ele><time>2021-06-20T14:51:55Z</time></trkpt>
<trkpt lat="37.084105" lon="-121.901511"><ele>272.6</ele><time>2021-06-20T14:51:57Z</time></trkpt>
<trkpt lat="37.084021" lon="-121.901397"><ele>273.6</ele><time>2021-06-20T14:52:03Z</time></trkpt>
<trkpt lat="37.083972" lon="-121.901462"><ele>274.4</ele><time>2021-06-20T14:52:07Z</time></trkpt>
<trkpt lat="37.083934" lon="-121.901421"><ele>274.9</ele><time>2021-06-20T14:52:09Z</time></trkpt>
<trkpt lat="37.083836" lon="-121.901470"><ele>275.9</ele><time>2021-06-20T14:52:18Z</time></trkpt>
<trkpt lat="37.083707" lon="-121.901354"><ele>277.5</ele><time>2021-06-20T14:52:28Z</time></trkpt>
<trkpt lat="37.083680" lon="-121.901378"><ele>277.7</ele><time>2021-06-20T14:52:30Z</time></trkpt>
<trkpt lat="37.083679" lon="-121.901346"><ele>278.0</ele><time>2021-06-20T14:52:31Z</time></trkpt>
<trkpt lat="37.083605" lon="-121.901326"><ele>278.6</ele><time>2021-06-20T14:52:35Z</time></trkpt>
<trkpt lat="37.083635" lon="-121.901264"><ele>279.1</ele><time>2021-06-20T14:52:36Z</time></trkpt>
<trkpt lat="37.083582" lon="-121.901147"><ele>279.9</ele><time>2021-06-20T14:52:42Z</time></trkpt>
<trkpt lat="37.083412" lon="-121.900979"><ele>281.5</ele><time>2021-06-20T14:52:55Z</time></trkpt>
<trkpt lat="37.083427" lon="-121.900930"><ele>281.8</ele><time>2021-06-20T14:52:57Z</time></trkpt>
<trkpt lat="37.083375" lon="-121.900870"><ele>282.2</ele><time>2021-06-20T14:53:00Z</time></trkpt>
<trkpt lat="37.083359" lon="-121.900683"><ele>283.0</ele><time>2021-06-20T14:53:08Z</time></trkpt>
<trkpt lat="37.083327" lon="-121.900673"><ele>283.2</ele><time>2021-06-20T14:53:10Z</time></trkpt>
<trkpt lat="37.083341" lon="-121.900516"><ele>284.1</ele><time>2021-06-20T14:53:16Z</time></trkpt>
<trkpt lat="37.083254" lon="-121.900461"><ele>284.7</ele><time>2021-06-20T14:53:20Z</time></trkpt>
<trkpt lat="37.083246" lon="-121.900422"><ele>284.8</ele><time>2021-06-20T14:53:22Z</time></trkpt>
<trkpt lat="37.083394" lon="-121.900186"><ele>285.1</ele><time>2021-06-20T14:53:25Z</time></trkpt>
<trkpt lat="37.083333" lon="-121.900085"><ele>284.8</ele><time>2021-06-20T14:53:28Z</time></trkpt>
<trkpt lat="37.083437" lon="-121.900032"><ele>284.3</ele><time>2021-06-20T14:53:34Z</time></trkpt>
<trkpt lat="37.083437" lon="-121.899777"><ele>283.1</ele><time>2021-06-20T14:53:38Z</time></trkpt>
<trkpt lat="37.083524" lon="-121.899662"><ele>282.4</ele><time>2021-06-20T14:53:41Z</time></trkpt>
<trkpt lat="37.083496" lon="-121.899680"><ele>282.3</ele><time>2021-06-20T14:53:42Z</time></trkpt>
<trkpt lat="37.083732" lon="-121.899685"><ele>281.9</ele><time>2021-06-20T14:53:49Z</time></trkpt>
<trkpt lat="37.083695" lon="-121.899635"><ele>282.0</ele><time>2021-06-20T14:53:51Z</time></trkpt>
<trkpt lat="37.083782" lon="-121.899758"><ele>282.4</ele><time>2021-06-20T14:53:56Z</time></trkpt>
<trkpt lat="37.083827" lon="-121.899796"><ele>282.7</ele><time>2021-06-20T14:53:59Z</time></trkpt>
<trkpt lat="37.083837" lon="-121.899762"><ele>282.9</ele><time>2021-06-20T14:54:01Z</time></trkpt>
<trkpt lat="37.083876" lon="-121.899850"><ele>283.4</ele><time>2021-06-20T14:54:03Z</time></trkpt>
<trkpt lat="37.083978" lon="-121.899874"><ele>284.4</ele><time>2021-06-20T14:54:11Z</time></trkpt>
<trkpt lat="37.083994" lon="-121.899906"><ele>284.6</ele><time>2021-06-20T14:54:12Z</time></trkpt>
<trkpt lat="37.084017" lon="-121.899887"><ele>284.8</ele><time>2021-06-20T14:54:14Z</time></trkpt>
<trkpt lat="37.084090" lon="-121.899948"><ele>285.5</ele><time>2021-06-20T14:54:20Z</time></trkpt>
<trkpt lat="37.084068" lon="-121.899891"><ele>285.8</ele><time>2021-06-20T14:54:23Z</time></trkpt>
<trkpt lat="37.084125" lon="-121.899895"><ele>286.3</ele><time>2021-06-20T14:54:25Z</time></trkpt>
<trkpt lat="37.084100" lon="-121.899842"><ele>286.8</ele><time>2021-06-20T14:54:29Z</time></trkpt>
<trkpt lat="37.084226" lon="-121.899784"><ele>287.7</ele><time>2021-06-20T14:54:34Z</time></trkpt>
<trkpt lat="37.084287" lon="-121.899832"><ele>288.2</ele><time>2021-06-20T14:54:36Z</time></trkpt>
<trkpt lat="37.084321" lon="-121.899782"><ele>288.6</ele><time>2021-06-20T14:54:37Z</time></trkpt>
<trkpt lat="37.084372" lon="-121.899778"><ele>289.0</ele><time>2021-06-20T14:54:38Z</time></trkpt>
<trkpt lat="37.084374" lon="-121.899830"><ele>289.3</ele><time>2021-06-20T14:54:39Z</time></trkpt>
<trkpt lat="37.084443" lon="-121.899773"><ele>289.9</ele><time>2021-06-20T14:54:41Z</time></trkpt>
<trkpt lat="37.084469" lon="-121.899844"><ele>290.4</ele><time>2021-06-20T14:54:43Z</time></trkpt>
<trkpt lat="37.084532" lon="-121.899843"><ele>290.8</ele><time>2021-06-20T14:54:45Z</time></trkpt>
<trkpt lat="37.084708" lon="-121.900036"><ele>292.3</ele><time>2021-06-20T14:54:54Z</time></trkpt>
<trkpt lat="37.084743" lon="-121.900031"><ele>292.6</ele><time>2021-06-20T14:54:57Z</time></trkpt>
<trkpt lat="37.084755" lon="-121.900145"><ele>293.2</ele><time>2021-06-20T14:55:04Z</time></trkpt>
<trkpt lat="37.084929" lon="-121.900156"><ele>294.1</ele><time>2021-06-20T14:55:13Z</time></trkpt>
<trkpt lat="37.084986" lon="-121.900236"><ele>294.6</ele><time>2021-06-20T14:55:17Z</time></trkpt>
<trkpt lat="37.085058" lon="-121.900247"><ele>295.0</ele><time>2021-06-20T14:55:21Z</time></trkpt>
<trkpt lat="37.085155" lon="-121.900056"><ele>296.1</ele><time>2021-06-20T14:55:32Z</time></trkpt>
<trkpt lat="37.085269" lon="-121.900057"><ele>296.7</ele><time>2021-06-20T14:55:39Z</time></trkpt>
<trkpt lat="37.085233" lon="-121.899983"><ele>297.2</ele><time>2021-06-20T14:55:52Z</time></trkpt>
<trkpt lat="37.085389" lon="-121.899988"><ele>298.3</ele><time>2021-06-20T14:56:00Z</time></trkpt>
<trkpt lat="37.085266" lon="-121.899944"><ele>299.6</ele><time>2021-06-20T14:56:14Z</time></trkpt>
<trkpt lat="37.085280" lon="-121.899894"><ele>300.1</ele><time>2021-06-20T14:56:19Z</time></trkpt>
<trkpt lat="37.085326" lon="-121.899899"><ele>300.3</ele><time>2021-06-20T14:56:21Z</time></trkpt>
<trkpt lat="37.085331" lon="-121.899840"><ele>300.5</ele><time>2021-06-20T14:56:24Z</time></trkpt>
<trkpt lat="37.085409" lon="-121.899845"><ele>300.9</ele><time>2021-06-20T14:56:28Z</time></trkpt>
<trkpt lat="37.085466" lon="-121.899754"><ele>301.2</ele><time>2021-06-20T14:56:38Z</time></trkpt>
<trkpt lat="37.085492" lon="-121.899779"><ele>301.3</ele><time>2021-06-20T14:56:39Z</time></trkpt>
<trkpt lat="37.085661" lon="-121.899678"><ele>301.9</ele><time>2021-06-20T14:56:46Z</time></trkpt>
<trkpt lat="37.085609" lon="-121.899518"><ele>302.6</ele><time>2021-06-20T14:56:53Z</time></trkpt>
<trkpt lat="37.085628" lon="-121.899465"><ele>302.8</ele><time>2021-06-20T14:56:55Z</time></trkpt>
<trkpt lat="37.085679" lon="-121.899462"><ele>303.1</ele><time>2021-06-20T14:56:56Z</time></trkpt>
<trkpt lat="37.085708" lon="-121.899397"><ele>303.4</ele><time>2021-06-20T14:57:00Z</time></trkpt>
<trkpt lat="37.085729" lon="-121.899410"><ele>303.6</ele><time>2021-06-20T14:57:03Z</time></trkpt>
<trkpt lat="37.085727" lon="-121.899364"><ele>303.9</ele><time>2021-06-20T14:57:06Z</time></trkpt>
<trkpt lat="37.085768" lon="-121.899352"><ele>304.1</ele><time>2021-06-20T14:57:08Z</time></trkpt>
<trkpt lat="37.085831" lon="-121.899247"><ele>304.7</ele><time>2021-06-20T14:57:14Z</time></trkpt>
<trkpt lat="37.085846" lon="-121.899132"><ele>305.1</ele><time>2021-06-20T14:57:20Z</time></trkpt>
<trkpt lat="37.085974" lon="-121.898995"><ele>306.1</ele><time>2021-06-20T14:57:31Z</time></trkpt>
<trkpt lat="37.085995" lon="-121.898921"><ele>306.5</ele><time>2021-06-20T14:57:34Z</time></trkpt>
<trkpt lat="37.086018" lon="-121.898952"><ele>306.8</ele><time>2021-06-20T14:57:38Z</time></trkpt>
<trkpt lat="37.086116" lon="-121.898832"><ele>307.9</ele><time>2021-06-20T14:57:43Z</time></trkpt>
<trkpt lat="37.086182" lon="-121.898910"><ele>308.8</ele><time>2021-06-20T14:57:50Z</time></trkpt>
<trkpt lat="37.086200" lon="-121.898870"><ele>309.2</ele><time>2021-06-20T14:57:53Z</time></trkpt>
<trkpt lat="37.086268" lon="-121.898871"><ele>309.9</ele><time>2021-06-20T14:57:57Z</time></trkpt>
<trkpt lat="37.086310" lon="-121.898731"><ele>311.9</ele><time>2021-06-20T14:58:14Z</time></trkpt>
<trkpt lat="37.086472" lon="-121.898530"><ele>314.2</ele><time>2021-06-20T14:58:26Z</time></trkpt>
<trkpt lat="37.086632" lon="-121.898523"><ele>316.1</ele><time>2021-06-20T14:58:36Z</time></trkpt>
<trkpt lat="37.086684" lon="-121.898473"><ele>316.7</ele><time>2021-06-20T14:58:39Z</time></trkpt>
<trkpt lat="37.086719" lon="-121.898491"><ele>317.0</ele><time>2021-06-20T14:58:41Z</time></trkpt>
<trkpt lat="37.086690" lon="-121.898460"><ele>317.3</ele><time>2021-06-20T14:58:44Z</time></trkpt>
<trkpt lat="37.086700" lon="-121.898433"><ele>317.5</ele><time>2021-06-20T14:58:45Z</time></trkpt>
<trkpt lat="37.086722" lon="-121.898459"><ele>317.7</ele><time>2021-06-20T14:58:47Z</time></trkpt>
<trkpt lat="37.086726" lon="-121.898390"><ele>318.2</ele><time>2021-06-20T14:58:53Z</time></trkpt>
<trkpt lat="37.086804" lon="-121.898456"><ele>318.9</ele><time>2021-06-20T14:59:28Z</time></trkpt>
<trkpt lat="37.086742" lon="-121.898388"><ele>319.5</ele><time>2021-06-20T14:59:29Z</time></trkpt>
<trkpt lat="37.086712" lon="-121.898571"><ele>320.8</ele><time>2021-06-20T15:00:08Z</time></trkpt>
<trkpt lat="37.086722" lon="-121.898452"><ele>321.6</ele><time>2021-06-20T15:00:13Z</time></trkpt>
<trkpt lat="37.086744" lon="-121.898457"><ele>321.8</ele><time>2021-06-20T15:00:17Z</time></trkpt>
<trkpt lat="37.086712" lon="-121.898323"><ele>322.6</ele><time>2021-06-20T15:00:29Z</time></trkpt>
<trkpt lat="37.086737" lon="-121.898333"><ele>322.7</ele><time>2021-06-20T15:00:31Z</time></trkpt>
<trkpt lat="37.086752" lon="-121.898057"><ele>324.1</ele><time>2021-06-20T15:00:51Z</time></trkpt>
<trkpt lat="37.086824" lon="-121.897903"><ele>324.7</ele><time>2021-06-20T15:00:58Z</time></trkpt>
<trkpt lat="37.086831" lon="-121.897708"><ele>325.5</ele><time>2021-06-20T15:01:09Z</time></trkpt>
<trkpt lat="37.086885" lon="-121.897660"><ele>325.9</ele><time>2021-06-20T15:01:12Z</time></trkpt>
<trkpt lat="37.086889" lon="-121.897630"><ele>326.0</ele><time>2021-06-20T15:01:14Z</time></trkpt>
<trkpt lat="37.086868" lon="-121.897635"><ele>326.1</ele><time>2021-06-20T15:01:16Z</time></trkpt>
<trkpt lat="37.086915" lon="-121.897453"><ele>327.1</ele><time>2021-06-20T15:01:24Z</time></trkpt>
<trkpt lat="37.086904" lon="-121.897405"><ele>327.3</ele><time>2021-06-20T15:01:25Z</time></trkpt>
<trkpt lat="37.086977" lon="-121.897267"><ele>328.1</ele><time>2021-06-20T15:01:29Z</time></trkpt>
<trkpt lat="37.087009" lon="-121.897240"><ele>328.3</ele><time>2021-06-20T15:01:31Z</time></trkpt>
<trkpt lat="37.087053" lon="-121.897343"><ele>328.9</ele><time>2021-06-20T15:01:36Z</time></trkpt>
<trkpt lat="37.087087" lon="-121.897302"><ele>329.2</ele><time>2021-06-20T15:01:40Z</time></trkpt>
<trkpt lat="37.087219" lon="-121.897323"><ele>330.1</ele><time>2021-06-20T15:01:47Z</time></trkpt>
<trkpt lat="37.087265" lon="-121.897270"><ele>330.5</ele><time>2021-06-20T15:01:52Z</time></trkpt>
<trkpt lat="37.087323" lon="-121.897111"><ele>331.2</ele><time>2021-06-20T15:02:00Z</time></trkpt>
<trkpt lat="37.087311" lon="-121.897076"><ele>331.4</ele><time>2021-06-20T15:02:02Z</time></trkpt>
<trkpt lat="37.087381" lon="-121.896966"><ele>332.0</ele><time>2021-06-20T15:02:07Z</time></trkpt>
<trkpt lat="37.087358" lon="-121.896941"><ele>332.1</ele><time>2021-06-20T15:02:09Z</time></trkpt>
<trkpt lat="37.087555" lon="-121.896711"><ele>333.5</ele><time>2021-06-20T15:02:21Z</time></trkpt>
<trkpt lat="37.087617" lon="-121.896723"><ele>333.7</ele><time>2021-06-20T15:02:24Z</time></trkpt>
<trkpt lat="37.087725" lon="-121.896654"><ele>334.4</ele><time>2021-06-20T15:02:33Z</time></trkpt>
<trkpt lat="37.087806" lon="-121.896746"><ele>334.8</ele><time>2021-06-20T15:02:41Z</time></trkpt>
<trkpt lat="37.087844" lon="-121.896735"><ele>334.9</ele><time>2021-06-20T15:02:42Z</time></trkpt>
<trkpt lat="37.087848" lon="-121.896776"><ele>335.0</ele><time>2021-06-20T15:02:43Z</time></trkpt>
<trkpt lat="37.087862" lon="-121.896733"><ele>335.2</ele><time>2021-06-20T15:02:44Z</time></trkpt>
<trkpt lat="37.087966" lon="-121.896716"><ele>335.6</ele><time>2021-06-20T15:02:48Z</time></trkpt>
<trkpt lat="37.088000" lon="-121.896653"><ele>335.8</ele><time>2021-06-20T15:02:52Z</time></trkpt>
<trkpt lat="37.088095" lon="-121.896642"><ele>336.2</ele><time>2021-06-20T15:03:04Z</time></trkpt>
<trkpt lat="37.088110" lon="-121.896599"><ele>336.5</ele><time>2021-06-20T15:03:07Z</time></trkpt>
<trkpt lat="37.088155" lon="-121.896624"><ele>336.8</ele><time>2021-06-20T15:03:10Z</time></trkpt>
<trkpt lat="37.088202" lon="-121.896588"><ele>337.1</ele><time>2021-06-20T15:03:11Z</time></trkpt>
<trkpt lat="37.088268" lon="-121.896600"><ele>337.4</ele><time>2021-06-20T15:03:13Z</time></trkpt>
<trkpt lat="37.088259" lon="-121.896558"><ele>337.6</ele><time>2021-06-20T15:03:14Z</time></trkpt>
<trkpt lat="37.088293" lon="-121.896562"><ele>337.8</ele><time>2021-06-20T15:03:17Z</time></trkpt>
<trkpt lat="37.088248" lon="-121.896498"><ele>338.2</ele><time>2021-06-20T15:03:22Z</time></trkpt>
<trkpt lat="37.088255" lon="-121.896409"><ele>338.6</ele><time>2021-06-20T15:03:25Z</time></trkpt>
<trkpt lat="37.088223" lon="-121.896407"><ele>338.8</ele><time>2021-06-20T15:03:28Z</time></trkpt>
<trkpt lat="37.088259" lon="-121.896442"><ele>339.0</ele><time>2021-06-20T15:03:30Z</time></trkpt>
<trkpt lat="37.088311" lon="-121.896287"><ele>339.7</ele><time>2021-06-20T15:03:38Z</time></trkpt>
<trkpt lat="37.088421" lon="-121.896178"><ele>340.4</ele><time>2021-06-20T15:03:45Z</time></trkpt>
<trkpt lat="37.088353" lon="-121.896216"><ele>340.8</ele><time>2021-06-20T15:03:49Z</time></trkpt>
<trkpt lat="37.088424" lon="-121.896044"><ele>341.5</ele><time>2021-06-20T15:05:55Z</time></trkpt>
<trkpt lat="37.088430" lon="-121.896286"><ele>342.2</ele><time>2021-06-20T15:05:56Z</time></trkpt>
<trkpt lat="37.088440" lon="-121.896218"><ele>342.5</ele><time>2021-06-20T15:05:58Z</time></trkpt>
<trkpt lat="37.088292" lon="-121.896361"><ele>343.2</ele><time>2021-06-20T15:06:10Z</time></trkpt>
<trkpt lat="37.088274" lon="-121.896311"><ele>343.5</ele><time>2021-06-20T15:06:14Z</time></trkpt>
<trkpt lat="37.088265" lon="-121.896345"><ele>343.6</ele><time>2021-06-20T15:06:15Z</time></trkpt>
<trkpt lat="37.088318" lon="-121.896298"><ele>344.1</ele><time>2021-06-20T15:06:20Z</time></trkpt>
<trkpt lat="37.088298" lon="-121.896148"><ele>344.8</ele><time>2021-06-20T15:06:28Z</time></trkpt>
<trkpt lat="37.088324" lon="-121.896132"><ele>345.0</ele><time>2021-06-20T15:06:30Z</time></trkpt>
<trkpt lat="37.088338" lon="-121.895983"><ele>346.3</ele><time>2021-06-20T15:06:45Z</time></trkpt>
<trkpt lat="37.088341" lon="-121.895907"><ele>347.5</ele><time>2021-06-20T15:06:51Z</time></trkpt>
<trkpt lat="37.088296" lon="-121.895792"><ele>348.7</ele><time>2021-06-20T15:06:57Z</time></trkpt>
<trkpt lat="37.088323" lon="-121.895695"><ele>349.6</ele><time>2021-06-20T15:07:04Z</time></trkpt>
<trkpt lat="37.088296" lon="-121.895599"><ele>350.5</ele><time>2021-06-20T15:07:09Z</time></trkpt>
<trkpt lat="37.088178" lon="-121.895579"><ele>351.5</ele><time>2021-06-20T15:07:15Z</time></trkpt>
<trkpt lat="37.088189" lon="-121.895468"><ele>352.3</ele><time>2021-06-20T15:07:21Z</time></trkpt>
<trkpt lat="37.088153" lon="-121.895397"><ele>352.8</ele><time>2021-06-20T15:07:28Z</time></trkpt>
<trkpt lat="37.088127" lon="-121.895443"><ele>353.1</ele><time>2021-06-20T15:07:30Z</time></trkpt>
<trkpt lat="37.088086" lon="-121.895418"><ele>353.4</ele><time>2021-06-20T15:07:33Z</time></trkpt>
<trkpt lat="37.088071" lon="-121.895324"><ele>353.9</ele><time>2021-06-20T15:07:36Z</time></trkpt>
<trkpt lat="37.088069" lon="-121.895363"><ele>354.1</ele><time>2021-06-20T15:07:37Z</time></trkpt>
<trkpt lat="37.088021" lon="-121.895345"><ele>354.4</ele><time>2021-06-20T15:07:40Z</time></trkpt>
<trkpt lat="37.088031" lon="-121.895295"><ele>354.6</ele><time>2021-06-20T15:07:45Z</time></trkpt>
<trkpt lat="37.087948" lon="-121.895238"><ele>355.2</ele><time>2021-06-20T15:07:48Z</time></trkpt>
<trkpt lat="37.087943" lon="-121.895150"><ele>355.7</ele><time>2021-06-20T15:07:50Z</time></trkpt>
<trkpt lat="37.087978" lon="-121.895078"><ele>356.1</ele><time>2021-06-20T15:07:54Z</time></trkpt>
<trkpt lat="37.087846" lon="-121.895032"><ele>357.0</ele><time>2021-06-20T15:07:59Z</time></trkpt>
<trkpt lat="37.087805" lon="-121.894971"><ele>357.5</ele><time>2021-06-20T15:08:04Z</time></trkpt>
<trkpt lat="37.087814" lon="-121.894852"><ele>358.1</ele><time>2021-06-20T15:08:10Z</time></trkpt>
<trkpt lat="37.087738" lon="-121.894780"><ele>358.9</ele><time>2021-06-20T15:08:14Z</time></trkpt>
<trkpt lat="37.087700" lon="-121.894801"><ele>359.2</ele><time>2021-06-20T15:08:15Z</time></trkpt>
<trkpt lat="37.087695" lon="-121.894704"><ele>359.8</ele><time>2021-06-20T15:08:20Z</time></trkpt>
<trkpt lat="37.087670" lon="-121.894749"><ele>360.1</ele><time>2021-06-20T15:08:22Z</time></trkpt>
<trkpt lat="37.087695" lon="-121.894727"><ele>360.4</ele><time>2021-06-20T15:08:23Z</time></trkpt>
<trkpt lat="37.087624" lon="-121.894577"><ele>361.3</ele><time>2021-06-20T15:08:28Z</time></trkpt>
<trkpt lat="37.087642" lon="-121.894454"><ele>361.9</ele><time>2021-06-20T15:08:31Z</time></trkpt>
<trkpt lat="37.087616" lon="-121.894270"><ele>362.9</ele><time>2021-06-20T15:08:37Z</time></trkpt>
<trkpt lat="37.087619" lon="-121.894311"><ele>363.1</ele><time>2021-06-20T15:08:39Z</time></trkpt>
<trkpt lat="37.087663" lon="-121.894193"><ele>363.6</ele><time>2021-06-20T15:08:42Z</time></trkpt>
<trkpt lat="37.087711" lon="-121.894229"><ele>364.0</ele><time>2021-06-20T15:08:43Z</time></trkpt>
<trkpt lat="37.087807" lon="-121.893999"><ele>365.2</ele><time>2021-06-20T15:08:49Z</time></trkpt>
<trkpt lat="37.087896" lon="-121.893875"><ele>366.0</ele><time>2021-06-20T15:08:56Z</time></trkpt>
<trkpt lat="37.087929" lon="-121.893900"><ele>366.2</ele><time>2021-06-20T15:08:57Z</time></trkpt>
<trkpt lat="37.087930" lon="-121.893854"><ele>366.5</ele><time>2021-06-20T15:09:01Z</time></trkpt>
<trkpt lat="37.087965" lon="-121.893887"><ele>366.7</ele><time>2021-06-20T15:09:06Z</time></trkpt>
<trkpt lat="37.087951" lon="-121.893834"><ele>367.0</ele><time>2021-06-20T15:09:11Z</time></trkpt>
<trkpt lat="37.087995" lon="-121.893817"><ele>367.3</ele><time>2021-06-20T15:09:13Z</time></trkpt>
<trkpt lat="37.087965" lon="-121.893723"><ele>367.9</ele><time>2021-06-20T15:09:15Z</time></trkpt>
<trkpt lat="37.087982" lon="-121.893628"><ele>368.5</ele><time>2021-06-20T15:09:18Z</time></trkpt>
<trkpt lat="37.087946" lon="-121.893629"><ele>368.8</ele><time>2021-06-20T15:09:19Z</time></trkpt>
<trkpt lat="37.087935" lon="-121.893545"><ele>369.3</ele><time>2021-06-20T15:09:24Z</time></trkpt>
<trkpt lat="37.087917" lon="-121.893563"><ele>369.5</ele><time>2021-06-20T15:09:26Z</time></trkpt>
<trkpt lat="37.087882" lon="-121.893477"><ele>370.1</ele><time>2021-06-20T15:09:31Z</time></trkpt>
<trkpt lat="37.087892" lon="-121.893515"><ele>370.3</ele><time>2021-06-20T15:09:32Z</time></trkpt>
<trkpt lat="37.087904" lon="-121.893330"><ele>371.0</ele><time>2021-06-20T15:09:44Z</time></trkpt>
<trkpt lat="37.087762" lon="-121.893225"><ele>371.0</ele><time>2021-06-20T15:11:12Z</time></trkpt>
<trkpt lat="37.087644" lon="-121.893012"><ele>370.5</ele><time>2021-06-20T15:11:20Z</time></trkpt>
<trkpt lat="37.087605" lon="-121.892529"><ele>369.5</ele><time>2021-06-20T15:11:28Z</time></trkpt>
<trkpt lat="37.087628" lon="-121.892404"><ele>369.4</ele><time>2021-06-20T15:11:30Z</time></trkpt>
<trkpt lat="37.087655" lon="-121.892356"><ele>369.3</ele><time>2021-06-20T15:11:31Z</time></trkpt>
<trkpt lat="37.087671" lon="-121.892422"><ele>369.3</ele><time>2021-06-20T15:11:32Z</time></trkpt>
<trkpt lat="37.087681" lon="-121.892374"><ele>369.3</ele><time>2021-06-20T15:11:33Z</time></trkpt>
<trkpt lat="37.087866" lon="-121.892253"><ele>369.7</ele><time>2021-06-20T15:11:37Z</time></trkpt>
<trkpt lat="37.087927" lon="-121.892131"><ele>370.0</ele><time>2021-06-20T15:11:40Z</time></trkpt>
<trkpt lat="37.088027" lon="-121.892141"><ele>370.2</ele><time>2021-06-20T15:11:43Z</time></trkpt>
<trkpt lat="37.088062" lon="-121.892107"><ele>370.3</ele><time>2021-06-20T15:11:45Z</time></trkpt>
<trkpt lat="37.088113" lon="-121.892158"><ele>370.5</ele><time>2021-06-20T15:11:46Z</time></trkpt>
<trkpt lat="37.088202" lon="-121.892164"><ele>370.7</ele><time>2021-06-20T15:11:50Z</time></trkpt>
<trkpt lat="37.088258" lon="-121.892240"><ele>371.0</ele><time>2021-06-20T15:11:52Z</time></trkpt>
<trkpt lat="37.088328" lon="-121.892251"><ele>371.2</ele><time>2021-06-20T15:11:55Z</time></trkpt>
<trkpt lat="37.088444" lon="-121.892361"><ele>371.9</ele><time>2021-06-20T15:12:03Z</time></trkpt>
<trkpt lat="37.088550" lon="-121.892373"><ele>372.5</ele><time>2021-06-20T15:12:12Z</time></trkpt>
<trkpt lat="37.088659" lon="-121.892568"><ele>373.7</ele><time>2021-06-20T15:12:22Z</time></trkpt>
<trkpt lat="37.088847" lon="-121.892740"><ele>375.3</ele><time>2021-06-20T15:12:35Z</time></trkpt>
<trkpt lat="37.088937" lon="-121.892880"><ele>376.5</ele><time>2021-06-20T15:12:45Z</time></trkpt>
<trkpt lat="37.089031" lon="-121.892888"><ele>377.2</ele><time>2021-06-20T15:12:51Z</time></trkpt>
<trkpt lat="37.089135" lon="-121.892820"><ele>378.2</ele><time>2021-06-20T15:13:00Z</time></trkpt>
<trkpt lat="37.089265" lon="-121.892904"><ele>379.4</ele><time>2021-06-20T15:13:08Z</time></trkpt>
<trkpt lat="37.089444" lon="-121.892849"><ele>381.1</ele><time>2021-06-20T15:13:22Z</time></trkpt>
<trkpt lat="37.089532" lon="-121.892952"><ele>382.2</ele><time>2021-06-20T15:13:27Z</time></trkpt>
<trkpt lat="37.089704" lon="-121.892871"><ele>383.9</ele><time>2021-06-20T15:13:40Z</time></trkpt>
<trkpt lat="37.089686" lon="-121.892904"><ele>384.2</ele><time>2021-06-20T15:14:11Z</time></trkpt>
<trkpt lat="37.089529" lon="-121.892726"><ele>386.0</ele><time>2021-06-20T15:14:31Z</time></trkpt>
<trkpt lat="37.089611" lon="-121.892901"><ele>387.2</ele><time>2021-06-20T15:14:36Z</time></trkpt>
<trkpt lat="37.089666" lon="-121.892722"><ele>388.6</ele><time>2021-06-20T15:15:07Z</time></trkpt>
<trkpt lat="37.089620" lon="-121.892541"><ele>390.0</ele><time>2021-06-20T15:15:20Z</time></trkpt>
<trkpt lat="37.089642" lon="-121.892294"><ele>391.9</ele><time>2021-06-20T15:15:36Z</time></trkpt>
<trkpt lat="37.089782" lon="-121.891953"><ele>394.8</ele><time>2021-06-20T15:15:55Z</time></trkpt>
<trkpt lat="37.089835" lon="-121.891923"><ele>395.3</ele><time>2021-06-20T15:15:58Z</time></trkpt>
<trkpt lat="37.089927" lon="-121.891739"><ele>396.9</ele><time>2021-06-20T15:16:11Z</time></trkpt>
<trkpt lat="37.090028" lon="-121.891659"><ele>397.9</ele><time>2021-06-20T15:16:18Z</time></trkpt>
<trkpt lat="37.090161" lon="-121.891615"><ele>399.0</ele><time>2021-06-20T15:16:26Z</time></trkpt>
<trkpt lat="37.090224" lon="-121.891653"><ele>399.6</ele><time>2021-06-20T15:16:28Z</time></trkpt>
<trkpt lat="37.090300" lon="-121.891635"><ele>400.2</ele><time>2021-06-20T15:16:32Z</time></trkpt>
<trkpt lat="37.090346" lon="-121.891578"><ele>400.7</ele><time>2021-06-20T15:16:38Z</time></trkpt>
<trkpt lat="37.090419" lon="-121.891585"><ele>401.3</ele><time>2021-06-20T15:16:43Z</time></trkpt>
<trkpt lat="37.090526" lon="-121.891512"><ele>402.2</ele><time>2021-06-20T15:16:51Z</time></trkpt>
<trkpt lat="37.090672" lon="-121.891365"><ele>403.6</ele><time>2021-06-20T15:17:05Z</time></trkpt>
<trkpt lat="37.090709" lon="-121.891263"><ele>404.3</ele><time>2021-06-20T15:17:11Z</time></trkpt>
<trkpt lat="37.090679" lon="-121.890962"><ele>406.4</ele><time>2021-06-20T15:17:28Z</time></trkpt>
<trkpt lat="37.090658" lon="-121.890962"><ele>406.6</ele><time>2021-06-20T15:17:29Z</time></trkpt>
<trkpt lat="37.090668" lon="-121.890894"><ele>407.1</ele><time>2021-06-20T15:17:34Z</time></trkpt>
<trkpt lat="37.090702" lon="-121.890922"><ele>407.5</ele><time>2021-06-20T15:17:41Z</time></trkpt>
<trkpt lat="37.090648" lon="-121.890906"><ele>408.0</ele><time>2021-06-20T15:17:55Z</time></trkpt>
<trkpt lat="37.090706" lon="-121.890861"><ele>408.7</ele><time>2021-06-20T15:18:24Z</time></trkpt>
<trkpt lat="37.090695" lon="-121.890963"><ele>409.3</ele><time>2021-06-20T15:19:00Z</time></trkpt>
<trkpt lat="37.090668" lon="-121.890629"><ele>411.9</ele><time>2021-06-20T15:20:16Z</time></trkpt>
<trkpt lat="37.090651" lon="-121.890646"><ele>412.0</ele><time>2021-06-20T15:20:17Z</time></trkpt>
<trkpt lat="37.090663" lon="-121.890510"><ele>412.8</ele><time>2021-06-20T15:20:23Z</time></trkpt>
<trkpt lat="37.090591" lon="-121.890390"><ele>413.5</ele><time>2021-06-20T15:20:30Z</time></trkpt>
<trkpt lat="37.090628" lon="-121.890390"><ele>413.7</ele><time>2021-06-20T15:20:34Z</time></trkpt>
<trkpt lat="37.090606" lon="-121.890295"><ele>414.1</ele><time>2021-06-20T15:20:39Z</time></trkpt>
<trkpt lat="37.090503" lon="-121.890139"><ele>414.4</ele><time>2021-06-20T15:20:44Z</time></trkpt>
<trkpt lat="37.090526" lon="-121.890004"><ele>414.5</ele><time>2021-06-20T15:20:49Z</time></trkpt>
<trkpt lat="37.090475" lon="-121.889963"><ele>414.5</ele><time>2021-06-20T15:20:52Z</time></trkpt>
<trkpt lat="37.090369" lon="-121.889743"><ele>414.4</ele><time>2021-06-20T15:20:59Z</time></trkpt>
<trkpt lat="37.090337" lon="-121.889793"><ele>414.3</ele><time>2021-06-20T15:21:00Z</time></trkpt>
<trkpt lat="37.090506" lon="-121.889642"><ele>413.8</ele><time>2021-06-20T15:21:05Z</time></trkpt>
<trkpt lat="37.090460" lon="-121.889648"><ele>413.6</ele><time>2021-06-20T15:21:06Z</time></trkpt>
<trkpt lat="37.090492" lon="-121.889610"><ele>413.5</ele><time>2021-06-20T15:21:07Z</time></trkpt>
<trkpt lat="37.090434" lon="-121.889533"><ele>413.2</ele><time>2021-06-20T15:21:08Z</time></trkpt>
<trkpt lat="37.090427" lon="-121.889425"><ele>413.0</ele><time>2021-06-20T15:21:09Z</time></trkpt>
<trkpt lat="37.090476" lon="-121.889290"><ele>412.8</ele><time>2021-06-20T15:21:10Z</time></trkpt>
<trkpt lat="37.090498" lon="-121.888974"><ele>412.2</ele><time>2021-06-20T15:21:14Z</time></trkpt>
<trkpt lat="37.090658" lon="-121.888826"><ele>412.5</ele><time>2021-06-20T15:21:17Z</time></trkpt>
<trkpt lat="37.090723" lon="-121.888810"><ele>412.7</ele><time>2021-06-20T15:21:19Z</time></trkpt>
<trkpt lat="37.090725" lon="-121.888708"><ele>413.0</ele><time>2021-06-20T15:21:21Z</time></trkpt>
<trkpt lat="37.090768" lon="-121.888717"><ele>413.1</ele><time>2021-06-20T15:21:22Z</time></trkpt>
<trkpt lat="37.090795" lon="-121.888625"><ele>413.3</ele><time>2021-06-20T15:21:25Z</time></trkpt>
<trkpt lat="37.090798" lon="-121.888504"><ele>413.4</ele><time>2021-06-20T15:21:28Z</time></trkpt>
<trkpt lat="37.090895" lon="-121.888444"><ele>413.5</ele><time>2021-06-20T15:21:29Z</time></trkpt>
<trkpt lat="37.090899" lon="-121.888354"><ele>413.5</ele><time>2021-06-20T15:21:30Z</time></trkpt>
<trkpt lat="37.090873" lon="-121.888247"><ele>413.5</ele><time>2021-06-20T15:21:32Z</time></trkpt>
<trkpt lat="37.090798" lon="-121.888252"><ele>413.5</ele><time>2021-06-20T15:21:34Z</time></trkpt>
<trkpt lat="37.090754" lon="-121.888197"><ele>413.4</ele><time>2021-06-20T15:21:37Z</time></trkpt>
<trkpt lat="37.090729" lon="-121.888141"><ele>413.4</ele><time>2021-06-20T15:21:38Z</time></trkpt>
<trkpt lat="37.090741" lon="-121.888038"><ele>413.3</ele><time>2021-06-20T15:21:39Z</time></trkpt>
<trkpt lat="37.090698" lon="-121.888047"><ele>413.3</ele><time>2021-06-20T15:21:40Z</time></trkpt>
<trkpt lat="37.090625" lon="-121.887923"><ele>413.1</ele><time>2021-06-20T15:21:45Z</time></trkpt>
<trkpt lat="37.090416" lon="-121.887962"><ele>412.8</ele><time>2021-06-20T15:21:48Z</time></trkpt>
<trkpt lat="37.090429" lon="-121.887827"><ele>412.5</ele><time>2021-06-20T15:21:50Z</time></trkpt>
<trkpt lat="37.090308" lon="-121.887817"><ele>412.3</ele><time>2021-06-20T15:21:53Z</time></trkpt>
<trkpt lat="37.090136" lon="-121.887741"><ele>411.8</ele><time>2021-06-20T15:21:55Z</time></trkpt>
<trkpt lat="37.090077" lon="-121.887626"><ele>411.5</ele><time>2021-06-20T15:21:56Z</time></trkpt>
<trkpt lat="37.089732" lon="-121.887195"><ele>409.3</ele><time>2021-06-20T15:22:01Z</time></trkpt>
<trkpt lat="37.089641" lon="-121.886870"><ele>408.2</ele><time>2021-06-20T15:22:05Z</time></trkpt>
<trkpt lat="37.089668" lon="-121.886740"><ele>407.9</ele><time>2021-06-20T15:22:06Z</time></trkpt>
<trkpt lat="37.089813" lon="-121.886649"><ele>407.4</ele><time>2021-06-20T15:22:07Z</time></trkpt>
<trkpt lat="37.089626" lon="-121.886047"><ele>406.6</ele><time>2021-06-20T15:22:15Z</time></trkpt>
<trkpt lat="37.089573" lon="-121.885987"><ele>406.5</ele><time>2021-06-20T15:22:16Z</time></trkpt>
<trkpt lat="37.089572" lon="-121.885925"><ele>406.5</ele><time>2021-06-20T15:22:17Z</time></trkpt>
<trkpt lat="37.089368" lon="-121.885978"><ele>406.1</ele><time>2021-06-20T15:22:21Z</time></trkpt>
<trkpt lat="37.089174" lon="-121.885886"><ele>405.8</ele><time>2021-06-20T15:22:26Z</time></trkpt>
<trkpt lat="37.089209" lon="-121.885741"><ele>405.8</ele><time>2021-06-20T15:22:27Z</time></trkpt>
<trkpt lat="37.089130" lon="-121.885668"><ele>405.8</ele><time>2021-06-20T15:22:29Z</time></trkpt>
<trkpt lat="37.089131" lon="-121.885568"><ele>405.8</ele><time>2021-06-20T15:22:31Z</time></trkpt>
<trkpt lat="37.089187" lon="-121.885393"><ele>405.8</ele><time>2021-06-20T15:22:32Z</time></trkpt>
<trkpt lat="37.089193" lon="-121.885217"><ele>406.0</ele><time>2021-06-20T15:22:34Z</time></trkpt>
<trkpt lat="37.089309" lon="-121.885171"><ele>406.2</ele><time>2021-06-20T15:22:37Z</time></trkpt>
<trkpt lat="37.089307" lon="-121.884995"><ele>406.4</ele><time>2021-06-20T15:22:39Z</time></trkpt>
<trkpt lat="37.089296" lon="-121.884951"><ele>406.4</ele><time>2021-06-20T15:22:40Z</time></trkpt>
<trkpt lat="37.089209" lon="-121.884928"><ele>406.6</ele><time>2021-06-20T15:22:44Z</time></trkpt>
<trkpt lat="37.089186" lon="-121.884869"><ele>406.9</ele><time>2021-06-20T15:22:52Z</time></trkpt>
<trkpt lat="37.089158" lon="-121.884933"><ele>407.0</ele><time>2021-06-20T15:22:55Z</time></trkpt>
<trkpt lat="37.089091" lon="-121.884953"><ele>407.3</ele><time>2021-06-20T15:23:00Z</time></trkpt>
<trkpt lat="37.089079" lon="-121.884525"><ele>409.1</ele><time>2021-06-20T15:23:10Z</time></trkpt>
<trkpt lat="37.089148" lon="-121.884469"><ele>409.6</ele><time>2021-06-20T15:23:12Z</time></trkpt>
<trkpt lat="37.089074" lon="-121.884499"><ele>410.1</ele><time>2021-06-20T15:23:14Z</time></trkpt>
<trkpt lat="37.088988" lon="-121.884386"><ele>410.8</ele><time>2021-06-20T15:23:20Z</time></trkpt>
<trkpt lat="37.089000" lon="-121.884291"><ele>411.1</ele><time>2021-06-20T15:23:21Z</time></trkpt>
<trkpt lat="37.088969" lon="-121.884116"><ele>411.5</ele><time>2021-06-20T15:23:24Z</time></trkpt>
<trkpt lat="37.089033" lon="-121.884063"><ele>411.8</ele><time>2021-06-20T15:23:25Z</time></trkpt>
<trkpt lat="37.088979" lon="-121.883906"><ele>412.2</ele><time>2021-06-20T15:23:35Z</time></trkpt>
<trkpt lat="37.089013" lon="-121.883801"><ele>412.5</ele><time>2021-06-20T15:23:39Z</time></trkpt>
<trkpt lat="37.088921" lon="-121.883621"><ele>413.3</ele><time>2021-06-20T15:23:52Z</time></trkpt>
<trkpt lat="37.088870" lon="-121.883678"><ele>413.7</ele><time>2021-06-20T15:23:55Z</time></trkpt>
<trkpt lat="37.088886" lon="-121.883351"><ele>415.2</ele><time>2021-06-20T15:24:03Z</time></trkpt>
<trkpt lat="37.088921" lon="-121.883349"><ele>415.5</ele><time>2021-06-20T15:24:05Z</time></trkpt>
<trkpt lat="37.088953" lon="-121.883246"><ele>416.1</ele><time>2021-06-20T15:24:08Z</time></trkpt>
<trkpt lat="37.088994" lon="-121.883217"><ele>416.4</ele><time>2021-06-20T15:24:09Z</time></trkpt>
<trkpt lat="37.089122" lon="-121.883249"><ele>417.2</ele><time>2021-06-20T15:24:13Z</time></trkpt>
<trkpt lat="37.089191" lon="-121.883331"><ele>417.9</ele><time>2021-06-20T15:24:16Z</time></trkpt>
<trkpt lat="37.089186" lon="-121.883369"><ele>418.1</ele><time>2021-06-20T15:24:18Z</time></trkpt>
<trkpt lat="37.089230" lon="-121.883312"><ele>418.5</ele><time>2021-06-20T15:24:20Z</time></trkpt>
<trkpt lat="37.089253" lon="-121.883348"><ele>418.8</ele><time>2021-06-20T15:24:21Z</time></trkpt>
<trkpt lat="37.089244" lon="-121.883294"><ele>419.1</ele><time>2021-06-20T15:24:22Z</time></trkpt>
<trkpt lat="37.089286" lon="-121.883246"><ele>419.6</ele><time>2021-06-20T15:24:28Z</time></trkpt>
<trkpt lat="37.089347" lon="-121.883291"><ele>420.2</ele><time>2021-06-20T15:24:32Z</time></trkpt>
<trkpt lat="37.089407" lon="-121.883261"><ele>420.7</ele><time>2021-06-20T15:24:33Z</time></trkpt>
<trkpt lat="37.089526" lon="-121.883100"><ele>422.0</ele><time>2021-06-20T15:24:43Z</time></trkpt>
<trkpt lat="37.089559" lon="-121.883094"><ele>422.2</ele><time>2021-06-20T15:24:46Z</time></trkpt>
<trkpt lat="37.089505" lon="-121.882943"><ele>423.0</ele><time>2021-06-20T15:24:51Z</time></trkpt>
<trkpt lat="37.089530" lon="-121.882932"><ele>423.2</ele><time>2021-06-20T15:24:53Z</time></trkpt>
<trkpt lat="37.089488" lon="-121.882929"><ele>423.4</ele><time>2021-06-20T15:24:54Z</time></trkpt>
<trkpt lat="37.089660" lon="-121.882915"><ele>424.4</ele><time>2021-06-20T15:24:59Z</time></trkpt>
<trkpt lat="37.089650" lon="-121.882865"><ele>424.7</ele><time>2021-06-20T15:25:04Z</time></trkpt>
<trkpt lat="37.089640" lon="-121.882886"><ele>424.8</ele><time>2021-06-20T15:25:06Z</time></trkpt>
<trkpt lat="37.089680" lon="-121.882878"><ele>425.0</ele><time>2021-06-20T15:25:10Z</time></trkpt>
<trkpt lat="37.089674" lon="-121.882907"><ele>425.1</ele><time>2021-06-20T15:25:11Z</time></trkpt>
<trkpt lat="37.089711" lon="-121.882859"><ele>425.4</ele><time>2021-06-20T15:25:13Z</time></trkpt>
<trkpt lat="37.089687" lon="-121.882824"><ele>425.5</ele><time>2021-06-20T15:25:15Z</time></trkpt>
<trkpt lat="37.089703" lon="-121.882951"><ele>425.9</ele><time>2021-06-20T15:25:44Z</time></trkpt>
<trkpt lat="37.089595" lon="-121.882603"><ele>427.2</ele><time>2021-06-20T15:26:13Z</time></trkpt>
<trkpt lat="37.089554" lon="-121.882552"><ele>427.4</ele><time>2021-06-20T15:26:15Z</time></trkpt>
<trkpt lat="37.089523" lon="-121.882377"><ele>427.9</ele><time>2021-06-20T15:26:21Z</time></trkpt>
<trkpt lat="37.089455" lon="-121.882341"><ele>428.2</ele><time>2021-06-20T15:26:24Z</time></trkpt>
<trkpt lat="37.089466" lon="-121.882264"><ele>428.5</ele><time>2021-06-20T15:26:27Z</time></trkpt>
<trkpt lat="37.089440" lon="-121.882236"><ele>428.6</ele><time>2021-06-20T15:26:29Z</time></trkpt>
<trkpt lat="37.089308" lon="-121.882146"><ele>429.3</ele><time>2021-06-20T15:26:39Z</time></trkpt>
<trkpt lat="37.089325" lon="-121.882123"><ele>429.4</ele><time>2021-06-20T15:26:40Z</time></trkpt>
<trkpt lat="37.089298" lon="-121.882129"><ele>429.5</ele><time>2021-06-20T15:26:41Z</time></trkpt>
<trkpt lat="37.089288" lon="-121.881975"><ele>430.3</ele><time>2021-06-20T15:26:46Z</time></trkpt>
<trkpt lat="37.089202" lon="-121.881887"><ele>431.1</ele><time>2021-06-20T15:26:54Z</time></trkpt>
<trkpt lat="37.089190" lon="-121.881792"><ele>431.7</ele><time>2021-06-20T15:26:59Z</time></trkpt>
<trkpt lat="37.089136" lon="-121.881762"><ele>432.3</ele><time>2021-06-20T15:27:03Z</time></trkpt>
<trkpt lat="37.089164" lon="-121.881682"><ele>432.9</ele><time>2021-06-20T15:27:05Z</time></trkpt>
<trkpt lat="37.089057" lon="-121.881523"><ele>434.5</ele><time>2021-06-20T15:27:16Z</time></trkpt>
<trkpt lat="37.089077" lon="-121.881444"><ele>435.1</ele><time>2021-06-20T15:27:18Z</time></trkpt>
<trkpt lat="37.089039" lon="-121.881396"><ele>435.6</ele><time>2021-06-20T15:27:21Z</time></trkpt>
<trkpt lat="37.088989" lon="-121.881140"><ele>437.5</ele><time>2021-06-20T15:27:39Z</time></trkpt>
<trkpt lat="37.088909" lon="-121.881083"><ele>438.4</ele><time>2021-06-20T15:27:47Z</time></trkpt>
<trkpt lat="37.088866" lon="-121.880972"><ele>438.8</ele><time>2021-06-20T15:27:50Z</time></trkpt>
<trkpt lat="37.088816" lon="-121.880965"><ele>438.9</ele><time>2021-06-20T15:27:52Z</time></trkpt>
<trkpt lat="37.088687" lon="-121.880750"><ele>439.5</ele><time>2021-06-20T15:28:02Z</time></trkpt>
<trkpt lat="37.088649" lon="-121.880742"><ele>439.5</ele><time>2021-06-20T15:28:04Z</time></trkpt>
<trkpt lat="37.088598" lon="-121.880637"><ele>439.7</ele><time>2021-06-20T15:28:07Z</time></trkpt>
<trkpt lat="37.088595" lon="-121.880546"><ele>439.9</ele><time>2021-06-20T15:28:09Z</time></trkpt>
<trkpt lat="37.088562" lon="-121.880559"><ele>439.9</ele><time>2021-06-20T15:28:10Z</time></trkpt>
<trkpt lat="37.088514" lon="-121.880511"><ele>440.0</ele><time>2021-06-20T15:28:12Z</time></trkpt>
<trkpt lat="37.088518" lon="-121.880312"><ele>440.5</ele><time>2021-06-20T15:28:18Z</time></trkpt>
<trkpt lat="37.088475" lon="-121.880263"><ele>440.7</ele><time>2021-06-20T15:28:23Z</time></trkpt>
<trkpt lat="37.088406" lon="-121.880259"><ele>440.9</ele><time>2021-06-20T15:28:26Z</time></trkpt>
<trkpt lat="37.088351" lon="-121.880180"><ele>441.4</ele><time>2021-06-20T15:28:30Z</time></trkpt>
<trkpt lat="37.088274" lon="-121.879895"><ele>442.5</ele><time>2021-06-20T15:28:39Z</time></trkpt>
<trkpt lat="37.088243" lon="-121.879900"><ele>442.6</ele><time>2021-06-20T15:28:40Z</time></trkpt>
<trkpt lat="37.088273" lon="-121.879855"><ele>442.8</ele><time>2021-06-20T15:28:41Z</time></trkpt>
<trkpt lat="37.088272" lon="-121.879740"><ele>443.3</ele><time>2021-06-20T15:28:46Z</time></trkpt>
<trkpt lat="37.088209" lon="-121.879474"><ele>444.1</ele><time>2021-06-20T15:28:55Z</time></trkpt>
<trkpt lat="37.088152" lon="-121.879408"><ele>444.4</ele><time>2021-06-20T15:28:59Z</time></trkpt>
<trkpt lat="37.088172" lon="-121.879311"><ele>444.8</ele><time>2021-06-20T15:29:04Z</time></trkpt>
<trkpt lat="37.088149" lon="-121.879287"><ele>444.9</ele><time>2021-06-20T15:29:06Z</time></trkpt>
<trkpt lat="37.088160" lon="-121.879246"><ele>445.0</ele><time>2021-06-20T15:29:07Z</time></trkpt>
<trkpt lat="37.088136" lon="-121.879251"><ele>445.1</ele><time>2021-06-20T15:29:08Z</time></trkpt>
<trkpt lat="37.088156" lon="-121.879209"><ele>445.2</ele><time>2021-06-20T15:29:09Z</time></trkpt>
<trkpt lat="37.088092" lon="-121.879214"><ele>445.5</ele><time>2021-06-20T15:29:11Z</time></trkpt>
<trkpt lat="37.087921" lon="-121.879090"><ele>445.7</ele><time>2021-06-20T15:29:19Z</time></trkpt>
<trkpt lat="37.087743" lon="-121.878628"><ele>446.0</ele><time>2021-06-20T15:29:35Z</time></trkpt>
<trkpt lat="37.087827" lon="-121.878269"><ele>446.4</ele><time>2021-06-20T15:29:41Z</time></trkpt>
<trkpt lat="37.087818" lon="-121.878154"><ele>446.6</ele><time>2021-06-20T15:29:44Z</time></trkpt>
<trkpt lat="37.087929" lon="-121.877966"><ele>447.0</ele><time>2021-06-20T15:29:50Z</time></trkpt>
<trkpt lat="37.087889" lon="-121.877891"><ele>447.2</ele><time>2021-06-20T15:29:53Z</time></trkpt>
<trkpt lat="37.087910" lon="-121.877731"><ele>447.8</ele><time>2021-06-20T15:30:01Z</time></trkpt>
<trkpt lat="37.087882" lon="-121.877699"><ele>448.0</ele><time>2021-06-20T15:30:05Z</time></trkpt>
<trkpt lat="37.087915" lon="-121.877539"><ele>448.8</ele><time>2021-06-20T15:30:09Z</time></trkpt>
<trkpt lat="37.087888" lon="-121.877492"><ele>449.3</ele><time>2021-06-20T15:30:13Z</time></trkpt>
<trkpt lat="37.087888" lon="-121.877525"><ele>449.4</ele><time>2021-06-20T15:30:14Z</time></trkpt>
<trkpt lat="37.087933" lon="-121.877505"><ele>449.8</ele><time>2021-06-20T15:30:15Z</time></trkpt>
<trkpt lat="37.088042" lon="-121.877346"><ele>450.9</ele><time>2021-06-20T15:30:19Z</time></trkpt>
<trkpt lat="37.088067" lon="-121.877356"><ele>451.1</ele><time>2021-06-20T15:30:21Z</time></trkpt>
<trkpt lat="37.088073" lon="-121.877290"><ele>451.5</ele><time>2021-06-20T15:30:26Z</time></trkpt>
<trkpt lat="37.088092" lon="-121.877298"><ele>451.7</ele><time>2021-06-20T15:30:29Z</time></trkpt>
<trkpt lat="37.088048" lon="-121.877341"><ele>452.1</ele><time>2021-06-20T15:31:02Z</time></trkpt>
<trkpt lat="37.088041" lon="-121.877419"><ele>452.3</ele><time>2021-06-20T15:31:04Z</time></trkpt>
<trkpt lat="37.088059" lon="-121.877279"><ele>452.6</ele><time>2021-06-20T15:31:06Z</time></trkpt>
<trkpt lat="37.087976" lon="-121.877406"><ele>452.7</ele><time>2021-06-20T15:31:27Z</time></trkpt>
<trkpt lat="37.087909" lon="-121.877414"><ele>452.7</ele><time>2021-06-20T15:31:32Z</time></trkpt>
<trkpt lat="37.087894" lon="-121.877363"><ele>452.8</ele><time>2021-06-20T15:31:34Z</time></trkpt>
<trkpt lat="37.087832" lon="-121.877349"><ele>452.8</ele><time>2021-06-20T15:31:36Z</time></trkpt>
<trkpt lat="37.087813" lon="-121.877265"><ele>452.9</ele><time>2021-06-20T15:31:38Z</time></trkpt>
<trkpt lat="37.087751" lon="-121.877213"><ele>453.1</ele><time>2021-06-20T15:31:40Z</time></trkpt>
<trkpt lat="37.087768" lon="-121.877169"><ele>453.2</ele><time>2021-06-20T15:31:41Z</time></trkpt>
<trkpt lat="37.087721" lon="-121.877075"><ele>453.6</ele><time>2021-06-20T15:31:45Z</time></trkpt>
<trkpt lat="37.087813" lon="-121.876646"><ele>455.5</ele><time>2021-06-20T15:32:00Z</time></trkpt>
<trkpt lat="37.087778" lon="-121.876521"><ele>455.9</ele><time>2021-06-20T15:32:04Z</time></trkpt>
<trkpt lat="37.087812" lon="-121.876466"><ele>456.1</ele><time>2021-06-20T15:32:07Z</time></trkpt>
<trkpt lat="37.087834" lon="-121.876495"><ele>456.2</ele><time>2021-06-20T15:32:09Z</time></trkpt>
<trkpt lat="37.087815" lon="-121.876406"><ele>456.4</ele><time>2021-06-20T15:32:12Z</time></trkpt>
<trkpt lat="37.087868" lon="-121.876312"><ele>456.6</ele><time>2021-06-20T15:32:17Z</time></trkpt>
<trkpt lat="37.087891" lon="-121.876199"><ele>456.8</ele><time>2021-06-20T15:32:21Z</time></trkpt>
<trkpt lat="37.087874" lon="-121.876088"><ele>457.0</ele><time>2021-06-20T15:32:26Z</time></trkpt>
<trkpt lat="37.087922" lon="-121.875986"><ele>457.3</ele><time>2021-06-20T15:32:29Z</time></trkpt>
<trkpt lat="37.087889" lon="-121.875869"><ele>457.7</ele><time>2021-06-20T15:32:36Z</time></trkpt>
<trkpt lat="37.087972" lon="-121.875549"><ele>458.6</ele><time>2021-06-20T15:32:44Z</time></trkpt>
<trkpt lat="37.087963" lon="-121.875332"><ele>458.9</ele><time>2021-06-20T15:32:52Z</time></trkpt>
<trkpt lat="37.087885" lon="-121.875204"><ele>459.0</ele><time>2021-06-20T15:32:58Z</time></trkpt>
<trkpt lat="37.087828" lon="-121.875198"><ele>459.0</ele><time>2021-06-20T15:32:59Z</time></trkpt>
<trkpt lat="37.087782" lon="-121.875015"><ele>459.3</ele><time>2021-06-20T15:33:05Z</time></trkpt>
<trkpt lat="37.087816" lon="-121.874857"><ele>459.6</ele><time>2021-06-20T15:33:07Z</time></trkpt>
<trkpt lat="37.087765" lon="-121.874684"><ele>460.1</ele><time>2021-06-20T15:33:13Z</time></trkpt>
<trkpt lat="37.087720" lon="-121.874600"><ele>460.5</ele><time>2021-06-20T15:33:16Z</time></trkpt>
<trkpt lat="37.087702" lon="-121.874653"><ele>460.8</ele><time>2021-06-20T15:33:17Z</time></trkpt>
<trkpt lat="37.087658" lon="-121.874531"><ele>461.3</ele><time>2021-06-20T15:33:22Z</time></trkpt>
<trkpt lat="37.087570" lon="-121.874465"><ele>461.7</ele><time>2021-06-20T15:33:26Z</time></trkpt>
<trkpt lat="37.087596" lon="-121.874391"><ele>462.0</ele><time>2021-06-20T15:33:28Z</time></trkpt>
<trkpt lat="37.087586" lon="-121.874310"><ele>462.3</ele><time>2021-06-20T15:33:32Z</time></trkpt>
<trkpt lat="37.087524" lon="-121.874309"><ele>462.6</ele><time>2021-06-20T15:33:35Z</time></trkpt>
<trkpt lat="37.087419" lon="-121.874210"><ele>463.0</ele><time>2021-06-20T15:33:42Z</time></trkpt>
<trkpt lat="37.087411" lon="-121.874110"><ele>463.4</ele><time>2021-06-20T15:33:45Z</time></trkpt>
<trkpt lat="37.087365" lon="-121.874084"><ele>463.6</ele><time>2021-06-20T15:33:49Z</time></trkpt>
<trkpt lat="37.087368" lon="-121.874007"><ele>463.9</ele><time>2021-06-20T15:33:52Z</time></trkpt>
<trkpt lat="37.087440" lon="-121.873847"><ele>464.8</ele><time>2021-06-20T15:33:58Z</time></trkpt>
<trkpt lat="37.087335" lon="-121.873808"><ele>465.5</ele><time>2021-06-20T15:34:01Z</time></trkpt>
<trkpt lat="37.087298" lon="-121.873733"><ele>466.0</ele><time>2021-06-20T15:34:07Z</time></trkpt>
<trkpt lat="37.087227" lon="-121.873775"><ele>466.5</ele><time>2021-06-20T15:34:10Z</time></trkpt>
<trkpt lat="37.087214" lon="-121.873690"><ele>466.9</ele><time>2021-06-20T15:34:11Z</time></trkpt>
<trkpt lat="37.087164" lon="-121.873655"><ele>467.2</ele><time>2021-06-20T15:34:13Z</time></trkpt>
<trkpt lat="37.087206" lon="-121.873497"><ele>467.9</ele><time>2021-06-20T15:34:17Z</time></trkpt>
<trkpt lat="37.087136" lon="-121.873403"><ele>468.3</ele><time>2021-06-20T15:34:21Z</time></trkpt>
<trkpt lat="37.087092" lon="-121.873186"><ele>468.9</ele><time>2021-06-20T15:34:29Z</time></trkpt>
<trkpt lat="37.087031" lon="-121.873186"><ele>469.1</ele><time>2021-06-20T15:34:31Z</time></trkpt>
<trkpt lat="37.086998" lon="-121.873149"><ele>469.2</ele><time>2021-06-20T15:34:33Z</time></trkpt>
<trkpt lat="37.086988" lon="-121.872768"><ele>469.8</ele><time>2021-06-20T15:34:41Z</time></trkpt>
<trkpt lat="37.086927" lon="-121.872679"><ele>470.0</ele><time>2021-06-20T15:34:44Z</time></trkpt>
<trkpt lat="37.086925" lon="-121.872605"><ele>470.2</ele><time>2021-06-20T15:34:47Z</time></trkpt>
<trkpt lat="37.086865" lon="-121.872547"><ele>470.4</ele><time>2021-06-20T15:34:51Z</time></trkpt>
<trkpt lat="37.086919" lon="-121.872379"><ele>470.9</ele><time>2021-06-20T15:34:55Z</time></trkpt>
<trkpt lat="37.086805" lon="-121.872292"><ele>471.4</ele><time>2021-06-20T15:35:02Z</time></trkpt>
<trkpt lat="37.086762" lon="-121.872308"><ele>471.5</ele><time>2021-06-20T15:35:04Z</time></trkpt>
<trkpt lat="37.086672" lon="-121.872201"><ele>471.9</ele><time>2021-06-20T15:35:09Z</time></trkpt>
<trkpt lat="37.086644" lon="-121.872223"><ele>472.1</ele><time>2021-06-20T15:35:10Z</time></trkpt>
<trkpt lat="37.086688" lon="-121.872128"><ele>472.3</ele><time>2021-06-20T15:35:12Z</time></trkpt>
<trkpt lat="37.086474" lon="-121.871989"><ele>473.2</ele><time>2021-06-20T15:35:21Z</time></trkpt>
<trkpt lat="37.086488" lon="-121.871762"><ele>473.9</ele><time>2021-06-20T15:35:27Z</time></trkpt>
<trkpt lat="37.086544" lon="-121.871642"><ele>474.3</ele><time>2021-06-20T15:35:30Z</time></trkpt>
<trkpt lat="37.086521" lon="-121.871662"><ele>474.4</ele><time>2021-06-20T15:35:31Z</time></trkpt>
<trkpt lat="37.086529" lon="-121.871558"><ele>474.8</ele><time>2021-06-20T15:35:34Z</time></trkpt>
<trkpt lat="37.086489" lon="-121.871591"><ele>474.9</ele><time>2021-06-20T15:35:35Z</time></trkpt>
<trkpt lat="37.086477" lon="-121.871559"><ele>475.1</ele><time>2021-06-20T15:35:36Z</time></trkpt>
<trkpt lat="37.086496" lon="-121.871320"><ele>475.9</ele><time>2021-06-20T15:35:44Z</time></trkpt>
<trkpt lat="37.086463" lon="-121.870991"><ele>477.6</ele><time>2021-06-20T15:35:57Z</time></trkpt>
<trkpt lat="37.086376" lon="-121.870911"><ele>478.1</ele><time>2021-06-20T15:36:03Z</time></trkpt>
<trkpt lat="37.086337" lon="-121.870985"><ele>478.4</ele><time>2021-06-20T15:36:04Z</time></trkpt>
<trkpt lat="37.086403" lon="-121.870870"><ele>479.1</ele><time>2021-06-20T15:36:07Z</time></trkpt>
<trkpt lat="37.086380" lon="-121.870752"><ele>479.6</ele><time>2021-06-20T15:36:10Z</time></trkpt>
<trkpt lat="37.086343" lon="-121.870759"><ele>479.9</ele><time>2021-06-20T15:36:13Z</time></trkpt>
<trkpt lat="37.086386" lon="-121.870662"><ele>480.4</ele><time>2021-06-20T15:36:18Z</time></trkpt>
<trkpt lat="37.086290" lon="-121.870651"><ele>480.9</ele><time>2021-06-20T15:36:22Z</time></trkpt>
<trkpt lat="37.086304" lon="-121.870598"><ele>481.1</ele><time>2021-06-20T15:36:28Z</time></trkpt>
<trkpt lat="37.086290" lon="-121.870626"><ele>481.2</ele><time>2021-06-20T15:36:29Z</time></trkpt>
<trkpt lat="37.086339" lon="-121.870683"><ele>481.5</ele><time>2021-06-20T15:37:00Z</time></trkpt>
<trkpt lat="37.086276" lon="-121.870704"><ele>481.8</ele><time>2021-06-20T15:37:02Z</time></trkpt>
<trkpt lat="37.086288" lon="-121.870661"><ele>482.0</ele><time>2021-06-20T15:37:04Z</time></trkpt>
<trkpt lat="37.086240" lon="-121.870677"><ele>482.2</ele><time>2021-06-20T15:37:06Z</time></trkpt>
<trkpt lat="37.086192" lon="-121.870597"><ele>482.6</ele><time>2021-06-20T15:37:09Z</time></trkpt>
<trkpt lat="37.086159" lon="-121.870621"><ele>482.7</ele><time>2021-06-20T15:37:10Z</time></trkpt>
<trkpt lat="37.086160" lon="-121.870527"><ele>483.1</ele><time>2021-06-20T15:37:14Z</time></trkpt>
<trkpt lat="37.086076" lon="-121.870456"><ele>483.5</ele><time>2021-06-20T15:37:19Z</time></trkpt>
<trkpt lat="37.086078" lon="-121.870410"><ele>483.7</ele><time>2021-06-20T15:37:20Z</time></trkpt>
<trkpt lat="37.086048" lon="-121.870440"><ele>483.9</ele><time>2021-06-20T15:37:21Z</time></trkpt>
<trkpt lat="37.085929" lon="-121.870292"><ele>484.7</ele><time>2021-06-20T15:37:29Z</time></trkpt>
<trkpt lat="37.085854" lon="-121.870096"><ele>485.7</ele><time>2021-06-20T15:37:36Z</time></trkpt>
<trkpt lat="37.085744" lon="-121.870050"><ele>486.4</ele><time>2021-06-20T15:37:39Z</time></trkpt>
<trkpt lat="37.085724" lon="-121.869972"><ele>486.7</ele><time>2021-06-20T15:37:42Z</time></trkpt>
<trkpt lat="37.085770" lon="-121.869842"><ele>487.4</ele><time>2021-06-20T15:37:46Z</time></trkpt>
<trkpt lat="37.085735" lon="-121.869815"><ele>487.7</ele><time>2021-06-20T15:37:49Z</time></trkpt>
<trkpt lat="37.085698" lon="-121.869847"><ele>488.0</ele><time>2021-06-20T15:37:52Z</time></trkpt>
<trkpt lat="37.085716" lon="-121.869813"><ele>488.1</ele><time>2021-06-20T15:37:53Z</time></trkpt>
<trkpt lat="37.085692" lon="-121.869690"><ele>488.7</ele><time>2021-06-20T15:37:57Z</time></trkpt>
<trkpt lat="37.085624" lon="-121.869606"><ele>489.4</ele><time>2021-06-20T15:38:09Z</time></trkpt>
<trkpt lat="37.085647" lon="-121.869476"><ele>490.1</ele><time>2021-06-20T15:38:13Z</time></trkpt>
<trkpt lat="37.085705" lon="-121.869366"><ele>490.7</ele><time>2021-06-20T15:38:18Z</time></trkpt>
<trkpt lat="37.085701" lon="-121.869277"><ele>491.1</ele><time>2021-06-20T15:38:19Z</time></trkpt>
<trkpt lat="37.085655" lon="-121.869289"><ele>491.4</ele><time>2021-06-20T15:38:20Z</time></trkpt>
<trkpt lat="37.085778" lon="-121.869155"><ele>492.5</ele><time>2021-06-20T15:38:23Z</time></trkpt>
<trkpt lat="37.085824" lon="-121.868993"><ele>493.3</ele><time>2021-06-20T15:38:28Z</time></trkpt>
<trkpt lat="37.085786" lon="-121.868924"><ele>493.7</ele><time>2021-06-20T15:38:34Z</time></trkpt>
<trkpt lat="37.085758" lon="-121.868943"><ele>493.9</ele><time>2021-06-20T15:38:35Z</time></trkpt>
<trkpt lat="37.085860" lon="-121.868811"><ele>494.6</ele><time>2021-06-20T15:38:42Z</time></trkpt>
<trkpt lat="37.085879" lon="-121.868723"><ele>494.9</ele><time>2021-06-20T15:38:44Z</time></trkpt>
<trkpt lat="37.085865" lon="-121.868745"><ele>495.0</ele><time>2021-06-20T15:38:47Z</time></trkpt>
<trkpt lat="37.085848" lon="-121.868647"><ele>495.3</ele><time>2021-06-20T15:38:50Z</time></trkpt>
<trkpt lat="37.085811" lon="-121.868695"><ele>495.5</ele><time>2021-06-20T15:38:51Z</time></trkpt>
<trkpt lat="37.085847" lon="-121.868463"><ele>496.2</ele><time>2021-06-20T15:38:57Z</time></trkpt>
<trkpt lat="37.085821" lon="-121.868389"><ele>496.5</ele><time>2021-06-20T15:39:00Z</time></trkpt>
<trkpt lat="37.085938" lon="-121.868252"><ele>497.3</ele><time>2021-06-20T15:39:04Z</time></trkpt>
<trkpt lat="37.085954" lon="-121.868099"><ele>497.9</ele><time>2021-06-20T15:39:08Z</time></trkpt>
<trkpt lat="37.085831" lon="-121.868046"><ele>498.7</ele><time>2021-06-20T15:39:16Z</time></trkpt>
<trkpt lat="37.085858" lon="-121.867962"><ele>499.1</ele><time>2021-06-20T15:39:18Z</time></trkpt>
<trkpt lat="37.085759" lon="-121.867908"><ele>499.8</ele><time>2021-06-20T15:39:22Z</time></trkpt>
<trkpt lat="37.085758" lon="-121.867847"><ele>500.0</ele><time>2021-06-20T15:39:25Z</time></trkpt>
<trkpt lat="37.085803" lon="-121.867803"><ele>500.4</ele><time>2021-06-20T15:39:27Z</time></trkpt>
<trkpt lat="37.085728" lon="-121.867714"><ele>501.1</ele><time>2021-06-20T15:39:32Z</time></trkpt>
<trkpt lat="37.085767" lon="-121.867668"><ele>501.5</ele><time>2021-06-20T15:39:35Z</time></trkpt>
<trkpt lat="37.085586" lon="-121.867544"><ele>503.0</ele><time>2021-06-20T15:39:44Z</time></trkpt>
<trkpt lat="37.085653" lon="-121.867418"><ele>503.9</ele><time>2021-06-20T15:39:47Z</time></trkpt>
<trkpt lat="37.085617" lon="-121.867366"><ele>504.3</ele><time>2021-06-20T15:39:52Z</time></trkpt>
<trkpt lat="37.085535" lon="-121.867402"><ele>504.8</ele><time>2021-06-20T15:39:54Z</time></trkpt>
<trkpt lat="37.085595" lon="-121.867293"><ele>505.4</ele><time>2021-06-20T15:39:56Z</time></trkpt>
<trkpt lat="37.085558" lon="-121.867276"><ele>505.6</ele><time>2021-06-20T15:39:59Z</time></trkpt>
<trkpt lat="37.085542" lon="-121.867303"><ele>505.7</ele><time>2021-06-20T15:40:00Z</time></trkpt>
<trkpt lat="37.085514" lon="-121.867137"><ele>506.2</ele><time>2021-06-20T15:40:11Z</time></trkpt>
<trkpt lat="37.085459" lon="-121.867118"><ele>506.3</ele><time>2021-06-20T15:40:15Z</time></trkpt>
<trkpt lat="37.085358" lon="-121.867225"><ele>506.6</ele><time>2021-06-20T15:40:30Z</time></trkpt>
<trkpt lat="37.085415" lon="-121.867196"><ele>506.6</ele><time>2021-06-20T15:40:31Z</time></trkpt>
<trkpt lat="37.085426" lon="-121.867245"><ele>506.7</ele><time>2021-06-20T15:40:32Z</time></trkpt>
<trkpt lat="37.085524" lon="-121.867125"><ele>506.9</ele><time>2021-06-20T15:40:35Z</time></trkpt>
<trkpt lat="37.085595" lon="-121.867117"><ele>507.0</ele><time>2021-06-20T15:40:38Z</time></trkpt>
<trkpt lat="37.085548" lon="-121.867146"><ele>507.1</ele><time>2021-06-20T15:40:42Z</time></trkpt>
<trkpt lat="37.085578" lon="-121.867100"><ele>507.2</ele><time>2021-06-20T15:40:44Z</time></trkpt>
<trkpt lat="37.085536" lon="-121.867094"><ele>507.3</ele><time>2021-06-20T15:40:48Z</time></trkpt>
<trkpt lat="37.085553" lon="-121.867153"><ele>507.5</ele><time>2021-06-20T15:40:52Z</time></trkpt>
<trkpt lat="37.085607" lon="-121.867122"><ele>507.7</ele><time>2021-06-20T15:40:55Z</time></trkpt>
<trkpt lat="37.085625" lon="-121.867149"><ele>507.8</ele><time>2021-06-20T15:40:57Z</time></trkpt>
<trkpt lat="37.085497" lon="-121.867099"><ele>508.2</ele><time>2021-06-20T15:41:05Z</time></trkpt>
<trkpt lat="37.085518" lon="-121.867069"><ele>508.4</ele><time>2021-06-20T15:41:06Z</time></trkpt>
<trkpt lat="37.085453" lon="-121.866948"><ele>508.8</ele><time>2021-06-20T15:41:12Z</time></trkpt>
<trkpt lat="37.085378" lon="-121.866887"><ele>509.2</ele><time>2021-06-20T15:41:16Z</time></trkpt>
<trkpt lat="37.085336" lon="-121.866757"><ele>509.7</ele><time>2021-06-20T15:41:18Z</time></trkpt>
<trkpt lat="37.085437" lon="-121.866524"><ele>510.7</ele><time>2021-06-20T15:41:19Z</time></trkpt>
<trkpt lat="37.085345" lon="-121.866483"><ele>511.1</ele><time>2021-06-20T15:41:22Z</time></trkpt>
<trkpt lat="37.085282" lon="-121.866354"><ele>511.6</ele><time>2021-06-20T15:41:28Z</time></trkpt>
<trkpt lat="37.085341" lon="-121.866319"><ele>511.9</ele><time>2021-06-20T15:41:30Z</time></trkpt>
<trkpt lat="37.085336" lon="-121.866138"><ele>512.5</ele><time>2021-06-20T15:41:33Z</time></trkpt>
<trkpt lat="37.085382" lon="-121.866156"><ele>512.7</ele><time>2021-06-20T15:41:35Z</time></trkpt>
<trkpt lat="37.085355" lon="-121.866119"><ele>512.9</ele><time>2021-06-20T15:41:38Z</time></trkpt>
<trkpt lat="37.085359" lon="-121.865873"><ele>513.7</ele><time>2021-06-20T15:41:45Z</time></trkpt>
<trkpt lat="37.085329" lon="-121.865857"><ele>513.9</ele><time>2021-06-20T15:41:46Z</time></trkpt>
<trkpt lat="37.085334" lon="-121.865792"><ele>514.1</ele><time>2021-06-20T15:41:49Z</time></trkpt>
<trkpt lat="37.085240" lon="-121.865749"><ele>514.6</ele><time>2021-06-20T15:41:53Z</time></trkpt>
<trkpt lat="37.085120" lon="-121.865497"><ele>515.7</ele><time>2021-06-20T15:42:01Z</time></trkpt>
<trkpt lat="37.085151" lon="-121.865482"><ele>515.8</ele><time>2021-06-20T15:42:03Z</time></trkpt>
<trkpt lat="37.085130" lon="-121.865463"><ele>515.9</ele><time>2021-06-20T15:42:04Z</time></trkpt>
<trkpt lat="37.085143" lon="-121.865385"><ele>516.2</ele><time>2021-06-20T15:42:06Z</time></trkpt>
<trkpt lat="37.085198" lon="-121.865216"><ele>516.7</ele><time>2021-06-20T15:42:09Z</time></trkpt>
<trkpt lat="37.085164" lon="-121.865053"><ele>517.3</ele><time>2021-06-20T15:42:15Z</time></trkpt>
<trkpt lat="37.085030" lon="-121.865030"><ele>517.9</ele><time>2021-06-20T15:42:21Z</time></trkpt>
<trkpt lat="37.084973" lon="-121.865079"><ele>518.3</ele><time>2021-06-20T15:42:23Z</time></trkpt>
<trkpt lat="37.084897" lon="-121.865003"><ele>518.8</ele><time>2021-06-20T15:42:28Z</time></trkpt>
<trkpt lat="37.084826" lon="-121.865039"><ele>519.4</ele><time>2021-06-20T15:42:33Z</time></trkpt>
<trkpt lat="37.084799" lon="-121.865001"><ele>519.6</ele><time>2021-06-20T15:42:35Z</time></trkpt>
<trkpt lat="37.084858" lon="-121.864951"><ele>520.0</ele><time>2021-06-20T15:42:37Z</time></trkpt>
<trkpt lat="37.084851" lon="-121.864877"><ele>520.4</ele><time>2021-06-20T15:42:38Z</time></trkpt>
<trkpt lat="37.084877" lon="-121.864854"><ele>520.5</ele><time>2021-06-20T15:42:39Z</time></trkpt>
<trkpt lat="37.084873" lon="-121.864522"><ele>521.8</ele><time>2021-06-20T15:42:49Z</time></trkpt>
<trkpt lat="37.084936" lon="-121.864291"><ele>522.5</ele><time>2021-06-20T15:42:52Z</time></trkpt>
<trkpt lat="37.084851" lon="-121.864355"><ele>522.8</ele><time>2021-06-20T15:42:53Z</time></trkpt>
<trkpt lat="37.084775" lon="-121.864242"><ele>523.1</ele><time>2021-06-20T15:42:58Z</time></trkpt>
<trkpt lat="37.084821" lon="-121.864218"><ele>523.3</ele><time>2021-06-20T15:42:59Z</time></trkpt>
<trkpt lat="37.084753" lon="-121.864155"><ele>523.5</ele><time>2021-06-20T15:43:02Z</time></trkpt>
<trkpt lat="37.084747" lon="-121.864089"><ele>523.7</ele><time>2021-06-20T15:43:06Z</time></trkpt>
<trkpt lat="37.084694" lon="-121.864090"><ele>523.9</ele><time>2021-06-20T15:43:07Z</time></trkpt>
<trkpt lat="37.084683" lon="-121.864047"><ele>524.0</ele><time>2021-06-20T15:43:09Z</time></trkpt>
<trkpt lat="37.084656" lon="-121.864051"><ele>524.1</ele><time>2021-06-20T15:43:10Z</time></trkpt>
<trkpt lat="37.084692" lon="-121.864029"><ele>524.2</ele><time>2021-06-20T15:43:11Z</time></trkpt>
<trkpt lat="37.084675" lon="-121.863994"><ele>524.3</ele><time>2021-06-20T15:43:13Z</time></trkpt>
<trkpt lat="37.084591" lon="-121.863953"><ele>524.5</ele><time>2021-06-20T15:43:16Z</time></trkpt>
<trkpt lat="37.084432" lon="-121.863774"><ele>524.9</ele><time>2021-06-20T15:43:23Z</time></trkpt>
<trkpt lat="37.084556" lon="-121.863436"><ele>524.9</ele><time>2021-06-20T15:43:30Z</time></trkpt>
<trkpt lat="37.084348" lon="-121.863192"><ele>524.4</ele><time>2021-06-20T15:43:40Z</time></trkpt>
<trkpt lat="37.084402" lon="-121.863149"><ele>524.2</ele><time>2021-06-20T15:43:41Z</time></trkpt>
<trkpt lat="37.084377" lon="-121.863000"><ele>523.8</ele><time>2021-06-20T15:43:45Z</time></trkpt>
<trkpt lat="37.084309" lon="-121.862936"><ele>523.5</ele><time>2021-06-20T15:43:48Z</time></trkpt>
<trkpt lat="37.084330" lon="-121.862892"><ele>523.4</ele><time>2021-06-20T15:43:49Z</time></trkpt>
<trkpt lat="37.084309" lon="-121.862851"><ele>523.3</ele><time>2021-06-20T15:43:50Z</time></trkpt>
<trkpt lat="37.084204" lon="-121.862786"><ele>523.0</ele><time>2021-06-20T15:43:54Z</time></trkpt>
<trkpt lat="37.084226" lon="-121.862694"><ele>522.8</ele><time>2021-06-20T15:43:56Z</time></trkpt>
<trkpt lat="37.084447" lon="-121.862357"><ele>522.1</ele><time>2021-06-20T15:43:58Z</time></trkpt>
<trkpt lat="37.084161" lon="-121.861781"><ele>521.6</ele><time>2021-06-20T15:44:06Z</time></trkpt>
<trkpt lat="37.084123" lon="-121.861603"><ele>521.6</ele><time>2021-06-20T15:44:09Z</time></trkpt>
<trkpt lat="37.084137" lon="-121.861380"><ele>521.7</ele><time>2021-06-20T15:44:13Z</time></trkpt>
<trkpt lat="37.084130" lon="-121.861504"><ele>521.7</ele><time>2021-06-20T15:44:14Z</time></trkpt>
<trkpt lat="37.084115" lon="-121.861467"><ele>521.8</ele><time>2021-06-20T15:44:15Z</time></trkpt>
<trkpt lat="37.084140" lon="-121.861406"><ele>521.8</ele><time>2021-06-20T15:44:18Z</time></trkpt>
<trkpt lat="37.084075" lon="-121.861283"><ele>521.9</ele><time>2021-06-20T15:44:20Z</time></trkpt>
<trkpt lat="37.084035" lon="-121.861280"><ele>521.9</ele><time>2021-06-20T15:44:21Z</time></trkpt>
<trkpt lat="37.084069" lon="-121.861216"><ele>521.9</ele><time>2021-06-20T15:44:22Z</time></trkpt>
<trkpt lat="37.084057" lon="-121.861095"><ele>521.9</ele><time>2021-06-20T15:44:25Z</time></trkpt>
<trkpt lat="37.084087" lon="-121.860961"><ele>521.8</ele><time>2021-06-20T15:44:28Z</time></trkpt>
<trkpt lat="37.084080" lon="-121.860923"><ele>521.7</ele><time>2021-06-20T15:44:29Z</time></trkpt>
<trkpt lat="37.084000" lon="-121.860879"><ele>521.5</ele><time>2021-06-20T15:44:31Z</time></trkpt>
<trkpt lat="37.084068" lon="-121.860763"><ele>521.3</ele><time>2021-06-20T15:44:34Z</time></trkpt>
<trkpt lat="37.083983" lon="-121.860682"><ele>521.0</ele><time>2021-06-20T15:44:37Z</time></trkpt>
<trkpt lat="37.083913" lon="-121.860663"><ele>520.9</ele><time>2021-06-20T15:44:38Z</time></trkpt>
<trkpt lat="37.083916" lon="-121.860514"><ele>520.6</ele><time>2021-06-20T15:44:41Z</time></trkpt>
<trkpt lat="37.083848" lon="-121.860362"><ele>520.2</ele><time>2021-06-20T15:44:44Z</time></trkpt>
<trkpt lat="37.083877" lon="-121.859998"><ele>519.6</ele><time>2021-06-20T15:44:46Z</time></trkpt>
<trkpt lat="37.083801" lon="-121.859829"><ele>519.4</ele><time>2021-06-20T15:44:47Z</time></trkpt>
<trkpt lat="37.083863" lon="-121.859600"><ele>519.3</ele><time>2021-06-20T15:44:48Z</time></trkpt>
<trkpt lat="37.083731" lon="-121.859315"><ele>519.0</ele><time>2021-06-20T15:44:55Z</time></trkpt>
<trkpt lat="37.083741" lon="-121.859273"><ele>519.0</ele><time>2021-06-20T15:44:57Z</time></trkpt>
<trkpt lat="37.083632" lon="-121.859143"><ele>518.8</ele><time>2021-06-20T15:44:59Z</time></trkpt>
<trkpt lat="37.083587" lon="-121.859000"><ele>518.7</ele><time>2021-06-20T15:45:01Z</time></trkpt>
<trkpt lat="37.083526" lon="-121.858954"><ele>518.6</ele><time>2021-06-20T15:45:02Z</time></trkpt>
<trkpt lat="37.083394" lon="-121.858633"><ele>518.3</ele><time>2021-06-20T15:45:08Z</time></trkpt>
<trkpt lat="37.083436" lon="-121.858582"><ele>518.2</ele><time>2021-06-20T15:45:09Z</time></trkpt>
<trkpt lat="37.083554" lon="-121.858223"><ele>517.7</ele><time>2021-06-20T15:45:12Z</time></trkpt>
<trkpt lat="37.083491" lon="-121.858145"><ele>517.5</ele><time>2021-06-20T15:45:13Z</time></trkpt>
<trkpt lat="37.083469" lon="-121.858044"><ele>517.4</ele><time>2021-06-20T15:45:16Z</time></trkpt>
<trkpt lat="37.083414" lon="-121.858036"><ele>517.3</ele><time>2021-06-20T15:45:17Z</time></trkpt>
<trkpt lat="37.083385" lon="-121.857922"><ele>517.1</ele><time>2021-06-20T15:45:20Z</time></trkpt>
<trkpt lat="37.083234" lon="-121.857653"><ele>516.7</ele><time>2021-06-20T15:45:25Z</time></trkpt>
<trkpt lat="37.083228" lon="-121.857602"><ele>516.7</ele><time>2021-06-20T15:45:26Z</time></trkpt>
<trkpt lat="37.083372" lon="-121.857381"><ele>516.3</ele><time>2021-06-20T15:45:27Z</time></trkpt>
<trkpt lat="37.083411" lon="-121.857219"><ele>516.1</ele><time>2021-06-20T15:45:29Z</time></trkpt>
<trkpt lat="37.083345" lon="-121.856690"><ele>514.9</ele><time>2021-06-20T15:45:34Z</time></trkpt>
<trkpt lat="37.083294" lon="-121.856661"><ele>514.7</ele><time>2021-06-20T15:45:35Z</time></trkpt>
<trkpt lat="37.083363" lon="-121.856540"><ele>514.3</ele><time>2021-06-20T15:45:36Z</time></trkpt>
<trkpt lat="37.083303" lon="-121.856395"><ele>513.8</ele><time>2021-06-20T15:45:39Z</time></trkpt>
<trkpt lat="37.083353" lon="-121.856067"><ele>512.9</ele><time>2021-06-20T15:45:42Z</time></trkpt>
<trkpt lat="37.083414" lon="-121.855940"><ele>512.3</ele><time>2021-06-20T15:45:43Z</time></trkpt>
<trkpt lat="37.083417" lon="-121.855869"><ele>512.1</ele><time>2021-06-20T15:45:44Z</time></trkpt>
<trkpt lat="37.083382" lon="-121.855706"><ele>511.5</ele><time>2021-06-20T15:45:47Z</time></trkpt>
<trkpt lat="37.083221" lon="-121.855618"><ele>510.9</ele><time>2021-06-20T15:45:48Z</time></trkpt>
<trkpt lat="37.083199" lon="-121.855420"><ele>510.5</ele><time>2021-06-20T15:45:51Z</time></trkpt>
<trkpt lat="37.083103" lon="-121.855205"><ele>510.2</ele><time>2021-06-20T15:45:55Z</time></trkpt>
<trkpt lat="37.083116" lon="-121.854994"><ele>510.0</ele><time>2021-06-20T15:45:58Z</time></trkpt>
<trkpt lat="37.083093" lon="-121.854820"><ele>509.9</ele><time>2021-06-20T15:46:02Z</time></trkpt>
<trkpt lat="37.083172" lon="-121.854696"><ele>509.9</ele><time>2021-06-20T15:46:04Z</time></trkpt>
<trkpt lat="37.083027" lon="-121.854585"><ele>509.9</ele><time>2021-06-20T15:46:08Z</time></trkpt>
<trkpt lat="37.083007" lon="-121.854179"><ele>510.0</ele><time>2021-06-20T15:46:12Z</time></trkpt>
<trkpt lat="37.082812" lon="-121.853754"><ele>510.1</ele><time>2021-06-20T15:46:21Z</time></trkpt>
<trkpt lat="37.082565" lon="-121.853367"><ele>510.3</ele><time>2021-06-20T15:46:35Z</time></trkpt>
<trkpt lat="37.082688" lon="-121.853290"><ele>510.2</ele><time>2021-06-20T15:46:42Z</time></trkpt>
<trkpt lat="37.082599" lon="-121.853315"><ele>510.2</ele><time>2021-06-20T15:46:46Z</time></trkpt>
<trkpt lat="37.082547" lon="-121.853272"><ele>510.1</ele><time>2021-06-20T15:46:50Z</time></trkpt>
<trkpt lat="37.082488" lon="-121.853277"><ele>510.0</ele><time>2021-06-20T15:46:51Z</time></trkpt>
<trkpt lat="37.082464" lon="-121.853205"><ele>509.9</ele><time>2021-06-20T15:46:53Z</time></trkpt>
<trkpt lat="37.082383" lon="-121.853182"><ele>509.8</ele><time>2021-06-20T15:46:54Z</time></trkpt>
<trkpt lat="37.082334" lon="-121.853126"><ele>509.7</ele><time>2021-06-20T15:46:55Z</time></trkpt>
<trkpt lat="37.082320" lon="-121.852879"><ele>509.6</ele><time>2021-06-20T15:46:59Z</time></trkpt>
<trkpt lat="37.082241" lon="-121.852851"><ele>509.6</ele><time>2021-06-20T15:47:00Z</time></trkpt>
<trkpt lat="37.082265" lon="-121.852808"><ele>509.6</ele><time>2021-06-20T15:47:01Z</time></trkpt>
<trkpt lat="37.082143" lon="-121.852736"><ele>509.5</ele><time>2021-06-20T15:47:07Z</time></trkpt>
<trkpt lat="37.082054" lon="-121.852565"><ele>509.5</ele><time>2021-06-20T15:47:12Z</time></trkpt>
<trkpt lat="37.082070" lon="-121.852416"><ele>509.4</ele><time>2021-06-20T15:47:15Z</time></trkpt>
<trkpt lat="37.081943" lon="-121.852188"><ele>509.2</ele><time>2021-06-20T15:47:19Z</time></trkpt>
<trkpt lat="37.081905" lon="-121.852012"><ele>509.0</ele><time>2021-06-20T15:47:22Z</time></trkpt>
<trkpt lat="37.081853" lon="-121.851969"><ele>508.9</ele><time>2021-06-20T15:47:24Z</time></trkpt>
<trkpt lat="37.081749" lon="-121.851959"><ele>508.8</ele><time>2021-06-20T15:47:25Z</time></trkpt>
<trkpt lat="37.081739" lon="-121.851912"><ele>508.7</ele><time>2021-06-20T15:47:26Z</time></trkpt>
<trkpt lat="37.081702" lon="-121.851914"><ele>508.7</ele><time>2021-06-20T15:47:27Z</time></trkpt>
<trkpt lat="37.081701" lon="-121.851847"><ele>508.6</ele><time>2021-06-20T15:47:29Z</time></trkpt>
<trkpt lat="37.081491" lon="-121.851730"><ele>508.4</ele><time>2021-06-20T15:47:39Z</time></trkpt>
<trkpt lat="37.081497" lon="-121.851567"><ele>508.3</ele><time>2021-06-20T15:47:42Z</time></trkpt>
<trkpt lat="37.081458" lon="-121.851468"><ele>508.2</ele><time>2021-06-20T15:47:44Z</time></trkpt>
<trkpt lat="37.081478" lon="-121.851404"><ele>508.1</ele><time>2021-06-20T15:47:45Z</time></trkpt>
<trkpt lat="37.081443" lon="-121.851289"><ele>507.8</ele><time>2021-06-20T15:47:46Z</time></trkpt>
<trkpt lat="37.081376" lon="-121.851201"><ele>507.6</ele><time>2021-06-20T15:47:48Z</time></trkpt>
<trkpt lat="37.081485" lon="-121.851043"><ele>506.7</ele><time>2021-06-20T15:47:49Z</time></trkpt>
<trkpt lat="37.081558" lon="-121.850993"><ele>506.7</ele><time>2021-06-20T15:47:50Z</time></trkpt>
<trkpt lat="37.081610" lon="-121.850921"><ele>502.3</ele><time>2021-06-20T15:47:51Z</time></trkpt>
<trkpt lat="37.081760" lon="-121.850755"><ele>502.0</ele><time>2021-06-20T15:47:54Z</time></trkpt>
<trkpt lat="37.081745" lon="-121.850658"><ele>502.0</ele><time>2021-06-20T15:47:57Z</time></trkpt>
<trkpt lat="37.081770" lon="-121.850619"><ele>502.0</ele><time>2021-06-20T15:47:59Z</time></trkpt>
<trkpt lat="37.081695" lon="-121.850426"><ele>501.9</ele><time>2021-06-20T15:48:03Z</time></trkpt>
<trkpt lat="37.081508" lon="-121.850112"><ele>501.9</ele><time>2021-06-20T15:48:11Z</time></trkpt>
<trkpt lat="37.081539" lon="-121.850013"><ele>501.9</ele><time>2021-06-20T15:48:12Z</time></trkpt>
<trkpt lat="37.081471" lon="-121.850025"><ele>501.9</ele><time>2021-06-20T15:48:13Z</time></trkpt>
<trkpt lat="37.081381" lon="-121.849983"><ele>502.0</ele><time>2021-06-20T15:48:15Z</time></trkpt>
<trkpt lat="37.081284" lon="-121.849677"><ele>502.2</ele><time>2021-06-20T15:48:20Z</time></trkpt>
<trkpt lat="37.081251" lon="-121.849665"><ele>502.3</ele><time>2021-06-20T15:48:21Z</time></trkpt>
<trkpt lat="37.081196" lon="-121.849515"><ele>502.4</ele><time>2021-06-20T15:48:26Z</time></trkpt>
<trkpt lat="37.081225" lon="-121.849457"><ele>502.5</ele><time>2021-06-20T15:48:29Z</time></trkpt>
<trkpt lat="37.081256" lon="-121.849470"><ele>502.5</ele><time>2021-06-20T15:48:32Z</time></trkpt>
<trkpt lat="37.081274" lon="-121.849390"><ele>502.7</ele><time>2021-06-20T15:48:36Z</time></trkpt>
<trkpt lat="37.081282" lon="-121.849427"><ele>502.7</ele><time>2021-06-20T15:48:38Z</time></trkpt>
<trkpt lat="37.081310" lon="-121.849400"><ele>502.7</ele><time>2021-06-20T15:48:39Z</time></trkpt>
<trkpt lat="37.081278" lon="-121.849440"><ele>502.8</ele><time>2021-06-20T15:48:40Z</time></trkpt>
</trkseg></trk>
</gpx>
