<?xml version="1.0" encoding="UTF-8"?>
<gpx version="1.1" creator="Eric Sichak trip reports" xmlns="http://www.topografix.com/GPX/1/1">
<metadata><name>Back to clipless</name><time>2021-12-11T15:06:37Z</time></metadata>
<trk><name>Back to clipless</name><type>mtb</type><trkseg>
<trkpt lat="37.081133" lon="-121.849208"><ele>503.7</ele><time>2021-12-11T15:06:37Z</time></trkpt>
<trkpt lat="37.081223" lon="-121.849457"><ele>503.6</ele><time>2021-12-11T15:06:41Z</time></trkpt>
<trkpt lat="37.081570" lon="-121.849372"><ele>503.0</ele><time>2021-12-11T15:06:51Z</time></trkpt>
<trkpt lat="37.081673" lon="-121.849371"><ele>502.8</ele><time>2021-12-11T15:06:53Z</time></trkpt>
<trkpt lat="37.081714" lon="-121.849432"><ele>502.7</ele><time>2021-12-11T15:06:54Z</time></trkpt>
<trkpt lat="37.081737" lon="-121.849513"><ele>502.6</ele><time>2021-12-11T15:06:55Z</time></trkpt>
<trkpt lat="37.081664" lon="-121.849839"><ele>502.3</ele><time>2021-12-11T15:06:56Z</time></trkpt>
<trkpt lat="37.081694" lon="-121.849974"><ele>502.3</ele><time>2021-12-11T15:06:58Z</time></trkpt>
<trkpt lat="37.081848" lon="-121.850249"><ele>502.3</ele><time>2021-12-11T15:07:03Z</time></trkpt>
<trkpt lat="37.081939" lon="-121.850353"><ele>502.4</ele><time>2021-12-11T15:07:04Z</time></trkpt>
<trkpt lat="37.081985" lon="-121.850359"><ele>502.4</ele><time>2021-12-11T15:07:05Z</time></trkpt>
<trkpt lat="37.082044" lon="-121.850507"><ele>502.4</ele><time>2021-12-11T15:07:07Z</time></trkpt>
<trkpt lat="37.082065" lon="-121.850669"><ele>502.4</ele><time>2021-12-11T15:07:08Z</time></trkpt>
<trkpt lat="37.081928" lon="-121.850727"><ele>503.1</ele><time>2021-12-11T15:07:09Z</time></trkpt>
<trkpt lat="37.081859" lon="-121.850814"><ele>504.0</ele><time>2021-12-11T15:07:11Z</time></trkpt>
<trkpt lat="37.081871" lon="-121.850858"><ele>504.4</ele><time>2021-12-11T15:07:12Z</time></trkpt>
<trkpt lat="37.081764" lon="-121.850907"><ele>507.6</ele><time>2021-12-11T15:07:15Z</time></trkpt>
<trkpt lat="37.081732" lon="-121.851024"><ele>508.0</ele><time>2021-12-11T15:07:18Z</time></trkpt>
<trkpt lat="37.081703" lon="-121.851042"><ele>508.1</ele><time>2021-12-11T15:07:19Z</time></trkpt>
<trkpt lat="37.081774" lon="-121.851230"><ele>508.6</ele><time>2021-12-11T15:07:26Z</time></trkpt>
<trkpt lat="37.081775" lon="-121.851321"><ele>508.8</ele><time>2021-12-11T15:07:29Z</time></trkpt>
<trkpt lat="37.082137" lon="-121.851864"><ele>509.2</ele><time>2021-12-11T15:07:49Z</time></trkpt>
<trkpt lat="37.082225" lon="-121.852162"><ele>509.6</ele><time>2021-12-11T15:07:53Z</time></trkpt>
<trkpt lat="37.082339" lon="-121.852270"><ele>509.8</ele><time>2021-12-11T15:07:57Z</time></trkpt>
<trkpt lat="37.082423" lon="-121.852560"><ele>510.0</ele><time>2021-12-11T15:08:03Z</time></trkpt>
<trkpt lat="37.082506" lon="-121.853080"><ele>510.1</ele><time>2021-12-11T15:08:11Z</time></trkpt>
<trkpt lat="37.082636" lon="-121.853365"><ele>510.1</ele><time>2021-12-11T15:08:17Z</time></trkpt>
<trkpt lat="37.082576" lon="-121.853352"><ele>510.2</ele><time>2021-12-11T15:08:19Z</time></trkpt>
<trkpt lat="37.082526" lon="-121.853290"><ele>510.4</ele><time>2021-12-11T15:08:21Z</time></trkpt>
<trkpt lat="37.082566" lon="-121.853374"><ele>510.5</ele><time>2021-12-11T15:08:26Z</time></trkpt>
<trkpt lat="37.082554" lon="-121.853405"><ele>510.5</ele><time>2021-12-11T15:08:28Z</time></trkpt>
<trkpt lat="37.082626" lon="-121.853444"><ele>510.6</ele><time>2021-12-11T15:08:33Z</time></trkpt>
<trkpt lat="37.082670" lon="-121.853546"><ele>510.7</ele><time>2021-12-11T15:08:35Z</time></trkpt>
<trkpt lat="37.082785" lon="-121.853617"><ele>510.7</ele><time>2021-12-11T15:08:36Z</time></trkpt>
<trkpt lat="37.082891" lon="-121.853750"><ele>510.7</ele><time>2021-12-11T15:08:39Z</time></trkpt>
<trkpt lat="37.083074" lon="-121.853904"><ele>510.7</ele><time>2021-12-11T15:08:44Z</time></trkpt>
<trkpt lat="37.083184" lon="-121.853954"><ele>510.6</ele><time>2021-12-11T15:08:47Z</time></trkpt>
<trkpt lat="37.083204" lon="-121.854200"><ele>510.5</ele><time>2021-12-11T15:08:53Z</time></trkpt>
<trkpt lat="37.083278" lon="-121.854330"><ele>510.6</ele><time>2021-12-11T15:08:56Z</time></trkpt>
<trkpt lat="37.083347" lon="-121.854660"><ele>510.6</ele><time>2021-12-11T15:09:01Z</time></trkpt>
<trkpt lat="37.083310" lon="-121.854882"><ele>510.4</ele><time>2021-12-11T15:09:03Z</time></trkpt>
<trkpt lat="37.083433" lon="-121.855135"><ele>510.5</ele><time>2021-12-11T15:09:06Z</time></trkpt>
<trkpt lat="37.083427" lon="-121.855200"><ele>510.6</ele><time>2021-12-11T15:09:07Z</time></trkpt>
<trkpt lat="37.083483" lon="-121.855348"><ele>510.8</ele><time>2021-12-11T15:09:10Z</time></trkpt>
<trkpt lat="37.083481" lon="-121.855472"><ele>510.9</ele><time>2021-12-11T15:09:12Z</time></trkpt>
<trkpt lat="37.083551" lon="-121.855652"><ele>511.2</ele><time>2021-12-11T15:09:15Z</time></trkpt>
<trkpt lat="37.083527" lon="-121.855803"><ele>511.6</ele><time>2021-12-11T15:09:17Z</time></trkpt>
<trkpt lat="37.083614" lon="-121.855932"><ele>512.2</ele><time>2021-12-11T15:09:19Z</time></trkpt>
<trkpt lat="37.083610" lon="-121.856029"><ele>512.6</ele><time>2021-12-11T15:09:21Z</time></trkpt>
<trkpt lat="37.083664" lon="-121.856083"><ele>512.9</ele><time>2021-12-11T15:09:22Z</time></trkpt>
<trkpt lat="37.083630" lon="-121.856188"><ele>513.4</ele><time>2021-12-11T15:09:24Z</time></trkpt>
<trkpt lat="37.083528" lon="-121.856280"><ele>514.0</ele><time>2021-12-11T15:09:26Z</time></trkpt>
<trkpt lat="37.083565" lon="-121.856358"><ele>514.3</ele><time>2021-12-11T15:09:27Z</time></trkpt>
<trkpt lat="37.083643" lon="-121.856345"><ele>514.6</ele><time>2021-12-11T15:09:28Z</time></trkpt>
<trkpt lat="37.083700" lon="-121.856384"><ele>514.9</ele><time>2021-12-11T15:09:30Z</time></trkpt>
<trkpt lat="37.083698" lon="-121.856437"><ele>515.1</ele><time>2021-12-11T15:09:32Z</time></trkpt>
<trkpt lat="37.083646" lon="-121.856486"><ele>515.3</ele><time>2021-12-11T15:09:34Z</time></trkpt>
<trkpt lat="37.083797" lon="-121.856707"><ele>516.1</ele><time>2021-12-11T15:09:41Z</time></trkpt>
<trkpt lat="37.083728" lon="-121.856766"><ele>516.4</ele><time>2021-12-11T15:09:45Z</time></trkpt>
<trkpt lat="37.083783" lon="-121.856800"><ele>516.6</ele><time>2021-12-11T15:09:48Z</time></trkpt>
<trkpt lat="37.083826" lon="-121.856919"><ele>516.8</ele><time>2021-12-11T15:09:51Z</time></trkpt>
<trkpt lat="37.083791" lon="-121.856949"><ele>516.9</ele><time>2021-12-11T15:09:53Z</time></trkpt>
<trkpt lat="37.083823" lon="-121.856943"><ele>516.9</ele><time>2021-12-11T15:09:54Z</time></trkpt>
<trkpt lat="37.083822" lon="-121.856989"><ele>517.0</ele><time>2021-12-11T15:09:55Z</time></trkpt>
<trkpt lat="37.083767" lon="-121.857033"><ele>517.1</ele><time>2021-12-11T15:09:57Z</time></trkpt>
<trkpt lat="37.083778" lon="-121.857219"><ele>517.3</ele><time>2021-12-11T15:10:01Z</time></trkpt>
<trkpt lat="37.083749" lon="-121.857329"><ele>517.5</ele><time>2021-12-11T15:10:03Z</time></trkpt>
<trkpt lat="37.083786" lon="-121.857429"><ele>517.7</ele><time>2021-12-11T15:10:05Z</time></trkpt>
<trkpt lat="37.083880" lon="-121.857515"><ele>517.9</ele><time>2021-12-11T15:10:09Z</time></trkpt>
<trkpt lat="37.083988" lon="-121.857988"><ele>518.4</ele><time>2021-12-11T15:10:19Z</time></trkpt>
<trkpt lat="37.083858" lon="-121.858213"><ele>518.8</ele><time>2021-12-11T15:10:25Z</time></trkpt>
<trkpt lat="37.083794" lon="-121.858478"><ele>519.1</ele><time>2021-12-11T15:10:30Z</time></trkpt>
<trkpt lat="37.083967" lon="-121.858725"><ele>519.5</ele><time>2021-12-11T15:10:37Z</time></trkpt>
<trkpt lat="37.084007" lon="-121.859129"><ele>520.0</ele><time>2021-12-11T15:10:44Z</time></trkpt>
<trkpt lat="37.084041" lon="-121.859198"><ele>520.1</ele><time>2021-12-11T15:10:45Z</time></trkpt>
<trkpt lat="37.084044" lon="-121.859335"><ele>520.1</ele><time>2021-12-11T15:10:48Z</time></trkpt>
<trkpt lat="37.084001" lon="-121.859386"><ele>520.2</ele><time>2021-12-11T15:10:49Z</time></trkpt>
<trkpt lat="37.084007" lon="-121.859571"><ele>520.2</ele><time>2021-12-11T15:10:52Z</time></trkpt>
<trkpt lat="37.083934" lon="-121.859608"><ele>520.3</ele><time>2021-12-11T15:10:53Z</time></trkpt>
<trkpt lat="37.083883" lon="-121.859704"><ele>520.4</ele><time>2021-12-11T15:10:56Z</time></trkpt>
<trkpt lat="37.083925" lon="-121.859979"><ele>520.8</ele><time>2021-12-11T15:11:00Z</time></trkpt>
<trkpt lat="37.084096" lon="-121.860474"><ele>522.0</ele><time>2021-12-11T15:11:12Z</time></trkpt>
<trkpt lat="37.084195" lon="-121.860559"><ele>522.3</ele><time>2021-12-11T15:11:16Z</time></trkpt>
<trkpt lat="37.084262" lon="-121.860727"><ele>522.6</ele><time>2021-12-11T15:11:19Z</time></trkpt>
<trkpt lat="37.084319" lon="-121.860763"><ele>522.7</ele><time>2021-12-11T15:11:21Z</time></trkpt>
<trkpt lat="37.084357" lon="-121.860849"><ele>522.9</ele><time>2021-12-11T15:11:23Z</time></trkpt>
<trkpt lat="37.084430" lon="-121.861105"><ele>522.8</ele><time>2021-12-11T15:11:27Z</time></trkpt>
<trkpt lat="37.084388" lon="-121.861247"><ele>522.6</ele><time>2021-12-11T15:11:29Z</time></trkpt>
<trkpt lat="37.084561" lon="-121.861466"><ele>522.4</ele><time>2021-12-11T15:11:32Z</time></trkpt>
<trkpt lat="37.084562" lon="-121.861620"><ele>522.4</ele><time>2021-12-11T15:11:35Z</time></trkpt>
<trkpt lat="37.084666" lon="-121.861881"><ele>522.7</ele><time>2021-12-11T15:11:39Z</time></trkpt>
<trkpt lat="37.084621" lon="-121.862055"><ele>523.0</ele><time>2021-12-11T15:11:42Z</time></trkpt>
<trkpt lat="37.084628" lon="-121.862201"><ele>523.3</ele><time>2021-12-11T15:11:45Z</time></trkpt>
<trkpt lat="37.084579" lon="-121.862317"><ele>523.7</ele><time>2021-12-11T15:11:47Z</time></trkpt>
<trkpt lat="37.084582" lon="-121.862458"><ele>524.2</ele><time>2021-12-11T15:11:49Z</time></trkpt>
<trkpt lat="37.084681" lon="-121.862626"><ele>525.0</ele><time>2021-12-11T15:11:53Z</time></trkpt>
<trkpt lat="37.084732" lon="-121.862630"><ele>525.2</ele><time>2021-12-11T15:11:55Z</time></trkpt>
<trkpt lat="37.084828" lon="-121.862765"><ele>525.7</ele><time>2021-12-11T15:12:00Z</time></trkpt>
<trkpt lat="37.084904" lon="-121.862783"><ele>525.9</ele><time>2021-12-11T15:12:02Z</time></trkpt>
<trkpt lat="37.084804" lon="-121.862878"><ele>526.1</ele><time>2021-12-11T15:12:05Z</time></trkpt>
<trkpt lat="37.084756" lon="-121.862977"><ele>526.0</ele><time>2021-12-11T15:12:07Z</time></trkpt>
<trkpt lat="37.084812" lon="-121.863150"><ele>525.7</ele><time>2021-12-11T15:12:09Z</time></trkpt>
<trkpt lat="37.084789" lon="-121.863224"><ele>525.5</ele><time>2021-12-11T15:12:10Z</time></trkpt>
<trkpt lat="37.084795" lon="-121.863498"><ele>524.6</ele><time>2021-12-11T15:12:13Z</time></trkpt>
<trkpt lat="37.084870" lon="-121.863761"><ele>523.7</ele><time>2021-12-11T15:12:16Z</time></trkpt>
<trkpt lat="37.084943" lon="-121.863837"><ele>523.3</ele><time>2021-12-11T15:12:17Z</time></trkpt>
<trkpt lat="37.085073" lon="-121.863875"><ele>522.6</ele><time>2021-12-11T15:12:18Z</time></trkpt>
<trkpt lat="37.085122" lon="-121.863942"><ele>522.1</ele><time>2021-12-11T15:12:21Z</time></trkpt>
<trkpt lat="37.085052" lon="-121.863994"><ele>521.5</ele><time>2021-12-11T15:12:23Z</time></trkpt>
<trkpt lat="37.085049" lon="-121.864061"><ele>521.1</ele><time>2021-12-11T15:12:24Z</time></trkpt>
<trkpt lat="37.085134" lon="-121.864161"><ele>520.1</ele><time>2021-12-11T15:12:26Z</time></trkpt>
<trkpt lat="37.085150" lon="-121.864323"><ele>519.1</ele><time>2021-12-11T15:12:28Z</time></trkpt>
<trkpt lat="37.085062" lon="-121.864822"><ele>516.7</ele><time>2021-12-11T15:12:32Z</time></trkpt>
<trkpt lat="37.085128" lon="-121.864959"><ele>515.8</ele><time>2021-12-11T15:12:33Z</time></trkpt>
<trkpt lat="37.085139" lon="-121.865057"><ele>515.3</ele><time>2021-12-11T15:12:34Z</time></trkpt>
<trkpt lat="37.085203" lon="-121.865162"><ele>514.6</ele><time>2021-12-11T15:12:35Z</time></trkpt>
<trkpt lat="37.085313" lon="-121.865189"><ele>513.9</ele><time>2021-12-11T15:12:36Z</time></trkpt>
<trkpt lat="37.085477" lon="-121.865443"><ele>512.4</ele><time>2021-12-11T15:12:40Z</time></trkpt>
<trkpt lat="37.085580" lon="-121.865543"><ele>511.6</ele><time>2021-12-11T15:12:41Z</time></trkpt>
<trkpt lat="37.085634" lon="-121.865828"><ele>510.2</ele><time>2021-12-11T15:12:44Z</time></trkpt>
<trkpt lat="37.085727" lon="-121.865912"><ele>509.5</ele><time>2021-12-11T15:12:45Z</time></trkpt>
<trkpt lat="37.085777" lon="-121.866474"><ele>508.0</ele><time>2021-12-11T15:12:51Z</time></trkpt>
<trkpt lat="37.085834" lon="-121.866549"><ele>507.9</ele><time>2021-12-11T15:12:52Z</time></trkpt>
<trkpt lat="37.085851" lon="-121.866657"><ele>507.7</ele><time>2021-12-11T15:12:53Z</time></trkpt>
<trkpt lat="37.085828" lon="-121.866790"><ele>507.5</ele><time>2021-12-11T15:12:54Z</time></trkpt>
<trkpt lat="37.085846" lon="-121.867001"><ele>506.8</ele><time>2021-12-11T15:12:56Z</time></trkpt>
<trkpt lat="37.085894" lon="-121.867065"><ele>506.3</ele><time>2021-12-11T15:12:57Z</time></trkpt>
<trkpt lat="37.085926" lon="-121.867042"><ele>506.0</ele><time>2021-12-11T15:12:58Z</time></trkpt>
<trkpt lat="37.086069" lon="-121.867230"><ele>504.0</ele><time>2021-12-11T15:13:02Z</time></trkpt>
<trkpt lat="37.086206" lon="-121.867486"><ele>501.5</ele><time>2021-12-11T15:13:04Z</time></trkpt>
<trkpt lat="37.086198" lon="-121.867623"><ele>500.4</ele><time>2021-12-11T15:13:05Z</time></trkpt>
<trkpt lat="37.086145" lon="-121.867784"><ele>499.2</ele><time>2021-12-11T15:13:06Z</time></trkpt>
<trkpt lat="37.086203" lon="-121.868151"><ele>497.3</ele><time>2021-12-11T15:13:09Z</time></trkpt>
<trkpt lat="37.086236" lon="-121.868641"><ele>495.4</ele><time>2021-12-11T15:13:13Z</time></trkpt>
<trkpt lat="37.086261" lon="-121.868755"><ele>494.7</ele><time>2021-12-11T15:13:14Z</time></trkpt>
<trkpt lat="37.086324" lon="-121.868853"><ele>493.8</ele><time>2021-12-11T15:13:15Z</time></trkpt>
<trkpt lat="37.086203" lon="-121.869001"><ele>492.2</ele><time>2021-12-11T15:13:16Z</time></trkpt>
<trkpt lat="37.086142" lon="-121.869217"><ele>490.6</ele><time>2021-12-11T15:13:18Z</time></trkpt>
<trkpt lat="37.086169" lon="-121.869365"><ele>489.6</ele><time>2021-12-11T15:13:19Z</time></trkpt>
<trkpt lat="37.086106" lon="-121.869497"><ele>488.5</ele><time>2021-12-11T15:13:20Z</time></trkpt>
<trkpt lat="37.086082" lon="-121.869728"><ele>486.9</ele><time>2021-12-11T15:13:21Z</time></trkpt>
<trkpt lat="37.086083" lon="-121.869841"><ele>486.1</ele><time>2021-12-11T15:13:22Z</time></trkpt>
<trkpt lat="37.086143" lon="-121.870013"><ele>484.9</ele><time>2021-12-11T15:13:24Z</time></trkpt>
<trkpt lat="37.086133" lon="-121.870102"><ele>484.4</ele><time>2021-12-11T15:13:25Z</time></trkpt>
<trkpt lat="37.086289" lon="-121.870226"><ele>483.4</ele><time>2021-12-11T15:13:27Z</time></trkpt>
<trkpt lat="37.086637" lon="-121.870421"><ele>481.0</ele><time>2021-12-11T15:13:31Z</time></trkpt>
<trkpt lat="37.086584" lon="-121.870598"><ele>479.8</ele><time>2021-12-11T15:13:32Z</time></trkpt>
<trkpt lat="37.086810" lon="-121.870881"><ele>477.6</ele><time>2021-12-11T15:13:35Z</time></trkpt>
<trkpt lat="37.086808" lon="-121.871073"><ele>476.9</ele><time>2021-12-11T15:13:37Z</time></trkpt>
<trkpt lat="37.086853" lon="-121.871180"><ele>476.5</ele><time>2021-12-11T15:13:38Z</time></trkpt>
<trkpt lat="37.086858" lon="-121.871317"><ele>475.9</ele><time>2021-12-11T15:13:39Z</time></trkpt>
<trkpt lat="37.086778" lon="-121.871618"><ele>474.7</ele><time>2021-12-11T15:13:42Z</time></trkpt>
<trkpt lat="37.086819" lon="-121.871743"><ele>474.2</ele><time>2021-12-11T15:13:43Z</time></trkpt>
<trkpt lat="37.086799" lon="-121.871832"><ele>473.9</ele><time>2021-12-11T15:13:44Z</time></trkpt>
<trkpt lat="37.087204" lon="-121.872076"><ele>472.2</ele><time>2021-12-11T15:13:47Z</time></trkpt>
<trkpt lat="37.087288" lon="-121.872080"><ele>471.9</ele><time>2021-12-11T15:13:48Z</time></trkpt>
<trkpt lat="37.087457" lon="-121.872309"><ele>470.9</ele><time>2021-12-11T15:13:51Z</time></trkpt>
<trkpt lat="37.087427" lon="-121.872619"><ele>470.2</ele><time>2021-12-11T15:13:54Z</time></trkpt>
<trkpt lat="37.087490" lon="-121.872682"><ele>470.0</ele><time>2021-12-11T15:13:55Z</time></trkpt>
<trkpt lat="37.087619" lon="-121.872983"><ele>469.1</ele><time>2021-12-11T15:13:59Z</time></trkpt>
<trkpt lat="37.087769" lon="-121.873178"><ele>468.0</ele><time>2021-12-11T15:14:03Z</time></trkpt>
<trkpt lat="37.087715" lon="-121.873310"><ele>467.3</ele><time>2021-12-11T15:14:04Z</time></trkpt>
<trkpt lat="37.087846" lon="-121.873529"><ele>465.7</ele><time>2021-12-11T15:14:08Z</time></trkpt>
<trkpt lat="37.087790" lon="-121.873786"><ele>464.2</ele><time>2021-12-11T15:14:10Z</time></trkpt>
<trkpt lat="37.087915" lon="-121.874258"><ele>462.3</ele><time>2021-12-11T15:14:15Z</time></trkpt>
<trkpt lat="37.087993" lon="-121.874347"><ele>461.7</ele><time>2021-12-11T15:14:16Z</time></trkpt>
<trkpt lat="37.087942" lon="-121.874451"><ele>461.2</ele><time>2021-12-11T15:14:17Z</time></trkpt>
<trkpt lat="37.088001" lon="-121.874729"><ele>460.1</ele><time>2021-12-11T15:14:19Z</time></trkpt>
<trkpt lat="37.088143" lon="-121.874967"><ele>459.7</ele><time>2021-12-11T15:14:22Z</time></trkpt>
<trkpt lat="37.088348" lon="-121.874992"><ele>459.4</ele><time>2021-12-11T15:14:24Z</time></trkpt>
<trkpt lat="37.088354" lon="-121.875321"><ele>458.6</ele><time>2021-12-11T15:14:27Z</time></trkpt>
<trkpt lat="37.088306" lon="-121.875576"><ele>457.7</ele><time>2021-12-11T15:14:30Z</time></trkpt>
<trkpt lat="37.088318" lon="-121.875751"><ele>457.3</ele><time>2021-12-11T15:14:32Z</time></trkpt>
<trkpt lat="37.088267" lon="-121.876086"><ele>456.5</ele><time>2021-12-11T15:14:36Z</time></trkpt>
<trkpt lat="37.088287" lon="-121.876218"><ele>455.9</ele><time>2021-12-11T15:14:38Z</time></trkpt>
<trkpt lat="37.088099" lon="-121.876704"><ele>453.6</ele><time>2021-12-11T15:14:44Z</time></trkpt>
<trkpt lat="37.088073" lon="-121.876879"><ele>453.3</ele><time>2021-12-11T15:14:46Z</time></trkpt>
<trkpt lat="37.088120" lon="-121.877264"><ele>452.8</ele><time>2021-12-11T15:14:51Z</time></trkpt>
<trkpt lat="37.088191" lon="-121.877479"><ele>451.9</ele><time>2021-12-11T15:14:55Z</time></trkpt>
<trkpt lat="37.088184" lon="-121.877723"><ele>450.4</ele><time>2021-12-11T15:14:58Z</time></trkpt>
<trkpt lat="37.088063" lon="-121.877836"><ele>449.1</ele><time>2021-12-11T15:15:00Z</time></trkpt>
<trkpt lat="37.088047" lon="-121.877916"><ele>448.6</ele><time>2021-12-11T15:15:01Z</time></trkpt>
<trkpt lat="37.088070" lon="-121.878163"><ele>447.6</ele><time>2021-12-11T15:15:03Z</time></trkpt>
<trkpt lat="37.087981" lon="-121.878872"><ele>446.3</ele><time>2021-12-11T15:15:12Z</time></trkpt>
<trkpt lat="37.087999" lon="-121.878935"><ele>446.3</ele><time>2021-12-11T15:15:13Z</time></trkpt>
<trkpt lat="37.088105" lon="-121.879044"><ele>446.2</ele><time>2021-12-11T15:15:17Z</time></trkpt>
<trkpt lat="37.088217" lon="-121.879026"><ele>446.1</ele><time>2021-12-11T15:15:20Z</time></trkpt>
<trkpt lat="37.088661" lon="-121.879456"><ele>444.2</ele><time>2021-12-11T15:15:26Z</time></trkpt>
<trkpt lat="37.088712" lon="-121.879547"><ele>443.8</ele><time>2021-12-11T15:15:27Z</time></trkpt>
<trkpt lat="37.088686" lon="-121.879695"><ele>443.2</ele><time>2021-12-11T15:15:29Z</time></trkpt>
<trkpt lat="37.088761" lon="-121.879771"><ele>442.8</ele><time>2021-12-11T15:15:30Z</time></trkpt>
<trkpt lat="37.088717" lon="-121.879981"><ele>441.8</ele><time>2021-12-11T15:15:32Z</time></trkpt>
<trkpt lat="37.088801" lon="-121.880306"><ele>440.6</ele><time>2021-12-11T15:15:36Z</time></trkpt>
<trkpt lat="37.088939" lon="-121.880507"><ele>440.1</ele><time>2021-12-11T15:15:39Z</time></trkpt>
<trkpt lat="37.089147" lon="-121.880649"><ele>439.5</ele><time>2021-12-11T15:15:43Z</time></trkpt>
<trkpt lat="37.089307" lon="-121.881103"><ele>437.0</ele><time>2021-12-11T15:15:49Z</time></trkpt>
<trkpt lat="37.089257" lon="-121.881226"><ele>435.8</ele><time>2021-12-11T15:15:50Z</time></trkpt>
<trkpt lat="37.089311" lon="-121.881713"><ele>431.7</ele><time>2021-12-11T15:15:54Z</time></trkpt>
<trkpt lat="37.089384" lon="-121.881837"><ele>430.6</ele><time>2021-12-11T15:15:55Z</time></trkpt>
<trkpt lat="37.089493" lon="-121.881902"><ele>429.8</ele><time>2021-12-11T15:15:56Z</time></trkpt>
<trkpt lat="37.089850" lon="-121.882342"><ele>427.5</ele><time>2021-12-11T15:16:01Z</time></trkpt>
<trkpt lat="37.089926" lon="-121.882678"><ele>426.2</ele><time>2021-12-11T15:16:04Z</time></trkpt>
<trkpt lat="37.089911" lon="-121.882995"><ele>425.2</ele><time>2021-12-11T15:16:07Z</time></trkpt>
<trkpt lat="37.089755" lon="-121.883169"><ele>423.9</ele><time>2021-12-11T15:16:09Z</time></trkpt>
<trkpt lat="37.089736" lon="-121.883265"><ele>423.4</ele><time>2021-12-11T15:16:10Z</time></trkpt>
<trkpt lat="37.089638" lon="-121.883332"><ele>422.7</ele><time>2021-12-11T15:16:11Z</time></trkpt>
<trkpt lat="37.089374" lon="-121.883332"><ele>420.6</ele><time>2021-12-11T15:16:13Z</time></trkpt>
<trkpt lat="37.089098" lon="-121.883410"><ele>418.1</ele><time>2021-12-11T15:16:16Z</time></trkpt>
<trkpt lat="37.089077" lon="-121.883522"><ele>417.4</ele><time>2021-12-11T15:16:17Z</time></trkpt>
<trkpt lat="37.089209" lon="-121.883753"><ele>415.8</ele><time>2021-12-11T15:16:21Z</time></trkpt>
<trkpt lat="37.089199" lon="-121.883908"><ele>415.0</ele><time>2021-12-11T15:16:22Z</time></trkpt>
<trkpt lat="37.089290" lon="-121.884277"><ele>413.2</ele><time>2021-12-11T15:16:26Z</time></trkpt>
<trkpt lat="37.089287" lon="-121.884351"><ele>412.9</ele><time>2021-12-11T15:16:27Z</time></trkpt>
<trkpt lat="37.089149" lon="-121.884502"><ele>412.2</ele><time>2021-12-11T15:16:28Z</time></trkpt>
<trkpt lat="37.089391" lon="-121.885443"><ele>407.7</ele><time>2021-12-11T15:16:39Z</time></trkpt>
<trkpt lat="37.089320" lon="-121.885491"><ele>407.4</ele><time>2021-12-11T15:16:40Z</time></trkpt>
<trkpt lat="37.089263" lon="-121.885664"><ele>406.9</ele><time>2021-12-11T15:16:42Z</time></trkpt>
<trkpt lat="37.089294" lon="-121.885728"><ele>406.7</ele><time>2021-12-11T15:16:43Z</time></trkpt>
<trkpt lat="37.089284" lon="-121.885871"><ele>406.4</ele><time>2021-12-11T15:16:45Z</time></trkpt>
<trkpt lat="37.089359" lon="-121.885938"><ele>406.2</ele><time>2021-12-11T15:16:47Z</time></trkpt>
<trkpt lat="37.089522" lon="-121.885925"><ele>406.0</ele><time>2021-12-11T15:16:48Z</time></trkpt>
<trkpt lat="37.089615" lon="-121.886017"><ele>405.9</ele><time>2021-12-11T15:16:51Z</time></trkpt>
<trkpt lat="37.089672" lon="-121.886029"><ele>405.9</ele><time>2021-12-11T15:16:52Z</time></trkpt>
<trkpt lat="37.089701" lon="-121.885996"><ele>405.9</ele><time>2021-12-11T15:16:53Z</time></trkpt>
<trkpt lat="37.089786" lon="-121.886201"><ele>406.0</ele><time>2021-12-11T15:16:58Z</time></trkpt>
<trkpt lat="37.089849" lon="-121.886271"><ele>406.1</ele><time>2021-12-11T15:16:59Z</time></trkpt>
<trkpt lat="37.089833" lon="-121.886372"><ele>406.2</ele><time>2021-12-11T15:17:01Z</time></trkpt>
<trkpt lat="37.089875" lon="-121.886420"><ele>406.3</ele><time>2021-12-11T15:17:02Z</time></trkpt>
<trkpt lat="37.089884" lon="-121.886539"><ele>406.5</ele><time>2021-12-11T15:17:05Z</time></trkpt>
<trkpt lat="37.089927" lon="-121.886553"><ele>406.6</ele><time>2021-12-11T15:17:06Z</time></trkpt>
<trkpt lat="37.089948" lon="-121.886617"><ele>406.7</ele><time>2021-12-11T15:17:07Z</time></trkpt>
<trkpt lat="37.089937" lon="-121.886867"><ele>407.0</ele><time>2021-12-11T15:17:11Z</time></trkpt>
<trkpt lat="37.089971" lon="-121.886900"><ele>407.0</ele><time>2021-12-11T15:17:12Z</time></trkpt>
<trkpt lat="37.089884" lon="-121.886990"><ele>407.2</ele><time>2021-12-11T15:17:15Z</time></trkpt>
<trkpt lat="37.089932" lon="-121.887236"><ele>407.8</ele><time>2021-12-11T15:17:21Z</time></trkpt>
<trkpt lat="37.089916" lon="-121.887302"><ele>408.0</ele><time>2021-12-11T15:17:22Z</time></trkpt>
<trkpt lat="37.089990" lon="-121.887518"><ele>408.8</ele><time>2021-12-11T15:17:28Z</time></trkpt>
<trkpt lat="37.090070" lon="-121.887618"><ele>409.3</ele><time>2021-12-11T15:17:31Z</time></trkpt>
<trkpt lat="37.090048" lon="-121.887681"><ele>409.6</ele><time>2021-12-11T15:17:34Z</time></trkpt>
<trkpt lat="37.090013" lon="-121.887668"><ele>409.8</ele><time>2021-12-11T15:17:37Z</time></trkpt>
<trkpt lat="37.090129" lon="-121.887607"><ele>410.6</ele><time>2021-12-11T15:17:44Z</time></trkpt>
<trkpt lat="37.090181" lon="-121.887532"><ele>411.1</ele><time>2021-12-11T15:17:49Z</time></trkpt>
<trkpt lat="37.090271" lon="-121.887499"><ele>411.7</ele><time>2021-12-11T15:17:53Z</time></trkpt>
<trkpt lat="37.090500" lon="-121.887664"><ele>412.6</ele><time>2021-12-11T15:18:00Z</time></trkpt>
<trkpt lat="37.090601" lon="-121.887659"><ele>412.9</ele><time>2021-12-11T15:18:02Z</time></trkpt>
<trkpt lat="37.090902" lon="-121.888078"><ele>413.8</ele><time>2021-12-11T15:18:16Z</time></trkpt>
<trkpt lat="37.091009" lon="-121.888363"><ele>413.9</ele><time>2021-12-11T15:18:21Z</time></trkpt>
<trkpt lat="37.090981" lon="-121.888586"><ele>413.9</ele><time>2021-12-11T15:18:24Z</time></trkpt>
<trkpt lat="37.090895" lon="-121.888794"><ele>413.6</ele><time>2021-12-11T15:18:28Z</time></trkpt>
<trkpt lat="37.090770" lon="-121.888870"><ele>413.1</ele><time>2021-12-11T15:18:30Z</time></trkpt>
<trkpt lat="37.090665" lon="-121.888984"><ele>412.8</ele><time>2021-12-11T15:18:32Z</time></trkpt>
<trkpt lat="37.090577" lon="-121.889017"><ele>412.7</ele><time>2021-12-11T15:18:33Z</time></trkpt>
<trkpt lat="37.090434" lon="-121.889199"><ele>413.0</ele><time>2021-12-11T15:18:37Z</time></trkpt>
<trkpt lat="37.090241" lon="-121.889301"><ele>413.1</ele><time>2021-12-11T15:18:42Z</time></trkpt>
<trkpt lat="37.089933" lon="-121.889217"><ele>413.0</ele><time>2021-12-11T15:18:49Z</time></trkpt>
<trkpt lat="37.089811" lon="-121.889121"><ele>413.3</ele><time>2021-12-11T15:18:51Z</time></trkpt>
<trkpt lat="37.089564" lon="-121.889017"><ele>415.1</ele><time>2021-12-11T15:19:07Z</time></trkpt>
<trkpt lat="37.089568" lon="-121.889050"><ele>415.4</ele><time>2021-12-11T15:19:10Z</time></trkpt>
<trkpt lat="37.089333" lon="-121.889079"><ele>417.6</ele><time>2021-12-11T15:19:21Z</time></trkpt>
<trkpt lat="37.089207" lon="-121.889224"><ele>418.9</ele><time>2021-12-11T15:19:28Z</time></trkpt>
<trkpt lat="37.089009" lon="-121.889126"><ele>420.2</ele><time>2021-12-11T15:19:35Z</time></trkpt>
<trkpt lat="37.088954" lon="-121.889156"><ele>420.6</ele><time>2021-12-11T15:19:39Z</time></trkpt>
<trkpt lat="37.088814" lon="-121.889124"><ele>421.4</ele><time>2021-12-11T15:19:45Z</time></trkpt>
<trkpt lat="37.088718" lon="-121.889177"><ele>422.0</ele><time>2021-12-11T15:19:50Z</time></trkpt>
<trkpt lat="37.088568" lon="-121.889009"><ele>423.0</ele><time>2021-12-11T15:20:17Z</time></trkpt>
<trkpt lat="37.088570" lon="-121.889087"><ele>423.4</ele><time>2021-12-11T15:21:28Z</time></trkpt>
<trkpt lat="37.088562" lon="-121.888997"><ele>423.6</ele><time>2021-12-11T15:21:35Z</time></trkpt>
<trkpt lat="37.088533" lon="-121.888990"><ele>423.8</ele><time>2021-12-11T15:21:41Z</time></trkpt>
<trkpt lat="37.088570" lon="-121.888992"><ele>423.9</ele><time>2021-12-11T15:21:45Z</time></trkpt>
<trkpt lat="37.088545" lon="-121.889005"><ele>424.1</ele><time>2021-12-11T15:21:50Z</time></trkpt>
<trkpt lat="37.088432" lon="-121.888863"><ele>424.8</ele><time>2021-12-11T15:21:57Z</time></trkpt>
<trkpt lat="37.088296" lon="-121.888789"><ele>425.6</ele><time>2021-12-11T15:22:02Z</time></trkpt>
<trkpt lat="37.088230" lon="-121.888711"><ele>426.1</ele><time>2021-12-11T15:22:05Z</time></trkpt>
<trkpt lat="37.088008" lon="-121.888662"><ele>427.6</ele><time>2021-12-11T15:22:16Z</time></trkpt>
<trkpt lat="37.087934" lon="-121.888672"><ele>428.1</ele><time>2021-12-11T15:22:20Z</time></trkpt>
<trkpt lat="37.087928" lon="-121.888702"><ele>428.2</ele><time>2021-12-11T15:22:21Z</time></trkpt>
<trkpt lat="37.087826" lon="-121.888622"><ele>428.9</ele><time>2021-12-11T15:22:28Z</time></trkpt>
<trkpt lat="37.086794" lon="-121.888670"><ele>437.7</ele><time>2021-12-11T15:23:21Z</time></trkpt>
<trkpt lat="37.086291" lon="-121.888808"><ele>442.5</ele><time>2021-12-11T15:23:52Z</time></trkpt>
<trkpt lat="37.086027" lon="-121.888572"><ele>446.0</ele><time>2021-12-11T15:24:10Z</time></trkpt>
<trkpt lat="37.086080" lon="-121.888473"><ele>446.9</ele><time>2021-12-11T15:24:12Z</time></trkpt>
<trkpt lat="37.085981" lon="-121.888267"><ele>448.8</ele><time>2021-12-11T15:24:26Z</time></trkpt>
<trkpt lat="37.085860" lon="-121.888210"><ele>450.2</ele><time>2021-12-11T15:24:32Z</time></trkpt>
<trkpt lat="37.085869" lon="-121.888154"><ele>450.7</ele><time>2021-12-11T15:24:34Z</time></trkpt>
<trkpt lat="37.085826" lon="-121.888087"><ele>451.3</ele><time>2021-12-11T15:24:38Z</time></trkpt>
<trkpt lat="37.085829" lon="-121.888034"><ele>451.8</ele><time>2021-12-11T15:24:41Z</time></trkpt>
<trkpt lat="37.085921" lon="-121.887993"><ele>452.7</ele><time>2021-12-11T15:24:42Z</time></trkpt>
<trkpt lat="37.085923" lon="-121.887963"><ele>452.9</ele><time>2021-12-11T15:24:43Z</time></trkpt>
<trkpt lat="37.085851" lon="-121.887791"><ele>454.6</ele><time>2021-12-11T15:24:51Z</time></trkpt>
<trkpt lat="37.085829" lon="-121.887625"><ele>456.1</ele><time>2021-12-11T15:24:58Z</time></trkpt>
<trkpt lat="37.085730" lon="-121.887486"><ele>458.4</ele><time>2021-12-11T15:25:08Z</time></trkpt>
<trkpt lat="37.085784" lon="-121.887432"><ele>459.3</ele><time>2021-12-11T15:25:17Z</time></trkpt>
<trkpt lat="37.085665" lon="-121.887474"><ele>461.0</ele><time>2021-12-11T15:25:47Z</time></trkpt>
<trkpt lat="37.085735" lon="-121.887473"><ele>462.0</ele><time>2021-12-11T15:25:49Z</time></trkpt>
<trkpt lat="37.085719" lon="-121.887532"><ele>463.2</ele><time>2021-12-11T15:25:53Z</time></trkpt>
<trkpt lat="37.085790" lon="-121.887563"><ele>464.3</ele><time>2021-12-11T15:25:58Z</time></trkpt>
<trkpt lat="37.085777" lon="-121.887584"><ele>464.7</ele><time>2021-12-11T15:26:00Z</time></trkpt>
<trkpt lat="37.085712" lon="-121.887594"><ele>465.6</ele><time>2021-12-11T15:26:02Z</time></trkpt>
<trkpt lat="37.085689" lon="-121.887627"><ele>466.1</ele><time>2021-12-11T15:26:04Z</time></trkpt>
<trkpt lat="37.085706" lon="-121.887672"><ele>466.7</ele><time>2021-12-11T15:26:06Z</time></trkpt>
<trkpt lat="37.085642" lon="-121.887782"><ele>468.3</ele><time>2021-12-11T15:26:12Z</time></trkpt>
<trkpt lat="37.085496" lon="-121.887869"><ele>470.3</ele><time>2021-12-11T15:26:22Z</time></trkpt>
<trkpt lat="37.085467" lon="-121.887924"><ele>470.8</ele><time>2021-12-11T15:26:27Z</time></trkpt>
<trkpt lat="37.085239" lon="-121.887959"><ele>472.5</ele><time>2021-12-11T15:26:39Z</time></trkpt>
<trkpt lat="37.085124" lon="-121.887911"><ele>473.3</ele><time>2021-12-11T15:26:46Z</time></trkpt>
<trkpt lat="37.085077" lon="-121.887951"><ele>473.6</ele><time>2021-12-11T15:26:50Z</time></trkpt>
<trkpt lat="37.085063" lon="-121.887921"><ele>473.9</ele><time>2021-12-11T15:26:53Z</time></trkpt>
<trkpt lat="37.085016" lon="-121.887940"><ele>474.3</ele><time>2021-12-11T15:26:56Z</time></trkpt>
<trkpt lat="37.085007" lon="-121.887981"><ele>474.8</ele><time>2021-12-11T15:27:00Z</time></trkpt>
<trkpt lat="37.084990" lon="-121.887949"><ele>475.1</ele><time>2021-12-11T15:27:01Z</time></trkpt>
<trkpt lat="37.084886" lon="-121.888013"><ele>476.2</ele><time>2021-12-11T15:27:07Z</time></trkpt>
<trkpt lat="37.084788" lon="-121.888216"><ele>478.1</ele><time>2021-12-11T15:27:15Z</time></trkpt>
<trkpt lat="37.084532" lon="-121.888407"><ele>480.7</ele><time>2021-12-11T15:27:30Z</time></trkpt>
<trkpt lat="37.084349" lon="-121.888451"><ele>482.6</ele><time>2021-12-11T15:27:40Z</time></trkpt>
<trkpt lat="37.084219" lon="-121.888378"><ele>484.3</ele><time>2021-12-11T15:27:47Z</time></trkpt>
<trkpt lat="37.083969" lon="-121.888491"><ele>487.5</ele><time>2021-12-11T15:28:04Z</time></trkpt>
<trkpt lat="37.083764" lon="-121.888630"><ele>490.6</ele><time>2021-12-11T15:28:23Z</time></trkpt>
<trkpt lat="37.083774" lon="-121.888688"><ele>491.1</ele><time>2021-12-11T15:28:28Z</time></trkpt>
<trkpt lat="37.083871" lon="-121.888816"><ele>492.4</ele><time>2021-12-11T15:28:36Z</time></trkpt>
<trkpt lat="37.083843" lon="-121.888872"><ele>492.8</ele><time>2021-12-11T15:28:40Z</time></trkpt>
<trkpt lat="37.083881" lon="-121.888905"><ele>493.3</ele><time>2021-12-11T15:28:43Z</time></trkpt>
<trkpt lat="37.083960" lon="-121.889123"><ele>495.2</ele><time>2021-12-11T15:28:55Z</time></trkpt>
<trkpt lat="37.083961" lon="-121.889285"><ele>496.4</ele><time>2021-12-11T15:29:06Z</time></trkpt>
<trkpt lat="37.083760" lon="-121.889531"><ele>499.1</ele><time>2021-12-11T15:29:22Z</time></trkpt>
<trkpt lat="37.083646" lon="-121.889555"><ele>500.2</ele><time>2021-12-11T15:29:25Z</time></trkpt>
<trkpt lat="37.083477" lon="-121.889672"><ele>501.9</ele><time>2021-12-11T15:29:35Z</time></trkpt>
<trkpt lat="37.083452" lon="-121.889781"><ele>502.8</ele><time>2021-12-11T15:29:40Z</time></trkpt>
<trkpt lat="37.083367" lon="-121.889888"><ele>504.2</ele><time>2021-12-11T15:29:50Z</time></trkpt>
<trkpt lat="37.083425" lon="-121.890030"><ele>505.7</ele><time>2021-12-11T15:29:59Z</time></trkpt>
<trkpt lat="37.083389" lon="-121.890149"><ele>506.7</ele><time>2021-12-11T15:30:06Z</time></trkpt>
<trkpt lat="37.083151" lon="-121.890136"><ele>509.0</ele><time>2021-12-11T15:31:14Z</time></trkpt>
<trkpt lat="37.082938" lon="-121.890175"><ele>511.1</ele><time>2021-12-11T15:31:30Z</time></trkpt>
<trkpt lat="37.082926" lon="-121.890148"><ele>511.3</ele><time>2021-12-11T15:31:31Z</time></trkpt>
<trkpt lat="37.082630" lon="-121.890138"><ele>514.5</ele><time>2021-12-11T15:31:46Z</time></trkpt>
<trkpt lat="37.082095" lon="-121.890234"><ele>519.5</ele><time>2021-12-11T15:32:20Z</time></trkpt>
<trkpt lat="37.081893" lon="-121.890098"><ele>521.9</ele><time>2021-12-11T15:32:33Z</time></trkpt>
<trkpt lat="37.081847" lon="-121.889995"><ele>522.9</ele><time>2021-12-11T15:32:37Z</time></trkpt>
<trkpt lat="37.081569" lon="-121.889747"><ele>526.1</ele><time>2021-12-11T15:32:57Z</time></trkpt>
<trkpt lat="37.081493" lon="-121.889741"><ele>526.9</ele><time>2021-12-11T15:33:02Z</time></trkpt>
<trkpt lat="37.081349" lon="-121.889624"><ele>528.4</ele><time>2021-12-11T15:33:11Z</time></trkpt>
<trkpt lat="37.081288" lon="-121.889520"><ele>529.3</ele><time>2021-12-11T15:33:19Z</time></trkpt>
<trkpt lat="37.081262" lon="-121.889403"><ele>530.2</ele><time>2021-12-11T15:33:26Z</time></trkpt>
<trkpt lat="37.081286" lon="-121.889211"><ele>531.8</ele><time>2021-12-11T15:33:38Z</time></trkpt>
<trkpt lat="37.081328" lon="-121.889143"><ele>532.5</ele><time>2021-12-11T15:33:41Z</time></trkpt>
<trkpt lat="37.081389" lon="-121.888791"><ele>535.5</ele><time>2021-12-11T15:33:58Z</time></trkpt>
<trkpt lat="37.081350" lon="-121.888753"><ele>536.0</ele><time>2021-12-11T15:34:01Z</time></trkpt>
<trkpt lat="37.081361" lon="-121.888698"><ele>536.5</ele><time>2021-12-11T15:34:04Z</time></trkpt>
<trkpt lat="37.081249" lon="-121.888646"><ele>537.9</ele><time>2021-12-11T15:34:11Z</time></trkpt>
<trkpt lat="37.081186" lon="-121.888705"><ele>538.9</ele><time>2021-12-11T15:34:16Z</time></trkpt>
<trkpt lat="37.081094" lon="-121.888600"><ele>540.2</ele><time>2021-12-11T15:34:22Z</time></trkpt>
<trkpt lat="37.081051" lon="-121.888395"><ele>542.0</ele><time>2021-12-11T15:34:32Z</time></trkpt>
<trkpt lat="37.081061" lon="-121.888289"><ele>542.7</ele><time>2021-12-11T15:34:36Z</time></trkpt>
<trkpt lat="37.080874" lon="-121.887921"><ele>546.5</ele><time>2021-12-11T15:35:01Z</time></trkpt>
<trkpt lat="37.080748" lon="-121.887411"><ele>552.2</ele><time>2021-12-11T15:35:29Z</time></trkpt>
<trkpt lat="37.080749" lon="-121.887276"><ele>553.3</ele><time>2021-12-11T15:35:37Z</time></trkpt>
<trkpt lat="37.080789" lon="-121.887192"><ele>554.2</ele><time>2021-12-11T15:35:44Z</time></trkpt>
<trkpt lat="37.080764" lon="-121.887092"><ele>554.9</ele><time>2021-12-11T15:35:47Z</time></trkpt>
<trkpt lat="37.080775" lon="-121.886936"><ele>556.1</ele><time>2021-12-11T15:35:56Z</time></trkpt>
<trkpt lat="37.080750" lon="-121.886898"><ele>556.5</ele><time>2021-12-11T15:35:58Z</time></trkpt>
<trkpt lat="37.080807" lon="-121.886775"><ele>557.7</ele><time>2021-12-11T15:36:04Z</time></trkpt>
<trkpt lat="37.080759" lon="-121.886656"><ele>558.9</ele><time>2021-12-11T15:36:12Z</time></trkpt>
<trkpt lat="37.080819" lon="-121.886523"><ele>560.3</ele><time>2021-12-11T15:36:18Z</time></trkpt>
<trkpt lat="37.080957" lon="-121.886436"><ele>562.3</ele><time>2021-12-11T15:36:25Z</time></trkpt>
<trkpt lat="37.080946" lon="-121.886248"><ele>564.1</ele><time>2021-12-11T15:36:35Z</time></trkpt>
<trkpt lat="37.081020" lon="-121.886128"><ele>565.3</ele><time>2021-12-11T15:36:42Z</time></trkpt>
<trkpt lat="37.080918" lon="-121.886040"><ele>566.8</ele><time>2021-12-11T15:36:53Z</time></trkpt>
<trkpt lat="37.080909" lon="-121.885965"><ele>567.6</ele><time>2021-12-11T15:36:57Z</time></trkpt>
<trkpt lat="37.080945" lon="-121.885968"><ele>568.0</ele><time>2021-12-11T15:36:58Z</time></trkpt>
<trkpt lat="37.080959" lon="-121.885714"><ele>570.9</ele><time>2021-12-11T15:37:10Z</time></trkpt>
<trkpt lat="37.080812" lon="-121.885572"><ele>573.4</ele><time>2021-12-11T15:37:24Z</time></trkpt>
<trkpt lat="37.080794" lon="-121.885519"><ele>574.1</ele><time>2021-12-11T15:37:28Z</time></trkpt>
<trkpt lat="37.080728" lon="-121.885632"><ele>575.6</ele><time>2021-12-11T15:37:37Z</time></trkpt>
<trkpt lat="37.080550" lon="-121.885797"><ele>577.8</ele><time>2021-12-11T15:37:50Z</time></trkpt>
<trkpt lat="37.080379" lon="-121.885830"><ele>578.8</ele><time>2021-12-11T15:38:00Z</time></trkpt>
<trkpt lat="37.080223" lon="-121.885681"><ele>579.9</ele><time>2021-12-11T15:38:11Z</time></trkpt>
<trkpt lat="37.080221" lon="-121.885630"><ele>580.1</ele><time>2021-12-11T15:38:18Z</time></trkpt>
<trkpt lat="37.080245" lon="-121.885700"><ele>580.6</ele><time>2021-12-11T15:38:20Z</time></trkpt>
<trkpt lat="37.080231" lon="-121.885557"><ele>581.7</ele><time>2021-12-11T15:38:50Z</time></trkpt>
<trkpt lat="37.080226" lon="-121.885584"><ele>581.9</ele><time>2021-12-11T15:38:51Z</time></trkpt>
<trkpt lat="37.080127" lon="-121.885449"><ele>584.1</ele><time>2021-12-11T15:38:56Z</time></trkpt>
<trkpt lat="37.080086" lon="-121.885476"><ele>584.7</ele><time>2021-12-11T15:39:00Z</time></trkpt>
<trkpt lat="37.080056" lon="-121.885414"><ele>585.5</ele><time>2021-12-11T15:39:03Z</time></trkpt>
<trkpt lat="37.080059" lon="-121.885449"><ele>585.9</ele><time>2021-12-11T15:39:04Z</time></trkpt>
<trkpt lat="37.079963" lon="-121.885376"><ele>587.5</ele><time>2021-12-11T15:39:08Z</time></trkpt>
<trkpt lat="37.079883" lon="-121.885267"><ele>589.2</ele><time>2021-12-11T15:39:15Z</time></trkpt>
<trkpt lat="37.079852" lon="-121.885471"><ele>591.6</ele><time>2021-12-11T15:39:24Z</time></trkpt>
<trkpt lat="37.079826" lon="-121.885450"><ele>591.9</ele><time>2021-12-11T15:39:25Z</time></trkpt>
<trkpt lat="37.079771" lon="-121.885497"><ele>592.5</ele><time>2021-12-11T15:39:26Z</time></trkpt>
<trkpt lat="37.079589" lon="-121.885394"><ele>594.6</ele><time>2021-12-11T15:39:35Z</time></trkpt>
<trkpt lat="37.079568" lon="-121.885320"><ele>595.4</ele><time>2021-12-11T15:39:36Z</time></trkpt>
<trkpt lat="37.079431" lon="-121.885296"><ele>597.4</ele><time>2021-12-11T15:39:48Z</time></trkpt>
<trkpt lat="37.079367" lon="-121.885368"><ele>598.5</ele><time>2021-12-11T15:39:52Z</time></trkpt>
<trkpt lat="37.079355" lon="-121.885337"><ele>598.8</ele><time>2021-12-11T15:39:53Z</time></trkpt>
<trkpt lat="37.079330" lon="-121.885381"><ele>599.3</ele><time>2021-12-11T15:39:55Z</time></trkpt>
<trkpt lat="37.079313" lon="-121.885353"><ele>599.5</ele><time>2021-12-11T15:39:56Z</time></trkpt>
<trkpt lat="37.079303" lon="-121.885399"><ele>599.9</ele><time>2021-12-11T15:39:59Z</time></trkpt>
<trkpt lat="37.079274" lon="-121.885380"><ele>600.3</ele><time>2021-12-11T15:40:02Z</time></trkpt>
<trkpt lat="37.079309" lon="-121.885400"><ele>600.7</ele><time>2021-12-11T15:40:04Z</time></trkpt>
<trkpt lat="37.079282" lon="-121.885424"><ele>601.1</ele><time>2021-12-11T15:40:09Z</time></trkpt>
<trkpt lat="37.079335" lon="-121.885647"><ele>602.6</ele><time>2021-12-11T15:40:16Z</time></trkpt>
<trkpt lat="37.079238" lon="-121.885824"><ele>604.0</ele><time>2021-12-11T15:40:23Z</time></trkpt>
<trkpt lat="37.079083" lon="-121.885928"><ele>605.6</ele><time>2021-12-11T15:40:32Z</time></trkpt>
<trkpt lat="37.079038" lon="-121.885877"><ele>606.2</ele><time>2021-12-11T15:40:33Z</time></trkpt>
<trkpt lat="37.079005" lon="-121.885893"><ele>606.6</ele><time>2021-12-11T15:40:35Z</time></trkpt>
<trkpt lat="37.078860" lon="-121.886003"><ele>608.4</ele><time>2021-12-11T15:40:44Z</time></trkpt>
<trkpt lat="37.078812" lon="-121.886078"><ele>609.4</ele><time>2021-12-11T15:40:49Z</time></trkpt>
<trkpt lat="37.078775" lon="-121.886071"><ele>610.0</ele><time>2021-12-11T15:40:53Z</time></trkpt>
<trkpt lat="37.078629" lon="-121.886170"><ele>612.1</ele><time>2021-12-11T15:41:02Z</time></trkpt>
<trkpt lat="37.078478" lon="-121.886182"><ele>613.6</ele><time>2021-12-11T15:41:08Z</time></trkpt>
<trkpt lat="37.078446" lon="-121.886246"><ele>614.1</ele><time>2021-12-11T15:41:11Z</time></trkpt>
<trkpt lat="37.078353" lon="-121.886285"><ele>614.9</ele><time>2021-12-11T15:41:17Z</time></trkpt>
<trkpt lat="37.078273" lon="-121.886232"><ele>615.8</ele><time>2021-12-11T15:41:22Z</time></trkpt>
<trkpt lat="37.078105" lon="-121.885982"><ele>618.8</ele><time>2021-12-11T15:41:39Z</time></trkpt>
<trkpt lat="37.077949" lon="-121.885923"><ele>620.6</ele><time>2021-12-11T15:41:49Z</time></trkpt>
<trkpt lat="37.077903" lon="-121.885870"><ele>621.3</ele><time>2021-12-11T15:41:53Z</time></trkpt>
<trkpt lat="37.077711" lon="-121.885889"><ele>623.3</ele><time>2021-12-11T15:42:07Z</time></trkpt>
<trkpt lat="37.077679" lon="-121.885837"><ele>623.8</ele><time>2021-12-11T15:42:10Z</time></trkpt>
<trkpt lat="37.077687" lon="-121.885726"><ele>624.8</ele><time>2021-12-11T15:42:11Z</time></trkpt>
<trkpt lat="37.077633" lon="-121.885660"><ele>625.6</ele><time>2021-12-11T15:42:17Z</time></trkpt>
<trkpt lat="37.077515" lon="-121.885576"><ele>627.0</ele><time>2021-12-11T15:42:24Z</time></trkpt>
<trkpt lat="37.077450" lon="-121.885483"><ele>627.9</ele><time>2021-12-11T15:42:30Z</time></trkpt>
<trkpt lat="37.077311" lon="-121.885493"><ele>629.0</ele><time>2021-12-11T15:42:38Z</time></trkpt>
<trkpt lat="37.077267" lon="-121.885438"><ele>629.5</ele><time>2021-12-11T15:42:42Z</time></trkpt>
<trkpt lat="37.077241" lon="-121.885268"><ele>630.7</ele><time>2021-12-11T15:42:52Z</time></trkpt>
<trkpt lat="37.077295" lon="-121.885159"><ele>631.8</ele><time>2021-12-11T15:42:57Z</time></trkpt>
<trkpt lat="37.077348" lon="-121.885135"><ele>632.5</ele><time>2021-12-11T15:43:00Z</time></trkpt>
<trkpt lat="37.077483" lon="-121.885157"><ele>634.3</ele><time>2021-12-11T15:43:07Z</time></trkpt>
<trkpt lat="37.077701" lon="-121.885332"><ele>636.6</ele><time>2021-12-11T15:43:22Z</time></trkpt>
<trkpt lat="37.077748" lon="-121.885314"><ele>636.9</ele><time>2021-12-11T15:43:24Z</time></trkpt>
<trkpt lat="37.077785" lon="-121.885215"><ele>637.5</ele><time>2021-12-11T15:43:27Z</time></trkpt>
<trkpt lat="37.077883" lon="-121.885163"><ele>638.2</ele><time>2021-12-11T15:43:33Z</time></trkpt>
<trkpt lat="37.078038" lon="-121.884909"><ele>640.0</ele><time>2021-12-11T15:43:46Z</time></trkpt>
<trkpt lat="37.078169" lon="-121.884768"><ele>641.2</ele><time>2021-12-11T15:43:56Z</time></trkpt>
<trkpt lat="37.078499" lon="-121.884224"><ele>646.2</ele><time>2021-12-11T15:44:24Z</time></trkpt>
<trkpt lat="37.078580" lon="-121.884184"><ele>646.9</ele><time>2021-12-11T15:44:29Z</time></trkpt>
<trkpt lat="37.078779" lon="-121.884166"><ele>648.3</ele><time>2021-12-11T15:44:37Z</time></trkpt>
<trkpt lat="37.078854" lon="-121.884117"><ele>648.9</ele><time>2021-12-11T15:44:41Z</time></trkpt>
<trkpt lat="37.078888" lon="-121.884040"><ele>649.4</ele><time>2021-12-11T15:44:49Z</time></trkpt>
<trkpt lat="37.078873" lon="-121.884006"><ele>649.6</ele><time>2021-12-11T15:44:53Z</time></trkpt>
<trkpt lat="37.078769" lon="-121.883987"><ele>650.1</ele><time>2021-12-11T15:45:01Z</time></trkpt>
<trkpt lat="37.078455" lon="-121.883972"><ele>653.0</ele><time>2021-12-11T15:45:21Z</time></trkpt>
<trkpt lat="37.078221" lon="-121.883798"><ele>656.7</ele><time>2021-12-11T15:45:35Z</time></trkpt>
<trkpt lat="37.078214" lon="-121.883859"><ele>657.2</ele><time>2021-12-11T15:45:37Z</time></trkpt>
<trkpt lat="37.078138" lon="-121.883879"><ele>657.9</ele><time>2021-12-11T15:45:42Z</time></trkpt>
<trkpt lat="37.078100" lon="-121.883847"><ele>658.3</ele><time>2021-12-11T15:45:45Z</time></trkpt>
<trkpt lat="37.077952" lon="-121.883849"><ele>659.6</ele><time>2021-12-11T15:45:55Z</time></trkpt>
<trkpt lat="37.077773" lon="-121.883556"><ele>662.8</ele><time>2021-12-11T15:46:14Z</time></trkpt>
<trkpt lat="37.077798" lon="-121.883571"><ele>663.2</ele><time>2021-12-11T15:46:19Z</time></trkpt>
<trkpt lat="37.077756" lon="-121.883543"><ele>663.7</ele><time>2021-12-11T15:46:25Z</time></trkpt>
<trkpt lat="37.077831" lon="-121.883549"><ele>664.4</ele><time>2021-12-11T15:46:31Z</time></trkpt>
<trkpt lat="37.077760" lon="-121.883552"><ele>664.9</ele><time>2021-12-11T15:50:53Z</time></trkpt>
<trkpt lat="37.077744" lon="-121.883590"><ele>665.2</ele><time>2021-12-11T15:50:54Z</time></trkpt>
<trkpt lat="37.077796" lon="-121.883691"><ele>665.9</ele><time>2021-12-11T15:51:00Z</time></trkpt>
<trkpt lat="37.077836" lon="-121.883644"><ele>666.2</ele><time>2021-12-11T15:51:02Z</time></trkpt>
<trkpt lat="37.077822" lon="-121.883602"><ele>666.4</ele><time>2021-12-11T15:51:04Z</time></trkpt>
<trkpt lat="37.077640" lon="-121.883459"><ele>667.3</ele><time>2021-12-11T15:51:12Z</time></trkpt>
<trkpt lat="37.077645" lon="-121.883309"><ele>667.7</ele><time>2021-12-11T15:51:17Z</time></trkpt>
<trkpt lat="37.077677" lon="-121.883264"><ele>667.9</ele><time>2021-12-11T15:51:22Z</time></trkpt>
<trkpt lat="37.077731" lon="-121.883283"><ele>668.1</ele><time>2021-12-11T15:51:24Z</time></trkpt>
<trkpt lat="37.077718" lon="-121.883324"><ele>667.8</ele><time>2021-12-11T15:51:25Z</time></trkpt>
<trkpt lat="37.077276" lon="-121.883436"><ele>664.9</ele><time>2021-12-11T15:51:28Z</time></trkpt>
<trkpt lat="37.077191" lon="-121.883397"><ele>664.1</ele><time>2021-12-11T15:51:29Z</time></trkpt>
<trkpt lat="37.077076" lon="-121.883507"><ele>662.7</ele><time>2021-12-11T15:51:31Z</time></trkpt>
<trkpt lat="37.077118" lon="-121.883644"><ele>661.5</ele><time>2021-12-11T15:51:32Z</time></trkpt>
<trkpt lat="37.077245" lon="-121.883710"><ele>660.4</ele><time>2021-12-11T15:51:34Z</time></trkpt>
<trkpt lat="37.077221" lon="-121.883761"><ele>660.1</ele><time>2021-12-11T15:51:35Z</time></trkpt>
<trkpt lat="37.077268" lon="-121.883905"><ele>659.3</ele><time>2021-12-11T15:51:36Z</time></trkpt>
<trkpt lat="37.077144" lon="-121.884067"><ele>659.2</ele><time>2021-12-11T15:51:38Z</time></trkpt>
<trkpt lat="37.077132" lon="-121.884158"><ele>659.9</ele><time>2021-12-11T15:51:40Z</time></trkpt>
<trkpt lat="37.077064" lon="-121.884240"><ele>660.8</ele><time>2021-12-11T15:51:42Z</time></trkpt>
<trkpt lat="37.076973" lon="-121.884225"><ele>661.6</ele><time>2021-12-11T15:51:46Z</time></trkpt>
<trkpt lat="37.076806" lon="-121.884323"><ele>662.2</ele><time>2021-12-11T15:51:54Z</time></trkpt>
<trkpt lat="37.076656" lon="-121.884268"><ele>661.6</ele><time>2021-12-11T15:51:59Z</time></trkpt>
<trkpt lat="37.076557" lon="-121.884301"><ele>660.8</ele><time>2021-12-11T15:52:02Z</time></trkpt>
<trkpt lat="37.076402" lon="-121.884159"><ele>659.4</ele><time>2021-12-11T15:52:04Z</time></trkpt>
<trkpt lat="37.076309" lon="-121.884228"><ele>658.4</ele><time>2021-12-11T15:52:05Z</time></trkpt>
<trkpt lat="37.076230" lon="-121.884191"><ele>657.6</ele><time>2021-12-11T15:52:06Z</time></trkpt>
<trkpt lat="37.076124" lon="-121.884212"><ele>656.4</ele><time>2021-12-11T15:52:07Z</time></trkpt>
<trkpt lat="37.076073" lon="-121.884380"><ele>654.9</ele><time>2021-12-11T15:52:09Z</time></trkpt>
<trkpt lat="37.076100" lon="-121.884461"><ele>654.2</ele><time>2021-12-11T15:52:10Z</time></trkpt>
<trkpt lat="37.076077" lon="-121.884546"><ele>653.6</ele><time>2021-12-11T15:52:12Z</time></trkpt>
<trkpt lat="37.075949" lon="-121.884592"><ele>652.7</ele><time>2021-12-11T15:52:15Z</time></trkpt>
<trkpt lat="37.075858" lon="-121.884742"><ele>651.7</ele><time>2021-12-11T15:52:17Z</time></trkpt>
<trkpt lat="37.075826" lon="-121.884758"><ele>651.5</ele><time>2021-12-11T15:52:18Z</time></trkpt>
<trkpt lat="37.075720" lon="-121.884697"><ele>651.0</ele><time>2021-12-11T15:52:19Z</time></trkpt>
<trkpt lat="37.075570" lon="-121.884862"><ele>650.1</ele><time>2021-12-11T15:52:22Z</time></trkpt>
<trkpt lat="37.075337" lon="-121.884970"><ele>648.4</ele><time>2021-12-11T15:52:26Z</time></trkpt>
<trkpt lat="37.075230" lon="-121.885181"><ele>646.7</ele><time>2021-12-11T15:52:30Z</time></trkpt>
<trkpt lat="37.075108" lon="-121.885187"><ele>645.6</ele><time>2021-12-11T15:52:32Z</time></trkpt>
<trkpt lat="37.075053" lon="-121.885112"><ele>645.0</ele><time>2021-12-11T15:52:33Z</time></trkpt>
<trkpt lat="37.074922" lon="-121.885060"><ele>644.1</ele><time>2021-12-11T15:52:35Z</time></trkpt>
<trkpt lat="37.074534" lon="-121.885238"><ele>643.2</ele><time>2021-12-11T15:52:41Z</time></trkpt>
<trkpt lat="37.074434" lon="-121.885265"><ele>643.1</ele><time>2021-12-11T15:52:43Z</time></trkpt>
<trkpt lat="37.074402" lon="-121.885225"><ele>643.1</ele><time>2021-12-11T15:52:44Z</time></trkpt>
<trkpt lat="37.074357" lon="-121.885242"><ele>643.0</ele><time>2021-12-11T15:52:45Z</time></trkpt>
<trkpt lat="37.074334" lon="-121.885541"><ele>642.3</ele><time>2021-12-11T15:52:48Z</time></trkpt>
<trkpt lat="37.074234" lon="-121.885738"><ele>642.0</ele><time>2021-12-11T15:52:51Z</time></trkpt>
<trkpt lat="37.074229" lon="-121.885906"><ele>642.0</ele><time>2021-12-11T15:52:53Z</time></trkpt>
<trkpt lat="37.074117" lon="-121.886117"><ele>642.0</ele><time>2021-12-11T15:52:56Z</time></trkpt>
<trkpt lat="37.073982" lon="-121.886228"><ele>641.5</ele><time>2021-12-11T15:52:59Z</time></trkpt>
<trkpt lat="37.074012" lon="-121.886441"><ele>640.4</ele><time>2021-12-11T15:53:03Z</time></trkpt>
<trkpt lat="37.073894" lon="-121.886764"><ele>637.3</ele><time>2021-12-11T15:53:09Z</time></trkpt>
<trkpt lat="37.073768" lon="-121.886806"><ele>635.9</ele><time>2021-12-11T15:53:11Z</time></trkpt>
<trkpt lat="37.073581" lon="-121.886996"><ele>634.1</ele><time>2021-12-11T15:53:14Z</time></trkpt>
<trkpt lat="37.073328" lon="-121.887651"><ele>630.2</ele><time>2021-12-11T15:53:22Z</time></trkpt>
<trkpt lat="37.073343" lon="-121.887723"><ele>629.8</ele><time>2021-12-11T15:53:23Z</time></trkpt>
<trkpt lat="37.073447" lon="-121.887823"><ele>628.8</ele><time>2021-12-11T15:53:25Z</time></trkpt>
<trkpt lat="37.073539" lon="-121.887990"><ele>627.8</ele><time>2021-12-11T15:53:27Z</time></trkpt>
<trkpt lat="37.073697" lon="-121.888105"><ele>626.9</ele><time>2021-12-11T15:53:29Z</time></trkpt>
<trkpt lat="37.073731" lon="-121.888173"><ele>626.6</ele><time>2021-12-11T15:53:30Z</time></trkpt>
<trkpt lat="37.073721" lon="-121.888313"><ele>625.5</ele><time>2021-12-11T15:53:32Z</time></trkpt>
<trkpt lat="37.073650" lon="-121.888441"><ele>624.8</ele><time>2021-12-11T15:53:33Z</time></trkpt>
<trkpt lat="37.073646" lon="-121.888556"><ele>624.2</ele><time>2021-12-11T15:53:35Z</time></trkpt>
<trkpt lat="37.073479" lon="-121.888849"><ele>622.3</ele><time>2021-12-11T15:53:38Z</time></trkpt>
<trkpt lat="37.073431" lon="-121.889170"><ele>620.4</ele><time>2021-12-11T15:53:41Z</time></trkpt>
<trkpt lat="37.073356" lon="-121.889352"><ele>619.4</ele><time>2021-12-11T15:53:43Z</time></trkpt>
<trkpt lat="37.073388" lon="-121.889499"><ele>618.8</ele><time>2021-12-11T15:53:45Z</time></trkpt>
<trkpt lat="37.073362" lon="-121.889592"><ele>618.4</ele><time>2021-12-11T15:53:47Z</time></trkpt>
<trkpt lat="37.073452" lon="-121.889682"><ele>618.0</ele><time>2021-12-11T15:53:52Z</time></trkpt>
<trkpt lat="37.073505" lon="-121.889807"><ele>617.8</ele><time>2021-12-11T15:53:57Z</time></trkpt>
<trkpt lat="37.073457" lon="-121.889952"><ele>617.6</ele><time>2021-12-11T15:54:05Z</time></trkpt>
<trkpt lat="37.073482" lon="-121.889947"><ele>617.6</ele><time>2021-12-11T15:54:08Z</time></trkpt>
<trkpt lat="37.073422" lon="-121.889887"><ele>617.6</ele><time>2021-12-11T15:56:24Z</time></trkpt>
<trkpt lat="37.073519" lon="-121.889729"><ele>617.8</ele><time>2021-12-11T15:56:48Z</time></trkpt>
<trkpt lat="37.073511" lon="-121.889879"><ele>618.1</ele><time>2021-12-11T15:56:58Z</time></trkpt>
<trkpt lat="37.073568" lon="-121.889684"><ele>618.5</ele><time>2021-12-11T15:57:35Z</time></trkpt>
<trkpt lat="37.073529" lon="-121.889677"><ele>618.6</ele><time>2021-12-11T15:57:36Z</time></trkpt>
<trkpt lat="37.073543" lon="-121.889747"><ele>618.8</ele><time>2021-12-11T15:57:38Z</time></trkpt>
<trkpt lat="37.073477" lon="-121.889892"><ele>619.2</ele><time>2021-12-11T15:57:44Z</time></trkpt>
<trkpt lat="37.073395" lon="-121.889800"><ele>619.5</ele><time>2021-12-11T15:57:55Z</time></trkpt>
<trkpt lat="37.073431" lon="-121.889701"><ele>619.7</ele><time>2021-12-11T15:58:02Z</time></trkpt>
<trkpt lat="37.073497" lon="-121.889825"><ele>620.0</ele><time>2021-12-11T15:58:07Z</time></trkpt>
<trkpt lat="37.073479" lon="-121.889896"><ele>620.1</ele><time>2021-12-11T15:58:11Z</time></trkpt>
<trkpt lat="37.073553" lon="-121.889902"><ele>620.0</ele><time>2021-12-11T15:58:15Z</time></trkpt>
<trkpt lat="37.073617" lon="-121.889846"><ele>619.9</ele><time>2021-12-11T15:58:17Z</time></trkpt>
<trkpt lat="37.073710" lon="-121.889998"><ele>619.6</ele><time>2021-12-11T15:58:20Z</time></trkpt>
<trkpt lat="37.073770" lon="-121.889981"><ele>619.3</ele><time>2021-12-11T15:58:21Z</time></trkpt>
<trkpt lat="37.073735" lon="-121.889930"><ele>619.1</ele><time>2021-12-11T15:58:22Z</time></trkpt>
<trkpt lat="37.073798" lon="-121.889902"><ele>618.8</ele><time>2021-12-11T15:58:24Z</time></trkpt>
<trkpt lat="37.073833" lon="-121.889800"><ele>618.4</ele><time>2021-12-11T15:58:28Z</time></trkpt>
<trkpt lat="37.073793" lon="-121.889551"><ele>617.5</ele><time>2021-12-11T15:58:30Z</time></trkpt>
<trkpt lat="37.073809" lon="-121.889466"><ele>617.3</ele><time>2021-12-11T15:58:32Z</time></trkpt>
<trkpt lat="37.073868" lon="-121.889458"><ele>617.0</ele><time>2021-12-11T15:58:34Z</time></trkpt>
<trkpt lat="37.073920" lon="-121.889646"><ele>616.3</ele><time>2021-12-11T15:58:37Z</time></trkpt>
<trkpt lat="37.073886" lon="-121.889617"><ele>616.6</ele><time>2021-12-11T15:58:38Z</time></trkpt>
<trkpt lat="37.073764" lon="-121.889796"><ele>618.6</ele><time>2021-12-11T15:58:40Z</time></trkpt>
<trkpt lat="37.073805" lon="-121.889790"><ele>618.1</ele><time>2021-12-11T15:58:41Z</time></trkpt>
<trkpt lat="37.073832" lon="-121.889924"><ele>617.5</ele><time>2021-12-11T15:58:43Z</time></trkpt>
<trkpt lat="37.073769" lon="-121.890142"><ele>615.5</ele><time>2021-12-11T15:58:47Z</time></trkpt>
<trkpt lat="37.073810" lon="-121.890253"><ele>614.4</ele><time>2021-12-11T15:58:50Z</time></trkpt>
<trkpt lat="37.073962" lon="-121.890446"><ele>611.0</ele><time>2021-12-11T15:58:54Z</time></trkpt>
<trkpt lat="37.074206" lon="-121.890506"><ele>606.0</ele><time>2021-12-11T15:58:58Z</time></trkpt>
<trkpt lat="37.074171" lon="-121.890621"><ele>605.4</ele><time>2021-12-11T15:59:00Z</time></trkpt>
<trkpt lat="37.074329" lon="-121.890697"><ele>604.6</ele><time>2021-12-11T15:59:02Z</time></trkpt>
<trkpt lat="37.074378" lon="-121.890841"><ele>604.2</ele><time>2021-12-11T15:59:04Z</time></trkpt>
<trkpt lat="37.074485" lon="-121.890969"><ele>603.5</ele><time>2021-12-11T15:59:06Z</time></trkpt>
<trkpt lat="37.074739" lon="-121.890967"><ele>602.0</ele><time>2021-12-11T15:59:08Z</time></trkpt>
<trkpt lat="37.074833" lon="-121.890934"><ele>601.2</ele><time>2021-12-11T15:59:09Z</time></trkpt>
<trkpt lat="37.074824" lon="-121.890829"><ele>600.5</ele><time>2021-12-11T15:59:10Z</time></trkpt>
<trkpt lat="37.074935" lon="-121.890744"><ele>599.4</ele><time>2021-12-11T15:59:11Z</time></trkpt>
<trkpt lat="37.074992" lon="-121.890642"><ele>598.6</ele><time>2021-12-11T15:59:12Z</time></trkpt>
<trkpt lat="37.074969" lon="-121.890500"><ele>597.6</ele><time>2021-12-11T15:59:14Z</time></trkpt>
<trkpt lat="37.075048" lon="-121.890292"><ele>596.2</ele><time>2021-12-11T15:59:17Z</time></trkpt>
<trkpt lat="37.075065" lon="-121.890153"><ele>595.6</ele><time>2021-12-11T15:59:18Z</time></trkpt>
<trkpt lat="37.075205" lon="-121.889973"><ele>594.6</ele><time>2021-12-11T15:59:20Z</time></trkpt>
<trkpt lat="37.075221" lon="-121.889917"><ele>594.3</ele><time>2021-12-11T15:59:21Z</time></trkpt>
<trkpt lat="37.075156" lon="-121.889855"><ele>594.0</ele><time>2021-12-11T15:59:22Z</time></trkpt>
<trkpt lat="37.075200" lon="-121.889769"><ele>593.5</ele><time>2021-12-11T15:59:23Z</time></trkpt>
<trkpt lat="37.075333" lon="-121.889861"><ele>592.5</ele><time>2021-12-11T15:59:25Z</time></trkpt>
<trkpt lat="37.075411" lon="-121.890006"><ele>591.3</ele><time>2021-12-11T15:59:27Z</time></trkpt>
<trkpt lat="37.075431" lon="-121.890211"><ele>589.4</ele><time>2021-12-11T15:59:28Z</time></trkpt>
<trkpt lat="37.075398" lon="-121.890379"><ele>587.7</ele><time>2021-12-11T15:59:29Z</time></trkpt>
<trkpt lat="37.075333" lon="-121.890434"><ele>586.7</ele><time>2021-12-11T15:59:30Z</time></trkpt>
<trkpt lat="37.075307" lon="-121.890505"><ele>585.9</ele><time>2021-12-11T15:59:31Z</time></trkpt>
<trkpt lat="37.075226" lon="-121.890495"><ele>584.9</ele><time>2021-12-11T15:59:32Z</time></trkpt>
<trkpt lat="37.075244" lon="-121.890537"><ele>584.4</ele><time>2021-12-11T15:59:33Z</time></trkpt>
<trkpt lat="37.075429" lon="-121.890439"><ele>582.3</ele><time>2021-12-11T15:59:36Z</time></trkpt>
<trkpt lat="37.075516" lon="-121.890484"><ele>581.3</ele><time>2021-12-11T15:59:37Z</time></trkpt>
<trkpt lat="37.075525" lon="-121.890650"><ele>580.0</ele><time>2021-12-11T15:59:38Z</time></trkpt>
<trkpt lat="37.075468" lon="-121.890900"><ele>578.4</ele><time>2021-12-11T15:59:41Z</time></trkpt>
<trkpt lat="37.075400" lon="-121.890982"><ele>577.7</ele><time>2021-12-11T15:59:42Z</time></trkpt>
<trkpt lat="37.075460" lon="-121.891334"><ele>575.9</ele><time>2021-12-11T15:59:46Z</time></trkpt>
<trkpt lat="37.075482" lon="-121.891365"><ele>575.7</ele><time>2021-12-11T15:59:47Z</time></trkpt>
<trkpt lat="37.075586" lon="-121.891321"><ele>574.9</ele><time>2021-12-11T15:59:49Z</time></trkpt>
<trkpt lat="37.075559" lon="-121.891045"><ele>572.9</ele><time>2021-12-11T15:59:51Z</time></trkpt>
<trkpt lat="37.075602" lon="-121.891321"><ele>570.7</ele><time>2021-12-11T15:59:55Z</time></trkpt>
<trkpt lat="37.075687" lon="-121.891549"><ele>568.9</ele><time>2021-12-11T15:59:58Z</time></trkpt>
<trkpt lat="37.075696" lon="-121.891732"><ele>567.7</ele><time>2021-12-11T16:00:00Z</time></trkpt>
<trkpt lat="37.075794" lon="-121.891887"><ele>566.7</ele><time>2021-12-11T16:00:02Z</time></trkpt>
<trkpt lat="37.075797" lon="-121.891993"><ele>566.2</ele><time>2021-12-11T16:00:03Z</time></trkpt>
<trkpt lat="37.075831" lon="-121.892061"><ele>565.8</ele><time>2021-12-11T16:00:04Z</time></trkpt>
<trkpt lat="37.075980" lon="-121.892128"><ele>565.1</ele><time>2021-12-11T16:00:05Z</time></trkpt>
<trkpt lat="37.075982" lon="-121.892179"><ele>564.9</ele><time>2021-12-11T16:00:06Z</time></trkpt>
<trkpt lat="37.075884" lon="-121.892538"><ele>563.3</ele><time>2021-12-11T16:00:11Z</time></trkpt>
<trkpt lat="37.075833" lon="-121.892887"><ele>561.7</ele><time>2021-12-11T16:00:15Z</time></trkpt>
<trkpt lat="37.075875" lon="-121.892971"><ele>561.3</ele><time>2021-12-11T16:00:17Z</time></trkpt>
<trkpt lat="37.075952" lon="-121.893018"><ele>561.1</ele><time>2021-12-11T16:00:18Z</time></trkpt>
<trkpt lat="37.075977" lon="-121.893114"><ele>560.9</ele><time>2021-12-11T16:00:20Z</time></trkpt>
<trkpt lat="37.075887" lon="-121.893108"><ele>560.9</ele><time>2021-12-11T16:00:24Z</time></trkpt>
<trkpt lat="37.075609" lon="-121.893313"><ele>560.9</ele><time>2021-12-11T16:00:28Z</time></trkpt>
<trkpt lat="37.075395" lon="-121.893337"><ele>560.5</ele><time>2021-12-11T16:00:31Z</time></trkpt>
<trkpt lat="37.075369" lon="-121.893479"><ele>560.2</ele><time>2021-12-11T16:00:33Z</time></trkpt>
<trkpt lat="37.075469" lon="-121.893665"><ele>559.8</ele><time>2021-12-11T16:00:35Z</time></trkpt>
<trkpt lat="37.075506" lon="-121.893874"><ele>559.2</ele><time>2021-12-11T16:00:38Z</time></trkpt>
<trkpt lat="37.075376" lon="-121.893981"><ele>558.8</ele><time>2021-12-11T16:00:41Z</time></trkpt>
<trkpt lat="37.075548" lon="-121.893698"><ele>558.0</ele><time>2021-12-11T16:00:48Z</time></trkpt>
<trkpt lat="37.075576" lon="-121.893605"><ele>556.7</ele><time>2021-12-11T16:00:49Z</time></trkpt>
<trkpt lat="37.075717" lon="-121.893480"><ele>551.6</ele><time>2021-12-11T16:00:52Z</time></trkpt>
<trkpt lat="37.076127" lon="-121.893527"><ele>547.0</ele><time>2021-12-11T16:00:56Z</time></trkpt>
<trkpt lat="37.076264" lon="-121.893392"><ele>545.0</ele><time>2021-12-11T16:00:58Z</time></trkpt>
<trkpt lat="37.076245" lon="-121.893257"><ele>543.6</ele><time>2021-12-11T16:01:00Z</time></trkpt>
<trkpt lat="37.076172" lon="-121.893107"><ele>542.0</ele><time>2021-12-11T16:01:01Z</time></trkpt>
<trkpt lat="37.076236" lon="-121.892946"><ele>540.9</ele><time>2021-12-11T16:01:03Z</time></trkpt>
<trkpt lat="37.076217" lon="-121.892874"><ele>540.4</ele><time>2021-12-11T16:01:04Z</time></trkpt>
<trkpt lat="37.076242" lon="-121.892711"><ele>539.5</ele><time>2021-12-11T16:01:06Z</time></trkpt>
<trkpt lat="37.076477" lon="-121.892599"><ele>537.8</ele><time>2021-12-11T16:01:09Z</time></trkpt>
<trkpt lat="37.076579" lon="-121.892397"><ele>536.8</ele><time>2021-12-11T16:01:12Z</time></trkpt>
<trkpt lat="37.076750" lon="-121.892327"><ele>536.0</ele><time>2021-12-11T16:01:15Z</time></trkpt>
<trkpt lat="37.076786" lon="-121.892193"><ele>535.7</ele><time>2021-12-11T16:01:17Z</time></trkpt>
<trkpt lat="37.076896" lon="-121.892081"><ele>535.3</ele><time>2021-12-11T16:01:20Z</time></trkpt>
<trkpt lat="37.076966" lon="-121.891784"><ele>534.5</ele><time>2021-12-11T16:01:25Z</time></trkpt>
<trkpt lat="37.077037" lon="-121.891689"><ele>534.1</ele><time>2021-12-11T16:01:27Z</time></trkpt>
<trkpt lat="37.077069" lon="-121.891546"><ele>533.7</ele><time>2021-12-11T16:01:29Z</time></trkpt>
<trkpt lat="37.077073" lon="-121.891446"><ele>533.5</ele><time>2021-12-11T16:01:30Z</time></trkpt>
<trkpt lat="37.076968" lon="-121.891350"><ele>533.1</ele><time>2021-12-11T16:01:31Z</time></trkpt>
<trkpt lat="37.076963" lon="-121.891282"><ele>532.9</ele><time>2021-12-11T16:01:32Z</time></trkpt>
<trkpt lat="37.077067" lon="-121.891288"><ele>532.1</ele><time>2021-12-11T16:01:33Z</time></trkpt>
<trkpt lat="37.077120" lon="-121.891501"><ele>530.3</ele><time>2021-12-11T16:01:35Z</time></trkpt>
<trkpt lat="37.077214" lon="-121.891544"><ele>529.2</ele><time>2021-12-11T16:01:36Z</time></trkpt>
<trkpt lat="37.077172" lon="-121.891634"><ele>528.2</ele><time>2021-12-11T16:01:37Z</time></trkpt>
<trkpt lat="37.077154" lon="-121.891900"><ele>525.8</ele><time>2021-12-11T16:01:40Z</time></trkpt>
<trkpt lat="37.077070" lon="-121.892365"><ele>521.9</ele><time>2021-12-11T16:01:45Z</time></trkpt>
<trkpt lat="37.076956" lon="-121.892710"><ele>519.7</ele><time>2021-12-11T16:01:47Z</time></trkpt>
<trkpt lat="37.076890" lon="-121.892740"><ele>519.3</ele><time>2021-12-11T16:01:48Z</time></trkpt>
<trkpt lat="37.076875" lon="-121.892815"><ele>518.9</ele><time>2021-12-11T16:01:49Z</time></trkpt>
<trkpt lat="37.076932" lon="-121.893101"><ele>517.4</ele><time>2021-12-11T16:01:52Z</time></trkpt>
<trkpt lat="37.076874" lon="-121.893218"><ele>516.7</ele><time>2021-12-11T16:01:54Z</time></trkpt>
<trkpt lat="37.076913" lon="-121.893217"><ele>516.4</ele><time>2021-12-11T16:01:56Z</time></trkpt>
<trkpt lat="37.077035" lon="-121.893334"><ele>515.3</ele><time>2021-12-11T16:01:58Z</time></trkpt>
<trkpt lat="37.076983" lon="-121.893350"><ele>515.0</ele><time>2021-12-11T16:01:59Z</time></trkpt>
<trkpt lat="37.077017" lon="-121.893401"><ele>514.6</ele><time>2021-12-11T16:02:00Z</time></trkpt>
<trkpt lat="37.076951" lon="-121.893462"><ele>514.0</ele><time>2021-12-11T16:02:03Z</time></trkpt>
<trkpt lat="37.077105" lon="-121.893871"><ele>512.2</ele><time>2021-12-11T16:02:12Z</time></trkpt>
<trkpt lat="37.077116" lon="-121.894009"><ele>511.9</ele><time>2021-12-11T16:02:14Z</time></trkpt>
<trkpt lat="37.077075" lon="-121.894176"><ele>511.8</ele><time>2021-12-11T16:02:16Z</time></trkpt>
<trkpt lat="37.077131" lon="-121.894249"><ele>511.8</ele><time>2021-12-11T16:02:18Z</time></trkpt>
<trkpt lat="37.077120" lon="-121.894464"><ele>511.0</ele><time>2021-12-11T16:02:22Z</time></trkpt>
<trkpt lat="37.077136" lon="-121.894511"><ele>508.8</ele><time>2021-12-11T16:02:24Z</time></trkpt>
<trkpt lat="37.077185" lon="-121.894435"><ele>508.2</ele><time>2021-12-11T16:02:28Z</time></trkpt>
<trkpt lat="37.077118" lon="-121.894282"><ele>507.1</ele><time>2021-12-11T16:02:32Z</time></trkpt>
<trkpt lat="37.077136" lon="-121.894115"><ele>506.4</ele><time>2021-12-11T16:02:34Z</time></trkpt>
<trkpt lat="37.077118" lon="-121.894135"><ele>506.2</ele><time>2021-12-11T16:02:35Z</time></trkpt>
<trkpt lat="37.077091" lon="-121.894029"><ele>505.8</ele><time>2021-12-11T16:02:39Z</time></trkpt>
<trkpt lat="37.077128" lon="-121.893858"><ele>505.1</ele><time>2021-12-11T16:02:43Z</time></trkpt>
<trkpt lat="37.077161" lon="-121.893820"><ele>504.9</ele><time>2021-12-11T16:02:45Z</time></trkpt>
<trkpt lat="37.077122" lon="-121.893773"><ele>504.7</ele><time>2021-12-11T16:02:46Z</time></trkpt>
<trkpt lat="37.077218" lon="-121.893658"><ele>504.3</ele><time>2021-12-11T16:02:47Z</time></trkpt>
<trkpt lat="37.077209" lon="-121.893620"><ele>504.2</ele><time>2021-12-11T16:02:48Z</time></trkpt>
<trkpt lat="37.077318" lon="-121.893458"><ele>503.8</ele><time>2021-12-11T16:02:52Z</time></trkpt>
<trkpt lat="37.077293" lon="-121.893289"><ele>503.4</ele><time>2021-12-11T16:02:55Z</time></trkpt>
<trkpt lat="37.077331" lon="-121.893243"><ele>503.2</ele><time>2021-12-11T16:02:56Z</time></trkpt>
<trkpt lat="37.077326" lon="-121.893151"><ele>503.0</ele><time>2021-12-11T16:02:58Z</time></trkpt>
<trkpt lat="37.077357" lon="-121.893120"><ele>502.9</ele><time>2021-12-11T16:02:59Z</time></trkpt>
<trkpt lat="37.077339" lon="-121.893070"><ele>502.8</ele><time>2021-12-11T16:03:00Z</time></trkpt>
<trkpt lat="37.077382" lon="-121.892969"><ele>502.5</ele><time>2021-12-11T16:03:02Z</time></trkpt>
<trkpt lat="37.077439" lon="-121.892941"><ele>502.4</ele><time>2021-12-11T16:03:03Z</time></trkpt>
<trkpt lat="37.077466" lon="-121.892832"><ele>502.1</ele><time>2021-12-11T16:03:06Z</time></trkpt>
<trkpt lat="37.077423" lon="-121.892702"><ele>501.8</ele><time>2021-12-11T16:03:08Z</time></trkpt>
<trkpt lat="37.077495" lon="-121.892673"><ele>501.6</ele><time>2021-12-11T16:03:10Z</time></trkpt>
<trkpt lat="37.077537" lon="-121.892692"><ele>501.5</ele><time>2021-12-11T16:03:11Z</time></trkpt>
<trkpt lat="37.077539" lon="-121.892730"><ele>501.4</ele><time>2021-12-11T16:03:12Z</time></trkpt>
<trkpt lat="37.077674" lon="-121.892525"><ele>500.7</ele><time>2021-12-11T16:03:14Z</time></trkpt>
<trkpt lat="37.077654" lon="-121.892431"><ele>500.4</ele><time>2021-12-11T16:03:16Z</time></trkpt>
<trkpt lat="37.077732" lon="-121.892344"><ele>499.8</ele><time>2021-12-11T16:03:18Z</time></trkpt>
<trkpt lat="37.077788" lon="-121.892396"><ele>499.2</ele><time>2021-12-11T16:03:22Z</time></trkpt>
<trkpt lat="37.077793" lon="-121.892471"><ele>498.6</ele><time>2021-12-11T16:03:23Z</time></trkpt>
<trkpt lat="37.077759" lon="-121.892485"><ele>498.3</ele><time>2021-12-11T16:03:24Z</time></trkpt>
<trkpt lat="37.077827" lon="-121.892543"><ele>497.4</ele><time>2021-12-11T16:03:26Z</time></trkpt>
<trkpt lat="37.077997" lon="-121.892284"><ele>493.3</ele><time>2021-12-11T16:03:33Z</time></trkpt>
<trkpt lat="37.077960" lon="-121.892256"><ele>493.4</ele><time>2021-12-11T16:03:34Z</time></trkpt>
<trkpt lat="37.077971" lon="-121.892214"><ele>493.3</ele><time>2021-12-11T16:03:35Z</time></trkpt>
<trkpt lat="37.078031" lon="-121.892189"><ele>492.2</ele><time>2021-12-11T16:03:36Z</time></trkpt>
<trkpt lat="37.078036" lon="-121.892308"><ele>492.0</ele><time>2021-12-11T16:03:37Z</time></trkpt>
<trkpt lat="37.078218" lon="-121.892207"><ele>487.6</ele><time>2021-12-11T16:03:40Z</time></trkpt>
<trkpt lat="37.078222" lon="-121.892243"><ele>488.3</ele><time>2021-12-11T16:03:41Z</time></trkpt>
<trkpt lat="37.078273" lon="-121.892175"><ele>484.7</ele><time>2021-12-11T16:03:43Z</time></trkpt>
<trkpt lat="37.078315" lon="-121.891974"><ele>481.1</ele><time>2021-12-11T16:03:45Z</time></trkpt>
<trkpt lat="37.078319" lon="-121.892005"><ele>480.6</ele><time>2021-12-11T16:03:46Z</time></trkpt>
<trkpt lat="37.078386" lon="-121.892016"><ele>478.2</ele><time>2021-12-11T16:03:48Z</time></trkpt>
<trkpt lat="37.078549" lon="-121.892300"><ele>477.3</ele><time>2021-12-11T16:03:51Z</time></trkpt>
<trkpt lat="37.078534" lon="-121.892399"><ele>478.6</ele><time>2021-12-11T16:03:54Z</time></trkpt>
<trkpt lat="37.078564" lon="-121.892526"><ele>480.4</ele><time>2021-12-11T16:03:56Z</time></trkpt>
<trkpt lat="37.078716" lon="-121.892738"><ele>468.0</ele><time>2021-12-11T16:03:57Z</time></trkpt>
<trkpt lat="37.078756" lon="-121.892820"><ele>467.6</ele><time>2021-12-11T16:03:59Z</time></trkpt>
<trkpt lat="37.078759" lon="-121.893044"><ele>466.8</ele><time>2021-12-11T16:04:03Z</time></trkpt>
<trkpt lat="37.078791" lon="-121.893094"><ele>466.5</ele><time>2021-12-11T16:04:06Z</time></trkpt>
<trkpt lat="37.078755" lon="-121.893304"><ele>465.5</ele><time>2021-12-11T16:04:08Z</time></trkpt>
<trkpt lat="37.078714" lon="-121.893408"><ele>464.8</ele><time>2021-12-11T16:04:09Z</time></trkpt>
<trkpt lat="37.078647" lon="-121.893456"><ele>464.1</ele><time>2021-12-11T16:04:11Z</time></trkpt>
<trkpt lat="37.078660" lon="-121.893648"><ele>462.5</ele><time>2021-12-11T16:04:14Z</time></trkpt>
<trkpt lat="37.078716" lon="-121.893731"><ele>461.6</ele><time>2021-12-11T16:04:16Z</time></trkpt>
<trkpt lat="37.078747" lon="-121.893749"><ele>461.2</ele><time>2021-12-11T16:04:17Z</time></trkpt>
<trkpt lat="37.078818" lon="-121.893687"><ele>460.2</ele><time>2021-12-11T16:04:19Z</time></trkpt>
<trkpt lat="37.078849" lon="-121.893579"><ele>459.3</ele><time>2021-12-11T16:04:21Z</time></trkpt>
<trkpt lat="37.078842" lon="-121.893433"><ele>458.3</ele><time>2021-12-11T16:04:22Z</time></trkpt>
<trkpt lat="37.078780" lon="-121.893361"><ele>457.7</ele><time>2021-12-11T16:04:23Z</time></trkpt>
<trkpt lat="37.078784" lon="-121.893282"><ele>457.3</ele><time>2021-12-11T16:04:24Z</time></trkpt>
<trkpt lat="37.078799" lon="-121.893217"><ele>457.0</ele><time>2021-12-11T16:04:25Z</time></trkpt>
<trkpt lat="37.078858" lon="-121.893185"><ele>456.6</ele><time>2021-12-11T16:04:26Z</time></trkpt>
<trkpt lat="37.078947" lon="-121.893044"><ele>455.9</ele><time>2021-12-11T16:04:28Z</time></trkpt>
<trkpt lat="37.078977" lon="-121.892974"><ele>455.5</ele><time>2021-12-11T16:04:29Z</time></trkpt>
<trkpt lat="37.078968" lon="-121.892887"><ele>455.2</ele><time>2021-12-11T16:04:32Z</time></trkpt>
<trkpt lat="37.079050" lon="-121.892871"><ele>454.7</ele><time>2021-12-11T16:04:33Z</time></trkpt>
<trkpt lat="37.079047" lon="-121.892975"><ele>454.1</ele><time>2021-12-11T16:04:35Z</time></trkpt>
<trkpt lat="37.079151" lon="-121.893089"><ele>453.1</ele><time>2021-12-11T16:04:36Z</time></trkpt>
<trkpt lat="37.079205" lon="-121.893223"><ele>452.1</ele><time>2021-12-11T16:04:38Z</time></trkpt>
<trkpt lat="37.079154" lon="-121.893326"><ele>449.0</ele><time>2021-12-11T16:04:40Z</time></trkpt>
<trkpt lat="37.079153" lon="-121.893388"><ele>447.0</ele><time>2021-12-11T16:04:41Z</time></trkpt>
<trkpt lat="37.079189" lon="-121.893430"><ele>443.5</ele><time>2021-12-11T16:04:42Z</time></trkpt>
<trkpt lat="37.079156" lon="-121.893509"><ele>443.9</ele><time>2021-12-11T16:04:43Z</time></trkpt>
<trkpt lat="37.079180" lon="-121.893669"><ele>444.6</ele><time>2021-12-11T16:04:45Z</time></trkpt>
<trkpt lat="37.079106" lon="-121.893792"><ele>445.4</ele><time>2021-12-11T16:04:47Z</time></trkpt>
<trkpt lat="37.079107" lon="-121.893936"><ele>445.4</ele><time>2021-12-11T16:04:50Z</time></trkpt>
<trkpt lat="37.079106" lon="-121.893794"><ele>444.8</ele><time>2021-12-11T16:04:53Z</time></trkpt>
<trkpt lat="37.079313" lon="-121.893394"><ele>443.2</ele><time>2021-12-11T16:04:57Z</time></trkpt>
<trkpt lat="37.079262" lon="-121.893360"><ele>442.9</ele><time>2021-12-11T16:04:58Z</time></trkpt>
<trkpt lat="37.079289" lon="-121.893343"><ele>442.7</ele><time>2021-12-11T16:04:59Z</time></trkpt>
<trkpt lat="37.079300" lon="-121.893214"><ele>442.0</ele><time>2021-12-11T16:05:02Z</time></trkpt>
<trkpt lat="37.079337" lon="-121.893220"><ele>441.7</ele><time>2021-12-11T16:05:04Z</time></trkpt>
<trkpt lat="37.079350" lon="-121.893805"><ele>438.3</ele><time>2021-12-11T16:05:10Z</time></trkpt>
<trkpt lat="37.079404" lon="-121.894144"><ele>436.5</ele><time>2021-12-11T16:05:14Z</time></trkpt>
<trkpt lat="37.079375" lon="-121.894319"><ele>435.5</ele><time>2021-12-11T16:05:16Z</time></trkpt>
<trkpt lat="37.079440" lon="-121.894244"><ele>435.0</ele><time>2021-12-11T16:05:19Z</time></trkpt>
<trkpt lat="37.079490" lon="-121.893968"><ele>433.7</ele><time>2021-12-11T16:05:22Z</time></trkpt>
<trkpt lat="37.079493" lon="-121.893724"><ele>432.3</ele><time>2021-12-11T16:05:27Z</time></trkpt>
<trkpt lat="37.079567" lon="-121.893728"><ele>431.6</ele><time>2021-12-11T16:05:30Z</time></trkpt>
<trkpt lat="37.079628" lon="-121.894117"><ele>429.0</ele><time>2021-12-11T16:05:36Z</time></trkpt>
<trkpt lat="37.079754" lon="-121.894202"><ele>428.0</ele><time>2021-12-11T16:05:38Z</time></trkpt>
<trkpt lat="37.079757" lon="-121.894261"><ele>427.7</ele><time>2021-12-11T16:05:39Z</time></trkpt>
<trkpt lat="37.079869" lon="-121.894453"><ele>426.7</ele><time>2021-12-11T16:05:41Z</time></trkpt>
<trkpt lat="37.079859" lon="-121.894557"><ele>426.4</ele><time>2021-12-11T16:05:43Z</time></trkpt>
<trkpt lat="37.079755" lon="-121.894604"><ele>426.1</ele><time>2021-12-11T16:05:44Z</time></trkpt>
<trkpt lat="37.079595" lon="-121.894794"><ele>425.3</ele><time>2021-12-11T16:05:50Z</time></trkpt>
<trkpt lat="37.079671" lon="-121.894859"><ele>424.9</ele><time>2021-12-11T16:05:51Z</time></trkpt>
<trkpt lat="37.079764" lon="-121.894870"><ele>424.6</ele><time>2021-12-11T16:05:52Z</time></trkpt>
<trkpt lat="37.079741" lon="-121.895029"><ele>424.3</ele><time>2021-12-11T16:05:54Z</time></trkpt>
<trkpt lat="37.079775" lon="-121.895130"><ele>424.1</ele><time>2021-12-11T16:05:56Z</time></trkpt>
<trkpt lat="37.079814" lon="-121.895107"><ele>423.9</ele><time>2021-12-11T16:05:58Z</time></trkpt>
<trkpt lat="37.079797" lon="-121.895140"><ele>423.8</ele><time>2021-12-11T16:06:01Z</time></trkpt>
<trkpt lat="37.079847" lon="-121.895326"><ele>423.1</ele><time>2021-12-11T16:06:03Z</time></trkpt>
<trkpt lat="37.079715" lon="-121.895415"><ele>422.0</ele><time>2021-12-11T16:06:06Z</time></trkpt>
<trkpt lat="37.079633" lon="-121.895605"><ele>420.7</ele><time>2021-12-11T16:06:09Z</time></trkpt>
<trkpt lat="37.079723" lon="-121.895700"><ele>419.9</ele><time>2021-12-11T16:06:10Z</time></trkpt>
<trkpt lat="37.079801" lon="-121.895865"><ele>419.0</ele><time>2021-12-11T16:06:13Z</time></trkpt>
<trkpt lat="37.079822" lon="-121.895823"><ele>418.7</ele><time>2021-12-11T16:06:15Z</time></trkpt>
<trkpt lat="37.079795" lon="-121.895731"><ele>418.2</ele><time>2021-12-11T16:06:16Z</time></trkpt>
<trkpt lat="37.079819" lon="-121.895579"><ele>417.2</ele><time>2021-12-11T16:06:18Z</time></trkpt>
<trkpt lat="37.079875" lon="-121.895518"><ele>416.6</ele><time>2021-12-11T16:06:19Z</time></trkpt>
<trkpt lat="37.079901" lon="-121.895547"><ele>416.3</ele><time>2021-12-11T16:06:20Z</time></trkpt>
<trkpt lat="37.079835" lon="-121.895756"><ele>414.7</ele><time>2021-12-11T16:06:23Z</time></trkpt>
<trkpt lat="37.079901" lon="-121.895953"><ele>413.4</ele><time>2021-12-11T16:06:26Z</time></trkpt>
<trkpt lat="37.079887" lon="-121.896078"><ele>412.9</ele><time>2021-12-11T16:06:28Z</time></trkpt>
<trkpt lat="37.079981" lon="-121.896261"><ele>412.4</ele><time>2021-12-11T16:06:32Z</time></trkpt>
<trkpt lat="37.080139" lon="-121.896244"><ele>412.3</ele><time>2021-12-11T16:06:35Z</time></trkpt>
<trkpt lat="37.080277" lon="-121.896460"><ele>412.3</ele><time>2021-12-11T16:06:39Z</time></trkpt>
<trkpt lat="37.080352" lon="-121.896472"><ele>412.3</ele><time>2021-12-11T16:06:40Z</time></trkpt>
<trkpt lat="37.080387" lon="-121.896554"><ele>412.2</ele><time>2021-12-11T16:06:42Z</time></trkpt>
<trkpt lat="37.080399" lon="-121.896838"><ele>411.9</ele><time>2021-12-11T16:06:46Z</time></trkpt>
<trkpt lat="37.080377" lon="-121.896897"><ele>411.8</ele><time>2021-12-11T16:06:47Z</time></trkpt>
<trkpt lat="37.080306" lon="-121.896950"><ele>411.7</ele><time>2021-12-11T16:06:48Z</time></trkpt>
<trkpt lat="37.080245" lon="-121.897199"><ele>411.4</ele><time>2021-12-11T16:06:52Z</time></trkpt>
<trkpt lat="37.080301" lon="-121.897391"><ele>411.2</ele><time>2021-12-11T16:06:55Z</time></trkpt>
<trkpt lat="37.080266" lon="-121.897544"><ele>411.1</ele><time>2021-12-11T16:07:00Z</time></trkpt>
<trkpt lat="37.080207" lon="-121.897594"><ele>411.1</ele><time>2021-12-11T16:07:02Z</time></trkpt>
<trkpt lat="37.080109" lon="-121.897605"><ele>411.1</ele><time>2021-12-11T16:07:03Z</time></trkpt>
<trkpt lat="37.080075" lon="-121.897659"><ele>411.2</ele><time>2021-12-11T16:07:06Z</time></trkpt>
<trkpt lat="37.079968" lon="-121.897650"><ele>411.6</ele><time>2021-12-11T16:07:09Z</time></trkpt>
<trkpt lat="37.079933" lon="-121.897601"><ele>411.8</ele><time>2021-12-11T16:07:12Z</time></trkpt>
<trkpt lat="37.079917" lon="-121.897480"><ele>412.2</ele><time>2021-12-11T16:07:17Z</time></trkpt>
<trkpt lat="37.079992" lon="-121.897503"><ele>412.5</ele><time>2021-12-11T16:07:22Z</time></trkpt>
<trkpt lat="37.079926" lon="-121.897621"><ele>412.9</ele><time>2021-12-11T16:07:29Z</time></trkpt>
<trkpt lat="37.079931" lon="-121.897795"><ele>413.1</ele><time>2021-12-11T16:07:33Z</time></trkpt>
<trkpt lat="37.079929" lon="-121.897686"><ele>413.6</ele><time>2021-12-11T16:07:34Z</time></trkpt>
<trkpt lat="37.080033" lon="-121.897704"><ele>414.4</ele><time>2021-12-11T16:07:44Z</time></trkpt>
<trkpt lat="37.079992" lon="-121.897555"><ele>415.3</ele><time>2021-12-11T16:10:03Z</time></trkpt>
<trkpt lat="37.080009" lon="-121.897505"><ele>415.9</ele><time>2021-12-11T16:10:09Z</time></trkpt>
<trkpt lat="37.080033" lon="-121.897526"><ele>416.1</ele><time>2021-12-11T16:10:10Z</time></trkpt>
<trkpt lat="37.080003" lon="-121.897569"><ele>416.3</ele><time>2021-12-11T16:10:15Z</time></trkpt>
<trkpt lat="37.079989" lon="-121.897473"><ele>416.9</ele><time>2021-12-11T16:10:19Z</time></trkpt>
<trkpt lat="37.079968" lon="-121.897448"><ele>417.0</ele><time>2021-12-11T16:10:21Z</time></trkpt>
<trkpt lat="37.079949" lon="-121.897479"><ele>417.2</ele><time>2021-12-11T16:10:23Z</time></trkpt>
<trkpt lat="37.079897" lon="-121.897467"><ele>417.5</ele><time>2021-12-11T16:10:25Z</time></trkpt>
<trkpt lat="37.079874" lon="-121.897405"><ele>417.9</ele><time>2021-12-11T16:10:32Z</time></trkpt>
<trkpt lat="37.079890" lon="-121.897284"><ele>418.5</ele><time>2021-12-11T16:10:40Z</time></trkpt>
<trkpt lat="37.079967" lon="-121.897214"><ele>419.0</ele><time>2021-12-11T16:10:44Z</time></trkpt>
<trkpt lat="37.080097" lon="-121.897342"><ele>418.0</ele><time>2021-12-11T16:10:57Z</time></trkpt>
<trkpt lat="37.080215" lon="-121.897379"><ele>417.3</ele><time>2021-12-11T16:10:58Z</time></trkpt>
<trkpt lat="37.080047" lon="-121.897318"><ele>416.2</ele><time>2021-12-11T16:10:59Z</time></trkpt>
<trkpt lat="37.080101" lon="-121.897457"><ele>415.2</ele><time>2021-12-11T16:11:06Z</time></trkpt>
<trkpt lat="37.080069" lon="-121.897656"><ele>414.0</ele><time>2021-12-11T16:11:10Z</time></trkpt>
<trkpt lat="37.080112" lon="-121.898136"><ele>411.1</ele><time>2021-12-11T16:11:15Z</time></trkpt>
<trkpt lat="37.080055" lon="-121.898163"><ele>410.7</ele><time>2021-12-11T16:11:16Z</time></trkpt>
<trkpt lat="37.079949" lon="-121.898516"><ele>409.3</ele><time>2021-12-11T16:11:19Z</time></trkpt>
<trkpt lat="37.079927" lon="-121.898549"><ele>409.1</ele><time>2021-12-11T16:11:20Z</time></trkpt>
<trkpt lat="37.079865" lon="-121.898528"><ele>408.6</ele><time>2021-12-11T16:11:21Z</time></trkpt>
<trkpt lat="37.079827" lon="-121.898603"><ele>408.0</ele><time>2021-12-11T16:11:22Z</time></trkpt>
<trkpt lat="37.079917" lon="-121.898554"><ele>407.2</ele><time>2021-12-11T16:11:23Z</time></trkpt>
<trkpt lat="37.079913" lon="-121.898445"><ele>406.4</ele><time>2021-12-11T16:11:26Z</time></trkpt>
<trkpt lat="37.079988" lon="-121.898368"><ele>405.6</ele><time>2021-12-11T16:11:28Z</time></trkpt>
<trkpt lat="37.080237" lon="-121.898337"><ele>403.5</ele><time>2021-12-11T16:11:31Z</time></trkpt>
<trkpt lat="37.080265" lon="-121.898353"><ele>403.2</ele><time>2021-12-11T16:11:32Z</time></trkpt>
<trkpt lat="37.080263" lon="-121.898514"><ele>401.8</ele><time>2021-12-11T16:11:33Z</time></trkpt>
<trkpt lat="37.080121" lon="-121.898608"><ele>399.8</ele><time>2021-12-11T16:11:35Z</time></trkpt>
<trkpt lat="37.080236" lon="-121.898695"><ele>398.0</ele><time>2021-12-11T16:11:37Z</time></trkpt>
<trkpt lat="37.080324" lon="-121.898573"><ele>396.1</ele><time>2021-12-11T16:11:39Z</time></trkpt>
<trkpt lat="37.080421" lon="-121.898589"><ele>394.8</ele><time>2021-12-11T16:11:40Z</time></trkpt>
<trkpt lat="37.080343" lon="-121.898713"><ele>393.5</ele><time>2021-12-11T16:11:42Z</time></trkpt>
<trkpt lat="37.080332" lon="-121.898850"><ele>392.6</ele><time>2021-12-11T16:11:43Z</time></trkpt>
<trkpt lat="37.080287" lon="-121.898965"><ele>391.8</ele><time>2021-12-11T16:11:44Z</time></trkpt>
<trkpt lat="37.080064" lon="-121.899165"><ele>389.0</ele><time>2021-12-11T16:11:48Z</time></trkpt>
<trkpt lat="37.080069" lon="-121.899254"><ele>388.2</ele><time>2021-12-11T16:11:50Z</time></trkpt>
<trkpt lat="37.080121" lon="-121.899354"><ele>387.4</ele><time>2021-12-11T16:11:52Z</time></trkpt>
<trkpt lat="37.080202" lon="-121.899222"><ele>386.5</ele><time>2021-12-11T16:11:54Z</time></trkpt>
<trkpt lat="37.080587" lon="-121.898969"><ele>383.6</ele><time>2021-12-11T16:11:58Z</time></trkpt>
<trkpt lat="37.080649" lon="-121.898669"><ele>382.0</ele><time>2021-12-11T16:12:01Z</time></trkpt>
<trkpt lat="37.080844" lon="-121.898358"><ele>380.9</ele><time>2021-12-11T16:12:05Z</time></trkpt>
<trkpt lat="37.080880" lon="-121.898252"><ele>380.7</ele><time>2021-12-11T16:12:06Z</time></trkpt>
<trkpt lat="37.081026" lon="-121.898110"><ele>380.2</ele><time>2021-12-11T16:12:09Z</time></trkpt>
<trkpt lat="37.081087" lon="-121.897808"><ele>379.4</ele><time>2021-12-11T16:12:13Z</time></trkpt>
<trkpt lat="37.081199" lon="-121.897604"><ele>378.7</ele><time>2021-12-11T16:12:16Z</time></trkpt>
<trkpt lat="37.081181" lon="-121.897533"><ele>378.4</ele><time>2021-12-11T16:12:17Z</time></trkpt>
<trkpt lat="37.081231" lon="-121.897496"><ele>378.2</ele><time>2021-12-11T16:12:18Z</time></trkpt>
<trkpt lat="37.081296" lon="-121.897324"><ele>377.2</ele><time>2021-12-11T16:12:20Z</time></trkpt>
<trkpt lat="37.081321" lon="-121.897124"><ele>376.1</ele><time>2021-12-11T16:12:22Z</time></trkpt>
<trkpt lat="37.081435" lon="-121.896805"><ele>373.6</ele><time>2021-12-11T16:12:26Z</time></trkpt>
<trkpt lat="37.081375" lon="-121.896613"><ele>372.3</ele><time>2021-12-11T16:12:29Z</time></trkpt>
<trkpt lat="37.081109" lon="-121.896266"><ele>370.2</ele><time>2021-12-11T16:12:36Z</time></trkpt>
<trkpt lat="37.081044" lon="-121.896125"><ele>369.7</ele><time>2021-12-11T16:12:38Z</time></trkpt>
<trkpt lat="37.081108" lon="-121.896043"><ele>369.4</ele><time>2021-12-11T16:12:40Z</time></trkpt>
<trkpt lat="37.081398" lon="-121.896535"><ele>365.5</ele><time>2021-12-11T16:12:46Z</time></trkpt>
<trkpt lat="37.081585" lon="-121.896555"><ele>364.1</ele><time>2021-12-11T16:12:48Z</time></trkpt>
<trkpt lat="37.081694" lon="-121.896616"><ele>363.2</ele><time>2021-12-11T16:12:50Z</time></trkpt>
<trkpt lat="37.081705" lon="-121.896775"><ele>362.1</ele><time>2021-12-11T16:12:51Z</time></trkpt>
<trkpt lat="37.081617" lon="-121.897014"><ele>360.4</ele><time>2021-12-11T16:12:53Z</time></trkpt>
<trkpt lat="37.081683" lon="-121.897188"><ele>359.0</ele><time>2021-12-11T16:12:57Z</time></trkpt>
<trkpt lat="37.081689" lon="-121.897355"><ele>358.0</ele><time>2021-12-11T16:13:00Z</time></trkpt>
<trkpt lat="37.081750" lon="-121.897569"><ele>356.5</ele><time>2021-12-11T16:13:03Z</time></trkpt>
<trkpt lat="37.081811" lon="-121.897640"><ele>355.9</ele><time>2021-12-11T16:13:04Z</time></trkpt>
<trkpt lat="37.081797" lon="-121.897698"><ele>355.6</ele><time>2021-12-11T16:13:05Z</time></trkpt>
<trkpt lat="37.082052" lon="-121.897734"><ele>354.0</ele><time>2021-12-11T16:13:08Z</time></trkpt>
<trkpt lat="37.082101" lon="-121.897899"><ele>353.0</ele><time>2021-12-11T16:13:10Z</time></trkpt>
<trkpt lat="37.081909" lon="-121.898160"><ele>350.6</ele><time>2021-12-11T16:13:14Z</time></trkpt>
<trkpt lat="37.081814" lon="-121.898223"><ele>349.8</ele><time>2021-12-11T16:13:15Z</time></trkpt>
<trkpt lat="37.081789" lon="-121.898291"><ele>349.4</ele><time>2021-12-11T16:13:16Z</time></trkpt>
<trkpt lat="37.081916" lon="-121.898437"><ele>347.9</ele><time>2021-12-11T16:13:19Z</time></trkpt>
<trkpt lat="37.081998" lon="-121.898373"><ele>346.8</ele><time>2021-12-11T16:13:21Z</time></trkpt>
<trkpt lat="37.082096" lon="-121.898159"><ele>344.8</ele><time>2021-12-11T16:13:24Z</time></trkpt>
<trkpt lat="37.082281" lon="-121.898003"><ele>342.8</ele><time>2021-12-11T16:13:27Z</time></trkpt>
<trkpt lat="37.082316" lon="-121.898041"><ele>342.4</ele><time>2021-12-11T16:13:28Z</time></trkpt>
<trkpt lat="37.082319" lon="-121.898190"><ele>341.4</ele><time>2021-12-11T16:13:29Z</time></trkpt>
<trkpt lat="37.082239" lon="-121.898228"><ele>340.7</ele><time>2021-12-11T16:13:31Z</time></trkpt>
<trkpt lat="37.082188" lon="-121.898328"><ele>340.1</ele><time>2021-12-11T16:13:32Z</time></trkpt>
<trkpt lat="37.082084" lon="-121.898748"><ele>337.6</ele><time>2021-12-11T16:13:38Z</time></trkpt>
<trkpt lat="37.082012" lon="-121.898881"><ele>336.7</ele><time>2021-12-11T16:13:39Z</time></trkpt>
<trkpt lat="37.081966" lon="-121.899054"><ele>335.7</ele><time>2021-12-11T16:13:41Z</time></trkpt>
<trkpt lat="37.082014" lon="-121.899308"><ele>334.5</ele><time>2021-12-11T16:13:44Z</time></trkpt>
<trkpt lat="37.081997" lon="-121.899385"><ele>334.2</ele><time>2021-12-11T16:13:45Z</time></trkpt>
<trkpt lat="37.082057" lon="-121.899622"><ele>333.3</ele><time>2021-12-11T16:13:49Z</time></trkpt>
<trkpt lat="37.081982" lon="-121.899725"><ele>332.9</ele><time>2021-12-11T16:13:51Z</time></trkpt>
<trkpt lat="37.081914" lon="-121.899936"><ele>332.5</ele><time>2021-12-11T16:13:56Z</time></trkpt>
<trkpt lat="37.081915" lon="-121.900054"><ele>332.4</ele><time>2021-12-11T16:13:58Z</time></trkpt>
<trkpt lat="37.081983" lon="-121.900246"><ele>332.4</ele><time>2021-12-11T16:14:02Z</time></trkpt>
<trkpt lat="37.081951" lon="-121.900302"><ele>332.5</ele><time>2021-12-11T16:14:03Z</time></trkpt>
<trkpt lat="37.081903" lon="-121.900261"><ele>332.5</ele><time>2021-12-11T16:14:04Z</time></trkpt>
<trkpt lat="37.081861" lon="-121.900377"><ele>332.6</ele><time>2021-12-11T16:14:08Z</time></trkpt>
<trkpt lat="37.081759" lon="-121.900428"><ele>332.6</ele><time>2021-12-11T16:14:11Z</time></trkpt>
<trkpt lat="37.081736" lon="-121.900509"><ele>332.6</ele><time>2021-12-11T16:14:13Z</time></trkpt>
<trkpt lat="37.081690" lon="-121.900503"><ele>332.5</ele><time>2021-12-11T16:14:14Z</time></trkpt>
<trkpt lat="37.081628" lon="-121.900672"><ele>332.3</ele><time>2021-12-11T16:14:16Z</time></trkpt>
<trkpt lat="37.081624" lon="-121.900711"><ele>332.2</ele><time>2021-12-11T16:14:17Z</time></trkpt>
<trkpt lat="37.081699" lon="-121.900775"><ele>331.9</ele><time>2021-12-11T16:14:18Z</time></trkpt>
<trkpt lat="37.081736" lon="-121.900888"><ele>331.6</ele><time>2021-12-11T16:14:20Z</time></trkpt>
<trkpt lat="37.081721" lon="-121.901045"><ele>332.5</ele><time>2021-12-11T16:14:22Z</time></trkpt>
<trkpt lat="37.081726" lon="-121.901009"><ele>332.8</ele><time>2021-12-11T16:14:25Z</time></trkpt>
<trkpt lat="37.081653" lon="-121.900935"><ele>333.7</ele><time>2021-12-11T16:14:29Z</time></trkpt>
<trkpt lat="37.081514" lon="-121.900883"><ele>335.4</ele><time>2021-12-11T16:14:43Z</time></trkpt>
<trkpt lat="37.081449" lon="-121.900748"><ele>336.8</ele><time>2021-12-11T16:14:58Z</time></trkpt>
<trkpt lat="37.081511" lon="-121.900606"><ele>337.6</ele><time>2021-12-11T16:15:10Z</time></trkpt>
<trkpt lat="37.081615" lon="-121.900595"><ele>336.7</ele><time>2021-12-11T16:16:43Z</time></trkpt>
<trkpt lat="37.081592" lon="-121.900603"><ele>336.5</ele><time>2021-12-11T16:16:45Z</time></trkpt>
<trkpt lat="37.081638" lon="-121.900622"><ele>336.1</ele><time>2021-12-11T16:16:47Z</time></trkpt>
<trkpt lat="37.081556" lon="-121.900648"><ele>335.2</ele><time>2021-12-11T16:16:55Z</time></trkpt>
<trkpt lat="37.081621" lon="-121.900944"><ele>333.1</ele><time>2021-12-11T16:17:03Z</time></trkpt>
<trkpt lat="37.081809" lon="-121.901047"><ele>329.5</ele><time>2021-12-11T16:17:06Z</time></trkpt>
<trkpt lat="37.081868" lon="-121.901121"><ele>328.7</ele><time>2021-12-11T16:17:07Z</time></trkpt>
<trkpt lat="37.081941" lon="-121.901425"><ele>326.0</ele><time>2021-12-11T16:17:10Z</time></trkpt>
<trkpt lat="37.081955" lon="-121.901523"><ele>325.2</ele><time>2021-12-11T16:17:11Z</time></trkpt>
<trkpt lat="37.081913" lon="-121.901613"><ele>324.5</ele><time>2021-12-11T16:17:12Z</time></trkpt>
<trkpt lat="37.081918" lon="-121.901703"><ele>323.9</ele><time>2021-12-11T16:17:13Z</time></trkpt>
<trkpt lat="37.082034" lon="-121.901888"><ele>322.5</ele><time>2021-12-11T16:17:15Z</time></trkpt>
<trkpt lat="37.082086" lon="-121.902170"><ele>321.4</ele><time>2021-12-11T16:17:18Z</time></trkpt>
<trkpt lat="37.082051" lon="-121.902105"><ele>321.2</ele><time>2021-12-11T16:17:19Z</time></trkpt>
<trkpt lat="37.082126" lon="-121.902345"><ele>320.6</ele><time>2021-12-11T16:17:25Z</time></trkpt>
<trkpt lat="37.082103" lon="-121.902751"><ele>318.9</ele><time>2021-12-11T16:17:30Z</time></trkpt>
<trkpt lat="37.082224" lon="-121.903180"><ele>317.0</ele><time>2021-12-11T16:17:34Z</time></trkpt>
<trkpt lat="37.082186" lon="-121.903295"><ele>316.5</ele><time>2021-12-11T16:17:35Z</time></trkpt>
<trkpt lat="37.082242" lon="-121.903474"><ele>315.8</ele><time>2021-12-11T16:17:37Z</time></trkpt>
<trkpt lat="37.082197" lon="-121.903669"><ele>315.2</ele><time>2021-12-11T16:17:39Z</time></trkpt>
<trkpt lat="37.082307" lon="-121.904044"><ele>313.8</ele><time>2021-12-11T16:17:43Z</time></trkpt>
<trkpt lat="37.082329" lon="-121.904161"><ele>313.1</ele><time>2021-12-11T16:17:44Z</time></trkpt>
<trkpt lat="37.082309" lon="-121.904280"><ele>312.4</ele><time>2021-12-11T16:17:45Z</time></trkpt>
<trkpt lat="37.082354" lon="-121.904498"><ele>311.1</ele><time>2021-12-11T16:17:48Z</time></trkpt>
<trkpt lat="37.082420" lon="-121.904350"><ele>310.4</ele><time>2021-12-11T16:17:50Z</time></trkpt>
<trkpt lat="37.082448" lon="-121.904122"><ele>309.5</ele><time>2021-12-11T16:17:52Z</time></trkpt>
<trkpt lat="37.082510" lon="-121.904025"><ele>308.8</ele><time>2021-12-11T16:17:53Z</time></trkpt>
<trkpt lat="37.082524" lon="-121.903933"><ele>308.2</ele><time>2021-12-11T16:17:54Z</time></trkpt>
<trkpt lat="37.082486" lon="-121.903834"><ele>307.6</ele><time>2021-12-11T16:17:55Z</time></trkpt>
<trkpt lat="37.082581" lon="-121.903680"><ele>306.6</ele><time>2021-12-11T16:17:57Z</time></trkpt>
<trkpt lat="37.082580" lon="-121.903591"><ele>306.2</ele><time>2021-12-11T16:17:58Z</time></trkpt>
<trkpt lat="37.082750" lon="-121.903325"><ele>304.6</ele><time>2021-12-11T16:18:02Z</time></trkpt>
<trkpt lat="37.082819" lon="-121.903287"><ele>304.2</ele><time>2021-12-11T16:18:03Z</time></trkpt>
<trkpt lat="37.082895" lon="-121.903410"><ele>303.4</ele><time>2021-12-11T16:18:05Z</time></trkpt>
<trkpt lat="37.082881" lon="-121.903963"><ele>299.4</ele><time>2021-12-11T16:18:09Z</time></trkpt>
<trkpt lat="37.082918" lon="-121.904202"><ele>298.0</ele><time>2021-12-11T16:18:11Z</time></trkpt>
<trkpt lat="37.082820" lon="-121.904372"><ele>297.0</ele><time>2021-12-11T16:18:15Z</time></trkpt>
<trkpt lat="37.082882" lon="-121.904399"><ele>296.5</ele><time>2021-12-11T16:18:16Z</time></trkpt>
<trkpt lat="37.082912" lon="-121.904462"><ele>296.0</ele><time>2021-12-11T16:18:17Z</time></trkpt>
<trkpt lat="37.083017" lon="-121.904320"><ele>294.6</ele><time>2021-12-11T16:18:18Z</time></trkpt>
<trkpt lat="37.083176" lon="-121.903892"><ele>291.2</ele><time>2021-12-11T16:18:23Z</time></trkpt>
<trkpt lat="37.083225" lon="-121.903864"><ele>290.7</ele><time>2021-12-11T16:18:24Z</time></trkpt>
<trkpt lat="37.083290" lon="-121.903747"><ele>289.5</ele><time>2021-12-11T16:18:25Z</time></trkpt>
<trkpt lat="37.083366" lon="-121.903869"><ele>288.0</ele><time>2021-12-11T16:18:27Z</time></trkpt>
<trkpt lat="37.083391" lon="-121.904116"><ele>286.0</ele><time>2021-12-11T16:18:29Z</time></trkpt>
<trkpt lat="37.083374" lon="-121.904344"><ele>284.6</ele><time>2021-12-11T16:18:31Z</time></trkpt>
<trkpt lat="37.083343" lon="-121.904444"><ele>283.9</ele><time>2021-12-11T16:18:32Z</time></trkpt>
<trkpt lat="37.083279" lon="-121.904501"><ele>283.2</ele><time>2021-12-11T16:18:33Z</time></trkpt>
<trkpt lat="37.083253" lon="-121.904613"><ele>282.1</ele><time>2021-12-11T16:18:35Z</time></trkpt>
<trkpt lat="37.083337" lon="-121.904486"><ele>280.3</ele><time>2021-12-11T16:18:37Z</time></trkpt>
<trkpt lat="37.083346" lon="-121.904394"><ele>279.3</ele><time>2021-12-11T16:18:38Z</time></trkpt>
<trkpt lat="37.083383" lon="-121.904422"><ele>278.7</ele><time>2021-12-11T16:18:39Z</time></trkpt>
<trkpt lat="37.083407" lon="-121.904466"><ele>278.1</ele><time>2021-12-11T16:18:40Z</time></trkpt>
<trkpt lat="37.083363" lon="-121.904728"><ele>275.6</ele><time>2021-12-11T16:18:43Z</time></trkpt>
<trkpt lat="37.083424" lon="-121.904844"><ele>274.6</ele><time>2021-12-11T16:18:45Z</time></trkpt>
<trkpt lat="37.083417" lon="-121.904887"><ele>274.3</ele><time>2021-12-11T16:18:46Z</time></trkpt>
<trkpt lat="37.083270" lon="-121.904980"><ele>273.0</ele><time>2021-12-11T16:18:48Z</time></trkpt>
<trkpt lat="37.083203" lon="-121.905118"><ele>272.0</ele><time>2021-12-11T16:18:50Z</time></trkpt>
<trkpt lat="37.083088" lon="-121.905252"><ele>271.0</ele><time>2021-12-11T16:18:53Z</time></trkpt>
<trkpt lat="37.083125" lon="-121.905315"><ele>270.7</ele><time>2021-12-11T16:18:54Z</time></trkpt>
<trkpt lat="37.083135" lon="-121.905421"><ele>270.4</ele><time>2021-12-11T16:18:55Z</time></trkpt>
<trkpt lat="37.083034" lon="-121.905695"><ele>269.6</ele><time>2021-12-11T16:18:59Z</time></trkpt>
<trkpt lat="37.083086" lon="-121.905689"><ele>269.4</ele><time>2021-12-11T16:19:00Z</time></trkpt>
<trkpt lat="37.083060" lon="-121.905824"><ele>269.0</ele><time>2021-12-11T16:19:02Z</time></trkpt>
<trkpt lat="37.083095" lon="-121.905909"><ele>268.6</ele><time>2021-12-11T16:19:04Z</time></trkpt>
<trkpt lat="37.083080" lon="-121.906081"><ele>267.5</ele><time>2021-12-11T16:19:07Z</time></trkpt>
<trkpt lat="37.083135" lon="-121.906119"><ele>266.8</ele><time>2021-12-11T16:19:08Z</time></trkpt>
<trkpt lat="37.083238" lon="-121.905941"><ele>264.9</ele><time>2021-12-11T16:19:10Z</time></trkpt>
<trkpt lat="37.083301" lon="-121.905750"><ele>263.2</ele><time>2021-12-11T16:19:12Z</time></trkpt>
<trkpt lat="37.083270" lon="-121.905529"><ele>261.5</ele><time>2021-12-11T16:19:14Z</time></trkpt>
<trkpt lat="37.083281" lon="-121.905360"><ele>260.3</ele><time>2021-12-11T16:19:16Z</time></trkpt>
<trkpt lat="37.083357" lon="-121.905302"><ele>259.5</ele><time>2021-12-11T16:19:17Z</time></trkpt>
<trkpt lat="37.083409" lon="-121.905341"><ele>258.9</ele><time>2021-12-11T16:19:18Z</time></trkpt>
<trkpt lat="37.083509" lon="-121.905342"><ele>258.0</ele><time>2021-12-11T16:19:19Z</time></trkpt>
<trkpt lat="37.083564" lon="-121.905294"><ele>257.5</ele><time>2021-12-11T16:19:20Z</time></trkpt>
<trkpt lat="37.083607" lon="-121.905314"><ele>257.1</ele><time>2021-12-11T16:19:21Z</time></trkpt>
<trkpt lat="37.083657" lon="-121.905280"><ele>256.6</ele><time>2021-12-11T16:19:22Z</time></trkpt>
<trkpt lat="37.083842" lon="-121.905076"><ele>254.9</ele><time>2021-12-11T16:19:25Z</time></trkpt>
<trkpt lat="37.083869" lon="-121.904937"><ele>254.4</ele><time>2021-12-11T16:19:27Z</time></trkpt>
<trkpt lat="37.083943" lon="-121.904812"><ele>253.9</ele><time>2021-12-11T16:19:29Z</time></trkpt>
<trkpt lat="37.084036" lon="-121.904761"><ele>253.4</ele><time>2021-12-11T16:19:31Z</time></trkpt>
<trkpt lat="37.084124" lon="-121.904782"><ele>252.8</ele><time>2021-12-11T16:19:32Z</time></trkpt>
<trkpt lat="37.084296" lon="-121.904982"><ele>251.0</ele><time>2021-12-11T16:19:35Z</time></trkpt>
<trkpt lat="37.084398" lon="-121.905034"><ele>250.1</ele><time>2021-12-11T16:19:37Z</time></trkpt>
<trkpt lat="37.084629" lon="-121.904874"><ele>248.1</ele><time>2021-12-11T16:19:41Z</time></trkpt>
<trkpt lat="37.084742" lon="-121.904838"><ele>247.6</ele><time>2021-12-11T16:19:42Z</time></trkpt>
<trkpt lat="37.084935" lon="-121.904902"><ele>246.8</ele><time>2021-12-11T16:19:45Z</time></trkpt>
<trkpt lat="37.084993" lon="-121.904507"><ele>245.4</ele><time>2021-12-11T16:19:53Z</time></trkpt>
<trkpt lat="37.084974" lon="-121.904394"><ele>245.7</ele><time>2021-12-11T16:19:55Z</time></trkpt>
<trkpt lat="37.085004" lon="-121.904071"><ele>247.2</ele><time>2021-12-11T16:20:01Z</time></trkpt>
<trkpt lat="37.084981" lon="-121.904085"><ele>247.4</ele><time>2021-12-11T16:20:02Z</time></trkpt>
<trkpt lat="37.084941" lon="-121.904018"><ele>247.9</ele><time>2021-12-11T16:20:06Z</time></trkpt>
<trkpt lat="37.084918" lon="-121.904043"><ele>248.1</ele><time>2021-12-11T16:20:08Z</time></trkpt>
<trkpt lat="37.084905" lon="-121.903947"><ele>248.7</ele><time>2021-12-11T16:20:13Z</time></trkpt>
<trkpt lat="37.084970" lon="-121.903909"><ele>249.1</ele><time>2021-12-11T16:20:17Z</time></trkpt>
<trkpt lat="37.084993" lon="-121.903785"><ele>249.7</ele><time>2021-12-11T16:20:22Z</time></trkpt>
<trkpt lat="37.084972" lon="-121.903785"><ele>249.8</ele><time>2021-12-11T16:20:23Z</time></trkpt>
<trkpt lat="37.085009" lon="-121.903708"><ele>250.3</ele><time>2021-12-11T16:20:27Z</time></trkpt>
<trkpt lat="37.085014" lon="-121.903756"><ele>250.5</ele><time>2021-12-11T16:20:34Z</time></trkpt>
<trkpt lat="37.085266" lon="-121.903736"><ele>251.8</ele><time>2021-12-11T16:21:28Z</time></trkpt>
<trkpt lat="37.085305" lon="-121.903683"><ele>252.2</ele><time>2021-12-11T16:21:32Z</time></trkpt>
<trkpt lat="37.085290" lon="-121.903670"><ele>252.3</ele><time>2021-12-11T16:21:34Z</time></trkpt>
<trkpt lat="37.085230" lon="-121.903818"><ele>253.0</ele><time>2021-12-11T16:21:36Z</time></trkpt>
<trkpt lat="37.085249" lon="-121.903635"><ele>253.9</ele><time>2021-12-11T16:21:37Z</time></trkpt>
<trkpt lat="37.085079" lon="-121.903621"><ele>255.0</ele><time>2021-12-11T16:21:41Z</time></trkpt>
<trkpt lat="37.085022" lon="-121.903662"><ele>255.4</ele><time>2021-12-11T16:21:44Z</time></trkpt>
<trkpt lat="37.084996" lon="-121.903758"><ele>255.9</ele><time>2021-12-11T16:21:52Z</time></trkpt>
<trkpt lat="37.084996" lon="-121.903568"><ele>256.7</ele><time>2021-12-11T16:21:55Z</time></trkpt>
<trkpt lat="37.085030" lon="-121.903432"><ele>257.4</ele><time>2021-12-11T16:21:59Z</time></trkpt>
<trkpt lat="37.085072" lon="-121.903387"><ele>257.8</ele><time>2021-12-11T16:22:02Z</time></trkpt>
<trkpt lat="37.085076" lon="-121.903307"><ele>258.2</ele><time>2021-12-11T16:22:06Z</time></trkpt>
<trkpt lat="37.084985" lon="-121.902762"><ele>261.7</ele><time>2021-12-11T16:22:39Z</time></trkpt>
<trkpt lat="37.084897" lon="-121.902599"><ele>263.1</ele><time>2021-12-11T16:22:49Z</time></trkpt>
<trkpt lat="37.084762" lon="-121.902495"><ele>264.5</ele><time>2021-12-11T16:23:00Z</time></trkpt>
<trkpt lat="37.084831" lon="-121.902396"><ele>265.3</ele><time>2021-12-11T16:23:03Z</time></trkpt>
<trkpt lat="37.084742" lon="-121.902253"><ele>266.2</ele><time>2021-12-11T16:23:12Z</time></trkpt>
<trkpt lat="37.084453" lon="-121.901912"><ele>268.4</ele><time>2021-12-11T16:23:35Z</time></trkpt>
<trkpt lat="37.084351" lon="-121.901904"><ele>269.0</ele><time>2021-12-11T16:23:41Z</time></trkpt>
<trkpt lat="37.084377" lon="-121.901787"><ele>269.6</ele><time>2021-12-11T16:23:43Z</time></trkpt>
<trkpt lat="37.084316" lon="-121.901646"><ele>270.4</ele><time>2021-12-11T16:23:51Z</time></trkpt>
<trkpt lat="37.084224" lon="-121.901595"><ele>271.1</ele><time>2021-12-11T16:23:57Z</time></trkpt>
<trkpt lat="37.084174" lon="-121.901629"><ele>271.4</ele><time>2021-12-11T16:24:00Z</time></trkpt>
<trkpt lat="37.084122" lon="-121.901616"><ele>271.8</ele><time>2021-12-11T16:24:04Z</time></trkpt>
<trkpt lat="37.084141" lon="-121.901585"><ele>272.0</ele><time>2021-12-11T16:24:06Z</time></trkpt>
<trkpt lat="37.084072" lon="-121.901544"><ele>272.5</ele><time>2021-12-11T16:24:12Z</time></trkpt>
<trkpt lat="37.084057" lon="-121.901511"><ele>272.7</ele><time>2021-12-11T16:24:16Z</time></trkpt>
<trkpt lat="37.084088" lon="-121.901497"><ele>272.9</ele><time>2021-12-11T16:24:17Z</time></trkpt>
<trkpt lat="37.084060" lon="-121.901448"><ele>273.2</ele><time>2021-12-11T16:24:19Z</time></trkpt>
<trkpt lat="37.083864" lon="-121.901375"><ele>276.7</ele><time>2021-12-11T16:24:32Z</time></trkpt>
<trkpt lat="37.083715" lon="-121.901462"><ele>278.5</ele><time>2021-12-11T16:24:40Z</time></trkpt>
<trkpt lat="37.083909" lon="-121.902058"><ele>281.9</ele><time>2021-12-11T16:25:17Z</time></trkpt>
<trkpt lat="37.084012" lon="-121.902240"><ele>283.4</ele><time>2021-12-11T16:25:26Z</time></trkpt>
<trkpt lat="37.083966" lon="-121.902792"><ele>287.2</ele><time>2021-12-11T16:25:50Z</time></trkpt>
<trkpt lat="37.083786" lon="-121.902905"><ele>289.0</ele><time>2021-12-11T16:26:00Z</time></trkpt>
<trkpt lat="37.083576" lon="-121.902900"><ele>290.9</ele><time>2021-12-11T16:26:10Z</time></trkpt>
<trkpt lat="37.083503" lon="-121.902850"><ele>291.6</ele><time>2021-12-11T16:26:14Z</time></trkpt>
<trkpt lat="37.083468" lon="-121.902763"><ele>292.5</ele><time>2021-12-11T16:26:18Z</time></trkpt>
<trkpt lat="37.083097" lon="-121.902619"><ele>297.1</ele><time>2021-12-11T16:26:47Z</time></trkpt>
<trkpt lat="37.082924" lon="-121.902639"><ele>299.4</ele><time>2021-12-11T16:27:00Z</time></trkpt>
<trkpt lat="37.082830" lon="-121.902518"><ele>301.2</ele><time>2021-12-11T16:27:08Z</time></trkpt>
<trkpt lat="37.082824" lon="-121.902380"><ele>302.4</ele><time>2021-12-11T16:27:14Z</time></trkpt>
<trkpt lat="37.082794" lon="-121.902362"><ele>302.8</ele><time>2021-12-11T16:27:16Z</time></trkpt>
<trkpt lat="37.082819" lon="-121.902270"><ele>303.7</ele><time>2021-12-11T16:27:20Z</time></trkpt>
<trkpt lat="37.082686" lon="-121.902023"><ele>306.3</ele><time>2021-12-11T16:27:35Z</time></trkpt>
<trkpt lat="37.082537" lon="-121.901531"><ele>311.3</ele><time>2021-12-11T16:28:03Z</time></trkpt>
<trkpt lat="37.082334" lon="-121.901056"><ele>318.4</ele><time>2021-12-11T16:28:39Z</time></trkpt>
<trkpt lat="37.082256" lon="-121.900782"><ele>322.8</ele><time>2021-12-11T16:29:02Z</time></trkpt>
<trkpt lat="37.082118" lon="-121.900660"><ele>325.9</ele><time>2021-12-11T16:29:14Z</time></trkpt>
<trkpt lat="37.082082" lon="-121.900547"><ele>327.4</ele><time>2021-12-11T16:29:22Z</time></trkpt>
<trkpt lat="37.081981" lon="-121.900581"><ele>328.7</ele><time>2021-12-11T16:29:28Z</time></trkpt>
<trkpt lat="37.081967" lon="-121.900542"><ele>329.1</ele><time>2021-12-11T16:29:29Z</time></trkpt>
<trkpt lat="37.081915" lon="-121.900880"><ele>330.5</ele><time>2021-12-11T16:29:43Z</time></trkpt>
<trkpt lat="37.081747" lon="-121.900991"><ele>331.7</ele><time>2021-12-11T16:29:52Z</time></trkpt>
<trkpt lat="37.081598" lon="-121.900891"><ele>334.6</ele><time>2021-12-11T16:30:04Z</time></trkpt>
<trkpt lat="37.081504" lon="-121.900724"><ele>337.4</ele><time>2021-12-11T16:30:13Z</time></trkpt>
<trkpt lat="37.081493" lon="-121.900587"><ele>339.3</ele><time>2021-12-11T16:30:21Z</time></trkpt>
<trkpt lat="37.081445" lon="-121.900538"><ele>340.3</ele><time>2021-12-11T16:30:26Z</time></trkpt>
<trkpt lat="37.081428" lon="-121.900449"><ele>341.5</ele><time>2021-12-11T16:30:32Z</time></trkpt>
<trkpt lat="37.081480" lon="-121.900396"><ele>342.6</ele><time>2021-12-11T16:30:34Z</time></trkpt>
<trkpt lat="37.081439" lon="-121.900216"><ele>344.8</ele><time>2021-12-11T16:30:45Z</time></trkpt>
<trkpt lat="37.081409" lon="-121.900178"><ele>345.4</ele><time>2021-12-11T16:30:48Z</time></trkpt>
<trkpt lat="37.081399" lon="-121.900198"><ele>345.6</ele><time>2021-12-11T16:30:49Z</time></trkpt>
<trkpt lat="37.081415" lon="-121.900168"><ele>346.2</ele><time>2021-12-11T16:30:53Z</time></trkpt>
<trkpt lat="37.081432" lon="-121.900188"><ele>346.5</ele><time>2021-12-11T16:30:58Z</time></trkpt>
<trkpt lat="37.081440" lon="-121.900138"><ele>347.1</ele><time>2021-12-11T16:31:51Z</time></trkpt>
<trkpt lat="37.081418" lon="-121.900119"><ele>347.6</ele><time>2021-12-11T16:31:55Z</time></trkpt>
<trkpt lat="37.081434" lon="-121.900103"><ele>348.2</ele><time>2021-12-11T16:31:58Z</time></trkpt>
<trkpt lat="37.081297" lon="-121.899242"><ele>358.3</ele><time>2021-12-11T16:32:44Z</time></trkpt>
<trkpt lat="37.081319" lon="-121.898005"><ele>370.6</ele><time>2021-12-11T16:33:57Z</time></trkpt>
<trkpt lat="37.081348" lon="-121.898034"><ele>371.2</ele><time>2021-12-11T16:34:04Z</time></trkpt>
<trkpt lat="37.081399" lon="-121.897890"><ele>373.0</ele><time>2021-12-11T16:34:23Z</time></trkpt>
<trkpt lat="37.081389" lon="-121.897957"><ele>373.8</ele><time>2021-12-11T16:34:32Z</time></trkpt>
<trkpt lat="37.081368" lon="-121.897878"><ele>374.6</ele><time>2021-12-11T16:35:39Z</time></trkpt>
<trkpt lat="37.081278" lon="-121.897804"><ele>376.1</ele><time>2021-12-11T16:35:47Z</time></trkpt>
<trkpt lat="37.081233" lon="-121.897619"><ele>377.9</ele><time>2021-12-11T16:35:52Z</time></trkpt>
<trkpt lat="37.081143" lon="-121.897475"><ele>379.8</ele><time>2021-12-11T16:36:01Z</time></trkpt>
<trkpt lat="37.081136" lon="-121.897355"><ele>381.2</ele><time>2021-12-11T16:36:08Z</time></trkpt>
<trkpt lat="37.081062" lon="-121.897269"><ele>382.7</ele><time>2021-12-11T16:36:19Z</time></trkpt>
<trkpt lat="37.081139" lon="-121.897087"><ele>385.1</ele><time>2021-12-11T16:36:31Z</time></trkpt>
<trkpt lat="37.080981" lon="-121.896747"><ele>390.8</ele><time>2021-12-11T16:36:55Z</time></trkpt>
<trkpt lat="37.081016" lon="-121.896789"><ele>391.5</ele><time>2021-12-11T16:37:00Z</time></trkpt>
<trkpt lat="37.080963" lon="-121.896834"><ele>392.5</ele><time>2021-12-11T16:37:06Z</time></trkpt>
<trkpt lat="37.081012" lon="-121.896901"><ele>394.0</ele><time>2021-12-11T16:37:15Z</time></trkpt>
<trkpt lat="37.080977" lon="-121.897012"><ele>395.3</ele><time>2021-12-11T16:37:23Z</time></trkpt>
<trkpt lat="37.080843" lon="-121.897045"><ele>396.8</ele><time>2021-12-11T16:37:26Z</time></trkpt>
<trkpt lat="37.080518" lon="-121.897586"><ele>401.0</ele><time>2021-12-11T16:37:56Z</time></trkpt>
<trkpt lat="37.080451" lon="-121.897874"><ele>403.2</ele><time>2021-12-11T16:38:09Z</time></trkpt>
<trkpt lat="37.080252" lon="-121.898003"><ele>405.7</ele><time>2021-12-11T16:38:22Z</time></trkpt>
<trkpt lat="37.080144" lon="-121.898012"><ele>407.0</ele><time>2021-12-11T16:38:29Z</time></trkpt>
<trkpt lat="37.080055" lon="-121.897873"><ele>409.0</ele><time>2021-12-11T16:38:34Z</time></trkpt>
<trkpt lat="37.080023" lon="-121.897884"><ele>409.5</ele><time>2021-12-11T16:38:37Z</time></trkpt>
<trkpt lat="37.079932" lon="-121.897809"><ele>411.3</ele><time>2021-12-11T16:38:49Z</time></trkpt>
<trkpt lat="37.080095" lon="-121.897691"><ele>413.6</ele><time>2021-12-11T16:41:28Z</time></trkpt>
<trkpt lat="37.079943" lon="-121.897475"><ele>415.2</ele><time>2021-12-11T16:44:09Z</time></trkpt>
<trkpt lat="37.079956" lon="-121.897546"><ele>415.6</ele><time>2021-12-11T16:44:16Z</time></trkpt>
<trkpt lat="37.079941" lon="-121.897489"><ele>416.0</ele><time>2021-12-11T16:44:28Z</time></trkpt>
<trkpt lat="37.079917" lon="-121.897529"><ele>416.3</ele><time>2021-12-11T16:44:33Z</time></trkpt>
<trkpt lat="37.079989" lon="-121.897494"><ele>416.8</ele><time>2021-12-11T16:45:17Z</time></trkpt>
<trkpt lat="37.080012" lon="-121.897520"><ele>416.9</ele><time>2021-12-11T16:45:19Z</time></trkpt>
<trkpt lat="37.079970" lon="-121.897452"><ele>417.3</ele><time>2021-12-11T16:45:22Z</time></trkpt>
<trkpt lat="37.079955" lon="-121.897514"><ele>417.6</ele><time>2021-12-11T16:45:29Z</time></trkpt>
<trkpt lat="37.079933" lon="-121.897440"><ele>418.2</ele><time>2021-12-11T16:45:43Z</time></trkpt>
<trkpt lat="37.079973" lon="-121.897151"><ele>420.0</ele><time>2021-12-11T16:46:16Z</time></trkpt>
<trkpt lat="37.080023" lon="-121.897368"><ele>417.7</ele><time>2021-12-11T16:46:19Z</time></trkpt>
<trkpt lat="37.080060" lon="-121.897745"><ele>412.9</ele><time>2021-12-11T16:46:23Z</time></trkpt>
<trkpt lat="37.079898" lon="-121.898200"><ele>410.1</ele><time>2021-12-11T16:46:28Z</time></trkpt>
<trkpt lat="37.079801" lon="-121.898302"><ele>409.5</ele><time>2021-12-11T16:46:30Z</time></trkpt>
<trkpt lat="37.079880" lon="-121.898354"><ele>409.2</ele><time>2021-12-11T16:46:32Z</time></trkpt>
<trkpt lat="37.079886" lon="-121.898298"><ele>409.7</ele><time>2021-12-11T16:46:34Z</time></trkpt>
<trkpt lat="37.080282" lon="-121.898225"><ele>403.0</ele><time>2021-12-11T16:46:41Z</time></trkpt>
<trkpt lat="37.080318" lon="-121.898455"><ele>399.1</ele><time>2021-12-11T16:46:42Z</time></trkpt>
<trkpt lat="37.080283" lon="-121.898556"><ele>398.0</ele><time>2021-12-11T16:46:44Z</time></trkpt>
<trkpt lat="37.080428" lon="-121.898440"><ele>397.0</ele><time>2021-12-11T16:46:48Z</time></trkpt>
<trkpt lat="37.080540" lon="-121.898400"><ele>393.6</ele><time>2021-12-11T16:46:49Z</time></trkpt>
<trkpt lat="37.080558" lon="-121.898528"><ele>390.6</ele><time>2021-12-11T16:46:50Z</time></trkpt>
<trkpt lat="37.080403" lon="-121.898786"><ele>391.6</ele><time>2021-12-11T16:46:51Z</time></trkpt>
<trkpt lat="37.080413" lon="-121.898821"><ele>391.1</ele><time>2021-12-11T16:46:52Z</time></trkpt>
<trkpt lat="37.080343" lon="-121.899005"><ele>390.1</ele><time>2021-12-11T16:46:54Z</time></trkpt>
<trkpt lat="37.080191" lon="-121.899063"><ele>390.6</ele><time>2021-12-11T16:46:56Z</time></trkpt>
<trkpt lat="37.080134" lon="-121.899145"><ele>391.9</ele><time>2021-12-11T16:46:58Z</time></trkpt>
<trkpt lat="37.080081" lon="-121.899161"><ele>393.0</ele><time>2021-12-11T16:46:59Z</time></trkpt>
<trkpt lat="37.080184" lon="-121.899183"><ele>389.6</ele><time>2021-12-11T16:47:01Z</time></trkpt>
<trkpt lat="37.080474" lon="-121.898951"><ele>388.4</ele><time>2021-12-11T16:47:06Z</time></trkpt>
<trkpt lat="37.080581" lon="-121.898916"><ele>386.6</ele><time>2021-12-11T16:47:07Z</time></trkpt>
<trkpt lat="37.080588" lon="-121.898797"><ele>385.1</ele><time>2021-12-11T16:47:08Z</time></trkpt>
<trkpt lat="37.080571" lon="-121.898723"><ele>386.7</ele><time>2021-12-11T16:47:09Z</time></trkpt>
<trkpt lat="37.080478" lon="-121.898534"><ele>394.1</ele><time>2021-12-11T16:47:11Z</time></trkpt>
<trkpt lat="37.080513" lon="-121.898396"><ele>394.3</ele><time>2021-12-11T16:47:12Z</time></trkpt>
<trkpt lat="37.080727" lon="-121.898371"><ele>386.8</ele><time>2021-12-11T16:47:13Z</time></trkpt>
<trkpt lat="37.080814" lon="-121.898267"><ele>386.3</ele><time>2021-12-11T16:47:14Z</time></trkpt>
<trkpt lat="37.080884" lon="-121.898236"><ele>384.1</ele><time>2021-12-11T16:47:17Z</time></trkpt>
<trkpt lat="37.080881" lon="-121.898145"><ele>384.8</ele><time>2021-12-11T16:47:19Z</time></trkpt>
<trkpt lat="37.081080" lon="-121.897632"><ele>381.7</ele><time>2021-12-11T16:47:27Z</time></trkpt>
<trkpt lat="37.081177" lon="-121.897565"><ele>378.1</ele><time>2021-12-11T16:47:29Z</time></trkpt>
<trkpt lat="37.081204" lon="-121.897363"><ele>377.1</ele><time>2021-12-11T16:47:31Z</time></trkpt>
<trkpt lat="37.081334" lon="-121.897132"><ele>376.1</ele><time>2021-12-11T16:47:34Z</time></trkpt>
<trkpt lat="37.081182" lon="-121.896930"><ele>382.4</ele><time>2021-12-11T16:47:37Z</time></trkpt>
<trkpt lat="37.081185" lon="-121.896821"><ele>383.2</ele><time>2021-12-11T16:47:39Z</time></trkpt>
<trkpt lat="37.081049" lon="-121.896665"><ele>389.7</ele><time>2021-12-11T16:47:43Z</time></trkpt>
<trkpt lat="37.081019" lon="-121.896582"><ele>394.0</ele><time>2021-12-11T16:47:44Z</time></trkpt>
<trkpt lat="37.081020" lon="-121.896421"><ele>400.9</ele><time>2021-12-11T16:47:46Z</time></trkpt>
<trkpt lat="37.081094" lon="-121.896429"><ele>382.5</ele><time>2021-12-11T16:47:47Z</time></trkpt>
<trkpt lat="37.081145" lon="-121.896462"><ele>375.0</ele><time>2021-12-11T16:47:48Z</time></trkpt>
<trkpt lat="37.081331" lon="-121.896464"><ele>365.5</ele><time>2021-12-11T16:47:51Z</time></trkpt>
<trkpt lat="37.081500" lon="-121.896527"><ele>364.2</ele><time>2021-12-11T16:47:54Z</time></trkpt>
<trkpt lat="37.081649" lon="-121.896521"><ele>362.9</ele><time>2021-12-11T16:47:56Z</time></trkpt>
<trkpt lat="37.081670" lon="-121.896579"><ele>362.5</ele><time>2021-12-11T16:47:57Z</time></trkpt>
<trkpt lat="37.081627" lon="-121.896654"><ele>361.8</ele><time>2021-12-11T16:47:58Z</time></trkpt>
<trkpt lat="37.081627" lon="-121.896754"><ele>361.1</ele><time>2021-12-11T16:47:59Z</time></trkpt>
<trkpt lat="37.081696" lon="-121.896789"><ele>360.5</ele><time>2021-12-11T16:48:01Z</time></trkpt>
<trkpt lat="37.081746" lon="-121.896880"><ele>359.8</ele><time>2021-12-11T16:48:04Z</time></trkpt>
<trkpt lat="37.081763" lon="-121.897023"><ele>358.9</ele><time>2021-12-11T16:48:06Z</time></trkpt>
<trkpt lat="37.081845" lon="-121.897120"><ele>357.9</ele><time>2021-12-11T16:48:08Z</time></trkpt>
<trkpt lat="37.081841" lon="-121.897234"><ele>357.2</ele><time>2021-12-11T16:48:09Z</time></trkpt>
<trkpt lat="37.081872" lon="-121.897334"><ele>356.5</ele><time>2021-12-11T16:48:11Z</time></trkpt>
<trkpt lat="37.082102" lon="-121.897459"><ele>354.8</ele><time>2021-12-11T16:48:15Z</time></trkpt>
<trkpt lat="37.082112" lon="-121.897587"><ele>354.1</ele><time>2021-12-11T16:48:16Z</time></trkpt>
<trkpt lat="37.081976" lon="-121.897867"><ele>352.1</ele><time>2021-12-11T16:48:19Z</time></trkpt>
<trkpt lat="37.081972" lon="-121.897940"><ele>351.6</ele><time>2021-12-11T16:48:20Z</time></trkpt>
<trkpt lat="37.081847" lon="-121.898042"><ele>350.4</ele><time>2021-12-11T16:48:23Z</time></trkpt>
<trkpt lat="37.081811" lon="-121.898152"><ele>349.7</ele><time>2021-12-11T16:48:25Z</time></trkpt>
<trkpt lat="37.081978" lon="-121.898126"><ele>341.7</ele><time>2021-12-11T16:48:26Z</time></trkpt>
<trkpt lat="37.082017" lon="-121.898115"><ele>343.1</ele><time>2021-12-11T16:48:28Z</time></trkpt>
<trkpt lat="37.082019" lon="-121.898008"><ele>345.7</ele><time>2021-12-11T16:48:31Z</time></trkpt>
<trkpt lat="37.082160" lon="-121.897954"><ele>340.8</ele><time>2021-12-11T16:48:34Z</time></trkpt>
<trkpt lat="37.082171" lon="-121.897995"><ele>340.0</ele><time>2021-12-11T16:48:35Z</time></trkpt>
<trkpt lat="37.082133" lon="-121.898103"><ele>341.8</ele><time>2021-12-11T16:48:36Z</time></trkpt>
<trkpt lat="37.082064" lon="-121.898175"><ele>342.7</ele><time>2021-12-11T16:48:38Z</time></trkpt>
<trkpt lat="37.082080" lon="-121.898389"><ele>340.4</ele><time>2021-12-11T16:48:42Z</time></trkpt>
<trkpt lat="37.082025" lon="-121.898560"><ele>339.2</ele><time>2021-12-11T16:48:46Z</time></trkpt>
<trkpt lat="37.082054" lon="-121.898654"><ele>338.5</ele><time>2021-12-11T16:48:48Z</time></trkpt>
<trkpt lat="37.082011" lon="-121.898792"><ele>337.5</ele><time>2021-12-11T16:48:49Z</time></trkpt>
<trkpt lat="37.082069" lon="-121.898883"><ele>336.6</ele><time>2021-12-11T16:48:51Z</time></trkpt>
<trkpt lat="37.082073" lon="-121.899190"><ele>334.8</ele><time>2021-12-11T16:48:56Z</time></trkpt>
<trkpt lat="37.081976" lon="-121.899412"><ele>333.6</ele><time>2021-12-11T16:48:59Z</time></trkpt>
<trkpt lat="37.081962" lon="-121.899583"><ele>332.9</ele><time>2021-12-11T16:49:02Z</time></trkpt>
<trkpt lat="37.082010" lon="-121.899786"><ele>332.5</ele><time>2021-12-11T16:49:05Z</time></trkpt>
<trkpt lat="37.081980" lon="-121.899814"><ele>332.4</ele><time>2021-12-11T16:49:06Z</time></trkpt>
<trkpt lat="37.081990" lon="-121.899866"><ele>332.4</ele><time>2021-12-11T16:49:07Z</time></trkpt>
<trkpt lat="37.081942" lon="-121.900007"><ele>332.4</ele><time>2021-12-11T16:49:10Z</time></trkpt>
<trkpt lat="37.081941" lon="-121.900315"><ele>332.6</ele><time>2021-12-11T16:49:25Z</time></trkpt>
<trkpt lat="37.081850" lon="-121.900650"><ele>332.1</ele><time>2021-12-11T16:50:44Z</time></trkpt>
<trkpt lat="37.081922" lon="-121.900733"><ele>331.5</ele><time>2021-12-11T16:50:47Z</time></trkpt>
<trkpt lat="37.082043" lon="-121.900992"><ele>328.9</ele><time>2021-12-11T16:50:51Z</time></trkpt>
<trkpt lat="37.081981" lon="-121.901310"><ele>325.9</ele><time>2021-12-11T16:50:54Z</time></trkpt>
<trkpt lat="37.081978" lon="-121.901529"><ele>324.1</ele><time>2021-12-11T16:50:56Z</time></trkpt>
<trkpt lat="37.082081" lon="-121.901758"><ele>322.4</ele><time>2021-12-11T16:50:59Z</time></trkpt>
<trkpt lat="37.082137" lon="-121.902081"><ele>321.2</ele><time>2021-12-11T16:51:02Z</time></trkpt>
<trkpt lat="37.082182" lon="-121.902191"><ele>320.8</ele><time>2021-12-11T16:51:03Z</time></trkpt>
<trkpt lat="37.082174" lon="-121.902353"><ele>320.3</ele><time>2021-12-11T16:51:05Z</time></trkpt>
<trkpt lat="37.082208" lon="-121.902351"><ele>320.1</ele><time>2021-12-11T16:51:06Z</time></trkpt>
<trkpt lat="37.082265" lon="-121.902445"><ele>319.6</ele><time>2021-12-11T16:51:07Z</time></trkpt>
<trkpt lat="37.082236" lon="-121.902747"><ele>318.0</ele><time>2021-12-11T16:51:10Z</time></trkpt>
<trkpt lat="37.082304" lon="-121.902865"><ele>317.3</ele><time>2021-12-11T16:51:13Z</time></trkpt>
<trkpt lat="37.082377" lon="-121.903342"><ele>315.3</ele><time>2021-12-11T16:51:18Z</time></trkpt>
<trkpt lat="37.082318" lon="-121.903588"><ele>314.5</ele><time>2021-12-11T16:51:21Z</time></trkpt>
<trkpt lat="37.082390" lon="-121.903753"><ele>313.5</ele><time>2021-12-11T16:51:24Z</time></trkpt>
<trkpt lat="37.082406" lon="-121.903891"><ele>312.5</ele><time>2021-12-11T16:51:25Z</time></trkpt>
<trkpt lat="37.082471" lon="-121.904033"><ele>309.3</ele><time>2021-12-11T16:51:26Z</time></trkpt>
<trkpt lat="37.082475" lon="-121.904153"><ele>309.0</ele><time>2021-12-11T16:51:28Z</time></trkpt>
<trkpt lat="37.082536" lon="-121.904184"><ele>308.8</ele><time>2021-12-11T16:51:29Z</time></trkpt>
<trkpt lat="37.082598" lon="-121.904151"><ele>308.3</ele><time>2021-12-11T16:51:30Z</time></trkpt>
<trkpt lat="37.082560" lon="-121.904007"><ele>307.3</ele><time>2021-12-11T16:51:33Z</time></trkpt>
<trkpt lat="37.082593" lon="-121.903706"><ele>305.6</ele><time>2021-12-11T16:51:38Z</time></trkpt>
<trkpt lat="37.082563" lon="-121.903639"><ele>305.2</ele><time>2021-12-11T16:51:39Z</time></trkpt>
<trkpt lat="37.082617" lon="-121.903587"><ele>304.8</ele><time>2021-12-11T16:51:40Z</time></trkpt>
<trkpt lat="37.082690" lon="-121.903577"><ele>304.3</ele><time>2021-12-11T16:51:41Z</time></trkpt>
<trkpt lat="37.082775" lon="-121.903455"><ele>303.3</ele><time>2021-12-11T16:51:43Z</time></trkpt>
<trkpt lat="37.082836" lon="-121.903443"><ele>302.7</ele><time>2021-12-11T16:51:44Z</time></trkpt>
<trkpt lat="37.082913" lon="-121.903621"><ele>301.1</ele><time>2021-12-11T16:51:46Z</time></trkpt>
<trkpt lat="37.082931" lon="-121.903942"><ele>298.5</ele><time>2021-12-11T16:51:49Z</time></trkpt>
<trkpt lat="37.082973" lon="-121.904021"><ele>298.0</ele><time>2021-12-11T16:51:50Z</time></trkpt>
<trkpt lat="37.082858" lon="-121.904303"><ele>296.0</ele><time>2021-12-11T16:51:54Z</time></trkpt>
<trkpt lat="37.082963" lon="-121.904267"><ele>294.8</ele><time>2021-12-11T16:51:56Z</time></trkpt>
<trkpt lat="37.082951" lon="-121.904206"><ele>294.3</ele><time>2021-12-11T16:51:57Z</time></trkpt>
<trkpt lat="37.083003" lon="-121.904218"><ele>293.7</ele><time>2021-12-11T16:51:58Z</time></trkpt>
<trkpt lat="37.083084" lon="-121.904145"><ele>292.8</ele><time>2021-12-11T16:51:59Z</time></trkpt>
<trkpt lat="37.083119" lon="-121.903860"><ele>290.3</ele><time>2021-12-11T16:52:02Z</time></trkpt>
<trkpt lat="37.083186" lon="-121.903719"><ele>288.6</ele><time>2021-12-11T16:52:04Z</time></trkpt>
<trkpt lat="37.083295" lon="-121.903782"><ele>287.1</ele><time>2021-12-11T16:52:05Z</time></trkpt>
<trkpt lat="37.083328" lon="-121.903882"><ele>286.1</ele><time>2021-12-11T16:52:06Z</time></trkpt>
<trkpt lat="37.083357" lon="-121.904063"><ele>284.8</ele><time>2021-12-11T16:52:08Z</time></trkpt>
<trkpt lat="37.083321" lon="-121.904160"><ele>284.0</ele><time>2021-12-11T16:52:09Z</time></trkpt>
<trkpt lat="37.083182" lon="-121.904288"><ele>282.0</ele><time>2021-12-11T16:52:11Z</time></trkpt>
<trkpt lat="37.083151" lon="-121.904481"><ele>279.5</ele><time>2021-12-11T16:52:13Z</time></trkpt>
<trkpt lat="37.083209" lon="-121.904495"><ele>278.6</ele><time>2021-12-11T16:52:14Z</time></trkpt>
<trkpt lat="37.083234" lon="-121.904448"><ele>277.9</ele><time>2021-12-11T16:52:15Z</time></trkpt>
<trkpt lat="37.083325" lon="-121.904440"><ele>276.6</ele><time>2021-12-11T16:52:18Z</time></trkpt>
<trkpt lat="37.083340" lon="-121.904495"><ele>276.0</ele><time>2021-12-11T16:52:19Z</time></trkpt>
<trkpt lat="37.083307" lon="-121.904611"><ele>275.0</ele><time>2021-12-11T16:52:21Z</time></trkpt>
<trkpt lat="37.083333" lon="-121.904688"><ele>274.3</ele><time>2021-12-11T16:52:22Z</time></trkpt>
<trkpt lat="37.083404" lon="-121.904732"><ele>273.5</ele><time>2021-12-11T16:52:23Z</time></trkpt>
<trkpt lat="37.083326" lon="-121.904937"><ele>271.9</ele><time>2021-12-11T16:52:26Z</time></trkpt>
<trkpt lat="37.083269" lon="-121.904973"><ele>271.4</ele><time>2021-12-11T16:52:27Z</time></trkpt>
<trkpt lat="37.083070" lon="-121.905314"><ele>269.8</ele><time>2021-12-11T16:52:33Z</time></trkpt>
<trkpt lat="37.083083" lon="-121.905474"><ele>269.3</ele><time>2021-12-11T16:52:35Z</time></trkpt>
<trkpt lat="37.083062" lon="-121.905541"><ele>269.1</ele><time>2021-12-11T16:52:36Z</time></trkpt>
<trkpt lat="37.083122" lon="-121.905598"><ele>268.7</ele><time>2021-12-11T16:52:38Z</time></trkpt>
<trkpt lat="37.083103" lon="-121.905723"><ele>267.8</ele><time>2021-12-11T16:52:40Z</time></trkpt>
<trkpt lat="37.083135" lon="-121.905761"><ele>267.4</ele><time>2021-12-11T16:52:41Z</time></trkpt>
<trkpt lat="37.083121" lon="-121.905837"><ele>266.6</ele><time>2021-12-11T16:52:43Z</time></trkpt>
<trkpt lat="37.083163" lon="-121.905871"><ele>265.9</ele><time>2021-12-11T16:52:45Z</time></trkpt>
<trkpt lat="37.083250" lon="-121.905803"><ele>264.6</ele><time>2021-12-11T16:52:47Z</time></trkpt>
<trkpt lat="37.083291" lon="-121.905685"><ele>263.4</ele><time>2021-12-11T16:52:49Z</time></trkpt>
<trkpt lat="37.083232" lon="-121.905537"><ele>261.9</ele><time>2021-12-11T16:52:52Z</time></trkpt>
<trkpt lat="37.083289" lon="-121.905369"><ele>260.3</ele><time>2021-12-11T16:52:54Z</time></trkpt>
<trkpt lat="37.083370" lon="-121.905386"><ele>259.5</ele><time>2021-12-11T16:52:56Z</time></trkpt>
<trkpt lat="37.083629" lon="-121.905211"><ele>256.5</ele><time>2021-12-11T16:52:59Z</time></trkpt>
<trkpt lat="37.083975" lon="-121.904893"><ele>253.8</ele><time>2021-12-11T16:53:07Z</time></trkpt>
<trkpt lat="37.084168" lon="-121.904970"><ele>252.5</ele><time>2021-12-11T16:53:10Z</time></trkpt>
<trkpt lat="37.084418" lon="-121.904835"><ele>250.1</ele><time>2021-12-11T16:53:15Z</time></trkpt>
<trkpt lat="37.084463" lon="-121.904745"><ele>249.3</ele><time>2021-12-11T16:53:17Z</time></trkpt>
<trkpt lat="37.084776" lon="-121.904783"><ele>247.3</ele><time>2021-12-11T16:53:21Z</time></trkpt>
<trkpt lat="37.084844" lon="-121.904727"><ele>247.0</ele><time>2021-12-11T16:53:23Z</time></trkpt>
<trkpt lat="37.084862" lon="-121.904753"><ele>246.8</ele><time>2021-12-11T16:53:26Z</time></trkpt>
<trkpt lat="37.084827" lon="-121.904737"><ele>246.6</ele><time>2021-12-11T16:53:27Z</time></trkpt>
<trkpt lat="37.084867" lon="-121.904621"><ele>245.9</ele><time>2021-12-11T16:53:29Z</time></trkpt>
<trkpt lat="37.084856" lon="-121.904525"><ele>245.5</ele><time>2021-12-11T16:53:32Z</time></trkpt>
<trkpt lat="37.084940" lon="-121.904255"><ele>246.1</ele><time>2021-12-11T16:53:44Z</time></trkpt>
<trkpt lat="37.084958" lon="-121.903918"><ele>248.3</ele><time>2021-12-11T16:54:01Z</time></trkpt>
<trkpt lat="37.085048" lon="-121.903823"><ele>249.2</ele><time>2021-12-11T16:54:05Z</time></trkpt>
<trkpt lat="37.085029" lon="-121.903762"><ele>249.6</ele><time>2021-12-11T16:54:08Z</time></trkpt>
<trkpt lat="37.084883" lon="-121.903872"><ele>250.8</ele><time>2021-12-11T16:57:39Z</time></trkpt>
<trkpt lat="37.085118" lon="-121.903729"><ele>252.8</ele><time>2021-12-11T16:58:54Z</time></trkpt>
<trkpt lat="37.085074" lon="-121.903751"><ele>253.1</ele><time>2021-12-11T16:58:57Z</time></trkpt>
<trkpt lat="37.085052" lon="-121.903728"><ele>253.4</ele><time>2021-12-11T16:59:01Z</time></trkpt>
<trkpt lat="37.085014" lon="-121.903569"><ele>254.5</ele><time>2021-12-11T16:59:09Z</time></trkpt>
<trkpt lat="37.085047" lon="-121.903513"><ele>254.9</ele><time>2021-12-11T16:59:13Z</time></trkpt>
<trkpt lat="37.085018" lon="-121.903497"><ele>255.2</ele><time>2021-12-11T16:59:15Z</time></trkpt>
<trkpt lat="37.084985" lon="-121.903345"><ele>256.1</ele><time>2021-12-11T16:59:22Z</time></trkpt>
<trkpt lat="37.085067" lon="-121.903260"><ele>257.0</ele><time>2021-12-11T16:59:25Z</time></trkpt>
<trkpt lat="37.084987" lon="-121.902735"><ele>260.8</ele><time>2021-12-11T16:59:47Z</time></trkpt>
<trkpt lat="37.084899" lon="-121.902636"><ele>262.2</ele><time>2021-12-11T16:59:53Z</time></trkpt>
<trkpt lat="37.084793" lon="-121.902406"><ele>264.3</ele><time>2021-12-11T17:00:02Z</time></trkpt>
<trkpt lat="37.084809" lon="-121.902367"><ele>264.6</ele><time>2021-12-11T17:00:03Z</time></trkpt>
<trkpt lat="37.084787" lon="-121.902319"><ele>265.0</ele><time>2021-12-11T17:00:06Z</time></trkpt>
<trkpt lat="37.084564" lon="-121.902050"><ele>267.4</ele><time>2021-12-11T17:00:23Z</time></trkpt>
<trkpt lat="37.084467" lon="-121.902000"><ele>268.1</ele><time>2021-12-11T17:00:30Z</time></trkpt>
<trkpt lat="37.084464" lon="-121.901925"><ele>268.6</ele><time>2021-12-11T17:00:33Z</time></trkpt>
<trkpt lat="37.084282" lon="-121.901601"><ele>271.1</ele><time>2021-12-11T17:00:53Z</time></trkpt>
<trkpt lat="37.083992" lon="-121.901435"><ele>273.9</ele><time>2021-12-11T17:01:12Z</time></trkpt>
<trkpt lat="37.083777" lon="-121.901478"><ele>276.7</ele><time>2021-12-11T17:01:25Z</time></trkpt>
<trkpt lat="37.083610" lon="-121.901274"><ele>279.4</ele><time>2021-12-11T17:01:37Z</time></trkpt>
<trkpt lat="37.083397" lon="-121.900877"><ele>282.6</ele><time>2021-12-11T17:01:56Z</time></trkpt>
<trkpt lat="37.083369" lon="-121.900681"><ele>283.9</ele><time>2021-12-11T17:02:02Z</time></trkpt>
<trkpt lat="37.083259" lon="-121.900511"><ele>285.2</ele><time>2021-12-11T17:02:10Z</time></trkpt>
<trkpt lat="37.083257" lon="-121.900326"><ele>285.4</ele><time>2021-12-11T17:02:15Z</time></trkpt>
<trkpt lat="37.083310" lon="-121.900145"><ele>284.8</ele><time>2021-12-11T17:02:18Z</time></trkpt>
<trkpt lat="37.083629" lon="-121.899416"><ele>282.8</ele><time>2021-12-11T17:02:25Z</time></trkpt>
<trkpt lat="37.083692" lon="-121.899400"><ele>283.2</ele><time>2021-12-11T17:02:27Z</time></trkpt>
<trkpt lat="37.083809" lon="-121.899640"><ele>284.9</ele><time>2021-12-11T17:02:28Z</time></trkpt>
<trkpt lat="37.083918" lon="-121.899682"><ele>286.0</ele><time>2021-12-11T17:02:37Z</time></trkpt>
<trkpt lat="37.083870" lon="-121.899754"><ele>286.7</ele><time>2021-12-11T17:02:39Z</time></trkpt>
<trkpt lat="37.083906" lon="-121.899732"><ele>287.0</ele><time>2021-12-11T17:02:42Z</time></trkpt>
<trkpt lat="37.084006" lon="-121.899799"><ele>288.1</ele><time>2021-12-11T17:02:46Z</time></trkpt>
<trkpt lat="37.084143" lon="-121.899796"><ele>289.4</ele><time>2021-12-11T17:02:54Z</time></trkpt>
<trkpt lat="37.084178" lon="-121.899846"><ele>290.0</ele><time>2021-12-11T17:02:56Z</time></trkpt>
<trkpt lat="37.084368" lon="-121.899823"><ele>291.7</ele><time>2021-12-11T17:03:09Z</time></trkpt>
<trkpt lat="37.084533" lon="-121.899857"><ele>292.8</ele><time>2021-12-11T17:03:16Z</time></trkpt>
<trkpt lat="37.084711" lon="-121.900039"><ele>294.2</ele><time>2021-12-11T17:03:25Z</time></trkpt>
<trkpt lat="37.084799" lon="-121.900183"><ele>295.1</ele><time>2021-12-11T17:03:33Z</time></trkpt>
<trkpt lat="37.084965" lon="-121.900207"><ele>296.3</ele><time>2021-12-11T17:03:41Z</time></trkpt>
<trkpt lat="37.085017" lon="-121.900256"><ele>296.8</ele><time>2021-12-11T17:03:44Z</time></trkpt>
<trkpt lat="37.085086" lon="-121.900231"><ele>297.3</ele><time>2021-12-11T17:03:48Z</time></trkpt>
<trkpt lat="37.085227" lon="-121.900077"><ele>298.8</ele><time>2021-12-11T17:03:56Z</time></trkpt>
<trkpt lat="37.085286" lon="-121.899956"><ele>299.7</ele><time>2021-12-11T17:04:02Z</time></trkpt>
<trkpt lat="37.085558" lon="-121.899666"><ele>301.8</ele><time>2021-12-11T17:04:20Z</time></trkpt>
<trkpt lat="37.085605" lon="-121.899673"><ele>302.0</ele><time>2021-12-11T17:04:22Z</time></trkpt>
<trkpt lat="37.085663" lon="-121.899599"><ele>302.4</ele><time>2021-12-11T17:04:26Z</time></trkpt>
<trkpt lat="37.085729" lon="-121.899480"><ele>303.0</ele><time>2021-12-11T17:04:32Z</time></trkpt>
<trkpt lat="37.085720" lon="-121.899411"><ele>303.3</ele><time>2021-12-11T17:04:34Z</time></trkpt>
<trkpt lat="37.085759" lon="-121.899323"><ele>303.9</ele><time>2021-12-11T17:04:39Z</time></trkpt>
<trkpt lat="37.085806" lon="-121.899289"><ele>304.2</ele><time>2021-12-11T17:04:42Z</time></trkpt>
<trkpt lat="37.085808" lon="-121.899135"><ele>305.0</ele><time>2021-12-11T17:04:48Z</time></trkpt>
<trkpt lat="37.085979" lon="-121.898985"><ele>307.2</ele><time>2021-12-11T17:05:04Z</time></trkpt>
<trkpt lat="37.086002" lon="-121.898866"><ele>308.4</ele><time>2021-12-11T17:05:08Z</time></trkpt>
<trkpt lat="37.086175" lon="-121.898807"><ele>310.6</ele><time>2021-12-11T17:05:16Z</time></trkpt>
<trkpt lat="37.086440" lon="-121.898536"><ele>315.0</ele><time>2021-12-11T17:05:36Z</time></trkpt>
<trkpt lat="37.086525" lon="-121.898501"><ele>316.1</ele><time>2021-12-11T17:05:41Z</time></trkpt>
<trkpt lat="37.086540" lon="-121.898429"><ele>316.7</ele><time>2021-12-11T17:05:44Z</time></trkpt>
<trkpt lat="37.086634" lon="-121.898383"><ele>317.7</ele><time>2021-12-11T17:05:48Z</time></trkpt>
<trkpt lat="37.086704" lon="-121.898296"><ele>318.6</ele><time>2021-12-11T17:05:53Z</time></trkpt>
<trkpt lat="37.086782" lon="-121.898349"><ele>319.5</ele><time>2021-12-11T17:06:00Z</time></trkpt>
<trkpt lat="37.086776" lon="-121.898423"><ele>320.2</ele><time>2021-12-11T17:06:03Z</time></trkpt>
<trkpt lat="37.086826" lon="-121.898486"><ele>320.9</ele><time>2021-12-11T17:06:09Z</time></trkpt>
<trkpt lat="37.086821" lon="-121.898262"><ele>322.6</ele><time>2021-12-11T17:06:38Z</time></trkpt>
<trkpt lat="37.086802" lon="-121.898274"><ele>322.7</ele><time>2021-12-11T17:06:39Z</time></trkpt>
<trkpt lat="37.086794" lon="-121.898207"><ele>323.2</ele><time>2021-12-11T17:06:44Z</time></trkpt>
<trkpt lat="37.086744" lon="-121.898169"><ele>323.6</ele><time>2021-12-11T17:06:46Z</time></trkpt>
<trkpt lat="37.086882" lon="-121.897662"><ele>326.3</ele><time>2021-12-11T17:07:06Z</time></trkpt>
<trkpt lat="37.086984" lon="-121.897418"><ele>328.2</ele><time>2021-12-11T17:07:16Z</time></trkpt>
<trkpt lat="37.087030" lon="-121.897389"><ele>328.7</ele><time>2021-12-11T17:07:18Z</time></trkpt>
<trkpt lat="37.087024" lon="-121.897255"><ele>329.7</ele><time>2021-12-11T17:07:22Z</time></trkpt>
<trkpt lat="37.087171" lon="-121.897258"><ele>331.1</ele><time>2021-12-11T17:07:27Z</time></trkpt>
<trkpt lat="37.087197" lon="-121.897231"><ele>331.4</ele><time>2021-12-11T17:07:29Z</time></trkpt>
<trkpt lat="37.087307" lon="-121.897287"><ele>332.4</ele><time>2021-12-11T17:07:36Z</time></trkpt>
<trkpt lat="37.087348" lon="-121.897209"><ele>333.0</ele><time>2021-12-11T17:07:41Z</time></trkpt>
<trkpt lat="37.087372" lon="-121.897216"><ele>333.3</ele><time>2021-12-11T17:07:45Z</time></trkpt>
<trkpt lat="37.087322" lon="-121.897079"><ele>334.1</ele><time>2021-12-11T17:07:49Z</time></trkpt>
<trkpt lat="37.087350" lon="-121.896932"><ele>334.9</ele><time>2021-12-11T17:07:57Z</time></trkpt>
<trkpt lat="37.087551" lon="-121.896770"><ele>336.4</ele><time>2021-12-11T17:08:08Z</time></trkpt>
<trkpt lat="37.087741" lon="-121.896706"><ele>338.0</ele><time>2021-12-11T17:08:17Z</time></trkpt>
<trkpt lat="37.087773" lon="-121.896765"><ele>338.4</ele><time>2021-12-11T17:08:18Z</time></trkpt>
<trkpt lat="37.088012" lon="-121.896725"><ele>340.3</ele><time>2021-12-11T17:08:28Z</time></trkpt>
<trkpt lat="37.087986" lon="-121.896748"><ele>340.5</ele><time>2021-12-11T17:08:30Z</time></trkpt>
<trkpt lat="37.088210" lon="-121.896611"><ele>342.2</ele><time>2021-12-11T17:08:42Z</time></trkpt>
<trkpt lat="37.088295" lon="-121.896415"><ele>343.4</ele><time>2021-12-11T17:08:52Z</time></trkpt>
<trkpt lat="37.088383" lon="-121.896088"><ele>345.8</ele><time>2021-12-11T17:09:09Z</time></trkpt>
<trkpt lat="37.088401" lon="-121.895994"><ele>346.8</ele><time>2021-12-11T17:09:14Z</time></trkpt>
<trkpt lat="37.088344" lon="-121.895894"><ele>348.1</ele><time>2021-12-11T17:09:20Z</time></trkpt>
<trkpt lat="37.088361" lon="-121.895846"><ele>348.6</ele><time>2021-12-11T17:09:22Z</time></trkpt>
<trkpt lat="37.088221" lon="-121.895713"><ele>350.8</ele><time>2021-12-11T17:09:30Z</time></trkpt>
<trkpt lat="37.088250" lon="-121.895660"><ele>351.4</ele><time>2021-12-11T17:09:32Z</time></trkpt>
<trkpt lat="37.088123" lon="-121.895395"><ele>353.3</ele><time>2021-12-11T17:09:46Z</time></trkpt>
<trkpt lat="37.088081" lon="-121.895196"><ele>354.5</ele><time>2021-12-11T17:09:52Z</time></trkpt>
<trkpt lat="37.087813" lon="-121.894865"><ele>357.3</ele><time>2021-12-11T17:10:12Z</time></trkpt>
<trkpt lat="37.087759" lon="-121.894704"><ele>358.4</ele><time>2021-12-11T17:10:20Z</time></trkpt>
<trkpt lat="37.087694" lon="-121.894670"><ele>359.1</ele><time>2021-12-11T17:10:24Z</time></trkpt>
<trkpt lat="37.087633" lon="-121.894572"><ele>359.9</ele><time>2021-12-11T17:10:29Z</time></trkpt>
<trkpt lat="37.087733" lon="-121.894360"><ele>361.5</ele><time>2021-12-11T17:10:36Z</time></trkpt>
<trkpt lat="37.087752" lon="-121.894250"><ele>362.2</ele><time>2021-12-11T17:10:42Z</time></trkpt>
<trkpt lat="37.087882" lon="-121.894074"><ele>363.4</ele><time>2021-12-11T17:10:50Z</time></trkpt>
<trkpt lat="37.088020" lon="-121.893974"><ele>364.5</ele><time>2021-12-11T17:10:59Z</time></trkpt>
<trkpt lat="37.088072" lon="-121.893781"><ele>365.7</ele><time>2021-12-11T17:11:08Z</time></trkpt>
<trkpt lat="37.088055" lon="-121.893813"><ele>365.8</ele><time>2021-12-11T17:11:09Z</time></trkpt>
<trkpt lat="37.088095" lon="-121.893832"><ele>366.1</ele><time>2021-12-11T17:11:10Z</time></trkpt>
<trkpt lat="37.087955" lon="-121.893797"><ele>367.2</ele><time>2021-12-11T17:12:08Z</time></trkpt>
<trkpt lat="37.087988" lon="-121.893792"><ele>367.4</ele><time>2021-12-11T17:12:09Z</time></trkpt>
<trkpt lat="37.087962" lon="-121.893713"><ele>368.1</ele><time>2021-12-11T17:12:12Z</time></trkpt>
<trkpt lat="37.087983" lon="-121.893643"><ele>368.7</ele><time>2021-12-11T17:12:15Z</time></trkpt>
<trkpt lat="37.087933" lon="-121.893582"><ele>369.4</ele><time>2021-12-11T17:12:17Z</time></trkpt>
<trkpt lat="37.087893" lon="-121.893435"><ele>370.4</ele><time>2021-12-11T17:12:23Z</time></trkpt>
<trkpt lat="37.087926" lon="-121.893397"><ele>370.7</ele><time>2021-12-11T17:12:26Z</time></trkpt>
<trkpt lat="37.087862" lon="-121.893367"><ele>371.0</ele><time>2021-12-11T17:12:29Z</time></trkpt>
<trkpt lat="37.087863" lon="-121.893156"><ele>371.2</ele><time>2021-12-11T17:12:36Z</time></trkpt>
<trkpt lat="37.087594" lon="-121.892642"><ele>370.1</ele><time>2021-12-11T17:12:50Z</time></trkpt>
<trkpt lat="37.087556" lon="-121.892315"><ele>369.7</ele><time>2021-12-11T17:12:55Z</time></trkpt>
<trkpt lat="37.087693" lon="-121.892165"><ele>370.1</ele><time>2021-12-11T17:13:00Z</time></trkpt>
<trkpt lat="37.087965" lon="-121.892097"><ele>370.8</ele><time>2021-12-11T17:13:05Z</time></trkpt>
<trkpt lat="37.088074" lon="-121.892208"><ele>371.3</ele><time>2021-12-11T17:13:08Z</time></trkpt>
<trkpt lat="37.088195" lon="-121.892250"><ele>371.8</ele><time>2021-12-11T17:13:11Z</time></trkpt>
<trkpt lat="37.088404" lon="-121.892434"><ele>373.4</ele><time>2021-12-11T17:13:16Z</time></trkpt>
<trkpt lat="37.088522" lon="-121.892491"><ele>374.4</ele><time>2021-12-11T17:13:21Z</time></trkpt>
<trkpt lat="37.088642" lon="-121.892666"><ele>375.9</ele><time>2021-12-11T17:13:31Z</time></trkpt>
<trkpt lat="37.088833" lon="-121.892795"><ele>377.7</ele><time>2021-12-11T17:13:40Z</time></trkpt>
<trkpt lat="37.088870" lon="-121.892792"><ele>378.1</ele><time>2021-12-11T17:13:42Z</time></trkpt>
<trkpt lat="37.088888" lon="-121.892619"><ele>379.3</ele><time>2021-12-11T17:13:44Z</time></trkpt>
<trkpt lat="37.089008" lon="-121.892771"><ele>381.0</ele><time>2021-12-11T17:13:50Z</time></trkpt>
<trkpt lat="37.089093" lon="-121.892745"><ele>382.1</ele><time>2021-12-11T17:13:56Z</time></trkpt>
<trkpt lat="37.089567" lon="-121.892854"><ele>387.2</ele><time>2021-12-11T17:14:27Z</time></trkpt>
<trkpt lat="37.089656" lon="-121.892815"><ele>388.2</ele><time>2021-12-11T17:14:31Z</time></trkpt>
<trkpt lat="37.089716" lon="-121.892553"><ele>390.5</ele><time>2021-12-11T17:14:43Z</time></trkpt>
<trkpt lat="37.089712" lon="-121.892213"><ele>393.6</ele><time>2021-12-11T17:15:05Z</time></trkpt>
<trkpt lat="37.089797" lon="-121.892134"><ele>394.8</ele><time>2021-12-11T17:15:10Z</time></trkpt>
<trkpt lat="37.089885" lon="-121.891973"><ele>396.4</ele><time>2021-12-11T17:15:19Z</time></trkpt>
<trkpt lat="37.089860" lon="-121.891964"><ele>396.6</ele><time>2021-12-11T17:15:21Z</time></trkpt>
<trkpt lat="37.089894" lon="-121.891960"><ele>397.0</ele><time>2021-12-11T17:15:22Z</time></trkpt>
<trkpt lat="37.089905" lon="-121.891905"><ele>397.4</ele><time>2021-12-11T17:15:26Z</time></trkpt>
<trkpt lat="37.090089" lon="-121.891656"><ele>399.9</ele><time>2021-12-11T17:15:41Z</time></trkpt>
<trkpt lat="37.090197" lon="-121.891599"><ele>401.0</ele><time>2021-12-11T17:15:48Z</time></trkpt>
<trkpt lat="37.090197" lon="-121.891634"><ele>401.3</ele><time>2021-12-11T17:15:50Z</time></trkpt>
<trkpt lat="37.090283" lon="-121.891618"><ele>402.0</ele><time>2021-12-11T17:15:53Z</time></trkpt>
<trkpt lat="37.090276" lon="-121.891582"><ele>402.3</ele><time>2021-12-11T17:15:54Z</time></trkpt>
<trkpt lat="37.090369" lon="-121.891595"><ele>403.1</ele><time>2021-12-11T17:16:00Z</time></trkpt>
<trkpt lat="37.090563" lon="-121.891536"><ele>405.0</ele><time>2021-12-11T17:16:10Z</time></trkpt>
<trkpt lat="37.090617" lon="-121.891508"><ele>405.6</ele><time>2021-12-11T17:16:13Z</time></trkpt>
<trkpt lat="37.090722" lon="-121.891330"><ele>407.4</ele><time>2021-12-11T17:16:26Z</time></trkpt>
<trkpt lat="37.090753" lon="-121.891125"><ele>409.1</ele><time>2021-12-11T17:16:39Z</time></trkpt>
<trkpt lat="37.090729" lon="-121.891016"><ele>409.9</ele><time>2021-12-11T17:16:43Z</time></trkpt>
<trkpt lat="37.090674" lon="-121.890938"><ele>410.6</ele><time>2021-12-11T17:16:50Z</time></trkpt>
<trkpt lat="37.090651" lon="-121.890776"><ele>411.6</ele><time>2021-12-11T17:16:57Z</time></trkpt>
<trkpt lat="37.090706" lon="-121.890460"><ele>413.8</ele><time>2021-12-11T17:17:10Z</time></trkpt>
<trkpt lat="37.090698" lon="-121.890226"><ele>414.7</ele><time>2021-12-11T17:17:23Z</time></trkpt>
<trkpt lat="37.090542" lon="-121.889905"><ele>414.9</ele><time>2021-12-11T17:17:35Z</time></trkpt>
<trkpt lat="37.090376" lon="-121.889750"><ele>414.6</ele><time>2021-12-11T17:17:42Z</time></trkpt>
<trkpt lat="37.090369" lon="-121.889705"><ele>414.4</ele><time>2021-12-11T17:17:43Z</time></trkpt>
<trkpt lat="37.090239" lon="-121.889561"><ele>413.8</ele><time>2021-12-11T17:17:48Z</time></trkpt>
<trkpt lat="37.090197" lon="-121.889372"><ele>413.3</ele><time>2021-12-11T17:17:51Z</time></trkpt>
<trkpt lat="37.090307" lon="-121.889193"><ele>413.1</ele><time>2021-12-11T17:17:54Z</time></trkpt>
<trkpt lat="37.090401" lon="-121.889102"><ele>413.0</ele><time>2021-12-11T17:17:56Z</time></trkpt>
<trkpt lat="37.090722" lon="-121.888905"><ele>412.9</ele><time>2021-12-11T17:18:01Z</time></trkpt>
<trkpt lat="37.090860" lon="-121.888765"><ele>413.5</ele><time>2021-12-11T17:18:04Z</time></trkpt>
<trkpt lat="37.090984" lon="-121.888349"><ele>413.9</ele><time>2021-12-11T17:18:12Z</time></trkpt>
<trkpt lat="37.090954" lon="-121.888245"><ele>413.9</ele><time>2021-12-11T17:18:14Z</time></trkpt>
<trkpt lat="37.090806" lon="-121.888054"><ele>413.7</ele><time>2021-12-11T17:18:19Z</time></trkpt>
<trkpt lat="37.090674" lon="-121.887987"><ele>413.4</ele><time>2021-12-11T17:18:22Z</time></trkpt>
<trkpt lat="37.090501" lon="-121.887810"><ele>412.9</ele><time>2021-12-11T17:18:28Z</time></trkpt>
<trkpt lat="37.090352" lon="-121.887794"><ele>412.5</ele><time>2021-12-11T17:18:31Z</time></trkpt>
<trkpt lat="37.090094" lon="-121.887864"><ele>411.3</ele><time>2021-12-11T17:18:36Z</time></trkpt>
<trkpt lat="37.090005" lon="-121.887841"><ele>410.8</ele><time>2021-12-11T17:18:37Z</time></trkpt>
<trkpt lat="37.089933" lon="-121.887768"><ele>410.2</ele><time>2021-12-11T17:18:38Z</time></trkpt>
<trkpt lat="37.089775" lon="-121.887431"><ele>408.6</ele><time>2021-12-11T17:18:42Z</time></trkpt>
<trkpt lat="37.089766" lon="-121.886982"><ele>407.3</ele><time>2021-12-11T17:18:46Z</time></trkpt>
<trkpt lat="37.089817" lon="-121.886892"><ele>407.1</ele><time>2021-12-11T17:18:47Z</time></trkpt>
<trkpt lat="37.089842" lon="-121.886722"><ele>406.9</ele><time>2021-12-11T17:18:49Z</time></trkpt>
<trkpt lat="37.089795" lon="-121.886491"><ele>406.6</ele><time>2021-12-11T17:18:52Z</time></trkpt>
<trkpt lat="37.089708" lon="-121.886301"><ele>406.3</ele><time>2021-12-11T17:18:55Z</time></trkpt>
<trkpt lat="37.089291" lon="-121.885870"><ele>406.0</ele><time>2021-12-11T17:19:04Z</time></trkpt>
<trkpt lat="37.089281" lon="-121.885803"><ele>406.0</ele><time>2021-12-11T17:19:05Z</time></trkpt>
<trkpt lat="37.089205" lon="-121.885735"><ele>406.2</ele><time>2021-12-11T17:19:07Z</time></trkpt>
<trkpt lat="37.089176" lon="-121.885623"><ele>406.4</ele><time>2021-12-11T17:19:09Z</time></trkpt>
<trkpt lat="37.089205" lon="-121.885526"><ele>406.6</ele><time>2021-12-11T17:19:11Z</time></trkpt>
<trkpt lat="37.089305" lon="-121.885419"><ele>407.0</ele><time>2021-12-11T17:19:13Z</time></trkpt>
<trkpt lat="37.089354" lon="-121.885281"><ele>407.5</ele><time>2021-12-11T17:19:16Z</time></trkpt>
<trkpt lat="37.089315" lon="-121.885033"><ele>408.7</ele><time>2021-12-11T17:19:21Z</time></trkpt>
<trkpt lat="37.089251" lon="-121.884896"><ele>409.7</ele><time>2021-12-11T17:19:27Z</time></trkpt>
<trkpt lat="37.089239" lon="-121.884759"><ele>410.5</ele><time>2021-12-11T17:19:33Z</time></trkpt>
<trkpt lat="37.089262" lon="-121.884745"><ele>410.7</ele><time>2021-12-11T17:19:34Z</time></trkpt>
<trkpt lat="37.089213" lon="-121.884473"><ele>411.8</ele><time>2021-12-11T17:19:44Z</time></trkpt>
<trkpt lat="37.089150" lon="-121.884392"><ele>412.2</ele><time>2021-12-11T17:19:47Z</time></trkpt>
<trkpt lat="37.089122" lon="-121.884228"><ele>412.7</ele><time>2021-12-11T17:19:53Z</time></trkpt>
<trkpt lat="37.089085" lon="-121.884171"><ele>413.0</ele><time>2021-12-11T17:19:56Z</time></trkpt>
<trkpt lat="37.089127" lon="-121.884105"><ele>413.3</ele><time>2021-12-11T17:19:58Z</time></trkpt>
<trkpt lat="37.089045" lon="-121.884031"><ele>413.9</ele><time>2021-12-11T17:20:01Z</time></trkpt>
<trkpt lat="37.089047" lon="-121.883906"><ele>414.5</ele><time>2021-12-11T17:20:05Z</time></trkpt>
<trkpt lat="37.089000" lon="-121.883744"><ele>415.5</ele><time>2021-12-11T17:20:10Z</time></trkpt>
<trkpt lat="37.089038" lon="-121.883581"><ele>416.5</ele><time>2021-12-11T17:20:12Z</time></trkpt>
<trkpt lat="37.088965" lon="-121.883471"><ele>417.4</ele><time>2021-12-11T17:20:17Z</time></trkpt>
<trkpt lat="37.088982" lon="-121.883422"><ele>417.7</ele><time>2021-12-11T17:20:20Z</time></trkpt>
<trkpt lat="37.088959" lon="-121.883339"><ele>418.3</ele><time>2021-12-11T17:20:24Z</time></trkpt>
<trkpt lat="37.088992" lon="-121.883281"><ele>418.8</ele><time>2021-12-11T17:20:27Z</time></trkpt>
<trkpt lat="37.089219" lon="-121.883259"><ele>421.2</ele><time>2021-12-11T17:20:37Z</time></trkpt>
<trkpt lat="37.089209" lon="-121.883220"><ele>421.5</ele><time>2021-12-11T17:20:39Z</time></trkpt>
<trkpt lat="37.089301" lon="-121.883178"><ele>422.3</ele><time>2021-12-11T17:20:44Z</time></trkpt>
<trkpt lat="37.089410" lon="-121.883215"><ele>423.1</ele><time>2021-12-11T17:20:52Z</time></trkpt>
<trkpt lat="37.089562" lon="-121.883104"><ele>424.5</ele><time>2021-12-11T17:21:06Z</time></trkpt>
<trkpt lat="37.089628" lon="-121.882928"><ele>425.4</ele><time>2021-12-11T17:21:14Z</time></trkpt>
<trkpt lat="37.089639" lon="-121.882762"><ele>425.9</ele><time>2021-12-11T17:21:21Z</time></trkpt>
<trkpt lat="37.089542" lon="-121.882522"><ele>426.9</ele><time>2021-12-11T17:21:32Z</time></trkpt>
<trkpt lat="37.089473" lon="-121.882469"><ele>427.4</ele><time>2021-12-11T17:21:35Z</time></trkpt>
<trkpt lat="37.089406" lon="-121.882213"><ele>428.4</ele><time>2021-12-11T17:21:43Z</time></trkpt>
<trkpt lat="37.089298" lon="-121.882131"><ele>429.0</ele><time>2021-12-11T17:21:48Z</time></trkpt>
<trkpt lat="37.089270" lon="-121.881999"><ele>429.6</ele><time>2021-12-11T17:21:52Z</time></trkpt>
<trkpt lat="37.089145" lon="-121.881896"><ele>430.8</ele><time>2021-12-11T17:22:01Z</time></trkpt>
<trkpt lat="37.088941" lon="-121.880822"><ele>439.5</ele><time>2021-12-11T17:23:28Z</time></trkpt>
<trkpt lat="37.088772" lon="-121.880786"><ele>440.0</ele><time>2021-12-11T17:23:38Z</time></trkpt>
<trkpt lat="37.088782" lon="-121.880623"><ele>440.3</ele><time>2021-12-11T17:23:42Z</time></trkpt>
<trkpt lat="37.088691" lon="-121.880388"><ele>440.9</ele><time>2021-12-11T17:23:47Z</time></trkpt>
<trkpt lat="37.088599" lon="-121.880359"><ele>441.3</ele><time>2021-12-11T17:23:51Z</time></trkpt>
<trkpt lat="37.088609" lon="-121.880316"><ele>441.5</ele><time>2021-12-11T17:23:52Z</time></trkpt>
<trkpt lat="37.088529" lon="-121.880192"><ele>442.2</ele><time>2021-12-11T17:23:58Z</time></trkpt>
<trkpt lat="37.088490" lon="-121.879964"><ele>443.1</ele><time>2021-12-11T17:24:04Z</time></trkpt>
<trkpt lat="37.088510" lon="-121.879997"><ele>443.3</ele><time>2021-12-11T17:24:06Z</time></trkpt>
<trkpt lat="37.088531" lon="-121.879975"><ele>443.4</ele><time>2021-12-11T17:24:09Z</time></trkpt>
<trkpt lat="37.088436" lon="-121.879728"><ele>444.4</ele><time>2021-12-11T17:24:14Z</time></trkpt>
<trkpt lat="37.088166" lon="-121.879152"><ele>446.1</ele><time>2021-12-11T17:24:29Z</time></trkpt>
<trkpt lat="37.088066" lon="-121.879099"><ele>446.2</ele><time>2021-12-11T17:24:34Z</time></trkpt>
<trkpt lat="37.088053" lon="-121.878780"><ele>446.4</ele><time>2021-12-11T17:24:40Z</time></trkpt>
<trkpt lat="37.088026" lon="-121.878655"><ele>446.6</ele><time>2021-12-11T17:24:43Z</time></trkpt>
<trkpt lat="37.087983" lon="-121.878609"><ele>446.7</ele><time>2021-12-11T17:24:44Z</time></trkpt>
<trkpt lat="37.087955" lon="-121.878441"><ele>446.9</ele><time>2021-12-11T17:24:48Z</time></trkpt>
<trkpt lat="37.087981" lon="-121.877912"><ele>448.4</ele><time>2021-12-11T17:25:01Z</time></trkpt>
<trkpt lat="37.088058" lon="-121.877176"><ele>452.6</ele><time>2021-12-11T17:25:25Z</time></trkpt>
<trkpt lat="37.088106" lon="-121.875698"><ele>456.8</ele><time>2021-12-11T17:26:10Z</time></trkpt>
<trkpt lat="37.088011" lon="-121.875028"><ele>458.6</ele><time>2021-12-11T17:26:28Z</time></trkpt>
<trkpt lat="37.087565" lon="-121.873914"><ele>461.4</ele><time>2021-12-11T17:27:04Z</time></trkpt>
<trkpt lat="37.087313" lon="-121.873131"><ele>464.8</ele><time>2021-12-11T17:27:32Z</time></trkpt>
<trkpt lat="37.087213" lon="-121.872705"><ele>467.3</ele><time>2021-12-11T17:27:44Z</time></trkpt>
<trkpt lat="37.087152" lon="-121.872570"><ele>468.0</ele><time>2021-12-11T17:27:48Z</time></trkpt>
<trkpt lat="37.087000" lon="-121.872347"><ele>469.2</ele><time>2021-12-11T17:27:57Z</time></trkpt>
<trkpt lat="37.086961" lon="-121.872229"><ele>469.5</ele><time>2021-12-11T17:28:01Z</time></trkpt>
<trkpt lat="37.086877" lon="-121.872189"><ele>469.8</ele><time>2021-12-11T17:28:02Z</time></trkpt>
<trkpt lat="37.086830" lon="-121.872115"><ele>470.0</ele><time>2021-12-11T17:28:04Z</time></trkpt>
<trkpt lat="37.086797" lon="-121.871928"><ele>470.3</ele><time>2021-12-11T17:28:07Z</time></trkpt>
<trkpt lat="37.086845" lon="-121.871995"><ele>470.5</ele><time>2021-12-11T17:28:08Z</time></trkpt>
<trkpt lat="37.086824" lon="-121.871897"><ele>470.8</ele><time>2021-12-11T17:28:11Z</time></trkpt>
<trkpt lat="37.086711" lon="-121.871899"><ele>471.2</ele><time>2021-12-11T17:28:13Z</time></trkpt>
<trkpt lat="37.086669" lon="-121.871818"><ele>471.6</ele><time>2021-12-11T17:28:18Z</time></trkpt>
<trkpt lat="37.086441" lon="-121.871584"><ele>472.7</ele><time>2021-12-11T17:28:41Z</time></trkpt>
<trkpt lat="37.086580" lon="-121.871618"><ele>473.2</ele><time>2021-12-11T17:28:46Z</time></trkpt>
<trkpt lat="37.086550" lon="-121.871679"><ele>473.4</ele><time>2021-12-11T17:28:48Z</time></trkpt>
<trkpt lat="37.086566" lon="-121.871800"><ele>473.8</ele><time>2021-12-11T17:28:50Z</time></trkpt>
<trkpt lat="37.086496" lon="-121.871781"><ele>474.3</ele><time>2021-12-11T17:28:55Z</time></trkpt>
<trkpt lat="37.086490" lon="-121.871714"><ele>474.5</ele><time>2021-12-11T17:28:57Z</time></trkpt>
<trkpt lat="37.086536" lon="-121.871672"><ele>474.8</ele><time>2021-12-11T17:28:58Z</time></trkpt>
<trkpt lat="37.086528" lon="-121.871572"><ele>475.1</ele><time>2021-12-11T17:29:01Z</time></trkpt>
<trkpt lat="37.086605" lon="-121.871351"><ele>476.1</ele><time>2021-12-11T17:29:08Z</time></trkpt>
<trkpt lat="37.086577" lon="-121.871274"><ele>476.4</ele><time>2021-12-11T17:29:10Z</time></trkpt>
<trkpt lat="37.086606" lon="-121.871225"><ele>476.7</ele><time>2021-12-11T17:29:12Z</time></trkpt>
<trkpt lat="37.086559" lon="-121.871137"><ele>477.1</ele><time>2021-12-11T17:29:16Z</time></trkpt>
<trkpt lat="37.086534" lon="-121.870995"><ele>478.0</ele><time>2021-12-11T17:29:21Z</time></trkpt>
<trkpt lat="37.086445" lon="-121.870901"><ele>478.8</ele><time>2021-12-11T17:29:24Z</time></trkpt>
<trkpt lat="37.086396" lon="-121.870746"><ele>479.8</ele><time>2021-12-11T17:29:30Z</time></trkpt>
<trkpt lat="37.086293" lon="-121.870576"><ele>481.1</ele><time>2021-12-11T17:29:38Z</time></trkpt>
<trkpt lat="37.086117" lon="-121.870402"><ele>482.6</ele><time>2021-12-11T17:29:48Z</time></trkpt>
<trkpt lat="37.086112" lon="-121.870269"><ele>483.2</ele><time>2021-12-11T17:29:50Z</time></trkpt>
<trkpt lat="37.085987" lon="-121.869933"><ele>485.0</ele><time>2021-12-11T17:30:00Z</time></trkpt>
<trkpt lat="37.085918" lon="-121.869924"><ele>485.5</ele><time>2021-12-11T17:30:04Z</time></trkpt>
<trkpt lat="37.085891" lon="-121.869838"><ele>486.2</ele><time>2021-12-11T17:30:06Z</time></trkpt>
<trkpt lat="37.085806" lon="-121.869819"><ele>486.9</ele><time>2021-12-11T17:30:09Z</time></trkpt>
<trkpt lat="37.085786" lon="-121.869761"><ele>487.4</ele><time>2021-12-11T17:30:10Z</time></trkpt>
<trkpt lat="37.085763" lon="-121.869594"><ele>488.5</ele><time>2021-12-11T17:30:15Z</time></trkpt>
<trkpt lat="37.085789" lon="-121.869561"><ele>488.9</ele><time>2021-12-11T17:30:16Z</time></trkpt>
<trkpt lat="37.085784" lon="-121.869442"><ele>489.8</ele><time>2021-12-11T17:30:22Z</time></trkpt>
<trkpt lat="37.085730" lon="-121.869358"><ele>490.6</ele><time>2021-12-11T17:30:29Z</time></trkpt>
<trkpt lat="37.085829" lon="-121.869136"><ele>492.3</ele><time>2021-12-11T17:30:34Z</time></trkpt>
<trkpt lat="37.085845" lon="-121.868995"><ele>493.4</ele><time>2021-12-11T17:30:40Z</time></trkpt>
<trkpt lat="37.085902" lon="-121.868962"><ele>494.0</ele><time>2021-12-11T17:30:42Z</time></trkpt>
<trkpt lat="37.085915" lon="-121.868777"><ele>495.3</ele><time>2021-12-11T17:30:50Z</time></trkpt>
<trkpt lat="37.085952" lon="-121.868770"><ele>495.5</ele><time>2021-12-11T17:30:51Z</time></trkpt>
<trkpt lat="37.085968" lon="-121.868605"><ele>496.3</ele><time>2021-12-11T17:30:56Z</time></trkpt>
<trkpt lat="37.086018" lon="-121.868580"><ele>496.5</ele><time>2021-12-11T17:30:57Z</time></trkpt>
<trkpt lat="37.085973" lon="-121.868398"><ele>497.2</ele><time>2021-12-11T17:31:06Z</time></trkpt>
<trkpt lat="37.085966" lon="-121.868092"><ele>498.7</ele><time>2021-12-11T17:31:15Z</time></trkpt>
<trkpt lat="37.085920" lon="-121.868044"><ele>499.1</ele><time>2021-12-11T17:31:18Z</time></trkpt>
<trkpt lat="37.085925" lon="-121.867981"><ele>499.6</ele><time>2021-12-11T17:31:20Z</time></trkpt>
<trkpt lat="37.085726" lon="-121.867595"><ele>503.1</ele><time>2021-12-11T17:31:33Z</time></trkpt>
<trkpt lat="37.085680" lon="-121.867437"><ele>504.5</ele><time>2021-12-11T17:31:40Z</time></trkpt>
<trkpt lat="37.085629" lon="-121.867416"><ele>505.1</ele><time>2021-12-11T17:31:43Z</time></trkpt>
<trkpt lat="37.085608" lon="-121.867301"><ele>506.0</ele><time>2021-12-11T17:31:48Z</time></trkpt>
<trkpt lat="37.085491" lon="-121.867196"><ele>507.0</ele><time>2021-12-11T17:32:01Z</time></trkpt>
<trkpt lat="37.085472" lon="-121.866919"><ele>507.7</ele><time>2021-12-11T17:32:06Z</time></trkpt>
<trkpt lat="37.085496" lon="-121.866646"><ele>508.1</ele><time>2021-12-11T17:32:12Z</time></trkpt>
<trkpt lat="37.085465" lon="-121.866408"><ele>508.5</ele><time>2021-12-11T17:32:19Z</time></trkpt>
<trkpt lat="37.085486" lon="-121.866252"><ele>509.0</ele><time>2021-12-11T17:32:23Z</time></trkpt>
<trkpt lat="37.085438" lon="-121.866106"><ele>509.7</ele><time>2021-12-11T17:32:27Z</time></trkpt>
<trkpt lat="37.085382" lon="-121.866064"><ele>510.1</ele><time>2021-12-11T17:32:29Z</time></trkpt>
<trkpt lat="37.085331" lon="-121.865839"><ele>511.3</ele><time>2021-12-11T17:32:35Z</time></trkpt>
<trkpt lat="37.085363" lon="-121.865654"><ele>512.2</ele><time>2021-12-11T17:32:40Z</time></trkpt>
<trkpt lat="37.085106" lon="-121.865331"><ele>514.3</ele><time>2021-12-11T17:32:50Z</time></trkpt>
<trkpt lat="37.085059" lon="-121.865151"><ele>515.2</ele><time>2021-12-11T17:32:55Z</time></trkpt>
<trkpt lat="37.085026" lon="-121.865120"><ele>515.5</ele><time>2021-12-11T17:32:56Z</time></trkpt>
<trkpt lat="37.085013" lon="-121.864815"><ele>517.1</ele><time>2021-12-11T17:33:05Z</time></trkpt>
<trkpt lat="37.085046" lon="-121.864612"><ele>518.1</ele><time>2021-12-11T17:33:09Z</time></trkpt>
<trkpt lat="37.085017" lon="-121.864434"><ele>519.0</ele><time>2021-12-11T17:33:16Z</time></trkpt>
<trkpt lat="37.084931" lon="-121.864237"><ele>520.4</ele><time>2021-12-11T17:33:24Z</time></trkpt>
<trkpt lat="37.084751" lon="-121.864136"><ele>522.0</ele><time>2021-12-11T17:33:34Z</time></trkpt>
<trkpt lat="37.084775" lon="-121.864111"><ele>522.2</ele><time>2021-12-11T17:33:35Z</time></trkpt>
<trkpt lat="37.084677" lon="-121.864024"><ele>523.0</ele><time>2021-12-11T17:33:42Z</time></trkpt>
<trkpt lat="37.084635" lon="-121.863863"><ele>523.6</ele><time>2021-12-11T17:33:48Z</time></trkpt>
<trkpt lat="37.084694" lon="-121.863718"><ele>524.1</ele><time>2021-12-11T17:33:51Z</time></trkpt>
<trkpt lat="37.084689" lon="-121.863570"><ele>524.6</ele><time>2021-12-11T17:33:54Z</time></trkpt>
<trkpt lat="37.084714" lon="-121.863522"><ele>524.8</ele><time>2021-12-11T17:33:56Z</time></trkpt>
<trkpt lat="37.084558" lon="-121.863374"><ele>525.5</ele><time>2021-12-11T17:34:01Z</time></trkpt>
<trkpt lat="37.084509" lon="-121.863262"><ele>525.9</ele><time>2021-12-11T17:34:04Z</time></trkpt>
<trkpt lat="37.084569" lon="-121.863139"><ele>526.1</ele><time>2021-12-11T17:34:12Z</time></trkpt>
<trkpt lat="37.084549" lon="-121.863127"><ele>526.1</ele><time>2021-12-11T17:34:13Z</time></trkpt>
<trkpt lat="37.084559" lon="-121.863034"><ele>526.0</ele><time>2021-12-11T17:34:16Z</time></trkpt>
<trkpt lat="37.084517" lon="-121.863047"><ele>526.0</ele><time>2021-12-11T17:34:20Z</time></trkpt>
<trkpt lat="37.084491" lon="-121.862909"><ele>525.7</ele><time>2021-12-11T17:34:39Z</time></trkpt>
<trkpt lat="37.084331" lon="-121.862794"><ele>525.1</ele><time>2021-12-11T17:34:45Z</time></trkpt>
<trkpt lat="37.084349" lon="-121.862658"><ele>524.6</ele><time>2021-12-11T17:34:46Z</time></trkpt>
<trkpt lat="37.084320" lon="-121.862340"><ele>523.5</ele><time>2021-12-11T17:34:49Z</time></trkpt>
<trkpt lat="37.084375" lon="-121.862233"><ele>523.2</ele><time>2021-12-11T17:34:52Z</time></trkpt>
<trkpt lat="37.084318" lon="-121.861930"><ele>522.7</ele><time>2021-12-11T17:34:57Z</time></trkpt>
<trkpt lat="37.084351" lon="-121.861788"><ele>522.5</ele><time>2021-12-11T17:35:01Z</time></trkpt>
<trkpt lat="37.084333" lon="-121.861592"><ele>522.4</ele><time>2021-12-11T17:35:05Z</time></trkpt>
<trkpt lat="37.084284" lon="-121.861497"><ele>522.4</ele><time>2021-12-11T17:35:07Z</time></trkpt>
<trkpt lat="37.084286" lon="-121.861433"><ele>522.4</ele><time>2021-12-11T17:35:08Z</time></trkpt>
<trkpt lat="37.084200" lon="-121.861362"><ele>522.5</ele><time>2021-12-11T17:35:10Z</time></trkpt>
<trkpt lat="37.084210" lon="-121.861222"><ele>522.7</ele><time>2021-12-11T17:35:13Z</time></trkpt>
<trkpt lat="37.084093" lon="-121.861120"><ele>522.9</ele><time>2021-12-11T17:35:17Z</time></trkpt>
<trkpt lat="37.084095" lon="-121.860994"><ele>522.8</ele><time>2021-12-11T17:35:20Z</time></trkpt>
<trkpt lat="37.084014" lon="-121.860874"><ele>522.6</ele><time>2021-12-11T17:35:23Z</time></trkpt>
<trkpt lat="37.084025" lon="-121.860544"><ele>521.8</ele><time>2021-12-11T17:35:28Z</time></trkpt>
<trkpt lat="37.084081" lon="-121.860419"><ele>521.5</ele><time>2021-12-11T17:35:30Z</time></trkpt>
<trkpt lat="37.084045" lon="-121.860314"><ele>521.2</ele><time>2021-12-11T17:35:32Z</time></trkpt>
<trkpt lat="37.084117" lon="-121.860195"><ele>520.9</ele><time>2021-12-11T17:35:36Z</time></trkpt>
<trkpt lat="37.084099" lon="-121.860068"><ele>520.7</ele><time>2021-12-11T17:35:38Z</time></trkpt>
<trkpt lat="37.084135" lon="-121.859928"><ele>520.4</ele><time>2021-12-11T17:35:43Z</time></trkpt>
<trkpt lat="37.084092" lon="-121.859771"><ele>520.3</ele><time>2021-12-11T17:35:47Z</time></trkpt>
<trkpt lat="37.083809" lon="-121.859469"><ele>520.0</ele><time>2021-12-11T17:35:51Z</time></trkpt>
<trkpt lat="37.083673" lon="-121.859231"><ele>519.7</ele><time>2021-12-11T17:35:54Z</time></trkpt>
<trkpt lat="37.083684" lon="-121.859026"><ele>519.4</ele><time>2021-12-11T17:35:58Z</time></trkpt>
<trkpt lat="37.083633" lon="-121.858788"><ele>519.1</ele><time>2021-12-11T17:36:03Z</time></trkpt>
<trkpt lat="37.083644" lon="-121.858669"><ele>518.9</ele><time>2021-12-11T17:36:05Z</time></trkpt>
<trkpt lat="37.083615" lon="-121.858579"><ele>518.8</ele><time>2021-12-11T17:36:06Z</time></trkpt>
<trkpt lat="37.083571" lon="-121.858572"><ele>518.7</ele><time>2021-12-11T17:36:07Z</time></trkpt>
<trkpt lat="37.083545" lon="-121.858421"><ele>518.6</ele><time>2021-12-11T17:36:10Z</time></trkpt>
<trkpt lat="37.083497" lon="-121.858383"><ele>518.5</ele><time>2021-12-11T17:36:12Z</time></trkpt>
<trkpt lat="37.083547" lon="-121.858151"><ele>518.2</ele><time>2021-12-11T17:36:15Z</time></trkpt>
<trkpt lat="37.083494" lon="-121.857688"><ele>517.6</ele><time>2021-12-11T17:36:25Z</time></trkpt>
<trkpt lat="37.083407" lon="-121.857653"><ele>517.4</ele><time>2021-12-11T17:36:28Z</time></trkpt>
<trkpt lat="37.083420" lon="-121.857488"><ele>517.2</ele><time>2021-12-11T17:36:33Z</time></trkpt>
<trkpt lat="37.083317" lon="-121.857261"><ele>516.8</ele><time>2021-12-11T17:36:37Z</time></trkpt>
<trkpt lat="37.083301" lon="-121.857290"><ele>516.7</ele><time>2021-12-11T17:36:38Z</time></trkpt>
<trkpt lat="37.083225" lon="-121.856913"><ele>515.8</ele><time>2021-12-11T17:36:44Z</time></trkpt>
<trkpt lat="37.083178" lon="-121.856842"><ele>515.6</ele><time>2021-12-11T17:36:45Z</time></trkpt>
<trkpt lat="37.083080" lon="-121.856516"><ele>514.5</ele><time>2021-12-11T17:36:49Z</time></trkpt>
<trkpt lat="37.083194" lon="-121.854994"><ele>510.4</ele><time>2021-12-11T17:36:52Z</time></trkpt>
<trkpt lat="37.083179" lon="-121.854868"><ele>510.4</ele><time>2021-12-11T17:36:55Z</time></trkpt>
<trkpt lat="37.083053" lon="-121.854595"><ele>510.6</ele><time>2021-12-11T17:37:01Z</time></trkpt>
<trkpt lat="37.083050" lon="-121.854533"><ele>510.6</ele><time>2021-12-11T17:37:02Z</time></trkpt>
<trkpt lat="37.083003" lon="-121.854510"><ele>510.6</ele><time>2021-12-11T17:37:04Z</time></trkpt>
<trkpt lat="37.082949" lon="-121.854396"><ele>510.6</ele><time>2021-12-11T17:37:07Z</time></trkpt>
<trkpt lat="37.082877" lon="-121.854118"><ele>510.6</ele><time>2021-12-11T17:37:14Z</time></trkpt>
<trkpt lat="37.082873" lon="-121.854170"><ele>510.6</ele><time>2021-12-11T17:37:15Z</time></trkpt>
<trkpt lat="37.082751" lon="-121.853991"><ele>510.7</ele><time>2021-12-11T17:37:21Z</time></trkpt>
<trkpt lat="37.082752" lon="-121.853862"><ele>510.7</ele><time>2021-12-11T17:37:23Z</time></trkpt>
<trkpt lat="37.082663" lon="-121.853755"><ele>510.7</ele><time>2021-12-11T17:37:28Z</time></trkpt>
<trkpt lat="37.082675" lon="-121.853630"><ele>510.7</ele><time>2021-12-11T17:37:31Z</time></trkpt>
<trkpt lat="37.082539" lon="-121.853500"><ele>510.7</ele><time>2021-12-11T17:37:42Z</time></trkpt>
<trkpt lat="37.082532" lon="-121.853407"><ele>510.6</ele><time>2021-12-11T17:37:45Z</time></trkpt>
<trkpt lat="37.082491" lon="-121.853398"><ele>510.5</ele><time>2021-12-11T17:37:47Z</time></trkpt>
<trkpt lat="37.082511" lon="-121.853354"><ele>510.4</ele><time>2021-12-11T17:38:03Z</time></trkpt>
<trkpt lat="37.082466" lon="-121.853334"><ele>510.3</ele><time>2021-12-11T17:38:04Z</time></trkpt>
<trkpt lat="37.082482" lon="-121.853297"><ele>510.3</ele><time>2021-12-11T17:38:05Z</time></trkpt>
<trkpt lat="37.082386" lon="-121.853207"><ele>510.1</ele><time>2021-12-11T17:38:12Z</time></trkpt>
<trkpt lat="37.082146" lon="-121.852501"><ele>510.0</ele><time>2021-12-11T17:38:30Z</time></trkpt>
<trkpt lat="37.082067" lon="-121.852358"><ele>509.9</ele><time>2021-12-11T17:38:32Z</time></trkpt>
<trkpt lat="37.082038" lon="-121.852354"><ele>509.9</ele><time>2021-12-11T17:38:33Z</time></trkpt>
<trkpt lat="37.082010" lon="-121.852224"><ele>509.7</ele><time>2021-12-11T17:38:35Z</time></trkpt>
<trkpt lat="37.081917" lon="-121.852088"><ele>509.5</ele><time>2021-12-11T17:38:38Z</time></trkpt>
<trkpt lat="37.081686" lon="-121.851857"><ele>509.2</ele><time>2021-12-11T17:38:44Z</time></trkpt>
<trkpt lat="37.081606" lon="-121.851678"><ele>509.1</ele><time>2021-12-11T17:38:47Z</time></trkpt>
<trkpt lat="37.081594" lon="-121.851626"><ele>509.1</ele><time>2021-12-11T17:38:48Z</time></trkpt>
<trkpt lat="37.081639" lon="-121.851453"><ele>509.0</ele><time>2021-12-11T17:38:50Z</time></trkpt>
<trkpt lat="37.081607" lon="-121.851076"><ele>508.3</ele><time>2021-12-11T17:38:55Z</time></trkpt>
<trkpt lat="37.081636" lon="-121.850991"><ele>508.1</ele><time>2021-12-11T17:38:56Z</time></trkpt>
<trkpt lat="37.081723" lon="-121.850855"><ele>506.0</ele><time>2021-12-11T17:38:58Z</time></trkpt>
<trkpt lat="37.081972" lon="-121.850613"><ele>502.7</ele><time>2021-12-11T17:39:03Z</time></trkpt>
<trkpt lat="37.081799" lon="-121.850429"><ele>502.4</ele><time>2021-12-11T17:39:09Z</time></trkpt>
<trkpt lat="37.081588" lon="-121.850086"><ele>502.3</ele><time>2021-12-11T17:39:16Z</time></trkpt>
<trkpt lat="37.081522" lon="-121.849808"><ele>502.5</ele><time>2021-12-11T17:39:21Z</time></trkpt>
<trkpt lat="37.081439" lon="-121.849668"><ele>502.8</ele><time>2021-12-11T17:39:24Z</time></trkpt>
<trkpt lat="37.081278" lon="-121.849524"><ele>503.2</ele><time>2021-12-11T17:39:31Z</time></trkpt>
<trkpt lat="37.081278" lon="-121.849470"><ele>503.3</ele><time>2021-12-11T17:39:38Z</time></trkpt>
<trkpt lat="37.081259" lon="-121.849500"><ele>503.4</ele><time>2021-12-11T17:39:39Z</time></trkpt>
</trkseg></trk>
</gpx>
