<?xml version="1.0" encoding="UTF-8"?>
<gpx version="1.1" creator="Eric Sichak trip reports" xmlns="http://www.topografix.com/GPX/1/1">
<metadata><name>OTB crash on segment 3 had to call it early</name><time>2022-10-01T16:00:54Z</time></metadata>
<trk><name>OTB crash on segment 3 had to call it early</name><type>mtb</type><trkseg>
<trkpt lat="37.082626" lon="-121.851575"><ele>499.9</ele><time>2022-10-01T16:00:54Z</time></trkpt>
<trkpt lat="37.082609" lon="-121.851628"><ele>500.1</ele><time>2022-10-01T16:00:58Z</time></trkpt>
<trkpt lat="37.082526" lon="-121.851383"><ele>500.6</ele><time>2022-10-01T16:01:08Z</time></trkpt>
<trkpt lat="37.082279" lon="-121.851144"><ele>501.4</ele><time>2022-10-01T16:01:14Z</time></trkpt>
<trkpt lat="37.082265" lon="-121.851056"><ele>501.6</ele><time>2022-10-01T16:01:15Z</time></trkpt>
<trkpt lat="37.082024" lon="-121.850698"><ele>502.4</ele><time>2022-10-01T16:01:23Z</time></trkpt>
<trkpt lat="37.081916" lon="-121.850699"><ele>503.3</ele><time>2022-10-01T16:01:25Z</time></trkpt>
<trkpt lat="37.081869" lon="-121.850764"><ele>503.8</ele><time>2022-10-01T16:01:26Z</time></trkpt>
<trkpt lat="37.081892" lon="-121.850780"><ele>504.0</ele><time>2022-10-01T16:01:27Z</time></trkpt>
<trkpt lat="37.081803" lon="-121.850821"><ele>505.0</ele><time>2022-10-01T16:01:30Z</time></trkpt>
<trkpt lat="37.081723" lon="-121.851036"><ele>508.0</ele><time>2022-10-01T16:01:38Z</time></trkpt>
<trkpt lat="37.081738" lon="-121.851099"><ele>508.2</ele><time>2022-10-01T16:01:42Z</time></trkpt>
<trkpt lat="37.081695" lon="-121.851191"><ele>508.4</ele><time>2022-10-01T16:01:47Z</time></trkpt>
<trkpt lat="37.081709" lon="-121.851365"><ele>508.8</ele><time>2022-10-01T16:01:54Z</time></trkpt>
<trkpt lat="37.081836" lon="-121.851515"><ele>509.2</ele><time>2022-10-01T16:02:05Z</time></trkpt>
<trkpt lat="37.081860" lon="-121.851627"><ele>509.2</ele><time>2022-10-01T16:02:09Z</time></trkpt>
<trkpt lat="37.081962" lon="-121.851814"><ele>509.3</ele><time>2022-10-01T16:02:15Z</time></trkpt>
<trkpt lat="37.081976" lon="-121.851913"><ele>509.4</ele><time>2022-10-01T16:02:17Z</time></trkpt>
<trkpt lat="37.082114" lon="-121.852089"><ele>509.7</ele><time>2022-10-01T16:02:22Z</time></trkpt>
<trkpt lat="37.082314" lon="-121.852490"><ele>510.3</ele><time>2022-10-01T16:02:32Z</time></trkpt>
<trkpt lat="37.082381" lon="-121.852830"><ele>510.2</ele><time>2022-10-01T16:02:40Z</time></trkpt>
<trkpt lat="37.082460" lon="-121.852865"><ele>510.2</ele><time>2022-10-01T16:02:42Z</time></trkpt>
<trkpt lat="37.082440" lon="-121.852904"><ele>510.2</ele><time>2022-10-01T16:02:43Z</time></trkpt>
<trkpt lat="37.082455" lon="-121.852986"><ele>510.2</ele><time>2022-10-01T16:02:46Z</time></trkpt>
<trkpt lat="37.082529" lon="-121.853068"><ele>510.4</ele><time>2022-10-01T16:02:50Z</time></trkpt>
<trkpt lat="37.082520" lon="-121.853132"><ele>510.5</ele><time>2022-10-01T16:02:51Z</time></trkpt>
<trkpt lat="37.082585" lon="-121.853435"><ele>511.1</ele><time>2022-10-01T16:02:59Z</time></trkpt>
<trkpt lat="37.082777" lon="-121.853910"><ele>511.1</ele><time>2022-10-01T16:03:14Z</time></trkpt>
<trkpt lat="37.083092" lon="-121.854503"><ele>510.9</ele><time>2022-10-01T16:03:34Z</time></trkpt>
<trkpt lat="37.083391" lon="-121.855619"><ele>511.6</ele><time>2022-10-01T16:03:56Z</time></trkpt>
<trkpt lat="37.083497" lon="-121.856469"><ele>515.1</ele><time>2022-10-01T16:04:11Z</time></trkpt>
<trkpt lat="37.083569" lon="-121.856793"><ele>516.3</ele><time>2022-10-01T16:04:17Z</time></trkpt>
<trkpt lat="37.083632" lon="-121.857469"><ele>517.8</ele><time>2022-10-01T16:04:30Z</time></trkpt>
<trkpt lat="37.083763" lon="-121.858077"><ele>518.6</ele><time>2022-10-01T16:04:40Z</time></trkpt>
<trkpt lat="37.083708" lon="-121.859104"><ele>519.9</ele><time>2022-10-01T16:05:01Z</time></trkpt>
<trkpt lat="37.083715" lon="-121.859173"><ele>519.9</ele><time>2022-10-01T16:05:02Z</time></trkpt>
<trkpt lat="37.083800" lon="-121.859295"><ele>520.1</ele><time>2022-10-01T16:05:05Z</time></trkpt>
<trkpt lat="37.083778" lon="-121.859457"><ele>520.2</ele><time>2022-10-01T16:05:08Z</time></trkpt>
<trkpt lat="37.083810" lon="-121.859524"><ele>520.2</ele><time>2022-10-01T16:05:10Z</time></trkpt>
<trkpt lat="37.083765" lon="-121.859603"><ele>520.3</ele><time>2022-10-01T16:05:12Z</time></trkpt>
<trkpt lat="37.083874" lon="-121.859780"><ele>520.4</ele><time>2022-10-01T16:05:16Z</time></trkpt>
<trkpt lat="37.083974" lon="-121.859838"><ele>520.5</ele><time>2022-10-01T16:05:18Z</time></trkpt>
<trkpt lat="37.084033" lon="-121.860066"><ele>520.8</ele><time>2022-10-01T16:05:21Z</time></trkpt>
<trkpt lat="37.084144" lon="-121.860292"><ele>521.4</ele><time>2022-10-01T16:05:26Z</time></trkpt>
<trkpt lat="37.084086" lon="-121.860630"><ele>522.2</ele><time>2022-10-01T16:05:30Z</time></trkpt>
<trkpt lat="37.084174" lon="-121.860916"><ele>522.9</ele><time>2022-10-01T16:05:35Z</time></trkpt>
<trkpt lat="37.084149" lon="-121.861055"><ele>523.0</ele><time>2022-10-01T16:05:38Z</time></trkpt>
<trkpt lat="37.084288" lon="-121.861261"><ele>522.7</ele><time>2022-10-01T16:05:42Z</time></trkpt>
<trkpt lat="37.084319" lon="-121.861443"><ele>522.4</ele><time>2022-10-01T16:05:46Z</time></trkpt>
<trkpt lat="37.084325" lon="-121.861562"><ele>522.3</ele><time>2022-10-01T16:05:49Z</time></trkpt>
<trkpt lat="37.084255" lon="-121.861669"><ele>522.2</ele><time>2022-10-01T16:05:52Z</time></trkpt>
<trkpt lat="37.084250" lon="-121.861761"><ele>522.2</ele><time>2022-10-01T16:05:56Z</time></trkpt>
<trkpt lat="37.084335" lon="-121.861921"><ele>522.5</ele><time>2022-10-01T16:06:00Z</time></trkpt>
<trkpt lat="37.084400" lon="-121.861974"><ele>522.6</ele><time>2022-10-01T16:06:01Z</time></trkpt>
<trkpt lat="37.084371" lon="-121.862169"><ele>523.1</ele><time>2022-10-01T16:06:04Z</time></trkpt>
<trkpt lat="37.084386" lon="-121.862482"><ele>524.3</ele><time>2022-10-01T16:06:10Z</time></trkpt>
<trkpt lat="37.084349" lon="-121.862552"><ele>524.7</ele><time>2022-10-01T16:06:11Z</time></trkpt>
<trkpt lat="37.084400" lon="-121.863022"><ele>526.2</ele><time>2022-10-01T16:06:24Z</time></trkpt>
<trkpt lat="37.084416" lon="-121.863073"><ele>526.2</ele><time>2022-10-01T16:06:25Z</time></trkpt>
<trkpt lat="37.084520" lon="-121.863163"><ele>526.2</ele><time>2022-10-01T16:06:28Z</time></trkpt>
<trkpt lat="37.084590" lon="-121.863317"><ele>525.8</ele><time>2022-10-01T16:06:31Z</time></trkpt>
<trkpt lat="37.084634" lon="-121.863437"><ele>525.4</ele><time>2022-10-01T16:06:34Z</time></trkpt>
<trkpt lat="37.084599" lon="-121.863506"><ele>525.1</ele><time>2022-10-01T16:06:35Z</time></trkpt>
<trkpt lat="37.084761" lon="-121.863898"><ele>523.6</ele><time>2022-10-01T16:06:42Z</time></trkpt>
<trkpt lat="37.084975" lon="-121.864014"><ele>522.1</ele><time>2022-10-01T16:06:47Z</time></trkpt>
<trkpt lat="37.085060" lon="-121.864198"><ele>520.7</ele><time>2022-10-01T16:06:49Z</time></trkpt>
<trkpt lat="37.085069" lon="-121.864371"><ele>519.6</ele><time>2022-10-01T16:06:51Z</time></trkpt>
<trkpt lat="37.085022" lon="-121.864692"><ele>517.8</ele><time>2022-10-01T16:06:54Z</time></trkpt>
<trkpt lat="37.085059" lon="-121.864882"><ele>516.8</ele><time>2022-10-01T16:06:56Z</time></trkpt>
<trkpt lat="37.085145" lon="-121.865102"><ele>515.3</ele><time>2022-10-01T16:06:58Z</time></trkpt>
<trkpt lat="37.085292" lon="-121.865198"><ele>514.2</ele><time>2022-10-01T16:07:00Z</time></trkpt>
<trkpt lat="37.085405" lon="-121.865437"><ele>512.8</ele><time>2022-10-01T16:07:03Z</time></trkpt>
<trkpt lat="37.085428" lon="-121.865629"><ele>511.9</ele><time>2022-10-01T16:07:05Z</time></trkpt>
<trkpt lat="37.085587" lon="-121.866110"><ele>509.3</ele><time>2022-10-01T16:07:10Z</time></trkpt>
<trkpt lat="37.085676" lon="-121.866865"><ele>507.6</ele><time>2022-10-01T16:07:16Z</time></trkpt>
<trkpt lat="37.085675" lon="-121.867089"><ele>506.7</ele><time>2022-10-01T16:07:18Z</time></trkpt>
<trkpt lat="37.085787" lon="-121.867224"><ele>505.2</ele><time>2022-10-01T16:07:21Z</time></trkpt>
<trkpt lat="37.085905" lon="-121.867510"><ele>502.4</ele><time>2022-10-01T16:07:24Z</time></trkpt>
<trkpt lat="37.085895" lon="-121.867643"><ele>501.3</ele><time>2022-10-01T16:07:25Z</time></trkpt>
<trkpt lat="37.085946" lon="-121.868000"><ele>498.6</ele><time>2022-10-01T16:07:28Z</time></trkpt>
<trkpt lat="37.086003" lon="-121.868838"><ele>494.6</ele><time>2022-10-01T16:07:35Z</time></trkpt>
<trkpt lat="37.085962" lon="-121.868894"><ele>494.1</ele><time>2022-10-01T16:07:36Z</time></trkpt>
<trkpt lat="37.085879" lon="-121.869215"><ele>491.5</ele><time>2022-10-01T16:07:39Z</time></trkpt>
<trkpt lat="37.085851" lon="-121.869465"><ele>489.7</ele><time>2022-10-01T16:07:41Z</time></trkpt>
<trkpt lat="37.085847" lon="-121.869709"><ele>487.9</ele><time>2022-10-01T16:07:43Z</time></trkpt>
<trkpt lat="37.085920" lon="-121.870091"><ele>485.2</ele><time>2022-10-01T16:07:46Z</time></trkpt>
<trkpt lat="37.086162" lon="-121.870259"><ele>483.4</ele><time>2022-10-01T16:07:48Z</time></trkpt>
<trkpt lat="37.086243" lon="-121.870353"><ele>482.8</ele><time>2022-10-01T16:07:49Z</time></trkpt>
<trkpt lat="37.086633" lon="-121.870977"><ele>477.8</ele><time>2022-10-01T16:07:56Z</time></trkpt>
<trkpt lat="37.086703" lon="-121.871198"><ele>476.8</ele><time>2022-10-01T16:07:58Z</time></trkpt>
<trkpt lat="37.086683" lon="-121.871323"><ele>476.3</ele><time>2022-10-01T16:07:59Z</time></trkpt>
<trkpt lat="37.086765" lon="-121.871871"><ele>473.9</ele><time>2022-10-01T16:08:04Z</time></trkpt>
<trkpt lat="37.087018" lon="-121.872330"><ele>472.1</ele><time>2022-10-01T16:08:09Z</time></trkpt>
<trkpt lat="37.087105" lon="-121.872385"><ele>471.6</ele><time>2022-10-01T16:08:10Z</time></trkpt>
<trkpt lat="37.087115" lon="-121.872470"><ele>471.3</ele><time>2022-10-01T16:08:11Z</time></trkpt>
<trkpt lat="37.087294" lon="-121.872861"><ele>470.1</ele><time>2022-10-01T16:08:16Z</time></trkpt>
<trkpt lat="37.087486" lon="-121.873409"><ele>468.1</ele><time>2022-10-01T16:08:22Z</time></trkpt>
<trkpt lat="37.087673" lon="-121.874072"><ele>463.8</ele><time>2022-10-01T16:08:29Z</time></trkpt>
<trkpt lat="37.088008" lon="-121.874866"><ele>460.0</ele><time>2022-10-01T16:08:37Z</time></trkpt>
<trkpt lat="37.088258" lon="-121.875730"><ele>458.2</ele><time>2022-10-01T16:08:49Z</time></trkpt>
<trkpt lat="37.088207" lon="-121.875691"><ele>457.9</ele><time>2022-10-01T16:08:50Z</time></trkpt>
<trkpt lat="37.088239" lon="-121.875791"><ele>457.5</ele><time>2022-10-01T16:08:52Z</time></trkpt>
<trkpt lat="37.088182" lon="-121.875898"><ele>457.2</ele><time>2022-10-01T16:08:54Z</time></trkpt>
<trkpt lat="37.088122" lon="-121.876614"><ele>454.3</ele><time>2022-10-01T16:09:20Z</time></trkpt>
<trkpt lat="37.088157" lon="-121.877238"><ele>453.1</ele><time>2022-10-01T16:09:50Z</time></trkpt>
<trkpt lat="37.088075" lon="-121.878014"><ele>448.3</ele><time>2022-10-01T16:09:55Z</time></trkpt>
<trkpt lat="37.088039" lon="-121.878740"><ele>446.3</ele><time>2022-10-01T16:10:00Z</time></trkpt>
<trkpt lat="37.088094" lon="-121.879096"><ele>446.0</ele><time>2022-10-01T16:10:02Z</time></trkpt>
<trkpt lat="37.088208" lon="-121.879376"><ele>445.9</ele><time>2022-10-01T16:10:04Z</time></trkpt>
<trkpt lat="37.088268" lon="-121.879644"><ele>444.9</ele><time>2022-10-01T16:10:06Z</time></trkpt>
<trkpt lat="37.088643" lon="-121.880358"><ele>441.1</ele><time>2022-10-01T16:10:12Z</time></trkpt>
<trkpt lat="37.088667" lon="-121.880618"><ele>440.4</ele><time>2022-10-01T16:10:14Z</time></trkpt>
<trkpt lat="37.088626" lon="-121.880740"><ele>440.1</ele><time>2022-10-01T16:10:15Z</time></trkpt>
<trkpt lat="37.088658" lon="-121.880414"><ele>433.7</ele><time>2022-10-01T16:10:16Z</time></trkpt>
<trkpt lat="37.088538" lon="-121.880499"><ele>443.3</ele><time>2022-10-01T16:10:18Z</time></trkpt>
<trkpt lat="37.088322" lon="-121.880551"><ele>454.5</ele><time>2022-10-01T16:10:20Z</time></trkpt>
<trkpt lat="37.088229" lon="-121.880573"><ele>454.8</ele><time>2022-10-01T16:10:21Z</time></trkpt>
<trkpt lat="37.088050" lon="-121.880619"><ele>468.2</ele><time>2022-10-01T16:10:23Z</time></trkpt>
<trkpt lat="37.087973" lon="-121.880653"><ele>476.2</ele><time>2022-10-01T16:10:24Z</time></trkpt>
<trkpt lat="37.087899" lon="-121.880728"><ele>486.0</ele><time>2022-10-01T16:10:25Z</time></trkpt>
<trkpt lat="37.087890" lon="-121.880763"><ele>486.2</ele><time>2022-10-01T16:10:26Z</time></trkpt>
<trkpt lat="37.088032" lon="-121.880888"><ele>482.5</ele><time>2022-10-01T16:10:27Z</time></trkpt>
<trkpt lat="37.088081" lon="-121.881072"><ele>478.8</ele><time>2022-10-01T16:10:29Z</time></trkpt>
<trkpt lat="37.088186" lon="-121.881478"><ele>461.3</ele><time>2022-10-01T16:10:32Z</time></trkpt>
<trkpt lat="37.088328" lon="-121.881862"><ele>457.0</ele><time>2022-10-01T16:10:33Z</time></trkpt>
<trkpt lat="37.088329" lon="-121.881943"><ele>457.3</ele><time>2022-10-01T16:10:34Z</time></trkpt>
<trkpt lat="37.088598" lon="-121.882256"><ele>445.7</ele><time>2022-10-01T16:10:36Z</time></trkpt>
<trkpt lat="37.088659" lon="-121.882467"><ele>445.2</ele><time>2022-10-01T16:10:38Z</time></trkpt>
<trkpt lat="37.088765" lon="-121.882564"><ele>438.4</ele><time>2022-10-01T16:10:39Z</time></trkpt>
<trkpt lat="37.088821" lon="-121.882968"><ele>436.2</ele><time>2022-10-01T16:10:42Z</time></trkpt>
<trkpt lat="37.088702" lon="-121.883085"><ele>442.3</ele><time>2022-10-01T16:10:43Z</time></trkpt>
<trkpt lat="37.088657" lon="-121.883206"><ele>440.8</ele><time>2022-10-01T16:10:44Z</time></trkpt>
<trkpt lat="37.088753" lon="-121.883334"><ele>434.4</ele><time>2022-10-01T16:10:45Z</time></trkpt>
<trkpt lat="37.088786" lon="-121.883432"><ele>434.8</ele><time>2022-10-01T16:10:46Z</time></trkpt>
<trkpt lat="37.088918" lon="-121.883562"><ele>424.9</ele><time>2022-10-01T16:10:47Z</time></trkpt>
<trkpt lat="37.089114" lon="-121.883694"><ele>417.0</ele><time>2022-10-01T16:10:48Z</time></trkpt>
<trkpt lat="37.089185" lon="-121.883989"><ele>415.0</ele><time>2022-10-01T16:10:51Z</time></trkpt>
<trkpt lat="37.089315" lon="-121.884278"><ele>413.3</ele><time>2022-10-01T16:10:54Z</time></trkpt>
<trkpt lat="37.089340" lon="-121.884407"><ele>412.8</ele><time>2022-10-01T16:10:55Z</time></trkpt>
<trkpt lat="37.089410" lon="-121.884512"><ele>412.4</ele><time>2022-10-01T16:10:56Z</time></trkpt>
<trkpt lat="37.089380" lon="-121.884549"><ele>412.2</ele><time>2022-10-01T16:10:57Z</time></trkpt>
<trkpt lat="37.089453" lon="-121.884939"><ele>410.5</ele><time>2022-10-01T16:10:59Z</time></trkpt>
<trkpt lat="37.089356" lon="-121.885282"><ele>408.4</ele><time>2022-10-01T16:11:00Z</time></trkpt>
<trkpt lat="37.089437" lon="-121.885445"><ele>407.6</ele><time>2022-10-01T16:11:01Z</time></trkpt>
<trkpt lat="37.089467" lon="-121.885591"><ele>407.1</ele><time>2022-10-01T16:11:02Z</time></trkpt>
<trkpt lat="37.089684" lon="-121.886032"><ele>406.2</ele><time>2022-10-01T16:11:03Z</time></trkpt>
<trkpt lat="37.089701" lon="-121.886156"><ele>406.1</ele><time>2022-10-01T16:11:04Z</time></trkpt>
<trkpt lat="37.089817" lon="-121.886342"><ele>406.1</ele><time>2022-10-01T16:11:05Z</time></trkpt>
<trkpt lat="37.089750" lon="-121.886608"><ele>406.4</ele><time>2022-10-01T16:11:07Z</time></trkpt>
<trkpt lat="37.089783" lon="-121.886683"><ele>406.5</ele><time>2022-10-01T16:11:08Z</time></trkpt>
<trkpt lat="37.089861" lon="-121.886739"><ele>406.8</ele><time>2022-10-01T16:11:10Z</time></trkpt>
<trkpt lat="37.089832" lon="-121.886826"><ele>407.0</ele><time>2022-10-01T16:11:13Z</time></trkpt>
<trkpt lat="37.089848" lon="-121.886954"><ele>407.2</ele><time>2022-10-01T16:11:15Z</time></trkpt>
<trkpt lat="37.089802" lon="-121.886918"><ele>407.2</ele><time>2022-10-01T16:11:16Z</time></trkpt>
<trkpt lat="37.089776" lon="-121.887002"><ele>407.3</ele><time>2022-10-01T16:11:18Z</time></trkpt>
<trkpt lat="37.089799" lon="-121.887061"><ele>407.3</ele><time>2022-10-01T16:11:21Z</time></trkpt>
<trkpt lat="37.089778" lon="-121.887213"><ele>407.6</ele><time>2022-10-01T16:11:26Z</time></trkpt>
<trkpt lat="37.089796" lon="-121.887490"><ele>408.6</ele><time>2022-10-01T16:11:30Z</time></trkpt>
<trkpt lat="37.089969" lon="-121.887675"><ele>409.7</ele><time>2022-10-01T16:11:36Z</time></trkpt>
<trkpt lat="37.090144" lon="-121.887625"><ele>410.7</ele><time>2022-10-01T16:11:42Z</time></trkpt>
<trkpt lat="37.090267" lon="-121.887658"><ele>411.5</ele><time>2022-10-01T16:11:45Z</time></trkpt>
<trkpt lat="37.090354" lon="-121.887615"><ele>412.0</ele><time>2022-10-01T16:11:49Z</time></trkpt>
<trkpt lat="37.090500" lon="-121.887692"><ele>412.6</ele><time>2022-10-01T16:11:55Z</time></trkpt>
<trkpt lat="37.090634" lon="-121.887840"><ele>413.0</ele><time>2022-10-01T16:12:01Z</time></trkpt>
<trkpt lat="37.090650" lon="-121.887941"><ele>413.2</ele><time>2022-10-01T16:12:03Z</time></trkpt>
<trkpt lat="37.090840" lon="-121.888125"><ele>413.7</ele><time>2022-10-01T16:12:11Z</time></trkpt>
<trkpt lat="37.090843" lon="-121.888289"><ele>413.9</ele><time>2022-10-01T16:12:14Z</time></trkpt>
<trkpt lat="37.090899" lon="-121.888364"><ele>413.9</ele><time>2022-10-01T16:12:16Z</time></trkpt>
<trkpt lat="37.090926" lon="-121.888487"><ele>413.9</ele><time>2022-10-01T16:12:20Z</time></trkpt>
<trkpt lat="37.090915" lon="-121.888609"><ele>413.8</ele><time>2022-10-01T16:12:23Z</time></trkpt>
<trkpt lat="37.090856" lon="-121.888753"><ele>413.6</ele><time>2022-10-01T16:12:27Z</time></trkpt>
<trkpt lat="37.090546" lon="-121.888994"><ele>412.6</ele><time>2022-10-01T16:12:40Z</time></trkpt>
<trkpt lat="37.090403" lon="-121.889041"><ele>412.8</ele><time>2022-10-01T16:12:45Z</time></trkpt>
<trkpt lat="37.090349" lon="-121.889108"><ele>412.9</ele><time>2022-10-01T16:12:48Z</time></trkpt>
<trkpt lat="37.090052" lon="-121.889177"><ele>413.2</ele><time>2022-10-01T16:13:00Z</time></trkpt>
<trkpt lat="37.090002" lon="-121.889178"><ele>413.3</ele><time>2022-10-01T16:13:01Z</time></trkpt>
<trkpt lat="37.089825" lon="-121.889054"><ele>413.8</ele><time>2022-10-01T16:13:05Z</time></trkpt>
<trkpt lat="37.089630" lon="-121.888994"><ele>415.2</ele><time>2022-10-01T16:13:09Z</time></trkpt>
<trkpt lat="37.088941" lon="-121.889006"><ele>419.8</ele><time>2022-10-01T16:13:40Z</time></trkpt>
<trkpt lat="37.088736" lon="-121.888964"><ele>420.5</ele><time>2022-10-01T16:13:53Z</time></trkpt>
<trkpt lat="37.088710" lon="-121.888994"><ele>420.6</ele><time>2022-10-01T16:13:56Z</time></trkpt>
<trkpt lat="37.088741" lon="-121.889127"><ele>420.7</ele><time>2022-10-01T16:14:02Z</time></trkpt>
<trkpt lat="37.088712" lon="-121.889137"><ele>420.7</ele><time>2022-10-01T16:14:04Z</time></trkpt>
<trkpt lat="37.088759" lon="-121.889189"><ele>420.5</ele><time>2022-10-01T16:14:07Z</time></trkpt>
<trkpt lat="37.088790" lon="-121.889368"><ele>420.2</ele><time>2022-10-01T16:14:13Z</time></trkpt>
<trkpt lat="37.088803" lon="-121.889466"><ele>420.1</ele><time>2022-10-01T16:14:16Z</time></trkpt>
<trkpt lat="37.088782" lon="-121.889509"><ele>420.0</ele><time>2022-10-01T16:14:17Z</time></trkpt>
<trkpt lat="37.088870" lon="-121.889558"><ele>419.8</ele><time>2022-10-01T16:14:19Z</time></trkpt>
<trkpt lat="37.088943" lon="-121.889718"><ele>419.5</ele><time>2022-10-01T16:14:26Z</time></trkpt>
<trkpt lat="37.089013" lon="-121.890012"><ele>419.5</ele><time>2022-10-01T16:14:34Z</time></trkpt>
<trkpt lat="37.089082" lon="-121.890174"><ele>420.2</ele><time>2022-10-01T16:14:41Z</time></trkpt>
<trkpt lat="37.089195" lon="-121.890364"><ele>421.3</ele><time>2022-10-01T16:14:52Z</time></trkpt>
<trkpt lat="37.089286" lon="-121.890383"><ele>421.8</ele><time>2022-10-01T16:14:57Z</time></trkpt>
<trkpt lat="37.089250" lon="-121.890510"><ele>422.2</ele><time>2022-10-01T16:15:06Z</time></trkpt>
<trkpt lat="37.089306" lon="-121.890569"><ele>422.3</ele><time>2022-10-01T16:15:20Z</time></trkpt>
<trkpt lat="37.089230" lon="-121.890638"><ele>422.3</ele><time>2022-10-01T16:15:24Z</time></trkpt>
<trkpt lat="37.089188" lon="-121.890521"><ele>422.3</ele><time>2022-10-01T16:15:30Z</time></trkpt>
<trkpt lat="37.089048" lon="-121.890409"><ele>422.2</ele><time>2022-10-01T16:15:38Z</time></trkpt>
<trkpt lat="37.088974" lon="-121.890265"><ele>421.5</ele><time>2022-10-01T16:15:42Z</time></trkpt>
<trkpt lat="37.088996" lon="-121.890270"><ele>421.4</ele><time>2022-10-01T16:15:43Z</time></trkpt>
<trkpt lat="37.089006" lon="-121.890120"><ele>420.6</ele><time>2022-10-01T16:15:47Z</time></trkpt>
<trkpt lat="37.088962" lon="-121.890044"><ele>420.1</ele><time>2022-10-01T16:15:48Z</time></trkpt>
<trkpt lat="37.088942" lon="-121.890099"><ele>419.8</ele><time>2022-10-01T16:15:49Z</time></trkpt>
<trkpt lat="37.088856" lon="-121.889962"><ele>419.4</ele><time>2022-10-01T16:15:54Z</time></trkpt>
<trkpt lat="37.088901" lon="-121.889780"><ele>419.6</ele><time>2022-10-01T16:15:58Z</time></trkpt>
<trkpt lat="37.088541" lon="-121.889710"><ele>420.8</ele><time>2022-10-01T16:16:06Z</time></trkpt>
<trkpt lat="37.088542" lon="-121.889616"><ele>421.1</ele><time>2022-10-01T16:16:09Z</time></trkpt>
<trkpt lat="37.088434" lon="-121.889446"><ele>420.8</ele><time>2022-10-01T16:16:16Z</time></trkpt>
<trkpt lat="37.088153" lon="-121.889354"><ele>420.4</ele><time>2022-10-01T16:16:22Z</time></trkpt>
<trkpt lat="37.088088" lon="-121.889266"><ele>420.7</ele><time>2022-10-01T16:16:25Z</time></trkpt>
<trkpt lat="37.088047" lon="-121.889283"><ele>420.6</ele><time>2022-10-01T16:16:26Z</time></trkpt>
<trkpt lat="37.088013" lon="-121.889247"><ele>420.7</ele><time>2022-10-01T16:16:27Z</time></trkpt>
<trkpt lat="37.088000" lon="-121.889041"><ele>422.5</ele><time>2022-10-01T16:16:35Z</time></trkpt>
<trkpt lat="37.087789" lon="-121.888948"><ele>424.5</ele><time>2022-10-01T16:16:38Z</time></trkpt>
<trkpt lat="37.087851" lon="-121.889003"><ele>424.6</ele><time>2022-10-01T16:16:39Z</time></trkpt>
<trkpt lat="37.087786" lon="-121.888988"><ele>424.9</ele><time>2022-10-01T16:16:42Z</time></trkpt>
<trkpt lat="37.087709" lon="-121.888849"><ele>424.7</ele><time>2022-10-01T16:16:46Z</time></trkpt>
<trkpt lat="37.087681" lon="-121.888839"><ele>428.8</ele><time>2022-10-01T16:16:47Z</time></trkpt>
<trkpt lat="37.087592" lon="-121.888800"><ele>430.3</ele><time>2022-10-01T16:16:48Z</time></trkpt>
<trkpt lat="37.087484" lon="-121.888810"><ele>431.1</ele><time>2022-10-01T16:16:53Z</time></trkpt>
<trkpt lat="37.087472" lon="-121.888757"><ele>431.5</ele><time>2022-10-01T16:16:54Z</time></trkpt>
<trkpt lat="37.087355" lon="-121.888755"><ele>432.4</ele><time>2022-10-01T16:16:59Z</time></trkpt>
<trkpt lat="37.087329" lon="-121.888701"><ele>432.9</ele><time>2022-10-01T16:17:02Z</time></trkpt>
<trkpt lat="37.087136" lon="-121.888718"><ele>434.7</ele><time>2022-10-01T16:17:08Z</time></trkpt>
<trkpt lat="37.086976" lon="-121.888620"><ele>436.2</ele><time>2022-10-01T16:17:15Z</time></trkpt>
<trkpt lat="37.086926" lon="-121.888676"><ele>436.8</ele><time>2022-10-01T16:17:21Z</time></trkpt>
<trkpt lat="37.086722" lon="-121.888667"><ele>438.4</ele><time>2022-10-01T16:17:30Z</time></trkpt>
<trkpt lat="37.086392" lon="-121.888756"><ele>441.4</ele><time>2022-10-01T16:17:53Z</time></trkpt>
<trkpt lat="37.086355" lon="-121.888688"><ele>442.1</ele><time>2022-10-01T16:17:56Z</time></trkpt>
<trkpt lat="37.086157" lon="-121.888654"><ele>444.2</ele><time>2022-10-01T16:18:01Z</time></trkpt>
<trkpt lat="37.086182" lon="-121.888658"><ele>444.5</ele><time>2022-10-01T16:18:02Z</time></trkpt>
<trkpt lat="37.086113" lon="-121.888584"><ele>445.4</ele><time>2022-10-01T16:18:07Z</time></trkpt>
<trkpt lat="37.086040" lon="-121.888599"><ele>446.1</ele><time>2022-10-01T16:18:10Z</time></trkpt>
<trkpt lat="37.086018" lon="-121.888564"><ele>447.0</ele><time>2022-10-01T16:18:15Z</time></trkpt>
<trkpt lat="37.086066" lon="-121.888580"><ele>447.4</ele><time>2022-10-01T16:18:17Z</time></trkpt>
<trkpt lat="37.085900" lon="-121.888294"><ele>449.9</ele><time>2022-10-01T16:18:27Z</time></trkpt>
<trkpt lat="37.085821" lon="-121.888259"><ele>450.7</ele><time>2022-10-01T16:18:30Z</time></trkpt>
<trkpt lat="37.085846" lon="-121.888150"><ele>451.5</ele><time>2022-10-01T16:18:33Z</time></trkpt>
<trkpt lat="37.085808" lon="-121.888115"><ele>452.0</ele><time>2022-10-01T16:18:35Z</time></trkpt>
<trkpt lat="37.085773" lon="-121.888135"><ele>452.3</ele><time>2022-10-01T16:18:36Z</time></trkpt>
<trkpt lat="37.085786" lon="-121.887939"><ele>454.4</ele><time>2022-10-01T16:18:46Z</time></trkpt>
<trkpt lat="37.085722" lon="-121.887843"><ele>455.7</ele><time>2022-10-01T16:18:53Z</time></trkpt>
<trkpt lat="37.085750" lon="-121.887766"><ele>456.4</ele><time>2022-10-01T16:18:56Z</time></trkpt>
<trkpt lat="37.085644" lon="-121.887542"><ele>457.7</ele><time>2022-10-01T16:19:04Z</time></trkpt>
<trkpt lat="37.085648" lon="-121.887473"><ele>457.7</ele><time>2022-10-01T16:19:06Z</time></trkpt>
<trkpt lat="37.085791" lon="-121.887571"><ele>458.2</ele><time>2022-10-01T16:19:11Z</time></trkpt>
<trkpt lat="37.085778" lon="-121.887508"><ele>458.8</ele><time>2022-10-01T16:19:13Z</time></trkpt>
<trkpt lat="37.085844" lon="-121.887508"><ele>459.6</ele><time>2022-10-01T16:19:15Z</time></trkpt>
<trkpt lat="37.085791" lon="-121.887622"><ele>460.8</ele><time>2022-10-01T16:19:18Z</time></trkpt>
<trkpt lat="37.085758" lon="-121.887561"><ele>461.5</ele><time>2022-10-01T16:19:21Z</time></trkpt>
<trkpt lat="37.085787" lon="-121.887636"><ele>462.3</ele><time>2022-10-01T16:19:24Z</time></trkpt>
<trkpt lat="37.085719" lon="-121.887768"><ele>463.8</ele><time>2022-10-01T16:19:37Z</time></trkpt>
<trkpt lat="37.085646" lon="-121.887826"><ele>465.1</ele><time>2022-10-01T16:19:42Z</time></trkpt>
<trkpt lat="37.085659" lon="-121.887859"><ele>465.4</ele><time>2022-10-01T16:19:43Z</time></trkpt>
<trkpt lat="37.085633" lon="-121.887844"><ele>465.8</ele><time>2022-10-01T16:19:46Z</time></trkpt>
<trkpt lat="37.085513" lon="-121.887975"><ele>467.7</ele><time>2022-10-01T16:19:52Z</time></trkpt>
<trkpt lat="37.085464" lon="-121.887967"><ele>468.3</ele><time>2022-10-01T16:19:53Z</time></trkpt>
<trkpt lat="37.085494" lon="-121.887941"><ele>468.6</ele><time>2022-10-01T16:19:54Z</time></trkpt>
<trkpt lat="37.085404" lon="-121.887967"><ele>469.5</ele><time>2022-10-01T16:19:58Z</time></trkpt>
<trkpt lat="37.085360" lon="-121.887936"><ele>469.9</ele><time>2022-10-01T16:20:00Z</time></trkpt>
<trkpt lat="37.085203" lon="-121.888015"><ele>471.3</ele><time>2022-10-01T16:20:07Z</time></trkpt>
<trkpt lat="37.085118" lon="-121.887954"><ele>472.0</ele><time>2022-10-01T16:20:13Z</time></trkpt>
<trkpt lat="37.085121" lon="-121.887855"><ele>472.4</ele><time>2022-10-01T16:20:17Z</time></trkpt>
<trkpt lat="37.085029" lon="-121.887826"><ele>472.9</ele><time>2022-10-01T16:20:22Z</time></trkpt>
<trkpt lat="37.085021" lon="-121.887871"><ele>473.1</ele><time>2022-10-01T16:20:23Z</time></trkpt>
<trkpt lat="37.085023" lon="-121.887831"><ele>473.3</ele><time>2022-10-01T16:20:25Z</time></trkpt>
<trkpt lat="37.084924" lon="-121.887921"><ele>474.0</ele><time>2022-10-01T16:20:33Z</time></trkpt>
<trkpt lat="37.084935" lon="-121.887998"><ele>474.6</ele><time>2022-10-01T16:20:37Z</time></trkpt>
<trkpt lat="37.084846" lon="-121.888005"><ele>475.2</ele><time>2022-10-01T16:20:39Z</time></trkpt>
<trkpt lat="37.084777" lon="-121.888085"><ele>476.3</ele><time>2022-10-01T16:20:47Z</time></trkpt>
<trkpt lat="37.084678" lon="-121.888104"><ele>477.1</ele><time>2022-10-01T16:20:50Z</time></trkpt>
<trkpt lat="37.084663" lon="-121.888194"><ele>477.9</ele><time>2022-10-01T16:20:55Z</time></trkpt>
<trkpt lat="37.084634" lon="-121.888146"><ele>478.3</ele><time>2022-10-01T16:20:56Z</time></trkpt>
<trkpt lat="37.084440" lon="-121.888305"><ele>480.4</ele><time>2022-10-01T16:21:08Z</time></trkpt>
<trkpt lat="37.084259" lon="-121.888387"><ele>482.1</ele><time>2022-10-01T16:21:15Z</time></trkpt>
<trkpt lat="37.084226" lon="-121.888367"><ele>482.6</ele><time>2022-10-01T16:21:17Z</time></trkpt>
<trkpt lat="37.084130" lon="-121.888398"><ele>483.6</ele><time>2022-10-01T16:21:23Z</time></trkpt>
<trkpt lat="37.083837" lon="-121.888557"><ele>487.4</ele><time>2022-10-01T16:21:47Z</time></trkpt>
<trkpt lat="37.083800" lon="-121.888627"><ele>489.0</ele><time>2022-10-01T16:21:57Z</time></trkpt>
<trkpt lat="37.083863" lon="-121.888601"><ele>489.7</ele><time>2022-10-01T16:22:00Z</time></trkpt>
<trkpt lat="37.083788" lon="-121.888655"><ele>490.7</ele><time>2022-10-01T16:22:06Z</time></trkpt>
<trkpt lat="37.083742" lon="-121.888635"><ele>491.1</ele><time>2022-10-01T16:22:07Z</time></trkpt>
<trkpt lat="37.083785" lon="-121.888649"><ele>491.5</ele><time>2022-10-01T16:22:09Z</time></trkpt>
<trkpt lat="37.083749" lon="-121.888612"><ele>491.8</ele><time>2022-10-01T16:22:10Z</time></trkpt>
<trkpt lat="37.083805" lon="-121.888664"><ele>492.4</ele><time>2022-10-01T16:22:13Z</time></trkpt>
<trkpt lat="37.083781" lon="-121.888642"><ele>492.9</ele><time>2022-10-01T16:22:15Z</time></trkpt>
<trkpt lat="37.083754" lon="-121.888692"><ele>493.4</ele><time>2022-10-01T16:22:18Z</time></trkpt>
<trkpt lat="37.083991" lon="-121.889116"><ele>497.1</ele><time>2022-10-01T16:22:40Z</time></trkpt>
<trkpt lat="37.083910" lon="-121.889304"><ele>498.6</ele><time>2022-10-01T16:22:47Z</time></trkpt>
<trkpt lat="37.083820" lon="-121.889369"><ele>499.5</ele><time>2022-10-01T16:22:53Z</time></trkpt>
<trkpt lat="37.083836" lon="-121.889434"><ele>500.0</ele><time>2022-10-01T16:22:55Z</time></trkpt>
<trkpt lat="37.083765" lon="-121.889513"><ele>500.8</ele><time>2022-10-01T16:22:57Z</time></trkpt>
<trkpt lat="37.083693" lon="-121.889489"><ele>501.3</ele><time>2022-10-01T16:22:59Z</time></trkpt>
<trkpt lat="37.083574" lon="-121.889631"><ele>502.8</ele><time>2022-10-01T16:23:12Z</time></trkpt>
<trkpt lat="37.083558" lon="-121.889711"><ele>503.6</ele><time>2022-10-01T16:23:20Z</time></trkpt>
<trkpt lat="37.083475" lon="-121.889823"><ele>505.2</ele><time>2022-10-01T16:23:30Z</time></trkpt>
<trkpt lat="37.083505" lon="-121.889833"><ele>505.5</ele><time>2022-10-01T16:23:34Z</time></trkpt>
<trkpt lat="37.083455" lon="-121.889885"><ele>506.1</ele><time>2022-10-01T16:23:38Z</time></trkpt>
<trkpt lat="37.083429" lon="-121.890089"><ele>507.5</ele><time>2022-10-01T16:23:45Z</time></trkpt>
<trkpt lat="37.083407" lon="-121.890060"><ele>507.7</ele><time>2022-10-01T16:23:46Z</time></trkpt>
<trkpt lat="37.083447" lon="-121.890117"><ele>508.2</ele><time>2022-10-01T16:23:49Z</time></trkpt>
<trkpt lat="37.083365" lon="-121.890167"><ele>508.9</ele><time>2022-10-01T16:23:54Z</time></trkpt>
<trkpt lat="37.083238" lon="-121.890104"><ele>509.9</ele><time>2022-10-01T16:24:54Z</time></trkpt>
<trkpt lat="37.083172" lon="-121.890146"><ele>510.5</ele><time>2022-10-01T16:25:00Z</time></trkpt>
<trkpt lat="37.083136" lon="-121.890224"><ele>511.0</ele><time>2022-10-01T16:25:04Z</time></trkpt>
<trkpt lat="37.083033" lon="-121.890218"><ele>511.8</ele><time>2022-10-01T16:25:10Z</time></trkpt>
<trkpt lat="37.083020" lon="-121.890150"><ele>512.2</ele><time>2022-10-01T16:25:11Z</time></trkpt>
<trkpt lat="37.082843" lon="-121.890134"><ele>513.6</ele><time>2022-10-01T16:25:22Z</time></trkpt>
<trkpt lat="37.082229" lon="-121.890166"><ele>518.3</ele><time>2022-10-01T16:25:55Z</time></trkpt>
<trkpt lat="37.082119" lon="-121.890216"><ele>519.4</ele><time>2022-10-01T16:26:01Z</time></trkpt>
<trkpt lat="37.082081" lon="-121.890184"><ele>519.9</ele><time>2022-10-01T16:26:03Z</time></trkpt>
<trkpt lat="37.081963" lon="-121.890184"><ele>521.1</ele><time>2022-10-01T16:26:09Z</time></trkpt>
<trkpt lat="37.081973" lon="-121.890133"><ele>521.5</ele><time>2022-10-01T16:26:10Z</time></trkpt>
<trkpt lat="37.081919" lon="-121.890073"><ele>522.3</ele><time>2022-10-01T16:26:14Z</time></trkpt>
<trkpt lat="37.081888" lon="-121.890082"><ele>522.6</ele><time>2022-10-01T16:26:15Z</time></trkpt>
<trkpt lat="37.081881" lon="-121.890015"><ele>523.2</ele><time>2022-10-01T16:26:16Z</time></trkpt>
<trkpt lat="37.081545" lon="-121.889708"><ele>527.1</ele><time>2022-10-01T16:26:43Z</time></trkpt>
<trkpt lat="37.081291" lon="-121.889561"><ele>529.5</ele><time>2022-10-01T16:26:56Z</time></trkpt>
<trkpt lat="37.081239" lon="-121.889378"><ele>530.9</ele><time>2022-10-01T16:27:03Z</time></trkpt>
<trkpt lat="37.081310" lon="-121.889224"><ele>532.4</ele><time>2022-10-01T16:27:11Z</time></trkpt>
<trkpt lat="37.081310" lon="-121.889173"><ele>532.8</ele><time>2022-10-01T16:27:13Z</time></trkpt>
<trkpt lat="37.081273" lon="-121.889136"><ele>533.3</ele><time>2022-10-01T16:27:15Z</time></trkpt>
<trkpt lat="37.081389" lon="-121.888925"><ele>535.6</ele><time>2022-10-01T16:27:25Z</time></trkpt>
<trkpt lat="37.081386" lon="-121.888813"><ele>536.6</ele><time>2022-10-01T16:27:31Z</time></trkpt>
<trkpt lat="37.081356" lon="-121.888739"><ele>537.4</ele><time>2022-10-01T16:27:36Z</time></trkpt>
<trkpt lat="37.081336" lon="-121.888771"><ele>537.7</ele><time>2022-10-01T16:27:38Z</time></trkpt>
<trkpt lat="37.081319" lon="-121.888726"><ele>538.2</ele><time>2022-10-01T16:27:40Z</time></trkpt>
<trkpt lat="37.081292" lon="-121.888734"><ele>538.5</ele><time>2022-10-01T16:27:42Z</time></trkpt>
<trkpt lat="37.081279" lon="-121.888677"><ele>539.5</ele><time>2022-10-01T16:27:49Z</time></trkpt>
<trkpt lat="37.081241" lon="-121.888675"><ele>539.9</ele><time>2022-10-01T16:27:51Z</time></trkpt>
<trkpt lat="37.081108" lon="-121.888483"><ele>542.0</ele><time>2022-10-01T16:28:02Z</time></trkpt>
<trkpt lat="37.081059" lon="-121.888211"><ele>544.0</ele><time>2022-10-01T16:28:11Z</time></trkpt>
<trkpt lat="37.080987" lon="-121.888127"><ele>545.3</ele><time>2022-10-01T16:28:21Z</time></trkpt>
<trkpt lat="37.080855" lon="-121.887729"><ele>550.1</ele><time>2022-10-01T16:28:47Z</time></trkpt>
<trkpt lat="37.080816" lon="-121.887715"><ele>550.7</ele><time>2022-10-01T16:28:52Z</time></trkpt>
<trkpt lat="37.080784" lon="-121.887422"><ele>553.0</ele><time>2022-10-01T16:29:04Z</time></trkpt>
<trkpt lat="37.080796" lon="-121.887282"><ele>554.0</ele><time>2022-10-01T16:29:10Z</time></trkpt>
<trkpt lat="37.080746" lon="-121.887130"><ele>555.2</ele><time>2022-10-01T16:29:17Z</time></trkpt>
<trkpt lat="37.080822" lon="-121.886664"><ele>559.5</ele><time>2022-10-01T16:29:42Z</time></trkpt>
<trkpt lat="37.080762" lon="-121.886573"><ele>560.7</ele><time>2022-10-01T16:29:46Z</time></trkpt>
<trkpt lat="37.080766" lon="-121.886528"><ele>561.1</ele><time>2022-10-01T16:29:47Z</time></trkpt>
<trkpt lat="37.080924" lon="-121.886291"><ele>564.3</ele><time>2022-10-01T16:30:00Z</time></trkpt>
<trkpt lat="37.080930" lon="-121.886316"><ele>564.5</ele><time>2022-10-01T16:30:01Z</time></trkpt>
<trkpt lat="37.080955" lon="-121.886206"><ele>565.4</ele><time>2022-10-01T16:30:09Z</time></trkpt>
<trkpt lat="37.080950" lon="-121.885769"><ele>569.9</ele><time>2022-10-01T16:30:33Z</time></trkpt>
<trkpt lat="37.080893" lon="-121.885680"><ele>571.5</ele><time>2022-10-01T16:30:41Z</time></trkpt>
<trkpt lat="37.080914" lon="-121.885775"><ele>572.5</ele><time>2022-10-01T16:30:45Z</time></trkpt>
<trkpt lat="37.080874" lon="-121.885556"><ele>574.9</ele><time>2022-10-01T16:30:55Z</time></trkpt>
<trkpt lat="37.080836" lon="-121.885555"><ele>575.4</ele><time>2022-10-01T16:30:56Z</time></trkpt>
<trkpt lat="37.080805" lon="-121.885462"><ele>576.3</ele><time>2022-10-01T16:31:01Z</time></trkpt>
<trkpt lat="37.080809" lon="-121.885516"><ele>576.7</ele><time>2022-10-01T16:31:06Z</time></trkpt>
<trkpt lat="37.080752" lon="-121.885627"><ele>577.6</ele><time>2022-10-01T16:31:14Z</time></trkpt>
<trkpt lat="37.080730" lon="-121.885639"><ele>577.8</ele><time>2022-10-01T16:31:15Z</time></trkpt>
<trkpt lat="37.080739" lon="-121.885591"><ele>578.1</ele><time>2022-10-01T16:31:16Z</time></trkpt>
<trkpt lat="37.080586" lon="-121.885757"><ele>579.3</ele><time>2022-10-01T16:31:22Z</time></trkpt>
<trkpt lat="37.080429" lon="-121.885816"><ele>580.2</ele><time>2022-10-01T16:31:30Z</time></trkpt>
<trkpt lat="37.080388" lon="-121.885784"><ele>580.6</ele><time>2022-10-01T16:31:34Z</time></trkpt>
<trkpt lat="37.080310" lon="-121.885793"><ele>581.2</ele><time>2022-10-01T16:31:40Z</time></trkpt>
<trkpt lat="37.080194" lon="-121.885702"><ele>582.8</ele><time>2022-10-01T16:31:48Z</time></trkpt>
<trkpt lat="37.080106" lon="-121.885533"><ele>585.4</ele><time>2022-10-01T16:31:55Z</time></trkpt>
<trkpt lat="37.080094" lon="-121.885556"><ele>585.7</ele><time>2022-10-01T16:31:56Z</time></trkpt>
<trkpt lat="37.080027" lon="-121.885526"><ele>587.1</ele><time>2022-10-01T16:32:04Z</time></trkpt>
<trkpt lat="37.079974" lon="-121.885354"><ele>589.5</ele><time>2022-10-01T16:32:17Z</time></trkpt>
<trkpt lat="37.079937" lon="-121.885384"><ele>590.4</ele><time>2022-10-01T16:32:22Z</time></trkpt>
<trkpt lat="37.079867" lon="-121.885355"><ele>591.3</ele><time>2022-10-01T16:32:28Z</time></trkpt>
<trkpt lat="37.079777" lon="-121.885440"><ele>592.5</ele><time>2022-10-01T16:32:34Z</time></trkpt>
<trkpt lat="37.079767" lon="-121.885297"><ele>593.7</ele><time>2022-10-01T16:32:39Z</time></trkpt>
<trkpt lat="37.079414" lon="-121.885315"><ele>598.1</ele><time>2022-10-01T16:33:06Z</time></trkpt>
<trkpt lat="37.079310" lon="-121.885283"><ele>599.5</ele><time>2022-10-01T16:33:15Z</time></trkpt>
<trkpt lat="37.079310" lon="-121.885343"><ele>600.0</ele><time>2022-10-01T16:33:17Z</time></trkpt>
<trkpt lat="37.079255" lon="-121.885312"><ele>600.9</ele><time>2022-10-01T16:33:22Z</time></trkpt>
<trkpt lat="37.079246" lon="-121.885385"><ele>601.7</ele><time>2022-10-01T16:33:28Z</time></trkpt>
<trkpt lat="37.079282" lon="-121.885382"><ele>602.0</ele><time>2022-10-01T16:33:30Z</time></trkpt>
<trkpt lat="37.079256" lon="-121.885483"><ele>602.6</ele><time>2022-10-01T16:33:32Z</time></trkpt>
<trkpt lat="37.079292" lon="-121.885521"><ele>603.0</ele><time>2022-10-01T16:33:34Z</time></trkpt>
<trkpt lat="37.079317" lon="-121.885658"><ele>603.9</ele><time>2022-10-01T16:33:38Z</time></trkpt>
<trkpt lat="37.079242" lon="-121.885765"><ele>605.0</ele><time>2022-10-01T16:33:46Z</time></trkpt>
<trkpt lat="37.079084" lon="-121.885885"><ele>607.1</ele><time>2022-10-01T16:33:57Z</time></trkpt>
<trkpt lat="37.079054" lon="-121.885841"><ele>607.5</ele><time>2022-10-01T16:33:58Z</time></trkpt>
<trkpt lat="37.078846" lon="-121.886014"><ele>610.5</ele><time>2022-10-01T16:34:11Z</time></trkpt>
<trkpt lat="37.078669" lon="-121.886104"><ele>612.8</ele><time>2022-10-01T16:34:27Z</time></trkpt>
<trkpt lat="37.078427" lon="-121.886152"><ele>615.0</ele><time>2022-10-01T16:34:41Z</time></trkpt>
<trkpt lat="37.078306" lon="-121.886228"><ele>616.4</ele><time>2022-10-01T16:34:47Z</time></trkpt>
<trkpt lat="37.078087" lon="-121.885891"><ele>620.4</ele><time>2022-10-01T16:35:10Z</time></trkpt>
<trkpt lat="37.077998" lon="-121.885888"><ele>621.3</ele><time>2022-10-01T16:35:15Z</time></trkpt>
<trkpt lat="37.077928" lon="-121.885844"><ele>622.2</ele><time>2022-10-01T16:35:20Z</time></trkpt>
<trkpt lat="37.077864" lon="-121.885846"><ele>622.9</ele><time>2022-10-01T16:35:26Z</time></trkpt>
<trkpt lat="37.077791" lon="-121.885917"><ele>624.0</ele><time>2022-10-01T16:35:31Z</time></trkpt>
<trkpt lat="37.077733" lon="-121.885887"><ele>624.6</ele><time>2022-10-01T16:35:34Z</time></trkpt>
<trkpt lat="37.077676" lon="-121.885796"><ele>625.7</ele><time>2022-10-01T16:35:40Z</time></trkpt>
<trkpt lat="37.077675" lon="-121.885699"><ele>626.5</ele><time>2022-10-01T16:35:42Z</time></trkpt>
<trkpt lat="37.077587" lon="-121.885598"><ele>627.7</ele><time>2022-10-01T16:35:52Z</time></trkpt>
<trkpt lat="37.077322" lon="-121.885544"><ele>629.9</ele><time>2022-10-01T16:36:08Z</time></trkpt>
<trkpt lat="37.077291" lon="-121.885498"><ele>630.3</ele><time>2022-10-01T16:36:11Z</time></trkpt>
<trkpt lat="37.077273" lon="-121.885362"><ele>631.3</ele><time>2022-10-01T16:36:18Z</time></trkpt>
<trkpt lat="37.077311" lon="-121.885231"><ele>632.5</ele><time>2022-10-01T16:36:25Z</time></trkpt>
<trkpt lat="37.077520" lon="-121.885193"><ele>635.0</ele><time>2022-10-01T16:36:37Z</time></trkpt>
<trkpt lat="37.077708" lon="-121.885301"><ele>637.0</ele><time>2022-10-01T16:36:50Z</time></trkpt>
<trkpt lat="37.077814" lon="-121.885236"><ele>637.9</ele><time>2022-10-01T16:36:58Z</time></trkpt>
<trkpt lat="37.077978" lon="-121.885039"><ele>639.6</ele><time>2022-10-01T16:37:13Z</time></trkpt>
<trkpt lat="37.078070" lon="-121.884843"><ele>640.9</ele><time>2022-10-01T16:37:23Z</time></trkpt>
<trkpt lat="37.078336" lon="-121.884495"><ele>644.5</ele><time>2022-10-01T16:37:45Z</time></trkpt>
<trkpt lat="37.078468" lon="-121.884255"><ele>646.8</ele><time>2022-10-01T16:37:57Z</time></trkpt>
<trkpt lat="37.078765" lon="-121.884139"><ele>649.3</ele><time>2022-10-01T16:38:11Z</time></trkpt>
<trkpt lat="37.078854" lon="-121.884048"><ele>650.2</ele><time>2022-10-01T16:38:20Z</time></trkpt>
<trkpt lat="37.078753" lon="-121.884030"><ele>650.8</ele><time>2022-10-01T16:38:30Z</time></trkpt>
<trkpt lat="37.078733" lon="-121.883992"><ele>651.0</ele><time>2022-10-01T16:38:32Z</time></trkpt>
<trkpt lat="37.078491" lon="-121.883965"><ele>653.3</ele><time>2022-10-01T16:38:49Z</time></trkpt>
<trkpt lat="37.078314" lon="-121.883904"><ele>656.0</ele><time>2022-10-01T16:39:00Z</time></trkpt>
<trkpt lat="37.078121" lon="-121.883907"><ele>658.2</ele><time>2022-10-01T16:39:12Z</time></trkpt>
<trkpt lat="37.078079" lon="-121.883854"><ele>658.7</ele><time>2022-10-01T16:39:15Z</time></trkpt>
<trkpt lat="37.078014" lon="-121.883867"><ele>659.3</ele><time>2022-10-01T16:39:19Z</time></trkpt>
<trkpt lat="37.077981" lon="-121.883846"><ele>659.6</ele><time>2022-10-01T16:39:21Z</time></trkpt>
<trkpt lat="37.077916" lon="-121.883598"><ele>661.6</ele><time>2022-10-01T16:39:32Z</time></trkpt>
<trkpt lat="37.077877" lon="-121.883821"><ele>663.7</ele><time>2022-10-01T16:43:10Z</time></trkpt>
<trkpt lat="37.077895" lon="-121.883856"><ele>664.1</ele><time>2022-10-01T16:43:11Z</time></trkpt>
<trkpt lat="37.077887" lon="-121.883688"><ele>665.3</ele><time>2022-10-01T16:43:13Z</time></trkpt>
<trkpt lat="37.077922" lon="-121.883620"><ele>665.8</ele><time>2022-10-01T16:43:19Z</time></trkpt>
<trkpt lat="37.077845" lon="-121.883595"><ele>666.4</ele><time>2022-10-01T16:44:30Z</time></trkpt>
<trkpt lat="37.077806" lon="-121.883649"><ele>666.9</ele><time>2022-10-01T16:44:34Z</time></trkpt>
<trkpt lat="37.077865" lon="-121.883675"><ele>667.2</ele><time>2022-10-01T16:44:37Z</time></trkpt>
<trkpt lat="37.077604" lon="-121.883345"><ele>668.5</ele><time>2022-10-01T16:44:56Z</time></trkpt>
<trkpt lat="37.077259" lon="-121.883468"><ele>665.3</ele><time>2022-10-01T16:45:05Z</time></trkpt>
<trkpt lat="37.077220" lon="-121.883558"><ele>664.2</ele><time>2022-10-01T16:45:06Z</time></trkpt>
<trkpt lat="37.077228" lon="-121.883630"><ele>663.5</ele><time>2022-10-01T16:45:07Z</time></trkpt>
<trkpt lat="37.077255" lon="-121.883686"><ele>662.8</ele><time>2022-10-01T16:45:08Z</time></trkpt>
<trkpt lat="37.077360" lon="-121.883729"><ele>661.6</ele><time>2022-10-01T16:45:09Z</time></trkpt>
<trkpt lat="37.077404" lon="-121.883837"><ele>660.7</ele><time>2022-10-01T16:45:10Z</time></trkpt>
<trkpt lat="37.077365" lon="-121.883976"><ele>660.2</ele><time>2022-10-01T16:45:12Z</time></trkpt>
<trkpt lat="37.077306" lon="-121.884014"><ele>660.0</ele><time>2022-10-01T16:45:13Z</time></trkpt>
<trkpt lat="37.077214" lon="-121.884194"><ele>660.5</ele><time>2022-10-01T16:45:16Z</time></trkpt>
<trkpt lat="37.077129" lon="-121.884242"><ele>661.4</ele><time>2022-10-01T16:45:18Z</time></trkpt>
<trkpt lat="37.077026" lon="-121.884222"><ele>662.5</ele><time>2022-10-01T16:45:24Z</time></trkpt>
<trkpt lat="37.076709" lon="-121.884301"><ele>663.2</ele><time>2022-10-01T16:45:41Z</time></trkpt>
<trkpt lat="37.076649" lon="-121.884263"><ele>662.7</ele><time>2022-10-01T16:45:46Z</time></trkpt>
<trkpt lat="37.076408" lon="-121.884260"><ele>660.6</ele><time>2022-10-01T16:46:12Z</time></trkpt>
<trkpt lat="37.076347" lon="-121.884219"><ele>660.0</ele><time>2022-10-01T16:46:13Z</time></trkpt>
<trkpt lat="37.076173" lon="-121.884456"><ele>657.1</ele><time>2022-10-01T16:46:17Z</time></trkpt>
<trkpt lat="37.076200" lon="-121.884550"><ele>656.1</ele><time>2022-10-01T16:46:19Z</time></trkpt>
<trkpt lat="37.076170" lon="-121.884595"><ele>655.7</ele><time>2022-10-01T16:46:20Z</time></trkpt>
<trkpt lat="37.076069" lon="-121.884602"><ele>654.8</ele><time>2022-10-01T16:46:22Z</time></trkpt>
<trkpt lat="37.075997" lon="-121.884676"><ele>654.1</ele><time>2022-10-01T16:46:24Z</time></trkpt>
<trkpt lat="37.075877" lon="-121.884677"><ele>653.2</ele><time>2022-10-01T16:46:26Z</time></trkpt>
<trkpt lat="37.075795" lon="-121.884807"><ele>652.3</ele><time>2022-10-01T16:46:29Z</time></trkpt>
<trkpt lat="37.075543" lon="-121.884828"><ele>651.0</ele><time>2022-10-01T16:46:33Z</time></trkpt>
<trkpt lat="37.075408" lon="-121.884989"><ele>649.5</ele><time>2022-10-01T16:46:39Z</time></trkpt>
<trkpt lat="37.075333" lon="-121.885016"><ele>648.7</ele><time>2022-10-01T16:46:42Z</time></trkpt>
<trkpt lat="37.075234" lon="-121.884989"><ele>647.6</ele><time>2022-10-01T16:46:44Z</time></trkpt>
<trkpt lat="37.074996" lon="-121.885063"><ele>645.4</ele><time>2022-10-01T16:46:52Z</time></trkpt>
<trkpt lat="37.074934" lon="-121.885141"><ele>644.8</ele><time>2022-10-01T16:46:55Z</time></trkpt>
<trkpt lat="37.074854" lon="-121.885420"><ele>644.2</ele><time>2022-10-01T16:46:59Z</time></trkpt>
<trkpt lat="37.074848" lon="-121.885535"><ele>644.2</ele><time>2022-10-01T16:47:00Z</time></trkpt>
<trkpt lat="37.074545" lon="-121.885844"><ele>643.4</ele><time>2022-10-01T16:47:05Z</time></trkpt>
<trkpt lat="37.074438" lon="-121.885873"><ele>643.0</ele><time>2022-10-01T16:47:08Z</time></trkpt>
<trkpt lat="37.074432" lon="-121.885958"><ele>642.9</ele><time>2022-10-01T16:47:11Z</time></trkpt>
<trkpt lat="37.074365" lon="-121.886055"><ele>642.8</ele><time>2022-10-01T16:47:14Z</time></trkpt>
<trkpt lat="37.074364" lon="-121.886178"><ele>642.9</ele><time>2022-10-01T16:47:17Z</time></trkpt>
<trkpt lat="37.074273" lon="-121.886365"><ele>642.9</ele><time>2022-10-01T16:47:19Z</time></trkpt>
<trkpt lat="37.074153" lon="-121.886545"><ele>642.3</ele><time>2022-10-01T16:47:21Z</time></trkpt>
<trkpt lat="37.074060" lon="-121.886613"><ele>641.5</ele><time>2022-10-01T16:47:22Z</time></trkpt>
<trkpt lat="37.073876" lon="-121.886849"><ele>638.2</ele><time>2022-10-01T16:47:25Z</time></trkpt>
<trkpt lat="37.073636" lon="-121.887413"><ele>634.0</ele><time>2022-10-01T16:47:31Z</time></trkpt>
<trkpt lat="37.073524" lon="-121.887472"><ele>633.2</ele><time>2022-10-01T16:47:32Z</time></trkpt>
<trkpt lat="37.073496" lon="-121.887548"><ele>632.7</ele><time>2022-10-01T16:47:33Z</time></trkpt>
<trkpt lat="37.073466" lon="-121.887839"><ele>630.7</ele><time>2022-10-01T16:47:36Z</time></trkpt>
<trkpt lat="37.073792" lon="-121.888088"><ele>628.0</ele><time>2022-10-01T16:47:41Z</time></trkpt>
<trkpt lat="37.073790" lon="-121.888217"><ele>627.4</ele><time>2022-10-01T16:47:42Z</time></trkpt>
<trkpt lat="37.073624" lon="-121.888657"><ele>623.5</ele><time>2022-10-01T16:47:46Z</time></trkpt>
<trkpt lat="37.073606" lon="-121.888932"><ele>620.8</ele><time>2022-10-01T16:47:48Z</time></trkpt>
<trkpt lat="37.073627" lon="-121.889012"><ele>620.1</ele><time>2022-10-01T16:47:49Z</time></trkpt>
<trkpt lat="37.073525" lon="-121.889345"><ele>618.9</ele><time>2022-10-01T16:47:51Z</time></trkpt>
<trkpt lat="37.073527" lon="-121.889576"><ele>619.2</ele><time>2022-10-01T16:47:56Z</time></trkpt>
<trkpt lat="37.073505" lon="-121.889536"><ele>619.4</ele><time>2022-10-01T16:47:57Z</time></trkpt>
<trkpt lat="37.073542" lon="-121.889672"><ele>620.1</ele><time>2022-10-01T16:48:02Z</time></trkpt>
<trkpt lat="37.073523" lon="-121.889738"><ele>620.5</ele><time>2022-10-01T16:48:04Z</time></trkpt>
<trkpt lat="37.073443" lon="-121.889816"><ele>621.1</ele><time>2022-10-01T16:48:09Z</time></trkpt>
<trkpt lat="37.073451" lon="-121.889939"><ele>621.1</ele><time>2022-10-01T16:48:13Z</time></trkpt>
<trkpt lat="37.073479" lon="-121.889936"><ele>621.1</ele><time>2022-10-01T16:48:16Z</time></trkpt>
<trkpt lat="37.073449" lon="-121.890012"><ele>621.1</ele><time>2022-10-01T16:48:18Z</time></trkpt>
<trkpt lat="37.073397" lon="-121.889903"><ele>621.3</ele><time>2022-10-01T16:48:26Z</time></trkpt>
<trkpt lat="37.073419" lon="-121.889927"><ele>621.3</ele><time>2022-10-01T16:48:29Z</time></trkpt>
<trkpt lat="37.073357" lon="-121.889884"><ele>621.1</ele><time>2022-10-01T16:48:40Z</time></trkpt>
<trkpt lat="37.073417" lon="-121.889855"><ele>620.9</ele><time>2022-10-01T16:48:43Z</time></trkpt>
<trkpt lat="37.073440" lon="-121.889908"><ele>620.7</ele><time>2022-10-01T16:48:46Z</time></trkpt>
<trkpt lat="37.073602" lon="-121.889934"><ele>619.6</ele><time>2022-10-01T16:50:59Z</time></trkpt>
<trkpt lat="37.073664" lon="-121.889980"><ele>619.1</ele><time>2022-10-01T16:51:01Z</time></trkpt>
<trkpt lat="37.073738" lon="-121.889948"><ele>618.7</ele><time>2022-10-01T16:51:03Z</time></trkpt>
<trkpt lat="37.073772" lon="-121.889896"><ele>618.4</ele><time>2022-10-01T16:51:04Z</time></trkpt>
<trkpt lat="37.073889" lon="-121.889844"><ele>617.7</ele><time>2022-10-01T16:51:06Z</time></trkpt>
<trkpt lat="37.073905" lon="-121.889753"><ele>617.2</ele><time>2022-10-01T16:51:07Z</time></trkpt>
<trkpt lat="37.073865" lon="-121.889623"><ele>616.2</ele><time>2022-10-01T16:51:09Z</time></trkpt>
<trkpt lat="37.073802" lon="-121.889550"><ele>615.3</ele><time>2022-10-01T16:51:11Z</time></trkpt>
<trkpt lat="37.073803" lon="-121.889426"><ele>614.3</ele><time>2022-10-01T16:51:13Z</time></trkpt>
<trkpt lat="37.073878" lon="-121.889430"><ele>613.6</ele><time>2022-10-01T16:51:14Z</time></trkpt>
<trkpt lat="37.073942" lon="-121.889490"><ele>612.9</ele><time>2022-10-01T16:51:15Z</time></trkpt>
<trkpt lat="37.074020" lon="-121.889628"><ele>611.7</ele><time>2022-10-01T16:51:17Z</time></trkpt>
<trkpt lat="37.074061" lon="-121.889786"><ele>610.7</ele><time>2022-10-01T16:51:19Z</time></trkpt>
<trkpt lat="37.074064" lon="-121.890119"><ele>608.8</ele><time>2022-10-01T16:51:24Z</time></trkpt>
<trkpt lat="37.074050" lon="-121.890205"><ele>608.4</ele><time>2022-10-01T16:51:25Z</time></trkpt>
<trkpt lat="37.073814" lon="-121.890649"><ele>606.7</ele><time>2022-10-01T16:51:31Z</time></trkpt>
<trkpt lat="37.073898" lon="-121.890810"><ele>606.2</ele><time>2022-10-01T16:51:33Z</time></trkpt>
<trkpt lat="37.074206" lon="-121.891000"><ele>605.9</ele><time>2022-10-01T16:51:38Z</time></trkpt>
<trkpt lat="37.074242" lon="-121.890974"><ele>605.9</ele><time>2022-10-01T16:51:39Z</time></trkpt>
<trkpt lat="37.074269" lon="-121.890871"><ele>605.7</ele><time>2022-10-01T16:51:41Z</time></trkpt>
<trkpt lat="37.074324" lon="-121.890851"><ele>605.5</ele><time>2022-10-01T16:51:45Z</time></trkpt>
<trkpt lat="37.074388" lon="-121.890899"><ele>605.2</ele><time>2022-10-01T16:51:48Z</time></trkpt>
<trkpt lat="37.074471" lon="-121.890907"><ele>604.7</ele><time>2022-10-01T16:51:51Z</time></trkpt>
<trkpt lat="37.074509" lon="-121.890981"><ele>604.3</ele><time>2022-10-01T16:51:53Z</time></trkpt>
<trkpt lat="37.074611" lon="-121.891008"><ele>603.6</ele><time>2022-10-01T16:51:54Z</time></trkpt>
<trkpt lat="37.074743" lon="-121.890974"><ele>602.5</ele><time>2022-10-01T16:51:56Z</time></trkpt>
<trkpt lat="37.074875" lon="-121.890748"><ele>600.5</ele><time>2022-10-01T16:51:58Z</time></trkpt>
<trkpt lat="37.074915" lon="-121.890561"><ele>599.1</ele><time>2022-10-01T16:52:00Z</time></trkpt>
<trkpt lat="37.074897" lon="-121.890472"><ele>598.4</ele><time>2022-10-01T16:52:01Z</time></trkpt>
<trkpt lat="37.074992" lon="-121.890341"><ele>597.1</ele><time>2022-10-01T16:52:03Z</time></trkpt>
<trkpt lat="37.075044" lon="-121.890193"><ele>596.1</ele><time>2022-10-01T16:52:05Z</time></trkpt>
<trkpt lat="37.075157" lon="-121.890131"><ele>595.2</ele><time>2022-10-01T16:52:07Z</time></trkpt>
<trkpt lat="37.075159" lon="-121.889977"><ele>594.4</ele><time>2022-10-01T16:52:09Z</time></trkpt>
<trkpt lat="37.075243" lon="-121.889941"><ele>593.6</ele><time>2022-10-01T16:52:11Z</time></trkpt>
<trkpt lat="37.075291" lon="-121.889977"><ele>593.0</ele><time>2022-10-01T16:52:12Z</time></trkpt>
<trkpt lat="37.075318" lon="-121.890218"><ele>590.9</ele><time>2022-10-01T16:52:18Z</time></trkpt>
<trkpt lat="37.075227" lon="-121.890361"><ele>589.2</ele><time>2022-10-01T16:52:20Z</time></trkpt>
<trkpt lat="37.075277" lon="-121.890566"><ele>587.1</ele><time>2022-10-01T16:52:22Z</time></trkpt>
<trkpt lat="37.075349" lon="-121.890564"><ele>586.2</ele><time>2022-10-01T16:52:23Z</time></trkpt>
<trkpt lat="37.075499" lon="-121.890472"><ele>584.1</ele><time>2022-10-01T16:52:26Z</time></trkpt>
<trkpt lat="37.075538" lon="-121.890537"><ele>583.2</ele><time>2022-10-01T16:52:27Z</time></trkpt>
<trkpt lat="37.075484" lon="-121.890735"><ele>581.2</ele><time>2022-10-01T16:52:29Z</time></trkpt>
<trkpt lat="37.075308" lon="-121.890986"><ele>579.0</ele><time>2022-10-01T16:52:32Z</time></trkpt>
<trkpt lat="37.075291" lon="-121.891244"><ele>577.5</ele><time>2022-10-01T16:52:34Z</time></trkpt>
<trkpt lat="37.075329" lon="-121.891304"><ele>576.9</ele><time>2022-10-01T16:52:35Z</time></trkpt>
<trkpt lat="37.075436" lon="-121.891261"><ele>575.8</ele><time>2022-10-01T16:52:36Z</time></trkpt>
<trkpt lat="37.075522" lon="-121.891053"><ele>573.8</ele><time>2022-10-01T16:52:39Z</time></trkpt>
<trkpt lat="37.075475" lon="-121.891015"><ele>573.2</ele><time>2022-10-01T16:52:40Z</time></trkpt>
<trkpt lat="37.075526" lon="-121.891022"><ele>572.7</ele><time>2022-10-01T16:52:41Z</time></trkpt>
<trkpt lat="37.075561" lon="-121.891120"><ele>571.8</ele><time>2022-10-01T16:52:42Z</time></trkpt>
<trkpt lat="37.075579" lon="-121.891364"><ele>569.9</ele><time>2022-10-01T16:52:44Z</time></trkpt>
<trkpt lat="37.075699" lon="-121.891591"><ele>568.2</ele><time>2022-10-01T16:52:47Z</time></trkpt>
<trkpt lat="37.075707" lon="-121.891736"><ele>567.5</ele><time>2022-10-01T16:52:49Z</time></trkpt>
<trkpt lat="37.075941" lon="-121.892204"><ele>564.8</ele><time>2022-10-01T16:52:56Z</time></trkpt>
<trkpt lat="37.075912" lon="-121.892189"><ele>564.6</ele><time>2022-10-01T16:52:57Z</time></trkpt>
<trkpt lat="37.075893" lon="-121.892227"><ele>564.3</ele><time>2022-10-01T16:52:59Z</time></trkpt>
<trkpt lat="37.075954" lon="-121.892636"><ele>562.7</ele><time>2022-10-01T16:53:08Z</time></trkpt>
<trkpt lat="37.075925" lon="-121.892735"><ele>562.5</ele><time>2022-10-01T16:53:10Z</time></trkpt>
<trkpt lat="37.075827" lon="-121.892839"><ele>562.5</ele><time>2022-10-01T16:53:14Z</time></trkpt>
<trkpt lat="37.075698" lon="-121.893187"><ele>562.3</ele><time>2022-10-01T16:53:15Z</time></trkpt>
<trkpt lat="37.075479" lon="-121.893336"><ele>561.2</ele><time>2022-10-01T16:53:20Z</time></trkpt>
<trkpt lat="37.075459" lon="-121.893389"><ele>561.0</ele><time>2022-10-01T16:53:21Z</time></trkpt>
<trkpt lat="37.075561" lon="-121.893789"><ele>559.7</ele><time>2022-10-01T16:53:29Z</time></trkpt>
<trkpt lat="37.075557" lon="-121.893842"><ele>559.6</ele><time>2022-10-01T16:53:30Z</time></trkpt>
<trkpt lat="37.075455" lon="-121.893923"><ele>559.1</ele><time>2022-10-01T16:53:33Z</time></trkpt>
<trkpt lat="37.075458" lon="-121.893962"><ele>559.0</ele><time>2022-10-01T16:53:34Z</time></trkpt>
<trkpt lat="37.075577" lon="-121.893920"><ele>558.2</ele><time>2022-10-01T16:53:35Z</time></trkpt>
<trkpt lat="37.075623" lon="-121.893862"><ele>557.4</ele><time>2022-10-01T16:53:37Z</time></trkpt>
<trkpt lat="37.075653" lon="-121.893680"><ele>555.6</ele><time>2022-10-01T16:53:40Z</time></trkpt>
<trkpt lat="37.075797" lon="-121.893571"><ele>553.6</ele><time>2022-10-01T16:53:42Z</time></trkpt>
<trkpt lat="37.075883" lon="-121.893612"><ele>552.5</ele><time>2022-10-01T16:53:43Z</time></trkpt>
<trkpt lat="37.075971" lon="-121.893556"><ele>551.5</ele><time>2022-10-01T16:53:44Z</time></trkpt>
<trkpt lat="37.076160" lon="-121.893532"><ele>549.8</ele><time>2022-10-01T16:53:46Z</time></trkpt>
<trkpt lat="37.076292" lon="-121.893560"><ele>548.7</ele><time>2022-10-01T16:53:48Z</time></trkpt>
<trkpt lat="37.076319" lon="-121.893495"><ele>548.2</ele><time>2022-10-01T16:53:49Z</time></trkpt>
<trkpt lat="37.076278" lon="-121.893218"><ele>545.6</ele><time>2022-10-01T16:53:52Z</time></trkpt>
<trkpt lat="37.076438" lon="-121.893215"><ele>543.9</ele><time>2022-10-01T16:53:53Z</time></trkpt>
<trkpt lat="37.076384" lon="-121.892960"><ele>542.3</ele><time>2022-10-01T16:53:55Z</time></trkpt>
<trkpt lat="37.076289" lon="-121.892761"><ele>541.1</ele><time>2022-10-01T16:53:57Z</time></trkpt>
<trkpt lat="37.076350" lon="-121.892695"><ele>540.4</ele><time>2022-10-01T16:53:58Z</time></trkpt>
<trkpt lat="37.076500" lon="-121.892638"><ele>539.3</ele><time>2022-10-01T16:54:00Z</time></trkpt>
<trkpt lat="37.076562" lon="-121.892583"><ele>538.9</ele><time>2022-10-01T16:54:01Z</time></trkpt>
<trkpt lat="37.076610" lon="-121.892477"><ele>538.4</ele><time>2022-10-01T16:54:03Z</time></trkpt>
<trkpt lat="37.076701" lon="-121.892455"><ele>537.9</ele><time>2022-10-01T16:54:05Z</time></trkpt>
<trkpt lat="37.076904" lon="-121.892274"><ele>537.1</ele><time>2022-10-01T16:54:09Z</time></trkpt>
<trkpt lat="37.076947" lon="-121.892198"><ele>536.9</ele><time>2022-10-01T16:54:10Z</time></trkpt>
<trkpt lat="37.077038" lon="-121.891604"><ele>535.0</ele><time>2022-10-01T16:54:19Z</time></trkpt>
<trkpt lat="37.077056" lon="-121.891279"><ele>533.7</ele><time>2022-10-01T16:54:24Z</time></trkpt>
<trkpt lat="37.077094" lon="-121.891287"><ele>533.3</ele><time>2022-10-01T16:54:25Z</time></trkpt>
<trkpt lat="37.077168" lon="-121.891388"><ele>532.0</ele><time>2022-10-01T16:54:26Z</time></trkpt>
<trkpt lat="37.077155" lon="-121.891730"><ele>528.5</ele><time>2022-10-01T16:54:28Z</time></trkpt>
<trkpt lat="37.077039" lon="-121.892298"><ele>523.4</ele><time>2022-10-01T16:54:34Z</time></trkpt>
<trkpt lat="37.076875" lon="-121.892678"><ele>520.9</ele><time>2022-10-01T16:54:39Z</time></trkpt>
<trkpt lat="37.076908" lon="-121.892760"><ele>520.5</ele><time>2022-10-01T16:54:40Z</time></trkpt>
<trkpt lat="37.076892" lon="-121.892940"><ele>519.6</ele><time>2022-10-01T16:54:42Z</time></trkpt>
<trkpt lat="37.076979" lon="-121.893074"><ele>518.7</ele><time>2022-10-01T16:54:44Z</time></trkpt>
<trkpt lat="37.076967" lon="-121.893151"><ele>518.2</ele><time>2022-10-01T16:54:45Z</time></trkpt>
<trkpt lat="37.076906" lon="-121.893182"><ele>517.7</ele><time>2022-10-01T16:54:46Z</time></trkpt>
<trkpt lat="37.076889" lon="-121.893280"><ele>517.2</ele><time>2022-10-01T16:54:47Z</time></trkpt>
<trkpt lat="37.076932" lon="-121.893425"><ele>516.2</ele><time>2022-10-01T16:54:49Z</time></trkpt>
<trkpt lat="37.076895" lon="-121.893636"><ele>515.0</ele><time>2022-10-01T16:54:52Z</time></trkpt>
<trkpt lat="37.077059" lon="-121.893973"><ele>513.8</ele><time>2022-10-01T16:54:58Z</time></trkpt>
<trkpt lat="37.077070" lon="-121.894307"><ele>513.7</ele><time>2022-10-01T16:55:09Z</time></trkpt>
<trkpt lat="37.077102" lon="-121.894407"><ele>513.7</ele><time>2022-10-01T16:55:11Z</time></trkpt>
<trkpt lat="37.077065" lon="-121.894551"><ele>513.5</ele><time>2022-10-01T16:55:13Z</time></trkpt>
<trkpt lat="37.077097" lon="-121.894586"><ele>513.3</ele><time>2022-10-01T16:55:14Z</time></trkpt>
<trkpt lat="37.077132" lon="-121.894602"><ele>511.4</ele><time>2022-10-01T16:55:15Z</time></trkpt>
<trkpt lat="37.077183" lon="-121.894401"><ele>509.6</ele><time>2022-10-01T16:55:18Z</time></trkpt>
<trkpt lat="37.077226" lon="-121.894036"><ele>507.5</ele><time>2022-10-01T16:55:25Z</time></trkpt>
<trkpt lat="37.077214" lon="-121.893870"><ele>507.0</ele><time>2022-10-01T16:55:27Z</time></trkpt>
<trkpt lat="37.077117" lon="-121.893732"><ele>506.4</ele><time>2022-10-01T16:55:30Z</time></trkpt>
<trkpt lat="37.077111" lon="-121.893625"><ele>506.1</ele><time>2022-10-01T16:55:32Z</time></trkpt>
<trkpt lat="37.077257" lon="-121.893478"><ele>505.5</ele><time>2022-10-01T16:55:40Z</time></trkpt>
<trkpt lat="37.077255" lon="-121.893414"><ele>505.4</ele><time>2022-10-01T16:55:42Z</time></trkpt>
<trkpt lat="37.077309" lon="-121.893299"><ele>505.0</ele><time>2022-10-01T16:55:51Z</time></trkpt>
<trkpt lat="37.077293" lon="-121.893010"><ele>504.2</ele><time>2022-10-01T16:58:31Z</time></trkpt>
<trkpt lat="37.077343" lon="-121.892878"><ele>503.8</ele><time>2022-10-01T16:58:35Z</time></trkpt>
<trkpt lat="37.077519" lon="-121.892657"><ele>503.0</ele><time>2022-10-01T16:59:05Z</time></trkpt>
<trkpt lat="37.077629" lon="-121.892431"><ele>502.2</ele><time>2022-10-01T16:59:09Z</time></trkpt>
<trkpt lat="37.077627" lon="-121.892373"><ele>501.8</ele><time>2022-10-01T16:59:10Z</time></trkpt>
<trkpt lat="37.077692" lon="-121.892362"><ele>501.2</ele><time>2022-10-01T16:59:12Z</time></trkpt>
<trkpt lat="37.077716" lon="-121.892459"><ele>500.2</ele><time>2022-10-01T16:59:13Z</time></trkpt>
<trkpt lat="37.077676" lon="-121.892527"><ele>499.3</ele><time>2022-10-01T16:59:14Z</time></trkpt>
<trkpt lat="37.077736" lon="-121.892534"><ele>498.5</ele><time>2022-10-01T16:59:16Z</time></trkpt>
<trkpt lat="37.077833" lon="-121.892330"><ele>496.3</ele><time>2022-10-01T16:59:19Z</time></trkpt>
<trkpt lat="37.077849" lon="-121.892170"><ele>494.8</ele><time>2022-10-01T16:59:21Z</time></trkpt>
<trkpt lat="37.077892" lon="-121.892164"><ele>494.3</ele><time>2022-10-01T16:59:22Z</time></trkpt>
<trkpt lat="37.077919" lon="-121.892326"><ele>492.7</ele><time>2022-10-01T16:59:24Z</time></trkpt>
<trkpt lat="37.077979" lon="-121.892434"><ele>491.5</ele><time>2022-10-01T16:59:26Z</time></trkpt>
<trkpt lat="37.077985" lon="-121.892520"><ele>490.7</ele><time>2022-10-01T16:59:27Z</time></trkpt>
<trkpt lat="37.077938" lon="-121.892594"><ele>489.9</ele><time>2022-10-01T16:59:28Z</time></trkpt>
<trkpt lat="37.077939" lon="-121.892655"><ele>489.3</ele><time>2022-10-01T16:59:29Z</time></trkpt>
<trkpt lat="37.077998" lon="-121.892644"><ele>488.7</ele><time>2022-10-01T16:59:30Z</time></trkpt>
<trkpt lat="37.078071" lon="-121.892529"><ele>487.5</ele><time>2022-10-01T16:59:32Z</time></trkpt>
<trkpt lat="37.078178" lon="-121.891936"><ele>482.6</ele><time>2022-10-01T16:59:39Z</time></trkpt>
<trkpt lat="37.078232" lon="-121.891907"><ele>481.8</ele><time>2022-10-01T16:59:40Z</time></trkpt>
<trkpt lat="37.078294" lon="-121.892009"><ele>480.4</ele><time>2022-10-01T16:59:41Z</time></trkpt>
<trkpt lat="37.078308" lon="-121.892213"><ele>478.2</ele><time>2022-10-01T16:59:43Z</time></trkpt>
<trkpt lat="37.078379" lon="-121.892252"><ele>477.2</ele><time>2022-10-01T16:59:44Z</time></trkpt>
<trkpt lat="37.078480" lon="-121.892142"><ele>475.5</ele><time>2022-10-01T16:59:45Z</time></trkpt>
<trkpt lat="37.078450" lon="-121.891958"><ele>474.1</ele><time>2022-10-01T16:59:48Z</time></trkpt>
<trkpt lat="37.078531" lon="-121.891971"><ele>473.4</ele><time>2022-10-01T16:59:49Z</time></trkpt>
<trkpt lat="37.078641" lon="-121.892112"><ele>471.9</ele><time>2022-10-01T16:59:51Z</time></trkpt>
<trkpt lat="37.078653" lon="-121.892210"><ele>471.2</ele><time>2022-10-01T16:59:52Z</time></trkpt>
<trkpt lat="37.078723" lon="-121.892329"><ele>470.1</ele><time>2022-10-01T16:59:54Z</time></trkpt>
<trkpt lat="37.078719" lon="-121.892745"><ele>468.5</ele><time>2022-10-01T16:59:59Z</time></trkpt>
<trkpt lat="37.078762" lon="-121.892884"><ele>468.1</ele><time>2022-10-01T17:00:01Z</time></trkpt>
<trkpt lat="37.078703" lon="-121.893093"><ele>467.3</ele><time>2022-10-01T17:00:06Z</time></trkpt>
<trkpt lat="37.078722" lon="-121.893168"><ele>466.9</ele><time>2022-10-01T17:00:08Z</time></trkpt>
<trkpt lat="37.078679" lon="-121.893447"><ele>465.1</ele><time>2022-10-01T17:00:11Z</time></trkpt>
<trkpt lat="37.078731" lon="-121.893687"><ele>463.0</ele><time>2022-10-01T17:00:14Z</time></trkpt>
<trkpt lat="37.078717" lon="-121.893808"><ele>461.8</ele><time>2022-10-01T17:00:16Z</time></trkpt>
<trkpt lat="37.078783" lon="-121.893845"><ele>460.9</ele><time>2022-10-01T17:00:18Z</time></trkpt>
<trkpt lat="37.078844" lon="-121.893810"><ele>460.3</ele><time>2022-10-01T17:00:19Z</time></trkpt>
<trkpt lat="37.078880" lon="-121.893722"><ele>459.6</ele><time>2022-10-01T17:00:20Z</time></trkpt>
<trkpt lat="37.078914" lon="-121.893252"><ele>457.0</ele><time>2022-10-01T17:00:26Z</time></trkpt>
<trkpt lat="37.078931" lon="-121.893171"><ele>456.6</ele><time>2022-10-01T17:00:27Z</time></trkpt>
<trkpt lat="37.079008" lon="-121.893053"><ele>455.8</ele><time>2022-10-01T17:00:29Z</time></trkpt>
<trkpt lat="37.078998" lon="-121.892944"><ele>455.1</ele><time>2022-10-01T17:00:31Z</time></trkpt>
<trkpt lat="37.079034" lon="-121.892897"><ele>454.6</ele><time>2022-10-01T17:00:33Z</time></trkpt>
<trkpt lat="37.079127" lon="-121.893107"><ele>452.8</ele><time>2022-10-01T17:00:37Z</time></trkpt>
<trkpt lat="37.079128" lon="-121.893198"><ele>452.1</ele><time>2022-10-01T17:00:38Z</time></trkpt>
<trkpt lat="37.079078" lon="-121.893421"><ele>450.3</ele><time>2022-10-01T17:00:41Z</time></trkpt>
<trkpt lat="37.079039" lon="-121.893892"><ele>447.1</ele><time>2022-10-01T17:00:48Z</time></trkpt>
<trkpt lat="37.079096" lon="-121.893963"><ele>446.6</ele><time>2022-10-01T17:00:50Z</time></trkpt>
<trkpt lat="37.079160" lon="-121.893902"><ele>446.2</ele><time>2022-10-01T17:00:51Z</time></trkpt>
<trkpt lat="37.079148" lon="-121.893697"><ele>445.4</ele><time>2022-10-01T17:00:53Z</time></trkpt>
<trkpt lat="37.079290" lon="-121.893288"><ele>443.0</ele><time>2022-10-01T17:01:00Z</time></trkpt>
<trkpt lat="37.079335" lon="-121.893283"><ele>442.7</ele><time>2022-10-01T17:01:01Z</time></trkpt>
<trkpt lat="37.079366" lon="-121.893339"><ele>442.2</ele><time>2022-10-01T17:01:02Z</time></trkpt>
<trkpt lat="37.079356" lon="-121.893853"><ele>439.4</ele><time>2022-10-01T17:01:10Z</time></trkpt>
<trkpt lat="37.079410" lon="-121.894053"><ele>438.0</ele><time>2022-10-01T17:01:13Z</time></trkpt>
<trkpt lat="37.079405" lon="-121.894216"><ele>437.0</ele><time>2022-10-01T17:01:15Z</time></trkpt>
<trkpt lat="37.079442" lon="-121.894237"><ele>436.7</ele><time>2022-10-01T17:01:16Z</time></trkpt>
<trkpt lat="37.079465" lon="-121.894173"><ele>436.3</ele><time>2022-10-01T17:01:17Z</time></trkpt>
<trkpt lat="37.079498" lon="-121.894024"><ele>435.4</ele><time>2022-10-01T17:01:22Z</time></trkpt>
<trkpt lat="37.079479" lon="-121.893938"><ele>435.0</ele><time>2022-10-01T17:01:23Z</time></trkpt>
<trkpt lat="37.079547" lon="-121.893792"><ele>433.9</ele><time>2022-10-01T17:01:28Z</time></trkpt>
<trkpt lat="37.079704" lon="-121.893990"><ele>431.9</ele><time>2022-10-01T17:01:36Z</time></trkpt>
<trkpt lat="37.079791" lon="-121.894233"><ele>430.1</ele><time>2022-10-01T17:01:38Z</time></trkpt>
<trkpt lat="37.079779" lon="-121.894396"><ele>429.1</ele><time>2022-10-01T17:01:40Z</time></trkpt>
<trkpt lat="37.079676" lon="-121.894517"><ele>428.1</ele><time>2022-10-01T17:01:44Z</time></trkpt>
<trkpt lat="37.079712" lon="-121.894609"><ele>427.7</ele><time>2022-10-01T17:01:47Z</time></trkpt>
<trkpt lat="37.079799" lon="-121.894653"><ele>427.2</ele><time>2022-10-01T17:01:49Z</time></trkpt>
<trkpt lat="37.079875" lon="-121.895052"><ele>426.1</ele><time>2022-10-01T17:01:55Z</time></trkpt>
<trkpt lat="37.079847" lon="-121.895096"><ele>425.9</ele><time>2022-10-01T17:01:57Z</time></trkpt>
<trkpt lat="37.079855" lon="-121.895152"><ele>425.8</ele><time>2022-10-01T17:02:02Z</time></trkpt>
<trkpt lat="37.079920" lon="-121.895334"><ele>425.1</ele><time>2022-10-01T17:02:05Z</time></trkpt>
<trkpt lat="37.079887" lon="-121.895403"><ele>424.7</ele><time>2022-10-01T17:02:06Z</time></trkpt>
<trkpt lat="37.079714" lon="-121.895389"><ele>423.5</ele><time>2022-10-01T17:02:07Z</time></trkpt>
<trkpt lat="37.079690" lon="-121.895505"><ele>422.7</ele><time>2022-10-01T17:02:09Z</time></trkpt>
<trkpt lat="37.079727" lon="-121.895677"><ele>421.7</ele><time>2022-10-01T17:02:11Z</time></trkpt>
<trkpt lat="37.079792" lon="-121.895804"><ele>420.8</ele><time>2022-10-01T17:02:13Z</time></trkpt>
<trkpt lat="37.079842" lon="-121.895751"><ele>416.4</ele><time>2022-10-01T17:02:14Z</time></trkpt>
<trkpt lat="37.079829" lon="-121.895630"><ele>419.9</ele><time>2022-10-01T17:02:15Z</time></trkpt>
<trkpt lat="37.079850" lon="-121.895471"><ele>416.3</ele><time>2022-10-01T17:02:16Z</time></trkpt>
<trkpt lat="37.079936" lon="-121.895428"><ele>416.8</ele><time>2022-10-01T17:02:18Z</time></trkpt>
<trkpt lat="37.079962" lon="-121.895461"><ele>417.0</ele><time>2022-10-01T17:02:19Z</time></trkpt>
<trkpt lat="37.079922" lon="-121.895569"><ele>416.7</ele><time>2022-10-01T17:02:20Z</time></trkpt>
<trkpt lat="37.079953" lon="-121.895610"><ele>417.2</ele><time>2022-10-01T17:02:22Z</time></trkpt>
<trkpt lat="37.079925" lon="-121.895707"><ele>417.4</ele><time>2022-10-01T17:02:23Z</time></trkpt>
<trkpt lat="37.079978" lon="-121.895749"><ele>416.8</ele><time>2022-10-01T17:02:24Z</time></trkpt>
<trkpt lat="37.079950" lon="-121.895985"><ele>415.5</ele><time>2022-10-01T17:02:27Z</time></trkpt>
<trkpt lat="37.080011" lon="-121.896182"><ele>414.7</ele><time>2022-10-01T17:02:31Z</time></trkpt>
<trkpt lat="37.080253" lon="-121.896494"><ele>414.0</ele><time>2022-10-01T17:02:36Z</time></trkpt>
<trkpt lat="37.080445" lon="-121.896663"><ele>413.9</ele><time>2022-10-01T17:02:41Z</time></trkpt>
<trkpt lat="37.080450" lon="-121.896778"><ele>413.8</ele><time>2022-10-01T17:02:43Z</time></trkpt>
<trkpt lat="37.080307" lon="-121.896702"><ele>413.6</ele><time>2022-10-01T17:02:44Z</time></trkpt>
<trkpt lat="37.080302" lon="-121.896789"><ele>413.5</ele><time>2022-10-01T17:02:47Z</time></trkpt>
<trkpt lat="37.080230" lon="-121.896974"><ele>413.3</ele><time>2022-10-01T17:02:50Z</time></trkpt>
<trkpt lat="37.080244" lon="-121.897159"><ele>413.1</ele><time>2022-10-01T17:02:55Z</time></trkpt>
<trkpt lat="37.080174" lon="-121.897382"><ele>412.9</ele><time>2022-10-01T17:03:04Z</time></trkpt>
<trkpt lat="37.080096" lon="-121.897488"><ele>412.9</ele><time>2022-10-01T17:03:12Z</time></trkpt>
<trkpt lat="37.080027" lon="-121.897355"><ele>413.0</ele><time>2022-10-01T17:03:36Z</time></trkpt>
<trkpt lat="37.079903" lon="-121.897373"><ele>413.2</ele><time>2022-10-01T17:04:05Z</time></trkpt>
<trkpt lat="37.079955" lon="-121.897453"><ele>413.4</ele><time>2022-10-01T17:04:08Z</time></trkpt>
<trkpt lat="37.079986" lon="-121.897434"><ele>413.5</ele><time>2022-10-01T17:04:09Z</time></trkpt>
<trkpt lat="37.079956" lon="-121.897303"><ele>413.9</ele><time>2022-10-01T17:04:19Z</time></trkpt>
<trkpt lat="37.079996" lon="-121.897485"><ele>414.4</ele><time>2022-10-01T17:05:24Z</time></trkpt>
<trkpt lat="37.079994" lon="-121.897802"><ele>414.4</ele><time>2022-10-01T17:05:27Z</time></trkpt>
<trkpt lat="37.080020" lon="-121.897881"><ele>414.0</ele><time>2022-10-01T17:05:28Z</time></trkpt>
<trkpt lat="37.079931" lon="-121.898243"><ele>412.1</ele><time>2022-10-01T17:05:32Z</time></trkpt>
<trkpt lat="37.079887" lon="-121.898333"><ele>411.7</ele><time>2022-10-01T17:05:33Z</time></trkpt>
<trkpt lat="37.079770" lon="-121.898400"><ele>411.3</ele><time>2022-10-01T17:05:35Z</time></trkpt>
<trkpt lat="37.079803" lon="-121.898478"><ele>411.0</ele><time>2022-10-01T17:05:36Z</time></trkpt>
<trkpt lat="37.079894" lon="-121.898496"><ele>410.4</ele><time>2022-10-01T17:05:37Z</time></trkpt>
<trkpt lat="37.079985" lon="-121.898435"><ele>409.6</ele><time>2022-10-01T17:05:38Z</time></trkpt>
<trkpt lat="37.080091" lon="-121.898230"><ele>408.1</ele><time>2022-10-01T17:05:41Z</time></trkpt>
<trkpt lat="37.080153" lon="-121.898219"><ele>407.7</ele><time>2022-10-01T17:05:42Z</time></trkpt>
<trkpt lat="37.080232" lon="-121.898257"><ele>407.1</ele><time>2022-10-01T17:05:43Z</time></trkpt>
<trkpt lat="37.080336" lon="-121.898205"><ele>406.3</ele><time>2022-10-01T17:05:45Z</time></trkpt>
<trkpt lat="37.080359" lon="-121.898296"><ele>405.6</ele><time>2022-10-01T17:05:46Z</time></trkpt>
<trkpt lat="37.080304" lon="-121.898405"><ele>404.6</ele><time>2022-10-01T17:05:47Z</time></trkpt>
<trkpt lat="37.080169" lon="-121.898480"><ele>402.9</ele><time>2022-10-01T17:05:49Z</time></trkpt>
<trkpt lat="37.080210" lon="-121.898540"><ele>402.1</ele><time>2022-10-01T17:05:50Z</time></trkpt>
<trkpt lat="37.080313" lon="-121.898543"><ele>400.8</ele><time>2022-10-01T17:05:51Z</time></trkpt>
<trkpt lat="37.080434" lon="-121.898416"><ele>398.7</ele><time>2022-10-01T17:05:53Z</time></trkpt>
<trkpt lat="37.080479" lon="-121.898474"><ele>397.9</ele><time>2022-10-01T17:05:54Z</time></trkpt>
<trkpt lat="37.080477" lon="-121.898588"><ele>396.9</ele><time>2022-10-01T17:05:55Z</time></trkpt>
<trkpt lat="37.080538" lon="-121.898622"><ele>396.2</ele><time>2022-10-01T17:05:56Z</time></trkpt>
<trkpt lat="37.080296" lon="-121.899056"><ele>392.8</ele><time>2022-10-01T17:06:00Z</time></trkpt>
<trkpt lat="37.080244" lon="-121.899117"><ele>392.0</ele><time>2022-10-01T17:06:01Z</time></trkpt>
<trkpt lat="37.080112" lon="-121.899074"><ele>390.4</ele><time>2022-10-01T17:06:02Z</time></trkpt>
<trkpt lat="37.080081" lon="-121.899100"><ele>390.0</ele><time>2022-10-01T17:06:03Z</time></trkpt>
<trkpt lat="37.080072" lon="-121.899178"><ele>389.4</ele><time>2022-10-01T17:06:04Z</time></trkpt>
<trkpt lat="37.080283" lon="-121.899311"><ele>387.8</ele><time>2022-10-01T17:06:07Z</time></trkpt>
<trkpt lat="37.080426" lon="-121.899104"><ele>386.4</ele><time>2022-10-01T17:06:08Z</time></trkpt>
<trkpt lat="37.080590" lon="-121.899058"><ele>385.2</ele><time>2022-10-01T17:06:11Z</time></trkpt>
<trkpt lat="37.080719" lon="-121.898838"><ele>383.7</ele><time>2022-10-01T17:06:15Z</time></trkpt>
<trkpt lat="37.080733" lon="-121.898651"><ele>383.1</ele><time>2022-10-01T17:06:17Z</time></trkpt>
<trkpt lat="37.080871" lon="-121.898453"><ele>382.5</ele><time>2022-10-01T17:06:20Z</time></trkpt>
<trkpt lat="37.080947" lon="-121.898270"><ele>382.1</ele><time>2022-10-01T17:06:22Z</time></trkpt>
<trkpt lat="37.081032" lon="-121.898210"><ele>381.8</ele><time>2022-10-01T17:06:24Z</time></trkpt>
<trkpt lat="37.081061" lon="-121.898132"><ele>381.6</ele><time>2022-10-01T17:06:25Z</time></trkpt>
<trkpt lat="37.081042" lon="-121.898064"><ele>381.4</ele><time>2022-10-01T17:06:26Z</time></trkpt>
<trkpt lat="37.081063" lon="-121.897918"><ele>381.0</ele><time>2022-10-01T17:06:28Z</time></trkpt>
<trkpt lat="37.081108" lon="-121.897789"><ele>380.7</ele><time>2022-10-01T17:06:29Z</time></trkpt>
<trkpt lat="37.081173" lon="-121.897754"><ele>380.5</ele><time>2022-10-01T17:06:30Z</time></trkpt>
<trkpt lat="37.081191" lon="-121.897664"><ele>380.2</ele><time>2022-10-01T17:06:32Z</time></trkpt>
<trkpt lat="37.081264" lon="-121.897553"><ele>379.7</ele><time>2022-10-01T17:06:34Z</time></trkpt>
<trkpt lat="37.081394" lon="-121.897102"><ele>377.2</ele><time>2022-10-01T17:06:39Z</time></trkpt>
<trkpt lat="37.081460" lon="-121.896984"><ele>376.1</ele><time>2022-10-01T17:06:41Z</time></trkpt>
<trkpt lat="37.081402" lon="-121.896811"><ele>374.7</ele><time>2022-10-01T17:06:43Z</time></trkpt>
<trkpt lat="37.081313" lon="-121.896696"><ele>373.7</ele><time>2022-10-01T17:06:46Z</time></trkpt>
<trkpt lat="37.081199" lon="-121.896369"><ele>372.3</ele><time>2022-10-01T17:06:51Z</time></trkpt>
<trkpt lat="37.081096" lon="-121.896226"><ele>371.6</ele><time>2022-10-01T17:06:53Z</time></trkpt>
<trkpt lat="37.081031" lon="-121.896054"><ele>371.2</ele><time>2022-10-01T17:06:56Z</time></trkpt>
<trkpt lat="37.081268" lon="-121.896272"><ele>369.2</ele><time>2022-10-01T17:06:57Z</time></trkpt>
<trkpt lat="37.081387" lon="-121.896442"><ele>367.4</ele><time>2022-10-01T17:07:01Z</time></trkpt>
<trkpt lat="37.081448" lon="-121.896614"><ele>366.2</ele><time>2022-10-01T17:07:03Z</time></trkpt>
<trkpt lat="37.081502" lon="-121.896666"><ele>365.7</ele><time>2022-10-01T17:07:04Z</time></trkpt>
<trkpt lat="37.081644" lon="-121.896695"><ele>364.7</ele><time>2022-10-01T17:07:06Z</time></trkpt>
<trkpt lat="37.081655" lon="-121.896809"><ele>363.9</ele><time>2022-10-01T17:07:08Z</time></trkpt>
<trkpt lat="37.081722" lon="-121.896801"><ele>363.4</ele><time>2022-10-01T17:07:10Z</time></trkpt>
<trkpt lat="37.081629" lon="-121.896947"><ele>362.3</ele><time>2022-10-01T17:07:11Z</time></trkpt>
<trkpt lat="37.081670" lon="-121.897023"><ele>361.7</ele><time>2022-10-01T17:07:13Z</time></trkpt>
<trkpt lat="37.081690" lon="-121.897196"><ele>360.7</ele><time>2022-10-01T17:07:16Z</time></trkpt>
<trkpt lat="37.081783" lon="-121.897343"><ele>359.4</ele><time>2022-10-01T17:07:19Z</time></trkpt>
<trkpt lat="37.081860" lon="-121.897549"><ele>357.8</ele><time>2022-10-01T17:07:22Z</time></trkpt>
<trkpt lat="37.082081" lon="-121.897676"><ele>356.2</ele><time>2022-10-01T17:07:26Z</time></trkpt>
<trkpt lat="37.082126" lon="-121.897807"><ele>355.5</ele><time>2022-10-01T17:07:28Z</time></trkpt>
<trkpt lat="37.081954" lon="-121.898058"><ele>353.4</ele><time>2022-10-01T17:07:31Z</time></trkpt>
<trkpt lat="37.081775" lon="-121.898178"><ele>351.7</ele><time>2022-10-01T17:07:32Z</time></trkpt>
<trkpt lat="37.081866" lon="-121.898213"><ele>351.1</ele><time>2022-10-01T17:07:35Z</time></trkpt>
<trkpt lat="37.081898" lon="-121.898278"><ele>350.7</ele><time>2022-10-01T17:07:37Z</time></trkpt>
<trkpt lat="37.082019" lon="-121.898202"><ele>349.6</ele><time>2022-10-01T17:07:40Z</time></trkpt>
<trkpt lat="37.082039" lon="-121.898094"><ele>348.7</ele><time>2022-10-01T17:07:41Z</time></trkpt>
<trkpt lat="37.082010" lon="-121.898024"><ele>347.9</ele><time>2022-10-01T17:07:42Z</time></trkpt>
<trkpt lat="37.082264" lon="-121.897939"><ele>345.2</ele><time>2022-10-01T17:07:46Z</time></trkpt>
<trkpt lat="37.082224" lon="-121.898109"><ele>344.1</ele><time>2022-10-01T17:07:48Z</time></trkpt>
<trkpt lat="37.082181" lon="-121.898137"><ele>340.3</ele><time>2022-10-01T17:07:49Z</time></trkpt>
<trkpt lat="37.082139" lon="-121.898176"><ele>346.2</ele><time>2022-10-01T17:07:51Z</time></trkpt>
<trkpt lat="37.082131" lon="-121.898269"><ele>346.7</ele><time>2022-10-01T17:07:54Z</time></trkpt>
<trkpt lat="37.082138" lon="-121.898292"><ele>342.5</ele><time>2022-10-01T17:07:55Z</time></trkpt>
<trkpt lat="37.082089" lon="-121.898358"><ele>341.9</ele><time>2022-10-01T17:07:58Z</time></trkpt>
<trkpt lat="37.082025" lon="-121.898561"><ele>340.7</ele><time>2022-10-01T17:08:02Z</time></trkpt>
<trkpt lat="37.082028" lon="-121.898796"><ele>339.0</ele><time>2022-10-01T17:08:05Z</time></trkpt>
<trkpt lat="37.082081" lon="-121.898890"><ele>338.0</ele><time>2022-10-01T17:08:07Z</time></trkpt>
<trkpt lat="37.082086" lon="-121.898966"><ele>337.4</ele><time>2022-10-01T17:08:08Z</time></trkpt>
<trkpt lat="37.082023" lon="-121.899146"><ele>336.3</ele><time>2022-10-01T17:08:14Z</time></trkpt>
<trkpt lat="37.082025" lon="-121.899350"><ele>335.3</ele><time>2022-10-01T17:08:20Z</time></trkpt>
<trkpt lat="37.081911" lon="-121.899610"><ele>334.3</ele><time>2022-10-01T17:08:27Z</time></trkpt>
<trkpt lat="37.081893" lon="-121.900059"><ele>333.9</ele><time>2022-10-01T17:08:36Z</time></trkpt>
<trkpt lat="37.081758" lon="-121.900400"><ele>334.0</ele><time>2022-10-01T17:08:47Z</time></trkpt>
<trkpt lat="37.081789" lon="-121.900701"><ele>333.3</ele><time>2022-10-01T17:08:51Z</time></trkpt>
<trkpt lat="37.081876" lon="-121.900894"><ele>332.1</ele><time>2022-10-01T17:08:57Z</time></trkpt>
<trkpt lat="37.081950" lon="-121.901184"><ele>329.6</ele><time>2022-10-01T17:09:00Z</time></trkpt>
<trkpt lat="37.081887" lon="-121.901491"><ele>326.5</ele><time>2022-10-01T17:09:03Z</time></trkpt>
<trkpt lat="37.081894" lon="-121.901584"><ele>325.7</ele><time>2022-10-01T17:09:04Z</time></trkpt>
<trkpt lat="37.082055" lon="-121.902050"><ele>322.7</ele><time>2022-10-01T17:09:09Z</time></trkpt>
<trkpt lat="37.082139" lon="-121.902210"><ele>322.1</ele><time>2022-10-01T17:09:11Z</time></trkpt>
<trkpt lat="37.082206" lon="-121.902947"><ele>319.1</ele><time>2022-10-01T17:09:20Z</time></trkpt>
<trkpt lat="37.082266" lon="-121.903099"><ele>318.4</ele><time>2022-10-01T17:09:22Z</time></trkpt>
<trkpt lat="37.082317" lon="-121.903470"><ele>316.8</ele><time>2022-10-01T17:09:27Z</time></trkpt>
<trkpt lat="37.082295" lon="-121.903725"><ele>316.2</ele><time>2022-10-01T17:09:31Z</time></trkpt>
<trkpt lat="37.082414" lon="-121.904313"><ele>313.2</ele><time>2022-10-01T17:09:37Z</time></trkpt>
<trkpt lat="37.082473" lon="-121.904325"><ele>312.8</ele><time>2022-10-01T17:09:38Z</time></trkpt>
<trkpt lat="37.082522" lon="-121.904249"><ele>312.3</ele><time>2022-10-01T17:09:39Z</time></trkpt>
<trkpt lat="37.082531" lon="-121.904131"><ele>311.8</ele><time>2022-10-01T17:09:40Z</time></trkpt>
<trkpt lat="37.082491" lon="-121.903936"><ele>310.7</ele><time>2022-10-01T17:09:42Z</time></trkpt>
<trkpt lat="37.082643" lon="-121.903543"><ele>308.0</ele><time>2022-10-01T17:09:48Z</time></trkpt>
<trkpt lat="37.082682" lon="-121.903490"><ele>307.7</ele><time>2022-10-01T17:09:49Z</time></trkpt>
<trkpt lat="37.082755" lon="-121.903484"><ele>307.3</ele><time>2022-10-01T17:09:50Z</time></trkpt>
<trkpt lat="37.082839" lon="-121.903372"><ele>306.7</ele><time>2022-10-01T17:09:52Z</time></trkpt>
<trkpt lat="37.082911" lon="-121.903396"><ele>306.3</ele><time>2022-10-01T17:09:53Z</time></trkpt>
<trkpt lat="37.082952" lon="-121.903486"><ele>305.8</ele><time>2022-10-01T17:09:54Z</time></trkpt>
<trkpt lat="37.082862" lon="-121.903859"><ele>303.1</ele><time>2022-10-01T17:09:58Z</time></trkpt>
<trkpt lat="37.082918" lon="-121.904072"><ele>301.2</ele><time>2022-10-01T17:10:00Z</time></trkpt>
<trkpt lat="37.082894" lon="-121.904148"><ele>300.5</ele><time>2022-10-01T17:10:01Z</time></trkpt>
<trkpt lat="37.082793" lon="-121.904238"><ele>299.5</ele><time>2022-10-01T17:10:03Z</time></trkpt>
<trkpt lat="37.082792" lon="-121.904293"><ele>299.2</ele><time>2022-10-01T17:10:04Z</time></trkpt>
<trkpt lat="37.082834" lon="-121.904334"><ele>298.8</ele><time>2022-10-01T17:10:05Z</time></trkpt>
<trkpt lat="37.082920" lon="-121.904290"><ele>298.2</ele><time>2022-10-01T17:10:06Z</time></trkpt>
<trkpt lat="37.083007" lon="-121.904104"><ele>296.9</ele><time>2022-10-01T17:10:08Z</time></trkpt>
<trkpt lat="37.083115" lon="-121.904007"><ele>295.6</ele><time>2022-10-01T17:10:10Z</time></trkpt>
<trkpt lat="37.083172" lon="-121.903829"><ele>294.2</ele><time>2022-10-01T17:10:12Z</time></trkpt>
<trkpt lat="37.083289" lon="-121.903709"><ele>292.8</ele><time>2022-10-01T17:10:14Z</time></trkpt>
<trkpt lat="37.083356" lon="-121.903722"><ele>292.1</ele><time>2022-10-01T17:10:15Z</time></trkpt>
<trkpt lat="37.083395" lon="-121.903958"><ele>289.9</ele><time>2022-10-01T17:10:18Z</time></trkpt>
<trkpt lat="37.083383" lon="-121.904161"><ele>288.1</ele><time>2022-10-01T17:10:19Z</time></trkpt>
<trkpt lat="37.083221" lon="-121.904487"><ele>285.3</ele><time>2022-10-01T17:10:23Z</time></trkpt>
<trkpt lat="37.083269" lon="-121.904526"><ele>284.7</ele><time>2022-10-01T17:10:25Z</time></trkpt>
<trkpt lat="37.083339" lon="-121.904493"><ele>283.8</ele><time>2022-10-01T17:10:26Z</time></trkpt>
<trkpt lat="37.083381" lon="-121.904340"><ele>282.0</ele><time>2022-10-01T17:10:28Z</time></trkpt>
<trkpt lat="37.083408" lon="-121.904542"><ele>279.5</ele><time>2022-10-01T17:10:33Z</time></trkpt>
<trkpt lat="37.083478" lon="-121.904569"><ele>278.5</ele><time>2022-10-01T17:10:34Z</time></trkpt>
<trkpt lat="37.083474" lon="-121.904671"><ele>277.5</ele><time>2022-10-01T17:10:35Z</time></trkpt>
<trkpt lat="37.083192" lon="-121.904990"><ele>273.8</ele><time>2022-10-01T17:10:39Z</time></trkpt>
<trkpt lat="37.083080" lon="-121.905267"><ele>272.3</ele><time>2022-10-01T17:10:43Z</time></trkpt>
<trkpt lat="37.083032" lon="-121.905549"><ele>271.3</ele><time>2022-10-01T17:10:46Z</time></trkpt>
<trkpt lat="37.083089" lon="-121.905591"><ele>271.0</ele><time>2022-10-01T17:10:47Z</time></trkpt>
<trkpt lat="37.083067" lon="-121.905927"><ele>269.9</ele><time>2022-10-01T17:10:52Z</time></trkpt>
<trkpt lat="37.083099" lon="-121.906009"><ele>269.5</ele><time>2022-10-01T17:10:54Z</time></trkpt>
<trkpt lat="37.083167" lon="-121.906011"><ele>268.9</ele><time>2022-10-01T17:10:55Z</time></trkpt>
<trkpt lat="37.083250" lon="-121.905849"><ele>267.2</ele><time>2022-10-01T17:10:57Z</time></trkpt>
<trkpt lat="37.083266" lon="-121.905645"><ele>265.3</ele><time>2022-10-01T17:10:59Z</time></trkpt>
<trkpt lat="37.083218" lon="-121.905481"><ele>263.8</ele><time>2022-10-01T17:11:01Z</time></trkpt>
<trkpt lat="37.083291" lon="-121.905308"><ele>262.4</ele><time>2022-10-01T17:11:03Z</time></trkpt>
<trkpt lat="37.083504" lon="-121.905378"><ele>260.1</ele><time>2022-10-01T17:11:06Z</time></trkpt>
<trkpt lat="37.083665" lon="-121.905306"><ele>258.4</ele><time>2022-10-01T17:11:08Z</time></trkpt>
<trkpt lat="37.083792" lon="-121.905134"><ele>256.9</ele><time>2022-10-01T17:11:11Z</time></trkpt>
<trkpt lat="37.083841" lon="-121.905125"><ele>256.6</ele><time>2022-10-01T17:11:12Z</time></trkpt>
<trkpt lat="37.083988" lon="-121.904867"><ele>255.3</ele><time>2022-10-01T17:11:16Z</time></trkpt>
<trkpt lat="37.084084" lon="-121.904827"><ele>254.8</ele><time>2022-10-01T17:11:18Z</time></trkpt>
<trkpt lat="37.084152" lon="-121.904845"><ele>254.3</ele><time>2022-10-01T17:11:19Z</time></trkpt>
<trkpt lat="37.084210" lon="-121.904918"><ele>253.7</ele><time>2022-10-01T17:11:21Z</time></trkpt>
<trkpt lat="37.084263" lon="-121.904917"><ele>253.3</ele><time>2022-10-01T17:11:23Z</time></trkpt>
<trkpt lat="37.084319" lon="-121.904999"><ele>252.7</ele><time>2022-10-01T17:11:25Z</time></trkpt>
<trkpt lat="37.084367" lon="-121.905009"><ele>252.4</ele><time>2022-10-01T17:11:26Z</time></trkpt>
<trkpt lat="37.084456" lon="-121.904960"><ele>251.6</ele><time>2022-10-01T17:11:28Z</time></trkpt>
<trkpt lat="37.084943" lon="-121.905022"><ele>248.9</ele><time>2022-10-01T17:11:33Z</time></trkpt>
<trkpt lat="37.085048" lon="-121.904728"><ele>247.6</ele><time>2022-10-01T17:11:39Z</time></trkpt>
<trkpt lat="37.085095" lon="-121.904493"><ele>247.0</ele><time>2022-10-01T17:11:42Z</time></trkpt>
<trkpt lat="37.085079" lon="-121.904336"><ele>247.1</ele><time>2022-10-01T17:11:44Z</time></trkpt>
<trkpt lat="37.085027" lon="-121.904328"><ele>247.3</ele><time>2022-10-01T17:11:45Z</time></trkpt>
<trkpt lat="37.085041" lon="-121.904181"><ele>247.9</ele><time>2022-10-01T17:11:51Z</time></trkpt>
<trkpt lat="37.084973" lon="-121.904183"><ele>248.4</ele><time>2022-10-01T17:11:53Z</time></trkpt>
<trkpt lat="37.085016" lon="-121.903990"><ele>249.8</ele><time>2022-10-01T17:12:04Z</time></trkpt>
<trkpt lat="37.084911" lon="-121.903697"><ele>251.7</ele><time>2022-10-01T17:12:57Z</time></trkpt>
<trkpt lat="37.084841" lon="-121.903737"><ele>252.3</ele><time>2022-10-01T17:13:00Z</time></trkpt>
<trkpt lat="37.085013" lon="-121.903608"><ele>253.7</ele><time>2022-10-01T17:16:39Z</time></trkpt>
<trkpt lat="37.084954" lon="-121.903527"><ele>254.4</ele><time>2022-10-01T17:19:01Z</time></trkpt>
<trkpt lat="37.084994" lon="-121.903453"><ele>254.9</ele><time>2022-10-01T17:19:05Z</time></trkpt>
<trkpt lat="37.084976" lon="-121.903429"><ele>255.1</ele><time>2022-10-01T17:19:07Z</time></trkpt>
<trkpt lat="37.085001" lon="-121.903330"><ele>255.8</ele><time>2022-10-01T17:19:14Z</time></trkpt>
<trkpt lat="37.084961" lon="-121.903268"><ele>256.5</ele><time>2022-10-01T17:19:22Z</time></trkpt>
<trkpt lat="37.084978" lon="-121.903185"><ele>257.0</ele><time>2022-10-01T17:19:24Z</time></trkpt>
<trkpt lat="37.084937" lon="-121.903162"><ele>257.3</ele><time>2022-10-01T17:19:27Z</time></trkpt>
<trkpt lat="37.084864" lon="-121.902871"><ele>259.4</ele><time>2022-10-01T17:19:43Z</time></trkpt>
<trkpt lat="37.084867" lon="-121.902742"><ele>260.4</ele><time>2022-10-01T17:19:49Z</time></trkpt>
<trkpt lat="37.084805" lon="-121.902573"><ele>262.2</ele><time>2022-10-01T17:20:00Z</time></trkpt>
<trkpt lat="37.084823" lon="-121.902507"><ele>262.8</ele><time>2022-10-01T17:20:04Z</time></trkpt>
<trkpt lat="37.084784" lon="-121.902524"><ele>263.2</ele><time>2022-10-01T17:20:06Z</time></trkpt>
<trkpt lat="37.084787" lon="-121.902384"><ele>264.4</ele><time>2022-10-01T17:20:11Z</time></trkpt>
<trkpt lat="37.084764" lon="-121.902364"><ele>264.7</ele><time>2022-10-01T17:20:14Z</time></trkpt>
<trkpt lat="37.084788" lon="-121.902251"><ele>265.6</ele><time>2022-10-01T17:20:20Z</time></trkpt>
<trkpt lat="37.084494" lon="-121.901987"><ele>268.4</ele><time>2022-10-01T17:20:44Z</time></trkpt>
<trkpt lat="37.084390" lon="-121.901834"><ele>269.7</ele><time>2022-10-01T17:20:54Z</time></trkpt>
<trkpt lat="37.084268" lon="-121.901519"><ele>271.9</ele><time>2022-10-01T17:21:09Z</time></trkpt>
<trkpt lat="37.084158" lon="-121.901454"><ele>272.9</ele><time>2022-10-01T17:21:17Z</time></trkpt>
<trkpt lat="37.084087" lon="-121.901503"><ele>273.7</ele><time>2022-10-01T17:21:24Z</time></trkpt>
<trkpt lat="37.084020" lon="-121.901446"><ele>274.5</ele><time>2022-10-01T17:21:28Z</time></trkpt>
<trkpt lat="37.083944" lon="-121.901444"><ele>275.6</ele><time>2022-10-01T17:21:33Z</time></trkpt>
<trkpt lat="37.083916" lon="-121.901374"><ele>276.4</ele><time>2022-10-01T17:21:36Z</time></trkpt>
<trkpt lat="37.083889" lon="-121.901403"><ele>277.1</ele><time>2022-10-01T17:21:39Z</time></trkpt>
<trkpt lat="37.083905" lon="-121.901426"><ele>277.4</ele><time>2022-10-01T17:21:40Z</time></trkpt>
<trkpt lat="37.083829" lon="-121.901464"><ele>278.7</ele><time>2022-10-01T17:21:46Z</time></trkpt>
<trkpt lat="37.083590" lon="-121.901271"><ele>281.8</ele><time>2022-10-01T17:22:01Z</time></trkpt>
<trkpt lat="37.083518" lon="-121.901121"><ele>282.9</ele><time>2022-10-01T17:22:07Z</time></trkpt>
<trkpt lat="37.083434" lon="-121.901032"><ele>283.8</ele><time>2022-10-01T17:22:13Z</time></trkpt>
<trkpt lat="37.083381" lon="-121.900641"><ele>285.9</ele><time>2022-10-01T17:22:29Z</time></trkpt>
<trkpt lat="37.083338" lon="-121.900638"><ele>285.9</ele><time>2022-10-01T17:22:30Z</time></trkpt>
<trkpt lat="37.083344" lon="-121.900578"><ele>285.8</ele><time>2022-10-01T17:22:32Z</time></trkpt>
<trkpt lat="37.083219" lon="-121.900396"><ele>284.4</ele><time>2022-10-01T17:22:40Z</time></trkpt>
<trkpt lat="37.083327" lon="-121.900228"><ele>283.2</ele><time>2022-10-01T17:22:44Z</time></trkpt>
<trkpt lat="37.083334" lon="-121.900157"><ele>283.0</ele><time>2022-10-01T17:22:46Z</time></trkpt>
<trkpt lat="37.083384" lon="-121.900136"><ele>282.8</ele><time>2022-10-01T17:22:47Z</time></trkpt>
<trkpt lat="37.083371" lon="-121.900100"><ele>282.8</ele><time>2022-10-01T17:22:48Z</time></trkpt>
<trkpt lat="37.083431" lon="-121.899979"><ele>283.1</ele><time>2022-10-01T17:22:54Z</time></trkpt>
<trkpt lat="37.083530" lon="-121.899917"><ele>283.8</ele><time>2022-10-01T17:22:57Z</time></trkpt>
<trkpt lat="37.083657" lon="-121.899966"><ele>285.0</ele><time>2022-10-01T17:23:03Z</time></trkpt>
<trkpt lat="37.083785" lon="-121.899865"><ele>286.6</ele><time>2022-10-01T17:23:07Z</time></trkpt>
<trkpt lat="37.083885" lon="-121.899915"><ele>287.8</ele><time>2022-10-01T17:23:11Z</time></trkpt>
<trkpt lat="37.084156" lon="-121.899805"><ele>290.9</ele><time>2022-10-01T17:23:27Z</time></trkpt>
<trkpt lat="37.084168" lon="-121.899856"><ele>291.3</ele><time>2022-10-01T17:23:28Z</time></trkpt>
<trkpt lat="37.084466" lon="-121.899830"><ele>293.9</ele><time>2022-10-01T17:23:43Z</time></trkpt>
<trkpt lat="37.084610" lon="-121.899880"><ele>294.9</ele><time>2022-10-01T17:23:51Z</time></trkpt>
<trkpt lat="37.084669" lon="-121.899944"><ele>295.4</ele><time>2022-10-01T17:23:55Z</time></trkpt>
<trkpt lat="37.084736" lon="-121.899914"><ele>296.0</ele><time>2022-10-01T17:23:57Z</time></trkpt>
<trkpt lat="37.084806" lon="-121.899956"><ele>296.6</ele><time>2022-10-01T17:24:02Z</time></trkpt>
<trkpt lat="37.084832" lon="-121.900033"><ele>297.2</ele><time>2022-10-01T17:24:07Z</time></trkpt>
<trkpt lat="37.084940" lon="-121.900099"><ele>298.1</ele><time>2022-10-01T17:24:13Z</time></trkpt>
<trkpt lat="37.084982" lon="-121.900171"><ele>298.7</ele><time>2022-10-01T17:24:17Z</time></trkpt>
<trkpt lat="37.085112" lon="-121.900170"><ele>299.9</ele><time>2022-10-01T17:24:24Z</time></trkpt>
<trkpt lat="37.085187" lon="-121.900105"><ele>300.6</ele><time>2022-10-01T17:24:28Z</time></trkpt>
<trkpt lat="37.085237" lon="-121.899983"><ele>301.5</ele><time>2022-10-01T17:24:34Z</time></trkpt>
<trkpt lat="37.085240" lon="-121.900013"><ele>301.6</ele><time>2022-10-01T17:24:35Z</time></trkpt>
<trkpt lat="37.085538" lon="-121.899730"><ele>303.7</ele><time>2022-10-01T17:24:57Z</time></trkpt>
<trkpt lat="37.085754" lon="-121.899240"><ele>306.8</ele><time>2022-10-01T17:25:21Z</time></trkpt>
<trkpt lat="37.085871" lon="-121.899104"><ele>308.4</ele><time>2022-10-01T17:25:28Z</time></trkpt>
<trkpt lat="37.086061" lon="-121.898887"><ele>311.9</ele><time>2022-10-01T17:25:37Z</time></trkpt>
<trkpt lat="37.086308" lon="-121.898779"><ele>315.7</ele><time>2022-10-01T17:25:51Z</time></trkpt>
<trkpt lat="37.086331" lon="-121.898671"><ele>316.8</ele><time>2022-10-01T17:25:56Z</time></trkpt>
<trkpt lat="37.086416" lon="-121.898619"><ele>317.9</ele><time>2022-10-01T17:26:04Z</time></trkpt>
<trkpt lat="37.086466" lon="-121.898538"><ele>318.8</ele><time>2022-10-01T17:26:08Z</time></trkpt>
<trkpt lat="37.086574" lon="-121.898489"><ele>320.1</ele><time>2022-10-01T17:26:15Z</time></trkpt>
<trkpt lat="37.086574" lon="-121.898449"><ele>320.5</ele><time>2022-10-01T17:26:16Z</time></trkpt>
<trkpt lat="37.086667" lon="-121.898381"><ele>321.9</ele><time>2022-10-01T17:26:26Z</time></trkpt>
<trkpt lat="37.086698" lon="-121.898304"><ele>322.7</ele><time>2022-10-01T17:26:32Z</time></trkpt>
<trkpt lat="37.086665" lon="-121.898203"><ele>323.5</ele><time>2022-10-01T17:26:37Z</time></trkpt>
<trkpt lat="37.086685" lon="-121.898111"><ele>324.2</ele><time>2022-10-01T17:26:40Z</time></trkpt>
<trkpt lat="37.086774" lon="-121.897821"><ele>325.9</ele><time>2022-10-01T17:26:51Z</time></trkpt>
<trkpt lat="37.086825" lon="-121.897765"><ele>326.3</ele><time>2022-10-01T17:26:54Z</time></trkpt>
<trkpt lat="37.086900" lon="-121.897459"><ele>328.2</ele><time>2022-10-01T17:27:07Z</time></trkpt>
<trkpt lat="37.087038" lon="-121.897311"><ele>330.1</ele><time>2022-10-01T17:27:16Z</time></trkpt>
<trkpt lat="37.087072" lon="-121.897326"><ele>330.6</ele><time>2022-10-01T17:27:18Z</time></trkpt>
<trkpt lat="37.087069" lon="-121.897284"><ele>330.9</ele><time>2022-10-01T17:27:19Z</time></trkpt>
<trkpt lat="37.087156" lon="-121.897258"><ele>332.0</ele><time>2022-10-01T17:27:25Z</time></trkpt>
<trkpt lat="37.087211" lon="-121.897315"><ele>332.6</ele><time>2022-10-01T17:27:27Z</time></trkpt>
<trkpt lat="37.087253" lon="-121.897239"><ele>333.2</ele><time>2022-10-01T17:27:29Z</time></trkpt>
<trkpt lat="37.087257" lon="-121.897093"><ele>334.1</ele><time>2022-10-01T17:27:36Z</time></trkpt>
<trkpt lat="37.087372" lon="-121.897009"><ele>335.2</ele><time>2022-10-01T17:27:42Z</time></trkpt>
<trkpt lat="37.087500" lon="-121.896973"><ele>336.1</ele><time>2022-10-01T17:27:49Z</time></trkpt>
<trkpt lat="37.087567" lon="-121.896829"><ele>336.9</ele><time>2022-10-01T17:27:54Z</time></trkpt>
<trkpt lat="37.087645" lon="-121.896743"><ele>337.7</ele><time>2022-10-01T17:27:59Z</time></trkpt>
<trkpt lat="37.087738" lon="-121.896715"><ele>338.5</ele><time>2022-10-01T17:28:04Z</time></trkpt>
<trkpt lat="37.087774" lon="-121.896771"><ele>339.0</ele><time>2022-10-01T17:28:05Z</time></trkpt>
<trkpt lat="37.088031" lon="-121.896721"><ele>341.2</ele><time>2022-10-01T17:28:16Z</time></trkpt>
<trkpt lat="37.088158" lon="-121.896639"><ele>342.3</ele><time>2022-10-01T17:28:22Z</time></trkpt>
<trkpt lat="37.088262" lon="-121.896475"><ele>343.6</ele><time>2022-10-01T17:28:30Z</time></trkpt>
<trkpt lat="37.088287" lon="-121.896327"><ele>344.5</ele><time>2022-10-01T17:28:37Z</time></trkpt>
<trkpt lat="37.088373" lon="-121.896171"><ele>345.9</ele><time>2022-10-01T17:28:45Z</time></trkpt>
<trkpt lat="37.088382" lon="-121.895908"><ele>348.4</ele><time>2022-10-01T17:28:54Z</time></trkpt>
<trkpt lat="37.088359" lon="-121.895913"><ele>348.7</ele><time>2022-10-01T17:28:55Z</time></trkpt>
<trkpt lat="37.088391" lon="-121.895845"><ele>349.6</ele><time>2022-10-01T17:28:58Z</time></trkpt>
<trkpt lat="37.088368" lon="-121.895791"><ele>350.2</ele><time>2022-10-01T17:29:01Z</time></trkpt>
<trkpt lat="37.088399" lon="-121.895808"><ele>350.7</ele><time>2022-10-01T17:29:03Z</time></trkpt>
<trkpt lat="37.088390" lon="-121.895595"><ele>352.6</ele><time>2022-10-01T17:29:09Z</time></trkpt>
<trkpt lat="37.088313" lon="-121.895598"><ele>353.3</ele><time>2022-10-01T17:29:11Z</time></trkpt>
<trkpt lat="37.087818" lon="-121.894780"><ele>360.1</ele><time>2022-10-01T17:29:58Z</time></trkpt>
<trkpt lat="37.087698" lon="-121.894657"><ele>361.5</ele><time>2022-10-01T17:30:05Z</time></trkpt>
<trkpt lat="37.087669" lon="-121.894282"><ele>363.8</ele><time>2022-10-01T17:30:16Z</time></trkpt>
<trkpt lat="37.087983" lon="-121.893865"><ele>367.1</ele><time>2022-10-01T17:30:36Z</time></trkpt>
<trkpt lat="37.087935" lon="-121.893639"><ele>368.6</ele><time>2022-10-01T17:30:44Z</time></trkpt>
<trkpt lat="37.087905" lon="-121.893604"><ele>369.0</ele><time>2022-10-01T17:30:47Z</time></trkpt>
<trkpt lat="37.087934" lon="-121.893546"><ele>369.5</ele><time>2022-10-01T17:30:48Z</time></trkpt>
<trkpt lat="37.087865" lon="-121.893385"><ele>370.8</ele><time>2022-10-01T17:30:59Z</time></trkpt>
<trkpt lat="37.087879" lon="-121.893269"><ele>371.5</ele><time>2022-10-01T17:31:03Z</time></trkpt>
<trkpt lat="37.087840" lon="-121.893128"><ele>371.8</ele><time>2022-10-01T17:31:05Z</time></trkpt>
<trkpt lat="37.087685" lon="-121.892888"><ele>371.4</ele><time>2022-10-01T17:31:17Z</time></trkpt>
<trkpt lat="37.087527" lon="-121.892536"><ele>370.2</ele><time>2022-10-01T17:31:27Z</time></trkpt>
<trkpt lat="37.087753" lon="-121.892223"><ele>370.6</ele><time>2022-10-01T17:31:33Z</time></trkpt>
<trkpt lat="37.087924" lon="-121.892169"><ele>371.2</ele><time>2022-10-01T17:31:38Z</time></trkpt>
<trkpt lat="37.087976" lon="-121.892226"><ele>371.4</ele><time>2022-10-01T17:31:40Z</time></trkpt>
<trkpt lat="37.088066" lon="-121.892208"><ele>371.7</ele><time>2022-10-01T17:31:42Z</time></trkpt>
<trkpt lat="37.088418" lon="-121.892357"><ele>373.9</ele><time>2022-10-01T17:31:53Z</time></trkpt>
<trkpt lat="37.088807" lon="-121.892699"><ele>377.9</ele><time>2022-10-01T17:32:15Z</time></trkpt>
<trkpt lat="37.089013" lon="-121.892748"><ele>379.9</ele><time>2022-10-01T17:32:25Z</time></trkpt>
<trkpt lat="37.089185" lon="-121.892743"><ele>381.8</ele><time>2022-10-01T17:32:35Z</time></trkpt>
<trkpt lat="37.089486" lon="-121.892830"><ele>385.4</ele><time>2022-10-01T17:32:48Z</time></trkpt>
<trkpt lat="37.089576" lon="-121.892809"><ele>386.4</ele><time>2022-10-01T17:32:53Z</time></trkpt>
<trkpt lat="37.089638" lon="-121.892724"><ele>387.4</ele><time>2022-10-01T17:33:01Z</time></trkpt>
<trkpt lat="37.089631" lon="-121.892580"><ele>388.7</ele><time>2022-10-01T17:33:12Z</time></trkpt>
<trkpt lat="37.089668" lon="-121.892523"><ele>389.4</ele><time>2022-10-01T17:33:15Z</time></trkpt>
<trkpt lat="37.089686" lon="-121.892284"><ele>391.9</ele><time>2022-10-01T17:33:29Z</time></trkpt>
<trkpt lat="37.089675" lon="-121.892145"><ele>393.1</ele><time>2022-10-01T17:33:37Z</time></trkpt>
<trkpt lat="37.089745" lon="-121.891947"><ele>395.1</ele><time>2022-10-01T17:33:49Z</time></trkpt>
<trkpt lat="37.089808" lon="-121.891948"><ele>395.8</ele><time>2022-10-01T17:33:50Z</time></trkpt>
<trkpt lat="37.089940" lon="-121.891720"><ele>398.2</ele><time>2022-10-01T17:34:03Z</time></trkpt>
<trkpt lat="37.090012" lon="-121.891660"><ele>399.1</ele><time>2022-10-01T17:34:08Z</time></trkpt>
<trkpt lat="37.090194" lon="-121.891584"><ele>401.0</ele><time>2022-10-01T17:34:19Z</time></trkpt>
<trkpt lat="37.090367" lon="-121.891560"><ele>402.7</ele><time>2022-10-01T17:34:31Z</time></trkpt>
<trkpt lat="37.090583" lon="-121.891401"><ele>405.2</ele><time>2022-10-01T17:34:48Z</time></trkpt>
<trkpt lat="37.090677" lon="-121.891145"><ele>407.5</ele><time>2022-10-01T17:35:04Z</time></trkpt>
<trkpt lat="37.090690" lon="-121.890596"><ele>411.7</ele><time>2022-10-01T17:35:29Z</time></trkpt>
<trkpt lat="37.090720" lon="-121.890553"><ele>412.1</ele><time>2022-10-01T17:35:31Z</time></trkpt>
<trkpt lat="37.090725" lon="-121.890451"><ele>412.8</ele><time>2022-10-01T17:35:36Z</time></trkpt>
<trkpt lat="37.090645" lon="-121.890421"><ele>413.5</ele><time>2022-10-01T17:35:42Z</time></trkpt>
<trkpt lat="37.090628" lon="-121.890337"><ele>414.0</ele><time>2022-10-01T17:35:48Z</time></trkpt>
<trkpt lat="37.090604" lon="-121.890341"><ele>414.2</ele><time>2022-10-01T17:35:49Z</time></trkpt>
<trkpt lat="37.090634" lon="-121.890058"><ele>415.0</ele><time>2022-10-01T17:35:56Z</time></trkpt>
<trkpt lat="37.090275" lon="-121.889522"><ele>414.0</ele><time>2022-10-01T17:36:21Z</time></trkpt>
<trkpt lat="37.090269" lon="-121.889449"><ele>413.8</ele><time>2022-10-01T17:36:22Z</time></trkpt>
<trkpt lat="37.090316" lon="-121.889415"><ele>413.6</ele><time>2022-10-01T17:36:23Z</time></trkpt>
<trkpt lat="37.090366" lon="-121.889306"><ele>413.2</ele><time>2022-10-01T17:36:27Z</time></trkpt>
<trkpt lat="37.090661" lon="-121.889073"><ele>412.6</ele><time>2022-10-01T17:36:30Z</time></trkpt>
<trkpt lat="37.090690" lon="-121.888920"><ele>412.7</ele><time>2022-10-01T17:36:36Z</time></trkpt>
<trkpt lat="37.090649" lon="-121.888591"><ele>413.5</ele><time>2022-10-01T17:36:43Z</time></trkpt>
<trkpt lat="37.090671" lon="-121.888458"><ele>413.7</ele><time>2022-10-01T17:36:46Z</time></trkpt>
<trkpt lat="37.090618" lon="-121.888319"><ele>413.9</ele><time>2022-10-01T17:36:52Z</time></trkpt>
<trkpt lat="37.090408" lon="-121.888268"><ele>413.9</ele><time>2022-10-01T17:36:59Z</time></trkpt>
<trkpt lat="37.090372" lon="-121.888171"><ele>413.8</ele><time>2022-10-01T17:37:02Z</time></trkpt>
<trkpt lat="37.090261" lon="-121.888182"><ele>413.6</ele><time>2022-10-01T17:37:06Z</time></trkpt>
<trkpt lat="37.090158" lon="-121.888095"><ele>413.4</ele><time>2022-10-01T17:37:11Z</time></trkpt>
<trkpt lat="37.090109" lon="-121.887962"><ele>413.2</ele><time>2022-10-01T17:37:13Z</time></trkpt>
<trkpt lat="37.090079" lon="-121.887563"><ele>412.4</ele><time>2022-10-01T17:37:21Z</time></trkpt>
<trkpt lat="37.089915" lon="-121.887375"><ele>411.4</ele><time>2022-10-01T17:37:28Z</time></trkpt>
<trkpt lat="37.089904" lon="-121.887252"><ele>410.9</ele><time>2022-10-01T17:37:31Z</time></trkpt>
<trkpt lat="37.089798" lon="-121.887177"><ele>410.1</ele><time>2022-10-01T17:37:36Z</time></trkpt>
<trkpt lat="37.089796" lon="-121.887085"><ele>409.7</ele><time>2022-10-01T17:37:43Z</time></trkpt>
<trkpt lat="37.089757" lon="-121.887064"><ele>409.5</ele><time>2022-10-01T17:37:44Z</time></trkpt>
<trkpt lat="37.089091" lon="-121.885560"><ele>406.1</ele><time>2022-10-01T17:37:46Z</time></trkpt>
<trkpt lat="37.089206" lon="-121.885545"><ele>406.1</ele><time>2022-10-01T17:37:47Z</time></trkpt>
<trkpt lat="37.089219" lon="-121.885491"><ele>406.1</ele><time>2022-10-01T17:37:49Z</time></trkpt>
<trkpt lat="37.089071" lon="-121.885401"><ele>406.2</ele><time>2022-10-01T17:37:50Z</time></trkpt>
<trkpt lat="37.089179" lon="-121.885206"><ele>406.5</ele><time>2022-10-01T17:37:51Z</time></trkpt>
<trkpt lat="37.089070" lon="-121.885162"><ele>406.7</ele><time>2022-10-01T17:37:52Z</time></trkpt>
<trkpt lat="37.089021" lon="-121.885069"><ele>406.9</ele><time>2022-10-01T17:37:55Z</time></trkpt>
<trkpt lat="37.089141" lon="-121.884779"><ele>408.4</ele><time>2022-10-01T17:38:00Z</time></trkpt>
<trkpt lat="37.089123" lon="-121.884670"><ele>409.0</ele><time>2022-10-01T17:38:05Z</time></trkpt>
<trkpt lat="37.089169" lon="-121.884466"><ele>410.3</ele><time>2022-10-01T17:38:08Z</time></trkpt>
<trkpt lat="37.089094" lon="-121.884467"><ele>410.8</ele><time>2022-10-01T17:38:09Z</time></trkpt>
<trkpt lat="37.089107" lon="-121.884529"><ele>411.2</ele><time>2022-10-01T17:38:10Z</time></trkpt>
<trkpt lat="37.088954" lon="-121.884123"><ele>412.7</ele><time>2022-10-01T17:38:26Z</time></trkpt>
<trkpt lat="37.088897" lon="-121.883915"><ele>413.4</ele><time>2022-10-01T17:38:37Z</time></trkpt>
<trkpt lat="37.088953" lon="-121.883747"><ele>414.2</ele><time>2022-10-01T17:38:42Z</time></trkpt>
<trkpt lat="37.088961" lon="-121.883787"><ele>414.4</ele><time>2022-10-01T17:38:43Z</time></trkpt>
<trkpt lat="37.088887" lon="-121.883664"><ele>415.2</ele><time>2022-10-01T17:38:47Z</time></trkpt>
<trkpt lat="37.088935" lon="-121.883547"><ele>416.0</ele><time>2022-10-01T17:38:52Z</time></trkpt>
<trkpt lat="37.089069" lon="-121.883417"><ele>417.4</ele><time>2022-10-01T17:39:00Z</time></trkpt>
<trkpt lat="37.089145" lon="-121.883353"><ele>418.2</ele><time>2022-10-01T17:39:06Z</time></trkpt>
<trkpt lat="37.089176" lon="-121.883353"><ele>418.4</ele><time>2022-10-01T17:39:07Z</time></trkpt>
<trkpt lat="37.089156" lon="-121.883416"><ele>418.9</ele><time>2022-10-01T17:39:12Z</time></trkpt>
<trkpt lat="37.089242" lon="-121.883373"><ele>419.7</ele><time>2022-10-01T17:39:14Z</time></trkpt>
<trkpt lat="37.089471" lon="-121.883095"><ele>422.6</ele><time>2022-10-01T17:39:23Z</time></trkpt>
<trkpt lat="37.089502" lon="-121.883071"><ele>422.9</ele><time>2022-10-01T17:39:25Z</time></trkpt>
<trkpt lat="37.089507" lon="-121.883102"><ele>423.0</ele><time>2022-10-01T17:39:26Z</time></trkpt>
<trkpt lat="37.089575" lon="-121.882990"><ele>423.8</ele><time>2022-10-01T17:39:34Z</time></trkpt>
<trkpt lat="37.089606" lon="-121.882800"><ele>425.0</ele><time>2022-10-01T17:39:43Z</time></trkpt>
<trkpt lat="37.089622" lon="-121.882784"><ele>425.2</ele><time>2022-10-01T17:39:44Z</time></trkpt>
<trkpt lat="37.089626" lon="-121.882825"><ele>425.3</ele><time>2022-10-01T17:39:45Z</time></trkpt>
<trkpt lat="37.089653" lon="-121.882758"><ele>425.7</ele><time>2022-10-01T17:39:46Z</time></trkpt>
<trkpt lat="37.089735" lon="-121.882717"><ele>426.1</ele><time>2022-10-01T17:39:49Z</time></trkpt>
<trkpt lat="37.089758" lon="-121.882760"><ele>426.3</ele><time>2022-10-01T17:39:51Z</time></trkpt>
<trkpt lat="37.089690" lon="-121.882607"><ele>426.9</ele><time>2022-10-01T17:40:24Z</time></trkpt>
<trkpt lat="37.089643" lon="-121.882571"><ele>427.1</ele><time>2022-10-01T17:40:26Z</time></trkpt>
<trkpt lat="37.089582" lon="-121.882243"><ele>428.3</ele><time>2022-10-01T17:40:36Z</time></trkpt>
<trkpt lat="37.089407" lon="-121.881949"><ele>429.8</ele><time>2022-10-01T17:40:47Z</time></trkpt>
<trkpt lat="37.089322" lon="-121.881911"><ele>430.5</ele><time>2022-10-01T17:40:56Z</time></trkpt>
<trkpt lat="37.089284" lon="-121.881848"><ele>431.0</ele><time>2022-10-01T17:40:59Z</time></trkpt>
<trkpt lat="37.089021" lon="-121.881106"><ele>438.0</ele><time>2022-10-01T17:41:39Z</time></trkpt>
<trkpt lat="37.088737" lon="-121.880535"><ele>440.3</ele><time>2022-10-01T17:42:10Z</time></trkpt>
<trkpt lat="37.088639" lon="-121.880411"><ele>440.6</ele><time>2022-10-01T17:42:14Z</time></trkpt>
<trkpt lat="37.088658" lon="-121.880367"><ele>440.7</ele><time>2022-10-01T17:42:15Z</time></trkpt>
<trkpt lat="37.088365" lon="-121.879901"><ele>443.5</ele><time>2022-10-01T17:42:44Z</time></trkpt>
<trkpt lat="37.088047" lon="-121.879049"><ele>446.0</ele><time>2022-10-01T17:43:13Z</time></trkpt>
<trkpt lat="37.087963" lon="-121.878220"><ele>447.3</ele><time>2022-10-01T17:43:28Z</time></trkpt>
<trkpt lat="37.088049" lon="-121.877270"><ele>452.9</ele><time>2022-10-01T17:43:56Z</time></trkpt>
<trkpt lat="37.088140" lon="-121.875574"><ele>457.9</ele><time>2022-10-01T17:44:48Z</time></trkpt>
<trkpt lat="37.088100" lon="-121.875170"><ele>459.4</ele><time>2022-10-01T17:45:03Z</time></trkpt>
<trkpt lat="37.087980" lon="-121.874752"><ele>459.8</ele><time>2022-10-01T17:45:19Z</time></trkpt>
<trkpt lat="37.087734" lon="-121.874164"><ele>462.7</ele><time>2022-10-01T17:45:41Z</time></trkpt>
<trkpt lat="37.087261" lon="-121.872745"><ele>469.9</ele><time>2022-10-01T17:46:10Z</time></trkpt>
<trkpt lat="37.087151" lon="-121.872523"><ele>470.5</ele><time>2022-10-01T17:46:14Z</time></trkpt>
<trkpt lat="37.086908" lon="-121.872227"><ele>471.9</ele><time>2022-10-01T17:46:28Z</time></trkpt>
<trkpt lat="37.086873" lon="-121.872141"><ele>472.2</ele><time>2022-10-01T17:46:34Z</time></trkpt>
<trkpt lat="37.086823" lon="-121.872115"><ele>472.5</ele><time>2022-10-01T17:47:04Z</time></trkpt>
<trkpt lat="37.086801" lon="-121.872150"><ele>472.6</ele><time>2022-10-01T17:47:06Z</time></trkpt>
<trkpt lat="37.086759" lon="-121.872146"><ele>472.8</ele><time>2022-10-01T17:47:07Z</time></trkpt>
<trkpt lat="37.086700" lon="-121.871953"><ele>473.4</ele><time>2022-10-01T17:47:14Z</time></trkpt>
<trkpt lat="37.086617" lon="-121.871895"><ele>473.8</ele><time>2022-10-01T17:47:17Z</time></trkpt>
<trkpt lat="37.086527" lon="-121.871233"><ele>476.7</ele><time>2022-10-01T17:47:41Z</time></trkpt>
<trkpt lat="37.086344" lon="-121.870926"><ele>479.2</ele><time>2022-10-01T17:47:59Z</time></trkpt>
<trkpt lat="37.086273" lon="-121.870693"><ele>481.0</ele><time>2022-10-01T17:48:10Z</time></trkpt>
<trkpt lat="37.086198" lon="-121.870628"><ele>481.7</ele><time>2022-10-01T17:48:15Z</time></trkpt>
<trkpt lat="37.085988" lon="-121.870285"><ele>484.0</ele><time>2022-10-01T17:48:33Z</time></trkpt>
<trkpt lat="37.085939" lon="-121.870161"><ele>484.7</ele><time>2022-10-01T17:48:38Z</time></trkpt>
<trkpt lat="37.085987" lon="-121.870050"><ele>485.4</ele><time>2022-10-01T17:48:40Z</time></trkpt>
<trkpt lat="37.085854" lon="-121.869865"><ele>487.1</ele><time>2022-10-01T17:48:48Z</time></trkpt>
<trkpt lat="37.085778" lon="-121.869647"><ele>488.7</ele><time>2022-10-01T17:48:58Z</time></trkpt>
<trkpt lat="37.085750" lon="-121.869411"><ele>490.4</ele><time>2022-10-01T17:49:08Z</time></trkpt>
<trkpt lat="37.085846" lon="-121.869302"><ele>491.6</ele><time>2022-10-01T17:49:12Z</time></trkpt>
<trkpt lat="37.085872" lon="-121.869107"><ele>493.1</ele><time>2022-10-01T17:49:19Z</time></trkpt>
<trkpt lat="37.085845" lon="-121.869034"><ele>493.7</ele><time>2022-10-01T17:49:22Z</time></trkpt>
<trkpt lat="37.085889" lon="-121.868856"><ele>495.0</ele><time>2022-10-01T17:49:29Z</time></trkpt>
<trkpt lat="37.085870" lon="-121.868801"><ele>495.4</ele><time>2022-10-01T17:49:31Z</time></trkpt>
<trkpt lat="37.085891" lon="-121.868699"><ele>496.0</ele><time>2022-10-01T17:49:36Z</time></trkpt>
<trkpt lat="37.085844" lon="-121.868574"><ele>496.5</ele><time>2022-10-01T17:49:44Z</time></trkpt>
<trkpt lat="37.085807" lon="-121.867827"><ele>500.5</ele><time>2022-10-01T17:50:14Z</time></trkpt>
<trkpt lat="37.085740" lon="-121.867441"><ele>503.8</ele><time>2022-10-01T17:50:30Z</time></trkpt>
<trkpt lat="37.085658" lon="-121.867372"><ele>504.8</ele><time>2022-10-01T17:50:36Z</time></trkpt>
<trkpt lat="37.085626" lon="-121.867262"><ele>505.8</ele><time>2022-10-01T17:50:41Z</time></trkpt>
<trkpt lat="37.085577" lon="-121.867231"><ele>506.3</ele><time>2022-10-01T17:50:44Z</time></trkpt>
<trkpt lat="37.085489" lon="-121.867053"><ele>507.4</ele><time>2022-10-01T17:50:52Z</time></trkpt>
<trkpt lat="37.085354" lon="-121.866589"><ele>508.3</ele><time>2022-10-01T17:51:11Z</time></trkpt>
<trkpt lat="37.085348" lon="-121.866541"><ele>508.4</ele><time>2022-10-01T17:51:13Z</time></trkpt>
<trkpt lat="37.085402" lon="-121.866421"><ele>508.7</ele><time>2022-10-01T17:51:16Z</time></trkpt>
<trkpt lat="37.085394" lon="-121.865770"><ele>511.6</ele><time>2022-10-01T17:51:35Z</time></trkpt>
<trkpt lat="37.085301" lon="-121.865605"><ele>512.6</ele><time>2022-10-01T17:51:41Z</time></trkpt>
<trkpt lat="37.085187" lon="-121.865516"><ele>513.4</ele><time>2022-10-01T17:51:45Z</time></trkpt>
<trkpt lat="37.085152" lon="-121.865426"><ele>513.9</ele><time>2022-10-01T17:51:48Z</time></trkpt>
<trkpt lat="37.085103" lon="-121.865406"><ele>514.2</ele><time>2022-10-01T17:51:51Z</time></trkpt>
<trkpt lat="37.085063" lon="-121.865314"><ele>514.8</ele><time>2022-10-01T17:51:54Z</time></trkpt>
<trkpt lat="37.084948" lon="-121.865203"><ele>515.8</ele><time>2022-10-01T17:51:59Z</time></trkpt>
<trkpt lat="37.084897" lon="-121.865064"><ele>516.8</ele><time>2022-10-01T17:52:03Z</time></trkpt>
<trkpt lat="37.084906" lon="-121.864802"><ele>518.1</ele><time>2022-10-01T17:52:10Z</time></trkpt>
<trkpt lat="37.084860" lon="-121.864648"><ele>519.0</ele><time>2022-10-01T17:52:17Z</time></trkpt>
<trkpt lat="37.084816" lon="-121.864277"><ele>521.4</ele><time>2022-10-01T17:52:30Z</time></trkpt>
<trkpt lat="37.084559" lon="-121.863970"><ele>523.7</ele><time>2022-10-01T17:52:46Z</time></trkpt>
<trkpt lat="37.084539" lon="-121.863495"><ele>525.4</ele><time>2022-10-01T17:52:59Z</time></trkpt>
<trkpt lat="37.084440" lon="-121.863212"><ele>526.2</ele><time>2022-10-01T17:53:07Z</time></trkpt>
<trkpt lat="37.084320" lon="-121.863004"><ele>526.2</ele><time>2022-10-01T17:53:15Z</time></trkpt>
<trkpt lat="37.084325" lon="-121.862885"><ele>526.0</ele><time>2022-10-01T17:53:17Z</time></trkpt>
<trkpt lat="37.084364" lon="-121.862792"><ele>525.6</ele><time>2022-10-01T17:53:19Z</time></trkpt>
<trkpt lat="37.084311" lon="-121.862542"><ele>524.6</ele><time>2022-10-01T17:53:26Z</time></trkpt>
<trkpt lat="37.084323" lon="-121.862414"><ele>524.1</ele><time>2022-10-01T17:53:29Z</time></trkpt>
<trkpt lat="37.084276" lon="-121.862282"><ele>523.5</ele><time>2022-10-01T17:53:33Z</time></trkpt>
<trkpt lat="37.084197" lon="-121.862234"><ele>523.2</ele><time>2022-10-01T17:53:35Z</time></trkpt>
<trkpt lat="37.084191" lon="-121.862034"><ele>522.7</ele><time>2022-10-01T17:53:39Z</time></trkpt>
<trkpt lat="37.084130" lon="-121.861919"><ele>522.4</ele><time>2022-10-01T17:53:43Z</time></trkpt>
<trkpt lat="37.084125" lon="-121.861835"><ele>522.3</ele><time>2022-10-01T17:53:45Z</time></trkpt>
<trkpt lat="37.084096" lon="-121.861827"><ele>522.3</ele><time>2022-10-01T17:53:46Z</time></trkpt>
<trkpt lat="37.084108" lon="-121.861772"><ele>522.2</ele><time>2022-10-01T17:53:47Z</time></trkpt>
<trkpt lat="37.084074" lon="-121.861756"><ele>522.2</ele><time>2022-10-01T17:53:48Z</time></trkpt>
<trkpt lat="37.084093" lon="-121.861707"><ele>522.2</ele><time>2022-10-01T17:53:49Z</time></trkpt>
<trkpt lat="37.084039" lon="-121.861658"><ele>522.2</ele><time>2022-10-01T17:53:51Z</time></trkpt>
<trkpt lat="37.084012" lon="-121.861544"><ele>522.4</ele><time>2022-10-01T17:53:54Z</time></trkpt>
<trkpt lat="37.083970" lon="-121.861517"><ele>522.4</ele><time>2022-10-01T17:53:56Z</time></trkpt>
<trkpt lat="37.084026" lon="-121.861286"><ele>522.8</ele><time>2022-10-01T17:54:02Z</time></trkpt>
<trkpt lat="37.083989" lon="-121.861250"><ele>522.9</ele><time>2022-10-01T17:54:03Z</time></trkpt>
<trkpt lat="37.084014" lon="-121.861177"><ele>522.9</ele><time>2022-10-01T17:54:05Z</time></trkpt>
<trkpt lat="37.083982" lon="-121.861037"><ele>522.9</ele><time>2022-10-01T17:54:08Z</time></trkpt>
<trkpt lat="37.084008" lon="-121.860975"><ele>522.8</ele><time>2022-10-01T17:54:10Z</time></trkpt>
<trkpt lat="37.083883" lon="-121.860749"><ele>522.3</ele><time>2022-10-01T17:54:16Z</time></trkpt>
<trkpt lat="37.083750" lon="-121.860586"><ele>521.7</ele><time>2022-10-01T17:54:22Z</time></trkpt>
<trkpt lat="37.083808" lon="-121.860379"><ele>521.2</ele><time>2022-10-01T17:54:27Z</time></trkpt>
<trkpt lat="37.083802" lon="-121.860218"><ele>520.9</ele><time>2022-10-01T17:54:31Z</time></trkpt>
<trkpt lat="37.083710" lon="-121.859906"><ele>520.5</ele><time>2022-10-01T17:54:38Z</time></trkpt>
<trkpt lat="37.083676" lon="-121.859887"><ele>520.4</ele><time>2022-10-01T17:54:40Z</time></trkpt>
<trkpt lat="37.083725" lon="-121.859667"><ele>520.3</ele><time>2022-10-01T17:54:44Z</time></trkpt>
<trkpt lat="37.083611" lon="-121.859544"><ele>520.3</ele><time>2022-10-01T17:54:49Z</time></trkpt>
<trkpt lat="37.083557" lon="-121.859410"><ele>520.2</ele><time>2022-10-01T17:54:53Z</time></trkpt>
<trkpt lat="37.083534" lon="-121.859431"><ele>520.2</ele><time>2022-10-01T17:54:54Z</time></trkpt>
<trkpt lat="37.083565" lon="-121.859301"><ele>520.1</ele><time>2022-10-01T17:54:57Z</time></trkpt>
<trkpt lat="37.083557" lon="-121.859216"><ele>520.0</ele><time>2022-10-01T17:55:00Z</time></trkpt>
<trkpt lat="37.083526" lon="-121.859192"><ele>520.0</ele><time>2022-10-01T17:55:02Z</time></trkpt>
<trkpt lat="37.083533" lon="-121.859064"><ele>519.9</ele><time>2022-10-01T17:55:05Z</time></trkpt>
<trkpt lat="37.083477" lon="-121.858975"><ele>519.8</ele><time>2022-10-01T17:55:07Z</time></trkpt>
<trkpt lat="37.083443" lon="-121.858977"><ele>519.8</ele><time>2022-10-01T17:55:09Z</time></trkpt>
<trkpt lat="37.083148" lon="-121.856176"><ele>513.9</ele><time>2022-10-01T17:55:10Z</time></trkpt>
<trkpt lat="37.083335" lon="-121.858498"><ele>518.9</ele><time>2022-10-01T17:55:13Z</time></trkpt>
<trkpt lat="37.083263" lon="-121.858344"><ele>519.1</ele><time>2022-10-01T17:55:16Z</time></trkpt>
<trkpt lat="37.083245" lon="-121.858137"><ele>518.8</ele><time>2022-10-01T17:55:20Z</time></trkpt>
<trkpt lat="37.083191" lon="-121.858079"><ele>518.7</ele><time>2022-10-01T17:55:22Z</time></trkpt>
<trkpt lat="37.082855" lon="-121.854549"><ele>510.8</ele><time>2022-10-01T17:55:23Z</time></trkpt>
<trkpt lat="37.082630" lon="-121.853974"><ele>511.0</ele><time>2022-10-01T17:55:33Z</time></trkpt>
<trkpt lat="37.082510" lon="-121.853750"><ele>511.0</ele><time>2022-10-01T17:55:37Z</time></trkpt>
<trkpt lat="37.082480" lon="-121.853622"><ele>511.1</ele><time>2022-10-01T17:55:39Z</time></trkpt>
<trkpt lat="37.082494" lon="-121.853440"><ele>511.2</ele><time>2022-10-01T17:55:40Z</time></trkpt>
<trkpt lat="37.082374" lon="-121.853343"><ele>511.2</ele><time>2022-10-01T17:55:42Z</time></trkpt>
<trkpt lat="37.082377" lon="-121.853262"><ele>511.1</ele><time>2022-10-01T17:55:43Z</time></trkpt>
<trkpt lat="37.082297" lon="-121.853157"><ele>510.8</ele><time>2022-10-01T17:55:46Z</time></trkpt>
<trkpt lat="37.082350" lon="-121.852882"><ele>510.3</ele><time>2022-10-01T17:55:49Z</time></trkpt>
<trkpt lat="37.082262" lon="-121.852893"><ele>510.2</ele><time>2022-10-01T17:55:51Z</time></trkpt>
<trkpt lat="37.082275" lon="-121.852862"><ele>510.2</ele><time>2022-10-01T17:55:52Z</time></trkpt>
<trkpt lat="37.082230" lon="-121.852813"><ele>510.1</ele><time>2022-10-01T17:55:54Z</time></trkpt>
<trkpt lat="37.082214" lon="-121.852663"><ele>510.3</ele><time>2022-10-01T17:55:57Z</time></trkpt>
<trkpt lat="37.082018" lon="-121.852249"><ele>510.0</ele><time>2022-10-01T17:56:05Z</time></trkpt>
<trkpt lat="37.081962" lon="-121.852025"><ele>509.6</ele><time>2022-10-01T17:56:08Z</time></trkpt>
<trkpt lat="37.081670" lon="-121.851503"><ele>509.2</ele><time>2022-10-01T17:56:23Z</time></trkpt>
<trkpt lat="37.081604" lon="-121.851292"><ele>508.8</ele><time>2022-10-01T17:56:29Z</time></trkpt>
<trkpt lat="37.081693" lon="-121.851142"><ele>508.4</ele><time>2022-10-01T17:56:31Z</time></trkpt>
<trkpt lat="37.081909" lon="-121.850959"><ele>504.8</ele><time>2022-10-01T17:56:33Z</time></trkpt>
<trkpt lat="37.081916" lon="-121.850908"><ele>502.3</ele><time>2022-10-01T17:56:34Z</time></trkpt>
<trkpt lat="37.081941" lon="-121.850898"><ele>502.3</ele><time>2022-10-01T17:56:35Z</time></trkpt>
<trkpt lat="37.082066" lon="-121.851028"><ele>502.0</ele><time>2022-10-01T17:56:40Z</time></trkpt>
<trkpt lat="37.082089" lon="-121.851005"><ele>501.9</ele><time>2022-10-01T17:56:41Z</time></trkpt>
<trkpt lat="37.082198" lon="-121.851061"><ele>501.7</ele><time>2022-10-01T17:56:45Z</time></trkpt>
<trkpt lat="37.082216" lon="-121.851035"><ele>501.6</ele><time>2022-10-01T17:56:46Z</time></trkpt>
<trkpt lat="37.082356" lon="-121.851136"><ele>501.3</ele><time>2022-10-01T17:56:51Z</time></trkpt>
<trkpt lat="37.082516" lon="-121.851281"><ele>500.9</ele><time>2022-10-01T17:56:56Z</time></trkpt>
<trkpt lat="37.082663" lon="-121.851557"><ele>500.3</ele><time>2022-10-01T17:57:05Z</time></trkpt>
<trkpt lat="37.082635" lon="-121.851504"><ele>500.1</ele><time>2022-10-01T17:57:09Z</time></trkpt>
</trkseg></trk>
</gpx>
