<?xml version="1.0" encoding="UTF-8"?>
<gpx version="1.1" creator="Eric Sichak trip reports" xmlns="http://www.topografix.com/GPX/1/1">
<metadata><name>Spontaneous ride</name><time>2022-06-05T18:28:58Z</time></metadata>
<trk><name>Spontaneous ride</name><type>mtb</type><trkseg>
<trkpt lat="37.080449" lon="-121.848677"><ele>503.5</ele><time>2022-06-05T18:28:58Z</time></trkpt>
<trkpt lat="37.080472" lon="-121.848641"><ele>503.5</ele><time>2022-06-05T18:29:01Z</time></trkpt>
<trkpt lat="37.080494" lon="-121.848664"><ele>503.5</ele><time>2022-06-05T18:29:03Z</time></trkpt>
<trkpt lat="37.080549" lon="-121.848852"><ele>503.5</ele><time>2022-06-05T18:29:18Z</time></trkpt>
<trkpt lat="37.080629" lon="-121.848852"><ele>503.6</ele><time>2022-06-05T18:29:19Z</time></trkpt>
<trkpt lat="37.080729" lon="-121.848937"><ele>503.7</ele><time>2022-06-05T18:29:22Z</time></trkpt>
<trkpt lat="37.080752" lon="-121.849006"><ele>503.7</ele><time>2022-06-05T18:29:24Z</time></trkpt>
<trkpt lat="37.080988" lon="-121.849177"><ele>504.0</ele><time>2022-06-05T18:29:32Z</time></trkpt>
<trkpt lat="37.081114" lon="-121.849194"><ele>504.0</ele><time>2022-06-05T18:29:35Z</time></trkpt>
<trkpt lat="37.081072" lon="-121.849208"><ele>504.0</ele><time>2022-06-05T18:29:36Z</time></trkpt>
<trkpt lat="37.081125" lon="-121.849355"><ele>503.9</ele><time>2022-06-05T18:29:39Z</time></trkpt>
<trkpt lat="37.081168" lon="-121.849375"><ele>503.8</ele><time>2022-06-05T18:29:41Z</time></trkpt>
<trkpt lat="37.081201" lon="-121.849508"><ele>503.7</ele><time>2022-06-05T18:29:44Z</time></trkpt>
<trkpt lat="37.081282" lon="-121.849480"><ele>503.5</ele><time>2022-06-05T18:29:46Z</time></trkpt>
<trkpt lat="37.081371" lon="-121.849590"><ele>503.3</ele><time>2022-06-05T18:29:48Z</time></trkpt>
<trkpt lat="37.081357" lon="-121.849630"><ele>503.2</ele><time>2022-06-05T18:29:49Z</time></trkpt>
<trkpt lat="37.081615" lon="-121.849889"><ele>502.6</ele><time>2022-06-05T18:29:55Z</time></trkpt>
<trkpt lat="37.081711" lon="-121.850156"><ele>502.5</ele><time>2022-06-05T18:29:59Z</time></trkpt>
<trkpt lat="37.081560" lon="-121.850618"><ele>502.6</ele><time>2022-06-05T18:30:08Z</time></trkpt>
<trkpt lat="37.081646" lon="-121.850774"><ele>502.6</ele><time>2022-06-05T18:30:11Z</time></trkpt>
<trkpt lat="37.081625" lon="-121.850798"><ele>507.2</ele><time>2022-06-05T18:30:12Z</time></trkpt>
<trkpt lat="37.081655" lon="-121.850985"><ele>508.0</ele><time>2022-06-05T18:30:20Z</time></trkpt>
<trkpt lat="37.081630" lon="-121.851022"><ele>508.1</ele><time>2022-06-05T18:30:23Z</time></trkpt>
<trkpt lat="37.081676" lon="-121.851075"><ele>508.2</ele><time>2022-06-05T18:30:25Z</time></trkpt>
<trkpt lat="37.081695" lon="-121.851187"><ele>508.5</ele><time>2022-06-05T18:30:29Z</time></trkpt>
<trkpt lat="37.081775" lon="-121.851262"><ele>508.8</ele><time>2022-06-05T18:30:34Z</time></trkpt>
<trkpt lat="37.081798" lon="-121.851334"><ele>509.0</ele><time>2022-06-05T18:30:38Z</time></trkpt>
<trkpt lat="37.081822" lon="-121.851326"><ele>509.0</ele><time>2022-06-05T18:30:40Z</time></trkpt>
<trkpt lat="37.081793" lon="-121.851324"><ele>509.1</ele><time>2022-06-05T18:30:42Z</time></trkpt>
<trkpt lat="37.081832" lon="-121.851369"><ele>509.1</ele><time>2022-06-05T18:30:46Z</time></trkpt>
<trkpt lat="37.081834" lon="-121.851542"><ele>509.2</ele><time>2022-06-05T18:31:01Z</time></trkpt>
<trkpt lat="37.081922" lon="-121.851666"><ele>509.3</ele><time>2022-06-05T18:31:04Z</time></trkpt>
<trkpt lat="37.082070" lon="-121.852049"><ele>509.7</ele><time>2022-06-05T18:31:09Z</time></trkpt>
<trkpt lat="37.082228" lon="-121.852292"><ele>510.2</ele><time>2022-06-05T18:31:14Z</time></trkpt>
<trkpt lat="37.082334" lon="-121.852544"><ele>510.3</ele><time>2022-06-05T18:31:20Z</time></trkpt>
<trkpt lat="37.082352" lon="-121.852608"><ele>510.3</ele><time>2022-06-05T18:31:21Z</time></trkpt>
<trkpt lat="37.082330" lon="-121.852690"><ele>510.2</ele><time>2022-06-05T18:31:22Z</time></trkpt>
<trkpt lat="37.082389" lon="-121.852975"><ele>510.2</ele><time>2022-06-05T18:31:27Z</time></trkpt>
<trkpt lat="37.082476" lon="-121.853077"><ele>510.4</ele><time>2022-06-05T18:31:29Z</time></trkpt>
<trkpt lat="37.082578" lon="-121.853349"><ele>511.0</ele><time>2022-06-05T18:31:34Z</time></trkpt>
<trkpt lat="37.082647" lon="-121.853479"><ele>511.2</ele><time>2022-06-05T18:31:39Z</time></trkpt>
<trkpt lat="37.082688" lon="-121.853489"><ele>511.2</ele><time>2022-06-05T18:31:40Z</time></trkpt>
<trkpt lat="37.082760" lon="-121.853674"><ele>511.1</ele><time>2022-06-05T18:31:44Z</time></trkpt>
<trkpt lat="37.082836" lon="-121.853694"><ele>511.1</ele><time>2022-06-05T18:31:45Z</time></trkpt>
<trkpt lat="37.082886" lon="-121.853835"><ele>511.0</ele><time>2022-06-05T18:31:48Z</time></trkpt>
<trkpt lat="37.083082" lon="-121.853992"><ele>511.0</ele><time>2022-06-05T18:31:53Z</time></trkpt>
<trkpt lat="37.083153" lon="-121.854140"><ele>510.9</ele><time>2022-06-05T18:31:57Z</time></trkpt>
<trkpt lat="37.083183" lon="-121.854367"><ele>510.9</ele><time>2022-06-05T18:31:59Z</time></trkpt>
<trkpt lat="37.083251" lon="-121.854520"><ele>510.8</ele><time>2022-06-05T18:32:02Z</time></trkpt>
<trkpt lat="37.083208" lon="-121.854556"><ele>510.8</ele><time>2022-06-05T18:32:03Z</time></trkpt>
<trkpt lat="37.083473" lon="-121.855503"><ele>511.7</ele><time>2022-06-05T18:32:23Z</time></trkpt>
<trkpt lat="37.083525" lon="-121.855806"><ele>512.7</ele><time>2022-06-05T18:32:30Z</time></trkpt>
<trkpt lat="37.083505" lon="-121.855845"><ele>512.9</ele><time>2022-06-05T18:32:31Z</time></trkpt>
<trkpt lat="37.083522" lon="-121.856641"><ele>516.1</ele><time>2022-06-05T18:32:57Z</time></trkpt>
<trkpt lat="37.083644" lon="-121.857326"><ele>517.6</ele><time>2022-06-05T18:33:14Z</time></trkpt>
<trkpt lat="37.083661" lon="-121.857687"><ele>518.3</ele><time>2022-06-05T18:33:28Z</time></trkpt>
<trkpt lat="37.083731" lon="-121.857953"><ele>518.6</ele><time>2022-06-05T18:33:35Z</time></trkpt>
<trkpt lat="37.083705" lon="-121.857979"><ele>518.6</ele><time>2022-06-05T18:33:36Z</time></trkpt>
<trkpt lat="37.083698" lon="-121.858175"><ele>518.7</ele><time>2022-06-05T18:33:40Z</time></trkpt>
<trkpt lat="37.083724" lon="-121.858204"><ele>518.7</ele><time>2022-06-05T18:33:41Z</time></trkpt>
<trkpt lat="37.083708" lon="-121.858682"><ele>519.3</ele><time>2022-06-05T18:33:53Z</time></trkpt>
<trkpt lat="37.083739" lon="-121.858942"><ele>519.7</ele><time>2022-06-05T18:33:59Z</time></trkpt>
<trkpt lat="37.083876" lon="-121.859168"><ele>520.0</ele><time>2022-06-05T18:34:07Z</time></trkpt>
<trkpt lat="37.083995" lon="-121.859510"><ele>520.2</ele><time>2022-06-05T18:34:17Z</time></trkpt>
<trkpt lat="37.083966" lon="-121.859595"><ele>520.3</ele><time>2022-06-05T18:34:18Z</time></trkpt>
<trkpt lat="37.083980" lon="-121.859712"><ele>520.3</ele><time>2022-06-05T18:34:20Z</time></trkpt>
<trkpt lat="37.083891" lon="-121.859987"><ele>520.5</ele><time>2022-06-05T18:34:27Z</time></trkpt>
<trkpt lat="37.083865" lon="-121.860333"><ele>521.1</ele><time>2022-06-05T18:34:34Z</time></trkpt>
<trkpt lat="37.083830" lon="-121.860457"><ele>521.4</ele><time>2022-06-05T18:34:37Z</time></trkpt>
<trkpt lat="37.083853" lon="-121.860677"><ele>522.0</ele><time>2022-06-05T18:34:45Z</time></trkpt>
<trkpt lat="37.083912" lon="-121.860830"><ele>522.4</ele><time>2022-06-05T18:34:47Z</time></trkpt>
<trkpt lat="37.084032" lon="-121.860937"><ele>522.8</ele><time>2022-06-05T18:34:49Z</time></trkpt>
<trkpt lat="37.084091" lon="-121.861147"><ele>523.0</ele><time>2022-06-05T18:34:53Z</time></trkpt>
<trkpt lat="37.084126" lon="-121.861450"><ele>522.6</ele><time>2022-06-05T18:34:58Z</time></trkpt>
<trkpt lat="37.084366" lon="-121.861741"><ele>522.2</ele><time>2022-06-05T18:35:07Z</time></trkpt>
<trkpt lat="37.084448" lon="-121.861911"><ele>522.4</ele><time>2022-06-05T18:35:12Z</time></trkpt>
<trkpt lat="37.084395" lon="-121.862043"><ele>522.6</ele><time>2022-06-05T18:35:14Z</time></trkpt>
<trkpt lat="37.084411" lon="-121.861939"><ele>523.0</ele><time>2022-06-05T18:35:24Z</time></trkpt>
<trkpt lat="37.084352" lon="-121.862344"><ele>524.4</ele><time>2022-06-05T18:35:31Z</time></trkpt>
<trkpt lat="37.084369" lon="-121.862705"><ele>525.8</ele><time>2022-06-05T18:35:36Z</time></trkpt>
<trkpt lat="37.084380" lon="-121.862876"><ele>526.2</ele><time>2022-06-05T18:35:37Z</time></trkpt>
<trkpt lat="37.084513" lon="-121.863435"><ele>525.4</ele><time>2022-06-05T18:35:40Z</time></trkpt>
<trkpt lat="37.084533" lon="-121.863659"><ele>524.7</ele><time>2022-06-05T18:35:43Z</time></trkpt>
<trkpt lat="37.084614" lon="-121.863751"><ele>524.3</ele><time>2022-06-05T18:35:44Z</time></trkpt>
<trkpt lat="37.084735" lon="-121.864051"><ele>523.0</ele><time>2022-06-05T18:35:47Z</time></trkpt>
<trkpt lat="37.084841" lon="-121.864008"><ele>522.3</ele><time>2022-06-05T18:35:48Z</time></trkpt>
<trkpt lat="37.084924" lon="-121.864073"><ele>521.6</ele><time>2022-06-05T18:35:50Z</time></trkpt>
<trkpt lat="37.084983" lon="-121.864185"><ele>520.7</ele><time>2022-06-05T18:35:52Z</time></trkpt>
<trkpt lat="37.085105" lon="-121.864502"><ele>518.7</ele><time>2022-06-05T18:35:54Z</time></trkpt>
<trkpt lat="37.085087" lon="-121.864929"><ele>516.5</ele><time>2022-06-05T18:35:58Z</time></trkpt>
<trkpt lat="37.085239" lon="-121.865079"><ele>515.1</ele><time>2022-06-05T18:36:00Z</time></trkpt>
<trkpt lat="37.085365" lon="-121.865352"><ele>513.6</ele><time>2022-06-05T18:36:04Z</time></trkpt>
<trkpt lat="37.085513" lon="-121.865528"><ele>512.4</ele><time>2022-06-05T18:36:07Z</time></trkpt>
<trkpt lat="37.085550" lon="-121.865694"><ele>511.6</ele><time>2022-06-05T18:36:08Z</time></trkpt>
<trkpt lat="37.085520" lon="-121.865748"><ele>511.3</ele><time>2022-06-05T18:36:09Z</time></trkpt>
<trkpt lat="37.085598" lon="-121.865920"><ele>510.3</ele><time>2022-06-05T18:36:12Z</time></trkpt>
<trkpt lat="37.085575" lon="-121.866013"><ele>509.8</ele><time>2022-06-05T18:36:13Z</time></trkpt>
<trkpt lat="37.085716" lon="-121.866444"><ele>508.4</ele><time>2022-06-05T18:36:17Z</time></trkpt>
<trkpt lat="37.085754" lon="-121.866657"><ele>508.0</ele><time>2022-06-05T18:36:19Z</time></trkpt>
<trkpt lat="37.085676" lon="-121.866643"><ele>507.9</ele><time>2022-06-05T18:36:20Z</time></trkpt>
<trkpt lat="37.085756" lon="-121.866889"><ele>507.3</ele><time>2022-06-05T18:36:22Z</time></trkpt>
<trkpt lat="37.085927" lon="-121.867133"><ele>505.3</ele><time>2022-06-05T18:36:24Z</time></trkpt>
<trkpt lat="37.085943" lon="-121.867267"><ele>504.2</ele><time>2022-06-05T18:36:26Z</time></trkpt>
<trkpt lat="37.086083" lon="-121.867539"><ele>501.5</ele><time>2022-06-05T18:36:29Z</time></trkpt>
<trkpt lat="37.086050" lon="-121.867610"><ele>500.9</ele><time>2022-06-05T18:36:30Z</time></trkpt>
<trkpt lat="37.086100" lon="-121.867730"><ele>499.9</ele><time>2022-06-05T18:36:31Z</time></trkpt>
<trkpt lat="37.086173" lon="-121.868379"><ele>496.6</ele><time>2022-06-05T18:36:36Z</time></trkpt>
<trkpt lat="37.086136" lon="-121.868717"><ele>495.2</ele><time>2022-06-05T18:36:39Z</time></trkpt>
<trkpt lat="37.086143" lon="-121.869180"><ele>491.8</ele><time>2022-06-05T18:36:43Z</time></trkpt>
<trkpt lat="37.086049" lon="-121.869599"><ele>488.9</ele><time>2022-06-05T18:36:46Z</time></trkpt>
<trkpt lat="37.086052" lon="-121.869691"><ele>488.2</ele><time>2022-06-05T18:36:47Z</time></trkpt>
<trkpt lat="37.085961" lon="-121.869819"><ele>487.1</ele><time>2022-06-05T18:36:48Z</time></trkpt>
<trkpt lat="37.086020" lon="-121.870392"><ele>483.7</ele><time>2022-06-05T18:36:53Z</time></trkpt>
<trkpt lat="37.086050" lon="-121.870487"><ele>483.3</ele><time>2022-06-05T18:36:54Z</time></trkpt>
<trkpt lat="37.086201" lon="-121.870570"><ele>482.3</ele><time>2022-06-05T18:36:55Z</time></trkpt>
<trkpt lat="37.086220" lon="-121.870668"><ele>481.7</ele><time>2022-06-05T18:36:56Z</time></trkpt>
<trkpt lat="37.086349" lon="-121.870759"><ele>480.6</ele><time>2022-06-05T18:36:57Z</time></trkpt>
<trkpt lat="37.086446" lon="-121.870760"><ele>479.8</ele><time>2022-06-05T18:36:58Z</time></trkpt>
<trkpt lat="37.086582" lon="-121.870853"><ele>478.6</ele><time>2022-06-05T18:37:00Z</time></trkpt>
<trkpt lat="37.086757" lon="-121.871117"><ele>477.0</ele><time>2022-06-05T18:37:03Z</time></trkpt>
<trkpt lat="37.086748" lon="-121.871272"><ele>476.5</ele><time>2022-06-05T18:37:04Z</time></trkpt>
<trkpt lat="37.086883" lon="-121.871585"><ele>475.3</ele><time>2022-06-05T18:37:07Z</time></trkpt>
<trkpt lat="37.086937" lon="-121.871885"><ele>474.3</ele><time>2022-06-05T18:37:10Z</time></trkpt>
<trkpt lat="37.086942" lon="-121.872089"><ele>473.7</ele><time>2022-06-05T18:37:12Z</time></trkpt>
<trkpt lat="37.086984" lon="-121.872173"><ele>473.4</ele><time>2022-06-05T18:37:13Z</time></trkpt>
<trkpt lat="37.087131" lon="-121.872157"><ele>473.0</ele><time>2022-06-05T18:37:15Z</time></trkpt>
<trkpt lat="37.087284" lon="-121.872361"><ele>472.3</ele><time>2022-06-05T18:37:17Z</time></trkpt>
<trkpt lat="37.087247" lon="-121.872439"><ele>472.0</ele><time>2022-06-05T18:37:18Z</time></trkpt>
<trkpt lat="37.087450" lon="-121.872755"><ele>470.9</ele><time>2022-06-05T18:37:21Z</time></trkpt>
<trkpt lat="37.087433" lon="-121.872822"><ele>470.8</ele><time>2022-06-05T18:37:22Z</time></trkpt>
<trkpt lat="37.087507" lon="-121.873066"><ele>470.3</ele><time>2022-06-05T18:37:25Z</time></trkpt>
<trkpt lat="37.087652" lon="-121.873186"><ele>469.9</ele><time>2022-06-05T18:37:26Z</time></trkpt>
<trkpt lat="37.087702" lon="-121.873333"><ele>469.6</ele><time>2022-06-05T18:37:28Z</time></trkpt>
<trkpt lat="37.087694" lon="-121.873535"><ele>469.2</ele><time>2022-06-05T18:37:30Z</time></trkpt>
<trkpt lat="37.087560" lon="-121.873642"><ele>468.4</ele><time>2022-06-05T18:37:31Z</time></trkpt>
<trkpt lat="37.087648" lon="-121.873752"><ele>467.7</ele><time>2022-06-05T18:37:32Z</time></trkpt>
<trkpt lat="37.087669" lon="-121.874138"><ele>465.7</ele><time>2022-06-05T18:37:35Z</time></trkpt>
<trkpt lat="37.087871" lon="-121.874286"><ele>464.3</ele><time>2022-06-05T18:37:36Z</time></trkpt>
<trkpt lat="37.087933" lon="-121.874428"><ele>463.8</ele><time>2022-06-05T18:37:39Z</time></trkpt>
<trkpt lat="37.087987" lon="-121.874671"><ele>463.0</ele><time>2022-06-05T18:37:42Z</time></trkpt>
<trkpt lat="37.088086" lon="-121.874894"><ele>462.3</ele><time>2022-06-05T18:37:45Z</time></trkpt>
<trkpt lat="37.088134" lon="-121.875201"><ele>461.0</ele><time>2022-06-05T18:37:48Z</time></trkpt>
<trkpt lat="37.088201" lon="-121.875271"><ele>460.6</ele><time>2022-06-05T18:37:49Z</time></trkpt>
<trkpt lat="37.088200" lon="-121.875362"><ele>460.3</ele><time>2022-06-05T18:37:50Z</time></trkpt>
<trkpt lat="37.088169" lon="-121.875408"><ele>460.1</ele><time>2022-06-05T18:37:51Z</time></trkpt>
<trkpt lat="37.088235" lon="-121.875535"><ele>459.8</ele><time>2022-06-05T18:37:52Z</time></trkpt>
<trkpt lat="37.088346" lon="-121.875618"><ele>459.7</ele><time>2022-06-05T18:37:53Z</time></trkpt>
<trkpt lat="37.088464" lon="-121.875891"><ele>459.5</ele><time>2022-06-05T18:37:58Z</time></trkpt>
<trkpt lat="37.088552" lon="-121.875879"><ele>459.4</ele><time>2022-06-05T18:38:00Z</time></trkpt>
<trkpt lat="37.088523" lon="-121.875731"><ele>459.1</ele><time>2022-06-05T18:38:01Z</time></trkpt>
<trkpt lat="37.088186" lon="-121.875600"><ele>457.9</ele><time>2022-06-05T18:38:04Z</time></trkpt>
<trkpt lat="37.088132" lon="-121.875629"><ele>457.7</ele><time>2022-06-05T18:38:05Z</time></trkpt>
<trkpt lat="37.088123" lon="-121.875680"><ele>457.5</ele><time>2022-06-05T18:38:06Z</time></trkpt>
<trkpt lat="37.088268" lon="-121.875676"><ele>457.2</ele><time>2022-06-05T18:38:17Z</time></trkpt>
<trkpt lat="37.088299" lon="-121.875745"><ele>457.1</ele><time>2022-06-05T18:38:18Z</time></trkpt>
<trkpt lat="37.088221" lon="-121.875885"><ele>456.8</ele><time>2022-06-05T18:38:22Z</time></trkpt>
<trkpt lat="37.088242" lon="-121.875933"><ele>456.7</ele><time>2022-06-05T18:38:24Z</time></trkpt>
<trkpt lat="37.088062" lon="-121.876358"><ele>454.8</ele><time>2022-06-05T18:38:28Z</time></trkpt>
<trkpt lat="37.088201" lon="-121.876561"><ele>453.8</ele><time>2022-06-05T18:38:30Z</time></trkpt>
<trkpt lat="37.088123" lon="-121.876688"><ele>453.5</ele><time>2022-06-05T18:38:31Z</time></trkpt>
<trkpt lat="37.088040" lon="-121.877048"><ele>453.3</ele><time>2022-06-05T18:38:34Z</time></trkpt>
<trkpt lat="37.088085" lon="-121.877330"><ele>452.8</ele><time>2022-06-05T18:38:37Z</time></trkpt>
<trkpt lat="37.088181" lon="-121.877418"><ele>452.2</ele><time>2022-06-05T18:38:38Z</time></trkpt>
<trkpt lat="37.088185" lon="-121.877557"><ele>451.6</ele><time>2022-06-05T18:38:40Z</time></trkpt>
<trkpt lat="37.088302" lon="-121.877782"><ele>450.0</ele><time>2022-06-05T18:38:42Z</time></trkpt>
<trkpt lat="37.088246" lon="-121.877859"><ele>449.3</ele><time>2022-06-05T18:38:43Z</time></trkpt>
<trkpt lat="37.088245" lon="-121.877979"><ele>448.6</ele><time>2022-06-05T18:38:44Z</time></trkpt>
<trkpt lat="37.088134" lon="-121.878161"><ele>447.7</ele><time>2022-06-05T18:38:46Z</time></trkpt>
<trkpt lat="37.088155" lon="-121.878409"><ele>447.2</ele><time>2022-06-05T18:38:48Z</time></trkpt>
<trkpt lat="37.088112" lon="-121.878745"><ele>446.6</ele><time>2022-06-05T18:38:51Z</time></trkpt>
<trkpt lat="37.088163" lon="-121.878802"><ele>446.5</ele><time>2022-06-05T18:38:52Z</time></trkpt>
<trkpt lat="37.088089" lon="-121.878855"><ele>446.3</ele><time>2022-06-05T18:38:53Z</time></trkpt>
<trkpt lat="37.088072" lon="-121.878939"><ele>446.2</ele><time>2022-06-05T18:38:54Z</time></trkpt>
<trkpt lat="37.088103" lon="-121.879362"><ele>446.0</ele><time>2022-06-05T18:38:59Z</time></trkpt>
<trkpt lat="37.088123" lon="-121.879457"><ele>446.0</ele><time>2022-06-05T18:39:00Z</time></trkpt>
<trkpt lat="37.088370" lon="-121.879372"><ele>445.7</ele><time>2022-06-05T18:39:01Z</time></trkpt>
<trkpt lat="37.088439" lon="-121.879287"><ele>445.4</ele><time>2022-06-05T18:39:02Z</time></trkpt>
<trkpt lat="37.088552" lon="-121.879285"><ele>444.9</ele><time>2022-06-05T18:39:03Z</time></trkpt>
<trkpt lat="37.088468" lon="-121.879235"><ele>444.6</ele><time>2022-06-05T18:39:04Z</time></trkpt>
<trkpt lat="37.088533" lon="-121.879311"><ele>444.2</ele><time>2022-06-05T18:39:05Z</time></trkpt>
<trkpt lat="37.088508" lon="-121.879377"><ele>444.0</ele><time>2022-06-05T18:39:06Z</time></trkpt>
<trkpt lat="37.088531" lon="-121.879591"><ele>443.4</ele><time>2022-06-05T18:39:08Z</time></trkpt>
<trkpt lat="37.088489" lon="-121.879670"><ele>443.1</ele><time>2022-06-05T18:39:09Z</time></trkpt>
<trkpt lat="37.088538" lon="-121.879905"><ele>442.1</ele><time>2022-06-05T18:39:11Z</time></trkpt>
<trkpt lat="37.088585" lon="-121.879896"><ele>441.9</ele><time>2022-06-05T18:39:12Z</time></trkpt>
<trkpt lat="37.088705" lon="-121.879975"><ele>441.2</ele><time>2022-06-05T18:39:13Z</time></trkpt>
<trkpt lat="37.088668" lon="-121.880062"><ele>440.9</ele><time>2022-06-05T18:39:14Z</time></trkpt>
<trkpt lat="37.088690" lon="-121.880128"><ele>440.7</ele><time>2022-06-05T18:39:15Z</time></trkpt>
<trkpt lat="37.088832" lon="-121.880430"><ele>440.1</ele><time>2022-06-05T18:39:18Z</time></trkpt>
<trkpt lat="37.088890" lon="-121.880418"><ele>440.0</ele><time>2022-06-05T18:39:19Z</time></trkpt>
<trkpt lat="37.088922" lon="-121.880605"><ele>439.6</ele><time>2022-06-05T18:39:21Z</time></trkpt>
<trkpt lat="37.089078" lon="-121.880898"><ele>438.7</ele><time>2022-06-05T18:39:25Z</time></trkpt>
<trkpt lat="37.089228" lon="-121.881477"><ele>434.6</ele><time>2022-06-05T18:39:31Z</time></trkpt>
<trkpt lat="37.089348" lon="-121.881775"><ele>432.1</ele><time>2022-06-05T18:39:33Z</time></trkpt>
<trkpt lat="37.089610" lon="-121.882163"><ele>429.5</ele><time>2022-06-05T18:39:37Z</time></trkpt>
<trkpt lat="37.089769" lon="-121.882474"><ele>428.3</ele><time>2022-06-05T18:39:40Z</time></trkpt>
<trkpt lat="37.089893" lon="-121.882777"><ele>427.2</ele><time>2022-06-05T18:39:44Z</time></trkpt>
<trkpt lat="37.089889" lon="-121.882861"><ele>426.9</ele><time>2022-06-05T18:39:45Z</time></trkpt>
<trkpt lat="37.089932" lon="-121.882972"><ele>426.6</ele><time>2022-06-05T18:39:46Z</time></trkpt>
<trkpt lat="37.089673" lon="-121.883217"><ele>425.3</ele><time>2022-06-05T18:39:48Z</time></trkpt>
<trkpt lat="37.089449" lon="-121.883340"><ele>423.9</ele><time>2022-06-05T18:39:50Z</time></trkpt>
<trkpt lat="37.089145" lon="-121.883343"><ele>422.0</ele><time>2022-06-05T18:39:53Z</time></trkpt>
<trkpt lat="37.088873" lon="-121.883454"><ele>419.7</ele><time>2022-06-05T18:39:56Z</time></trkpt>
<trkpt lat="37.088786" lon="-121.883799"><ele>417.5</ele><time>2022-06-05T18:40:02Z</time></trkpt>
<trkpt lat="37.088600" lon="-121.884100"><ele>415.4</ele><time>2022-06-05T18:40:09Z</time></trkpt>
<trkpt lat="37.088775" lon="-121.884448"><ele>413.6</ele><time>2022-06-05T18:40:10Z</time></trkpt>
<trkpt lat="37.089096" lon="-121.884709"><ele>412.2</ele><time>2022-06-05T18:40:12Z</time></trkpt>
<trkpt lat="37.089192" lon="-121.884966"><ele>411.4</ele><time>2022-06-05T18:40:14Z</time></trkpt>
<trkpt lat="37.089355" lon="-121.885069"><ele>410.4</ele><time>2022-06-05T18:40:15Z</time></trkpt>
<trkpt lat="37.089334" lon="-121.885178"><ele>409.8</ele><time>2022-06-05T18:40:16Z</time></trkpt>
<trkpt lat="37.089366" lon="-121.885271"><ele>409.3</ele><time>2022-06-05T18:40:17Z</time></trkpt>
<trkpt lat="37.089247" lon="-121.885334"><ele>408.6</ele><time>2022-06-05T18:40:18Z</time></trkpt>
<trkpt lat="37.089218" lon="-121.885460"><ele>408.1</ele><time>2022-06-05T18:40:19Z</time></trkpt>
<trkpt lat="37.089119" lon="-121.885460"><ele>407.6</ele><time>2022-06-05T18:40:20Z</time></trkpt>
<trkpt lat="37.089099" lon="-121.886061"><ele>406.4</ele><time>2022-06-05T18:40:27Z</time></trkpt>
<trkpt lat="37.089124" lon="-121.886272"><ele>406.2</ele><time>2022-06-05T18:40:29Z</time></trkpt>
<trkpt lat="37.089295" lon="-121.886442"><ele>406.1</ele><time>2022-06-05T18:40:31Z</time></trkpt>
<trkpt lat="37.089682" lon="-121.886444"><ele>406.3</ele><time>2022-06-05T18:40:32Z</time></trkpt>
<trkpt lat="37.089699" lon="-121.886350"><ele>406.5</ele><time>2022-06-05T18:40:33Z</time></trkpt>
<trkpt lat="37.089675" lon="-121.886405"><ele>406.6</ele><time>2022-06-05T18:40:34Z</time></trkpt>
<trkpt lat="37.089718" lon="-121.886383"><ele>406.7</ele><time>2022-06-05T18:40:35Z</time></trkpt>
<trkpt lat="37.089759" lon="-121.886494"><ele>406.9</ele><time>2022-06-05T18:40:36Z</time></trkpt>
<trkpt lat="37.089732" lon="-121.886532"><ele>406.9</ele><time>2022-06-05T18:40:37Z</time></trkpt>
<trkpt lat="37.089786" lon="-121.886534"><ele>407.0</ele><time>2022-06-05T18:40:38Z</time></trkpt>
<trkpt lat="37.089767" lon="-121.886601"><ele>407.1</ele><time>2022-06-05T18:40:39Z</time></trkpt>
<trkpt lat="37.089818" lon="-121.886728"><ele>407.2</ele><time>2022-06-05T18:40:41Z</time></trkpt>
<trkpt lat="37.089823" lon="-121.886924"><ele>407.4</ele><time>2022-06-05T18:40:46Z</time></trkpt>
<trkpt lat="37.089853" lon="-121.886893"><ele>407.4</ele><time>2022-06-05T18:40:47Z</time></trkpt>
<trkpt lat="37.089900" lon="-121.887101"><ele>407.9</ele><time>2022-06-05T18:40:52Z</time></trkpt>
<trkpt lat="37.089852" lon="-121.887347"><ele>408.6</ele><time>2022-06-05T18:40:54Z</time></trkpt>
<trkpt lat="37.089785" lon="-121.887351"><ele>408.9</ele><time>2022-06-05T18:40:55Z</time></trkpt>
<trkpt lat="37.089866" lon="-121.887381"><ele>409.2</ele><time>2022-06-05T18:40:56Z</time></trkpt>
<trkpt lat="37.089947" lon="-121.887625"><ele>410.1</ele><time>2022-06-05T18:41:01Z</time></trkpt>
<trkpt lat="37.089955" lon="-121.887551"><ele>410.4</ele><time>2022-06-05T18:41:03Z</time></trkpt>
<trkpt lat="37.090000" lon="-121.887575"><ele>410.6</ele><time>2022-06-05T18:41:05Z</time></trkpt>
<trkpt lat="37.090047" lon="-121.887541"><ele>410.9</ele><time>2022-06-05T18:41:09Z</time></trkpt>
<trkpt lat="37.090080" lon="-121.887440"><ele>411.3</ele><time>2022-06-05T18:41:11Z</time></trkpt>
<trkpt lat="37.090262" lon="-121.887412"><ele>412.1</ele><time>2022-06-05T18:41:14Z</time></trkpt>
<trkpt lat="37.090347" lon="-121.887439"><ele>412.4</ele><time>2022-06-05T18:41:17Z</time></trkpt>
<trkpt lat="37.090403" lon="-121.887507"><ele>412.6</ele><time>2022-06-05T18:41:20Z</time></trkpt>
<trkpt lat="37.090492" lon="-121.887513"><ele>412.8</ele><time>2022-06-05T18:41:23Z</time></trkpt>
<trkpt lat="37.090493" lon="-121.887573"><ele>412.9</ele><time>2022-06-05T18:41:24Z</time></trkpt>
<trkpt lat="37.090544" lon="-121.887569"><ele>413.0</ele><time>2022-06-05T18:41:25Z</time></trkpt>
<trkpt lat="37.090623" lon="-121.887643"><ele>413.2</ele><time>2022-06-05T18:41:28Z</time></trkpt>
<trkpt lat="37.090694" lon="-121.887641"><ele>413.3</ele><time>2022-06-05T18:41:30Z</time></trkpt>
<trkpt lat="37.090839" lon="-121.887727"><ele>413.6</ele><time>2022-06-05T18:41:35Z</time></trkpt>
<trkpt lat="37.090899" lon="-121.887959"><ele>413.8</ele><time>2022-06-05T18:41:38Z</time></trkpt>
<trkpt lat="37.090968" lon="-121.888033"><ele>413.9</ele><time>2022-06-05T18:41:40Z</time></trkpt>
<trkpt lat="37.091003" lon="-121.888127"><ele>413.9</ele><time>2022-06-05T18:41:42Z</time></trkpt>
<trkpt lat="37.091031" lon="-121.888382"><ele>413.8</ele><time>2022-06-05T18:41:46Z</time></trkpt>
<trkpt lat="37.091018" lon="-121.888522"><ele>413.7</ele><time>2022-06-05T18:41:48Z</time></trkpt>
<trkpt lat="37.090909" lon="-121.888740"><ele>413.2</ele><time>2022-06-05T18:41:52Z</time></trkpt>
<trkpt lat="37.090699" lon="-121.888834"><ele>412.7</ele><time>2022-06-05T18:41:53Z</time></trkpt>
<trkpt lat="37.090539" lon="-121.889062"><ele>412.7</ele><time>2022-06-05T18:41:56Z</time></trkpt>
<trkpt lat="37.090513" lon="-121.889158"><ele>412.8</ele><time>2022-06-05T18:41:57Z</time></trkpt>
<trkpt lat="37.090358" lon="-121.889319"><ele>413.2</ele><time>2022-06-05T18:42:01Z</time></trkpt>
<trkpt lat="37.090161" lon="-121.889412"><ele>413.2</ele><time>2022-06-05T18:42:05Z</time></trkpt>
<trkpt lat="37.089818" lon="-121.889346"><ele>413.5</ele><time>2022-06-05T18:42:15Z</time></trkpt>
<trkpt lat="37.089734" lon="-121.889093"><ele>414.4</ele><time>2022-06-05T18:42:22Z</time></trkpt>
<trkpt lat="37.089653" lon="-121.889043"><ele>415.1</ele><time>2022-06-05T18:42:25Z</time></trkpt>
<trkpt lat="37.089554" lon="-121.889038"><ele>416.2</ele><time>2022-06-05T18:42:29Z</time></trkpt>
<trkpt lat="37.089539" lon="-121.889072"><ele>416.5</ele><time>2022-06-05T18:42:33Z</time></trkpt>
<trkpt lat="37.089537" lon="-121.889038"><ele>416.7</ele><time>2022-06-05T18:42:34Z</time></trkpt>
<trkpt lat="37.089450" lon="-121.889045"><ele>417.5</ele><time>2022-06-05T18:42:39Z</time></trkpt>
<trkpt lat="37.089422" lon="-121.889010"><ele>417.8</ele><time>2022-06-05T18:42:40Z</time></trkpt>
<trkpt lat="37.089410" lon="-121.889079"><ele>418.2</ele><time>2022-06-05T18:42:42Z</time></trkpt>
<trkpt lat="37.089458" lon="-121.889180"><ele>418.8</ele><time>2022-06-05T18:42:44Z</time></trkpt>
<trkpt lat="37.089443" lon="-121.889213"><ele>418.9</ele><time>2022-06-05T18:42:45Z</time></trkpt>
<trkpt lat="37.089338" lon="-121.889118"><ele>419.7</ele><time>2022-06-05T18:42:46Z</time></trkpt>
<trkpt lat="37.089356" lon="-121.889189"><ele>420.1</ele><time>2022-06-05T18:42:48Z</time></trkpt>
<trkpt lat="37.089231" lon="-121.889145"><ele>420.9</ele><time>2022-06-05T18:42:49Z</time></trkpt>
<trkpt lat="37.089219" lon="-121.889102"><ele>421.1</ele><time>2022-06-05T18:42:50Z</time></trkpt>
<trkpt lat="37.089061" lon="-121.889256"><ele>422.2</ele><time>2022-06-05T18:42:52Z</time></trkpt>
<trkpt lat="37.088871" lon="-121.889223"><ele>423.1</ele><time>2022-06-05T18:42:57Z</time></trkpt>
<trkpt lat="37.088821" lon="-121.889166"><ele>423.4</ele><time>2022-06-05T18:42:59Z</time></trkpt>
<trkpt lat="37.088798" lon="-121.889214"><ele>423.6</ele><time>2022-06-05T18:43:00Z</time></trkpt>
<trkpt lat="37.088756" lon="-121.889183"><ele>423.7</ele><time>2022-06-05T18:43:03Z</time></trkpt>
<trkpt lat="37.088760" lon="-121.889131"><ele>423.9</ele><time>2022-06-05T18:43:04Z</time></trkpt>
<trkpt lat="37.088673" lon="-121.889113"><ele>424.2</ele><time>2022-06-05T18:43:06Z</time></trkpt>
<trkpt lat="37.088668" lon="-121.889164"><ele>424.4</ele><time>2022-06-05T18:43:08Z</time></trkpt>
<trkpt lat="37.088701" lon="-121.889066"><ele>424.7</ele><time>2022-06-05T18:43:15Z</time></trkpt>
<trkpt lat="37.088668" lon="-121.888997"><ele>425.0</ele><time>2022-06-05T18:43:18Z</time></trkpt>
<trkpt lat="37.088693" lon="-121.888971"><ele>425.2</ele><time>2022-06-05T18:43:21Z</time></trkpt>
<trkpt lat="37.088656" lon="-121.888970"><ele>425.3</ele><time>2022-06-05T18:43:22Z</time></trkpt>
<trkpt lat="37.088711" lon="-121.889004"><ele>425.6</ele><time>2022-06-05T18:43:35Z</time></trkpt>
<trkpt lat="37.088615" lon="-121.889004"><ele>426.1</ele><time>2022-06-05T18:44:57Z</time></trkpt>
<trkpt lat="37.088426" lon="-121.888845"><ele>427.4</ele><time>2022-06-05T18:45:09Z</time></trkpt>
<trkpt lat="37.088385" lon="-121.888848"><ele>427.6</ele><time>2022-06-05T18:45:10Z</time></trkpt>
<trkpt lat="37.088161" lon="-121.888669"><ele>429.1</ele><time>2022-06-05T18:45:17Z</time></trkpt>
<trkpt lat="37.088095" lon="-121.888659"><ele>429.5</ele><time>2022-06-05T18:45:20Z</time></trkpt>
<trkpt lat="37.088026" lon="-121.888596"><ele>430.0</ele><time>2022-06-05T18:45:23Z</time></trkpt>
<trkpt lat="37.087994" lon="-121.888608"><ele>430.2</ele><time>2022-06-05T18:45:25Z</time></trkpt>
<trkpt lat="37.087945" lon="-121.888556"><ele>430.6</ele><time>2022-06-05T18:45:27Z</time></trkpt>
<trkpt lat="37.087788" lon="-121.888623"><ele>431.8</ele><time>2022-06-05T18:45:34Z</time></trkpt>
<trkpt lat="37.087568" lon="-121.888649"><ele>433.8</ele><time>2022-06-05T18:45:43Z</time></trkpt>
<trkpt lat="37.086784" lon="-121.888667"><ele>440.3</ele><time>2022-06-05T18:46:21Z</time></trkpt>
<trkpt lat="37.086591" lon="-121.888726"><ele>442.2</ele><time>2022-06-05T18:46:31Z</time></trkpt>
<trkpt lat="37.086569" lon="-121.888705"><ele>442.5</ele><time>2022-06-05T18:46:32Z</time></trkpt>
<trkpt lat="37.086370" lon="-121.888786"><ele>444.7</ele><time>2022-06-05T18:46:43Z</time></trkpt>
<trkpt lat="37.086096" lon="-121.888668"><ele>447.5</ele><time>2022-06-05T18:46:58Z</time></trkpt>
<trkpt lat="37.086053" lon="-121.888551"><ele>448.4</ele><time>2022-06-05T18:47:02Z</time></trkpt>
<trkpt lat="37.086078" lon="-121.888451"><ele>449.2</ele><time>2022-06-05T18:47:04Z</time></trkpt>
<trkpt lat="37.085912" lon="-121.888118"><ele>452.1</ele><time>2022-06-05T18:47:19Z</time></trkpt>
<trkpt lat="37.085949" lon="-121.888036"><ele>452.9</ele><time>2022-06-05T18:47:22Z</time></trkpt>
<trkpt lat="37.085912" lon="-121.887914"><ele>453.9</ele><time>2022-06-05T18:47:28Z</time></trkpt>
<trkpt lat="37.085740" lon="-121.887659"><ele>457.0</ele><time>2022-06-05T18:47:44Z</time></trkpt>
<trkpt lat="37.085759" lon="-121.887580"><ele>457.7</ele><time>2022-06-05T18:47:48Z</time></trkpt>
<trkpt lat="37.085735" lon="-121.887566"><ele>457.8</ele><time>2022-06-05T18:47:50Z</time></trkpt>
<trkpt lat="37.085701" lon="-121.887604"><ele>457.9</ele><time>2022-06-05T18:47:52Z</time></trkpt>
<trkpt lat="37.085738" lon="-121.887508"><ele>458.3</ele><time>2022-06-05T18:47:57Z</time></trkpt>
<trkpt lat="37.085742" lon="-121.887545"><ele>458.4</ele><time>2022-06-05T18:47:58Z</time></trkpt>
<trkpt lat="37.085778" lon="-121.887524"><ele>458.6</ele><time>2022-06-05T18:47:59Z</time></trkpt>
<trkpt lat="37.085776" lon="-121.887357"><ele>459.0</ele><time>2022-06-05T18:48:04Z</time></trkpt>
<trkpt lat="37.085827" lon="-121.887294"><ele>458.8</ele><time>2022-06-05T18:48:07Z</time></trkpt>
<trkpt lat="37.085789" lon="-121.887318"><ele>458.7</ele><time>2022-06-05T18:48:10Z</time></trkpt>
<trkpt lat="37.085786" lon="-121.887364"><ele>458.6</ele><time>2022-06-05T18:48:15Z</time></trkpt>
<trkpt lat="37.085725" lon="-121.887301"><ele>458.4</ele><time>2022-06-05T18:48:24Z</time></trkpt>
<trkpt lat="37.085743" lon="-121.887613"><ele>457.7</ele><time>2022-06-05T18:49:06Z</time></trkpt>
<trkpt lat="37.085746" lon="-121.887762"><ele>460.6</ele><time>2022-06-05T18:49:10Z</time></trkpt>
<trkpt lat="37.085562" lon="-121.887765"><ele>462.9</ele><time>2022-06-05T18:49:13Z</time></trkpt>
<trkpt lat="37.085497" lon="-121.887873"><ele>464.4</ele><time>2022-06-05T18:49:15Z</time></trkpt>
<trkpt lat="37.085403" lon="-121.887848"><ele>465.6</ele><time>2022-06-05T18:49:18Z</time></trkpt>
<trkpt lat="37.085416" lon="-121.887888"><ele>466.1</ele><time>2022-06-05T18:49:19Z</time></trkpt>
<trkpt lat="37.085395" lon="-121.887906"><ele>466.4</ele><time>2022-06-05T18:49:20Z</time></trkpt>
<trkpt lat="37.085286" lon="-121.887933"><ele>467.9</ele><time>2022-06-05T18:49:23Z</time></trkpt>
<trkpt lat="37.085318" lon="-121.887982"><ele>468.5</ele><time>2022-06-05T18:49:25Z</time></trkpt>
<trkpt lat="37.085199" lon="-121.887969"><ele>469.9</ele><time>2022-06-05T18:49:29Z</time></trkpt>
<trkpt lat="37.085161" lon="-121.888053"><ele>470.7</ele><time>2022-06-05T18:49:35Z</time></trkpt>
<trkpt lat="37.085140" lon="-121.888005"><ele>471.1</ele><time>2022-06-05T18:49:36Z</time></trkpt>
<trkpt lat="37.085174" lon="-121.887904"><ele>471.7</ele><time>2022-06-05T18:49:39Z</time></trkpt>
<trkpt lat="37.085107" lon="-121.887901"><ele>472.2</ele><time>2022-06-05T18:49:41Z</time></trkpt>
<trkpt lat="37.085097" lon="-121.887868"><ele>472.3</ele><time>2022-06-05T18:49:42Z</time></trkpt>
<trkpt lat="37.085001" lon="-121.887883"><ele>472.9</ele><time>2022-06-05T18:49:46Z</time></trkpt>
<trkpt lat="37.084979" lon="-121.887954"><ele>473.2</ele><time>2022-06-05T18:49:49Z</time></trkpt>
<trkpt lat="37.084918" lon="-121.888011"><ele>473.7</ele><time>2022-06-05T18:49:53Z</time></trkpt>
<trkpt lat="37.084885" lon="-121.887986"><ele>473.9</ele><time>2022-06-05T18:49:54Z</time></trkpt>
<trkpt lat="37.084803" lon="-121.888052"><ele>474.7</ele><time>2022-06-05T18:49:59Z</time></trkpt>
<trkpt lat="37.084685" lon="-121.888232"><ele>476.3</ele><time>2022-06-05T18:50:06Z</time></trkpt>
<trkpt lat="37.084579" lon="-121.888198"><ele>477.3</ele><time>2022-06-05T18:50:07Z</time></trkpt>
<trkpt lat="37.084367" lon="-121.888339"><ele>479.5</ele><time>2022-06-05T18:50:18Z</time></trkpt>
<trkpt lat="37.084302" lon="-121.888434"><ele>480.2</ele><time>2022-06-05T18:50:23Z</time></trkpt>
<trkpt lat="37.084225" lon="-121.888369"><ele>481.1</ele><time>2022-06-05T18:50:29Z</time></trkpt>
<trkpt lat="37.083881" lon="-121.888524"><ele>484.7</ele><time>2022-06-05T18:50:49Z</time></trkpt>
<trkpt lat="37.083845" lon="-121.888589"><ele>485.7</ele><time>2022-06-05T18:50:58Z</time></trkpt>
<trkpt lat="37.083851" lon="-121.888619"><ele>485.9</ele><time>2022-06-05T18:51:00Z</time></trkpt>
<trkpt lat="37.083891" lon="-121.888608"><ele>486.5</ele><time>2022-06-05T18:51:03Z</time></trkpt>
<trkpt lat="37.083881" lon="-121.888708"><ele>487.6</ele><time>2022-06-05T18:51:07Z</time></trkpt>
<trkpt lat="37.083845" lon="-121.888703"><ele>488.0</ele><time>2022-06-05T18:51:09Z</time></trkpt>
<trkpt lat="37.083999" lon="-121.888773"><ele>489.7</ele><time>2022-06-05T18:51:14Z</time></trkpt>
<trkpt lat="37.083993" lon="-121.888893"><ele>490.5</ele><time>2022-06-05T18:51:18Z</time></trkpt>
<trkpt lat="37.084075" lon="-121.889018"><ele>491.8</ele><time>2022-06-05T18:51:24Z</time></trkpt>
<trkpt lat="37.084042" lon="-121.889223"><ele>493.2</ele><time>2022-06-05T18:51:28Z</time></trkpt>
<trkpt lat="37.084064" lon="-121.889262"><ele>493.5</ele><time>2022-06-05T18:51:30Z</time></trkpt>
<trkpt lat="37.084035" lon="-121.889276"><ele>493.8</ele><time>2022-06-05T18:51:31Z</time></trkpt>
<trkpt lat="37.083985" lon="-121.889401"><ele>494.8</ele><time>2022-06-05T18:51:34Z</time></trkpt>
<trkpt lat="37.084002" lon="-121.889411"><ele>495.0</ele><time>2022-06-05T18:51:35Z</time></trkpt>
<trkpt lat="37.083928" lon="-121.889442"><ele>495.8</ele><time>2022-06-05T18:51:39Z</time></trkpt>
<trkpt lat="37.083895" lon="-121.889547"><ele>496.8</ele><time>2022-06-05T18:51:46Z</time></trkpt>
<trkpt lat="37.083795" lon="-121.889586"><ele>497.8</ele><time>2022-06-05T18:51:48Z</time></trkpt>
<trkpt lat="37.083653" lon="-121.889534"><ele>499.2</ele><time>2022-06-05T18:51:52Z</time></trkpt>
<trkpt lat="37.083510" lon="-121.889698"><ele>500.9</ele><time>2022-06-05T18:52:01Z</time></trkpt>
<trkpt lat="37.083532" lon="-121.889958"><ele>502.9</ele><time>2022-06-05T18:52:11Z</time></trkpt>
<trkpt lat="37.083480" lon="-121.890088"><ele>504.0</ele><time>2022-06-05T18:52:18Z</time></trkpt>
<trkpt lat="37.083495" lon="-121.890128"><ele>504.8</ele><time>2022-06-05T18:52:25Z</time></trkpt>
<trkpt lat="37.083379" lon="-121.890101"><ele>506.0</ele><time>2022-06-05T18:52:28Z</time></trkpt>
<trkpt lat="37.083386" lon="-121.890146"><ele>506.5</ele><time>2022-06-05T18:52:32Z</time></trkpt>
<trkpt lat="37.083266" lon="-121.890127"><ele>507.7</ele><time>2022-06-05T18:53:02Z</time></trkpt>
<trkpt lat="37.083119" lon="-121.890237"><ele>509.2</ele><time>2022-06-05T18:53:10Z</time></trkpt>
<trkpt lat="37.083154" lon="-121.890256"><ele>509.5</ele><time>2022-06-05T18:53:11Z</time></trkpt>
<trkpt lat="37.083110" lon="-121.890263"><ele>509.8</ele><time>2022-06-05T18:53:13Z</time></trkpt>
<trkpt lat="37.083072" lon="-121.890238"><ele>510.1</ele><time>2022-06-05T18:53:17Z</time></trkpt>
<trkpt lat="37.083081" lon="-121.890204"><ele>510.4</ele><time>2022-06-05T18:53:18Z</time></trkpt>
<trkpt lat="37.083016" lon="-121.890214"><ele>510.9</ele><time>2022-06-05T18:53:20Z</time></trkpt>
<trkpt lat="37.082981" lon="-121.890149"><ele>511.3</ele><time>2022-06-05T18:53:21Z</time></trkpt>
<trkpt lat="37.082698" lon="-121.890108"><ele>513.8</ele><time>2022-06-05T18:53:27Z</time></trkpt>
<trkpt lat="37.082335" lon="-121.890181"><ele>517.4</ele><time>2022-06-05T18:54:00Z</time></trkpt>
<trkpt lat="37.082268" lon="-121.890236"><ele>518.2</ele><time>2022-06-05T18:54:06Z</time></trkpt>
<trkpt lat="37.082030" lon="-121.890234"><ele>520.8</ele><time>2022-06-05T18:54:17Z</time></trkpt>
<trkpt lat="37.081930" lon="-121.890171"><ele>522.1</ele><time>2022-06-05T18:54:24Z</time></trkpt>
<trkpt lat="37.081883" lon="-121.890100"><ele>522.9</ele><time>2022-06-05T18:54:28Z</time></trkpt>
<trkpt lat="37.081896" lon="-121.890040"><ele>523.4</ele><time>2022-06-05T18:54:29Z</time></trkpt>
<trkpt lat="37.081757" lon="-121.889942"><ele>525.0</ele><time>2022-06-05T18:54:38Z</time></trkpt>
<trkpt lat="37.081376" lon="-121.889538"><ele>530.0</ele><time>2022-06-05T18:55:08Z</time></trkpt>
<trkpt lat="37.081339" lon="-121.889339"><ele>531.9</ele><time>2022-06-05T18:55:18Z</time></trkpt>
<trkpt lat="37.081368" lon="-121.889140"><ele>533.8</ele><time>2022-06-05T18:55:27Z</time></trkpt>
<trkpt lat="37.081346" lon="-121.889084"><ele>534.3</ele><time>2022-06-05T18:55:29Z</time></trkpt>
<trkpt lat="37.081395" lon="-121.888855"><ele>536.7</ele><time>2022-06-05T18:55:42Z</time></trkpt>
<trkpt lat="37.081364" lon="-121.888825"><ele>537.3</ele><time>2022-06-05T18:55:45Z</time></trkpt>
<trkpt lat="37.081371" lon="-121.888790"><ele>537.6</ele><time>2022-06-05T18:55:47Z</time></trkpt>
<trkpt lat="37.081202" lon="-121.888685"><ele>540.3</ele><time>2022-06-05T18:56:01Z</time></trkpt>
<trkpt lat="37.081124" lon="-121.888521"><ele>541.9</ele><time>2022-06-05T18:56:09Z</time></trkpt>
<trkpt lat="37.081114" lon="-121.888394"><ele>542.9</ele><time>2022-06-05T18:56:13Z</time></trkpt>
<trkpt lat="37.081009" lon="-121.888223"><ele>544.8</ele><time>2022-06-05T18:56:27Z</time></trkpt>
<trkpt lat="37.080913" lon="-121.887981"><ele>547.8</ele><time>2022-06-05T18:56:42Z</time></trkpt>
<trkpt lat="37.080922" lon="-121.887909"><ele>548.8</ele><time>2022-06-05T18:56:51Z</time></trkpt>
<trkpt lat="37.080833" lon="-121.887625"><ele>552.0</ele><time>2022-06-05T18:57:02Z</time></trkpt>
<trkpt lat="37.080789" lon="-121.887309"><ele>554.5</ele><time>2022-06-05T18:57:19Z</time></trkpt>
<trkpt lat="37.080815" lon="-121.887300"><ele>554.8</ele><time>2022-06-05T18:57:20Z</time></trkpt>
<trkpt lat="37.080798" lon="-121.887014"><ele>557.2</ele><time>2022-06-05T18:57:32Z</time></trkpt>
<trkpt lat="37.080831" lon="-121.886834"><ele>559.2</ele><time>2022-06-05T18:57:44Z</time></trkpt>
<trkpt lat="37.080803" lon="-121.886665"><ele>561.0</ele><time>2022-06-05T18:57:53Z</time></trkpt>
<trkpt lat="37.080963" lon="-121.886281"><ele>565.3</ele><time>2022-06-05T18:58:21Z</time></trkpt>
<trkpt lat="37.080967" lon="-121.886155"><ele>566.6</ele><time>2022-06-05T18:58:27Z</time></trkpt>
<trkpt lat="37.080937" lon="-121.886071"><ele>567.6</ele><time>2022-06-05T18:58:30Z</time></trkpt>
<trkpt lat="37.080966" lon="-121.885845"><ele>570.9</ele><time>2022-06-05T18:58:45Z</time></trkpt>
<trkpt lat="37.080932" lon="-121.885768"><ele>571.9</ele><time>2022-06-05T18:58:50Z</time></trkpt>
<trkpt lat="37.080951" lon="-121.885734"><ele>572.6</ele><time>2022-06-05T18:58:54Z</time></trkpt>
<trkpt lat="37.080878" lon="-121.885611"><ele>574.3</ele><time>2022-06-05T18:58:59Z</time></trkpt>
<trkpt lat="37.080780" lon="-121.885575"><ele>575.6</ele><time>2022-06-05T18:59:05Z</time></trkpt>
<trkpt lat="37.080591" lon="-121.885828"><ele>578.3</ele><time>2022-06-05T18:59:22Z</time></trkpt>
<trkpt lat="37.080436" lon="-121.885847"><ele>579.3</ele><time>2022-06-05T18:59:29Z</time></trkpt>
<trkpt lat="37.080212" lon="-121.885679"><ele>581.3</ele><time>2022-06-05T18:59:44Z</time></trkpt>
<trkpt lat="37.080071" lon="-121.885497"><ele>584.0</ele><time>2022-06-05T18:59:56Z</time></trkpt>
<trkpt lat="37.080043" lon="-121.885397"><ele>585.8</ele><time>2022-06-05T19:00:05Z</time></trkpt>
<trkpt lat="37.079979" lon="-121.885338"><ele>587.4</ele><time>2022-06-05T19:00:12Z</time></trkpt>
<trkpt lat="37.079996" lon="-121.885314"><ele>587.9</ele><time>2022-06-05T19:00:14Z</time></trkpt>
<trkpt lat="37.079922" lon="-121.885418"><ele>589.8</ele><time>2022-06-05T19:00:21Z</time></trkpt>
<trkpt lat="37.079902" lon="-121.885386"><ele>590.2</ele><time>2022-06-05T19:00:23Z</time></trkpt>
<trkpt lat="37.079745" lon="-121.885356"><ele>592.1</ele><time>2022-06-05T19:00:50Z</time></trkpt>
<trkpt lat="37.079712" lon="-121.885302"><ele>592.6</ele><time>2022-06-05T19:00:51Z</time></trkpt>
<trkpt lat="37.079736" lon="-121.885304"><ele>592.9</ele><time>2022-06-05T19:00:52Z</time></trkpt>
<trkpt lat="37.079417" lon="-121.885304"><ele>597.3</ele><time>2022-06-05T19:01:18Z</time></trkpt>
<trkpt lat="37.079285" lon="-121.885336"><ele>599.2</ele><time>2022-06-05T19:01:27Z</time></trkpt>
<trkpt lat="37.079305" lon="-121.885367"><ele>599.6</ele><time>2022-06-05T19:01:29Z</time></trkpt>
<trkpt lat="37.079265" lon="-121.885494"><ele>600.8</ele><time>2022-06-05T19:01:40Z</time></trkpt>
<trkpt lat="37.079330" lon="-121.885761"><ele>602.8</ele><time>2022-06-05T19:01:47Z</time></trkpt>
<trkpt lat="37.079304" lon="-121.885801"><ele>603.1</ele><time>2022-06-05T19:01:49Z</time></trkpt>
<trkpt lat="37.079239" lon="-121.885844"><ele>603.8</ele><time>2022-06-05T19:01:52Z</time></trkpt>
<trkpt lat="37.079023" lon="-121.885863"><ele>606.1</ele><time>2022-06-05T19:02:04Z</time></trkpt>
<trkpt lat="37.078855" lon="-121.885997"><ele>608.3</ele><time>2022-06-05T19:02:15Z</time></trkpt>
<trkpt lat="37.078731" lon="-121.886064"><ele>610.2</ele><time>2022-06-05T19:02:23Z</time></trkpt>
<trkpt lat="37.078698" lon="-121.886052"><ele>610.7</ele><time>2022-06-05T19:02:25Z</time></trkpt>
<trkpt lat="37.078637" lon="-121.886117"><ele>611.8</ele><time>2022-06-05T19:02:30Z</time></trkpt>
<trkpt lat="37.078532" lon="-121.886137"><ele>613.1</ele><time>2022-06-05T19:02:36Z</time></trkpt>
<trkpt lat="37.078478" lon="-121.886197"><ele>613.8</ele><time>2022-06-05T19:02:40Z</time></trkpt>
<trkpt lat="37.078300" lon="-121.886183"><ele>615.5</ele><time>2022-06-05T19:02:51Z</time></trkpt>
<trkpt lat="37.078173" lon="-121.886063"><ele>617.3</ele><time>2022-06-05T19:02:59Z</time></trkpt>
<trkpt lat="37.078123" lon="-121.885967"><ele>618.4</ele><time>2022-06-05T19:03:05Z</time></trkpt>
<trkpt lat="37.077965" lon="-121.885868"><ele>620.6</ele><time>2022-06-05T19:03:18Z</time></trkpt>
<trkpt lat="37.077881" lon="-121.885908"><ele>621.7</ele><time>2022-06-05T19:03:25Z</time></trkpt>
<trkpt lat="37.077875" lon="-121.885879"><ele>622.0</ele><time>2022-06-05T19:03:26Z</time></trkpt>
<trkpt lat="37.077781" lon="-121.885901"><ele>623.1</ele><time>2022-06-05T19:03:33Z</time></trkpt>
<trkpt lat="37.077643" lon="-121.885796"><ele>625.0</ele><time>2022-06-05T19:03:43Z</time></trkpt>
<trkpt lat="37.077599" lon="-121.885726"><ele>625.9</ele><time>2022-06-05T19:03:48Z</time></trkpt>
<trkpt lat="37.077588" lon="-121.885630"><ele>626.8</ele><time>2022-06-05T19:03:51Z</time></trkpt>
<trkpt lat="37.077496" lon="-121.885543"><ele>628.0</ele><time>2022-06-05T19:03:57Z</time></trkpt>
<trkpt lat="37.077373" lon="-121.885568"><ele>629.1</ele><time>2022-06-05T19:04:04Z</time></trkpt>
<trkpt lat="37.077301" lon="-121.885509"><ele>629.8</ele><time>2022-06-05T19:04:09Z</time></trkpt>
<trkpt lat="37.077283" lon="-121.885359"><ele>630.9</ele><time>2022-06-05T19:04:14Z</time></trkpt>
<trkpt lat="37.077310" lon="-121.885237"><ele>632.2</ele><time>2022-06-05T19:04:23Z</time></trkpt>
<trkpt lat="37.077449" lon="-121.885195"><ele>634.3</ele><time>2022-06-05T19:04:34Z</time></trkpt>
<trkpt lat="37.077564" lon="-121.885223"><ele>635.3</ele><time>2022-06-05T19:04:40Z</time></trkpt>
<trkpt lat="37.077690" lon="-121.885331"><ele>636.5</ele><time>2022-06-05T19:04:49Z</time></trkpt>
<trkpt lat="37.077779" lon="-121.885320"><ele>637.0</ele><time>2022-06-05T19:04:55Z</time></trkpt>
<trkpt lat="37.077966" lon="-121.885052"><ele>638.5</ele><time>2022-06-05T19:05:12Z</time></trkpt>
<trkpt lat="37.078067" lon="-121.884844"><ele>639.6</ele><time>2022-06-05T19:05:22Z</time></trkpt>
<trkpt lat="37.078225" lon="-121.884697"><ele>640.7</ele><time>2022-06-05T19:05:33Z</time></trkpt>
<trkpt lat="37.078486" lon="-121.884290"><ele>643.4</ele><time>2022-06-05T19:05:53Z</time></trkpt>
<trkpt lat="37.078569" lon="-121.884220"><ele>644.3</ele><time>2022-06-05T19:05:58Z</time></trkpt>
<trkpt lat="37.078874" lon="-121.884115"><ele>646.7</ele><time>2022-06-05T19:06:12Z</time></trkpt>
<trkpt lat="37.078915" lon="-121.884046"><ele>647.1</ele><time>2022-06-05T19:06:18Z</time></trkpt>
<trkpt lat="37.078638" lon="-121.883953"><ele>649.0</ele><time>2022-06-05T19:06:44Z</time></trkpt>
<trkpt lat="37.078392" lon="-121.883949"><ele>650.3</ele><time>2022-06-05T19:07:00Z</time></trkpt>
<trkpt lat="37.078132" lon="-121.883839"><ele>651.6</ele><time>2022-06-05T19:07:19Z</time></trkpt>
<trkpt lat="37.078058" lon="-121.883886"><ele>652.2</ele><time>2022-06-05T19:07:24Z</time></trkpt>
<trkpt lat="37.077999" lon="-121.883858"><ele>652.7</ele><time>2022-06-05T19:07:28Z</time></trkpt>
<trkpt lat="37.077953" lon="-121.883787"><ele>653.5</ele><time>2022-06-05T19:07:32Z</time></trkpt>
<trkpt lat="37.077999" lon="-121.883603"><ele>655.3</ele><time>2022-06-05T19:07:41Z</time></trkpt>
<trkpt lat="37.078041" lon="-121.883578"><ele>655.9</ele><time>2022-06-05T19:07:47Z</time></trkpt>
<trkpt lat="37.078039" lon="-121.883544"><ele>656.3</ele><time>2022-06-05T19:07:53Z</time></trkpt>
<trkpt lat="37.078021" lon="-121.883581"><ele>656.7</ele><time>2022-06-05T19:07:57Z</time></trkpt>
<trkpt lat="37.078072" lon="-121.883572"><ele>657.3</ele><time>2022-06-05T19:08:03Z</time></trkpt>
<trkpt lat="37.078032" lon="-121.883539"><ele>657.7</ele><time>2022-06-05T19:08:09Z</time></trkpt>
<trkpt lat="37.078067" lon="-121.883545"><ele>657.9</ele><time>2022-06-05T19:08:19Z</time></trkpt>
<trkpt lat="37.078047" lon="-121.883534"><ele>658.1</ele><time>2022-06-05T19:08:22Z</time></trkpt>
<trkpt lat="37.078073" lon="-121.883566"><ele>658.3</ele><time>2022-06-05T19:08:29Z</time></trkpt>
<trkpt lat="37.078048" lon="-121.883593"><ele>658.6</ele><time>2022-06-05T19:08:34Z</time></trkpt>
<trkpt lat="37.078101" lon="-121.883502"><ele>659.1</ele><time>2022-06-05T19:08:43Z</time></trkpt>
<trkpt lat="37.078130" lon="-121.883514"><ele>659.3</ele><time>2022-06-05T19:08:44Z</time></trkpt>
<trkpt lat="37.078097" lon="-121.883551"><ele>659.6</ele><time>2022-06-05T19:08:48Z</time></trkpt>
<trkpt lat="37.078104" lon="-121.883591"><ele>659.9</ele><time>2022-06-05T19:08:49Z</time></trkpt>
<trkpt lat="37.078095" lon="-121.883543"><ele>660.3</ele><time>2022-06-05T19:08:54Z</time></trkpt>
<trkpt lat="37.078049" lon="-121.883586"><ele>660.7</ele><time>2022-06-05T19:09:47Z</time></trkpt>
<trkpt lat="37.078006" lon="-121.883572"><ele>661.1</ele><time>2022-06-05T19:10:01Z</time></trkpt>
<trkpt lat="37.078077" lon="-121.883574"><ele>662.4</ele><time>2022-06-05T19:12:10Z</time></trkpt>
<trkpt lat="37.078022" lon="-121.883490"><ele>663.2</ele><time>2022-06-05T19:13:47Z</time></trkpt>
<trkpt lat="37.078013" lon="-121.883526"><ele>663.6</ele><time>2022-06-05T19:13:52Z</time></trkpt>
<trkpt lat="37.078043" lon="-121.883523"><ele>663.9</ele><time>2022-06-05T19:13:56Z</time></trkpt>
<trkpt lat="37.078072" lon="-121.883599"><ele>664.5</ele><time>2022-06-05T19:15:29Z</time></trkpt>
<trkpt lat="37.078017" lon="-121.883656"><ele>665.1</ele><time>2022-06-05T19:15:33Z</time></trkpt>
<trkpt lat="37.078052" lon="-121.883685"><ele>665.6</ele><time>2022-06-05T19:15:42Z</time></trkpt>
<trkpt lat="37.077908" lon="-121.883585"><ele>666.6</ele><time>2022-06-05T19:16:44Z</time></trkpt>
<trkpt lat="37.077864" lon="-121.883649"><ele>666.9</ele><time>2022-06-05T19:16:48Z</time></trkpt>
<trkpt lat="37.077920" lon="-121.883715"><ele>667.2</ele><time>2022-06-05T19:16:53Z</time></trkpt>
<trkpt lat="37.077952" lon="-121.883646"><ele>667.5</ele><time>2022-06-05T19:16:57Z</time></trkpt>
<trkpt lat="37.077715" lon="-121.883397"><ele>668.4</ele><time>2022-06-05T19:17:14Z</time></trkpt>
<trkpt lat="37.077575" lon="-121.883429"><ele>667.9</ele><time>2022-06-05T19:17:17Z</time></trkpt>
<trkpt lat="37.077539" lon="-121.883468"><ele>667.4</ele><time>2022-06-05T19:17:19Z</time></trkpt>
<trkpt lat="37.077407" lon="-121.883477"><ele>666.0</ele><time>2022-06-05T19:17:21Z</time></trkpt>
<trkpt lat="37.077372" lon="-121.883537"><ele>665.2</ele><time>2022-06-05T19:17:22Z</time></trkpt>
<trkpt lat="37.077379" lon="-121.883610"><ele>664.2</ele><time>2022-06-05T19:17:23Z</time></trkpt>
<trkpt lat="37.077463" lon="-121.883726"><ele>662.2</ele><time>2022-06-05T19:17:25Z</time></trkpt>
<trkpt lat="37.077495" lon="-121.883878"><ele>660.6</ele><time>2022-06-05T19:17:27Z</time></trkpt>
<trkpt lat="37.077282" lon="-121.884180"><ele>660.0</ele><time>2022-06-05T19:17:32Z</time></trkpt>
<trkpt lat="37.076891" lon="-121.884249"><ele>663.4</ele><time>2022-06-05T19:17:46Z</time></trkpt>
<trkpt lat="37.076760" lon="-121.884255"><ele>663.6</ele><time>2022-06-05T19:17:52Z</time></trkpt>
<trkpt lat="37.076703" lon="-121.884207"><ele>663.4</ele><time>2022-06-05T19:17:54Z</time></trkpt>
<trkpt lat="37.076644" lon="-121.884245"><ele>663.0</ele><time>2022-06-05T19:17:55Z</time></trkpt>
<trkpt lat="37.076570" lon="-121.884240"><ele>662.4</ele><time>2022-06-05T19:17:57Z</time></trkpt>
<trkpt lat="37.076451" lon="-121.884373"><ele>661.0</ele><time>2022-06-05T19:17:59Z</time></trkpt>
<trkpt lat="37.076342" lon="-121.884430"><ele>660.1</ele><time>2022-06-05T19:18:01Z</time></trkpt>
<trkpt lat="37.076374" lon="-121.884445"><ele>659.8</ele><time>2022-06-05T19:18:02Z</time></trkpt>
<trkpt lat="37.076315" lon="-121.884526"><ele>658.8</ele><time>2022-06-05T19:18:04Z</time></trkpt>
<trkpt lat="37.076191" lon="-121.884547"><ele>657.3</ele><time>2022-06-05T19:18:06Z</time></trkpt>
<trkpt lat="37.075948" lon="-121.884674"><ele>654.8</ele><time>2022-06-05T19:18:11Z</time></trkpt>
<trkpt lat="37.075879" lon="-121.884672"><ele>654.3</ele><time>2022-06-05T19:18:12Z</time></trkpt>
<trkpt lat="37.075843" lon="-121.884799"><ele>653.4</ele><time>2022-06-05T19:18:14Z</time></trkpt>
<trkpt lat="37.075789" lon="-121.884837"><ele>653.0</ele><time>2022-06-05T19:18:15Z</time></trkpt>
<trkpt lat="37.075655" lon="-121.884817"><ele>652.2</ele><time>2022-06-05T19:18:17Z</time></trkpt>
<trkpt lat="37.075514" lon="-121.884846"><ele>651.6</ele><time>2022-06-05T19:18:20Z</time></trkpt>
<trkpt lat="37.075394" lon="-121.885119"><ele>649.9</ele><time>2022-06-05T19:18:24Z</time></trkpt>
<trkpt lat="37.075344" lon="-121.885150"><ele>649.4</ele><time>2022-06-05T19:18:25Z</time></trkpt>
<trkpt lat="37.075281" lon="-121.885162"><ele>648.7</ele><time>2022-06-05T19:18:26Z</time></trkpt>
<trkpt lat="37.075018" lon="-121.885042"><ele>646.1</ele><time>2022-06-05T19:18:30Z</time></trkpt>
<trkpt lat="37.074501" lon="-121.885242"><ele>644.2</ele><time>2022-06-05T19:18:38Z</time></trkpt>
<trkpt lat="37.074425" lon="-121.885459"><ele>644.0</ele><time>2022-06-05T19:18:42Z</time></trkpt>
<trkpt lat="37.074431" lon="-121.885598"><ele>643.6</ele><time>2022-06-05T19:18:43Z</time></trkpt>
<trkpt lat="37.074368" lon="-121.885781"><ele>643.1</ele><time>2022-06-05T19:18:45Z</time></trkpt>
<trkpt lat="37.074291" lon="-121.885905"><ele>642.9</ele><time>2022-06-05T19:18:47Z</time></trkpt>
<trkpt lat="37.074081" lon="-121.886076"><ele>642.9</ele><time>2022-06-05T19:18:51Z</time></trkpt>
<trkpt lat="37.074065" lon="-121.886128"><ele>642.9</ele><time>2022-06-05T19:18:52Z</time></trkpt>
<trkpt lat="37.074096" lon="-121.886368"><ele>642.6</ele><time>2022-06-05T19:18:57Z</time></trkpt>
<trkpt lat="37.074023" lon="-121.886667"><ele>640.7</ele><time>2022-06-05T19:19:02Z</time></trkpt>
<trkpt lat="37.073900" lon="-121.886847"><ele>638.3</ele><time>2022-06-05T19:19:04Z</time></trkpt>
<trkpt lat="37.073809" lon="-121.886875"><ele>637.2</ele><time>2022-06-05T19:19:05Z</time></trkpt>
<trkpt lat="37.073638" lon="-121.887033"><ele>635.3</ele><time>2022-06-05T19:19:08Z</time></trkpt>
<trkpt lat="37.073627" lon="-121.887176"><ele>634.6</ele><time>2022-06-05T19:19:09Z</time></trkpt>
<trkpt lat="37.073426" lon="-121.887791"><ele>630.9</ele><time>2022-06-05T19:19:17Z</time></trkpt>
<trkpt lat="37.073502" lon="-121.887989"><ele>629.4</ele><time>2022-06-05T19:19:20Z</time></trkpt>
<trkpt lat="37.073719" lon="-121.888072"><ele>628.0</ele><time>2022-06-05T19:19:24Z</time></trkpt>
<trkpt lat="37.073745" lon="-121.888117"><ele>627.8</ele><time>2022-06-05T19:19:25Z</time></trkpt>
<trkpt lat="37.073745" lon="-121.888253"><ele>627.1</ele><time>2022-06-05T19:19:27Z</time></trkpt>
<trkpt lat="37.073711" lon="-121.888401"><ele>626.2</ele><time>2022-06-05T19:19:29Z</time></trkpt>
<trkpt lat="37.073603" lon="-121.888529"><ele>625.1</ele><time>2022-06-05T19:19:31Z</time></trkpt>
<trkpt lat="37.073572" lon="-121.888651"><ele>624.3</ele><time>2022-06-05T19:19:32Z</time></trkpt>
<trkpt lat="37.073513" lon="-121.889663"><ele>619.0</ele><time>2022-06-05T19:19:45Z</time></trkpt>
<trkpt lat="37.073474" lon="-121.889747"><ele>618.9</ele><time>2022-06-05T19:19:48Z</time></trkpt>
<trkpt lat="37.073431" lon="-121.889781"><ele>618.9</ele><time>2022-06-05T19:19:51Z</time></trkpt>
<trkpt lat="37.073407" lon="-121.889744"><ele>618.9</ele><time>2022-06-05T19:19:54Z</time></trkpt>
<trkpt lat="37.073409" lon="-121.889787"><ele>618.9</ele><time>2022-06-05T19:19:55Z</time></trkpt>
<trkpt lat="37.073369" lon="-121.889826"><ele>619.0</ele><time>2022-06-05T19:20:01Z</time></trkpt>
<trkpt lat="37.073407" lon="-121.889898"><ele>619.2</ele><time>2022-06-05T19:20:14Z</time></trkpt>
<trkpt lat="37.073459" lon="-121.889912"><ele>619.5</ele><time>2022-06-05T19:20:24Z</time></trkpt>
<trkpt lat="37.073438" lon="-121.889867"><ele>619.6</ele><time>2022-06-05T19:20:29Z</time></trkpt>
<trkpt lat="37.073460" lon="-121.889844"><ele>619.8</ele><time>2022-06-05T19:20:32Z</time></trkpt>
<trkpt lat="37.073476" lon="-121.889870"><ele>619.9</ele><time>2022-06-05T19:20:34Z</time></trkpt>
<trkpt lat="37.073380" lon="-121.889849"><ele>620.3</ele><time>2022-06-05T19:20:57Z</time></trkpt>
<trkpt lat="37.073519" lon="-121.889809"><ele>620.9</ele><time>2022-06-05T19:21:32Z</time></trkpt>
<trkpt lat="37.073449" lon="-121.889948"><ele>621.3</ele><time>2022-06-05T19:21:35Z</time></trkpt>
<trkpt lat="37.073446" lon="-121.889924"><ele>621.3</ele><time>2022-06-05T19:21:39Z</time></trkpt>
<trkpt lat="37.073456" lon="-121.889964"><ele>621.2</ele><time>2022-06-05T19:21:41Z</time></trkpt>
<trkpt lat="37.073472" lon="-121.889765"><ele>620.5</ele><time>2022-06-05T19:22:09Z</time></trkpt>
<trkpt lat="37.073461" lon="-121.889812"><ele>620.1</ele><time>2022-06-05T19:22:11Z</time></trkpt>
<trkpt lat="37.073500" lon="-121.889865"><ele>619.7</ele><time>2022-06-05T19:22:13Z</time></trkpt>
<trkpt lat="37.073577" lon="-121.889863"><ele>619.2</ele><time>2022-06-05T19:22:14Z</time></trkpt>
<trkpt lat="37.073740" lon="-121.889967"><ele>618.1</ele><time>2022-06-05T19:22:18Z</time></trkpt>
<trkpt lat="37.073855" lon="-121.889897"><ele>617.2</ele><time>2022-06-05T19:22:21Z</time></trkpt>
<trkpt lat="37.073885" lon="-121.889841"><ele>616.7</ele><time>2022-06-05T19:22:23Z</time></trkpt>
<trkpt lat="37.073887" lon="-121.889619"><ele>614.7</ele><time>2022-06-05T19:22:30Z</time></trkpt>
<trkpt lat="37.073987" lon="-121.889614"><ele>613.7</ele><time>2022-06-05T19:22:33Z</time></trkpt>
<trkpt lat="37.074058" lon="-121.889656"><ele>612.9</ele><time>2022-06-05T19:22:35Z</time></trkpt>
<trkpt lat="37.074066" lon="-121.890059"><ele>609.9</ele><time>2022-06-05T19:22:43Z</time></trkpt>
<trkpt lat="37.073972" lon="-121.890160"><ele>609.0</ele><time>2022-06-05T19:22:46Z</time></trkpt>
<trkpt lat="37.073931" lon="-121.890438"><ele>607.8</ele><time>2022-06-05T19:22:52Z</time></trkpt>
<trkpt lat="37.074101" lon="-121.890630"><ele>602.0</ele><time>2022-06-05T19:22:57Z</time></trkpt>
<trkpt lat="37.074274" lon="-121.890690"><ele>601.1</ele><time>2022-06-05T19:22:59Z</time></trkpt>
<trkpt lat="37.074350" lon="-121.890757"><ele>601.0</ele><time>2022-06-05T19:23:00Z</time></trkpt>
<trkpt lat="37.074307" lon="-121.890809"><ele>601.1</ele><time>2022-06-05T19:23:01Z</time></trkpt>
<trkpt lat="37.074331" lon="-121.890888"><ele>601.3</ele><time>2022-06-05T19:23:03Z</time></trkpt>
<trkpt lat="37.074466" lon="-121.890950"><ele>600.9</ele><time>2022-06-05T19:23:06Z</time></trkpt>
<trkpt lat="37.074558" lon="-121.890932"><ele>600.7</ele><time>2022-06-05T19:23:07Z</time></trkpt>
<trkpt lat="37.074671" lon="-121.890825"><ele>601.3</ele><time>2022-06-05T19:23:10Z</time></trkpt>
<trkpt lat="37.074755" lon="-121.890660"><ele>601.9</ele><time>2022-06-05T19:23:12Z</time></trkpt>
<trkpt lat="37.074750" lon="-121.890559"><ele>601.7</ele><time>2022-06-05T19:23:13Z</time></trkpt>
<trkpt lat="37.074883" lon="-121.890495"><ele>599.5</ele><time>2022-06-05T19:23:14Z</time></trkpt>
<trkpt lat="37.074902" lon="-121.890444"><ele>594.5</ele><time>2022-06-05T19:23:15Z</time></trkpt>
<trkpt lat="37.074951" lon="-121.890271"><ele>595.5</ele><time>2022-06-05T19:23:17Z</time></trkpt>
<trkpt lat="37.075060" lon="-121.890199"><ele>592.4</ele><time>2022-06-05T19:23:19Z</time></trkpt>
<trkpt lat="37.075087" lon="-121.890019"><ele>592.8</ele><time>2022-06-05T19:23:21Z</time></trkpt>
<trkpt lat="37.075236" lon="-121.889967"><ele>589.9</ele><time>2022-06-05T19:23:24Z</time></trkpt>
<trkpt lat="37.075328" lon="-121.890090"><ele>586.2</ele><time>2022-06-05T19:23:26Z</time></trkpt>
<trkpt lat="37.075336" lon="-121.890155"><ele>586.3</ele><time>2022-06-05T19:23:27Z</time></trkpt>
<trkpt lat="37.075234" lon="-121.890354"><ele>587.4</ele><time>2022-06-05T19:23:29Z</time></trkpt>
<trkpt lat="37.075186" lon="-121.890346"><ele>587.5</ele><time>2022-06-05T19:23:30Z</time></trkpt>
<trkpt lat="37.075108" lon="-121.890381"><ele>592.2</ele><time>2022-06-05T19:23:31Z</time></trkpt>
<trkpt lat="37.075092" lon="-121.890418"><ele>590.2</ele><time>2022-06-05T19:23:32Z</time></trkpt>
<trkpt lat="37.075105" lon="-121.890452"><ele>590.3</ele><time>2022-06-05T19:23:33Z</time></trkpt>
<trkpt lat="37.075200" lon="-121.890472"><ele>585.1</ele><time>2022-06-05T19:23:34Z</time></trkpt>
<trkpt lat="37.075226" lon="-121.890448"><ele>585.2</ele><time>2022-06-05T19:23:35Z</time></trkpt>
<trkpt lat="37.075340" lon="-121.890465"><ele>582.5</ele><time>2022-06-05T19:23:38Z</time></trkpt>
<trkpt lat="37.075346" lon="-121.890589"><ele>580.1</ele><time>2022-06-05T19:23:40Z</time></trkpt>
<trkpt lat="37.075298" lon="-121.890676"><ele>583.7</ele><time>2022-06-05T19:23:41Z</time></trkpt>
<trkpt lat="37.075251" lon="-121.890822"><ele>581.9</ele><time>2022-06-05T19:23:43Z</time></trkpt>
<trkpt lat="37.075263" lon="-121.890981"><ele>580.4</ele><time>2022-06-05T19:23:45Z</time></trkpt>
<trkpt lat="37.075298" lon="-121.891034"><ele>580.5</ele><time>2022-06-05T19:23:46Z</time></trkpt>
<trkpt lat="37.075317" lon="-121.890969"><ele>577.1</ele><time>2022-06-05T19:23:47Z</time></trkpt>
<trkpt lat="37.075357" lon="-121.890900"><ele>579.0</ele><time>2022-06-05T19:23:49Z</time></trkpt>
<trkpt lat="37.075415" lon="-121.890900"><ele>579.1</ele><time>2022-06-05T19:23:50Z</time></trkpt>
<trkpt lat="37.075486" lon="-121.890822"><ele>576.9</ele><time>2022-06-05T19:23:52Z</time></trkpt>
<trkpt lat="37.075529" lon="-121.890832"><ele>577.0</ele><time>2022-06-05T19:23:53Z</time></trkpt>
<trkpt lat="37.075632" lon="-121.891251"><ele>572.3</ele><time>2022-06-05T19:23:58Z</time></trkpt>
<trkpt lat="37.075709" lon="-121.891419"><ele>570.7</ele><time>2022-06-05T19:24:00Z</time></trkpt>
<trkpt lat="37.075700" lon="-121.891516"><ele>569.9</ele><time>2022-06-05T19:24:01Z</time></trkpt>
<trkpt lat="37.075746" lon="-121.891683"><ele>568.7</ele><time>2022-06-05T19:24:03Z</time></trkpt>
<trkpt lat="37.075928" lon="-121.891989"><ele>566.8</ele><time>2022-06-05T19:24:07Z</time></trkpt>
<trkpt lat="37.075956" lon="-121.892098"><ele>566.2</ele><time>2022-06-05T19:24:09Z</time></trkpt>
<trkpt lat="37.075932" lon="-121.892239"><ele>565.4</ele><time>2022-06-05T19:24:11Z</time></trkpt>
<trkpt lat="37.075833" lon="-121.892332"><ele>564.5</ele><time>2022-06-05T19:24:12Z</time></trkpt>
<trkpt lat="37.075852" lon="-121.892417"><ele>564.0</ele><time>2022-06-05T19:24:13Z</time></trkpt>
<trkpt lat="37.075825" lon="-121.892533"><ele>563.4</ele><time>2022-06-05T19:24:15Z</time></trkpt>
<trkpt lat="37.075944" lon="-121.892715"><ele>562.6</ele><time>2022-06-05T19:24:19Z</time></trkpt>
<trkpt lat="37.075966" lon="-121.892954"><ele>562.5</ele><time>2022-06-05T19:24:23Z</time></trkpt>
<trkpt lat="37.075868" lon="-121.893051"><ele>562.5</ele><time>2022-06-05T19:24:25Z</time></trkpt>
<trkpt lat="37.075788" lon="-121.893063"><ele>562.4</ele><time>2022-06-05T19:24:26Z</time></trkpt>
<trkpt lat="37.075623" lon="-121.893276"><ele>561.5</ele><time>2022-06-05T19:24:31Z</time></trkpt>
<trkpt lat="37.075569" lon="-121.893279"><ele>561.2</ele><time>2022-06-05T19:24:32Z</time></trkpt>
<trkpt lat="37.075586" lon="-121.893614"><ele>560.0</ele><time>2022-06-05T19:24:37Z</time></trkpt>
<trkpt lat="37.075475" lon="-121.893882"><ele>559.2</ele><time>2022-06-05T19:24:42Z</time></trkpt>
<trkpt lat="37.075543" lon="-121.893999"><ele>558.5</ele><time>2022-06-05T19:24:44Z</time></trkpt>
<trkpt lat="37.075570" lon="-121.893947"><ele>558.0</ele><time>2022-06-05T19:24:45Z</time></trkpt>
<trkpt lat="37.075716" lon="-121.893875"><ele>556.2</ele><time>2022-06-05T19:24:47Z</time></trkpt>
<trkpt lat="37.075845" lon="-121.893636"><ele>553.3</ele><time>2022-06-05T19:24:50Z</time></trkpt>
<trkpt lat="37.076073" lon="-121.893610"><ele>550.7</ele><time>2022-06-05T19:24:53Z</time></trkpt>
<trkpt lat="37.076233" lon="-121.893535"><ele>549.3</ele><time>2022-06-05T19:24:55Z</time></trkpt>
<trkpt lat="37.076311" lon="-121.893550"><ele>548.5</ele><time>2022-06-05T19:24:57Z</time></trkpt>
<trkpt lat="37.076269" lon="-121.893518"><ele>548.0</ele><time>2022-06-05T19:24:58Z</time></trkpt>
<trkpt lat="37.076283" lon="-121.893371"><ele>546.5</ele><time>2022-06-05T19:25:00Z</time></trkpt>
<trkpt lat="37.076212" lon="-121.893276"><ele>545.2</ele><time>2022-06-05T19:25:01Z</time></trkpt>
<trkpt lat="37.076200" lon="-121.893024"><ele>543.2</ele><time>2022-06-05T19:25:04Z</time></trkpt>
<trkpt lat="37.076166" lon="-121.892927"><ele>542.6</ele><time>2022-06-05T19:25:05Z</time></trkpt>
<trkpt lat="37.076215" lon="-121.892931"><ele>542.2</ele><time>2022-06-05T19:25:06Z</time></trkpt>
<trkpt lat="37.076386" lon="-121.892831"><ele>540.8</ele><time>2022-06-05T19:25:09Z</time></trkpt>
<trkpt lat="37.076446" lon="-121.892770"><ele>540.1</ele><time>2022-06-05T19:25:10Z</time></trkpt>
<trkpt lat="37.076455" lon="-121.892675"><ele>539.5</ele><time>2022-06-05T19:25:11Z</time></trkpt>
<trkpt lat="37.076647" lon="-121.892543"><ele>538.2</ele><time>2022-06-05T19:25:15Z</time></trkpt>
<trkpt lat="37.076701" lon="-121.892471"><ele>537.8</ele><time>2022-06-05T19:25:16Z</time></trkpt>
<trkpt lat="37.076727" lon="-121.892366"><ele>537.5</ele><time>2022-06-05T19:25:18Z</time></trkpt>
<trkpt lat="37.076762" lon="-121.892373"><ele>537.4</ele><time>2022-06-05T19:25:19Z</time></trkpt>
<trkpt lat="37.076771" lon="-121.892214"><ele>536.9</ele><time>2022-06-05T19:25:22Z</time></trkpt>
<trkpt lat="37.076848" lon="-121.892034"><ele>536.4</ele><time>2022-06-05T19:25:24Z</time></trkpt>
<trkpt lat="37.076874" lon="-121.891868"><ele>535.7</ele><time>2022-06-05T19:25:26Z</time></trkpt>
<trkpt lat="37.076972" lon="-121.891747"><ele>535.1</ele><time>2022-06-05T19:25:28Z</time></trkpt>
<trkpt lat="37.077024" lon="-121.891607"><ele>534.7</ele><time>2022-06-05T19:25:29Z</time></trkpt>
<trkpt lat="37.077017" lon="-121.891523"><ele>534.3</ele><time>2022-06-05T19:25:30Z</time></trkpt>
<trkpt lat="37.077068" lon="-121.891467"><ele>533.8</ele><time>2022-06-05T19:25:31Z</time></trkpt>
<trkpt lat="37.077109" lon="-121.891479"><ele>533.4</ele><time>2022-06-05T19:25:32Z</time></trkpt>
<trkpt lat="37.077153" lon="-121.891723"><ele>530.5</ele><time>2022-06-05T19:25:38Z</time></trkpt>
<trkpt lat="37.077110" lon="-121.891877"><ele>528.8</ele><time>2022-06-05T19:25:40Z</time></trkpt>
<trkpt lat="37.077130" lon="-121.892032"><ele>527.1</ele><time>2022-06-05T19:25:42Z</time></trkpt>
<trkpt lat="37.077095" lon="-121.892278"><ele>524.7</ele><time>2022-06-05T19:25:44Z</time></trkpt>
<trkpt lat="37.077039" lon="-121.892407"><ele>523.5</ele><time>2022-06-05T19:25:46Z</time></trkpt>
<trkpt lat="37.077033" lon="-121.892509"><ele>522.7</ele><time>2022-06-05T19:25:47Z</time></trkpt>
<trkpt lat="37.077060" lon="-121.892571"><ele>522.2</ele><time>2022-06-05T19:25:48Z</time></trkpt>
<trkpt lat="37.077025" lon="-121.892628"><ele>521.8</ele><time>2022-06-05T19:25:49Z</time></trkpt>
<trkpt lat="37.077026" lon="-121.892708"><ele>521.3</ele><time>2022-06-05T19:25:50Z</time></trkpt>
<trkpt lat="37.076977" lon="-121.892774"><ele>520.9</ele><time>2022-06-05T19:25:51Z</time></trkpt>
<trkpt lat="37.077005" lon="-121.892928"><ele>520.1</ele><time>2022-06-05T19:25:54Z</time></trkpt>
<trkpt lat="37.077046" lon="-121.892924"><ele>519.8</ele><time>2022-06-05T19:25:55Z</time></trkpt>
<trkpt lat="37.076981" lon="-121.893143"><ele>518.4</ele><time>2022-06-05T19:25:58Z</time></trkpt>
<trkpt lat="37.077010" lon="-121.893362"><ele>517.0</ele><time>2022-06-05T19:26:01Z</time></trkpt>
<trkpt lat="37.076981" lon="-121.893447"><ele>516.4</ele><time>2022-06-05T19:26:02Z</time></trkpt>
<trkpt lat="37.076984" lon="-121.893529"><ele>515.9</ele><time>2022-06-05T19:26:03Z</time></trkpt>
<trkpt lat="37.077216" lon="-121.894050"><ele>513.7</ele><time>2022-06-05T19:26:12Z</time></trkpt>
<trkpt lat="37.077173" lon="-121.894120"><ele>513.7</ele><time>2022-06-05T19:26:13Z</time></trkpt>
<trkpt lat="37.077184" lon="-121.894332"><ele>513.7</ele><time>2022-06-05T19:26:17Z</time></trkpt>
<trkpt lat="37.077125" lon="-121.894537"><ele>513.4</ele><time>2022-06-05T19:26:20Z</time></trkpt>
<trkpt lat="37.077177" lon="-121.894675"><ele>512.8</ele><time>2022-06-05T19:26:22Z</time></trkpt>
<trkpt lat="37.077205" lon="-121.894685"><ele>511.9</ele><time>2022-06-05T19:26:23Z</time></trkpt>
<trkpt lat="37.077220" lon="-121.894564"><ele>510.7</ele><time>2022-06-05T19:26:26Z</time></trkpt>
<trkpt lat="37.077189" lon="-121.894500"><ele>510.1</ele><time>2022-06-05T19:26:27Z</time></trkpt>
<trkpt lat="37.077174" lon="-121.894288"><ele>508.7</ele><time>2022-06-05T19:26:30Z</time></trkpt>
<trkpt lat="37.077201" lon="-121.894161"><ele>508.0</ele><time>2022-06-05T19:26:32Z</time></trkpt>
<trkpt lat="37.077197" lon="-121.893865"><ele>506.9</ele><time>2022-06-05T19:26:37Z</time></trkpt>
<trkpt lat="37.077225" lon="-121.893769"><ele>506.5</ele><time>2022-06-05T19:26:43Z</time></trkpt>
<trkpt lat="37.077286" lon="-121.893693"><ele>506.2</ele><time>2022-06-05T19:26:44Z</time></trkpt>
<trkpt lat="37.077247" lon="-121.893630"><ele>506.0</ele><time>2022-06-05T19:26:46Z</time></trkpt>
<trkpt lat="37.077251" lon="-121.893528"><ele>505.8</ele><time>2022-06-05T19:26:47Z</time></trkpt>
<trkpt lat="37.077293" lon="-121.893513"><ele>505.7</ele><time>2022-06-05T19:26:48Z</time></trkpt>
<trkpt lat="37.077327" lon="-121.893387"><ele>505.3</ele><time>2022-06-05T19:26:50Z</time></trkpt>
<trkpt lat="37.077272" lon="-121.893212"><ele>504.8</ele><time>2022-06-05T19:26:54Z</time></trkpt>
<trkpt lat="37.077281" lon="-121.893160"><ele>504.7</ele><time>2022-06-05T19:26:55Z</time></trkpt>
<trkpt lat="37.077487" lon="-121.892748"><ele>503.4</ele><time>2022-06-05T19:27:03Z</time></trkpt>
<trkpt lat="37.077543" lon="-121.892749"><ele>503.2</ele><time>2022-06-05T19:27:05Z</time></trkpt>
<trkpt lat="37.077662" lon="-121.892622"><ele>502.6</ele><time>2022-06-05T19:27:10Z</time></trkpt>
<trkpt lat="37.077704" lon="-121.892442"><ele>502.2</ele><time>2022-06-05T19:27:14Z</time></trkpt>
<trkpt lat="37.077761" lon="-121.892477"><ele>502.2</ele><time>2022-06-05T19:27:15Z</time></trkpt>
<trkpt lat="37.077791" lon="-121.892494"><ele>497.6</ele><time>2022-06-05T19:27:16Z</time></trkpt>
<trkpt lat="37.077803" lon="-121.892537"><ele>497.7</ele><time>2022-06-05T19:27:18Z</time></trkpt>
<trkpt lat="37.077860" lon="-121.892436"><ele>498.5</ele><time>2022-06-05T19:27:22Z</time></trkpt>
<trkpt lat="37.077879" lon="-121.892465"><ele>497.8</ele><time>2022-06-05T19:27:23Z</time></trkpt>
<trkpt lat="37.077899" lon="-121.892433"><ele>498.6</ele><time>2022-06-05T19:27:24Z</time></trkpt>
<trkpt lat="37.077947" lon="-121.892296"><ele>495.6</ele><time>2022-06-05T19:27:28Z</time></trkpt>
<trkpt lat="37.078145" lon="-121.892253"><ele>493.0</ele><time>2022-06-05T19:27:33Z</time></trkpt>
<trkpt lat="37.078180" lon="-121.892305"><ele>494.5</ele><time>2022-06-05T19:27:35Z</time></trkpt>
<trkpt lat="37.078221" lon="-121.892265"><ele>490.9</ele><time>2022-06-05T19:27:36Z</time></trkpt>
<trkpt lat="37.078228" lon="-121.892199"><ele>491.0</ele><time>2022-06-05T19:27:37Z</time></trkpt>
<trkpt lat="37.078275" lon="-121.892196"><ele>491.0</ele><time>2022-06-05T19:27:38Z</time></trkpt>
<trkpt lat="37.078310" lon="-121.892220"><ele>491.0</ele><time>2022-06-05T19:27:39Z</time></trkpt>
<trkpt lat="37.078410" lon="-121.892202"><ele>487.6</ele><time>2022-06-05T19:27:40Z</time></trkpt>
<trkpt lat="37.078487" lon="-121.892229"><ele>483.3</ele><time>2022-06-05T19:27:41Z</time></trkpt>
<trkpt lat="37.078575" lon="-121.892364"><ele>487.2</ele><time>2022-06-05T19:27:43Z</time></trkpt>
<trkpt lat="37.078610" lon="-121.892394"><ele>479.9</ele><time>2022-06-05T19:27:44Z</time></trkpt>
<trkpt lat="37.078713" lon="-121.892763"><ele>479.6</ele><time>2022-06-05T19:27:52Z</time></trkpt>
<trkpt lat="37.078679" lon="-121.893339"><ele>470.1</ele><time>2022-06-05T19:28:08Z</time></trkpt>
<trkpt lat="37.078820" lon="-121.893373"><ele>466.9</ele><time>2022-06-05T19:28:14Z</time></trkpt>
<trkpt lat="37.078865" lon="-121.893257"><ele>468.8</ele><time>2022-06-05T19:28:20Z</time></trkpt>
<trkpt lat="37.078885" lon="-121.893237"><ele>464.5</ele><time>2022-06-05T19:28:21Z</time></trkpt>
<trkpt lat="37.078939" lon="-121.893149"><ele>464.5</ele><time>2022-06-05T19:28:24Z</time></trkpt>
<trkpt lat="37.078963" lon="-121.893069"><ele>467.3</ele><time>2022-06-05T19:28:26Z</time></trkpt>
<trkpt lat="37.078999" lon="-121.893123"><ele>467.3</ele><time>2022-06-05T19:28:27Z</time></trkpt>
<trkpt lat="37.079037" lon="-121.893151"><ele>459.1</ele><time>2022-06-05T19:28:29Z</time></trkpt>
<trkpt lat="37.079059" lon="-121.893271"><ele>459.3</ele><time>2022-06-05T19:28:36Z</time></trkpt>
<trkpt lat="37.079038" lon="-121.893355"><ele>457.4</ele><time>2022-06-05T19:28:40Z</time></trkpt>
<trkpt lat="37.079114" lon="-121.893481"><ele>457.5</ele><time>2022-06-05T19:28:43Z</time></trkpt>
<trkpt lat="37.079106" lon="-121.893515"><ele>456.0</ele><time>2022-06-05T19:28:45Z</time></trkpt>
<trkpt lat="37.079106" lon="-121.893471"><ele>457.5</ele><time>2022-06-05T19:28:46Z</time></trkpt>
<trkpt lat="37.079138" lon="-121.893432"><ele>457.6</ele><time>2022-06-05T19:28:47Z</time></trkpt>
<trkpt lat="37.079155" lon="-121.893441"><ele>453.5</ele><time>2022-06-05T19:28:48Z</time></trkpt>
<trkpt lat="37.079210" lon="-121.893335"><ele>453.6</ele><time>2022-06-05T19:28:52Z</time></trkpt>
<trkpt lat="37.079285" lon="-121.893321"><ele>452.5</ele><time>2022-06-05T19:28:54Z</time></trkpt>
<trkpt lat="37.079352" lon="-121.893385"><ele>452.6</ele><time>2022-06-05T19:28:57Z</time></trkpt>
<trkpt lat="37.079358" lon="-121.893509"><ele>450.3</ele><time>2022-06-05T19:29:00Z</time></trkpt>
<trkpt lat="37.079335" lon="-121.893572"><ele>450.3</ele><time>2022-06-05T19:29:01Z</time></trkpt>
<trkpt lat="37.079371" lon="-121.893645"><ele>450.3</ele><time>2022-06-05T19:29:03Z</time></trkpt>
<trkpt lat="37.079355" lon="-121.893693"><ele>447.1</ele><time>2022-06-05T19:29:04Z</time></trkpt>
<trkpt lat="37.079347" lon="-121.893782"><ele>447.1</ele><time>2022-06-05T19:29:06Z</time></trkpt>
<trkpt lat="37.079417" lon="-121.893943"><ele>444.8</ele><time>2022-06-05T19:29:09Z</time></trkpt>
<trkpt lat="37.079473" lon="-121.893943"><ele>441.9</ele><time>2022-06-05T19:29:10Z</time></trkpt>
<trkpt lat="37.079452" lon="-121.893804"><ele>444.1</ele><time>2022-06-05T19:29:15Z</time></trkpt>
<trkpt lat="37.079485" lon="-121.893752"><ele>444.1</ele><time>2022-06-05T19:29:18Z</time></trkpt>
<trkpt lat="37.079523" lon="-121.893756"><ele>444.2</ele><time>2022-06-05T19:29:19Z</time></trkpt>
<trkpt lat="37.079554" lon="-121.893792"><ele>444.2</ele><time>2022-06-05T19:29:20Z</time></trkpt>
<trkpt lat="37.079570" lon="-121.893847"><ele>439.3</ele><time>2022-06-05T19:29:22Z</time></trkpt>
<trkpt lat="37.079641" lon="-121.893974"><ele>439.4</ele><time>2022-06-05T19:29:27Z</time></trkpt>
<trkpt lat="37.079692" lon="-121.893999"><ele>439.7</ele><time>2022-06-05T19:29:28Z</time></trkpt>
<trkpt lat="37.079722" lon="-121.894039"><ele>436.7</ele><time>2022-06-05T19:29:30Z</time></trkpt>
<trkpt lat="37.079717" lon="-121.894191"><ele>436.0</ele><time>2022-06-05T19:29:33Z</time></trkpt>
<trkpt lat="37.079689" lon="-121.894170"><ele>439.1</ele><time>2022-06-05T19:29:34Z</time></trkpt>
<trkpt lat="37.079697" lon="-121.894274"><ele>436.1</ele><time>2022-06-05T19:29:37Z</time></trkpt>
<trkpt lat="37.079765" lon="-121.894392"><ele>434.1</ele><time>2022-06-05T19:29:41Z</time></trkpt>
<trkpt lat="37.079863" lon="-121.894489"><ele>429.1</ele><time>2022-06-05T19:29:42Z</time></trkpt>
<trkpt lat="37.079887" lon="-121.894652"><ele>427.9</ele><time>2022-06-05T19:29:44Z</time></trkpt>
<trkpt lat="37.079864" lon="-121.894737"><ele>429.0</ele><time>2022-06-05T19:29:45Z</time></trkpt>
<trkpt lat="37.079831" lon="-121.894703"><ele>433.2</ele><time>2022-06-05T19:29:46Z</time></trkpt>
<trkpt lat="37.079825" lon="-121.894743"><ele>433.2</ele><time>2022-06-05T19:29:47Z</time></trkpt>
<trkpt lat="37.079868" lon="-121.894957"><ele>430.2</ele><time>2022-06-05T19:29:51Z</time></trkpt>
<trkpt lat="37.079860" lon="-121.895108"><ele>428.5</ele><time>2022-06-05T19:29:53Z</time></trkpt>
<trkpt lat="37.079825" lon="-121.895217"><ele>431.7</ele><time>2022-06-05T19:29:56Z</time></trkpt>
<trkpt lat="37.079758" lon="-121.895292"><ele>431.7</ele><time>2022-06-05T19:29:59Z</time></trkpt>
<trkpt lat="37.079803" lon="-121.895455"><ele>428.5</ele><time>2022-06-05T19:30:03Z</time></trkpt>
<trkpt lat="37.079858" lon="-121.895462"><ele>423.5</ele><time>2022-06-05T19:30:06Z</time></trkpt>
<trkpt lat="37.079843" lon="-121.895570"><ele>423.0</ele><time>2022-06-05T19:30:11Z</time></trkpt>
<trkpt lat="37.079904" lon="-121.895667"><ele>423.1</ele><time>2022-06-05T19:30:13Z</time></trkpt>
<trkpt lat="37.079868" lon="-121.895804"><ele>424.4</ele><time>2022-06-05T19:30:18Z</time></trkpt>
<trkpt lat="37.079906" lon="-121.895815"><ele>424.5</ele><time>2022-06-05T19:30:20Z</time></trkpt>
<trkpt lat="37.079950" lon="-121.895913"><ele>425.1</ele><time>2022-06-05T19:30:22Z</time></trkpt>
<trkpt lat="37.079975" lon="-121.895909"><ele>422.5</ele><time>2022-06-05T19:30:23Z</time></trkpt>
<trkpt lat="37.080048" lon="-121.896043"><ele>422.6</ele><time>2022-06-05T19:30:27Z</time></trkpt>
<trkpt lat="37.080047" lon="-121.896130"><ele>422.8</ele><time>2022-06-05T19:30:29Z</time></trkpt>
<trkpt lat="37.080108" lon="-121.896273"><ele>420.7</ele><time>2022-06-05T19:30:34Z</time></trkpt>
<trkpt lat="37.080086" lon="-121.896269"><ele>424.9</ele><time>2022-06-05T19:30:35Z</time></trkpt>
<trkpt lat="37.080088" lon="-121.896381"><ele>424.9</ele><time>2022-06-05T19:30:37Z</time></trkpt>
<trkpt lat="37.080092" lon="-121.896437"><ele>428.2</ele><time>2022-06-05T19:30:38Z</time></trkpt>
<trkpt lat="37.080119" lon="-121.896551"><ele>423.6</ele><time>2022-06-05T19:30:39Z</time></trkpt>
<trkpt lat="37.080124" lon="-121.896610"><ele>427.2</ele><time>2022-06-05T19:30:40Z</time></trkpt>
<trkpt lat="37.080165" lon="-121.896708"><ele>426.9</ele><time>2022-06-05T19:30:42Z</time></trkpt>
<trkpt lat="37.080150" lon="-121.896841"><ele>426.3</ele><time>2022-06-05T19:30:45Z</time></trkpt>
<trkpt lat="37.080228" lon="-121.897168"><ele>424.7</ele><time>2022-06-05T19:30:51Z</time></trkpt>
<trkpt lat="37.080195" lon="-121.897361"><ele>423.8</ele><time>2022-06-05T19:30:55Z</time></trkpt>
<trkpt lat="37.080137" lon="-121.897446"><ele>423.4</ele><time>2022-06-05T19:30:59Z</time></trkpt>
<trkpt lat="37.080023" lon="-121.897440"><ele>422.8</ele><time>2022-06-05T19:31:07Z</time></trkpt>
<trkpt lat="37.080042" lon="-121.897406"><ele>422.7</ele><time>2022-06-05T19:31:10Z</time></trkpt>
<trkpt lat="37.079954" lon="-121.897479"><ele>421.9</ele><time>2022-06-05T19:38:37Z</time></trkpt>
<trkpt lat="37.079917" lon="-121.897440"><ele>421.6</ele><time>2022-06-05T19:38:47Z</time></trkpt>
<trkpt lat="37.079925" lon="-121.897407"><ele>421.5</ele><time>2022-06-05T19:38:48Z</time></trkpt>
<trkpt lat="37.079993" lon="-121.897564"><ele>420.8</ele><time>2022-06-05T19:38:58Z</time></trkpt>
<trkpt lat="37.079929" lon="-121.897534"><ele>420.5</ele><time>2022-06-05T19:40:27Z</time></trkpt>
<trkpt lat="37.079923" lon="-121.897589"><ele>420.3</ele><time>2022-06-05T19:40:31Z</time></trkpt>
<trkpt lat="37.079949" lon="-121.897507"><ele>419.9</ele><time>2022-06-05T19:40:49Z</time></trkpt>
<trkpt lat="37.079957" lon="-121.897550"><ele>419.4</ele><time>2022-06-05T19:40:54Z</time></trkpt>
<trkpt lat="37.080043" lon="-121.897442"><ele>418.8</ele><time>2022-06-05T19:40:58Z</time></trkpt>
<trkpt lat="37.079981" lon="-121.897382"><ele>418.4</ele><time>2022-06-05T19:41:02Z</time></trkpt>
<trkpt lat="37.079985" lon="-121.897347"><ele>418.3</ele><time>2022-06-05T19:41:08Z</time></trkpt>
<trkpt lat="37.080036" lon="-121.897502"><ele>417.5</ele><time>2022-06-05T19:42:37Z</time></trkpt>
<trkpt lat="37.080070" lon="-121.897874"><ele>414.1</ele><time>2022-06-05T19:42:41Z</time></trkpt>
<trkpt lat="37.080003" lon="-121.898166"><ele>412.3</ele><time>2022-06-05T19:42:45Z</time></trkpt>
<trkpt lat="37.079948" lon="-121.898312"><ele>411.6</ele><time>2022-06-05T19:42:46Z</time></trkpt>
<trkpt lat="37.079883" lon="-121.898358"><ele>411.3</ele><time>2022-06-05T19:42:47Z</time></trkpt>
<trkpt lat="37.079877" lon="-121.898430"><ele>411.1</ele><time>2022-06-05T19:42:48Z</time></trkpt>
<trkpt lat="37.079941" lon="-121.898485"><ele>407.6</ele><time>2022-06-05T19:42:49Z</time></trkpt>
<trkpt lat="37.079968" lon="-121.898446"><ele>409.2</ele><time>2022-06-05T19:42:51Z</time></trkpt>
<trkpt lat="37.079989" lon="-121.898244"><ele>407.8</ele><time>2022-06-05T19:42:54Z</time></trkpt>
<trkpt lat="37.080185" lon="-121.898220"><ele>406.5</ele><time>2022-06-05T19:42:56Z</time></trkpt>
<trkpt lat="37.080230" lon="-121.898171"><ele>405.9</ele><time>2022-06-05T19:42:57Z</time></trkpt>
<trkpt lat="37.080302" lon="-121.898219"><ele>405.1</ele><time>2022-06-05T19:42:58Z</time></trkpt>
<trkpt lat="37.080312" lon="-121.898326"><ele>404.1</ele><time>2022-06-05T19:42:59Z</time></trkpt>
<trkpt lat="37.080271" lon="-121.898414"><ele>403.0</ele><time>2022-06-05T19:43:00Z</time></trkpt>
<trkpt lat="37.080205" lon="-121.898469"><ele>401.9</ele><time>2022-06-05T19:43:01Z</time></trkpt>
<trkpt lat="37.080209" lon="-121.898506"><ele>401.5</ele><time>2022-06-05T19:43:02Z</time></trkpt>
<trkpt lat="37.080356" lon="-121.898491"><ele>399.3</ele><time>2022-06-05T19:43:05Z</time></trkpt>
<trkpt lat="37.080402" lon="-121.898431"><ele>398.3</ele><time>2022-06-05T19:43:06Z</time></trkpt>
<trkpt lat="37.080450" lon="-121.898474"><ele>397.5</ele><time>2022-06-05T19:43:07Z</time></trkpt>
<trkpt lat="37.080391" lon="-121.898768"><ele>395.1</ele><time>2022-06-05T19:43:10Z</time></trkpt>
<trkpt lat="37.080315" lon="-121.898943"><ele>393.8</ele><time>2022-06-05T19:43:12Z</time></trkpt>
<trkpt lat="37.080254" lon="-121.899028"><ele>392.8</ele><time>2022-06-05T19:43:13Z</time></trkpt>
<trkpt lat="37.080143" lon="-121.899082"><ele>391.3</ele><time>2022-06-05T19:43:15Z</time></trkpt>
<trkpt lat="37.080083" lon="-121.899219"><ele>389.8</ele><time>2022-06-05T19:43:18Z</time></trkpt>
<trkpt lat="37.080123" lon="-121.899237"><ele>389.3</ele><time>2022-06-05T19:43:19Z</time></trkpt>
<trkpt lat="37.080348" lon="-121.899184"><ele>387.6</ele><time>2022-06-05T19:43:22Z</time></trkpt>
<trkpt lat="37.080446" lon="-121.899090"><ele>386.8</ele><time>2022-06-05T19:43:24Z</time></trkpt>
<trkpt lat="37.080600" lon="-121.898897"><ele>385.1</ele><time>2022-06-05T19:43:28Z</time></trkpt>
<trkpt lat="37.080665" lon="-121.898652"><ele>383.6</ele><time>2022-06-05T19:43:32Z</time></trkpt>
<trkpt lat="37.080767" lon="-121.898563"><ele>383.0</ele><time>2022-06-05T19:43:33Z</time></trkpt>
<trkpt lat="37.080905" lon="-121.898359"><ele>382.4</ele><time>2022-06-05T19:43:36Z</time></trkpt>
<trkpt lat="37.080941" lon="-121.898113"><ele>381.8</ele><time>2022-06-05T19:43:40Z</time></trkpt>
<trkpt lat="37.080996" lon="-121.897980"><ele>381.4</ele><time>2022-06-05T19:43:42Z</time></trkpt>
<trkpt lat="37.081011" lon="-121.897759"><ele>380.8</ele><time>2022-06-05T19:43:46Z</time></trkpt>
<trkpt lat="37.081156" lon="-121.897558"><ele>379.9</ele><time>2022-06-05T19:43:48Z</time></trkpt>
<trkpt lat="37.081296" lon="-121.897189"><ele>377.6</ele><time>2022-06-05T19:43:53Z</time></trkpt>
<trkpt lat="37.081265" lon="-121.897032"><ele>376.2</ele><time>2022-06-05T19:43:56Z</time></trkpt>
<trkpt lat="37.081226" lon="-121.897005"><ele>375.6</ele><time>2022-06-05T19:43:59Z</time></trkpt>
<trkpt lat="37.081261" lon="-121.896892"><ele>374.4</ele><time>2022-06-05T19:44:02Z</time></trkpt>
<trkpt lat="37.081231" lon="-121.896815"><ele>373.8</ele><time>2022-06-05T19:44:04Z</time></trkpt>
<trkpt lat="37.081142" lon="-121.896733"><ele>373.0</ele><time>2022-06-05T19:44:05Z</time></trkpt>
<trkpt lat="37.081117" lon="-121.896584"><ele>372.3</ele><time>2022-06-05T19:44:08Z</time></trkpt>
<trkpt lat="37.081383" lon="-121.896314"><ele>370.8</ele><time>2022-06-05T19:44:13Z</time></trkpt>
<trkpt lat="37.081442" lon="-121.896373"><ele>370.2</ele><time>2022-06-05T19:44:15Z</time></trkpt>
<trkpt lat="37.081557" lon="-121.896402"><ele>368.8</ele><time>2022-06-05T19:44:17Z</time></trkpt>
<trkpt lat="37.081601" lon="-121.896458"><ele>368.0</ele><time>2022-06-05T19:44:18Z</time></trkpt>
<trkpt lat="37.081626" lon="-121.896581"><ele>366.9</ele><time>2022-06-05T19:44:19Z</time></trkpt>
<trkpt lat="37.081601" lon="-121.896659"><ele>366.3</ele><time>2022-06-05T19:44:20Z</time></trkpt>
<trkpt lat="37.081734" lon="-121.896815"><ele>364.7</ele><time>2022-06-05T19:44:23Z</time></trkpt>
<trkpt lat="37.081779" lon="-121.896781"><ele>364.2</ele><time>2022-06-05T19:44:24Z</time></trkpt>
<trkpt lat="37.081754" lon="-121.896811"><ele>363.8</ele><time>2022-06-05T19:44:25Z</time></trkpt>
<trkpt lat="37.081742" lon="-121.897032"><ele>362.2</ele><time>2022-06-05T19:44:28Z</time></trkpt>
<trkpt lat="37.081768" lon="-121.897177"><ele>361.1</ele><time>2022-06-05T19:44:31Z</time></trkpt>
<trkpt lat="37.081881" lon="-121.897459"><ele>358.5</ele><time>2022-06-05T19:44:35Z</time></trkpt>
<trkpt lat="37.082011" lon="-121.897533"><ele>357.2</ele><time>2022-06-05T19:44:37Z</time></trkpt>
<trkpt lat="37.082093" lon="-121.897692"><ele>356.0</ele><time>2022-06-05T19:44:39Z</time></trkpt>
<trkpt lat="37.081908" lon="-121.898019"><ele>353.0</ele><time>2022-06-05T19:44:45Z</time></trkpt>
<trkpt lat="37.081927" lon="-121.898220"><ele>351.4</ele><time>2022-06-05T19:44:49Z</time></trkpt>
<trkpt lat="37.081975" lon="-121.898251"><ele>351.0</ele><time>2022-06-05T19:44:52Z</time></trkpt>
<trkpt lat="37.082022" lon="-121.898211"><ele>350.5</ele><time>2022-06-05T19:44:54Z</time></trkpt>
<trkpt lat="37.082148" lon="-121.898083"><ele>348.7</ele><time>2022-06-05T19:44:56Z</time></trkpt>
<trkpt lat="37.082219" lon="-121.897949"><ele>346.9</ele><time>2022-06-05T19:44:58Z</time></trkpt>
<trkpt lat="37.082189" lon="-121.897998"><ele>346.3</ele><time>2022-06-05T19:45:00Z</time></trkpt>
<trkpt lat="37.082193" lon="-121.898119"><ele>345.1</ele><time>2022-06-05T19:45:01Z</time></trkpt>
<trkpt lat="37.082128" lon="-121.898227"><ele>343.9</ele><time>2022-06-05T19:45:05Z</time></trkpt>
<trkpt lat="37.082168" lon="-121.898268"><ele>343.4</ele><time>2022-06-05T19:45:06Z</time></trkpt>
<trkpt lat="37.082102" lon="-121.898418"><ele>342.2</ele><time>2022-06-05T19:45:09Z</time></trkpt>
<trkpt lat="37.082106" lon="-121.898547"><ele>341.4</ele><time>2022-06-05T19:45:11Z</time></trkpt>
<trkpt lat="37.082044" lon="-121.898568"><ele>341.0</ele><time>2022-06-05T19:45:12Z</time></trkpt>
<trkpt lat="37.082034" lon="-121.898642"><ele>340.6</ele><time>2022-06-05T19:45:13Z</time></trkpt>
<trkpt lat="37.082045" lon="-121.898887"><ele>338.7</ele><time>2022-06-05T19:45:17Z</time></trkpt>
<trkpt lat="37.082123" lon="-121.899116"><ele>336.8</ele><time>2022-06-05T19:45:20Z</time></trkpt>
<trkpt lat="37.082131" lon="-121.899327"><ele>335.7</ele><time>2022-06-05T19:45:24Z</time></trkpt>
<trkpt lat="37.082036" lon="-121.899619"><ele>334.6</ele><time>2022-06-05T19:45:31Z</time></trkpt>
<trkpt lat="37.082049" lon="-121.899704"><ele>334.4</ele><time>2022-06-05T19:45:32Z</time></trkpt>
<trkpt lat="37.081994" lon="-121.900168"><ele>333.9</ele><time>2022-06-05T19:45:38Z</time></trkpt>
<trkpt lat="37.081932" lon="-121.900181"><ele>334.0</ele><time>2022-06-05T19:45:39Z</time></trkpt>
<trkpt lat="37.081932" lon="-121.900315"><ele>334.0</ele><time>2022-06-05T19:45:43Z</time></trkpt>
<trkpt lat="37.081869" lon="-121.900350"><ele>334.1</ele><time>2022-06-05T19:45:45Z</time></trkpt>
<trkpt lat="37.081829" lon="-121.900424"><ele>334.0</ele><time>2022-06-05T19:45:47Z</time></trkpt>
<trkpt lat="37.081795" lon="-121.900566"><ele>333.7</ele><time>2022-06-05T19:45:51Z</time></trkpt>
<trkpt lat="37.081812" lon="-121.900766"><ele>333.1</ele><time>2022-06-05T19:45:56Z</time></trkpt>
<trkpt lat="37.081741" lon="-121.900943"><ele>332.0</ele><time>2022-06-05T19:49:07Z</time></trkpt>
<trkpt lat="37.081772" lon="-121.900942"><ele>331.6</ele><time>2022-06-05T19:49:10Z</time></trkpt>
<trkpt lat="37.081713" lon="-121.901043"><ele>330.6</ele><time>2022-06-05T19:50:42Z</time></trkpt>
<trkpt lat="37.081771" lon="-121.901104"><ele>329.6</ele><time>2022-06-05T19:50:44Z</time></trkpt>
<trkpt lat="37.081839" lon="-121.901291"><ele>327.6</ele><time>2022-06-05T19:50:47Z</time></trkpt>
<trkpt lat="37.081853" lon="-121.901616"><ele>324.9</ele><time>2022-06-05T19:50:50Z</time></trkpt>
<trkpt lat="37.081816" lon="-121.901716"><ele>324.2</ele><time>2022-06-05T19:50:51Z</time></trkpt>
<trkpt lat="37.081918" lon="-121.901898"><ele>323.0</ele><time>2022-06-05T19:50:54Z</time></trkpt>
<trkpt lat="37.081996" lon="-121.901930"><ele>322.6</ele><time>2022-06-05T19:50:55Z</time></trkpt>
<trkpt lat="37.082087" lon="-121.902074"><ele>322.0</ele><time>2022-06-05T19:50:57Z</time></trkpt>
<trkpt lat="37.082157" lon="-121.902264"><ele>321.4</ele><time>2022-06-05T19:50:59Z</time></trkpt>
<trkpt lat="37.082121" lon="-121.902402"><ele>320.9</ele><time>2022-06-05T19:51:01Z</time></trkpt>
<trkpt lat="37.082221" lon="-121.902729"><ele>319.1</ele><time>2022-06-05T19:51:07Z</time></trkpt>
<trkpt lat="37.082201" lon="-121.902781"><ele>318.8</ele><time>2022-06-05T19:51:08Z</time></trkpt>
<trkpt lat="37.082288" lon="-121.903055"><ele>317.6</ele><time>2022-06-05T19:51:11Z</time></trkpt>
<trkpt lat="37.082344" lon="-121.903444"><ele>316.3</ele><time>2022-06-05T19:51:16Z</time></trkpt>
<trkpt lat="37.082351" lon="-121.903519"><ele>316.1</ele><time>2022-06-05T19:51:17Z</time></trkpt>
<trkpt lat="37.082305" lon="-121.903680"><ele>315.6</ele><time>2022-06-05T19:51:19Z</time></trkpt>
<trkpt lat="37.082329" lon="-121.903788"><ele>315.1</ele><time>2022-06-05T19:51:20Z</time></trkpt>
<trkpt lat="37.082422" lon="-121.903958"><ele>313.8</ele><time>2022-06-05T19:51:22Z</time></trkpt>
<trkpt lat="37.082433" lon="-121.904257"><ele>312.2</ele><time>2022-06-05T19:51:25Z</time></trkpt>
<trkpt lat="37.082459" lon="-121.904327"><ele>311.8</ele><time>2022-06-05T19:51:26Z</time></trkpt>
<trkpt lat="37.082485" lon="-121.904339"><ele>311.7</ele><time>2022-06-05T19:51:27Z</time></trkpt>
<trkpt lat="37.082522" lon="-121.904277"><ele>311.3</ele><time>2022-06-05T19:51:28Z</time></trkpt>
<trkpt lat="37.082544" lon="-121.904170"><ele>310.6</ele><time>2022-06-05T19:51:29Z</time></trkpt>
<trkpt lat="37.082519" lon="-121.903968"><ele>309.2</ele><time>2022-06-05T19:51:31Z</time></trkpt>
<trkpt lat="37.082575" lon="-121.903756"><ele>308.0</ele><time>2022-06-05T19:51:35Z</time></trkpt>
<trkpt lat="37.082672" lon="-121.903611"><ele>307.2</ele><time>2022-06-05T19:51:37Z</time></trkpt>
<trkpt lat="37.082673" lon="-121.903550"><ele>306.9</ele><time>2022-06-05T19:51:38Z</time></trkpt>
<trkpt lat="37.082730" lon="-121.903541"><ele>306.6</ele><time>2022-06-05T19:51:39Z</time></trkpt>
<trkpt lat="37.082814" lon="-121.903424"><ele>305.9</ele><time>2022-06-05T19:51:41Z</time></trkpt>
<trkpt lat="37.082872" lon="-121.903417"><ele>305.5</ele><time>2022-06-05T19:51:42Z</time></trkpt>
<trkpt lat="37.082924" lon="-121.903469"><ele>305.1</ele><time>2022-06-05T19:51:43Z</time></trkpt>
<trkpt lat="37.082940" lon="-121.903575"><ele>304.4</ele><time>2022-06-05T19:51:44Z</time></trkpt>
<trkpt lat="37.082926" lon="-121.903684"><ele>303.5</ele><time>2022-06-05T19:51:45Z</time></trkpt>
<trkpt lat="37.082848" lon="-121.903853"><ele>301.8</ele><time>2022-06-05T19:51:47Z</time></trkpt>
<trkpt lat="37.082897" lon="-121.904141"><ele>299.6</ele><time>2022-06-05T19:51:50Z</time></trkpt>
<trkpt lat="37.082786" lon="-121.904267"><ele>298.6</ele><time>2022-06-05T19:51:53Z</time></trkpt>
<trkpt lat="37.082785" lon="-121.904326"><ele>298.3</ele><time>2022-06-05T19:51:54Z</time></trkpt>
<trkpt lat="37.082871" lon="-121.904313"><ele>297.7</ele><time>2022-06-05T19:51:56Z</time></trkpt>
<trkpt lat="37.082951" lon="-121.904174"><ele>296.4</ele><time>2022-06-05T19:51:57Z</time></trkpt>
<trkpt lat="37.083040" lon="-121.904093"><ele>295.3</ele><time>2022-06-05T19:51:59Z</time></trkpt>
<trkpt lat="37.083104" lon="-121.903865"><ele>293.6</ele><time>2022-06-05T19:52:02Z</time></trkpt>
<trkpt lat="37.083268" lon="-121.903783"><ele>291.9</ele><time>2022-06-05T19:52:05Z</time></trkpt>
<trkpt lat="37.083334" lon="-121.903925"><ele>290.4</ele><time>2022-06-05T19:52:07Z</time></trkpt>
<trkpt lat="37.083364" lon="-121.904139"><ele>288.4</ele><time>2022-06-05T19:52:09Z</time></trkpt>
<trkpt lat="37.083173" lon="-121.904504"><ele>285.1</ele><time>2022-06-05T19:52:14Z</time></trkpt>
<trkpt lat="37.083203" lon="-121.904573"><ele>284.4</ele><time>2022-06-05T19:52:15Z</time></trkpt>
<trkpt lat="37.083271" lon="-121.904540"><ele>283.5</ele><time>2022-06-05T19:52:16Z</time></trkpt>
<trkpt lat="37.083338" lon="-121.904387"><ele>281.5</ele><time>2022-06-05T19:52:19Z</time></trkpt>
<trkpt lat="37.083382" lon="-121.904478"><ele>280.2</ele><time>2022-06-05T19:52:21Z</time></trkpt>
<trkpt lat="37.083337" lon="-121.904603"><ele>278.8</ele><time>2022-06-05T19:52:23Z</time></trkpt>
<trkpt lat="37.083342" lon="-121.904671"><ele>278.1</ele><time>2022-06-05T19:52:24Z</time></trkpt>
<trkpt lat="37.083416" lon="-121.904789"><ele>276.6</ele><time>2022-06-05T19:52:26Z</time></trkpt>
<trkpt lat="37.083194" lon="-121.904992"><ele>273.9</ele><time>2022-06-05T19:52:31Z</time></trkpt>
<trkpt lat="37.083060" lon="-121.905286"><ele>272.3</ele><time>2022-06-05T19:52:35Z</time></trkpt>
<trkpt lat="37.083019" lon="-121.905435"><ele>271.7</ele><time>2022-06-05T19:52:37Z</time></trkpt>
<trkpt lat="37.083010" lon="-121.905637"><ele>271.0</ele><time>2022-06-05T19:52:40Z</time></trkpt>
<trkpt lat="37.083029" lon="-121.905674"><ele>270.9</ele><time>2022-06-05T19:52:41Z</time></trkpt>
<trkpt lat="37.083011" lon="-121.905854"><ele>270.4</ele><time>2022-06-05T19:52:44Z</time></trkpt>
<trkpt lat="37.083051" lon="-121.905916"><ele>270.1</ele><time>2022-06-05T19:52:45Z</time></trkpt>
<trkpt lat="37.083040" lon="-121.906009"><ele>269.7</ele><time>2022-06-05T19:52:47Z</time></trkpt>
<trkpt lat="37.083142" lon="-121.906027"><ele>268.8</ele><time>2022-06-05T19:52:49Z</time></trkpt>
<trkpt lat="37.083259" lon="-121.905825"><ele>266.6</ele><time>2022-06-05T19:52:52Z</time></trkpt>
<trkpt lat="37.083242" lon="-121.905647"><ele>264.9</ele><time>2022-06-05T19:52:54Z</time></trkpt>
<trkpt lat="37.083202" lon="-121.905567"><ele>264.2</ele><time>2022-06-05T19:52:55Z</time></trkpt>
<trkpt lat="37.083282" lon="-121.905392"><ele>262.6</ele><time>2022-06-05T19:52:58Z</time></trkpt>
<trkpt lat="37.083448" lon="-121.905458"><ele>260.9</ele><time>2022-06-05T19:53:00Z</time></trkpt>
<trkpt lat="37.083526" lon="-121.905440"><ele>260.1</ele><time>2022-06-05T19:53:01Z</time></trkpt>
<trkpt lat="37.083756" lon="-121.905286"><ele>257.6</ele><time>2022-06-05T19:53:04Z</time></trkpt>
<trkpt lat="37.083798" lon="-121.905173"><ele>256.8</ele><time>2022-06-05T19:53:06Z</time></trkpt>
<trkpt lat="37.083987" lon="-121.904926"><ele>255.4</ele><time>2022-06-05T19:53:11Z</time></trkpt>
<trkpt lat="37.084062" lon="-121.904928"><ele>255.0</ele><time>2022-06-05T19:53:14Z</time></trkpt>
<trkpt lat="37.084085" lon="-121.904999"><ele>254.7</ele><time>2022-06-05T19:53:15Z</time></trkpt>
<trkpt lat="37.084302" lon="-121.905103"><ele>252.7</ele><time>2022-06-05T19:53:19Z</time></trkpt>
<trkpt lat="37.084422" lon="-121.905063"><ele>251.7</ele><time>2022-06-05T19:53:21Z</time></trkpt>
<trkpt lat="37.084549" lon="-121.904923"><ele>250.4</ele><time>2022-06-05T19:53:24Z</time></trkpt>
<trkpt lat="37.084615" lon="-121.904926"><ele>250.0</ele><time>2022-06-05T19:53:25Z</time></trkpt>
<trkpt lat="37.084775" lon="-121.905049"><ele>249.1</ele><time>2022-06-05T19:53:28Z</time></trkpt>
<trkpt lat="37.084827" lon="-121.905040"><ele>248.9</ele><time>2022-06-05T19:53:29Z</time></trkpt>
<trkpt lat="37.084924" lon="-121.904778"><ele>247.7</ele><time>2022-06-05T19:53:35Z</time></trkpt>
<trkpt lat="37.084975" lon="-121.904402"><ele>247.1</ele><time>2022-06-05T19:53:40Z</time></trkpt>
<trkpt lat="37.084959" lon="-121.904301"><ele>247.4</ele><time>2022-06-05T19:53:42Z</time></trkpt>
<trkpt lat="37.085012" lon="-121.904167"><ele>248.0</ele><time>2022-06-05T19:53:47Z</time></trkpt>
<trkpt lat="37.084992" lon="-121.904103"><ele>248.4</ele><time>2022-06-05T19:53:52Z</time></trkpt>
<trkpt lat="37.085054" lon="-121.904062"><ele>248.8</ele><time>2022-06-05T19:53:56Z</time></trkpt>
<trkpt lat="37.085013" lon="-121.904021"><ele>249.1</ele><time>2022-06-05T19:53:58Z</time></trkpt>
<trkpt lat="37.085072" lon="-121.903872"><ele>249.9</ele><time>2022-06-05T19:54:04Z</time></trkpt>
<trkpt lat="37.085041" lon="-121.903779"><ele>250.4</ele><time>2022-06-05T19:54:05Z</time></trkpt>
<trkpt lat="37.085091" lon="-121.903794"><ele>250.7</ele><time>2022-06-05T19:54:06Z</time></trkpt>
<trkpt lat="37.085160" lon="-121.903686"><ele>251.4</ele><time>2022-06-05T19:54:11Z</time></trkpt>
<trkpt lat="37.085143" lon="-121.903605"><ele>251.7</ele><time>2022-06-05T19:54:12Z</time></trkpt>
<trkpt lat="37.085098" lon="-121.903578"><ele>252.0</ele><time>2022-06-05T19:54:13Z</time></trkpt>
<trkpt lat="37.085089" lon="-121.903926"><ele>253.4</ele><time>2022-06-05T19:54:23Z</time></trkpt>
<trkpt lat="37.085042" lon="-121.903912"><ele>253.7</ele><time>2022-06-05T19:54:26Z</time></trkpt>
<trkpt lat="37.085132" lon="-121.903674"><ele>254.8</ele><time>2022-06-05T19:54:29Z</time></trkpt>
<trkpt lat="37.085142" lon="-121.903710"><ele>255.1</ele><time>2022-06-05T19:54:31Z</time></trkpt>
<trkpt lat="37.085191" lon="-121.903628"><ele>255.6</ele><time>2022-06-05T19:54:35Z</time></trkpt>
<trkpt lat="37.085156" lon="-121.903753"><ele>256.3</ele><time>2022-06-05T19:55:03Z</time></trkpt>
<trkpt lat="37.085080" lon="-121.903764"><ele>256.7</ele><time>2022-06-05T19:55:07Z</time></trkpt>
<trkpt lat="37.085118" lon="-121.903766"><ele>256.9</ele><time>2022-06-05T19:55:11Z</time></trkpt>
<trkpt lat="37.085128" lon="-121.903816"><ele>257.2</ele><time>2022-06-05T19:55:15Z</time></trkpt>
<trkpt lat="37.085104" lon="-121.903790"><ele>257.4</ele><time>2022-06-05T19:55:17Z</time></trkpt>
<trkpt lat="37.085132" lon="-121.903644"><ele>258.1</ele><time>2022-06-05T19:55:25Z</time></trkpt>
<trkpt lat="37.085106" lon="-121.903678"><ele>258.3</ele><time>2022-06-05T19:55:27Z</time></trkpt>
<trkpt lat="37.084971" lon="-121.903374"><ele>260.1</ele><time>2022-06-05T19:55:42Z</time></trkpt>
<trkpt lat="37.084986" lon="-121.903286"><ele>260.7</ele><time>2022-06-05T19:55:44Z</time></trkpt>
<trkpt lat="37.085061" lon="-121.903217"><ele>261.4</ele><time>2022-06-05T19:55:45Z</time></trkpt>
<trkpt lat="37.084962" lon="-121.902647"><ele>265.1</ele><time>2022-06-05T19:56:08Z</time></trkpt>
<trkpt lat="37.084790" lon="-121.902487"><ele>266.5</ele><time>2022-06-05T19:56:19Z</time></trkpt>
<trkpt lat="37.084815" lon="-121.902364"><ele>267.1</ele><time>2022-06-05T19:56:23Z</time></trkpt>
<trkpt lat="37.084751" lon="-121.902261"><ele>267.7</ele><time>2022-06-05T19:56:28Z</time></trkpt>
<trkpt lat="37.084553" lon="-121.902041"><ele>269.1</ele><time>2022-06-05T19:56:45Z</time></trkpt>
<trkpt lat="37.084456" lon="-121.902028"><ele>269.7</ele><time>2022-06-05T19:56:51Z</time></trkpt>
<trkpt lat="37.084468" lon="-121.901939"><ele>270.1</ele><time>2022-06-05T19:56:53Z</time></trkpt>
<trkpt lat="37.084388" lon="-121.901848"><ele>270.8</ele><time>2022-06-05T19:57:00Z</time></trkpt>
<trkpt lat="37.084397" lon="-121.901809"><ele>271.0</ele><time>2022-06-05T19:57:01Z</time></trkpt>
<trkpt lat="37.084309" lon="-121.901617"><ele>272.0</ele><time>2022-06-05T19:57:10Z</time></trkpt>
<trkpt lat="37.084206" lon="-121.901521"><ele>272.8</ele><time>2022-06-05T19:57:19Z</time></trkpt>
<trkpt lat="37.084041" lon="-121.901499"><ele>275.2</ele><time>2022-06-05T19:57:29Z</time></trkpt>
<trkpt lat="37.084027" lon="-121.901451"><ele>275.6</ele><time>2022-06-05T19:57:31Z</time></trkpt>
<trkpt lat="37.083902" lon="-121.901503"><ele>276.9</ele><time>2022-06-05T19:57:39Z</time></trkpt>
<trkpt lat="37.083894" lon="-121.901413"><ele>277.6</ele><time>2022-06-05T19:57:43Z</time></trkpt>
<trkpt lat="37.083785" lon="-121.901422"><ele>278.7</ele><time>2022-06-05T19:57:52Z</time></trkpt>
<trkpt lat="37.083809" lon="-121.901629"><ele>279.7</ele><time>2022-06-05T19:58:02Z</time></trkpt>
<trkpt lat="37.083905" lon="-121.901750"><ele>280.3</ele><time>2022-06-05T19:58:10Z</time></trkpt>
<trkpt lat="37.083890" lon="-121.901826"><ele>280.6</ele><time>2022-06-05T19:58:12Z</time></trkpt>
<trkpt lat="37.083985" lon="-121.902131"><ele>282.0</ele><time>2022-06-05T19:58:27Z</time></trkpt>
<trkpt lat="37.084003" lon="-121.902431"><ele>283.7</ele><time>2022-06-05T19:58:37Z</time></trkpt>
<trkpt lat="37.083940" lon="-121.902623"><ele>284.9</ele><time>2022-06-05T19:58:42Z</time></trkpt>
<trkpt lat="37.083992" lon="-121.902679"><ele>285.4</ele><time>2022-06-05T19:58:46Z</time></trkpt>
<trkpt lat="37.083955" lon="-121.902808"><ele>286.2</ele><time>2022-06-05T19:58:51Z</time></trkpt>
<trkpt lat="37.083858" lon="-121.902882"><ele>287.0</ele><time>2022-06-05T19:58:56Z</time></trkpt>
<trkpt lat="37.083510" lon="-121.902867"><ele>289.4</ele><time>2022-06-05T19:59:12Z</time></trkpt>
<trkpt lat="37.083495" lon="-121.902766"><ele>290.1</ele><time>2022-06-05T19:59:15Z</time></trkpt>
<trkpt lat="37.083118" lon="-121.902639"><ele>293.0</ele><time>2022-06-05T19:59:38Z</time></trkpt>
<trkpt lat="37.082944" lon="-121.902679"><ele>294.6</ele><time>2022-06-05T19:59:48Z</time></trkpt>
<trkpt lat="37.082886" lon="-121.902607"><ele>295.3</ele><time>2022-06-05T19:59:52Z</time></trkpt>
<trkpt lat="37.082834" lon="-121.902482"><ele>296.5</ele><time>2022-06-05T20:00:00Z</time></trkpt>
<trkpt lat="37.082865" lon="-121.902358"><ele>297.6</ele><time>2022-06-05T20:00:04Z</time></trkpt>
<trkpt lat="37.082828" lon="-121.902125"><ele>299.6</ele><time>2022-06-05T20:00:21Z</time></trkpt>
<trkpt lat="37.082857" lon="-121.902241"><ele>301.0</ele><time>2022-06-05T20:00:28Z</time></trkpt>
<trkpt lat="37.082696" lon="-121.901911"><ele>303.9</ele><time>2022-06-05T20:01:07Z</time></trkpt>
<trkpt lat="37.082607" lon="-121.901794"><ele>305.1</ele><time>2022-06-05T20:01:15Z</time></trkpt>
<trkpt lat="37.082518" lon="-121.901446"><ele>307.9</ele><time>2022-06-05T20:01:37Z</time></trkpt>
<trkpt lat="37.082209" lon="-121.900713"><ele>315.3</ele><time>2022-06-05T20:02:32Z</time></trkpt>
<trkpt lat="37.082186" lon="-121.900755"><ele>315.8</ele><time>2022-06-05T20:02:33Z</time></trkpt>
<trkpt lat="37.082118" lon="-121.900658"><ele>317.3</ele><time>2022-06-05T20:02:38Z</time></trkpt>
<trkpt lat="37.082025" lon="-121.900645"><ele>318.5</ele><time>2022-06-05T20:02:41Z</time></trkpt>
<trkpt lat="37.082087" lon="-121.900509"><ele>320.3</ele><time>2022-06-05T20:02:46Z</time></trkpt>
<trkpt lat="37.082058" lon="-121.900508"><ele>320.8</ele><time>2022-06-05T20:02:47Z</time></trkpt>
<trkpt lat="37.082026" lon="-121.900642"><ele>322.6</ele><time>2022-06-05T20:02:54Z</time></trkpt>
<trkpt lat="37.081968" lon="-121.900717"><ele>324.0</ele><time>2022-06-05T20:02:57Z</time></trkpt>
<trkpt lat="37.082042" lon="-121.900831"><ele>325.7</ele><time>2022-06-05T20:03:00Z</time></trkpt>
<trkpt lat="37.081959" lon="-121.900851"><ele>326.8</ele><time>2022-06-05T20:03:05Z</time></trkpt>
<trkpt lat="37.081947" lon="-121.900886"><ele>327.3</ele><time>2022-06-05T20:03:08Z</time></trkpt>
<trkpt lat="37.081979" lon="-121.900915"><ele>327.7</ele><time>2022-06-05T20:03:09Z</time></trkpt>
<trkpt lat="37.081943" lon="-121.900971"><ele>328.4</ele><time>2022-06-05T20:03:12Z</time></trkpt>
<trkpt lat="37.081959" lon="-121.901002"><ele>328.7</ele><time>2022-06-05T20:03:13Z</time></trkpt>
<trkpt lat="37.081805" lon="-121.900882"><ele>330.8</ele><time>2022-06-05T20:03:24Z</time></trkpt>
<trkpt lat="37.081708" lon="-121.900950"><ele>331.3</ele><time>2022-06-05T20:03:52Z</time></trkpt>
<trkpt lat="37.081770" lon="-121.900920"><ele>331.5</ele><time>2022-06-05T20:04:04Z</time></trkpt>
<trkpt lat="37.081834" lon="-121.900937"><ele>331.7</ele><time>2022-06-05T20:04:09Z</time></trkpt>
<trkpt lat="37.081771" lon="-121.900943"><ele>332.0</ele><time>2022-06-05T20:04:40Z</time></trkpt>
<trkpt lat="37.081788" lon="-121.901012"><ele>332.3</ele><time>2022-06-05T20:04:42Z</time></trkpt>
<trkpt lat="37.081760" lon="-121.901022"><ele>332.8</ele><time>2022-06-05T20:04:50Z</time></trkpt>
<trkpt lat="37.081652" lon="-121.900901"><ele>335.1</ele><time>2022-06-05T20:04:59Z</time></trkpt>
<trkpt lat="37.081653" lon="-121.900937"><ele>335.7</ele><time>2022-06-05T20:05:01Z</time></trkpt>
<trkpt lat="37.081586" lon="-121.900936"><ele>336.9</ele><time>2022-06-05T20:05:05Z</time></trkpt>
<trkpt lat="37.081470" lon="-121.900673"><ele>341.6</ele><time>2022-06-05T20:05:23Z</time></trkpt>
<trkpt lat="37.081482" lon="-121.900610"><ele>342.4</ele><time>2022-06-05T20:05:25Z</time></trkpt>
<trkpt lat="37.081400" lon="-121.900518"><ele>344.6</ele><time>2022-06-05T20:05:37Z</time></trkpt>
<trkpt lat="37.081394" lon="-121.900472"><ele>345.2</ele><time>2022-06-05T20:05:38Z</time></trkpt>
<trkpt lat="37.081474" lon="-121.900404"><ele>346.6</ele><time>2022-06-05T20:05:42Z</time></trkpt>
<trkpt lat="37.081473" lon="-121.900357"><ele>347.1</ele><time>2022-06-05T20:05:47Z</time></trkpt>
<trkpt lat="37.081411" lon="-121.899982"><ele>351.7</ele><time>2022-06-05T20:06:10Z</time></trkpt>
<trkpt lat="37.081324" lon="-121.899809"><ele>354.1</ele><time>2022-06-05T20:06:25Z</time></trkpt>
<trkpt lat="37.081368" lon="-121.899759"><ele>355.0</ele><time>2022-06-05T20:06:28Z</time></trkpt>
<trkpt lat="37.081296" lon="-121.899241"><ele>360.8</ele><time>2022-06-05T20:06:52Z</time></trkpt>
<trkpt lat="37.081329" lon="-121.898385"><ele>368.7</ele><time>2022-06-05T20:07:43Z</time></trkpt>
<trkpt lat="37.081291" lon="-121.898048"><ele>372.9</ele><time>2022-06-05T20:08:04Z</time></trkpt>
<trkpt lat="37.081306" lon="-121.897979"><ele>373.7</ele><time>2022-06-05T20:08:09Z</time></trkpt>
<trkpt lat="37.081350" lon="-121.897970"><ele>374.6</ele><time>2022-06-05T20:08:18Z</time></trkpt>
<trkpt lat="37.081138" lon="-121.897581"><ele>380.0</ele><time>2022-06-05T20:08:49Z</time></trkpt>
<trkpt lat="37.081146" lon="-121.897377"><ele>382.4</ele><time>2022-06-05T20:08:57Z</time></trkpt>
<trkpt lat="37.081117" lon="-121.897358"><ele>382.9</ele><time>2022-06-05T20:09:01Z</time></trkpt>
<trkpt lat="37.081107" lon="-121.897278"><ele>384.1</ele><time>2022-06-05T20:09:06Z</time></trkpt>
<trkpt lat="37.081128" lon="-121.897274"><ele>384.4</ele><time>2022-06-05T20:09:08Z</time></trkpt>
<trkpt lat="37.081119" lon="-121.897189"><ele>385.8</ele><time>2022-06-05T20:09:15Z</time></trkpt>
<trkpt lat="37.081135" lon="-121.897203"><ele>386.3</ele><time>2022-06-05T20:09:18Z</time></trkpt>
<trkpt lat="37.081175" lon="-121.897131"><ele>387.4</ele><time>2022-06-05T20:09:20Z</time></trkpt>
<trkpt lat="37.081128" lon="-121.897094"><ele>388.3</ele><time>2022-06-05T20:09:24Z</time></trkpt>
<trkpt lat="37.081121" lon="-121.896950"><ele>390.2</ele><time>2022-06-05T20:09:34Z</time></trkpt>
<trkpt lat="37.081053" lon="-121.896848"><ele>392.1</ele><time>2022-06-05T20:09:40Z</time></trkpt>
<trkpt lat="37.080948" lon="-121.896820"><ele>394.2</ele><time>2022-06-05T20:09:52Z</time></trkpt>
<trkpt lat="37.080934" lon="-121.896910"><ele>395.4</ele><time>2022-06-05T20:10:02Z</time></trkpt>
<trkpt lat="37.080973" lon="-121.896971"><ele>396.3</ele><time>2022-06-05T20:10:05Z</time></trkpt>
<trkpt lat="37.080956" lon="-121.897032"><ele>397.0</ele><time>2022-06-05T20:10:08Z</time></trkpt>
<trkpt lat="37.080840" lon="-121.897039"><ele>398.3</ele><time>2022-06-05T20:10:11Z</time></trkpt>
<trkpt lat="37.080684" lon="-121.897293"><ele>400.8</ele><time>2022-06-05T20:10:29Z</time></trkpt>
<trkpt lat="37.080572" lon="-121.897493"><ele>402.3</ele><time>2022-06-05T20:10:42Z</time></trkpt>
<trkpt lat="37.080512" lon="-121.897651"><ele>403.5</ele><time>2022-06-05T20:10:52Z</time></trkpt>
<trkpt lat="37.080512" lon="-121.897768"><ele>404.5</ele><time>2022-06-05T20:10:57Z</time></trkpt>
<trkpt lat="37.080469" lon="-121.897907"><ele>405.8</ele><time>2022-06-05T20:11:05Z</time></trkpt>
<trkpt lat="37.080432" lon="-121.897945"><ele>406.4</ele><time>2022-06-05T20:11:08Z</time></trkpt>
<trkpt lat="37.080177" lon="-121.898008"><ele>409.7</ele><time>2022-06-05T20:11:22Z</time></trkpt>
<trkpt lat="37.080119" lon="-121.897994"><ele>410.7</ele><time>2022-06-05T20:11:26Z</time></trkpt>
<trkpt lat="37.079987" lon="-121.897759"><ele>415.0</ele><time>2022-06-05T20:11:43Z</time></trkpt>
<trkpt lat="37.079978" lon="-121.897538"><ele>415.3</ele><time>2022-06-05T20:11:53Z</time></trkpt>
<trkpt lat="37.080026" lon="-121.897511"><ele>415.5</ele><time>2022-06-05T20:11:58Z</time></trkpt>
<trkpt lat="37.079992" lon="-121.897535"><ele>415.6</ele><time>2022-06-05T20:12:03Z</time></trkpt>
<trkpt lat="37.079993" lon="-121.897558"><ele>415.6</ele><time>2022-06-05T20:12:09Z</time></trkpt>
<trkpt lat="37.080037" lon="-121.897539"><ele>415.7</ele><time>2022-06-05T20:12:15Z</time></trkpt>
<trkpt lat="37.080027" lon="-121.897627"><ele>415.9</ele><time>2022-06-05T20:12:22Z</time></trkpt>
<trkpt lat="37.079974" lon="-121.897695"><ele>416.0</ele><time>2022-06-05T20:12:26Z</time></trkpt>
<trkpt lat="37.080004" lon="-121.897782"><ele>416.2</ele><time>2022-06-05T20:12:36Z</time></trkpt>
<trkpt lat="37.079985" lon="-121.897770"><ele>416.3</ele><time>2022-06-05T20:12:39Z</time></trkpt>
<trkpt lat="37.080056" lon="-121.897574"><ele>416.6</ele><time>2022-06-05T20:13:45Z</time></trkpt>
<trkpt lat="37.080080" lon="-121.897592"><ele>416.7</ele><time>2022-06-05T20:13:46Z</time></trkpt>
<trkpt lat="37.080043" lon="-121.897739"><ele>416.9</ele><time>2022-06-05T20:13:49Z</time></trkpt>
<trkpt lat="37.080006" lon="-121.897767"><ele>417.0</ele><time>2022-06-05T20:13:58Z</time></trkpt>
<trkpt lat="37.080089" lon="-121.897533"><ele>417.4</ele><time>2022-06-05T20:17:01Z</time></trkpt>
<trkpt lat="37.080073" lon="-121.897515"><ele>417.4</ele><time>2022-06-05T20:17:03Z</time></trkpt>
<trkpt lat="37.080112" lon="-121.897470"><ele>417.5</ele><time>2022-06-05T20:17:08Z</time></trkpt>
<trkpt lat="37.080101" lon="-121.897524"><ele>417.6</ele><time>2022-06-05T20:17:16Z</time></trkpt>
<trkpt lat="37.080008" lon="-121.897441"><ele>419.3</ele><time>2022-06-05T20:20:06Z</time></trkpt>
<trkpt lat="37.079979" lon="-121.897373"><ele>420.0</ele><time>2022-06-05T20:20:14Z</time></trkpt>
<trkpt lat="37.080016" lon="-121.897935"><ele>413.7</ele><time>2022-06-05T20:20:36Z</time></trkpt>
<trkpt lat="37.079907" lon="-121.898286"><ele>411.8</ele><time>2022-06-05T20:20:40Z</time></trkpt>
<trkpt lat="37.079808" lon="-121.898465"><ele>411.2</ele><time>2022-06-05T20:20:43Z</time></trkpt>
<trkpt lat="37.079842" lon="-121.898546"><ele>410.8</ele><time>2022-06-05T20:20:44Z</time></trkpt>
<trkpt lat="37.080017" lon="-121.898514"><ele>409.4</ele><time>2022-06-05T20:20:46Z</time></trkpt>
<trkpt lat="37.080186" lon="-121.898256"><ele>407.3</ele><time>2022-06-05T20:20:50Z</time></trkpt>
<trkpt lat="37.080297" lon="-121.898301"><ele>406.4</ele><time>2022-06-05T20:20:52Z</time></trkpt>
<trkpt lat="37.080332" lon="-121.898274"><ele>406.0</ele><time>2022-06-05T20:20:53Z</time></trkpt>
<trkpt lat="37.080373" lon="-121.898316"><ele>405.5</ele><time>2022-06-05T20:20:54Z</time></trkpt>
<trkpt lat="37.080351" lon="-121.898432"><ele>404.5</ele><time>2022-06-05T20:20:55Z</time></trkpt>
<trkpt lat="37.080291" lon="-121.898497"><ele>403.6</ele><time>2022-06-05T20:20:56Z</time></trkpt>
<trkpt lat="37.080216" lon="-121.898501"><ele>402.6</ele><time>2022-06-05T20:20:57Z</time></trkpt>
<trkpt lat="37.080228" lon="-121.898536"><ele>402.3</ele><time>2022-06-05T20:20:58Z</time></trkpt>
<trkpt lat="37.080325" lon="-121.898579"><ele>400.8</ele><time>2022-06-05T20:21:00Z</time></trkpt>
<trkpt lat="37.080422" lon="-121.898466"><ele>399.0</ele><time>2022-06-05T20:21:02Z</time></trkpt>
<trkpt lat="37.080480" lon="-121.898466"><ele>398.2</ele><time>2022-06-05T20:21:03Z</time></trkpt>
<trkpt lat="37.080486" lon="-121.898557"><ele>397.3</ele><time>2022-06-05T20:21:04Z</time></trkpt>
<trkpt lat="37.080323" lon="-121.898982"><ele>394.0</ele><time>2022-06-05T20:21:08Z</time></trkpt>
<trkpt lat="37.080266" lon="-121.899059"><ele>393.3</ele><time>2022-06-05T20:21:09Z</time></trkpt>
<trkpt lat="37.080087" lon="-121.899137"><ele>391.0</ele><time>2022-06-05T20:21:13Z</time></trkpt>
<trkpt lat="37.080050" lon="-121.899199"><ele>390.3</ele><time>2022-06-05T20:21:14Z</time></trkpt>
<trkpt lat="37.080078" lon="-121.899255"><ele>389.8</ele><time>2022-06-05T20:21:15Z</time></trkpt>
<trkpt lat="37.080275" lon="-121.899257"><ele>388.1</ele><time>2022-06-05T20:21:18Z</time></trkpt>
<trkpt lat="37.080369" lon="-121.899219"><ele>387.5</ele><time>2022-06-05T20:21:19Z</time></trkpt>
<trkpt lat="37.080621" lon="-121.899031"><ele>385.4</ele><time>2022-06-05T20:21:25Z</time></trkpt>
<trkpt lat="37.080683" lon="-121.898671"><ele>383.4</ele><time>2022-06-05T20:21:29Z</time></trkpt>
<trkpt lat="37.080731" lon="-121.898590"><ele>383.1</ele><time>2022-06-05T20:21:30Z</time></trkpt>
<trkpt lat="37.080879" lon="-121.898484"><ele>382.6</ele><time>2022-06-05T20:21:32Z</time></trkpt>
<trkpt lat="37.080937" lon="-121.898319"><ele>382.2</ele><time>2022-06-05T20:21:33Z</time></trkpt>
<trkpt lat="37.081033" lon="-121.898238"><ele>381.9</ele><time>2022-06-05T20:21:35Z</time></trkpt>
<trkpt lat="37.081032" lon="-121.898086"><ele>381.4</ele><time>2022-06-05T20:21:37Z</time></trkpt>
<trkpt lat="37.081117" lon="-121.897767"><ele>380.6</ele><time>2022-06-05T20:21:42Z</time></trkpt>
<trkpt lat="37.081269" lon="-121.897535"><ele>379.6</ele><time>2022-06-05T20:21:46Z</time></trkpt>
<trkpt lat="37.081307" lon="-121.897309"><ele>378.4</ele><time>2022-06-05T20:21:48Z</time></trkpt>
<trkpt lat="37.081405" lon="-121.897017"><ele>376.3</ele><time>2022-06-05T20:21:52Z</time></trkpt>
<trkpt lat="37.081367" lon="-121.896845"><ele>374.8</ele><time>2022-06-05T20:21:54Z</time></trkpt>
<trkpt lat="37.081079" lon="-121.896291"><ele>371.7</ele><time>2022-06-05T20:22:04Z</time></trkpt>
<trkpt lat="37.081063" lon="-121.896175"><ele>371.4</ele><time>2022-06-05T20:22:06Z</time></trkpt>
<trkpt lat="37.081098" lon="-121.896145"><ele>371.2</ele><time>2022-06-05T20:22:07Z</time></trkpt>
<trkpt lat="37.081194" lon="-121.896198"><ele>370.8</ele><time>2022-06-05T20:22:08Z</time></trkpt>
<trkpt lat="37.081336" lon="-121.896381"><ele>368.9</ele><time>2022-06-05T20:22:11Z</time></trkpt>
<trkpt lat="37.081398" lon="-121.896583"><ele>367.1</ele><time>2022-06-05T20:22:13Z</time></trkpt>
<trkpt lat="37.081545" lon="-121.896623"><ele>365.8</ele><time>2022-06-05T20:22:16Z</time></trkpt>
<trkpt lat="37.081602" lon="-121.896716"><ele>365.1</ele><time>2022-06-05T20:22:18Z</time></trkpt>
<trkpt lat="37.081595" lon="-121.896789"><ele>364.7</ele><time>2022-06-05T20:22:19Z</time></trkpt>
<trkpt lat="37.081720" lon="-121.896837"><ele>363.6</ele><time>2022-06-05T20:22:21Z</time></trkpt>
<trkpt lat="37.081699" lon="-121.896945"><ele>362.8</ele><time>2022-06-05T20:22:23Z</time></trkpt>
<trkpt lat="37.081713" lon="-121.897171"><ele>361.4</ele><time>2022-06-05T20:22:27Z</time></trkpt>
<trkpt lat="37.081839" lon="-121.897311"><ele>359.9</ele><time>2022-06-05T20:22:30Z</time></trkpt>
<trkpt lat="37.081886" lon="-121.897440"><ele>358.9</ele><time>2022-06-05T20:22:32Z</time></trkpt>
<trkpt lat="37.081886" lon="-121.897521"><ele>358.3</ele><time>2022-06-05T20:22:33Z</time></trkpt>
<trkpt lat="37.081864" lon="-121.897513"><ele>358.1</ele><time>2022-06-05T20:22:34Z</time></trkpt>
<trkpt lat="37.082033" lon="-121.897642"><ele>356.6</ele><time>2022-06-05T20:22:37Z</time></trkpt>
<trkpt lat="37.082040" lon="-121.897821"><ele>355.7</ele><time>2022-06-05T20:22:39Z</time></trkpt>
<trkpt lat="37.081921" lon="-121.897999"><ele>354.3</ele><time>2022-06-05T20:22:42Z</time></trkpt>
<trkpt lat="37.081862" lon="-121.898233"><ele>352.3</ele><time>2022-06-05T20:22:46Z</time></trkpt>
<trkpt lat="37.081882" lon="-121.898273"><ele>352.0</ele><time>2022-06-05T20:22:47Z</time></trkpt>
<trkpt lat="37.081984" lon="-121.898313"><ele>351.3</ele><time>2022-06-05T20:22:50Z</time></trkpt>
<trkpt lat="37.082031" lon="-121.898270"><ele>350.9</ele><time>2022-06-05T20:22:51Z</time></trkpt>
<trkpt lat="37.082044" lon="-121.898133"><ele>349.9</ele><time>2022-06-05T20:22:53Z</time></trkpt>
<trkpt lat="37.082086" lon="-121.898043"><ele>349.0</ele><time>2022-06-05T20:22:54Z</time></trkpt>
<trkpt lat="37.082148" lon="-121.897983"><ele>348.1</ele><time>2022-06-05T20:22:55Z</time></trkpt>
<trkpt lat="37.082348" lon="-121.897943"><ele>345.8</ele><time>2022-06-05T20:22:58Z</time></trkpt>
<trkpt lat="37.082283" lon="-121.898104"><ele>344.3</ele><time>2022-06-05T20:23:01Z</time></trkpt>
<trkpt lat="37.082205" lon="-121.898090"><ele>343.5</ele><time>2022-06-05T20:23:02Z</time></trkpt>
<trkpt lat="37.082171" lon="-121.898164"><ele>342.9</ele><time>2022-06-05T20:23:03Z</time></trkpt>
<trkpt lat="37.082097" lon="-121.898466"><ele>341.3</ele><time>2022-06-05T20:23:08Z</time></trkpt>
<trkpt lat="37.082100" lon="-121.898591"><ele>340.6</ele><time>2022-06-05T20:23:10Z</time></trkpt>
<trkpt lat="37.082050" lon="-121.898631"><ele>340.2</ele><time>2022-06-05T20:23:11Z</time></trkpt>
<trkpt lat="37.082085" lon="-121.898983"><ele>337.7</ele><time>2022-06-05T20:23:17Z</time></trkpt>
<trkpt lat="37.082011" lon="-121.899220"><ele>336.3</ele><time>2022-06-05T20:23:20Z</time></trkpt>
<trkpt lat="37.082036" lon="-121.899454"><ele>335.3</ele><time>2022-06-05T20:23:24Z</time></trkpt>
<trkpt lat="37.082028" lon="-121.899505"><ele>335.1</ele><time>2022-06-05T20:23:25Z</time></trkpt>
<trkpt lat="37.081955" lon="-121.899569"><ele>334.8</ele><time>2022-06-05T20:23:26Z</time></trkpt>
<trkpt lat="37.081900" lon="-121.899741"><ele>334.4</ele><time>2022-06-05T20:23:29Z</time></trkpt>
<trkpt lat="37.081891" lon="-121.899819"><ele>334.2</ele><time>2022-06-05T20:23:30Z</time></trkpt>
<trkpt lat="37.081943" lon="-121.900091"><ele>333.9</ele><time>2022-06-05T20:23:34Z</time></trkpt>
<trkpt lat="37.081923" lon="-121.900186"><ele>333.9</ele><time>2022-06-05T20:23:36Z</time></trkpt>
<trkpt lat="37.081815" lon="-121.900389"><ele>334.0</ele><time>2022-06-05T20:23:45Z</time></trkpt>
<trkpt lat="37.081885" lon="-121.900359"><ele>334.1</ele><time>2022-06-05T20:23:50Z</time></trkpt>
<trkpt lat="37.081918" lon="-121.900304"><ele>334.1</ele><time>2022-06-05T20:23:54Z</time></trkpt>
<trkpt lat="37.081797" lon="-121.900594"><ele>333.6</ele><time>2022-06-05T20:24:16Z</time></trkpt>
<trkpt lat="37.081790" lon="-121.900757"><ele>333.1</ele><time>2022-06-05T20:24:18Z</time></trkpt>
<trkpt lat="37.081960" lon="-121.901262"><ele>328.8</ele><time>2022-06-05T20:24:25Z</time></trkpt>
<trkpt lat="37.081958" lon="-121.901610"><ele>325.5</ele><time>2022-06-05T20:24:28Z</time></trkpt>
<trkpt lat="37.081912" lon="-121.901738"><ele>324.5</ele><time>2022-06-05T20:24:30Z</time></trkpt>
<trkpt lat="37.081998" lon="-121.902086"><ele>322.6</ele><time>2022-06-05T20:24:34Z</time></trkpt>
<trkpt lat="37.082119" lon="-121.902281"><ele>321.8</ele><time>2022-06-05T20:24:37Z</time></trkpt>
<trkpt lat="37.082208" lon="-121.902813"><ele>319.6</ele><time>2022-06-05T20:24:44Z</time></trkpt>
<trkpt lat="37.082207" lon="-121.902977"><ele>318.8</ele><time>2022-06-05T20:24:46Z</time></trkpt>
<trkpt lat="37.082310" lon="-121.903174"><ele>317.8</ele><time>2022-06-05T20:24:49Z</time></trkpt>
<trkpt lat="37.082278" lon="-121.903331"><ele>317.1</ele><time>2022-06-05T20:24:51Z</time></trkpt>
<trkpt lat="37.082340" lon="-121.903461"><ele>316.6</ele><time>2022-06-05T20:24:53Z</time></trkpt>
<trkpt lat="37.082338" lon="-121.903531"><ele>316.4</ele><time>2022-06-05T20:24:54Z</time></trkpt>
<trkpt lat="37.082301" lon="-121.903595"><ele>316.2</ele><time>2022-06-05T20:24:55Z</time></trkpt>
<trkpt lat="37.082285" lon="-121.903752"><ele>315.8</ele><time>2022-06-05T20:24:57Z</time></trkpt>
<trkpt lat="37.082383" lon="-121.903977"><ele>314.6</ele><time>2022-06-05T20:25:00Z</time></trkpt>
<trkpt lat="37.082441" lon="-121.904301"><ele>312.5</ele><time>2022-06-05T20:25:03Z</time></trkpt>
<trkpt lat="37.082517" lon="-121.904274"><ele>312.0</ele><time>2022-06-05T20:25:05Z</time></trkpt>
<trkpt lat="37.082493" lon="-121.903967"><ele>310.3</ele><time>2022-06-05T20:25:08Z</time></trkpt>
<trkpt lat="37.082562" lon="-121.903735"><ele>308.7</ele><time>2022-06-05T20:25:11Z</time></trkpt>
<trkpt lat="37.082617" lon="-121.903616"><ele>307.9</ele><time>2022-06-05T20:25:13Z</time></trkpt>
<trkpt lat="37.082778" lon="-121.903514"><ele>307.0</ele><time>2022-06-05T20:25:16Z</time></trkpt>
<trkpt lat="37.082803" lon="-121.903461"><ele>306.7</ele><time>2022-06-05T20:25:17Z</time></trkpt>
<trkpt lat="37.082917" lon="-121.903467"><ele>306.1</ele><time>2022-06-05T20:25:19Z</time></trkpt>
<trkpt lat="37.082932" lon="-121.903530"><ele>305.8</ele><time>2022-06-05T20:25:20Z</time></trkpt>
<trkpt lat="37.082868" lon="-121.903942"><ele>302.8</ele><time>2022-06-05T20:25:25Z</time></trkpt>
<trkpt lat="37.082915" lon="-121.904229"><ele>300.2</ele><time>2022-06-05T20:25:28Z</time></trkpt>
<trkpt lat="37.082800" lon="-121.904358"><ele>299.1</ele><time>2022-06-05T20:25:30Z</time></trkpt>
<trkpt lat="37.082809" lon="-121.904393"><ele>298.9</ele><time>2022-06-05T20:25:31Z</time></trkpt>
<trkpt lat="37.082858" lon="-121.904420"><ele>298.5</ele><time>2022-06-05T20:25:32Z</time></trkpt>
<trkpt lat="37.083007" lon="-121.904303"><ele>297.3</ele><time>2022-06-05T20:25:34Z</time></trkpt>
<trkpt lat="37.083105" lon="-121.904105"><ele>295.4</ele><time>2022-06-05T20:25:37Z</time></trkpt>
<trkpt lat="37.083133" lon="-121.903945"><ele>294.2</ele><time>2022-06-05T20:25:39Z</time></trkpt>
<trkpt lat="37.083197" lon="-121.903874"><ele>293.4</ele><time>2022-06-05T20:25:40Z</time></trkpt>
<trkpt lat="37.083312" lon="-121.903828"><ele>292.3</ele><time>2022-06-05T20:25:42Z</time></trkpt>
<trkpt lat="37.083375" lon="-121.903947"><ele>291.0</ele><time>2022-06-05T20:25:44Z</time></trkpt>
<trkpt lat="37.083359" lon="-121.904228"><ele>288.3</ele><time>2022-06-05T20:25:46Z</time></trkpt>
<trkpt lat="37.083192" lon="-121.904525"><ele>285.6</ele><time>2022-06-05T20:25:50Z</time></trkpt>
<trkpt lat="37.083223" lon="-121.904557"><ele>285.2</ele><time>2022-06-05T20:25:51Z</time></trkpt>
<trkpt lat="37.083291" lon="-121.904541"><ele>284.5</ele><time>2022-06-05T20:25:52Z</time></trkpt>
<trkpt lat="37.083392" lon="-121.904460"><ele>282.9</ele><time>2022-06-05T20:25:54Z</time></trkpt>
<trkpt lat="37.083390" lon="-121.904407"><ele>282.3</ele><time>2022-06-05T20:25:55Z</time></trkpt>
<trkpt lat="37.083409" lon="-121.904533"><ele>280.7</ele><time>2022-06-05T20:25:57Z</time></trkpt>
<trkpt lat="37.083372" lon="-121.904674"><ele>279.1</ele><time>2022-06-05T20:25:59Z</time></trkpt>
<trkpt lat="37.083395" lon="-121.904738"><ele>278.3</ele><time>2022-06-05T20:26:00Z</time></trkpt>
<trkpt lat="37.083455" lon="-121.904763"><ele>277.5</ele><time>2022-06-05T20:26:01Z</time></trkpt>
<trkpt lat="37.083368" lon="-121.904905"><ele>275.8</ele><time>2022-06-05T20:26:03Z</time></trkpt>
<trkpt lat="37.083152" lon="-121.905039"><ele>273.7</ele><time>2022-06-05T20:26:07Z</time></trkpt>
<trkpt lat="37.083044" lon="-121.905233"><ele>272.5</ele><time>2022-06-05T20:26:10Z</time></trkpt>
<trkpt lat="37.082967" lon="-121.905523"><ele>271.4</ele><time>2022-06-05T20:26:13Z</time></trkpt>
<trkpt lat="37.083074" lon="-121.905690"><ele>270.7</ele><time>2022-06-05T20:26:16Z</time></trkpt>
<trkpt lat="37.083077" lon="-121.906021"><ele>269.4</ele><time>2022-06-05T20:26:21Z</time></trkpt>
<trkpt lat="37.083160" lon="-121.906014"><ele>268.6</ele><time>2022-06-05T20:26:23Z</time></trkpt>
<trkpt lat="37.083267" lon="-121.905803"><ele>266.3</ele><time>2022-06-05T20:26:25Z</time></trkpt>
<trkpt lat="37.083292" lon="-121.905717"><ele>265.5</ele><time>2022-06-05T20:26:26Z</time></trkpt>
<trkpt lat="37.083223" lon="-121.905544"><ele>263.8</ele><time>2022-06-05T20:26:29Z</time></trkpt>
<trkpt lat="37.083238" lon="-121.905447"><ele>263.1</ele><time>2022-06-05T20:26:30Z</time></trkpt>
<trkpt lat="37.083283" lon="-121.905391"><ele>262.5</ele><time>2022-06-05T20:26:31Z</time></trkpt>
<trkpt lat="37.083373" lon="-121.905344"><ele>261.5</ele><time>2022-06-05T20:26:32Z</time></trkpt>
<trkpt lat="37.083549" lon="-121.905411"><ele>259.6</ele><time>2022-06-05T20:26:34Z</time></trkpt>
<trkpt lat="37.083796" lon="-121.905312"><ele>257.2</ele><time>2022-06-05T20:26:37Z</time></trkpt>
<trkpt lat="37.083938" lon="-121.905161"><ele>256.1</ele><time>2022-06-05T20:26:41Z</time></trkpt>
<trkpt lat="37.083965" lon="-121.904995"><ele>255.4</ele><time>2022-06-05T20:26:44Z</time></trkpt>
<trkpt lat="37.084089" lon="-121.904950"><ele>254.7</ele><time>2022-06-05T20:26:46Z</time></trkpt>
<trkpt lat="37.084329" lon="-121.905069"><ele>252.6</ele><time>2022-06-05T20:26:51Z</time></trkpt>
<trkpt lat="37.084461" lon="-121.905057"><ele>251.5</ele><time>2022-06-05T20:26:53Z</time></trkpt>
<trkpt lat="37.084593" lon="-121.904947"><ele>250.2</ele><time>2022-06-05T20:26:56Z</time></trkpt>
<trkpt lat="37.084682" lon="-121.904931"><ele>249.7</ele><time>2022-06-05T20:26:57Z</time></trkpt>
<trkpt lat="37.084851" lon="-121.904993"><ele>248.9</ele><time>2022-06-05T20:27:01Z</time></trkpt>
<trkpt lat="37.084835" lon="-121.904962"><ele>248.8</ele><time>2022-06-05T20:27:02Z</time></trkpt>
<trkpt lat="37.084963" lon="-121.904775"><ele>247.7</ele><time>2022-06-05T20:27:07Z</time></trkpt>
<trkpt lat="37.085021" lon="-121.904148"><ele>248.1</ele><time>2022-06-05T20:27:24Z</time></trkpt>
<trkpt lat="37.085063" lon="-121.904020"><ele>249.1</ele><time>2022-06-05T20:27:32Z</time></trkpt>
<trkpt lat="37.085032" lon="-121.903882"><ele>250.0</ele><time>2022-06-05T20:27:39Z</time></trkpt>
<trkpt lat="37.084986" lon="-121.903883"><ele>250.4</ele><time>2022-06-05T20:27:41Z</time></trkpt>
<trkpt lat="37.084988" lon="-121.903836"><ele>250.8</ele><time>2022-06-05T20:27:49Z</time></trkpt>
<trkpt lat="37.084871" lon="-121.903608"><ele>252.3</ele><time>2022-06-05T20:34:02Z</time></trkpt>
<trkpt lat="37.084986" lon="-121.903689"><ele>253.2</ele><time>2022-06-05T20:34:07Z</time></trkpt>
<trkpt lat="37.085083" lon="-121.903827"><ele>254.2</ele><time>2022-06-05T20:34:49Z</time></trkpt>
<trkpt lat="37.085145" lon="-121.903680"><ele>255.2</ele><time>2022-06-05T20:34:59Z</time></trkpt>
<trkpt lat="37.085151" lon="-121.903585"><ele>256.0</ele><time>2022-06-05T20:35:06Z</time></trkpt>
<trkpt lat="37.085072" lon="-121.903396"><ele>257.3</ele><time>2022-06-05T20:35:11Z</time></trkpt>
<trkpt lat="37.085033" lon="-121.902967"><ele>260.0</ele><time>2022-06-05T20:35:32Z</time></trkpt>
<trkpt lat="37.084900" lon="-121.902312"><ele>265.5</ele><time>2022-06-05T20:36:09Z</time></trkpt>
<trkpt lat="37.084799" lon="-121.902292"><ele>266.4</ele><time>2022-06-05T20:36:10Z</time></trkpt>
<trkpt lat="37.084461" lon="-121.901909"><ele>269.6</ele><time>2022-06-05T20:36:35Z</time></trkpt>
<trkpt lat="37.084198" lon="-121.901425"><ele>273.2</ele><time>2022-06-05T20:37:07Z</time></trkpt>
<trkpt lat="37.084216" lon="-121.901399"><ele>273.5</ele><time>2022-06-05T20:37:10Z</time></trkpt>
<trkpt lat="37.084155" lon="-121.901392"><ele>274.0</ele><time>2022-06-05T20:37:14Z</time></trkpt>
<trkpt lat="37.084087" lon="-121.901327"><ele>274.7</ele><time>2022-06-05T20:37:19Z</time></trkpt>
<trkpt lat="37.083961" lon="-121.901314"><ele>276.3</ele><time>2022-06-05T20:37:24Z</time></trkpt>
<trkpt lat="37.083869" lon="-121.901340"><ele>277.4</ele><time>2022-06-05T20:37:31Z</time></trkpt>
<trkpt lat="37.083757" lon="-121.901464"><ele>279.0</ele><time>2022-06-05T20:37:39Z</time></trkpt>
<trkpt lat="37.083798" lon="-121.901691"><ele>280.2</ele><time>2022-06-05T20:37:52Z</time></trkpt>
<trkpt lat="37.083776" lon="-121.901772"><ele>280.7</ele><time>2022-06-05T20:37:59Z</time></trkpt>
<trkpt lat="37.083804" lon="-121.901801"><ele>280.9</ele><time>2022-06-05T20:38:00Z</time></trkpt>
<trkpt lat="37.083865" lon="-121.902101"><ele>282.7</ele><time>2022-06-05T20:38:13Z</time></trkpt>
<trkpt lat="37.083964" lon="-121.902309"><ele>284.3</ele><time>2022-06-05T20:38:22Z</time></trkpt>
<trkpt lat="37.083963" lon="-121.902501"><ele>285.7</ele><time>2022-06-05T20:38:31Z</time></trkpt>
<trkpt lat="37.083899" lon="-121.902778"><ele>287.7</ele><time>2022-06-05T20:38:48Z</time></trkpt>
<trkpt lat="37.083813" lon="-121.902818"><ele>288.6</ele><time>2022-06-05T20:38:54Z</time></trkpt>
<trkpt lat="37.083666" lon="-121.902792"><ele>289.9</ele><time>2022-06-05T20:39:02Z</time></trkpt>
<trkpt lat="37.083574" lon="-121.902740"><ele>290.9</ele><time>2022-06-05T20:39:10Z</time></trkpt>
<trkpt lat="37.083585" lon="-121.902705"><ele>291.1</ele><time>2022-06-05T20:39:12Z</time></trkpt>
<trkpt lat="37.083072" lon="-121.902520"><ele>296.8</ele><time>2022-06-05T20:39:45Z</time></trkpt>
<trkpt lat="37.083074" lon="-121.902476"><ele>297.3</ele><time>2022-06-05T20:39:48Z</time></trkpt>
<trkpt lat="37.082964" lon="-121.902441"><ele>298.7</ele><time>2022-06-05T20:39:54Z</time></trkpt>
<trkpt lat="37.082664" lon="-121.901835"><ele>305.4</ele><time>2022-06-05T20:40:34Z</time></trkpt>
<trkpt lat="37.082554" lon="-121.901284"><ele>310.5</ele><time>2022-06-05T20:41:09Z</time></trkpt>
<trkpt lat="37.082427" lon="-121.900972"><ele>314.6</ele><time>2022-06-05T20:41:32Z</time></trkpt>
<trkpt lat="37.082259" lon="-121.900636"><ele>320.1</ele><time>2022-06-05T20:42:00Z</time></trkpt>
<trkpt lat="37.082187" lon="-121.900541"><ele>322.0</ele><time>2022-06-05T20:42:06Z</time></trkpt>
<trkpt lat="37.082122" lon="-121.900515"><ele>323.3</ele><time>2022-06-05T20:42:08Z</time></trkpt>
<trkpt lat="37.082082" lon="-121.900438"><ele>325.0</ele><time>2022-06-05T20:42:15Z</time></trkpt>
<trkpt lat="37.082114" lon="-121.900238"><ele>327.5</ele><time>2022-06-05T20:45:08Z</time></trkpt>
<trkpt lat="37.082073" lon="-121.900291"><ele>328.4</ele><time>2022-06-05T20:45:10Z</time></trkpt>
<trkpt lat="37.082096" lon="-121.900373"><ele>329.3</ele><time>2022-06-05T20:45:11Z</time></trkpt>
<trkpt lat="37.082017" lon="-121.900472"><ele>330.5</ele><time>2022-06-05T20:45:16Z</time></trkpt>
<trkpt lat="37.081976" lon="-121.900593"><ele>331.2</ele><time>2022-06-05T20:45:19Z</time></trkpt>
<trkpt lat="37.081806" lon="-121.900843"><ele>332.6</ele><time>2022-06-05T20:45:33Z</time></trkpt>
<trkpt lat="37.081754" lon="-121.900875"><ele>333.1</ele><time>2022-06-05T20:45:39Z</time></trkpt>
<trkpt lat="37.081621" lon="-121.900823"><ele>335.9</ele><time>2022-06-05T20:45:50Z</time></trkpt>
<trkpt lat="37.081550" lon="-121.900744"><ele>337.7</ele><time>2022-06-05T20:45:57Z</time></trkpt>
<trkpt lat="37.081556" lon="-121.900704"><ele>338.3</ele><time>2022-06-05T20:45:58Z</time></trkpt>
<trkpt lat="37.081515" lon="-121.900643"><ele>339.4</ele><time>2022-06-05T20:46:02Z</time></trkpt>
<trkpt lat="37.081537" lon="-121.900645"><ele>339.7</ele><time>2022-06-05T20:46:03Z</time></trkpt>
<trkpt lat="37.081423" lon="-121.900417"><ele>343.3</ele><time>2022-06-05T20:46:14Z</time></trkpt>
<trkpt lat="37.081477" lon="-121.900402"><ele>344.2</ele><time>2022-06-05T20:46:15Z</time></trkpt>
<trkpt lat="37.081375" lon="-121.899635"><ele>353.8</ele><time>2022-06-05T20:47:05Z</time></trkpt>
<trkpt lat="37.081285" lon="-121.899297"><ele>358.2</ele><time>2022-06-05T20:47:36Z</time></trkpt>
<trkpt lat="37.081371" lon="-121.897862"><ele>374.4</ele><time>2022-06-05T20:49:14Z</time></trkpt>
<trkpt lat="37.081328" lon="-121.897817"><ele>375.6</ele><time>2022-06-05T20:49:22Z</time></trkpt>
<trkpt lat="37.081354" lon="-121.897787"><ele>376.0</ele><time>2022-06-05T20:49:24Z</time></trkpt>
<trkpt lat="37.081304" lon="-121.897775"><ele>376.7</ele><time>2022-06-05T20:49:28Z</time></trkpt>
<trkpt lat="37.081253" lon="-121.897676"><ele>378.1</ele><time>2022-06-05T20:49:35Z</time></trkpt>
<trkpt lat="37.081307" lon="-121.897610"><ele>379.1</ele><time>2022-06-05T20:49:42Z</time></trkpt>
<trkpt lat="37.081194" lon="-121.897515"><ele>380.7</ele><time>2022-06-05T20:49:49Z</time></trkpt>
<trkpt lat="37.081187" lon="-121.897426"><ele>382.0</ele><time>2022-06-05T20:49:55Z</time></trkpt>
<trkpt lat="37.081215" lon="-121.897416"><ele>382.4</ele><time>2022-06-05T20:49:56Z</time></trkpt>
<trkpt lat="37.081178" lon="-121.897402"><ele>382.8</ele><time>2022-06-05T20:49:58Z</time></trkpt>
<trkpt lat="37.081218" lon="-121.897401"><ele>383.3</ele><time>2022-06-05T20:50:01Z</time></trkpt>
<trkpt lat="37.081217" lon="-121.897299"><ele>384.3</ele><time>2022-06-05T20:50:08Z</time></trkpt>
<trkpt lat="37.081255" lon="-121.897214"><ele>385.3</ele><time>2022-06-05T20:50:14Z</time></trkpt>
<trkpt lat="37.081251" lon="-121.897025"><ele>387.1</ele><time>2022-06-05T20:50:18Z</time></trkpt>
<trkpt lat="37.081229" lon="-121.896986"><ele>387.6</ele><time>2022-06-05T20:50:23Z</time></trkpt>
<trkpt lat="37.081181" lon="-121.896986"><ele>388.1</ele><time>2022-06-05T20:50:25Z</time></trkpt>
<trkpt lat="37.081167" lon="-121.896908"><ele>389.0</ele><time>2022-06-05T20:50:30Z</time></trkpt>
<trkpt lat="37.081143" lon="-121.896909"><ele>389.3</ele><time>2022-06-05T20:50:31Z</time></trkpt>
<trkpt lat="37.081155" lon="-121.896933"><ele>389.6</ele><time>2022-06-05T20:50:32Z</time></trkpt>
<trkpt lat="37.081115" lon="-121.896894"><ele>390.2</ele><time>2022-06-05T20:50:34Z</time></trkpt>
<trkpt lat="37.081114" lon="-121.896803"><ele>391.1</ele><time>2022-06-05T20:50:36Z</time></trkpt>
<trkpt lat="37.081062" lon="-121.896785"><ele>391.8</ele><time>2022-06-05T20:50:40Z</time></trkpt>
<trkpt lat="37.081114" lon="-121.896751"><ele>392.6</ele><time>2022-06-05T20:50:42Z</time></trkpt>
<trkpt lat="37.080972" lon="-121.896737"><ele>394.7</ele><time>2022-06-05T20:50:53Z</time></trkpt>
<trkpt lat="37.080842" lon="-121.896851"><ele>396.5</ele><time>2022-06-05T20:51:05Z</time></trkpt>
<trkpt lat="37.080771" lon="-121.896748"><ele>397.6</ele><time>2022-06-05T20:51:10Z</time></trkpt>
<trkpt lat="37.080745" lon="-121.896780"><ele>398.0</ele><time>2022-06-05T20:51:13Z</time></trkpt>
<trkpt lat="37.080730" lon="-121.896890"><ele>398.7</ele><time>2022-06-05T20:51:16Z</time></trkpt>
<trkpt lat="37.080770" lon="-121.896968"><ele>399.3</ele><time>2022-06-05T20:51:17Z</time></trkpt>
<trkpt lat="37.080474" lon="-121.897438"><ele>402.5</ele><time>2022-06-05T20:51:46Z</time></trkpt>
<trkpt lat="37.080414" lon="-121.897585"><ele>403.3</ele><time>2022-06-05T20:51:55Z</time></trkpt>
<trkpt lat="37.080555" lon="-121.897649"><ele>404.6</ele><time>2022-06-05T20:52:00Z</time></trkpt>
<trkpt lat="37.080578" lon="-121.897718"><ele>405.1</ele><time>2022-06-05T20:52:01Z</time></trkpt>
<trkpt lat="37.080364" lon="-121.897769"><ele>407.2</ele><time>2022-06-05T20:52:12Z</time></trkpt>
<trkpt lat="37.080378" lon="-121.897848"><ele>407.8</ele><time>2022-06-05T20:52:15Z</time></trkpt>
<trkpt lat="37.080183" lon="-121.897860"><ele>410.2</ele><time>2022-06-05T20:52:25Z</time></trkpt>
<trkpt lat="37.080228" lon="-121.897844"><ele>410.7</ele><time>2022-06-05T20:52:27Z</time></trkpt>
<trkpt lat="37.080174" lon="-121.897855"><ele>411.4</ele><time>2022-06-05T20:52:29Z</time></trkpt>
<trkpt lat="37.080124" lon="-121.897801"><ele>412.4</ele><time>2022-06-05T20:52:35Z</time></trkpt>
<trkpt lat="37.080100" lon="-121.897722"><ele>413.3</ele><time>2022-06-05T20:52:39Z</time></trkpt>
<trkpt lat="37.080126" lon="-121.897726"><ele>413.7</ele><time>2022-06-05T20:52:40Z</time></trkpt>
<trkpt lat="37.080109" lon="-121.897753"><ele>414.1</ele><time>2022-06-05T20:52:43Z</time></trkpt>
<trkpt lat="37.080094" lon="-121.897721"><ele>414.5</ele><time>2022-06-05T20:52:44Z</time></trkpt>
<trkpt lat="37.080139" lon="-121.897608"><ele>415.6</ele><time>2022-06-05T20:52:47Z</time></trkpt>
<trkpt lat="37.080007" lon="-121.897443"><ele>416.1</ele><time>2022-06-05T20:53:00Z</time></trkpt>
<trkpt lat="37.080129" lon="-121.897688"><ele>416.7</ele><time>2022-06-05T20:54:02Z</time></trkpt>
<trkpt lat="37.080084" lon="-121.897632"><ele>416.8</ele><time>2022-06-05T20:54:08Z</time></trkpt>
<trkpt lat="37.080087" lon="-121.897682"><ele>416.9</ele><time>2022-06-05T20:54:10Z</time></trkpt>
<trkpt lat="37.079976" lon="-121.897594"><ele>417.3</ele><time>2022-06-05T20:54:14Z</time></trkpt>
<trkpt lat="37.080009" lon="-121.897527"><ele>417.4</ele><time>2022-06-05T20:54:16Z</time></trkpt>
<trkpt lat="37.079971" lon="-121.897580"><ele>417.6</ele><time>2022-06-05T20:54:19Z</time></trkpt>
<trkpt lat="37.079981" lon="-121.897613"><ele>417.6</ele><time>2022-06-05T20:54:20Z</time></trkpt>
<trkpt lat="37.080008" lon="-121.897641"><ele>417.7</ele><time>2022-06-05T20:54:22Z</time></trkpt>
<trkpt lat="37.080041" lon="-121.897620"><ele>417.8</ele><time>2022-06-05T20:54:23Z</time></trkpt>
<trkpt lat="37.080052" lon="-121.897582"><ele>417.9</ele><time>2022-06-05T20:54:24Z</time></trkpt>
<trkpt lat="37.079972" lon="-121.897648"><ele>418.1</ele><time>2022-06-05T20:54:29Z</time></trkpt>
<trkpt lat="37.080207" lon="-121.897546"><ele>418.8</ele><time>2022-06-05T20:55:39Z</time></trkpt>
<trkpt lat="37.080084" lon="-121.897507"><ele>419.0</ele><time>2022-06-05T20:55:58Z</time></trkpt>
<trkpt lat="37.080099" lon="-121.897490"><ele>419.1</ele><time>2022-06-05T20:55:59Z</time></trkpt>
<trkpt lat="37.080104" lon="-121.897550"><ele>419.2</ele><time>2022-06-05T20:56:03Z</time></trkpt>
<trkpt lat="37.080062" lon="-121.897545"><ele>419.3</ele><time>2022-06-05T20:56:08Z</time></trkpt>
<trkpt lat="37.080142" lon="-121.897474"><ele>419.6</ele><time>2022-06-05T20:56:21Z</time></trkpt>
<trkpt lat="37.080078" lon="-121.897424"><ele>419.8</ele><time>2022-06-05T20:56:32Z</time></trkpt>
<trkpt lat="37.080071" lon="-121.897369"><ele>419.9</ele><time>2022-06-05T20:56:39Z</time></trkpt>
<trkpt lat="37.079990" lon="-121.897347"><ele>420.1</ele><time>2022-06-05T20:56:45Z</time></trkpt>
<trkpt lat="37.079993" lon="-121.897310"><ele>420.0</ele><time>2022-06-05T20:57:11Z</time></trkpt>
<trkpt lat="37.080096" lon="-121.897975"><ele>413.6</ele><time>2022-06-05T20:57:18Z</time></trkpt>
<trkpt lat="37.079989" lon="-121.898152"><ele>412.3</ele><time>2022-06-05T20:57:21Z</time></trkpt>
<trkpt lat="37.079904" lon="-121.898374"><ele>411.4</ele><time>2022-06-05T20:57:23Z</time></trkpt>
<trkpt lat="37.079793" lon="-121.898448"><ele>410.9</ele><time>2022-06-05T20:57:25Z</time></trkpt>
<trkpt lat="37.079815" lon="-121.898508"><ele>410.5</ele><time>2022-06-05T20:57:26Z</time></trkpt>
<trkpt lat="37.079990" lon="-121.898472"><ele>409.0</ele><time>2022-06-05T20:57:28Z</time></trkpt>
<trkpt lat="37.080057" lon="-121.898392"><ele>408.3</ele><time>2022-06-05T20:57:29Z</time></trkpt>
<trkpt lat="37.080115" lon="-121.898239"><ele>407.3</ele><time>2022-06-05T20:57:31Z</time></trkpt>
<trkpt lat="37.080175" lon="-121.898202"><ele>406.8</ele><time>2022-06-05T20:57:32Z</time></trkpt>
<trkpt lat="37.080292" lon="-121.898261"><ele>405.6</ele><time>2022-06-05T20:57:34Z</time></trkpt>
<trkpt lat="37.080319" lon="-121.898230"><ele>405.3</ele><time>2022-06-05T20:57:35Z</time></trkpt>
<trkpt lat="37.080347" lon="-121.898303"><ele>404.5</ele><time>2022-06-05T20:57:36Z</time></trkpt>
<trkpt lat="37.080277" lon="-121.898432"><ele>403.0</ele><time>2022-06-05T20:57:38Z</time></trkpt>
<trkpt lat="37.080188" lon="-121.898454"><ele>401.8</ele><time>2022-06-05T20:57:39Z</time></trkpt>
<trkpt lat="37.080215" lon="-121.898502"><ele>401.1</ele><time>2022-06-05T20:57:40Z</time></trkpt>
<trkpt lat="37.080311" lon="-121.898544"><ele>399.7</ele><time>2022-06-05T20:57:41Z</time></trkpt>
<trkpt lat="37.080487" lon="-121.898481"><ele>397.2</ele><time>2022-06-05T20:57:44Z</time></trkpt>
<trkpt lat="37.080490" lon="-121.898546"><ele>396.6</ele><time>2022-06-05T20:57:45Z</time></trkpt>
<trkpt lat="37.080443" lon="-121.898674"><ele>395.5</ele><time>2022-06-05T20:57:46Z</time></trkpt>
<trkpt lat="37.080403" lon="-121.898704"><ele>395.1</ele><time>2022-06-05T20:57:47Z</time></trkpt>
<trkpt lat="37.080355" lon="-121.898904"><ele>393.8</ele><time>2022-06-05T20:57:49Z</time></trkpt>
<trkpt lat="37.080302" lon="-121.898999"><ele>392.9</ele><time>2022-06-05T20:57:50Z</time></trkpt>
<trkpt lat="37.080248" lon="-121.899054"><ele>392.1</ele><time>2022-06-05T20:57:51Z</time></trkpt>
<trkpt lat="37.080105" lon="-121.899083"><ele>390.3</ele><time>2022-06-05T20:57:53Z</time></trkpt>
<trkpt lat="37.080128" lon="-121.899182"><ele>389.4</ele><time>2022-06-05T20:57:55Z</time></trkpt>
<trkpt lat="37.080185" lon="-121.899210"><ele>388.8</ele><time>2022-06-05T20:57:56Z</time></trkpt>
<trkpt lat="37.080393" lon="-121.899106"><ele>387.3</ele><time>2022-06-05T20:57:59Z</time></trkpt>
<trkpt lat="37.080511" lon="-121.899091"><ele>386.5</ele><time>2022-06-05T20:58:01Z</time></trkpt>
<trkpt lat="37.080615" lon="-121.899006"><ele>385.5</ele><time>2022-06-05T20:58:04Z</time></trkpt>
<trkpt lat="37.080713" lon="-121.898636"><ele>383.3</ele><time>2022-06-05T20:58:09Z</time></trkpt>
<trkpt lat="37.080894" lon="-121.898355"><ele>382.4</ele><time>2022-06-05T20:58:13Z</time></trkpt>
<trkpt lat="37.080983" lon="-121.898319"><ele>382.2</ele><time>2022-06-05T20:58:15Z</time></trkpt>
<trkpt lat="37.081032" lon="-121.898239"><ele>381.9</ele><time>2022-06-05T20:58:16Z</time></trkpt>
<trkpt lat="37.081065" lon="-121.897931"><ele>381.0</ele><time>2022-06-05T20:58:20Z</time></trkpt>
<trkpt lat="37.081324" lon="-121.897446"><ele>379.1</ele><time>2022-06-05T20:58:27Z</time></trkpt>
<trkpt lat="37.081328" lon="-121.897255"><ele>378.3</ele><time>2022-06-05T20:58:29Z</time></trkpt>
<trkpt lat="37.081452" lon="-121.896957"><ele>376.7</ele><time>2022-06-05T20:58:33Z</time></trkpt>
<trkpt lat="37.081411" lon="-121.896791"><ele>375.5</ele><time>2022-06-05T20:58:35Z</time></trkpt>
<trkpt lat="37.081325" lon="-121.896679"><ele>374.5</ele><time>2022-06-05T20:58:38Z</time></trkpt>
<trkpt lat="37.081323" lon="-121.896618"><ele>374.2</ele><time>2022-06-05T20:58:39Z</time></trkpt>
<trkpt lat="37.081146" lon="-121.896313"><ele>372.8</ele><time>2022-06-05T20:58:44Z</time></trkpt>
<trkpt lat="37.081108" lon="-121.896190"><ele>372.4</ele><time>2022-06-05T20:58:46Z</time></trkpt>
<trkpt lat="37.081168" lon="-121.896152"><ele>372.1</ele><time>2022-06-05T20:58:48Z</time></trkpt>
<trkpt lat="37.081302" lon="-121.896260"><ele>371.6</ele><time>2022-06-05T20:58:51Z</time></trkpt>
<trkpt lat="37.081372" lon="-121.896385"><ele>371.3</ele><time>2022-06-05T20:58:53Z</time></trkpt>
<trkpt lat="37.081363" lon="-121.896516"><ele>371.0</ele><time>2022-06-05T20:58:54Z</time></trkpt>
<trkpt lat="37.081593" lon="-121.896574"><ele>369.7</ele><time>2022-06-05T20:58:56Z</time></trkpt>
<trkpt lat="37.081687" lon="-121.896666"><ele>368.7</ele><time>2022-06-05T20:58:59Z</time></trkpt>
<trkpt lat="37.081623" lon="-121.896793"><ele>367.7</ele><time>2022-06-05T20:59:01Z</time></trkpt>
<trkpt lat="37.081724" lon="-121.896903"><ele>366.7</ele><time>2022-06-05T20:59:03Z</time></trkpt>
<trkpt lat="37.081755" lon="-121.897050"><ele>365.9</ele><time>2022-06-05T20:59:07Z</time></trkpt>
<trkpt lat="37.081732" lon="-121.897140"><ele>365.5</ele><time>2022-06-05T20:59:10Z</time></trkpt>
<trkpt lat="37.081732" lon="-121.897100"><ele>365.3</ele><time>2022-06-05T20:59:12Z</time></trkpt>
<trkpt lat="37.081692" lon="-121.897127"><ele>365.0</ele><time>2022-06-05T20:59:19Z</time></trkpt>
<trkpt lat="37.081728" lon="-121.897229"><ele>364.3</ele><time>2022-06-05T20:59:27Z</time></trkpt>
<trkpt lat="37.081680" lon="-121.897219"><ele>364.0</ele><time>2022-06-05T20:59:28Z</time></trkpt>
<trkpt lat="37.081731" lon="-121.897192"><ele>363.6</ele><time>2022-06-05T20:59:33Z</time></trkpt>
<trkpt lat="37.081806" lon="-121.897258"><ele>362.9</ele><time>2022-06-05T21:00:05Z</time></trkpt>
<trkpt lat="37.081794" lon="-121.897218"><ele>362.7</ele><time>2022-06-05T21:00:07Z</time></trkpt>
<trkpt lat="37.081825" lon="-121.897233"><ele>362.5</ele><time>2022-06-05T21:00:11Z</time></trkpt>
<trkpt lat="37.081765" lon="-121.897240"><ele>362.2</ele><time>2022-06-05T21:00:12Z</time></trkpt>
<trkpt lat="37.081759" lon="-121.897202"><ele>362.0</ele><time>2022-06-05T21:00:13Z</time></trkpt>
<trkpt lat="37.081730" lon="-121.897263"><ele>361.6</ele><time>2022-06-05T21:00:15Z</time></trkpt>
<trkpt lat="37.081773" lon="-121.897268"><ele>361.3</ele><time>2022-06-05T21:00:16Z</time></trkpt>
<trkpt lat="37.081665" lon="-121.897294"><ele>360.5</ele><time>2022-06-05T21:00:24Z</time></trkpt>
<trkpt lat="37.081638" lon="-121.897172"><ele>359.7</ele><time>2022-06-05T21:00:26Z</time></trkpt>
<trkpt lat="37.081720" lon="-121.897086"><ele>358.9</ele><time>2022-06-05T21:00:33Z</time></trkpt>
<trkpt lat="37.081780" lon="-121.897084"><ele>358.4</ele><time>2022-06-05T21:00:35Z</time></trkpt>
<trkpt lat="37.081896" lon="-121.897211"><ele>357.5</ele><time>2022-06-05T21:00:37Z</time></trkpt>
<trkpt lat="37.081955" lon="-121.897521"><ele>356.1</ele><time>2022-06-05T21:00:41Z</time></trkpt>
<trkpt lat="37.081897" lon="-121.897467"><ele>355.8</ele><time>2022-06-05T21:00:42Z</time></trkpt>
<trkpt lat="37.081974" lon="-121.897461"><ele>355.4</ele><time>2022-06-05T21:00:43Z</time></trkpt>
<trkpt lat="37.081999" lon="-121.897702"><ele>354.1</ele><time>2022-06-05T21:00:47Z</time></trkpt>
<trkpt lat="37.081926" lon="-121.897916"><ele>352.7</ele><time>2022-06-05T21:00:50Z</time></trkpt>
<trkpt lat="37.081928" lon="-121.898007"><ele>352.2</ele><time>2022-06-05T21:00:51Z</time></trkpt>
<trkpt lat="37.081847" lon="-121.898084"><ele>351.6</ele><time>2022-06-05T21:00:52Z</time></trkpt>
<trkpt lat="37.081825" lon="-121.898230"><ele>351.0</ele><time>2022-06-05T21:00:55Z</time></trkpt>
<trkpt lat="37.081863" lon="-121.898293"><ele>350.7</ele><time>2022-06-05T21:00:56Z</time></trkpt>
<trkpt lat="37.081977" lon="-121.898256"><ele>349.5</ele><time>2022-06-05T21:00:58Z</time></trkpt>
<trkpt lat="37.081961" lon="-121.898113"><ele>350.9</ele><time>2022-06-05T21:01:02Z</time></trkpt>
<trkpt lat="37.081994" lon="-121.897976"><ele>352.0</ele><time>2022-06-05T21:01:03Z</time></trkpt>
<trkpt lat="37.082076" lon="-121.897884"><ele>353.5</ele><time>2022-06-05T21:01:05Z</time></trkpt>
<trkpt lat="37.082129" lon="-121.897868"><ele>350.0</ele><time>2022-06-05T21:01:06Z</time></trkpt>
<trkpt lat="37.082186" lon="-121.898022"><ele>348.4</ele><time>2022-06-05T21:01:07Z</time></trkpt>
<trkpt lat="37.082143" lon="-121.898265"><ele>342.7</ele><time>2022-06-05T21:01:11Z</time></trkpt>
<trkpt lat="37.082151" lon="-121.898515"><ele>341.5</ele><time>2022-06-05T21:01:16Z</time></trkpt>
<trkpt lat="37.082203" lon="-121.898568"><ele>341.1</ele><time>2022-06-05T21:01:17Z</time></trkpt>
<trkpt lat="37.082129" lon="-121.898627"><ele>340.6</ele><time>2022-06-05T21:01:18Z</time></trkpt>
<trkpt lat="37.082131" lon="-121.898768"><ele>339.8</ele><time>2022-06-05T21:01:20Z</time></trkpt>
<trkpt lat="37.082093" lon="-121.898853"><ele>339.2</ele><time>2022-06-05T21:01:21Z</time></trkpt>
<trkpt lat="37.082122" lon="-121.899005"><ele>338.1</ele><time>2022-06-05T21:01:23Z</time></trkpt>
<trkpt lat="37.082169" lon="-121.899039"><ele>337.7</ele><time>2022-06-05T21:01:24Z</time></trkpt>
<trkpt lat="37.082149" lon="-121.899278"><ele>336.5</ele><time>2022-06-05T21:01:28Z</time></trkpt>
<trkpt lat="37.082181" lon="-121.899403"><ele>335.9</ele><time>2022-06-05T21:01:30Z</time></trkpt>
<trkpt lat="37.082046" lon="-121.899795"><ele>334.6</ele><time>2022-06-05T21:01:36Z</time></trkpt>
<trkpt lat="37.081949" lon="-121.899961"><ele>334.2</ele><time>2022-06-05T21:01:38Z</time></trkpt>
<trkpt lat="37.082021" lon="-121.900097"><ele>334.0</ele><time>2022-06-05T21:01:40Z</time></trkpt>
<trkpt lat="37.082047" lon="-121.900238"><ele>333.9</ele><time>2022-06-05T21:01:43Z</time></trkpt>
<trkpt lat="37.081910" lon="-121.900385"><ele>334.0</ele><time>2022-06-05T21:01:49Z</time></trkpt>
<trkpt lat="37.081937" lon="-121.900420"><ele>334.0</ele><time>2022-06-05T21:01:52Z</time></trkpt>
<trkpt lat="37.081837" lon="-121.900505"><ele>334.1</ele><time>2022-06-05T21:01:58Z</time></trkpt>
<trkpt lat="37.081846" lon="-121.900586"><ele>334.1</ele><time>2022-06-05T21:02:12Z</time></trkpt>
<trkpt lat="37.081850" lon="-121.900525"><ele>334.0</ele><time>2022-06-05T21:02:15Z</time></trkpt>
<trkpt lat="37.081741" lon="-121.900676"><ele>333.8</ele><time>2022-06-05T21:02:27Z</time></trkpt>
<trkpt lat="37.081652" lon="-121.900682"><ele>333.5</ele><time>2022-06-05T21:02:28Z</time></trkpt>
<trkpt lat="37.081663" lon="-121.900721"><ele>333.4</ele><time>2022-06-05T21:02:29Z</time></trkpt>
<trkpt lat="37.081932" lon="-121.900879"><ele>331.9</ele><time>2022-06-05T21:02:32Z</time></trkpt>
<trkpt lat="37.081964" lon="-121.901014"><ele>330.8</ele><time>2022-06-05T21:02:34Z</time></trkpt>
<trkpt lat="37.082035" lon="-121.901136"><ele>329.5</ele><time>2022-06-05T21:02:36Z</time></trkpt>
<trkpt lat="37.082050" lon="-121.901247"><ele>328.5</ele><time>2022-06-05T21:02:37Z</time></trkpt>
<trkpt lat="37.081962" lon="-121.901646"><ele>325.1</ele><time>2022-06-05T21:02:40Z</time></trkpt>
<trkpt lat="37.082029" lon="-121.901713"><ele>324.5</ele><time>2022-06-05T21:02:41Z</time></trkpt>
<trkpt lat="37.082052" lon="-121.901817"><ele>323.8</ele><time>2022-06-05T21:02:42Z</time></trkpt>
<trkpt lat="37.082123" lon="-121.901938"><ele>323.1</ele><time>2022-06-05T21:02:43Z</time></trkpt>
<trkpt lat="37.082137" lon="-121.902142"><ele>322.4</ele><time>2022-06-05T21:02:45Z</time></trkpt>
<trkpt lat="37.082281" lon="-121.902335"><ele>321.7</ele><time>2022-06-05T21:02:48Z</time></trkpt>
<trkpt lat="37.082249" lon="-121.902474"><ele>321.3</ele><time>2022-06-05T21:02:50Z</time></trkpt>
<trkpt lat="37.082337" lon="-121.902611"><ele>320.6</ele><time>2022-06-05T21:02:53Z</time></trkpt>
<trkpt lat="37.082359" lon="-121.902836"><ele>319.5</ele><time>2022-06-05T21:02:55Z</time></trkpt>
<trkpt lat="37.082329" lon="-121.903022"><ele>318.7</ele><time>2022-06-05T21:02:57Z</time></trkpt>
<trkpt lat="37.082419" lon="-121.903177"><ele>317.9</ele><time>2022-06-05T21:02:59Z</time></trkpt>
<trkpt lat="37.082378" lon="-121.903406"><ele>317.0</ele><time>2022-06-05T21:03:02Z</time></trkpt>
<trkpt lat="37.082452" lon="-121.903520"><ele>316.6</ele><time>2022-06-05T21:03:04Z</time></trkpt>
<trkpt lat="37.082302" lon="-121.903769"><ele>315.9</ele><time>2022-06-05T21:03:08Z</time></trkpt>
<trkpt lat="37.082399" lon="-121.903939"><ele>315.1</ele><time>2022-06-05T21:03:10Z</time></trkpt>
<trkpt lat="37.082474" lon="-121.904322"><ele>312.8</ele><time>2022-06-05T21:03:14Z</time></trkpt>
<trkpt lat="37.082577" lon="-121.904365"><ele>312.2</ele><time>2022-06-05T21:03:16Z</time></trkpt>
<trkpt lat="37.082588" lon="-121.904301"><ele>311.9</ele><time>2022-06-05T21:03:17Z</time></trkpt>
<trkpt lat="37.082478" lon="-121.904034"><ele>310.3</ele><time>2022-06-05T21:03:19Z</time></trkpt>
<trkpt lat="37.082545" lon="-121.903868"><ele>309.2</ele><time>2022-06-05T21:03:21Z</time></trkpt>
<trkpt lat="37.082567" lon="-121.903743"><ele>308.5</ele><time>2022-06-05T21:03:22Z</time></trkpt>
<trkpt lat="37.082541" lon="-121.903709"><ele>308.3</ele><time>2022-06-05T21:03:23Z</time></trkpt>
<trkpt lat="37.082624" lon="-121.903594"><ele>307.6</ele><time>2022-06-05T21:03:25Z</time></trkpt>
<trkpt lat="37.082619" lon="-121.903500"><ele>307.3</ele><time>2022-06-05T21:03:26Z</time></trkpt>
<trkpt lat="37.082690" lon="-121.903482"><ele>306.9</ele><time>2022-06-05T21:03:27Z</time></trkpt>
<trkpt lat="37.082744" lon="-121.903376"><ele>306.4</ele><time>2022-06-05T21:03:29Z</time></trkpt>
<trkpt lat="37.082819" lon="-121.903360"><ele>306.0</ele><time>2022-06-05T21:03:30Z</time></trkpt>
<trkpt lat="37.082899" lon="-121.903413"><ele>305.5</ele><time>2022-06-05T21:03:31Z</time></trkpt>
<trkpt lat="37.082928" lon="-121.903502"><ele>305.0</ele><time>2022-06-05T21:03:32Z</time></trkpt>
<trkpt lat="37.082939" lon="-121.903711"><ele>303.6</ele><time>2022-06-05T21:03:34Z</time></trkpt>
<trkpt lat="37.082879" lon="-121.903788"><ele>302.8</ele><time>2022-06-05T21:03:35Z</time></trkpt>
<trkpt lat="37.082956" lon="-121.904115"><ele>300.2</ele><time>2022-06-05T21:03:38Z</time></trkpt>
<trkpt lat="37.082846" lon="-121.904323"><ele>298.8</ele><time>2022-06-05T21:03:42Z</time></trkpt>
<trkpt lat="37.082882" lon="-121.904364"><ele>298.6</ele><time>2022-06-05T21:03:43Z</time></trkpt>
<trkpt lat="37.082941" lon="-121.904353"><ele>298.2</ele><time>2022-06-05T21:03:44Z</time></trkpt>
<trkpt lat="37.083002" lon="-121.904218"><ele>297.4</ele><time>2022-06-05T21:03:45Z</time></trkpt>
<trkpt lat="37.083154" lon="-121.904046"><ele>295.5</ele><time>2022-06-05T21:03:48Z</time></trkpt>
<trkpt lat="37.083185" lon="-121.903872"><ele>294.3</ele><time>2022-06-05T21:03:50Z</time></trkpt>
<trkpt lat="37.083248" lon="-121.903833"><ele>293.7</ele><time>2022-06-05T21:03:51Z</time></trkpt>
<trkpt lat="37.083308" lon="-121.903721"><ele>292.8</ele><time>2022-06-05T21:03:53Z</time></trkpt>
<trkpt lat="37.083365" lon="-121.903784"><ele>292.1</ele><time>2022-06-05T21:03:54Z</time></trkpt>
<trkpt lat="37.083408" lon="-121.903907"><ele>291.1</ele><time>2022-06-05T21:03:55Z</time></trkpt>
<trkpt lat="37.083404" lon="-121.904150"><ele>288.9</ele><time>2022-06-05T21:03:58Z</time></trkpt>
<trkpt lat="37.083242" lon="-121.904482"><ele>286.1</ele><time>2022-06-05T21:04:02Z</time></trkpt>
<trkpt lat="37.083383" lon="-121.904539"><ele>284.8</ele><time>2022-06-05T21:04:04Z</time></trkpt>
<trkpt lat="37.083456" lon="-121.904384"><ele>283.1</ele><time>2022-06-05T21:04:08Z</time></trkpt>
<trkpt lat="37.083395" lon="-121.904674"><ele>279.8</ele><time>2022-06-05T21:04:11Z</time></trkpt>
<trkpt lat="37.083417" lon="-121.904739"><ele>279.1</ele><time>2022-06-05T21:04:12Z</time></trkpt>
<trkpt lat="37.083504" lon="-121.904800"><ele>277.9</ele><time>2022-06-05T21:04:13Z</time></trkpt>
<trkpt lat="37.083492" lon="-121.904864"><ele>277.3</ele><time>2022-06-05T21:04:14Z</time></trkpt>
<trkpt lat="37.083420" lon="-121.904876"><ele>276.5</ele><time>2022-06-05T21:04:15Z</time></trkpt>
<trkpt lat="37.083291" lon="-121.905043"><ele>274.7</ele><time>2022-06-05T21:04:17Z</time></trkpt>
<trkpt lat="37.083151" lon="-121.905158"><ele>273.5</ele><time>2022-06-05T21:04:20Z</time></trkpt>
<trkpt lat="37.083039" lon="-121.905371"><ele>272.4</ele><time>2022-06-05T21:04:23Z</time></trkpt>
<trkpt lat="37.082973" lon="-121.905601"><ele>271.6</ele><time>2022-06-05T21:04:25Z</time></trkpt>
<trkpt lat="37.082935" lon="-121.905625"><ele>271.4</ele><time>2022-06-05T21:04:26Z</time></trkpt>
<trkpt lat="37.083090" lon="-121.905676"><ele>270.8</ele><time>2022-06-05T21:04:28Z</time></trkpt>
<trkpt lat="37.083050" lon="-121.905824"><ele>270.4</ele><time>2022-06-05T21:04:30Z</time></trkpt>
<trkpt lat="37.083067" lon="-121.905986"><ele>269.9</ele><time>2022-06-05T21:04:33Z</time></trkpt>
<trkpt lat="37.083103" lon="-121.906061"><ele>269.5</ele><time>2022-06-05T21:04:35Z</time></trkpt>
<trkpt lat="37.083223" lon="-121.906052"><ele>268.4</ele><time>2022-06-05T21:04:36Z</time></trkpt>
<trkpt lat="37.083289" lon="-121.905980"><ele>267.5</ele><time>2022-06-05T21:04:38Z</time></trkpt>
<trkpt lat="37.083291" lon="-121.905719"><ele>265.2</ele><time>2022-06-05T21:04:40Z</time></trkpt>
<trkpt lat="37.083225" lon="-121.905593"><ele>264.1</ele><time>2022-06-05T21:04:41Z</time></trkpt>
<trkpt lat="37.083222" lon="-121.905519"><ele>263.6</ele><time>2022-06-05T21:04:42Z</time></trkpt>
<trkpt lat="37.083263" lon="-121.905316"><ele>262.1</ele><time>2022-06-05T21:04:44Z</time></trkpt>
<trkpt lat="37.083283" lon="-121.905287"><ele>261.8</ele><time>2022-06-05T21:04:45Z</time></trkpt>
<trkpt lat="37.083389" lon="-121.905336"><ele>260.8</ele><time>2022-06-05T21:04:46Z</time></trkpt>
<trkpt lat="37.083493" lon="-121.905228"><ele>259.5</ele><time>2022-06-05T21:04:48Z</time></trkpt>
<trkpt lat="37.083609" lon="-121.905244"><ele>258.5</ele><time>2022-06-05T21:04:49Z</time></trkpt>
<trkpt lat="37.083685" lon="-121.905200"><ele>257.8</ele><time>2022-06-05T21:04:50Z</time></trkpt>
<trkpt lat="37.083875" lon="-121.905030"><ele>256.3</ele><time>2022-06-05T21:04:54Z</time></trkpt>
<trkpt lat="37.083915" lon="-121.904883"><ele>255.7</ele><time>2022-06-05T21:04:56Z</time></trkpt>
<trkpt lat="37.084054" lon="-121.904811"><ele>255.0</ele><time>2022-06-05T21:04:59Z</time></trkpt>
<trkpt lat="37.084110" lon="-121.904820"><ele>254.7</ele><time>2022-06-05T21:05:00Z</time></trkpt>
<trkpt lat="37.084184" lon="-121.904943"><ele>254.0</ele><time>2022-06-05T21:05:02Z</time></trkpt>
<trkpt lat="37.084455" lon="-121.905000"><ele>251.9</ele><time>2022-06-05T21:05:06Z</time></trkpt>
<trkpt lat="37.084515" lon="-121.904978"><ele>251.4</ele><time>2022-06-05T21:05:07Z</time></trkpt>
<trkpt lat="37.084568" lon="-121.904914"><ele>250.8</ele><time>2022-06-05T21:05:08Z</time></trkpt>
<trkpt lat="37.084563" lon="-121.904869"><ele>250.6</ele><time>2022-06-05T21:05:09Z</time></trkpt>
<trkpt lat="37.084650" lon="-121.904800"><ele>249.9</ele><time>2022-06-05T21:05:10Z</time></trkpt>
<trkpt lat="37.084808" lon="-121.904889"><ele>249.2</ele><time>2022-06-05T21:05:12Z</time></trkpt>
<trkpt lat="37.084838" lon="-121.904984"><ele>248.9</ele><time>2022-06-05T21:05:13Z</time></trkpt>
<trkpt lat="37.084928" lon="-121.904990"><ele>248.4</ele><time>2022-06-05T21:05:15Z</time></trkpt>
<trkpt lat="37.085033" lon="-121.904429"><ele>247.1</ele><time>2022-06-05T21:05:25Z</time></trkpt>
<trkpt lat="37.085026" lon="-121.904115"><ele>248.3</ele><time>2022-06-05T21:05:32Z</time></trkpt>
<trkpt lat="37.084988" lon="-121.903997"><ele>249.2</ele><time>2022-06-05T21:05:41Z</time></trkpt>
<trkpt lat="37.085025" lon="-121.903836"><ele>250.3</ele><time>2022-06-05T21:05:52Z</time></trkpt>
<trkpt lat="37.085073" lon="-121.903782"><ele>250.8</ele><time>2022-06-05T21:05:58Z</time></trkpt>
<trkpt lat="37.085023" lon="-121.903623"><ele>251.9</ele><time>2022-06-05T21:07:57Z</time></trkpt>
<trkpt lat="37.084940" lon="-121.903619"><ele>252.5</ele><time>2022-06-05T21:08:01Z</time></trkpt>
<trkpt lat="37.084985" lon="-121.903519"><ele>253.1</ele><time>2022-06-05T21:08:06Z</time></trkpt>
<trkpt lat="37.084947" lon="-121.903400"><ele>254.1</ele><time>2022-06-05T21:08:14Z</time></trkpt>
<trkpt lat="37.084953" lon="-121.903167"><ele>255.5</ele><time>2022-06-05T21:08:23Z</time></trkpt>
<trkpt lat="37.084998" lon="-121.902958"><ele>256.8</ele><time>2022-06-05T21:08:29Z</time></trkpt>
<trkpt lat="37.084981" lon="-121.902903"><ele>257.2</ele><time>2022-06-05T21:08:31Z</time></trkpt>
<trkpt lat="37.085028" lon="-121.902969"><ele>257.7</ele><time>2022-06-05T21:08:32Z</time></trkpt>
<trkpt lat="37.084987" lon="-121.902764"><ele>259.3</ele><time>2022-06-05T21:08:42Z</time></trkpt>
<trkpt lat="37.084967" lon="-121.902710"><ele>259.7</ele><time>2022-06-05T21:08:46Z</time></trkpt>
<trkpt lat="37.084930" lon="-121.902701"><ele>260.2</ele><time>2022-06-05T21:08:50Z</time></trkpt>
<trkpt lat="37.084888" lon="-121.902554"><ele>262.0</ele><time>2022-06-05T21:09:02Z</time></trkpt>
<trkpt lat="37.084888" lon="-121.902346"><ele>263.9</ele><time>2022-06-05T21:09:12Z</time></trkpt>
<trkpt lat="37.084838" lon="-121.902366"><ele>264.4</ele><time>2022-06-05T21:09:13Z</time></trkpt>
<trkpt lat="37.084611" lon="-121.902085"><ele>267.1</ele><time>2022-06-05T21:09:32Z</time></trkpt>
<trkpt lat="37.084478" lon="-121.901993"><ele>268.1</ele><time>2022-06-05T21:09:41Z</time></trkpt>
<trkpt lat="37.084487" lon="-121.901960"><ele>268.3</ele><time>2022-06-05T21:09:42Z</time></trkpt>
<trkpt lat="37.084393" lon="-121.901840"><ele>269.3</ele><time>2022-06-05T21:09:51Z</time></trkpt>
<trkpt lat="37.084218" lon="-121.901455"><ele>272.1</ele><time>2022-06-05T21:10:10Z</time></trkpt>
<trkpt lat="37.084145" lon="-121.901514"><ele>272.8</ele><time>2022-06-05T21:10:14Z</time></trkpt>
<trkpt lat="37.084163" lon="-121.901481"><ele>273.1</ele><time>2022-06-05T21:10:17Z</time></trkpt>
<trkpt lat="37.084103" lon="-121.901499"><ele>273.6</ele><time>2022-06-05T21:10:19Z</time></trkpt>
<trkpt lat="37.083713" lon="-121.901408"><ele>278.4</ele><time>2022-06-05T21:10:44Z</time></trkpt>
<trkpt lat="37.083505" lon="-121.901049"><ele>282.0</ele><time>2022-06-05T21:11:05Z</time></trkpt>
<trkpt lat="37.083434" lon="-121.901022"><ele>282.6</ele><time>2022-06-05T21:11:08Z</time></trkpt>
<trkpt lat="37.083418" lon="-121.900938"><ele>283.1</ele><time>2022-06-05T21:11:12Z</time></trkpt>
<trkpt lat="37.083311" lon="-121.900775"><ele>284.6</ele><time>2022-06-05T21:11:23Z</time></trkpt>
<trkpt lat="37.083315" lon="-121.900695"><ele>285.1</ele><time>2022-06-05T21:11:26Z</time></trkpt>
<trkpt lat="37.083260" lon="-121.900597"><ele>285.8</ele><time>2022-06-05T21:11:33Z</time></trkpt>
<trkpt lat="37.083252" lon="-121.900490"><ele>285.9</ele><time>2022-06-05T21:11:38Z</time></trkpt>
<trkpt lat="37.083303" lon="-121.900241"><ele>284.9</ele><time>2022-06-05T21:11:45Z</time></trkpt>
<trkpt lat="37.083424" lon="-121.900161"><ele>283.8</ele><time>2022-06-05T21:11:47Z</time></trkpt>
<trkpt lat="37.083400" lon="-121.900099"><ele>283.5</ele><time>2022-06-05T21:11:49Z</time></trkpt>
<trkpt lat="37.083494" lon="-121.899910"><ele>282.8</ele><time>2022-06-05T21:11:57Z</time></trkpt>
<trkpt lat="37.083592" lon="-121.899842"><ele>283.0</ele><time>2022-06-05T21:11:59Z</time></trkpt>
<trkpt lat="37.083657" lon="-121.899848"><ele>283.3</ele><time>2022-06-05T21:12:00Z</time></trkpt>
<trkpt lat="37.083719" lon="-121.899778"><ele>284.0</ele><time>2022-06-05T21:12:02Z</time></trkpt>
<trkpt lat="37.083917" lon="-121.899811"><ele>285.8</ele><time>2022-06-05T21:12:10Z</time></trkpt>
<trkpt lat="37.083938" lon="-121.899781"><ele>286.1</ele><time>2022-06-05T21:12:11Z</time></trkpt>
<trkpt lat="37.084064" lon="-121.899896"><ele>287.7</ele><time>2022-06-05T21:12:19Z</time></trkpt>
<trkpt lat="37.084223" lon="-121.899839"><ele>289.3</ele><time>2022-06-05T21:12:28Z</time></trkpt>
<trkpt lat="37.084453" lon="-121.899841"><ele>291.8</ele><time>2022-06-05T21:12:45Z</time></trkpt>
<trkpt lat="37.084666" lon="-121.899943"><ele>293.8</ele><time>2022-06-05T21:12:58Z</time></trkpt>
<trkpt lat="37.084726" lon="-121.900014"><ele>294.3</ele><time>2022-06-05T21:13:02Z</time></trkpt>
<trkpt lat="37.084714" lon="-121.900057"><ele>294.5</ele><time>2022-06-05T21:13:03Z</time></trkpt>
<trkpt lat="37.084735" lon="-121.900073"><ele>294.7</ele><time>2022-06-05T21:13:04Z</time></trkpt>
<trkpt lat="37.084720" lon="-121.900044"><ele>294.9</ele><time>2022-06-05T21:13:05Z</time></trkpt>
<trkpt lat="37.084744" lon="-121.900044"><ele>295.0</ele><time>2022-06-05T21:13:06Z</time></trkpt>
<trkpt lat="37.084865" lon="-121.900161"><ele>296.1</ele><time>2022-06-05T21:13:14Z</time></trkpt>
<trkpt lat="37.085025" lon="-121.900149"><ele>297.3</ele><time>2022-06-05T21:13:24Z</time></trkpt>
<trkpt lat="37.085086" lon="-121.900079"><ele>297.9</ele><time>2022-06-05T21:13:28Z</time></trkpt>
<trkpt lat="37.085147" lon="-121.900082"><ele>298.4</ele><time>2022-06-05T21:13:33Z</time></trkpt>
<trkpt lat="37.085235" lon="-121.899971"><ele>299.5</ele><time>2022-06-05T21:13:41Z</time></trkpt>
<trkpt lat="37.085506" lon="-121.899764"><ele>301.9</ele><time>2022-06-05T21:14:00Z</time></trkpt>
<trkpt lat="37.085511" lon="-121.899814"><ele>302.3</ele><time>2022-06-05T21:14:06Z</time></trkpt>
<trkpt lat="37.085481" lon="-121.899783"><ele>302.5</ele><time>2022-06-05T21:14:09Z</time></trkpt>
<trkpt lat="37.085470" lon="-121.899812"><ele>302.6</ele><time>2022-06-05T21:14:30Z</time></trkpt>
<trkpt lat="37.085634" lon="-121.899744"><ele>303.5</ele><time>2022-06-05T21:14:37Z</time></trkpt>
<trkpt lat="37.085661" lon="-121.899702"><ele>303.7</ele><time>2022-06-05T21:14:39Z</time></trkpt>
<trkpt lat="37.085666" lon="-121.899563"><ele>304.4</ele><time>2022-06-05T21:14:44Z</time></trkpt>
<trkpt lat="37.085689" lon="-121.899610"><ele>304.7</ele><time>2022-06-05T21:14:46Z</time></trkpt>
<trkpt lat="37.085741" lon="-121.899482"><ele>305.4</ele><time>2022-06-05T21:14:53Z</time></trkpt>
<trkpt lat="37.085758" lon="-121.899275"><ele>306.7</ele><time>2022-06-05T21:15:03Z</time></trkpt>
<trkpt lat="37.085863" lon="-121.899121"><ele>308.3</ele><time>2022-06-05T21:15:13Z</time></trkpt>
<trkpt lat="37.085889" lon="-121.898944"><ele>310.0</ele><time>2022-06-05T21:15:21Z</time></trkpt>
<trkpt lat="37.085936" lon="-121.898876"><ele>311.1</ele><time>2022-06-05T21:15:26Z</time></trkpt>
<trkpt lat="37.086030" lon="-121.898883"><ele>312.7</ele><time>2022-06-05T21:15:32Z</time></trkpt>
<trkpt lat="37.086219" lon="-121.898812"><ele>315.4</ele><time>2022-06-05T21:15:43Z</time></trkpt>
<trkpt lat="37.086400" lon="-121.898629"><ele>318.3</ele><time>2022-06-05T21:16:02Z</time></trkpt>
<trkpt lat="37.086400" lon="-121.898587"><ele>318.7</ele><time>2022-06-05T21:16:04Z</time></trkpt>
<trkpt lat="37.086504" lon="-121.898593"><ele>319.8</ele><time>2022-06-05T21:16:09Z</time></trkpt>
<trkpt lat="37.086686" lon="-121.898446"><ele>322.1</ele><time>2022-06-05T21:16:18Z</time></trkpt>
<trkpt lat="37.086751" lon="-121.898273"><ele>323.6</ele><time>2022-06-05T21:16:28Z</time></trkpt>
<trkpt lat="37.086753" lon="-121.898013"><ele>325.2</ele><time>2022-06-05T21:16:48Z</time></trkpt>
<trkpt lat="37.086986" lon="-121.897369"><ele>329.4</ele><time>2022-06-05T21:17:17Z</time></trkpt>
<trkpt lat="37.087099" lon="-121.897282"><ele>330.7</ele><time>2022-06-05T21:17:23Z</time></trkpt>
<trkpt lat="37.087186" lon="-121.897271"><ele>331.6</ele><time>2022-06-05T21:17:28Z</time></trkpt>
<trkpt lat="37.087281" lon="-121.897317"><ele>332.5</ele><time>2022-06-05T21:17:32Z</time></trkpt>
<trkpt lat="37.087373" lon="-121.896957"><ele>335.0</ele><time>2022-06-05T21:17:50Z</time></trkpt>
<trkpt lat="37.087595" lon="-121.896790"><ele>336.7</ele><time>2022-06-05T21:18:05Z</time></trkpt>
<trkpt lat="37.088052" lon="-121.896731"><ele>340.4</ele><time>2022-06-05T21:18:30Z</time></trkpt>
<trkpt lat="37.088172" lon="-121.896676"><ele>341.4</ele><time>2022-06-05T21:18:36Z</time></trkpt>
<trkpt lat="37.088216" lon="-121.896494"><ele>342.5</ele><time>2022-06-05T21:18:43Z</time></trkpt>
<trkpt lat="37.088258" lon="-121.896455"><ele>342.9</ele><time>2022-06-05T21:18:45Z</time></trkpt>
<trkpt lat="37.088362" lon="-121.896191"><ele>344.5</ele><time>2022-06-05T21:18:56Z</time></trkpt>
<trkpt lat="37.088357" lon="-121.896040"><ele>345.6</ele><time>2022-06-05T21:19:02Z</time></trkpt>
<trkpt lat="37.088375" lon="-121.896004"><ele>345.9</ele><time>2022-06-05T21:19:03Z</time></trkpt>
<trkpt lat="37.088386" lon="-121.896033"><ele>346.2</ele><time>2022-06-05T21:19:04Z</time></trkpt>
<trkpt lat="37.088418" lon="-121.896007"><ele>346.6</ele><time>2022-06-05T21:19:06Z</time></trkpt>
<trkpt lat="37.088372" lon="-121.895973"><ele>347.7</ele><time>2022-06-05T21:19:11Z</time></trkpt>
<trkpt lat="37.088312" lon="-121.895839"><ele>349.4</ele><time>2022-06-05T21:19:22Z</time></trkpt>
<trkpt lat="37.088310" lon="-121.895755"><ele>350.4</ele><time>2022-06-05T21:19:27Z</time></trkpt>
<trkpt lat="37.088266" lon="-121.895693"><ele>351.2</ele><time>2022-06-05T21:19:33Z</time></trkpt>
<trkpt lat="37.088202" lon="-121.895475"><ele>353.1</ele><time>2022-06-05T21:19:42Z</time></trkpt>
<trkpt lat="37.087892" lon="-121.894967"><ele>357.3</ele><time>2022-06-05T21:20:12Z</time></trkpt>
<trkpt lat="37.087823" lon="-121.894921"><ele>358.0</ele><time>2022-06-05T21:20:18Z</time></trkpt>
<trkpt lat="37.087674" lon="-121.894524"><ele>361.4</ele><time>2022-06-05T21:20:36Z</time></trkpt>
<trkpt lat="37.087727" lon="-121.894281"><ele>363.2</ele><time>2022-06-05T21:20:45Z</time></trkpt>
<trkpt lat="37.087811" lon="-121.894131"><ele>364.3</ele><time>2022-06-05T21:20:51Z</time></trkpt>
<trkpt lat="37.087905" lon="-121.894049"><ele>365.1</ele><time>2022-06-05T21:20:55Z</time></trkpt>
<trkpt lat="37.088000" lon="-121.893818"><ele>366.7</ele><time>2022-06-05T21:21:06Z</time></trkpt>
<trkpt lat="37.087900" lon="-121.893593"><ele>368.2</ele><time>2022-06-05T21:21:21Z</time></trkpt>
<trkpt lat="37.087924" lon="-121.893541"><ele>368.7</ele><time>2022-06-05T21:21:22Z</time></trkpt>
<trkpt lat="37.087880" lon="-121.893358"><ele>370.3</ele><time>2022-06-05T21:21:32Z</time></trkpt>
<trkpt lat="37.087911" lon="-121.893193"><ele>371.3</ele><time>2022-06-05T21:21:35Z</time></trkpt>
<trkpt lat="37.087702" lon="-121.892808"><ele>371.4</ele><time>2022-06-05T21:21:56Z</time></trkpt>
<trkpt lat="37.087660" lon="-121.892670"><ele>371.0</ele><time>2022-06-05T21:22:00Z</time></trkpt>
<trkpt lat="37.087673" lon="-121.892566"><ele>370.7</ele><time>2022-06-05T21:22:03Z</time></trkpt>
<trkpt lat="37.087827" lon="-121.892380"><ele>370.1</ele><time>2022-06-05T21:22:07Z</time></trkpt>
<trkpt lat="37.087911" lon="-121.892225"><ele>370.3</ele><time>2022-06-05T21:22:10Z</time></trkpt>
<trkpt lat="37.088024" lon="-121.892204"><ele>370.7</ele><time>2022-06-05T21:22:13Z</time></trkpt>
<trkpt lat="37.088117" lon="-121.892278"><ele>371.0</ele><time>2022-06-05T21:22:15Z</time></trkpt>
<trkpt lat="37.088211" lon="-121.892270"><ele>371.3</ele><time>2022-06-05T21:22:17Z</time></trkpt>
<trkpt lat="37.088374" lon="-121.892354"><ele>371.9</ele><time>2022-06-05T21:22:24Z</time></trkpt>
<trkpt lat="37.088943" lon="-121.892794"><ele>376.9</ele><time>2022-06-05T21:22:59Z</time></trkpt>
<trkpt lat="37.089102" lon="-121.892824"><ele>378.6</ele><time>2022-06-05T21:23:10Z</time></trkpt>
<trkpt lat="37.089196" lon="-121.892793"><ele>379.5</ele><time>2022-06-05T21:23:16Z</time></trkpt>
<trkpt lat="37.089506" lon="-121.892854"><ele>383.2</ele><time>2022-06-05T21:23:34Z</time></trkpt>
<trkpt lat="37.089656" lon="-121.892823"><ele>385.1</ele><time>2022-06-05T21:23:44Z</time></trkpt>
<trkpt lat="37.089698" lon="-121.892741"><ele>386.1</ele><time>2022-06-05T21:23:50Z</time></trkpt>
<trkpt lat="37.089676" lon="-121.892413"><ele>389.1</ele><time>2022-06-05T21:24:07Z</time></trkpt>
<trkpt lat="37.089729" lon="-121.892237"><ele>391.0</ele><time>2022-06-05T21:24:18Z</time></trkpt>
<trkpt lat="37.089724" lon="-121.892131"><ele>392.1</ele><time>2022-06-05T21:24:24Z</time></trkpt>
<trkpt lat="37.089791" lon="-121.892073"><ele>393.1</ele><time>2022-06-05T21:24:29Z</time></trkpt>
<trkpt lat="37.089871" lon="-121.891925"><ele>394.7</ele><time>2022-06-05T21:24:38Z</time></trkpt>
<trkpt lat="37.090066" lon="-121.891689"><ele>397.8</ele><time>2022-06-05T21:24:52Z</time></trkpt>
<trkpt lat="37.090421" lon="-121.891580"><ele>401.6</ele><time>2022-06-05T21:25:12Z</time></trkpt>
<trkpt lat="37.090692" lon="-121.891400"><ele>404.6</ele><time>2022-06-05T21:25:30Z</time></trkpt>
<trkpt lat="37.090746" lon="-121.891142"><ele>406.8</ele><time>2022-06-05T21:25:44Z</time></trkpt>
<trkpt lat="37.090716" lon="-121.890978"><ele>408.4</ele><time>2022-06-05T21:25:54Z</time></trkpt>
<trkpt lat="37.090672" lon="-121.890899"><ele>409.4</ele><time>2022-06-05T21:26:01Z</time></trkpt>
<trkpt lat="37.090670" lon="-121.890640"><ele>411.4</ele><time>2022-06-05T21:26:10Z</time></trkpt>
<trkpt lat="37.090714" lon="-121.890576"><ele>411.9</ele><time>2022-06-05T21:26:12Z</time></trkpt>
<trkpt lat="37.090725" lon="-121.890479"><ele>412.6</ele><time>2022-06-05T21:26:15Z</time></trkpt>
<trkpt lat="37.090649" lon="-121.890261"><ele>414.1</ele><time>2022-06-05T21:26:25Z</time></trkpt>
<trkpt lat="37.090535" lon="-121.890154"><ele>414.8</ele><time>2022-06-05T21:26:31Z</time></trkpt>
<trkpt lat="37.090594" lon="-121.890001"><ele>415.0</ele><time>2022-06-05T21:26:33Z</time></trkpt>
<trkpt lat="37.090363" lon="-121.889599"><ele>414.5</ele><time>2022-06-05T21:26:56Z</time></trkpt>
<trkpt lat="37.090395" lon="-121.889563"><ele>413.9</ele><time>2022-06-05T21:26:59Z</time></trkpt>
<trkpt lat="37.090413" lon="-121.889453"><ele>412.8</ele><time>2022-06-05T21:27:00Z</time></trkpt>
<trkpt lat="37.090520" lon="-121.889401"><ele>410.3</ele><time>2022-06-05T21:27:04Z</time></trkpt>
<trkpt lat="37.090511" lon="-121.889116"><ele>411.1</ele><time>2022-06-05T21:27:10Z</time></trkpt>
<trkpt lat="37.090574" lon="-121.889033"><ele>410.5</ele><time>2022-06-05T21:27:13Z</time></trkpt>
<trkpt lat="37.090511" lon="-121.888939"><ele>411.2</ele><time>2022-06-05T21:27:14Z</time></trkpt>
<trkpt lat="37.090495" lon="-121.888856"><ele>411.5</ele><time>2022-06-05T21:27:17Z</time></trkpt>
<trkpt lat="37.090482" lon="-121.888325"><ele>416.4</ele><time>2022-06-05T21:27:27Z</time></trkpt>
<trkpt lat="37.090489" lon="-121.888167"><ele>414.5</ele><time>2022-06-05T21:27:30Z</time></trkpt>
<trkpt lat="37.090444" lon="-121.888054"><ele>412.5</ele><time>2022-06-05T21:27:33Z</time></trkpt>
<trkpt lat="37.090304" lon="-121.888024"><ele>412.0</ele><time>2022-06-05T21:27:37Z</time></trkpt>
<trkpt lat="37.090122" lon="-121.887760"><ele>410.5</ele><time>2022-06-05T21:27:44Z</time></trkpt>
<trkpt lat="37.090133" lon="-121.887711"><ele>410.3</ele><time>2022-06-05T21:27:45Z</time></trkpt>
<trkpt lat="37.090054" lon="-121.887669"><ele>409.8</ele><time>2022-06-05T21:27:46Z</time></trkpt>
<trkpt lat="37.090070" lon="-121.887575"><ele>409.5</ele><time>2022-06-05T21:27:48Z</time></trkpt>
<trkpt lat="37.089967" lon="-121.887486"><ele>408.9</ele><time>2022-06-05T21:27:50Z</time></trkpt>
<trkpt lat="37.089984" lon="-121.887263"><ele>408.1</ele><time>2022-06-05T21:27:53Z</time></trkpt>
<trkpt lat="37.089880" lon="-121.886889"><ele>407.2</ele><time>2022-06-05T21:27:59Z</time></trkpt>
<trkpt lat="37.089877" lon="-121.886786"><ele>407.2</ele><time>2022-06-05T21:28:01Z</time></trkpt>
<trkpt lat="37.089744" lon="-121.886664"><ele>406.9</ele><time>2022-06-05T21:28:06Z</time></trkpt>
<trkpt lat="37.089853" lon="-121.886432"><ele>406.4</ele><time>2022-06-05T21:28:10Z</time></trkpt>
<trkpt lat="37.089855" lon="-121.886319"><ele>406.2</ele><time>2022-06-05T21:28:13Z</time></trkpt>
<trkpt lat="37.089711" lon="-121.886082"><ele>406.1</ele><time>2022-06-05T21:28:19Z</time></trkpt>
<trkpt lat="37.089564" lon="-121.885659"><ele>406.5</ele><time>2022-06-05T21:28:26Z</time></trkpt>
<trkpt lat="37.089418" lon="-121.885485"><ele>407.0</ele><time>2022-06-05T21:28:29Z</time></trkpt>
<trkpt lat="37.089377" lon="-121.885389"><ele>407.4</ele><time>2022-06-05T21:28:31Z</time></trkpt>
<trkpt lat="37.089413" lon="-121.885217"><ele>408.2</ele><time>2022-06-05T21:28:34Z</time></trkpt>
<trkpt lat="37.089346" lon="-121.885164"><ele>408.6</ele><time>2022-06-05T21:28:37Z</time></trkpt>
<trkpt lat="37.089237" lon="-121.884733"><ele>411.2</ele><time>2022-06-05T21:28:56Z</time></trkpt>
<trkpt lat="37.089186" lon="-121.884651"><ele>411.7</ele><time>2022-06-05T21:29:02Z</time></trkpt>
<trkpt lat="37.089200" lon="-121.884514"><ele>412.1</ele><time>2022-06-05T21:29:05Z</time></trkpt>
<trkpt lat="37.088920" lon="-121.883839"><ele>415.4</ele><time>2022-06-05T21:29:40Z</time></trkpt>
<trkpt lat="37.088948" lon="-121.883777"><ele>415.9</ele><time>2022-06-05T21:29:42Z</time></trkpt>
<trkpt lat="37.088940" lon="-121.883562"><ele>417.9</ele><time>2022-06-05T21:29:54Z</time></trkpt>
<trkpt lat="37.089031" lon="-121.883383"><ele>419.4</ele><time>2022-06-05T21:29:59Z</time></trkpt>
<trkpt lat="37.089083" lon="-121.883320"><ele>420.1</ele><time>2022-06-05T21:30:01Z</time></trkpt>
<trkpt lat="37.089227" lon="-121.883306"><ele>421.6</ele><time>2022-06-05T21:30:05Z</time></trkpt>
<trkpt lat="37.089441" lon="-121.883196"><ele>423.4</ele><time>2022-06-05T21:30:17Z</time></trkpt>
<trkpt lat="37.089574" lon="-121.883060"><ele>424.6</ele><time>2022-06-05T21:30:30Z</time></trkpt>
<trkpt lat="37.089622" lon="-121.883082"><ele>425.0</ele><time>2022-06-05T21:30:33Z</time></trkpt>
<trkpt lat="37.089666" lon="-121.882855"><ele>426.1</ele><time>2022-06-05T21:30:48Z</time></trkpt>
<trkpt lat="37.089510" lon="-121.882416"><ele>427.9</ele><time>2022-06-05T21:31:02Z</time></trkpt>
<trkpt lat="37.089476" lon="-121.882214"><ele>428.6</ele><time>2022-06-05T21:31:10Z</time></trkpt>
<trkpt lat="37.089418" lon="-121.882140"><ele>429.0</ele><time>2022-06-05T21:31:15Z</time></trkpt>
<trkpt lat="37.089367" lon="-121.881966"><ele>429.9</ele><time>2022-06-05T21:31:23Z</time></trkpt>
<trkpt lat="37.089324" lon="-121.881947"><ele>430.2</ele><time>2022-06-05T21:31:26Z</time></trkpt>
<trkpt lat="37.089223" lon="-121.881790"><ele>431.5</ele><time>2022-06-05T21:31:34Z</time></trkpt>
<trkpt lat="37.088990" lon="-121.881014"><ele>438.6</ele><time>2022-06-05T21:32:07Z</time></trkpt>
<trkpt lat="37.088889" lon="-121.880870"><ele>439.4</ele><time>2022-06-05T21:32:14Z</time></trkpt>
<trkpt lat="37.088742" lon="-121.880488"><ele>440.4</ele><time>2022-06-05T21:32:32Z</time></trkpt>
<trkpt lat="37.088714" lon="-121.880341"><ele>440.7</ele><time>2022-06-05T21:32:39Z</time></trkpt>
<trkpt lat="37.088639" lon="-121.880296"><ele>441.1</ele><time>2022-06-05T21:32:42Z</time></trkpt>
<trkpt lat="37.088568" lon="-121.880182"><ele>441.9</ele><time>2022-06-05T21:32:48Z</time></trkpt>
<trkpt lat="37.088479" lon="-121.879847"><ele>443.5</ele><time>2022-06-05T21:33:00Z</time></trkpt>
<trkpt lat="37.088153" lon="-121.879077"><ele>446.0</ele><time>2022-06-05T21:33:30Z</time></trkpt>
<trkpt lat="37.088103" lon="-121.878767"><ele>446.2</ele><time>2022-06-05T21:33:35Z</time></trkpt>
<trkpt lat="37.088064" lon="-121.878705"><ele>446.3</ele><time>2022-06-05T21:33:36Z</time></trkpt>
<trkpt lat="37.088049" lon="-121.878057"><ele>447.9</ele><time>2022-06-05T21:33:48Z</time></trkpt>
<trkpt lat="37.088079" lon="-121.877378"><ele>452.5</ele><time>2022-06-05T21:34:05Z</time></trkpt>
<trkpt lat="37.088046" lon="-121.877125"><ele>453.3</ele><time>2022-06-05T21:34:13Z</time></trkpt>
<trkpt lat="37.088070" lon="-121.877003"><ele>453.3</ele><time>2022-06-05T21:34:19Z</time></trkpt>
<trkpt lat="37.088077" lon="-121.876014"><ele>457.0</ele><time>2022-06-05T21:34:58Z</time></trkpt>
<trkpt lat="37.088103" lon="-121.875695"><ele>457.7</ele><time>2022-06-05T21:35:05Z</time></trkpt>
<trkpt lat="37.088085" lon="-121.875542"><ele>458.3</ele><time>2022-06-05T21:35:09Z</time></trkpt>
<trkpt lat="37.088003" lon="-121.875457"><ele>458.8</ele><time>2022-06-05T21:35:11Z</time></trkpt>
<trkpt lat="37.088074" lon="-121.875397"><ele>459.2</ele><time>2022-06-05T21:35:13Z</time></trkpt>
<trkpt lat="37.088026" lon="-121.875115"><ele>459.6</ele><time>2022-06-05T21:35:21Z</time></trkpt>
<trkpt lat="37.087826" lon="-121.874503"><ele>461.4</ele><time>2022-06-05T21:35:34Z</time></trkpt>
<trkpt lat="37.087681" lon="-121.874159"><ele>463.1</ele><time>2022-06-05T21:35:46Z</time></trkpt>
<trkpt lat="37.087545" lon="-121.873703"><ele>465.4</ele><time>2022-06-05T21:35:59Z</time></trkpt>
<trkpt lat="37.087331" lon="-121.873219"><ele>469.0</ele><time>2022-06-05T21:36:20Z</time></trkpt>
<trkpt lat="37.087201" lon="-121.872751"><ele>470.3</ele><time>2022-06-05T21:36:36Z</time></trkpt>
<trkpt lat="37.086920" lon="-121.872256"><ele>472.2</ele><time>2022-06-05T21:36:49Z</time></trkpt>
<trkpt lat="37.086872" lon="-121.872140"><ele>472.7</ele><time>2022-06-05T21:36:52Z</time></trkpt>
<trkpt lat="37.086897" lon="-121.872085"><ele>472.8</ele><time>2022-06-05T21:36:53Z</time></trkpt>
<trkpt lat="37.086818" lon="-121.871795"><ele>473.9</ele><time>2022-06-05T21:36:59Z</time></trkpt>
<trkpt lat="37.086765" lon="-121.871745"><ele>474.2</ele><time>2022-06-05T21:37:00Z</time></trkpt>
<trkpt lat="37.086708" lon="-121.871582"><ele>474.9</ele><time>2022-06-05T21:37:02Z</time></trkpt>
<trkpt lat="37.086658" lon="-121.871541"><ele>475.3</ele><time>2022-06-05T21:37:03Z</time></trkpt>
<trkpt lat="37.086627" lon="-121.871341"><ele>476.2</ele><time>2022-06-05T21:37:09Z</time></trkpt>
<trkpt lat="37.086525" lon="-121.871090"><ele>477.7</ele><time>2022-06-05T21:37:14Z</time></trkpt>
<trkpt lat="37.086393" lon="-121.870909"><ele>479.2</ele><time>2022-06-05T21:37:23Z</time></trkpt>
<trkpt lat="37.086391" lon="-121.870876"><ele>479.4</ele><time>2022-06-05T21:37:25Z</time></trkpt>
<trkpt lat="37.086505" lon="-121.870762"><ele>480.6</ele><time>2022-06-05T21:37:26Z</time></trkpt>
<trkpt lat="37.086279" lon="-121.870396"><ele>484.5</ele><time>2022-06-05T21:38:40Z</time></trkpt>
<trkpt lat="37.085914" lon="-121.869922"><ele>488.5</ele><time>2022-06-05T21:39:06Z</time></trkpt>
<trkpt lat="37.085777" lon="-121.869648"><ele>490.6</ele><time>2022-06-05T21:39:19Z</time></trkpt>
<trkpt lat="37.085763" lon="-121.869353"><ele>492.8</ele><time>2022-06-05T21:39:31Z</time></trkpt>
<trkpt lat="37.085859" lon="-121.869249"><ele>494.0</ele><time>2022-06-05T21:39:35Z</time></trkpt>
<trkpt lat="37.085898" lon="-121.869003"><ele>495.5</ele><time>2022-06-05T21:39:44Z</time></trkpt>
<trkpt lat="37.085884" lon="-121.868942"><ele>495.8</ele><time>2022-06-05T21:39:46Z</time></trkpt>
<trkpt lat="37.085907" lon="-121.868875"><ele>496.1</ele><time>2022-06-05T21:39:50Z</time></trkpt>
<trkpt lat="37.085870" lon="-121.868747"><ele>496.6</ele><time>2022-06-05T21:39:57Z</time></trkpt>
<trkpt lat="37.085908" lon="-121.868511"><ele>497.5</ele><time>2022-06-05T21:40:05Z</time></trkpt>
<trkpt lat="37.085886" lon="-121.868466"><ele>497.7</ele><time>2022-06-05T21:40:07Z</time></trkpt>
<trkpt lat="37.085964" lon="-121.868386"><ele>498.3</ele><time>2022-06-05T21:40:09Z</time></trkpt>
<trkpt lat="37.085929" lon="-121.868018"><ele>500.7</ele><time>2022-06-05T21:40:23Z</time></trkpt>
<trkpt lat="37.085879" lon="-121.867897"><ele>501.7</ele><time>2022-06-05T21:40:30Z</time></trkpt>
<trkpt lat="37.085916" lon="-121.867856"><ele>502.2</ele><time>2022-06-05T21:40:31Z</time></trkpt>
<trkpt lat="37.085883" lon="-121.867671"><ele>503.8</ele><time>2022-06-05T21:40:39Z</time></trkpt>
<trkpt lat="37.085758" lon="-121.867277"><ele>506.8</ele><time>2022-06-05T21:40:54Z</time></trkpt>
<trkpt lat="37.085711" lon="-121.867261"><ele>507.2</ele><time>2022-06-05T21:40:59Z</time></trkpt>
<trkpt lat="37.085693" lon="-121.867296"><ele>507.4</ele><time>2022-06-05T21:41:01Z</time></trkpt>
<trkpt lat="37.085652" lon="-121.867245"><ele>507.6</ele><time>2022-06-05T21:41:03Z</time></trkpt>
<trkpt lat="37.085620" lon="-121.867251"><ele>507.7</ele><time>2022-06-05T21:41:04Z</time></trkpt>
<trkpt lat="37.085486" lon="-121.867029"><ele>508.1</ele><time>2022-06-05T21:41:17Z</time></trkpt>
<trkpt lat="37.085473" lon="-121.866865"><ele>508.4</ele><time>2022-06-05T21:41:22Z</time></trkpt>
<trkpt lat="37.085444" lon="-121.866822"><ele>508.5</ele><time>2022-06-05T21:41:24Z</time></trkpt>
<trkpt lat="37.085475" lon="-121.866662"><ele>508.9</ele><time>2022-06-05T21:41:28Z</time></trkpt>
<trkpt lat="37.085447" lon="-121.866593"><ele>509.1</ele><time>2022-06-05T21:41:30Z</time></trkpt>
<trkpt lat="37.085455" lon="-121.866481"><ele>509.5</ele><time>2022-06-05T21:41:33Z</time></trkpt>
<trkpt lat="37.085416" lon="-121.866465"><ele>509.7</ele><time>2022-06-05T21:41:34Z</time></trkpt>
<trkpt lat="37.085413" lon="-121.866424"><ele>509.9</ele><time>2022-06-05T21:41:35Z</time></trkpt>
<trkpt lat="37.085402" lon="-121.865818"><ele>512.7</ele><time>2022-06-05T21:41:58Z</time></trkpt>
<trkpt lat="37.085352" lon="-121.865673"><ele>513.4</ele><time>2022-06-05T21:42:03Z</time></trkpt>
<trkpt lat="37.085328" lon="-121.865463"><ele>514.4</ele><time>2022-06-05T21:42:10Z</time></trkpt>
<trkpt lat="37.085238" lon="-121.865308"><ele>515.4</ele><time>2022-06-05T21:42:15Z</time></trkpt>
<trkpt lat="37.085247" lon="-121.865268"><ele>515.6</ele><time>2022-06-05T21:42:16Z</time></trkpt>
<trkpt lat="37.085088" lon="-121.865031"><ele>517.3</ele><time>2022-06-05T21:42:25Z</time></trkpt>
<trkpt lat="37.085006" lon="-121.864771"><ele>518.6</ele><time>2022-06-05T21:42:33Z</time></trkpt>
<trkpt lat="37.084988" lon="-121.864575"><ele>519.7</ele><time>2022-06-05T21:42:37Z</time></trkpt>
<trkpt lat="37.085021" lon="-121.864312"><ele>521.3</ele><time>2022-06-05T21:42:45Z</time></trkpt>
<trkpt lat="37.084960" lon="-121.864156"><ele>522.3</ele><time>2022-06-05T21:42:51Z</time></trkpt>
<trkpt lat="37.084809" lon="-121.863984"><ele>523.5</ele><time>2022-06-05T21:42:58Z</time></trkpt>
<trkpt lat="37.084806" lon="-121.863831"><ele>524.0</ele><time>2022-06-05T21:43:03Z</time></trkpt>
<trkpt lat="37.084626" lon="-121.863767"><ele>524.7</ele><time>2022-06-05T21:43:08Z</time></trkpt>
<trkpt lat="37.084534" lon="-121.863626"><ele>525.4</ele><time>2022-06-05T21:43:14Z</time></trkpt>
<trkpt lat="37.084576" lon="-121.863334"><ele>526.1</ele><time>2022-06-05T21:43:21Z</time></trkpt>
<trkpt lat="37.084502" lon="-121.863282"><ele>526.2</ele><time>2022-06-05T21:43:24Z</time></trkpt>
<trkpt lat="37.084484" lon="-121.863117"><ele>526.2</ele><time>2022-06-05T21:43:27Z</time></trkpt>
<trkpt lat="37.084430" lon="-121.863019"><ele>526.0</ele><time>2022-06-05T21:43:30Z</time></trkpt>
<trkpt lat="37.084444" lon="-121.862876"><ele>525.6</ele><time>2022-06-05T21:43:34Z</time></trkpt>
<trkpt lat="37.084383" lon="-121.862814"><ele>525.2</ele><time>2022-06-05T21:43:36Z</time></trkpt>
<trkpt lat="37.084293" lon="-121.862206"><ele>523.0</ele><time>2022-06-05T21:43:54Z</time></trkpt>
<trkpt lat="37.084140" lon="-121.861861"><ele>522.3</ele><time>2022-06-05T21:44:03Z</time></trkpt>
<trkpt lat="37.084146" lon="-121.861726"><ele>522.2</ele><time>2022-06-05T21:44:06Z</time></trkpt>
<trkpt lat="37.084031" lon="-121.861648"><ele>522.3</ele><time>2022-06-05T21:44:09Z</time></trkpt>
<trkpt lat="37.084088" lon="-121.861553"><ele>522.4</ele><time>2022-06-05T21:44:11Z</time></trkpt>
<trkpt lat="37.084029" lon="-121.861459"><ele>522.5</ele><time>2022-06-05T21:44:14Z</time></trkpt>
<trkpt lat="37.084021" lon="-121.861353"><ele>522.7</ele><time>2022-06-05T21:44:17Z</time></trkpt>
<trkpt lat="37.084069" lon="-121.861227"><ele>522.9</ele><time>2022-06-05T21:44:19Z</time></trkpt>
<trkpt lat="37.084057" lon="-121.861095"><ele>523.0</ele><time>2022-06-05T21:44:22Z</time></trkpt>
<trkpt lat="37.084113" lon="-121.861000"><ele>523.0</ele><time>2022-06-05T21:44:24Z</time></trkpt>
<trkpt lat="37.084068" lon="-121.860919"><ele>522.9</ele><time>2022-06-05T21:44:26Z</time></trkpt>
<trkpt lat="37.083688" lon="-121.859465"><ele>520.3</ele><time>2022-06-05T21:44:28Z</time></trkpt>
<trkpt lat="37.083627" lon="-121.859375"><ele>520.3</ele><time>2022-06-05T21:44:29Z</time></trkpt>
<trkpt lat="37.083614" lon="-121.859190"><ele>520.2</ele><time>2022-06-05T21:44:33Z</time></trkpt>
<trkpt lat="37.083676" lon="-121.859054"><ele>520.1</ele><time>2022-06-05T21:44:36Z</time></trkpt>
<trkpt lat="37.083664" lon="-121.858929"><ele>520.0</ele><time>2022-06-05T21:44:37Z</time></trkpt>
<trkpt lat="37.083687" lon="-121.858849"><ele>520.0</ele><time>2022-06-05T21:44:38Z</time></trkpt>
<trkpt lat="37.083646" lon="-121.858737"><ele>519.9</ele><time>2022-06-05T21:44:39Z</time></trkpt>
<trkpt lat="37.083684" lon="-121.858422"><ele>519.6</ele><time>2022-06-05T21:44:44Z</time></trkpt>
<trkpt lat="37.083674" lon="-121.858143"><ele>519.1</ele><time>2022-06-05T21:44:49Z</time></trkpt>
<trkpt lat="37.083673" lon="-121.858565"><ele>518.7</ele><time>2022-06-05T21:44:52Z</time></trkpt>
<trkpt lat="37.083709" lon="-121.858276"><ele>518.6</ele><time>2022-06-05T21:44:59Z</time></trkpt>
<trkpt lat="37.083704" lon="-121.858031"><ele>518.3</ele><time>2022-06-05T21:45:09Z</time></trkpt>
<trkpt lat="37.083584" lon="-121.857801"><ele>518.0</ele><time>2022-06-05T21:45:16Z</time></trkpt>
<trkpt lat="37.083619" lon="-121.857726"><ele>517.8</ele><time>2022-06-05T21:45:17Z</time></trkpt>
<trkpt lat="37.083334" lon="-121.856068"><ele>513.1</ele><time>2022-06-05T21:45:21Z</time></trkpt>
<trkpt lat="37.083316" lon="-121.855845"><ele>512.3</ele><time>2022-06-05T21:45:25Z</time></trkpt>
<trkpt lat="37.083408" lon="-121.855829"><ele>511.9</ele><time>2022-06-05T21:45:26Z</time></trkpt>
<trkpt lat="37.083408" lon="-121.855762"><ele>511.8</ele><time>2022-06-05T21:45:27Z</time></trkpt>
<trkpt lat="37.083282" lon="-121.854736"><ele>510.8</ele><time>2022-06-05T21:45:37Z</time></trkpt>
<trkpt lat="37.083127" lon="-121.854316"><ele>510.9</ele><time>2022-06-05T21:45:43Z</time></trkpt>
<trkpt lat="37.083150" lon="-121.854462"><ele>510.9</ele><time>2022-06-05T21:45:44Z</time></trkpt>
<trkpt lat="37.083112" lon="-121.854345"><ele>510.9</ele><time>2022-06-05T21:45:47Z</time></trkpt>
<trkpt lat="37.083023" lon="-121.854219"><ele>511.0</ele><time>2022-06-05T21:45:51Z</time></trkpt>
<trkpt lat="37.082609" lon="-121.853219"><ele>510.8</ele><time>2022-06-05T21:46:09Z</time></trkpt>
<trkpt lat="37.082528" lon="-121.852928"><ele>510.3</ele><time>2022-06-05T21:46:15Z</time></trkpt>
<trkpt lat="37.082352" lon="-121.852619"><ele>510.2</ele><time>2022-06-05T21:46:22Z</time></trkpt>
<trkpt lat="37.082321" lon="-121.852351"><ele>510.3</ele><time>2022-06-05T21:46:27Z</time></trkpt>
<trkpt lat="37.082284" lon="-121.852283"><ele>510.3</ele><time>2022-06-05T21:46:29Z</time></trkpt>
<trkpt lat="37.082309" lon="-121.852473"><ele>510.0</ele><time>2022-06-05T21:46:31Z</time></trkpt>
<trkpt lat="37.082183" lon="-121.852245"><ele>509.7</ele><time>2022-06-05T21:46:38Z</time></trkpt>
<trkpt lat="37.082189" lon="-121.852196"><ele>509.6</ele><time>2022-06-05T21:46:39Z</time></trkpt>
<trkpt lat="37.082136" lon="-121.852176"><ele>509.6</ele><time>2022-06-05T21:46:40Z</time></trkpt>
<trkpt lat="37.082028" lon="-121.851903"><ele>509.3</ele><time>2022-06-05T21:46:45Z</time></trkpt>
<trkpt lat="37.081846" lon="-121.851573"><ele>509.1</ele><time>2022-06-05T21:46:51Z</time></trkpt>
<trkpt lat="37.081861" lon="-121.851512"><ele>509.1</ele><time>2022-06-05T21:46:53Z</time></trkpt>
<trkpt lat="37.081815" lon="-121.851473"><ele>509.0</ele><time>2022-06-05T21:46:55Z</time></trkpt>
<trkpt lat="37.081818" lon="-121.851404"><ele>508.9</ele><time>2022-06-05T21:46:57Z</time></trkpt>
<trkpt lat="37.081705" lon="-121.851258"><ele>508.5</ele><time>2022-06-05T21:46:59Z</time></trkpt>
<trkpt lat="37.081662" lon="-121.851109"><ele>508.2</ele><time>2022-06-05T21:47:01Z</time></trkpt>
<trkpt lat="37.081733" lon="-121.850918"><ele>506.7</ele><time>2022-06-05T21:47:05Z</time></trkpt>
<trkpt lat="37.081722" lon="-121.850817"><ele>502.6</ele><time>2022-06-05T21:47:07Z</time></trkpt>
<trkpt lat="37.081680" lon="-121.850628"><ele>502.6</ele><time>2022-06-05T21:47:11Z</time></trkpt>
<trkpt lat="37.081636" lon="-121.850554"><ele>502.6</ele><time>2022-06-05T21:47:13Z</time></trkpt>
<trkpt lat="37.081668" lon="-121.850498"><ele>502.6</ele><time>2022-06-05T21:47:15Z</time></trkpt>
<trkpt lat="37.081599" lon="-121.850449"><ele>502.5</ele><time>2022-06-05T21:47:19Z</time></trkpt>
<trkpt lat="37.081558" lon="-121.850358"><ele>502.5</ele><time>2022-06-05T21:47:22Z</time></trkpt>
<trkpt lat="37.081551" lon="-121.850229"><ele>502.5</ele><time>2022-06-05T21:47:25Z</time></trkpt>
<trkpt lat="37.081522" lon="-121.850213"><ele>502.5</ele><time>2022-06-05T21:47:26Z</time></trkpt>
<trkpt lat="37.081529" lon="-121.849932"><ele>502.6</ele><time>2022-06-05T21:47:32Z</time></trkpt>
<trkpt lat="37.081399" lon="-121.849775"><ele>503.0</ele><time>2022-06-05T21:47:38Z</time></trkpt>
<trkpt lat="37.081342" lon="-121.849564"><ele>503.4</ele><time>2022-06-05T21:47:44Z</time></trkpt>
<trkpt lat="37.081256" lon="-121.849414"><ele>503.7</ele><time>2022-06-05T21:47:50Z</time></trkpt>
<trkpt lat="37.081174" lon="-121.849388"><ele>503.8</ele><time>2022-06-05T21:47:53Z</time></trkpt>
<trkpt lat="37.081164" lon="-121.849252"><ele>504.0</ele><time>2022-06-05T21:47:56Z</time></trkpt>
<trkpt lat="37.080963" lon="-121.849241"><ele>504.0</ele><time>2022-06-05T21:48:01Z</time></trkpt>
<trkpt lat="37.080909" lon="-121.849169"><ele>504.0</ele><time>2022-06-05T21:48:03Z</time></trkpt>
<trkpt lat="37.080859" lon="-121.849065"><ele>503.9</ele><time>2022-06-05T21:48:06Z</time></trkpt>
<trkpt lat="37.080863" lon="-121.848989"><ele>503.9</ele><time>2022-06-05T21:48:07Z</time></trkpt>
<trkpt lat="37.080832" lon="-121.848916"><ele>503.8</ele><time>2022-06-05T21:48:09Z</time></trkpt>
<trkpt lat="37.080754" lon="-121.848855"><ele>503.7</ele><time>2022-06-05T21:48:12Z</time></trkpt>
<trkpt lat="37.080701" lon="-121.848658"><ele>503.6</ele><time>2022-06-05T21:48:22Z</time></trkpt>
<trkpt lat="37.080632" lon="-121.848612"><ele>503.6</ele><time>2022-06-05T21:48:24Z</time></trkpt>
<trkpt lat="37.080583" lon="-121.848653"><ele>503.6</ele><time>2022-06-05T21:48:26Z</time></trkpt>
<trkpt lat="37.080481" lon="-121.848653"><ele>503.5</ele><time>2022-06-05T21:48:39Z</time></trkpt>
<trkpt lat="37.080458" lon="-121.848753"><ele>503.5</ele><time>2022-06-05T21:48:41Z</time></trkpt>
<trkpt lat="37.080385" lon="-121.848814"><ele>503.5</ele><time>2022-06-05T21:48:43Z</time></trkpt>
<trkpt lat="37.080422" lon="-121.848719"><ele>503.5</ele><time>2022-06-05T21:48:44Z</time></trkpt>
</trkseg></trk>
</gpx>
