<?xml version="1.0" encoding="UTF-8"?>
<gpx version="1.1" creator="Eric Sichak trip reports" xmlns="http://www.topografix.com/GPX/1/1">
<metadata><name>Beat the rain storm, didn’t see anyone else out</name><time>2021-12-12T14:50:37Z</time></metadata>
<trk><name>Beat the rain storm, didn’t see anyone else out</name><type>mtb</type><trkseg>
<trkpt lat="37.080969" lon="-121.849480"><ele>503.7</ele><time>2021-12-12T14:50:37Z</time></trkpt>
<trkpt lat="37.081286" lon="-121.849465"><ele>503.5</ele><time>2021-12-12T14:50:38Z</time></trkpt>
<trkpt lat="37.081300" lon="-121.849410"><ele>503.4</ele><time>2021-12-12T14:50:40Z</time></trkpt>
<trkpt lat="37.081270" lon="-121.849326"><ele>503.3</ele><time>2021-12-12T14:50:59Z</time></trkpt>
<trkpt lat="37.081392" lon="-121.849388"><ele>503.1</ele><time>2021-12-12T14:51:04Z</time></trkpt>
<trkpt lat="37.081475" lon="-121.849482"><ele>502.9</ele><time>2021-12-12T14:51:08Z</time></trkpt>
<trkpt lat="37.081471" lon="-121.849689"><ele>502.6</ele><time>2021-12-12T14:51:11Z</time></trkpt>
<trkpt lat="37.081542" lon="-121.849911"><ele>502.4</ele><time>2021-12-12T14:51:15Z</time></trkpt>
<trkpt lat="37.081547" lon="-121.849845"><ele>502.4</ele><time>2021-12-12T14:51:16Z</time></trkpt>
<trkpt lat="37.081786" lon="-121.850184"><ele>502.3</ele><time>2021-12-12T14:51:24Z</time></trkpt>
<trkpt lat="37.081710" lon="-121.850645"><ele>503.8</ele><time>2021-12-12T14:51:33Z</time></trkpt>
<trkpt lat="37.081623" lon="-121.850852"><ele>507.5</ele><time>2021-12-12T14:51:43Z</time></trkpt>
<trkpt lat="37.081613" lon="-121.850954"><ele>507.9</ele><time>2021-12-12T14:51:48Z</time></trkpt>
<trkpt lat="37.081667" lon="-121.851163"><ele>508.5</ele><time>2021-12-12T14:52:01Z</time></trkpt>
<trkpt lat="37.081647" lon="-121.851243"><ele>508.7</ele><time>2021-12-12T14:52:06Z</time></trkpt>
<trkpt lat="37.081691" lon="-121.851276"><ele>508.9</ele><time>2021-12-12T14:52:10Z</time></trkpt>
<trkpt lat="37.081694" lon="-121.851369"><ele>509.0</ele><time>2021-12-12T14:52:16Z</time></trkpt>
<trkpt lat="37.081792" lon="-121.851530"><ele>509.1</ele><time>2021-12-12T14:52:26Z</time></trkpt>
<trkpt lat="37.081937" lon="-121.851719"><ele>509.2</ele><time>2021-12-12T14:52:34Z</time></trkpt>
<trkpt lat="37.081964" lon="-121.851908"><ele>509.4</ele><time>2021-12-12T14:52:37Z</time></trkpt>
<trkpt lat="37.082184" lon="-121.852252"><ele>509.9</ele><time>2021-12-12T14:52:47Z</time></trkpt>
<trkpt lat="37.082275" lon="-121.852276"><ele>510.0</ele><time>2021-12-12T14:52:52Z</time></trkpt>
<trkpt lat="37.082302" lon="-121.852330"><ele>510.0</ele><time>2021-12-12T14:52:54Z</time></trkpt>
<trkpt lat="37.082339" lon="-121.852859"><ele>510.1</ele><time>2021-12-12T14:53:08Z</time></trkpt>
<trkpt lat="37.082447" lon="-121.853004"><ele>510.1</ele><time>2021-12-12T14:53:14Z</time></trkpt>
<trkpt lat="37.082488" lon="-121.853143"><ele>510.3</ele><time>2021-12-12T14:53:20Z</time></trkpt>
<trkpt lat="37.082527" lon="-121.853127"><ele>510.3</ele><time>2021-12-12T14:53:21Z</time></trkpt>
<trkpt lat="37.082583" lon="-121.853290"><ele>510.6</ele><time>2021-12-12T14:53:25Z</time></trkpt>
<trkpt lat="37.082780" lon="-121.853516"><ele>510.7</ele><time>2021-12-12T14:53:34Z</time></trkpt>
<trkpt lat="37.082776" lon="-121.853607"><ele>510.7</ele><time>2021-12-12T14:53:36Z</time></trkpt>
<trkpt lat="37.082842" lon="-121.853836"><ele>510.7</ele><time>2021-12-12T14:53:41Z</time></trkpt>
<trkpt lat="37.083051" lon="-121.854267"><ele>510.5</ele><time>2021-12-12T14:53:57Z</time></trkpt>
<trkpt lat="37.083050" lon="-121.854487"><ele>510.6</ele><time>2021-12-12T14:54:02Z</time></trkpt>
<trkpt lat="37.083098" lon="-121.854556"><ele>510.6</ele><time>2021-12-12T14:54:04Z</time></trkpt>
<trkpt lat="37.083063" lon="-121.854652"><ele>510.5</ele><time>2021-12-12T14:54:06Z</time></trkpt>
<trkpt lat="37.083131" lon="-121.854714"><ele>510.5</ele><time>2021-12-12T14:54:07Z</time></trkpt>
<trkpt lat="37.083113" lon="-121.854911"><ele>510.4</ele><time>2021-12-12T14:54:11Z</time></trkpt>
<trkpt lat="37.083367" lon="-121.855488"><ele>511.2</ele><time>2021-12-12T14:54:22Z</time></trkpt>
<trkpt lat="37.083369" lon="-121.855654"><ele>511.7</ele><time>2021-12-12T14:54:25Z</time></trkpt>
<trkpt lat="37.083310" lon="-121.855881"><ele>512.7</ele><time>2021-12-12T14:54:29Z</time></trkpt>
<trkpt lat="37.083330" lon="-121.856191"><ele>514.0</ele><time>2021-12-12T14:54:41Z</time></trkpt>
<trkpt lat="37.083447" lon="-121.856267"><ele>514.7</ele><time>2021-12-12T14:54:45Z</time></trkpt>
<trkpt lat="37.083554" lon="-121.856537"><ele>515.6</ele><time>2021-12-12T14:54:56Z</time></trkpt>
<trkpt lat="37.083586" lon="-121.856847"><ele>516.4</ele><time>2021-12-12T14:55:07Z</time></trkpt>
<trkpt lat="37.083558" lon="-121.857062"><ele>516.9</ele><time>2021-12-12T14:55:13Z</time></trkpt>
<trkpt lat="37.083664" lon="-121.857349"><ele>517.3</ele><time>2021-12-12T14:55:21Z</time></trkpt>
<trkpt lat="37.083668" lon="-121.857544"><ele>517.6</ele><time>2021-12-12T14:55:26Z</time></trkpt>
<trkpt lat="37.083777" lon="-121.858084"><ele>518.4</ele><time>2021-12-12T14:55:40Z</time></trkpt>
<trkpt lat="37.083734" lon="-121.858235"><ele>518.5</ele><time>2021-12-12T14:55:46Z</time></trkpt>
<trkpt lat="37.083791" lon="-121.858362"><ele>518.7</ele><time>2021-12-12T14:55:50Z</time></trkpt>
<trkpt lat="37.083751" lon="-121.858546"><ele>519.0</ele><time>2021-12-12T14:55:55Z</time></trkpt>
<trkpt lat="37.083800" lon="-121.858730"><ele>519.2</ele><time>2021-12-12T14:56:01Z</time></trkpt>
<trkpt lat="37.083808" lon="-121.858967"><ele>519.6</ele><time>2021-12-12T14:56:07Z</time></trkpt>
<trkpt lat="37.083752" lon="-121.859060"><ele>519.7</ele><time>2021-12-12T14:56:10Z</time></trkpt>
<trkpt lat="37.083798" lon="-121.859237"><ele>520.0</ele><time>2021-12-12T14:56:13Z</time></trkpt>
<trkpt lat="37.083740" lon="-121.859355"><ele>520.1</ele><time>2021-12-12T14:56:15Z</time></trkpt>
<trkpt lat="37.083813" lon="-121.859955"><ele>520.5</ele><time>2021-12-12T14:56:30Z</time></trkpt>
<trkpt lat="37.083985" lon="-121.860215"><ele>521.2</ele><time>2021-12-12T14:56:40Z</time></trkpt>
<trkpt lat="37.084022" lon="-121.860332"><ele>521.5</ele><time>2021-12-12T14:56:43Z</time></trkpt>
<trkpt lat="37.084076" lon="-121.860380"><ele>521.7</ele><time>2021-12-12T14:56:45Z</time></trkpt>
<trkpt lat="37.084206" lon="-121.860748"><ele>522.5</ele><time>2021-12-12T14:56:56Z</time></trkpt>
<trkpt lat="37.084225" lon="-121.861039"><ele>522.9</ele><time>2021-12-12T14:57:04Z</time></trkpt>
<trkpt lat="37.084290" lon="-121.861207"><ele>522.7</ele><time>2021-12-12T14:57:08Z</time></trkpt>
<trkpt lat="37.084309" lon="-121.861450"><ele>522.4</ele><time>2021-12-12T14:57:14Z</time></trkpt>
<trkpt lat="37.084223" lon="-121.861762"><ele>522.5</ele><time>2021-12-12T14:57:23Z</time></trkpt>
<trkpt lat="37.084317" lon="-121.862003"><ele>522.8</ele><time>2021-12-12T14:57:30Z</time></trkpt>
<trkpt lat="37.084323" lon="-121.862183"><ele>523.2</ele><time>2021-12-12T14:57:35Z</time></trkpt>
<trkpt lat="37.084451" lon="-121.862455"><ele>524.2</ele><time>2021-12-12T14:57:44Z</time></trkpt>
<trkpt lat="37.084461" lon="-121.862751"><ele>525.4</ele><time>2021-12-12T14:57:56Z</time></trkpt>
<trkpt lat="37.084441" lon="-121.862806"><ele>525.5</ele><time>2021-12-12T14:57:58Z</time></trkpt>
<trkpt lat="37.084536" lon="-121.862989"><ele>526.0</ele><time>2021-12-12T14:58:34Z</time></trkpt>
<trkpt lat="37.084518" lon="-121.862984"><ele>526.0</ele><time>2021-12-12T14:58:35Z</time></trkpt>
<trkpt lat="37.084680" lon="-121.863062"><ele>526.0</ele><time>2021-12-12T14:58:44Z</time></trkpt>
<trkpt lat="37.084717" lon="-121.863223"><ele>525.6</ele><time>2021-12-12T14:58:48Z</time></trkpt>
<trkpt lat="37.084705" lon="-121.863343"><ele>525.2</ele><time>2021-12-12T14:58:51Z</time></trkpt>
<trkpt lat="37.084734" lon="-121.863392"><ele>525.0</ele><time>2021-12-12T14:58:52Z</time></trkpt>
<trkpt lat="37.084732" lon="-121.863540"><ele>524.5</ele><time>2021-12-12T14:58:55Z</time></trkpt>
<trkpt lat="37.084698" lon="-121.863639"><ele>524.1</ele><time>2021-12-12T14:58:57Z</time></trkpt>
<trkpt lat="37.084944" lon="-121.864000"><ele>521.6</ele><time>2021-12-12T14:59:09Z</time></trkpt>
<trkpt lat="37.084914" lon="-121.864121"><ele>520.7</ele><time>2021-12-12T14:59:12Z</time></trkpt>
<trkpt lat="37.084931" lon="-121.864286"><ele>519.5</ele><time>2021-12-12T14:59:14Z</time></trkpt>
<trkpt lat="37.084941" lon="-121.864254"><ele>519.3</ele><time>2021-12-12T14:59:15Z</time></trkpt>
<trkpt lat="37.084973" lon="-121.864317"><ele>518.8</ele><time>2021-12-12T14:59:16Z</time></trkpt>
<trkpt lat="37.084938" lon="-121.864445"><ele>518.1</ele><time>2021-12-12T14:59:19Z</time></trkpt>
<trkpt lat="37.084943" lon="-121.864636"><ele>517.3</ele><time>2021-12-12T14:59:23Z</time></trkpt>
<trkpt lat="37.085021" lon="-121.864729"><ele>516.6</ele><time>2021-12-12T14:59:26Z</time></trkpt>
<trkpt lat="37.084955" lon="-121.865033"><ele>514.7</ele><time>2021-12-12T14:59:31Z</time></trkpt>
<trkpt lat="37.085106" lon="-121.865348"><ele>512.9</ele><time>2021-12-12T14:59:34Z</time></trkpt>
<trkpt lat="37.085120" lon="-121.865591"><ele>511.8</ele><time>2021-12-12T14:59:35Z</time></trkpt>
<trkpt lat="37.085146" lon="-121.865699"><ele>511.2</ele><time>2021-12-12T14:59:36Z</time></trkpt>
<trkpt lat="37.085264" lon="-121.865919"><ele>509.8</ele><time>2021-12-12T14:59:38Z</time></trkpt>
<trkpt lat="37.085283" lon="-121.866158"><ele>508.8</ele><time>2021-12-12T14:59:40Z</time></trkpt>
<trkpt lat="37.085346" lon="-121.866381"><ele>508.2</ele><time>2021-12-12T14:59:42Z</time></trkpt>
<trkpt lat="37.085496" lon="-121.866571"><ele>507.8</ele><time>2021-12-12T14:59:44Z</time></trkpt>
<trkpt lat="37.085743" lon="-121.867114"><ele>505.2</ele><time>2021-12-12T14:59:49Z</time></trkpt>
<trkpt lat="37.085850" lon="-121.867281"><ele>503.4</ele><time>2021-12-12T14:59:50Z</time></trkpt>
<trkpt lat="37.085972" lon="-121.867621"><ele>500.3</ele><time>2021-12-12T14:59:52Z</time></trkpt>
<trkpt lat="37.086012" lon="-121.867898"><ele>498.3</ele><time>2021-12-12T14:59:54Z</time></trkpt>
<trkpt lat="37.086005" lon="-121.868171"><ele>497.1</ele><time>2021-12-12T14:59:56Z</time></trkpt>
<trkpt lat="37.086073" lon="-121.868544"><ele>495.6</ele><time>2021-12-12T14:59:59Z</time></trkpt>
<trkpt lat="37.086068" lon="-121.868861"><ele>493.4</ele><time>2021-12-12T15:00:02Z</time></trkpt>
<trkpt lat="37.085918" lon="-121.869277"><ele>490.0</ele><time>2021-12-12T15:00:06Z</time></trkpt>
<trkpt lat="37.085964" lon="-121.869858"><ele>485.8</ele><time>2021-12-12T15:00:12Z</time></trkpt>
<trkpt lat="37.086304" lon="-121.870224"><ele>482.8</ele><time>2021-12-12T15:00:17Z</time></trkpt>
<trkpt lat="37.086711" lon="-121.870858"><ele>478.0</ele><time>2021-12-12T15:00:24Z</time></trkpt>
<trkpt lat="37.086749" lon="-121.871137"><ele>477.0</ele><time>2021-12-12T15:00:27Z</time></trkpt>
<trkpt lat="37.086717" lon="-121.871250"><ele>476.5</ele><time>2021-12-12T15:00:28Z</time></trkpt>
<trkpt lat="37.086713" lon="-121.871648"><ele>474.8</ele><time>2021-12-12T15:00:32Z</time></trkpt>
<trkpt lat="37.086780" lon="-121.871762"><ele>474.3</ele><time>2021-12-12T15:00:33Z</time></trkpt>
<trkpt lat="37.086826" lon="-121.872015"><ele>473.4</ele><time>2021-12-12T15:00:36Z</time></trkpt>
<trkpt lat="37.086875" lon="-121.872117"><ele>473.0</ele><time>2021-12-12T15:00:37Z</time></trkpt>
<trkpt lat="37.087124" lon="-121.872375"><ele>471.8</ele><time>2021-12-12T15:00:41Z</time></trkpt>
<trkpt lat="37.087196" lon="-121.872497"><ele>471.3</ele><time>2021-12-12T15:00:43Z</time></trkpt>
<trkpt lat="37.087232" lon="-121.872610"><ele>470.9</ele><time>2021-12-12T15:00:44Z</time></trkpt>
<trkpt lat="37.087225" lon="-121.872692"><ele>470.6</ele><time>2021-12-12T15:00:45Z</time></trkpt>
<trkpt lat="37.087372" lon="-121.873127"><ele>469.6</ele><time>2021-12-12T15:00:51Z</time></trkpt>
<trkpt lat="37.087352" lon="-121.873189"><ele>469.4</ele><time>2021-12-12T15:00:52Z</time></trkpt>
<trkpt lat="37.087634" lon="-121.873566"><ele>467.0</ele><time>2021-12-12T15:00:59Z</time></trkpt>
<trkpt lat="37.087695" lon="-121.873754"><ele>465.8</ele><time>2021-12-12T15:01:01Z</time></trkpt>
<trkpt lat="37.087700" lon="-121.874009"><ele>464.3</ele><time>2021-12-12T15:01:03Z</time></trkpt>
<trkpt lat="37.087741" lon="-121.874085"><ele>463.9</ele><time>2021-12-12T15:01:04Z</time></trkpt>
<trkpt lat="37.087749" lon="-121.874182"><ele>463.5</ele><time>2021-12-12T15:01:05Z</time></trkpt>
<trkpt lat="37.087922" lon="-121.874497"><ele>461.9</ele><time>2021-12-12T15:01:09Z</time></trkpt>
<trkpt lat="37.088116" lon="-121.875006"><ele>459.8</ele><time>2021-12-12T15:01:15Z</time></trkpt>
<trkpt lat="37.088259" lon="-121.875159"><ele>459.6</ele><time>2021-12-12T15:01:18Z</time></trkpt>
<trkpt lat="37.088196" lon="-121.875249"><ele>459.5</ele><time>2021-12-12T15:01:19Z</time></trkpt>
<trkpt lat="37.088253" lon="-121.875412"><ele>459.1</ele><time>2021-12-12T15:01:21Z</time></trkpt>
<trkpt lat="37.088173" lon="-121.875521"><ele>458.7</ele><time>2021-12-12T15:01:22Z</time></trkpt>
<trkpt lat="37.088145" lon="-121.875662"><ele>458.2</ele><time>2021-12-12T15:01:24Z</time></trkpt>
<trkpt lat="37.088146" lon="-121.875863"><ele>457.5</ele><time>2021-12-12T15:01:26Z</time></trkpt>
<trkpt lat="37.088107" lon="-121.876047"><ele>457.1</ele><time>2021-12-12T15:01:28Z</time></trkpt>
<trkpt lat="37.088123" lon="-121.876296"><ele>456.4</ele><time>2021-12-12T15:01:31Z</time></trkpt>
<trkpt lat="37.088087" lon="-121.876366"><ele>456.1</ele><time>2021-12-12T15:01:32Z</time></trkpt>
<trkpt lat="37.088105" lon="-121.876537"><ele>455.2</ele><time>2021-12-12T15:01:34Z</time></trkpt>
<trkpt lat="37.088048" lon="-121.876914"><ele>453.6</ele><time>2021-12-12T15:01:37Z</time></trkpt>
<trkpt lat="37.088214" lon="-121.877496"><ele>452.5</ele><time>2021-12-12T15:01:46Z</time></trkpt>
<trkpt lat="37.088169" lon="-121.877621"><ele>451.8</ele><time>2021-12-12T15:01:47Z</time></trkpt>
<trkpt lat="37.088152" lon="-121.877799"><ele>450.7</ele><time>2021-12-12T15:01:49Z</time></trkpt>
<trkpt lat="37.088077" lon="-121.877953"><ele>449.4</ele><time>2021-12-12T15:01:51Z</time></trkpt>
<trkpt lat="37.088076" lon="-121.878127"><ele>448.3</ele><time>2021-12-12T15:01:52Z</time></trkpt>
<trkpt lat="37.088017" lon="-121.878311"><ele>447.6</ele><time>2021-12-12T15:01:54Z</time></trkpt>
<trkpt lat="37.087999" lon="-121.878934"><ele>446.4</ele><time>2021-12-12T15:02:00Z</time></trkpt>
<trkpt lat="37.088031" lon="-121.879043"><ele>446.3</ele><time>2021-12-12T15:02:01Z</time></trkpt>
<trkpt lat="37.088112" lon="-121.879097"><ele>446.2</ele><time>2021-12-12T15:02:02Z</time></trkpt>
<trkpt lat="37.088321" lon="-121.879053"><ele>446.0</ele><time>2021-12-12T15:02:06Z</time></trkpt>
<trkpt lat="37.088311" lon="-121.879077"><ele>446.0</ele><time>2021-12-12T15:02:07Z</time></trkpt>
<trkpt lat="37.088402" lon="-121.879206"><ele>445.6</ele><time>2021-12-12T15:02:10Z</time></trkpt>
<trkpt lat="37.088581" lon="-121.879913"><ele>442.7</ele><time>2021-12-12T15:02:19Z</time></trkpt>
<trkpt lat="37.088644" lon="-121.879959"><ele>442.3</ele><time>2021-12-12T15:02:20Z</time></trkpt>
<trkpt lat="37.088740" lon="-121.880298"><ele>440.8</ele><time>2021-12-12T15:02:24Z</time></trkpt>
<trkpt lat="37.088998" lon="-121.880683"><ele>439.7</ele><time>2021-12-12T15:02:30Z</time></trkpt>
<trkpt lat="37.088991" lon="-121.880748"><ele>439.6</ele><time>2021-12-12T15:02:31Z</time></trkpt>
<trkpt lat="37.089045" lon="-121.880789"><ele>439.3</ele><time>2021-12-12T15:02:32Z</time></trkpt>
<trkpt lat="37.089252" lon="-121.881211"><ele>436.1</ele><time>2021-12-12T15:02:37Z</time></trkpt>
<trkpt lat="37.089194" lon="-121.881334"><ele>434.9</ele><time>2021-12-12T15:02:38Z</time></trkpt>
<trkpt lat="37.089222" lon="-121.881520"><ele>433.3</ele><time>2021-12-12T15:02:40Z</time></trkpt>
<trkpt lat="37.089437" lon="-121.881989"><ele>429.7</ele><time>2021-12-12T15:02:44Z</time></trkpt>
<trkpt lat="37.089756" lon="-121.882545"><ele>427.1</ele><time>2021-12-12T15:02:50Z</time></trkpt>
<trkpt lat="37.089759" lon="-121.882895"><ele>425.9</ele><time>2021-12-12T15:02:53Z</time></trkpt>
<trkpt lat="37.089721" lon="-121.883002"><ele>425.6</ele><time>2021-12-12T15:02:54Z</time></trkpt>
<trkpt lat="37.089641" lon="-121.883105"><ele>425.1</ele><time>2021-12-12T15:02:56Z</time></trkpt>
<trkpt lat="37.089408" lon="-121.883243"><ele>423.5</ele><time>2021-12-12T15:03:00Z</time></trkpt>
<trkpt lat="37.089010" lon="-121.883298"><ele>420.5</ele><time>2021-12-12T15:03:05Z</time></trkpt>
<trkpt lat="37.088955" lon="-121.883338"><ele>419.9</ele><time>2021-12-12T15:03:06Z</time></trkpt>
<trkpt lat="37.088927" lon="-121.883446"><ele>419.1</ele><time>2021-12-12T15:03:07Z</time></trkpt>
<trkpt lat="37.088960" lon="-121.883793"><ele>417.0</ele><time>2021-12-12T15:03:11Z</time></trkpt>
<trkpt lat="37.088930" lon="-121.883871"><ele>416.5</ele><time>2021-12-12T15:03:12Z</time></trkpt>
<trkpt lat="37.088949" lon="-121.884118"><ele>415.1</ele><time>2021-12-12T15:03:15Z</time></trkpt>
<trkpt lat="37.088965" lon="-121.884013"><ele>414.5</ele><time>2021-12-12T15:03:16Z</time></trkpt>
<trkpt lat="37.089147" lon="-121.884174"><ele>413.3</ele><time>2021-12-12T15:03:20Z</time></trkpt>
<trkpt lat="37.089280" lon="-121.884636"><ele>411.7</ele><time>2021-12-12T15:03:24Z</time></trkpt>
<trkpt lat="37.089247" lon="-121.884789"><ele>411.2</ele><time>2021-12-12T15:03:25Z</time></trkpt>
<trkpt lat="37.089296" lon="-121.885025"><ele>410.0</ele><time>2021-12-12T15:03:27Z</time></trkpt>
<trkpt lat="37.089219" lon="-121.885307"><ele>408.3</ele><time>2021-12-12T15:03:30Z</time></trkpt>
<trkpt lat="37.089206" lon="-121.885475"><ele>407.6</ele><time>2021-12-12T15:03:32Z</time></trkpt>
<trkpt lat="37.089287" lon="-121.885716"><ele>406.9</ele><time>2021-12-12T15:03:35Z</time></trkpt>
<trkpt lat="37.089435" lon="-121.885886"><ele>406.4</ele><time>2021-12-12T15:03:38Z</time></trkpt>
<trkpt lat="37.089449" lon="-121.885940"><ele>406.3</ele><time>2021-12-12T15:03:39Z</time></trkpt>
<trkpt lat="37.089683" lon="-121.886089"><ele>405.9</ele><time>2021-12-12T15:03:42Z</time></trkpt>
<trkpt lat="37.089881" lon="-121.886315"><ele>406.0</ele><time>2021-12-12T15:03:47Z</time></trkpt>
<trkpt lat="37.089971" lon="-121.886468"><ele>406.2</ele><time>2021-12-12T15:03:50Z</time></trkpt>
<trkpt lat="37.089921" lon="-121.886477"><ele>406.2</ele><time>2021-12-12T15:03:51Z</time></trkpt>
<trkpt lat="37.089920" lon="-121.886589"><ele>406.4</ele><time>2021-12-12T15:03:53Z</time></trkpt>
<trkpt lat="37.089853" lon="-121.886646"><ele>406.5</ele><time>2021-12-12T15:03:54Z</time></trkpt>
<trkpt lat="37.089860" lon="-121.886817"><ele>406.8</ele><time>2021-12-12T15:03:57Z</time></trkpt>
<trkpt lat="37.089944" lon="-121.886991"><ele>407.0</ele><time>2021-12-12T15:03:59Z</time></trkpt>
<trkpt lat="37.089915" lon="-121.887027"><ele>407.0</ele><time>2021-12-12T15:04:00Z</time></trkpt>
<trkpt lat="37.089935" lon="-121.887097"><ele>407.1</ele><time>2021-12-12T15:04:02Z</time></trkpt>
<trkpt lat="37.089913" lon="-121.887174"><ele>407.2</ele><time>2021-12-12T15:04:04Z</time></trkpt>
<trkpt lat="37.089990" lon="-121.887314"><ele>407.6</ele><time>2021-12-12T15:04:09Z</time></trkpt>
<trkpt lat="37.089974" lon="-121.887349"><ele>407.7</ele><time>2021-12-12T15:04:11Z</time></trkpt>
<trkpt lat="37.090004" lon="-121.887523"><ele>408.3</ele><time>2021-12-12T15:04:14Z</time></trkpt>
<trkpt lat="37.090086" lon="-121.887621"><ele>408.8</ele><time>2021-12-12T15:04:20Z</time></trkpt>
<trkpt lat="37.090087" lon="-121.887664"><ele>409.0</ele><time>2021-12-12T15:04:24Z</time></trkpt>
<trkpt lat="37.090118" lon="-121.887666"><ele>409.1</ele><time>2021-12-12T15:04:25Z</time></trkpt>
<trkpt lat="37.090092" lon="-121.887685"><ele>409.4</ele><time>2021-12-12T15:04:29Z</time></trkpt>
<trkpt lat="37.090078" lon="-121.887655"><ele>409.5</ele><time>2021-12-12T15:04:30Z</time></trkpt>
<trkpt lat="37.090218" lon="-121.887490"><ele>410.6</ele><time>2021-12-12T15:04:40Z</time></trkpt>
<trkpt lat="37.090427" lon="-121.887582"><ele>411.9</ele><time>2021-12-12T15:04:47Z</time></trkpt>
<trkpt lat="37.090549" lon="-121.887563"><ele>412.4</ele><time>2021-12-12T15:04:49Z</time></trkpt>
<trkpt lat="37.090700" lon="-121.887670"><ele>412.8</ele><time>2021-12-12T15:04:54Z</time></trkpt>
<trkpt lat="37.090785" lon="-121.887625"><ele>413.0</ele><time>2021-12-12T15:04:56Z</time></trkpt>
<trkpt lat="37.090945" lon="-121.887960"><ele>413.7</ele><time>2021-12-12T15:05:07Z</time></trkpt>
<trkpt lat="37.090931" lon="-121.888080"><ele>413.8</ele><time>2021-12-12T15:05:10Z</time></trkpt>
<trkpt lat="37.091010" lon="-121.888384"><ele>413.9</ele><time>2021-12-12T15:05:17Z</time></trkpt>
<trkpt lat="37.091016" lon="-121.888561"><ele>413.9</ele><time>2021-12-12T15:05:20Z</time></trkpt>
<trkpt lat="37.090974" lon="-121.888695"><ele>413.8</ele><time>2021-12-12T15:05:23Z</time></trkpt>
<trkpt lat="37.090824" lon="-121.888889"><ele>413.1</ele><time>2021-12-12T15:05:28Z</time></trkpt>
<trkpt lat="37.090300" lon="-121.889268"><ele>413.1</ele><time>2021-12-12T15:05:39Z</time></trkpt>
<trkpt lat="37.090072" lon="-121.889173"><ele>412.9</ele><time>2021-12-12T15:05:44Z</time></trkpt>
<trkpt lat="37.090029" lon="-121.889184"><ele>412.9</ele><time>2021-12-12T15:05:45Z</time></trkpt>
<trkpt lat="37.089910" lon="-121.889087"><ele>413.0</ele><time>2021-12-12T15:05:49Z</time></trkpt>
<trkpt lat="37.089783" lon="-121.889096"><ele>413.4</ele><time>2021-12-12T15:05:52Z</time></trkpt>
<trkpt lat="37.089685" lon="-121.889146"><ele>414.0</ele><time>2021-12-12T15:05:57Z</time></trkpt>
<trkpt lat="37.089526" lon="-121.889016"><ele>416.1</ele><time>2021-12-12T15:06:09Z</time></trkpt>
<trkpt lat="37.089526" lon="-121.889072"><ele>416.5</ele><time>2021-12-12T15:06:11Z</time></trkpt>
<trkpt lat="37.089344" lon="-121.889094"><ele>417.8</ele><time>2021-12-12T15:06:22Z</time></trkpt>
<trkpt lat="37.089308" lon="-121.889154"><ele>418.2</ele><time>2021-12-12T15:06:25Z</time></trkpt>
<trkpt lat="37.089123" lon="-121.889272"><ele>419.7</ele><time>2021-12-12T15:06:37Z</time></trkpt>
<trkpt lat="37.089059" lon="-121.889220"><ele>420.1</ele><time>2021-12-12T15:06:41Z</time></trkpt>
<trkpt lat="37.088824" lon="-121.889169"><ele>421.4</ele><time>2021-12-12T15:06:51Z</time></trkpt>
<trkpt lat="37.088747" lon="-121.889113"><ele>421.8</ele><time>2021-12-12T15:06:55Z</time></trkpt>
<trkpt lat="37.088751" lon="-121.889154"><ele>421.9</ele><time>2021-12-12T15:06:56Z</time></trkpt>
<trkpt lat="37.088633" lon="-121.889123"><ele>422.4</ele><time>2021-12-12T15:07:02Z</time></trkpt>
<trkpt lat="37.088639" lon="-121.889152"><ele>422.5</ele><time>2021-12-12T15:07:04Z</time></trkpt>
<trkpt lat="37.088649" lon="-121.889114"><ele>422.6</ele><time>2021-12-12T15:07:07Z</time></trkpt>
<trkpt lat="37.088633" lon="-121.889142"><ele>422.8</ele><time>2021-12-12T15:07:09Z</time></trkpt>
<trkpt lat="37.088620" lon="-121.889102"><ele>422.9</ele><time>2021-12-12T15:07:14Z</time></trkpt>
<trkpt lat="37.088709" lon="-121.888968"><ele>423.4</ele><time>2021-12-12T15:10:07Z</time></trkpt>
<trkpt lat="37.088568" lon="-121.889056"><ele>424.0</ele><time>2021-12-12T15:10:28Z</time></trkpt>
<trkpt lat="37.088657" lon="-121.889019"><ele>424.5</ele><time>2021-12-12T15:10:47Z</time></trkpt>
<trkpt lat="37.088595" lon="-121.889097"><ele>424.9</ele><time>2021-12-12T15:10:55Z</time></trkpt>
<trkpt lat="37.088440" lon="-121.888910"><ele>426.0</ele><time>2021-12-12T15:11:01Z</time></trkpt>
<trkpt lat="37.088354" lon="-121.888925"><ele>426.5</ele><time>2021-12-12T15:11:05Z</time></trkpt>
<trkpt lat="37.088357" lon="-121.888820"><ele>426.9</ele><time>2021-12-12T15:11:06Z</time></trkpt>
<trkpt lat="37.088110" lon="-121.888725"><ele>428.3</ele><time>2021-12-12T15:11:20Z</time></trkpt>
<trkpt lat="37.088013" lon="-121.888726"><ele>428.8</ele><time>2021-12-12T15:11:23Z</time></trkpt>
<trkpt lat="37.087848" lon="-121.888588"><ele>430.0</ele><time>2021-12-12T15:11:30Z</time></trkpt>
<trkpt lat="37.087672" lon="-121.888586"><ele>431.4</ele><time>2021-12-12T15:11:42Z</time></trkpt>
<trkpt lat="37.087520" lon="-121.888654"><ele>432.7</ele><time>2021-12-12T15:11:55Z</time></trkpt>
<trkpt lat="37.086685" lon="-121.888678"><ele>439.5</ele><time>2021-12-12T15:12:42Z</time></trkpt>
<trkpt lat="37.086496" lon="-121.888726"><ele>441.2</ele><time>2021-12-12T15:12:58Z</time></trkpt>
<trkpt lat="37.086376" lon="-121.888819"><ele>442.7</ele><time>2021-12-12T15:13:08Z</time></trkpt>
<trkpt lat="37.086354" lon="-121.888881"><ele>443.4</ele><time>2021-12-12T15:13:13Z</time></trkpt>
<trkpt lat="37.086258" lon="-121.888898"><ele>444.4</ele><time>2021-12-12T15:13:18Z</time></trkpt>
<trkpt lat="37.086103" lon="-121.888739"><ele>446.3</ele><time>2021-12-12T15:13:27Z</time></trkpt>
<trkpt lat="37.085917" lon="-121.888411"><ele>449.2</ele><time>2021-12-12T15:13:49Z</time></trkpt>
<trkpt lat="37.085864" lon="-121.888109"><ele>451.5</ele><time>2021-12-12T15:14:05Z</time></trkpt>
<trkpt lat="37.085952" lon="-121.888081"><ele>452.3</ele><time>2021-12-12T15:14:06Z</time></trkpt>
<trkpt lat="37.085838" lon="-121.887798"><ele>454.8</ele><time>2021-12-12T15:14:19Z</time></trkpt>
<trkpt lat="37.085871" lon="-121.887771"><ele>455.2</ele><time>2021-12-12T15:14:21Z</time></trkpt>
<trkpt lat="37.085820" lon="-121.887656"><ele>456.3</ele><time>2021-12-12T15:14:29Z</time></trkpt>
<trkpt lat="37.085790" lon="-121.887598"><ele>456.9</ele><time>2021-12-12T15:14:32Z</time></trkpt>
<trkpt lat="37.085707" lon="-121.887547"><ele>457.6</ele><time>2021-12-12T15:14:40Z</time></trkpt>
<trkpt lat="37.085722" lon="-121.887500"><ele>457.7</ele><time>2021-12-12T15:14:45Z</time></trkpt>
<trkpt lat="37.085699" lon="-121.887458"><ele>457.7</ele><time>2021-12-12T15:14:47Z</time></trkpt>
<trkpt lat="37.085680" lon="-121.887493"><ele>457.6</ele><time>2021-12-12T15:14:50Z</time></trkpt>
<trkpt lat="37.085752" lon="-121.887463"><ele>457.6</ele><time>2021-12-12T15:14:56Z</time></trkpt>
<trkpt lat="37.085743" lon="-121.887345"><ele>457.6</ele><time>2021-12-12T15:15:07Z</time></trkpt>
<trkpt lat="37.085859" lon="-121.887416"><ele>457.5</ele><time>2021-12-12T15:15:12Z</time></trkpt>
<trkpt lat="37.085824" lon="-121.887428"><ele>457.5</ele><time>2021-12-12T15:15:15Z</time></trkpt>
<trkpt lat="37.085853" lon="-121.887407"><ele>457.5</ele><time>2021-12-12T15:15:17Z</time></trkpt>
<trkpt lat="37.085826" lon="-121.887373"><ele>457.5</ele><time>2021-12-12T15:16:06Z</time></trkpt>
<trkpt lat="37.085845" lon="-121.887395"><ele>457.5</ele><time>2021-12-12T15:16:07Z</time></trkpt>
<trkpt lat="37.085767" lon="-121.887660"><ele>458.5</ele><time>2021-12-12T15:16:24Z</time></trkpt>
<trkpt lat="37.085676" lon="-121.887733"><ele>459.9</ele><time>2021-12-12T15:16:30Z</time></trkpt>
<trkpt lat="37.085675" lon="-121.887767"><ele>460.3</ele><time>2021-12-12T15:16:31Z</time></trkpt>
<trkpt lat="37.085588" lon="-121.887775"><ele>461.5</ele><time>2021-12-12T15:16:35Z</time></trkpt>
<trkpt lat="37.085415" lon="-121.887926"><ele>464.7</ele><time>2021-12-12T15:16:49Z</time></trkpt>
<trkpt lat="37.085311" lon="-121.887898"><ele>466.2</ele><time>2021-12-12T15:16:55Z</time></trkpt>
<trkpt lat="37.085255" lon="-121.887954"><ele>467.3</ele><time>2021-12-12T15:17:00Z</time></trkpt>
<trkpt lat="37.085100" lon="-121.887880"><ele>469.5</ele><time>2021-12-12T15:17:10Z</time></trkpt>
<trkpt lat="37.085028" lon="-121.887919"><ele>470.3</ele><time>2021-12-12T15:17:16Z</time></trkpt>
<trkpt lat="37.084878" lon="-121.887914"><ele>471.6</ele><time>2021-12-12T15:17:27Z</time></trkpt>
<trkpt lat="37.084814" lon="-121.887993"><ele>472.2</ele><time>2021-12-12T15:17:33Z</time></trkpt>
<trkpt lat="37.084790" lon="-121.888101"><ele>472.8</ele><time>2021-12-12T15:17:35Z</time></trkpt>
<trkpt lat="37.084751" lon="-121.888108"><ele>473.1</ele><time>2021-12-12T15:17:37Z</time></trkpt>
<trkpt lat="37.084753" lon="-121.888178"><ele>473.4</ele><time>2021-12-12T15:17:39Z</time></trkpt>
<trkpt lat="37.084562" lon="-121.888204"><ele>475.0</ele><time>2021-12-12T15:17:46Z</time></trkpt>
<trkpt lat="37.084410" lon="-121.888386"><ele>477.3</ele><time>2021-12-12T15:18:00Z</time></trkpt>
<trkpt lat="37.084324" lon="-121.888372"><ele>478.2</ele><time>2021-12-12T15:18:05Z</time></trkpt>
<trkpt lat="37.084251" lon="-121.888312"><ele>479.0</ele><time>2021-12-12T15:18:11Z</time></trkpt>
<trkpt lat="37.084102" lon="-121.888428"><ele>480.5</ele><time>2021-12-12T15:18:20Z</time></trkpt>
<trkpt lat="37.083829" lon="-121.888553"><ele>483.5</ele><time>2021-12-12T15:18:39Z</time></trkpt>
<trkpt lat="37.083779" lon="-121.888546"><ele>484.1</ele><time>2021-12-12T15:18:42Z</time></trkpt>
<trkpt lat="37.083662" lon="-121.888670"><ele>486.1</ele><time>2021-12-12T15:18:52Z</time></trkpt>
<trkpt lat="37.083600" lon="-121.888654"><ele>487.0</ele><time>2021-12-12T15:18:57Z</time></trkpt>
<trkpt lat="37.083634" lon="-121.888712"><ele>487.8</ele><time>2021-12-12T15:19:02Z</time></trkpt>
<trkpt lat="37.083696" lon="-121.888669"><ele>488.8</ele><time>2021-12-12T15:19:10Z</time></trkpt>
<trkpt lat="37.083670" lon="-121.888667"><ele>489.1</ele><time>2021-12-12T15:19:11Z</time></trkpt>
<trkpt lat="37.083679" lon="-121.888705"><ele>489.4</ele><time>2021-12-12T15:19:13Z</time></trkpt>
<trkpt lat="37.083869" lon="-121.888789"><ele>491.4</ele><time>2021-12-12T15:20:27Z</time></trkpt>
<trkpt lat="37.083878" lon="-121.888867"><ele>492.1</ele><time>2021-12-12T15:20:31Z</time></trkpt>
<trkpt lat="37.083841" lon="-121.888868"><ele>492.4</ele><time>2021-12-12T15:20:32Z</time></trkpt>
<trkpt lat="37.083940" lon="-121.889214"><ele>495.2</ele><time>2021-12-12T15:20:44Z</time></trkpt>
<trkpt lat="37.083932" lon="-121.889291"><ele>496.0</ele><time>2021-12-12T15:20:48Z</time></trkpt>
<trkpt lat="37.083798" lon="-121.889403"><ele>497.8</ele><time>2021-12-12T15:20:56Z</time></trkpt>
<trkpt lat="37.083811" lon="-121.889438"><ele>498.1</ele><time>2021-12-12T15:20:57Z</time></trkpt>
<trkpt lat="37.083757" lon="-121.889529"><ele>499.1</ele><time>2021-12-12T15:21:04Z</time></trkpt>
<trkpt lat="37.083656" lon="-121.889539"><ele>500.1</ele><time>2021-12-12T15:21:06Z</time></trkpt>
<trkpt lat="37.083554" lon="-121.889670"><ele>501.5</ele><time>2021-12-12T15:21:16Z</time></trkpt>
<trkpt lat="37.083520" lon="-121.889834"><ele>503.0</ele><time>2021-12-12T15:21:26Z</time></trkpt>
<trkpt lat="37.083484" lon="-121.889884"><ele>503.6</ele><time>2021-12-12T15:21:29Z</time></trkpt>
<trkpt lat="37.083491" lon="-121.889931"><ele>504.0</ele><time>2021-12-12T15:21:33Z</time></trkpt>
<trkpt lat="37.083538" lon="-121.889968"><ele>504.6</ele><time>2021-12-12T15:21:36Z</time></trkpt>
<trkpt lat="37.083493" lon="-121.890100"><ele>506.0</ele><time>2021-12-12T15:21:43Z</time></trkpt>
<trkpt lat="37.083257" lon="-121.890172"><ele>508.4</ele><time>2021-12-12T15:22:54Z</time></trkpt>
<trkpt lat="37.082930" lon="-121.890175"><ele>511.5</ele><time>2021-12-12T15:23:10Z</time></trkpt>
<trkpt lat="37.082924" lon="-121.890148"><ele>511.7</ele><time>2021-12-12T15:23:11Z</time></trkpt>
<trkpt lat="37.082733" lon="-121.890138"><ele>513.7</ele><time>2021-12-12T15:23:23Z</time></trkpt>
<trkpt lat="37.082353" lon="-121.890174"><ele>517.1</ele><time>2021-12-12T15:23:49Z</time></trkpt>
<trkpt lat="37.082172" lon="-121.890277"><ele>518.9</ele><time>2021-12-12T15:24:00Z</time></trkpt>
<trkpt lat="37.082044" lon="-121.890136"><ele>520.5</ele><time>2021-12-12T15:24:07Z</time></trkpt>
<trkpt lat="37.081930" lon="-121.890141"><ele>521.7</ele><time>2021-12-12T15:24:14Z</time></trkpt>
<trkpt lat="37.081864" lon="-121.890100"><ele>522.4</ele><time>2021-12-12T15:24:18Z</time></trkpt>
<trkpt lat="37.081840" lon="-121.889996"><ele>523.2</ele><time>2021-12-12T15:24:21Z</time></trkpt>
<trkpt lat="37.081572" lon="-121.889745"><ele>526.3</ele><time>2021-12-12T15:24:45Z</time></trkpt>
<trkpt lat="37.081379" lon="-121.889701"><ele>528.1</ele><time>2021-12-12T15:24:56Z</time></trkpt>
<trkpt lat="37.081242" lon="-121.889559"><ele>529.6</ele><time>2021-12-12T15:25:07Z</time></trkpt>
<trkpt lat="37.081219" lon="-121.889430"><ele>530.5</ele><time>2021-12-12T15:25:12Z</time></trkpt>
<trkpt lat="37.081308" lon="-121.889002"><ele>534.1</ele><time>2021-12-12T15:25:32Z</time></trkpt>
<trkpt lat="37.081360" lon="-121.888985"><ele>534.6</ele><time>2021-12-12T15:25:33Z</time></trkpt>
<trkpt lat="37.081368" lon="-121.888929"><ele>535.0</ele><time>2021-12-12T15:25:36Z</time></trkpt>
<trkpt lat="37.081348" lon="-121.888828"><ele>535.8</ele><time>2021-12-12T15:25:41Z</time></trkpt>
<trkpt lat="37.081288" lon="-121.888775"><ele>536.6</ele><time>2021-12-12T15:25:46Z</time></trkpt>
<trkpt lat="37.081319" lon="-121.888711"><ele>537.3</ele><time>2021-12-12T15:25:49Z</time></trkpt>
<trkpt lat="37.081318" lon="-121.888613"><ele>538.2</ele><time>2021-12-12T15:25:52Z</time></trkpt>
<trkpt lat="37.081246" lon="-121.888581"><ele>539.0</ele><time>2021-12-12T15:25:55Z</time></trkpt>
<trkpt lat="37.081263" lon="-121.888615"><ele>539.6</ele><time>2021-12-12T15:25:59Z</time></trkpt>
<trkpt lat="37.081190" lon="-121.888633"><ele>540.4</ele><time>2021-12-12T15:26:05Z</time></trkpt>
<trkpt lat="37.081103" lon="-121.888584"><ele>541.3</ele><time>2021-12-12T15:26:10Z</time></trkpt>
<trkpt lat="37.081048" lon="-121.888429"><ele>542.7</ele><time>2021-12-12T15:26:21Z</time></trkpt>
<trkpt lat="37.081085" lon="-121.888424"><ele>543.1</ele><time>2021-12-12T15:26:24Z</time></trkpt>
<trkpt lat="37.081081" lon="-121.888504"><ele>543.9</ele><time>2021-12-12T15:26:32Z</time></trkpt>
<trkpt lat="37.081072" lon="-121.888349"><ele>545.3</ele><time>2021-12-12T15:26:59Z</time></trkpt>
<trkpt lat="37.080915" lon="-121.888030"><ele>549.2</ele><time>2021-12-12T15:27:19Z</time></trkpt>
<trkpt lat="37.080787" lon="-121.887637"><ele>553.2</ele><time>2021-12-12T15:27:41Z</time></trkpt>
<trkpt lat="37.080747" lon="-121.887219"><ele>556.3</ele><time>2021-12-12T15:28:00Z</time></trkpt>
<trkpt lat="37.080779" lon="-121.887208"><ele>556.6</ele><time>2021-12-12T15:28:02Z</time></trkpt>
<trkpt lat="37.080777" lon="-121.887121"><ele>557.3</ele><time>2021-12-12T15:28:06Z</time></trkpt>
<trkpt lat="37.080732" lon="-121.886976"><ele>558.5</ele><time>2021-12-12T15:28:13Z</time></trkpt>
<trkpt lat="37.080773" lon="-121.886758"><ele>560.6</ele><time>2021-12-12T15:28:24Z</time></trkpt>
<trkpt lat="37.080720" lon="-121.886635"><ele>562.0</ele><time>2021-12-12T15:28:33Z</time></trkpt>
<trkpt lat="37.080750" lon="-121.886559"><ele>562.8</ele><time>2021-12-12T15:28:36Z</time></trkpt>
<trkpt lat="37.080917" lon="-121.886429"><ele>564.7</ele><time>2021-12-12T15:28:46Z</time></trkpt>
<trkpt lat="37.080927" lon="-121.886169"><ele>567.0</ele><time>2021-12-12T15:29:06Z</time></trkpt>
<trkpt lat="37.080896" lon="-121.886062"><ele>568.2</ele><time>2021-12-12T15:29:12Z</time></trkpt>
<trkpt lat="37.080950" lon="-121.885840"><ele>570.7</ele><time>2021-12-12T15:30:03Z</time></trkpt>
<trkpt lat="37.080949" lon="-121.885740"><ele>571.8</ele><time>2021-12-12T15:30:11Z</time></trkpt>
<trkpt lat="37.080880" lon="-121.885665"><ele>573.0</ele><time>2021-12-12T15:30:17Z</time></trkpt>
<trkpt lat="37.080868" lon="-121.885694"><ele>573.3</ele><time>2021-12-12T15:30:18Z</time></trkpt>
<trkpt lat="37.080828" lon="-121.885542"><ele>574.9</ele><time>2021-12-12T15:30:23Z</time></trkpt>
<trkpt lat="37.080762" lon="-121.885561"><ele>575.7</ele><time>2021-12-12T15:30:27Z</time></trkpt>
<trkpt lat="37.080588" lon="-121.885839"><ele>578.2</ele><time>2021-12-12T15:30:44Z</time></trkpt>
<trkpt lat="37.080440" lon="-121.885875"><ele>579.1</ele><time>2021-12-12T15:30:50Z</time></trkpt>
<trkpt lat="37.080360" lon="-121.885844"><ele>579.5</ele><time>2021-12-12T15:30:53Z</time></trkpt>
<trkpt lat="37.080239" lon="-121.885722"><ele>580.3</ele><time>2021-12-12T15:31:01Z</time></trkpt>
<trkpt lat="37.080230" lon="-121.885675"><ele>580.6</ele><time>2021-12-12T15:31:04Z</time></trkpt>
<trkpt lat="37.080236" lon="-121.885699"><ele>580.7</ele><time>2021-12-12T15:31:05Z</time></trkpt>
<trkpt lat="37.080183" lon="-121.885666"><ele>581.5</ele><time>2021-12-12T15:31:13Z</time></trkpt>
<trkpt lat="37.080114" lon="-121.885552"><ele>582.8</ele><time>2021-12-12T15:31:17Z</time></trkpt>
<trkpt lat="37.080027" lon="-121.885493"><ele>584.2</ele><time>2021-12-12T15:31:23Z</time></trkpt>
<trkpt lat="37.079976" lon="-121.885390"><ele>585.6</ele><time>2021-12-12T15:31:31Z</time></trkpt>
<trkpt lat="37.079928" lon="-121.885394"><ele>586.3</ele><time>2021-12-12T15:31:39Z</time></trkpt>
<trkpt lat="37.079975" lon="-121.885381"><ele>587.0</ele><time>2021-12-12T15:31:42Z</time></trkpt>
<trkpt lat="37.079963" lon="-121.885400"><ele>587.3</ele><time>2021-12-12T15:31:43Z</time></trkpt>
<trkpt lat="37.079966" lon="-121.885272"><ele>588.6</ele><time>2021-12-12T15:31:49Z</time></trkpt>
<trkpt lat="37.079929" lon="-121.885281"><ele>589.2</ele><time>2021-12-12T15:31:53Z</time></trkpt>
<trkpt lat="37.079920" lon="-121.885233"><ele>589.9</ele><time>2021-12-12T15:31:57Z</time></trkpt>
<trkpt lat="37.079968" lon="-121.885227"><ele>590.7</ele><time>2021-12-12T15:32:01Z</time></trkpt>
<trkpt lat="37.079943" lon="-121.885170"><ele>591.2</ele><time>2021-12-12T15:32:05Z</time></trkpt>
<trkpt lat="37.079898" lon="-121.885432"><ele>593.2</ele><time>2021-12-12T15:32:12Z</time></trkpt>
<trkpt lat="37.079892" lon="-121.885374"><ele>593.7</ele><time>2021-12-12T15:32:13Z</time></trkpt>
<trkpt lat="37.079801" lon="-121.885471"><ele>595.0</ele><time>2021-12-12T15:32:18Z</time></trkpt>
<trkpt lat="37.079744" lon="-121.885437"><ele>595.7</ele><time>2021-12-12T15:32:19Z</time></trkpt>
<trkpt lat="37.079682" lon="-121.885308"><ele>597.2</ele><time>2021-12-12T15:32:22Z</time></trkpt>
<trkpt lat="37.079360" lon="-121.885295"><ele>600.7</ele><time>2021-12-12T15:32:46Z</time></trkpt>
<trkpt lat="37.079287" lon="-121.885339"><ele>601.4</ele><time>2021-12-12T15:32:49Z</time></trkpt>
<trkpt lat="37.079295" lon="-121.885558"><ele>602.7</ele><time>2021-12-12T15:33:04Z</time></trkpt>
<trkpt lat="37.079226" lon="-121.885784"><ele>604.4</ele><time>2021-12-12T15:33:13Z</time></trkpt>
<trkpt lat="37.079118" lon="-121.885908"><ele>605.7</ele><time>2021-12-12T15:33:22Z</time></trkpt>
<trkpt lat="37.079033" lon="-121.885870"><ele>606.6</ele><time>2021-12-12T15:33:25Z</time></trkpt>
<trkpt lat="37.078861" lon="-121.885996"><ele>608.8</ele><time>2021-12-12T15:33:37Z</time></trkpt>
<trkpt lat="37.078811" lon="-121.885980"><ele>609.4</ele><time>2021-12-12T15:33:40Z</time></trkpt>
<trkpt lat="37.078755" lon="-121.886036"><ele>610.3</ele><time>2021-12-12T15:33:44Z</time></trkpt>
<trkpt lat="37.078765" lon="-121.886092"><ele>610.9</ele><time>2021-12-12T15:33:47Z</time></trkpt>
<trkpt lat="37.078728" lon="-121.886103"><ele>611.4</ele><time>2021-12-12T15:33:50Z</time></trkpt>
<trkpt lat="37.078730" lon="-121.886134"><ele>611.7</ele><time>2021-12-12T15:33:52Z</time></trkpt>
<trkpt lat="37.078536" lon="-121.886155"><ele>613.7</ele><time>2021-12-12T15:34:03Z</time></trkpt>
<trkpt lat="37.078359" lon="-121.886250"><ele>615.2</ele><time>2021-12-12T15:34:14Z</time></trkpt>
<trkpt lat="37.078211" lon="-121.886149"><ele>616.8</ele><time>2021-12-12T15:34:22Z</time></trkpt>
<trkpt lat="37.078161" lon="-121.886041"><ele>617.9</ele><time>2021-12-12T15:34:27Z</time></trkpt>
<trkpt lat="37.078020" lon="-121.885946"><ele>619.7</ele><time>2021-12-12T15:34:38Z</time></trkpt>
<trkpt lat="37.077829" lon="-121.885868"><ele>621.7</ele><time>2021-12-12T15:34:51Z</time></trkpt>
<trkpt lat="37.077696" lon="-121.885903"><ele>623.2</ele><time>2021-12-12T15:34:59Z</time></trkpt>
<trkpt lat="37.077577" lon="-121.885769"><ele>624.8</ele><time>2021-12-12T15:35:10Z</time></trkpt>
<trkpt lat="37.077538" lon="-121.885679"><ele>625.6</ele><time>2021-12-12T15:35:13Z</time></trkpt>
<trkpt lat="37.077357" lon="-121.885547"><ele>627.7</ele><time>2021-12-12T15:35:29Z</time></trkpt>
<trkpt lat="37.077291" lon="-121.885553"><ele>628.2</ele><time>2021-12-12T15:35:32Z</time></trkpt>
<trkpt lat="37.077254" lon="-121.885505"><ele>628.6</ele><time>2021-12-12T15:35:34Z</time></trkpt>
<trkpt lat="37.077228" lon="-121.885316"><ele>629.8</ele><time>2021-12-12T15:35:39Z</time></trkpt>
<trkpt lat="37.077248" lon="-121.885321"><ele>630.1</ele><time>2021-12-12T15:35:41Z</time></trkpt>
<trkpt lat="37.077267" lon="-121.885150"><ele>631.3</ele><time>2021-12-12T15:35:47Z</time></trkpt>
<trkpt lat="37.077489" lon="-121.885154"><ele>634.0</ele><time>2021-12-12T15:36:00Z</time></trkpt>
<trkpt lat="37.077697" lon="-121.885329"><ele>636.8</ele><time>2021-12-12T15:36:12Z</time></trkpt>
<trkpt lat="37.077826" lon="-121.885290"><ele>637.6</ele><time>2021-12-12T15:36:19Z</time></trkpt>
<trkpt lat="37.077848" lon="-121.885160"><ele>638.5</ele><time>2021-12-12T15:36:26Z</time></trkpt>
<trkpt lat="37.077979" lon="-121.885104"><ele>639.5</ele><time>2021-12-12T15:36:36Z</time></trkpt>
<trkpt lat="37.078064" lon="-121.884977"><ele>640.6</ele><time>2021-12-12T15:36:45Z</time></trkpt>
<trkpt lat="37.078131" lon="-121.884791"><ele>641.8</ele><time>2021-12-12T15:36:56Z</time></trkpt>
<trkpt lat="37.078450" lon="-121.884430"><ele>645.9</ele><time>2021-12-12T15:37:22Z</time></trkpt>
<trkpt lat="37.078507" lon="-121.884315"><ele>646.7</ele><time>2021-12-12T15:37:28Z</time></trkpt>
<trkpt lat="37.078615" lon="-121.884192"><ele>647.8</ele><time>2021-12-12T15:37:36Z</time></trkpt>
<trkpt lat="37.078824" lon="-121.884126"><ele>649.4</ele><time>2021-12-12T15:37:47Z</time></trkpt>
<trkpt lat="37.078905" lon="-121.884012"><ele>650.1</ele><time>2021-12-12T15:37:55Z</time></trkpt>
<trkpt lat="37.078888" lon="-121.883962"><ele>650.3</ele><time>2021-12-12T15:38:00Z</time></trkpt>
<trkpt lat="37.078826" lon="-121.884006"><ele>650.9</ele><time>2021-12-12T15:38:06Z</time></trkpt>
<trkpt lat="37.078509" lon="-121.883995"><ele>655.3</ele><time>2021-12-12T15:38:31Z</time></trkpt>
<trkpt lat="37.078294" lon="-121.883902"><ele>657.9</ele><time>2021-12-12T15:38:44Z</time></trkpt>
<trkpt lat="37.077987" lon="-121.883880"><ele>661.0</ele><time>2021-12-12T15:39:03Z</time></trkpt>
<trkpt lat="37.077773" lon="-121.883582"><ele>664.5</ele><time>2021-12-12T15:39:23Z</time></trkpt>
<trkpt lat="37.077795" lon="-121.883577"><ele>664.7</ele><time>2021-12-12T15:39:26Z</time></trkpt>
<trkpt lat="37.077768" lon="-121.883522"><ele>665.2</ele><time>2021-12-12T15:39:32Z</time></trkpt>
<trkpt lat="37.077817" lon="-121.883648"><ele>666.0</ele><time>2021-12-12T15:48:06Z</time></trkpt>
<trkpt lat="37.077868" lon="-121.883665"><ele>666.3</ele><time>2021-12-12T15:48:09Z</time></trkpt>
<trkpt lat="37.077880" lon="-121.883606"><ele>666.6</ele><time>2021-12-12T15:48:12Z</time></trkpt>
<trkpt lat="37.077791" lon="-121.883570"><ele>667.0</ele><time>2021-12-12T15:48:16Z</time></trkpt>
<trkpt lat="37.077641" lon="-121.883417"><ele>667.5</ele><time>2021-12-12T15:48:26Z</time></trkpt>
<trkpt lat="37.077564" lon="-121.883471"><ele>666.3</ele><time>2021-12-12T15:48:29Z</time></trkpt>
<trkpt lat="37.077453" lon="-121.883467"><ele>664.8</ele><time>2021-12-12T15:48:32Z</time></trkpt>
<trkpt lat="37.077394" lon="-121.883529"><ele>663.3</ele><time>2021-12-12T15:48:33Z</time></trkpt>
<trkpt lat="37.077447" lon="-121.883631"><ele>661.4</ele><time>2021-12-12T15:48:36Z</time></trkpt>
<trkpt lat="37.077351" lon="-121.883845"><ele>659.1</ele><time>2021-12-12T15:48:41Z</time></trkpt>
<trkpt lat="37.077325" lon="-121.884010"><ele>658.7</ele><time>2021-12-12T15:48:44Z</time></trkpt>
<trkpt lat="37.077188" lon="-121.884146"><ele>659.0</ele><time>2021-12-12T15:48:49Z</time></trkpt>
<trkpt lat="37.076931" lon="-121.884269"><ele>661.3</ele><time>2021-12-12T15:48:59Z</time></trkpt>
<trkpt lat="37.076913" lon="-121.884237"><ele>661.6</ele><time>2021-12-12T15:49:02Z</time></trkpt>
<trkpt lat="37.076996" lon="-121.884233"><ele>662.0</ele><time>2021-12-12T15:49:44Z</time></trkpt>
<trkpt lat="37.076587" lon="-121.884299"><ele>660.7</ele><time>2021-12-12T15:49:59Z</time></trkpt>
<trkpt lat="37.076418" lon="-121.884265"><ele>659.0</ele><time>2021-12-12T15:50:02Z</time></trkpt>
<trkpt lat="37.076422" lon="-121.884373"><ele>658.2</ele><time>2021-12-12T15:50:06Z</time></trkpt>
<trkpt lat="37.076394" lon="-121.884430"><ele>657.7</ele><time>2021-12-12T15:50:07Z</time></trkpt>
<trkpt lat="37.076194" lon="-121.884570"><ele>655.3</ele><time>2021-12-12T15:50:14Z</time></trkpt>
<trkpt lat="37.076145" lon="-121.884571"><ele>654.8</ele><time>2021-12-12T15:50:15Z</time></trkpt>
<trkpt lat="37.076146" lon="-121.884668"><ele>654.1</ele><time>2021-12-12T15:50:17Z</time></trkpt>
<trkpt lat="37.076094" lon="-121.884630"><ele>653.7</ele><time>2021-12-12T15:50:18Z</time></trkpt>
<trkpt lat="37.076012" lon="-121.884674"><ele>653.1</ele><time>2021-12-12T15:50:20Z</time></trkpt>
<trkpt lat="37.075852" lon="-121.884827"><ele>651.7</ele><time>2021-12-12T15:50:25Z</time></trkpt>
<trkpt lat="37.075700" lon="-121.884808"><ele>651.0</ele><time>2021-12-12T15:50:29Z</time></trkpt>
<trkpt lat="37.075445" lon="-121.885025"><ele>649.6</ele><time>2021-12-12T15:50:39Z</time></trkpt>
<trkpt lat="37.075399" lon="-121.885244"><ele>648.3</ele><time>2021-12-12T15:50:44Z</time></trkpt>
<trkpt lat="37.075285" lon="-121.885425"><ele>642.3</ele><time>2021-12-12T15:50:50Z</time></trkpt>
<trkpt lat="37.075185" lon="-121.885478"><ele>641.9</ele><time>2021-12-12T15:50:52Z</time></trkpt>
<trkpt lat="37.075235" lon="-121.885564"><ele>639.1</ele><time>2021-12-12T15:50:54Z</time></trkpt>
<trkpt lat="37.075228" lon="-121.885599"><ele>637.7</ele><time>2021-12-12T15:50:55Z</time></trkpt>
<trkpt lat="37.075166" lon="-121.885626"><ele>638.3</ele><time>2021-12-12T15:50:57Z</time></trkpt>
<trkpt lat="37.075158" lon="-121.885744"><ele>633.6</ele><time>2021-12-12T15:51:00Z</time></trkpt>
<trkpt lat="37.075190" lon="-121.885802"><ele>630.6</ele><time>2021-12-12T15:51:01Z</time></trkpt>
<trkpt lat="37.075167" lon="-121.885840"><ele>631.0</ele><time>2021-12-12T15:51:02Z</time></trkpt>
<trkpt lat="37.075183" lon="-121.885967"><ele>626.6</ele><time>2021-12-12T15:51:06Z</time></trkpt>
<trkpt lat="37.075139" lon="-121.886046"><ele>625.3</ele><time>2021-12-12T15:51:08Z</time></trkpt>
<trkpt lat="37.075184" lon="-121.886141"><ele>621.5</ele><time>2021-12-12T15:51:11Z</time></trkpt>
<trkpt lat="37.075149" lon="-121.886202"><ele>619.6</ele><time>2021-12-12T15:51:13Z</time></trkpt>
<trkpt lat="37.075186" lon="-121.886327"><ele>617.2</ele><time>2021-12-12T15:51:15Z</time></trkpt>
<trkpt lat="37.075299" lon="-121.886459"><ele>612.3</ele><time>2021-12-12T15:51:18Z</time></trkpt>
<trkpt lat="37.074265" lon="-121.886895"><ele>635.1</ele><time>2021-12-12T15:51:19Z</time></trkpt>
<trkpt lat="37.074350" lon="-121.886950"><ele>634.5</ele><time>2021-12-12T15:51:20Z</time></trkpt>
<trkpt lat="37.074397" lon="-121.887042"><ele>632.8</ele><time>2021-12-12T15:51:22Z</time></trkpt>
<trkpt lat="37.074400" lon="-121.887175"><ele>630.7</ele><time>2021-12-12T15:51:23Z</time></trkpt>
<trkpt lat="37.074435" lon="-121.887275"><ele>628.7</ele><time>2021-12-12T15:51:24Z</time></trkpt>
<trkpt lat="37.074363" lon="-121.887295"><ele>628.8</ele><time>2021-12-12T15:51:25Z</time></trkpt>
<trkpt lat="37.074294" lon="-121.887637"><ele>623.1</ele><time>2021-12-12T15:51:29Z</time></trkpt>
<trkpt lat="37.074148" lon="-121.887899"><ele>623.9</ele><time>2021-12-12T15:51:31Z</time></trkpt>
<trkpt lat="37.073961" lon="-121.888343"><ele>625.3</ele><time>2021-12-12T15:51:34Z</time></trkpt>
<trkpt lat="37.073816" lon="-121.888850"><ele>622.4</ele><time>2021-12-12T15:51:38Z</time></trkpt>
<trkpt lat="37.073638" lon="-121.889090"><ele>620.0</ele><time>2021-12-12T15:51:41Z</time></trkpt>
<trkpt lat="37.073647" lon="-121.889163"><ele>619.5</ele><time>2021-12-12T15:51:42Z</time></trkpt>
<trkpt lat="37.073531" lon="-121.889433"><ele>618.1</ele><time>2021-12-12T15:51:46Z</time></trkpt>
<trkpt lat="37.073608" lon="-121.889331"><ele>617.7</ele><time>2021-12-12T15:51:47Z</time></trkpt>
<trkpt lat="37.073559" lon="-121.889450"><ele>617.6</ele><time>2021-12-12T15:51:49Z</time></trkpt>
<trkpt lat="37.073577" lon="-121.889575"><ele>617.7</ele><time>2021-12-12T15:51:50Z</time></trkpt>
<trkpt lat="37.073506" lon="-121.889793"><ele>618.1</ele><time>2021-12-12T15:51:57Z</time></trkpt>
<trkpt lat="37.073462" lon="-121.889819"><ele>618.3</ele><time>2021-12-12T15:51:59Z</time></trkpt>
<trkpt lat="37.073484" lon="-121.889847"><ele>618.4</ele><time>2021-12-12T15:52:00Z</time></trkpt>
<trkpt lat="37.073467" lon="-121.889897"><ele>618.6</ele><time>2021-12-12T15:52:04Z</time></trkpt>
<trkpt lat="37.073410" lon="-121.889919"><ele>618.8</ele><time>2021-12-12T15:52:07Z</time></trkpt>
<trkpt lat="37.073401" lon="-121.889852"><ele>619.1</ele><time>2021-12-12T15:53:29Z</time></trkpt>
<trkpt lat="37.073441" lon="-121.889917"><ele>619.4</ele><time>2021-12-12T15:53:35Z</time></trkpt>
<trkpt lat="37.073395" lon="-121.889946"><ele>619.6</ele><time>2021-12-12T15:53:39Z</time></trkpt>
<trkpt lat="37.073395" lon="-121.889904"><ele>619.7</ele><time>2021-12-12T15:53:43Z</time></trkpt>
<trkpt lat="37.073370" lon="-121.889968"><ele>619.8</ele><time>2021-12-12T15:53:46Z</time></trkpt>
<trkpt lat="37.073371" lon="-121.889776"><ele>620.1</ele><time>2021-12-12T15:54:02Z</time></trkpt>
<trkpt lat="37.073401" lon="-121.889739"><ele>620.1</ele><time>2021-12-12T15:54:04Z</time></trkpt>
<trkpt lat="37.073467" lon="-121.889779"><ele>620.0</ele><time>2021-12-12T15:54:08Z</time></trkpt>
<trkpt lat="37.073505" lon="-121.889858"><ele>619.7</ele><time>2021-12-12T15:54:13Z</time></trkpt>
<trkpt lat="37.073618" lon="-121.889875"><ele>619.1</ele><time>2021-12-12T15:54:17Z</time></trkpt>
<trkpt lat="37.073740" lon="-121.890002"><ele>618.0</ele><time>2021-12-12T15:54:20Z</time></trkpt>
<trkpt lat="37.073805" lon="-121.889881"><ele>617.4</ele><time>2021-12-12T15:54:21Z</time></trkpt>
<trkpt lat="37.073924" lon="-121.889812"><ele>616.6</ele><time>2021-12-12T15:54:23Z</time></trkpt>
<trkpt lat="37.073972" lon="-121.889721"><ele>616.0</ele><time>2021-12-12T15:54:25Z</time></trkpt>
<trkpt lat="37.073863" lon="-121.889449"><ele>613.6</ele><time>2021-12-12T15:54:30Z</time></trkpt>
<trkpt lat="37.074058" lon="-121.889456"><ele>611.5</ele><time>2021-12-12T15:54:33Z</time></trkpt>
<trkpt lat="37.074132" lon="-121.889545"><ele>610.4</ele><time>2021-12-12T15:54:35Z</time></trkpt>
<trkpt lat="37.074204" lon="-121.889806"><ele>608.4</ele><time>2021-12-12T15:54:37Z</time></trkpt>
<trkpt lat="37.074056" lon="-121.889971"><ele>607.0</ele><time>2021-12-12T15:54:39Z</time></trkpt>
<trkpt lat="37.074066" lon="-121.890170"><ele>606.2</ele><time>2021-12-12T15:54:41Z</time></trkpt>
<trkpt lat="37.073973" lon="-121.890378"><ele>605.6</ele><time>2021-12-12T15:54:44Z</time></trkpt>
<trkpt lat="37.073718" lon="-121.890497"><ele>604.8</ele><time>2021-12-12T15:54:45Z</time></trkpt>
<trkpt lat="37.073634" lon="-121.890565"><ele>604.6</ele><time>2021-12-12T15:54:47Z</time></trkpt>
<trkpt lat="37.073655" lon="-121.890626"><ele>604.5</ele><time>2021-12-12T15:54:48Z</time></trkpt>
<trkpt lat="37.074092" lon="-121.890859"><ele>604.5</ele><time>2021-12-12T15:54:53Z</time></trkpt>
<trkpt lat="37.074230" lon="-121.890789"><ele>603.9</ele><time>2021-12-12T15:54:57Z</time></trkpt>
<trkpt lat="37.074467" lon="-121.890811"><ele>602.3</ele><time>2021-12-12T15:55:02Z</time></trkpt>
<trkpt lat="37.074612" lon="-121.890948"><ele>600.8</ele><time>2021-12-12T15:55:04Z</time></trkpt>
<trkpt lat="37.074724" lon="-121.890986"><ele>599.6</ele><time>2021-12-12T15:55:06Z</time></trkpt>
<trkpt lat="37.074881" lon="-121.890911"><ele>598.0</ele><time>2021-12-12T15:55:08Z</time></trkpt>
<trkpt lat="37.075019" lon="-121.890688"><ele>596.1</ele><time>2021-12-12T15:55:11Z</time></trkpt>
<trkpt lat="37.075091" lon="-121.890257"><ele>594.1</ele><time>2021-12-12T15:55:15Z</time></trkpt>
<trkpt lat="37.075180" lon="-121.890124"><ele>593.2</ele><time>2021-12-12T15:55:18Z</time></trkpt>
<trkpt lat="37.075170" lon="-121.890158"><ele>593.0</ele><time>2021-12-12T15:55:19Z</time></trkpt>
<trkpt lat="37.075151" lon="-121.890047"><ele>592.3</ele><time>2021-12-12T15:55:21Z</time></trkpt>
<trkpt lat="37.075210" lon="-121.889997"><ele>591.6</ele><time>2021-12-12T15:55:22Z</time></trkpt>
<trkpt lat="37.075335" lon="-121.890093"><ele>589.7</ele><time>2021-12-12T15:55:26Z</time></trkpt>
<trkpt lat="37.075371" lon="-121.890156"><ele>588.9</ele><time>2021-12-12T15:55:27Z</time></trkpt>
<trkpt lat="37.075371" lon="-121.890297"><ele>587.3</ele><time>2021-12-12T15:55:29Z</time></trkpt>
<trkpt lat="37.075310" lon="-121.890379"><ele>586.0</ele><time>2021-12-12T15:55:30Z</time></trkpt>
<trkpt lat="37.075188" lon="-121.890439"><ele>584.2</ele><time>2021-12-12T15:55:31Z</time></trkpt>
<trkpt lat="37.075168" lon="-121.890435"><ele>586.4</ele><time>2021-12-12T15:55:32Z</time></trkpt>
<trkpt lat="37.075180" lon="-121.890445"><ele>584.4</ele><time>2021-12-12T15:55:33Z</time></trkpt>
<trkpt lat="37.075163" lon="-121.890464"><ele>585.8</ele><time>2021-12-12T15:55:34Z</time></trkpt>
<trkpt lat="37.075392" lon="-121.890399"><ele>581.3</ele><time>2021-12-12T15:55:36Z</time></trkpt>
<trkpt lat="37.075465" lon="-121.890514"><ele>579.1</ele><time>2021-12-12T15:55:38Z</time></trkpt>
<trkpt lat="37.075463" lon="-121.890683"><ele>577.1</ele><time>2021-12-12T15:55:41Z</time></trkpt>
<trkpt lat="37.075426" lon="-121.890717"><ele>577.4</ele><time>2021-12-12T15:55:42Z</time></trkpt>
<trkpt lat="37.075484" lon="-121.890815"><ele>574.9</ele><time>2021-12-12T15:55:43Z</time></trkpt>
<trkpt lat="37.075464" lon="-121.890850"><ele>575.3</ele><time>2021-12-12T15:55:44Z</time></trkpt>
<trkpt lat="37.075491" lon="-121.890913"><ele>573.3</ele><time>2021-12-12T15:55:45Z</time></trkpt>
<trkpt lat="37.075460" lon="-121.891029"><ele>573.3</ele><time>2021-12-12T15:55:46Z</time></trkpt>
<trkpt lat="37.075398" lon="-121.890944"><ele>576.1</ele><time>2021-12-12T15:55:52Z</time></trkpt>
<trkpt lat="37.075374" lon="-121.891078"><ele>575.5</ele><time>2021-12-12T15:55:55Z</time></trkpt>
<trkpt lat="37.075508" lon="-121.891128"><ele>572.5</ele><time>2021-12-12T15:55:58Z</time></trkpt>
<trkpt lat="37.075503" lon="-121.891198"><ele>572.5</ele><time>2021-12-12T15:56:00Z</time></trkpt>
<trkpt lat="37.075615" lon="-121.891486"><ele>569.3</ele><time>2021-12-12T15:56:05Z</time></trkpt>
<trkpt lat="37.075679" lon="-121.891498"><ele>568.6</ele><time>2021-12-12T15:56:07Z</time></trkpt>
<trkpt lat="37.075775" lon="-121.891899"><ele>566.0</ele><time>2021-12-12T15:56:18Z</time></trkpt>
<trkpt lat="37.075757" lon="-121.891957"><ele>565.7</ele><time>2021-12-12T15:56:19Z</time></trkpt>
<trkpt lat="37.075785" lon="-121.892042"><ele>565.3</ele><time>2021-12-12T15:56:21Z</time></trkpt>
<trkpt lat="37.075754" lon="-121.892112"><ele>564.9</ele><time>2021-12-12T15:56:23Z</time></trkpt>
<trkpt lat="37.075788" lon="-121.892302"><ele>563.9</ele><time>2021-12-12T15:56:27Z</time></trkpt>
<trkpt lat="37.075906" lon="-121.892554"><ele>562.3</ele><time>2021-12-12T15:56:31Z</time></trkpt>
<trkpt lat="37.075985" lon="-121.892631"><ele>561.7</ele><time>2021-12-12T15:56:33Z</time></trkpt>
<trkpt lat="37.075954" lon="-121.892835"><ele>561.1</ele><time>2021-12-12T15:56:36Z</time></trkpt>
<trkpt lat="37.075969" lon="-121.892968"><ele>560.9</ele><time>2021-12-12T15:56:38Z</time></trkpt>
<trkpt lat="37.075769" lon="-121.893112"><ele>560.9</ele><time>2021-12-12T15:56:40Z</time></trkpt>
<trkpt lat="37.075840" lon="-121.893250"><ele>560.8</ele><time>2021-12-12T15:56:42Z</time></trkpt>
<trkpt lat="37.075934" lon="-121.893240"><ele>560.6</ele><time>2021-12-12T15:56:44Z</time></trkpt>
<trkpt lat="37.075814" lon="-121.893258"><ele>560.6</ele><time>2021-12-12T15:56:47Z</time></trkpt>
<trkpt lat="37.075810" lon="-121.893277"><ele>558.9</ele><time>2021-12-12T15:56:48Z</time></trkpt>
<trkpt lat="37.075961" lon="-121.893423"><ele>552.3</ele><time>2021-12-12T15:56:53Z</time></trkpt>
<trkpt lat="37.076020" lon="-121.893447"><ele>550.1</ele><time>2021-12-12T15:56:55Z</time></trkpt>
<trkpt lat="37.076077" lon="-121.893389"><ele>551.7</ele><time>2021-12-12T15:56:57Z</time></trkpt>
<trkpt lat="37.076095" lon="-121.893149"><ele>553.7</ele><time>2021-12-12T15:57:03Z</time></trkpt>
<trkpt lat="37.076199" lon="-121.893052"><ele>546.0</ele><time>2021-12-12T15:57:07Z</time></trkpt>
<trkpt lat="37.076247" lon="-121.893057"><ele>542.4</ele><time>2021-12-12T15:57:08Z</time></trkpt>
<trkpt lat="37.076231" lon="-121.892939"><ele>543.2</ele><time>2021-12-12T15:57:10Z</time></trkpt>
<trkpt lat="37.076406" lon="-121.892867"><ele>533.3</ele><time>2021-12-12T15:57:12Z</time></trkpt>
<trkpt lat="37.076471" lon="-121.892781"><ele>533.0</ele><time>2021-12-12T15:57:14Z</time></trkpt>
<trkpt lat="37.076469" lon="-121.892687"><ele>535.7</ele><time>2021-12-12T15:57:15Z</time></trkpt>
<trkpt lat="37.076528" lon="-121.892542"><ele>536.9</ele><time>2021-12-12T15:57:18Z</time></trkpt>
<trkpt lat="37.076456" lon="-121.892308"><ele>547.9</ele><time>2021-12-12T15:57:22Z</time></trkpt>
<trkpt lat="37.076492" lon="-121.892248"><ele>547.3</ele><time>2021-12-12T15:57:23Z</time></trkpt>
<trkpt lat="37.076635" lon="-121.892178"><ele>544.9</ele><time>2021-12-12T15:57:26Z</time></trkpt>
<trkpt lat="37.076586" lon="-121.892115"><ele>547.3</ele><time>2021-12-12T15:57:27Z</time></trkpt>
<trkpt lat="37.076592" lon="-121.892042"><ele>548.1</ele><time>2021-12-12T15:57:28Z</time></trkpt>
<trkpt lat="37.076642" lon="-121.892032"><ele>546.8</ele><time>2021-12-12T15:57:29Z</time></trkpt>
<trkpt lat="37.076659" lon="-121.891975"><ele>546.2</ele><time>2021-12-12T15:57:30Z</time></trkpt>
<trkpt lat="37.076738" lon="-121.891994"><ele>543.2</ele><time>2021-12-12T15:57:31Z</time></trkpt>
<trkpt lat="37.076713" lon="-121.892063"><ele>543.7</ele><time>2021-12-12T15:57:35Z</time></trkpt>
<trkpt lat="37.076783" lon="-121.892000"><ele>541.3</ele><time>2021-12-12T15:57:36Z</time></trkpt>
<trkpt lat="37.076855" lon="-121.891989"><ele>535.8</ele><time>2021-12-12T15:57:38Z</time></trkpt>
<trkpt lat="37.076847" lon="-121.892031"><ele>537.0</ele><time>2021-12-12T15:57:39Z</time></trkpt>
<trkpt lat="37.076857" lon="-121.892104"><ele>533.7</ele><time>2021-12-12T15:57:40Z</time></trkpt>
<trkpt lat="37.076813" lon="-121.892442"><ele>527.1</ele><time>2021-12-12T15:57:43Z</time></trkpt>
<trkpt lat="37.076731" lon="-121.892659"><ele>529.5</ele><time>2021-12-12T15:57:46Z</time></trkpt>
<trkpt lat="37.076724" lon="-121.892745"><ele>522.3</ele><time>2021-12-12T15:57:47Z</time></trkpt>
<trkpt lat="37.076814" lon="-121.892997"><ele>518.0</ele><time>2021-12-12T15:57:50Z</time></trkpt>
<trkpt lat="37.076927" lon="-121.893206"><ele>516.9</ele><time>2021-12-12T15:57:53Z</time></trkpt>
<trkpt lat="37.076850" lon="-121.893445"><ele>515.7</ele><time>2021-12-12T15:57:57Z</time></trkpt>
<trkpt lat="37.076876" lon="-121.893490"><ele>515.5</ele><time>2021-12-12T15:57:58Z</time></trkpt>
<trkpt lat="37.076987" lon="-121.893539"><ele>514.8</ele><time>2021-12-12T15:57:59Z</time></trkpt>
<trkpt lat="37.076921" lon="-121.893670"><ele>514.1</ele><time>2021-12-12T15:58:01Z</time></trkpt>
<trkpt lat="37.076966" lon="-121.893811"><ele>513.5</ele><time>2021-12-12T15:58:04Z</time></trkpt>
<trkpt lat="37.077089" lon="-121.893899"><ele>512.8</ele><time>2021-12-12T15:58:06Z</time></trkpt>
<trkpt lat="37.077107" lon="-121.893994"><ele>512.5</ele><time>2021-12-12T15:58:08Z</time></trkpt>
<trkpt lat="37.077222" lon="-121.894195"><ele>512.0</ele><time>2021-12-12T15:58:12Z</time></trkpt>
<trkpt lat="37.077381" lon="-121.894312"><ele>511.8</ele><time>2021-12-12T15:58:16Z</time></trkpt>
<trkpt lat="37.077350" lon="-121.894445"><ele>511.8</ele><time>2021-12-12T15:58:18Z</time></trkpt>
<trkpt lat="37.077372" lon="-121.894489"><ele>511.8</ele><time>2021-12-12T15:58:20Z</time></trkpt>
<trkpt lat="37.077084" lon="-121.894590"><ele>511.6</ele><time>2021-12-12T15:59:21Z</time></trkpt>
<trkpt lat="37.077224" lon="-121.894675"><ele>511.3</ele><time>2021-12-12T15:59:27Z</time></trkpt>
<trkpt lat="37.077133" lon="-121.894849"><ele>510.8</ele><time>2021-12-12T15:59:33Z</time></trkpt>
<trkpt lat="37.077135" lon="-121.894903"><ele>510.7</ele><time>2021-12-12T15:59:35Z</time></trkpt>
<trkpt lat="37.077174" lon="-121.894909"><ele>510.6</ele><time>2021-12-12T15:59:36Z</time></trkpt>
<trkpt lat="37.077216" lon="-121.894852"><ele>510.9</ele><time>2021-12-12T15:59:37Z</time></trkpt>
<trkpt lat="37.077322" lon="-121.894629"><ele>509.0</ele><time>2021-12-12T15:59:40Z</time></trkpt>
<trkpt lat="37.077340" lon="-121.894459"><ele>507.9</ele><time>2021-12-12T15:59:42Z</time></trkpt>
<trkpt lat="37.077232" lon="-121.894182"><ele>506.3</ele><time>2021-12-12T15:59:45Z</time></trkpt>
<trkpt lat="37.077338" lon="-121.894112"><ele>505.7</ele><time>2021-12-12T15:59:46Z</time></trkpt>
<trkpt lat="37.077239" lon="-121.893833"><ele>504.7</ele><time>2021-12-12T15:59:49Z</time></trkpt>
<trkpt lat="37.077132" lon="-121.893689"><ele>504.3</ele><time>2021-12-12T15:59:52Z</time></trkpt>
<trkpt lat="37.077109" lon="-121.893557"><ele>504.0</ele><time>2021-12-12T15:59:54Z</time></trkpt>
<trkpt lat="37.077131" lon="-121.893517"><ele>503.8</ele><time>2021-12-12T15:59:55Z</time></trkpt>
<trkpt lat="37.077209" lon="-121.893513"><ele>503.6</ele><time>2021-12-12T15:59:56Z</time></trkpt>
<trkpt lat="37.077259" lon="-121.893354"><ele>503.2</ele><time>2021-12-12T15:59:58Z</time></trkpt>
<trkpt lat="37.077341" lon="-121.893278"><ele>502.9</ele><time>2021-12-12T16:00:01Z</time></trkpt>
<trkpt lat="37.077349" lon="-121.893042"><ele>502.4</ele><time>2021-12-12T16:00:04Z</time></trkpt>
<trkpt lat="37.077303" lon="-121.892881"><ele>502.0</ele><time>2021-12-12T16:00:05Z</time></trkpt>
<trkpt lat="37.077326" lon="-121.892726"><ele>501.7</ele><time>2021-12-12T16:00:07Z</time></trkpt>
<trkpt lat="37.077584" lon="-121.892388"><ele>500.5</ele><time>2021-12-12T16:00:13Z</time></trkpt>
<trkpt lat="37.077656" lon="-121.892218"><ele>499.0</ele><time>2021-12-12T16:00:16Z</time></trkpt>
<trkpt lat="37.077708" lon="-121.892261"><ele>498.3</ele><time>2021-12-12T16:00:17Z</time></trkpt>
<trkpt lat="37.077778" lon="-121.892483"><ele>496.1</ele><time>2021-12-12T16:00:20Z</time></trkpt>
<trkpt lat="37.077830" lon="-121.892438"><ele>495.5</ele><time>2021-12-12T16:00:21Z</time></trkpt>
<trkpt lat="37.077879" lon="-121.892364"><ele>494.7</ele><time>2021-12-12T16:00:22Z</time></trkpt>
<trkpt lat="37.077991" lon="-121.892025"><ele>491.7</ele><time>2021-12-12T16:00:25Z</time></trkpt>
<trkpt lat="37.077935" lon="-121.891998"><ele>491.1</ele><time>2021-12-12T16:00:26Z</time></trkpt>
<trkpt lat="37.077898" lon="-121.892123"><ele>490.0</ele><time>2021-12-12T16:00:28Z</time></trkpt>
<trkpt lat="37.078004" lon="-121.892239"><ele>488.5</ele><time>2021-12-12T16:00:29Z</time></trkpt>
<trkpt lat="37.078050" lon="-121.892369"><ele>487.4</ele><time>2021-12-12T16:00:30Z</time></trkpt>
<trkpt lat="37.077990" lon="-121.892582"><ele>485.9</ele><time>2021-12-12T16:00:32Z</time></trkpt>
<trkpt lat="37.078041" lon="-121.892579"><ele>485.5</ele><time>2021-12-12T16:00:33Z</time></trkpt>
<trkpt lat="37.078137" lon="-121.892488"><ele>484.6</ele><time>2021-12-12T16:00:34Z</time></trkpt>
<trkpt lat="37.078163" lon="-121.892199"><ele>482.4</ele><time>2021-12-12T16:00:38Z</time></trkpt>
<trkpt lat="37.078256" lon="-121.892040"><ele>480.6</ele><time>2021-12-12T16:00:40Z</time></trkpt>
<trkpt lat="37.078244" lon="-121.891930"><ele>479.5</ele><time>2021-12-12T16:00:42Z</time></trkpt>
<trkpt lat="37.078402" lon="-121.892167"><ele>476.5</ele><time>2021-12-12T16:00:44Z</time></trkpt>
<trkpt lat="37.078373" lon="-121.892258"><ele>475.6</ele><time>2021-12-12T16:00:45Z</time></trkpt>
<trkpt lat="37.078415" lon="-121.892310"><ele>474.9</ele><time>2021-12-12T16:00:46Z</time></trkpt>
<trkpt lat="37.078484" lon="-121.892284"><ele>474.1</ele><time>2021-12-12T16:00:47Z</time></trkpt>
<trkpt lat="37.078594" lon="-121.892167"><ele>472.7</ele><time>2021-12-12T16:00:48Z</time></trkpt>
<trkpt lat="37.078547" lon="-121.892013"><ele>471.6</ele><time>2021-12-12T16:00:49Z</time></trkpt>
<trkpt lat="37.078553" lon="-121.891913"><ele>471.0</ele><time>2021-12-12T16:00:51Z</time></trkpt>
<trkpt lat="37.078702" lon="-121.892020"><ele>469.6</ele><time>2021-12-12T16:00:53Z</time></trkpt>
<trkpt lat="37.078777" lon="-121.892258"><ele>468.3</ele><time>2021-12-12T16:00:56Z</time></trkpt>
<trkpt lat="37.078758" lon="-121.892387"><ele>467.8</ele><time>2021-12-12T16:00:59Z</time></trkpt>
<trkpt lat="37.078791" lon="-121.892788"><ele>466.7</ele><time>2021-12-12T16:01:05Z</time></trkpt>
<trkpt lat="37.078747" lon="-121.892961"><ele>466.2</ele><time>2021-12-12T16:01:07Z</time></trkpt>
<trkpt lat="37.078774" lon="-121.893099"><ele>465.6</ele><time>2021-12-12T16:01:09Z</time></trkpt>
<trkpt lat="37.078747" lon="-121.893127"><ele>465.4</ele><time>2021-12-12T16:01:10Z</time></trkpt>
<trkpt lat="37.078749" lon="-121.893342"><ele>464.4</ele><time>2021-12-12T16:01:13Z</time></trkpt>
<trkpt lat="37.078702" lon="-121.893497"><ele>463.4</ele><time>2021-12-12T16:01:14Z</time></trkpt>
<trkpt lat="37.078738" lon="-121.893799"><ele>460.5</ele><time>2021-12-12T16:01:19Z</time></trkpt>
<trkpt lat="37.078808" lon="-121.893819"><ele>459.6</ele><time>2021-12-12T16:01:21Z</time></trkpt>
<trkpt lat="37.078850" lon="-121.893776"><ele>459.1</ele><time>2021-12-12T16:01:22Z</time></trkpt>
<trkpt lat="37.078945" lon="-121.893544"><ele>457.4</ele><time>2021-12-12T16:01:25Z</time></trkpt>
<trkpt lat="37.078865" lon="-121.893382"><ele>456.5</ele><time>2021-12-12T16:01:26Z</time></trkpt>
<trkpt lat="37.078836" lon="-121.893193"><ele>455.6</ele><time>2021-12-12T16:01:28Z</time></trkpt>
<trkpt lat="37.078904" lon="-121.892992"><ele>454.6</ele><time>2021-12-12T16:01:30Z</time></trkpt>
<trkpt lat="37.078951" lon="-121.892976"><ele>454.2</ele><time>2021-12-12T16:01:31Z</time></trkpt>
<trkpt lat="37.078981" lon="-121.892830"><ele>453.2</ele><time>2021-12-12T16:01:34Z</time></trkpt>
<trkpt lat="37.079062" lon="-121.892911"><ele>452.4</ele><time>2021-12-12T16:01:35Z</time></trkpt>
<trkpt lat="37.079073" lon="-121.893072"><ele>451.2</ele><time>2021-12-12T16:01:37Z</time></trkpt>
<trkpt lat="37.079137" lon="-121.893272"><ele>449.5</ele><time>2021-12-12T16:01:39Z</time></trkpt>
<trkpt lat="37.079114" lon="-121.893623"><ele>447.2</ele><time>2021-12-12T16:01:45Z</time></trkpt>
<trkpt lat="37.079153" lon="-121.893799"><ele>446.2</ele><time>2021-12-12T16:01:47Z</time></trkpt>
<trkpt lat="37.079094" lon="-121.893911"><ele>445.5</ele><time>2021-12-12T16:01:49Z</time></trkpt>
<trkpt lat="37.079107" lon="-121.893955"><ele>445.3</ele><time>2021-12-12T16:01:50Z</time></trkpt>
<trkpt lat="37.079143" lon="-121.893931"><ele>445.1</ele><time>2021-12-12T16:01:51Z</time></trkpt>
<trkpt lat="37.079117" lon="-121.893880"><ele>444.9</ele><time>2021-12-12T16:01:52Z</time></trkpt>
<trkpt lat="37.079279" lon="-121.893612"><ele>443.8</ele><time>2021-12-12T16:01:55Z</time></trkpt>
<trkpt lat="37.079337" lon="-121.893388"><ele>442.8</ele><time>2021-12-12T16:01:58Z</time></trkpt>
<trkpt lat="37.079309" lon="-121.893342"><ele>442.4</ele><time>2021-12-12T16:01:59Z</time></trkpt>
<trkpt lat="37.079339" lon="-121.893254"><ele>441.9</ele><time>2021-12-12T16:02:01Z</time></trkpt>
<trkpt lat="37.079298" lon="-121.893298"><ele>441.4</ele><time>2021-12-12T16:02:03Z</time></trkpt>
<trkpt lat="37.079381" lon="-121.893655"><ele>439.1</ele><time>2021-12-12T16:02:09Z</time></trkpt>
<trkpt lat="37.079385" lon="-121.893876"><ele>437.9</ele><time>2021-12-12T16:02:12Z</time></trkpt>
<trkpt lat="37.079427" lon="-121.894029"><ele>437.1</ele><time>2021-12-12T16:02:14Z</time></trkpt>
<trkpt lat="37.079397" lon="-121.894100"><ele>436.6</ele><time>2021-12-12T16:02:15Z</time></trkpt>
<trkpt lat="37.079424" lon="-121.894258"><ele>435.8</ele><time>2021-12-12T16:02:17Z</time></trkpt>
<trkpt lat="37.079471" lon="-121.894298"><ele>435.4</ele><time>2021-12-12T16:02:18Z</time></trkpt>
<trkpt lat="37.079551" lon="-121.894155"><ele>434.6</ele><time>2021-12-12T16:02:20Z</time></trkpt>
<trkpt lat="37.079536" lon="-121.893983"><ele>433.8</ele><time>2021-12-12T16:02:22Z</time></trkpt>
<trkpt lat="37.079565" lon="-121.893930"><ele>433.5</ele><time>2021-12-12T16:02:23Z</time></trkpt>
<trkpt lat="37.079522" lon="-121.893763"><ele>434.3</ele><time>2021-12-12T16:02:26Z</time></trkpt>
<trkpt lat="37.079561" lon="-121.893706"><ele>433.3</ele><time>2021-12-12T16:02:27Z</time></trkpt>
<trkpt lat="37.079575" lon="-121.893592"><ele>435.4</ele><time>2021-12-12T16:02:30Z</time></trkpt>
<trkpt lat="37.079695" lon="-121.894036"><ele>430.9</ele><time>2021-12-12T16:02:36Z</time></trkpt>
<trkpt lat="37.079753" lon="-121.894095"><ele>430.3</ele><time>2021-12-12T16:02:37Z</time></trkpt>
<trkpt lat="37.079829" lon="-121.894104"><ele>429.7</ele><time>2021-12-12T16:02:38Z</time></trkpt>
<trkpt lat="37.079853" lon="-121.894202"><ele>429.1</ele><time>2021-12-12T16:02:39Z</time></trkpt>
<trkpt lat="37.079867" lon="-121.894494"><ele>427.6</ele><time>2021-12-12T16:02:42Z</time></trkpt>
<trkpt lat="37.079848" lon="-121.894548"><ele>427.4</ele><time>2021-12-12T16:02:43Z</time></trkpt>
<trkpt lat="37.079734" lon="-121.894570"><ele>426.8</ele><time>2021-12-12T16:02:45Z</time></trkpt>
<trkpt lat="37.079668" lon="-121.894659"><ele>426.4</ele><time>2021-12-12T16:02:50Z</time></trkpt>
<trkpt lat="37.079856" lon="-121.894717"><ele>425.8</ele><time>2021-12-12T16:02:53Z</time></trkpt>
<trkpt lat="37.079936" lon="-121.895013"><ele>425.0</ele><time>2021-12-12T16:02:56Z</time></trkpt>
<trkpt lat="37.079922" lon="-121.895106"><ele>424.7</ele><time>2021-12-12T16:02:59Z</time></trkpt>
<trkpt lat="37.079902" lon="-121.895057"><ele>424.6</ele><time>2021-12-12T16:03:04Z</time></trkpt>
<trkpt lat="37.079872" lon="-121.895068"><ele>424.5</ele><time>2021-12-12T16:03:06Z</time></trkpt>
<trkpt lat="37.079909" lon="-121.895084"><ele>424.4</ele><time>2021-12-12T16:03:47Z</time></trkpt>
<trkpt lat="37.079868" lon="-121.895130"><ele>424.3</ele><time>2021-12-12T16:03:54Z</time></trkpt>
<trkpt lat="37.079916" lon="-121.895290"><ele>423.9</ele><time>2021-12-12T16:04:03Z</time></trkpt>
<trkpt lat="37.079763" lon="-121.895426"><ele>423.1</ele><time>2021-12-12T16:04:08Z</time></trkpt>
<trkpt lat="37.079729" lon="-121.895526"><ele>422.6</ele><time>2021-12-12T16:04:10Z</time></trkpt>
<trkpt lat="37.079729" lon="-121.895683"><ele>421.7</ele><time>2021-12-12T16:04:11Z</time></trkpt>
<trkpt lat="37.079811" lon="-121.895740"><ele>421.0</ele><time>2021-12-12T16:04:12Z</time></trkpt>
<trkpt lat="37.079824" lon="-121.895833"><ele>420.5</ele><time>2021-12-12T16:04:13Z</time></trkpt>
<trkpt lat="37.079864" lon="-121.895861"><ele>420.2</ele><time>2021-12-12T16:04:15Z</time></trkpt>
<trkpt lat="37.079876" lon="-121.895812"><ele>420.0</ele><time>2021-12-12T16:04:16Z</time></trkpt>
<trkpt lat="37.079828" lon="-121.895679"><ele>419.3</ele><time>2021-12-12T16:04:17Z</time></trkpt>
<trkpt lat="37.079834" lon="-121.895606"><ele>418.9</ele><time>2021-12-12T16:04:19Z</time></trkpt>
<trkpt lat="37.079883" lon="-121.895584"><ele>418.6</ele><time>2021-12-12T16:04:21Z</time></trkpt>
<trkpt lat="37.079844" lon="-121.895665"><ele>418.1</ele><time>2021-12-12T16:04:23Z</time></trkpt>
<trkpt lat="37.079940" lon="-121.895855"><ele>416.8</ele><time>2021-12-12T16:04:27Z</time></trkpt>
<trkpt lat="37.079901" lon="-121.895936"><ele>416.1</ele><time>2021-12-12T16:04:29Z</time></trkpt>
<trkpt lat="37.079923" lon="-121.896087"><ele>415.1</ele><time>2021-12-12T16:04:32Z</time></trkpt>
<trkpt lat="37.080158" lon="-121.896176"><ele>413.3</ele><time>2021-12-12T16:04:35Z</time></trkpt>
<trkpt lat="37.080198" lon="-121.896348"><ele>412.7</ele><time>2021-12-12T16:04:38Z</time></trkpt>
<trkpt lat="37.080317" lon="-121.896595"><ele>412.3</ele><time>2021-12-12T16:04:45Z</time></trkpt>
<trkpt lat="37.080254" lon="-121.896731"><ele>412.3</ele><time>2021-12-12T16:04:48Z</time></trkpt>
<trkpt lat="37.080308" lon="-121.896804"><ele>412.3</ele><time>2021-12-12T16:04:50Z</time></trkpt>
<trkpt lat="37.080293" lon="-121.897030"><ele>412.3</ele><time>2021-12-12T16:04:54Z</time></trkpt>
<trkpt lat="37.080417" lon="-121.897266"><ele>412.0</ele><time>2021-12-12T16:05:00Z</time></trkpt>
<trkpt lat="37.080411" lon="-121.897323"><ele>412.0</ele><time>2021-12-12T16:05:01Z</time></trkpt>
<trkpt lat="37.080238" lon="-121.897453"><ele>411.6</ele><time>2021-12-12T16:05:04Z</time></trkpt>
<trkpt lat="37.080219" lon="-121.897565"><ele>411.5</ele><time>2021-12-12T16:05:08Z</time></trkpt>
<trkpt lat="37.080140" lon="-121.897577"><ele>411.4</ele><time>2021-12-12T16:05:09Z</time></trkpt>
<trkpt lat="37.080058" lon="-121.897685"><ele>411.2</ele><time>2021-12-12T16:05:16Z</time></trkpt>
<trkpt lat="37.080066" lon="-121.897728"><ele>411.2</ele><time>2021-12-12T16:05:17Z</time></trkpt>
<trkpt lat="37.080043" lon="-121.897703"><ele>411.1</ele><time>2021-12-12T16:05:18Z</time></trkpt>
<trkpt lat="37.079999" lon="-121.897764"><ele>411.1</ele><time>2021-12-12T16:05:23Z</time></trkpt>
<trkpt lat="37.080049" lon="-121.897730"><ele>411.1</ele><time>2021-12-12T16:15:10Z</time></trkpt>
<trkpt lat="37.080076" lon="-121.897660"><ele>411.1</ele><time>2021-12-12T16:15:12Z</time></trkpt>
<trkpt lat="37.080021" lon="-121.897641"><ele>411.1</ele><time>2021-12-12T16:15:16Z</time></trkpt>
<trkpt lat="37.080002" lon="-121.897555"><ele>411.2</ele><time>2021-12-12T16:15:21Z</time></trkpt>
<trkpt lat="37.080087" lon="-121.897600"><ele>411.4</ele><time>2021-12-12T16:16:38Z</time></trkpt>
<trkpt lat="37.080034" lon="-121.897589"><ele>411.6</ele><time>2021-12-12T16:16:45Z</time></trkpt>
<trkpt lat="37.079935" lon="-121.897483"><ele>412.2</ele><time>2021-12-12T16:17:03Z</time></trkpt>
<trkpt lat="37.079965" lon="-121.897447"><ele>412.4</ele><time>2021-12-12T16:17:06Z</time></trkpt>
<trkpt lat="37.080046" lon="-121.897502"><ele>412.8</ele><time>2021-12-12T16:17:22Z</time></trkpt>
<trkpt lat="37.080079" lon="-121.897669"><ele>413.1</ele><time>2021-12-12T16:17:27Z</time></trkpt>
<trkpt lat="37.080054" lon="-121.897746"><ele>412.9</ele><time>2021-12-12T16:17:29Z</time></trkpt>
<trkpt lat="37.080016" lon="-121.897770"><ele>412.7</ele><time>2021-12-12T16:17:30Z</time></trkpt>
<trkpt lat="37.079993" lon="-121.897886"><ele>412.2</ele><time>2021-12-12T16:17:33Z</time></trkpt>
<trkpt lat="37.080016" lon="-121.897934"><ele>412.0</ele><time>2021-12-12T16:17:34Z</time></trkpt>
<trkpt lat="37.079829" lon="-121.898650"><ele>409.0</ele><time>2021-12-12T16:17:41Z</time></trkpt>
<trkpt lat="37.080055" lon="-121.898312"><ele>406.5</ele><time>2021-12-12T16:17:44Z</time></trkpt>
<trkpt lat="37.080308" lon="-121.898137"><ele>404.4</ele><time>2021-12-12T16:17:48Z</time></trkpt>
<trkpt lat="37.080406" lon="-121.898202"><ele>403.6</ele><time>2021-12-12T16:17:50Z</time></trkpt>
<trkpt lat="37.080349" lon="-121.898574"><ele>400.5</ele><time>2021-12-12T16:17:52Z</time></trkpt>
<trkpt lat="37.080315" lon="-121.898595"><ele>400.1</ele><time>2021-12-12T16:17:53Z</time></trkpt>
<trkpt lat="37.080344" lon="-121.898467"><ele>398.8</ele><time>2021-12-12T16:17:54Z</time></trkpt>
<trkpt lat="37.080447" lon="-121.898470"><ele>397.5</ele><time>2021-12-12T16:17:55Z</time></trkpt>
<trkpt lat="37.080490" lon="-121.898625"><ele>395.9</ele><time>2021-12-12T16:17:56Z</time></trkpt>
<trkpt lat="37.080339" lon="-121.898777"><ele>393.8</ele><time>2021-12-12T16:17:58Z</time></trkpt>
<trkpt lat="37.080419" lon="-121.898871"><ele>393.0</ele><time>2021-12-12T16:17:59Z</time></trkpt>
<trkpt lat="37.080370" lon="-121.898980"><ele>392.2</ele><time>2021-12-12T16:18:00Z</time></trkpt>
<trkpt lat="37.080154" lon="-121.899130"><ele>390.2</ele><time>2021-12-12T16:18:04Z</time></trkpt>
<trkpt lat="37.080107" lon="-121.899178"><ele>389.6</ele><time>2021-12-12T16:18:05Z</time></trkpt>
<trkpt lat="37.080112" lon="-121.899214"><ele>389.4</ele><time>2021-12-12T16:18:06Z</time></trkpt>
<trkpt lat="37.080245" lon="-121.899161"><ele>388.1</ele><time>2021-12-12T16:18:08Z</time></trkpt>
<trkpt lat="37.080349" lon="-121.899039"><ele>388.7</ele><time>2021-12-12T16:18:09Z</time></trkpt>
<trkpt lat="37.080496" lon="-121.899059"><ele>385.9</ele><time>2021-12-12T16:18:10Z</time></trkpt>
<trkpt lat="37.080616" lon="-121.898997"><ele>384.9</ele><time>2021-12-12T16:18:12Z</time></trkpt>
<trkpt lat="37.080711" lon="-121.898601"><ele>382.3</ele><time>2021-12-12T16:18:17Z</time></trkpt>
<trkpt lat="37.080936" lon="-121.898195"><ele>380.8</ele><time>2021-12-12T16:18:22Z</time></trkpt>
<trkpt lat="37.080973" lon="-121.898181"><ele>380.7</ele><time>2021-12-12T16:18:23Z</time></trkpt>
<trkpt lat="37.081023" lon="-121.897967"><ele>380.0</ele><time>2021-12-12T16:18:26Z</time></trkpt>
<trkpt lat="37.081020" lon="-121.897829"><ele>379.6</ele><time>2021-12-12T16:18:28Z</time></trkpt>
<trkpt lat="37.081183" lon="-121.897580"><ele>378.7</ele><time>2021-12-12T16:18:32Z</time></trkpt>
<trkpt lat="37.081173" lon="-121.897523"><ele>378.4</ele><time>2021-12-12T16:18:33Z</time></trkpt>
<trkpt lat="37.081252" lon="-121.897380"><ele>377.5</ele><time>2021-12-12T16:18:35Z</time></trkpt>
<trkpt lat="37.081374" lon="-121.897027"><ele>375.3</ele><time>2021-12-12T16:18:39Z</time></trkpt>
<trkpt lat="37.081376" lon="-121.896883"><ele>374.1</ele><time>2021-12-12T16:18:41Z</time></trkpt>
<trkpt lat="37.081245" lon="-121.896613"><ele>371.9</ele><time>2021-12-12T16:18:47Z</time></trkpt>
<trkpt lat="37.081093" lon="-121.896454"><ele>370.8</ele><time>2021-12-12T16:18:51Z</time></trkpt>
<trkpt lat="37.081045" lon="-121.896294"><ele>370.1</ele><time>2021-12-12T16:18:53Z</time></trkpt>
<trkpt lat="37.081065" lon="-121.896191"><ele>369.8</ele><time>2021-12-12T16:18:55Z</time></trkpt>
<trkpt lat="37.081188" lon="-121.896145"><ele>369.4</ele><time>2021-12-12T16:18:58Z</time></trkpt>
<trkpt lat="37.081286" lon="-121.896189"><ele>368.8</ele><time>2021-12-12T16:19:00Z</time></trkpt>
<trkpt lat="37.081387" lon="-121.896397"><ele>367.0</ele><time>2021-12-12T16:19:02Z</time></trkpt>
<trkpt lat="37.081417" lon="-121.896569"><ele>365.6</ele><time>2021-12-12T16:19:04Z</time></trkpt>
<trkpt lat="37.081572" lon="-121.896572"><ele>364.4</ele><time>2021-12-12T16:19:05Z</time></trkpt>
<trkpt lat="37.081648" lon="-121.896512"><ele>363.7</ele><time>2021-12-12T16:19:06Z</time></trkpt>
<trkpt lat="37.081690" lon="-121.896542"><ele>363.3</ele><time>2021-12-12T16:19:07Z</time></trkpt>
<trkpt lat="37.081705" lon="-121.896647"><ele>362.5</ele><time>2021-12-12T16:19:08Z</time></trkpt>
<trkpt lat="37.081653" lon="-121.896762"><ele>361.6</ele><time>2021-12-12T16:19:09Z</time></trkpt>
<trkpt lat="37.081760" lon="-121.896872"><ele>360.4</ele><time>2021-12-12T16:19:12Z</time></trkpt>
<trkpt lat="37.081752" lon="-121.896934"><ele>360.0</ele><time>2021-12-12T16:19:13Z</time></trkpt>
<trkpt lat="37.081788" lon="-121.897001"><ele>359.5</ele><time>2021-12-12T16:19:15Z</time></trkpt>
<trkpt lat="37.081772" lon="-121.897092"><ele>358.8</ele><time>2021-12-12T16:19:16Z</time></trkpt>
<trkpt lat="37.081731" lon="-121.897139"><ele>358.4</ele><time>2021-12-12T16:19:17Z</time></trkpt>
<trkpt lat="37.081903" lon="-121.897414"><ele>356.1</ele><time>2021-12-12T16:19:21Z</time></trkpt>
<trkpt lat="37.081880" lon="-121.897520"><ele>355.4</ele><time>2021-12-12T16:19:22Z</time></trkpt>
<trkpt lat="37.081898" lon="-121.897554"><ele>355.2</ele><time>2021-12-12T16:19:23Z</time></trkpt>
<trkpt lat="37.082084" lon="-121.897631"><ele>354.0</ele><time>2021-12-12T16:19:26Z</time></trkpt>
<trkpt lat="37.082152" lon="-121.897792"><ele>352.8</ele><time>2021-12-12T16:19:28Z</time></trkpt>
<trkpt lat="37.082124" lon="-121.897878"><ele>352.2</ele><time>2021-12-12T16:19:29Z</time></trkpt>
<trkpt lat="37.082488" lon="-121.898077"><ele>339.2</ele><time>2021-12-12T16:19:30Z</time></trkpt>
<trkpt lat="37.082358" lon="-121.898143"><ele>340.3</ele><time>2021-12-12T16:19:32Z</time></trkpt>
<trkpt lat="37.082303" lon="-121.898330"><ele>335.5</ele><time>2021-12-12T16:19:35Z</time></trkpt>
<trkpt lat="37.082168" lon="-121.898354"><ele>340.4</ele><time>2021-12-12T16:19:37Z</time></trkpt>
<trkpt lat="37.082129" lon="-121.898330"><ele>342.6</ele><time>2021-12-12T16:19:38Z</time></trkpt>
<trkpt lat="37.082115" lon="-121.898260"><ele>344.7</ele><time>2021-12-12T16:19:39Z</time></trkpt>
<trkpt lat="37.082148" lon="-121.898178"><ele>345.7</ele><time>2021-12-12T16:19:40Z</time></trkpt>
<trkpt lat="37.082204" lon="-121.898182"><ele>345.2</ele><time>2021-12-12T16:19:41Z</time></trkpt>
<trkpt lat="37.082179" lon="-121.897983"><ele>343.9</ele><time>2021-12-12T16:19:43Z</time></trkpt>
<trkpt lat="37.082201" lon="-121.897855"><ele>343.1</ele><time>2021-12-12T16:19:45Z</time></trkpt>
<trkpt lat="37.082266" lon="-121.897806"><ele>342.5</ele><time>2021-12-12T16:19:46Z</time></trkpt>
<trkpt lat="37.082383" lon="-121.897958"><ele>341.2</ele><time>2021-12-12T16:19:47Z</time></trkpt>
<trkpt lat="37.082256" lon="-121.898168"><ele>340.0</ele><time>2021-12-12T16:19:48Z</time></trkpt>
<trkpt lat="37.082153" lon="-121.898241"><ele>339.3</ele><time>2021-12-12T16:19:49Z</time></trkpt>
<trkpt lat="37.082090" lon="-121.898200"><ele>338.8</ele><time>2021-12-12T16:19:50Z</time></trkpt>
<trkpt lat="37.082064" lon="-121.898253"><ele>338.5</ele><time>2021-12-12T16:19:51Z</time></trkpt>
<trkpt lat="37.082131" lon="-121.898516"><ele>337.0</ele><time>2021-12-12T16:19:54Z</time></trkpt>
<trkpt lat="37.082076" lon="-121.898529"><ele>336.7</ele><time>2021-12-12T16:19:55Z</time></trkpt>
<trkpt lat="37.082070" lon="-121.898643"><ele>336.1</ele><time>2021-12-12T16:19:57Z</time></trkpt>
<trkpt lat="37.081967" lon="-121.898870"><ele>335.0</ele><time>2021-12-12T16:20:01Z</time></trkpt>
<trkpt lat="37.082015" lon="-121.899114"><ele>334.0</ele><time>2021-12-12T16:20:04Z</time></trkpt>
<trkpt lat="37.082000" lon="-121.899345"><ele>333.3</ele><time>2021-12-12T16:20:07Z</time></trkpt>
<trkpt lat="37.082067" lon="-121.899485"><ele>332.9</ele><time>2021-12-12T16:20:09Z</time></trkpt>
<trkpt lat="37.081976" lon="-121.899873"><ele>332.4</ele><time>2021-12-12T16:20:15Z</time></trkpt>
<trkpt lat="37.082047" lon="-121.900191"><ele>332.5</ele><time>2021-12-12T16:20:20Z</time></trkpt>
<trkpt lat="37.081887" lon="-121.900399"><ele>332.6</ele><time>2021-12-12T16:20:28Z</time></trkpt>
<trkpt lat="37.081917" lon="-121.900423"><ele>332.6</ele><time>2021-12-12T16:20:32Z</time></trkpt>
<trkpt lat="37.081923" lon="-121.900522"><ele>332.5</ele><time>2021-12-12T16:21:27Z</time></trkpt>
<trkpt lat="37.081798" lon="-121.900651"><ele>332.2</ele><time>2021-12-12T16:21:48Z</time></trkpt>
<trkpt lat="37.081850" lon="-121.900662"><ele>332.1</ele><time>2021-12-12T16:21:51Z</time></trkpt>
<trkpt lat="37.081808" lon="-121.900702"><ele>331.9</ele><time>2021-12-12T16:21:52Z</time></trkpt>
<trkpt lat="37.081957" lon="-121.900947"><ele>329.9</ele><time>2021-12-12T16:21:57Z</time></trkpt>
<trkpt lat="37.081998" lon="-121.901204"><ele>327.6</ele><time>2021-12-12T16:22:00Z</time></trkpt>
<trkpt lat="37.081946" lon="-121.901790"><ele>323.1</ele><time>2021-12-12T16:22:05Z</time></trkpt>
<trkpt lat="37.082023" lon="-121.901886"><ele>322.4</ele><time>2021-12-12T16:22:06Z</time></trkpt>
<trkpt lat="37.082089" lon="-121.902177"><ele>321.3</ele><time>2021-12-12T16:22:09Z</time></trkpt>
<trkpt lat="37.082201" lon="-121.902305"><ele>320.8</ele><time>2021-12-12T16:22:11Z</time></trkpt>
<trkpt lat="37.082213" lon="-121.902398"><ele>320.5</ele><time>2021-12-12T16:22:12Z</time></trkpt>
<trkpt lat="37.082148" lon="-121.902470"><ele>320.2</ele><time>2021-12-12T16:22:13Z</time></trkpt>
<trkpt lat="37.082160" lon="-121.902537"><ele>319.9</ele><time>2021-12-12T16:22:14Z</time></trkpt>
<trkpt lat="37.082234" lon="-121.902596"><ele>319.4</ele><time>2021-12-12T16:22:15Z</time></trkpt>
<trkpt lat="37.082256" lon="-121.902800"><ele>318.4</ele><time>2021-12-12T16:22:17Z</time></trkpt>
<trkpt lat="37.082218" lon="-121.903047"><ele>317.3</ele><time>2021-12-12T16:22:20Z</time></trkpt>
<trkpt lat="37.082329" lon="-121.903181"><ele>316.6</ele><time>2021-12-12T16:22:22Z</time></trkpt>
<trkpt lat="37.082331" lon="-121.903271"><ele>316.2</ele><time>2021-12-12T16:22:23Z</time></trkpt>
<trkpt lat="37.082262" lon="-121.903348"><ele>315.7</ele><time>2021-12-12T16:22:24Z</time></trkpt>
<trkpt lat="37.082261" lon="-121.903422"><ele>315.5</ele><time>2021-12-12T16:22:25Z</time></trkpt>
<trkpt lat="37.082364" lon="-121.903567"><ele>314.9</ele><time>2021-12-12T16:22:27Z</time></trkpt>
<trkpt lat="37.082305" lon="-121.903740"><ele>314.3</ele><time>2021-12-12T16:22:30Z</time></trkpt>
<trkpt lat="37.082345" lon="-121.903794"><ele>314.0</ele><time>2021-12-12T16:22:31Z</time></trkpt>
<trkpt lat="37.082459" lon="-121.904278"><ele>311.0</ele><time>2021-12-12T16:22:36Z</time></trkpt>
<trkpt lat="37.082501" lon="-121.904352"><ele>310.6</ele><time>2021-12-12T16:22:37Z</time></trkpt>
<trkpt lat="37.082550" lon="-121.904348"><ele>310.4</ele><time>2021-12-12T16:22:38Z</time></trkpt>
<trkpt lat="37.082579" lon="-121.904223"><ele>309.9</ele><time>2021-12-12T16:22:39Z</time></trkpt>
<trkpt lat="37.082579" lon="-121.904130"><ele>309.4</ele><time>2021-12-12T16:22:40Z</time></trkpt>
<trkpt lat="37.082524" lon="-121.904041"><ele>308.8</ele><time>2021-12-12T16:22:41Z</time></trkpt>
<trkpt lat="37.082562" lon="-121.903859"><ele>307.7</ele><time>2021-12-12T16:22:43Z</time></trkpt>
<trkpt lat="37.082549" lon="-121.903807"><ele>307.4</ele><time>2021-12-12T16:22:44Z</time></trkpt>
<trkpt lat="37.082608" lon="-121.903718"><ele>306.7</ele><time>2021-12-12T16:22:45Z</time></trkpt>
<trkpt lat="37.082662" lon="-121.903704"><ele>306.4</ele><time>2021-12-12T16:22:46Z</time></trkpt>
<trkpt lat="37.082724" lon="-121.903554"><ele>305.6</ele><time>2021-12-12T16:22:48Z</time></trkpt>
<trkpt lat="37.082841" lon="-121.903392"><ele>304.5</ele><time>2021-12-12T16:22:51Z</time></trkpt>
<trkpt lat="37.082974" lon="-121.903578"><ele>303.1</ele><time>2021-12-12T16:22:54Z</time></trkpt>
<trkpt lat="37.082975" lon="-121.903716"><ele>302.2</ele><time>2021-12-12T16:22:55Z</time></trkpt>
<trkpt lat="37.082902" lon="-121.903870"><ele>300.8</ele><time>2021-12-12T16:22:57Z</time></trkpt>
<trkpt lat="37.082901" lon="-121.903954"><ele>300.2</ele><time>2021-12-12T16:22:58Z</time></trkpt>
<trkpt lat="37.082961" lon="-121.904063"><ele>299.2</ele><time>2021-12-12T16:22:59Z</time></trkpt>
<trkpt lat="37.082941" lon="-121.904147"><ele>298.6</ele><time>2021-12-12T16:23:00Z</time></trkpt>
<trkpt lat="37.082820" lon="-121.904286"><ele>297.6</ele><time>2021-12-12T16:23:03Z</time></trkpt>
<trkpt lat="37.082826" lon="-121.904345"><ele>297.3</ele><time>2021-12-12T16:23:04Z</time></trkpt>
<trkpt lat="37.082875" lon="-121.904355"><ele>297.0</ele><time>2021-12-12T16:23:05Z</time></trkpt>
<trkpt lat="37.082881" lon="-121.904275"><ele>296.5</ele><time>2021-12-12T16:23:07Z</time></trkpt>
<trkpt lat="37.083087" lon="-121.904040"><ele>293.9</ele><time>2021-12-12T16:23:10Z</time></trkpt>
<trkpt lat="37.083149" lon="-121.903854"><ele>292.5</ele><time>2021-12-12T16:23:12Z</time></trkpt>
<trkpt lat="37.083218" lon="-121.903758"><ele>291.5</ele><time>2021-12-12T16:23:14Z</time></trkpt>
<trkpt lat="37.083264" lon="-121.903726"><ele>291.0</ele><time>2021-12-12T16:23:15Z</time></trkpt>
<trkpt lat="37.083324" lon="-121.903834"><ele>289.8</ele><time>2021-12-12T16:23:16Z</time></trkpt>
<trkpt lat="37.083376" lon="-121.904085"><ele>287.4</ele><time>2021-12-12T16:23:19Z</time></trkpt>
<trkpt lat="37.083316" lon="-121.904278"><ele>285.8</ele><time>2021-12-12T16:23:21Z</time></trkpt>
<trkpt lat="37.083158" lon="-121.904508"><ele>283.8</ele><time>2021-12-12T16:23:24Z</time></trkpt>
<trkpt lat="37.083163" lon="-121.904554"><ele>283.5</ele><time>2021-12-12T16:23:25Z</time></trkpt>
<trkpt lat="37.083337" lon="-121.904352"><ele>280.5</ele><time>2021-12-12T16:23:28Z</time></trkpt>
<trkpt lat="37.083375" lon="-121.904438"><ele>279.3</ele><time>2021-12-12T16:23:29Z</time></trkpt>
<trkpt lat="37.083361" lon="-121.904704"><ele>276.5</ele><time>2021-12-12T16:23:32Z</time></trkpt>
<trkpt lat="37.083439" lon="-121.904798"><ele>275.4</ele><time>2021-12-12T16:23:34Z</time></trkpt>
<trkpt lat="37.082998" lon="-121.905245"><ele>270.9</ele><time>2021-12-12T16:23:43Z</time></trkpt>
<trkpt lat="37.082970" lon="-121.905367"><ele>270.5</ele><time>2021-12-12T16:23:44Z</time></trkpt>
<trkpt lat="37.083005" lon="-121.905491"><ele>270.1</ele><time>2021-12-12T16:23:45Z</time></trkpt>
<trkpt lat="37.082967" lon="-121.905574"><ele>269.8</ele><time>2021-12-12T16:23:46Z</time></trkpt>
<trkpt lat="37.083011" lon="-121.905612"><ele>269.6</ele><time>2021-12-12T16:23:48Z</time></trkpt>
<trkpt lat="37.083027" lon="-121.905680"><ele>269.4</ele><time>2021-12-12T16:23:49Z</time></trkpt>
<trkpt lat="37.082997" lon="-121.905827"><ele>269.0</ele><time>2021-12-12T16:23:51Z</time></trkpt>
<trkpt lat="37.083048" lon="-121.906017"><ele>267.9</ele><time>2021-12-12T16:23:54Z</time></trkpt>
<trkpt lat="37.083176" lon="-121.906051"><ele>266.5</ele><time>2021-12-12T16:23:56Z</time></trkpt>
<trkpt lat="37.083232" lon="-121.905790"><ele>264.0</ele><time>2021-12-12T16:23:59Z</time></trkpt>
<trkpt lat="37.083198" lon="-121.905541"><ele>262.0</ele><time>2021-12-12T16:24:02Z</time></trkpt>
<trkpt lat="37.083220" lon="-121.905390"><ele>260.8</ele><time>2021-12-12T16:24:04Z</time></trkpt>
<trkpt lat="37.083498" lon="-121.905387"><ele>258.1</ele><time>2021-12-12T16:24:08Z</time></trkpt>
<trkpt lat="37.083724" lon="-121.905311"><ele>256.1</ele><time>2021-12-12T16:24:10Z</time></trkpt>
<trkpt lat="37.083803" lon="-121.905239"><ele>255.4</ele><time>2021-12-12T16:24:11Z</time></trkpt>
<trkpt lat="37.083832" lon="-121.905093"><ele>254.8</ele><time>2021-12-12T16:24:13Z</time></trkpt>
<trkpt lat="37.083890" lon="-121.905074"><ele>254.5</ele><time>2021-12-12T16:24:14Z</time></trkpt>
<trkpt lat="37.083974" lon="-121.904981"><ele>254.0</ele><time>2021-12-12T16:24:15Z</time></trkpt>
<trkpt lat="37.083969" lon="-121.904909"><ele>253.7</ele><time>2021-12-12T16:24:16Z</time></trkpt>
<trkpt lat="37.083998" lon="-121.904860"><ele>253.5</ele><time>2021-12-12T16:24:17Z</time></trkpt>
<trkpt lat="37.084193" lon="-121.904846"><ele>252.3</ele><time>2021-12-12T16:24:20Z</time></trkpt>
<trkpt lat="37.084246" lon="-121.904988"><ele>251.4</ele><time>2021-12-12T16:24:22Z</time></trkpt>
<trkpt lat="37.084388" lon="-121.905033"><ele>250.2</ele><time>2021-12-12T16:24:24Z</time></trkpt>
<trkpt lat="37.084442" lon="-121.905019"><ele>249.8</ele><time>2021-12-12T16:24:25Z</time></trkpt>
<trkpt lat="37.084518" lon="-121.904889"><ele>248.8</ele><time>2021-12-12T16:24:27Z</time></trkpt>
<trkpt lat="37.084610" lon="-121.904838"><ele>248.1</ele><time>2021-12-12T16:24:29Z</time></trkpt>
<trkpt lat="37.084811" lon="-121.904819"><ele>247.3</ele><time>2021-12-12T16:24:31Z</time></trkpt>
<trkpt lat="37.084899" lon="-121.904927"><ele>246.8</ele><time>2021-12-12T16:24:33Z</time></trkpt>
<trkpt lat="37.084954" lon="-121.904750"><ele>246.0</ele><time>2021-12-12T16:24:38Z</time></trkpt>
<trkpt lat="37.084969" lon="-121.904582"><ele>245.5</ele><time>2021-12-12T16:24:41Z</time></trkpt>
<trkpt lat="37.084947" lon="-121.904521"><ele>245.4</ele><time>2021-12-12T16:24:42Z</time></trkpt>
<trkpt lat="37.085009" lon="-121.904254"><ele>246.2</ele><time>2021-12-12T16:24:46Z</time></trkpt>
<trkpt lat="37.085009" lon="-121.904097"><ele>247.2</ele><time>2021-12-12T16:24:56Z</time></trkpt>
<trkpt lat="37.084974" lon="-121.904018"><ele>247.9</ele><time>2021-12-12T16:25:02Z</time></trkpt>
<trkpt lat="37.084991" lon="-121.903908"><ele>248.6</ele><time>2021-12-12T16:25:08Z</time></trkpt>
<trkpt lat="37.084948" lon="-121.903903"><ele>249.0</ele><time>2021-12-12T16:25:14Z</time></trkpt>
<trkpt lat="37.085031" lon="-121.903805"><ele>250.0</ele><time>2021-12-12T16:25:21Z</time></trkpt>
<trkpt lat="37.085011" lon="-121.903777"><ele>250.2</ele><time>2021-12-12T16:25:23Z</time></trkpt>
<trkpt lat="37.085040" lon="-121.903575"><ele>251.4</ele><time>2021-12-12T16:28:08Z</time></trkpt>
<trkpt lat="37.085022" lon="-121.903592"><ele>251.6</ele><time>2021-12-12T16:28:10Z</time></trkpt>
<trkpt lat="37.085013" lon="-121.903541"><ele>252.0</ele><time>2021-12-12T16:28:14Z</time></trkpt>
<trkpt lat="37.084945" lon="-121.903509"><ele>252.5</ele><time>2021-12-12T16:28:18Z</time></trkpt>
<trkpt lat="37.084977" lon="-121.903462"><ele>252.9</ele><time>2021-12-12T16:28:21Z</time></trkpt>
<trkpt lat="37.084966" lon="-121.903374"><ele>253.5</ele><time>2021-12-12T16:28:26Z</time></trkpt>
<trkpt lat="37.085066" lon="-121.903336"><ele>254.4</ele><time>2021-12-12T16:28:27Z</time></trkpt>
<trkpt lat="37.085071" lon="-121.903301"><ele>254.7</ele><time>2021-12-12T16:28:28Z</time></trkpt>
<trkpt lat="37.084977" lon="-121.902725"><ele>258.4</ele><time>2021-12-12T16:28:56Z</time></trkpt>
<trkpt lat="37.084892" lon="-121.902575"><ele>260.0</ele><time>2021-12-12T16:29:06Z</time></trkpt>
<trkpt lat="37.084772" lon="-121.902468"><ele>261.8</ele><time>2021-12-12T16:29:14Z</time></trkpt>
<trkpt lat="37.084818" lon="-121.902380"><ele>262.8</ele><time>2021-12-12T16:29:16Z</time></trkpt>
<trkpt lat="37.084771" lon="-121.902288"><ele>263.7</ele><time>2021-12-12T16:29:21Z</time></trkpt>
<trkpt lat="37.084478" lon="-121.901980"><ele>267.0</ele><time>2021-12-12T16:29:51Z</time></trkpt>
<trkpt lat="37.084461" lon="-121.901919"><ele>267.4</ele><time>2021-12-12T16:29:54Z</time></trkpt>
<trkpt lat="37.084350" lon="-121.901881"><ele>268.4</ele><time>2021-12-12T16:30:03Z</time></trkpt>
<trkpt lat="37.084400" lon="-121.901816"><ele>269.0</ele><time>2021-12-12T16:30:04Z</time></trkpt>
<trkpt lat="37.084292" lon="-121.901604"><ele>270.7</ele><time>2021-12-12T16:30:14Z</time></trkpt>
<trkpt lat="37.084186" lon="-121.901549"><ele>271.6</ele><time>2021-12-12T16:30:20Z</time></trkpt>
<trkpt lat="37.084134" lon="-121.901557"><ele>272.0</ele><time>2021-12-12T16:30:24Z</time></trkpt>
<trkpt lat="37.084142" lon="-121.901521"><ele>272.3</ele><time>2021-12-12T16:30:25Z</time></trkpt>
<trkpt lat="37.084107" lon="-121.901493"><ele>273.3</ele><time>2021-12-12T16:30:28Z</time></trkpt>
<trkpt lat="37.084016" lon="-121.901519"><ele>274.7</ele><time>2021-12-12T16:30:36Z</time></trkpt>
<trkpt lat="37.083835" lon="-121.901423"><ele>277.3</ele><time>2021-12-12T16:30:50Z</time></trkpt>
<trkpt lat="37.083766" lon="-121.901488"><ele>278.2</ele><time>2021-12-12T16:30:56Z</time></trkpt>
<trkpt lat="37.083771" lon="-121.901527"><ele>278.5</ele><time>2021-12-12T16:30:57Z</time></trkpt>
<trkpt lat="37.083828" lon="-121.901462"><ele>279.1</ele><time>2021-12-12T16:31:14Z</time></trkpt>
<trkpt lat="37.083863" lon="-121.901628"><ele>279.8</ele><time>2021-12-12T16:32:43Z</time></trkpt>
<trkpt lat="37.083824" lon="-121.901632"><ele>280.1</ele><time>2021-12-12T16:32:47Z</time></trkpt>
<trkpt lat="37.083823" lon="-121.901705"><ele>280.4</ele><time>2021-12-12T16:32:51Z</time></trkpt>
<trkpt lat="37.083905" lon="-121.901882"><ele>281.8</ele><time>2021-12-12T16:33:03Z</time></trkpt>
<trkpt lat="37.083994" lon="-121.902243"><ele>284.3</ele><time>2021-12-12T16:33:20Z</time></trkpt>
<trkpt lat="37.083945" lon="-121.902710"><ele>287.5</ele><time>2021-12-12T16:33:38Z</time></trkpt>
<trkpt lat="37.083884" lon="-121.902829"><ele>288.5</ele><time>2021-12-12T16:33:46Z</time></trkpt>
<trkpt lat="37.083797" lon="-121.902869"><ele>289.3</ele><time>2021-12-12T16:33:51Z</time></trkpt>
<trkpt lat="37.083564" lon="-121.902857"><ele>291.4</ele><time>2021-12-12T16:34:04Z</time></trkpt>
<trkpt lat="37.083456" lon="-121.902753"><ele>292.9</ele><time>2021-12-12T16:34:13Z</time></trkpt>
<trkpt lat="37.083128" lon="-121.902646"><ele>296.9</ele><time>2021-12-12T16:34:34Z</time></trkpt>
<trkpt lat="37.082963" lon="-121.902655"><ele>299.0</ele><time>2021-12-12T16:34:46Z</time></trkpt>
<trkpt lat="37.082889" lon="-121.902613"><ele>300.0</ele><time>2021-12-12T16:34:51Z</time></trkpt>
<trkpt lat="37.082805" lon="-121.902512"><ele>301.4</ele><time>2021-12-12T16:35:03Z</time></trkpt>
<trkpt lat="37.082824" lon="-121.902300"><ele>303.3</ele><time>2021-12-12T16:35:12Z</time></trkpt>
<trkpt lat="37.082705" lon="-121.902091"><ele>305.8</ele><time>2021-12-12T16:35:35Z</time></trkpt>
<trkpt lat="37.082529" lon="-121.901499"><ele>311.9</ele><time>2021-12-12T16:38:25Z</time></trkpt>
<trkpt lat="37.082336" lon="-121.901064"><ele>318.4</ele><time>2021-12-12T16:38:56Z</time></trkpt>
<trkpt lat="37.082245" lon="-121.900731"><ele>323.7</ele><time>2021-12-12T16:39:18Z</time></trkpt>
<trkpt lat="37.082141" lon="-121.900699"><ele>325.6</ele><time>2021-12-12T16:39:28Z</time></trkpt>
<trkpt lat="37.082127" lon="-121.900650"><ele>326.3</ele><time>2021-12-12T16:39:31Z</time></trkpt>
<trkpt lat="37.082102" lon="-121.900675"><ele>326.7</ele><time>2021-12-12T16:39:33Z</time></trkpt>
<trkpt lat="37.082052" lon="-121.900591"><ele>327.9</ele><time>2021-12-12T16:39:38Z</time></trkpt>
<trkpt lat="37.081983" lon="-121.900575"><ele>328.8</ele><time>2021-12-12T16:39:44Z</time></trkpt>
<trkpt lat="37.081977" lon="-121.900663"><ele>329.5</ele><time>2021-12-12T16:39:48Z</time></trkpt>
<trkpt lat="37.081904" lon="-121.900728"><ele>330.0</ele><time>2021-12-12T16:39:51Z</time></trkpt>
<trkpt lat="37.081951" lon="-121.900838"><ele>330.3</ele><time>2021-12-12T16:39:54Z</time></trkpt>
<trkpt lat="37.081848" lon="-121.900941"><ele>331.0</ele><time>2021-12-12T16:40:01Z</time></trkpt>
<trkpt lat="37.081628" lon="-121.900906"><ele>333.7</ele><time>2021-12-12T16:40:13Z</time></trkpt>
<trkpt lat="37.081486" lon="-121.900776"><ele>336.8</ele><time>2021-12-12T16:40:22Z</time></trkpt>
<trkpt lat="37.081488" lon="-121.900602"><ele>339.9</ele><time>2021-12-12T16:41:44Z</time></trkpt>
<trkpt lat="37.081458" lon="-121.900626"><ele>340.9</ele><time>2021-12-12T16:41:48Z</time></trkpt>
<trkpt lat="37.081410" lon="-121.900429"><ele>344.1</ele><time>2021-12-12T16:42:04Z</time></trkpt>
<trkpt lat="37.081481" lon="-121.900402"><ele>345.2</ele><time>2021-12-12T16:42:05Z</time></trkpt>
<trkpt lat="37.081302" lon="-121.899332"><ele>357.6</ele><time>2021-12-12T16:43:07Z</time></trkpt>
<trkpt lat="37.081307" lon="-121.898547"><ele>364.8</ele><time>2021-12-12T16:44:00Z</time></trkpt>
<trkpt lat="37.081332" lon="-121.898494"><ele>365.5</ele><time>2021-12-12T16:44:10Z</time></trkpt>
<trkpt lat="37.081341" lon="-121.898542"><ele>366.0</ele><time>2021-12-12T16:44:11Z</time></trkpt>
<trkpt lat="37.081314" lon="-121.898430"><ele>367.5</ele><time>2021-12-12T16:44:27Z</time></trkpt>
<trkpt lat="37.081310" lon="-121.897917"><ele>373.4</ele><time>2021-12-12T16:44:56Z</time></trkpt>
<trkpt lat="37.081248" lon="-121.897822"><ele>374.6</ele><time>2021-12-12T16:45:06Z</time></trkpt>
<trkpt lat="37.081101" lon="-121.897712"><ele>376.9</ele><time>2021-12-12T16:45:19Z</time></trkpt>
<trkpt lat="37.081098" lon="-121.897638"><ele>378.1</ele><time>2021-12-12T16:45:27Z</time></trkpt>
<trkpt lat="37.081060" lon="-121.897581"><ele>379.1</ele><time>2021-12-12T16:45:29Z</time></trkpt>
<trkpt lat="37.081078" lon="-121.897526"><ele>379.6</ele><time>2021-12-12T16:45:31Z</time></trkpt>
<trkpt lat="37.081048" lon="-121.897417"><ele>380.8</ele><time>2021-12-12T16:45:37Z</time></trkpt>
<trkpt lat="37.081094" lon="-121.897298"><ele>382.2</ele><time>2021-12-12T16:45:41Z</time></trkpt>
<trkpt lat="37.081062" lon="-121.897276"><ele>382.6</ele><time>2021-12-12T16:45:43Z</time></trkpt>
<trkpt lat="37.081092" lon="-121.897237"><ele>383.2</ele><time>2021-12-12T16:45:45Z</time></trkpt>
<trkpt lat="37.081076" lon="-121.897192"><ele>383.7</ele><time>2021-12-12T16:45:47Z</time></trkpt>
<trkpt lat="37.081112" lon="-121.897196"><ele>384.2</ele><time>2021-12-12T16:45:49Z</time></trkpt>
<trkpt lat="37.081064" lon="-121.897070"><ele>385.7</ele><time>2021-12-12T16:45:54Z</time></trkpt>
<trkpt lat="37.081058" lon="-121.896952"><ele>387.1</ele><time>2021-12-12T16:46:02Z</time></trkpt>
<trkpt lat="37.081081" lon="-121.896925"><ele>387.5</ele><time>2021-12-12T16:46:05Z</time></trkpt>
<trkpt lat="37.081061" lon="-121.896801"><ele>388.9</ele><time>2021-12-12T16:46:13Z</time></trkpt>
<trkpt lat="37.080980" lon="-121.896765"><ele>390.1</ele><time>2021-12-12T16:46:18Z</time></trkpt>
<trkpt lat="37.080913" lon="-121.896852"><ele>391.5</ele><time>2021-12-12T16:46:24Z</time></trkpt>
<trkpt lat="37.080884" lon="-121.896848"><ele>392.0</ele><time>2021-12-12T16:46:28Z</time></trkpt>
<trkpt lat="37.080891" lon="-121.896889"><ele>392.5</ele><time>2021-12-12T16:46:31Z</time></trkpt>
<trkpt lat="37.080995" lon="-121.896977"><ele>394.4</ele><time>2021-12-12T16:46:43Z</time></trkpt>
<trkpt lat="37.081007" lon="-121.897039"><ele>395.1</ele><time>2021-12-12T16:46:47Z</time></trkpt>
<trkpt lat="37.080957" lon="-121.897088"><ele>395.8</ele><time>2021-12-12T16:46:50Z</time></trkpt>
<trkpt lat="37.080814" lon="-121.897100"><ele>397.1</ele><time>2021-12-12T16:46:53Z</time></trkpt>
<trkpt lat="37.080732" lon="-121.897215"><ele>398.2</ele><time>2021-12-12T16:47:01Z</time></trkpt>
<trkpt lat="37.080541" lon="-121.897558"><ele>400.6</ele><time>2021-12-12T16:47:22Z</time></trkpt>
<trkpt lat="37.080541" lon="-121.897791"><ele>402.0</ele><time>2021-12-12T16:47:31Z</time></trkpt>
<trkpt lat="37.080477" lon="-121.897981"><ele>403.6</ele><time>2021-12-12T16:47:43Z</time></trkpt>
<trkpt lat="37.080384" lon="-121.898077"><ele>404.8</ele><time>2021-12-12T16:47:48Z</time></trkpt>
<trkpt lat="37.080240" lon="-121.898106"><ele>406.4</ele><time>2021-12-12T16:47:53Z</time></trkpt>
<trkpt lat="37.080176" lon="-121.898029"><ele>407.5</ele><time>2021-12-12T16:47:56Z</time></trkpt>
<trkpt lat="37.079952" lon="-121.897903"><ele>411.0</ele><time>2021-12-12T16:48:09Z</time></trkpt>
<trkpt lat="37.079933" lon="-121.897623"><ele>413.6</ele><time>2021-12-12T16:48:20Z</time></trkpt>
<trkpt lat="37.079967" lon="-121.897582"><ele>413.9</ele><time>2021-12-12T16:48:25Z</time></trkpt>
<trkpt lat="37.079991" lon="-121.897624"><ele>414.1</ele><time>2021-12-12T16:48:45Z</time></trkpt>
<trkpt lat="37.080101" lon="-121.897623"><ele>414.7</ele><time>2021-12-12T16:48:53Z</time></trkpt>
<trkpt lat="37.080095" lon="-121.897737"><ele>415.2</ele><time>2021-12-12T16:48:57Z</time></trkpt>
<trkpt lat="37.080004" lon="-121.897605"><ele>415.9</ele><time>2021-12-12T16:51:46Z</time></trkpt>
<trkpt lat="37.080076" lon="-121.897613"><ele>416.2</ele><time>2021-12-12T16:51:53Z</time></trkpt>
<trkpt lat="37.080058" lon="-121.897666"><ele>416.5</ele><time>2021-12-12T16:52:17Z</time></trkpt>
<trkpt lat="37.080010" lon="-121.897603"><ele>416.8</ele><time>2021-12-12T16:52:25Z</time></trkpt>
<trkpt lat="37.080033" lon="-121.897653"><ele>417.1</ele><time>2021-12-12T16:53:40Z</time></trkpt>
<trkpt lat="37.079929" lon="-121.897471"><ele>417.9</ele><time>2021-12-12T16:54:54Z</time></trkpt>
<trkpt lat="37.079946" lon="-121.897414"><ele>418.1</ele><time>2021-12-12T16:55:00Z</time></trkpt>
<trkpt lat="37.079894" lon="-121.897286"><ele>418.5</ele><time>2021-12-12T16:55:10Z</time></trkpt>
<trkpt lat="37.079904" lon="-121.897202"><ele>418.4</ele><time>2021-12-12T16:55:17Z</time></trkpt>
<trkpt lat="37.079936" lon="-121.897191"><ele>418.1</ele><time>2021-12-12T16:55:22Z</time></trkpt>
<trkpt lat="37.080038" lon="-121.897330"><ele>416.8</ele><time>2021-12-12T16:56:43Z</time></trkpt>
<trkpt lat="37.080080" lon="-121.897560"><ele>414.8</ele><time>2021-12-12T16:56:47Z</time></trkpt>
<trkpt lat="37.080090" lon="-121.897943"><ele>412.1</ele><time>2021-12-12T16:56:51Z</time></trkpt>
<trkpt lat="37.080123" lon="-121.897987"><ele>411.8</ele><time>2021-12-12T16:56:52Z</time></trkpt>
<trkpt lat="37.079978" lon="-121.898392"><ele>409.4</ele><time>2021-12-12T16:56:57Z</time></trkpt>
<trkpt lat="37.079879" lon="-121.898492"><ele>410.0</ele><time>2021-12-12T16:56:59Z</time></trkpt>
<trkpt lat="37.079902" lon="-121.898567"><ele>407.9</ele><time>2021-12-12T16:57:00Z</time></trkpt>
<trkpt lat="37.080053" lon="-121.898499"><ele>406.5</ele><time>2021-12-12T16:57:03Z</time></trkpt>
<trkpt lat="37.080123" lon="-121.898410"><ele>405.7</ele><time>2021-12-12T16:57:04Z</time></trkpt>
<trkpt lat="37.080139" lon="-121.898278"><ele>404.9</ele><time>2021-12-12T16:57:05Z</time></trkpt>
<trkpt lat="37.080283" lon="-121.898219"><ele>403.6</ele><time>2021-12-12T16:57:07Z</time></trkpt>
<trkpt lat="37.080298" lon="-121.898179"><ele>403.3</ele><time>2021-12-12T16:57:08Z</time></trkpt>
<trkpt lat="37.080348" lon="-121.898262"><ele>402.4</ele><time>2021-12-12T16:57:09Z</time></trkpt>
<trkpt lat="37.080365" lon="-121.898387"><ele>401.2</ele><time>2021-12-12T16:57:10Z</time></trkpt>
<trkpt lat="37.080303" lon="-121.898593"><ele>398.9</ele><time>2021-12-12T16:57:13Z</time></trkpt>
<trkpt lat="37.080454" lon="-121.898523"><ele>396.6</ele><time>2021-12-12T16:57:15Z</time></trkpt>
<trkpt lat="37.080523" lon="-121.898563"><ele>395.5</ele><time>2021-12-12T16:57:16Z</time></trkpt>
<trkpt lat="37.080552" lon="-121.898639"><ele>394.7</ele><time>2021-12-12T16:57:17Z</time></trkpt>
<trkpt lat="37.080478" lon="-121.898851"><ele>392.9</ele><time>2021-12-12T16:57:19Z</time></trkpt>
<trkpt lat="37.080412" lon="-121.898931"><ele>392.1</ele><time>2021-12-12T16:57:20Z</time></trkpt>
<trkpt lat="37.080246" lon="-121.899121"><ele>390.0</ele><time>2021-12-12T16:57:22Z</time></trkpt>
<trkpt lat="37.080118" lon="-121.899158"><ele>388.6</ele><time>2021-12-12T16:57:24Z</time></trkpt>
<trkpt lat="37.080240" lon="-121.899301"><ele>387.1</ele><time>2021-12-12T16:57:27Z</time></trkpt>
<trkpt lat="37.080375" lon="-121.899296"><ele>386.2</ele><time>2021-12-12T16:57:29Z</time></trkpt>
<trkpt lat="37.080509" lon="-121.899100"><ele>384.9</ele><time>2021-12-12T16:57:31Z</time></trkpt>
<trkpt lat="37.080610" lon="-121.899028"><ele>384.0</ele><time>2021-12-12T16:57:33Z</time></trkpt>
<trkpt lat="37.080710" lon="-121.898861"><ele>382.8</ele><time>2021-12-12T16:57:36Z</time></trkpt>
<trkpt lat="37.080816" lon="-121.898373"><ele>381.0</ele><time>2021-12-12T16:57:41Z</time></trkpt>
<trkpt lat="37.080900" lon="-121.898337"><ele>380.8</ele><time>2021-12-12T16:57:42Z</time></trkpt>
<trkpt lat="37.080931" lon="-121.898249"><ele>380.6</ele><time>2021-12-12T16:57:43Z</time></trkpt>
<trkpt lat="37.081071" lon="-121.898113"><ele>380.1</ele><time>2021-12-12T16:57:46Z</time></trkpt>
<trkpt lat="37.081140" lon="-121.897795"><ele>379.3</ele><time>2021-12-12T16:57:50Z</time></trkpt>
<trkpt lat="37.081220" lon="-121.897668"><ele>378.8</ele><time>2021-12-12T16:57:52Z</time></trkpt>
<trkpt lat="37.081470" lon="-121.897050"><ele>375.0</ele><time>2021-12-12T16:58:00Z</time></trkpt>
<trkpt lat="37.081490" lon="-121.896917"><ele>373.9</ele><time>2021-12-12T16:58:02Z</time></trkpt>
<trkpt lat="37.081395" lon="-121.896644"><ele>371.9</ele><time>2021-12-12T16:58:06Z</time></trkpt>
<trkpt lat="37.081146" lon="-121.896363"><ele>370.0</ele><time>2021-12-12T16:58:11Z</time></trkpt>
<trkpt lat="37.081202" lon="-121.896067"><ele>369.1</ele><time>2021-12-12T16:58:15Z</time></trkpt>
<trkpt lat="37.081294" lon="-121.896096"><ele>368.4</ele><time>2021-12-12T16:58:17Z</time></trkpt>
<trkpt lat="37.081382" lon="-121.896211"><ele>367.2</ele><time>2021-12-12T16:58:19Z</time></trkpt>
<trkpt lat="37.081466" lon="-121.896577"><ele>364.4</ele><time>2021-12-12T16:58:22Z</time></trkpt>
<trkpt lat="37.081635" lon="-121.896624"><ele>363.0</ele><time>2021-12-12T16:58:24Z</time></trkpt>
<trkpt lat="37.081601" lon="-121.896835"><ele>361.3</ele><time>2021-12-12T16:58:27Z</time></trkpt>
<trkpt lat="37.081757" lon="-121.896941"><ele>359.8</ele><time>2021-12-12T16:58:30Z</time></trkpt>
<trkpt lat="37.081785" lon="-121.897015"><ele>359.2</ele><time>2021-12-12T16:58:32Z</time></trkpt>
<trkpt lat="37.081704" lon="-121.897189"><ele>357.8</ele><time>2021-12-12T16:58:34Z</time></trkpt>
<trkpt lat="37.081868" lon="-121.897611"><ele>354.9</ele><time>2021-12-12T16:58:40Z</time></trkpt>
<trkpt lat="37.082085" lon="-121.897738"><ele>353.2</ele><time>2021-12-12T16:58:45Z</time></trkpt>
<trkpt lat="37.082095" lon="-121.897940"><ele>350.8</ele><time>2021-12-12T16:58:47Z</time></trkpt>
<trkpt lat="37.082057" lon="-121.898096"><ele>354.3</ele><time>2021-12-12T16:58:50Z</time></trkpt>
<trkpt lat="37.082036" lon="-121.898183"><ele>350.6</ele><time>2021-12-12T16:58:51Z</time></trkpt>
<trkpt lat="37.082060" lon="-121.898285"><ele>346.9</ele><time>2021-12-12T16:58:53Z</time></trkpt>
<trkpt lat="37.081999" lon="-121.898344"><ele>347.5</ele><time>2021-12-12T16:58:55Z</time></trkpt>
<trkpt lat="37.082094" lon="-121.898173"><ele>345.7</ele><time>2021-12-12T16:58:59Z</time></trkpt>
<trkpt lat="37.082051" lon="-121.898113"><ele>345.1</ele><time>2021-12-12T16:59:00Z</time></trkpt>
<trkpt lat="37.082084" lon="-121.898024"><ele>344.4</ele><time>2021-12-12T16:59:01Z</time></trkpt>
<trkpt lat="37.082297" lon="-121.897968"><ele>342.5</ele><time>2021-12-12T16:59:04Z</time></trkpt>
<trkpt lat="37.082366" lon="-121.898076"><ele>341.6</ele><time>2021-12-12T16:59:06Z</time></trkpt>
<trkpt lat="37.082321" lon="-121.898157"><ele>341.0</ele><time>2021-12-12T16:59:07Z</time></trkpt>
<trkpt lat="37.082232" lon="-121.898214"><ele>340.3</ele><time>2021-12-12T16:59:08Z</time></trkpt>
<trkpt lat="37.082222" lon="-121.898377"><ele>339.4</ele><time>2021-12-12T16:59:11Z</time></trkpt>
<trkpt lat="37.082061" lon="-121.898606"><ele>337.7</ele><time>2021-12-12T16:59:15Z</time></trkpt>
<trkpt lat="37.081986" lon="-121.898935"><ele>335.8</ele><time>2021-12-12T16:59:20Z</time></trkpt>
<trkpt lat="37.082083" lon="-121.899153"><ele>334.7</ele><time>2021-12-12T16:59:21Z</time></trkpt>
<trkpt lat="37.082079" lon="-121.899532"><ele>333.3</ele><time>2021-12-12T16:59:26Z</time></trkpt>
<trkpt lat="37.082069" lon="-121.899599"><ele>333.1</ele><time>2021-12-12T16:59:27Z</time></trkpt>
<trkpt lat="37.082001" lon="-121.899686"><ele>332.8</ele><time>2021-12-12T16:59:28Z</time></trkpt>
<trkpt lat="37.081908" lon="-121.899990"><ele>332.4</ele><time>2021-12-12T16:59:34Z</time></trkpt>
<trkpt lat="37.081941" lon="-121.900058"><ele>332.4</ele><time>2021-12-12T16:59:35Z</time></trkpt>
<trkpt lat="37.081912" lon="-121.900110"><ele>332.4</ele><time>2021-12-12T16:59:36Z</time></trkpt>
<trkpt lat="37.081959" lon="-121.900293"><ele>332.5</ele><time>2021-12-12T16:59:41Z</time></trkpt>
<trkpt lat="37.081910" lon="-121.900427"><ele>332.6</ele><time>2021-12-12T16:59:47Z</time></trkpt>
<trkpt lat="37.081938" lon="-121.900431"><ele>332.6</ele><time>2021-12-12T16:59:48Z</time></trkpt>
<trkpt lat="37.081674" lon="-121.900668"><ele>332.1</ele><time>2021-12-12T17:01:41Z</time></trkpt>
<trkpt lat="37.081689" lon="-121.900846"><ele>331.7</ele><time>2021-12-12T17:01:44Z</time></trkpt>
<trkpt lat="37.081738" lon="-121.900927"><ele>331.1</ele><time>2021-12-12T17:01:46Z</time></trkpt>
<trkpt lat="37.081894" lon="-121.901038"><ele>329.3</ele><time>2021-12-12T17:01:49Z</time></trkpt>
<trkpt lat="37.081966" lon="-121.901214"><ele>327.6</ele><time>2021-12-12T17:01:51Z</time></trkpt>
<trkpt lat="37.081965" lon="-121.901290"><ele>326.9</ele><time>2021-12-12T17:01:52Z</time></trkpt>
<trkpt lat="37.081921" lon="-121.901375"><ele>326.1</ele><time>2021-12-12T17:01:53Z</time></trkpt>
<trkpt lat="37.081901" lon="-121.901712"><ele>323.6</ele><time>2021-12-12T17:01:56Z</time></trkpt>
<trkpt lat="37.081997" lon="-121.901883"><ele>322.4</ele><time>2021-12-12T17:01:58Z</time></trkpt>
<trkpt lat="37.082032" lon="-121.902104"><ele>321.5</ele><time>2021-12-12T17:02:00Z</time></trkpt>
<trkpt lat="37.082193" lon="-121.902309"><ele>320.7</ele><time>2021-12-12T17:02:03Z</time></trkpt>
<trkpt lat="37.082161" lon="-121.902497"><ele>320.2</ele><time>2021-12-12T17:02:05Z</time></trkpt>
<trkpt lat="37.082256" lon="-121.902709"><ele>319.0</ele><time>2021-12-12T17:02:08Z</time></trkpt>
<trkpt lat="37.082262" lon="-121.903014"><ele>317.6</ele><time>2021-12-12T17:02:11Z</time></trkpt>
<trkpt lat="37.082357" lon="-121.903220"><ele>316.7</ele><time>2021-12-12T17:02:14Z</time></trkpt>
<trkpt lat="37.082319" lon="-121.903305"><ele>316.3</ele><time>2021-12-12T17:02:15Z</time></trkpt>
<trkpt lat="37.082362" lon="-121.903368"><ele>316.0</ele><time>2021-12-12T17:02:16Z</time></trkpt>
<trkpt lat="37.082374" lon="-121.903604"><ele>315.1</ele><time>2021-12-12T17:02:19Z</time></trkpt>
<trkpt lat="37.082318" lon="-121.903853"><ele>314.4</ele><time>2021-12-12T17:02:23Z</time></trkpt>
<trkpt lat="37.082379" lon="-121.903944"><ele>313.9</ele><time>2021-12-12T17:02:24Z</time></trkpt>
<trkpt lat="37.082374" lon="-121.904039"><ele>313.3</ele><time>2021-12-12T17:02:25Z</time></trkpt>
<trkpt lat="37.082442" lon="-121.904354"><ele>311.2</ele><time>2021-12-12T17:02:28Z</time></trkpt>
<trkpt lat="37.082484" lon="-121.904395"><ele>310.9</ele><time>2021-12-12T17:02:29Z</time></trkpt>
<trkpt lat="37.082508" lon="-121.904360"><ele>310.7</ele><time>2021-12-12T17:02:30Z</time></trkpt>
<trkpt lat="37.082469" lon="-121.904229"><ele>310.2</ele><time>2021-12-12T17:02:31Z</time></trkpt>
<trkpt lat="37.082490" lon="-121.903976"><ele>309.0</ele><time>2021-12-12T17:02:33Z</time></trkpt>
<trkpt lat="37.082539" lon="-121.903909"><ele>308.5</ele><time>2021-12-12T17:02:34Z</time></trkpt>
<trkpt lat="37.082549" lon="-121.903760"><ele>307.6</ele><time>2021-12-12T17:02:36Z</time></trkpt>
<trkpt lat="37.082612" lon="-121.903652"><ele>306.9</ele><time>2021-12-12T17:02:38Z</time></trkpt>
<trkpt lat="37.082620" lon="-121.903567"><ele>306.4</ele><time>2021-12-12T17:02:39Z</time></trkpt>
<trkpt lat="37.082737" lon="-121.903517"><ele>305.7</ele><time>2021-12-12T17:02:41Z</time></trkpt>
<trkpt lat="37.082824" lon="-121.903410"><ele>305.0</ele><time>2021-12-12T17:02:43Z</time></trkpt>
<trkpt lat="37.082880" lon="-121.903429"><ele>304.6</ele><time>2021-12-12T17:02:44Z</time></trkpt>
<trkpt lat="37.082909" lon="-121.903654"><ele>303.5</ele><time>2021-12-12T17:02:46Z</time></trkpt>
<trkpt lat="37.082890" lon="-121.903853"><ele>302.1</ele><time>2021-12-12T17:02:48Z</time></trkpt>
<trkpt lat="37.082946" lon="-121.904121"><ele>300.0</ele><time>2021-12-12T17:02:51Z</time></trkpt>
<trkpt lat="37.082800" lon="-121.904294"><ele>298.3</ele><time>2021-12-12T17:02:54Z</time></trkpt>
<trkpt lat="37.082792" lon="-121.904365"><ele>298.0</ele><time>2021-12-12T17:02:55Z</time></trkpt>
<trkpt lat="37.082871" lon="-121.904369"><ele>297.5</ele><time>2021-12-12T17:02:57Z</time></trkpt>
<trkpt lat="37.083096" lon="-121.904045"><ele>294.6</ele><time>2021-12-12T17:03:02Z</time></trkpt>
<trkpt lat="37.083210" lon="-121.903734"><ele>292.1</ele><time>2021-12-12T17:03:06Z</time></trkpt>
<trkpt lat="37.083313" lon="-121.903764"><ele>291.1</ele><time>2021-12-12T17:03:07Z</time></trkpt>
<trkpt lat="37.083385" lon="-121.903980"><ele>289.0</ele><time>2021-12-12T17:03:09Z</time></trkpt>
<trkpt lat="37.083306" lon="-121.904357"><ele>285.7</ele><time>2021-12-12T17:03:13Z</time></trkpt>
<trkpt lat="37.083251" lon="-121.904437"><ele>285.0</ele><time>2021-12-12T17:03:14Z</time></trkpt>
<trkpt lat="37.083333" lon="-121.904611"><ele>283.7</ele><time>2021-12-12T17:03:17Z</time></trkpt>
<trkpt lat="37.083420" lon="-121.904501"><ele>282.3</ele><time>2021-12-12T17:03:18Z</time></trkpt>
<trkpt lat="37.083297" lon="-121.904406"><ele>280.4</ele><time>2021-12-12T17:03:19Z</time></trkpt>
<trkpt lat="37.083315" lon="-121.904367"><ele>279.9</ele><time>2021-12-12T17:03:20Z</time></trkpt>
<trkpt lat="37.083351" lon="-121.904363"><ele>279.4</ele><time>2021-12-12T17:03:21Z</time></trkpt>
<trkpt lat="37.083418" lon="-121.904451"><ele>278.0</ele><time>2021-12-12T17:03:22Z</time></trkpt>
<trkpt lat="37.083359" lon="-121.904533"><ele>276.9</ele><time>2021-12-12T17:03:23Z</time></trkpt>
<trkpt lat="37.083345" lon="-121.904696"><ele>275.5</ele><time>2021-12-12T17:03:25Z</time></trkpt>
<trkpt lat="37.083420" lon="-121.904769"><ele>274.6</ele><time>2021-12-12T17:03:26Z</time></trkpt>
<trkpt lat="37.083235" lon="-121.905051"><ele>272.1</ele><time>2021-12-12T17:03:30Z</time></trkpt>
<trkpt lat="37.083089" lon="-121.905201"><ele>270.9</ele><time>2021-12-12T17:03:33Z</time></trkpt>
<trkpt lat="37.083041" lon="-121.905304"><ele>270.5</ele><time>2021-12-12T17:03:34Z</time></trkpt>
<trkpt lat="37.083030" lon="-121.905553"><ele>269.8</ele><time>2021-12-12T17:03:37Z</time></trkpt>
<trkpt lat="37.082972" lon="-121.905617"><ele>269.5</ele><time>2021-12-12T17:03:38Z</time></trkpt>
<trkpt lat="37.083065" lon="-121.905681"><ele>269.2</ele><time>2021-12-12T17:03:40Z</time></trkpt>
<trkpt lat="37.083015" lon="-121.905802"><ele>268.6</ele><time>2021-12-12T17:03:42Z</time></trkpt>
<trkpt lat="37.083020" lon="-121.905985"><ele>267.4</ele><time>2021-12-12T17:03:45Z</time></trkpt>
<trkpt lat="37.083046" lon="-121.906032"><ele>266.9</ele><time>2021-12-12T17:03:46Z</time></trkpt>
<trkpt lat="37.083148" lon="-121.906023"><ele>265.7</ele><time>2021-12-12T17:03:48Z</time></trkpt>
<trkpt lat="37.083203" lon="-121.905884"><ele>264.3</ele><time>2021-12-12T17:03:50Z</time></trkpt>
<trkpt lat="37.083220" lon="-121.905674"><ele>262.6</ele><time>2021-12-12T17:03:52Z</time></trkpt>
<trkpt lat="37.083189" lon="-121.905612"><ele>262.0</ele><time>2021-12-12T17:03:53Z</time></trkpt>
<trkpt lat="37.083242" lon="-121.905406"><ele>260.4</ele><time>2021-12-12T17:03:56Z</time></trkpt>
<trkpt lat="37.083512" lon="-121.905387"><ele>257.9</ele><time>2021-12-12T17:04:00Z</time></trkpt>
<trkpt lat="37.083692" lon="-121.905296"><ele>256.2</ele><time>2021-12-12T17:04:02Z</time></trkpt>
<trkpt lat="37.083836" lon="-121.904937"><ele>254.3</ele><time>2021-12-12T17:04:07Z</time></trkpt>
<trkpt lat="37.083896" lon="-121.904895"><ele>254.0</ele><time>2021-12-12T17:04:08Z</time></trkpt>
<trkpt lat="37.084049" lon="-121.904840"><ele>253.2</ele><time>2021-12-12T17:04:10Z</time></trkpt>
<trkpt lat="37.084100" lon="-121.904854"><ele>252.9</ele><time>2021-12-12T17:04:11Z</time></trkpt>
<trkpt lat="37.084390" lon="-121.905083"><ele>250.3</ele><time>2021-12-12T17:04:15Z</time></trkpt>
<trkpt lat="37.084429" lon="-121.904974"><ele>249.5</ele><time>2021-12-12T17:04:16Z</time></trkpt>
<trkpt lat="37.084511" lon="-121.904887"><ele>248.6</ele><time>2021-12-12T17:04:18Z</time></trkpt>
<trkpt lat="37.084644" lon="-121.904835"><ele>247.8</ele><time>2021-12-12T17:04:20Z</time></trkpt>
<trkpt lat="37.084819" lon="-121.904909"><ele>247.1</ele><time>2021-12-12T17:04:23Z</time></trkpt>
<trkpt lat="37.084859" lon="-121.904892"><ele>246.9</ele><time>2021-12-12T17:04:24Z</time></trkpt>
<trkpt lat="37.084946" lon="-121.904767"><ele>246.2</ele><time>2021-12-12T17:04:27Z</time></trkpt>
<trkpt lat="37.084975" lon="-121.904566"><ele>245.5</ele><time>2021-12-12T17:04:31Z</time></trkpt>
<trkpt lat="37.084959" lon="-121.904486"><ele>245.4</ele><time>2021-12-12T17:04:33Z</time></trkpt>
<trkpt lat="37.085011" lon="-121.904223"><ele>246.4</ele><time>2021-12-12T17:04:36Z</time></trkpt>
<trkpt lat="37.084994" lon="-121.904184"><ele>246.6</ele><time>2021-12-12T17:04:37Z</time></trkpt>
<trkpt lat="37.085040" lon="-121.904026"><ele>247.8</ele><time>2021-12-12T17:04:42Z</time></trkpt>
<trkpt lat="37.085001" lon="-121.903974"><ele>248.7</ele><time>2021-12-12T17:04:51Z</time></trkpt>
<trkpt lat="37.085008" lon="-121.903817"><ele>249.7</ele><time>2021-12-12T17:05:00Z</time></trkpt>
<trkpt lat="37.085049" lon="-121.903741"><ele>250.3</ele><time>2021-12-12T17:05:05Z</time></trkpt>
<trkpt lat="37.085130" lon="-121.903719"><ele>251.1</ele><time>2021-12-12T17:09:35Z</time></trkpt>
<trkpt lat="37.085024" lon="-121.903623"><ele>252.1</ele><time>2021-12-12T17:10:46Z</time></trkpt>
<trkpt lat="37.085026" lon="-121.903337"><ele>254.0</ele><time>2021-12-12T17:11:00Z</time></trkpt>
<trkpt lat="37.085067" lon="-121.903241"><ele>254.8</ele><time>2021-12-12T17:11:05Z</time></trkpt>
<trkpt lat="37.084969" lon="-121.902706"><ele>258.8</ele><time>2021-12-12T17:11:42Z</time></trkpt>
<trkpt lat="37.084759" lon="-121.902270"><ele>263.6</ele><time>2021-12-12T17:12:08Z</time></trkpt>
<trkpt lat="37.084402" lon="-121.901882"><ele>267.9</ele><time>2021-12-12T17:12:43Z</time></trkpt>
<trkpt lat="37.084377" lon="-121.901767"><ele>268.7</ele><time>2021-12-12T17:12:48Z</time></trkpt>
<trkpt lat="37.084282" lon="-121.901584"><ele>270.2</ele><time>2021-12-12T17:13:00Z</time></trkpt>
<trkpt lat="37.084222" lon="-121.901539"><ele>270.8</ele><time>2021-12-12T17:13:04Z</time></trkpt>
<trkpt lat="37.084047" lon="-121.901522"><ele>272.7</ele><time>2021-12-12T17:13:18Z</time></trkpt>
<trkpt lat="37.083950" lon="-121.901449"><ele>274.0</ele><time>2021-12-12T17:13:26Z</time></trkpt>
<trkpt lat="37.083863" lon="-121.901483"><ele>275.0</ele><time>2021-12-12T17:13:32Z</time></trkpt>
<trkpt lat="37.083778" lon="-121.901609"><ele>276.6</ele><time>2021-12-12T17:13:38Z</time></trkpt>
<trkpt lat="37.083682" lon="-121.901598"><ele>277.9</ele><time>2021-12-12T17:13:44Z</time></trkpt>
<trkpt lat="37.083608" lon="-121.901461"><ele>279.2</ele><time>2021-12-12T17:13:47Z</time></trkpt>
<trkpt lat="37.083606" lon="-121.901375"><ele>279.9</ele><time>2021-12-12T17:13:50Z</time></trkpt>
<trkpt lat="37.083535" lon="-121.901265"><ele>280.8</ele><time>2021-12-12T17:13:55Z</time></trkpt>
<trkpt lat="37.083449" lon="-121.900997"><ele>282.7</ele><time>2021-12-12T17:14:07Z</time></trkpt>
<trkpt lat="37.083367" lon="-121.900884"><ele>283.6</ele><time>2021-12-12T17:14:14Z</time></trkpt>
<trkpt lat="37.083359" lon="-121.900677"><ele>285.0</ele><time>2021-12-12T17:14:22Z</time></trkpt>
<trkpt lat="37.083207" lon="-121.900364"><ele>285.1</ele><time>2021-12-12T17:14:38Z</time></trkpt>
<trkpt lat="37.083306" lon="-121.900201"><ele>284.0</ele><time>2021-12-12T17:14:42Z</time></trkpt>
<trkpt lat="37.083247" lon="-121.900139"><ele>283.4</ele><time>2021-12-12T17:14:43Z</time></trkpt>
<trkpt lat="37.083187" lon="-121.899931"><ele>282.4</ele><time>2021-12-12T17:14:45Z</time></trkpt>
<trkpt lat="37.083352" lon="-121.899765"><ele>282.3</ele><time>2021-12-12T17:14:48Z</time></trkpt>
<trkpt lat="37.083635" lon="-121.899787"><ele>283.9</ele><time>2021-12-12T17:14:54Z</time></trkpt>
<trkpt lat="37.083629" lon="-121.899759"><ele>284.1</ele><time>2021-12-12T17:14:56Z</time></trkpt>
<trkpt lat="37.083711" lon="-121.899701"><ele>284.9</ele><time>2021-12-12T17:14:59Z</time></trkpt>
<trkpt lat="37.083947" lon="-121.899828"><ele>287.2</ele><time>2021-12-12T17:15:09Z</time></trkpt>
<trkpt lat="37.084121" lon="-121.899820"><ele>289.0</ele><time>2021-12-12T17:15:24Z</time></trkpt>
<trkpt lat="37.084242" lon="-121.899750"><ele>290.5</ele><time>2021-12-12T17:15:38Z</time></trkpt>
<trkpt lat="37.084404" lon="-121.899744"><ele>291.8</ele><time>2021-12-12T17:15:44Z</time></trkpt>
<trkpt lat="37.084547" lon="-121.899800"><ele>292.8</ele><time>2021-12-12T17:15:50Z</time></trkpt>
<trkpt lat="37.084653" lon="-121.899951"><ele>293.7</ele><time>2021-12-12T17:15:55Z</time></trkpt>
<trkpt lat="37.084659" lon="-121.900039"><ele>294.2</ele><time>2021-12-12T17:15:58Z</time></trkpt>
<trkpt lat="37.084748" lon="-121.900121"><ele>294.9</ele><time>2021-12-12T17:16:01Z</time></trkpt>
<trkpt lat="37.084954" lon="-121.900206"><ele>296.3</ele><time>2021-12-12T17:16:04Z</time></trkpt>
<trkpt lat="37.085047" lon="-121.900118"><ele>297.1</ele><time>2021-12-12T17:16:07Z</time></trkpt>
<trkpt lat="37.085069" lon="-121.900216"><ele>297.8</ele><time>2021-12-12T17:16:20Z</time></trkpt>
<trkpt lat="37.085103" lon="-121.900214"><ele>298.1</ele><time>2021-12-12T17:16:24Z</time></trkpt>
<trkpt lat="37.085146" lon="-121.900185"><ele>298.4</ele><time>2021-12-12T17:16:27Z</time></trkpt>
<trkpt lat="37.085145" lon="-121.900127"><ele>298.9</ele><time>2021-12-12T17:16:31Z</time></trkpt>
<trkpt lat="37.085244" lon="-121.900052"><ele>299.8</ele><time>2021-12-12T17:16:39Z</time></trkpt>
<trkpt lat="37.085248" lon="-121.899999"><ele>300.1</ele><time>2021-12-12T17:16:41Z</time></trkpt>
<trkpt lat="37.085381" lon="-121.899833"><ele>301.3</ele><time>2021-12-12T17:16:53Z</time></trkpt>
<trkpt lat="37.085403" lon="-121.899741"><ele>301.7</ele><time>2021-12-12T17:16:59Z</time></trkpt>
<trkpt lat="37.085436" lon="-121.899708"><ele>302.0</ele><time>2021-12-12T17:17:03Z</time></trkpt>
<trkpt lat="37.085526" lon="-121.899729"><ele>302.3</ele><time>2021-12-12T17:17:05Z</time></trkpt>
<trkpt lat="37.085655" lon="-121.899626"><ele>303.1</ele><time>2021-12-12T17:17:12Z</time></trkpt>
<trkpt lat="37.085783" lon="-121.899286"><ele>305.1</ele><time>2021-12-12T17:17:30Z</time></trkpt>
<trkpt lat="37.085781" lon="-121.899154"><ele>306.1</ele><time>2021-12-12T17:17:36Z</time></trkpt>
<trkpt lat="37.085849" lon="-121.899118"><ele>306.7</ele><time>2021-12-12T17:17:40Z</time></trkpt>
<trkpt lat="37.085877" lon="-121.899012"><ele>307.6</ele><time>2021-12-12T17:17:45Z</time></trkpt>
<trkpt lat="37.085946" lon="-121.898922"><ele>308.8</ele><time>2021-12-12T17:17:54Z</time></trkpt>
<trkpt lat="37.086025" lon="-121.898877"><ele>309.9</ele><time>2021-12-12T17:17:57Z</time></trkpt>
<trkpt lat="37.086144" lon="-121.898889"><ele>311.4</ele><time>2021-12-12T17:18:02Z</time></trkpt>
<trkpt lat="37.086679" lon="-121.898450"><ele>318.6</ele><time>2021-12-12T17:18:46Z</time></trkpt>
<trkpt lat="37.086749" lon="-121.898381"><ele>319.6</ele><time>2021-12-12T17:18:53Z</time></trkpt>
<trkpt lat="37.086725" lon="-121.898356"><ele>319.9</ele><time>2021-12-12T17:18:56Z</time></trkpt>
<trkpt lat="37.086804" lon="-121.898405"><ele>321.0</ele><time>2021-12-12T17:19:41Z</time></trkpt>
<trkpt lat="37.086706" lon="-121.898317"><ele>322.1</ele><time>2021-12-12T17:19:49Z</time></trkpt>
<trkpt lat="37.086703" lon="-121.898054"><ele>323.8</ele><time>2021-12-12T17:20:03Z</time></trkpt>
<trkpt lat="37.086769" lon="-121.898005"><ele>324.3</ele><time>2021-12-12T17:20:06Z</time></trkpt>
<trkpt lat="37.086895" lon="-121.897655"><ele>326.1</ele><time>2021-12-12T17:20:17Z</time></trkpt>
<trkpt lat="37.086939" lon="-121.897599"><ele>326.5</ele><time>2021-12-12T17:20:20Z</time></trkpt>
<trkpt lat="37.086890" lon="-121.897467"><ele>327.4</ele><time>2021-12-12T17:20:27Z</time></trkpt>
<trkpt lat="37.086988" lon="-121.897373"><ele>328.5</ele><time>2021-12-12T17:20:32Z</time></trkpt>
<trkpt lat="37.087186" lon="-121.897277"><ele>330.6</ele><time>2021-12-12T17:20:42Z</time></trkpt>
<trkpt lat="37.087310" lon="-121.897344"><ele>331.8</ele><time>2021-12-12T17:20:49Z</time></trkpt>
<trkpt lat="37.087404" lon="-121.897298"><ele>332.7</ele><time>2021-12-12T17:20:54Z</time></trkpt>
<trkpt lat="37.087370" lon="-121.897183"><ele>333.4</ele><time>2021-12-12T17:21:00Z</time></trkpt>
<trkpt lat="37.087388" lon="-121.896882"><ele>335.1</ele><time>2021-12-12T17:21:15Z</time></trkpt>
<trkpt lat="37.087677" lon="-121.896718"><ele>337.3</ele><time>2021-12-12T17:21:31Z</time></trkpt>
<trkpt lat="37.087775" lon="-121.896751"><ele>338.2</ele><time>2021-12-12T17:21:35Z</time></trkpt>
<trkpt lat="37.088225" lon="-121.896696"><ele>341.7</ele><time>2021-12-12T17:22:00Z</time></trkpt>
<trkpt lat="37.088279" lon="-121.896606"><ele>342.3</ele><time>2021-12-12T17:22:04Z</time></trkpt>
<trkpt lat="37.088322" lon="-121.896375"><ele>343.6</ele><time>2021-12-12T17:22:13Z</time></trkpt>
<trkpt lat="37.088309" lon="-121.896200"><ele>344.8</ele><time>2021-12-12T17:22:23Z</time></trkpt>
<trkpt lat="37.088367" lon="-121.896144"><ele>345.6</ele><time>2021-12-12T17:22:28Z</time></trkpt>
<trkpt lat="37.088352" lon="-121.895890"><ele>348.1</ele><time>2021-12-12T17:22:40Z</time></trkpt>
<trkpt lat="37.088385" lon="-121.895783"><ele>349.2</ele><time>2021-12-12T17:22:46Z</time></trkpt>
<trkpt lat="37.088351" lon="-121.895788"><ele>349.7</ele><time>2021-12-12T17:22:50Z</time></trkpt>
<trkpt lat="37.088341" lon="-121.895729"><ele>350.2</ele><time>2021-12-12T17:22:55Z</time></trkpt>
<trkpt lat="37.088265" lon="-121.895686"><ele>351.0</ele><time>2021-12-12T17:22:58Z</time></trkpt>
<trkpt lat="37.088217" lon="-121.895532"><ele>352.2</ele><time>2021-12-12T17:23:05Z</time></trkpt>
<trkpt lat="37.088156" lon="-121.895446"><ele>352.9</ele><time>2021-12-12T17:23:12Z</time></trkpt>
<trkpt lat="37.088151" lon="-121.895312"><ele>353.6</ele><time>2021-12-12T17:23:24Z</time></trkpt>
<trkpt lat="37.088193" lon="-121.895364"><ele>354.2</ele><time>2021-12-12T17:23:29Z</time></trkpt>
<trkpt lat="37.088202" lon="-121.895344"><ele>354.4</ele><time>2021-12-12T17:23:33Z</time></trkpt>
<trkpt lat="37.088090" lon="-121.895188"><ele>356.6</ele><time>2021-12-12T17:24:45Z</time></trkpt>
<trkpt lat="37.088185" lon="-121.895342"><ele>357.7</ele><time>2021-12-12T17:24:52Z</time></trkpt>
<trkpt lat="37.087901" lon="-121.894950"><ele>361.0</ele><time>2021-12-12T17:25:12Z</time></trkpt>
<trkpt lat="37.087806" lon="-121.894764"><ele>362.2</ele><time>2021-12-12T17:25:22Z</time></trkpt>
<trkpt lat="37.087745" lon="-121.894689"><ele>362.7</ele><time>2021-12-12T17:25:28Z</time></trkpt>
<trkpt lat="37.087713" lon="-121.894695"><ele>362.9</ele><time>2021-12-12T17:25:29Z</time></trkpt>
<trkpt lat="37.087663" lon="-121.894537"><ele>363.8</ele><time>2021-12-12T17:25:35Z</time></trkpt>
<trkpt lat="37.087659" lon="-121.894469"><ele>364.1</ele><time>2021-12-12T17:25:37Z</time></trkpt>
<trkpt lat="37.087753" lon="-121.894134"><ele>366.0</ele><time>2021-12-12T17:25:49Z</time></trkpt>
<trkpt lat="37.087900" lon="-121.894060"><ele>367.0</ele><time>2021-12-12T17:25:53Z</time></trkpt>
<trkpt lat="37.087879" lon="-121.894030"><ele>367.2</ele><time>2021-12-12T17:25:55Z</time></trkpt>
<trkpt lat="37.087994" lon="-121.893898"><ele>368.7</ele><time>2021-12-12T17:26:03Z</time></trkpt>
<trkpt lat="37.088018" lon="-121.893752"><ele>369.8</ele><time>2021-12-12T17:26:10Z</time></trkpt>
<trkpt lat="37.087919" lon="-121.893505"><ele>371.1</ele><time>2021-12-12T17:26:22Z</time></trkpt>
<trkpt lat="37.087948" lon="-121.893439"><ele>371.2</ele><time>2021-12-12T17:26:24Z</time></trkpt>
<trkpt lat="37.087877" lon="-121.893349"><ele>371.2</ele><time>2021-12-12T17:26:31Z</time></trkpt>
<trkpt lat="37.087864" lon="-121.893233"><ele>371.1</ele><time>2021-12-12T17:26:38Z</time></trkpt>
<trkpt lat="37.087643" lon="-121.892762"><ele>370.0</ele><time>2021-12-12T17:27:01Z</time></trkpt>
<trkpt lat="37.087632" lon="-121.892660"><ele>369.8</ele><time>2021-12-12T17:27:03Z</time></trkpt>
<trkpt lat="37.087678" lon="-121.892467"><ele>369.7</ele><time>2021-12-12T17:27:08Z</time></trkpt>
<trkpt lat="37.087612" lon="-121.892346"><ele>369.8</ele><time>2021-12-12T17:27:11Z</time></trkpt>
<trkpt lat="37.087799" lon="-121.892206"><ele>370.4</ele><time>2021-12-12T17:27:15Z</time></trkpt>
<trkpt lat="37.087899" lon="-121.892182"><ele>370.6</ele><time>2021-12-12T17:27:18Z</time></trkpt>
<trkpt lat="37.088323" lon="-121.892342"><ele>372.2</ele><time>2021-12-12T17:27:28Z</time></trkpt>
<trkpt lat="37.088914" lon="-121.892800"><ele>377.1</ele><time>2021-12-12T17:27:55Z</time></trkpt>
<trkpt lat="37.089154" lon="-121.892834"><ele>379.1</ele><time>2021-12-12T17:28:09Z</time></trkpt>
<trkpt lat="37.089265" lon="-121.892812"><ele>380.1</ele><time>2021-12-12T17:28:16Z</time></trkpt>
<trkpt lat="37.089493" lon="-121.892913"><ele>382.5</ele><time>2021-12-12T17:28:26Z</time></trkpt>
<trkpt lat="37.089622" lon="-121.892909"><ele>383.9</ele><time>2021-12-12T17:28:29Z</time></trkpt>
<trkpt lat="37.089566" lon="-121.892866"><ele>384.6</ele><time>2021-12-12T17:28:33Z</time></trkpt>
<trkpt lat="37.089624" lon="-121.892767"><ele>385.7</ele><time>2021-12-12T17:28:43Z</time></trkpt>
<trkpt lat="37.089606" lon="-121.892728"><ele>386.0</ele><time>2021-12-12T17:28:45Z</time></trkpt>
<trkpt lat="37.089602" lon="-121.892779"><ele>386.6</ele><time>2021-12-12T17:28:51Z</time></trkpt>
<trkpt lat="37.089635" lon="-121.892798"><ele>387.0</ele><time>2021-12-12T17:28:55Z</time></trkpt>
<trkpt lat="37.089614" lon="-121.892569"><ele>388.8</ele><time>2021-12-12T17:30:04Z</time></trkpt>
<trkpt lat="37.089618" lon="-121.892674"><ele>389.6</ele><time>2021-12-12T17:30:05Z</time></trkpt>
<trkpt lat="37.089609" lon="-121.892652"><ele>389.8</ele><time>2021-12-12T17:30:06Z</time></trkpt>
<trkpt lat="37.089635" lon="-121.892662"><ele>390.1</ele><time>2021-12-12T17:30:07Z</time></trkpt>
<trkpt lat="37.089659" lon="-121.892781"><ele>391.2</ele><time>2021-12-12T17:30:16Z</time></trkpt>
<trkpt lat="37.089698" lon="-121.892719"><ele>391.9</ele><time>2021-12-12T17:30:40Z</time></trkpt>
<trkpt lat="37.089665" lon="-121.892594"><ele>392.9</ele><time>2021-12-12T17:30:47Z</time></trkpt>
<trkpt lat="37.089709" lon="-121.892404"><ele>394.4</ele><time>2021-12-12T17:30:56Z</time></trkpt>
<trkpt lat="37.089696" lon="-121.892348"><ele>394.9</ele><time>2021-12-12T17:31:00Z</time></trkpt>
<trkpt lat="37.089804" lon="-121.891934"><ele>398.1</ele><time>2021-12-12T17:31:23Z</time></trkpt>
<trkpt lat="37.090085" lon="-121.891630"><ele>401.4</ele><time>2021-12-12T17:31:45Z</time></trkpt>
<trkpt lat="37.090372" lon="-121.891607"><ele>403.7</ele><time>2021-12-12T17:31:58Z</time></trkpt>
<trkpt lat="37.090561" lon="-121.891541"><ele>405.5</ele><time>2021-12-12T17:32:10Z</time></trkpt>
<trkpt lat="37.090671" lon="-121.891395"><ele>407.0</ele><time>2021-12-12T17:32:21Z</time></trkpt>
<trkpt lat="37.090688" lon="-121.891283"><ele>407.9</ele><time>2021-12-12T17:32:28Z</time></trkpt>
<trkpt lat="37.090747" lon="-121.891231"><ele>408.6</ele><time>2021-12-12T17:32:34Z</time></trkpt>
<trkpt lat="37.090752" lon="-121.891066"><ele>409.8</ele><time>2021-12-12T17:32:44Z</time></trkpt>
<trkpt lat="37.090682" lon="-121.890897"><ele>410.9</ele><time>2021-12-12T17:32:55Z</time></trkpt>
<trkpt lat="37.090651" lon="-121.890882"><ele>411.2</ele><time>2021-12-12T17:32:57Z</time></trkpt>
<trkpt lat="37.090658" lon="-121.890664"><ele>412.5</ele><time>2021-12-12T17:33:05Z</time></trkpt>
<trkpt lat="37.090722" lon="-121.890516"><ele>413.6</ele><time>2021-12-12T17:33:10Z</time></trkpt>
<trkpt lat="37.090707" lon="-121.890259"><ele>414.6</ele><time>2021-12-12T17:33:23Z</time></trkpt>
<trkpt lat="37.090629" lon="-121.890210"><ele>414.7</ele><time>2021-12-12T17:33:28Z</time></trkpt>
<trkpt lat="37.090617" lon="-121.890033"><ele>414.9</ele><time>2021-12-12T17:33:32Z</time></trkpt>
<trkpt lat="37.090306" lon="-121.889546"><ele>414.1</ele><time>2021-12-12T17:33:51Z</time></trkpt>
<trkpt lat="37.090393" lon="-121.889427"><ele>413.1</ele><time>2021-12-12T17:33:53Z</time></trkpt>
<trkpt lat="37.090357" lon="-121.889409"><ele>413.1</ele><time>2021-12-12T17:33:54Z</time></trkpt>
<trkpt lat="37.090376" lon="-121.889346"><ele>413.1</ele><time>2021-12-12T17:33:56Z</time></trkpt>
<trkpt lat="37.090486" lon="-121.889202"><ele>412.9</ele><time>2021-12-12T17:33:59Z</time></trkpt>
<trkpt lat="37.090459" lon="-121.889194"><ele>412.8</ele><time>2021-12-12T17:34:00Z</time></trkpt>
<trkpt lat="37.090460" lon="-121.889147"><ele>412.8</ele><time>2021-12-12T17:34:01Z</time></trkpt>
<trkpt lat="37.090564" lon="-121.889156"><ele>412.7</ele><time>2021-12-12T17:34:04Z</time></trkpt>
<trkpt lat="37.090617" lon="-121.889049"><ele>412.9</ele><time>2021-12-12T17:34:05Z</time></trkpt>
<trkpt lat="37.090562" lon="-121.888981"><ele>413.1</ele><time>2021-12-12T17:34:06Z</time></trkpt>
<trkpt lat="37.090582" lon="-121.888873"><ele>413.4</ele><time>2021-12-12T17:34:09Z</time></trkpt>
<trkpt lat="37.090660" lon="-121.888889"><ele>413.7</ele><time>2021-12-12T17:34:10Z</time></trkpt>
<trkpt lat="37.090840" lon="-121.888690"><ele>413.9</ele><time>2021-12-12T17:34:14Z</time></trkpt>
<trkpt lat="37.090848" lon="-121.888622"><ele>413.9</ele><time>2021-12-12T17:34:16Z</time></trkpt>
<trkpt lat="37.090800" lon="-121.888466"><ele>413.9</ele><time>2021-12-12T17:34:21Z</time></trkpt>
<trkpt lat="37.090762" lon="-121.888452"><ele>413.9</ele><time>2021-12-12T17:34:22Z</time></trkpt>
<trkpt lat="37.090744" lon="-121.888299"><ele>413.7</ele><time>2021-12-12T17:34:26Z</time></trkpt>
<trkpt lat="37.090700" lon="-121.888303"><ele>413.7</ele><time>2021-12-12T17:34:27Z</time></trkpt>
<trkpt lat="37.090635" lon="-121.888119"><ele>413.3</ele><time>2021-12-12T17:34:33Z</time></trkpt>
<trkpt lat="37.090535" lon="-121.888120"><ele>413.1</ele><time>2021-12-12T17:34:37Z</time></trkpt>
<trkpt lat="37.090499" lon="-121.888010"><ele>412.9</ele><time>2021-12-12T17:34:39Z</time></trkpt>
<trkpt lat="37.090435" lon="-121.887972"><ele>412.7</ele><time>2021-12-12T17:34:41Z</time></trkpt>
<trkpt lat="37.090464" lon="-121.887877"><ele>412.5</ele><time>2021-12-12T17:34:42Z</time></trkpt>
<trkpt lat="37.090383" lon="-121.887830"><ele>412.2</ele><time>2021-12-12T17:34:45Z</time></trkpt>
<trkpt lat="37.090381" lon="-121.887685"><ele>411.6</ele><time>2021-12-12T17:34:50Z</time></trkpt>
<trkpt lat="37.090351" lon="-121.887636"><ele>411.3</ele><time>2021-12-12T17:34:51Z</time></trkpt>
<trkpt lat="37.090168" lon="-121.887489"><ele>409.9</ele><time>2021-12-12T17:34:58Z</time></trkpt>
<trkpt lat="37.090081" lon="-121.887493"><ele>409.5</ele><time>2021-12-12T17:34:59Z</time></trkpt>
<trkpt lat="37.090022" lon="-121.887385"><ele>409.0</ele><time>2021-12-12T17:35:02Z</time></trkpt>
<trkpt lat="37.090023" lon="-121.887318"><ele>408.8</ele><time>2021-12-12T17:35:03Z</time></trkpt>
<trkpt lat="37.089930" lon="-121.887219"><ele>408.3</ele><time>2021-12-12T17:35:06Z</time></trkpt>
<trkpt lat="37.089916" lon="-121.887042"><ele>407.7</ele><time>2021-12-12T17:35:10Z</time></trkpt>
<trkpt lat="37.089954" lon="-121.886924"><ele>407.4</ele><time>2021-12-12T17:35:13Z</time></trkpt>
<trkpt lat="37.089899" lon="-121.886846"><ele>407.2</ele><time>2021-12-12T17:35:15Z</time></trkpt>
<trkpt lat="37.089927" lon="-121.886803"><ele>407.1</ele><time>2021-12-12T17:35:16Z</time></trkpt>
<trkpt lat="37.089848" lon="-121.886607"><ele>406.9</ele><time>2021-12-12T17:35:20Z</time></trkpt>
<trkpt lat="37.089623" lon="-121.886460"><ele>406.4</ele><time>2021-12-12T17:35:25Z</time></trkpt>
<trkpt lat="37.089544" lon="-121.886285"><ele>406.1</ele><time>2021-12-12T17:35:28Z</time></trkpt>
<trkpt lat="37.089190" lon="-121.885777"><ele>406.1</ele><time>2021-12-12T17:35:48Z</time></trkpt>
<trkpt lat="37.089129" lon="-121.885564"><ele>406.4</ele><time>2021-12-12T17:36:04Z</time></trkpt>
<trkpt lat="37.089111" lon="-121.885488"><ele>406.6</ele><time>2021-12-12T17:36:07Z</time></trkpt>
<trkpt lat="37.089167" lon="-121.885384"><ele>406.9</ele><time>2021-12-12T17:36:09Z</time></trkpt>
<trkpt lat="37.089149" lon="-121.885039"><ele>408.1</ele><time>2021-12-12T17:36:13Z</time></trkpt>
<trkpt lat="37.089120" lon="-121.884948"><ele>408.6</ele><time>2021-12-12T17:36:15Z</time></trkpt>
<trkpt lat="37.089200" lon="-121.884834"><ele>409.5</ele><time>2021-12-12T17:36:16Z</time></trkpt>
<trkpt lat="37.089175" lon="-121.884595"><ele>410.9</ele><time>2021-12-12T17:36:18Z</time></trkpt>
<trkpt lat="37.089103" lon="-121.884416"><ele>411.7</ele><time>2021-12-12T17:36:26Z</time></trkpt>
<trkpt lat="37.089038" lon="-121.884086"><ele>412.7</ele><time>2021-12-12T17:36:37Z</time></trkpt>
<trkpt lat="37.089054" lon="-121.883760"><ele>414.1</ele><time>2021-12-12T17:36:47Z</time></trkpt>
<trkpt lat="37.088888" lon="-121.883444"><ele>416.2</ele><time>2021-12-12T17:36:56Z</time></trkpt>
<trkpt lat="37.088991" lon="-121.883285"><ele>417.5</ele><time>2021-12-12T17:37:03Z</time></trkpt>
<trkpt lat="37.089159" lon="-121.883208"><ele>419.0</ele><time>2021-12-12T17:37:11Z</time></trkpt>
<trkpt lat="37.089259" lon="-121.883266"><ele>420.0</ele><time>2021-12-12T17:37:13Z</time></trkpt>
<trkpt lat="37.089320" lon="-121.883234"><ele>420.7</ele><time>2021-12-12T17:37:16Z</time></trkpt>
<trkpt lat="37.089420" lon="-121.883271"><ele>421.6</ele><time>2021-12-12T17:37:21Z</time></trkpt>
<trkpt lat="37.089559" lon="-121.883200"><ele>422.7</ele><time>2021-12-12T17:37:28Z</time></trkpt>
<trkpt lat="37.089578" lon="-121.883097"><ele>423.3</ele><time>2021-12-12T17:37:33Z</time></trkpt>
<trkpt lat="37.089618" lon="-121.883078"><ele>423.6</ele><time>2021-12-12T17:37:35Z</time></trkpt>
<trkpt lat="37.089591" lon="-121.883049"><ele>423.9</ele><time>2021-12-12T17:37:36Z</time></trkpt>
<trkpt lat="37.089604" lon="-121.883010"><ele>424.1</ele><time>2021-12-12T17:37:37Z</time></trkpt>
<trkpt lat="37.089666" lon="-121.882902"><ele>424.8</ele><time>2021-12-12T17:37:43Z</time></trkpt>
<trkpt lat="37.089636" lon="-121.882776"><ele>425.4</ele><time>2021-12-12T17:37:49Z</time></trkpt>
<trkpt lat="37.089655" lon="-121.882733"><ele>425.6</ele><time>2021-12-12T17:37:51Z</time></trkpt>
<trkpt lat="37.089603" lon="-121.882614"><ele>426.0</ele><time>2021-12-12T17:37:54Z</time></trkpt>
<trkpt lat="37.089583" lon="-121.882398"><ele>426.8</ele><time>2021-12-12T17:38:03Z</time></trkpt>
<trkpt lat="37.089536" lon="-121.882356"><ele>427.1</ele><time>2021-12-12T17:38:05Z</time></trkpt>
<trkpt lat="37.089441" lon="-121.882032"><ele>428.5</ele><time>2021-12-12T17:38:17Z</time></trkpt>
<trkpt lat="37.089380" lon="-121.881974"><ele>428.9</ele><time>2021-12-12T17:38:21Z</time></trkpt>
<trkpt lat="37.089335" lon="-121.881994"><ele>429.2</ele><time>2021-12-12T17:38:23Z</time></trkpt>
<trkpt lat="37.089318" lon="-121.881956"><ele>429.4</ele><time>2021-12-12T17:38:24Z</time></trkpt>
<trkpt lat="37.089286" lon="-121.881962"><ele>429.6</ele><time>2021-12-12T17:38:25Z</time></trkpt>
<trkpt lat="37.089318" lon="-121.881934"><ele>429.8</ele><time>2021-12-12T17:38:27Z</time></trkpt>
<trkpt lat="37.089197" lon="-121.881753"><ele>431.9</ele><time>2021-12-12T17:38:42Z</time></trkpt>
<trkpt lat="37.089084" lon="-121.881416"><ele>435.2</ele><time>2021-12-12T17:38:56Z</time></trkpt>
<trkpt lat="37.089038" lon="-121.881120"><ele>437.8</ele><time>2021-12-12T17:39:09Z</time></trkpt>
<trkpt lat="37.088992" lon="-121.881083"><ele>438.3</ele><time>2021-12-12T17:39:15Z</time></trkpt>
<trkpt lat="37.088729" lon="-121.880494"><ele>440.3</ele><time>2021-12-12T17:39:38Z</time></trkpt>
<trkpt lat="37.088710" lon="-121.880341"><ele>440.6</ele><time>2021-12-12T17:39:44Z</time></trkpt>
<trkpt lat="37.088591" lon="-121.880219"><ele>441.3</ele><time>2021-12-12T17:39:49Z</time></trkpt>
<trkpt lat="37.088545" lon="-121.880118"><ele>441.7</ele><time>2021-12-12T17:39:52Z</time></trkpt>
<trkpt lat="37.088402" lon="-121.879651"><ele>443.8</ele><time>2021-12-12T17:40:07Z</time></trkpt>
<trkpt lat="37.088151" lon="-121.879110"><ele>445.9</ele><time>2021-12-12T17:40:29Z</time></trkpt>
<trkpt lat="37.088150" lon="-121.878753"><ele>446.2</ele><time>2021-12-12T17:40:39Z</time></trkpt>
<trkpt lat="37.088105" lon="-121.878636"><ele>446.3</ele><time>2021-12-12T17:40:42Z</time></trkpt>
<trkpt lat="37.088187" lon="-121.878497"><ele>446.4</ele><time>2021-12-12T17:40:46Z</time></trkpt>
<trkpt lat="37.088141" lon="-121.878273"><ele>446.8</ele><time>2021-12-12T17:40:51Z</time></trkpt>
<trkpt lat="37.088064" lon="-121.878113"><ele>447.1</ele><time>2021-12-12T17:40:55Z</time></trkpt>
<trkpt lat="37.088076" lon="-121.877485"><ele>449.7</ele><time>2021-12-12T17:41:16Z</time></trkpt>
<trkpt lat="37.088099" lon="-121.877267"><ele>451.2</ele><time>2021-12-12T17:41:27Z</time></trkpt>
<trkpt lat="37.088172" lon="-121.877278"><ele>451.7</ele><time>2021-12-12T17:42:16Z</time></trkpt>
<trkpt lat="37.088232" lon="-121.877234"><ele>452.2</ele><time>2021-12-12T17:43:00Z</time></trkpt>
<trkpt lat="37.087904" lon="-121.877024"><ele>453.3</ele><time>2021-12-12T17:43:05Z</time></trkpt>
<trkpt lat="37.087914" lon="-121.876975"><ele>453.3</ele><time>2021-12-12T17:43:07Z</time></trkpt>
<trkpt lat="37.087862" lon="-121.876899"><ele>453.4</ele><time>2021-12-12T17:43:08Z</time></trkpt>
<trkpt lat="37.087880" lon="-121.876771"><ele>453.7</ele><time>2021-12-12T17:43:10Z</time></trkpt>
<trkpt lat="37.087966" lon="-121.876566"><ele>454.5</ele><time>2021-12-12T17:43:15Z</time></trkpt>
<trkpt lat="37.087923" lon="-121.876419"><ele>455.3</ele><time>2021-12-12T17:43:19Z</time></trkpt>
<trkpt lat="37.088000" lon="-121.876291"><ele>456.2</ele><time>2021-12-12T17:43:25Z</time></trkpt>
<trkpt lat="37.088022" lon="-121.876129"><ele>456.8</ele><time>2021-12-12T17:43:32Z</time></trkpt>
<trkpt lat="37.088170" lon="-121.875845"><ele>457.5</ele><time>2021-12-12T17:43:38Z</time></trkpt>
<trkpt lat="37.088195" lon="-121.875662"><ele>458.1</ele><time>2021-12-12T17:43:43Z</time></trkpt>
<trkpt lat="37.088119" lon="-121.875517"><ele>458.7</ele><time>2021-12-12T17:43:48Z</time></trkpt>
<trkpt lat="37.088079" lon="-121.875292"><ele>459.3</ele><time>2021-12-12T17:43:53Z</time></trkpt>
<trkpt lat="37.087903" lon="-121.875078"><ele>459.6</ele><time>2021-12-12T17:44:01Z</time></trkpt>
<trkpt lat="37.087846" lon="-121.875060"><ele>459.7</ele><time>2021-12-12T17:44:02Z</time></trkpt>
<trkpt lat="37.087864" lon="-121.875012"><ele>459.7</ele><time>2021-12-12T17:44:03Z</time></trkpt>
<trkpt lat="37.087766" lon="-121.874784"><ele>460.3</ele><time>2021-12-12T17:44:07Z</time></trkpt>
<trkpt lat="37.087744" lon="-121.874645"><ele>460.9</ele><time>2021-12-12T17:44:11Z</time></trkpt>
<trkpt lat="37.087744" lon="-121.874601"><ele>461.0</ele><time>2021-12-12T17:44:12Z</time></trkpt>
<trkpt lat="37.087801" lon="-121.874548"><ele>461.5</ele><time>2021-12-12T17:44:15Z</time></trkpt>
<trkpt lat="37.087584" lon="-121.874023"><ele>463.9</ele><time>2021-12-12T17:44:37Z</time></trkpt>
<trkpt lat="37.087443" lon="-121.873502"><ele>467.1</ele><time>2021-12-12T17:44:58Z</time></trkpt>
<trkpt lat="37.087316" lon="-121.873212"><ele>468.7</ele><time>2021-12-12T17:45:13Z</time></trkpt>
<trkpt lat="37.087060" lon="-121.872467"><ele>470.7</ele><time>2021-12-12T17:45:34Z</time></trkpt>
<trkpt lat="37.087002" lon="-121.872395"><ele>471.0</ele><time>2021-12-12T17:45:36Z</time></trkpt>
<trkpt lat="37.086931" lon="-121.872382"><ele>471.3</ele><time>2021-12-12T17:45:38Z</time></trkpt>
<trkpt lat="37.086761" lon="-121.872440"><ele>472.0</ele><time>2021-12-12T17:45:45Z</time></trkpt>
<trkpt lat="37.086733" lon="-121.872417"><ele>472.2</ele><time>2021-12-12T17:45:47Z</time></trkpt>
<trkpt lat="37.086711" lon="-121.872195"><ele>472.8</ele><time>2021-12-12T17:45:49Z</time></trkpt>
<trkpt lat="37.086662" lon="-121.872116"><ele>473.1</ele><time>2021-12-12T17:45:51Z</time></trkpt>
<trkpt lat="37.086654" lon="-121.871985"><ele>473.5</ele><time>2021-12-12T17:45:55Z</time></trkpt>
<trkpt lat="37.086755" lon="-121.871673"><ele>474.7</ele><time>2021-12-12T17:46:04Z</time></trkpt>
<trkpt lat="37.086654" lon="-121.871393"><ele>475.9</ele><time>2021-12-12T17:46:11Z</time></trkpt>
<trkpt lat="37.086608" lon="-121.871345"><ele>476.2</ele><time>2021-12-12T17:46:13Z</time></trkpt>
<trkpt lat="37.086622" lon="-121.871190"><ele>476.8</ele><time>2021-12-12T17:46:16Z</time></trkpt>
<trkpt lat="37.086582" lon="-121.871067"><ele>477.5</ele><time>2021-12-12T17:46:18Z</time></trkpt>
<trkpt lat="37.086596" lon="-121.871009"><ele>477.7</ele><time>2021-12-12T17:46:19Z</time></trkpt>
<trkpt lat="37.086536" lon="-121.870941"><ele>478.2</ele><time>2021-12-12T17:46:22Z</time></trkpt>
<trkpt lat="37.086508" lon="-121.870814"><ele>478.9</ele><time>2021-12-12T17:46:26Z</time></trkpt>
<trkpt lat="37.086361" lon="-121.870722"><ele>480.0</ele><time>2021-12-12T17:46:33Z</time></trkpt>
<trkpt lat="37.086336" lon="-121.870661"><ele>480.6</ele><time>2021-12-12T17:46:38Z</time></trkpt>
<trkpt lat="37.086186" lon="-121.870604"><ele>481.6</ele><time>2021-12-12T17:46:45Z</time></trkpt>
<trkpt lat="37.086097" lon="-121.870402"><ele>482.7</ele><time>2021-12-12T17:46:55Z</time></trkpt>
<trkpt lat="37.086105" lon="-121.870345"><ele>483.0</ele><time>2021-12-12T17:46:56Z</time></trkpt>
<trkpt lat="37.085944" lon="-121.870265"><ele>483.8</ele><time>2021-12-12T17:47:02Z</time></trkpt>
<trkpt lat="37.085903" lon="-121.870068"><ele>484.8</ele><time>2021-12-12T17:47:08Z</time></trkpt>
<trkpt lat="37.085823" lon="-121.870032"><ele>485.3</ele><time>2021-12-12T17:47:11Z</time></trkpt>
<trkpt lat="37.085766" lon="-121.869952"><ele>486.0</ele><time>2021-12-12T17:47:15Z</time></trkpt>
<trkpt lat="37.085654" lon="-121.869680"><ele>487.9</ele><time>2021-12-12T17:47:24Z</time></trkpt>
<trkpt lat="37.085684" lon="-121.869550"><ele>488.8</ele><time>2021-12-12T17:47:28Z</time></trkpt>
<trkpt lat="37.085718" lon="-121.869525"><ele>489.1</ele><time>2021-12-12T17:47:29Z</time></trkpt>
<trkpt lat="37.085721" lon="-121.869429"><ele>489.7</ele><time>2021-12-12T17:47:32Z</time></trkpt>
<trkpt lat="37.085776" lon="-121.869345"><ele>490.3</ele><time>2021-12-12T17:47:35Z</time></trkpt>
<trkpt lat="37.085728" lon="-121.869240"><ele>491.1</ele><time>2021-12-12T17:47:41Z</time></trkpt>
<trkpt lat="37.085761" lon="-121.869010"><ele>492.6</ele><time>2021-12-12T17:47:49Z</time></trkpt>
<trkpt lat="37.085700" lon="-121.868955"><ele>493.3</ele><time>2021-12-12T17:47:52Z</time></trkpt>
<trkpt lat="37.085833" lon="-121.868856"><ele>494.5</ele><time>2021-12-12T17:47:56Z</time></trkpt>
<trkpt lat="37.085836" lon="-121.868791"><ele>494.9</ele><time>2021-12-12T17:47:59Z</time></trkpt>
<trkpt lat="37.085923" lon="-121.868734"><ele>495.7</ele><time>2021-12-12T17:48:07Z</time></trkpt>
<trkpt lat="37.085945" lon="-121.868607"><ele>496.2</ele><time>2021-12-12T17:48:11Z</time></trkpt>
<trkpt lat="37.085889" lon="-121.868443"><ele>496.8</ele><time>2021-12-12T17:48:17Z</time></trkpt>
<trkpt lat="37.085918" lon="-121.868368"><ele>497.0</ele><time>2021-12-12T17:48:19Z</time></trkpt>
<trkpt lat="37.085973" lon="-121.868428"><ele>497.4</ele><time>2021-12-12T17:48:23Z</time></trkpt>
<trkpt lat="37.086015" lon="-121.868381"><ele>497.6</ele><time>2021-12-12T17:48:43Z</time></trkpt>
<trkpt lat="37.086050" lon="-121.868393"><ele>497.8</ele><time>2021-12-12T17:48:45Z</time></trkpt>
<trkpt lat="37.085975" lon="-121.868393"><ele>498.2</ele><time>2021-12-12T17:48:48Z</time></trkpt>
<trkpt lat="37.086020" lon="-121.868362"><ele>498.5</ele><time>2021-12-12T17:49:35Z</time></trkpt>
<trkpt lat="37.086073" lon="-121.868368"><ele>498.8</ele><time>2021-12-12T17:49:37Z</time></trkpt>
<trkpt lat="37.085929" lon="-121.868349"><ele>500.0</ele><time>2021-12-12T17:49:44Z</time></trkpt>
<trkpt lat="37.085970" lon="-121.868328"><ele>500.7</ele><time>2021-12-12T17:49:49Z</time></trkpt>
<trkpt lat="37.085911" lon="-121.868226"><ele>501.5</ele><time>2021-12-12T17:49:55Z</time></trkpt>
<trkpt lat="37.085924" lon="-121.868137"><ele>502.1</ele><time>2021-12-12T17:49:57Z</time></trkpt>
<trkpt lat="37.085877" lon="-121.868127"><ele>502.6</ele><time>2021-12-12T17:49:59Z</time></trkpt>
<trkpt lat="37.085840" lon="-121.868046"><ele>503.3</ele><time>2021-12-12T17:50:01Z</time></trkpt>
<trkpt lat="37.085894" lon="-121.867937"><ele>504.2</ele><time>2021-12-12T17:50:07Z</time></trkpt>
<trkpt lat="37.085879" lon="-121.867761"><ele>505.6</ele><time>2021-12-12T17:50:13Z</time></trkpt>
<trkpt lat="37.085761" lon="-121.867491"><ele>507.2</ele><time>2021-12-12T17:50:27Z</time></trkpt>
<trkpt lat="37.085697" lon="-121.867418"><ele>507.5</ele><time>2021-12-12T17:50:32Z</time></trkpt>
<trkpt lat="37.085637" lon="-121.867217"><ele>507.8</ele><time>2021-12-12T17:50:42Z</time></trkpt>
<trkpt lat="37.085526" lon="-121.867079"><ele>508.0</ele><time>2021-12-12T17:50:51Z</time></trkpt>
<trkpt lat="37.085478" lon="-121.866919"><ele>508.2</ele><time>2021-12-12T17:50:57Z</time></trkpt>
<trkpt lat="37.085523" lon="-121.866661"><ele>508.8</ele><time>2021-12-12T17:51:04Z</time></trkpt>
<trkpt lat="37.085376" lon="-121.866161"><ele>510.9</ele><time>2021-12-12T17:51:16Z</time></trkpt>
<trkpt lat="37.085412" lon="-121.865924"><ele>512.0</ele><time>2021-12-12T17:51:22Z</time></trkpt>
<trkpt lat="37.085525" lon="-121.865724"><ele>513.0</ele><time>2021-12-12T17:51:25Z</time></trkpt>
<trkpt lat="37.085306" lon="-121.865825"><ele>514.1</ele><time>2021-12-12T17:51:28Z</time></trkpt>
<trkpt lat="37.085277" lon="-121.865778"><ele>514.4</ele><time>2021-12-12T17:51:30Z</time></trkpt>
<trkpt lat="37.085265" lon="-121.865555"><ele>515.4</ele><time>2021-12-12T17:51:34Z</time></trkpt>
<trkpt lat="37.085194" lon="-121.865314"><ele>516.6</ele><time>2021-12-12T17:51:38Z</time></trkpt>
<trkpt lat="37.085124" lon="-121.865291"><ele>517.0</ele><time>2021-12-12T17:51:41Z</time></trkpt>
<trkpt lat="37.084969" lon="-121.865126"><ele>518.0</ele><time>2021-12-12T17:51:51Z</time></trkpt>
<trkpt lat="37.084960" lon="-121.864764"><ele>519.7</ele><time>2021-12-12T17:52:02Z</time></trkpt>
<trkpt lat="37.085020" lon="-121.864554"><ele>521.1</ele><time>2021-12-12T17:52:09Z</time></trkpt>
<trkpt lat="37.084950" lon="-121.864490"><ele>521.7</ele><time>2021-12-12T17:52:12Z</time></trkpt>
<trkpt lat="37.084880" lon="-121.864177"><ele>523.1</ele><time>2021-12-12T17:52:23Z</time></trkpt>
<trkpt lat="37.084790" lon="-121.864151"><ele>523.5</ele><time>2021-12-12T17:52:27Z</time></trkpt>
<trkpt lat="37.084726" lon="-121.864055"><ele>523.9</ele><time>2021-12-12T17:52:32Z</time></trkpt>
<trkpt lat="37.084715" lon="-121.863981"><ele>524.1</ele><time>2021-12-12T17:52:35Z</time></trkpt>
<trkpt lat="37.084604" lon="-121.863907"><ele>524.6</ele><time>2021-12-12T17:52:40Z</time></trkpt>
<trkpt lat="37.084623" lon="-121.863588"><ele>525.5</ele><time>2021-12-12T17:52:48Z</time></trkpt>
<trkpt lat="37.084725" lon="-121.863378"><ele>526.0</ele><time>2021-12-12T17:52:55Z</time></trkpt>
<trkpt lat="37.084752" lon="-121.863237"><ele>526.1</ele><time>2021-12-12T17:53:00Z</time></trkpt>
<trkpt lat="37.084668" lon="-121.863165"><ele>526.0</ele><time>2021-12-12T17:53:04Z</time></trkpt>
<trkpt lat="37.084579" lon="-121.862848"><ele>525.4</ele><time>2021-12-12T17:53:16Z</time></trkpt>
<trkpt lat="37.084537" lon="-121.862852"><ele>525.3</ele><time>2021-12-12T17:53:17Z</time></trkpt>
<trkpt lat="37.084500" lon="-121.862793"><ele>525.0</ele><time>2021-12-12T17:53:19Z</time></trkpt>
<trkpt lat="37.084400" lon="-121.862780"><ele>524.6</ele><time>2021-12-12T17:53:22Z</time></trkpt>
<trkpt lat="37.084389" lon="-121.862732"><ele>524.5</ele><time>2021-12-12T17:53:23Z</time></trkpt>
<trkpt lat="37.084495" lon="-121.862517"><ele>523.7</ele><time>2021-12-12T17:53:27Z</time></trkpt>
<trkpt lat="37.084500" lon="-121.862451"><ele>523.5</ele><time>2021-12-12T17:53:28Z</time></trkpt>
<trkpt lat="37.084392" lon="-121.862165"><ele>522.9</ele><time>2021-12-12T17:53:34Z</time></trkpt>
<trkpt lat="37.084425" lon="-121.862080"><ele>522.7</ele><time>2021-12-12T17:53:36Z</time></trkpt>
<trkpt lat="37.084372" lon="-121.861948"><ele>522.6</ele><time>2021-12-12T17:53:39Z</time></trkpt>
<trkpt lat="37.084419" lon="-121.861717"><ele>522.4</ele><time>2021-12-12T17:53:44Z</time></trkpt>
<trkpt lat="37.084261" lon="-121.861479"><ele>522.4</ele><time>2021-12-12T17:53:50Z</time></trkpt>
<trkpt lat="37.084240" lon="-121.861406"><ele>522.5</ele><time>2021-12-12T17:53:52Z</time></trkpt>
<trkpt lat="37.084258" lon="-121.861363"><ele>522.6</ele><time>2021-12-12T17:53:53Z</time></trkpt>
<trkpt lat="37.084202" lon="-121.861258"><ele>522.7</ele><time>2021-12-12T17:53:55Z</time></trkpt>
<trkpt lat="37.084073" lon="-121.861117"><ele>522.9</ele><time>2021-12-12T17:53:59Z</time></trkpt>
<trkpt lat="37.084043" lon="-121.860965"><ele>522.7</ele><time>2021-12-12T17:54:02Z</time></trkpt>
<trkpt lat="37.083986" lon="-121.860915"><ele>522.6</ele><time>2021-12-12T17:54:04Z</time></trkpt>
<trkpt lat="37.083959" lon="-121.860785"><ele>522.3</ele><time>2021-12-12T17:54:07Z</time></trkpt>
<trkpt lat="37.083985" lon="-121.860679"><ele>522.1</ele><time>2021-12-12T17:54:09Z</time></trkpt>
<trkpt lat="37.083943" lon="-121.860571"><ele>521.8</ele><time>2021-12-12T17:54:12Z</time></trkpt>
<trkpt lat="37.083944" lon="-121.860125"><ele>520.9</ele><time>2021-12-12T17:54:21Z</time></trkpt>
<trkpt lat="37.083854" lon="-121.859715"><ele>520.3</ele><time>2021-12-12T17:54:24Z</time></trkpt>
<trkpt lat="37.083752" lon="-121.859485"><ele>520.2</ele><time>2021-12-12T17:54:26Z</time></trkpt>
<trkpt lat="37.083688" lon="-121.859132"><ele>519.9</ele><time>2021-12-12T17:54:29Z</time></trkpt>
<trkpt lat="37.083564" lon="-121.858695"><ele>519.3</ele><time>2021-12-12T17:54:35Z</time></trkpt>
<trkpt lat="37.083553" lon="-121.858532"><ele>519.1</ele><time>2021-12-12T17:54:37Z</time></trkpt>
<trkpt lat="37.083604" lon="-121.858470"><ele>519.0</ele><time>2021-12-12T17:54:38Z</time></trkpt>
<trkpt lat="37.083715" lon="-121.858137"><ele>518.5</ele><time>2021-12-12T17:54:43Z</time></trkpt>
<trkpt lat="37.083681" lon="-121.858037"><ele>518.4</ele><time>2021-12-12T17:54:45Z</time></trkpt>
<trkpt lat="37.083710" lon="-121.857870"><ele>518.2</ele><time>2021-12-12T17:54:48Z</time></trkpt>
<trkpt lat="37.083686" lon="-121.857825"><ele>518.2</ele><time>2021-12-12T17:54:49Z</time></trkpt>
<trkpt lat="37.083692" lon="-121.857690"><ele>518.0</ele><time>2021-12-12T17:54:51Z</time></trkpt>
<trkpt lat="37.083564" lon="-121.857366"><ele>517.5</ele><time>2021-12-12T17:54:56Z</time></trkpt>
<trkpt lat="37.083530" lon="-121.857189"><ele>517.2</ele><time>2021-12-12T17:54:58Z</time></trkpt>
<trkpt lat="37.083599" lon="-121.856947"><ele>516.9</ele><time>2021-12-12T17:55:01Z</time></trkpt>
<trkpt lat="37.083577" lon="-121.856660"><ele>516.4</ele><time>2021-12-12T17:55:06Z</time></trkpt>
<trkpt lat="37.083424" lon="-121.856495"><ele>515.7</ele><time>2021-12-12T17:55:09Z</time></trkpt>
<trkpt lat="37.083372" lon="-121.856391"><ele>515.4</ele><time>2021-12-12T17:55:11Z</time></trkpt>
<trkpt lat="37.083466" lon="-121.856067"><ele>514.2</ele><time>2021-12-12T17:55:17Z</time></trkpt>
<trkpt lat="37.083465" lon="-121.855798"><ele>513.2</ele><time>2021-12-12T17:55:21Z</time></trkpt>
<trkpt lat="37.083388" lon="-121.855630"><ele>512.4</ele><time>2021-12-12T17:55:23Z</time></trkpt>
<trkpt lat="37.083398" lon="-121.855536"><ele>512.0</ele><time>2021-12-12T17:55:24Z</time></trkpt>
<trkpt lat="37.083322" lon="-121.855476"><ele>511.6</ele><time>2021-12-12T17:55:25Z</time></trkpt>
<trkpt lat="37.083223" lon="-121.855237"><ele>511.0</ele><time>2021-12-12T17:55:28Z</time></trkpt>
<trkpt lat="37.083185" lon="-121.855069"><ele>510.8</ele><time>2021-12-12T17:55:31Z</time></trkpt>
<trkpt lat="37.083193" lon="-121.854973"><ele>510.7</ele><time>2021-12-12T17:55:32Z</time></trkpt>
<trkpt lat="37.083162" lon="-121.854909"><ele>510.6</ele><time>2021-12-12T17:55:33Z</time></trkpt>
<trkpt lat="37.083145" lon="-121.854598"><ele>510.4</ele><time>2021-12-12T17:55:38Z</time></trkpt>
<trkpt lat="37.083104" lon="-121.854495"><ele>510.5</ele><time>2021-12-12T17:55:40Z</time></trkpt>
<trkpt lat="37.083075" lon="-121.854444"><ele>510.5</ele><time>2021-12-12T17:55:41Z</time></trkpt>
<trkpt lat="37.083043" lon="-121.854464"><ele>510.5</ele><time>2021-12-12T17:55:42Z</time></trkpt>
<trkpt lat="37.082939" lon="-121.854281"><ele>510.6</ele><time>2021-12-12T17:55:48Z</time></trkpt>
<trkpt lat="37.082919" lon="-121.854109"><ele>510.6</ele><time>2021-12-12T17:55:50Z</time></trkpt>
<trkpt lat="37.082840" lon="-121.854047"><ele>510.5</ele><time>2021-12-12T17:55:52Z</time></trkpt>
<trkpt lat="37.082640" lon="-121.853738"><ele>510.7</ele><time>2021-12-12T17:56:02Z</time></trkpt>
<trkpt lat="37.082559" lon="-121.853408"><ele>510.7</ele><time>2021-12-12T17:56:09Z</time></trkpt>
<trkpt lat="37.082534" lon="-121.853396"><ele>510.7</ele><time>2021-12-12T17:56:10Z</time></trkpt>
<trkpt lat="37.082580" lon="-121.853281"><ele>510.7</ele><time>2021-12-12T17:56:19Z</time></trkpt>
<trkpt lat="37.082468" lon="-121.853307"><ele>510.7</ele><time>2021-12-12T17:56:36Z</time></trkpt>
<trkpt lat="37.082513" lon="-121.853232"><ele>510.6</ele><time>2021-12-12T17:56:39Z</time></trkpt>
<trkpt lat="37.082487" lon="-121.853324"><ele>510.4</ele><time>2021-12-12T17:56:55Z</time></trkpt>
<trkpt lat="37.082468" lon="-121.853292"><ele>510.3</ele><time>2021-12-12T17:56:58Z</time></trkpt>
<trkpt lat="37.082388" lon="-121.853297"><ele>510.2</ele><time>2021-12-12T17:57:02Z</time></trkpt>
<trkpt lat="37.082319" lon="-121.852988"><ele>510.1</ele><time>2021-12-12T17:57:08Z</time></trkpt>
<trkpt lat="37.082286" lon="-121.852954"><ele>510.1</ele><time>2021-12-12T17:57:09Z</time></trkpt>
<trkpt lat="37.082223" lon="-121.852684"><ele>510.1</ele><time>2021-12-12T17:57:14Z</time></trkpt>
<trkpt lat="37.082141" lon="-121.852490"><ele>510.0</ele><time>2021-12-12T17:57:19Z</time></trkpt>
<trkpt lat="37.082122" lon="-121.852345"><ele>509.9</ele><time>2021-12-12T17:57:22Z</time></trkpt>
<trkpt lat="37.081990" lon="-121.852143"><ele>509.6</ele><time>2021-12-12T17:57:27Z</time></trkpt>
<trkpt lat="37.081923" lon="-121.851883"><ele>509.3</ele><time>2021-12-12T17:57:33Z</time></trkpt>
<trkpt lat="37.081800" lon="-121.851795"><ele>509.2</ele><time>2021-12-12T17:57:37Z</time></trkpt>
<trkpt lat="37.081781" lon="-121.851715"><ele>509.1</ele><time>2021-12-12T17:57:39Z</time></trkpt>
<trkpt lat="37.081624" lon="-121.851512"><ele>509.1</ele><time>2021-12-12T17:57:45Z</time></trkpt>
<trkpt lat="37.081583" lon="-121.851382"><ele>509.0</ele><time>2021-12-12T17:57:49Z</time></trkpt>
<trkpt lat="37.081606" lon="-121.851368"><ele>508.9</ele><time>2021-12-12T17:57:50Z</time></trkpt>
<trkpt lat="37.081584" lon="-121.851308"><ele>508.8</ele><time>2021-12-12T17:57:52Z</time></trkpt>
<trkpt lat="37.081635" lon="-121.850954"><ele>507.9</ele><time>2021-12-12T17:57:56Z</time></trkpt>
<trkpt lat="37.081663" lon="-121.850897"><ele>507.7</ele><time>2021-12-12T17:57:57Z</time></trkpt>
<trkpt lat="37.081829" lon="-121.850807"><ele>504.3</ele><time>2021-12-12T17:57:59Z</time></trkpt>
<trkpt lat="37.081908" lon="-121.850720"><ele>503.3</ele><time>2021-12-12T17:58:01Z</time></trkpt>
<trkpt lat="37.081933" lon="-121.850504"><ele>502.4</ele><time>2021-12-12T17:58:04Z</time></trkpt>
<trkpt lat="37.081892" lon="-121.850406"><ele>502.4</ele><time>2021-12-12T17:58:05Z</time></trkpt>
<trkpt lat="37.081797" lon="-121.850362"><ele>502.4</ele><time>2021-12-12T17:58:06Z</time></trkpt>
<trkpt lat="37.081694" lon="-121.850254"><ele>502.3</ele><time>2021-12-12T17:58:09Z</time></trkpt>
<trkpt lat="37.081680" lon="-121.850128"><ele>502.3</ele><time>2021-12-12T17:58:11Z</time></trkpt>
<trkpt lat="37.081612" lon="-121.850069"><ele>502.3</ele><time>2021-12-12T17:58:13Z</time></trkpt>
<trkpt lat="37.081446" lon="-121.849700"><ele>502.5</ele><time>2021-12-12T17:58:20Z</time></trkpt>
<trkpt lat="37.081233" lon="-121.849478"><ele>503.0</ele><time>2021-12-12T17:58:30Z</time></trkpt>
<trkpt lat="37.081200" lon="-121.849379"><ele>503.2</ele><time>2021-12-12T17:58:37Z</time></trkpt>
<trkpt lat="37.081239" lon="-121.849379"><ele>503.3</ele><time>2021-12-12T17:58:39Z</time></trkpt>
<trkpt lat="37.081179" lon="-121.849369"><ele>503.4</ele><time>2021-12-12T17:58:45Z</time></trkpt>
<trkpt lat="37.081226" lon="-121.849398"><ele>503.5</ele><time>2021-12-12T17:59:02Z</time></trkpt>
<trkpt lat="37.081205" lon="-121.849395"><ele>503.6</ele><time>2021-12-12T17:59:05Z</time></trkpt>
</trkseg></trk>
</gpx>
