<?xml version="1.0" encoding="UTF-8"?>
<gpx version="1.1" creator="Eric Sichak trip reports" xmlns="http://www.topografix.com/GPX/1/1">
<metadata><name>First ride back in awhile</name><time>2022-09-03T15:48:14Z</time></metadata>
<trk><name>First ride back in awhile</name><type>mtb</type><trkseg>
<trkpt lat="37.082600" lon="-121.851505"><ele>500.1</ele><time>2022-09-03T15:48:14Z</time></trkpt>
<trkpt lat="37.082666" lon="-121.851398"><ele>500.4</ele><time>2022-09-03T15:48:22Z</time></trkpt>
<trkpt lat="37.082613" lon="-121.851435"><ele>500.5</ele><time>2022-09-03T15:48:24Z</time></trkpt>
<trkpt lat="37.082515" lon="-121.851407"><ele>500.8</ele><time>2022-09-03T15:48:27Z</time></trkpt>
<trkpt lat="37.082363" lon="-121.851210"><ele>501.3</ele><time>2022-09-03T15:48:32Z</time></trkpt>
<trkpt lat="37.082166" lon="-121.851050"><ele>501.8</ele><time>2022-09-03T15:48:37Z</time></trkpt>
<trkpt lat="37.082005" lon="-121.850772"><ele>502.3</ele><time>2022-09-03T15:48:41Z</time></trkpt>
<trkpt lat="37.081889" lon="-121.850757"><ele>503.7</ele><time>2022-09-03T15:48:43Z</time></trkpt>
<trkpt lat="37.081897" lon="-121.850795"><ele>503.8</ele><time>2022-09-03T15:48:44Z</time></trkpt>
<trkpt lat="37.081892" lon="-121.850759"><ele>504.0</ele><time>2022-09-03T15:48:46Z</time></trkpt>
<trkpt lat="37.081880" lon="-121.850809"><ele>504.1</ele><time>2022-09-03T15:48:48Z</time></trkpt>
<trkpt lat="37.081787" lon="-121.850878"><ele>505.6</ele><time>2022-09-03T15:48:52Z</time></trkpt>
<trkpt lat="37.081732" lon="-121.850978"><ele>507.9</ele><time>2022-09-03T15:48:56Z</time></trkpt>
<trkpt lat="37.081796" lon="-121.851414"><ele>508.9</ele><time>2022-09-03T15:49:19Z</time></trkpt>
<trkpt lat="37.081879" lon="-121.851547"><ele>509.1</ele><time>2022-09-03T15:49:24Z</time></trkpt>
<trkpt lat="37.081897" lon="-121.851649"><ele>509.2</ele><time>2022-09-03T15:49:26Z</time></trkpt>
<trkpt lat="37.081981" lon="-121.851714"><ele>509.2</ele><time>2022-09-03T15:49:29Z</time></trkpt>
<trkpt lat="37.081930" lon="-121.851887"><ele>509.3</ele><time>2022-09-03T15:49:32Z</time></trkpt>
<trkpt lat="37.081944" lon="-121.851945"><ele>509.3</ele><time>2022-09-03T15:49:33Z</time></trkpt>
<trkpt lat="37.082001" lon="-121.852046"><ele>509.4</ele><time>2022-09-03T15:49:35Z</time></trkpt>
<trkpt lat="37.082129" lon="-121.852135"><ele>509.6</ele><time>2022-09-03T15:49:38Z</time></trkpt>
<trkpt lat="37.082189" lon="-121.852258"><ele>509.8</ele><time>2022-09-03T15:49:41Z</time></trkpt>
<trkpt lat="37.082275" lon="-121.852698"><ele>510.3</ele><time>2022-09-03T15:49:51Z</time></trkpt>
<trkpt lat="37.082337" lon="-121.852747"><ele>510.3</ele><time>2022-09-03T15:49:52Z</time></trkpt>
<trkpt lat="37.082438" lon="-121.852725"><ele>510.3</ele><time>2022-09-03T15:49:56Z</time></trkpt>
<trkpt lat="37.082443" lon="-121.852908"><ele>510.1</ele><time>2022-09-03T15:49:59Z</time></trkpt>
<trkpt lat="37.082475" lon="-121.853003"><ele>510.2</ele><time>2022-09-03T15:50:02Z</time></trkpt>
<trkpt lat="37.082456" lon="-121.853146"><ele>510.3</ele><time>2022-09-03T15:50:05Z</time></trkpt>
<trkpt lat="37.082548" lon="-121.853402"><ele>510.9</ele><time>2022-09-03T15:50:13Z</time></trkpt>
<trkpt lat="37.082557" lon="-121.853573"><ele>511.1</ele><time>2022-09-03T15:50:17Z</time></trkpt>
<trkpt lat="37.082613" lon="-121.853667"><ele>511.2</ele><time>2022-09-03T15:50:19Z</time></trkpt>
<trkpt lat="37.082573" lon="-121.853926"><ele>511.1</ele><time>2022-09-03T15:50:25Z</time></trkpt>
<trkpt lat="37.082639" lon="-121.854012"><ele>511.1</ele><time>2022-09-03T15:50:27Z</time></trkpt>
<trkpt lat="37.082665" lon="-121.854120"><ele>511.0</ele><time>2022-09-03T15:50:30Z</time></trkpt>
<trkpt lat="37.082662" lon="-121.854204"><ele>511.0</ele><time>2022-09-03T15:50:32Z</time></trkpt>
<trkpt lat="37.082696" lon="-121.854269"><ele>511.0</ele><time>2022-09-03T15:50:34Z</time></trkpt>
<trkpt lat="37.082667" lon="-121.854384"><ele>511.0</ele><time>2022-09-03T15:50:37Z</time></trkpt>
<trkpt lat="37.082699" lon="-121.854490"><ele>510.9</ele><time>2022-09-03T15:50:40Z</time></trkpt>
<trkpt lat="37.082782" lon="-121.854686"><ele>510.9</ele><time>2022-09-03T15:50:46Z</time></trkpt>
<trkpt lat="37.082948" lon="-121.854815"><ele>510.8</ele><time>2022-09-03T15:50:50Z</time></trkpt>
<trkpt lat="37.082965" lon="-121.854899"><ele>510.8</ele><time>2022-09-03T15:50:52Z</time></trkpt>
<trkpt lat="37.083069" lon="-121.854966"><ele>510.8</ele><time>2022-09-03T15:50:54Z</time></trkpt>
<trkpt lat="37.083066" lon="-121.855019"><ele>510.8</ele><time>2022-09-03T15:50:55Z</time></trkpt>
<trkpt lat="37.083178" lon="-121.855081"><ele>510.8</ele><time>2022-09-03T15:50:57Z</time></trkpt>
<trkpt lat="37.083147" lon="-121.855577"><ele>511.3</ele><time>2022-09-03T15:51:06Z</time></trkpt>
<trkpt lat="37.083063" lon="-121.855755"><ele>511.6</ele><time>2022-09-03T15:51:09Z</time></trkpt>
<trkpt lat="37.083039" lon="-121.855913"><ele>512.1</ele><time>2022-09-03T15:51:12Z</time></trkpt>
<trkpt lat="37.083176" lon="-121.856040"><ele>512.8</ele><time>2022-09-03T15:51:15Z</time></trkpt>
<trkpt lat="37.083188" lon="-121.856111"><ele>513.1</ele><time>2022-09-03T15:51:16Z</time></trkpt>
<trkpt lat="37.083145" lon="-121.856195"><ele>513.5</ele><time>2022-09-03T15:51:17Z</time></trkpt>
<trkpt lat="37.083156" lon="-121.856267"><ele>513.8</ele><time>2022-09-03T15:51:18Z</time></trkpt>
<trkpt lat="37.083257" lon="-121.856513"><ele>515.0</ele><time>2022-09-03T15:51:23Z</time></trkpt>
<trkpt lat="37.083234" lon="-121.856694"><ele>515.7</ele><time>2022-09-03T15:51:26Z</time></trkpt>
<trkpt lat="37.083183" lon="-121.856729"><ele>515.9</ele><time>2022-09-03T15:51:27Z</time></trkpt>
<trkpt lat="37.083193" lon="-121.856863"><ele>516.2</ele><time>2022-09-03T15:51:30Z</time></trkpt>
<trkpt lat="37.083320" lon="-121.857103"><ele>516.9</ele><time>2022-09-03T15:51:35Z</time></trkpt>
<trkpt lat="37.083454" lon="-121.857221"><ele>517.3</ele><time>2022-09-03T15:51:38Z</time></trkpt>
<trkpt lat="37.083477" lon="-121.857347"><ele>517.5</ele><time>2022-09-03T15:51:40Z</time></trkpt>
<trkpt lat="37.083442" lon="-121.857380"><ele>517.6</ele><time>2022-09-03T15:51:41Z</time></trkpt>
<trkpt lat="37.083465" lon="-121.857440"><ele>517.8</ele><time>2022-09-03T15:51:42Z</time></trkpt>
<trkpt lat="37.083442" lon="-121.857530"><ele>517.9</ele><time>2022-09-03T15:51:43Z</time></trkpt>
<trkpt lat="37.083518" lon="-121.857602"><ele>518.1</ele><time>2022-09-03T15:51:45Z</time></trkpt>
<trkpt lat="37.083523" lon="-121.857757"><ele>518.3</ele><time>2022-09-03T15:51:48Z</time></trkpt>
<trkpt lat="37.083471" lon="-121.858077"><ele>518.6</ele><time>2022-09-03T15:51:53Z</time></trkpt>
<trkpt lat="37.083508" lon="-121.858118"><ele>518.6</ele><time>2022-09-03T15:51:54Z</time></trkpt>
<trkpt lat="37.083519" lon="-121.858234"><ele>518.7</ele><time>2022-09-03T15:51:56Z</time></trkpt>
<trkpt lat="37.083605" lon="-121.858351"><ele>518.8</ele><time>2022-09-03T15:51:58Z</time></trkpt>
<trkpt lat="37.083626" lon="-121.858467"><ele>518.9</ele><time>2022-09-03T15:52:00Z</time></trkpt>
<trkpt lat="37.083571" lon="-121.858647"><ele>519.2</ele><time>2022-09-03T15:52:04Z</time></trkpt>
<trkpt lat="37.083583" lon="-121.859027"><ele>519.8</ele><time>2022-09-03T15:52:12Z</time></trkpt>
<trkpt lat="37.083559" lon="-121.859057"><ele>519.8</ele><time>2022-09-03T15:52:13Z</time></trkpt>
<trkpt lat="37.083634" lon="-121.859134"><ele>519.9</ele><time>2022-09-03T15:52:15Z</time></trkpt>
<trkpt lat="37.083874" lon="-121.859239"><ele>520.2</ele><time>2022-09-03T15:52:19Z</time></trkpt>
<trkpt lat="37.083895" lon="-121.859359"><ele>520.2</ele><time>2022-09-03T15:52:21Z</time></trkpt>
<trkpt lat="37.084015" lon="-121.859513"><ele>520.3</ele><time>2022-09-03T15:52:24Z</time></trkpt>
<trkpt lat="37.084003" lon="-121.859806"><ele>520.4</ele><time>2022-09-03T15:52:28Z</time></trkpt>
<trkpt lat="37.084042" lon="-121.859865"><ele>520.5</ele><time>2022-09-03T15:52:29Z</time></trkpt>
<trkpt lat="37.084017" lon="-121.860218"><ele>521.0</ele><time>2022-09-03T15:52:33Z</time></trkpt>
<trkpt lat="37.084066" lon="-121.860360"><ele>521.4</ele><time>2022-09-03T15:52:35Z</time></trkpt>
<trkpt lat="37.084022" lon="-121.860532"><ele>521.8</ele><time>2022-09-03T15:52:38Z</time></trkpt>
<trkpt lat="37.084114" lon="-121.860622"><ele>522.2</ele><time>2022-09-03T15:52:40Z</time></trkpt>
<trkpt lat="37.084086" lon="-121.860670"><ele>522.3</ele><time>2022-09-03T15:52:41Z</time></trkpt>
<trkpt lat="37.084108" lon="-121.860696"><ele>522.4</ele><time>2022-09-03T15:52:42Z</time></trkpt>
<trkpt lat="37.084105" lon="-121.860817"><ele>522.7</ele><time>2022-09-03T15:52:44Z</time></trkpt>
<trkpt lat="37.084158" lon="-121.860876"><ele>522.8</ele><time>2022-09-03T15:52:45Z</time></trkpt>
<trkpt lat="37.084102" lon="-121.861013"><ele>523.0</ele><time>2022-09-03T15:52:48Z</time></trkpt>
<trkpt lat="37.084128" lon="-121.861245"><ele>522.9</ele><time>2022-09-03T15:52:52Z</time></trkpt>
<trkpt lat="37.084271" lon="-121.861405"><ele>522.6</ele><time>2022-09-03T15:52:56Z</time></trkpt>
<trkpt lat="37.084297" lon="-121.861509"><ele>522.4</ele><time>2022-09-03T15:52:58Z</time></trkpt>
<trkpt lat="37.084375" lon="-121.861596"><ele>522.3</ele><time>2022-09-03T15:53:00Z</time></trkpt>
<trkpt lat="37.084390" lon="-121.861713"><ele>522.2</ele><time>2022-09-03T15:53:02Z</time></trkpt>
<trkpt lat="37.084465" lon="-121.861807"><ele>522.2</ele><time>2022-09-03T15:53:04Z</time></trkpt>
<trkpt lat="37.084426" lon="-121.862030"><ele>522.4</ele><time>2022-09-03T15:53:08Z</time></trkpt>
<trkpt lat="37.084510" lon="-121.862105"><ele>522.6</ele><time>2022-09-03T15:53:10Z</time></trkpt>
<trkpt lat="37.084498" lon="-121.862212"><ele>522.8</ele><time>2022-09-03T15:53:11Z</time></trkpt>
<trkpt lat="37.084442" lon="-121.862266"><ele>523.0</ele><time>2022-09-03T15:53:13Z</time></trkpt>
<trkpt lat="37.084448" lon="-121.862414"><ele>523.3</ele><time>2022-09-03T15:53:16Z</time></trkpt>
<trkpt lat="37.084578" lon="-121.862605"><ele>524.2</ele><time>2022-09-03T15:53:19Z</time></trkpt>
<trkpt lat="37.084673" lon="-121.862668"><ele>524.7</ele><time>2022-09-03T15:53:21Z</time></trkpt>
<trkpt lat="37.084718" lon="-121.862854"><ele>525.3</ele><time>2022-09-03T15:53:24Z</time></trkpt>
<trkpt lat="37.084667" lon="-121.862895"><ele>525.6</ele><time>2022-09-03T15:53:25Z</time></trkpt>
<trkpt lat="37.084713" lon="-121.862960"><ele>525.8</ele><time>2022-09-03T15:53:26Z</time></trkpt>
<trkpt lat="37.084698" lon="-121.863066"><ele>526.0</ele><time>2022-09-03T15:53:28Z</time></trkpt>
<trkpt lat="37.084593" lon="-121.863196"><ele>526.2</ele><time>2022-09-03T15:53:31Z</time></trkpt>
<trkpt lat="37.084650" lon="-121.863259"><ele>526.3</ele><time>2022-09-03T15:53:32Z</time></trkpt>
<trkpt lat="37.084590" lon="-121.863331"><ele>526.2</ele><time>2022-09-03T15:53:34Z</time></trkpt>
<trkpt lat="37.084659" lon="-121.863347"><ele>526.0</ele><time>2022-09-03T15:53:35Z</time></trkpt>
<trkpt lat="37.084727" lon="-121.863465"><ele>525.7</ele><time>2022-09-03T15:53:39Z</time></trkpt>
<trkpt lat="37.084687" lon="-121.863572"><ele>525.4</ele><time>2022-09-03T15:53:42Z</time></trkpt>
<trkpt lat="37.084703" lon="-121.863597"><ele>525.3</ele><time>2022-09-03T15:53:43Z</time></trkpt>
<trkpt lat="37.084501" lon="-121.863950"><ele>524.1</ele><time>2022-09-03T15:53:51Z</time></trkpt>
<trkpt lat="37.084569" lon="-121.864311"><ele>522.8</ele><time>2022-09-03T15:53:55Z</time></trkpt>
<trkpt lat="37.084629" lon="-121.864411"><ele>522.3</ele><time>2022-09-03T15:53:56Z</time></trkpt>
<trkpt lat="37.084575" lon="-121.864546"><ele>520.5</ele><time>2022-09-03T15:53:57Z</time></trkpt>
<trkpt lat="37.084613" lon="-121.864683"><ele>518.9</ele><time>2022-09-03T15:53:58Z</time></trkpt>
<trkpt lat="37.084498" lon="-121.865131"><ele>519.5</ele><time>2022-09-03T15:54:01Z</time></trkpt>
<trkpt lat="37.084513" lon="-121.865268"><ele>521.6</ele><time>2022-09-03T15:54:02Z</time></trkpt>
<trkpt lat="37.084485" lon="-121.865463"><ele>527.4</ele><time>2022-09-03T15:54:03Z</time></trkpt>
<trkpt lat="37.084524" lon="-121.865596"><ele>526.5</ele><time>2022-09-03T15:54:04Z</time></trkpt>
<trkpt lat="37.084554" lon="-121.866208"><ele>532.8</ele><time>2022-09-03T15:54:08Z</time></trkpt>
<trkpt lat="37.084534" lon="-121.866492"><ele>534.4</ele><time>2022-09-03T15:54:10Z</time></trkpt>
<trkpt lat="37.084477" lon="-121.866722"><ele>533.2</ele><time>2022-09-03T15:54:12Z</time></trkpt>
<trkpt lat="37.084554" lon="-121.866888"><ele>526.8</ele><time>2022-09-03T15:54:13Z</time></trkpt>
<trkpt lat="37.085357" lon="-121.868471"><ele>501.3</ele><time>2022-09-03T15:54:14Z</time></trkpt>
<trkpt lat="37.085491" lon="-121.868849"><ele>493.8</ele><time>2022-09-03T15:54:16Z</time></trkpt>
<trkpt lat="37.085685" lon="-121.869463"><ele>489.5</ele><time>2022-09-03T15:54:19Z</time></trkpt>
<trkpt lat="37.086010" lon="-121.869968"><ele>485.1</ele><time>2022-09-03T15:54:23Z</time></trkpt>
<trkpt lat="37.086157" lon="-121.870094"><ele>484.0</ele><time>2022-09-03T15:54:24Z</time></trkpt>
<trkpt lat="37.086452" lon="-121.870487"><ele>481.2</ele><time>2022-09-03T15:54:28Z</time></trkpt>
<trkpt lat="37.086647" lon="-121.870808"><ele>478.6</ele><time>2022-09-03T15:54:31Z</time></trkpt>
<trkpt lat="37.086719" lon="-121.871580"><ele>475.3</ele><time>2022-09-03T15:54:37Z</time></trkpt>
<trkpt lat="37.086862" lon="-121.872010"><ele>473.6</ele><time>2022-09-03T15:54:41Z</time></trkpt>
<trkpt lat="37.087103" lon="-121.872440"><ele>472.1</ele><time>2022-09-03T15:54:46Z</time></trkpt>
<trkpt lat="37.087160" lon="-121.872409"><ele>471.8</ele><time>2022-09-03T15:54:47Z</time></trkpt>
<trkpt lat="37.087167" lon="-121.872505"><ele>471.5</ele><time>2022-09-03T15:54:48Z</time></trkpt>
<trkpt lat="37.087271" lon="-121.872639"><ele>470.9</ele><time>2022-09-03T15:54:50Z</time></trkpt>
<trkpt lat="37.087357" lon="-121.872920"><ele>470.2</ele><time>2022-09-03T15:54:53Z</time></trkpt>
<trkpt lat="37.087383" lon="-121.873294"><ele>469.5</ele><time>2022-09-03T15:54:55Z</time></trkpt>
<trkpt lat="37.087521" lon="-121.873564"><ele>468.1</ele><time>2022-09-03T15:54:58Z</time></trkpt>
<trkpt lat="37.087515" lon="-121.873682"><ele>467.5</ele><time>2022-09-03T15:54:59Z</time></trkpt>
<trkpt lat="37.087559" lon="-121.873890"><ele>466.2</ele><time>2022-09-03T15:55:01Z</time></trkpt>
<trkpt lat="37.087782" lon="-121.874365"><ele>463.5</ele><time>2022-09-03T15:55:06Z</time></trkpt>
<trkpt lat="37.087789" lon="-121.874526"><ele>462.9</ele><time>2022-09-03T15:55:07Z</time></trkpt>
<trkpt lat="37.087887" lon="-121.874847"><ele>461.5</ele><time>2022-09-03T15:55:10Z</time></trkpt>
<trkpt lat="37.087935" lon="-121.874941"><ele>461.0</ele><time>2022-09-03T15:55:11Z</time></trkpt>
<trkpt lat="37.088062" lon="-121.875037"><ele>460.2</ele><time>2022-09-03T15:55:12Z</time></trkpt>
<trkpt lat="37.088126" lon="-121.875200"><ele>459.8</ele><time>2022-09-03T15:55:14Z</time></trkpt>
<trkpt lat="37.088189" lon="-121.875568"><ele>459.5</ele><time>2022-09-03T15:55:18Z</time></trkpt>
<trkpt lat="37.088210" lon="-121.876056"><ele>458.3</ele><time>2022-09-03T15:55:23Z</time></trkpt>
<trkpt lat="37.088273" lon="-121.876225"><ele>457.6</ele><time>2022-09-03T15:55:25Z</time></trkpt>
<trkpt lat="37.088313" lon="-121.876825"><ele>456.1</ele><time>2022-09-03T15:55:31Z</time></trkpt>
<trkpt lat="37.088281" lon="-121.876805"><ele>455.9</ele><time>2022-09-03T15:55:32Z</time></trkpt>
<trkpt lat="37.088200" lon="-121.876865"><ele>455.3</ele><time>2022-09-03T15:55:33Z</time></trkpt>
<trkpt lat="37.088139" lon="-121.877211"><ele>453.7</ele><time>2022-09-03T15:55:35Z</time></trkpt>
<trkpt lat="37.088160" lon="-121.877370"><ele>453.4</ele><time>2022-09-03T15:55:36Z</time></trkpt>
<trkpt lat="37.088273" lon="-121.877468"><ele>453.3</ele><time>2022-09-03T15:55:38Z</time></trkpt>
<trkpt lat="37.088246" lon="-121.877687"><ele>453.1</ele><time>2022-09-03T15:55:41Z</time></trkpt>
<trkpt lat="37.088192" lon="-121.877508"><ele>452.5</ele><time>2022-09-03T15:55:42Z</time></trkpt>
<trkpt lat="37.088189" lon="-121.877785"><ele>451.0</ele><time>2022-09-03T15:55:47Z</time></trkpt>
<trkpt lat="37.088155" lon="-121.877869"><ele>450.3</ele><time>2022-09-03T15:55:49Z</time></trkpt>
<trkpt lat="37.088180" lon="-121.877987"><ele>449.3</ele><time>2022-09-03T15:55:52Z</time></trkpt>
<trkpt lat="37.088158" lon="-121.878096"><ele>448.4</ele><time>2022-09-03T15:55:55Z</time></trkpt>
<trkpt lat="37.088208" lon="-121.878132"><ele>448.0</ele><time>2022-09-03T15:55:58Z</time></trkpt>
<trkpt lat="37.088149" lon="-121.878213"><ele>447.4</ele><time>2022-09-03T15:56:02Z</time></trkpt>
<trkpt lat="37.088244" lon="-121.878581"><ele>446.6</ele><time>2022-09-03T15:56:07Z</time></trkpt>
<trkpt lat="37.088312" lon="-121.878705"><ele>446.3</ele><time>2022-09-03T15:56:08Z</time></trkpt>
<trkpt lat="37.088255" lon="-121.879020"><ele>446.0</ele><time>2022-09-03T15:56:11Z</time></trkpt>
<trkpt lat="37.088201" lon="-121.879139"><ele>446.0</ele><time>2022-09-03T15:56:13Z</time></trkpt>
<trkpt lat="37.088493" lon="-121.879345"><ele>445.3</ele><time>2022-09-03T15:56:18Z</time></trkpt>
<trkpt lat="37.088540" lon="-121.879431"><ele>444.9</ele><time>2022-09-03T15:56:20Z</time></trkpt>
<trkpt lat="37.088679" lon="-121.879530"><ele>444.1</ele><time>2022-09-03T15:56:23Z</time></trkpt>
<trkpt lat="37.088588" lon="-121.880170"><ele>441.5</ele><time>2022-09-03T15:56:25Z</time></trkpt>
<trkpt lat="37.088781" lon="-121.881346"><ele>436.9</ele><time>2022-09-03T15:56:31Z</time></trkpt>
<trkpt lat="37.088856" lon="-121.881554"><ele>435.0</ele><time>2022-09-03T15:56:32Z</time></trkpt>
<trkpt lat="37.089323" lon="-121.881927"><ele>429.9</ele><time>2022-09-03T15:56:35Z</time></trkpt>
<trkpt lat="37.089856" lon="-121.882824"><ele>425.9</ele><time>2022-09-03T15:56:41Z</time></trkpt>
<trkpt lat="37.089756" lon="-121.883043"><ele>424.8</ele><time>2022-09-03T15:56:42Z</time></trkpt>
<trkpt lat="37.089760" lon="-121.883195"><ele>424.0</ele><time>2022-09-03T15:56:44Z</time></trkpt>
<trkpt lat="37.089709" lon="-121.883339"><ele>423.1</ele><time>2022-09-03T15:56:46Z</time></trkpt>
<trkpt lat="37.089574" lon="-121.883386"><ele>422.2</ele><time>2022-09-03T15:56:47Z</time></trkpt>
<trkpt lat="37.089529" lon="-121.883515"><ele>421.2</ele><time>2022-09-03T15:56:50Z</time></trkpt>
<trkpt lat="37.089535" lon="-121.883757"><ele>419.4</ele><time>2022-09-03T15:56:54Z</time></trkpt>
<trkpt lat="37.089477" lon="-121.883819"><ele>418.7</ele><time>2022-09-03T15:56:55Z</time></trkpt>
<trkpt lat="37.089443" lon="-121.883936"><ele>417.8</ele><time>2022-09-03T15:56:58Z</time></trkpt>
<trkpt lat="37.089428" lon="-121.884223"><ele>416.0</ele><time>2022-09-03T15:57:04Z</time></trkpt>
<trkpt lat="37.089363" lon="-121.884616"><ele>413.9</ele><time>2022-09-03T15:57:06Z</time></trkpt>
<trkpt lat="37.089539" lon="-121.884726"><ele>412.9</ele><time>2022-09-03T15:57:07Z</time></trkpt>
<trkpt lat="37.089490" lon="-121.885192"><ele>411.4</ele><time>2022-09-03T15:57:08Z</time></trkpt>
<trkpt lat="37.089419" lon="-121.885382"><ele>410.4</ele><time>2022-09-03T15:57:10Z</time></trkpt>
<trkpt lat="37.089499" lon="-121.885780"><ele>408.3</ele><time>2022-09-03T15:57:14Z</time></trkpt>
<trkpt lat="37.089485" lon="-121.886034"><ele>407.3</ele><time>2022-09-03T15:57:17Z</time></trkpt>
<trkpt lat="37.089578" lon="-121.886336"><ele>406.6</ele><time>2022-09-03T15:57:20Z</time></trkpt>
<trkpt lat="37.089479" lon="-121.886330"><ele>406.4</ele><time>2022-09-03T15:57:21Z</time></trkpt>
<trkpt lat="37.089363" lon="-121.886376"><ele>406.2</ele><time>2022-09-03T15:57:22Z</time></trkpt>
<trkpt lat="37.089521" lon="-121.886533"><ele>406.1</ele><time>2022-09-03T15:57:25Z</time></trkpt>
<trkpt lat="37.089514" lon="-121.886582"><ele>406.1</ele><time>2022-09-03T15:57:26Z</time></trkpt>
<trkpt lat="37.089553" lon="-121.886593"><ele>406.1</ele><time>2022-09-03T15:57:27Z</time></trkpt>
<trkpt lat="37.089554" lon="-121.886263"><ele>406.3</ele><time>2022-09-03T15:57:30Z</time></trkpt>
<trkpt lat="37.089515" lon="-121.886254"><ele>406.4</ele><time>2022-09-03T15:57:33Z</time></trkpt>
<trkpt lat="37.089413" lon="-121.886549"><ele>407.0</ele><time>2022-09-03T15:57:38Z</time></trkpt>
<trkpt lat="37.089457" lon="-121.886773"><ele>407.2</ele><time>2022-09-03T15:57:43Z</time></trkpt>
<trkpt lat="37.089424" lon="-121.886808"><ele>407.3</ele><time>2022-09-03T15:57:48Z</time></trkpt>
<trkpt lat="37.089650" lon="-121.886910"><ele>407.8</ele><time>2022-09-03T15:57:50Z</time></trkpt>
<trkpt lat="37.089818" lon="-121.887048"><ele>408.6</ele><time>2022-09-03T15:57:58Z</time></trkpt>
<trkpt lat="37.090063" lon="-121.887131"><ele>409.7</ele><time>2022-09-03T15:58:02Z</time></trkpt>
<trkpt lat="37.090044" lon="-121.887159"><ele>409.9</ele><time>2022-09-03T15:58:03Z</time></trkpt>
<trkpt lat="37.090244" lon="-121.887310"><ele>411.1</ele><time>2022-09-03T15:58:10Z</time></trkpt>
<trkpt lat="37.090404" lon="-121.887509"><ele>412.2</ele><time>2022-09-03T15:58:13Z</time></trkpt>
<trkpt lat="37.090470" lon="-121.887516"><ele>412.4</ele><time>2022-09-03T15:58:14Z</time></trkpt>
<trkpt lat="37.090486" lon="-121.887637"><ele>412.7</ele><time>2022-09-03T15:58:16Z</time></trkpt>
<trkpt lat="37.090681" lon="-121.887704"><ele>413.2</ele><time>2022-09-03T15:58:23Z</time></trkpt>
<trkpt lat="37.090737" lon="-121.887898"><ele>413.5</ele><time>2022-09-03T15:58:28Z</time></trkpt>
<trkpt lat="37.090655" lon="-121.888346"><ele>413.9</ele><time>2022-09-03T15:58:33Z</time></trkpt>
<trkpt lat="37.090674" lon="-121.888637"><ele>413.8</ele><time>2022-09-03T15:58:46Z</time></trkpt>
<trkpt lat="37.090598" lon="-121.888776"><ele>413.5</ele><time>2022-09-03T15:58:51Z</time></trkpt>
<trkpt lat="37.090501" lon="-121.889179"><ele>412.6</ele><time>2022-09-03T15:58:59Z</time></trkpt>
<trkpt lat="37.090499" lon="-121.889038"><ele>412.7</ele><time>2022-09-03T15:59:00Z</time></trkpt>
<trkpt lat="37.090434" lon="-121.889243"><ele>413.0</ele><time>2022-09-03T15:59:01Z</time></trkpt>
<trkpt lat="37.090309" lon="-121.889383"><ele>413.2</ele><time>2022-09-03T15:59:03Z</time></trkpt>
<trkpt lat="37.090217" lon="-121.889366"><ele>413.2</ele><time>2022-09-03T15:59:04Z</time></trkpt>
<trkpt lat="37.090185" lon="-121.889400"><ele>413.2</ele><time>2022-09-03T15:59:05Z</time></trkpt>
<trkpt lat="37.090248" lon="-121.889380"><ele>413.2</ele><time>2022-09-03T15:59:06Z</time></trkpt>
<trkpt lat="37.089962" lon="-121.889267"><ele>413.3</ele><time>2022-09-03T15:59:10Z</time></trkpt>
<trkpt lat="37.089670" lon="-121.889314"><ele>414.1</ele><time>2022-09-03T15:59:17Z</time></trkpt>
<trkpt lat="37.089326" lon="-121.889037"><ele>418.3</ele><time>2022-09-03T15:59:18Z</time></trkpt>
<trkpt lat="37.089334" lon="-121.888990"><ele>418.5</ele><time>2022-09-03T15:59:19Z</time></trkpt>
<trkpt lat="37.089293" lon="-121.889007"><ele>418.8</ele><time>2022-09-03T15:59:21Z</time></trkpt>
<trkpt lat="37.089309" lon="-121.888977"><ele>418.9</ele><time>2022-09-03T15:59:22Z</time></trkpt>
<trkpt lat="37.089256" lon="-121.888987"><ele>419.2</ele><time>2022-09-03T15:59:25Z</time></trkpt>
<trkpt lat="37.089247" lon="-121.889163"><ele>420.0</ele><time>2022-09-03T15:59:33Z</time></trkpt>
<trkpt lat="37.089232" lon="-121.889106"><ele>420.3</ele><time>2022-09-03T15:59:39Z</time></trkpt>
<trkpt lat="37.089174" lon="-121.889149"><ele>420.7</ele><time>2022-09-03T15:59:43Z</time></trkpt>
<trkpt lat="37.089175" lon="-121.889085"><ele>420.9</ele><time>2022-09-03T15:59:45Z</time></trkpt>
<trkpt lat="37.088861" lon="-121.889093"><ele>422.3</ele><time>2022-09-03T15:59:51Z</time></trkpt>
<trkpt lat="37.088925" lon="-121.889143"><ele>422.6</ele><time>2022-09-03T15:59:52Z</time></trkpt>
<trkpt lat="37.088814" lon="-121.889040"><ele>423.1</ele><time>2022-09-03T15:59:54Z</time></trkpt>
<trkpt lat="37.088692" lon="-121.889098"><ele>423.7</ele><time>2022-09-03T16:00:02Z</time></trkpt>
<trkpt lat="37.088630" lon="-121.889012"><ele>424.0</ele><time>2022-09-03T16:00:05Z</time></trkpt>
<trkpt lat="37.088775" lon="-121.888930"><ele>424.5</ele><time>2022-09-03T16:00:12Z</time></trkpt>
<trkpt lat="37.088733" lon="-121.888889"><ele>424.7</ele><time>2022-09-03T16:00:16Z</time></trkpt>
<trkpt lat="37.088509" lon="-121.888958"><ele>425.5</ele><time>2022-09-03T16:00:39Z</time></trkpt>
<trkpt lat="37.088444" lon="-121.888941"><ele>425.7</ele><time>2022-09-03T16:00:42Z</time></trkpt>
<trkpt lat="37.088257" lon="-121.888983"><ele>426.6</ele><time>2022-09-03T16:00:49Z</time></trkpt>
<trkpt lat="37.088297" lon="-121.888934"><ele>426.8</ele><time>2022-09-03T16:00:52Z</time></trkpt>
<trkpt lat="37.088264" lon="-121.888943"><ele>427.0</ele><time>2022-09-03T16:00:54Z</time></trkpt>
<trkpt lat="37.088152" lon="-121.888811"><ele>427.7</ele><time>2022-09-03T16:00:59Z</time></trkpt>
<trkpt lat="37.088029" lon="-121.888782"><ele>428.3</ele><time>2022-09-03T16:01:02Z</time></trkpt>
<trkpt lat="37.088077" lon="-121.888768"><ele>428.5</ele><time>2022-09-03T16:01:03Z</time></trkpt>
<trkpt lat="37.087982" lon="-121.888689"><ele>429.1</ele><time>2022-09-03T16:01:08Z</time></trkpt>
<trkpt lat="37.088002" lon="-121.888640"><ele>429.3</ele><time>2022-09-03T16:01:11Z</time></trkpt>
<trkpt lat="37.087973" lon="-121.888619"><ele>429.5</ele><time>2022-09-03T16:01:12Z</time></trkpt>
<trkpt lat="37.087752" lon="-121.888722"><ele>430.7</ele><time>2022-09-03T16:01:18Z</time></trkpt>
<trkpt lat="37.087563" lon="-121.888721"><ele>431.9</ele><time>2022-09-03T16:01:21Z</time></trkpt>
<trkpt lat="37.087524" lon="-121.888771"><ele>432.3</ele><time>2022-09-03T16:01:23Z</time></trkpt>
<trkpt lat="37.087481" lon="-121.888750"><ele>432.7</ele><time>2022-09-03T16:01:26Z</time></trkpt>
<trkpt lat="37.087339" lon="-121.888782"><ele>433.7</ele><time>2022-09-03T16:01:30Z</time></trkpt>
<trkpt lat="37.087318" lon="-121.888755"><ele>434.0</ele><time>2022-09-03T16:01:31Z</time></trkpt>
<trkpt lat="37.087117" lon="-121.888804"><ele>435.6</ele><time>2022-09-03T16:01:42Z</time></trkpt>
<trkpt lat="37.087092" lon="-121.888776"><ele>435.8</ele><time>2022-09-03T16:01:44Z</time></trkpt>
<trkpt lat="37.086979" lon="-121.888791"><ele>436.7</ele><time>2022-09-03T16:01:50Z</time></trkpt>
<trkpt lat="37.086944" lon="-121.888729"><ele>437.2</ele><time>2022-09-03T16:01:54Z</time></trkpt>
<trkpt lat="37.086763" lon="-121.888814"><ele>438.5</ele><time>2022-09-03T16:02:01Z</time></trkpt>
<trkpt lat="37.086653" lon="-121.888794"><ele>439.2</ele><time>2022-09-03T16:02:05Z</time></trkpt>
<trkpt lat="37.086485" lon="-121.888829"><ele>440.4</ele><time>2022-09-03T16:02:16Z</time></trkpt>
<trkpt lat="37.086365" lon="-121.888912"><ele>441.6</ele><time>2022-09-03T16:02:26Z</time></trkpt>
<trkpt lat="37.086311" lon="-121.888879"><ele>442.1</ele><time>2022-09-03T16:02:28Z</time></trkpt>
<trkpt lat="37.086340" lon="-121.888805"><ele>442.7</ele><time>2022-09-03T16:02:30Z</time></trkpt>
<trkpt lat="37.086311" lon="-121.888768"><ele>443.1</ele><time>2022-09-03T16:02:32Z</time></trkpt>
<trkpt lat="37.086193" lon="-121.888716"><ele>444.2</ele><time>2022-09-03T16:02:35Z</time></trkpt>
<trkpt lat="37.086214" lon="-121.888705"><ele>444.4</ele><time>2022-09-03T16:02:36Z</time></trkpt>
<trkpt lat="37.086194" lon="-121.888673"><ele>444.8</ele><time>2022-09-03T16:02:38Z</time></trkpt>
<trkpt lat="37.086084" lon="-121.888623"><ele>445.7</ele><time>2022-09-03T16:02:40Z</time></trkpt>
<trkpt lat="37.085990" lon="-121.888524"><ele>446.8</ele><time>2022-09-03T16:02:49Z</time></trkpt>
<trkpt lat="37.085997" lon="-121.888495"><ele>447.0</ele><time>2022-09-03T16:02:51Z</time></trkpt>
<trkpt lat="37.085910" lon="-121.888436"><ele>447.7</ele><time>2022-09-03T16:02:55Z</time></trkpt>
<trkpt lat="37.085852" lon="-121.888154"><ele>449.7</ele><time>2022-09-03T16:03:06Z</time></trkpt>
<trkpt lat="37.085828" lon="-121.888126"><ele>449.9</ele><time>2022-09-03T16:03:08Z</time></trkpt>
<trkpt lat="37.085823" lon="-121.888157"><ele>450.1</ele><time>2022-09-03T16:03:09Z</time></trkpt>
<trkpt lat="37.085834" lon="-121.888175"><ele>450.3</ele><time>2022-09-03T16:03:10Z</time></trkpt>
<trkpt lat="37.085817" lon="-121.887932"><ele>451.8</ele><time>2022-09-03T16:03:18Z</time></trkpt>
<trkpt lat="37.085719" lon="-121.887724"><ele>453.4</ele><time>2022-09-03T16:03:30Z</time></trkpt>
<trkpt lat="37.085682" lon="-121.887711"><ele>453.7</ele><time>2022-09-03T16:03:31Z</time></trkpt>
<trkpt lat="37.085710" lon="-121.887682"><ele>454.0</ele><time>2022-09-03T16:03:33Z</time></trkpt>
<trkpt lat="37.085676" lon="-121.887607"><ele>454.7</ele><time>2022-09-03T16:03:37Z</time></trkpt>
<trkpt lat="37.085706" lon="-121.887675"><ele>455.3</ele><time>2022-09-03T16:03:38Z</time></trkpt>
<trkpt lat="37.085688" lon="-121.887717"><ele>455.7</ele><time>2022-09-03T16:03:40Z</time></trkpt>
<trkpt lat="37.085713" lon="-121.887599"><ele>456.8</ele><time>2022-09-03T16:04:15Z</time></trkpt>
<trkpt lat="37.085693" lon="-121.887567"><ele>457.1</ele><time>2022-09-03T16:04:17Z</time></trkpt>
<trkpt lat="37.085764" lon="-121.887549"><ele>458.2</ele><time>2022-09-03T16:04:21Z</time></trkpt>
<trkpt lat="37.085744" lon="-121.887541"><ele>458.4</ele><time>2022-09-03T16:04:22Z</time></trkpt>
<trkpt lat="37.085869" lon="-121.887558"><ele>459.7</ele><time>2022-09-03T16:04:24Z</time></trkpt>
<trkpt lat="37.085728" lon="-121.887571"><ele>461.1</ele><time>2022-09-03T16:04:29Z</time></trkpt>
<trkpt lat="37.085736" lon="-121.887606"><ele>461.4</ele><time>2022-09-03T16:04:30Z</time></trkpt>
<trkpt lat="37.085673" lon="-121.887732"><ele>462.7</ele><time>2022-09-03T16:04:35Z</time></trkpt>
<trkpt lat="37.085670" lon="-121.887777"><ele>463.2</ele><time>2022-09-03T16:04:38Z</time></trkpt>
<trkpt lat="37.085701" lon="-121.887785"><ele>463.5</ele><time>2022-09-03T16:04:39Z</time></trkpt>
<trkpt lat="37.085649" lon="-121.887780"><ele>464.1</ele><time>2022-09-03T16:04:42Z</time></trkpt>
<trkpt lat="37.085609" lon="-121.887867"><ele>464.9</ele><time>2022-09-03T16:04:46Z</time></trkpt>
<trkpt lat="37.085579" lon="-121.887874"><ele>465.3</ele><time>2022-09-03T16:04:48Z</time></trkpt>
<trkpt lat="37.085611" lon="-121.887821"><ele>465.8</ele><time>2022-09-03T16:04:51Z</time></trkpt>
<trkpt lat="37.085577" lon="-121.887855"><ele>466.3</ele><time>2022-09-03T16:04:52Z</time></trkpt>
<trkpt lat="37.085546" lon="-121.887952"><ele>467.2</ele><time>2022-09-03T16:04:54Z</time></trkpt>
<trkpt lat="37.085390" lon="-121.887949"><ele>468.7</ele><time>2022-09-03T16:04:58Z</time></trkpt>
<trkpt lat="37.085389" lon="-121.887978"><ele>468.9</ele><time>2022-09-03T16:04:59Z</time></trkpt>
<trkpt lat="37.085293" lon="-121.887999"><ele>469.8</ele><time>2022-09-03T16:05:05Z</time></trkpt>
<trkpt lat="37.085123" lon="-121.887884"><ele>471.1</ele><time>2022-09-03T16:05:11Z</time></trkpt>
<trkpt lat="37.085113" lon="-121.887923"><ele>471.3</ele><time>2022-09-03T16:05:13Z</time></trkpt>
<trkpt lat="37.085057" lon="-121.887898"><ele>471.7</ele><time>2022-09-03T16:05:18Z</time></trkpt>
<trkpt lat="37.085075" lon="-121.887890"><ele>471.8</ele><time>2022-09-03T16:05:19Z</time></trkpt>
<trkpt lat="37.085017" lon="-121.887921"><ele>472.1</ele><time>2022-09-03T16:05:24Z</time></trkpt>
<trkpt lat="37.085021" lon="-121.887889"><ele>472.3</ele><time>2022-09-03T16:05:25Z</time></trkpt>
<trkpt lat="37.084866" lon="-121.887918"><ele>473.0</ele><time>2022-09-03T16:05:29Z</time></trkpt>
<trkpt lat="37.084885" lon="-121.887984"><ele>473.3</ele><time>2022-09-03T16:05:33Z</time></trkpt>
<trkpt lat="37.084824" lon="-121.888048"><ele>473.7</ele><time>2022-09-03T16:05:37Z</time></trkpt>
<trkpt lat="37.084816" lon="-121.888085"><ele>473.8</ele><time>2022-09-03T16:05:38Z</time></trkpt>
<trkpt lat="37.084862" lon="-121.888049"><ele>474.1</ele><time>2022-09-03T16:05:39Z</time></trkpt>
<trkpt lat="37.084797" lon="-121.888217"><ele>475.2</ele><time>2022-09-03T16:05:49Z</time></trkpt>
<trkpt lat="37.084846" lon="-121.888285"><ele>475.7</ele><time>2022-09-03T16:05:52Z</time></trkpt>
<trkpt lat="37.084819" lon="-121.888303"><ele>476.0</ele><time>2022-09-03T16:05:54Z</time></trkpt>
<trkpt lat="37.084585" lon="-121.888303"><ele>477.7</ele><time>2022-09-03T16:05:59Z</time></trkpt>
<trkpt lat="37.084513" lon="-121.888396"><ele>478.4</ele><time>2022-09-03T16:06:03Z</time></trkpt>
<trkpt lat="37.084223" lon="-121.888507"><ele>480.5</ele><time>2022-09-03T16:06:20Z</time></trkpt>
<trkpt lat="37.084111" lon="-121.888621"><ele>481.5</ele><time>2022-09-03T16:06:27Z</time></trkpt>
<trkpt lat="37.084150" lon="-121.888568"><ele>481.9</ele><time>2022-09-03T16:06:30Z</time></trkpt>
<trkpt lat="37.083855" lon="-121.888661"><ele>484.5</ele><time>2022-09-03T16:06:38Z</time></trkpt>
<trkpt lat="37.083796" lon="-121.888597"><ele>485.2</ele><time>2022-09-03T16:06:42Z</time></trkpt>
<trkpt lat="37.083728" lon="-121.888641"><ele>485.8</ele><time>2022-09-03T16:06:44Z</time></trkpt>
<trkpt lat="37.083715" lon="-121.888590"><ele>486.2</ele><time>2022-09-03T16:06:47Z</time></trkpt>
<trkpt lat="37.083688" lon="-121.888596"><ele>486.4</ele><time>2022-09-03T16:06:48Z</time></trkpt>
<trkpt lat="37.083719" lon="-121.888619"><ele>486.7</ele><time>2022-09-03T16:06:49Z</time></trkpt>
<trkpt lat="37.083725" lon="-121.888536"><ele>487.2</ele><time>2022-09-03T16:06:52Z</time></trkpt>
<trkpt lat="37.083687" lon="-121.888545"><ele>487.6</ele><time>2022-09-03T16:06:54Z</time></trkpt>
<trkpt lat="37.083736" lon="-121.888531"><ele>488.0</ele><time>2022-09-03T16:06:56Z</time></trkpt>
<trkpt lat="37.083735" lon="-121.888572"><ele>488.3</ele><time>2022-09-03T16:07:02Z</time></trkpt>
<trkpt lat="37.083678" lon="-121.888626"><ele>488.9</ele><time>2022-09-03T16:07:03Z</time></trkpt>
<trkpt lat="37.083671" lon="-121.888675"><ele>489.2</ele><time>2022-09-03T16:07:06Z</time></trkpt>
<trkpt lat="37.083805" lon="-121.888707"><ele>490.2</ele><time>2022-09-03T16:07:09Z</time></trkpt>
<trkpt lat="37.083895" lon="-121.888682"><ele>490.9</ele><time>2022-09-03T16:07:15Z</time></trkpt>
<trkpt lat="37.083856" lon="-121.888647"><ele>491.3</ele><time>2022-09-03T16:07:17Z</time></trkpt>
<trkpt lat="37.083881" lon="-121.888840"><ele>492.3</ele><time>2022-09-03T16:07:23Z</time></trkpt>
<trkpt lat="37.083913" lon="-121.888882"><ele>492.6</ele><time>2022-09-03T16:07:24Z</time></trkpt>
<trkpt lat="37.083877" lon="-121.888929"><ele>492.9</ele><time>2022-09-03T16:07:25Z</time></trkpt>
<trkpt lat="37.083921" lon="-121.889028"><ele>493.5</ele><time>2022-09-03T16:07:27Z</time></trkpt>
<trkpt lat="37.083933" lon="-121.889226"><ele>494.7</ele><time>2022-09-03T16:07:33Z</time></trkpt>
<trkpt lat="37.083867" lon="-121.889306"><ele>495.4</ele><time>2022-09-03T16:07:38Z</time></trkpt>
<trkpt lat="37.083890" lon="-121.889274"><ele>495.7</ele><time>2022-09-03T16:07:39Z</time></trkpt>
<trkpt lat="37.083873" lon="-121.889427"><ele>496.7</ele><time>2022-09-03T16:07:43Z</time></trkpt>
<trkpt lat="37.083928" lon="-121.889418"><ele>497.2</ele><time>2022-09-03T16:07:45Z</time></trkpt>
<trkpt lat="37.083931" lon="-121.889472"><ele>497.5</ele><time>2022-09-03T16:07:47Z</time></trkpt>
<trkpt lat="37.083887" lon="-121.889585"><ele>498.3</ele><time>2022-09-03T16:07:53Z</time></trkpt>
<trkpt lat="37.083910" lon="-121.889524"><ele>498.7</ele><time>2022-09-03T16:07:55Z</time></trkpt>
<trkpt lat="37.083831" lon="-121.889556"><ele>499.4</ele><time>2022-09-03T16:07:57Z</time></trkpt>
<trkpt lat="37.083818" lon="-121.889607"><ele>499.7</ele><time>2022-09-03T16:07:59Z</time></trkpt>
<trkpt lat="37.083723" lon="-121.889679"><ele>500.4</ele><time>2022-09-03T16:08:01Z</time></trkpt>
<trkpt lat="37.083491" lon="-121.889696"><ele>502.1</ele><time>2022-09-03T16:08:08Z</time></trkpt>
<trkpt lat="37.083471" lon="-121.889717"><ele>502.3</ele><time>2022-09-03T16:08:10Z</time></trkpt>
<trkpt lat="37.083490" lon="-121.889729"><ele>502.4</ele><time>2022-09-03T16:08:11Z</time></trkpt>
<trkpt lat="37.083493" lon="-121.889692"><ele>502.6</ele><time>2022-09-03T16:08:12Z</time></trkpt>
<trkpt lat="37.083473" lon="-121.889757"><ele>503.1</ele><time>2022-09-03T16:08:14Z</time></trkpt>
<trkpt lat="37.083494" lon="-121.889745"><ele>503.3</ele><time>2022-09-03T16:08:15Z</time></trkpt>
<trkpt lat="37.083494" lon="-121.889783"><ele>503.5</ele><time>2022-09-03T16:08:16Z</time></trkpt>
<trkpt lat="37.083420" lon="-121.889838"><ele>504.2</ele><time>2022-09-03T16:08:18Z</time></trkpt>
<trkpt lat="37.083383" lon="-121.889823"><ele>504.5</ele><time>2022-09-03T16:08:19Z</time></trkpt>
<trkpt lat="37.083371" lon="-121.889851"><ele>504.7</ele><time>2022-09-03T16:08:20Z</time></trkpt>
<trkpt lat="37.083438" lon="-121.889909"><ele>505.3</ele><time>2022-09-03T16:08:25Z</time></trkpt>
<trkpt lat="37.083397" lon="-121.890045"><ele>506.3</ele><time>2022-09-03T16:08:32Z</time></trkpt>
<trkpt lat="37.083485" lon="-121.890164"><ele>507.2</ele><time>2022-09-03T16:08:37Z</time></trkpt>
<trkpt lat="37.083152" lon="-121.890220"><ele>509.6</ele><time>2022-09-03T16:09:21Z</time></trkpt>
<trkpt lat="37.083163" lon="-121.890314"><ele>510.1</ele><time>2022-09-03T16:09:31Z</time></trkpt>
<trkpt lat="37.083123" lon="-121.890339"><ele>510.4</ele><time>2022-09-03T16:09:32Z</time></trkpt>
<trkpt lat="37.083008" lon="-121.890324"><ele>511.1</ele><time>2022-09-03T16:09:36Z</time></trkpt>
<trkpt lat="37.082988" lon="-121.890292"><ele>511.4</ele><time>2022-09-03T16:09:39Z</time></trkpt>
<trkpt lat="37.082821" lon="-121.890314"><ele>512.5</ele><time>2022-09-03T16:09:45Z</time></trkpt>
<trkpt lat="37.082702" lon="-121.890291"><ele>513.4</ele><time>2022-09-03T16:09:47Z</time></trkpt>
<trkpt lat="37.082730" lon="-121.890299"><ele>513.6</ele><time>2022-09-03T16:09:48Z</time></trkpt>
<trkpt lat="37.082690" lon="-121.890257"><ele>514.0</ele><time>2022-09-03T16:09:51Z</time></trkpt>
<trkpt lat="37.082628" lon="-121.890287"><ele>514.5</ele><time>2022-09-03T16:09:54Z</time></trkpt>
<trkpt lat="37.082580" lon="-121.890141"><ele>515.5</ele><time>2022-09-03T16:10:01Z</time></trkpt>
<trkpt lat="37.082546" lon="-121.890196"><ele>516.0</ele><time>2022-09-03T16:10:07Z</time></trkpt>
<trkpt lat="37.082468" lon="-121.890208"><ele>516.5</ele><time>2022-09-03T16:10:10Z</time></trkpt>
<trkpt lat="37.082272" lon="-121.890364"><ele>518.1</ele><time>2022-09-03T16:10:19Z</time></trkpt>
<trkpt lat="37.082180" lon="-121.890392"><ele>518.9</ele><time>2022-09-03T16:10:24Z</time></trkpt>
<trkpt lat="37.082078" lon="-121.890360"><ele>519.9</ele><time>2022-09-03T16:10:28Z</time></trkpt>
<trkpt lat="37.081905" lon="-121.890228"><ele>522.0</ele><time>2022-09-03T16:10:40Z</time></trkpt>
<trkpt lat="37.081868" lon="-121.890105"><ele>523.0</ele><time>2022-09-03T16:10:45Z</time></trkpt>
<trkpt lat="37.081697" lon="-121.890066"><ele>524.6</ele><time>2022-09-03T16:10:55Z</time></trkpt>
<trkpt lat="37.081675" lon="-121.890000"><ele>525.1</ele><time>2022-09-03T16:10:57Z</time></trkpt>
<trkpt lat="37.081645" lon="-121.889995"><ele>525.3</ele><time>2022-09-03T16:10:59Z</time></trkpt>
<trkpt lat="37.081657" lon="-121.889953"><ele>525.7</ele><time>2022-09-03T16:11:01Z</time></trkpt>
<trkpt lat="37.081576" lon="-121.890043"><ele>526.8</ele><time>2022-09-03T16:11:05Z</time></trkpt>
<trkpt lat="37.081416" lon="-121.890014"><ele>528.2</ele><time>2022-09-03T16:11:13Z</time></trkpt>
<trkpt lat="37.081397" lon="-121.889931"><ele>528.8</ele><time>2022-09-03T16:11:15Z</time></trkpt>
<trkpt lat="37.081368" lon="-121.889948"><ele>529.1</ele><time>2022-09-03T16:11:16Z</time></trkpt>
<trkpt lat="37.081270" lon="-121.889773"><ele>530.5</ele><time>2022-09-03T16:11:23Z</time></trkpt>
<trkpt lat="37.081248" lon="-121.889594"><ele>532.0</ele><time>2022-09-03T16:11:31Z</time></trkpt>
<trkpt lat="37.081323" lon="-121.889293"><ele>534.7</ele><time>2022-09-03T16:11:46Z</time></trkpt>
<trkpt lat="37.081415" lon="-121.889131"><ele>536.3</ele><time>2022-09-03T16:11:52Z</time></trkpt>
<trkpt lat="37.081435" lon="-121.889023"><ele>537.3</ele><time>2022-09-03T16:11:57Z</time></trkpt>
<trkpt lat="37.081416" lon="-121.888967"><ele>537.9</ele><time>2022-09-03T16:11:59Z</time></trkpt>
<trkpt lat="37.081445" lon="-121.888942"><ele>538.4</ele><time>2022-09-03T16:12:01Z</time></trkpt>
<trkpt lat="37.081456" lon="-121.888831"><ele>539.4</ele><time>2022-09-03T16:12:06Z</time></trkpt>
<trkpt lat="37.081398" lon="-121.888747"><ele>540.5</ele><time>2022-09-03T16:12:12Z</time></trkpt>
<trkpt lat="37.081316" lon="-121.888759"><ele>541.5</ele><time>2022-09-03T16:12:20Z</time></trkpt>
<trkpt lat="37.081304" lon="-121.888717"><ele>541.8</ele><time>2022-09-03T16:12:22Z</time></trkpt>
<trkpt lat="37.081247" lon="-121.888727"><ele>542.3</ele><time>2022-09-03T16:12:25Z</time></trkpt>
<trkpt lat="37.081167" lon="-121.888598"><ele>543.5</ele><time>2022-09-03T16:12:31Z</time></trkpt>
<trkpt lat="37.081062" lon="-121.888503"><ele>544.8</ele><time>2022-09-03T16:12:40Z</time></trkpt>
<trkpt lat="37.081015" lon="-121.888288"><ele>547.0</ele><time>2022-09-03T16:12:50Z</time></trkpt>
<trkpt lat="37.081018" lon="-121.888170"><ele>548.3</ele><time>2022-09-03T16:12:55Z</time></trkpt>
<trkpt lat="37.080900" lon="-121.887968"><ele>551.1</ele><time>2022-09-03T16:13:07Z</time></trkpt>
<trkpt lat="37.080883" lon="-121.887900"><ele>551.8</ele><time>2022-09-03T16:13:11Z</time></trkpt>
<trkpt lat="37.080902" lon="-121.887865"><ele>552.1</ele><time>2022-09-03T16:13:14Z</time></trkpt>
<trkpt lat="37.080874" lon="-121.887873"><ele>552.5</ele><time>2022-09-03T16:13:16Z</time></trkpt>
<trkpt lat="37.080891" lon="-121.887890"><ele>552.7</ele><time>2022-09-03T16:13:17Z</time></trkpt>
<trkpt lat="37.080908" lon="-121.887853"><ele>552.9</ele><time>2022-09-03T16:13:20Z</time></trkpt>
<trkpt lat="37.080801" lon="-121.887669"><ele>554.6</ele><time>2022-09-03T16:13:33Z</time></trkpt>
<trkpt lat="37.080837" lon="-121.887542"><ele>555.7</ele><time>2022-09-03T16:13:38Z</time></trkpt>
<trkpt lat="37.080811" lon="-121.887410"><ele>556.7</ele><time>2022-09-03T16:13:45Z</time></trkpt>
<trkpt lat="37.080850" lon="-121.887344"><ele>557.6</ele><time>2022-09-03T16:13:50Z</time></trkpt>
<trkpt lat="37.080776" lon="-121.886998"><ele>561.1</ele><time>2022-09-03T16:14:05Z</time></trkpt>
<trkpt lat="37.080769" lon="-121.886848"><ele>562.6</ele><time>2022-09-03T16:14:12Z</time></trkpt>
<trkpt lat="37.080801" lon="-121.886865"><ele>563.0</ele><time>2022-09-03T16:14:15Z</time></trkpt>
<trkpt lat="37.080820" lon="-121.886750"><ele>564.0</ele><time>2022-09-03T16:14:22Z</time></trkpt>
<trkpt lat="37.080778" lon="-121.886704"><ele>564.6</ele><time>2022-09-03T16:14:27Z</time></trkpt>
<trkpt lat="37.080789" lon="-121.886605"><ele>565.3</ele><time>2022-09-03T16:14:31Z</time></trkpt>
<trkpt lat="37.080841" lon="-121.886447"><ele>566.8</ele><time>2022-09-03T16:14:37Z</time></trkpt>
<trkpt lat="37.080920" lon="-121.886314"><ele>568.7</ele><time>2022-09-03T16:14:47Z</time></trkpt>
<trkpt lat="37.080940" lon="-121.886321"><ele>569.1</ele><time>2022-09-03T16:14:50Z</time></trkpt>
<trkpt lat="37.080920" lon="-121.886357"><ele>570.0</ele><time>2022-09-03T16:14:54Z</time></trkpt>
<trkpt lat="37.080941" lon="-121.886174"><ele>572.0</ele><time>2022-09-03T16:15:01Z</time></trkpt>
<trkpt lat="37.080990" lon="-121.886136"><ele>572.7</ele><time>2022-09-03T16:15:04Z</time></trkpt>
<trkpt lat="37.080931" lon="-121.886072"><ele>573.8</ele><time>2022-09-03T16:15:08Z</time></trkpt>
<trkpt lat="37.080972" lon="-121.885855"><ele>576.1</ele><time>2022-09-03T16:15:20Z</time></trkpt>
<trkpt lat="37.080845" lon="-121.885484"><ele>579.0</ele><time>2022-09-03T16:15:42Z</time></trkpt>
<trkpt lat="37.080748" lon="-121.885739"><ele>580.7</ele><time>2022-09-03T16:15:55Z</time></trkpt>
<trkpt lat="37.080625" lon="-121.885842"><ele>582.0</ele><time>2022-09-03T16:16:02Z</time></trkpt>
<trkpt lat="37.080579" lon="-121.885843"><ele>582.5</ele><time>2022-09-03T16:16:03Z</time></trkpt>
<trkpt lat="37.080321" lon="-121.885763"><ele>586.0</ele><time>2022-09-03T16:16:15Z</time></trkpt>
<trkpt lat="37.080200" lon="-121.885679"><ele>587.9</ele><time>2022-09-03T16:16:24Z</time></trkpt>
<trkpt lat="37.080046" lon="-121.885490"><ele>590.9</ele><time>2022-09-03T16:16:40Z</time></trkpt>
<trkpt lat="37.080070" lon="-121.885445"><ele>591.3</ele><time>2022-09-03T16:16:43Z</time></trkpt>
<trkpt lat="37.080008" lon="-121.885314"><ele>592.5</ele><time>2022-09-03T16:16:50Z</time></trkpt>
<trkpt lat="37.079975" lon="-121.885366"><ele>593.1</ele><time>2022-09-03T16:16:58Z</time></trkpt>
<trkpt lat="37.079861" lon="-121.885390"><ele>594.2</ele><time>2022-09-03T16:17:03Z</time></trkpt>
<trkpt lat="37.079899" lon="-121.885408"><ele>594.7</ele><time>2022-09-03T16:17:04Z</time></trkpt>
<trkpt lat="37.079883" lon="-121.885427"><ele>595.1</ele><time>2022-09-03T16:17:06Z</time></trkpt>
<trkpt lat="37.079764" lon="-121.885472"><ele>596.6</ele><time>2022-09-03T16:17:10Z</time></trkpt>
<trkpt lat="37.079793" lon="-121.885445"><ele>597.0</ele><time>2022-09-03T16:17:11Z</time></trkpt>
<trkpt lat="37.079750" lon="-121.885407"><ele>597.7</ele><time>2022-09-03T16:17:14Z</time></trkpt>
<trkpt lat="37.079721" lon="-121.885297"><ele>598.8</ele><time>2022-09-03T16:17:15Z</time></trkpt>
<trkpt lat="37.079361" lon="-121.885301"><ele>602.2</ele><time>2022-09-03T16:17:41Z</time></trkpt>
<trkpt lat="37.079350" lon="-121.885345"><ele>602.5</ele><time>2022-09-03T16:17:43Z</time></trkpt>
<trkpt lat="37.079234" lon="-121.885344"><ele>603.6</ele><time>2022-09-03T16:17:53Z</time></trkpt>
<trkpt lat="37.079312" lon="-121.885438"><ele>604.6</ele><time>2022-09-03T16:17:57Z</time></trkpt>
<trkpt lat="37.079368" lon="-121.885701"><ele>606.6</ele><time>2022-09-03T16:18:05Z</time></trkpt>
<trkpt lat="37.079226" lon="-121.885808"><ele>608.5</ele><time>2022-09-03T16:18:15Z</time></trkpt>
<trkpt lat="37.079211" lon="-121.885873"><ele>609.1</ele><time>2022-09-03T16:18:18Z</time></trkpt>
<trkpt lat="37.078940" lon="-121.885929"><ele>612.3</ele><time>2022-09-03T16:18:28Z</time></trkpt>
<trkpt lat="37.078827" lon="-121.886017"><ele>613.5</ele><time>2022-09-03T16:18:36Z</time></trkpt>
<trkpt lat="37.078514" lon="-121.886151"><ele>616.4</ele><time>2022-09-03T16:19:02Z</time></trkpt>
<trkpt lat="37.078346" lon="-121.886197"><ele>618.3</ele><time>2022-09-03T16:19:11Z</time></trkpt>
<trkpt lat="37.078228" lon="-121.886164"><ele>619.6</ele><time>2022-09-03T16:19:18Z</time></trkpt>
<trkpt lat="37.078166" lon="-121.886042"><ele>620.8</ele><time>2022-09-03T16:19:26Z</time></trkpt>
<trkpt lat="37.078019" lon="-121.885891"><ele>622.7</ele><time>2022-09-03T16:19:39Z</time></trkpt>
<trkpt lat="37.077811" lon="-121.885875"><ele>624.9</ele><time>2022-09-03T16:19:53Z</time></trkpt>
<trkpt lat="37.077827" lon="-121.885786"><ele>625.6</ele><time>2022-09-03T16:19:54Z</time></trkpt>
<trkpt lat="37.077568" lon="-121.885636"><ele>628.3</ele><time>2022-09-03T16:20:10Z</time></trkpt>
<trkpt lat="37.077494" lon="-121.885533"><ele>629.2</ele><time>2022-09-03T16:20:19Z</time></trkpt>
<trkpt lat="37.077455" lon="-121.885513"><ele>629.5</ele><time>2022-09-03T16:20:23Z</time></trkpt>
<trkpt lat="37.077349" lon="-121.885544"><ele>630.3</ele><time>2022-09-03T16:20:29Z</time></trkpt>
<trkpt lat="37.077308" lon="-121.885511"><ele>630.7</ele><time>2022-09-03T16:20:32Z</time></trkpt>
<trkpt lat="37.077320" lon="-121.885388"><ele>631.7</ele><time>2022-09-03T16:20:37Z</time></trkpt>
<trkpt lat="37.077385" lon="-121.885303"><ele>632.7</ele><time>2022-09-03T16:20:41Z</time></trkpt>
<trkpt lat="37.077391" lon="-121.885249"><ele>633.2</ele><time>2022-09-03T16:20:43Z</time></trkpt>
<trkpt lat="37.077485" lon="-121.885218"><ele>634.6</ele><time>2022-09-03T16:20:50Z</time></trkpt>
<trkpt lat="37.077702" lon="-121.885291"><ele>636.7</ele><time>2022-09-03T16:21:07Z</time></trkpt>
<trkpt lat="37.077799" lon="-121.885160"><ele>637.5</ele><time>2022-09-03T16:21:15Z</time></trkpt>
<trkpt lat="37.077897" lon="-121.885118"><ele>638.1</ele><time>2022-09-03T16:21:20Z</time></trkpt>
<trkpt lat="37.077970" lon="-121.885037"><ele>638.7</ele><time>2022-09-03T16:21:26Z</time></trkpt>
<trkpt lat="37.078148" lon="-121.884728"><ele>640.6</ele><time>2022-09-03T16:21:40Z</time></trkpt>
<trkpt lat="37.078203" lon="-121.884705"><ele>640.9</ele><time>2022-09-03T16:21:44Z</time></trkpt>
<trkpt lat="37.078584" lon="-121.884164"><ele>645.4</ele><time>2022-09-03T16:22:19Z</time></trkpt>
<trkpt lat="37.078784" lon="-121.884141"><ele>647.0</ele><time>2022-09-03T16:22:30Z</time></trkpt>
<trkpt lat="37.078929" lon="-121.884027"><ele>648.1</ele><time>2022-09-03T16:22:38Z</time></trkpt>
<trkpt lat="37.078894" lon="-121.884008"><ele>648.3</ele><time>2022-09-03T16:22:40Z</time></trkpt>
<trkpt lat="37.078868" lon="-121.884058"><ele>648.9</ele><time>2022-09-03T16:22:51Z</time></trkpt>
<trkpt lat="37.078728" lon="-121.884107"><ele>649.8</ele><time>2022-09-03T16:22:56Z</time></trkpt>
<trkpt lat="37.078714" lon="-121.883983"><ele>650.2</ele><time>2022-09-03T16:22:57Z</time></trkpt>
<trkpt lat="37.078477" lon="-121.883990"><ele>651.4</ele><time>2022-09-03T16:23:15Z</time></trkpt>
<trkpt lat="37.078451" lon="-121.883951"><ele>651.6</ele><time>2022-09-03T16:23:17Z</time></trkpt>
<trkpt lat="37.078239" lon="-121.883882"><ele>653.6</ele><time>2022-09-03T16:23:32Z</time></trkpt>
<trkpt lat="37.077956" lon="-121.883903"><ele>656.8</ele><time>2022-09-03T16:23:47Z</time></trkpt>
<trkpt lat="37.077915" lon="-121.883784"><ele>657.9</ele><time>2022-09-03T16:23:51Z</time></trkpt>
<trkpt lat="37.077924" lon="-121.883723"><ele>658.2</ele><time>2022-09-03T16:23:53Z</time></trkpt>
<trkpt lat="37.077892" lon="-121.883685"><ele>658.5</ele><time>2022-09-03T16:23:55Z</time></trkpt>
<trkpt lat="37.077922" lon="-121.883655"><ele>658.8</ele><time>2022-09-03T16:23:56Z</time></trkpt>
<trkpt lat="37.077905" lon="-121.883619"><ele>659.0</ele><time>2022-09-03T16:23:59Z</time></trkpt>
<trkpt lat="37.077813" lon="-121.883568"><ele>659.7</ele><time>2022-09-03T16:24:05Z</time></trkpt>
<trkpt lat="37.077830" lon="-121.883547"><ele>660.0</ele><time>2022-09-03T16:24:10Z</time></trkpt>
<trkpt lat="37.077740" lon="-121.883536"><ele>662.7</ele><time>2022-09-03T16:25:16Z</time></trkpt>
<trkpt lat="37.077765" lon="-121.883633"><ele>663.4</ele><time>2022-09-03T16:25:32Z</time></trkpt>
<trkpt lat="37.077929" lon="-121.883592"><ele>664.8</ele><time>2022-09-03T16:25:44Z</time></trkpt>
<trkpt lat="37.077838" lon="-121.883623"><ele>665.5</ele><time>2022-09-03T16:25:57Z</time></trkpt>
<trkpt lat="37.077765" lon="-121.883578"><ele>666.1</ele><time>2022-09-03T16:26:05Z</time></trkpt>
<trkpt lat="37.077813" lon="-121.883611"><ele>666.4</ele><time>2022-09-03T16:27:18Z</time></trkpt>
<trkpt lat="37.077750" lon="-121.883514"><ele>667.0</ele><time>2022-09-03T16:27:29Z</time></trkpt>
<trkpt lat="37.077824" lon="-121.883647"><ele>667.5</ele><time>2022-09-03T16:28:26Z</time></trkpt>
<trkpt lat="37.077848" lon="-121.883573"><ele>667.8</ele><time>2022-09-03T16:28:30Z</time></trkpt>
<trkpt lat="37.077597" lon="-121.883374"><ele>668.3</ele><time>2022-09-03T16:28:42Z</time></trkpt>
<trkpt lat="37.077401" lon="-121.883459"><ele>665.6</ele><time>2022-09-03T16:28:46Z</time></trkpt>
<trkpt lat="37.077381" lon="-121.883504"><ele>664.9</ele><time>2022-09-03T16:28:49Z</time></trkpt>
<trkpt lat="37.077397" lon="-121.883591"><ele>663.4</ele><time>2022-09-03T16:28:52Z</time></trkpt>
<trkpt lat="37.077357" lon="-121.883648"><ele>662.3</ele><time>2022-09-03T16:28:56Z</time></trkpt>
<trkpt lat="37.077385" lon="-121.883766"><ele>660.6</ele><time>2022-09-03T16:28:58Z</time></trkpt>
<trkpt lat="37.077216" lon="-121.883943"><ele>660.1</ele><time>2022-09-03T16:29:03Z</time></trkpt>
<trkpt lat="37.077194" lon="-121.884034"><ele>660.6</ele><time>2022-09-03T16:29:06Z</time></trkpt>
<trkpt lat="37.077037" lon="-121.884172"><ele>662.6</ele><time>2022-09-03T16:29:13Z</time></trkpt>
<trkpt lat="37.076910" lon="-121.884227"><ele>663.5</ele><time>2022-09-03T16:29:20Z</time></trkpt>
<trkpt lat="37.076762" lon="-121.884156"><ele>663.5</ele><time>2022-09-03T16:29:24Z</time></trkpt>
<trkpt lat="37.076681" lon="-121.884173"><ele>663.0</ele><time>2022-09-03T16:29:25Z</time></trkpt>
<trkpt lat="37.076510" lon="-121.884315"><ele>661.3</ele><time>2022-09-03T16:29:28Z</time></trkpt>
<trkpt lat="37.076396" lon="-121.884490"><ele>659.8</ele><time>2022-09-03T16:29:33Z</time></trkpt>
<trkpt lat="37.076182" lon="-121.884618"><ele>657.1</ele><time>2022-09-03T16:29:37Z</time></trkpt>
<trkpt lat="37.076030" lon="-121.884650"><ele>655.5</ele><time>2022-09-03T16:29:39Z</time></trkpt>
<trkpt lat="37.075904" lon="-121.884823"><ele>654.1</ele><time>2022-09-03T16:29:42Z</time></trkpt>
<trkpt lat="37.075797" lon="-121.884793"><ele>653.2</ele><time>2022-09-03T16:29:47Z</time></trkpt>
<trkpt lat="37.075573" lon="-121.884959"><ele>651.8</ele><time>2022-09-03T16:29:54Z</time></trkpt>
<trkpt lat="37.075458" lon="-121.884969"><ele>651.2</ele><time>2022-09-03T16:29:58Z</time></trkpt>
<trkpt lat="37.075275" lon="-121.885061"><ele>649.8</ele><time>2022-09-03T16:30:07Z</time></trkpt>
<trkpt lat="37.075211" lon="-121.885142"><ele>648.9</ele><time>2022-09-03T16:30:10Z</time></trkpt>
<trkpt lat="37.075172" lon="-121.885146"><ele>648.5</ele><time>2022-09-03T16:30:11Z</time></trkpt>
<trkpt lat="37.075107" lon="-121.885253"><ele>647.2</ele><time>2022-09-03T16:30:15Z</time></trkpt>
<trkpt lat="37.074984" lon="-121.885338"><ele>646.6</ele><time>2022-09-03T16:30:18Z</time></trkpt>
<trkpt lat="37.074911" lon="-121.885469"><ele>644.3</ele><time>2022-09-03T16:30:22Z</time></trkpt>
<trkpt lat="37.074922" lon="-121.885506"><ele>643.2</ele><time>2022-09-03T16:30:23Z</time></trkpt>
<trkpt lat="37.074881" lon="-121.885531"><ele>643.4</ele><time>2022-09-03T16:30:24Z</time></trkpt>
<trkpt lat="37.074881" lon="-121.885579"><ele>642.4</ele><time>2022-09-03T16:30:25Z</time></trkpt>
<trkpt lat="37.074752" lon="-121.885696"><ele>640.8</ele><time>2022-09-03T16:30:29Z</time></trkpt>
<trkpt lat="37.074666" lon="-121.885902"><ele>637.3</ele><time>2022-09-03T16:30:31Z</time></trkpt>
<trkpt lat="37.074634" lon="-121.885902"><ele>637.9</ele><time>2022-09-03T16:30:32Z</time></trkpt>
<trkpt lat="37.074586" lon="-121.886114"><ele>636.1</ele><time>2022-09-03T16:30:36Z</time></trkpt>
<trkpt lat="37.074482" lon="-121.886221"><ele>637.3</ele><time>2022-09-03T16:30:39Z</time></trkpt>
<trkpt lat="37.074474" lon="-121.886408"><ele>636.1</ele><time>2022-09-03T16:30:43Z</time></trkpt>
<trkpt lat="37.074433" lon="-121.886431"><ele>636.8</ele><time>2022-09-03T16:30:44Z</time></trkpt>
<trkpt lat="37.074381" lon="-121.886555"><ele>638.9</ele><time>2022-09-03T16:30:46Z</time></trkpt>
<trkpt lat="37.074476" lon="-121.886901"><ele>637.1</ele><time>2022-09-03T16:30:55Z</time></trkpt>
<trkpt lat="37.074280" lon="-121.887298"><ele>633.1</ele><time>2022-09-03T16:31:00Z</time></trkpt>
<trkpt lat="37.074234" lon="-121.887630"><ele>628.4</ele><time>2022-09-03T16:31:02Z</time></trkpt>
<trkpt lat="37.074158" lon="-121.887900"><ele>628.1</ele><time>2022-09-03T16:31:04Z</time></trkpt>
<trkpt lat="37.074134" lon="-121.888247"><ele>626.2</ele><time>2022-09-03T16:31:07Z</time></trkpt>
<trkpt lat="37.074154" lon="-121.888349"><ele>624.7</ele><time>2022-09-03T16:31:08Z</time></trkpt>
<trkpt lat="37.074038" lon="-121.888790"><ele>621.0</ele><time>2022-09-03T16:31:12Z</time></trkpt>
<trkpt lat="37.073901" lon="-121.889055"><ele>616.2</ele><time>2022-09-03T16:31:16Z</time></trkpt>
<trkpt lat="37.073826" lon="-121.889217"><ele>617.1</ele><time>2022-09-03T16:31:19Z</time></trkpt>
<trkpt lat="37.073639" lon="-121.889454"><ele>618.8</ele><time>2022-09-03T16:31:27Z</time></trkpt>
<trkpt lat="37.073477" lon="-121.889803"><ele>621.3</ele><time>2022-09-03T16:34:43Z</time></trkpt>
<trkpt lat="37.073523" lon="-121.889882"><ele>621.2</ele><time>2022-09-03T16:34:48Z</time></trkpt>
<trkpt lat="37.073663" lon="-121.889900"><ele>620.6</ele><time>2022-09-03T16:34:52Z</time></trkpt>
<trkpt lat="37.073755" lon="-121.889968"><ele>619.8</ele><time>2022-09-03T16:34:54Z</time></trkpt>
<trkpt lat="37.073802" lon="-121.889889"><ele>619.3</ele><time>2022-09-03T16:34:56Z</time></trkpt>
<trkpt lat="37.073905" lon="-121.889832"><ele>618.5</ele><time>2022-09-03T16:34:58Z</time></trkpt>
<trkpt lat="37.073916" lon="-121.889625"><ele>617.5</ele><time>2022-09-03T16:35:01Z</time></trkpt>
<trkpt lat="37.073835" lon="-121.889498"><ele>616.4</ele><time>2022-09-03T16:35:04Z</time></trkpt>
<trkpt lat="37.073858" lon="-121.889431"><ele>615.7</ele><time>2022-09-03T16:35:05Z</time></trkpt>
<trkpt lat="37.073921" lon="-121.889417"><ele>615.0</ele><time>2022-09-03T16:35:06Z</time></trkpt>
<trkpt lat="37.074064" lon="-121.889530"><ele>613.3</ele><time>2022-09-03T16:35:08Z</time></trkpt>
<trkpt lat="37.074154" lon="-121.889661"><ele>612.0</ele><time>2022-09-03T16:35:10Z</time></trkpt>
<trkpt lat="37.074189" lon="-121.889756"><ele>611.3</ele><time>2022-09-03T16:35:11Z</time></trkpt>
<trkpt lat="37.074175" lon="-121.889931"><ele>610.1</ele><time>2022-09-03T16:35:13Z</time></trkpt>
<trkpt lat="37.074123" lon="-121.889990"><ele>609.5</ele><time>2022-09-03T16:35:14Z</time></trkpt>
<trkpt lat="37.074135" lon="-121.890073"><ele>609.0</ele><time>2022-09-03T16:35:15Z</time></trkpt>
<trkpt lat="37.074104" lon="-121.890179"><ele>608.5</ele><time>2022-09-03T16:35:16Z</time></trkpt>
<trkpt lat="37.073899" lon="-121.890589"><ele>606.8</ele><time>2022-09-03T16:35:21Z</time></trkpt>
<trkpt lat="37.073892" lon="-121.890715"><ele>606.4</ele><time>2022-09-03T16:35:23Z</time></trkpt>
<trkpt lat="37.074170" lon="-121.890986"><ele>605.9</ele><time>2022-09-03T16:35:28Z</time></trkpt>
<trkpt lat="37.074276" lon="-121.891016"><ele>605.8</ele><time>2022-09-03T16:35:30Z</time></trkpt>
<trkpt lat="37.074306" lon="-121.890988"><ele>605.7</ele><time>2022-09-03T16:35:31Z</time></trkpt>
<trkpt lat="37.074259" lon="-121.890903"><ele>605.4</ele><time>2022-09-03T16:35:33Z</time></trkpt>
<trkpt lat="37.074469" lon="-121.890904"><ele>604.1</ele><time>2022-09-03T16:35:37Z</time></trkpt>
<trkpt lat="37.074499" lon="-121.890997"><ele>603.5</ele><time>2022-09-03T16:35:39Z</time></trkpt>
<trkpt lat="37.074584" lon="-121.890971"><ele>602.7</ele><time>2022-09-03T16:35:42Z</time></trkpt>
<trkpt lat="37.074660" lon="-121.890842"><ele>601.5</ele><time>2022-09-03T16:35:45Z</time></trkpt>
<trkpt lat="37.074701" lon="-121.890842"><ele>601.1</ele><time>2022-09-03T16:35:46Z</time></trkpt>
<trkpt lat="37.074718" lon="-121.890714"><ele>600.0</ele><time>2022-09-03T16:35:50Z</time></trkpt>
<trkpt lat="37.074829" lon="-121.890490"><ele>597.9</ele><time>2022-09-03T16:35:51Z</time></trkpt>
<trkpt lat="37.074960" lon="-121.890291"><ele>596.0</ele><time>2022-09-03T16:35:54Z</time></trkpt>
<trkpt lat="37.075025" lon="-121.890249"><ele>595.5</ele><time>2022-09-03T16:35:55Z</time></trkpt>
<trkpt lat="37.075058" lon="-121.890178"><ele>595.0</ele><time>2022-09-03T16:35:56Z</time></trkpt>
<trkpt lat="37.075041" lon="-121.890113"><ele>594.6</ele><time>2022-09-03T16:35:57Z</time></trkpt>
<trkpt lat="37.075094" lon="-121.890092"><ele>594.2</ele><time>2022-09-03T16:35:59Z</time></trkpt>
<trkpt lat="37.075208" lon="-121.890169"><ele>592.9</ele><time>2022-09-03T16:36:03Z</time></trkpt>
<trkpt lat="37.075238" lon="-121.890272"><ele>591.8</ele><time>2022-09-03T16:36:06Z</time></trkpt>
<trkpt lat="37.075223" lon="-121.890332"><ele>591.1</ele><time>2022-09-03T16:36:08Z</time></trkpt>
<trkpt lat="37.075250" lon="-121.890368"><ele>590.7</ele><time>2022-09-03T16:36:10Z</time></trkpt>
<trkpt lat="37.075331" lon="-121.890375"><ele>589.7</ele><time>2022-09-03T16:36:13Z</time></trkpt>
<trkpt lat="37.075351" lon="-121.890467"><ele>588.7</ele><time>2022-09-03T16:36:15Z</time></trkpt>
<trkpt lat="37.075327" lon="-121.891265"><ele>580.3</ele><time>2022-09-03T16:36:24Z</time></trkpt>
<trkpt lat="37.075393" lon="-121.891274"><ele>579.7</ele><time>2022-09-03T16:36:25Z</time></trkpt>
<trkpt lat="37.075556" lon="-121.891122"><ele>578.2</ele><time>2022-09-03T16:36:28Z</time></trkpt>
<trkpt lat="37.075655" lon="-121.890912"><ele>576.3</ele><time>2022-09-03T16:36:33Z</time></trkpt>
<trkpt lat="37.075606" lon="-121.891309"><ele>572.6</ele><time>2022-09-03T16:36:34Z</time></trkpt>
<trkpt lat="37.075658" lon="-121.891447"><ele>571.2</ele><time>2022-09-03T16:36:36Z</time></trkpt>
<trkpt lat="37.075706" lon="-121.891738"><ele>568.9</ele><time>2022-09-03T16:36:39Z</time></trkpt>
<trkpt lat="37.075959" lon="-121.892034"><ele>566.6</ele><time>2022-09-03T16:36:43Z</time></trkpt>
<trkpt lat="37.075990" lon="-121.892133"><ele>566.1</ele><time>2022-09-03T16:36:45Z</time></trkpt>
<trkpt lat="37.075844" lon="-121.892294"><ele>564.6</ele><time>2022-09-03T16:36:48Z</time></trkpt>
<trkpt lat="37.075909" lon="-121.892656"><ele>562.8</ele><time>2022-09-03T16:36:52Z</time></trkpt>
<trkpt lat="37.075989" lon="-121.892768"><ele>562.5</ele><time>2022-09-03T16:36:54Z</time></trkpt>
<trkpt lat="37.075994" lon="-121.892833"><ele>562.5</ele><time>2022-09-03T16:36:55Z</time></trkpt>
<trkpt lat="37.075991" lon="-121.892966"><ele>562.5</ele><time>2022-09-03T16:36:57Z</time></trkpt>
<trkpt lat="37.075961" lon="-121.893017"><ele>562.6</ele><time>2022-09-03T16:36:58Z</time></trkpt>
<trkpt lat="37.075880" lon="-121.893047"><ele>562.5</ele><time>2022-09-03T16:37:01Z</time></trkpt>
<trkpt lat="37.075809" lon="-121.893204"><ele>562.2</ele><time>2022-09-03T16:37:06Z</time></trkpt>
<trkpt lat="37.075740" lon="-121.893220"><ele>561.9</ele><time>2022-09-03T16:37:08Z</time></trkpt>
<trkpt lat="37.075722" lon="-121.893309"><ele>563.0</ele><time>2022-09-03T16:37:10Z</time></trkpt>
<trkpt lat="37.075704" lon="-121.893388"><ele>557.8</ele><time>2022-09-03T16:37:12Z</time></trkpt>
<trkpt lat="37.075722" lon="-121.893486"><ele>555.5</ele><time>2022-09-03T16:37:15Z</time></trkpt>
<trkpt lat="37.075621" lon="-121.893607"><ele>554.5</ele><time>2022-09-03T16:37:18Z</time></trkpt>
<trkpt lat="37.075627" lon="-121.893707"><ele>553.2</ele><time>2022-09-03T16:37:20Z</time></trkpt>
<trkpt lat="37.075660" lon="-121.893724"><ele>552.5</ele><time>2022-09-03T16:37:21Z</time></trkpt>
<trkpt lat="37.075651" lon="-121.893652"><ele>550.6</ele><time>2022-09-03T16:37:26Z</time></trkpt>
<trkpt lat="37.075691" lon="-121.893640"><ele>549.8</ele><time>2022-09-03T16:37:27Z</time></trkpt>
<trkpt lat="37.075741" lon="-121.893660"><ele>545.6</ele><time>2022-09-03T16:37:29Z</time></trkpt>
<trkpt lat="37.075859" lon="-121.893684"><ele>543.4</ele><time>2022-09-03T16:37:33Z</time></trkpt>
<trkpt lat="37.075899" lon="-121.893682"><ele>539.5</ele><time>2022-09-03T16:37:34Z</time></trkpt>
<trkpt lat="37.075937" lon="-121.893616"><ele>540.2</ele><time>2022-09-03T16:37:35Z</time></trkpt>
<trkpt lat="37.075940" lon="-121.893539"><ele>539.8</ele><time>2022-09-03T16:37:36Z</time></trkpt>
<trkpt lat="37.076196" lon="-121.892993"><ele>542.5</ele><time>2022-09-03T16:37:40Z</time></trkpt>
<trkpt lat="37.076175" lon="-121.892849"><ele>541.8</ele><time>2022-09-03T16:37:42Z</time></trkpt>
<trkpt lat="37.076194" lon="-121.892776"><ele>541.5</ele><time>2022-09-03T16:37:43Z</time></trkpt>
<trkpt lat="37.076277" lon="-121.892693"><ele>540.6</ele><time>2022-09-03T16:37:44Z</time></trkpt>
<trkpt lat="37.076483" lon="-121.892603"><ele>539.3</ele><time>2022-09-03T16:37:47Z</time></trkpt>
<trkpt lat="37.076609" lon="-121.892438"><ele>538.4</ele><time>2022-09-03T16:37:50Z</time></trkpt>
<trkpt lat="37.076559" lon="-121.892466"><ele>538.1</ele><time>2022-09-03T16:37:52Z</time></trkpt>
<trkpt lat="37.076601" lon="-121.892456"><ele>537.9</ele><time>2022-09-03T16:37:53Z</time></trkpt>
<trkpt lat="37.076714" lon="-121.892311"><ele>537.4</ele><time>2022-09-03T16:37:57Z</time></trkpt>
<trkpt lat="37.076670" lon="-121.892258"><ele>537.2</ele><time>2022-09-03T16:37:58Z</time></trkpt>
<trkpt lat="37.076754" lon="-121.892198"><ele>536.9</ele><time>2022-09-03T16:37:59Z</time></trkpt>
<trkpt lat="37.076807" lon="-121.892098"><ele>536.7</ele><time>2022-09-03T16:38:00Z</time></trkpt>
<trkpt lat="37.076674" lon="-121.892168"><ele>536.2</ele><time>2022-09-03T16:38:01Z</time></trkpt>
<trkpt lat="37.077007" lon="-121.891594"><ele>533.9</ele><time>2022-09-03T16:38:06Z</time></trkpt>
<trkpt lat="37.077021" lon="-121.891372"><ele>532.1</ele><time>2022-09-03T16:38:09Z</time></trkpt>
<trkpt lat="37.077051" lon="-121.891333"><ele>531.6</ele><time>2022-09-03T16:38:10Z</time></trkpt>
<trkpt lat="37.077128" lon="-121.891322"><ele>530.7</ele><time>2022-09-03T16:38:11Z</time></trkpt>
<trkpt lat="37.077239" lon="-121.891456"><ele>528.9</ele><time>2022-09-03T16:38:13Z</time></trkpt>
<trkpt lat="37.077269" lon="-121.891626"><ele>527.3</ele><time>2022-09-03T16:38:15Z</time></trkpt>
<trkpt lat="37.077172" lon="-121.892182"><ele>523.0</ele><time>2022-09-03T16:38:21Z</time></trkpt>
<trkpt lat="37.077070" lon="-121.892304"><ele>522.0</ele><time>2022-09-03T16:38:22Z</time></trkpt>
<trkpt lat="37.077064" lon="-121.892401"><ele>521.5</ele><time>2022-09-03T16:38:23Z</time></trkpt>
<trkpt lat="37.077008" lon="-121.892474"><ele>521.0</ele><time>2022-09-03T16:38:24Z</time></trkpt>
<trkpt lat="37.076948" lon="-121.892652"><ele>520.2</ele><time>2022-09-03T16:38:26Z</time></trkpt>
<trkpt lat="37.076951" lon="-121.892975"><ele>518.6</ele><time>2022-09-03T16:38:31Z</time></trkpt>
<trkpt lat="37.076991" lon="-121.893016"><ele>518.3</ele><time>2022-09-03T16:38:32Z</time></trkpt>
<trkpt lat="37.077016" lon="-121.893157"><ele>517.5</ele><time>2022-09-03T16:38:36Z</time></trkpt>
<trkpt lat="37.076939" lon="-121.893429"><ele>516.0</ele><time>2022-09-03T16:38:37Z</time></trkpt>
<trkpt lat="37.077008" lon="-121.893502"><ele>515.4</ele><time>2022-09-03T16:38:39Z</time></trkpt>
<trkpt lat="37.076991" lon="-121.893672"><ele>514.7</ele><time>2022-09-03T16:38:42Z</time></trkpt>
<trkpt lat="37.077038" lon="-121.893828"><ele>514.1</ele><time>2022-09-03T16:38:44Z</time></trkpt>
<trkpt lat="37.077153" lon="-121.893949"><ele>513.8</ele><time>2022-09-03T16:38:47Z</time></trkpt>
<trkpt lat="37.077187" lon="-121.894075"><ele>513.7</ele><time>2022-09-03T16:38:48Z</time></trkpt>
<trkpt lat="37.077156" lon="-121.894430"><ele>513.7</ele><time>2022-09-03T16:38:57Z</time></trkpt>
<trkpt lat="37.077155" lon="-121.894533"><ele>512.7</ele><time>2022-09-03T16:39:00Z</time></trkpt>
<trkpt lat="37.077185" lon="-121.894567"><ele>512.7</ele><time>2022-09-03T16:39:01Z</time></trkpt>
<trkpt lat="37.077220" lon="-121.894561"><ele>512.7</ele><time>2022-09-03T16:39:02Z</time></trkpt>
<trkpt lat="37.077158" lon="-121.894525"><ele>512.7</ele><time>2022-09-03T16:39:06Z</time></trkpt>
<trkpt lat="37.077225" lon="-121.894426"><ele>512.7</ele><time>2022-09-03T16:39:08Z</time></trkpt>
<trkpt lat="37.077202" lon="-121.894375"><ele>512.7</ele><time>2022-09-03T16:39:09Z</time></trkpt>
<trkpt lat="37.077201" lon="-121.894337"><ele>509.0</ele><time>2022-09-03T16:39:10Z</time></trkpt>
<trkpt lat="37.077184" lon="-121.894114"><ele>507.8</ele><time>2022-09-03T16:39:16Z</time></trkpt>
<trkpt lat="37.077131" lon="-121.893945"><ele>507.1</ele><time>2022-09-03T16:39:19Z</time></trkpt>
<trkpt lat="37.077269" lon="-121.893633"><ele>506.0</ele><time>2022-09-03T16:39:27Z</time></trkpt>
<trkpt lat="37.077274" lon="-121.893496"><ele>505.6</ele><time>2022-09-03T16:39:30Z</time></trkpt>
<trkpt lat="37.077314" lon="-121.893374"><ele>505.3</ele><time>2022-09-03T16:39:32Z</time></trkpt>
<trkpt lat="37.077304" lon="-121.893163"><ele>504.6</ele><time>2022-09-03T16:39:34Z</time></trkpt>
<trkpt lat="37.077356" lon="-121.893004"><ele>504.1</ele><time>2022-09-03T16:39:36Z</time></trkpt>
<trkpt lat="37.077539" lon="-121.892747"><ele>503.2</ele><time>2022-09-03T16:39:40Z</time></trkpt>
<trkpt lat="37.077653" lon="-121.892504"><ele>502.3</ele><time>2022-09-03T16:39:43Z</time></trkpt>
<trkpt lat="37.077645" lon="-121.892404"><ele>501.9</ele><time>2022-09-03T16:39:45Z</time></trkpt>
<trkpt lat="37.077698" lon="-121.892423"><ele>501.5</ele><time>2022-09-03T16:39:46Z</time></trkpt>
<trkpt lat="37.077719" lon="-121.892602"><ele>499.7</ele><time>2022-09-03T16:39:49Z</time></trkpt>
<trkpt lat="37.077783" lon="-121.892559"><ele>498.8</ele><time>2022-09-03T16:39:50Z</time></trkpt>
<trkpt lat="37.077844" lon="-121.892442"><ele>497.6</ele><time>2022-09-03T16:39:51Z</time></trkpt>
<trkpt lat="37.077894" lon="-121.892149"><ele>495.0</ele><time>2022-09-03T16:39:55Z</time></trkpt>
<trkpt lat="37.077950" lon="-121.892176"><ele>490.7</ele><time>2022-09-03T16:39:56Z</time></trkpt>
<trkpt lat="37.077947" lon="-121.892294"><ele>490.5</ele><time>2022-09-03T16:39:58Z</time></trkpt>
<trkpt lat="37.077997" lon="-121.892381"><ele>490.4</ele><time>2022-09-03T16:40:03Z</time></trkpt>
<trkpt lat="37.078004" lon="-121.892161"><ele>490.5</ele><time>2022-09-03T16:40:11Z</time></trkpt>
<trkpt lat="37.078091" lon="-121.892137"><ele>487.5</ele><time>2022-09-03T16:40:12Z</time></trkpt>
<trkpt lat="37.078177" lon="-121.892171"><ele>487.5</ele><time>2022-09-03T16:40:13Z</time></trkpt>
<trkpt lat="37.078172" lon="-121.892276"><ele>487.5</ele><time>2022-09-03T16:40:14Z</time></trkpt>
<trkpt lat="37.078220" lon="-121.892272"><ele>485.4</ele><time>2022-09-03T16:40:15Z</time></trkpt>
<trkpt lat="37.078250" lon="-121.892286"><ele>488.7</ele><time>2022-09-03T16:40:16Z</time></trkpt>
<trkpt lat="37.078312" lon="-121.892172"><ele>485.4</ele><time>2022-09-03T16:40:20Z</time></trkpt>
<trkpt lat="37.078354" lon="-121.892097"><ele>478.5</ele><time>2022-09-03T16:40:21Z</time></trkpt>
<trkpt lat="37.078405" lon="-121.892132"><ele>481.9</ele><time>2022-09-03T16:40:23Z</time></trkpt>
<trkpt lat="37.078461" lon="-121.892195"><ele>481.9</ele><time>2022-09-03T16:40:26Z</time></trkpt>
<trkpt lat="37.078489" lon="-121.892249"><ele>477.6</ele><time>2022-09-03T16:40:27Z</time></trkpt>
<trkpt lat="37.078530" lon="-121.892317"><ele>481.4</ele><time>2022-09-03T16:40:28Z</time></trkpt>
<trkpt lat="37.078643" lon="-121.892298"><ele>474.1</ele><time>2022-09-03T16:40:29Z</time></trkpt>
<trkpt lat="37.078678" lon="-121.892746"><ele>469.7</ele><time>2022-09-03T16:40:35Z</time></trkpt>
<trkpt lat="37.078728" lon="-121.892944"><ele>468.6</ele><time>2022-09-03T16:40:38Z</time></trkpt>
<trkpt lat="37.078662" lon="-121.893387"><ele>466.1</ele><time>2022-09-03T16:40:46Z</time></trkpt>
<trkpt lat="37.078671" lon="-121.893523"><ele>464.9</ele><time>2022-09-03T16:40:47Z</time></trkpt>
<trkpt lat="37.078724" lon="-121.893669"><ele>463.0</ele><time>2022-09-03T16:40:49Z</time></trkpt>
<trkpt lat="37.078698" lon="-121.893713"><ele>462.4</ele><time>2022-09-03T16:40:50Z</time></trkpt>
<trkpt lat="37.078785" lon="-121.893665"><ele>461.2</ele><time>2022-09-03T16:40:54Z</time></trkpt>
<trkpt lat="37.078774" lon="-121.893627"><ele>460.8</ele><time>2022-09-03T16:40:55Z</time></trkpt>
<trkpt lat="37.078857" lon="-121.893323"><ele>458.5</ele><time>2022-09-03T16:41:03Z</time></trkpt>
<trkpt lat="37.078859" lon="-121.893178"><ele>457.8</ele><time>2022-09-03T16:41:06Z</time></trkpt>
<trkpt lat="37.078891" lon="-121.893125"><ele>457.4</ele><time>2022-09-03T16:41:08Z</time></trkpt>
<trkpt lat="37.078955" lon="-121.893121"><ele>457.1</ele><time>2022-09-03T16:41:10Z</time></trkpt>
<trkpt lat="37.079009" lon="-121.893232"><ele>456.3</ele><time>2022-09-03T16:41:14Z</time></trkpt>
<trkpt lat="37.078982" lon="-121.893330"><ele>455.7</ele><time>2022-09-03T16:41:16Z</time></trkpt>
<trkpt lat="37.079014" lon="-121.893331"><ele>455.4</ele><time>2022-09-03T16:41:17Z</time></trkpt>
<trkpt lat="37.079066" lon="-121.893482"><ele>454.3</ele><time>2022-09-03T16:41:20Z</time></trkpt>
<trkpt lat="37.079015" lon="-121.894006"><ele>450.0</ele><time>2022-09-03T16:41:26Z</time></trkpt>
<trkpt lat="37.079051" lon="-121.894014"><ele>449.6</ele><time>2022-09-03T16:41:27Z</time></trkpt>
<trkpt lat="37.079216" lon="-121.893469"><ele>446.2</ele><time>2022-09-03T16:41:32Z</time></trkpt>
<trkpt lat="37.079344" lon="-121.893247"><ele>445.1</ele><time>2022-09-03T16:41:37Z</time></trkpt>
<trkpt lat="37.079387" lon="-121.893353"><ele>444.5</ele><time>2022-09-03T16:41:38Z</time></trkpt>
<trkpt lat="37.079358" lon="-121.893438"><ele>444.0</ele><time>2022-09-03T16:41:39Z</time></trkpt>
<trkpt lat="37.079440" lon="-121.893410"><ele>443.3</ele><time>2022-09-03T16:41:40Z</time></trkpt>
<trkpt lat="37.079380" lon="-121.893605"><ele>441.9</ele><time>2022-09-03T16:41:43Z</time></trkpt>
<trkpt lat="37.079368" lon="-121.893754"><ele>441.1</ele><time>2022-09-03T16:41:45Z</time></trkpt>
<trkpt lat="37.079378" lon="-121.894010"><ele>439.7</ele><time>2022-09-03T16:41:48Z</time></trkpt>
<trkpt lat="37.079429" lon="-121.894067"><ele>439.2</ele><time>2022-09-03T16:41:49Z</time></trkpt>
<trkpt lat="37.079411" lon="-121.894217"><ele>438.2</ele><time>2022-09-03T16:41:51Z</time></trkpt>
<trkpt lat="37.079442" lon="-121.894247"><ele>437.9</ele><time>2022-09-03T16:41:52Z</time></trkpt>
<trkpt lat="37.079498" lon="-121.894211"><ele>437.4</ele><time>2022-09-03T16:41:53Z</time></trkpt>
<trkpt lat="37.079536" lon="-121.893956"><ele>435.9</ele><time>2022-09-03T16:41:56Z</time></trkpt>
<trkpt lat="37.079523" lon="-121.893761"><ele>434.7</ele><time>2022-09-03T16:42:02Z</time></trkpt>
<trkpt lat="37.079600" lon="-121.893740"><ele>434.1</ele><time>2022-09-03T16:42:04Z</time></trkpt>
<trkpt lat="37.079619" lon="-121.893863"><ele>433.2</ele><time>2022-09-03T16:42:06Z</time></trkpt>
<trkpt lat="37.079730" lon="-121.893907"><ele>432.1</ele><time>2022-09-03T16:42:08Z</time></trkpt>
<trkpt lat="37.079788" lon="-121.894172"><ele>430.2</ele><time>2022-09-03T16:42:11Z</time></trkpt>
<trkpt lat="37.079896" lon="-121.894190"><ele>429.3</ele><time>2022-09-03T16:42:12Z</time></trkpt>
<trkpt lat="37.079923" lon="-121.894271"><ele>428.8</ele><time>2022-09-03T16:42:13Z</time></trkpt>
<trkpt lat="37.079859" lon="-121.894387"><ele>428.2</ele><time>2022-09-03T16:42:14Z</time></trkpt>
<trkpt lat="37.079875" lon="-121.894465"><ele>427.8</ele><time>2022-09-03T16:42:15Z</time></trkpt>
<trkpt lat="37.079838" lon="-121.894588"><ele>427.3</ele><time>2022-09-03T16:42:17Z</time></trkpt>
<trkpt lat="37.079687" lon="-121.894658"><ele>426.6</ele><time>2022-09-03T16:42:22Z</time></trkpt>
<trkpt lat="37.079714" lon="-121.894749"><ele>426.3</ele><time>2022-09-03T16:42:24Z</time></trkpt>
<trkpt lat="37.079904" lon="-121.894843"><ele>425.7</ele><time>2022-09-03T16:42:28Z</time></trkpt>
<trkpt lat="37.079882" lon="-121.894900"><ele>425.5</ele><time>2022-09-03T16:42:29Z</time></trkpt>
<trkpt lat="37.079925" lon="-121.895031"><ele>424.9</ele><time>2022-09-03T16:42:30Z</time></trkpt>
<trkpt lat="37.079886" lon="-121.894946"><ele>424.4</ele><time>2022-09-03T16:42:31Z</time></trkpt>
<trkpt lat="37.079880" lon="-121.895015"><ele>424.0</ele><time>2022-09-03T16:42:33Z</time></trkpt>
<trkpt lat="37.079920" lon="-121.895115"><ele>423.3</ele><time>2022-09-03T16:42:38Z</time></trkpt>
<trkpt lat="37.079690" lon="-121.895353"><ele>421.0</ele><time>2022-09-03T16:42:43Z</time></trkpt>
<trkpt lat="37.079701" lon="-121.895496"><ele>420.0</ele><time>2022-09-03T16:42:45Z</time></trkpt>
<trkpt lat="37.079739" lon="-121.895513"><ele>419.6</ele><time>2022-09-03T16:42:46Z</time></trkpt>
<trkpt lat="37.079790" lon="-121.895630"><ele>418.6</ele><time>2022-09-03T16:42:49Z</time></trkpt>
<trkpt lat="37.079818" lon="-121.895627"><ele>418.3</ele><time>2022-09-03T16:42:50Z</time></trkpt>
<trkpt lat="37.079815" lon="-121.895550"><ele>417.6</ele><time>2022-09-03T16:42:52Z</time></trkpt>
<trkpt lat="37.079849" lon="-121.895580"><ele>417.2</ele><time>2022-09-03T16:42:54Z</time></trkpt>
<trkpt lat="37.079899" lon="-121.895502"><ele>416.4</ele><time>2022-09-03T16:42:55Z</time></trkpt>
<trkpt lat="37.079942" lon="-121.895917"><ele>414.4</ele><time>2022-09-03T16:43:04Z</time></trkpt>
<trkpt lat="37.080044" lon="-121.896177"><ele>414.0</ele><time>2022-09-03T16:43:08Z</time></trkpt>
<trkpt lat="37.080292" lon="-121.896386"><ele>413.8</ele><time>2022-09-03T16:43:17Z</time></trkpt>
<trkpt lat="37.080365" lon="-121.896555"><ele>413.5</ele><time>2022-09-03T16:43:20Z</time></trkpt>
<trkpt lat="37.080370" lon="-121.896785"><ele>413.2</ele><time>2022-09-03T16:43:23Z</time></trkpt>
<trkpt lat="37.080285" lon="-121.896938"><ele>413.0</ele><time>2022-09-03T16:43:26Z</time></trkpt>
<trkpt lat="37.080248" lon="-121.897087"><ele>412.9</ele><time>2022-09-03T16:43:28Z</time></trkpt>
<trkpt lat="37.080244" lon="-121.897371"><ele>413.1</ele><time>2022-09-03T16:43:35Z</time></trkpt>
<trkpt lat="37.080133" lon="-121.897528"><ele>413.6</ele><time>2022-09-03T16:43:45Z</time></trkpt>
<trkpt lat="37.079980" lon="-121.897483"><ele>414.3</ele><time>2022-09-03T16:47:25Z</time></trkpt>
<trkpt lat="37.080016" lon="-121.897950"><ele>413.5</ele><time>2022-09-03T16:47:30Z</time></trkpt>
<trkpt lat="37.079957" lon="-121.898070"><ele>412.6</ele><time>2022-09-03T16:47:32Z</time></trkpt>
<trkpt lat="37.079944" lon="-121.898197"><ele>412.0</ele><time>2022-09-03T16:47:33Z</time></trkpt>
<trkpt lat="37.079844" lon="-121.898333"><ele>411.3</ele><time>2022-09-03T16:47:35Z</time></trkpt>
<trkpt lat="37.079822" lon="-121.898440"><ele>410.9</ele><time>2022-09-03T16:47:37Z</time></trkpt>
<trkpt lat="37.079868" lon="-121.898501"><ele>410.4</ele><time>2022-09-03T16:47:38Z</time></trkpt>
<trkpt lat="37.079955" lon="-121.898473"><ele>409.5</ele><time>2022-09-03T16:47:39Z</time></trkpt>
<trkpt lat="37.080036" lon="-121.898413"><ele>408.7</ele><time>2022-09-03T16:47:40Z</time></trkpt>
<trkpt lat="37.080129" lon="-121.898226"><ele>407.2</ele><time>2022-09-03T16:47:43Z</time></trkpt>
<trkpt lat="37.080242" lon="-121.898271"><ele>406.1</ele><time>2022-09-03T16:47:45Z</time></trkpt>
<trkpt lat="37.080339" lon="-121.898234"><ele>406.0</ele><time>2022-09-03T16:47:47Z</time></trkpt>
<trkpt lat="37.080359" lon="-121.898306"><ele>404.5</ele><time>2022-09-03T16:47:48Z</time></trkpt>
<trkpt lat="37.080308" lon="-121.898354"><ele>405.0</ele><time>2022-09-03T16:47:49Z</time></trkpt>
<trkpt lat="37.080297" lon="-121.898430"><ele>405.9</ele><time>2022-09-03T16:47:51Z</time></trkpt>
<trkpt lat="37.080394" lon="-121.898527"><ele>402.3</ele><time>2022-09-03T16:47:56Z</time></trkpt>
<trkpt lat="37.080632" lon="-121.898459"><ele>400.9</ele><time>2022-09-03T16:47:58Z</time></trkpt>
<trkpt lat="37.080592" lon="-121.898573"><ele>399.1</ele><time>2022-09-03T16:48:00Z</time></trkpt>
<trkpt lat="37.080374" lon="-121.898854"><ele>395.4</ele><time>2022-09-03T16:48:01Z</time></trkpt>
<trkpt lat="37.080358" lon="-121.898929"><ele>394.9</ele><time>2022-09-03T16:48:02Z</time></trkpt>
<trkpt lat="37.080252" lon="-121.899055"><ele>393.7</ele><time>2022-09-03T16:48:04Z</time></trkpt>
<trkpt lat="37.080092" lon="-121.899133"><ele>391.8</ele><time>2022-09-03T16:48:07Z</time></trkpt>
<trkpt lat="37.080069" lon="-121.899184"><ele>391.2</ele><time>2022-09-03T16:48:08Z</time></trkpt>
<trkpt lat="37.080133" lon="-121.899281"><ele>390.0</ele><time>2022-09-03T16:48:10Z</time></trkpt>
<trkpt lat="37.080212" lon="-121.899289"><ele>389.2</ele><time>2022-09-03T16:48:11Z</time></trkpt>
<trkpt lat="37.080327" lon="-121.899242"><ele>388.2</ele><time>2022-09-03T16:48:12Z</time></trkpt>
<trkpt lat="37.080631" lon="-121.898994"><ele>385.6</ele><time>2022-09-03T16:48:16Z</time></trkpt>
<trkpt lat="37.080696" lon="-121.898840"><ele>384.5</ele><time>2022-09-03T16:48:18Z</time></trkpt>
<trkpt lat="37.080681" lon="-121.898723"><ele>383.9</ele><time>2022-09-03T16:48:19Z</time></trkpt>
<trkpt lat="37.081059" lon="-121.898182"><ele>381.8</ele><time>2022-09-03T16:48:27Z</time></trkpt>
<trkpt lat="37.081069" lon="-121.897868"><ele>380.9</ele><time>2022-09-03T16:48:31Z</time></trkpt>
<trkpt lat="37.081175" lon="-121.897742"><ele>380.5</ele><time>2022-09-03T16:48:33Z</time></trkpt>
<trkpt lat="37.081329" lon="-121.897373"><ele>378.5</ele><time>2022-09-03T16:48:38Z</time></trkpt>
<trkpt lat="37.081421" lon="-121.896961"><ele>375.2</ele><time>2022-09-03T16:48:44Z</time></trkpt>
<trkpt lat="37.081377" lon="-121.896820"><ele>374.0</ele><time>2022-09-03T16:48:46Z</time></trkpt>
<trkpt lat="37.081262" lon="-121.896663"><ele>372.6</ele><time>2022-09-03T16:48:54Z</time></trkpt>
<trkpt lat="37.081277" lon="-121.896594"><ele>372.3</ele><time>2022-09-03T16:48:55Z</time></trkpt>
<trkpt lat="37.081232" lon="-121.896521"><ele>371.9</ele><time>2022-09-03T16:48:57Z</time></trkpt>
<trkpt lat="37.081259" lon="-121.896440"><ele>371.8</ele><time>2022-09-03T16:48:59Z</time></trkpt>
<trkpt lat="37.081319" lon="-121.896425"><ele>371.8</ele><time>2022-09-03T16:49:02Z</time></trkpt>
<trkpt lat="37.081335" lon="-121.896519"><ele>371.9</ele><time>2022-09-03T16:49:05Z</time></trkpt>
<trkpt lat="37.081346" lon="-121.896554"><ele>365.3</ele><time>2022-09-03T16:49:06Z</time></trkpt>
<trkpt lat="37.081413" lon="-121.896551"><ele>365.4</ele><time>2022-09-03T16:49:09Z</time></trkpt>
<trkpt lat="37.081419" lon="-121.896618"><ele>369.5</ele><time>2022-09-03T16:49:10Z</time></trkpt>
<trkpt lat="37.081462" lon="-121.896635"><ele>369.5</ele><time>2022-09-03T16:49:11Z</time></trkpt>
<trkpt lat="37.081488" lon="-121.896682"><ele>365.5</ele><time>2022-09-03T16:49:13Z</time></trkpt>
<trkpt lat="37.081483" lon="-121.896766"><ele>367.5</ele><time>2022-09-03T16:49:15Z</time></trkpt>
<trkpt lat="37.081549" lon="-121.896767"><ele>367.5</ele><time>2022-09-03T16:49:17Z</time></trkpt>
<trkpt lat="37.081599" lon="-121.896837"><ele>367.5</ele><time>2022-09-03T16:49:18Z</time></trkpt>
<trkpt lat="37.081621" lon="-121.896858"><ele>363.0</ele><time>2022-09-03T16:49:19Z</time></trkpt>
<trkpt lat="37.081596" lon="-121.896918"><ele>368.3</ele><time>2022-09-03T16:49:21Z</time></trkpt>
<trkpt lat="37.081626" lon="-121.896928"><ele>362.9</ele><time>2022-09-03T16:49:22Z</time></trkpt>
<trkpt lat="37.081654" lon="-121.896966"><ele>362.9</ele><time>2022-09-03T16:49:23Z</time></trkpt>
<trkpt lat="37.081741" lon="-121.897197"><ele>362.3</ele><time>2022-09-03T16:49:25Z</time></trkpt>
<trkpt lat="37.081759" lon="-121.897278"><ele>357.8</ele><time>2022-09-03T16:49:26Z</time></trkpt>
<trkpt lat="37.081796" lon="-121.897434"><ele>359.2</ele><time>2022-09-03T16:49:28Z</time></trkpt>
<trkpt lat="37.081989" lon="-121.897547"><ele>354.4</ele><time>2022-09-03T16:49:31Z</time></trkpt>
<trkpt lat="37.082036" lon="-121.897620"><ele>349.1</ele><time>2022-09-03T16:49:32Z</time></trkpt>
<trkpt lat="37.082076" lon="-121.897755"><ele>349.2</ele><time>2022-09-03T16:49:34Z</time></trkpt>
<trkpt lat="37.082007" lon="-121.897841"><ele>356.6</ele><time>2022-09-03T16:49:36Z</time></trkpt>
<trkpt lat="37.082037" lon="-121.897923"><ele>349.4</ele><time>2022-09-03T16:49:39Z</time></trkpt>
<trkpt lat="37.081981" lon="-121.897968"><ele>356.8</ele><time>2022-09-03T16:49:40Z</time></trkpt>
<trkpt lat="37.081990" lon="-121.898077"><ele>356.8</ele><time>2022-09-03T16:49:43Z</time></trkpt>
<trkpt lat="37.082021" lon="-121.898114"><ele>356.9</ele><time>2022-09-03T16:49:45Z</time></trkpt>
<trkpt lat="37.082059" lon="-121.898134"><ele>345.6</ele><time>2022-09-03T16:49:46Z</time></trkpt>
<trkpt lat="37.082031" lon="-121.898112"><ele>349.0</ele><time>2022-09-03T16:49:47Z</time></trkpt>
<trkpt lat="37.082065" lon="-121.897886"><ele>349.6</ele><time>2022-09-03T16:49:51Z</time></trkpt>
<trkpt lat="37.082132" lon="-121.897873"><ele>349.7</ele><time>2022-09-03T16:49:52Z</time></trkpt>
<trkpt lat="37.082222" lon="-121.897884"><ele>345.6</ele><time>2022-09-03T16:49:53Z</time></trkpt>
<trkpt lat="37.082281" lon="-121.897935"><ele>344.8</ele><time>2022-09-03T16:49:54Z</time></trkpt>
<trkpt lat="37.082282" lon="-121.898040"><ele>344.0</ele><time>2022-09-03T16:49:55Z</time></trkpt>
<trkpt lat="37.082239" lon="-121.898146"><ele>343.1</ele><time>2022-09-03T16:49:56Z</time></trkpt>
<trkpt lat="37.082317" lon="-121.898209"><ele>342.4</ele><time>2022-09-03T16:49:57Z</time></trkpt>
<trkpt lat="37.082194" lon="-121.898395"><ele>341.2</ele><time>2022-09-03T16:50:00Z</time></trkpt>
<trkpt lat="37.082052" lon="-121.898999"><ele>337.1</ele><time>2022-09-03T16:50:09Z</time></trkpt>
<trkpt lat="37.082086" lon="-121.899291"><ele>335.7</ele><time>2022-09-03T16:50:13Z</time></trkpt>
<trkpt lat="37.082058" lon="-121.899431"><ele>335.1</ele><time>2022-09-03T16:50:16Z</time></trkpt>
<trkpt lat="37.082111" lon="-121.899493"><ele>334.8</ele><time>2022-09-03T16:50:17Z</time></trkpt>
<trkpt lat="37.082127" lon="-121.899580"><ele>334.6</ele><time>2022-09-03T16:50:18Z</time></trkpt>
<trkpt lat="37.082027" lon="-121.899607"><ele>334.3</ele><time>2022-09-03T16:50:19Z</time></trkpt>
<trkpt lat="37.082006" lon="-121.899755"><ele>334.1</ele><time>2022-09-03T16:50:21Z</time></trkpt>
<trkpt lat="37.082043" lon="-121.899809"><ele>334.0</ele><time>2022-09-03T16:50:24Z</time></trkpt>
<trkpt lat="37.082005" lon="-121.899869"><ele>334.0</ele><time>2022-09-03T16:50:25Z</time></trkpt>
<trkpt lat="37.082047" lon="-121.899981"><ele>333.9</ele><time>2022-09-03T16:50:28Z</time></trkpt>
<trkpt lat="37.081961" lon="-121.900037"><ele>333.9</ele><time>2022-09-03T16:50:30Z</time></trkpt>
<trkpt lat="37.081867" lon="-121.900275"><ele>334.1</ele><time>2022-09-03T16:50:38Z</time></trkpt>
<trkpt lat="37.081871" lon="-121.900529"><ele>333.8</ele><time>2022-09-03T16:50:45Z</time></trkpt>
<trkpt lat="37.081821" lon="-121.900595"><ele>333.6</ele><time>2022-09-03T16:50:46Z</time></trkpt>
<trkpt lat="37.081895" lon="-121.900693"><ele>333.2</ele><time>2022-09-03T16:50:48Z</time></trkpt>
<trkpt lat="37.082020" lon="-121.901256"><ele>328.3</ele><time>2022-09-03T16:50:51Z</time></trkpt>
<trkpt lat="37.082030" lon="-121.901512"><ele>325.8</ele><time>2022-09-03T16:50:54Z</time></trkpt>
<trkpt lat="37.081970" lon="-121.901646"><ele>324.7</ele><time>2022-09-03T16:50:55Z</time></trkpt>
<trkpt lat="37.082026" lon="-121.901889"><ele>323.2</ele><time>2022-09-03T16:50:58Z</time></trkpt>
<trkpt lat="37.082084" lon="-121.901991"><ele>322.7</ele><time>2022-09-03T16:50:59Z</time></trkpt>
<trkpt lat="37.082122" lon="-121.902207"><ele>321.9</ele><time>2022-09-03T16:51:02Z</time></trkpt>
<trkpt lat="37.082183" lon="-121.902254"><ele>321.7</ele><time>2022-09-03T16:51:03Z</time></trkpt>
<trkpt lat="37.082205" lon="-121.902464"><ele>321.0</ele><time>2022-09-03T16:51:06Z</time></trkpt>
<trkpt lat="37.082142" lon="-121.902536"><ele>320.5</ele><time>2022-09-03T16:51:07Z</time></trkpt>
<trkpt lat="37.082254" lon="-121.902653"><ele>319.5</ele><time>2022-09-03T16:51:10Z</time></trkpt>
<trkpt lat="37.082194" lon="-121.902741"><ele>318.9</ele><time>2022-09-03T16:51:11Z</time></trkpt>
<trkpt lat="37.082318" lon="-121.903488"><ele>316.1</ele><time>2022-09-03T16:51:20Z</time></trkpt>
<trkpt lat="37.082283" lon="-121.903688"><ele>315.5</ele><time>2022-09-03T16:51:23Z</time></trkpt>
<trkpt lat="37.082430" lon="-121.904392"><ele>311.4</ele><time>2022-09-03T16:51:32Z</time></trkpt>
<trkpt lat="37.082489" lon="-121.904386"><ele>311.0</ele><time>2022-09-03T16:51:33Z</time></trkpt>
<trkpt lat="37.082536" lon="-121.904300"><ele>310.3</ele><time>2022-09-03T16:51:34Z</time></trkpt>
<trkpt lat="37.082500" lon="-121.903987"><ele>308.3</ele><time>2022-09-03T16:51:37Z</time></trkpt>
<trkpt lat="37.082544" lon="-121.903910"><ele>307.8</ele><time>2022-09-03T16:51:38Z</time></trkpt>
<trkpt lat="37.082561" lon="-121.903785"><ele>307.3</ele><time>2022-09-03T16:51:40Z</time></trkpt>
<trkpt lat="37.082651" lon="-121.903629"><ele>306.4</ele><time>2022-09-03T16:51:44Z</time></trkpt>
<trkpt lat="37.082660" lon="-121.903529"><ele>306.0</ele><time>2022-09-03T16:51:47Z</time></trkpt>
<trkpt lat="37.082700" lon="-121.903512"><ele>305.7</ele><time>2022-09-03T16:51:48Z</time></trkpt>
<trkpt lat="37.082767" lon="-121.903534"><ele>305.2</ele><time>2022-09-03T16:51:49Z</time></trkpt>
<trkpt lat="37.082820" lon="-121.903611"><ele>304.5</ele><time>2022-09-03T16:51:52Z</time></trkpt>
<trkpt lat="37.082872" lon="-121.904048"><ele>300.7</ele><time>2022-09-03T16:51:56Z</time></trkpt>
<trkpt lat="37.082850" lon="-121.904122"><ele>300.1</ele><time>2022-09-03T16:51:57Z</time></trkpt>
<trkpt lat="37.082731" lon="-121.904262"><ele>298.9</ele><time>2022-09-03T16:52:00Z</time></trkpt>
<trkpt lat="37.082737" lon="-121.904320"><ele>298.6</ele><time>2022-09-03T16:52:01Z</time></trkpt>
<trkpt lat="37.082865" lon="-121.904312"><ele>297.7</ele><time>2022-09-03T16:52:02Z</time></trkpt>
<trkpt lat="37.082931" lon="-121.904243"><ele>297.0</ele><time>2022-09-03T16:52:03Z</time></trkpt>
<trkpt lat="37.083112" lon="-121.903966"><ele>294.2</ele><time>2022-09-03T16:52:07Z</time></trkpt>
<trkpt lat="37.083163" lon="-121.903813"><ele>293.0</ele><time>2022-09-03T16:52:09Z</time></trkpt>
<trkpt lat="37.083258" lon="-121.903706"><ele>291.7</ele><time>2022-09-03T16:52:11Z</time></trkpt>
<trkpt lat="37.083378" lon="-121.903814"><ele>289.9</ele><time>2022-09-03T16:52:13Z</time></trkpt>
<trkpt lat="37.083444" lon="-121.903999"><ele>288.0</ele><time>2022-09-03T16:52:15Z</time></trkpt>
<trkpt lat="37.083428" lon="-121.904098"><ele>287.1</ele><time>2022-09-03T16:52:16Z</time></trkpt>
<trkpt lat="37.083222" lon="-121.904470"><ele>283.5</ele><time>2022-09-03T16:52:20Z</time></trkpt>
<trkpt lat="37.083237" lon="-121.904519"><ele>282.9</ele><time>2022-09-03T16:52:21Z</time></trkpt>
<trkpt lat="37.083296" lon="-121.904534"><ele>282.0</ele><time>2022-09-03T16:52:22Z</time></trkpt>
<trkpt lat="37.083362" lon="-121.904364"><ele>279.7</ele><time>2022-09-03T16:52:25Z</time></trkpt>
<trkpt lat="37.083456" lon="-121.904596"><ele>276.8</ele><time>2022-09-03T16:52:31Z</time></trkpt>
<trkpt lat="37.083405" lon="-121.904717"><ele>275.6</ele><time>2022-09-03T16:52:33Z</time></trkpt>
<trkpt lat="37.083266" lon="-121.904864"><ele>273.9</ele><time>2022-09-03T16:52:35Z</time></trkpt>
<trkpt lat="37.083215" lon="-121.905013"><ele>273.1</ele><time>2022-09-03T16:52:37Z</time></trkpt>
<trkpt lat="37.083159" lon="-121.905047"><ele>272.7</ele><time>2022-09-03T16:52:38Z</time></trkpt>
<trkpt lat="37.083097" lon="-121.905164"><ele>272.1</ele><time>2022-09-03T16:52:40Z</time></trkpt>
<trkpt lat="37.083079" lon="-121.905571"><ele>270.7</ele><time>2022-09-03T16:52:45Z</time></trkpt>
<trkpt lat="37.083148" lon="-121.905638"><ele>270.3</ele><time>2022-09-03T16:52:49Z</time></trkpt>
<trkpt lat="37.083096" lon="-121.905849"><ele>269.3</ele><time>2022-09-03T16:52:53Z</time></trkpt>
<trkpt lat="37.083127" lon="-121.905895"><ele>268.9</ele><time>2022-09-03T16:52:54Z</time></trkpt>
<trkpt lat="37.083218" lon="-121.905842"><ele>267.8</ele><time>2022-09-03T16:52:56Z</time></trkpt>
<trkpt lat="37.083267" lon="-121.905662"><ele>266.0</ele><time>2022-09-03T16:52:58Z</time></trkpt>
<trkpt lat="37.083274" lon="-121.905593"><ele>265.3</ele><time>2022-09-03T16:52:59Z</time></trkpt>
<trkpt lat="37.083210" lon="-121.905548"><ele>264.5</ele><time>2022-09-03T16:53:01Z</time></trkpt>
<trkpt lat="37.083226" lon="-121.905436"><ele>263.6</ele><time>2022-09-03T16:53:02Z</time></trkpt>
<trkpt lat="37.083269" lon="-121.905363"><ele>262.9</ele><time>2022-09-03T16:53:03Z</time></trkpt>
<trkpt lat="37.083340" lon="-121.905321"><ele>262.1</ele><time>2022-09-03T16:53:04Z</time></trkpt>
<trkpt lat="37.083545" lon="-121.905354"><ele>260.0</ele><time>2022-09-03T16:53:07Z</time></trkpt>
<trkpt lat="37.083703" lon="-121.905274"><ele>258.3</ele><time>2022-09-03T16:53:09Z</time></trkpt>
<trkpt lat="37.083957" lon="-121.904855"><ele>255.5</ele><time>2022-09-03T16:53:18Z</time></trkpt>
<trkpt lat="37.084071" lon="-121.904837"><ele>254.8</ele><time>2022-09-03T16:53:20Z</time></trkpt>
<trkpt lat="37.084219" lon="-121.904928"><ele>253.7</ele><time>2022-09-03T16:53:22Z</time></trkpt>
<trkpt lat="37.084261" lon="-121.905002"><ele>253.1</ele><time>2022-09-03T16:53:23Z</time></trkpt>
<trkpt lat="37.084390" lon="-121.905033"><ele>252.2</ele><time>2022-09-03T16:53:24Z</time></trkpt>
<trkpt lat="37.084466" lon="-121.905025"><ele>251.6</ele><time>2022-09-03T16:53:25Z</time></trkpt>
<trkpt lat="37.084548" lon="-121.904912"><ele>250.6</ele><time>2022-09-03T16:53:29Z</time></trkpt>
<trkpt lat="37.084877" lon="-121.904985"><ele>249.0</ele><time>2022-09-03T16:53:32Z</time></trkpt>
<trkpt lat="37.084906" lon="-121.905042"><ele>248.8</ele><time>2022-09-03T16:53:33Z</time></trkpt>
<trkpt lat="37.084950" lon="-121.904990"><ele>248.5</ele><time>2022-09-03T16:53:34Z</time></trkpt>
<trkpt lat="37.085017" lon="-121.904772"><ele>247.5</ele><time>2022-09-03T16:53:39Z</time></trkpt>
<trkpt lat="37.085029" lon="-121.904608"><ele>247.1</ele><time>2022-09-03T16:53:42Z</time></trkpt>
<trkpt lat="37.085006" lon="-121.904085"><ele>248.5</ele><time>2022-09-03T16:53:50Z</time></trkpt>
<trkpt lat="37.084967" lon="-121.904110"><ele>248.8</ele><time>2022-09-03T16:53:52Z</time></trkpt>
<trkpt lat="37.084958" lon="-121.904086"><ele>248.9</ele><time>2022-09-03T16:53:53Z</time></trkpt>
<trkpt lat="37.085015" lon="-121.903913"><ele>250.1</ele><time>2022-09-03T16:54:02Z</time></trkpt>
<trkpt lat="37.085016" lon="-121.903810"><ele>250.7</ele><time>2022-09-03T16:54:08Z</time></trkpt>
<trkpt lat="37.084980" lon="-121.903763"><ele>251.1</ele><time>2022-09-03T16:54:15Z</time></trkpt>
<trkpt lat="37.084989" lon="-121.903718"><ele>251.4</ele><time>2022-09-03T16:54:19Z</time></trkpt>
<trkpt lat="37.085115" lon="-121.903737"><ele>252.2</ele><time>2022-09-03T16:54:40Z</time></trkpt>
<trkpt lat="37.085125" lon="-121.903708"><ele>252.4</ele><time>2022-09-03T16:54:41Z</time></trkpt>
<trkpt lat="37.085085" lon="-121.903651"><ele>252.8</ele><time>2022-09-03T16:55:57Z</time></trkpt>
<trkpt lat="37.085026" lon="-121.903646"><ele>253.1</ele><time>2022-09-03T16:57:14Z</time></trkpt>
<trkpt lat="37.085136" lon="-121.903763"><ele>254.0</ele><time>2022-09-03T16:57:39Z</time></trkpt>
<trkpt lat="37.085149" lon="-121.903724"><ele>254.3</ele><time>2022-09-03T16:57:41Z</time></trkpt>
<trkpt lat="37.085050" lon="-121.903699"><ele>254.9</ele><time>2022-09-03T16:57:44Z</time></trkpt>
<trkpt lat="37.084901" lon="-121.903598"><ele>256.1</ele><time>2022-09-03T16:57:53Z</time></trkpt>
<trkpt lat="37.084956" lon="-121.903584"><ele>256.8</ele><time>2022-09-03T16:57:59Z</time></trkpt>
<trkpt lat="37.084967" lon="-121.903328"><ele>258.4</ele><time>2022-09-03T16:58:10Z</time></trkpt>
<trkpt lat="37.084906" lon="-121.903275"><ele>258.9</ele><time>2022-09-03T16:58:15Z</time></trkpt>
<trkpt lat="37.084864" lon="-121.903147"><ele>260.0</ele><time>2022-09-03T16:58:24Z</time></trkpt>
<trkpt lat="37.084894" lon="-121.903067"><ele>260.6</ele><time>2022-09-03T16:58:26Z</time></trkpt>
<trkpt lat="37.084876" lon="-121.903015"><ele>261.1</ele><time>2022-09-03T16:58:30Z</time></trkpt>
<trkpt lat="37.084895" lon="-121.902928"><ele>261.8</ele><time>2022-09-03T16:58:33Z</time></trkpt>
<trkpt lat="37.084754" lon="-121.902489"><ele>265.4</ele><time>2022-09-03T16:58:58Z</time></trkpt>
<trkpt lat="37.084742" lon="-121.902389"><ele>266.1</ele><time>2022-09-03T16:59:05Z</time></trkpt>
<trkpt lat="37.084774" lon="-121.902338"><ele>266.5</ele><time>2022-09-03T16:59:08Z</time></trkpt>
<trkpt lat="37.084716" lon="-121.902300"><ele>267.1</ele><time>2022-09-03T16:59:12Z</time></trkpt>
<trkpt lat="37.084740" lon="-121.902257"><ele>267.3</ele><time>2022-09-03T16:59:13Z</time></trkpt>
<trkpt lat="37.084714" lon="-121.902223"><ele>267.5</ele><time>2022-09-03T16:59:14Z</time></trkpt>
<trkpt lat="37.084478" lon="-121.901971"><ele>269.5</ele><time>2022-09-03T16:59:32Z</time></trkpt>
<trkpt lat="37.084215" lon="-121.901433"><ele>273.1</ele><time>2022-09-03T16:59:59Z</time></trkpt>
<trkpt lat="37.084102" lon="-121.901478"><ele>274.7</ele><time>2022-09-03T17:00:05Z</time></trkpt>
<trkpt lat="37.083832" lon="-121.901416"><ele>278.2</ele><time>2022-09-03T17:00:23Z</time></trkpt>
<trkpt lat="37.083717" lon="-121.901525"><ele>279.6</ele><time>2022-09-03T17:00:36Z</time></trkpt>
<trkpt lat="37.083946" lon="-121.901978"><ele>282.4</ele><time>2022-09-03T17:01:03Z</time></trkpt>
<trkpt lat="37.083981" lon="-121.902188"><ele>283.9</ele><time>2022-09-03T17:01:13Z</time></trkpt>
<trkpt lat="37.084033" lon="-121.902312"><ele>284.9</ele><time>2022-09-03T17:01:19Z</time></trkpt>
<trkpt lat="37.084053" lon="-121.902621"><ele>287.0</ele><time>2022-09-03T17:01:29Z</time></trkpt>
<trkpt lat="37.083994" lon="-121.902765"><ele>288.0</ele><time>2022-09-03T17:01:35Z</time></trkpt>
<trkpt lat="37.083909" lon="-121.902872"><ele>289.1</ele><time>2022-09-03T17:01:41Z</time></trkpt>
<trkpt lat="37.083621" lon="-121.902900"><ele>291.7</ele><time>2022-09-03T17:01:52Z</time></trkpt>
<trkpt lat="37.083510" lon="-121.902837"><ele>292.8</ele><time>2022-09-03T17:01:59Z</time></trkpt>
<trkpt lat="37.083490" lon="-121.902768"><ele>293.4</ele><time>2022-09-03T17:02:01Z</time></trkpt>
<trkpt lat="37.083127" lon="-121.902640"><ele>297.9</ele><time>2022-09-03T17:02:23Z</time></trkpt>
<trkpt lat="37.082961" lon="-121.902638"><ele>300.1</ele><time>2022-09-03T17:02:32Z</time></trkpt>
<trkpt lat="37.082819" lon="-121.902555"><ele>302.1</ele><time>2022-09-03T17:02:43Z</time></trkpt>
<trkpt lat="37.082782" lon="-121.902435"><ele>303.2</ele><time>2022-09-03T17:02:48Z</time></trkpt>
<trkpt lat="37.082803" lon="-121.902267"><ele>304.8</ele><time>2022-09-03T17:02:55Z</time></trkpt>
<trkpt lat="37.082652" lon="-121.901928"><ele>308.4</ele><time>2022-09-03T17:03:20Z</time></trkpt>
<trkpt lat="37.082510" lon="-121.901439"><ele>313.5</ele><time>2022-09-03T17:03:46Z</time></trkpt>
<trkpt lat="37.082242" lon="-121.900780"><ele>323.8</ele><time>2022-09-03T17:04:36Z</time></trkpt>
<trkpt lat="37.082074" lon="-121.900668"><ele>327.1</ele><time>2022-09-03T17:04:51Z</time></trkpt>
<trkpt lat="37.082011" lon="-121.900573"><ele>328.6</ele><time>2022-09-03T17:04:59Z</time></trkpt>
<trkpt lat="37.081946" lon="-121.900612"><ele>329.7</ele><time>2022-09-03T17:05:08Z</time></trkpt>
<trkpt lat="37.081912" lon="-121.900694"><ele>330.5</ele><time>2022-09-03T17:05:12Z</time></trkpt>
<trkpt lat="37.081929" lon="-121.900786"><ele>331.0</ele><time>2022-09-03T17:05:15Z</time></trkpt>
<trkpt lat="37.081910" lon="-121.900821"><ele>331.2</ele><time>2022-09-03T17:05:18Z</time></trkpt>
<trkpt lat="37.081945" lon="-121.900880"><ele>331.6</ele><time>2022-09-03T17:05:26Z</time></trkpt>
<trkpt lat="37.081917" lon="-121.900960"><ele>331.9</ele><time>2022-09-03T17:05:32Z</time></trkpt>
<trkpt lat="37.081821" lon="-121.900985"><ele>332.4</ele><time>2022-09-03T17:05:35Z</time></trkpt>
<trkpt lat="37.081738" lon="-121.900948"><ele>333.2</ele><time>2022-09-03T17:05:39Z</time></trkpt>
<trkpt lat="37.081752" lon="-121.900865"><ele>334.1</ele><time>2022-09-03T17:05:45Z</time></trkpt>
<trkpt lat="37.081797" lon="-121.900836"><ele>334.7</ele><time>2022-09-03T17:06:25Z</time></trkpt>
<trkpt lat="37.081755" lon="-121.900880"><ele>335.4</ele><time>2022-09-03T17:06:27Z</time></trkpt>
<trkpt lat="37.081669" lon="-121.900839"><ele>336.8</ele><time>2022-09-03T17:06:32Z</time></trkpt>
<trkpt lat="37.081531" lon="-121.900852"><ele>338.8</ele><time>2022-09-03T17:06:40Z</time></trkpt>
<trkpt lat="37.081497" lon="-121.900899"><ele>339.7</ele><time>2022-09-03T17:06:45Z</time></trkpt>
<trkpt lat="37.081515" lon="-121.900871"><ele>340.2</ele><time>2022-09-03T17:06:47Z</time></trkpt>
<trkpt lat="37.081490" lon="-121.900771"><ele>341.3</ele><time>2022-09-03T17:06:49Z</time></trkpt>
<trkpt lat="37.081517" lon="-121.900724"><ele>342.0</ele><time>2022-09-03T17:06:52Z</time></trkpt>
<trkpt lat="37.081452" lon="-121.900624"><ele>343.4</ele><time>2022-09-03T17:07:00Z</time></trkpt>
<trkpt lat="37.081458" lon="-121.900543"><ele>344.5</ele><time>2022-09-03T17:07:05Z</time></trkpt>
<trkpt lat="37.081421" lon="-121.900449"><ele>345.6</ele><time>2022-09-03T17:07:10Z</time></trkpt>
<trkpt lat="37.081425" lon="-121.900486"><ele>345.9</ele><time>2022-09-03T17:07:11Z</time></trkpt>
<trkpt lat="37.081400" lon="-121.900483"><ele>346.2</ele><time>2022-09-03T17:07:12Z</time></trkpt>
<trkpt lat="37.081415" lon="-121.900414"><ele>346.8</ele><time>2022-09-03T17:07:14Z</time></trkpt>
<trkpt lat="37.081385" lon="-121.900329"><ele>347.6</ele><time>2022-09-03T17:07:19Z</time></trkpt>
<trkpt lat="37.081311" lon="-121.900257"><ele>348.8</ele><time>2022-09-03T17:07:23Z</time></trkpt>
<trkpt lat="37.081344" lon="-121.900193"><ele>349.5</ele><time>2022-09-03T17:07:27Z</time></trkpt>
<trkpt lat="37.081346" lon="-121.900057"><ele>350.8</ele><time>2022-09-03T17:07:36Z</time></trkpt>
<trkpt lat="37.081300" lon="-121.900041"><ele>351.6</ele><time>2022-09-03T17:07:40Z</time></trkpt>
<trkpt lat="37.081318" lon="-121.899930"><ele>352.7</ele><time>2022-09-03T17:07:47Z</time></trkpt>
<trkpt lat="37.081271" lon="-121.899924"><ele>353.3</ele><time>2022-09-03T17:07:49Z</time></trkpt>
<trkpt lat="37.081288" lon="-121.899904"><ele>353.6</ele><time>2022-09-03T17:07:51Z</time></trkpt>
<trkpt lat="37.081226" lon="-121.899848"><ele>354.5</ele><time>2022-09-03T17:07:54Z</time></trkpt>
<trkpt lat="37.081250" lon="-121.899863"><ele>354.8</ele><time>2022-09-03T17:07:55Z</time></trkpt>
<trkpt lat="37.081247" lon="-121.899758"><ele>355.8</ele><time>2022-09-03T17:07:58Z</time></trkpt>
<trkpt lat="37.081207" lon="-121.899612"><ele>357.2</ele><time>2022-09-03T17:08:05Z</time></trkpt>
<trkpt lat="37.081224" lon="-121.899624"><ele>357.4</ele><time>2022-09-03T17:08:06Z</time></trkpt>
<trkpt lat="37.081238" lon="-121.899541"><ele>358.2</ele><time>2022-09-03T17:08:14Z</time></trkpt>
<trkpt lat="37.081217" lon="-121.899561"><ele>358.4</ele><time>2022-09-03T17:08:15Z</time></trkpt>
<trkpt lat="37.081319" lon="-121.899355"><ele>360.6</ele><time>2022-09-03T17:08:22Z</time></trkpt>
<trkpt lat="37.081295" lon="-121.899125"><ele>362.2</ele><time>2022-09-03T17:08:34Z</time></trkpt>
<trkpt lat="37.081318" lon="-121.898980"><ele>363.3</ele><time>2022-09-03T17:08:44Z</time></trkpt>
<trkpt lat="37.081319" lon="-121.898326"><ele>368.1</ele><time>2022-09-03T17:09:20Z</time></trkpt>
<trkpt lat="37.081288" lon="-121.897999"><ele>371.1</ele><time>2022-09-03T17:09:37Z</time></trkpt>
<trkpt lat="37.081247" lon="-121.897903"><ele>372.1</ele><time>2022-09-03T17:09:43Z</time></trkpt>
<trkpt lat="37.081338" lon="-121.897926"><ele>373.3</ele><time>2022-09-03T17:09:49Z</time></trkpt>
<trkpt lat="37.081398" lon="-121.898036"><ele>374.5</ele><time>2022-09-03T17:09:55Z</time></trkpt>
<trkpt lat="37.081392" lon="-121.897981"><ele>375.0</ele><time>2022-09-03T17:09:57Z</time></trkpt>
<trkpt lat="37.081368" lon="-121.897952"><ele>375.5</ele><time>2022-09-03T17:10:02Z</time></trkpt>
<trkpt lat="37.081365" lon="-121.897833"><ele>376.7</ele><time>2022-09-03T17:10:10Z</time></trkpt>
<trkpt lat="37.081187" lon="-121.897698"><ele>378.8</ele><time>2022-09-03T17:10:24Z</time></trkpt>
<trkpt lat="37.081198" lon="-121.897633"><ele>379.3</ele><time>2022-09-03T17:10:27Z</time></trkpt>
<trkpt lat="37.081169" lon="-121.897542"><ele>380.6</ele><time>2022-09-03T17:10:31Z</time></trkpt>
<trkpt lat="37.081110" lon="-121.897536"><ele>381.4</ele><time>2022-09-03T17:10:35Z</time></trkpt>
<trkpt lat="37.081083" lon="-121.897292"><ele>383.7</ele><time>2022-09-03T17:10:44Z</time></trkpt>
<trkpt lat="37.081150" lon="-121.897289"><ele>384.6</ele><time>2022-09-03T17:10:49Z</time></trkpt>
<trkpt lat="37.081090" lon="-121.897206"><ele>385.7</ele><time>2022-09-03T17:10:52Z</time></trkpt>
<trkpt lat="37.081095" lon="-121.897046"><ele>387.4</ele><time>2022-09-03T17:10:59Z</time></trkpt>
<trkpt lat="37.081137" lon="-121.897050"><ele>387.9</ele><time>2022-09-03T17:11:01Z</time></trkpt>
<trkpt lat="37.081083" lon="-121.896913"><ele>389.3</ele><time>2022-09-03T17:11:06Z</time></trkpt>
<trkpt lat="37.081009" lon="-121.896923"><ele>390.2</ele><time>2022-09-03T17:11:12Z</time></trkpt>
<trkpt lat="37.081038" lon="-121.896907"><ele>390.7</ele><time>2022-09-03T17:11:14Z</time></trkpt>
<trkpt lat="37.081007" lon="-121.896818"><ele>391.8</ele><time>2022-09-03T17:11:20Z</time></trkpt>
<trkpt lat="37.081015" lon="-121.896846"><ele>392.1</ele><time>2022-09-03T17:11:21Z</time></trkpt>
<trkpt lat="37.081052" lon="-121.896812"><ele>392.7</ele><time>2022-09-03T17:11:22Z</time></trkpt>
<trkpt lat="37.080997" lon="-121.896795"><ele>393.6</ele><time>2022-09-03T17:11:25Z</time></trkpt>
<trkpt lat="37.081086" lon="-121.896840"><ele>395.6</ele><time>2022-09-03T17:11:32Z</time></trkpt>
<trkpt lat="37.081036" lon="-121.896839"><ele>396.2</ele><time>2022-09-03T17:11:36Z</time></trkpt>
<trkpt lat="37.081056" lon="-121.896957"><ele>397.6</ele><time>2022-09-03T17:11:44Z</time></trkpt>
<trkpt lat="37.080930" lon="-121.897132"><ele>399.2</ele><time>2022-09-03T17:11:55Z</time></trkpt>
<trkpt lat="37.080877" lon="-121.897135"><ele>399.6</ele><time>2022-09-03T17:11:57Z</time></trkpt>
<trkpt lat="37.080898" lon="-121.897176"><ele>399.9</ele><time>2022-09-03T17:11:58Z</time></trkpt>
<trkpt lat="37.080765" lon="-121.897154"><ele>400.8</ele><time>2022-09-03T17:11:59Z</time></trkpt>
<trkpt lat="37.080479" lon="-121.897643"><ele>404.0</ele><time>2022-09-03T17:12:31Z</time></trkpt>
<trkpt lat="37.080471" lon="-121.897829"><ele>405.4</ele><time>2022-09-03T17:12:40Z</time></trkpt>
<trkpt lat="37.080272" lon="-121.897939"><ele>407.4</ele><time>2022-09-03T17:12:51Z</time></trkpt>
<trkpt lat="37.080262" lon="-121.898067"><ele>408.5</ele><time>2022-09-03T17:12:57Z</time></trkpt>
<trkpt lat="37.080057" lon="-121.898007"><ele>411.0</ele><time>2022-09-03T17:13:10Z</time></trkpt>
<trkpt lat="37.080080" lon="-121.897987"><ele>411.4</ele><time>2022-09-03T17:13:11Z</time></trkpt>
<trkpt lat="37.080000" lon="-121.897915"><ele>412.7</ele><time>2022-09-03T17:13:17Z</time></trkpt>
<trkpt lat="37.079962" lon="-121.897781"><ele>415.0</ele><time>2022-09-03T17:13:22Z</time></trkpt>
<trkpt lat="37.080003" lon="-121.897765"><ele>415.2</ele><time>2022-09-03T17:13:24Z</time></trkpt>
<trkpt lat="37.080007" lon="-121.897718"><ele>415.4</ele><time>2022-09-03T17:13:25Z</time></trkpt>
<trkpt lat="37.079952" lon="-121.897650"><ele>415.9</ele><time>2022-09-03T17:13:32Z</time></trkpt>
<trkpt lat="37.079994" lon="-121.897600"><ele>416.2</ele><time>2022-09-03T17:13:34Z</time></trkpt>
<trkpt lat="37.079982" lon="-121.897485"><ele>416.7</ele><time>2022-09-03T17:13:38Z</time></trkpt>
<trkpt lat="37.080054" lon="-121.897548"><ele>417.2</ele><time>2022-09-03T17:13:41Z</time></trkpt>
<trkpt lat="37.080184" lon="-121.897457"><ele>418.0</ele><time>2022-09-03T17:13:46Z</time></trkpt>
<trkpt lat="37.080092" lon="-121.897411"><ele>418.5</ele><time>2022-09-03T17:14:00Z</time></trkpt>
<trkpt lat="37.080205" lon="-121.897426"><ele>419.1</ele><time>2022-09-03T17:14:06Z</time></trkpt>
<trkpt lat="37.080116" lon="-121.897375"><ele>419.5</ele><time>2022-09-03T17:14:09Z</time></trkpt>
<trkpt lat="37.080078" lon="-121.897424"><ele>419.4</ele><time>2022-09-03T17:14:15Z</time></trkpt>
<trkpt lat="37.080144" lon="-121.897319"><ele>418.7</ele><time>2022-09-03T17:14:21Z</time></trkpt>
<trkpt lat="37.080052" lon="-121.897390"><ele>417.9</ele><time>2022-09-03T17:16:41Z</time></trkpt>
<trkpt lat="37.080076" lon="-121.897440"><ele>417.4</ele><time>2022-09-03T17:17:11Z</time></trkpt>
<trkpt lat="37.080096" lon="-121.897947"><ele>413.6</ele><time>2022-09-03T17:17:18Z</time></trkpt>
<trkpt lat="37.080079" lon="-121.898114"><ele>412.5</ele><time>2022-09-03T17:17:21Z</time></trkpt>
<trkpt lat="37.079963" lon="-121.898324"><ele>411.4</ele><time>2022-09-03T17:17:24Z</time></trkpt>
<trkpt lat="37.079965" lon="-121.898400"><ele>411.1</ele><time>2022-09-03T17:17:25Z</time></trkpt>
<trkpt lat="37.079979" lon="-121.898443"><ele>410.9</ele><time>2022-09-03T17:17:26Z</time></trkpt>
<trkpt lat="37.080074" lon="-121.898388"><ele>410.0</ele><time>2022-09-03T17:17:28Z</time></trkpt>
<trkpt lat="37.080122" lon="-121.898237"><ele>408.7</ele><time>2022-09-03T17:17:32Z</time></trkpt>
<trkpt lat="37.080264" lon="-121.898224"><ele>407.5</ele><time>2022-09-03T17:17:34Z</time></trkpt>
<trkpt lat="37.080350" lon="-121.898257"><ele>406.7</ele><time>2022-09-03T17:17:36Z</time></trkpt>
<trkpt lat="37.080343" lon="-121.898348"><ele>406.0</ele><time>2022-09-03T17:17:37Z</time></trkpt>
<trkpt lat="37.080233" lon="-121.898463"><ele>404.2</ele><time>2022-09-03T17:17:39Z</time></trkpt>
<trkpt lat="37.080268" lon="-121.898533"><ele>403.3</ele><time>2022-09-03T17:17:41Z</time></trkpt>
<trkpt lat="37.080371" lon="-121.898492"><ele>401.5</ele><time>2022-09-03T17:17:45Z</time></trkpt>
<trkpt lat="37.080456" lon="-121.898675"><ele>398.8</ele><time>2022-09-03T17:17:49Z</time></trkpt>
<trkpt lat="37.080462" lon="-121.898726"><ele>398.1</ele><time>2022-09-03T17:17:50Z</time></trkpt>
<trkpt lat="37.080352" lon="-121.898907"><ele>395.7</ele><time>2022-09-03T17:17:56Z</time></trkpt>
<trkpt lat="37.080391" lon="-121.899026"><ele>391.1</ele><time>2022-09-03T17:18:00Z</time></trkpt>
<trkpt lat="37.080460" lon="-121.898902"><ele>392.2</ele><time>2022-09-03T17:18:01Z</time></trkpt>
<trkpt lat="37.080432" lon="-121.898902"><ele>391.8</ele><time>2022-09-03T17:18:02Z</time></trkpt>
<trkpt lat="37.080539" lon="-121.898908"><ele>388.4</ele><time>2022-09-03T17:18:06Z</time></trkpt>
<trkpt lat="37.080564" lon="-121.898837"><ele>385.8</ele><time>2022-09-03T17:18:08Z</time></trkpt>
<trkpt lat="37.080697" lon="-121.898711"><ele>384.3</ele><time>2022-09-03T17:18:13Z</time></trkpt>
<trkpt lat="37.080812" lon="-121.898493"><ele>383.1</ele><time>2022-09-03T17:18:21Z</time></trkpt>
<trkpt lat="37.080812" lon="-121.898426"><ele>382.9</ele><time>2022-09-03T17:18:23Z</time></trkpt>
<trkpt lat="37.080951" lon="-121.898290"><ele>382.3</ele><time>2022-09-03T17:18:29Z</time></trkpt>
<trkpt lat="37.081173" lon="-121.897631"><ele>380.3</ele><time>2022-09-03T17:18:49Z</time></trkpt>
<trkpt lat="37.081166" lon="-121.897487"><ele>381.1</ele><time>2022-09-03T17:18:57Z</time></trkpt>
<trkpt lat="37.081238" lon="-121.897304"><ele>383.5</ele><time>2022-09-03T17:19:05Z</time></trkpt>
<trkpt lat="37.081243" lon="-121.897202"><ele>384.7</ele><time>2022-09-03T17:19:09Z</time></trkpt>
<trkpt lat="37.081173" lon="-121.897008"><ele>387.4</ele><time>2022-09-03T17:19:18Z</time></trkpt>
<trkpt lat="37.081247" lon="-121.896811"><ele>390.2</ele><time>2022-09-03T17:19:27Z</time></trkpt>
<trkpt lat="37.081116" lon="-121.896819"><ele>392.5</ele><time>2022-09-03T17:19:35Z</time></trkpt>
<trkpt lat="37.080830" lon="-121.897058"><ele>397.8</ele><time>2022-09-03T17:19:58Z</time></trkpt>
<trkpt lat="37.080597" lon="-121.897452"><ele>401.5</ele><time>2022-09-03T17:20:24Z</time></trkpt>
<trkpt lat="37.080560" lon="-121.897645"><ele>402.8</ele><time>2022-09-03T17:20:34Z</time></trkpt>
<trkpt lat="37.080509" lon="-121.897712"><ele>403.5</ele><time>2022-09-03T17:20:39Z</time></trkpt>
<trkpt lat="37.080457" lon="-121.897896"><ele>405.2</ele><time>2022-09-03T17:20:51Z</time></trkpt>
<trkpt lat="37.080397" lon="-121.897947"><ele>406.1</ele><time>2022-09-03T17:20:56Z</time></trkpt>
<trkpt lat="37.080211" lon="-121.898034"><ele>408.6</ele><time>2022-09-03T17:21:07Z</time></trkpt>
<trkpt lat="37.080034" lon="-121.897936"><ele>411.8</ele><time>2022-09-03T17:21:24Z</time></trkpt>
<trkpt lat="37.079960" lon="-121.897747"><ele>414.9</ele><time>2022-09-03T17:21:35Z</time></trkpt>
<trkpt lat="37.079993" lon="-121.897499"><ele>416.2</ele><time>2022-09-03T17:21:45Z</time></trkpt>
<trkpt lat="37.080057" lon="-121.897380"><ele>416.9</ele><time>2022-09-03T17:22:40Z</time></trkpt>
<trkpt lat="37.080019" lon="-121.897451"><ele>417.3</ele><time>2022-09-03T17:22:45Z</time></trkpt>
<trkpt lat="37.080019" lon="-121.897544"><ele>417.8</ele><time>2022-09-03T17:22:49Z</time></trkpt>
<trkpt lat="37.079969" lon="-121.897613"><ele>418.4</ele><time>2022-09-03T17:23:35Z</time></trkpt>
<trkpt lat="37.079973" lon="-121.897562"><ele>418.6</ele><time>2022-09-03T17:23:37Z</time></trkpt>
<trkpt lat="37.080054" lon="-121.897513"><ele>419.0</ele><time>2022-09-03T17:23:40Z</time></trkpt>
<trkpt lat="37.080049" lon="-121.897377"><ele>419.6</ele><time>2022-09-03T17:23:45Z</time></trkpt>
<trkpt lat="37.080083" lon="-121.897349"><ele>420.1</ele><time>2022-09-03T17:24:15Z</time></trkpt>
<trkpt lat="37.080042" lon="-121.897451"><ele>418.6</ele><time>2022-09-03T17:24:24Z</time></trkpt>
<trkpt lat="37.080065" lon="-121.897954"><ele>413.6</ele><time>2022-09-03T17:24:30Z</time></trkpt>
<trkpt lat="37.079986" lon="-121.898204"><ele>412.1</ele><time>2022-09-03T17:24:33Z</time></trkpt>
<trkpt lat="37.079867" lon="-121.898352"><ele>411.4</ele><time>2022-09-03T17:24:35Z</time></trkpt>
<trkpt lat="37.079845" lon="-121.898407"><ele>411.2</ele><time>2022-09-03T17:24:36Z</time></trkpt>
<trkpt lat="37.079859" lon="-121.898468"><ele>411.0</ele><time>2022-09-03T17:24:37Z</time></trkpt>
<trkpt lat="37.080025" lon="-121.898363"><ele>409.5</ele><time>2022-09-03T17:24:40Z</time></trkpt>
<trkpt lat="37.080038" lon="-121.898297"><ele>409.0</ele><time>2022-09-03T17:24:41Z</time></trkpt>
<trkpt lat="37.080150" lon="-121.898204"><ele>407.9</ele><time>2022-09-03T17:24:43Z</time></trkpt>
<trkpt lat="37.080205" lon="-121.898191"><ele>407.5</ele><time>2022-09-03T17:24:44Z</time></trkpt>
<trkpt lat="37.080348" lon="-121.898254"><ele>406.2</ele><time>2022-09-03T17:24:48Z</time></trkpt>
<trkpt lat="37.080281" lon="-121.898438"><ele>404.4</ele><time>2022-09-03T17:24:50Z</time></trkpt>
<trkpt lat="37.080206" lon="-121.898439"><ele>403.5</ele><time>2022-09-03T17:24:51Z</time></trkpt>
<trkpt lat="37.080230" lon="-121.898484"><ele>402.9</ele><time>2022-09-03T17:24:52Z</time></trkpt>
<trkpt lat="37.080277" lon="-121.898527"><ele>402.1</ele><time>2022-09-03T17:24:53Z</time></trkpt>
<trkpt lat="37.080455" lon="-121.898455"><ele>399.4</ele><time>2022-09-03T17:24:56Z</time></trkpt>
<trkpt lat="37.080494" lon="-121.898515"><ele>398.6</ele><time>2022-09-03T17:24:57Z</time></trkpt>
<trkpt lat="37.080446" lon="-121.898642"><ele>397.1</ele><time>2022-09-03T17:24:59Z</time></trkpt>
<trkpt lat="37.080423" lon="-121.898855"><ele>395.4</ele><time>2022-09-03T17:25:01Z</time></trkpt>
<trkpt lat="37.080377" lon="-121.898948"><ele>394.7</ele><time>2022-09-03T17:25:02Z</time></trkpt>
<trkpt lat="37.080209" lon="-121.899087"><ele>392.8</ele><time>2022-09-03T17:25:05Z</time></trkpt>
<trkpt lat="37.080176" lon="-121.899169"><ele>391.9</ele><time>2022-09-03T17:25:07Z</time></trkpt>
<trkpt lat="37.080225" lon="-121.899185"><ele>391.2</ele><time>2022-09-03T17:25:08Z</time></trkpt>
<trkpt lat="37.080247" lon="-121.899149"><ele>390.8</ele><time>2022-09-03T17:25:10Z</time></trkpt>
<trkpt lat="37.080315" lon="-121.899194"><ele>389.8</ele><time>2022-09-03T17:25:12Z</time></trkpt>
<trkpt lat="37.080448" lon="-121.899114"><ele>388.5</ele><time>2022-09-03T17:25:17Z</time></trkpt>
<trkpt lat="37.080470" lon="-121.899050"><ele>388.0</ele><time>2022-09-03T17:25:19Z</time></trkpt>
<trkpt lat="37.080594" lon="-121.898944"><ele>387.0</ele><time>2022-09-03T17:25:22Z</time></trkpt>
<trkpt lat="37.080604" lon="-121.898807"><ele>386.1</ele><time>2022-09-03T17:25:26Z</time></trkpt>
<trkpt lat="37.080664" lon="-121.898779"><ele>385.6</ele><time>2022-09-03T17:25:27Z</time></trkpt>
<trkpt lat="37.080807" lon="-121.898502"><ele>383.6</ele><time>2022-09-03T17:25:35Z</time></trkpt>
<trkpt lat="37.080823" lon="-121.898395"><ele>383.2</ele><time>2022-09-03T17:25:38Z</time></trkpt>
<trkpt lat="37.080890" lon="-121.898359"><ele>382.9</ele><time>2022-09-03T17:25:40Z</time></trkpt>
<trkpt lat="37.080968" lon="-121.898229"><ele>382.6</ele><time>2022-09-03T17:25:44Z</time></trkpt>
<trkpt lat="37.080905" lon="-121.897766"><ele>381.3</ele><time>2022-09-03T17:25:58Z</time></trkpt>
<trkpt lat="37.080930" lon="-121.897615"><ele>380.8</ele><time>2022-09-03T17:26:02Z</time></trkpt>
<trkpt lat="37.081096" lon="-121.897587"><ele>380.2</ele><time>2022-09-03T17:26:08Z</time></trkpt>
<trkpt lat="37.081138" lon="-121.897656"><ele>378.4</ele><time>2022-09-03T17:26:09Z</time></trkpt>
<trkpt lat="37.081213" lon="-121.897581"><ele>376.8</ele><time>2022-09-03T17:26:13Z</time></trkpt>
<trkpt lat="37.081279" lon="-121.897569"><ele>375.3</ele><time>2022-09-03T17:26:16Z</time></trkpt>
<trkpt lat="37.081327" lon="-121.897634"><ele>374.9</ele><time>2022-09-03T17:26:21Z</time></trkpt>
<trkpt lat="37.081407" lon="-121.897517"><ele>373.8</ele><time>2022-09-03T17:26:24Z</time></trkpt>
<trkpt lat="37.081819" lon="-121.897081"><ele>356.0</ele><time>2022-09-03T17:26:25Z</time></trkpt>
<trkpt lat="37.081961" lon="-121.897311"><ele>352.7</ele><time>2022-09-03T17:26:30Z</time></trkpt>
<trkpt lat="37.081927" lon="-121.897467"><ele>354.5</ele><time>2022-09-03T17:26:31Z</time></trkpt>
<trkpt lat="37.082057" lon="-121.897531"><ele>351.4</ele><time>2022-09-03T17:26:33Z</time></trkpt>
<trkpt lat="37.082072" lon="-121.897568"><ele>350.1</ele><time>2022-09-03T17:26:34Z</time></trkpt>
<trkpt lat="37.082046" lon="-121.897664"><ele>351.9</ele><time>2022-09-03T17:26:36Z</time></trkpt>
<trkpt lat="37.082069" lon="-121.897692"><ele>350.7</ele><time>2022-09-03T17:26:37Z</time></trkpt>
<trkpt lat="37.082064" lon="-121.897870"><ele>351.7</ele><time>2022-09-03T17:26:42Z</time></trkpt>
<trkpt lat="37.082114" lon="-121.897982"><ele>350.6</ele><time>2022-09-03T17:26:45Z</time></trkpt>
<trkpt lat="37.082086" lon="-121.897985"><ele>352.8</ele><time>2022-09-03T17:26:48Z</time></trkpt>
<trkpt lat="37.082084" lon="-121.897955"><ele>353.0</ele><time>2022-09-03T17:26:49Z</time></trkpt>
<trkpt lat="37.082177" lon="-121.897987"><ele>348.6</ele><time>2022-09-03T17:26:54Z</time></trkpt>
<trkpt lat="37.082188" lon="-121.898049"><ele>349.2</ele><time>2022-09-03T17:26:55Z</time></trkpt>
<trkpt lat="37.082235" lon="-121.898128"><ele>344.8</ele><time>2022-09-03T17:27:02Z</time></trkpt>
<trkpt lat="37.082167" lon="-121.898369"><ele>342.2</ele><time>2022-09-03T17:27:07Z</time></trkpt>
<trkpt lat="37.082213" lon="-121.898401"><ele>341.8</ele><time>2022-09-03T17:27:08Z</time></trkpt>
<trkpt lat="37.082207" lon="-121.898469"><ele>341.5</ele><time>2022-09-03T17:27:10Z</time></trkpt>
<trkpt lat="37.082234" lon="-121.898486"><ele>341.3</ele><time>2022-09-03T17:27:11Z</time></trkpt>
<trkpt lat="37.082184" lon="-121.898629"><ele>340.4</ele><time>2022-09-03T17:27:14Z</time></trkpt>
<trkpt lat="37.082187" lon="-121.898818"><ele>339.1</ele><time>2022-09-03T17:27:18Z</time></trkpt>
<trkpt lat="37.082137" lon="-121.898818"><ele>338.6</ele><time>2022-09-03T17:27:19Z</time></trkpt>
<trkpt lat="37.082174" lon="-121.898890"><ele>337.9</ele><time>2022-09-03T17:27:21Z</time></trkpt>
<trkpt lat="37.082133" lon="-121.898992"><ele>337.1</ele><time>2022-09-03T17:27:23Z</time></trkpt>
<trkpt lat="37.082185" lon="-121.899089"><ele>336.5</ele><time>2022-09-03T17:27:26Z</time></trkpt>
<trkpt lat="37.082144" lon="-121.899299"><ele>335.5</ele><time>2022-09-03T17:27:31Z</time></trkpt>
<trkpt lat="37.082147" lon="-121.899449"><ele>334.9</ele><time>2022-09-03T17:27:36Z</time></trkpt>
<trkpt lat="37.082042" lon="-121.899714"><ele>334.2</ele><time>2022-09-03T17:27:44Z</time></trkpt>
<trkpt lat="37.081861" lon="-121.899890"><ele>333.9</ele><time>2022-09-03T17:27:50Z</time></trkpt>
<trkpt lat="37.081896" lon="-121.900280"><ele>334.1</ele><time>2022-09-03T17:28:07Z</time></trkpt>
<trkpt lat="37.081846" lon="-121.900516"><ele>333.8</ele><time>2022-09-03T17:28:11Z</time></trkpt>
<trkpt lat="37.081863" lon="-121.900675"><ele>333.4</ele><time>2022-09-03T17:28:13Z</time></trkpt>
<trkpt lat="37.082023" lon="-121.900821"><ele>331.8</ele><time>2022-09-03T17:28:16Z</time></trkpt>
<trkpt lat="37.082014" lon="-121.901138"><ele>328.8</ele><time>2022-09-03T17:28:19Z</time></trkpt>
<trkpt lat="37.081950" lon="-121.901318"><ele>326.8</ele><time>2022-09-03T17:28:21Z</time></trkpt>
<trkpt lat="37.081962" lon="-121.901528"><ele>325.1</ele><time>2022-09-03T17:28:23Z</time></trkpt>
<trkpt lat="37.082087" lon="-121.901708"><ele>323.6</ele><time>2022-09-03T17:28:25Z</time></trkpt>
<trkpt lat="37.082214" lon="-121.902109"><ele>321.9</ele><time>2022-09-03T17:28:29Z</time></trkpt>
<trkpt lat="37.082190" lon="-121.902264"><ele>321.4</ele><time>2022-09-03T17:28:31Z</time></trkpt>
<trkpt lat="37.082249" lon="-121.902386"><ele>320.9</ele><time>2022-09-03T17:28:34Z</time></trkpt>
<trkpt lat="37.082241" lon="-121.902750"><ele>319.0</ele><time>2022-09-03T17:28:38Z</time></trkpt>
<trkpt lat="37.082323" lon="-121.902924"><ele>318.1</ele><time>2022-09-03T17:28:40Z</time></trkpt>
<trkpt lat="37.082379" lon="-121.903310"><ele>316.6</ele><time>2022-09-03T17:28:45Z</time></trkpt>
<trkpt lat="37.082342" lon="-121.903478"><ele>316.2</ele><time>2022-09-03T17:28:47Z</time></trkpt>
<trkpt lat="37.082375" lon="-121.903660"><ele>315.6</ele><time>2022-09-03T17:28:53Z</time></trkpt>
<trkpt lat="37.082446" lon="-121.903789"><ele>312.1</ele><time>2022-09-03T17:28:57Z</time></trkpt>
<trkpt lat="37.082482" lon="-121.903725"><ele>310.7</ele><time>2022-09-03T17:29:02Z</time></trkpt>
<trkpt lat="37.082444" lon="-121.903716"><ele>312.0</ele><time>2022-09-03T17:29:04Z</time></trkpt>
<trkpt lat="37.082539" lon="-121.903621"><ele>307.2</ele><time>2022-09-03T17:29:10Z</time></trkpt>
<trkpt lat="37.082575" lon="-121.903623"><ele>305.7</ele><time>2022-09-03T17:29:11Z</time></trkpt>
<trkpt lat="37.082589" lon="-121.903573"><ele>305.9</ele><time>2022-09-03T17:29:12Z</time></trkpt>
<trkpt lat="37.082668" lon="-121.903588"><ele>303.9</ele><time>2022-09-03T17:29:14Z</time></trkpt>
<trkpt lat="37.082710" lon="-121.903665"><ele>301.6</ele><time>2022-09-03T17:29:15Z</time></trkpt>
<trkpt lat="37.082727" lon="-121.903827"><ele>300.9</ele><time>2022-09-03T17:29:17Z</time></trkpt>
<trkpt lat="37.082840" lon="-121.904042"><ele>296.9</ele><time>2022-09-03T17:29:19Z</time></trkpt>
<trkpt lat="37.082836" lon="-121.904252"><ele>295.7</ele><time>2022-09-03T17:29:23Z</time></trkpt>
<trkpt lat="37.082886" lon="-121.904214"><ele>293.5</ele><time>2022-09-03T17:29:25Z</time></trkpt>
<trkpt lat="37.082864" lon="-121.904180"><ele>294.2</ele><time>2022-09-03T17:29:27Z</time></trkpt>
<trkpt lat="37.083032" lon="-121.904000"><ele>290.4</ele><time>2022-09-03T17:29:35Z</time></trkpt>
<trkpt lat="37.083115" lon="-121.904043"><ele>289.0</ele><time>2022-09-03T17:29:37Z</time></trkpt>
<trkpt lat="37.083146" lon="-121.904021"><ele>287.4</ele><time>2022-09-03T17:29:38Z</time></trkpt>
<trkpt lat="37.083192" lon="-121.904094"><ele>285.8</ele><time>2022-09-03T17:29:40Z</time></trkpt>
<trkpt lat="37.083227" lon="-121.904083"><ele>285.2</ele><time>2022-09-03T17:29:41Z</time></trkpt>
<trkpt lat="37.083218" lon="-121.904159"><ele>285.0</ele><time>2022-09-03T17:29:42Z</time></trkpt>
<trkpt lat="37.083250" lon="-121.904243"><ele>284.1</ele><time>2022-09-03T17:29:44Z</time></trkpt>
<trkpt lat="37.083221" lon="-121.904407"><ele>283.4</ele><time>2022-09-03T17:29:49Z</time></trkpt>
<trkpt lat="37.083266" lon="-121.904392"><ele>280.3</ele><time>2022-09-03T17:29:50Z</time></trkpt>
<trkpt lat="37.083295" lon="-121.904422"><ele>279.7</ele><time>2022-09-03T17:29:51Z</time></trkpt>
<trkpt lat="37.083301" lon="-121.904543"><ele>277.9</ele><time>2022-09-03T17:29:53Z</time></trkpt>
<trkpt lat="37.083393" lon="-121.904583"><ele>272.5</ele><time>2022-09-03T17:29:55Z</time></trkpt>
<trkpt lat="37.083373" lon="-121.904706"><ele>271.9</ele><time>2022-09-03T17:29:57Z</time></trkpt>
<trkpt lat="37.083400" lon="-121.904792"><ele>268.6</ele><time>2022-09-03T17:30:00Z</time></trkpt>
<trkpt lat="37.083349" lon="-121.904921"><ele>269.9</ele><time>2022-09-03T17:30:04Z</time></trkpt>
<trkpt lat="37.083349" lon="-121.904995"><ele>268.9</ele><time>2022-09-03T17:30:05Z</time></trkpt>
<trkpt lat="37.083254" lon="-121.905197"><ele>265.7</ele><time>2022-09-03T17:30:11Z</time></trkpt>
<trkpt lat="37.083217" lon="-121.905406"><ele>263.3</ele><time>2022-09-03T17:30:16Z</time></trkpt>
<trkpt lat="37.083251" lon="-121.905390"><ele>263.0</ele><time>2022-09-03T17:30:19Z</time></trkpt>
<trkpt lat="37.083263" lon="-121.905425"><ele>262.8</ele><time>2022-09-03T17:30:21Z</time></trkpt>
<trkpt lat="37.083203" lon="-121.905491"><ele>262.2</ele><time>2022-09-03T17:30:23Z</time></trkpt>
<trkpt lat="37.083200" lon="-121.905544"><ele>261.8</ele><time>2022-09-03T17:30:24Z</time></trkpt>
<trkpt lat="37.083186" lon="-121.905486"><ele>261.4</ele><time>2022-09-03T17:30:26Z</time></trkpt>
<trkpt lat="37.083253" lon="-121.905460"><ele>260.9</ele><time>2022-09-03T17:30:28Z</time></trkpt>
<trkpt lat="37.083258" lon="-121.905425"><ele>260.7</ele><time>2022-09-03T17:30:29Z</time></trkpt>
<trkpt lat="37.083397" lon="-121.905388"><ele>259.5</ele><time>2022-09-03T17:30:34Z</time></trkpt>
<trkpt lat="37.083494" lon="-121.905234"><ele>258.2</ele><time>2022-09-03T17:30:36Z</time></trkpt>
<trkpt lat="37.083560" lon="-121.905210"><ele>257.7</ele><time>2022-09-03T17:30:37Z</time></trkpt>
<trkpt lat="37.083547" lon="-121.905227"><ele>257.6</ele><time>2022-09-03T17:30:38Z</time></trkpt>
<trkpt lat="37.083574" lon="-121.905239"><ele>257.4</ele><time>2022-09-03T17:30:39Z</time></trkpt>
<trkpt lat="37.083640" lon="-121.905087"><ele>256.6</ele><time>2022-09-03T17:30:43Z</time></trkpt>
<trkpt lat="37.083742" lon="-121.905127"><ele>256.2</ele><time>2022-09-03T17:30:45Z</time></trkpt>
<trkpt lat="37.084023" lon="-121.904999"><ele>254.9</ele><time>2022-09-03T17:30:53Z</time></trkpt>
<trkpt lat="37.084095" lon="-121.905030"><ele>254.5</ele><time>2022-09-03T17:30:56Z</time></trkpt>
<trkpt lat="37.084194" lon="-121.904959"><ele>253.9</ele><time>2022-09-03T17:30:59Z</time></trkpt>
<trkpt lat="37.084236" lon="-121.904993"><ele>253.4</ele><time>2022-09-03T17:31:00Z</time></trkpt>
<trkpt lat="37.084518" lon="-121.904950"><ele>250.4</ele><time>2022-09-03T17:31:08Z</time></trkpt>
<trkpt lat="37.084555" lon="-121.904804"><ele>249.5</ele><time>2022-09-03T17:31:14Z</time></trkpt>
<trkpt lat="37.084733" lon="-121.904634"><ele>248.1</ele><time>2022-09-03T17:31:21Z</time></trkpt>
<trkpt lat="37.084824" lon="-121.904410"><ele>247.0</ele><time>2022-09-03T17:31:26Z</time></trkpt>
<trkpt lat="37.084889" lon="-121.904362"><ele>247.1</ele><time>2022-09-03T17:31:28Z</time></trkpt>
<trkpt lat="37.084971" lon="-121.904122"><ele>248.2</ele><time>2022-09-03T17:31:37Z</time></trkpt>
<trkpt lat="37.084946" lon="-121.904055"><ele>248.7</ele><time>2022-09-03T17:31:40Z</time></trkpt>
<trkpt lat="37.085030" lon="-121.903883"><ele>249.8</ele><time>2022-09-03T17:31:48Z</time></trkpt>
<trkpt lat="37.085075" lon="-121.903903"><ele>250.1</ele><time>2022-09-03T17:31:50Z</time></trkpt>
<trkpt lat="37.085140" lon="-121.903815"><ele>250.8</ele><time>2022-09-03T17:31:54Z</time></trkpt>
<trkpt lat="37.085143" lon="-121.903774"><ele>251.0</ele><time>2022-09-03T17:31:57Z</time></trkpt>
<trkpt lat="37.085134" lon="-121.903841"><ele>251.4</ele><time>2022-09-03T17:32:03Z</time></trkpt>
<trkpt lat="37.085112" lon="-121.903764"><ele>251.8</ele><time>2022-09-03T17:32:08Z</time></trkpt>
<trkpt lat="37.085069" lon="-121.903755"><ele>252.1</ele><time>2022-09-03T17:32:29Z</time></trkpt>
<trkpt lat="37.085095" lon="-121.903789"><ele>252.3</ele><time>2022-09-03T17:32:33Z</time></trkpt>
<trkpt lat="37.085076" lon="-121.903799"><ele>252.5</ele><time>2022-09-03T17:32:38Z</time></trkpt>
<trkpt lat="37.085103" lon="-121.903647"><ele>253.2</ele><time>2022-09-03T17:34:53Z</time></trkpt>
<trkpt lat="37.085043" lon="-121.903704"><ele>253.7</ele><time>2022-09-03T17:35:11Z</time></trkpt>
<trkpt lat="37.085033" lon="-121.903667"><ele>253.9</ele><time>2022-09-03T17:35:12Z</time></trkpt>
<trkpt lat="37.085077" lon="-121.903697"><ele>254.3</ele><time>2022-09-03T17:35:16Z</time></trkpt>
<trkpt lat="37.085021" lon="-121.903704"><ele>254.6</ele><time>2022-09-03T17:35:21Z</time></trkpt>
<trkpt lat="37.085103" lon="-121.903703"><ele>255.1</ele><time>2022-09-03T17:35:25Z</time></trkpt>
<trkpt lat="37.085057" lon="-121.903710"><ele>255.5</ele><time>2022-09-03T17:35:26Z</time></trkpt>
<trkpt lat="37.085029" lon="-121.903642"><ele>255.9</ele><time>2022-09-03T17:35:29Z</time></trkpt>
<trkpt lat="37.085066" lon="-121.903575"><ele>256.3</ele><time>2022-09-03T17:35:32Z</time></trkpt>
<trkpt lat="37.085038" lon="-121.903555"><ele>256.7</ele><time>2022-09-03T17:35:38Z</time></trkpt>
<trkpt lat="37.085013" lon="-121.903414"><ele>257.5</ele><time>2022-09-03T17:35:44Z</time></trkpt>
<trkpt lat="37.085053" lon="-121.903343"><ele>258.0</ele><time>2022-09-03T17:35:48Z</time></trkpt>
<trkpt lat="37.085010" lon="-121.903286"><ele>258.7</ele><time>2022-09-03T17:35:56Z</time></trkpt>
<trkpt lat="37.084991" lon="-121.903299"><ele>258.8</ele><time>2022-09-03T17:35:57Z</time></trkpt>
<trkpt lat="37.084973" lon="-121.903148"><ele>259.8</ele><time>2022-09-03T17:36:02Z</time></trkpt>
<trkpt lat="37.085017" lon="-121.903126"><ele>260.2</ele><time>2022-09-03T17:36:05Z</time></trkpt>
<trkpt lat="37.084971" lon="-121.903112"><ele>260.7</ele><time>2022-09-03T17:36:07Z</time></trkpt>
<trkpt lat="37.084921" lon="-121.902984"><ele>261.8</ele><time>2022-09-03T17:36:14Z</time></trkpt>
<trkpt lat="37.084957" lon="-121.902805"><ele>263.5</ele><time>2022-09-03T17:36:23Z</time></trkpt>
<trkpt lat="37.084928" lon="-121.902768"><ele>263.8</ele><time>2022-09-03T17:36:25Z</time></trkpt>
<trkpt lat="37.084964" lon="-121.902693"><ele>264.4</ele><time>2022-09-03T17:36:26Z</time></trkpt>
<trkpt lat="37.084951" lon="-121.902583"><ele>265.2</ele><time>2022-09-03T17:36:32Z</time></trkpt>
<trkpt lat="37.084859" lon="-121.902511"><ele>266.1</ele><time>2022-09-03T17:36:38Z</time></trkpt>
<trkpt lat="37.084780" lon="-121.902300"><ele>267.5</ele><time>2022-09-03T17:36:50Z</time></trkpt>
<trkpt lat="37.084489" lon="-121.901965"><ele>270.0</ele><time>2022-09-03T17:37:18Z</time></trkpt>
<trkpt lat="37.084233" lon="-121.901495"><ele>273.1</ele><time>2022-09-03T17:37:50Z</time></trkpt>
<trkpt lat="37.084059" lon="-121.901414"><ele>274.5</ele><time>2022-09-03T17:38:05Z</time></trkpt>
<trkpt lat="37.083884" lon="-121.901479"><ele>276.7</ele><time>2022-09-03T17:38:14Z</time></trkpt>
<trkpt lat="37.083842" lon="-121.901529"><ele>277.4</ele><time>2022-09-03T17:38:16Z</time></trkpt>
<trkpt lat="37.083778" lon="-121.901458"><ele>278.4</ele><time>2022-09-03T17:38:19Z</time></trkpt>
<trkpt lat="37.083788" lon="-121.901508"><ele>278.8</ele><time>2022-09-03T17:38:20Z</time></trkpt>
<trkpt lat="37.083729" lon="-121.901432"><ele>279.7</ele><time>2022-09-03T17:38:26Z</time></trkpt>
<trkpt lat="37.083671" lon="-121.901421"><ele>280.3</ele><time>2022-09-03T17:38:29Z</time></trkpt>
<trkpt lat="37.083583" lon="-121.901259"><ele>281.6</ele><time>2022-09-03T17:38:36Z</time></trkpt>
<trkpt lat="37.083559" lon="-121.901148"><ele>282.3</ele><time>2022-09-03T17:38:39Z</time></trkpt>
<trkpt lat="37.083584" lon="-121.901100"><ele>282.7</ele><time>2022-09-03T17:38:41Z</time></trkpt>
<trkpt lat="37.083543" lon="-121.901066"><ele>283.0</ele><time>2022-09-03T17:38:43Z</time></trkpt>
<trkpt lat="37.083511" lon="-121.900954"><ele>283.8</ele><time>2022-09-03T17:38:48Z</time></trkpt>
<trkpt lat="37.083440" lon="-121.900944"><ele>284.3</ele><time>2022-09-03T17:38:52Z</time></trkpt>
<trkpt lat="37.083384" lon="-121.900831"><ele>285.1</ele><time>2022-09-03T17:38:56Z</time></trkpt>
<trkpt lat="37.083372" lon="-121.900745"><ele>285.6</ele><time>2022-09-03T17:38:59Z</time></trkpt>
<trkpt lat="37.083416" lon="-121.900683"><ele>285.8</ele><time>2022-09-03T17:39:03Z</time></trkpt>
<trkpt lat="37.083378" lon="-121.900702"><ele>285.9</ele><time>2022-09-03T17:39:04Z</time></trkpt>
<trkpt lat="37.083279" lon="-121.900489"><ele>285.3</ele><time>2022-09-03T17:39:13Z</time></trkpt>
<trkpt lat="37.083176" lon="-121.900402"><ele>284.4</ele><time>2022-09-03T17:39:19Z</time></trkpt>
<trkpt lat="37.083291" lon="-121.900222"><ele>283.2</ele><time>2022-09-03T17:39:23Z</time></trkpt>
<trkpt lat="37.083295" lon="-121.900190"><ele>283.1</ele><time>2022-09-03T17:39:24Z</time></trkpt>
<trkpt lat="37.083253" lon="-121.900156"><ele>282.9</ele><time>2022-09-03T17:39:26Z</time></trkpt>
<trkpt lat="37.083324" lon="-121.900044"><ele>282.8</ele><time>2022-09-03T17:39:31Z</time></trkpt>
<trkpt lat="37.083332" lon="-121.899957"><ele>282.9</ele><time>2022-09-03T17:39:33Z</time></trkpt>
<trkpt lat="37.083629" lon="-121.899807"><ele>285.0</ele><time>2022-09-03T17:39:37Z</time></trkpt>
<trkpt lat="37.083727" lon="-121.899982"><ele>286.6</ele><time>2022-09-03T17:39:42Z</time></trkpt>
<trkpt lat="37.083772" lon="-121.899969"><ele>287.0</ele><time>2022-09-03T17:39:45Z</time></trkpt>
<trkpt lat="37.083796" lon="-121.899998"><ele>287.3</ele><time>2022-09-03T17:39:47Z</time></trkpt>
<trkpt lat="37.083891" lon="-121.899939"><ele>288.2</ele><time>2022-09-03T17:39:50Z</time></trkpt>
<trkpt lat="37.084014" lon="-121.899951"><ele>289.3</ele><time>2022-09-03T17:39:55Z</time></trkpt>
<trkpt lat="37.084201" lon="-121.899824"><ele>291.3</ele><time>2022-09-03T17:40:02Z</time></trkpt>
<trkpt lat="37.084214" lon="-121.899749"><ele>292.1</ele><time>2022-09-03T17:40:06Z</time></trkpt>
<trkpt lat="37.084280" lon="-121.899674"><ele>292.9</ele><time>2022-09-03T17:40:17Z</time></trkpt>
<trkpt lat="37.084603" lon="-121.899735"><ele>294.9</ele><time>2022-09-03T17:40:28Z</time></trkpt>
<trkpt lat="37.084861" lon="-121.899940"><ele>296.8</ele><time>2022-09-03T17:40:37Z</time></trkpt>
<trkpt lat="37.084836" lon="-121.899964"><ele>297.1</ele><time>2022-09-03T17:40:40Z</time></trkpt>
<trkpt lat="37.084865" lon="-121.900109"><ele>298.3</ele><time>2022-09-03T17:40:47Z</time></trkpt>
<trkpt lat="37.084919" lon="-121.900123"><ele>298.7</ele><time>2022-09-03T17:40:49Z</time></trkpt>
<trkpt lat="37.085008" lon="-121.900076"><ele>299.6</ele><time>2022-09-03T17:40:55Z</time></trkpt>
<trkpt lat="37.085062" lon="-121.900148"><ele>300.2</ele><time>2022-09-03T17:40:58Z</time></trkpt>
<trkpt lat="37.085079" lon="-121.900232"><ele>300.7</ele><time>2022-09-03T17:41:00Z</time></trkpt>
<trkpt lat="37.085190" lon="-121.900204"><ele>301.6</ele><time>2022-09-03T17:41:09Z</time></trkpt>
<trkpt lat="37.085450" lon="-121.899857"><ele>303.4</ele><time>2022-09-03T17:41:29Z</time></trkpt>
<trkpt lat="37.085738" lon="-121.899628"><ele>305.3</ele><time>2022-09-03T17:41:44Z</time></trkpt>
<trkpt lat="37.085808" lon="-121.899459"><ele>306.3</ele><time>2022-09-03T17:41:51Z</time></trkpt>
<trkpt lat="37.085788" lon="-121.899398"><ele>306.7</ele><time>2022-09-03T17:41:55Z</time></trkpt>
<trkpt lat="37.085859" lon="-121.899055"><ele>309.5</ele><time>2022-09-03T17:42:17Z</time></trkpt>
<trkpt lat="37.085959" lon="-121.898885"><ele>311.6</ele><time>2022-09-03T17:42:26Z</time></trkpt>
<trkpt lat="37.085990" lon="-121.898915"><ele>312.1</ele><time>2022-09-03T17:42:28Z</time></trkpt>
<trkpt lat="37.086253" lon="-121.898816"><ele>315.6</ele><time>2022-09-03T17:42:40Z</time></trkpt>
<trkpt lat="37.086314" lon="-121.898734"><ele>316.7</ele><time>2022-09-03T17:42:47Z</time></trkpt>
<trkpt lat="37.086413" lon="-121.898699"><ele>317.8</ele><time>2022-09-03T17:42:53Z</time></trkpt>
<trkpt lat="37.086397" lon="-121.898610"><ele>318.5</ele><time>2022-09-03T17:42:57Z</time></trkpt>
<trkpt lat="37.086444" lon="-121.898500"><ele>319.6</ele><time>2022-09-03T17:43:02Z</time></trkpt>
<trkpt lat="37.086479" lon="-121.898533"><ele>320.0</ele><time>2022-09-03T17:43:03Z</time></trkpt>
<trkpt lat="37.086624" lon="-121.898517"><ele>321.5</ele><time>2022-09-03T17:43:09Z</time></trkpt>
<trkpt lat="37.086724" lon="-121.898416"><ele>322.8</ele><time>2022-09-03T17:43:18Z</time></trkpt>
<trkpt lat="37.086690" lon="-121.898126"><ele>324.7</ele><time>2022-09-03T17:43:36Z</time></trkpt>
<trkpt lat="37.086772" lon="-121.897983"><ele>325.5</ele><time>2022-09-03T17:43:45Z</time></trkpt>
<trkpt lat="37.086825" lon="-121.897736"><ele>326.8</ele><time>2022-09-03T17:43:55Z</time></trkpt>
<trkpt lat="37.086988" lon="-121.897507"><ele>328.6</ele><time>2022-09-03T17:44:08Z</time></trkpt>
<trkpt lat="37.087036" lon="-121.897388"><ele>329.6</ele><time>2022-09-03T17:44:14Z</time></trkpt>
<trkpt lat="37.087182" lon="-121.897346"><ele>331.1</ele><time>2022-09-03T17:44:23Z</time></trkpt>
<trkpt lat="37.087201" lon="-121.897247"><ele>331.9</ele><time>2022-09-03T17:44:28Z</time></trkpt>
<trkpt lat="37.087252" lon="-121.897276"><ele>332.4</ele><time>2022-09-03T17:44:33Z</time></trkpt>
<trkpt lat="37.087320" lon="-121.897183"><ele>333.3</ele><time>2022-09-03T17:44:40Z</time></trkpt>
<trkpt lat="37.087334" lon="-121.897093"><ele>333.9</ele><time>2022-09-03T17:44:44Z</time></trkpt>
<trkpt lat="37.087308" lon="-121.897022"><ele>334.4</ele><time>2022-09-03T17:44:47Z</time></trkpt>
<trkpt lat="37.087383" lon="-121.896848"><ele>335.6</ele><time>2022-09-03T17:44:54Z</time></trkpt>
<trkpt lat="37.087562" lon="-121.896815"><ele>336.7</ele><time>2022-09-03T17:45:01Z</time></trkpt>
<trkpt lat="37.087676" lon="-121.896709"><ele>338.0</ele><time>2022-09-03T17:45:09Z</time></trkpt>
<trkpt lat="37.087803" lon="-121.896755"><ele>339.1</ele><time>2022-09-03T17:45:16Z</time></trkpt>
<trkpt lat="37.087816" lon="-121.896723"><ele>339.3</ele><time>2022-09-03T17:45:17Z</time></trkpt>
<trkpt lat="37.087897" lon="-121.896750"><ele>340.0</ele><time>2022-09-03T17:45:20Z</time></trkpt>
<trkpt lat="37.088067" lon="-121.896720"><ele>341.4</ele><time>2022-09-03T17:45:29Z</time></trkpt>
<trkpt lat="37.088255" lon="-121.896598"><ele>342.9</ele><time>2022-09-03T17:45:38Z</time></trkpt>
<trkpt lat="37.088299" lon="-121.896252"><ele>344.9</ele><time>2022-09-03T17:45:56Z</time></trkpt>
<trkpt lat="37.088354" lon="-121.896138"><ele>345.8</ele><time>2022-09-03T17:46:02Z</time></trkpt>
<trkpt lat="37.088331" lon="-121.896061"><ele>346.6</ele><time>2022-09-03T17:46:06Z</time></trkpt>
<trkpt lat="37.088358" lon="-121.896047"><ele>346.9</ele><time>2022-09-03T17:46:07Z</time></trkpt>
<trkpt lat="37.088372" lon="-121.895966"><ele>347.7</ele><time>2022-09-03T17:46:12Z</time></trkpt>
<trkpt lat="37.088329" lon="-121.895885"><ele>348.9</ele><time>2022-09-03T17:46:14Z</time></trkpt>
<trkpt lat="37.088312" lon="-121.895742"><ele>350.4</ele><time>2022-09-03T17:46:19Z</time></trkpt>
<trkpt lat="37.088191" lon="-121.895445"><ele>353.3</ele><time>2022-09-03T17:46:38Z</time></trkpt>
<trkpt lat="37.088162" lon="-121.895448"><ele>353.5</ele><time>2022-09-03T17:46:39Z</time></trkpt>
<trkpt lat="37.088094" lon="-121.895364"><ele>354.3</ele><time>2022-09-03T17:46:45Z</time></trkpt>
<trkpt lat="37.087886" lon="-121.895044"><ele>357.1</ele><time>2022-09-03T17:47:05Z</time></trkpt>
<trkpt lat="37.087767" lon="-121.894829"><ele>358.9</ele><time>2022-09-03T17:47:18Z</time></trkpt>
<trkpt lat="37.087747" lon="-121.894735"><ele>359.7</ele><time>2022-09-03T17:47:26Z</time></trkpt>
<trkpt lat="37.087777" lon="-121.894527"><ele>361.4</ele><time>2022-09-03T17:47:33Z</time></trkpt>
<trkpt lat="37.087888" lon="-121.894236"><ele>363.5</ele><time>2022-09-03T17:47:45Z</time></trkpt>
<trkpt lat="37.087863" lon="-121.894191"><ele>363.8</ele><time>2022-09-03T17:47:48Z</time></trkpt>
<trkpt lat="37.088028" lon="-121.893949"><ele>365.7</ele><time>2022-09-03T17:47:59Z</time></trkpt>
<trkpt lat="37.088014" lon="-121.893968"><ele>365.9</ele><time>2022-09-03T17:48:00Z</time></trkpt>
<trkpt lat="37.087956" lon="-121.893802"><ele>366.8</ele><time>2022-09-03T17:48:05Z</time></trkpt>
<trkpt lat="37.087951" lon="-121.893651"><ele>367.7</ele><time>2022-09-03T17:48:09Z</time></trkpt>
<trkpt lat="37.087907" lon="-121.893610"><ele>368.2</ele><time>2022-09-03T17:48:11Z</time></trkpt>
<trkpt lat="37.087937" lon="-121.893549"><ele>368.7</ele><time>2022-09-03T17:48:13Z</time></trkpt>
<trkpt lat="37.087893" lon="-121.893388"><ele>370.1</ele><time>2022-09-03T17:48:19Z</time></trkpt>
<trkpt lat="37.087687" lon="-121.892900"><ele>371.7</ele><time>2022-09-03T17:48:43Z</time></trkpt>
<trkpt lat="37.087710" lon="-121.892696"><ele>371.2</ele><time>2022-09-03T17:48:52Z</time></trkpt>
<trkpt lat="37.087796" lon="-121.892538"><ele>370.5</ele><time>2022-09-03T17:48:56Z</time></trkpt>
<trkpt lat="37.087966" lon="-121.892444"><ele>370.1</ele><time>2022-09-03T17:49:03Z</time></trkpt>
<trkpt lat="37.088268" lon="-121.892375"><ele>370.8</ele><time>2022-09-03T17:49:10Z</time></trkpt>
<trkpt lat="37.088382" lon="-121.892407"><ele>371.2</ele><time>2022-09-03T17:49:14Z</time></trkpt>
<trkpt lat="37.088489" lon="-121.892372"><ele>371.5</ele><time>2022-09-03T17:49:19Z</time></trkpt>
<trkpt lat="37.088831" lon="-121.892623"><ele>373.9</ele><time>2022-09-03T17:49:35Z</time></trkpt>
<trkpt lat="37.088902" lon="-121.892745"><ele>374.8</ele><time>2022-09-03T17:49:41Z</time></trkpt>
<trkpt lat="37.089004" lon="-121.892817"><ele>375.7</ele><time>2022-09-03T17:49:48Z</time></trkpt>
<trkpt lat="37.089173" lon="-121.892840"><ele>377.3</ele><time>2022-09-03T17:50:00Z</time></trkpt>
<trkpt lat="37.089229" lon="-121.892817"><ele>377.9</ele><time>2022-09-03T17:50:03Z</time></trkpt>
<trkpt lat="37.089529" lon="-121.892927"><ele>381.2</ele><time>2022-09-03T17:50:24Z</time></trkpt>
<trkpt lat="37.089555" lon="-121.892908"><ele>381.7</ele><time>2022-09-03T17:50:26Z</time></trkpt>
<trkpt lat="37.089675" lon="-121.892773"><ele>383.7</ele><time>2022-09-03T17:50:36Z</time></trkpt>
<trkpt lat="37.089692" lon="-121.892393"><ele>387.4</ele><time>2022-09-03T17:50:57Z</time></trkpt>
<trkpt lat="37.089726" lon="-121.892122"><ele>390.0</ele><time>2022-09-03T17:51:09Z</time></trkpt>
<trkpt lat="37.089758" lon="-121.892116"><ele>390.5</ele><time>2022-09-03T17:51:11Z</time></trkpt>
<trkpt lat="37.089748" lon="-121.892017"><ele>391.5</ele><time>2022-09-03T17:51:13Z</time></trkpt>
<trkpt lat="37.089911" lon="-121.891812"><ele>394.5</ele><time>2022-09-03T17:51:29Z</time></trkpt>
<trkpt lat="37.089916" lon="-121.891732"><ele>395.2</ele><time>2022-09-03T17:51:32Z</time></trkpt>
<trkpt lat="37.089975" lon="-121.891673"><ele>396.1</ele><time>2022-09-03T17:51:35Z</time></trkpt>
<trkpt lat="37.090120" lon="-121.891686"><ele>397.7</ele><time>2022-09-03T17:51:40Z</time></trkpt>
<trkpt lat="37.090195" lon="-121.891594"><ele>398.8</ele><time>2022-09-03T17:51:46Z</time></trkpt>
<trkpt lat="37.090250" lon="-121.891641"><ele>399.5</ele><time>2022-09-03T17:51:49Z</time></trkpt>
<trkpt lat="37.090265" lon="-121.891614"><ele>399.8</ele><time>2022-09-03T17:51:50Z</time></trkpt>
<trkpt lat="37.090444" lon="-121.891595"><ele>401.6</ele><time>2022-09-03T17:52:02Z</time></trkpt>
<trkpt lat="37.090610" lon="-121.891411"><ele>403.7</ele><time>2022-09-03T17:52:13Z</time></trkpt>
<trkpt lat="37.090665" lon="-121.891396"><ele>404.2</ele><time>2022-09-03T17:52:17Z</time></trkpt>
<trkpt lat="37.090667" lon="-121.891260"><ele>405.4</ele><time>2022-09-03T17:52:26Z</time></trkpt>
<trkpt lat="37.090712" lon="-121.891186"><ele>406.2</ele><time>2022-09-03T17:52:31Z</time></trkpt>
<trkpt lat="37.090729" lon="-121.891067"><ele>407.3</ele><time>2022-09-03T17:52:35Z</time></trkpt>
<trkpt lat="37.090647" lon="-121.890798"><ele>409.9</ele><time>2022-09-03T17:52:48Z</time></trkpt>
<trkpt lat="37.090673" lon="-121.890748"><ele>410.4</ele><time>2022-09-03T17:52:50Z</time></trkpt>
<trkpt lat="37.090641" lon="-121.890626"><ele>411.4</ele><time>2022-09-03T17:52:56Z</time></trkpt>
<trkpt lat="37.090715" lon="-121.890580"><ele>412.1</ele><time>2022-09-03T17:52:58Z</time></trkpt>
<trkpt lat="37.090726" lon="-121.890470"><ele>412.8</ele><time>2022-09-03T17:53:03Z</time></trkpt>
<trkpt lat="37.090697" lon="-121.890379"><ele>413.5</ele><time>2022-09-03T17:53:08Z</time></trkpt>
<trkpt lat="37.090670" lon="-121.890377"><ele>413.7</ele><time>2022-09-03T17:53:11Z</time></trkpt>
<trkpt lat="37.090704" lon="-121.890400"><ele>414.1</ele><time>2022-09-03T17:53:15Z</time></trkpt>
<trkpt lat="37.090699" lon="-121.890182"><ele>415.0</ele><time>2022-09-03T17:53:58Z</time></trkpt>
<trkpt lat="37.090328" lon="-121.889559"><ele>414.1</ele><time>2022-09-03T17:54:20Z</time></trkpt>
<trkpt lat="37.090287" lon="-121.889445"><ele>413.7</ele><time>2022-09-03T17:54:25Z</time></trkpt>
<trkpt lat="37.090375" lon="-121.889333"><ele>413.2</ele><time>2022-09-03T17:54:29Z</time></trkpt>
<trkpt lat="37.090484" lon="-121.889260"><ele>413.0</ele><time>2022-09-03T17:54:34Z</time></trkpt>
<trkpt lat="37.090516" lon="-121.889134"><ele>412.8</ele><time>2022-09-03T17:54:35Z</time></trkpt>
<trkpt lat="37.090436" lon="-121.888865"><ele>412.7</ele><time>2022-09-03T17:54:39Z</time></trkpt>
<trkpt lat="37.090466" lon="-121.888772"><ele>412.9</ele><time>2022-09-03T17:54:41Z</time></trkpt>
<trkpt lat="37.090599" lon="-121.888733"><ele>413.3</ele><time>2022-09-03T17:54:45Z</time></trkpt>
<trkpt lat="37.090554" lon="-121.888644"><ele>413.6</ele><time>2022-09-03T17:54:48Z</time></trkpt>
<trkpt lat="37.090586" lon="-121.888602"><ele>413.7</ele><time>2022-09-03T17:54:49Z</time></trkpt>
<trkpt lat="37.090560" lon="-121.888477"><ele>413.8</ele><time>2022-09-03T17:54:54Z</time></trkpt>
<trkpt lat="37.090584" lon="-121.888398"><ele>413.9</ele><time>2022-09-03T17:54:56Z</time></trkpt>
<trkpt lat="37.090351" lon="-121.888236"><ele>413.8</ele><time>2022-09-03T17:55:04Z</time></trkpt>
<trkpt lat="37.090340" lon="-121.888123"><ele>413.7</ele><time>2022-09-03T17:55:05Z</time></trkpt>
<trkpt lat="37.090364" lon="-121.888174"><ele>413.6</ele><time>2022-09-03T17:55:06Z</time></trkpt>
<trkpt lat="37.090111" lon="-121.888065"><ele>413.1</ele><time>2022-09-03T17:55:08Z</time></trkpt>
<trkpt lat="37.090000" lon="-121.887970"><ele>412.8</ele><time>2022-09-03T17:55:10Z</time></trkpt>
<trkpt lat="37.089970" lon="-121.887801"><ele>412.5</ele><time>2022-09-03T17:55:12Z</time></trkpt>
<trkpt lat="37.089870" lon="-121.887677"><ele>412.0</ele><time>2022-09-03T17:55:16Z</time></trkpt>
<trkpt lat="37.089835" lon="-121.887242"><ele>410.2</ele><time>2022-09-03T17:55:18Z</time></trkpt>
<trkpt lat="37.089790" lon="-121.887056"><ele>409.4</ele><time>2022-09-03T17:55:20Z</time></trkpt>
<trkpt lat="37.089576" lon="-121.886620"><ele>407.7</ele><time>2022-09-03T17:55:25Z</time></trkpt>
<trkpt lat="37.089718" lon="-121.886930"><ele>407.2</ele><time>2022-09-03T17:55:26Z</time></trkpt>
<trkpt lat="37.089625" lon="-121.886830"><ele>407.1</ele><time>2022-09-03T17:55:28Z</time></trkpt>
<trkpt lat="37.089621" lon="-121.886754"><ele>407.0</ele><time>2022-09-03T17:55:29Z</time></trkpt>
<trkpt lat="37.089446" lon="-121.886624"><ele>406.5</ele><time>2022-09-03T17:55:32Z</time></trkpt>
<trkpt lat="37.089414" lon="-121.886545"><ele>406.4</ele><time>2022-09-03T17:55:33Z</time></trkpt>
<trkpt lat="37.089376" lon="-121.886568"><ele>406.3</ele><time>2022-09-03T17:55:34Z</time></trkpt>
<trkpt lat="37.089410" lon="-121.886487"><ele>406.2</ele><time>2022-09-03T17:55:35Z</time></trkpt>
<trkpt lat="37.089395" lon="-121.886419"><ele>406.2</ele><time>2022-09-03T17:55:36Z</time></trkpt>
<trkpt lat="37.089496" lon="-121.886338"><ele>406.1</ele><time>2022-09-03T17:55:37Z</time></trkpt>
<trkpt lat="37.089560" lon="-121.886218"><ele>406.1</ele><time>2022-09-03T17:55:38Z</time></trkpt>
<trkpt lat="37.089557" lon="-121.886151"><ele>406.1</ele><time>2022-09-03T17:55:40Z</time></trkpt>
<trkpt lat="37.089245" lon="-121.885730"><ele>406.9</ele><time>2022-09-03T17:55:48Z</time></trkpt>
<trkpt lat="37.089061" lon="-121.885398"><ele>408.2</ele><time>2022-09-03T17:55:53Z</time></trkpt>
<trkpt lat="37.089043" lon="-121.885057"><ele>410.0</ele><time>2022-09-03T17:55:59Z</time></trkpt>
<trkpt lat="37.088990" lon="-121.885044"><ele>410.4</ele><time>2022-09-03T17:56:00Z</time></trkpt>
<trkpt lat="37.088960" lon="-121.884923"><ele>411.1</ele><time>2022-09-03T17:56:03Z</time></trkpt>
<trkpt lat="37.089022" lon="-121.884567"><ele>412.4</ele><time>2022-09-03T17:56:13Z</time></trkpt>
<trkpt lat="37.088968" lon="-121.884500"><ele>412.7</ele><time>2022-09-03T17:56:14Z</time></trkpt>
<trkpt lat="37.089068" lon="-121.884421"><ele>413.2</ele><time>2022-09-03T17:56:15Z</time></trkpt>
<trkpt lat="37.088940" lon="-121.884059"><ele>414.9</ele><time>2022-09-03T17:56:31Z</time></trkpt>
<trkpt lat="37.088927" lon="-121.883646"><ele>417.5</ele><time>2022-09-03T17:56:43Z</time></trkpt>
<trkpt lat="37.088967" lon="-121.883524"><ele>418.4</ele><time>2022-09-03T17:56:48Z</time></trkpt>
<trkpt lat="37.089092" lon="-121.883418"><ele>419.7</ele><time>2022-09-03T17:56:50Z</time></trkpt>
<trkpt lat="37.089341" lon="-121.883331"><ele>422.2</ele><time>2022-09-03T17:56:59Z</time></trkpt>
<trkpt lat="37.089451" lon="-121.883217"><ele>423.2</ele><time>2022-09-03T17:57:06Z</time></trkpt>
<trkpt lat="37.089486" lon="-121.883106"><ele>423.9</ele><time>2022-09-03T17:57:11Z</time></trkpt>
<trkpt lat="37.089647" lon="-121.882856"><ele>425.7</ele><time>2022-09-03T17:57:25Z</time></trkpt>
<trkpt lat="37.089607" lon="-121.882869"><ele>425.9</ele><time>2022-09-03T17:57:26Z</time></trkpt>
<trkpt lat="37.089583" lon="-121.882832"><ele>426.1</ele><time>2022-09-03T17:57:28Z</time></trkpt>
<trkpt lat="37.089646" lon="-121.882550"><ele>427.1</ele><time>2022-09-03T17:57:36Z</time></trkpt>
<trkpt lat="37.089520" lon="-121.882136"><ele>428.7</ele><time>2022-09-03T17:57:48Z</time></trkpt>
<trkpt lat="37.089341" lon="-121.882019"><ele>429.8</ele><time>2022-09-03T17:57:59Z</time></trkpt>
<trkpt lat="37.089317" lon="-121.881931"><ele>430.3</ele><time>2022-09-03T17:58:03Z</time></trkpt>
<trkpt lat="37.089208" lon="-121.881809"><ele>431.5</ele><time>2022-09-03T17:58:11Z</time></trkpt>
<trkpt lat="37.089226" lon="-121.881780"><ele>431.8</ele><time>2022-09-03T17:58:12Z</time></trkpt>
<trkpt lat="37.089155" lon="-121.881655"><ele>433.0</ele><time>2022-09-03T17:58:21Z</time></trkpt>
<trkpt lat="37.088971" lon="-121.881022"><ele>438.7</ele><time>2022-09-03T17:58:50Z</time></trkpt>
<trkpt lat="37.088702" lon="-121.880432"><ele>440.5</ele><time>2022-09-03T17:59:18Z</time></trkpt>
<trkpt lat="37.088559" lon="-121.880258"><ele>441.4</ele><time>2022-09-03T17:59:26Z</time></trkpt>
<trkpt lat="37.088506" lon="-121.880143"><ele>442.1</ele><time>2022-09-03T17:59:31Z</time></trkpt>
<trkpt lat="37.088118" lon="-121.879241"><ele>446.0</ele><time>2022-09-03T18:00:11Z</time></trkpt>
<trkpt lat="37.088046" lon="-121.879000"><ele>446.0</ele><time>2022-09-03T18:00:17Z</time></trkpt>
<trkpt lat="37.088049" lon="-121.878814"><ele>446.1</ele><time>2022-09-03T18:00:20Z</time></trkpt>
<trkpt lat="37.088013" lon="-121.878716"><ele>446.3</ele><time>2022-09-03T18:00:24Z</time></trkpt>
<trkpt lat="37.088003" lon="-121.878553"><ele>446.6</ele><time>2022-09-03T18:00:27Z</time></trkpt>
<trkpt lat="37.087996" lon="-121.877811"><ele>449.3</ele><time>2022-09-03T18:00:49Z</time></trkpt>
<trkpt lat="37.088050" lon="-121.877303"><ele>452.8</ele><time>2022-09-03T18:01:03Z</time></trkpt>
<trkpt lat="37.088136" lon="-121.875872"><ele>457.1</ele><time>2022-09-03T18:01:40Z</time></trkpt>
<trkpt lat="37.088105" lon="-121.875621"><ele>457.7</ele><time>2022-09-03T18:01:49Z</time></trkpt>
<trkpt lat="37.087997" lon="-121.875427"><ele>458.7</ele><time>2022-09-03T18:01:58Z</time></trkpt>
<trkpt lat="37.088072" lon="-121.875363"><ele>459.0</ele><time>2022-09-03T18:01:59Z</time></trkpt>
<trkpt lat="37.088063" lon="-121.875314"><ele>459.2</ele><time>2022-09-03T18:02:01Z</time></trkpt>
<trkpt lat="37.087941" lon="-121.874860"><ele>459.7</ele><time>2022-09-03T18:02:19Z</time></trkpt>
<trkpt lat="37.087606" lon="-121.874094"><ele>463.1</ele><time>2022-09-03T18:02:44Z</time></trkpt>
<trkpt lat="37.087489" lon="-121.873646"><ele>465.2</ele><time>2022-09-03T18:02:58Z</time></trkpt>
<trkpt lat="37.087267" lon="-121.872990"><ele>469.4</ele><time>2022-09-03T18:03:18Z</time></trkpt>
<trkpt lat="37.086864" lon="-121.872175"><ele>472.0</ele><time>2022-09-03T18:03:41Z</time></trkpt>
<trkpt lat="37.086908" lon="-121.871892"><ele>472.9</ele><time>2022-09-03T18:03:49Z</time></trkpt>
<trkpt lat="37.086841" lon="-121.871798"><ele>473.3</ele><time>2022-09-03T18:03:52Z</time></trkpt>
<trkpt lat="37.086840" lon="-121.871702"><ele>473.7</ele><time>2022-09-03T18:03:55Z</time></trkpt>
<trkpt lat="37.086804" lon="-121.871634"><ele>474.0</ele><time>2022-09-03T18:03:57Z</time></trkpt>
<trkpt lat="37.086826" lon="-121.871562"><ele>474.3</ele><time>2022-09-03T18:03:59Z</time></trkpt>
<trkpt lat="37.086777" lon="-121.871518"><ele>474.6</ele><time>2022-09-03T18:04:00Z</time></trkpt>
<trkpt lat="37.086798" lon="-121.871465"><ele>474.9</ele><time>2022-09-03T18:04:01Z</time></trkpt>
<trkpt lat="37.086712" lon="-121.871417"><ele>475.4</ele><time>2022-09-03T18:04:03Z</time></trkpt>
<trkpt lat="37.086723" lon="-121.871312"><ele>475.9</ele><time>2022-09-03T18:04:05Z</time></trkpt>
<trkpt lat="37.086686" lon="-121.871251"><ele>476.2</ele><time>2022-09-03T18:04:06Z</time></trkpt>
<trkpt lat="37.086506" lon="-121.871136"><ele>477.5</ele><time>2022-09-03T18:04:11Z</time></trkpt>
<trkpt lat="37.086427" lon="-121.871038"><ele>478.2</ele><time>2022-09-03T18:04:15Z</time></trkpt>
<trkpt lat="37.086421" lon="-121.870964"><ele>478.6</ele><time>2022-09-03T18:04:17Z</time></trkpt>
<trkpt lat="37.086335" lon="-121.870750"><ele>480.1</ele><time>2022-09-03T18:04:22Z</time></trkpt>
<trkpt lat="37.086300" lon="-121.870743"><ele>480.4</ele><time>2022-09-03T18:04:23Z</time></trkpt>
<trkpt lat="37.086281" lon="-121.870643"><ele>481.0</ele><time>2022-09-03T18:04:26Z</time></trkpt>
<trkpt lat="37.086223" lon="-121.870562"><ele>481.7</ele><time>2022-09-03T18:04:29Z</time></trkpt>
<trkpt lat="37.086179" lon="-121.870563"><ele>482.0</ele><time>2022-09-03T18:04:32Z</time></trkpt>
<trkpt lat="37.086139" lon="-121.870494"><ele>482.4</ele><time>2022-09-03T18:04:35Z</time></trkpt>
<trkpt lat="37.086144" lon="-121.870429"><ele>482.8</ele><time>2022-09-03T18:04:36Z</time></trkpt>
<trkpt lat="37.086017" lon="-121.870283"><ele>483.8</ele><time>2022-09-03T18:04:46Z</time></trkpt>
<trkpt lat="37.085878" lon="-121.869953"><ele>485.8</ele><time>2022-09-03T18:04:57Z</time></trkpt>
<trkpt lat="37.085890" lon="-121.869930"><ele>486.1</ele><time>2022-09-03T18:04:59Z</time></trkpt>
<trkpt lat="37.085847" lon="-121.869922"><ele>486.4</ele><time>2022-09-03T18:05:01Z</time></trkpt>
<trkpt lat="37.085854" lon="-121.869768"><ele>487.5</ele><time>2022-09-03T18:05:07Z</time></trkpt>
<trkpt lat="37.085773" lon="-121.869645"><ele>488.6</ele><time>2022-09-03T18:05:10Z</time></trkpt>
<trkpt lat="37.085802" lon="-121.869613"><ele>488.9</ele><time>2022-09-03T18:05:12Z</time></trkpt>
<trkpt lat="37.085826" lon="-121.869446"><ele>490.0</ele><time>2022-09-03T18:05:17Z</time></trkpt>
<trkpt lat="37.085784" lon="-121.869411"><ele>490.4</ele><time>2022-09-03T18:05:19Z</time></trkpt>
<trkpt lat="37.085749" lon="-121.869282"><ele>491.4</ele><time>2022-09-03T18:05:26Z</time></trkpt>
<trkpt lat="37.085804" lon="-121.869173"><ele>492.3</ele><time>2022-09-03T18:05:29Z</time></trkpt>
<trkpt lat="37.085861" lon="-121.869161"><ele>492.8</ele><time>2022-09-03T18:05:30Z</time></trkpt>
<trkpt lat="37.085897" lon="-121.869073"><ele>493.5</ele><time>2022-09-03T18:05:32Z</time></trkpt>
<trkpt lat="37.085888" lon="-121.869101"><ele>493.7</ele><time>2022-09-03T18:05:33Z</time></trkpt>
<trkpt lat="37.085865" lon="-121.869070"><ele>494.0</ele><time>2022-09-03T18:05:35Z</time></trkpt>
<trkpt lat="37.085910" lon="-121.869050"><ele>494.4</ele><time>2022-09-03T18:05:36Z</time></trkpt>
<trkpt lat="37.085928" lon="-121.868979"><ele>495.0</ele><time>2022-09-03T18:05:40Z</time></trkpt>
<trkpt lat="37.085907" lon="-121.868753"><ele>496.1</ele><time>2022-09-03T18:05:46Z</time></trkpt>
<trkpt lat="37.085906" lon="-121.868793"><ele>496.3</ele><time>2022-09-03T18:05:47Z</time></trkpt>
<trkpt lat="37.085853" lon="-121.868624"><ele>496.9</ele><time>2022-09-03T18:05:52Z</time></trkpt>
<trkpt lat="37.085812" lon="-121.868605"><ele>497.1</ele><time>2022-09-03T18:05:53Z</time></trkpt>
<trkpt lat="37.085870" lon="-121.868399"><ele>498.0</ele><time>2022-09-03T18:05:59Z</time></trkpt>
<trkpt lat="37.085796" lon="-121.868200"><ele>499.3</ele><time>2022-09-03T18:06:07Z</time></trkpt>
<trkpt lat="37.085842" lon="-121.868136"><ele>500.0</ele><time>2022-09-03T18:06:10Z</time></trkpt>
<trkpt lat="37.085818" lon="-121.868073"><ele>500.5</ele><time>2022-09-03T18:06:13Z</time></trkpt>
<trkpt lat="37.085830" lon="-121.867893"><ele>501.9</ele><time>2022-09-03T18:06:20Z</time></trkpt>
<trkpt lat="37.085802" lon="-121.867839"><ele>502.3</ele><time>2022-09-03T18:06:23Z</time></trkpt>
<trkpt lat="37.085797" lon="-121.867603"><ele>504.2</ele><time>2022-09-03T18:06:28Z</time></trkpt>
<trkpt lat="37.085752" lon="-121.867528"><ele>505.0</ele><time>2022-09-03T18:06:32Z</time></trkpt>
<trkpt lat="37.085720" lon="-121.867361"><ele>506.3</ele><time>2022-09-03T18:06:39Z</time></trkpt>
<trkpt lat="37.085642" lon="-121.867341"><ele>506.9</ele><time>2022-09-03T18:06:44Z</time></trkpt>
<trkpt lat="37.085512" lon="-121.867053"><ele>507.9</ele><time>2022-09-03T18:06:58Z</time></trkpt>
<trkpt lat="37.085520" lon="-121.866488"><ele>508.9</ele><time>2022-09-03T18:07:17Z</time></trkpt>
<trkpt lat="37.085358" lon="-121.866164"><ele>510.4</ele><time>2022-09-03T18:07:34Z</time></trkpt>
<trkpt lat="37.085343" lon="-121.866068"><ele>510.9</ele><time>2022-09-03T18:07:37Z</time></trkpt>
<trkpt lat="37.085151" lon="-121.865786"><ele>512.8</ele><time>2022-09-03T18:07:48Z</time></trkpt>
<trkpt lat="37.085152" lon="-121.865699"><ele>513.1</ele><time>2022-09-03T18:07:50Z</time></trkpt>
<trkpt lat="37.084999" lon="-121.865419"><ele>514.7</ele><time>2022-09-03T18:08:00Z</time></trkpt>
<trkpt lat="37.085027" lon="-121.865117"><ele>516.4</ele><time>2022-09-03T18:08:08Z</time></trkpt>
<trkpt lat="37.084988" lon="-121.864896"><ele>517.6</ele><time>2022-09-03T18:08:13Z</time></trkpt>
<trkpt lat="37.085045" lon="-121.864760"><ele>518.3</ele><time>2022-09-03T18:08:17Z</time></trkpt>
<trkpt lat="37.085044" lon="-121.864615"><ele>519.0</ele><time>2022-09-03T18:08:22Z</time></trkpt>
<trkpt lat="37.084987" lon="-121.864490"><ele>519.8</ele><time>2022-09-03T18:08:26Z</time></trkpt>
<trkpt lat="37.084934" lon="-121.864453"><ele>520.2</ele><time>2022-09-03T18:08:27Z</time></trkpt>
<trkpt lat="37.084918" lon="-121.864478"><ele>520.6</ele><time>2022-09-03T18:08:29Z</time></trkpt>
<trkpt lat="37.084903" lon="-121.864364"><ele>521.3</ele><time>2022-09-03T18:08:32Z</time></trkpt>
<trkpt lat="37.084826" lon="-121.864213"><ele>522.4</ele><time>2022-09-03T18:08:37Z</time></trkpt>
<trkpt lat="37.084759" lon="-121.864195"><ele>522.8</ele><time>2022-09-03T18:08:40Z</time></trkpt>
<trkpt lat="37.084679" lon="-121.864070"><ele>523.5</ele><time>2022-09-03T18:08:45Z</time></trkpt>
<trkpt lat="37.084667" lon="-121.863878"><ele>524.1</ele><time>2022-09-03T18:08:52Z</time></trkpt>
<trkpt lat="37.084637" lon="-121.863905"><ele>524.3</ele><time>2022-09-03T18:08:53Z</time></trkpt>
<trkpt lat="37.084673" lon="-121.863573"><ele>525.3</ele><time>2022-09-03T18:09:03Z</time></trkpt>
<trkpt lat="37.084601" lon="-121.863280"><ele>526.1</ele><time>2022-09-03T18:09:13Z</time></trkpt>
<trkpt lat="37.084624" lon="-121.863239"><ele>526.2</ele><time>2022-09-03T18:09:14Z</time></trkpt>
<trkpt lat="37.084489" lon="-121.863105"><ele>526.2</ele><time>2022-09-03T18:09:19Z</time></trkpt>
<trkpt lat="37.084470" lon="-121.862981"><ele>526.0</ele><time>2022-09-03T18:09:22Z</time></trkpt>
<trkpt lat="37.084427" lon="-121.862975"><ele>525.9</ele><time>2022-09-03T18:09:23Z</time></trkpt>
<trkpt lat="37.084408" lon="-121.862871"><ele>525.6</ele><time>2022-09-03T18:09:26Z</time></trkpt>
<trkpt lat="37.084265" lon="-121.862601"><ele>524.4</ele><time>2022-09-03T18:09:31Z</time></trkpt>
<trkpt lat="37.084273" lon="-121.862352"><ele>523.5</ele><time>2022-09-03T18:09:33Z</time></trkpt>
<trkpt lat="37.084204" lon="-121.862150"><ele>522.9</ele><time>2022-09-03T18:09:36Z</time></trkpt>
<trkpt lat="37.084207" lon="-121.861953"><ele>522.5</ele><time>2022-09-03T18:09:39Z</time></trkpt>
<trkpt lat="37.084262" lon="-121.861871"><ele>522.4</ele><time>2022-09-03T18:09:40Z</time></trkpt>
<trkpt lat="37.084287" lon="-121.861709"><ele>522.2</ele><time>2022-09-03T18:09:42Z</time></trkpt>
<trkpt lat="37.084243" lon="-121.861520"><ele>522.3</ele><time>2022-09-03T18:09:45Z</time></trkpt>
<trkpt lat="37.084296" lon="-121.861290"><ele>522.7</ele><time>2022-09-03T18:09:52Z</time></trkpt>
<trkpt lat="37.084227" lon="-121.861167"><ele>522.9</ele><time>2022-09-03T18:09:54Z</time></trkpt>
<trkpt lat="37.084137" lon="-121.861107"><ele>523.0</ele><time>2022-09-03T18:09:55Z</time></trkpt>
<trkpt lat="37.084140" lon="-121.860984"><ele>523.0</ele><time>2022-09-03T18:09:59Z</time></trkpt>
<trkpt lat="37.084075" lon="-121.860900"><ele>522.8</ele><time>2022-09-03T18:10:01Z</time></trkpt>
<trkpt lat="37.084074" lon="-121.860945"><ele>522.8</ele><time>2022-09-03T18:10:02Z</time></trkpt>
<trkpt lat="37.084026" lon="-121.860922"><ele>522.7</ele><time>2022-09-03T18:10:03Z</time></trkpt>
<trkpt lat="37.083983" lon="-121.860766"><ele>522.3</ele><time>2022-09-03T18:10:05Z</time></trkpt>
<trkpt lat="37.083864" lon="-121.860547"><ele>521.7</ele><time>2022-09-03T18:10:08Z</time></trkpt>
<trkpt lat="37.083766" lon="-121.860072"><ele>520.7</ele><time>2022-09-03T18:10:12Z</time></trkpt>
<trkpt lat="37.083788" lon="-121.859805"><ele>520.5</ele><time>2022-09-03T18:10:15Z</time></trkpt>
<trkpt lat="37.083762" lon="-121.859663"><ele>520.4</ele><time>2022-09-03T18:10:17Z</time></trkpt>
<trkpt lat="37.083765" lon="-121.859754"><ele>520.3</ele><time>2022-09-03T18:10:18Z</time></trkpt>
<trkpt lat="37.083883" lon="-121.859630"><ele>520.3</ele><time>2022-09-03T18:10:22Z</time></trkpt>
<trkpt lat="37.083816" lon="-121.859595"><ele>520.2</ele><time>2022-09-03T18:10:23Z</time></trkpt>
<trkpt lat="37.083741" lon="-121.859464"><ele>520.1</ele><time>2022-09-03T18:10:27Z</time></trkpt>
<trkpt lat="37.083756" lon="-121.859313"><ele>520.0</ele><time>2022-09-03T18:10:30Z</time></trkpt>
<trkpt lat="37.083637" lon="-121.859014"><ele>519.8</ele><time>2022-09-03T18:10:33Z</time></trkpt>
<trkpt lat="37.083508" lon="-121.858544"><ele>519.1</ele><time>2022-09-03T18:10:38Z</time></trkpt>
<trkpt lat="37.083513" lon="-121.858470"><ele>519.0</ele><time>2022-09-03T18:10:39Z</time></trkpt>
<trkpt lat="37.083632" lon="-121.858252"><ele>518.7</ele><time>2022-09-03T18:10:42Z</time></trkpt>
<trkpt lat="37.083576" lon="-121.858193"><ele>518.7</ele><time>2022-09-03T18:10:44Z</time></trkpt>
<trkpt lat="37.083632" lon="-121.857912"><ele>518.5</ele><time>2022-09-03T18:10:54Z</time></trkpt>
<trkpt lat="37.083587" lon="-121.857942"><ele>518.5</ele><time>2022-09-03T18:10:55Z</time></trkpt>
<trkpt lat="37.083544" lon="-121.857847"><ele>518.4</ele><time>2022-09-03T18:10:58Z</time></trkpt>
<trkpt lat="37.083594" lon="-121.857782"><ele>518.3</ele><time>2022-09-03T18:11:01Z</time></trkpt>
<trkpt lat="37.083570" lon="-121.857539"><ele>517.9</ele><time>2022-09-03T18:11:03Z</time></trkpt>
<trkpt lat="37.083577" lon="-121.857613"><ele>517.8</ele><time>2022-09-03T18:11:04Z</time></trkpt>
<trkpt lat="37.083467" lon="-121.857429"><ele>517.4</ele><time>2022-09-03T18:11:08Z</time></trkpt>
<trkpt lat="37.083563" lon="-121.857302"><ele>517.1</ele><time>2022-09-03T18:11:10Z</time></trkpt>
<trkpt lat="37.083594" lon="-121.856816"><ele>516.0</ele><time>2022-09-03T18:11:16Z</time></trkpt>
<trkpt lat="37.083566" lon="-121.856715"><ele>515.8</ele><time>2022-09-03T18:11:17Z</time></trkpt>
<trkpt lat="37.083548" lon="-121.856249"><ele>514.1</ele><time>2022-09-03T18:11:20Z</time></trkpt>
<trkpt lat="37.083568" lon="-121.855989"><ele>513.0</ele><time>2022-09-03T18:11:22Z</time></trkpt>
<trkpt lat="37.083510" lon="-121.855741"><ele>512.1</ele><time>2022-09-03T18:11:23Z</time></trkpt>
<trkpt lat="37.083560" lon="-121.855601"><ele>511.7</ele><time>2022-09-03T18:11:24Z</time></trkpt>
<trkpt lat="37.083485" lon="-121.855398"><ele>511.3</ele><time>2022-09-03T18:11:26Z</time></trkpt>
<trkpt lat="37.083251" lon="-121.855065"><ele>510.9</ele><time>2022-09-03T18:11:31Z</time></trkpt>
<trkpt lat="37.083227" lon="-121.854913"><ele>510.8</ele><time>2022-09-03T18:11:33Z</time></trkpt>
<trkpt lat="37.083151" lon="-121.854730"><ele>510.8</ele><time>2022-09-03T18:11:37Z</time></trkpt>
<trkpt lat="37.083189" lon="-121.854650"><ele>510.8</ele><time>2022-09-03T18:11:38Z</time></trkpt>
<trkpt lat="37.083090" lon="-121.854570"><ele>510.8</ele><time>2022-09-03T18:11:41Z</time></trkpt>
<trkpt lat="37.082914" lon="-121.854303"><ele>510.9</ele><time>2022-09-03T18:11:51Z</time></trkpt>
<trkpt lat="37.082842" lon="-121.854291"><ele>510.9</ele><time>2022-09-03T18:11:52Z</time></trkpt>
<trkpt lat="37.082822" lon="-121.854075"><ele>511.0</ele><time>2022-09-03T18:11:59Z</time></trkpt>
<trkpt lat="37.082854" lon="-121.853933"><ele>511.0</ele><time>2022-09-03T18:12:00Z</time></trkpt>
<trkpt lat="37.082891" lon="-121.853906"><ele>511.0</ele><time>2022-09-03T18:12:01Z</time></trkpt>
<trkpt lat="37.082874" lon="-121.853853"><ele>511.1</ele><time>2022-09-03T18:12:02Z</time></trkpt>
<trkpt lat="37.082617" lon="-121.853727"><ele>511.2</ele><time>2022-09-03T18:12:07Z</time></trkpt>
<trkpt lat="37.082549" lon="-121.853630"><ele>511.2</ele><time>2022-09-03T18:12:09Z</time></trkpt>
<trkpt lat="37.082546" lon="-121.853400"><ele>510.9</ele><time>2022-09-03T18:12:11Z</time></trkpt>
<trkpt lat="37.082443" lon="-121.853183"><ele>510.5</ele><time>2022-09-03T18:12:14Z</time></trkpt>
<trkpt lat="37.082361" lon="-121.852867"><ele>510.2</ele><time>2022-09-03T18:12:19Z</time></trkpt>
<trkpt lat="37.082260" lon="-121.852737"><ele>510.2</ele><time>2022-09-03T18:12:21Z</time></trkpt>
<trkpt lat="37.082167" lon="-121.852403"><ele>510.3</ele><time>2022-09-03T18:12:27Z</time></trkpt>
<trkpt lat="37.082062" lon="-121.852311"><ele>510.2</ele><time>2022-09-03T18:12:29Z</time></trkpt>
<trkpt lat="37.081984" lon="-121.852150"><ele>509.9</ele><time>2022-09-03T18:12:32Z</time></trkpt>
<trkpt lat="37.081988" lon="-121.852241"><ele>509.8</ele><time>2022-09-03T18:12:33Z</time></trkpt>
<trkpt lat="37.081964" lon="-121.852045"><ele>509.6</ele><time>2022-09-03T18:12:37Z</time></trkpt>
<trkpt lat="37.081810" lon="-121.851899"><ele>509.3</ele><time>2022-09-03T18:12:45Z</time></trkpt>
<trkpt lat="37.081828" lon="-121.851871"><ele>509.3</ele><time>2022-09-03T18:12:46Z</time></trkpt>
<trkpt lat="37.081758" lon="-121.851788"><ele>509.2</ele><time>2022-09-03T18:12:48Z</time></trkpt>
<trkpt lat="37.081804" lon="-121.851626"><ele>509.2</ele><time>2022-09-03T18:12:51Z</time></trkpt>
<trkpt lat="37.081729" lon="-121.851566"><ele>509.2</ele><time>2022-09-03T18:12:52Z</time></trkpt>
<trkpt lat="37.081785" lon="-121.851202"><ele>502.9</ele><time>2022-09-03T18:12:59Z</time></trkpt>
<trkpt lat="37.081803" lon="-121.851155"><ele>502.9</ele><time>2022-09-03T18:13:00Z</time></trkpt>
<trkpt lat="37.081864" lon="-121.851128"><ele>502.9</ele><time>2022-09-03T18:13:02Z</time></trkpt>
<trkpt lat="37.082124" lon="-121.851347"><ele>499.0</ele><time>2022-09-03T18:13:08Z</time></trkpt>
<trkpt lat="37.082241" lon="-121.851354"><ele>496.2</ele><time>2022-09-03T18:13:09Z</time></trkpt>
<trkpt lat="37.082350" lon="-121.851400"><ele>495.8</ele><time>2022-09-03T18:13:11Z</time></trkpt>
<trkpt lat="37.082385" lon="-121.851428"><ele>498.4</ele><time>2022-09-03T18:13:12Z</time></trkpt>
<trkpt lat="37.082347" lon="-121.851526"><ele>498.4</ele><time>2022-09-03T18:13:13Z</time></trkpt>
<trkpt lat="37.082541" lon="-121.851542"><ele>497.6</ele><time>2022-09-03T18:13:16Z</time></trkpt>
<trkpt lat="37.082586" lon="-121.851568"><ele>501.6</ele><time>2022-09-03T18:13:17Z</time></trkpt>
<trkpt lat="37.082640" lon="-121.851641"><ele>498.6</ele><time>2022-09-03T18:13:19Z</time></trkpt>
<trkpt lat="37.082672" lon="-121.851521"><ele>501.6</ele><time>2022-09-03T18:13:24Z</time></trkpt>
<trkpt lat="37.082630" lon="-121.851514"><ele>501.6</ele><time>2022-09-03T18:13:30Z</time></trkpt>
<trkpt lat="37.082585" lon="-121.851583"><ele>501.6</ele><time>2022-09-03T18:13:33Z</time></trkpt>
</trkseg></trk>
</gpx>
