<?xml version="1.0" encoding="UTF-8"?>
<gpx version="1.1" creator="Eric Sichak trip reports" xmlns="http://www.topografix.com/GPX/1/1">
<metadata><name>Sunrise Ride Before a Half Day of Work</name><time>2022-06-20T12:45:53Z</time></metadata>
<trk><name>Sunrise Ride Before a Half Day of Work</name><type>mtb</type><trkseg>
<trkpt lat="37.082259" lon="-121.851318"><ele>501.1</ele><time>2022-06-20T12:45:53Z</time></trkpt>
<trkpt lat="37.082308" lon="-121.851373"><ele>501.2</ele><time>2022-06-20T12:45:54Z</time></trkpt>
<trkpt lat="37.082373" lon="-121.851365"><ele>501.3</ele><time>2022-06-20T12:45:56Z</time></trkpt>
<trkpt lat="37.082323" lon="-121.851289"><ele>501.4</ele><time>2022-06-20T12:45:58Z</time></trkpt>
<trkpt lat="37.082304" lon="-121.851094"><ele>501.7</ele><time>2022-06-20T12:50:57Z</time></trkpt>
<trkpt lat="37.082063" lon="-121.850787"><ele>502.2</ele><time>2022-06-20T12:51:06Z</time></trkpt>
<trkpt lat="37.081972" lon="-121.850759"><ele>503.1</ele><time>2022-06-20T12:51:10Z</time></trkpt>
<trkpt lat="37.081999" lon="-121.850827"><ele>503.3</ele><time>2022-06-20T12:51:13Z</time></trkpt>
<trkpt lat="37.082032" lon="-121.850804"><ele>503.5</ele><time>2022-06-20T12:51:16Z</time></trkpt>
<trkpt lat="37.082043" lon="-121.850843"><ele>503.6</ele><time>2022-06-20T12:51:18Z</time></trkpt>
<trkpt lat="37.082008" lon="-121.850950"><ele>503.9</ele><time>2022-06-20T12:51:21Z</time></trkpt>
<trkpt lat="37.081743" lon="-121.850991"><ele>508.0</ele><time>2022-06-20T12:51:28Z</time></trkpt>
<trkpt lat="37.081703" lon="-121.851314"><ele>508.8</ele><time>2022-06-20T12:51:41Z</time></trkpt>
<trkpt lat="37.081723" lon="-121.851392"><ele>509.0</ele><time>2022-06-20T12:51:43Z</time></trkpt>
<trkpt lat="37.081893" lon="-121.851694"><ele>509.2</ele><time>2022-06-20T12:51:54Z</time></trkpt>
<trkpt lat="37.082067" lon="-121.852098"><ele>509.7</ele><time>2022-06-20T12:52:00Z</time></trkpt>
<trkpt lat="37.082214" lon="-121.852235"><ele>510.0</ele><time>2022-06-20T12:52:04Z</time></trkpt>
<trkpt lat="37.082211" lon="-121.852311"><ele>510.1</ele><time>2022-06-20T12:52:06Z</time></trkpt>
<trkpt lat="37.082275" lon="-121.852415"><ele>510.3</ele><time>2022-06-20T12:52:08Z</time></trkpt>
<trkpt lat="37.082337" lon="-121.852612"><ele>510.3</ele><time>2022-06-20T12:52:11Z</time></trkpt>
<trkpt lat="37.082485" lon="-121.852808"><ele>510.1</ele><time>2022-06-20T12:52:21Z</time></trkpt>
<trkpt lat="37.082510" lon="-121.852936"><ele>510.2</ele><time>2022-06-20T12:52:25Z</time></trkpt>
<trkpt lat="37.082579" lon="-121.853046"><ele>510.4</ele><time>2022-06-20T12:52:29Z</time></trkpt>
<trkpt lat="37.082551" lon="-121.853104"><ele>510.6</ele><time>2022-06-20T12:52:30Z</time></trkpt>
<trkpt lat="37.082795" lon="-121.853733"><ele>511.1</ele><time>2022-06-20T12:52:52Z</time></trkpt>
<trkpt lat="37.083099" lon="-121.854310"><ele>510.9</ele><time>2022-06-20T12:53:11Z</time></trkpt>
<trkpt lat="37.083381" lon="-121.855154"><ele>511.0</ele><time>2022-06-20T12:53:25Z</time></trkpt>
<trkpt lat="37.083481" lon="-121.855540"><ele>511.6</ele><time>2022-06-20T12:53:30Z</time></trkpt>
<trkpt lat="37.083564" lon="-121.856652"><ele>516.0</ele><time>2022-06-20T12:53:44Z</time></trkpt>
<trkpt lat="37.083654" lon="-121.857265"><ele>517.5</ele><time>2022-06-20T12:53:57Z</time></trkpt>
<trkpt lat="37.083651" lon="-121.857430"><ele>517.8</ele><time>2022-06-20T12:54:01Z</time></trkpt>
<trkpt lat="37.083748" lon="-121.857918"><ele>518.5</ele><time>2022-06-20T12:54:14Z</time></trkpt>
<trkpt lat="37.083786" lon="-121.858291"><ele>518.8</ele><time>2022-06-20T12:54:21Z</time></trkpt>
<trkpt lat="37.083759" lon="-121.858827"><ele>519.6</ele><time>2022-06-20T12:54:33Z</time></trkpt>
<trkpt lat="37.083783" lon="-121.859010"><ele>519.8</ele><time>2022-06-20T12:54:37Z</time></trkpt>
<trkpt lat="37.083867" lon="-121.859226"><ele>520.0</ele><time>2022-06-20T12:54:44Z</time></trkpt>
<trkpt lat="37.083869" lon="-121.859274"><ele>520.1</ele><time>2022-06-20T12:54:45Z</time></trkpt>
<trkpt lat="37.083797" lon="-121.859379"><ele>520.2</ele><time>2022-06-20T12:54:47Z</time></trkpt>
<trkpt lat="37.083806" lon="-121.859474"><ele>520.2</ele><time>2022-06-20T12:54:50Z</time></trkpt>
<trkpt lat="37.083880" lon="-121.859785"><ele>520.4</ele><time>2022-06-20T12:54:58Z</time></trkpt>
<trkpt lat="37.083937" lon="-121.859835"><ele>520.4</ele><time>2022-06-20T12:55:01Z</time></trkpt>
<trkpt lat="37.084050" lon="-121.860050"><ele>520.7</ele><time>2022-06-20T12:55:09Z</time></trkpt>
<trkpt lat="37.084055" lon="-121.860160"><ele>520.9</ele><time>2022-06-20T12:55:13Z</time></trkpt>
<trkpt lat="37.084019" lon="-121.860223"><ele>521.1</ele><time>2022-06-20T12:55:16Z</time></trkpt>
<trkpt lat="37.084328" lon="-121.861872"><ele>522.3</ele><time>2022-06-20T12:55:18Z</time></trkpt>
<trkpt lat="37.084409" lon="-121.861895"><ele>522.4</ele><time>2022-06-20T12:55:21Z</time></trkpt>
<trkpt lat="37.084384" lon="-121.862177"><ele>523.0</ele><time>2022-06-20T12:55:26Z</time></trkpt>
<trkpt lat="37.084440" lon="-121.862303"><ele>523.3</ele><time>2022-06-20T12:55:28Z</time></trkpt>
<trkpt lat="37.084515" lon="-121.862351"><ele>523.7</ele><time>2022-06-20T12:55:31Z</time></trkpt>
<trkpt lat="37.084515" lon="-121.862399"><ele>523.9</ele><time>2022-06-20T12:55:32Z</time></trkpt>
<trkpt lat="37.084590" lon="-121.862466"><ele>524.3</ele><time>2022-06-20T12:55:33Z</time></trkpt>
<trkpt lat="37.084563" lon="-121.862757"><ele>525.4</ele><time>2022-06-20T12:55:36Z</time></trkpt>
<trkpt lat="37.084503" lon="-121.862991"><ele>526.1</ele><time>2022-06-20T12:55:37Z</time></trkpt>
<trkpt lat="37.084519" lon="-121.863087"><ele>526.2</ele><time>2022-06-20T12:55:38Z</time></trkpt>
<trkpt lat="37.084601" lon="-121.863271"><ele>526.2</ele><time>2022-06-20T12:55:40Z</time></trkpt>
<trkpt lat="37.084644" lon="-121.863314"><ele>526.1</ele><time>2022-06-20T12:55:41Z</time></trkpt>
<trkpt lat="37.084568" lon="-121.863096"><ele>525.5</ele><time>2022-06-20T12:55:43Z</time></trkpt>
<trkpt lat="37.084604" lon="-121.863187"><ele>525.2</ele><time>2022-06-20T12:55:45Z</time></trkpt>
<trkpt lat="37.084735" lon="-121.863274"><ele>524.6</ele><time>2022-06-20T12:55:47Z</time></trkpt>
<trkpt lat="37.084806" lon="-121.863414"><ele>524.1</ele><time>2022-06-20T12:55:49Z</time></trkpt>
<trkpt lat="37.084748" lon="-121.863579"><ele>523.5</ele><time>2022-06-20T12:55:51Z</time></trkpt>
<trkpt lat="37.084705" lon="-121.863870"><ele>522.2</ele><time>2022-06-20T12:55:52Z</time></trkpt>
<trkpt lat="37.084729" lon="-121.863938"><ele>521.8</ele><time>2022-06-20T12:55:53Z</time></trkpt>
<trkpt lat="37.084720" lon="-121.864082"><ele>520.9</ele><time>2022-06-20T12:55:54Z</time></trkpt>
<trkpt lat="37.084764" lon="-121.864170"><ele>520.3</ele><time>2022-06-20T12:55:55Z</time></trkpt>
<trkpt lat="37.084987" lon="-121.864258"><ele>518.7</ele><time>2022-06-20T12:55:58Z</time></trkpt>
<trkpt lat="37.085017" lon="-121.864337"><ele>518.3</ele><time>2022-06-20T12:55:59Z</time></trkpt>
<trkpt lat="37.085095" lon="-121.864383"><ele>517.8</ele><time>2022-06-20T12:56:01Z</time></trkpt>
<trkpt lat="37.085144" lon="-121.864622"><ele>516.6</ele><time>2022-06-20T12:56:05Z</time></trkpt>
<trkpt lat="37.085096" lon="-121.864852"><ele>515.3</ele><time>2022-06-20T12:56:07Z</time></trkpt>
<trkpt lat="37.085140" lon="-121.864980"><ele>514.6</ele><time>2022-06-20T12:56:10Z</time></trkpt>
<trkpt lat="37.085100" lon="-121.864966"><ele>514.3</ele><time>2022-06-20T12:56:11Z</time></trkpt>
<trkpt lat="37.085066" lon="-121.865030"><ele>514.0</ele><time>2022-06-20T12:56:15Z</time></trkpt>
<trkpt lat="37.085101" lon="-121.865102"><ele>513.6</ele><time>2022-06-20T12:56:16Z</time></trkpt>
<trkpt lat="37.085101" lon="-121.865274"><ele>512.8</ele><time>2022-06-20T12:56:17Z</time></trkpt>
<trkpt lat="37.084962" lon="-121.865322"><ele>512.1</ele><time>2022-06-20T12:56:18Z</time></trkpt>
<trkpt lat="37.085123" lon="-121.865367"><ele>511.1</ele><time>2022-06-20T12:56:19Z</time></trkpt>
<trkpt lat="37.085170" lon="-121.865493"><ele>510.4</ele><time>2022-06-20T12:56:20Z</time></trkpt>
<trkpt lat="37.085224" lon="-121.865530"><ele>510.0</ele><time>2022-06-20T12:56:21Z</time></trkpt>
<trkpt lat="37.085863" lon="-121.867224"><ele>502.3</ele><time>2022-06-20T12:56:23Z</time></trkpt>
<trkpt lat="37.085977" lon="-121.867677"><ele>499.0</ele><time>2022-06-20T12:56:26Z</time></trkpt>
<trkpt lat="37.085963" lon="-121.867829"><ele>498.2</ele><time>2022-06-20T12:56:27Z</time></trkpt>
<trkpt lat="37.086001" lon="-121.868485"><ele>495.7</ele><time>2022-06-20T12:56:32Z</time></trkpt>
<trkpt lat="37.085953" lon="-121.868760"><ele>494.0</ele><time>2022-06-20T12:56:34Z</time></trkpt>
<trkpt lat="37.085780" lon="-121.869145"><ele>491.0</ele><time>2022-06-20T12:56:36Z</time></trkpt>
<trkpt lat="37.085777" lon="-121.869448"><ele>489.0</ele><time>2022-06-20T12:56:38Z</time></trkpt>
<trkpt lat="37.085868" lon="-121.869715"><ele>487.2</ele><time>2022-06-20T12:56:40Z</time></trkpt>
<trkpt lat="37.085861" lon="-121.869834"><ele>486.4</ele><time>2022-06-20T12:56:42Z</time></trkpt>
<trkpt lat="37.086132" lon="-121.870025"><ele>484.3</ele><time>2022-06-20T12:56:43Z</time></trkpt>
<trkpt lat="37.086309" lon="-121.870319"><ele>482.7</ele><time>2022-06-20T12:56:47Z</time></trkpt>
<trkpt lat="37.086301" lon="-121.870418"><ele>482.2</ele><time>2022-06-20T12:56:48Z</time></trkpt>
<trkpt lat="37.086395" lon="-121.870613"><ele>480.8</ele><time>2022-06-20T12:56:49Z</time></trkpt>
<trkpt lat="37.086474" lon="-121.870683"><ele>480.1</ele><time>2022-06-20T12:56:50Z</time></trkpt>
<trkpt lat="37.086618" lon="-121.870739"><ele>478.9</ele><time>2022-06-20T12:56:52Z</time></trkpt>
<trkpt lat="37.086724" lon="-121.870916"><ele>477.8</ele><time>2022-06-20T12:56:54Z</time></trkpt>
<trkpt lat="37.086913" lon="-121.871407"><ele>475.7</ele><time>2022-06-20T12:56:58Z</time></trkpt>
<trkpt lat="37.087086" lon="-121.872353"><ele>472.3</ele><time>2022-06-20T12:57:07Z</time></trkpt>
<trkpt lat="37.087170" lon="-121.872441"><ele>471.8</ele><time>2022-06-20T12:57:08Z</time></trkpt>
<trkpt lat="37.087289" lon="-121.872801"><ele>470.6</ele><time>2022-06-20T12:57:12Z</time></trkpt>
<trkpt lat="37.087417" lon="-121.873454"><ele>468.9</ele><time>2022-06-20T12:57:19Z</time></trkpt>
<trkpt lat="37.087472" lon="-121.873514"><ele>468.5</ele><time>2022-06-20T12:57:20Z</time></trkpt>
<trkpt lat="37.087521" lon="-121.873755"><ele>467.2</ele><time>2022-06-20T12:57:22Z</time></trkpt>
<trkpt lat="37.087713" lon="-121.874183"><ele>464.2</ele><time>2022-06-20T12:57:24Z</time></trkpt>
<trkpt lat="37.087685" lon="-121.874225"><ele>463.9</ele><time>2022-06-20T12:57:25Z</time></trkpt>
<trkpt lat="37.087705" lon="-121.874344"><ele>463.5</ele><time>2022-06-20T12:57:26Z</time></trkpt>
<trkpt lat="37.087776" lon="-121.874426"><ele>463.1</ele><time>2022-06-20T12:57:27Z</time></trkpt>
<trkpt lat="37.087857" lon="-121.874722"><ele>461.8</ele><time>2022-06-20T12:57:30Z</time></trkpt>
<trkpt lat="37.088004" lon="-121.875093"><ele>460.0</ele><time>2022-06-20T12:57:34Z</time></trkpt>
<trkpt lat="37.088099" lon="-121.875125"><ele>459.8</ele><time>2022-06-20T12:57:36Z</time></trkpt>
<trkpt lat="37.088134" lon="-121.875284"><ele>459.7</ele><time>2022-06-20T12:57:37Z</time></trkpt>
<trkpt lat="37.088243" lon="-121.875511"><ele>459.4</ele><time>2022-06-20T12:57:39Z</time></trkpt>
<trkpt lat="37.088295" lon="-121.875747"><ele>458.8</ele><time>2022-06-20T12:57:42Z</time></trkpt>
<trkpt lat="37.088252" lon="-121.875994"><ele>457.9</ele><time>2022-06-20T12:57:44Z</time></trkpt>
<trkpt lat="37.088149" lon="-121.876127"><ele>457.3</ele><time>2022-06-20T12:57:45Z</time></trkpt>
<trkpt lat="37.088167" lon="-121.876210"><ele>457.2</ele><time>2022-06-20T12:57:46Z</time></trkpt>
<trkpt lat="37.088013" lon="-121.876754"><ele>455.0</ele><time>2022-06-20T12:57:52Z</time></trkpt>
<trkpt lat="37.088021" lon="-121.876962"><ele>454.0</ele><time>2022-06-20T12:57:54Z</time></trkpt>
<trkpt lat="37.088103" lon="-121.877151"><ele>453.5</ele><time>2022-06-20T12:57:56Z</time></trkpt>
<trkpt lat="37.088087" lon="-121.877564"><ele>453.1</ele><time>2022-06-20T12:58:01Z</time></trkpt>
<trkpt lat="37.088126" lon="-121.877667"><ele>452.7</ele><time>2022-06-20T12:58:02Z</time></trkpt>
<trkpt lat="37.088018" lon="-121.878214"><ele>449.0</ele><time>2022-06-20T12:58:06Z</time></trkpt>
<trkpt lat="37.088023" lon="-121.878535"><ele>447.5</ele><time>2022-06-20T12:58:09Z</time></trkpt>
<trkpt lat="37.088051" lon="-121.878631"><ele>447.3</ele><time>2022-06-20T12:58:10Z</time></trkpt>
<trkpt lat="37.087983" lon="-121.878749"><ele>447.0</ele><time>2022-06-20T12:58:11Z</time></trkpt>
<trkpt lat="37.087988" lon="-121.878984"><ele>446.5</ele><time>2022-06-20T12:58:14Z</time></trkpt>
<trkpt lat="37.088080" lon="-121.879100"><ele>446.2</ele><time>2022-06-20T12:58:16Z</time></trkpt>
<trkpt lat="37.088074" lon="-121.879175"><ele>446.1</ele><time>2022-06-20T12:58:17Z</time></trkpt>
<trkpt lat="37.088217" lon="-121.879114"><ele>446.0</ele><time>2022-06-20T12:58:18Z</time></trkpt>
<trkpt lat="37.088399" lon="-121.879168"><ele>446.0</ele><time>2022-06-20T12:58:20Z</time></trkpt>
<trkpt lat="37.088327" lon="-121.879184"><ele>445.9</ele><time>2022-06-20T12:58:21Z</time></trkpt>
<trkpt lat="37.088303" lon="-121.879225"><ele>445.8</ele><time>2022-06-20T12:58:22Z</time></trkpt>
<trkpt lat="37.088354" lon="-121.879389"><ele>445.2</ele><time>2022-06-20T12:58:25Z</time></trkpt>
<trkpt lat="37.088328" lon="-121.879607"><ele>444.4</ele><time>2022-06-20T12:58:26Z</time></trkpt>
<trkpt lat="37.088460" lon="-121.879855"><ele>443.3</ele><time>2022-06-20T12:58:28Z</time></trkpt>
<trkpt lat="37.088640" lon="-121.880010"><ele>442.0</ele><time>2022-06-20T12:58:30Z</time></trkpt>
<trkpt lat="37.088738" lon="-121.880249"><ele>440.8</ele><time>2022-06-20T12:58:33Z</time></trkpt>
<trkpt lat="37.088945" lon="-121.880525"><ele>440.0</ele><time>2022-06-20T12:58:38Z</time></trkpt>
<trkpt lat="37.088953" lon="-121.880641"><ele>439.7</ele><time>2022-06-20T12:58:39Z</time></trkpt>
<trkpt lat="37.089142" lon="-121.881126"><ele>437.3</ele><time>2022-06-20T12:58:42Z</time></trkpt>
<trkpt lat="37.089199" lon="-121.881386"><ele>435.0</ele><time>2022-06-20T12:58:44Z</time></trkpt>
<trkpt lat="37.089211" lon="-121.881636"><ele>432.9</ele><time>2022-06-20T12:58:46Z</time></trkpt>
<trkpt lat="37.089316" lon="-121.881879"><ele>430.8</ele><time>2022-06-20T12:58:48Z</time></trkpt>
<trkpt lat="37.089452" lon="-121.882091"><ele>429.4</ele><time>2022-06-20T12:58:50Z</time></trkpt>
<trkpt lat="37.089625" lon="-121.882280"><ele>428.4</ele><time>2022-06-20T12:58:52Z</time></trkpt>
<trkpt lat="37.089837" lon="-121.882673"><ele>426.7</ele><time>2022-06-20T12:58:56Z</time></trkpt>
<trkpt lat="37.089802" lon="-121.883031"><ele>425.5</ele><time>2022-06-20T12:59:00Z</time></trkpt>
<trkpt lat="37.089772" lon="-121.883101"><ele>425.1</ele><time>2022-06-20T12:59:01Z</time></trkpt>
<trkpt lat="37.089511" lon="-121.883321"><ele>423.0</ele><time>2022-06-20T12:59:03Z</time></trkpt>
<trkpt lat="37.089122" lon="-121.883555"><ele>419.4</ele><time>2022-06-20T12:59:09Z</time></trkpt>
<trkpt lat="37.089078" lon="-121.883628"><ele>418.7</ele><time>2022-06-20T12:59:10Z</time></trkpt>
<trkpt lat="37.089060" lon="-121.883825"><ele>417.4</ele><time>2022-06-20T12:59:13Z</time></trkpt>
<trkpt lat="37.088982" lon="-121.884009"><ele>416.0</ele><time>2022-06-20T12:59:16Z</time></trkpt>
<trkpt lat="37.089071" lon="-121.884193"><ele>414.8</ele><time>2022-06-20T12:59:18Z</time></trkpt>
<trkpt lat="37.089144" lon="-121.884494"><ele>413.4</ele><time>2022-06-20T12:59:20Z</time></trkpt>
<trkpt lat="37.089215" lon="-121.884614"><ele>412.9</ele><time>2022-06-20T12:59:21Z</time></trkpt>
<trkpt lat="37.089208" lon="-121.884773"><ele>412.4</ele><time>2022-06-20T12:59:22Z</time></trkpt>
<trkpt lat="37.089294" lon="-121.885063"><ele>411.4</ele><time>2022-06-20T12:59:25Z</time></trkpt>
<trkpt lat="37.089364" lon="-121.885129"><ele>410.9</ele><time>2022-06-20T12:59:26Z</time></trkpt>
<trkpt lat="37.089387" lon="-121.885479"><ele>408.9</ele><time>2022-06-20T12:59:30Z</time></trkpt>
<trkpt lat="37.089266" lon="-121.885623"><ele>408.0</ele><time>2022-06-20T12:59:32Z</time></trkpt>
<trkpt lat="37.089261" lon="-121.885697"><ele>407.7</ele><time>2022-06-20T12:59:33Z</time></trkpt>
<trkpt lat="37.089393" lon="-121.885775"><ele>407.1</ele><time>2022-06-20T12:59:35Z</time></trkpt>
<trkpt lat="37.089435" lon="-121.885974"><ele>406.7</ele><time>2022-06-20T12:59:37Z</time></trkpt>
<trkpt lat="37.089537" lon="-121.886171"><ele>406.3</ele><time>2022-06-20T12:59:40Z</time></trkpt>
<trkpt lat="37.089434" lon="-121.886132"><ele>406.2</ele><time>2022-06-20T12:59:41Z</time></trkpt>
<trkpt lat="37.089613" lon="-121.886055"><ele>406.1</ele><time>2022-06-20T12:59:42Z</time></trkpt>
<trkpt lat="37.089742" lon="-121.886058"><ele>406.2</ele><time>2022-06-20T12:59:45Z</time></trkpt>
<trkpt lat="37.089747" lon="-121.886200"><ele>406.2</ele><time>2022-06-20T12:59:46Z</time></trkpt>
<trkpt lat="37.089948" lon="-121.886716"><ele>407.1</ele><time>2022-06-20T12:59:53Z</time></trkpt>
<trkpt lat="37.089887" lon="-121.886868"><ele>407.3</ele><time>2022-06-20T12:59:55Z</time></trkpt>
<trkpt lat="37.089863" lon="-121.887094"><ele>407.5</ele><time>2022-06-20T12:59:59Z</time></trkpt>
<trkpt lat="37.089899" lon="-121.887240"><ele>408.0</ele><time>2022-06-20T13:00:02Z</time></trkpt>
<trkpt lat="37.089867" lon="-121.887274"><ele>408.1</ele><time>2022-06-20T13:00:03Z</time></trkpt>
<trkpt lat="37.089874" lon="-121.887420"><ele>408.6</ele><time>2022-06-20T13:00:04Z</time></trkpt>
<trkpt lat="37.090085" lon="-121.887526"><ele>409.6</ele><time>2022-06-20T13:00:08Z</time></trkpt>
<trkpt lat="37.090123" lon="-121.887610"><ele>410.0</ele><time>2022-06-20T13:00:11Z</time></trkpt>
<trkpt lat="37.090202" lon="-121.887502"><ele>410.7</ele><time>2022-06-20T13:00:17Z</time></trkpt>
<trkpt lat="37.090280" lon="-121.887523"><ele>411.2</ele><time>2022-06-20T13:00:18Z</time></trkpt>
<trkpt lat="37.090363" lon="-121.887615"><ele>411.7</ele><time>2022-06-20T13:00:20Z</time></trkpt>
<trkpt lat="37.090425" lon="-121.887620"><ele>412.0</ele><time>2022-06-20T13:00:22Z</time></trkpt>
<trkpt lat="37.090533" lon="-121.887743"><ele>412.5</ele><time>2022-06-20T13:00:26Z</time></trkpt>
<trkpt lat="37.090602" lon="-121.887704"><ele>412.7</ele><time>2022-06-20T13:00:27Z</time></trkpt>
<trkpt lat="37.090733" lon="-121.887761"><ele>413.1</ele><time>2022-06-20T13:00:30Z</time></trkpt>
<trkpt lat="37.090764" lon="-121.887714"><ele>413.2</ele><time>2022-06-20T13:00:31Z</time></trkpt>
<trkpt lat="37.090842" lon="-121.887823"><ele>413.4</ele><time>2022-06-20T13:00:33Z</time></trkpt>
<trkpt lat="37.090880" lon="-121.888039"><ele>413.7</ele><time>2022-06-20T13:00:37Z</time></trkpt>
<trkpt lat="37.090936" lon="-121.888148"><ele>413.8</ele><time>2022-06-20T13:00:42Z</time></trkpt>
<trkpt lat="37.090916" lon="-121.888319"><ele>413.9</ele><time>2022-06-20T13:00:45Z</time></trkpt>
<trkpt lat="37.090946" lon="-121.888501"><ele>413.9</ele><time>2022-06-20T13:00:48Z</time></trkpt>
<trkpt lat="37.090919" lon="-121.888610"><ele>413.8</ele><time>2022-06-20T13:00:50Z</time></trkpt>
<trkpt lat="37.090845" lon="-121.888692"><ele>413.6</ele><time>2022-06-20T13:00:52Z</time></trkpt>
<trkpt lat="37.090651" lon="-121.889042"><ele>412.7</ele><time>2022-06-20T13:00:58Z</time></trkpt>
<trkpt lat="37.090469" lon="-121.889182"><ele>412.8</ele><time>2022-06-20T13:01:01Z</time></trkpt>
<trkpt lat="37.090431" lon="-121.889157"><ele>412.8</ele><time>2022-06-20T13:01:02Z</time></trkpt>
<trkpt lat="37.090242" lon="-121.889176"><ele>413.2</ele><time>2022-06-20T13:01:06Z</time></trkpt>
<trkpt lat="37.090000" lon="-121.888973"><ele>413.3</ele><time>2022-06-20T13:01:13Z</time></trkpt>
<trkpt lat="37.089685" lon="-121.888961"><ele>414.6</ele><time>2022-06-20T13:01:18Z</time></trkpt>
<trkpt lat="37.089601" lon="-121.889023"><ele>415.4</ele><time>2022-06-20T13:01:21Z</time></trkpt>
<trkpt lat="37.089555" lon="-121.888965"><ele>415.9</ele><time>2022-06-20T13:01:23Z</time></trkpt>
<trkpt lat="37.089506" lon="-121.888959"><ele>416.5</ele><time>2022-06-20T13:01:25Z</time></trkpt>
<trkpt lat="37.089476" lon="-121.888853"><ele>417.2</ele><time>2022-06-20T13:01:27Z</time></trkpt>
<trkpt lat="37.089420" lon="-121.888923"><ele>417.8</ele><time>2022-06-20T13:01:29Z</time></trkpt>
<trkpt lat="37.089240" lon="-121.888911"><ele>418.9</ele><time>2022-06-20T13:01:35Z</time></trkpt>
<trkpt lat="37.089331" lon="-121.889031"><ele>419.7</ele><time>2022-06-20T13:01:38Z</time></trkpt>
<trkpt lat="37.089237" lon="-121.889046"><ele>420.3</ele><time>2022-06-20T13:01:41Z</time></trkpt>
<trkpt lat="37.089171" lon="-121.888994"><ele>420.7</ele><time>2022-06-20T13:01:43Z</time></trkpt>
<trkpt lat="37.089211" lon="-121.888974"><ele>421.0</ele><time>2022-06-20T13:01:47Z</time></trkpt>
<trkpt lat="37.089043" lon="-121.889093"><ele>422.1</ele><time>2022-06-20T13:01:54Z</time></trkpt>
<trkpt lat="37.088798" lon="-121.889131"><ele>423.2</ele><time>2022-06-20T13:02:05Z</time></trkpt>
<trkpt lat="37.088756" lon="-121.889038"><ele>423.5</ele><time>2022-06-20T13:02:07Z</time></trkpt>
<trkpt lat="37.088849" lon="-121.889068"><ele>423.9</ele><time>2022-06-20T13:02:09Z</time></trkpt>
<trkpt lat="37.088832" lon="-121.889039"><ele>424.0</ele><time>2022-06-20T13:02:10Z</time></trkpt>
<trkpt lat="37.088684" lon="-121.889070"><ele>424.5</ele><time>2022-06-20T13:02:13Z</time></trkpt>
<trkpt lat="37.088580" lon="-121.888996"><ele>425.0</ele><time>2022-06-20T13:02:41Z</time></trkpt>
<trkpt lat="37.088559" lon="-121.888911"><ele>425.3</ele><time>2022-06-20T13:02:43Z</time></trkpt>
<trkpt lat="37.088439" lon="-121.888806"><ele>426.0</ele><time>2022-06-20T13:02:47Z</time></trkpt>
<trkpt lat="37.088200" lon="-121.888699"><ele>427.3</ele><time>2022-06-20T13:02:56Z</time></trkpt>
<trkpt lat="37.088099" lon="-121.888693"><ele>427.8</ele><time>2022-06-20T13:02:59Z</time></trkpt>
<trkpt lat="37.088012" lon="-121.888531"><ele>428.8</ele><time>2022-06-20T13:03:03Z</time></trkpt>
<trkpt lat="37.087946" lon="-121.888525"><ele>429.2</ele><time>2022-06-20T13:03:04Z</time></trkpt>
<trkpt lat="37.087851" lon="-121.888419"><ele>429.9</ele><time>2022-06-20T13:03:08Z</time></trkpt>
<trkpt lat="37.087771" lon="-121.888521"><ele>430.6</ele><time>2022-06-20T13:03:10Z</time></trkpt>
<trkpt lat="37.087088" lon="-121.888638"><ele>436.2</ele><time>2022-06-20T13:03:46Z</time></trkpt>
<trkpt lat="37.086740" lon="-121.888653"><ele>438.9</ele><time>2022-06-20T13:04:04Z</time></trkpt>
<trkpt lat="37.086381" lon="-121.888761"><ele>441.9</ele><time>2022-06-20T13:04:24Z</time></trkpt>
<trkpt lat="37.086061" lon="-121.888509"><ele>445.7</ele><time>2022-06-20T13:04:41Z</time></trkpt>
<trkpt lat="37.086082" lon="-121.888451"><ele>446.2</ele><time>2022-06-20T13:04:42Z</time></trkpt>
<trkpt lat="37.086012" lon="-121.888332"><ele>447.2</ele><time>2022-06-20T13:04:49Z</time></trkpt>
<trkpt lat="37.086001" lon="-121.888249"><ele>447.8</ele><time>2022-06-20T13:04:53Z</time></trkpt>
<trkpt lat="37.085885" lon="-121.888183"><ele>448.9</ele><time>2022-06-20T13:04:59Z</time></trkpt>
<trkpt lat="37.085897" lon="-121.888099"><ele>449.6</ele><time>2022-06-20T13:05:01Z</time></trkpt>
<trkpt lat="37.085956" lon="-121.888065"><ele>450.1</ele><time>2022-06-20T13:05:03Z</time></trkpt>
<trkpt lat="37.085919" lon="-121.887905"><ele>451.3</ele><time>2022-06-20T13:05:08Z</time></trkpt>
<trkpt lat="37.085924" lon="-121.887772"><ele>452.2</ele><time>2022-06-20T13:05:14Z</time></trkpt>
<trkpt lat="37.085975" lon="-121.887667"><ele>453.1</ele><time>2022-06-20T13:05:17Z</time></trkpt>
<trkpt lat="37.086031" lon="-121.887671"><ele>453.7</ele><time>2022-06-20T13:05:19Z</time></trkpt>
<trkpt lat="37.086060" lon="-121.887606"><ele>454.3</ele><time>2022-06-20T13:05:22Z</time></trkpt>
<trkpt lat="37.085901" lon="-121.887547"><ele>456.1</ele><time>2022-06-20T13:05:25Z</time></trkpt>
<trkpt lat="37.085782" lon="-121.887412"><ele>457.9</ele><time>2022-06-20T13:05:33Z</time></trkpt>
<trkpt lat="37.085813" lon="-121.887374"><ele>458.6</ele><time>2022-06-20T13:05:36Z</time></trkpt>
<trkpt lat="37.085830" lon="-121.887404"><ele>458.9</ele><time>2022-06-20T13:05:37Z</time></trkpt>
<trkpt lat="37.085778" lon="-121.887388"><ele>459.6</ele><time>2022-06-20T13:05:39Z</time></trkpt>
<trkpt lat="37.085789" lon="-121.887411"><ele>459.9</ele><time>2022-06-20T13:05:41Z</time></trkpt>
<trkpt lat="37.085774" lon="-121.887363"><ele>460.4</ele><time>2022-06-20T13:05:42Z</time></trkpt>
<trkpt lat="37.085831" lon="-121.887353"><ele>461.1</ele><time>2022-06-20T13:05:44Z</time></trkpt>
<trkpt lat="37.085803" lon="-121.887350"><ele>461.5</ele><time>2022-06-20T13:05:46Z</time></trkpt>
<trkpt lat="37.085699" lon="-121.887686"><ele>465.1</ele><time>2022-06-20T13:06:21Z</time></trkpt>
<trkpt lat="37.085741" lon="-121.887734"><ele>466.4</ele><time>2022-06-20T13:06:26Z</time></trkpt>
<trkpt lat="37.085689" lon="-121.887727"><ele>467.0</ele><time>2022-06-20T13:06:27Z</time></trkpt>
<trkpt lat="37.085613" lon="-121.887837"><ele>468.9</ele><time>2022-06-20T13:06:38Z</time></trkpt>
<trkpt lat="37.085548" lon="-121.887865"><ele>469.7</ele><time>2022-06-20T13:06:44Z</time></trkpt>
<trkpt lat="37.085478" lon="-121.887999"><ele>470.8</ele><time>2022-06-20T13:06:49Z</time></trkpt>
<trkpt lat="37.085378" lon="-121.887964"><ele>471.6</ele><time>2022-06-20T13:06:54Z</time></trkpt>
<trkpt lat="37.085319" lon="-121.888003"><ele>472.1</ele><time>2022-06-20T13:06:55Z</time></trkpt>
<trkpt lat="37.085220" lon="-121.887959"><ele>472.7</ele><time>2022-06-20T13:07:00Z</time></trkpt>
<trkpt lat="37.085157" lon="-121.887973"><ele>473.0</ele><time>2022-06-20T13:07:02Z</time></trkpt>
<trkpt lat="37.085107" lon="-121.887894"><ele>473.7</ele><time>2022-06-20T13:07:11Z</time></trkpt>
<trkpt lat="37.085123" lon="-121.887864"><ele>473.8</ele><time>2022-06-20T13:07:12Z</time></trkpt>
<trkpt lat="37.085031" lon="-121.887873"><ele>474.5</ele><time>2022-06-20T13:07:17Z</time></trkpt>
<trkpt lat="37.085013" lon="-121.887974"><ele>475.3</ele><time>2022-06-20T13:07:22Z</time></trkpt>
<trkpt lat="37.084948" lon="-121.887966"><ele>475.9</ele><time>2022-06-20T13:07:26Z</time></trkpt>
<trkpt lat="37.084795" lon="-121.888130"><ele>477.7</ele><time>2022-06-20T13:07:34Z</time></trkpt>
<trkpt lat="37.084795" lon="-121.888221"><ele>478.3</ele><time>2022-06-20T13:07:38Z</time></trkpt>
<trkpt lat="37.084721" lon="-121.888230"><ele>479.0</ele><time>2022-06-20T13:07:40Z</time></trkpt>
<trkpt lat="37.084644" lon="-121.888311"><ele>479.8</ele><time>2022-06-20T13:07:43Z</time></trkpt>
<trkpt lat="37.084545" lon="-121.888248"><ele>480.6</ele><time>2022-06-20T13:07:45Z</time></trkpt>
<trkpt lat="37.084408" lon="-121.888385"><ele>482.1</ele><time>2022-06-20T13:07:52Z</time></trkpt>
<trkpt lat="37.084209" lon="-121.888375"><ele>484.1</ele><time>2022-06-20T13:08:02Z</time></trkpt>
<trkpt lat="37.083983" lon="-121.888476"><ele>486.5</ele><time>2022-06-20T13:08:17Z</time></trkpt>
<trkpt lat="37.083919" lon="-121.888553"><ele>487.5</ele><time>2022-06-20T13:08:22Z</time></trkpt>
<trkpt lat="37.083814" lon="-121.888556"><ele>488.6</ele><time>2022-06-20T13:08:29Z</time></trkpt>
<trkpt lat="37.083795" lon="-121.888596"><ele>489.0</ele><time>2022-06-20T13:08:31Z</time></trkpt>
<trkpt lat="37.083776" lon="-121.888562"><ele>489.5</ele><time>2022-06-20T13:08:35Z</time></trkpt>
<trkpt lat="37.083746" lon="-121.888593"><ele>489.9</ele><time>2022-06-20T13:08:36Z</time></trkpt>
<trkpt lat="37.083728" lon="-121.888678"><ele>490.5</ele><time>2022-06-20T13:08:38Z</time></trkpt>
<trkpt lat="37.083831" lon="-121.888679"><ele>491.4</ele><time>2022-06-20T13:08:44Z</time></trkpt>
<trkpt lat="37.083812" lon="-121.888824"><ele>492.5</ele><time>2022-06-20T13:08:50Z</time></trkpt>
<trkpt lat="37.083830" lon="-121.888844"><ele>492.7</ele><time>2022-06-20T13:08:51Z</time></trkpt>
<trkpt lat="37.083805" lon="-121.888844"><ele>492.9</ele><time>2022-06-20T13:08:53Z</time></trkpt>
<trkpt lat="37.083863" lon="-121.888856"><ele>493.4</ele><time>2022-06-20T13:08:56Z</time></trkpt>
<trkpt lat="37.083841" lon="-121.888880"><ele>493.8</ele><time>2022-06-20T13:08:58Z</time></trkpt>
<trkpt lat="37.083873" lon="-121.888978"><ele>494.5</ele><time>2022-06-20T13:09:03Z</time></trkpt>
<trkpt lat="37.083967" lon="-121.889094"><ele>495.8</ele><time>2022-06-20T13:09:08Z</time></trkpt>
<trkpt lat="37.083981" lon="-121.889217"><ele>496.8</ele><time>2022-06-20T13:09:13Z</time></trkpt>
<trkpt lat="37.083854" lon="-121.889443"><ele>498.9</ele><time>2022-06-20T13:09:20Z</time></trkpt>
<trkpt lat="37.083853" lon="-121.889538"><ele>499.6</ele><time>2022-06-20T13:09:23Z</time></trkpt>
<trkpt lat="37.083672" lon="-121.889520"><ele>501.2</ele><time>2022-06-20T13:09:34Z</time></trkpt>
<trkpt lat="37.083545" lon="-121.889672"><ele>502.7</ele><time>2022-06-20T13:09:43Z</time></trkpt>
<trkpt lat="37.083513" lon="-121.889799"><ele>503.7</ele><time>2022-06-20T13:09:49Z</time></trkpt>
<trkpt lat="37.083442" lon="-121.889873"><ele>504.7</ele><time>2022-06-20T13:09:55Z</time></trkpt>
<trkpt lat="37.083428" lon="-121.889925"><ele>505.2</ele><time>2022-06-20T13:09:58Z</time></trkpt>
<trkpt lat="37.083531" lon="-121.889977"><ele>506.3</ele><time>2022-06-20T13:10:01Z</time></trkpt>
<trkpt lat="37.083491" lon="-121.890045"><ele>506.9</ele><time>2022-06-20T13:10:05Z</time></trkpt>
<trkpt lat="37.083507" lon="-121.890149"><ele>507.7</ele><time>2022-06-20T13:10:10Z</time></trkpt>
<trkpt lat="37.083277" lon="-121.890198"><ele>509.6</ele><time>2022-06-20T13:10:20Z</time></trkpt>
<trkpt lat="37.083166" lon="-121.890179"><ele>510.5</ele><time>2022-06-20T13:10:24Z</time></trkpt>
<trkpt lat="37.083122" lon="-121.890225"><ele>510.9</ele><time>2022-06-20T13:10:26Z</time></trkpt>
<trkpt lat="37.082965" lon="-121.890148"><ele>512.2</ele><time>2022-06-20T13:10:33Z</time></trkpt>
<trkpt lat="37.082708" lon="-121.890135"><ele>514.5</ele><time>2022-06-20T13:10:47Z</time></trkpt>
<trkpt lat="37.082112" lon="-121.890224"><ele>519.7</ele><time>2022-06-20T13:11:18Z</time></trkpt>
<trkpt lat="37.082041" lon="-121.890177"><ele>520.7</ele><time>2022-06-20T13:11:22Z</time></trkpt>
<trkpt lat="37.081969" lon="-121.890052"><ele>522.2</ele><time>2022-06-20T13:11:27Z</time></trkpt>
<trkpt lat="37.081865" lon="-121.890022"><ele>523.4</ele><time>2022-06-20T13:11:33Z</time></trkpt>
<trkpt lat="37.081370" lon="-121.889595"><ele>529.2</ele><time>2022-06-20T13:12:05Z</time></trkpt>
<trkpt lat="37.081318" lon="-121.889439"><ele>530.4</ele><time>2022-06-20T13:12:13Z</time></trkpt>
<trkpt lat="37.081324" lon="-121.889204"><ele>532.2</ele><time>2022-06-20T13:12:26Z</time></trkpt>
<trkpt lat="37.081400" lon="-121.888881"><ele>535.1</ele><time>2022-06-20T13:12:39Z</time></trkpt>
<trkpt lat="37.081376" lon="-121.888769"><ele>536.2</ele><time>2022-06-20T13:12:45Z</time></trkpt>
<trkpt lat="37.081307" lon="-121.888674"><ele>537.5</ele><time>2022-06-20T13:12:52Z</time></trkpt>
<trkpt lat="37.081156" lon="-121.888629"><ele>539.4</ele><time>2022-06-20T13:13:01Z</time></trkpt>
<trkpt lat="37.081089" lon="-121.888525"><ele>540.7</ele><time>2022-06-20T13:13:07Z</time></trkpt>
<trkpt lat="37.081032" lon="-121.888201"><ele>543.3</ele><time>2022-06-20T13:13:23Z</time></trkpt>
<trkpt lat="37.080866" lon="-121.887903"><ele>546.9</ele><time>2022-06-20T13:13:43Z</time></trkpt>
<trkpt lat="37.080882" lon="-121.887884"><ele>547.2</ele><time>2022-06-20T13:13:44Z</time></trkpt>
<trkpt lat="37.080821" lon="-121.887722"><ele>549.3</ele><time>2022-06-20T13:13:52Z</time></trkpt>
<trkpt lat="37.080788" lon="-121.887462"><ele>551.9</ele><time>2022-06-20T13:14:01Z</time></trkpt>
<trkpt lat="37.080769" lon="-121.887191"><ele>554.0</ele><time>2022-06-20T13:14:14Z</time></trkpt>
<trkpt lat="37.080787" lon="-121.887122"><ele>554.6</ele><time>2022-06-20T13:14:19Z</time></trkpt>
<trkpt lat="37.080749" lon="-121.887032"><ele>555.4</ele><time>2022-06-20T13:14:22Z</time></trkpt>
<trkpt lat="37.080796" lon="-121.886891"><ele>556.7</ele><time>2022-06-20T13:14:28Z</time></trkpt>
<trkpt lat="37.080812" lon="-121.886669"><ele>558.9</ele><time>2022-06-20T13:14:41Z</time></trkpt>
<trkpt lat="37.080910" lon="-121.886508"><ele>561.0</ele><time>2022-06-20T13:14:51Z</time></trkpt>
<trkpt lat="37.080862" lon="-121.886256"><ele>563.7</ele><time>2022-06-20T13:15:05Z</time></trkpt>
<trkpt lat="37.080916" lon="-121.886233"><ele>564.3</ele><time>2022-06-20T13:15:10Z</time></trkpt>
<trkpt lat="37.080896" lon="-121.886150"><ele>565.0</ele><time>2022-06-20T13:15:15Z</time></trkpt>
<trkpt lat="37.080950" lon="-121.886114"><ele>565.7</ele><time>2022-06-20T13:15:19Z</time></trkpt>
<trkpt lat="37.080982" lon="-121.885978"><ele>567.0</ele><time>2022-06-20T13:15:25Z</time></trkpt>
<trkpt lat="37.080972" lon="-121.885717"><ele>570.0</ele><time>2022-06-20T13:15:40Z</time></trkpt>
<trkpt lat="37.080869" lon="-121.885620"><ele>572.1</ele><time>2022-06-20T13:15:52Z</time></trkpt>
<trkpt lat="37.080867" lon="-121.885581"><ele>572.8</ele><time>2022-06-20T13:15:56Z</time></trkpt>
<trkpt lat="37.080908" lon="-121.885579"><ele>573.4</ele><time>2022-06-20T13:15:58Z</time></trkpt>
<trkpt lat="37.080820" lon="-121.885567"><ele>574.6</ele><time>2022-06-20T13:16:02Z</time></trkpt>
<trkpt lat="37.080841" lon="-121.885611"><ele>575.1</ele><time>2022-06-20T13:16:05Z</time></trkpt>
<trkpt lat="37.080880" lon="-121.885469"><ele>576.4</ele><time>2022-06-20T13:16:30Z</time></trkpt>
<trkpt lat="37.080821" lon="-121.885455"><ele>577.0</ele><time>2022-06-20T13:16:33Z</time></trkpt>
<trkpt lat="37.080717" lon="-121.885544"><ele>578.1</ele><time>2022-06-20T13:16:40Z</time></trkpt>
<trkpt lat="37.080726" lon="-121.885761"><ele>579.2</ele><time>2022-06-20T13:16:48Z</time></trkpt>
<trkpt lat="37.080686" lon="-121.885772"><ele>579.4</ele><time>2022-06-20T13:16:49Z</time></trkpt>
<trkpt lat="37.080688" lon="-121.885813"><ele>579.6</ele><time>2022-06-20T13:16:51Z</time></trkpt>
<trkpt lat="37.080495" lon="-121.885869"><ele>581.2</ele><time>2022-06-20T13:16:58Z</time></trkpt>
<trkpt lat="37.080233" lon="-121.885741"><ele>584.9</ele><time>2022-06-20T13:17:09Z</time></trkpt>
<trkpt lat="37.080161" lon="-121.885670"><ele>586.3</ele><time>2022-06-20T13:17:15Z</time></trkpt>
<trkpt lat="37.080055" lon="-121.885425"><ele>589.8</ele><time>2022-06-20T13:17:28Z</time></trkpt>
<trkpt lat="37.079969" lon="-121.885337"><ele>591.2</ele><time>2022-06-20T13:17:34Z</time></trkpt>
<trkpt lat="37.079903" lon="-121.885426"><ele>592.4</ele><time>2022-06-20T13:17:44Z</time></trkpt>
<trkpt lat="37.079899" lon="-121.885390"><ele>592.7</ele><time>2022-06-20T13:17:45Z</time></trkpt>
<trkpt lat="37.079740" lon="-121.885391"><ele>594.4</ele><time>2022-06-20T13:17:52Z</time></trkpt>
<trkpt lat="37.079725" lon="-121.885303"><ele>595.3</ele><time>2022-06-20T13:17:53Z</time></trkpt>
<trkpt lat="37.079401" lon="-121.885335"><ele>599.5</ele><time>2022-06-20T13:18:12Z</time></trkpt>
<trkpt lat="37.079312" lon="-121.885298"><ele>600.5</ele><time>2022-06-20T13:18:18Z</time></trkpt>
<trkpt lat="37.079249" lon="-121.885488"><ele>602.2</ele><time>2022-06-20T13:18:28Z</time></trkpt>
<trkpt lat="37.079352" lon="-121.885623"><ele>603.4</ele><time>2022-06-20T13:18:34Z</time></trkpt>
<trkpt lat="37.079266" lon="-121.885765"><ele>604.8</ele><time>2022-06-20T13:18:41Z</time></trkpt>
<trkpt lat="37.079156" lon="-121.885868"><ele>606.3</ele><time>2022-06-20T13:18:48Z</time></trkpt>
<trkpt lat="37.079036" lon="-121.885870"><ele>607.6</ele><time>2022-06-20T13:18:53Z</time></trkpt>
<trkpt lat="37.078794" lon="-121.886066"><ele>611.3</ele><time>2022-06-20T13:19:10Z</time></trkpt>
<trkpt lat="37.078500" lon="-121.886206"><ele>614.6</ele><time>2022-06-20T13:19:28Z</time></trkpt>
<trkpt lat="37.078284" lon="-121.886185"><ele>616.7</ele><time>2022-06-20T13:19:39Z</time></trkpt>
<trkpt lat="37.078180" lon="-121.886061"><ele>618.4</ele><time>2022-06-20T13:19:47Z</time></trkpt>
<trkpt lat="37.078056" lon="-121.885981"><ele>620.1</ele><time>2022-06-20T13:19:56Z</time></trkpt>
<trkpt lat="37.077980" lon="-121.885852"><ele>621.6</ele><time>2022-06-20T13:20:04Z</time></trkpt>
<trkpt lat="37.077917" lon="-121.885838"><ele>622.3</ele><time>2022-06-20T13:20:09Z</time></trkpt>
<trkpt lat="37.077794" lon="-121.885907"><ele>623.8</ele><time>2022-06-20T13:20:16Z</time></trkpt>
<trkpt lat="37.077637" lon="-121.885881"><ele>625.8</ele><time>2022-06-20T13:20:26Z</time></trkpt>
<trkpt lat="37.077536" lon="-121.885600"><ele>628.4</ele><time>2022-06-20T13:20:39Z</time></trkpt>
<trkpt lat="37.077466" lon="-121.885575"><ele>629.0</ele><time>2022-06-20T13:20:43Z</time></trkpt>
<trkpt lat="37.077435" lon="-121.885521"><ele>629.5</ele><time>2022-06-20T13:20:46Z</time></trkpt>
<trkpt lat="37.077364" lon="-121.885527"><ele>630.1</ele><time>2022-06-20T13:20:50Z</time></trkpt>
<trkpt lat="37.077308" lon="-121.885467"><ele>630.7</ele><time>2022-06-20T13:20:54Z</time></trkpt>
<trkpt lat="37.077298" lon="-121.885385"><ele>631.4</ele><time>2022-06-20T13:20:57Z</time></trkpt>
<trkpt lat="37.077363" lon="-121.885245"><ele>633.0</ele><time>2022-06-20T13:21:04Z</time></trkpt>
<trkpt lat="37.077523" lon="-121.885233"><ele>635.0</ele><time>2022-06-20T13:21:15Z</time></trkpt>
<trkpt lat="37.077699" lon="-121.885371"><ele>637.1</ele><time>2022-06-20T13:21:25Z</time></trkpt>
<trkpt lat="37.077819" lon="-121.885327"><ele>638.0</ele><time>2022-06-20T13:21:30Z</time></trkpt>
<trkpt lat="37.078121" lon="-121.884802"><ele>642.2</ele><time>2022-06-20T13:21:56Z</time></trkpt>
<trkpt lat="37.078345" lon="-121.884530"><ele>645.6</ele><time>2022-06-20T13:22:13Z</time></trkpt>
<trkpt lat="37.078499" lon="-121.884283"><ele>647.9</ele><time>2022-06-20T13:22:25Z</time></trkpt>
<trkpt lat="37.078828" lon="-121.884151"><ele>650.6</ele><time>2022-06-20T13:22:41Z</time></trkpt>
<trkpt lat="37.078884" lon="-121.884032"><ele>651.3</ele><time>2022-06-20T13:22:48Z</time></trkpt>
<trkpt lat="37.078850" lon="-121.883997"><ele>651.8</ele><time>2022-06-20T13:22:54Z</time></trkpt>
<trkpt lat="37.078791" lon="-121.884021"><ele>652.5</ele><time>2022-06-20T13:22:59Z</time></trkpt>
<trkpt lat="37.078432" lon="-121.883973"><ele>657.7</ele><time>2022-06-20T13:23:20Z</time></trkpt>
<trkpt lat="37.078286" lon="-121.883937"><ele>659.1</ele><time>2022-06-20T13:23:29Z</time></trkpt>
<trkpt lat="37.078282" lon="-121.883896"><ele>659.4</ele><time>2022-06-20T13:23:30Z</time></trkpt>
<trkpt lat="37.078183" lon="-121.883905"><ele>660.4</ele><time>2022-06-20T13:23:36Z</time></trkpt>
<trkpt lat="37.078031" lon="-121.883821"><ele>662.4</ele><time>2022-06-20T13:23:45Z</time></trkpt>
<trkpt lat="37.077927" lon="-121.883805"><ele>663.7</ele><time>2022-06-20T13:23:51Z</time></trkpt>
<trkpt lat="37.077934" lon="-121.883936"><ele>664.9</ele><time>2022-06-20T13:23:55Z</time></trkpt>
<trkpt lat="37.077868" lon="-121.883694"><ele>666.7</ele><time>2022-06-20T13:24:48Z</time></trkpt>
<trkpt lat="37.077890" lon="-121.883609"><ele>667.1</ele><time>2022-06-20T13:24:52Z</time></trkpt>
<trkpt lat="37.077773" lon="-121.883552"><ele>667.8</ele><time>2022-06-20T13:24:57Z</time></trkpt>
<trkpt lat="37.077636" lon="-121.883401"><ele>668.3</ele><time>2022-06-20T13:25:05Z</time></trkpt>
<trkpt lat="37.077495" lon="-121.883459"><ele>666.7</ele><time>2022-06-20T13:25:11Z</time></trkpt>
<trkpt lat="37.077454" lon="-121.883531"><ele>665.9</ele><time>2022-06-20T13:25:12Z</time></trkpt>
<trkpt lat="37.077446" lon="-121.883611"><ele>665.0</ele><time>2022-06-20T13:25:13Z</time></trkpt>
<trkpt lat="37.077475" lon="-121.883565"><ele>664.3</ele><time>2022-06-20T13:25:14Z</time></trkpt>
<trkpt lat="37.077453" lon="-121.883663"><ele>663.0</ele><time>2022-06-20T13:25:16Z</time></trkpt>
<trkpt lat="37.077475" lon="-121.883654"><ele>662.6</ele><time>2022-06-20T13:25:17Z</time></trkpt>
<trkpt lat="37.077475" lon="-121.883688"><ele>662.3</ele><time>2022-06-20T13:25:18Z</time></trkpt>
<trkpt lat="37.077408" lon="-121.883923"><ele>660.5</ele><time>2022-06-20T13:25:23Z</time></trkpt>
<trkpt lat="37.077275" lon="-121.883972"><ele>660.0</ele><time>2022-06-20T13:25:27Z</time></trkpt>
<trkpt lat="37.077105" lon="-121.884157"><ele>661.0</ele><time>2022-06-20T13:25:33Z</time></trkpt>
<trkpt lat="37.076906" lon="-121.884250"><ele>663.1</ele><time>2022-06-20T13:25:39Z</time></trkpt>
<trkpt lat="37.076747" lon="-121.884193"><ele>663.7</ele><time>2022-06-20T13:25:42Z</time></trkpt>
<trkpt lat="37.076643" lon="-121.884202"><ele>663.3</ele><time>2022-06-20T13:25:43Z</time></trkpt>
<trkpt lat="37.076584" lon="-121.884323"><ele>662.4</ele><time>2022-06-20T13:25:44Z</time></trkpt>
<trkpt lat="37.076376" lon="-121.884429"><ele>660.5</ele><time>2022-06-20T13:25:47Z</time></trkpt>
<trkpt lat="37.076319" lon="-121.884547"><ele>659.6</ele><time>2022-06-20T13:25:48Z</time></trkpt>
<trkpt lat="37.076021" lon="-121.884695"><ele>656.0</ele><time>2022-06-20T13:25:53Z</time></trkpt>
<trkpt lat="37.075926" lon="-121.884794"><ele>654.9</ele><time>2022-06-20T13:25:55Z</time></trkpt>
<trkpt lat="37.075790" lon="-121.884780"><ele>653.9</ele><time>2022-06-20T13:25:57Z</time></trkpt>
<trkpt lat="37.075781" lon="-121.884906"><ele>653.1</ele><time>2022-06-20T13:25:59Z</time></trkpt>
<trkpt lat="37.075559" lon="-121.884938"><ele>651.9</ele><time>2022-06-20T13:26:02Z</time></trkpt>
<trkpt lat="37.075433" lon="-121.884881"><ele>651.3</ele><time>2022-06-20T13:26:04Z</time></trkpt>
<trkpt lat="37.075255" lon="-121.884964"><ele>649.9</ele><time>2022-06-20T13:26:06Z</time></trkpt>
<trkpt lat="37.075192" lon="-121.885131"><ele>648.5</ele><time>2022-06-20T13:26:09Z</time></trkpt>
<trkpt lat="37.075004" lon="-121.885184"><ele>646.6</ele><time>2022-06-20T13:26:12Z</time></trkpt>
<trkpt lat="37.074949" lon="-121.885061"><ele>645.7</ele><time>2022-06-20T13:26:13Z</time></trkpt>
<trkpt lat="37.074805" lon="-121.885059"><ele>644.8</ele><time>2022-06-20T13:26:15Z</time></trkpt>
<trkpt lat="37.074601" lon="-121.885136"><ele>644.2</ele><time>2022-06-20T13:26:18Z</time></trkpt>
<trkpt lat="37.074487" lon="-121.885239"><ele>644.2</ele><time>2022-06-20T13:26:20Z</time></trkpt>
<trkpt lat="37.074384" lon="-121.885282"><ele>644.1</ele><time>2022-06-20T13:26:22Z</time></trkpt>
<trkpt lat="37.074364" lon="-121.885346"><ele>644.0</ele><time>2022-06-20T13:26:23Z</time></trkpt>
<trkpt lat="37.074387" lon="-121.885484"><ele>643.7</ele><time>2022-06-20T13:26:25Z</time></trkpt>
<trkpt lat="37.074338" lon="-121.885589"><ele>643.4</ele><time>2022-06-20T13:26:27Z</time></trkpt>
<trkpt lat="37.074351" lon="-121.885743"><ele>643.0</ele><time>2022-06-20T13:26:29Z</time></trkpt>
<trkpt lat="37.074218" lon="-121.886089"><ele>642.9</ele><time>2022-06-20T13:26:34Z</time></trkpt>
<trkpt lat="37.074104" lon="-121.886198"><ele>642.9</ele><time>2022-06-20T13:26:36Z</time></trkpt>
<trkpt lat="37.074080" lon="-121.886293"><ele>642.8</ele><time>2022-06-20T13:26:38Z</time></trkpt>
<trkpt lat="37.074117" lon="-121.886323"><ele>642.6</ele><time>2022-06-20T13:26:39Z</time></trkpt>
<trkpt lat="37.074114" lon="-121.886411"><ele>642.3</ele><time>2022-06-20T13:26:40Z</time></trkpt>
<trkpt lat="37.074023" lon="-121.886749"><ele>639.4</ele><time>2022-06-20T13:26:45Z</time></trkpt>
<trkpt lat="37.073986" lon="-121.886831"><ele>638.4</ele><time>2022-06-20T13:26:46Z</time></trkpt>
<trkpt lat="37.073627" lon="-121.887213"><ele>634.4</ele><time>2022-06-20T13:26:52Z</time></trkpt>
<trkpt lat="37.073576" lon="-121.887386"><ele>633.6</ele><time>2022-06-20T13:26:54Z</time></trkpt>
<trkpt lat="37.073589" lon="-121.887490"><ele>633.0</ele><time>2022-06-20T13:26:55Z</time></trkpt>
<trkpt lat="37.073480" lon="-121.887787"><ele>630.8</ele><time>2022-06-20T13:26:59Z</time></trkpt>
<trkpt lat="37.073493" lon="-121.887926"><ele>629.9</ele><time>2022-06-20T13:27:01Z</time></trkpt>
<trkpt lat="37.073528" lon="-121.887992"><ele>629.4</ele><time>2022-06-20T13:27:02Z</time></trkpt>
<trkpt lat="37.073713" lon="-121.888053"><ele>628.2</ele><time>2022-06-20T13:27:04Z</time></trkpt>
<trkpt lat="37.073785" lon="-121.888183"><ele>627.5</ele><time>2022-06-20T13:27:06Z</time></trkpt>
<trkpt lat="37.073815" lon="-121.888336"><ele>626.8</ele><time>2022-06-20T13:27:08Z</time></trkpt>
<trkpt lat="37.073763" lon="-121.888511"><ele>625.6</ele><time>2022-06-20T13:27:10Z</time></trkpt>
<trkpt lat="37.073686" lon="-121.888575"><ele>624.5</ele><time>2022-06-20T13:27:11Z</time></trkpt>
<trkpt lat="37.073600" lon="-121.888790"><ele>621.9</ele><time>2022-06-20T13:27:13Z</time></trkpt>
<trkpt lat="37.073589" lon="-121.888912"><ele>620.8</ele><time>2022-06-20T13:27:14Z</time></trkpt>
<trkpt lat="37.073625" lon="-121.889060"><ele>619.7</ele><time>2022-06-20T13:27:15Z</time></trkpt>
<trkpt lat="37.073566" lon="-121.889498"><ele>619.1</ele><time>2022-06-20T13:27:20Z</time></trkpt>
<trkpt lat="37.073592" lon="-121.889555"><ele>619.2</ele><time>2022-06-20T13:27:21Z</time></trkpt>
<trkpt lat="37.073590" lon="-121.889679"><ele>619.8</ele><time>2022-06-20T13:27:24Z</time></trkpt>
<trkpt lat="37.073559" lon="-121.889654"><ele>620.1</ele><time>2022-06-20T13:27:27Z</time></trkpt>
<trkpt lat="37.073555" lon="-121.889782"><ele>620.8</ele><time>2022-06-20T13:27:37Z</time></trkpt>
<trkpt lat="37.073499" lon="-121.889823"><ele>621.2</ele><time>2022-06-20T13:27:54Z</time></trkpt>
<trkpt lat="37.073484" lon="-121.889962"><ele>621.2</ele><time>2022-06-20T13:28:14Z</time></trkpt>
<trkpt lat="37.073407" lon="-121.889997"><ele>621.1</ele><time>2022-06-20T13:28:23Z</time></trkpt>
<trkpt lat="37.073516" lon="-121.889967"><ele>621.1</ele><time>2022-06-20T13:28:58Z</time></trkpt>
<trkpt lat="37.073496" lon="-121.889999"><ele>621.1</ele><time>2022-06-20T13:29:00Z</time></trkpt>
<trkpt lat="37.073459" lon="-121.889985"><ele>621.0</ele><time>2022-06-20T13:29:01Z</time></trkpt>
<trkpt lat="37.073504" lon="-121.889983"><ele>621.0</ele><time>2022-06-20T13:29:02Z</time></trkpt>
<trkpt lat="37.073445" lon="-121.889927"><ele>621.0</ele><time>2022-06-20T13:29:12Z</time></trkpt>
<trkpt lat="37.073416" lon="-121.889947"><ele>621.0</ele><time>2022-06-20T13:29:18Z</time></trkpt>
<trkpt lat="37.073417" lon="-121.889863"><ele>620.9</ele><time>2022-06-20T13:29:35Z</time></trkpt>
<trkpt lat="37.073476" lon="-121.889866"><ele>620.9</ele><time>2022-06-20T13:29:37Z</time></trkpt>
<trkpt lat="37.073445" lon="-121.889931"><ele>620.9</ele><time>2022-06-20T13:29:52Z</time></trkpt>
<trkpt lat="37.073384" lon="-121.889897"><ele>620.8</ele><time>2022-06-20T13:30:14Z</time></trkpt>
<trkpt lat="37.073480" lon="-121.889923"><ele>620.8</ele><time>2022-06-20T13:30:19Z</time></trkpt>
<trkpt lat="37.073427" lon="-121.890110"><ele>620.6</ele><time>2022-06-20T13:30:41Z</time></trkpt>
<trkpt lat="37.073457" lon="-121.890032"><ele>620.7</ele><time>2022-06-20T13:30:42Z</time></trkpt>
<trkpt lat="37.073490" lon="-121.890021"><ele>620.7</ele><time>2022-06-20T13:30:45Z</time></trkpt>
<trkpt lat="37.073442" lon="-121.889918"><ele>620.8</ele><time>2022-06-20T13:30:49Z</time></trkpt>
<trkpt lat="37.073402" lon="-121.889919"><ele>620.9</ele><time>2022-06-20T13:31:14Z</time></trkpt>
<trkpt lat="37.073379" lon="-121.889838"><ele>620.9</ele><time>2022-06-20T13:31:25Z</time></trkpt>
<trkpt lat="37.073393" lon="-121.889812"><ele>620.9</ele><time>2022-06-20T13:31:28Z</time></trkpt>
<trkpt lat="37.073418" lon="-121.889904"><ele>621.0</ele><time>2022-06-20T13:31:36Z</time></trkpt>
<trkpt lat="37.073463" lon="-121.889930"><ele>621.0</ele><time>2022-06-20T13:31:41Z</time></trkpt>
<trkpt lat="37.073435" lon="-121.889989"><ele>621.1</ele><time>2022-06-20T13:31:48Z</time></trkpt>
<trkpt lat="37.073482" lon="-121.890044"><ele>621.1</ele><time>2022-06-20T13:32:01Z</time></trkpt>
<trkpt lat="37.073453" lon="-121.890013"><ele>621.1</ele><time>2022-06-20T13:32:03Z</time></trkpt>
<trkpt lat="37.073485" lon="-121.889960"><ele>621.2</ele><time>2022-06-20T13:32:16Z</time></trkpt>
<trkpt lat="37.073458" lon="-121.889943"><ele>621.2</ele><time>2022-06-20T13:32:20Z</time></trkpt>
<trkpt lat="37.073533" lon="-121.889873"><ele>621.3</ele><time>2022-06-20T13:32:36Z</time></trkpt>
<trkpt lat="37.073645" lon="-121.889953"><ele>620.7</ele><time>2022-06-20T13:32:40Z</time></trkpt>
<trkpt lat="37.073737" lon="-121.889862"><ele>619.8</ele><time>2022-06-20T13:32:47Z</time></trkpt>
<trkpt lat="37.073826" lon="-121.889717"><ele>618.7</ele><time>2022-06-20T13:32:50Z</time></trkpt>
<trkpt lat="37.073842" lon="-121.889571"><ele>617.9</ele><time>2022-06-20T13:32:53Z</time></trkpt>
<trkpt lat="37.073968" lon="-121.889538"><ele>616.8</ele><time>2022-06-20T13:32:55Z</time></trkpt>
<trkpt lat="37.074074" lon="-121.889598"><ele>615.5</ele><time>2022-06-20T13:32:57Z</time></trkpt>
<trkpt lat="37.074163" lon="-121.889780"><ele>613.6</ele><time>2022-06-20T13:32:59Z</time></trkpt>
<trkpt lat="37.074122" lon="-121.889767"><ele>613.1</ele><time>2022-06-20T13:33:00Z</time></trkpt>
<trkpt lat="37.074147" lon="-121.889937"><ele>611.5</ele><time>2022-06-20T13:33:04Z</time></trkpt>
<trkpt lat="37.074111" lon="-121.890017"><ele>610.8</ele><time>2022-06-20T13:33:05Z</time></trkpt>
<trkpt lat="37.074142" lon="-121.890061"><ele>610.4</ele><time>2022-06-20T13:33:06Z</time></trkpt>
<trkpt lat="37.074104" lon="-121.890166"><ele>609.6</ele><time>2022-06-20T13:33:08Z</time></trkpt>
<trkpt lat="37.074049" lon="-121.890220"><ele>609.0</ele><time>2022-06-20T13:33:09Z</time></trkpt>
<trkpt lat="37.074030" lon="-121.890469"><ele>607.7</ele><time>2022-06-20T13:33:14Z</time></trkpt>
<trkpt lat="37.074176" lon="-121.890599"><ele>604.1</ele><time>2022-06-20T13:33:19Z</time></trkpt>
<trkpt lat="37.074246" lon="-121.890730"><ele>603.5</ele><time>2022-06-20T13:33:23Z</time></trkpt>
<trkpt lat="37.074352" lon="-121.890808"><ele>603.2</ele><time>2022-06-20T13:33:25Z</time></trkpt>
<trkpt lat="37.074574" lon="-121.890766"><ele>603.5</ele><time>2022-06-20T13:33:32Z</time></trkpt>
<trkpt lat="37.074798" lon="-121.890500"><ele>602.7</ele><time>2022-06-20T13:33:40Z</time></trkpt>
<trkpt lat="37.074894" lon="-121.890468"><ele>599.8</ele><time>2022-06-20T13:33:41Z</time></trkpt>
<trkpt lat="37.075001" lon="-121.890356"><ele>596.4</ele><time>2022-06-20T13:33:46Z</time></trkpt>
<trkpt lat="37.075097" lon="-121.890339"><ele>593.2</ele><time>2022-06-20T13:33:49Z</time></trkpt>
<trkpt lat="37.075121" lon="-121.890366"><ele>591.3</ele><time>2022-06-20T13:33:50Z</time></trkpt>
<trkpt lat="37.075112" lon="-121.890512"><ele>589.6</ele><time>2022-06-20T13:33:52Z</time></trkpt>
<trkpt lat="37.075082" lon="-121.890479"><ele>591.5</ele><time>2022-06-20T13:33:53Z</time></trkpt>
<trkpt lat="37.075157" lon="-121.890453"><ele>588.7</ele><time>2022-06-20T13:33:55Z</time></trkpt>
<trkpt lat="37.075237" lon="-121.890476"><ele>586.7</ele><time>2022-06-20T13:33:58Z</time></trkpt>
<trkpt lat="37.075257" lon="-121.890533"><ele>584.5</ele><time>2022-06-20T13:34:00Z</time></trkpt>
<trkpt lat="37.075299" lon="-121.890525"><ele>584.0</ele><time>2022-06-20T13:34:01Z</time></trkpt>
<trkpt lat="37.075398" lon="-121.890959"><ele>578.0</ele><time>2022-06-20T13:34:12Z</time></trkpt>
<trkpt lat="37.075732" lon="-121.891694"><ele>569.4</ele><time>2022-06-20T13:34:30Z</time></trkpt>
<trkpt lat="37.075741" lon="-121.891887"><ele>568.1</ele><time>2022-06-20T13:34:34Z</time></trkpt>
<trkpt lat="37.075809" lon="-121.891936"><ele>567.6</ele><time>2022-06-20T13:34:35Z</time></trkpt>
<trkpt lat="37.075920" lon="-121.892450"><ele>564.7</ele><time>2022-06-20T13:34:46Z</time></trkpt>
<trkpt lat="37.075961" lon="-121.892931"><ele>562.6</ele><time>2022-06-20T13:34:57Z</time></trkpt>
<trkpt lat="37.075982" lon="-121.893042"><ele>562.5</ele><time>2022-06-20T13:35:00Z</time></trkpt>
<trkpt lat="37.076016" lon="-121.893038"><ele>562.5</ele><time>2022-06-20T13:35:04Z</time></trkpt>
<trkpt lat="37.075988" lon="-121.893000"><ele>562.6</ele><time>2022-06-20T13:35:05Z</time></trkpt>
<trkpt lat="37.075943" lon="-121.893039"><ele>562.6</ele><time>2022-06-20T13:35:06Z</time></trkpt>
<trkpt lat="37.075955" lon="-121.893162"><ele>561.9</ele><time>2022-06-20T13:35:08Z</time></trkpt>
<trkpt lat="37.075999" lon="-121.893223"><ele>560.0</ele><time>2022-06-20T13:35:10Z</time></trkpt>
<trkpt lat="37.076057" lon="-121.893221"><ele>558.6</ele><time>2022-06-20T13:35:11Z</time></trkpt>
<trkpt lat="37.076092" lon="-121.893281"><ele>556.0</ele><time>2022-06-20T13:35:13Z</time></trkpt>
<trkpt lat="37.076125" lon="-121.893182"><ele>554.0</ele><time>2022-06-20T13:35:19Z</time></trkpt>
<trkpt lat="37.076088" lon="-121.893073"><ele>555.7</ele><time>2022-06-20T13:35:20Z</time></trkpt>
<trkpt lat="37.076251" lon="-121.892988"><ele>544.2</ele><time>2022-06-20T13:35:23Z</time></trkpt>
<trkpt lat="37.076272" lon="-121.892940"><ele>541.9</ele><time>2022-06-20T13:35:26Z</time></trkpt>
<trkpt lat="37.076309" lon="-121.892797"><ele>540.0</ele><time>2022-06-20T13:35:29Z</time></trkpt>
<trkpt lat="37.076345" lon="-121.892669"><ele>543.2</ele><time>2022-06-20T13:35:32Z</time></trkpt>
<trkpt lat="37.076406" lon="-121.892622"><ele>544.7</ele><time>2022-06-20T13:35:34Z</time></trkpt>
<trkpt lat="37.076468" lon="-121.892496"><ele>544.9</ele><time>2022-06-20T13:35:36Z</time></trkpt>
<trkpt lat="37.076476" lon="-121.892432"><ele>547.5</ele><time>2022-06-20T13:35:37Z</time></trkpt>
<trkpt lat="37.076499" lon="-121.892412"><ele>545.8</ele><time>2022-06-20T13:35:38Z</time></trkpt>
<trkpt lat="37.076530" lon="-121.892311"><ele>547.4</ele><time>2022-06-20T13:35:40Z</time></trkpt>
<trkpt lat="37.076527" lon="-121.892143"><ele>552.0</ele><time>2022-06-20T13:35:43Z</time></trkpt>
<trkpt lat="37.076566" lon="-121.892162"><ele>549.5</ele><time>2022-06-20T13:35:44Z</time></trkpt>
<trkpt lat="37.076660" lon="-121.892124"><ele>547.2</ele><time>2022-06-20T13:35:46Z</time></trkpt>
<trkpt lat="37.076671" lon="-121.892090"><ele>547.8</ele><time>2022-06-20T13:35:47Z</time></trkpt>
<trkpt lat="37.076693" lon="-121.892159"><ele>543.9</ele><time>2022-06-20T13:35:48Z</time></trkpt>
<trkpt lat="37.076729" lon="-121.892113"><ele>543.9</ele><time>2022-06-20T13:35:49Z</time></trkpt>
<trkpt lat="37.076848" lon="-121.892097"><ele>539.3</ele><time>2022-06-20T13:35:52Z</time></trkpt>
<trkpt lat="37.076924" lon="-121.892154"><ele>530.6</ele><time>2022-06-20T13:35:54Z</time></trkpt>
<trkpt lat="37.076896" lon="-121.892159"><ele>532.6</ele><time>2022-06-20T13:35:55Z</time></trkpt>
<trkpt lat="37.076974" lon="-121.892286"><ele>525.4</ele><time>2022-06-20T13:35:58Z</time></trkpt>
<trkpt lat="37.076938" lon="-121.892370"><ele>525.5</ele><time>2022-06-20T13:36:01Z</time></trkpt>
<trkpt lat="37.076999" lon="-121.892417"><ele>522.2</ele><time>2022-06-20T13:36:02Z</time></trkpt>
<trkpt lat="37.077040" lon="-121.892556"><ele>522.9</ele><time>2022-06-20T13:36:05Z</time></trkpt>
<trkpt lat="37.076994" lon="-121.892589"><ele>523.8</ele><time>2022-06-20T13:36:06Z</time></trkpt>
<trkpt lat="37.077016" lon="-121.892639"><ele>523.4</ele><time>2022-06-20T13:36:07Z</time></trkpt>
<trkpt lat="37.077040" lon="-121.892741"><ele>515.1</ele><time>2022-06-20T13:36:09Z</time></trkpt>
<trkpt lat="37.077084" lon="-121.892861"><ele>512.5</ele><time>2022-06-20T13:36:11Z</time></trkpt>
<trkpt lat="37.077022" lon="-121.893080"><ele>512.8</ele><time>2022-06-20T13:36:15Z</time></trkpt>
<trkpt lat="37.077087" lon="-121.893405"><ele>507.6</ele><time>2022-06-20T13:36:20Z</time></trkpt>
<trkpt lat="37.077067" lon="-121.893606"><ele>506.2</ele><time>2022-06-20T13:36:24Z</time></trkpt>
<trkpt lat="37.077100" lon="-121.893970"><ele>507.2</ele><time>2022-06-20T13:36:30Z</time></trkpt>
<trkpt lat="37.077146" lon="-121.894073"><ele>507.6</ele><time>2022-06-20T13:36:32Z</time></trkpt>
<trkpt lat="37.077059" lon="-121.894232"><ele>508.5</ele><time>2022-06-20T13:36:36Z</time></trkpt>
<trkpt lat="37.077119" lon="-121.894298"><ele>509.0</ele><time>2022-06-20T13:36:39Z</time></trkpt>
<trkpt lat="37.077103" lon="-121.894228"><ele>508.6</ele><time>2022-06-20T13:36:42Z</time></trkpt>
<trkpt lat="37.077166" lon="-121.894064"><ele>507.7</ele><time>2022-06-20T13:36:46Z</time></trkpt>
<trkpt lat="37.077148" lon="-121.893991"><ele>507.4</ele><time>2022-06-20T13:36:49Z</time></trkpt>
<trkpt lat="37.077222" lon="-121.893822"><ele>506.9</ele><time>2022-06-20T13:36:52Z</time></trkpt>
<trkpt lat="37.077215" lon="-121.893642"><ele>506.4</ele><time>2022-06-20T13:36:55Z</time></trkpt>
<trkpt lat="37.077280" lon="-121.893581"><ele>506.2</ele><time>2022-06-20T13:36:56Z</time></trkpt>
<trkpt lat="37.077261" lon="-121.893344"><ele>505.6</ele><time>2022-06-20T13:37:02Z</time></trkpt>
<trkpt lat="37.077369" lon="-121.893091"><ele>505.0</ele><time>2022-06-20T13:37:07Z</time></trkpt>
<trkpt lat="37.077325" lon="-121.893072"><ele>504.8</ele><time>2022-06-20T13:37:08Z</time></trkpt>
<trkpt lat="37.077327" lon="-121.893031"><ele>504.7</ele><time>2022-06-20T13:37:09Z</time></trkpt>
<trkpt lat="37.077420" lon="-121.893005"><ele>504.4</ele><time>2022-06-20T13:37:12Z</time></trkpt>
<trkpt lat="37.077472" lon="-121.892940"><ele>504.1</ele><time>2022-06-20T13:37:14Z</time></trkpt>
<trkpt lat="37.077447" lon="-121.893002"><ele>504.0</ele><time>2022-06-20T13:37:15Z</time></trkpt>
<trkpt lat="37.077476" lon="-121.892807"><ele>503.5</ele><time>2022-06-20T13:37:18Z</time></trkpt>
<trkpt lat="37.077538" lon="-121.892764"><ele>503.3</ele><time>2022-06-20T13:37:19Z</time></trkpt>
<trkpt lat="37.077706" lon="-121.892766"><ele>502.8</ele><time>2022-06-20T13:37:26Z</time></trkpt>
<trkpt lat="37.077778" lon="-121.892612"><ele>502.3</ele><time>2022-06-20T13:37:28Z</time></trkpt>
<trkpt lat="37.077889" lon="-121.892556"><ele>502.2</ele><time>2022-06-20T13:37:30Z</time></trkpt>
<trkpt lat="37.077874" lon="-121.892407"><ele>503.9</ele><time>2022-06-20T13:37:32Z</time></trkpt>
<trkpt lat="37.077918" lon="-121.892349"><ele>501.8</ele><time>2022-06-20T13:37:34Z</time></trkpt>
<trkpt lat="37.078011" lon="-121.892368"><ele>500.7</ele><time>2022-06-20T13:37:35Z</time></trkpt>
<trkpt lat="37.078150" lon="-121.892313"><ele>500.7</ele><time>2022-06-20T13:37:40Z</time></trkpt>
<trkpt lat="37.078196" lon="-121.892210"><ele>497.3</ele><time>2022-06-20T13:37:42Z</time></trkpt>
<trkpt lat="37.078494" lon="-121.892070"><ele>487.8</ele><time>2022-06-20T13:37:44Z</time></trkpt>
<trkpt lat="37.078668" lon="-121.892178"><ele>483.2</ele><time>2022-06-20T13:37:50Z</time></trkpt>
<trkpt lat="37.078646" lon="-121.892346"><ele>485.1</ele><time>2022-06-20T13:37:53Z</time></trkpt>
<trkpt lat="37.078700" lon="-121.892401"><ele>482.1</ele><time>2022-06-20T13:37:55Z</time></trkpt>
<trkpt lat="37.078773" lon="-121.892795"><ele>481.1</ele><time>2022-06-20T13:38:02Z</time></trkpt>
<trkpt lat="37.078721" lon="-121.892909"><ele>480.2</ele><time>2022-06-20T13:38:04Z</time></trkpt>
<trkpt lat="37.078728" lon="-121.892951"><ele>479.1</ele><time>2022-06-20T13:38:05Z</time></trkpt>
<trkpt lat="37.078689" lon="-121.893005"><ele>479.7</ele><time>2022-06-20T13:38:06Z</time></trkpt>
<trkpt lat="37.078613" lon="-121.892959"><ele>482.5</ele><time>2022-06-20T13:38:07Z</time></trkpt>
<trkpt lat="37.078629" lon="-121.893006"><ele>482.0</ele><time>2022-06-20T13:38:08Z</time></trkpt>
<trkpt lat="37.078703" lon="-121.893054"><ele>477.1</ele><time>2022-06-20T13:38:11Z</time></trkpt>
<trkpt lat="37.078824" lon="-121.893221"><ele>471.8</ele><time>2022-06-20T13:38:16Z</time></trkpt>
<trkpt lat="37.078907" lon="-121.893214"><ele>470.4</ele><time>2022-06-20T13:38:20Z</time></trkpt>
<trkpt lat="37.078984" lon="-121.893098"><ele>468.5</ele><time>2022-06-20T13:38:24Z</time></trkpt>
<trkpt lat="37.079086" lon="-121.893142"><ele>463.1</ele><time>2022-06-20T13:38:30Z</time></trkpt>
<trkpt lat="37.079115" lon="-121.893185"><ele>460.8</ele><time>2022-06-20T13:38:31Z</time></trkpt>
<trkpt lat="37.079074" lon="-121.893178"><ele>464.6</ele><time>2022-06-20T13:38:32Z</time></trkpt>
<trkpt lat="37.079081" lon="-121.893481"><ele>459.2</ele><time>2022-06-20T13:38:37Z</time></trkpt>
<trkpt lat="37.079095" lon="-121.893447"><ele>459.1</ele><time>2022-06-20T13:38:39Z</time></trkpt>
<trkpt lat="37.079068" lon="-121.893415"><ele>460.9</ele><time>2022-06-20T13:38:40Z</time></trkpt>
<trkpt lat="37.079119" lon="-121.893452"><ele>457.9</ele><time>2022-06-20T13:38:41Z</time></trkpt>
<trkpt lat="37.079119" lon="-121.893537"><ele>457.1</ele><time>2022-06-20T13:38:43Z</time></trkpt>
<trkpt lat="37.079198" lon="-121.893516"><ele>454.6</ele><time>2022-06-20T13:38:46Z</time></trkpt>
<trkpt lat="37.079170" lon="-121.893414"><ele>456.7</ele><time>2022-06-20T13:38:49Z</time></trkpt>
<trkpt lat="37.079296" lon="-121.893435"><ele>453.7</ele><time>2022-06-20T13:38:52Z</time></trkpt>
<trkpt lat="37.079377" lon="-121.893542"><ele>454.7</ele><time>2022-06-20T13:38:56Z</time></trkpt>
<trkpt lat="37.079395" lon="-121.893780"><ele>447.5</ele><time>2022-06-20T13:39:02Z</time></trkpt>
<trkpt lat="37.079436" lon="-121.893732"><ele>447.8</ele><time>2022-06-20T13:39:03Z</time></trkpt>
<trkpt lat="37.079386" lon="-121.893767"><ele>448.6</ele><time>2022-06-20T13:39:06Z</time></trkpt>
<trkpt lat="37.079454" lon="-121.893759"><ele>445.9</ele><time>2022-06-20T13:39:08Z</time></trkpt>
<trkpt lat="37.079459" lon="-121.893794"><ele>443.5</ele><time>2022-06-20T13:39:09Z</time></trkpt>
<trkpt lat="37.079481" lon="-121.893772"><ele>444.3</ele><time>2022-06-20T13:39:11Z</time></trkpt>
<trkpt lat="37.079658" lon="-121.893833"><ele>439.7</ele><time>2022-06-20T13:39:18Z</time></trkpt>
<trkpt lat="37.079738" lon="-121.894007"><ele>438.5</ele><time>2022-06-20T13:39:23Z</time></trkpt>
<trkpt lat="37.079720" lon="-121.894238"><ele>438.2</ele><time>2022-06-20T13:39:28Z</time></trkpt>
<trkpt lat="37.079797" lon="-121.894292"><ele>435.6</ele><time>2022-06-20T13:39:30Z</time></trkpt>
<trkpt lat="37.079846" lon="-121.894468"><ele>431.2</ele><time>2022-06-20T13:39:33Z</time></trkpt>
<trkpt lat="37.079793" lon="-121.894547"><ele>432.9</ele><time>2022-06-20T13:39:35Z</time></trkpt>
<trkpt lat="37.079872" lon="-121.894743"><ele>430.0</ele><time>2022-06-20T13:39:40Z</time></trkpt>
<trkpt lat="37.079785" lon="-121.894789"><ele>433.0</ele><time>2022-06-20T13:39:42Z</time></trkpt>
<trkpt lat="37.079731" lon="-121.894860"><ele>434.4</ele><time>2022-06-20T13:39:43Z</time></trkpt>
<trkpt lat="37.079705" lon="-121.894985"><ele>436.2</ele><time>2022-06-20T13:39:44Z</time></trkpt>
<trkpt lat="37.079620" lon="-121.895147"><ele>438.7</ele><time>2022-06-20T13:39:46Z</time></trkpt>
<trkpt lat="37.079627" lon="-121.895249"><ele>435.0</ele><time>2022-06-20T13:39:47Z</time></trkpt>
<trkpt lat="37.079739" lon="-121.895363"><ele>430.6</ele><time>2022-06-20T13:39:49Z</time></trkpt>
<trkpt lat="37.079819" lon="-121.895350"><ele>428.3</ele><time>2022-06-20T13:39:50Z</time></trkpt>
<trkpt lat="37.079807" lon="-121.895447"><ele>426.8</ele><time>2022-06-20T13:39:53Z</time></trkpt>
<trkpt lat="37.079893" lon="-121.895525"><ele>422.6</ele><time>2022-06-20T13:39:57Z</time></trkpt>
<trkpt lat="37.079850" lon="-121.895821"><ele>425.2</ele><time>2022-06-20T13:40:04Z</time></trkpt>
<trkpt lat="37.080053" lon="-121.895991"><ele>419.3</ele><time>2022-06-20T13:40:10Z</time></trkpt>
<trkpt lat="37.080129" lon="-121.896076"><ele>420.3</ele><time>2022-06-20T13:40:13Z</time></trkpt>
<trkpt lat="37.080082" lon="-121.896154"><ele>420.4</ele><time>2022-06-20T13:40:14Z</time></trkpt>
<trkpt lat="37.080111" lon="-121.896272"><ele>419.1</ele><time>2022-06-20T13:40:17Z</time></trkpt>
<trkpt lat="37.080092" lon="-121.896318"><ele>421.4</ele><time>2022-06-20T13:40:18Z</time></trkpt>
<trkpt lat="37.080098" lon="-121.896506"><ele>425.1</ele><time>2022-06-20T13:40:22Z</time></trkpt>
<trkpt lat="37.080140" lon="-121.896621"><ele>426.1</ele><time>2022-06-20T13:40:24Z</time></trkpt>
<trkpt lat="37.080211" lon="-121.896715"><ele>423.4</ele><time>2022-06-20T13:40:26Z</time></trkpt>
<trkpt lat="37.080215" lon="-121.896774"><ele>423.7</ele><time>2022-06-20T13:40:27Z</time></trkpt>
<trkpt lat="37.080175" lon="-121.896878"><ele>425.1</ele><time>2022-06-20T13:40:29Z</time></trkpt>
<trkpt lat="37.080202" lon="-121.897059"><ele>424.4</ele><time>2022-06-20T13:40:32Z</time></trkpt>
<trkpt lat="37.080172" lon="-121.897133"><ele>424.3</ele><time>2022-06-20T13:40:34Z</time></trkpt>
<trkpt lat="37.080196" lon="-121.897409"><ele>423.8</ele><time>2022-06-20T13:40:40Z</time></trkpt>
<trkpt lat="37.080160" lon="-121.897504"><ele>423.7</ele><time>2022-06-20T13:40:46Z</time></trkpt>
<trkpt lat="37.080185" lon="-121.897532"><ele>423.6</ele><time>2022-06-20T13:40:48Z</time></trkpt>
<trkpt lat="37.080139" lon="-121.897529"><ele>423.5</ele><time>2022-06-20T13:40:51Z</time></trkpt>
<trkpt lat="37.080180" lon="-121.897611"><ele>423.4</ele><time>2022-06-20T13:40:57Z</time></trkpt>
<trkpt lat="37.080148" lon="-121.897698"><ele>423.2</ele><time>2022-06-20T13:41:02Z</time></trkpt>
<trkpt lat="37.080058" lon="-121.897671"><ele>423.0</ele><time>2022-06-20T13:41:59Z</time></trkpt>
<trkpt lat="37.080053" lon="-121.897576"><ele>422.9</ele><time>2022-06-20T13:42:07Z</time></trkpt>
<trkpt lat="37.080103" lon="-121.897570"><ele>422.7</ele><time>2022-06-20T13:42:12Z</time></trkpt>
<trkpt lat="37.080053" lon="-121.897657"><ele>422.6</ele><time>2022-06-20T13:42:17Z</time></trkpt>
<trkpt lat="37.080089" lon="-121.897539"><ele>422.4</ele><time>2022-06-20T13:42:22Z</time></trkpt>
<trkpt lat="37.080120" lon="-121.897567"><ele>422.3</ele><time>2022-06-20T13:42:24Z</time></trkpt>
<trkpt lat="37.080072" lon="-121.897693"><ele>422.1</ele><time>2022-06-20T13:42:32Z</time></trkpt>
<trkpt lat="37.079948" lon="-121.897435"><ele>421.7</ele><time>2022-06-20T13:42:54Z</time></trkpt>
<trkpt lat="37.079998" lon="-121.897372"><ele>421.5</ele><time>2022-06-20T13:42:57Z</time></trkpt>
<trkpt lat="37.080015" lon="-121.897405"><ele>421.5</ele><time>2022-06-20T13:42:58Z</time></trkpt>
<trkpt lat="37.079992" lon="-121.897454"><ele>421.4</ele><time>2022-06-20T13:43:01Z</time></trkpt>
<trkpt lat="37.079952" lon="-121.897473"><ele>421.3</ele><time>2022-06-20T13:43:04Z</time></trkpt>
<trkpt lat="37.079946" lon="-121.897435"><ele>421.2</ele><time>2022-06-20T13:43:06Z</time></trkpt>
<trkpt lat="37.079975" lon="-121.897489"><ele>421.1</ele><time>2022-06-20T13:43:09Z</time></trkpt>
<trkpt lat="37.079948" lon="-121.897449"><ele>421.1</ele><time>2022-06-20T13:43:10Z</time></trkpt>
<trkpt lat="37.079987" lon="-121.897410"><ele>421.0</ele><time>2022-06-20T13:43:14Z</time></trkpt>
<trkpt lat="37.080151" lon="-121.897443"><ele>420.7</ele><time>2022-06-20T13:43:21Z</time></trkpt>
<trkpt lat="37.080012" lon="-121.897564"><ele>420.4</ele><time>2022-06-20T13:43:28Z</time></trkpt>
<trkpt lat="37.079948" lon="-121.897686"><ele>420.2</ele><time>2022-06-20T13:44:24Z</time></trkpt>
<trkpt lat="37.079982" lon="-121.897669"><ele>420.1</ele><time>2022-06-20T13:44:30Z</time></trkpt>
<trkpt lat="37.079965" lon="-121.897702"><ele>420.0</ele><time>2022-06-20T13:44:34Z</time></trkpt>
<trkpt lat="37.079999" lon="-121.897695"><ele>420.0</ele><time>2022-06-20T13:44:35Z</time></trkpt>
<trkpt lat="37.080059" lon="-121.897653"><ele>419.9</ele><time>2022-06-20T13:44:45Z</time></trkpt>
<trkpt lat="37.080048" lon="-121.897547"><ele>419.7</ele><time>2022-06-20T13:44:48Z</time></trkpt>
<trkpt lat="37.079978" lon="-121.897412"><ele>419.5</ele><time>2022-06-20T13:44:58Z</time></trkpt>
<trkpt lat="37.080003" lon="-121.897406"><ele>419.4</ele><time>2022-06-20T13:45:00Z</time></trkpt>
<trkpt lat="37.079980" lon="-121.897502"><ele>419.3</ele><time>2022-06-20T13:45:03Z</time></trkpt>
<trkpt lat="37.080025" lon="-121.897533"><ele>419.2</ele><time>2022-06-20T13:45:06Z</time></trkpt>
<trkpt lat="37.080064" lon="-121.897476"><ele>419.1</ele><time>2022-06-20T13:45:12Z</time></trkpt>
<trkpt lat="37.080029" lon="-121.897481"><ele>419.0</ele><time>2022-06-20T13:45:16Z</time></trkpt>
<trkpt lat="37.079982" lon="-121.897416"><ele>418.8</ele><time>2022-06-20T13:45:20Z</time></trkpt>
<trkpt lat="37.080016" lon="-121.897383"><ele>418.7</ele><time>2022-06-20T13:45:21Z</time></trkpt>
<trkpt lat="37.080127" lon="-121.897514"><ele>418.4</ele><time>2022-06-20T13:45:27Z</time></trkpt>
<trkpt lat="37.080099" lon="-121.897497"><ele>418.4</ele><time>2022-06-20T13:45:29Z</time></trkpt>
<trkpt lat="37.080146" lon="-121.897461"><ele>418.3</ele><time>2022-06-20T13:45:30Z</time></trkpt>
<trkpt lat="37.080156" lon="-121.897496"><ele>418.2</ele><time>2022-06-20T13:45:32Z</time></trkpt>
<trkpt lat="37.080067" lon="-121.897580"><ele>417.9</ele><time>2022-06-20T13:45:37Z</time></trkpt>
<trkpt lat="37.080012" lon="-121.897553"><ele>417.8</ele><time>2022-06-20T13:45:44Z</time></trkpt>
<trkpt lat="37.079971" lon="-121.897452"><ele>417.6</ele><time>2022-06-20T13:45:47Z</time></trkpt>
<trkpt lat="37.080009" lon="-121.897386"><ele>417.5</ele><time>2022-06-20T13:45:50Z</time></trkpt>
<trkpt lat="37.079988" lon="-121.897318"><ele>417.3</ele><time>2022-06-20T13:45:54Z</time></trkpt>
<trkpt lat="37.080090" lon="-121.897380"><ele>417.0</ele><time>2022-06-20T13:46:00Z</time></trkpt>
<trkpt lat="37.080027" lon="-121.897470"><ele>416.8</ele><time>2022-06-20T13:46:05Z</time></trkpt>
<trkpt lat="37.080086" lon="-121.897482"><ele>416.7</ele><time>2022-06-20T13:46:07Z</time></trkpt>
<trkpt lat="37.080087" lon="-121.897452"><ele>416.6</ele><time>2022-06-20T13:46:09Z</time></trkpt>
<trkpt lat="37.080127" lon="-121.897498"><ele>416.5</ele><time>2022-06-20T13:46:12Z</time></trkpt>
<trkpt lat="37.080147" lon="-121.897630"><ele>416.2</ele><time>2022-06-20T13:46:17Z</time></trkpt>
<trkpt lat="37.080125" lon="-121.897882"><ele>414.1</ele><time>2022-06-20T13:46:20Z</time></trkpt>
<trkpt lat="37.079961" lon="-121.898370"><ele>411.0</ele><time>2022-06-20T13:46:26Z</time></trkpt>
<trkpt lat="37.079839" lon="-121.898515"><ele>409.8</ele><time>2022-06-20T13:46:28Z</time></trkpt>
<trkpt lat="37.079789" lon="-121.898661"><ele>406.1</ele><time>2022-06-20T13:46:30Z</time></trkpt>
<trkpt lat="37.079845" lon="-121.898744"><ele>402.5</ele><time>2022-06-20T13:46:32Z</time></trkpt>
<trkpt lat="37.080006" lon="-121.898481"><ele>406.2</ele><time>2022-06-20T13:46:34Z</time></trkpt>
<trkpt lat="37.080028" lon="-121.898382"><ele>407.3</ele><time>2022-06-20T13:46:35Z</time></trkpt>
<trkpt lat="37.080241" lon="-121.898425"><ele>402.5</ele><time>2022-06-20T13:46:37Z</time></trkpt>
<trkpt lat="37.080352" lon="-121.898344"><ele>400.2</ele><time>2022-06-20T13:46:39Z</time></trkpt>
<trkpt lat="37.080336" lon="-121.898504"><ele>398.5</ele><time>2022-06-20T13:46:41Z</time></trkpt>
<trkpt lat="37.080266" lon="-121.898607"><ele>397.6</ele><time>2022-06-20T13:46:43Z</time></trkpt>
<trkpt lat="37.080301" lon="-121.898712"><ele>394.9</ele><time>2022-06-20T13:46:44Z</time></trkpt>
<trkpt lat="37.080353" lon="-121.898752"><ele>392.7</ele><time>2022-06-20T13:46:45Z</time></trkpt>
<trkpt lat="37.080373" lon="-121.898694"><ele>393.3</ele><time>2022-06-20T13:46:46Z</time></trkpt>
<trkpt lat="37.080476" lon="-121.898607"><ele>392.8</ele><time>2022-06-20T13:46:47Z</time></trkpt>
<trkpt lat="37.080529" lon="-121.898780"><ele>387.3</ele><time>2022-06-20T13:46:49Z</time></trkpt>
<trkpt lat="37.080474" lon="-121.898843"><ele>388.9</ele><time>2022-06-20T13:46:50Z</time></trkpt>
<trkpt lat="37.080479" lon="-121.899027"><ele>387.7</ele><time>2022-06-20T13:46:52Z</time></trkpt>
<trkpt lat="37.080157" lon="-121.899290"><ele>391.1</ele><time>2022-06-20T13:46:57Z</time></trkpt>
<trkpt lat="37.080155" lon="-121.899485"><ele>389.4</ele><time>2022-06-20T13:47:00Z</time></trkpt>
<trkpt lat="37.080349" lon="-121.899227"><ele>387.5</ele><time>2022-06-20T13:47:01Z</time></trkpt>
<trkpt lat="37.080647" lon="-121.899055"><ele>385.2</ele><time>2022-06-20T13:47:04Z</time></trkpt>
<trkpt lat="37.080862" lon="-121.898842"><ele>383.4</ele><time>2022-06-20T13:47:09Z</time></trkpt>
<trkpt lat="37.080868" lon="-121.898705"><ele>383.0</ele><time>2022-06-20T13:47:10Z</time></trkpt>
<trkpt lat="37.080950" lon="-121.898464"><ele>382.4</ele><time>2022-06-20T13:47:13Z</time></trkpt>
<trkpt lat="37.081046" lon="-121.898287"><ele>382.0</ele><time>2022-06-20T13:47:15Z</time></trkpt>
<trkpt lat="37.081095" lon="-121.898258"><ele>381.8</ele><time>2022-06-20T13:47:16Z</time></trkpt>
<trkpt lat="37.081138" lon="-121.897809"><ele>380.6</ele><time>2022-06-20T13:47:21Z</time></trkpt>
<trkpt lat="37.081351" lon="-121.897303"><ele>378.2</ele><time>2022-06-20T13:47:28Z</time></trkpt>
<trkpt lat="37.081386" lon="-121.897032"><ele>376.1</ele><time>2022-06-20T13:47:31Z</time></trkpt>
<trkpt lat="37.081455" lon="-121.896991"><ele>375.3</ele><time>2022-06-20T13:47:32Z</time></trkpt>
<trkpt lat="37.081462" lon="-121.896763"><ele>373.6</ele><time>2022-06-20T13:47:35Z</time></trkpt>
<trkpt lat="37.081463" lon="-121.896644"><ele>368.7</ele><time>2022-06-20T13:47:37Z</time></trkpt>
<trkpt lat="37.081247" lon="-121.896387"><ele>368.2</ele><time>2022-06-20T13:47:42Z</time></trkpt>
<trkpt lat="37.081161" lon="-121.896393"><ele>371.4</ele><time>2022-06-20T13:47:43Z</time></trkpt>
<trkpt lat="37.081091" lon="-121.896250"><ele>371.0</ele><time>2022-06-20T13:47:45Z</time></trkpt>
<trkpt lat="37.081092" lon="-121.896188"><ele>370.8</ele><time>2022-06-20T13:47:46Z</time></trkpt>
<trkpt lat="37.081207" lon="-121.896068"><ele>369.7</ele><time>2022-06-20T13:47:48Z</time></trkpt>
<trkpt lat="37.081311" lon="-121.896061"><ele>368.7</ele><time>2022-06-20T13:47:49Z</time></trkpt>
<trkpt lat="37.081430" lon="-121.896315"><ele>366.6</ele><time>2022-06-20T13:47:53Z</time></trkpt>
<trkpt lat="37.081465" lon="-121.896484"><ele>365.7</ele><time>2022-06-20T13:47:55Z</time></trkpt>
<trkpt lat="37.081527" lon="-121.896521"><ele>365.3</ele><time>2022-06-20T13:47:56Z</time></trkpt>
<trkpt lat="37.081465" lon="-121.896438"><ele>364.7</ele><time>2022-06-20T13:47:57Z</time></trkpt>
<trkpt lat="37.081504" lon="-121.896416"><ele>364.4</ele><time>2022-06-20T13:47:58Z</time></trkpt>
<trkpt lat="37.081494" lon="-121.896506"><ele>363.8</ele><time>2022-06-20T13:47:59Z</time></trkpt>
<trkpt lat="37.081644" lon="-121.896876"><ele>361.5</ele><time>2022-06-20T13:48:06Z</time></trkpt>
<trkpt lat="37.081650" lon="-121.896963"><ele>361.0</ele><time>2022-06-20T13:48:09Z</time></trkpt>
<trkpt lat="37.081704" lon="-121.897004"><ele>360.5</ele><time>2022-06-20T13:48:10Z</time></trkpt>
<trkpt lat="37.081684" lon="-121.897129"><ele>359.7</ele><time>2022-06-20T13:48:11Z</time></trkpt>
<trkpt lat="37.081784" lon="-121.897180"><ele>358.8</ele><time>2022-06-20T13:48:12Z</time></trkpt>
<trkpt lat="37.081839" lon="-121.897304"><ele>358.0</ele><time>2022-06-20T13:48:16Z</time></trkpt>
<trkpt lat="37.081868" lon="-121.897311"><ele>357.8</ele><time>2022-06-20T13:48:17Z</time></trkpt>
<trkpt lat="37.081843" lon="-121.897382"><ele>357.4</ele><time>2022-06-20T13:48:18Z</time></trkpt>
<trkpt lat="37.081887" lon="-121.897471"><ele>356.8</ele><time>2022-06-20T13:48:20Z</time></trkpt>
<trkpt lat="37.081877" lon="-121.897626"><ele>357.1</ele><time>2022-06-20T13:48:24Z</time></trkpt>
<trkpt lat="37.081815" lon="-121.897833"><ele>361.0</ele><time>2022-06-20T13:48:29Z</time></trkpt>
<trkpt lat="37.081917" lon="-121.897865"><ele>357.5</ele><time>2022-06-20T13:48:31Z</time></trkpt>
<trkpt lat="37.081955" lon="-121.897842"><ele>353.9</ele><time>2022-06-20T13:48:33Z</time></trkpt>
<trkpt lat="37.082100" lon="-121.897866"><ele>347.3</ele><time>2022-06-20T13:48:35Z</time></trkpt>
<trkpt lat="37.081993" lon="-121.897818"><ele>352.1</ele><time>2022-06-20T13:48:36Z</time></trkpt>
<trkpt lat="37.082071" lon="-121.897851"><ele>348.8</ele><time>2022-06-20T13:48:37Z</time></trkpt>
<trkpt lat="37.082087" lon="-121.898108"><ele>348.7</ele><time>2022-06-20T13:48:40Z</time></trkpt>
<trkpt lat="37.082068" lon="-121.898168"><ele>344.9</ele><time>2022-06-20T13:48:41Z</time></trkpt>
<trkpt lat="37.082069" lon="-121.898335"><ele>340.9</ele><time>2022-06-20T13:48:43Z</time></trkpt>
<trkpt lat="37.081992" lon="-121.898430"><ele>342.4</ele><time>2022-06-20T13:48:44Z</time></trkpt>
<trkpt lat="37.082005" lon="-121.898805"><ele>338.6</ele><time>2022-06-20T13:48:54Z</time></trkpt>
<trkpt lat="37.082049" lon="-121.899135"><ele>336.6</ele><time>2022-06-20T13:49:05Z</time></trkpt>
<trkpt lat="37.082043" lon="-121.899517"><ele>335.1</ele><time>2022-06-20T13:49:14Z</time></trkpt>
<trkpt lat="37.081939" lon="-121.900117"><ele>334.0</ele><time>2022-06-20T13:49:30Z</time></trkpt>
<trkpt lat="37.081947" lon="-121.900322"><ele>333.9</ele><time>2022-06-20T13:49:39Z</time></trkpt>
<trkpt lat="37.081898" lon="-121.900455"><ele>334.0</ele><time>2022-06-20T13:49:44Z</time></trkpt>
<trkpt lat="37.081855" lon="-121.900481"><ele>334.0</ele><time>2022-06-20T13:49:54Z</time></trkpt>
<trkpt lat="37.081882" lon="-121.900490"><ele>334.0</ele><time>2022-06-20T13:49:56Z</time></trkpt>
<trkpt lat="37.081903" lon="-121.900452"><ele>334.0</ele><time>2022-06-20T13:49:57Z</time></trkpt>
<trkpt lat="37.081951" lon="-121.900519"><ele>334.1</ele><time>2022-06-20T13:50:00Z</time></trkpt>
<trkpt lat="37.081919" lon="-121.900545"><ele>334.1</ele><time>2022-06-20T13:50:02Z</time></trkpt>
<trkpt lat="37.081935" lon="-121.900573"><ele>334.0</ele><time>2022-06-20T13:50:09Z</time></trkpt>
<trkpt lat="37.081756" lon="-121.900583"><ele>333.6</ele><time>2022-06-20T13:50:32Z</time></trkpt>
<trkpt lat="37.081780" lon="-121.900769"><ele>333.1</ele><time>2022-06-20T13:50:35Z</time></trkpt>
<trkpt lat="37.081852" lon="-121.900895"><ele>332.2</ele><time>2022-06-20T13:50:37Z</time></trkpt>
<trkpt lat="37.081968" lon="-121.901009"><ele>330.8</ele><time>2022-06-20T13:50:39Z</time></trkpt>
<trkpt lat="37.082059" lon="-121.901292"><ele>327.8</ele><time>2022-06-20T13:50:42Z</time></trkpt>
<trkpt lat="37.082015" lon="-121.901428"><ele>326.4</ele><time>2022-06-20T13:50:43Z</time></trkpt>
<trkpt lat="37.081999" lon="-121.901729"><ele>324.2</ele><time>2022-06-20T13:50:46Z</time></trkpt>
<trkpt lat="37.082220" lon="-121.902298"><ele>321.6</ele><time>2022-06-20T13:50:53Z</time></trkpt>
<trkpt lat="37.082236" lon="-121.902394"><ele>321.3</ele><time>2022-06-20T13:50:54Z</time></trkpt>
<trkpt lat="37.082192" lon="-121.902493"><ele>320.9</ele><time>2022-06-20T13:50:55Z</time></trkpt>
<trkpt lat="37.082253" lon="-121.902658"><ele>320.0</ele><time>2022-06-20T13:50:58Z</time></trkpt>
<trkpt lat="37.082242" lon="-121.902883"><ele>318.9</ele><time>2022-06-20T13:51:01Z</time></trkpt>
<trkpt lat="37.082268" lon="-121.903032"><ele>318.2</ele><time>2022-06-20T13:51:03Z</time></trkpt>
<trkpt lat="37.082323" lon="-121.903123"><ele>317.7</ele><time>2022-06-20T13:51:04Z</time></trkpt>
<trkpt lat="37.082329" lon="-121.903292"><ele>317.0</ele><time>2022-06-20T13:51:07Z</time></trkpt>
<trkpt lat="37.082380" lon="-121.903483"><ele>316.4</ele><time>2022-06-20T13:51:10Z</time></trkpt>
<trkpt lat="37.082347" lon="-121.903736"><ele>315.8</ele><time>2022-06-20T13:51:14Z</time></trkpt>
<trkpt lat="37.082471" lon="-121.904206"><ele>313.0</ele><time>2022-06-20T13:51:19Z</time></trkpt>
<trkpt lat="37.082502" lon="-121.904284"><ele>312.5</ele><time>2022-06-20T13:51:20Z</time></trkpt>
<trkpt lat="37.082556" lon="-121.904301"><ele>312.2</ele><time>2022-06-20T13:51:21Z</time></trkpt>
<trkpt lat="37.082612" lon="-121.904223"><ele>311.7</ele><time>2022-06-20T13:51:22Z</time></trkpt>
<trkpt lat="37.082597" lon="-121.904083"><ele>311.0</ele><time>2022-06-20T13:51:23Z</time></trkpt>
<trkpt lat="37.082535" lon="-121.903987"><ele>310.2</ele><time>2022-06-20T13:51:24Z</time></trkpt>
<trkpt lat="37.082631" lon="-121.903840"><ele>308.9</ele><time>2022-06-20T13:51:26Z</time></trkpt>
<trkpt lat="37.082643" lon="-121.903707"><ele>308.2</ele><time>2022-06-20T13:51:28Z</time></trkpt>
<trkpt lat="37.082726" lon="-121.903529"><ele>307.3</ele><time>2022-06-20T13:51:31Z</time></trkpt>
<trkpt lat="37.082860" lon="-121.903416"><ele>306.4</ele><time>2022-06-20T13:51:34Z</time></trkpt>
<trkpt lat="37.082969" lon="-121.903388"><ele>305.8</ele><time>2022-06-20T13:51:35Z</time></trkpt>
<trkpt lat="37.082967" lon="-121.903647"><ele>304.2</ele><time>2022-06-20T13:51:37Z</time></trkpt>
<trkpt lat="37.082897" lon="-121.903926"><ele>301.6</ele><time>2022-06-20T13:51:40Z</time></trkpt>
<trkpt lat="37.082937" lon="-121.904128"><ele>300.0</ele><time>2022-06-20T13:51:42Z</time></trkpt>
<trkpt lat="37.082858" lon="-121.904242"><ele>299.1</ele><time>2022-06-20T13:51:44Z</time></trkpt>
<trkpt lat="37.082855" lon="-121.904364"><ele>298.5</ele><time>2022-06-20T13:51:46Z</time></trkpt>
<trkpt lat="37.083043" lon="-121.904270"><ele>296.9</ele><time>2022-06-20T13:51:48Z</time></trkpt>
<trkpt lat="37.083167" lon="-121.904013"><ele>294.6</ele><time>2022-06-20T13:51:51Z</time></trkpt>
<trkpt lat="37.083212" lon="-121.903824"><ele>293.1</ele><time>2022-06-20T13:51:53Z</time></trkpt>
<trkpt lat="37.083252" lon="-121.903783"><ele>292.7</ele><time>2022-06-20T13:51:54Z</time></trkpt>
<trkpt lat="37.083307" lon="-121.903731"><ele>292.0</ele><time>2022-06-20T13:51:55Z</time></trkpt>
<trkpt lat="37.083390" lon="-121.903828"><ele>290.7</ele><time>2022-06-20T13:51:57Z</time></trkpt>
<trkpt lat="37.083412" lon="-121.904053"><ele>288.5</ele><time>2022-06-20T13:51:59Z</time></trkpt>
<trkpt lat="37.083251" lon="-121.904540"><ele>284.4</ele><time>2022-06-20T13:52:05Z</time></trkpt>
<trkpt lat="37.083399" lon="-121.904488"><ele>282.4</ele><time>2022-06-20T13:52:07Z</time></trkpt>
<trkpt lat="37.083394" lon="-121.904393"><ele>281.2</ele><time>2022-06-20T13:52:08Z</time></trkpt>
<trkpt lat="37.083450" lon="-121.904433"><ele>280.3</ele><time>2022-06-20T13:52:10Z</time></trkpt>
<trkpt lat="37.083375" lon="-121.904581"><ele>278.3</ele><time>2022-06-20T13:52:12Z</time></trkpt>
<trkpt lat="37.083384" lon="-121.904686"><ele>277.3</ele><time>2022-06-20T13:52:13Z</time></trkpt>
<trkpt lat="37.083469" lon="-121.904803"><ele>275.8</ele><time>2022-06-20T13:52:15Z</time></trkpt>
<trkpt lat="37.083387" lon="-121.904916"><ele>274.6</ele><time>2022-06-20T13:52:17Z</time></trkpt>
<trkpt lat="37.083357" lon="-121.905013"><ele>274.0</ele><time>2022-06-20T13:52:19Z</time></trkpt>
<trkpt lat="37.083137" lon="-121.905281"><ele>272.1</ele><time>2022-06-20T13:52:25Z</time></trkpt>
<trkpt lat="37.083122" lon="-121.905493"><ele>271.4</ele><time>2022-06-20T13:52:28Z</time></trkpt>
<trkpt lat="37.083095" lon="-121.905535"><ele>271.2</ele><time>2022-06-20T13:52:29Z</time></trkpt>
<trkpt lat="37.083121" lon="-121.905596"><ele>271.0</ele><time>2022-06-20T13:52:30Z</time></trkpt>
<trkpt lat="37.083112" lon="-121.905824"><ele>270.3</ele><time>2022-06-20T13:52:33Z</time></trkpt>
<trkpt lat="37.083062" lon="-121.905980"><ele>269.6</ele><time>2022-06-20T13:52:35Z</time></trkpt>
<trkpt lat="37.083074" lon="-121.906024"><ele>269.3</ele><time>2022-06-20T13:52:36Z</time></trkpt>
<trkpt lat="37.083168" lon="-121.906022"><ele>268.3</ele><time>2022-06-20T13:52:38Z</time></trkpt>
<trkpt lat="37.083225" lon="-121.905939"><ele>267.4</ele><time>2022-06-20T13:52:39Z</time></trkpt>
<trkpt lat="37.083279" lon="-121.905714"><ele>265.1</ele><time>2022-06-20T13:52:41Z</time></trkpt>
<trkpt lat="37.083230" lon="-121.905473"><ele>263.2</ele><time>2022-06-20T13:52:44Z</time></trkpt>
<trkpt lat="37.083275" lon="-121.905405"><ele>262.5</ele><time>2022-06-20T13:52:45Z</time></trkpt>
<trkpt lat="37.083323" lon="-121.905352"><ele>261.9</ele><time>2022-06-20T13:52:46Z</time></trkpt>
<trkpt lat="37.083397" lon="-121.905383"><ele>261.1</ele><time>2022-06-20T13:52:47Z</time></trkpt>
<trkpt lat="37.083688" lon="-121.905348"><ele>258.2</ele><time>2022-06-20T13:52:51Z</time></trkpt>
<trkpt lat="37.083757" lon="-121.905214"><ele>257.1</ele><time>2022-06-20T13:52:53Z</time></trkpt>
<trkpt lat="37.083884" lon="-121.905106"><ele>256.1</ele><time>2022-06-20T13:52:55Z</time></trkpt>
<trkpt lat="37.083990" lon="-121.904923"><ele>255.3</ele><time>2022-06-20T13:52:58Z</time></trkpt>
<trkpt lat="37.084136" lon="-121.904862"><ele>254.4</ele><time>2022-06-20T13:53:01Z</time></trkpt>
<trkpt lat="37.084218" lon="-121.904887"><ele>253.7</ele><time>2022-06-20T13:53:03Z</time></trkpt>
<trkpt lat="37.084401" lon="-121.905045"><ele>252.0</ele><time>2022-06-20T13:53:06Z</time></trkpt>
<trkpt lat="37.084696" lon="-121.904857"><ele>249.6</ele><time>2022-06-20T13:53:12Z</time></trkpt>
<trkpt lat="37.084920" lon="-121.904923"><ele>248.6</ele><time>2022-06-20T13:53:16Z</time></trkpt>
<trkpt lat="37.085025" lon="-121.904777"><ele>247.7</ele><time>2022-06-20T13:53:21Z</time></trkpt>
<trkpt lat="37.084988" lon="-121.904714"><ele>247.4</ele><time>2022-06-20T13:53:22Z</time></trkpt>
<trkpt lat="37.085017" lon="-121.904349"><ele>247.2</ele><time>2022-06-20T13:53:29Z</time></trkpt>
<trkpt lat="37.084991" lon="-121.904228"><ele>247.6</ele><time>2022-06-20T13:53:33Z</time></trkpt>
<trkpt lat="37.085025" lon="-121.904081"><ele>248.6</ele><time>2022-06-20T13:53:39Z</time></trkpt>
<trkpt lat="37.084985" lon="-121.904003"><ele>249.3</ele><time>2022-06-20T13:53:42Z</time></trkpt>
<trkpt lat="37.084979" lon="-121.903891"><ele>250.0</ele><time>2022-06-20T13:53:48Z</time></trkpt>
<trkpt lat="37.084991" lon="-121.903838"><ele>250.4</ele><time>2022-06-20T13:53:51Z</time></trkpt>
<trkpt lat="37.085058" lon="-121.903852"><ele>250.9</ele><time>2022-06-20T13:53:54Z</time></trkpt>
<trkpt lat="37.085091" lon="-121.903780"><ele>251.4</ele><time>2022-06-20T13:53:56Z</time></trkpt>
<trkpt lat="37.085061" lon="-121.903789"><ele>251.7</ele><time>2022-06-20T13:54:00Z</time></trkpt>
<trkpt lat="37.085114" lon="-121.903780"><ele>252.1</ele><time>2022-06-20T13:54:02Z</time></trkpt>
<trkpt lat="37.085046" lon="-121.903767"><ele>252.7</ele><time>2022-06-20T13:54:07Z</time></trkpt>
<trkpt lat="37.085032" lon="-121.903812"><ele>252.9</ele><time>2022-06-20T13:54:08Z</time></trkpt>
<trkpt lat="37.085109" lon="-121.903658"><ele>253.9</ele><time>2022-06-20T13:54:16Z</time></trkpt>
<trkpt lat="37.085163" lon="-121.903662"><ele>254.3</ele><time>2022-06-20T13:54:40Z</time></trkpt>
<trkpt lat="37.085136" lon="-121.903677"><ele>254.6</ele><time>2022-06-20T13:54:43Z</time></trkpt>
<trkpt lat="37.085041" lon="-121.903582"><ele>255.5</ele><time>2022-06-20T13:55:33Z</time></trkpt>
<trkpt lat="37.085082" lon="-121.903513"><ele>256.3</ele><time>2022-06-20T13:55:38Z</time></trkpt>
<trkpt lat="37.085070" lon="-121.903269"><ele>257.9</ele><time>2022-06-20T13:55:51Z</time></trkpt>
<trkpt lat="37.084992" lon="-121.902784"><ele>261.4</ele><time>2022-06-20T13:56:12Z</time></trkpt>
<trkpt lat="37.084932" lon="-121.902589"><ele>263.2</ele><time>2022-06-20T13:56:21Z</time></trkpt>
<trkpt lat="37.084803" lon="-121.902406"><ele>265.2</ele><time>2022-06-20T13:56:32Z</time></trkpt>
<trkpt lat="37.084821" lon="-121.902372"><ele>265.5</ele><time>2022-06-20T13:56:33Z</time></trkpt>
<trkpt lat="37.084782" lon="-121.902312"><ele>266.1</ele><time>2022-06-20T13:56:36Z</time></trkpt>
<trkpt lat="37.084379" lon="-121.901841"><ele>270.1</ele><time>2022-06-20T13:57:12Z</time></trkpt>
<trkpt lat="37.084397" lon="-121.901807"><ele>270.4</ele><time>2022-06-20T13:57:13Z</time></trkpt>
<trkpt lat="37.084257" lon="-121.901544"><ele>272.3</ele><time>2022-06-20T13:57:28Z</time></trkpt>
<trkpt lat="37.083895" lon="-121.901431"><ele>276.8</ele><time>2022-06-20T13:57:51Z</time></trkpt>
<trkpt lat="37.083779" lon="-121.901440"><ele>278.2</ele><time>2022-06-20T13:57:58Z</time></trkpt>
<trkpt lat="37.083724" lon="-121.901488"><ele>278.9</ele><time>2022-06-20T13:58:03Z</time></trkpt>
<trkpt lat="37.083728" lon="-121.901585"><ele>279.5</ele><time>2022-06-20T13:58:07Z</time></trkpt>
<trkpt lat="37.083818" lon="-121.901761"><ele>280.4</ele><time>2022-06-20T13:58:15Z</time></trkpt>
<trkpt lat="37.083778" lon="-121.901818"><ele>280.7</ele><time>2022-06-20T13:58:17Z</time></trkpt>
<trkpt lat="37.083809" lon="-121.901837"><ele>280.9</ele><time>2022-06-20T13:58:18Z</time></trkpt>
<trkpt lat="37.083890" lon="-121.902131"><ele>282.7</ele><time>2022-06-20T13:58:33Z</time></trkpt>
<trkpt lat="37.083960" lon="-121.902239"><ele>283.6</ele><time>2022-06-20T13:58:39Z</time></trkpt>
<trkpt lat="37.084038" lon="-121.902570"><ele>286.2</ele><time>2022-06-20T13:58:55Z</time></trkpt>
<trkpt lat="37.083967" lon="-121.902814"><ele>287.8</ele><time>2022-06-20T13:59:06Z</time></trkpt>
<trkpt lat="37.083894" lon="-121.902880"><ele>288.6</ele><time>2022-06-20T13:59:10Z</time></trkpt>
<trkpt lat="37.083699" lon="-121.902920"><ele>290.4</ele><time>2022-06-20T13:59:19Z</time></trkpt>
<trkpt lat="37.083589" lon="-121.902902"><ele>291.4</ele><time>2022-06-20T13:59:24Z</time></trkpt>
<trkpt lat="37.083470" lon="-121.902861"><ele>292.5</ele><time>2022-06-20T13:59:32Z</time></trkpt>
<trkpt lat="37.083457" lon="-121.902754"><ele>293.3</ele><time>2022-06-20T13:59:34Z</time></trkpt>
<trkpt lat="37.083248" lon="-121.902697"><ele>295.6</ele><time>2022-06-20T13:59:48Z</time></trkpt>
<trkpt lat="37.083103" lon="-121.902603"><ele>297.6</ele><time>2022-06-20T13:59:58Z</time></trkpt>
<trkpt lat="37.082984" lon="-121.902620"><ele>299.1</ele><time>2022-06-20T14:00:05Z</time></trkpt>
<trkpt lat="37.082829" lon="-121.902513"><ele>301.5</ele><time>2022-06-20T14:00:17Z</time></trkpt>
<trkpt lat="37.082829" lon="-121.902323"><ele>303.2</ele><time>2022-06-20T14:00:24Z</time></trkpt>
<trkpt lat="37.082646" lon="-121.901909"><ele>307.4</ele><time>2022-06-20T14:00:48Z</time></trkpt>
<trkpt lat="37.082507" lon="-121.901402"><ele>312.3</ele><time>2022-06-20T14:01:14Z</time></trkpt>
<trkpt lat="37.082311" lon="-121.900974"><ele>318.3</ele><time>2022-06-20T14:01:48Z</time></trkpt>
<trkpt lat="37.082256" lon="-121.900770"><ele>321.8</ele><time>2022-06-20T14:02:11Z</time></trkpt>
<trkpt lat="37.082195" lon="-121.900697"><ele>323.4</ele><time>2022-06-20T14:02:18Z</time></trkpt>
<trkpt lat="37.082130" lon="-121.900680"><ele>324.6</ele><time>2022-06-20T14:02:22Z</time></trkpt>
<trkpt lat="37.082064" lon="-121.900585"><ele>326.9</ele><time>2022-06-20T14:02:32Z</time></trkpt>
<trkpt lat="37.082082" lon="-121.900590"><ele>327.1</ele><time>2022-06-20T14:02:34Z</time></trkpt>
<trkpt lat="37.082056" lon="-121.900747"><ele>329.2</ele><time>2022-06-20T14:02:43Z</time></trkpt>
<trkpt lat="37.081980" lon="-121.900774"><ele>330.1</ele><time>2022-06-20T14:02:45Z</time></trkpt>
<trkpt lat="37.081914" lon="-121.900933"><ele>331.2</ele><time>2022-06-20T14:02:55Z</time></trkpt>
<trkpt lat="37.081921" lon="-121.900976"><ele>331.3</ele><time>2022-06-20T14:02:58Z</time></trkpt>
<trkpt lat="37.081809" lon="-121.901017"><ele>331.8</ele><time>2022-06-20T14:03:03Z</time></trkpt>
<trkpt lat="37.081788" lon="-121.901044"><ele>332.0</ele><time>2022-06-20T14:03:05Z</time></trkpt>
<trkpt lat="37.081800" lon="-121.901105"><ele>332.2</ele><time>2022-06-20T14:03:06Z</time></trkpt>
<trkpt lat="37.081741" lon="-121.901080"><ele>332.7</ele><time>2022-06-20T14:03:14Z</time></trkpt>
<trkpt lat="37.081744" lon="-121.901046"><ele>332.9</ele><time>2022-06-20T14:03:15Z</time></trkpt>
<trkpt lat="37.081653" lon="-121.900966"><ele>334.6</ele><time>2022-06-20T14:03:23Z</time></trkpt>
<trkpt lat="37.081709" lon="-121.901087"><ele>336.5</ele><time>2022-06-20T14:03:30Z</time></trkpt>
<trkpt lat="37.081693" lon="-121.901071"><ele>336.9</ele><time>2022-06-20T14:03:32Z</time></trkpt>
<trkpt lat="37.081719" lon="-121.901022"><ele>337.7</ele><time>2022-06-20T14:03:35Z</time></trkpt>
<trkpt lat="37.081683" lon="-121.901057"><ele>338.4</ele><time>2022-06-20T14:04:17Z</time></trkpt>
<trkpt lat="37.081570" lon="-121.900945"><ele>340.8</ele><time>2022-06-20T14:04:28Z</time></trkpt>
<trkpt lat="37.081482" lon="-121.900696"><ele>344.4</ele><time>2022-06-20T14:04:44Z</time></trkpt>
<trkpt lat="37.081491" lon="-121.900552"><ele>346.0</ele><time>2022-06-20T14:04:52Z</time></trkpt>
<trkpt lat="37.081430" lon="-121.900488"><ele>347.2</ele><time>2022-06-20T14:04:56Z</time></trkpt>
<trkpt lat="37.081477" lon="-121.900375"><ele>348.7</ele><time>2022-06-20T14:05:01Z</time></trkpt>
<trkpt lat="37.081311" lon="-121.899437"><ele>359.7</ele><time>2022-06-20T14:06:10Z</time></trkpt>
<trkpt lat="37.081303" lon="-121.898687"><ele>366.2</ele><time>2022-06-20T14:06:57Z</time></trkpt>
<trkpt lat="37.081335" lon="-121.898033"><ele>373.9</ele><time>2022-06-20T14:07:48Z</time></trkpt>
<trkpt lat="37.081342" lon="-121.898059"><ele>374.2</ele><time>2022-06-20T14:07:49Z</time></trkpt>
<trkpt lat="37.081330" lon="-121.897941"><ele>375.4</ele><time>2022-06-20T14:07:56Z</time></trkpt>
<trkpt lat="37.081150" lon="-121.897655"><ele>378.9</ele><time>2022-06-20T14:08:17Z</time></trkpt>
<trkpt lat="37.081154" lon="-121.897401"><ele>382.0</ele><time>2022-06-20T14:08:31Z</time></trkpt>
<trkpt lat="37.081141" lon="-121.897418"><ele>382.2</ele><time>2022-06-20T14:08:32Z</time></trkpt>
<trkpt lat="37.081167" lon="-121.897412"><ele>382.6</ele><time>2022-06-20T14:08:34Z</time></trkpt>
<trkpt lat="37.081148" lon="-121.897284"><ele>384.2</ele><time>2022-06-20T14:08:41Z</time></trkpt>
<trkpt lat="37.081194" lon="-121.897244"><ele>385.1</ele><time>2022-06-20T14:08:45Z</time></trkpt>
<trkpt lat="37.081145" lon="-121.897140"><ele>386.6</ele><time>2022-06-20T14:08:54Z</time></trkpt>
<trkpt lat="37.081147" lon="-121.897046"><ele>387.8</ele><time>2022-06-20T14:08:58Z</time></trkpt>
<trkpt lat="37.081165" lon="-121.897055"><ele>388.1</ele><time>2022-06-20T14:09:00Z</time></trkpt>
<trkpt lat="37.081091" lon="-121.896909"><ele>390.3</ele><time>2022-06-20T14:09:08Z</time></trkpt>
<trkpt lat="37.080988" lon="-121.896822"><ele>392.8</ele><time>2022-06-20T14:09:23Z</time></trkpt>
<trkpt lat="37.080999" lon="-121.896889"><ele>394.1</ele><time>2022-06-20T14:09:35Z</time></trkpt>
<trkpt lat="37.080941" lon="-121.896989"><ele>395.7</ele><time>2022-06-20T14:09:45Z</time></trkpt>
<trkpt lat="37.080860" lon="-121.897003"><ele>396.9</ele><time>2022-06-20T14:09:49Z</time></trkpt>
<trkpt lat="37.080543" lon="-121.897545"><ele>402.0</ele><time>2022-06-20T14:10:20Z</time></trkpt>
<trkpt lat="37.080547" lon="-121.897782"><ele>403.8</ele><time>2022-06-20T14:10:35Z</time></trkpt>
<trkpt lat="37.080522" lon="-121.897863"><ele>404.5</ele><time>2022-06-20T14:10:40Z</time></trkpt>
<trkpt lat="37.080480" lon="-121.897919"><ele>405.2</ele><time>2022-06-20T14:10:45Z</time></trkpt>
<trkpt lat="37.080270" lon="-121.898026"><ele>407.8</ele><time>2022-06-20T14:10:57Z</time></trkpt>
<trkpt lat="37.080188" lon="-121.898015"><ele>409.0</ele><time>2022-06-20T14:11:03Z</time></trkpt>
<trkpt lat="37.080150" lon="-121.897960"><ele>410.3</ele><time>2022-06-20T14:11:08Z</time></trkpt>
<trkpt lat="37.080074" lon="-121.897961"><ele>411.6</ele><time>2022-06-20T14:11:13Z</time></trkpt>
<trkpt lat="37.080037" lon="-121.897908"><ele>412.5</ele><time>2022-06-20T14:11:18Z</time></trkpt>
<trkpt lat="37.079973" lon="-121.897596"><ele>415.8</ele><time>2022-06-20T14:11:42Z</time></trkpt>
<trkpt lat="37.080032" lon="-121.897530"><ele>416.2</ele><time>2022-06-20T14:11:47Z</time></trkpt>
<trkpt lat="37.080055" lon="-121.897682"><ele>416.8</ele><time>2022-06-20T14:12:17Z</time></trkpt>
<trkpt lat="37.080093" lon="-121.897683"><ele>417.0</ele><time>2022-06-20T14:12:21Z</time></trkpt>
<trkpt lat="37.080007" lon="-121.897689"><ele>417.4</ele><time>2022-06-20T14:12:28Z</time></trkpt>
<trkpt lat="37.080049" lon="-121.897703"><ele>417.6</ele><time>2022-06-20T14:12:29Z</time></trkpt>
<trkpt lat="37.080098" lon="-121.897645"><ele>418.1</ele><time>2022-06-20T14:12:40Z</time></trkpt>
<trkpt lat="37.080007" lon="-121.897446"><ele>418.9</ele><time>2022-06-20T14:14:56Z</time></trkpt>
<trkpt lat="37.080039" lon="-121.897506"><ele>419.1</ele><time>2022-06-20T14:15:00Z</time></trkpt>
<trkpt lat="37.080076" lon="-121.897486"><ele>419.3</ele><time>2022-06-20T14:15:04Z</time></trkpt>
<trkpt lat="37.080012" lon="-121.897468"><ele>419.6</ele><time>2022-06-20T14:15:06Z</time></trkpt>
<trkpt lat="37.080115" lon="-121.897480"><ele>420.0</ele><time>2022-06-20T14:15:11Z</time></trkpt>
<trkpt lat="37.079975" lon="-121.897464"><ele>420.5</ele><time>2022-06-20T14:15:57Z</time></trkpt>
<trkpt lat="37.079992" lon="-121.897500"><ele>420.6</ele><time>2022-06-20T14:15:58Z</time></trkpt>
<trkpt lat="37.079968" lon="-121.897458"><ele>420.8</ele><time>2022-06-20T14:16:01Z</time></trkpt>
<trkpt lat="37.080012" lon="-121.897545"><ele>421.1</ele><time>2022-06-20T14:16:04Z</time></trkpt>
<trkpt lat="37.079990" lon="-121.897559"><ele>421.2</ele><time>2022-06-20T14:16:05Z</time></trkpt>
<trkpt lat="37.079989" lon="-121.897513"><ele>421.4</ele><time>2022-06-20T14:16:07Z</time></trkpt>
<trkpt lat="37.080036" lon="-121.897499"><ele>421.6</ele><time>2022-06-20T14:16:14Z</time></trkpt>
<trkpt lat="37.079948" lon="-121.897338"><ele>422.1</ele><time>2022-06-20T14:16:36Z</time></trkpt>
<trkpt lat="37.079930" lon="-121.897137"><ele>422.7</ele><time>2022-06-20T14:16:41Z</time></trkpt>
<trkpt lat="37.079982" lon="-121.897094"><ele>423.0</ele><time>2022-06-20T14:16:49Z</time></trkpt>
<trkpt lat="37.079980" lon="-121.897036"><ele>422.6</ele><time>2022-06-20T14:16:53Z</time></trkpt>
<trkpt lat="37.080059" lon="-121.897712"><ele>414.9</ele><time>2022-06-20T14:17:02Z</time></trkpt>
<trkpt lat="37.080116" lon="-121.898020"><ele>413.2</ele><time>2022-06-20T14:17:06Z</time></trkpt>
<trkpt lat="37.080061" lon="-121.898277"><ele>411.8</ele><time>2022-06-20T14:17:10Z</time></trkpt>
<trkpt lat="37.079953" lon="-121.898410"><ele>411.6</ele><time>2022-06-20T14:17:12Z</time></trkpt>
<trkpt lat="37.079915" lon="-121.898515"><ele>410.1</ele><time>2022-06-20T14:17:14Z</time></trkpt>
<trkpt lat="37.079922" lon="-121.898488"><ele>410.7</ele><time>2022-06-20T14:17:15Z</time></trkpt>
<trkpt lat="37.079950" lon="-121.898505"><ele>409.3</ele><time>2022-06-20T14:17:16Z</time></trkpt>
<trkpt lat="37.079985" lon="-121.898384"><ele>410.5</ele><time>2022-06-20T14:17:20Z</time></trkpt>
<trkpt lat="37.080072" lon="-121.898271"><ele>410.4</ele><time>2022-06-20T14:17:22Z</time></trkpt>
<trkpt lat="37.080164" lon="-121.898298"><ele>408.4</ele><time>2022-06-20T14:17:24Z</time></trkpt>
<trkpt lat="37.080216" lon="-121.898439"><ele>405.0</ele><time>2022-06-20T14:17:26Z</time></trkpt>
<trkpt lat="37.080193" lon="-121.898474"><ele>404.9</ele><time>2022-06-20T14:17:27Z</time></trkpt>
<trkpt lat="37.080282" lon="-121.898412"><ele>404.0</ele><time>2022-06-20T14:17:29Z</time></trkpt>
<trkpt lat="37.080198" lon="-121.898423"><ele>405.4</ele><time>2022-06-20T14:17:30Z</time></trkpt>
<trkpt lat="37.080311" lon="-121.898501"><ele>402.5</ele><time>2022-06-20T14:17:33Z</time></trkpt>
<trkpt lat="37.080347" lon="-121.898611"><ele>399.0</ele><time>2022-06-20T14:17:35Z</time></trkpt>
<trkpt lat="37.080319" lon="-121.898617"><ele>399.5</ele><time>2022-06-20T14:17:36Z</time></trkpt>
<trkpt lat="37.080265" lon="-121.898825"><ele>396.3</ele><time>2022-06-20T14:17:41Z</time></trkpt>
<trkpt lat="37.080286" lon="-121.898860"><ele>395.1</ele><time>2022-06-20T14:17:42Z</time></trkpt>
<trkpt lat="37.080234" lon="-121.898883"><ele>396.6</ele><time>2022-06-20T14:17:44Z</time></trkpt>
<trkpt lat="37.080249" lon="-121.898801"><ele>396.5</ele><time>2022-06-20T14:17:46Z</time></trkpt>
<trkpt lat="37.080293" lon="-121.898778"><ele>395.8</ele><time>2022-06-20T14:17:47Z</time></trkpt>
<trkpt lat="37.080260" lon="-121.898819"><ele>395.9</ele><time>2022-06-20T14:17:48Z</time></trkpt>
<trkpt lat="37.080439" lon="-121.898925"><ele>392.0</ele><time>2022-06-20T14:17:51Z</time></trkpt>
<trkpt lat="37.080490" lon="-121.898895"><ele>391.3</ele><time>2022-06-20T14:17:53Z</time></trkpt>
<trkpt lat="37.080571" lon="-121.898702"><ele>389.8</ele><time>2022-06-20T14:17:58Z</time></trkpt>
<trkpt lat="37.080739" lon="-121.898555"><ele>384.5</ele><time>2022-06-20T14:18:04Z</time></trkpt>
<trkpt lat="37.080746" lon="-121.898358"><ele>388.9</ele><time>2022-06-20T14:18:07Z</time></trkpt>
<trkpt lat="37.080795" lon="-121.898310"><ele>387.9</ele><time>2022-06-20T14:18:08Z</time></trkpt>
<trkpt lat="37.080817" lon="-121.898112"><ele>389.6</ele><time>2022-06-20T14:18:11Z</time></trkpt>
<trkpt lat="37.080905" lon="-121.897987"><ele>386.7</ele><time>2022-06-20T14:18:14Z</time></trkpt>
<trkpt lat="37.080919" lon="-121.897946"><ele>386.7</ele><time>2022-06-20T14:18:15Z</time></trkpt>
<trkpt lat="37.080890" lon="-121.897865"><ele>388.5</ele><time>2022-06-20T14:18:16Z</time></trkpt>
<trkpt lat="37.080942" lon="-121.897782"><ele>386.7</ele><time>2022-06-20T14:18:18Z</time></trkpt>
<trkpt lat="37.080924" lon="-121.897684"><ele>389.1</ele><time>2022-06-20T14:18:20Z</time></trkpt>
<trkpt lat="37.080950" lon="-121.897477"><ele>387.1</ele><time>2022-06-20T14:18:27Z</time></trkpt>
<trkpt lat="37.080907" lon="-121.897092"><ele>390.7</ele><time>2022-06-20T14:18:32Z</time></trkpt>
<trkpt lat="37.080950" lon="-121.897133"><ele>389.0</ele><time>2022-06-20T14:18:33Z</time></trkpt>
<trkpt lat="37.080985" lon="-121.897084"><ele>388.6</ele><time>2022-06-20T14:18:34Z</time></trkpt>
<trkpt lat="37.081247" lon="-121.896950"><ele>380.8</ele><time>2022-06-20T14:18:38Z</time></trkpt>
<trkpt lat="37.081318" lon="-121.896974"><ele>377.4</ele><time>2022-06-20T14:18:39Z</time></trkpt>
<trkpt lat="37.081279" lon="-121.896972"><ele>379.2</ele><time>2022-06-20T14:18:40Z</time></trkpt>
<trkpt lat="37.081411" lon="-121.896816"><ele>369.5</ele><time>2022-06-20T14:18:42Z</time></trkpt>
<trkpt lat="37.081528" lon="-121.896833"><ele>365.3</ele><time>2022-06-20T14:18:45Z</time></trkpt>
<trkpt lat="37.081624" lon="-121.896925"><ele>361.9</ele><time>2022-06-20T14:18:49Z</time></trkpt>
<trkpt lat="37.081673" lon="-121.897003"><ele>361.2</ele><time>2022-06-20T14:18:52Z</time></trkpt>
<trkpt lat="37.081707" lon="-121.897159"><ele>360.0</ele><time>2022-06-20T14:18:54Z</time></trkpt>
<trkpt lat="37.081777" lon="-121.897270"><ele>358.9</ele><time>2022-06-20T14:18:55Z</time></trkpt>
<trkpt lat="37.081796" lon="-121.897430"><ele>357.7</ele><time>2022-06-20T14:18:57Z</time></trkpt>
<trkpt lat="37.082053" lon="-121.897576"><ele>355.7</ele><time>2022-06-20T14:19:01Z</time></trkpt>
<trkpt lat="37.082094" lon="-121.897661"><ele>355.1</ele><time>2022-06-20T14:19:02Z</time></trkpt>
<trkpt lat="37.082099" lon="-121.897739"><ele>354.6</ele><time>2022-06-20T14:19:03Z</time></trkpt>
<trkpt lat="37.082059" lon="-121.897827"><ele>353.7</ele><time>2022-06-20T14:19:04Z</time></trkpt>
<trkpt lat="37.081943" lon="-121.897987"><ele>352.0</ele><time>2022-06-20T14:19:06Z</time></trkpt>
<trkpt lat="37.081930" lon="-121.898140"><ele>351.1</ele><time>2022-06-20T14:19:08Z</time></trkpt>
<trkpt lat="37.081900" lon="-121.898194"><ele>350.7</ele><time>2022-06-20T14:19:09Z</time></trkpt>
<trkpt lat="37.081930" lon="-121.898232"><ele>350.4</ele><time>2022-06-20T14:19:10Z</time></trkpt>
<trkpt lat="37.081927" lon="-121.898294"><ele>349.9</ele><time>2022-06-20T14:19:11Z</time></trkpt>
<trkpt lat="37.082007" lon="-121.898286"><ele>349.0</ele><time>2022-06-20T14:19:13Z</time></trkpt>
<trkpt lat="37.082047" lon="-121.898184"><ele>347.8</ele><time>2022-06-20T14:19:15Z</time></trkpt>
<trkpt lat="37.082050" lon="-121.898048"><ele>346.5</ele><time>2022-06-20T14:19:17Z</time></trkpt>
<trkpt lat="37.082243" lon="-121.897953"><ele>344.2</ele><time>2022-06-20T14:19:20Z</time></trkpt>
<trkpt lat="37.082249" lon="-121.898107"><ele>343.0</ele><time>2022-06-20T14:19:23Z</time></trkpt>
<trkpt lat="37.082169" lon="-121.898165"><ele>342.3</ele><time>2022-06-20T14:19:24Z</time></trkpt>
<trkpt lat="37.082156" lon="-121.898386"><ele>341.1</ele><time>2022-06-20T14:19:27Z</time></trkpt>
<trkpt lat="37.082100" lon="-121.898504"><ele>340.4</ele><time>2022-06-20T14:19:29Z</time></trkpt>
<trkpt lat="37.082108" lon="-121.898565"><ele>340.0</ele><time>2022-06-20T14:19:30Z</time></trkpt>
<trkpt lat="37.082019" lon="-121.898690"><ele>338.7</ele><time>2022-06-20T14:19:32Z</time></trkpt>
<trkpt lat="37.082069" lon="-121.898989"><ele>336.7</ele><time>2022-06-20T14:19:35Z</time></trkpt>
<trkpt lat="37.082128" lon="-121.899151"><ele>335.8</ele><time>2022-06-20T14:19:37Z</time></trkpt>
<trkpt lat="37.082066" lon="-121.899285"><ele>335.2</ele><time>2022-06-20T14:19:39Z</time></trkpt>
<trkpt lat="37.082110" lon="-121.899510"><ele>334.5</ele><time>2022-06-20T14:19:42Z</time></trkpt>
<trkpt lat="37.081959" lon="-121.899904"><ele>333.9</ele><time>2022-06-20T14:19:48Z</time></trkpt>
<trkpt lat="37.081983" lon="-121.900169"><ele>334.0</ele><time>2022-06-20T14:19:53Z</time></trkpt>
<trkpt lat="37.081855" lon="-121.900371"><ele>334.0</ele><time>2022-06-20T14:20:02Z</time></trkpt>
<trkpt lat="37.081865" lon="-121.900606"><ele>333.6</ele><time>2022-06-20T14:20:55Z</time></trkpt>
<trkpt lat="37.081830" lon="-121.900753"><ele>333.1</ele><time>2022-06-20T14:20:57Z</time></trkpt>
<trkpt lat="37.081858" lon="-121.900896"><ele>332.1</ele><time>2022-06-20T14:20:59Z</time></trkpt>
<trkpt lat="37.081935" lon="-121.900996"><ele>331.1</ele><time>2022-06-20T14:21:01Z</time></trkpt>
<trkpt lat="37.082036" lon="-121.901381"><ele>327.2</ele><time>2022-06-20T14:21:05Z</time></trkpt>
<trkpt lat="37.081960" lon="-121.901599"><ele>325.2</ele><time>2022-06-20T14:21:07Z</time></trkpt>
<trkpt lat="37.081956" lon="-121.901708"><ele>324.5</ele><time>2022-06-20T14:21:08Z</time></trkpt>
<trkpt lat="37.082098" lon="-121.901970"><ele>322.8</ele><time>2022-06-20T14:21:11Z</time></trkpt>
<trkpt lat="37.082132" lon="-121.902179"><ele>322.1</ele><time>2022-06-20T14:21:13Z</time></trkpt>
<trkpt lat="37.082216" lon="-121.902348"><ele>321.5</ele><time>2022-06-20T14:21:15Z</time></trkpt>
<trkpt lat="37.082173" lon="-121.902509"><ele>321.0</ele><time>2022-06-20T14:21:17Z</time></trkpt>
<trkpt lat="37.082258" lon="-121.902682"><ele>320.0</ele><time>2022-06-20T14:21:20Z</time></trkpt>
<trkpt lat="37.082259" lon="-121.903046"><ele>318.3</ele><time>2022-06-20T14:21:24Z</time></trkpt>
<trkpt lat="37.082315" lon="-121.903181"><ele>317.6</ele><time>2022-06-20T14:21:26Z</time></trkpt>
<trkpt lat="37.082313" lon="-121.903410"><ele>316.8</ele><time>2022-06-20T14:21:29Z</time></trkpt>
<trkpt lat="37.082360" lon="-121.903552"><ele>316.4</ele><time>2022-06-20T14:21:31Z</time></trkpt>
<trkpt lat="37.082301" lon="-121.903739"><ele>315.9</ele><time>2022-06-20T14:21:34Z</time></trkpt>
<trkpt lat="37.082479" lon="-121.904335"><ele>312.5</ele><time>2022-06-20T14:21:41Z</time></trkpt>
<trkpt lat="37.082545" lon="-121.904293"><ele>312.1</ele><time>2022-06-20T14:21:42Z</time></trkpt>
<trkpt lat="37.082546" lon="-121.904090"><ele>311.1</ele><time>2022-06-20T14:21:44Z</time></trkpt>
<trkpt lat="37.082518" lon="-121.903990"><ele>310.4</ele><time>2022-06-20T14:21:45Z</time></trkpt>
<trkpt lat="37.082609" lon="-121.903736"><ele>308.6</ele><time>2022-06-20T14:21:49Z</time></trkpt>
<trkpt lat="37.082668" lon="-121.903669"><ele>308.1</ele><time>2022-06-20T14:21:50Z</time></trkpt>
<trkpt lat="37.082718" lon="-121.903518"><ele>307.4</ele><time>2022-06-20T14:21:52Z</time></trkpt>
<trkpt lat="37.082788" lon="-121.903491"><ele>307.0</ele><time>2022-06-20T14:21:53Z</time></trkpt>
<trkpt lat="37.082856" lon="-121.903366"><ele>306.4</ele><time>2022-06-20T14:21:55Z</time></trkpt>
<trkpt lat="37.082919" lon="-121.903389"><ele>306.0</ele><time>2022-06-20T14:21:56Z</time></trkpt>
<trkpt lat="37.082952" lon="-121.903611"><ele>304.8</ele><time>2022-06-20T14:21:58Z</time></trkpt>
<trkpt lat="37.082882" lon="-121.903811"><ele>303.2</ele><time>2022-06-20T14:22:00Z</time></trkpt>
<trkpt lat="37.082942" lon="-121.904127"><ele>300.4</ele><time>2022-06-20T14:22:03Z</time></trkpt>
<trkpt lat="37.082846" lon="-121.904252"><ele>299.3</ele><time>2022-06-20T14:22:05Z</time></trkpt>
<trkpt lat="37.082826" lon="-121.904321"><ele>298.9</ele><time>2022-06-20T14:22:06Z</time></trkpt>
<trkpt lat="37.082868" lon="-121.904358"><ele>298.6</ele><time>2022-06-20T14:22:07Z</time></trkpt>
<trkpt lat="37.082951" lon="-121.904303"><ele>298.0</ele><time>2022-06-20T14:22:08Z</time></trkpt>
<trkpt lat="37.083133" lon="-121.904010"><ele>295.3</ele><time>2022-06-20T14:22:12Z</time></trkpt>
<trkpt lat="37.083192" lon="-121.903856"><ele>294.1</ele><time>2022-06-20T14:22:14Z</time></trkpt>
<trkpt lat="37.083295" lon="-121.903738"><ele>292.9</ele><time>2022-06-20T14:22:16Z</time></trkpt>
<trkpt lat="37.083345" lon="-121.903740"><ele>292.4</ele><time>2022-06-20T14:22:17Z</time></trkpt>
<trkpt lat="37.083380" lon="-121.903830"><ele>291.6</ele><time>2022-06-20T14:22:18Z</time></trkpt>
<trkpt lat="37.083406" lon="-121.904165"><ele>288.4</ele><time>2022-06-20T14:22:21Z</time></trkpt>
<trkpt lat="37.083235" lon="-121.904495"><ele>285.5</ele><time>2022-06-20T14:22:25Z</time></trkpt>
<trkpt lat="37.083286" lon="-121.904541"><ele>284.9</ele><time>2022-06-20T14:22:26Z</time></trkpt>
<trkpt lat="37.083339" lon="-121.904519"><ele>284.3</ele><time>2022-06-20T14:22:27Z</time></trkpt>
<trkpt lat="37.083407" lon="-121.904351"><ele>282.3</ele><time>2022-06-20T14:22:29Z</time></trkpt>
<trkpt lat="37.083429" lon="-121.904372"><ele>281.9</ele><time>2022-06-20T14:22:30Z</time></trkpt>
<trkpt lat="37.083409" lon="-121.904647"><ele>278.8</ele><time>2022-06-20T14:22:33Z</time></trkpt>
<trkpt lat="37.083438" lon="-121.904714"><ele>278.0</ele><time>2022-06-20T14:22:34Z</time></trkpt>
<trkpt lat="37.083498" lon="-121.904754"><ele>277.2</ele><time>2022-06-20T14:22:36Z</time></trkpt>
<trkpt lat="37.083159" lon="-121.905145"><ele>273.1</ele><time>2022-06-20T14:22:43Z</time></trkpt>
<trkpt lat="37.083118" lon="-121.905245"><ele>272.6</ele><time>2022-06-20T14:22:45Z</time></trkpt>
<trkpt lat="37.083067" lon="-121.905543"><ele>271.4</ele><time>2022-06-20T14:22:48Z</time></trkpt>
<trkpt lat="37.083140" lon="-121.905633"><ele>271.0</ele><time>2022-06-20T14:22:50Z</time></trkpt>
<trkpt lat="37.083163" lon="-121.905719"><ele>270.1</ele><time>2022-06-20T14:22:51Z</time></trkpt>
<trkpt lat="37.083141" lon="-121.905796"><ele>272.8</ele><time>2022-06-20T14:22:52Z</time></trkpt>
<trkpt lat="37.083145" lon="-121.905947"><ele>272.5</ele><time>2022-06-20T14:22:54Z</time></trkpt>
<trkpt lat="37.083119" lon="-121.906006"><ele>274.7</ele><time>2022-06-20T14:22:55Z</time></trkpt>
<trkpt lat="37.083207" lon="-121.906053"><ele>268.5</ele><time>2022-06-20T14:22:57Z</time></trkpt>
<trkpt lat="37.083254" lon="-121.906010"><ele>267.8</ele><time>2022-06-20T14:22:58Z</time></trkpt>
<trkpt lat="37.083310" lon="-121.905785"><ele>265.7</ele><time>2022-06-20T14:23:00Z</time></trkpt>
<trkpt lat="37.083237" lon="-121.905524"><ele>263.5</ele><time>2022-06-20T14:23:02Z</time></trkpt>
<trkpt lat="37.083294" lon="-121.905345"><ele>262.1</ele><time>2022-06-20T14:23:04Z</time></trkpt>
<trkpt lat="37.083359" lon="-121.905330"><ele>261.4</ele><time>2022-06-20T14:23:05Z</time></trkpt>
<trkpt lat="37.083425" lon="-121.905364"><ele>260.7</ele><time>2022-06-20T14:23:06Z</time></trkpt>
<trkpt lat="37.083650" lon="-121.905278"><ele>258.5</ele><time>2022-06-20T14:23:09Z</time></trkpt>
<trkpt lat="37.083905" lon="-121.905014"><ele>256.1</ele><time>2022-06-20T14:23:14Z</time></trkpt>
<trkpt lat="37.084001" lon="-121.904858"><ele>255.3</ele><time>2022-06-20T14:23:17Z</time></trkpt>
<trkpt lat="37.084128" lon="-121.904827"><ele>254.6</ele><time>2022-06-20T14:23:19Z</time></trkpt>
<trkpt lat="37.084210" lon="-121.904932"><ele>253.9</ele><time>2022-06-20T14:23:21Z</time></trkpt>
<trkpt lat="37.084425" lon="-121.904973"><ele>252.0</ele><time>2022-06-20T14:23:24Z</time></trkpt>
<trkpt lat="37.084619" lon="-121.904825"><ele>250.2</ele><time>2022-06-20T14:23:28Z</time></trkpt>
<trkpt lat="37.084712" lon="-121.904833"><ele>249.7</ele><time>2022-06-20T14:23:29Z</time></trkpt>
<trkpt lat="37.084888" lon="-121.904987"><ele>248.7</ele><time>2022-06-20T14:23:32Z</time></trkpt>
<trkpt lat="37.084902" lon="-121.904902"><ele>248.4</ele><time>2022-06-20T14:23:34Z</time></trkpt>
<trkpt lat="37.084961" lon="-121.904817"><ele>247.9</ele><time>2022-06-20T14:23:36Z</time></trkpt>
<trkpt lat="37.084998" lon="-121.904596"><ele>247.1</ele><time>2022-06-20T14:23:40Z</time></trkpt>
<trkpt lat="37.084974" lon="-121.904484"><ele>247.0</ele><time>2022-06-20T14:23:42Z</time></trkpt>
<trkpt lat="37.085011" lon="-121.904075"><ele>248.5</ele><time>2022-06-20T14:23:57Z</time></trkpt>
<trkpt lat="37.085050" lon="-121.903929"><ele>249.4</ele><time>2022-06-20T14:24:04Z</time></trkpt>
<trkpt lat="37.085014" lon="-121.903869"><ele>249.9</ele><time>2022-06-20T14:24:08Z</time></trkpt>
<trkpt lat="37.085067" lon="-121.903837"><ele>250.3</ele><time>2022-06-20T14:24:11Z</time></trkpt>
<trkpt lat="37.085105" lon="-121.903756"><ele>250.8</ele><time>2022-06-20T14:24:13Z</time></trkpt>
<trkpt lat="37.085124" lon="-121.903783"><ele>251.1</ele><time>2022-06-20T14:24:15Z</time></trkpt>
<trkpt lat="37.085070" lon="-121.903888"><ele>251.7</ele><time>2022-06-20T14:24:23Z</time></trkpt>
<trkpt lat="37.084991" lon="-121.903800"><ele>252.4</ele><time>2022-06-20T14:24:30Z</time></trkpt>
<trkpt lat="37.085072" lon="-121.903712"><ele>253.1</ele><time>2022-06-20T14:24:38Z</time></trkpt>
<trkpt lat="37.085103" lon="-121.903702"><ele>253.4</ele><time>2022-06-20T14:24:42Z</time></trkpt>
<trkpt lat="37.085134" lon="-121.903740"><ele>253.7</ele><time>2022-06-20T14:24:43Z</time></trkpt>
<trkpt lat="37.085122" lon="-121.903717"><ele>253.9</ele><time>2022-06-20T14:24:44Z</time></trkpt>
<trkpt lat="37.085162" lon="-121.903676"><ele>254.2</ele><time>2022-06-20T14:24:46Z</time></trkpt>
<trkpt lat="37.085141" lon="-121.903709"><ele>254.4</ele><time>2022-06-20T14:24:47Z</time></trkpt>
<trkpt lat="37.085093" lon="-121.903656"><ele>254.9</ele><time>2022-06-20T14:25:44Z</time></trkpt>
<trkpt lat="37.085027" lon="-121.903712"><ele>255.4</ele><time>2022-06-20T14:25:46Z</time></trkpt>
<trkpt lat="37.085066" lon="-121.903672"><ele>255.8</ele><time>2022-06-20T14:25:47Z</time></trkpt>
<trkpt lat="37.085061" lon="-121.903707"><ele>255.9</ele><time>2022-06-20T14:25:48Z</time></trkpt>
<trkpt lat="37.085029" lon="-121.903709"><ele>256.2</ele><time>2022-06-20T14:25:49Z</time></trkpt>
<trkpt lat="37.084969" lon="-121.903640"><ele>256.7</ele><time>2022-06-20T14:25:56Z</time></trkpt>
<trkpt lat="37.084967" lon="-121.903572"><ele>257.1</ele><time>2022-06-20T14:26:00Z</time></trkpt>
<trkpt lat="37.085005" lon="-121.903577"><ele>257.5</ele><time>2022-06-20T14:26:03Z</time></trkpt>
<trkpt lat="37.085052" lon="-121.903521"><ele>257.9</ele><time>2022-06-20T14:26:08Z</time></trkpt>
<trkpt lat="37.085019" lon="-121.903448"><ele>258.4</ele><time>2022-06-20T14:26:11Z</time></trkpt>
<trkpt lat="37.085074" lon="-121.903345"><ele>259.2</ele><time>2022-06-20T14:26:16Z</time></trkpt>
<trkpt lat="37.084967" lon="-121.902710"><ele>264.0</ele><time>2022-06-20T14:26:46Z</time></trkpt>
<trkpt lat="37.084878" lon="-121.902588"><ele>265.1</ele><time>2022-06-20T14:26:54Z</time></trkpt>
<trkpt lat="37.084880" lon="-121.902549"><ele>265.4</ele><time>2022-06-20T14:26:56Z</time></trkpt>
<trkpt lat="37.084798" lon="-121.902468"><ele>266.2</ele><time>2022-06-20T14:27:07Z</time></trkpt>
<trkpt lat="37.084816" lon="-121.902376"><ele>266.8</ele><time>2022-06-20T14:27:10Z</time></trkpt>
<trkpt lat="37.084765" lon="-121.902269"><ele>267.4</ele><time>2022-06-20T14:27:17Z</time></trkpt>
<trkpt lat="37.084480" lon="-121.901978"><ele>269.8</ele><time>2022-06-20T14:27:42Z</time></trkpt>
<trkpt lat="37.084279" lon="-121.901590"><ele>272.4</ele><time>2022-06-20T14:28:04Z</time></trkpt>
<trkpt lat="37.084173" lon="-121.901543"><ele>273.2</ele><time>2022-06-20T14:28:10Z</time></trkpt>
<trkpt lat="37.084015" lon="-121.901362"><ele>275.6</ele><time>2022-06-20T14:28:19Z</time></trkpt>
<trkpt lat="37.083949" lon="-121.901389"><ele>276.4</ele><time>2022-06-20T14:28:24Z</time></trkpt>
<trkpt lat="37.083987" lon="-121.901374"><ele>276.9</ele><time>2022-06-20T14:28:32Z</time></trkpt>
<trkpt lat="37.083938" lon="-121.901359"><ele>277.5</ele><time>2022-06-20T14:28:36Z</time></trkpt>
<trkpt lat="37.083973" lon="-121.901360"><ele>278.1</ele><time>2022-06-20T14:28:41Z</time></trkpt>
<trkpt lat="37.083991" lon="-121.901312"><ele>278.5</ele><time>2022-06-20T14:28:43Z</time></trkpt>
<trkpt lat="37.083863" lon="-121.901433"><ele>279.8</ele><time>2022-06-20T14:28:53Z</time></trkpt>
<trkpt lat="37.083908" lon="-121.901631"><ele>280.7</ele><time>2022-06-20T14:29:01Z</time></trkpt>
<trkpt lat="37.083934" lon="-121.901638"><ele>280.8</ele><time>2022-06-20T14:29:03Z</time></trkpt>
<trkpt lat="37.083946" lon="-121.901773"><ele>281.5</ele><time>2022-06-20T14:29:09Z</time></trkpt>
<trkpt lat="37.083883" lon="-121.901811"><ele>282.0</ele><time>2022-06-20T14:29:10Z</time></trkpt>
<trkpt lat="37.084063" lon="-121.902388"><ele>286.0</ele><time>2022-06-20T14:29:39Z</time></trkpt>
<trkpt lat="37.084005" lon="-121.902592"><ele>287.5</ele><time>2022-06-20T14:29:49Z</time></trkpt>
<trkpt lat="37.084038" lon="-121.902710"><ele>288.3</ele><time>2022-06-20T14:29:54Z</time></trkpt>
<trkpt lat="37.083955" lon="-121.902843"><ele>289.4</ele><time>2022-06-20T14:30:02Z</time></trkpt>
<trkpt lat="37.083712" lon="-121.902924"><ele>291.6</ele><time>2022-06-20T14:30:13Z</time></trkpt>
<trkpt lat="37.083603" lon="-121.902915"><ele>292.6</ele><time>2022-06-20T14:30:21Z</time></trkpt>
<trkpt lat="37.083489" lon="-121.902849"><ele>293.8</ele><time>2022-06-20T14:30:26Z</time></trkpt>
<trkpt lat="37.083504" lon="-121.902765"><ele>294.5</ele><time>2022-06-20T14:30:27Z</time></trkpt>
<trkpt lat="37.082906" lon="-121.902549"><ele>302.0</ele><time>2022-06-20T14:31:10Z</time></trkpt>
<trkpt lat="37.082828" lon="-121.902477"><ele>303.0</ele><time>2022-06-20T14:31:16Z</time></trkpt>
<trkpt lat="37.082815" lon="-121.902389"><ele>303.8</ele><time>2022-06-20T14:31:22Z</time></trkpt>
<trkpt lat="37.082767" lon="-121.902327"><ele>304.6</ele><time>2022-06-20T14:31:29Z</time></trkpt>
<trkpt lat="37.082800" lon="-121.902254"><ele>305.3</ele><time>2022-06-20T14:31:31Z</time></trkpt>
<trkpt lat="37.082614" lon="-121.901813"><ele>309.6</ele><time>2022-06-20T14:31:56Z</time></trkpt>
<trkpt lat="37.082449" lon="-121.901254"><ele>315.9</ele><time>2022-06-20T14:32:36Z</time></trkpt>
<trkpt lat="37.082352" lon="-121.901087"><ele>318.8</ele><time>2022-06-20T14:32:52Z</time></trkpt>
<trkpt lat="37.082291" lon="-121.900866"><ele>321.9</ele><time>2022-06-20T14:33:04Z</time></trkpt>
<trkpt lat="37.082229" lon="-121.900762"><ele>323.8</ele><time>2022-06-20T14:33:13Z</time></trkpt>
<trkpt lat="37.082094" lon="-121.900694"><ele>326.7</ele><time>2022-06-20T14:33:26Z</time></trkpt>
<trkpt lat="37.082097" lon="-121.900624"><ele>327.9</ele><time>2022-06-20T14:33:32Z</time></trkpt>
<trkpt lat="37.082072" lon="-121.900656"><ele>328.5</ele><time>2022-06-20T14:33:35Z</time></trkpt>
<trkpt lat="37.082042" lon="-121.900639"><ele>329.0</ele><time>2022-06-20T14:33:38Z</time></trkpt>
<trkpt lat="37.082052" lon="-121.900597"><ele>329.5</ele><time>2022-06-20T14:33:41Z</time></trkpt>
<trkpt lat="37.082034" lon="-121.900636"><ele>330.0</ele><time>2022-06-20T14:33:44Z</time></trkpt>
<trkpt lat="37.082057" lon="-121.900658"><ele>330.4</ele><time>2022-06-20T14:33:46Z</time></trkpt>
<trkpt lat="37.082020" lon="-121.900688"><ele>330.8</ele><time>2022-06-20T14:33:48Z</time></trkpt>
<trkpt lat="37.082049" lon="-121.900734"><ele>331.0</ele><time>2022-06-20T14:33:50Z</time></trkpt>
<trkpt lat="37.082032" lon="-121.900836"><ele>331.4</ele><time>2022-06-20T14:33:56Z</time></trkpt>
<trkpt lat="37.081899" lon="-121.900951"><ele>332.1</ele><time>2022-06-20T14:34:06Z</time></trkpt>
<trkpt lat="37.081772" lon="-121.900947"><ele>334.2</ele><time>2022-06-20T14:34:10Z</time></trkpt>
<trkpt lat="37.081770" lon="-121.901006"><ele>335.4</ele><time>2022-06-20T14:34:16Z</time></trkpt>
<trkpt lat="37.081797" lon="-121.901005"><ele>335.8</ele><time>2022-06-20T14:34:28Z</time></trkpt>
<trkpt lat="37.081756" lon="-121.901034"><ele>336.6</ele><time>2022-06-20T14:34:32Z</time></trkpt>
<trkpt lat="37.081659" lon="-121.900903"><ele>338.8</ele><time>2022-06-20T14:35:20Z</time></trkpt>
<trkpt lat="37.081678" lon="-121.900971"><ele>339.9</ele><time>2022-06-20T14:35:25Z</time></trkpt>
<trkpt lat="37.081665" lon="-121.900947"><ele>340.2</ele><time>2022-06-20T14:35:27Z</time></trkpt>
<trkpt lat="37.081649" lon="-121.900984"><ele>340.8</ele><time>2022-06-20T14:35:31Z</time></trkpt>
<trkpt lat="37.081609" lon="-121.900977"><ele>341.4</ele><time>2022-06-20T14:35:34Z</time></trkpt>
<trkpt lat="37.081619" lon="-121.900943"><ele>341.8</ele><time>2022-06-20T14:35:37Z</time></trkpt>
<trkpt lat="37.081592" lon="-121.900926"><ele>342.3</ele><time>2022-06-20T14:35:41Z</time></trkpt>
<trkpt lat="37.081579" lon="-121.900953"><ele>342.6</ele><time>2022-06-20T14:35:44Z</time></trkpt>
<trkpt lat="37.081490" lon="-121.900806"><ele>344.8</ele><time>2022-06-20T14:35:51Z</time></trkpt>
<trkpt lat="37.081490" lon="-121.900675"><ele>346.2</ele><time>2022-06-20T14:35:57Z</time></trkpt>
<trkpt lat="37.081430" lon="-121.900616"><ele>347.3</ele><time>2022-06-20T14:36:04Z</time></trkpt>
<trkpt lat="37.081371" lon="-121.900344"><ele>350.3</ele><time>2022-06-20T14:36:22Z</time></trkpt>
<trkpt lat="37.081331" lon="-121.899960"><ele>354.8</ele><time>2022-06-20T14:36:47Z</time></trkpt>
<trkpt lat="37.081262" lon="-121.899774"><ele>357.3</ele><time>2022-06-20T14:37:04Z</time></trkpt>
<trkpt lat="37.081249" lon="-121.899522"><ele>359.7</ele><time>2022-06-20T14:37:20Z</time></trkpt>
<trkpt lat="37.081222" lon="-121.899465"><ele>360.4</ele><time>2022-06-20T14:37:27Z</time></trkpt>
<trkpt lat="37.081251" lon="-121.899350"><ele>361.4</ele><time>2022-06-20T14:37:35Z</time></trkpt>
<trkpt lat="37.081235" lon="-121.899049"><ele>363.7</ele><time>2022-06-20T14:37:52Z</time></trkpt>
<trkpt lat="37.081257" lon="-121.898969"><ele>364.3</ele><time>2022-06-20T14:37:57Z</time></trkpt>
<trkpt lat="37.081216" lon="-121.898843"><ele>365.4</ele><time>2022-06-20T14:38:02Z</time></trkpt>
<trkpt lat="37.081268" lon="-121.898664"><ele>367.4</ele><time>2022-06-20T14:38:14Z</time></trkpt>
<trkpt lat="37.081317" lon="-121.898620"><ele>368.1</ele><time>2022-06-20T14:38:16Z</time></trkpt>
<trkpt lat="37.081314" lon="-121.898141"><ele>373.3</ele><time>2022-06-20T14:38:48Z</time></trkpt>
<trkpt lat="37.081341" lon="-121.897904"><ele>375.8</ele><time>2022-06-20T14:39:08Z</time></trkpt>
<trkpt lat="37.081192" lon="-121.897761"><ele>378.2</ele><time>2022-06-20T14:39:27Z</time></trkpt>
<trkpt lat="37.081110" lon="-121.897540"><ele>380.6</ele><time>2022-06-20T14:39:41Z</time></trkpt>
<trkpt lat="37.081135" lon="-121.897220"><ele>384.9</ele><time>2022-06-20T14:39:56Z</time></trkpt>
<trkpt lat="37.081102" lon="-121.897152"><ele>385.9</ele><time>2022-06-20T14:40:03Z</time></trkpt>
<trkpt lat="37.081117" lon="-121.897054"><ele>387.3</ele><time>2022-06-20T14:40:14Z</time></trkpt>
<trkpt lat="37.081067" lon="-121.896979"><ele>388.5</ele><time>2022-06-20T14:40:19Z</time></trkpt>
<trkpt lat="37.081074" lon="-121.896887"><ele>389.8</ele><time>2022-06-20T14:40:25Z</time></trkpt>
<trkpt lat="37.081035" lon="-121.896880"><ele>390.5</ele><time>2022-06-20T14:40:28Z</time></trkpt>
<trkpt lat="37.081038" lon="-121.896845"><ele>391.1</ele><time>2022-06-20T14:40:32Z</time></trkpt>
<trkpt lat="37.080997" lon="-121.896853"><ele>391.9</ele><time>2022-06-20T14:40:46Z</time></trkpt>
<trkpt lat="37.081021" lon="-121.896889"><ele>392.9</ele><time>2022-06-20T14:40:54Z</time></trkpt>
<trkpt lat="37.080940" lon="-121.897058"><ele>395.7</ele><time>2022-06-20T14:41:05Z</time></trkpt>
<trkpt lat="37.080808" lon="-121.897107"><ele>397.6</ele><time>2022-06-20T14:41:11Z</time></trkpt>
<trkpt lat="37.080764" lon="-121.897167"><ele>398.4</ele><time>2022-06-20T14:41:15Z</time></trkpt>
<trkpt lat="37.080525" lon="-121.897593"><ele>402.2</ele><time>2022-06-20T14:41:43Z</time></trkpt>
<trkpt lat="37.080562" lon="-121.897808"><ele>404.0</ele><time>2022-06-20T14:41:57Z</time></trkpt>
<trkpt lat="37.080493" lon="-121.897903"><ele>405.1</ele><time>2022-06-20T14:42:04Z</time></trkpt>
<trkpt lat="37.080331" lon="-121.898010"><ele>407.4</ele><time>2022-06-20T14:42:16Z</time></trkpt>
<trkpt lat="37.080154" lon="-121.898005"><ele>409.9</ele><time>2022-06-20T14:42:27Z</time></trkpt>
<trkpt lat="37.079995" lon="-121.897778"><ele>414.3</ele><time>2022-06-20T14:42:43Z</time></trkpt>
<trkpt lat="37.079962" lon="-121.897669"><ele>415.3</ele><time>2022-06-20T14:42:52Z</time></trkpt>
<trkpt lat="37.079971" lon="-121.897497"><ele>415.8</ele><time>2022-06-20T14:42:59Z</time></trkpt>
<trkpt lat="37.080014" lon="-121.897484"><ele>416.0</ele><time>2022-06-20T14:43:01Z</time></trkpt>
<trkpt lat="37.080026" lon="-121.897526"><ele>416.1</ele><time>2022-06-20T14:43:04Z</time></trkpt>
<trkpt lat="37.079995" lon="-121.897597"><ele>416.4</ele><time>2022-06-20T14:43:49Z</time></trkpt>
<trkpt lat="37.079992" lon="-121.897470"><ele>416.8</ele><time>2022-06-20T14:43:52Z</time></trkpt>
<trkpt lat="37.080048" lon="-121.897447"><ele>417.0</ele><time>2022-06-20T14:43:54Z</time></trkpt>
<trkpt lat="37.080043" lon="-121.897484"><ele>417.1</ele><time>2022-06-20T14:43:57Z</time></trkpt>
<trkpt lat="37.080080" lon="-121.897477"><ele>417.3</ele><time>2022-06-20T14:43:59Z</time></trkpt>
<trkpt lat="37.080053" lon="-121.897543"><ele>417.5</ele><time>2022-06-20T14:44:03Z</time></trkpt>
<trkpt lat="37.080063" lon="-121.897471"><ele>417.7</ele><time>2022-06-20T14:44:10Z</time></trkpt>
<trkpt lat="37.080101" lon="-121.897587"><ele>418.1</ele><time>2022-06-20T14:44:18Z</time></trkpt>
<trkpt lat="37.080132" lon="-121.897402"><ele>418.5</ele><time>2022-06-20T14:45:44Z</time></trkpt>
<trkpt lat="37.079994" lon="-121.897464"><ele>419.0</ele><time>2022-06-20T14:45:48Z</time></trkpt>
<trkpt lat="37.080070" lon="-121.897391"><ele>419.3</ele><time>2022-06-20T14:45:49Z</time></trkpt>
<trkpt lat="37.080013" lon="-121.897370"><ele>419.5</ele><time>2022-06-20T14:45:52Z</time></trkpt>
<trkpt lat="37.079981" lon="-121.897463"><ele>419.7</ele><time>2022-06-20T14:46:17Z</time></trkpt>
<trkpt lat="37.080007" lon="-121.897576"><ele>420.0</ele><time>2022-06-20T14:46:21Z</time></trkpt>
<trkpt lat="37.080083" lon="-121.897205"><ele>420.8</ele><time>2022-06-20T14:47:12Z</time></trkpt>
<trkpt lat="37.079931" lon="-121.897416"><ele>421.5</ele><time>2022-06-20T14:47:31Z</time></trkpt>
<trkpt lat="37.080002" lon="-121.897159"><ele>422.1</ele><time>2022-06-20T14:48:00Z</time></trkpt>
<trkpt lat="37.080110" lon="-121.897116"><ele>422.5</ele><time>2022-06-20T14:48:09Z</time></trkpt>
<trkpt lat="37.080140" lon="-121.897189"><ele>421.6</ele><time>2022-06-20T14:48:12Z</time></trkpt>
<trkpt lat="37.080115" lon="-121.897487"><ele>418.3</ele><time>2022-06-20T14:48:15Z</time></trkpt>
<trkpt lat="37.080138" lon="-121.897641"><ele>416.1</ele><time>2022-06-20T14:48:16Z</time></trkpt>
<trkpt lat="37.080126" lon="-121.897940"><ele>413.8</ele><time>2022-06-20T14:48:19Z</time></trkpt>
<trkpt lat="37.080050" lon="-121.898215"><ele>412.2</ele><time>2022-06-20T14:48:23Z</time></trkpt>
<trkpt lat="37.079997" lon="-121.898313"><ele>412.3</ele><time>2022-06-20T14:48:24Z</time></trkpt>
<trkpt lat="37.079868" lon="-121.898418"><ele>411.9</ele><time>2022-06-20T14:48:26Z</time></trkpt>
<trkpt lat="37.079915" lon="-121.898527"><ele>409.7</ele><time>2022-06-20T14:48:27Z</time></trkpt>
<trkpt lat="37.080062" lon="-121.898278"><ele>410.5</ele><time>2022-06-20T14:48:31Z</time></trkpt>
<trkpt lat="37.080058" lon="-121.898204"><ele>410.9</ele><time>2022-06-20T14:48:32Z</time></trkpt>
<trkpt lat="37.080300" lon="-121.898090"><ele>407.0</ele><time>2022-06-20T14:48:36Z</time></trkpt>
<trkpt lat="37.080373" lon="-121.898176"><ele>404.1</ele><time>2022-06-20T14:48:37Z</time></trkpt>
<trkpt lat="37.080372" lon="-121.898301"><ele>402.6</ele><time>2022-06-20T14:48:38Z</time></trkpt>
<trkpt lat="37.080300" lon="-121.898399"><ele>402.7</ele><time>2022-06-20T14:48:39Z</time></trkpt>
<trkpt lat="37.080248" lon="-121.898420"><ele>402.6</ele><time>2022-06-20T14:48:40Z</time></trkpt>
<trkpt lat="37.080274" lon="-121.898466"><ele>401.8</ele><time>2022-06-20T14:48:41Z</time></trkpt>
<trkpt lat="37.080338" lon="-121.898492"><ele>400.4</ele><time>2022-06-20T14:48:42Z</time></trkpt>
<trkpt lat="37.080484" lon="-121.898358"><ele>397.2</ele><time>2022-06-20T14:48:44Z</time></trkpt>
<trkpt lat="37.080537" lon="-121.898407"><ele>395.1</ele><time>2022-06-20T14:48:45Z</time></trkpt>
<trkpt lat="37.080516" lon="-121.898557"><ele>394.4</ele><time>2022-06-20T14:48:46Z</time></trkpt>
<trkpt lat="37.080413" lon="-121.898750"><ele>393.3</ele><time>2022-06-20T14:48:48Z</time></trkpt>
<trkpt lat="37.080394" lon="-121.898962"><ele>390.0</ele><time>2022-06-20T14:48:50Z</time></trkpt>
<trkpt lat="37.080186" lon="-121.899089"><ele>391.2</ele><time>2022-06-20T14:48:53Z</time></trkpt>
<trkpt lat="37.080162" lon="-121.899138"><ele>391.3</ele><time>2022-06-20T14:48:54Z</time></trkpt>
<trkpt lat="37.080207" lon="-121.899172"><ele>390.0</ele><time>2022-06-20T14:48:55Z</time></trkpt>
<trkpt lat="37.080239" lon="-121.899181"><ele>388.5</ele><time>2022-06-20T14:48:56Z</time></trkpt>
<trkpt lat="37.080272" lon="-121.899146"><ele>388.7</ele><time>2022-06-20T14:48:57Z</time></trkpt>
<trkpt lat="37.080307" lon="-121.899052"><ele>390.7</ele><time>2022-06-20T14:48:58Z</time></trkpt>
<trkpt lat="37.080522" lon="-121.898996"><ele>387.0</ele><time>2022-06-20T14:49:00Z</time></trkpt>
<trkpt lat="37.080633" lon="-121.898916"><ele>385.9</ele><time>2022-06-20T14:49:02Z</time></trkpt>
<trkpt lat="37.080704" lon="-121.898562"><ele>383.5</ele><time>2022-06-20T14:49:07Z</time></trkpt>
<trkpt lat="37.080880" lon="-121.898263"><ele>382.4</ele><time>2022-06-20T14:49:11Z</time></trkpt>
<trkpt lat="37.080987" lon="-121.898152"><ele>382.0</ele><time>2022-06-20T14:49:13Z</time></trkpt>
<trkpt lat="37.081006" lon="-121.898048"><ele>381.6</ele><time>2022-06-20T14:49:15Z</time></trkpt>
<trkpt lat="37.081243" lon="-121.897486"><ele>379.4</ele><time>2022-06-20T14:49:23Z</time></trkpt>
<trkpt lat="37.081299" lon="-121.897248"><ele>378.0</ele><time>2022-06-20T14:49:26Z</time></trkpt>
<trkpt lat="37.081419" lon="-121.897015"><ele>375.9</ele><time>2022-06-20T14:49:29Z</time></trkpt>
<trkpt lat="37.081353" lon="-121.896790"><ele>373.9</ele><time>2022-06-20T14:49:32Z</time></trkpt>
<trkpt lat="37.081296" lon="-121.896750"><ele>373.5</ele><time>2022-06-20T14:49:34Z</time></trkpt>
<trkpt lat="37.081252" lon="-121.896620"><ele>372.8</ele><time>2022-06-20T14:49:36Z</time></trkpt>
<trkpt lat="37.081168" lon="-121.896508"><ele>372.2</ele><time>2022-06-20T14:49:38Z</time></trkpt>
<trkpt lat="37.081093" lon="-121.896290"><ele>371.4</ele><time>2022-06-20T14:49:41Z</time></trkpt>
<trkpt lat="37.081094" lon="-121.896230"><ele>371.2</ele><time>2022-06-20T14:49:42Z</time></trkpt>
<trkpt lat="37.081163" lon="-121.896184"><ele>370.9</ele><time>2022-06-20T14:49:43Z</time></trkpt>
<trkpt lat="37.081248" lon="-121.896210"><ele>370.4</ele><time>2022-06-20T14:49:45Z</time></trkpt>
<trkpt lat="37.081365" lon="-121.896336"><ele>368.7</ele><time>2022-06-20T14:49:47Z</time></trkpt>
<trkpt lat="37.081399" lon="-121.896511"><ele>367.1</ele><time>2022-06-20T14:49:49Z</time></trkpt>
<trkpt lat="37.081451" lon="-121.896520"><ele>366.6</ele><time>2022-06-20T14:49:50Z</time></trkpt>
<trkpt lat="37.081522" lon="-121.896464"><ele>366.0</ele><time>2022-06-20T14:49:51Z</time></trkpt>
<trkpt lat="37.081590" lon="-121.896477"><ele>365.4</ele><time>2022-06-20T14:49:52Z</time></trkpt>
<trkpt lat="37.081619" lon="-121.896543"><ele>364.9</ele><time>2022-06-20T14:49:53Z</time></trkpt>
<trkpt lat="37.081591" lon="-121.896742"><ele>363.5</ele><time>2022-06-20T14:49:55Z</time></trkpt>
<trkpt lat="37.081689" lon="-121.896810"><ele>362.5</ele><time>2022-06-20T14:49:57Z</time></trkpt>
<trkpt lat="37.081686" lon="-121.897087"><ele>360.6</ele><time>2022-06-20T14:50:02Z</time></trkpt>
<trkpt lat="37.081780" lon="-121.897143"><ele>359.6</ele><time>2022-06-20T14:50:04Z</time></trkpt>
<trkpt lat="37.081860" lon="-121.897267"><ele>358.4</ele><time>2022-06-20T14:50:06Z</time></trkpt>
<trkpt lat="37.081873" lon="-121.897442"><ele>357.2</ele><time>2022-06-20T14:50:08Z</time></trkpt>
<trkpt lat="37.082019" lon="-121.897570"><ele>356.0</ele><time>2022-06-20T14:50:11Z</time></trkpt>
<trkpt lat="37.082045" lon="-121.897535"><ele>355.7</ele><time>2022-06-20T14:50:12Z</time></trkpt>
<trkpt lat="37.082064" lon="-121.897571"><ele>355.5</ele><time>2022-06-20T14:50:13Z</time></trkpt>
<trkpt lat="37.082065" lon="-121.897708"><ele>354.6</ele><time>2022-06-20T14:50:14Z</time></trkpt>
<trkpt lat="37.081935" lon="-121.897974"><ele>352.1</ele><time>2022-06-20T14:50:17Z</time></trkpt>
<trkpt lat="37.081950" lon="-121.898030"><ele>351.7</ele><time>2022-06-20T14:50:18Z</time></trkpt>
<trkpt lat="37.081906" lon="-121.898246"><ele>350.4</ele><time>2022-06-20T14:50:21Z</time></trkpt>
<trkpt lat="37.082006" lon="-121.898267"><ele>349.3</ele><time>2022-06-20T14:50:24Z</time></trkpt>
<trkpt lat="37.082074" lon="-121.898188"><ele>348.2</ele><time>2022-06-20T14:50:26Z</time></trkpt>
<trkpt lat="37.082124" lon="-121.897980"><ele>346.0</ele><time>2022-06-20T14:50:29Z</time></trkpt>
<trkpt lat="37.082222" lon="-121.897902"><ele>344.7</ele><time>2022-06-20T14:50:31Z</time></trkpt>
<trkpt lat="37.082260" lon="-121.898147"><ele>342.8</ele><time>2022-06-20T14:50:34Z</time></trkpt>
<trkpt lat="37.082150" lon="-121.898201"><ele>341.9</ele><time>2022-06-20T14:50:36Z</time></trkpt>
<trkpt lat="37.082126" lon="-121.898559"><ele>339.9</ele><time>2022-06-20T14:50:42Z</time></trkpt>
<trkpt lat="37.082059" lon="-121.898619"><ele>339.1</ele><time>2022-06-20T14:50:44Z</time></trkpt>
<trkpt lat="37.082078" lon="-121.898942"><ele>336.9</ele><time>2022-06-20T14:50:47Z</time></trkpt>
<trkpt lat="37.082135" lon="-121.899117"><ele>336.0</ele><time>2022-06-20T14:50:49Z</time></trkpt>
<trkpt lat="37.082058" lon="-121.899316"><ele>335.0</ele><time>2022-06-20T14:50:52Z</time></trkpt>
<trkpt lat="37.082103" lon="-121.899526"><ele>334.4</ele><time>2022-06-20T14:50:55Z</time></trkpt>
<trkpt lat="37.081990" lon="-121.899850"><ele>334.0</ele><time>2022-06-20T14:51:00Z</time></trkpt>
<trkpt lat="37.082025" lon="-121.900181"><ele>334.0</ele><time>2022-06-20T14:51:06Z</time></trkpt>
<trkpt lat="37.081942" lon="-121.900289"><ele>334.1</ele><time>2022-06-20T14:51:09Z</time></trkpt>
<trkpt lat="37.081834" lon="-121.900559"><ele>333.7</ele><time>2022-06-20T14:52:08Z</time></trkpt>
<trkpt lat="37.081811" lon="-121.900766"><ele>333.1</ele><time>2022-06-20T14:52:11Z</time></trkpt>
<trkpt lat="37.081841" lon="-121.900883"><ele>332.3</ele><time>2022-06-20T14:52:13Z</time></trkpt>
<trkpt lat="37.081924" lon="-121.900966"><ele>331.3</ele><time>2022-06-20T14:52:15Z</time></trkpt>
<trkpt lat="37.081932" lon="-121.901084"><ele>330.2</ele><time>2022-06-20T14:52:16Z</time></trkpt>
<trkpt lat="37.082015" lon="-121.901258"><ele>328.0</ele><time>2022-06-20T14:52:18Z</time></trkpt>
<trkpt lat="37.081973" lon="-121.901563"><ele>325.1</ele><time>2022-06-20T14:52:21Z</time></trkpt>
<trkpt lat="37.081929" lon="-121.901667"><ele>324.3</ele><time>2022-06-20T14:52:22Z</time></trkpt>
<trkpt lat="37.081928" lon="-121.901785"><ele>323.5</ele><time>2022-06-20T14:52:23Z</time></trkpt>
<trkpt lat="37.082187" lon="-121.902239"><ele>321.4</ele><time>2022-06-20T14:52:29Z</time></trkpt>
<trkpt lat="37.082158" lon="-121.902452"><ele>320.5</ele><time>2022-06-20T14:52:31Z</time></trkpt>
<trkpt lat="37.082189" lon="-121.902925"><ele>318.1</ele><time>2022-06-20T14:52:37Z</time></trkpt>
<trkpt lat="37.082204" lon="-121.902990"><ele>317.8</ele><time>2022-06-20T14:52:38Z</time></trkpt>
<trkpt lat="37.082284" lon="-121.903084"><ele>317.2</ele><time>2022-06-20T14:52:40Z</time></trkpt>
<trkpt lat="37.082275" lon="-121.903353"><ele>316.3</ele><time>2022-06-20T14:52:43Z</time></trkpt>
<trkpt lat="37.082321" lon="-121.903450"><ele>316.0</ele><time>2022-06-20T14:52:45Z</time></trkpt>
<trkpt lat="37.082274" lon="-121.903730"><ele>314.7</ele><time>2022-06-20T14:52:49Z</time></trkpt>
<trkpt lat="37.082422" lon="-121.904271"><ele>311.4</ele><time>2022-06-20T14:52:55Z</time></trkpt>
<trkpt lat="37.082460" lon="-121.904292"><ele>311.0</ele><time>2022-06-20T14:52:56Z</time></trkpt>
<trkpt lat="37.082481" lon="-121.904251"><ele>310.7</ele><time>2022-06-20T14:52:57Z</time></trkpt>
<trkpt lat="37.082457" lon="-121.903970"><ele>308.7</ele><time>2022-06-20T14:53:00Z</time></trkpt>
<trkpt lat="37.082505" lon="-121.903888"><ele>308.2</ele><time>2022-06-20T14:53:01Z</time></trkpt>
<trkpt lat="37.082520" lon="-121.903766"><ele>307.6</ele><time>2022-06-20T14:53:03Z</time></trkpt>
<trkpt lat="37.082707" lon="-121.903498"><ele>305.9</ele><time>2022-06-20T14:53:08Z</time></trkpt>
<trkpt lat="37.082806" lon="-121.903428"><ele>305.1</ele><time>2022-06-20T14:53:10Z</time></trkpt>
<trkpt lat="37.082871" lon="-121.903484"><ele>304.4</ele><time>2022-06-20T14:53:11Z</time></trkpt>
<trkpt lat="37.082890" lon="-121.903552"><ele>303.8</ele><time>2022-06-20T14:53:12Z</time></trkpt>
<trkpt lat="37.082847" lon="-121.903868"><ele>300.9</ele><time>2022-06-20T14:53:15Z</time></trkpt>
<trkpt lat="37.082903" lon="-121.904168"><ele>298.8</ele><time>2022-06-20T14:53:18Z</time></trkpt>
<trkpt lat="37.082795" lon="-121.904265"><ele>297.8</ele><time>2022-06-20T14:53:20Z</time></trkpt>
<trkpt lat="37.082797" lon="-121.904338"><ele>297.7</ele><time>2022-06-20T14:53:22Z</time></trkpt>
<trkpt lat="37.082927" lon="-121.904265"><ele>294.9</ele><time>2022-06-20T14:53:24Z</time></trkpt>
<trkpt lat="37.082935" lon="-121.904148"><ele>295.8</ele><time>2022-06-20T14:53:25Z</time></trkpt>
<trkpt lat="37.083179" lon="-121.903765"><ele>291.7</ele><time>2022-06-20T14:53:31Z</time></trkpt>
<trkpt lat="37.083250" lon="-121.903748"><ele>290.8</ele><time>2022-06-20T14:53:32Z</time></trkpt>
<trkpt lat="37.083294" lon="-121.903793"><ele>290.2</ele><time>2022-06-20T14:53:33Z</time></trkpt>
<trkpt lat="37.083340" lon="-121.904016"><ele>288.0</ele><time>2022-06-20T14:53:35Z</time></trkpt>
<trkpt lat="37.083331" lon="-121.904208"><ele>286.5</ele><time>2022-06-20T14:53:37Z</time></trkpt>
<trkpt lat="37.083295" lon="-121.904286"><ele>285.9</ele><time>2022-06-20T14:53:38Z</time></trkpt>
<trkpt lat="37.083296" lon="-121.904379"><ele>285.3</ele><time>2022-06-20T14:53:39Z</time></trkpt>
<trkpt lat="37.083185" lon="-121.904523"><ele>283.4</ele><time>2022-06-20T14:53:41Z</time></trkpt>
<trkpt lat="37.083227" lon="-121.904522"><ele>282.8</ele><time>2022-06-20T14:53:42Z</time></trkpt>
<trkpt lat="37.083234" lon="-121.904448"><ele>281.9</ele><time>2022-06-20T14:53:43Z</time></trkpt>
<trkpt lat="37.083273" lon="-121.904422"><ele>281.3</ele><time>2022-06-20T14:53:44Z</time></trkpt>
<trkpt lat="37.083346" lon="-121.904392"><ele>280.2</ele><time>2022-06-20T14:53:45Z</time></trkpt>
<trkpt lat="37.083382" lon="-121.904419"><ele>279.6</ele><time>2022-06-20T14:53:46Z</time></trkpt>
<trkpt lat="37.083402" lon="-121.904510"><ele>278.6</ele><time>2022-06-20T14:53:47Z</time></trkpt>
<trkpt lat="37.083378" lon="-121.904653"><ele>277.1</ele><time>2022-06-20T14:53:49Z</time></trkpt>
<trkpt lat="37.083442" lon="-121.904830"><ele>275.4</ele><time>2022-06-20T14:53:52Z</time></trkpt>
<trkpt lat="37.083301" lon="-121.905016"><ele>273.7</ele><time>2022-06-20T14:53:55Z</time></trkpt>
<trkpt lat="37.083149" lon="-121.905096"><ele>272.7</ele><time>2022-06-20T14:53:57Z</time></trkpt>
<trkpt lat="37.083087" lon="-121.905296"><ele>271.8</ele><time>2022-06-20T14:54:00Z</time></trkpt>
<trkpt lat="37.083044" lon="-121.905627"><ele>270.7</ele><time>2022-06-20T14:54:04Z</time></trkpt>
<trkpt lat="37.083136" lon="-121.905718"><ele>270.3</ele><time>2022-06-20T14:54:06Z</time></trkpt>
<trkpt lat="37.083142" lon="-121.905888"><ele>269.5</ele><time>2022-06-20T14:54:09Z</time></trkpt>
<trkpt lat="37.083116" lon="-121.905937"><ele>269.2</ele><time>2022-06-20T14:54:10Z</time></trkpt>
<trkpt lat="37.083210" lon="-121.905901"><ele>268.1</ele><time>2022-06-20T14:54:14Z</time></trkpt>
<trkpt lat="37.083285" lon="-121.905719"><ele>266.2</ele><time>2022-06-20T14:54:16Z</time></trkpt>
<trkpt lat="37.083195" lon="-121.905516"><ele>264.1</ele><time>2022-06-20T14:54:19Z</time></trkpt>
<trkpt lat="37.083220" lon="-121.905433"><ele>263.5</ele><time>2022-06-20T14:54:20Z</time></trkpt>
<trkpt lat="37.083515" lon="-121.905409"><ele>260.6</ele><time>2022-06-20T14:54:24Z</time></trkpt>
<trkpt lat="37.083692" lon="-121.905308"><ele>258.6</ele><time>2022-06-20T14:54:26Z</time></trkpt>
<trkpt lat="37.083736" lon="-121.905132"><ele>257.3</ele><time>2022-06-20T14:54:28Z</time></trkpt>
<trkpt lat="37.083843" lon="-121.905032"><ele>256.4</ele><time>2022-06-20T14:54:30Z</time></trkpt>
<trkpt lat="37.083935" lon="-121.904858"><ele>255.6</ele><time>2022-06-20T14:54:33Z</time></trkpt>
<trkpt lat="37.084066" lon="-121.904824"><ele>254.9</ele><time>2022-06-20T14:54:35Z</time></trkpt>
<trkpt lat="37.084293" lon="-121.904900"><ele>253.0</ele><time>2022-06-20T14:54:39Z</time></trkpt>
<trkpt lat="37.084367" lon="-121.904885"><ele>252.3</ele><time>2022-06-20T14:54:40Z</time></trkpt>
<trkpt lat="37.084528" lon="-121.904757"><ele>250.5</ele><time>2022-06-20T14:54:44Z</time></trkpt>
<trkpt lat="37.084714" lon="-121.904757"><ele>249.4</ele><time>2022-06-20T14:54:46Z</time></trkpt>
<trkpt lat="37.084766" lon="-121.904831"><ele>249.0</ele><time>2022-06-20T14:54:47Z</time></trkpt>
<trkpt lat="37.084810" lon="-121.904837"><ele>248.8</ele><time>2022-06-20T14:54:48Z</time></trkpt>
<trkpt lat="37.084905" lon="-121.904738"><ele>248.0</ele><time>2022-06-20T14:54:54Z</time></trkpt>
<trkpt lat="37.084958" lon="-121.904326"><ele>247.1</ele><time>2022-06-20T14:55:07Z</time></trkpt>
<trkpt lat="37.084959" lon="-121.904235"><ele>247.5</ele><time>2022-06-20T14:55:12Z</time></trkpt>
<trkpt lat="37.084922" lon="-121.904169"><ele>247.9</ele><time>2022-06-20T14:55:16Z</time></trkpt>
<trkpt lat="37.084966" lon="-121.904064"><ele>248.7</ele><time>2022-06-20T14:55:21Z</time></trkpt>
<trkpt lat="37.084929" lon="-121.903954"><ele>249.5</ele><time>2022-06-20T14:55:28Z</time></trkpt>
<trkpt lat="37.085001" lon="-121.903915"><ele>250.1</ele><time>2022-06-20T14:55:35Z</time></trkpt>
<trkpt lat="37.085066" lon="-121.903653"><ele>251.6</ele><time>2022-06-20T14:55:55Z</time></trkpt>
<trkpt lat="37.085048" lon="-121.903612"><ele>251.8</ele><time>2022-06-20T14:55:57Z</time></trkpt>
<trkpt lat="37.085068" lon="-121.903846"><ele>253.0</ele><time>2022-06-20T14:55:59Z</time></trkpt>
<trkpt lat="37.085040" lon="-121.903845"><ele>253.2</ele><time>2022-06-20T14:56:00Z</time></trkpt>
<trkpt lat="37.085013" lon="-121.903820"><ele>253.5</ele><time>2022-06-20T14:56:04Z</time></trkpt>
<trkpt lat="37.085060" lon="-121.903806"><ele>253.9</ele><time>2022-06-20T14:56:10Z</time></trkpt>
<trkpt lat="37.085051" lon="-121.903612"><ele>255.0</ele><time>2022-06-20T14:57:57Z</time></trkpt>
<trkpt lat="37.084958" lon="-121.903471"><ele>256.1</ele><time>2022-06-20T14:58:02Z</time></trkpt>
<trkpt lat="37.084971" lon="-121.903295"><ele>257.3</ele><time>2022-06-20T14:58:15Z</time></trkpt>
<trkpt lat="37.084947" lon="-121.903276"><ele>257.5</ele><time>2022-06-20T14:58:17Z</time></trkpt>
<trkpt lat="37.084974" lon="-121.903241"><ele>257.8</ele><time>2022-06-20T14:58:18Z</time></trkpt>
<trkpt lat="37.084887" lon="-121.903059"><ele>259.1</ele><time>2022-06-20T14:58:27Z</time></trkpt>
<trkpt lat="37.084888" lon="-121.902863"><ele>260.7</ele><time>2022-06-20T14:58:39Z</time></trkpt>
<trkpt lat="37.084859" lon="-121.902829"><ele>261.1</ele><time>2022-06-20T14:58:40Z</time></trkpt>
<trkpt lat="37.084883" lon="-121.902801"><ele>261.5</ele><time>2022-06-20T14:58:42Z</time></trkpt>
<trkpt lat="37.084838" lon="-121.902714"><ele>262.4</ele><time>2022-06-20T14:58:45Z</time></trkpt>
<trkpt lat="37.084892" lon="-121.902538"><ele>263.9</ele><time>2022-06-20T14:58:53Z</time></trkpt>
<trkpt lat="37.084855" lon="-121.902223"><ele>266.3</ele><time>2022-06-20T14:59:09Z</time></trkpt>
<trkpt lat="37.084767" lon="-121.902170"><ele>267.3</ele><time>2022-06-20T14:59:18Z</time></trkpt>
<trkpt lat="37.084682" lon="-121.902167"><ele>267.8</ele><time>2022-06-20T14:59:21Z</time></trkpt>
<trkpt lat="37.084485" lon="-121.901953"><ele>269.6</ele><time>2022-06-20T14:59:36Z</time></trkpt>
<trkpt lat="37.084289" lon="-121.901580"><ele>272.2</ele><time>2022-06-20T14:59:56Z</time></trkpt>
<trkpt lat="37.084180" lon="-121.901487"><ele>273.2</ele><time>2022-06-20T15:00:03Z</time></trkpt>
<trkpt lat="37.084076" lon="-121.901459"><ele>274.1</ele><time>2022-06-20T15:00:09Z</time></trkpt>
<trkpt lat="37.083956" lon="-121.901556"><ele>276.3</ele><time>2022-06-20T15:00:19Z</time></trkpt>
<trkpt lat="37.083965" lon="-121.901508"><ele>276.7</ele><time>2022-06-20T15:00:21Z</time></trkpt>
<trkpt lat="37.083905" lon="-121.901463"><ele>277.4</ele><time>2022-06-20T15:00:26Z</time></trkpt>
<trkpt lat="37.083895" lon="-121.901354"><ele>278.3</ele><time>2022-06-20T15:00:30Z</time></trkpt>
<trkpt lat="37.083857" lon="-121.901320"><ele>278.7</ele><time>2022-06-20T15:00:33Z</time></trkpt>
<trkpt lat="37.083767" lon="-121.901436"><ele>279.6</ele><time>2022-06-20T15:00:38Z</time></trkpt>
<trkpt lat="37.083807" lon="-121.901435"><ele>279.8</ele><time>2022-06-20T15:00:40Z</time></trkpt>
<trkpt lat="37.083833" lon="-121.901494"><ele>280.3</ele><time>2022-06-20T15:00:47Z</time></trkpt>
<trkpt lat="37.083838" lon="-121.901643"><ele>281.0</ele><time>2022-06-20T15:00:55Z</time></trkpt>
<trkpt lat="37.083875" lon="-121.901760"><ele>281.8</ele><time>2022-06-20T15:01:01Z</time></trkpt>
<trkpt lat="37.083906" lon="-121.901754"><ele>282.0</ele><time>2022-06-20T15:01:02Z</time></trkpt>
<trkpt lat="37.083883" lon="-121.901812"><ele>282.4</ele><time>2022-06-20T15:01:06Z</time></trkpt>
<trkpt lat="37.083989" lon="-121.902183"><ele>284.7</ele><time>2022-06-20T15:01:22Z</time></trkpt>
<trkpt lat="37.083971" lon="-121.902232"><ele>285.0</ele><time>2022-06-20T15:01:25Z</time></trkpt>
<trkpt lat="37.084027" lon="-121.902265"><ele>285.5</ele><time>2022-06-20T15:01:28Z</time></trkpt>
<trkpt lat="37.084095" lon="-121.902545"><ele>287.2</ele><time>2022-06-20T15:01:40Z</time></trkpt>
<trkpt lat="37.084064" lon="-121.902691"><ele>288.1</ele><time>2022-06-20T15:01:45Z</time></trkpt>
<trkpt lat="37.083974" lon="-121.902801"><ele>289.1</ele><time>2022-06-20T15:01:49Z</time></trkpt>
<trkpt lat="37.083740" lon="-121.902939"><ele>291.2</ele><time>2022-06-20T15:01:59Z</time></trkpt>
<trkpt lat="37.083570" lon="-121.902846"><ele>292.7</ele><time>2022-06-20T15:02:08Z</time></trkpt>
<trkpt lat="37.083491" lon="-121.902850"><ele>293.4</ele><time>2022-06-20T15:02:12Z</time></trkpt>
<trkpt lat="37.083501" lon="-121.902758"><ele>294.1</ele><time>2022-06-20T15:02:13Z</time></trkpt>
<trkpt lat="37.083129" lon="-121.902635"><ele>298.1</ele><time>2022-06-20T15:02:35Z</time></trkpt>
<trkpt lat="37.083043" lon="-121.902674"><ele>299.1</ele><time>2022-06-20T15:02:42Z</time></trkpt>
<trkpt lat="37.082974" lon="-121.902634"><ele>300.0</ele><time>2022-06-20T15:02:48Z</time></trkpt>
<trkpt lat="37.082909" lon="-121.902641"><ele>300.7</ele><time>2022-06-20T15:02:50Z</time></trkpt>
<trkpt lat="37.082820" lon="-121.902473"><ele>302.7</ele><time>2022-06-20T15:02:59Z</time></trkpt>
<trkpt lat="37.082794" lon="-121.902226"><ele>304.7</ele><time>2022-06-20T15:03:11Z</time></trkpt>
<trkpt lat="37.082625" lon="-121.901832"><ele>308.2</ele><time>2022-06-20T15:03:32Z</time></trkpt>
<trkpt lat="37.082312" lon="-121.900887"><ele>317.8</ele><time>2022-06-20T15:04:32Z</time></trkpt>
<trkpt lat="37.082287" lon="-121.900835"><ele>318.4</ele><time>2022-06-20T15:04:36Z</time></trkpt>
<trkpt lat="37.082214" lon="-121.900819"><ele>319.5</ele><time>2022-06-20T15:04:42Z</time></trkpt>
<trkpt lat="37.082250" lon="-121.900755"><ele>320.4</ele><time>2022-06-20T15:04:48Z</time></trkpt>
<trkpt lat="37.082189" lon="-121.900723"><ele>321.7</ele><time>2022-06-20T15:04:57Z</time></trkpt>
<trkpt lat="37.082162" lon="-121.900750"><ele>322.7</ele><time>2022-06-20T15:05:02Z</time></trkpt>
<trkpt lat="37.082023" lon="-121.900508"><ele>326.5</ele><time>2022-06-20T15:05:13Z</time></trkpt>
<trkpt lat="37.082055" lon="-121.900505"><ele>327.1</ele><time>2022-06-20T15:05:20Z</time></trkpt>
<trkpt lat="37.082010" lon="-121.900546"><ele>327.8</ele><time>2022-06-20T15:05:22Z</time></trkpt>
<trkpt lat="37.081978" lon="-121.900666"><ele>329.1</ele><time>2022-06-20T15:05:31Z</time></trkpt>
<trkpt lat="37.082019" lon="-121.900786"><ele>330.3</ele><time>2022-06-20T15:05:35Z</time></trkpt>
<trkpt lat="37.081982" lon="-121.900879"><ele>330.9</ele><time>2022-06-20T15:05:38Z</time></trkpt>
<trkpt lat="37.081786" lon="-121.901093"><ele>331.9</ele><time>2022-06-20T15:05:51Z</time></trkpt>
<trkpt lat="37.081723" lon="-121.901111"><ele>332.3</ele><time>2022-06-20T15:05:53Z</time></trkpt>
<trkpt lat="37.081755" lon="-121.900879"><ele>333.8</ele><time>2022-06-20T15:06:01Z</time></trkpt>
<trkpt lat="37.081743" lon="-121.900924"><ele>334.1</ele><time>2022-06-20T15:06:02Z</time></trkpt>
<trkpt lat="37.081732" lon="-121.900888"><ele>334.7</ele><time>2022-06-20T15:06:09Z</time></trkpt>
<trkpt lat="37.081689" lon="-121.900953"><ele>335.9</ele><time>2022-06-20T15:06:35Z</time></trkpt>
<trkpt lat="37.081744" lon="-121.900941"><ele>336.7</ele><time>2022-06-20T15:06:39Z</time></trkpt>
<trkpt lat="37.081728" lon="-121.900923"><ele>337.1</ele><time>2022-06-20T15:06:42Z</time></trkpt>
<trkpt lat="37.081659" lon="-121.901029"><ele>338.5</ele><time>2022-06-20T15:06:51Z</time></trkpt>
<trkpt lat="37.081653" lon="-121.900864"><ele>340.3</ele><time>2022-06-20T15:06:58Z</time></trkpt>
<trkpt lat="37.081562" lon="-121.900743"><ele>342.0</ele><time>2022-06-20T15:07:05Z</time></trkpt>
<trkpt lat="37.081463" lon="-121.900781"><ele>343.9</ele><time>2022-06-20T15:07:19Z</time></trkpt>
<trkpt lat="37.081482" lon="-121.900697"><ele>344.8</ele><time>2022-06-20T15:07:24Z</time></trkpt>
<trkpt lat="37.081425" lon="-121.900622"><ele>345.8</ele><time>2022-06-20T15:07:27Z</time></trkpt>
<trkpt lat="37.081463" lon="-121.900583"><ele>346.6</ele><time>2022-06-20T15:07:32Z</time></trkpt>
<trkpt lat="37.081415" lon="-121.900535"><ele>347.3</ele><time>2022-06-20T15:07:34Z</time></trkpt>
<trkpt lat="37.081413" lon="-121.900491"><ele>347.7</ele><time>2022-06-20T15:07:36Z</time></trkpt>
<trkpt lat="37.081391" lon="-121.900503"><ele>347.9</ele><time>2022-06-20T15:07:37Z</time></trkpt>
<trkpt lat="37.081401" lon="-121.900476"><ele>348.3</ele><time>2022-06-20T15:07:39Z</time></trkpt>
<trkpt lat="37.081358" lon="-121.900470"><ele>348.8</ele><time>2022-06-20T15:07:42Z</time></trkpt>
<trkpt lat="37.081496" lon="-121.900422"><ele>350.5</ele><time>2022-06-20T15:07:47Z</time></trkpt>
<trkpt lat="37.081417" lon="-121.900087"><ele>353.7</ele><time>2022-06-20T15:08:04Z</time></trkpt>
<trkpt lat="37.081304" lon="-121.899355"><ele>360.8</ele><time>2022-06-20T15:08:56Z</time></trkpt>
<trkpt lat="37.081323" lon="-121.898242"><ele>368.8</ele><time>2022-06-20T15:10:06Z</time></trkpt>
<trkpt lat="37.081287" lon="-121.897953"><ele>371.5</ele><time>2022-06-20T15:10:24Z</time></trkpt>
<trkpt lat="37.081300" lon="-121.898053"><ele>372.5</ele><time>2022-06-20T15:10:27Z</time></trkpt>
<trkpt lat="37.081286" lon="-121.897950"><ele>374.0</ele><time>2022-06-20T15:10:36Z</time></trkpt>
<trkpt lat="37.081307" lon="-121.897875"><ele>374.7</ele><time>2022-06-20T15:10:42Z</time></trkpt>
<trkpt lat="37.081281" lon="-121.897925"><ele>375.1</ele><time>2022-06-20T15:10:44Z</time></trkpt>
<trkpt lat="37.081291" lon="-121.897868"><ele>375.6</ele><time>2022-06-20T15:10:48Z</time></trkpt>
<trkpt lat="37.081208" lon="-121.897870"><ele>376.4</ele><time>2022-06-20T15:10:52Z</time></trkpt>
<trkpt lat="37.081155" lon="-121.897835"><ele>377.0</ele><time>2022-06-20T15:10:54Z</time></trkpt>
<trkpt lat="37.081140" lon="-121.897775"><ele>377.5</ele><time>2022-06-20T15:10:57Z</time></trkpt>
<trkpt lat="37.081066" lon="-121.897744"><ele>378.2</ele><time>2022-06-20T15:11:00Z</time></trkpt>
<trkpt lat="37.081095" lon="-121.897717"><ele>378.5</ele><time>2022-06-20T15:11:03Z</time></trkpt>
<trkpt lat="37.081122" lon="-121.897553"><ele>379.7</ele><time>2022-06-20T15:11:08Z</time></trkpt>
<trkpt lat="37.081086" lon="-121.897531"><ele>380.8</ele><time>2022-06-20T15:11:12Z</time></trkpt>
<trkpt lat="37.081174" lon="-121.897346"><ele>382.7</ele><time>2022-06-20T15:11:15Z</time></trkpt>
<trkpt lat="37.081150" lon="-121.897288"><ele>383.3</ele><time>2022-06-20T15:11:16Z</time></trkpt>
<trkpt lat="37.081180" lon="-121.897167"><ele>385.2</ele><time>2022-06-20T15:11:28Z</time></trkpt>
<trkpt lat="37.081137" lon="-121.897142"><ele>385.7</ele><time>2022-06-20T15:11:31Z</time></trkpt>
<trkpt lat="37.081164" lon="-121.897129"><ele>386.2</ele><time>2022-06-20T15:11:35Z</time></trkpt>
<trkpt lat="37.081115" lon="-121.897072"><ele>387.4</ele><time>2022-06-20T15:11:41Z</time></trkpt>
<trkpt lat="37.081146" lon="-121.897091"><ele>387.8</ele><time>2022-06-20T15:11:42Z</time></trkpt>
<trkpt lat="37.081128" lon="-121.897061"><ele>388.2</ele><time>2022-06-20T15:11:43Z</time></trkpt>
<trkpt lat="37.081161" lon="-121.897043"><ele>388.6</ele><time>2022-06-20T15:11:45Z</time></trkpt>
<trkpt lat="37.081153" lon="-121.896980"><ele>389.2</ele><time>2022-06-20T15:11:48Z</time></trkpt>
<trkpt lat="37.081077" lon="-121.896938"><ele>390.3</ele><time>2022-06-20T15:11:51Z</time></trkpt>
<trkpt lat="37.081088" lon="-121.896914"><ele>390.6</ele><time>2022-06-20T15:11:53Z</time></trkpt>
<trkpt lat="37.081045" lon="-121.896878"><ele>391.4</ele><time>2022-06-20T15:11:57Z</time></trkpt>
<trkpt lat="37.081067" lon="-121.896870"><ele>391.7</ele><time>2022-06-20T15:11:58Z</time></trkpt>
<trkpt lat="37.081057" lon="-121.896829"><ele>392.2</ele><time>2022-06-20T15:12:02Z</time></trkpt>
<trkpt lat="37.080980" lon="-121.896823"><ele>393.5</ele><time>2022-06-20T15:12:13Z</time></trkpt>
<trkpt lat="37.081010" lon="-121.896756"><ele>394.4</ele><time>2022-06-20T15:12:16Z</time></trkpt>
<trkpt lat="37.081031" lon="-121.896761"><ele>394.7</ele><time>2022-06-20T15:12:17Z</time></trkpt>
<trkpt lat="37.081005" lon="-121.896842"><ele>395.7</ele><time>2022-06-20T15:12:21Z</time></trkpt>
<trkpt lat="37.080972" lon="-121.896854"><ele>396.5</ele><time>2022-06-20T15:12:24Z</time></trkpt>
<trkpt lat="37.080967" lon="-121.896971"><ele>397.4</ele><time>2022-06-20T15:12:32Z</time></trkpt>
<trkpt lat="37.080922" lon="-121.897031"><ele>398.1</ele><time>2022-06-20T15:12:37Z</time></trkpt>
<trkpt lat="37.080840" lon="-121.897028"><ele>398.7</ele><time>2022-06-20T15:12:38Z</time></trkpt>
<trkpt lat="37.080553" lon="-121.897511"><ele>402.0</ele><time>2022-06-20T15:13:07Z</time></trkpt>
<trkpt lat="37.080521" lon="-121.897644"><ele>402.7</ele><time>2022-06-20T15:13:13Z</time></trkpt>
<trkpt lat="37.080436" lon="-121.897752"><ele>403.7</ele><time>2022-06-20T15:13:21Z</time></trkpt>
<trkpt lat="37.080481" lon="-121.897942"><ele>405.1</ele><time>2022-06-20T15:13:33Z</time></trkpt>
<trkpt lat="37.080469" lon="-121.897992"><ele>405.5</ele><time>2022-06-20T15:13:36Z</time></trkpt>
<trkpt lat="37.080350" lon="-121.898060"><ele>406.7</ele><time>2022-06-20T15:13:44Z</time></trkpt>
<trkpt lat="37.080276" lon="-121.898158"><ele>407.8</ele><time>2022-06-20T15:13:50Z</time></trkpt>
<trkpt lat="37.080208" lon="-121.898086"><ele>408.7</ele><time>2022-06-20T15:13:55Z</time></trkpt>
<trkpt lat="37.080141" lon="-121.898082"><ele>409.5</ele><time>2022-06-20T15:14:00Z</time></trkpt>
<trkpt lat="37.080154" lon="-121.898061"><ele>409.9</ele><time>2022-06-20T15:14:02Z</time></trkpt>
<trkpt lat="37.080110" lon="-121.898028"><ele>410.5</ele><time>2022-06-20T15:14:03Z</time></trkpt>
<trkpt lat="37.080103" lon="-121.897973"><ele>411.1</ele><time>2022-06-20T15:14:06Z</time></trkpt>
<trkpt lat="37.079943" lon="-121.897844"><ele>413.6</ele><time>2022-06-20T15:14:12Z</time></trkpt>
<trkpt lat="37.079943" lon="-121.897706"><ele>415.1</ele><time>2022-06-20T15:14:17Z</time></trkpt>
<trkpt lat="37.079870" lon="-121.897618"><ele>415.3</ele><time>2022-06-20T15:14:24Z</time></trkpt>
<trkpt lat="37.079876" lon="-121.897533"><ele>415.4</ele><time>2022-06-20T15:14:27Z</time></trkpt>
<trkpt lat="37.079989" lon="-121.897564"><ele>415.6</ele><time>2022-06-20T15:14:37Z</time></trkpt>
<trkpt lat="37.080029" lon="-121.897646"><ele>415.7</ele><time>2022-06-20T15:14:47Z</time></trkpt>
<trkpt lat="37.079987" lon="-121.897746"><ele>415.9</ele><time>2022-06-20T15:14:54Z</time></trkpt>
<trkpt lat="37.079905" lon="-121.897731"><ele>416.1</ele><time>2022-06-20T15:15:03Z</time></trkpt>
<trkpt lat="37.079941" lon="-121.897709"><ele>416.2</ele><time>2022-06-20T15:15:09Z</time></trkpt>
<trkpt lat="37.079981" lon="-121.897543"><ele>416.4</ele><time>2022-06-20T15:15:15Z</time></trkpt>
<trkpt lat="37.079950" lon="-121.897393"><ele>416.7</ele><time>2022-06-20T15:15:28Z</time></trkpt>
<trkpt lat="37.079984" lon="-121.897499"><ele>416.9</ele><time>2022-06-20T15:15:33Z</time></trkpt>
<trkpt lat="37.080069" lon="-121.897448"><ele>417.1</ele><time>2022-06-20T15:15:42Z</time></trkpt>
<trkpt lat="37.080087" lon="-121.897476"><ele>417.2</ele><time>2022-06-20T15:15:45Z</time></trkpt>
<trkpt lat="37.080034" lon="-121.897680"><ele>417.5</ele><time>2022-06-20T15:15:57Z</time></trkpt>
<trkpt lat="37.080065" lon="-121.897688"><ele>417.5</ele><time>2022-06-20T15:15:59Z</time></trkpt>
<trkpt lat="37.079996" lon="-121.897667"><ele>417.6</ele><time>2022-06-20T15:16:02Z</time></trkpt>
<trkpt lat="37.079978" lon="-121.897490"><ele>417.9</ele><time>2022-06-20T15:16:15Z</time></trkpt>
<trkpt lat="37.079982" lon="-121.897631"><ele>418.1</ele><time>2022-06-20T15:16:32Z</time></trkpt>
<trkpt lat="37.079898" lon="-121.897728"><ele>418.3</ele><time>2022-06-20T15:16:40Z</time></trkpt>
<trkpt lat="37.079964" lon="-121.897675"><ele>418.4</ele><time>2022-06-20T15:16:47Z</time></trkpt>
<trkpt lat="37.079966" lon="-121.897624"><ele>418.5</ele><time>2022-06-20T15:16:49Z</time></trkpt>
<trkpt lat="37.079909" lon="-121.897602"><ele>418.6</ele><time>2022-06-20T15:16:55Z</time></trkpt>
<trkpt lat="37.079889" lon="-121.897644"><ele>418.6</ele><time>2022-06-20T15:16:56Z</time></trkpt>
<trkpt lat="37.079905" lon="-121.897702"><ele>418.7</ele><time>2022-06-20T15:16:57Z</time></trkpt>
<trkpt lat="37.079871" lon="-121.897713"><ele>418.8</ele><time>2022-06-20T15:17:00Z</time></trkpt>
<trkpt lat="37.080002" lon="-121.897593"><ele>419.0</ele><time>2022-06-20T15:17:23Z</time></trkpt>
<trkpt lat="37.080022" lon="-121.897591"><ele>419.1</ele><time>2022-06-20T15:17:26Z</time></trkpt>
<trkpt lat="37.079996" lon="-121.897635"><ele>419.1</ele><time>2022-06-20T15:17:31Z</time></trkpt>
<trkpt lat="37.080048" lon="-121.897596"><ele>419.2</ele><time>2022-06-20T15:17:41Z</time></trkpt>
<trkpt lat="37.079986" lon="-121.897593"><ele>419.3</ele><time>2022-06-20T15:17:45Z</time></trkpt>
<trkpt lat="37.079925" lon="-121.897666"><ele>419.4</ele><time>2022-06-20T15:18:09Z</time></trkpt>
<trkpt lat="37.079944" lon="-121.897603"><ele>419.5</ele><time>2022-06-20T15:18:12Z</time></trkpt>
<trkpt lat="37.079971" lon="-121.897674"><ele>419.6</ele><time>2022-06-20T15:18:17Z</time></trkpt>
<trkpt lat="37.080068" lon="-121.897587"><ele>419.8</ele><time>2022-06-20T15:18:25Z</time></trkpt>
<trkpt lat="37.080037" lon="-121.897488"><ele>419.9</ele><time>2022-06-20T15:18:34Z</time></trkpt>
<trkpt lat="37.080037" lon="-121.897518"><ele>420.0</ele><time>2022-06-20T15:18:39Z</time></trkpt>
<trkpt lat="37.080193" lon="-121.897496"><ele>420.2</ele><time>2022-06-20T15:19:12Z</time></trkpt>
<trkpt lat="37.080200" lon="-121.897545"><ele>420.2</ele><time>2022-06-20T15:19:21Z</time></trkpt>
<trkpt lat="37.079976" lon="-121.897611"><ele>420.6</ele><time>2022-06-20T15:19:32Z</time></trkpt>
<trkpt lat="37.079996" lon="-121.897704"><ele>420.7</ele><time>2022-06-20T15:19:34Z</time></trkpt>
<trkpt lat="37.079926" lon="-121.897802"><ele>420.8</ele><time>2022-06-20T15:19:37Z</time></trkpt>
<trkpt lat="37.079977" lon="-121.897743"><ele>420.9</ele><time>2022-06-20T15:19:39Z</time></trkpt>
<trkpt lat="37.079945" lon="-121.897661"><ele>421.0</ele><time>2022-06-20T15:19:41Z</time></trkpt>
<trkpt lat="37.079856" lon="-121.897709"><ele>421.1</ele><time>2022-06-20T15:19:43Z</time></trkpt>
<trkpt lat="37.079916" lon="-121.897683"><ele>421.2</ele><time>2022-06-20T15:19:48Z</time></trkpt>
<trkpt lat="37.079897" lon="-121.897648"><ele>421.3</ele><time>2022-06-20T15:19:52Z</time></trkpt>
<trkpt lat="37.079976" lon="-121.897546"><ele>421.4</ele><time>2022-06-20T15:20:10Z</time></trkpt>
<trkpt lat="37.080058" lon="-121.897482"><ele>421.6</ele><time>2022-06-20T15:20:14Z</time></trkpt>
<trkpt lat="37.080054" lon="-121.897504"><ele>421.6</ele><time>2022-06-20T15:20:16Z</time></trkpt>
<trkpt lat="37.080033" lon="-121.897490"><ele>421.6</ele><time>2022-06-20T15:20:17Z</time></trkpt>
<trkpt lat="37.080069" lon="-121.897232"><ele>421.9</ele><time>2022-06-20T15:20:24Z</time></trkpt>
<trkpt lat="37.080026" lon="-121.897222"><ele>422.0</ele><time>2022-06-20T15:20:25Z</time></trkpt>
<trkpt lat="37.080053" lon="-121.897191"><ele>422.0</ele><time>2022-06-20T15:20:26Z</time></trkpt>
<trkpt lat="37.080010" lon="-121.897096"><ele>422.7</ele><time>2022-06-20T15:20:30Z</time></trkpt>
<trkpt lat="37.079955" lon="-121.897184"><ele>421.5</ele><time>2022-06-20T15:20:37Z</time></trkpt>
<trkpt lat="37.079943" lon="-121.897590"><ele>417.3</ele><time>2022-06-20T15:20:40Z</time></trkpt>
<trkpt lat="37.080017" lon="-121.897841"><ele>414.3</ele><time>2022-06-20T15:20:43Z</time></trkpt>
<trkpt lat="37.080017" lon="-121.897776"><ele>414.1</ele><time>2022-06-20T15:20:44Z</time></trkpt>
<trkpt lat="37.079970" lon="-121.897890"><ele>413.6</ele><time>2022-06-20T15:20:46Z</time></trkpt>
<trkpt lat="37.080041" lon="-121.898140"><ele>412.5</ele><time>2022-06-20T15:20:48Z</time></trkpt>
<trkpt lat="37.079966" lon="-121.898381"><ele>410.6</ele><time>2022-06-20T15:20:51Z</time></trkpt>
<trkpt lat="37.079958" lon="-121.898309"><ele>411.5</ele><time>2022-06-20T15:20:55Z</time></trkpt>
<trkpt lat="37.080125" lon="-121.898218"><ele>409.1</ele><time>2022-06-20T15:20:57Z</time></trkpt>
<trkpt lat="37.080109" lon="-121.898252"><ele>408.5</ele><time>2022-06-20T15:20:58Z</time></trkpt>
<trkpt lat="37.080168" lon="-121.898288"><ele>407.8</ele><time>2022-06-20T15:20:59Z</time></trkpt>
<trkpt lat="37.080170" lon="-121.898369"><ele>406.2</ele><time>2022-06-20T15:21:02Z</time></trkpt>
<trkpt lat="37.080287" lon="-121.898406"><ele>402.5</ele><time>2022-06-20T15:21:04Z</time></trkpt>
<trkpt lat="37.080300" lon="-121.898542"><ele>400.6</ele><time>2022-06-20T15:21:05Z</time></trkpt>
<trkpt lat="37.080393" lon="-121.898552"><ele>397.8</ele><time>2022-06-20T15:21:08Z</time></trkpt>
<trkpt lat="37.080469" lon="-121.898603"><ele>394.9</ele><time>2022-06-20T15:21:10Z</time></trkpt>
<trkpt lat="37.080462" lon="-121.898718"><ele>392.1</ele><time>2022-06-20T15:21:12Z</time></trkpt>
<trkpt lat="37.080355" lon="-121.899058"><ele>389.6</ele><time>2022-06-20T15:21:15Z</time></trkpt>
<trkpt lat="37.080279" lon="-121.899178"><ele>389.7</ele><time>2022-06-20T15:21:17Z</time></trkpt>
<trkpt lat="37.080081" lon="-121.899242"><ele>392.1</ele><time>2022-06-20T15:21:18Z</time></trkpt>
<trkpt lat="37.080092" lon="-121.899282"><ele>391.6</ele><time>2022-06-20T15:21:19Z</time></trkpt>
<trkpt lat="37.080131" lon="-121.899229"><ele>390.8</ele><time>2022-06-20T15:21:20Z</time></trkpt>
<trkpt lat="37.080361" lon="-121.899216"><ele>388.4</ele><time>2022-06-20T15:21:25Z</time></trkpt>
<trkpt lat="37.080562" lon="-121.899100"><ele>386.9</ele><time>2022-06-20T15:21:27Z</time></trkpt>
<trkpt lat="37.080626" lon="-121.898878"><ele>385.2</ele><time>2022-06-20T15:21:31Z</time></trkpt>
<trkpt lat="37.080759" lon="-121.898671"><ele>383.6</ele><time>2022-06-20T15:21:34Z</time></trkpt>
<trkpt lat="37.080810" lon="-121.898492"><ele>382.9</ele><time>2022-06-20T15:21:36Z</time></trkpt>
<trkpt lat="37.080912" lon="-121.898334"><ele>382.4</ele><time>2022-06-20T15:21:39Z</time></trkpt>
<trkpt lat="37.080952" lon="-121.898151"><ele>382.0</ele><time>2022-06-20T15:21:42Z</time></trkpt>
<trkpt lat="37.081068" lon="-121.897901"><ele>381.1</ele><time>2022-06-20T15:21:45Z</time></trkpt>
<trkpt lat="37.081108" lon="-121.897696"><ele>380.5</ele><time>2022-06-20T15:21:49Z</time></trkpt>
<trkpt lat="37.081328" lon="-121.897249"><ele>377.8</ele><time>2022-06-20T15:21:54Z</time></trkpt>
<trkpt lat="37.081340" lon="-121.897043"><ele>376.1</ele><time>2022-06-20T15:21:57Z</time></trkpt>
<trkpt lat="37.081293" lon="-121.896952"><ele>375.0</ele><time>2022-06-20T15:21:59Z</time></trkpt>
<trkpt lat="37.081332" lon="-121.896852"><ele>374.1</ele><time>2022-06-20T15:22:01Z</time></trkpt>
<trkpt lat="37.081357" lon="-121.896637"><ele>372.9</ele><time>2022-06-20T15:22:04Z</time></trkpt>
<trkpt lat="37.081272" lon="-121.896471"><ele>372.0</ele><time>2022-06-20T15:22:06Z</time></trkpt>
<trkpt lat="37.081255" lon="-121.896345"><ele>371.6</ele><time>2022-06-20T15:22:07Z</time></trkpt>
<trkpt lat="37.081200" lon="-121.896226"><ele>371.2</ele><time>2022-06-20T15:22:09Z</time></trkpt>
<trkpt lat="37.081292" lon="-121.896185"><ele>370.7</ele><time>2022-06-20T15:22:10Z</time></trkpt>
<trkpt lat="37.081392" lon="-121.896204"><ele>369.7</ele><time>2022-06-20T15:22:13Z</time></trkpt>
<trkpt lat="37.081504" lon="-121.896405"><ele>367.3</ele><time>2022-06-20T15:22:16Z</time></trkpt>
<trkpt lat="37.081637" lon="-121.896470"><ele>366.0</ele><time>2022-06-20T15:22:19Z</time></trkpt>
<trkpt lat="37.081662" lon="-121.896685"><ele>364.4</ele><time>2022-06-20T15:22:21Z</time></trkpt>
<trkpt lat="37.081696" lon="-121.896756"><ele>363.8</ele><time>2022-06-20T15:22:22Z</time></trkpt>
<trkpt lat="37.081786" lon="-121.896812"><ele>362.9</ele><time>2022-06-20T15:22:24Z</time></trkpt>
<trkpt lat="37.081772" lon="-121.897030"><ele>361.3</ele><time>2022-06-20T15:22:28Z</time></trkpt>
<trkpt lat="37.081748" lon="-121.897064"><ele>361.0</ele><time>2022-06-20T15:22:30Z</time></trkpt>
<trkpt lat="37.081885" lon="-121.897131"><ele>359.4</ele><time>2022-06-20T15:22:33Z</time></trkpt>
<trkpt lat="37.081923" lon="-121.897261"><ele>358.3</ele><time>2022-06-20T15:22:36Z</time></trkpt>
<trkpt lat="37.082071" lon="-121.897270"><ele>357.0</ele><time>2022-06-20T15:22:38Z</time></trkpt>
<trkpt lat="37.082105" lon="-121.897339"><ele>356.5</ele><time>2022-06-20T15:22:39Z</time></trkpt>
<trkpt lat="37.082066" lon="-121.897772"><ele>353.4</ele><time>2022-06-20T15:22:41Z</time></trkpt>
<trkpt lat="37.082012" lon="-121.897924"><ele>352.0</ele><time>2022-06-20T15:22:43Z</time></trkpt>
<trkpt lat="37.081970" lon="-121.898248"><ele>349.6</ele><time>2022-06-20T15:22:49Z</time></trkpt>
<trkpt lat="37.082034" lon="-121.898164"><ele>348.3</ele><time>2022-06-20T15:22:54Z</time></trkpt>
<trkpt lat="37.082001" lon="-121.898130"><ele>347.7</ele><time>2022-06-20T15:22:56Z</time></trkpt>
<trkpt lat="37.082040" lon="-121.898156"><ele>347.1</ele><time>2022-06-20T15:22:58Z</time></trkpt>
<trkpt lat="37.082096" lon="-121.898134"><ele>346.3</ele><time>2022-06-20T15:22:59Z</time></trkpt>
<trkpt lat="37.082121" lon="-121.898225"><ele>345.4</ele><time>2022-06-20T15:23:00Z</time></trkpt>
<trkpt lat="37.082104" lon="-121.898394"><ele>343.9</ele><time>2022-06-20T15:23:03Z</time></trkpt>
<trkpt lat="37.082171" lon="-121.898403"><ele>343.2</ele><time>2022-06-20T15:23:05Z</time></trkpt>
<trkpt lat="37.082175" lon="-121.898439"><ele>342.9</ele><time>2022-06-20T15:23:06Z</time></trkpt>
<trkpt lat="37.082084" lon="-121.898601"><ele>341.7</ele><time>2022-06-20T15:23:10Z</time></trkpt>
<trkpt lat="37.082100" lon="-121.898893"><ele>340.0</ele><time>2022-06-20T15:23:15Z</time></trkpt>
<trkpt lat="37.082066" lon="-121.899230"><ele>337.3</ele><time>2022-06-20T15:23:20Z</time></trkpt>
<trkpt lat="37.081990" lon="-121.899463"><ele>335.9</ele><time>2022-06-20T15:23:24Z</time></trkpt>
<trkpt lat="37.082013" lon="-121.899698"><ele>334.9</ele><time>2022-06-20T15:23:27Z</time></trkpt>
<trkpt lat="37.081927" lon="-121.899876"><ele>334.4</ele><time>2022-06-20T15:23:31Z</time></trkpt>
<trkpt lat="37.081920" lon="-121.900275"><ele>333.9</ele><time>2022-06-20T15:23:36Z</time></trkpt>
<trkpt lat="37.081897" lon="-121.900350"><ele>333.9</ele><time>2022-06-20T15:23:40Z</time></trkpt>
<trkpt lat="37.081876" lon="-121.900320"><ele>334.0</ele><time>2022-06-20T15:23:42Z</time></trkpt>
<trkpt lat="37.081894" lon="-121.900296"><ele>334.0</ele><time>2022-06-20T15:23:44Z</time></trkpt>
<trkpt lat="37.081846" lon="-121.900378"><ele>334.0</ele><time>2022-06-20T15:23:46Z</time></trkpt>
<trkpt lat="37.081773" lon="-121.900600"><ele>334.0</ele><time>2022-06-20T15:24:43Z</time></trkpt>
<trkpt lat="37.081701" lon="-121.900681"><ele>333.7</ele><time>2022-06-20T15:24:44Z</time></trkpt>
<trkpt lat="37.081740" lon="-121.900776"><ele>333.4</ele><time>2022-06-20T15:24:46Z</time></trkpt>
<trkpt lat="37.081782" lon="-121.900744"><ele>333.2</ele><time>2022-06-20T15:24:47Z</time></trkpt>
<trkpt lat="37.081857" lon="-121.900803"><ele>332.7</ele><time>2022-06-20T15:24:48Z</time></trkpt>
<trkpt lat="37.081940" lon="-121.900997"><ele>331.0</ele><time>2022-06-20T15:24:50Z</time></trkpt>
<trkpt lat="37.081973" lon="-121.901373"><ele>326.8</ele><time>2022-06-20T15:24:53Z</time></trkpt>
<trkpt lat="37.081944" lon="-121.901630"><ele>324.6</ele><time>2022-06-20T15:24:56Z</time></trkpt>
<trkpt lat="37.081989" lon="-121.901679"><ele>324.1</ele><time>2022-06-20T15:24:57Z</time></trkpt>
<trkpt lat="37.082137" lon="-121.902322"><ele>321.2</ele><time>2022-06-20T15:25:05Z</time></trkpt>
<trkpt lat="37.082193" lon="-121.902464"><ele>320.5</ele><time>2022-06-20T15:25:07Z</time></trkpt>
<trkpt lat="37.082184" lon="-121.902719"><ele>319.0</ele><time>2022-06-20T15:25:10Z</time></trkpt>
<trkpt lat="37.082276" lon="-121.902806"><ele>318.3</ele><time>2022-06-20T15:25:12Z</time></trkpt>
<trkpt lat="37.082302" lon="-121.903655"><ele>314.9</ele><time>2022-06-20T15:25:20Z</time></trkpt>
<trkpt lat="37.082364" lon="-121.903735"><ele>314.1</ele><time>2022-06-20T15:25:22Z</time></trkpt>
<trkpt lat="37.082403" lon="-121.904014"><ele>312.2</ele><time>2022-06-20T15:25:24Z</time></trkpt>
<trkpt lat="37.082443" lon="-121.904105"><ele>311.7</ele><time>2022-06-20T15:25:25Z</time></trkpt>
<trkpt lat="37.082527" lon="-121.904180"><ele>311.0</ele><time>2022-06-20T15:25:27Z</time></trkpt>
<trkpt lat="37.082540" lon="-121.904061"><ele>310.0</ele><time>2022-06-20T15:25:29Z</time></trkpt>
<trkpt lat="37.082512" lon="-121.903967"><ele>309.3</ele><time>2022-06-20T15:25:30Z</time></trkpt>
<trkpt lat="37.082565" lon="-121.903836"><ele>308.3</ele><time>2022-06-20T15:25:32Z</time></trkpt>
<trkpt lat="37.082557" lon="-121.903692"><ele>307.6</ele><time>2022-06-20T15:25:34Z</time></trkpt>
<trkpt lat="37.082613" lon="-121.903649"><ele>307.2</ele><time>2022-06-20T15:25:36Z</time></trkpt>
<trkpt lat="37.082579" lon="-121.903621"><ele>307.0</ele><time>2022-06-20T15:25:37Z</time></trkpt>
<trkpt lat="37.082759" lon="-121.903484"><ele>305.6</ele><time>2022-06-20T15:25:41Z</time></trkpt>
<trkpt lat="37.082849" lon="-121.903524"><ele>304.8</ele><time>2022-06-20T15:25:43Z</time></trkpt>
<trkpt lat="37.082848" lon="-121.903883"><ele>301.5</ele><time>2022-06-20T15:25:47Z</time></trkpt>
<trkpt lat="37.082907" lon="-121.904086"><ele>299.7</ele><time>2022-06-20T15:25:49Z</time></trkpt>
<trkpt lat="37.082842" lon="-121.904271"><ele>298.5</ele><time>2022-06-20T15:25:51Z</time></trkpt>
<trkpt lat="37.082834" lon="-121.904380"><ele>297.8</ele><time>2022-06-20T15:25:53Z</time></trkpt>
<trkpt lat="37.082868" lon="-121.904243"><ele>296.7</ele><time>2022-06-20T15:25:55Z</time></trkpt>
<trkpt lat="37.082968" lon="-121.904198"><ele>295.5</ele><time>2022-06-20T15:25:56Z</time></trkpt>
<trkpt lat="37.083079" lon="-121.903936"><ele>293.0</ele><time>2022-06-20T15:26:00Z</time></trkpt>
<trkpt lat="37.083171" lon="-121.903818"><ele>291.5</ele><time>2022-06-20T15:26:02Z</time></trkpt>
<trkpt lat="37.083232" lon="-121.903842"><ele>290.6</ele><time>2022-06-20T15:26:03Z</time></trkpt>
<trkpt lat="37.083299" lon="-121.903975"><ele>288.9</ele><time>2022-06-20T15:26:06Z</time></trkpt>
<trkpt lat="37.083248" lon="-121.904195"><ele>286.8</ele><time>2022-06-20T15:26:09Z</time></trkpt>
<trkpt lat="37.083236" lon="-121.904365"><ele>285.4</ele><time>2022-06-20T15:26:10Z</time></trkpt>
<trkpt lat="37.083264" lon="-121.904446"><ele>284.7</ele><time>2022-06-20T15:26:11Z</time></trkpt>
<trkpt lat="37.083245" lon="-121.904464"><ele>284.4</ele><time>2022-06-20T15:26:12Z</time></trkpt>
<trkpt lat="37.083219" lon="-121.904433"><ele>283.9</ele><time>2022-06-20T15:26:15Z</time></trkpt>
<trkpt lat="37.083307" lon="-121.904476"><ele>282.3</ele><time>2022-06-20T15:26:17Z</time></trkpt>
<trkpt lat="37.083302" lon="-121.904550"><ele>281.3</ele><time>2022-06-20T15:26:18Z</time></trkpt>
<trkpt lat="37.083364" lon="-121.904594"><ele>280.2</ele><time>2022-06-20T15:26:19Z</time></trkpt>
<trkpt lat="37.083407" lon="-121.904700"><ele>278.7</ele><time>2022-06-20T15:26:20Z</time></trkpt>
<trkpt lat="37.083275" lon="-121.905023"><ele>275.0</ele><time>2022-06-20T15:26:24Z</time></trkpt>
<trkpt lat="37.083205" lon="-121.905090"><ele>274.1</ele><time>2022-06-20T15:26:25Z</time></trkpt>
<trkpt lat="37.083024" lon="-121.905478"><ele>271.8</ele><time>2022-06-20T15:26:31Z</time></trkpt>
<trkpt lat="37.083091" lon="-121.905584"><ele>271.3</ele><time>2022-06-20T15:26:33Z</time></trkpt>
<trkpt lat="37.083096" lon="-121.905814"><ele>270.5</ele><time>2022-06-20T15:26:38Z</time></trkpt>
<trkpt lat="37.083176" lon="-121.905840"><ele>270.1</ele><time>2022-06-20T15:26:40Z</time></trkpt>
<trkpt lat="37.083191" lon="-121.905904"><ele>269.8</ele><time>2022-06-20T15:26:41Z</time></trkpt>
<trkpt lat="37.083212" lon="-121.905719"><ele>268.3</ele><time>2022-06-20T15:26:44Z</time></trkpt>
<trkpt lat="37.083189" lon="-121.905545"><ele>266.5</ele><time>2022-06-20T15:26:46Z</time></trkpt>
<trkpt lat="37.083222" lon="-121.905399"><ele>264.9</ele><time>2022-06-20T15:26:48Z</time></trkpt>
<trkpt lat="37.083265" lon="-121.905392"><ele>264.4</ele><time>2022-06-20T15:26:49Z</time></trkpt>
<trkpt lat="37.083414" lon="-121.905479"><ele>262.6</ele><time>2022-06-20T15:26:51Z</time></trkpt>
<trkpt lat="37.083579" lon="-121.905315"><ele>260.3</ele><time>2022-06-20T15:26:53Z</time></trkpt>
<trkpt lat="37.083617" lon="-121.905339"><ele>259.8</ele><time>2022-06-20T15:26:54Z</time></trkpt>
<trkpt lat="37.083743" lon="-121.905142"><ele>257.6</ele><time>2022-06-20T15:26:57Z</time></trkpt>
<trkpt lat="37.083796" lon="-121.905115"><ele>257.1</ele><time>2022-06-20T15:26:58Z</time></trkpt>
<trkpt lat="37.083857" lon="-121.904949"><ele>256.1</ele><time>2022-06-20T15:27:00Z</time></trkpt>
<trkpt lat="37.083910" lon="-121.904900"><ele>255.8</ele><time>2022-06-20T15:27:01Z</time></trkpt>
<trkpt lat="37.083976" lon="-121.904878"><ele>255.4</ele><time>2022-06-20T15:27:02Z</time></trkpt>
<trkpt lat="37.084156" lon="-121.904924"><ele>254.2</ele><time>2022-06-20T15:27:05Z</time></trkpt>
<trkpt lat="37.084204" lon="-121.904906"><ele>253.8</ele><time>2022-06-20T15:27:06Z</time></trkpt>
<trkpt lat="37.084362" lon="-121.904970"><ele>252.4</ele><time>2022-06-20T15:27:08Z</time></trkpt>
<trkpt lat="37.084539" lon="-121.904874"><ele>250.7</ele><time>2022-06-20T15:27:11Z</time></trkpt>
<trkpt lat="37.084840" lon="-121.904899"><ele>248.9</ele><time>2022-06-20T15:27:17Z</time></trkpt>
<trkpt lat="37.084887" lon="-121.904756"><ele>248.2</ele><time>2022-06-20T15:27:21Z</time></trkpt>
<trkpt lat="37.084893" lon="-121.904565"><ele>247.4</ele><time>2022-06-20T15:27:25Z</time></trkpt>
<trkpt lat="37.084934" lon="-121.904512"><ele>247.1</ele><time>2022-06-20T15:27:28Z</time></trkpt>
<trkpt lat="37.084917" lon="-121.904413"><ele>247.0</ele><time>2022-06-20T15:27:30Z</time></trkpt>
<trkpt lat="37.084965" lon="-121.904256"><ele>247.3</ele><time>2022-06-20T15:27:34Z</time></trkpt>
<trkpt lat="37.084927" lon="-121.904236"><ele>247.5</ele><time>2022-06-20T15:27:37Z</time></trkpt>
<trkpt lat="37.084984" lon="-121.904130"><ele>248.0</ele><time>2022-06-20T15:27:43Z</time></trkpt>
<trkpt lat="37.084956" lon="-121.904121"><ele>248.1</ele><time>2022-06-20T15:27:45Z</time></trkpt>
<trkpt lat="37.084997" lon="-121.903864"><ele>248.9</ele><time>2022-06-20T15:27:49Z</time></trkpt>
<trkpt lat="37.084934" lon="-121.903898"><ele>249.2</ele><time>2022-06-20T15:27:51Z</time></trkpt>
<trkpt lat="37.084919" lon="-121.903868"><ele>249.3</ele><time>2022-06-20T15:27:53Z</time></trkpt>
<trkpt lat="37.084919" lon="-121.903904"><ele>249.4</ele><time>2022-06-20T15:27:54Z</time></trkpt>
<trkpt lat="37.084906" lon="-121.903850"><ele>249.7</ele><time>2022-06-20T15:27:56Z</time></trkpt>
<trkpt lat="37.084920" lon="-121.903814"><ele>249.8</ele><time>2022-06-20T15:27:57Z</time></trkpt>
<trkpt lat="37.084968" lon="-121.903895"><ele>250.1</ele><time>2022-06-20T15:27:58Z</time></trkpt>
<trkpt lat="37.085058" lon="-121.903808"><ele>250.6</ele><time>2022-06-20T15:28:01Z</time></trkpt>
<trkpt lat="37.085076" lon="-121.903834"><ele>250.7</ele><time>2022-06-20T15:28:03Z</time></trkpt>
<trkpt lat="37.085053" lon="-121.903884"><ele>250.9</ele><time>2022-06-20T15:28:05Z</time></trkpt>
<trkpt lat="37.085102" lon="-121.903900"><ele>251.3</ele><time>2022-06-20T15:28:11Z</time></trkpt>
<trkpt lat="37.085061" lon="-121.903932"><ele>251.5</ele><time>2022-06-20T15:28:12Z</time></trkpt>
<trkpt lat="37.085022" lon="-121.903722"><ele>252.2</ele><time>2022-06-20T15:28:15Z</time></trkpt>
<trkpt lat="37.085056" lon="-121.903682"><ele>252.3</ele><time>2022-06-20T15:28:16Z</time></trkpt>
<trkpt lat="37.085031" lon="-121.903768"><ele>253.0</ele><time>2022-06-20T15:28:27Z</time></trkpt>
<trkpt lat="37.085001" lon="-121.903746"><ele>253.5</ele><time>2022-06-20T15:28:34Z</time></trkpt>
<trkpt lat="37.085018" lon="-121.903641"><ele>253.8</ele><time>2022-06-20T15:28:40Z</time></trkpt>
<trkpt lat="37.085021" lon="-121.903746"><ele>254.4</ele><time>2022-06-20T15:28:45Z</time></trkpt>
<trkpt lat="37.085000" lon="-121.903771"><ele>254.7</ele><time>2022-06-20T15:28:48Z</time></trkpt>
<trkpt lat="37.084987" lon="-121.903726"><ele>254.9</ele><time>2022-06-20T15:28:49Z</time></trkpt>
<trkpt lat="37.084945" lon="-121.903752"><ele>255.1</ele><time>2022-06-20T15:28:51Z</time></trkpt>
<trkpt lat="37.085043" lon="-121.903788"><ele>255.6</ele><time>2022-06-20T15:29:01Z</time></trkpt>
<trkpt lat="37.085123" lon="-121.903668"><ele>256.2</ele><time>2022-06-20T15:29:21Z</time></trkpt>
<trkpt lat="37.085076" lon="-121.903670"><ele>256.4</ele><time>2022-06-20T15:29:50Z</time></trkpt>
<trkpt lat="37.085034" lon="-121.903731"><ele>256.8</ele><time>2022-06-20T15:30:06Z</time></trkpt>
<trkpt lat="37.085014" lon="-121.903597"><ele>257.3</ele><time>2022-06-20T15:30:14Z</time></trkpt>
<trkpt lat="37.084994" lon="-121.903598"><ele>257.4</ele><time>2022-06-20T15:30:15Z</time></trkpt>
<trkpt lat="37.084987" lon="-121.903624"><ele>257.5</ele><time>2022-06-20T15:30:16Z</time></trkpt>
<trkpt lat="37.085135" lon="-121.903732"><ele>258.2</ele><time>2022-06-20T15:30:24Z</time></trkpt>
<trkpt lat="37.085152" lon="-121.903803"><ele>258.5</ele><time>2022-06-20T15:30:25Z</time></trkpt>
<trkpt lat="37.084975" lon="-121.903673"><ele>259.6</ele><time>2022-06-20T15:30:26Z</time></trkpt>
<trkpt lat="37.085076" lon="-121.903659"><ele>260.2</ele><time>2022-06-20T15:30:33Z</time></trkpt>
<trkpt lat="37.085099" lon="-121.903572"><ele>261.0</ele><time>2022-06-20T15:30:36Z</time></trkpt>
<trkpt lat="37.085036" lon="-121.903415"><ele>261.9</ele><time>2022-06-20T15:30:38Z</time></trkpt>
<trkpt lat="37.085073" lon="-121.903317"><ele>262.5</ele><time>2022-06-20T15:30:40Z</time></trkpt>
<trkpt lat="37.085061" lon="-121.903183"><ele>263.2</ele><time>2022-06-20T15:30:44Z</time></trkpt>
<trkpt lat="37.085064" lon="-121.903207"><ele>263.3</ele><time>2022-06-20T15:30:45Z</time></trkpt>
<trkpt lat="37.084960" lon="-121.902670"><ele>266.4</ele><time>2022-06-20T15:31:21Z</time></trkpt>
<trkpt lat="37.084909" lon="-121.902606"><ele>266.8</ele><time>2022-06-20T15:31:25Z</time></trkpt>
<trkpt lat="37.084904" lon="-121.902549"><ele>267.0</ele><time>2022-06-20T15:31:29Z</time></trkpt>
<trkpt lat="37.084847" lon="-121.902502"><ele>267.3</ele><time>2022-06-20T15:31:34Z</time></trkpt>
<trkpt lat="37.084852" lon="-121.902466"><ele>267.4</ele><time>2022-06-20T15:31:35Z</time></trkpt>
<trkpt lat="37.084795" lon="-121.902441"><ele>267.7</ele><time>2022-06-20T15:31:37Z</time></trkpt>
<trkpt lat="37.084827" lon="-121.902382"><ele>267.9</ele><time>2022-06-20T15:31:39Z</time></trkpt>
<trkpt lat="37.084775" lon="-121.902299"><ele>268.3</ele><time>2022-06-20T15:31:47Z</time></trkpt>
<trkpt lat="37.084547" lon="-121.902031"><ele>269.7</ele><time>2022-06-20T15:32:11Z</time></trkpt>
<trkpt lat="37.084468" lon="-121.901985"><ele>270.1</ele><time>2022-06-20T15:32:17Z</time></trkpt>
<trkpt lat="37.084490" lon="-121.901960"><ele>270.3</ele><time>2022-06-20T15:32:18Z</time></trkpt>
<trkpt lat="37.084390" lon="-121.901836"><ele>270.9</ele><time>2022-06-20T15:32:26Z</time></trkpt>
<trkpt lat="37.084264" lon="-121.901529"><ele>272.3</ele><time>2022-06-20T15:32:40Z</time></trkpt>
<trkpt lat="37.084197" lon="-121.901446"><ele>272.7</ele><time>2022-06-20T15:32:48Z</time></trkpt>
<trkpt lat="37.084111" lon="-121.901517"><ele>273.2</ele><time>2022-06-20T15:32:51Z</time></trkpt>
<trkpt lat="37.084129" lon="-121.901468"><ele>273.5</ele><time>2022-06-20T15:32:54Z</time></trkpt>
<trkpt lat="37.084095" lon="-121.901508"><ele>273.7</ele><time>2022-06-20T15:32:56Z</time></trkpt>
<trkpt lat="37.084025" lon="-121.901510"><ele>274.1</ele><time>2022-06-20T15:32:59Z</time></trkpt>
<trkpt lat="37.083965" lon="-121.901446"><ele>275.4</ele><time>2022-06-20T15:33:04Z</time></trkpt>
<trkpt lat="37.083938" lon="-121.901477"><ele>275.8</ele><time>2022-06-20T15:33:06Z</time></trkpt>
<trkpt lat="37.083954" lon="-121.901429"><ele>276.3</ele><time>2022-06-20T15:33:07Z</time></trkpt>
<trkpt lat="37.083865" lon="-121.901400"><ele>277.3</ele><time>2022-06-20T15:33:11Z</time></trkpt>
<trkpt lat="37.083806" lon="-121.901309"><ele>278.3</ele><time>2022-06-20T15:33:15Z</time></trkpt>
<trkpt lat="37.083661" lon="-121.901254"><ele>279.8</ele><time>2022-06-20T15:33:25Z</time></trkpt>
<trkpt lat="37.083649" lon="-121.901275"><ele>280.0</ele><time>2022-06-20T15:33:27Z</time></trkpt>
<trkpt lat="37.083675" lon="-121.901290"><ele>280.3</ele><time>2022-06-20T15:33:29Z</time></trkpt>
<trkpt lat="37.083627" lon="-121.901301"><ele>280.8</ele><time>2022-06-20T15:33:32Z</time></trkpt>
<trkpt lat="37.083564" lon="-121.901204"><ele>281.6</ele><time>2022-06-20T15:33:39Z</time></trkpt>
<trkpt lat="37.083475" lon="-121.901219"><ele>282.3</ele><time>2022-06-20T15:33:42Z</time></trkpt>
<trkpt lat="37.083503" lon="-121.901121"><ele>282.9</ele><time>2022-06-20T15:33:47Z</time></trkpt>
<trkpt lat="37.083458" lon="-121.901108"><ele>283.2</ele><time>2022-06-20T15:33:49Z</time></trkpt>
<trkpt lat="37.083388" lon="-121.900988"><ele>284.0</ele><time>2022-06-20T15:33:55Z</time></trkpt>
<trkpt lat="37.083377" lon="-121.900803"><ele>285.1</ele><time>2022-06-20T15:34:00Z</time></trkpt>
<trkpt lat="37.083320" lon="-121.900679"><ele>285.7</ele><time>2022-06-20T15:34:07Z</time></trkpt>
<trkpt lat="37.083333" lon="-121.900560"><ele>285.9</ele><time>2022-06-20T15:34:12Z</time></trkpt>
<trkpt lat="37.083291" lon="-121.900473"><ele>285.9</ele><time>2022-06-20T15:34:18Z</time></trkpt>
<trkpt lat="37.083237" lon="-121.900438"><ele>285.6</ele><time>2022-06-20T15:34:21Z</time></trkpt>
<trkpt lat="37.083202" lon="-121.900315"><ele>285.0</ele><time>2022-06-20T15:34:25Z</time></trkpt>
<trkpt lat="37.083270" lon="-121.900206"><ele>284.3</ele><time>2022-06-20T15:34:27Z</time></trkpt>
<trkpt lat="37.083338" lon="-121.900172"><ele>283.8</ele><time>2022-06-20T15:34:28Z</time></trkpt>
<trkpt lat="37.083318" lon="-121.900029"><ele>283.2</ele><time>2022-06-20T15:34:31Z</time></trkpt>
<trkpt lat="37.083493" lon="-121.899958"><ele>282.8</ele><time>2022-06-20T15:34:35Z</time></trkpt>
<trkpt lat="37.083551" lon="-121.900010"><ele>282.9</ele><time>2022-06-20T15:34:40Z</time></trkpt>
<trkpt lat="37.083668" lon="-121.899988"><ele>283.4</ele><time>2022-06-20T15:34:44Z</time></trkpt>
<trkpt lat="37.083849" lon="-121.899866"><ele>285.1</ele><time>2022-06-20T15:34:52Z</time></trkpt>
<trkpt lat="37.084052" lon="-121.899804"><ele>287.2</ele><time>2022-06-20T15:35:06Z</time></trkpt>
<trkpt lat="37.084099" lon="-121.899824"><ele>287.7</ele><time>2022-06-20T15:35:09Z</time></trkpt>
<trkpt lat="37.084310" lon="-121.899650"><ele>290.3</ele><time>2022-06-20T15:35:21Z</time></trkpt>
<trkpt lat="37.084488" lon="-121.899751"><ele>292.1</ele><time>2022-06-20T15:35:32Z</time></trkpt>
<trkpt lat="37.084555" lon="-121.899893"><ele>293.1</ele><time>2022-06-20T15:35:36Z</time></trkpt>
<trkpt lat="37.084651" lon="-121.899913"><ele>293.7</ele><time>2022-06-20T15:35:40Z</time></trkpt>
<trkpt lat="37.084726" lon="-121.900002"><ele>294.3</ele><time>2022-06-20T15:35:44Z</time></trkpt>
<trkpt lat="37.084754" lon="-121.899987"><ele>294.5</ele><time>2022-06-20T15:35:45Z</time></trkpt>
<trkpt lat="37.084838" lon="-121.900159"><ele>295.5</ele><time>2022-06-20T15:35:55Z</time></trkpt>
<trkpt lat="37.085091" lon="-121.900085"><ele>297.1</ele><time>2022-06-20T15:36:08Z</time></trkpt>
<trkpt lat="37.085096" lon="-121.900119"><ele>297.3</ele><time>2022-06-20T15:36:10Z</time></trkpt>
<trkpt lat="37.085169" lon="-121.900054"><ele>297.9</ele><time>2022-06-20T15:36:15Z</time></trkpt>
<trkpt lat="37.085222" lon="-121.900060"><ele>298.3</ele><time>2022-06-20T15:36:18Z</time></trkpt>
<trkpt lat="37.085269" lon="-121.900020"><ele>298.7</ele><time>2022-06-20T15:36:23Z</time></trkpt>
<trkpt lat="37.085282" lon="-121.899946"><ele>299.2</ele><time>2022-06-20T15:36:27Z</time></trkpt>
<trkpt lat="37.085581" lon="-121.899697"><ele>301.7</ele><time>2022-06-20T15:36:52Z</time></trkpt>
<trkpt lat="37.085731" lon="-121.899471"><ele>302.8</ele><time>2022-06-20T15:37:03Z</time></trkpt>
<trkpt lat="37.085757" lon="-121.899116"><ele>304.1</ele><time>2022-06-20T15:37:22Z</time></trkpt>
<trkpt lat="37.085787" lon="-121.899124"><ele>304.3</ele><time>2022-06-20T15:37:24Z</time></trkpt>
<trkpt lat="37.085805" lon="-121.899048"><ele>304.6</ele><time>2022-06-20T15:37:28Z</time></trkpt>
<trkpt lat="37.085828" lon="-121.899055"><ele>304.8</ele><time>2022-06-20T15:37:29Z</time></trkpt>
<trkpt lat="37.085876" lon="-121.898970"><ele>305.2</ele><time>2022-06-20T15:37:34Z</time></trkpt>
<trkpt lat="37.085893" lon="-121.898993"><ele>305.4</ele><time>2022-06-20T15:37:35Z</time></trkpt>
<trkpt lat="37.086121" lon="-121.898855"><ele>307.1</ele><time>2022-06-20T15:37:48Z</time></trkpt>
<trkpt lat="37.086144" lon="-121.898886"><ele>307.3</ele><time>2022-06-20T15:37:49Z</time></trkpt>
<trkpt lat="37.086240" lon="-121.898882"><ele>308.2</ele><time>2022-06-20T15:37:55Z</time></trkpt>
<trkpt lat="37.086228" lon="-121.898833"><ele>308.7</ele><time>2022-06-20T15:37:58Z</time></trkpt>
<trkpt lat="37.086293" lon="-121.898814"><ele>309.7</ele><time>2022-06-20T15:38:04Z</time></trkpt>
<trkpt lat="37.086313" lon="-121.898705"><ele>311.3</ele><time>2022-06-20T15:38:13Z</time></trkpt>
<trkpt lat="37.086341" lon="-121.898699"><ele>311.6</ele><time>2022-06-20T15:38:14Z</time></trkpt>
<trkpt lat="37.086368" lon="-121.898612"><ele>312.5</ele><time>2022-06-20T15:38:16Z</time></trkpt>
<trkpt lat="37.086414" lon="-121.898595"><ele>313.0</ele><time>2022-06-20T15:38:18Z</time></trkpt>
<trkpt lat="37.086449" lon="-121.898625"><ele>313.5</ele><time>2022-06-20T15:38:19Z</time></trkpt>
<trkpt lat="37.086414" lon="-121.898724"><ele>314.5</ele><time>2022-06-20T15:38:21Z</time></trkpt>
<trkpt lat="37.086505" lon="-121.898581"><ele>316.1</ele><time>2022-06-20T15:38:24Z</time></trkpt>
<trkpt lat="37.086510" lon="-121.898473"><ele>317.1</ele><time>2022-06-20T15:38:29Z</time></trkpt>
<trkpt lat="37.086562" lon="-121.898494"><ele>317.7</ele><time>2022-06-20T15:38:33Z</time></trkpt>
<trkpt lat="37.086770" lon="-121.898414"><ele>319.9</ele><time>2022-06-20T15:38:48Z</time></trkpt>
<trkpt lat="37.086787" lon="-121.898343"><ele>320.5</ele><time>2022-06-20T15:38:52Z</time></trkpt>
<trkpt lat="37.086745" lon="-121.898377"><ele>320.9</ele><time>2022-06-20T15:38:54Z</time></trkpt>
<trkpt lat="37.086736" lon="-121.898327"><ele>321.3</ele><time>2022-06-20T15:38:56Z</time></trkpt>
<trkpt lat="37.086708" lon="-121.898358"><ele>321.6</ele><time>2022-06-20T15:38:58Z</time></trkpt>
<trkpt lat="37.086739" lon="-121.898371"><ele>322.0</ele><time>2022-06-20T15:39:01Z</time></trkpt>
<trkpt lat="37.086716" lon="-121.898220"><ele>323.1</ele><time>2022-06-20T15:39:53Z</time></trkpt>
<trkpt lat="37.086736" lon="-121.898274"><ele>323.4</ele><time>2022-06-20T15:40:09Z</time></trkpt>
<trkpt lat="37.086753" lon="-121.898246"><ele>323.7</ele><time>2022-06-20T15:40:15Z</time></trkpt>
<trkpt lat="37.086734" lon="-121.897897"><ele>325.4</ele><time>2022-06-20T15:40:54Z</time></trkpt>
<trkpt lat="37.086756" lon="-121.897917"><ele>325.5</ele><time>2022-06-20T15:40:55Z</time></trkpt>
<trkpt lat="37.086784" lon="-121.897843"><ele>325.9</ele><time>2022-06-20T15:40:59Z</time></trkpt>
<trkpt lat="37.086849" lon="-121.897502"><ele>327.5</ele><time>2022-06-20T15:41:16Z</time></trkpt>
<trkpt lat="37.086928" lon="-121.897339"><ele>328.9</ele><time>2022-06-20T15:41:23Z</time></trkpt>
<trkpt lat="37.087183" lon="-121.897374"><ele>331.4</ele><time>2022-06-20T15:41:33Z</time></trkpt>
<trkpt lat="37.087240" lon="-121.897334"><ele>332.0</ele><time>2022-06-20T15:41:36Z</time></trkpt>
<trkpt lat="37.087220" lon="-121.897283"><ele>332.4</ele><time>2022-06-20T15:41:40Z</time></trkpt>
<trkpt lat="37.087261" lon="-121.897280"><ele>333.0</ele><time>2022-06-20T15:41:45Z</time></trkpt>
<trkpt lat="37.087297" lon="-121.897334"><ele>333.4</ele><time>2022-06-20T15:41:47Z</time></trkpt>
<trkpt lat="37.087352" lon="-121.897244"><ele>334.0</ele><time>2022-06-20T15:41:51Z</time></trkpt>
<trkpt lat="37.087343" lon="-121.897038"><ele>335.3</ele><time>2022-06-20T15:42:01Z</time></trkpt>
<trkpt lat="37.087423" lon="-121.896961"><ele>335.8</ele><time>2022-06-20T15:42:04Z</time></trkpt>
<trkpt lat="37.087494" lon="-121.896783"><ele>336.7</ele><time>2022-06-20T15:42:11Z</time></trkpt>
<trkpt lat="37.087683" lon="-121.896651"><ele>338.3</ele><time>2022-06-20T15:42:21Z</time></trkpt>
<trkpt lat="37.087732" lon="-121.896648"><ele>338.6</ele><time>2022-06-20T15:42:23Z</time></trkpt>
<trkpt lat="37.087775" lon="-121.896762"><ele>339.4</ele><time>2022-06-20T15:42:24Z</time></trkpt>
<trkpt lat="37.088172" lon="-121.896672"><ele>342.4</ele><time>2022-06-20T15:42:47Z</time></trkpt>
<trkpt lat="37.088293" lon="-121.896398"><ele>344.2</ele><time>2022-06-20T15:43:03Z</time></trkpt>
<trkpt lat="37.088268" lon="-121.896218"><ele>345.3</ele><time>2022-06-20T15:43:09Z</time></trkpt>
<trkpt lat="37.088302" lon="-121.896072"><ele>346.4</ele><time>2022-06-20T15:43:17Z</time></trkpt>
<trkpt lat="37.088285" lon="-121.895972"><ele>347.4</ele><time>2022-06-20T15:43:22Z</time></trkpt>
<trkpt lat="37.088380" lon="-121.895838"><ele>349.7</ele><time>2022-06-20T15:43:31Z</time></trkpt>
<trkpt lat="37.088326" lon="-121.895734"><ele>351.0</ele><time>2022-06-20T15:43:41Z</time></trkpt>
<trkpt lat="37.088238" lon="-121.895709"><ele>352.0</ele><time>2022-06-20T15:43:46Z</time></trkpt>
<trkpt lat="37.088150" lon="-121.895458"><ele>353.8</ele><time>2022-06-20T15:43:58Z</time></trkpt>
<trkpt lat="37.087826" lon="-121.894984"><ele>357.7</ele><time>2022-06-20T15:44:28Z</time></trkpt>
<trkpt lat="37.087744" lon="-121.894789"><ele>359.3</ele><time>2022-06-20T15:44:36Z</time></trkpt>
<trkpt lat="37.087667" lon="-121.894758"><ele>360.1</ele><time>2022-06-20T15:44:42Z</time></trkpt>
<trkpt lat="37.087647" lon="-121.894676"><ele>360.7</ele><time>2022-06-20T15:44:45Z</time></trkpt>
<trkpt lat="37.087580" lon="-121.894675"><ele>361.3</ele><time>2022-06-20T15:44:49Z</time></trkpt>
<trkpt lat="37.087549" lon="-121.894639"><ele>361.7</ele><time>2022-06-20T15:44:52Z</time></trkpt>
<trkpt lat="37.087675" lon="-121.894317"><ele>363.9</ele><time>2022-06-20T15:45:03Z</time></trkpt>
<trkpt lat="37.087648" lon="-121.894264"><ele>364.2</ele><time>2022-06-20T15:45:05Z</time></trkpt>
<trkpt lat="37.087837" lon="-121.894085"><ele>366.0</ele><time>2022-06-20T15:45:16Z</time></trkpt>
<trkpt lat="37.088019" lon="-121.893773"><ele>368.0</ele><time>2022-06-20T15:45:31Z</time></trkpt>
<trkpt lat="37.088048" lon="-121.893775"><ele>368.3</ele><time>2022-06-20T15:45:34Z</time></trkpt>
<trkpt lat="37.088015" lon="-121.893718"><ele>368.8</ele><time>2022-06-20T15:45:37Z</time></trkpt>
<trkpt lat="37.088039" lon="-121.893892"><ele>370.4</ele><time>2022-06-20T15:46:56Z</time></trkpt>
<trkpt lat="37.087920" lon="-121.893515"><ele>371.8</ele><time>2022-06-20T15:47:09Z</time></trkpt>
<trkpt lat="37.087862" lon="-121.893429"><ele>371.7</ele><time>2022-06-20T15:47:22Z</time></trkpt>
<trkpt lat="37.087836" lon="-121.893259"><ele>371.3</ele><time>2022-06-20T15:47:30Z</time></trkpt>
<trkpt lat="37.087670" lon="-121.892886"><ele>370.2</ele><time>2022-06-20T15:47:46Z</time></trkpt>
<trkpt lat="37.087627" lon="-121.892683"><ele>370.2</ele><time>2022-06-20T15:47:52Z</time></trkpt>
<trkpt lat="37.087874" lon="-121.892415"><ele>371.2</ele><time>2022-06-20T15:48:03Z</time></trkpt>
<trkpt lat="37.088038" lon="-121.892356"><ele>371.7</ele><time>2022-06-20T15:48:07Z</time></trkpt>
<trkpt lat="37.088146" lon="-121.892382"><ele>372.2</ele><time>2022-06-20T15:48:10Z</time></trkpt>
<trkpt lat="37.088324" lon="-121.892349"><ele>373.3</ele><time>2022-06-20T15:48:16Z</time></trkpt>
<trkpt lat="37.088418" lon="-121.892371"><ele>373.9</ele><time>2022-06-20T15:48:20Z</time></trkpt>
<trkpt lat="37.088830" lon="-121.892728"><ele>378.0</ele><time>2022-06-20T15:48:45Z</time></trkpt>
<trkpt lat="37.088957" lon="-121.892777"><ele>379.3</ele><time>2022-06-20T15:48:53Z</time></trkpt>
<trkpt lat="37.089208" lon="-121.892749"><ele>381.9</ele><time>2022-06-20T15:49:08Z</time></trkpt>
<trkpt lat="37.089234" lon="-121.892797"><ele>382.5</ele><time>2022-06-20T15:49:09Z</time></trkpt>
<trkpt lat="37.089475" lon="-121.892846"><ele>385.2</ele><time>2022-06-20T15:49:24Z</time></trkpt>
<trkpt lat="37.089619" lon="-121.892763"><ele>386.8</ele><time>2022-06-20T15:49:34Z</time></trkpt>
<trkpt lat="37.089693" lon="-121.892600"><ele>388.2</ele><time>2022-06-20T15:49:45Z</time></trkpt>
<trkpt lat="37.089707" lon="-121.892213"><ele>391.6</ele><time>2022-06-20T15:50:11Z</time></trkpt>
<trkpt lat="37.089747" lon="-121.892003"><ele>393.4</ele><time>2022-06-20T15:50:23Z</time></trkpt>
<trkpt lat="37.089884" lon="-121.891885"><ele>395.2</ele><time>2022-06-20T15:50:32Z</time></trkpt>
<trkpt lat="37.089978" lon="-121.891651"><ele>397.4</ele><time>2022-06-20T15:50:42Z</time></trkpt>
<trkpt lat="37.090008" lon="-121.891614"><ele>397.8</ele><time>2022-06-20T15:50:45Z</time></trkpt>
<trkpt lat="37.090140" lon="-121.891583"><ele>399.1</ele><time>2022-06-20T15:50:51Z</time></trkpt>
<trkpt lat="37.090316" lon="-121.891602"><ele>400.8</ele><time>2022-06-20T15:51:01Z</time></trkpt>
<trkpt lat="37.090541" lon="-121.891515"><ele>403.0</ele><time>2022-06-20T15:51:15Z</time></trkpt>
<trkpt lat="37.090587" lon="-121.891475"><ele>403.4</ele><time>2022-06-20T15:51:18Z</time></trkpt>
<trkpt lat="37.090744" lon="-121.891144"><ele>406.5</ele><time>2022-06-20T15:51:37Z</time></trkpt>
<trkpt lat="37.090721" lon="-121.890975"><ele>407.9</ele><time>2022-06-20T15:51:49Z</time></trkpt>
<trkpt lat="37.090658" lon="-121.890912"><ele>409.0</ele><time>2022-06-20T15:51:57Z</time></trkpt>
<trkpt lat="37.090646" lon="-121.890834"><ele>409.6</ele><time>2022-06-20T15:52:01Z</time></trkpt>
<trkpt lat="37.090648" lon="-121.890590"><ele>411.3</ele><time>2022-06-20T15:52:12Z</time></trkpt>
<trkpt lat="37.090709" lon="-121.890572"><ele>411.8</ele><time>2022-06-20T15:52:13Z</time></trkpt>
<trkpt lat="37.090720" lon="-121.890525"><ele>412.2</ele><time>2022-06-20T15:52:15Z</time></trkpt>
<trkpt lat="37.090705" lon="-121.890352"><ele>413.2</ele><time>2022-06-20T15:52:22Z</time></trkpt>
<trkpt lat="37.090725" lon="-121.890268"><ele>413.8</ele><time>2022-06-20T15:52:25Z</time></trkpt>
<trkpt lat="37.090664" lon="-121.890083"><ele>414.7</ele><time>2022-06-20T15:52:33Z</time></trkpt>
<trkpt lat="37.090544" lon="-121.889883"><ele>415.0</ele><time>2022-06-20T15:52:38Z</time></trkpt>
<trkpt lat="37.090563" lon="-121.889922"><ele>415.1</ele><time>2022-06-20T15:52:40Z</time></trkpt>
<trkpt lat="37.090172" lon="-121.889490"><ele>413.9</ele><time>2022-06-20T15:53:00Z</time></trkpt>
<trkpt lat="37.090308" lon="-121.889255"><ele>413.1</ele><time>2022-06-20T15:53:04Z</time></trkpt>
<trkpt lat="37.090711" lon="-121.888909"><ele>412.7</ele><time>2022-06-20T15:53:12Z</time></trkpt>
<trkpt lat="37.090725" lon="-121.888791"><ele>412.9</ele><time>2022-06-20T15:53:13Z</time></trkpt>
<trkpt lat="37.090829" lon="-121.888668"><ele>413.6</ele><time>2022-06-20T15:53:19Z</time></trkpt>
<trkpt lat="37.090908" lon="-121.888437"><ele>413.8</ele><time>2022-06-20T15:53:23Z</time></trkpt>
<trkpt lat="37.090707" lon="-121.888158"><ele>413.8</ele><time>2022-06-20T15:53:33Z</time></trkpt>
<trkpt lat="37.090672" lon="-121.888171"><ele>413.8</ele><time>2022-06-20T15:53:34Z</time></trkpt>
<trkpt lat="37.090645" lon="-121.888056"><ele>413.7</ele><time>2022-06-20T15:53:37Z</time></trkpt>
<trkpt lat="37.090507" lon="-121.888020"><ele>413.4</ele><time>2022-06-20T15:53:42Z</time></trkpt>
<trkpt lat="37.090426" lon="-121.888064"><ele>413.3</ele><time>2022-06-20T15:53:44Z</time></trkpt>
<trkpt lat="37.090349" lon="-121.888013"><ele>413.1</ele><time>2022-06-20T15:53:45Z</time></trkpt>
<trkpt lat="37.090293" lon="-121.887746"><ele>412.6</ele><time>2022-06-20T15:53:49Z</time></trkpt>
<trkpt lat="37.090272" lon="-121.887758"><ele>412.5</ele><time>2022-06-20T15:53:50Z</time></trkpt>
<trkpt lat="37.090249" lon="-121.887706"><ele>412.4</ele><time>2022-06-20T15:53:51Z</time></trkpt>
<trkpt lat="37.090089" lon="-121.887728"><ele>411.8</ele><time>2022-06-20T15:53:55Z</time></trkpt>
<trkpt lat="37.090012" lon="-121.887549"><ele>411.0</ele><time>2022-06-20T15:53:59Z</time></trkpt>
<trkpt lat="37.090030" lon="-121.887404"><ele>410.4</ele><time>2022-06-20T15:54:01Z</time></trkpt>
<trkpt lat="37.090006" lon="-121.887339"><ele>410.1</ele><time>2022-06-20T15:54:02Z</time></trkpt>
<trkpt lat="37.089776" lon="-121.887164"><ele>409.0</ele><time>2022-06-20T15:54:06Z</time></trkpt>
<trkpt lat="37.089716" lon="-121.887068"><ele>408.6</ele><time>2022-06-20T15:54:07Z</time></trkpt>
<trkpt lat="37.089680" lon="-121.886914"><ele>408.0</ele><time>2022-06-20T15:54:09Z</time></trkpt>
<trkpt lat="37.089534" lon="-121.886677"><ele>407.4</ele><time>2022-06-20T15:54:13Z</time></trkpt>
<trkpt lat="37.089399" lon="-121.886539"><ele>407.2</ele><time>2022-06-20T15:54:16Z</time></trkpt>
<trkpt lat="37.089392" lon="-121.886460"><ele>407.1</ele><time>2022-06-20T15:54:17Z</time></trkpt>
<trkpt lat="37.089547" lon="-121.886201"><ele>406.6</ele><time>2022-06-20T15:54:19Z</time></trkpt>
<trkpt lat="37.089458" lon="-121.886144"><ele>406.4</ele><time>2022-06-20T15:54:21Z</time></trkpt>
<trkpt lat="37.089214" lon="-121.885751"><ele>406.1</ele><time>2022-06-20T15:54:31Z</time></trkpt>
<trkpt lat="37.089081" lon="-121.885310"><ele>406.4</ele><time>2022-06-20T15:54:39Z</time></trkpt>
<trkpt lat="37.089078" lon="-121.885117"><ele>406.7</ele><time>2022-06-20T15:54:42Z</time></trkpt>
<trkpt lat="37.089047" lon="-121.885075"><ele>406.8</ele><time>2022-06-20T15:54:43Z</time></trkpt>
<trkpt lat="37.089090" lon="-121.884913"><ele>407.2</ele><time>2022-06-20T15:54:45Z</time></trkpt>
<trkpt lat="37.089060" lon="-121.884866"><ele>407.4</ele><time>2022-06-20T15:54:46Z</time></trkpt>
<trkpt lat="37.089111" lon="-121.884825"><ele>407.7</ele><time>2022-06-20T15:54:47Z</time></trkpt>
<trkpt lat="37.089107" lon="-121.884683"><ele>408.2</ele><time>2022-06-20T15:54:50Z</time></trkpt>
<trkpt lat="37.089054" lon="-121.884582"><ele>408.7</ele><time>2022-06-20T15:54:52Z</time></trkpt>
<trkpt lat="37.089109" lon="-121.884525"><ele>409.2</ele><time>2022-06-20T15:54:53Z</time></trkpt>
<trkpt lat="37.088908" lon="-121.883993"><ele>411.9</ele><time>2022-06-20T15:55:09Z</time></trkpt>
<trkpt lat="37.088915" lon="-121.883825"><ele>412.4</ele><time>2022-06-20T15:55:16Z</time></trkpt>
<trkpt lat="37.088884" lon="-121.883691"><ele>412.8</ele><time>2022-06-20T15:55:20Z</time></trkpt>
<trkpt lat="37.088920" lon="-121.883585"><ele>413.2</ele><time>2022-06-20T15:55:25Z</time></trkpt>
<trkpt lat="37.088861" lon="-121.883443"><ele>413.8</ele><time>2022-06-20T15:55:29Z</time></trkpt>
<trkpt lat="37.088959" lon="-121.883306"><ele>414.6</ele><time>2022-06-20T15:55:34Z</time></trkpt>
<trkpt lat="37.089111" lon="-121.883267"><ele>415.7</ele><time>2022-06-20T15:55:40Z</time></trkpt>
<trkpt lat="37.089157" lon="-121.883340"><ele>416.3</ele><time>2022-06-20T15:55:41Z</time></trkpt>
<trkpt lat="37.089447" lon="-121.883176"><ele>418.7</ele><time>2022-06-20T15:55:58Z</time></trkpt>
<trkpt lat="37.089495" lon="-121.883145"><ele>419.1</ele><time>2022-06-20T15:56:01Z</time></trkpt>
<trkpt lat="37.089571" lon="-121.882979"><ele>420.6</ele><time>2022-06-20T15:56:09Z</time></trkpt>
<trkpt lat="37.089602" lon="-121.882997"><ele>420.9</ele><time>2022-06-20T15:56:10Z</time></trkpt>
<trkpt lat="37.089679" lon="-121.882841"><ele>422.2</ele><time>2022-06-20T15:56:20Z</time></trkpt>
<trkpt lat="37.089675" lon="-121.882752"><ele>422.7</ele><time>2022-06-20T15:56:24Z</time></trkpt>
<trkpt lat="37.089599" lon="-121.882635"><ele>423.5</ele><time>2022-06-20T15:56:30Z</time></trkpt>
<trkpt lat="37.089583" lon="-121.882478"><ele>424.3</ele><time>2022-06-20T15:56:36Z</time></trkpt>
<trkpt lat="37.089466" lon="-121.882252"><ele>426.0</ele><time>2022-06-20T15:56:53Z</time></trkpt>
<trkpt lat="37.089497" lon="-121.882253"><ele>426.3</ele><time>2022-06-20T15:56:58Z</time></trkpt>
<trkpt lat="37.089467" lon="-121.882253"><ele>426.4</ele><time>2022-06-20T15:57:00Z</time></trkpt>
<trkpt lat="37.089492" lon="-121.882305"><ele>426.6</ele><time>2022-06-20T15:57:02Z</time></trkpt>
<trkpt lat="37.089561" lon="-121.882299"><ele>426.9</ele><time>2022-06-20T15:57:07Z</time></trkpt>
<trkpt lat="37.089582" lon="-121.882092"><ele>427.7</ele><time>2022-06-20T15:57:19Z</time></trkpt>
<trkpt lat="37.089518" lon="-121.882174"><ele>428.2</ele><time>2022-06-20T15:57:27Z</time></trkpt>
<trkpt lat="37.089462" lon="-121.882117"><ele>428.5</ele><time>2022-06-20T15:57:28Z</time></trkpt>
<trkpt lat="37.089387" lon="-121.882140"><ele>428.8</ele><time>2022-06-20T15:57:29Z</time></trkpt>
<trkpt lat="37.089370" lon="-121.882089"><ele>429.0</ele><time>2022-06-20T15:57:31Z</time></trkpt>
<trkpt lat="37.089405" lon="-121.882075"><ele>429.2</ele><time>2022-06-20T15:57:35Z</time></trkpt>
<trkpt lat="37.089357" lon="-121.881999"><ele>429.6</ele><time>2022-06-20T15:57:39Z</time></trkpt>
<trkpt lat="37.089266" lon="-121.881940"><ele>430.2</ele><time>2022-06-20T15:57:47Z</time></trkpt>
<trkpt lat="37.089229" lon="-121.881953"><ele>430.5</ele><time>2022-06-20T15:57:50Z</time></trkpt>
<trkpt lat="37.089220" lon="-121.881897"><ele>430.8</ele><time>2022-06-20T15:57:53Z</time></trkpt>
<trkpt lat="37.089166" lon="-121.881841"><ele>431.4</ele><time>2022-06-20T15:57:56Z</time></trkpt>
<trkpt lat="37.089097" lon="-121.881677"><ele>432.8</ele><time>2022-06-20T15:58:00Z</time></trkpt>
<trkpt lat="37.089160" lon="-121.881607"><ele>433.7</ele><time>2022-06-20T15:58:01Z</time></trkpt>
<trkpt lat="37.088928" lon="-121.880934"><ele>439.1</ele><time>2022-06-20T15:58:34Z</time></trkpt>
<trkpt lat="37.088391" lon="-121.879857"><ele>443.5</ele><time>2022-06-20T15:59:13Z</time></trkpt>
<trkpt lat="37.088127" lon="-121.879210"><ele>446.0</ele><time>2022-06-20T15:59:40Z</time></trkpt>
<trkpt lat="37.088038" lon="-121.879126"><ele>446.0</ele><time>2022-06-20T15:59:44Z</time></trkpt>
<trkpt lat="37.088005" lon="-121.878926"><ele>446.1</ele><time>2022-06-20T15:59:50Z</time></trkpt>
<trkpt lat="37.087911" lon="-121.878797"><ele>446.2</ele><time>2022-06-20T15:59:54Z</time></trkpt>
<trkpt lat="37.087908" lon="-121.878727"><ele>446.4</ele><time>2022-06-20T15:59:56Z</time></trkpt>
<trkpt lat="37.087977" lon="-121.878674"><ele>446.6</ele><time>2022-06-20T15:59:58Z</time></trkpt>
<trkpt lat="37.087970" lon="-121.878057"><ele>448.3</ele><time>2022-06-20T16:00:17Z</time></trkpt>
<trkpt lat="37.088006" lon="-121.877555"><ele>452.0</ele><time>2022-06-20T16:00:35Z</time></trkpt>
<trkpt lat="37.088058" lon="-121.877221"><ele>453.2</ele><time>2022-06-20T16:00:46Z</time></trkpt>
<trkpt lat="37.088112" lon="-121.875507"><ele>458.6</ele><time>2022-06-20T16:01:43Z</time></trkpt>
<trkpt lat="37.088012" lon="-121.875428"><ele>459.1</ele><time>2022-06-20T16:01:45Z</time></trkpt>
<trkpt lat="37.088079" lon="-121.875389"><ele>459.3</ele><time>2022-06-20T16:01:46Z</time></trkpt>
<trkpt lat="37.087916" lon="-121.874778"><ele>460.2</ele><time>2022-06-20T16:01:56Z</time></trkpt>
<trkpt lat="37.087603" lon="-121.874094"><ele>463.7</ele><time>2022-06-20T16:02:12Z</time></trkpt>
<trkpt lat="37.087487" lon="-121.873641"><ele>466.4</ele><time>2022-06-20T16:02:26Z</time></trkpt>
<trkpt lat="37.087184" lon="-121.872822"><ele>470.2</ele><time>2022-06-20T16:02:58Z</time></trkpt>
<trkpt lat="37.086949" lon="-121.872312"><ele>472.0</ele><time>2022-06-20T16:03:21Z</time></trkpt>
<trkpt lat="37.086785" lon="-121.872150"><ele>472.8</ele><time>2022-06-20T16:03:30Z</time></trkpt>
<trkpt lat="37.086778" lon="-121.871916"><ele>473.6</ele><time>2022-06-20T16:03:35Z</time></trkpt>
<trkpt lat="37.086702" lon="-121.871818"><ele>474.1</ele><time>2022-06-20T16:03:39Z</time></trkpt>
<trkpt lat="37.086703" lon="-121.871635"><ele>474.8</ele><time>2022-06-20T16:03:42Z</time></trkpt>
<trkpt lat="37.086668" lon="-121.871593"><ele>475.1</ele><time>2022-06-20T16:03:43Z</time></trkpt>
<trkpt lat="37.086618" lon="-121.871120"><ele>477.2</ele><time>2022-06-20T16:03:53Z</time></trkpt>
<trkpt lat="37.086542" lon="-121.870960"><ele>478.2</ele><time>2022-06-20T16:03:57Z</time></trkpt>
<trkpt lat="37.086531" lon="-121.870725"><ele>479.6</ele><time>2022-06-20T16:04:01Z</time></trkpt>
<trkpt lat="37.086227" lon="-121.870314"><ele>482.8</ele><time>2022-06-20T16:04:24Z</time></trkpt>
<trkpt lat="37.085806" lon="-121.869845"><ele>486.6</ele><time>2022-06-20T16:04:49Z</time></trkpt>
<trkpt lat="37.085824" lon="-121.869835"><ele>486.8</ele><time>2022-06-20T16:04:50Z</time></trkpt>
<trkpt lat="37.085800" lon="-121.869829"><ele>487.0</ele><time>2022-06-20T16:04:51Z</time></trkpt>
<trkpt lat="37.085722" lon="-121.869617"><ele>488.6</ele><time>2022-06-20T16:04:58Z</time></trkpt>
<trkpt lat="37.085744" lon="-121.869596"><ele>488.9</ele><time>2022-06-20T16:04:59Z</time></trkpt>
<trkpt lat="37.085689" lon="-121.869403"><ele>490.4</ele><time>2022-06-20T16:05:07Z</time></trkpt>
<trkpt lat="37.085749" lon="-121.869387"><ele>490.9</ele><time>2022-06-20T16:05:09Z</time></trkpt>
<trkpt lat="37.085730" lon="-121.869345"><ele>491.3</ele><time>2022-06-20T16:05:11Z</time></trkpt>
<trkpt lat="37.085856" lon="-121.869263"><ele>492.5</ele><time>2022-06-20T16:05:12Z</time></trkpt>
<trkpt lat="37.085900" lon="-121.869024"><ele>494.3</ele><time>2022-06-20T16:05:19Z</time></trkpt>
<trkpt lat="37.085890" lon="-121.868739"><ele>496.3</ele><time>2022-06-20T16:05:34Z</time></trkpt>
<trkpt lat="37.085813" lon="-121.868595"><ele>496.9</ele><time>2022-06-20T16:05:38Z</time></trkpt>
<trkpt lat="37.085819" lon="-121.868406"><ele>497.6</ele><time>2022-06-20T16:05:48Z</time></trkpt>
<trkpt lat="37.085959" lon="-121.868376"><ele>498.5</ele><time>2022-06-20T16:05:49Z</time></trkpt>
<trkpt lat="37.085918" lon="-121.867733"><ele>503.1</ele><time>2022-06-20T16:06:11Z</time></trkpt>
<trkpt lat="37.085825" lon="-121.867467"><ele>505.5</ele><time>2022-06-20T16:06:24Z</time></trkpt>
<trkpt lat="37.085759" lon="-121.867443"><ele>506.1</ele><time>2022-06-20T16:06:29Z</time></trkpt>
<trkpt lat="37.085675" lon="-121.867336"><ele>507.0</ele><time>2022-06-20T16:06:34Z</time></trkpt>
<trkpt lat="37.085634" lon="-121.867334"><ele>507.2</ele><time>2022-06-20T16:06:36Z</time></trkpt>
<trkpt lat="37.085587" lon="-121.867240"><ele>507.6</ele><time>2022-06-20T16:06:42Z</time></trkpt>
<trkpt lat="37.085512" lon="-121.867250"><ele>507.8</ele><time>2022-06-20T16:06:48Z</time></trkpt>
<trkpt lat="37.085482" lon="-121.867210"><ele>507.9</ele><time>2022-06-20T16:06:50Z</time></trkpt>
<trkpt lat="37.085479" lon="-121.866878"><ele>508.4</ele><time>2022-06-20T16:06:59Z</time></trkpt>
<trkpt lat="37.085400" lon="-121.866587"><ele>509.2</ele><time>2022-06-20T16:07:08Z</time></trkpt>
<trkpt lat="37.085425" lon="-121.866450"><ele>509.8</ele><time>2022-06-20T16:07:11Z</time></trkpt>
<trkpt lat="37.085399" lon="-121.865733"><ele>513.2</ele><time>2022-06-20T16:07:27Z</time></trkpt>
<trkpt lat="37.085195" lon="-121.865356"><ele>515.4</ele><time>2022-06-20T16:07:34Z</time></trkpt>
<trkpt lat="37.085039" lon="-121.865327"><ele>516.5</ele><time>2022-06-20T16:07:41Z</time></trkpt>
<trkpt lat="37.084868" lon="-121.864948"><ele>518.7</ele><time>2022-06-20T16:07:52Z</time></trkpt>
<trkpt lat="37.084900" lon="-121.864818"><ele>519.5</ele><time>2022-06-20T16:07:57Z</time></trkpt>
<trkpt lat="37.084872" lon="-121.864747"><ele>520.0</ele><time>2022-06-20T16:08:00Z</time></trkpt>
<trkpt lat="37.084896" lon="-121.864465"><ele>521.8</ele><time>2022-06-20T16:08:10Z</time></trkpt>
<trkpt lat="37.084853" lon="-121.864267"><ele>523.0</ele><time>2022-06-20T16:08:17Z</time></trkpt>
<trkpt lat="37.084589" lon="-121.863978"><ele>524.6</ele><time>2022-06-20T16:08:36Z</time></trkpt>
<trkpt lat="37.084561" lon="-121.863814"><ele>525.1</ele><time>2022-06-20T16:08:41Z</time></trkpt>
<trkpt lat="37.084588" lon="-121.863753"><ele>525.3</ele><time>2022-06-20T16:08:42Z</time></trkpt>
<trkpt lat="37.084548" lon="-121.863616"><ele>525.8</ele><time>2022-06-20T16:08:47Z</time></trkpt>
<trkpt lat="37.084562" lon="-121.863411"><ele>526.2</ele><time>2022-06-20T16:08:52Z</time></trkpt>
<trkpt lat="37.084463" lon="-121.863231"><ele>526.2</ele><time>2022-06-20T16:08:59Z</time></trkpt>
<trkpt lat="37.084497" lon="-121.863181"><ele>526.1</ele><time>2022-06-20T16:09:00Z</time></trkpt>
<trkpt lat="37.084411" lon="-121.863009"><ele>525.6</ele><time>2022-06-20T16:09:07Z</time></trkpt>
<trkpt lat="37.084376" lon="-121.863004"><ele>525.5</ele><time>2022-06-20T16:09:08Z</time></trkpt>
<trkpt lat="37.084333" lon="-121.862925"><ele>525.1</ele><time>2022-06-20T16:09:11Z</time></trkpt>
<trkpt lat="37.084361" lon="-121.862777"><ele>524.5</ele><time>2022-06-20T16:09:13Z</time></trkpt>
<trkpt lat="37.084331" lon="-121.862401"><ele>523.2</ele><time>2022-06-20T16:09:21Z</time></trkpt>
<trkpt lat="37.084300" lon="-121.862199"><ele>522.7</ele><time>2022-06-20T16:09:27Z</time></trkpt>
<trkpt lat="37.084230" lon="-121.862102"><ele>522.5</ele><time>2022-06-20T16:09:29Z</time></trkpt>
<trkpt lat="37.084170" lon="-121.861628"><ele>522.3</ele><time>2022-06-20T16:09:39Z</time></trkpt>
<trkpt lat="37.084091" lon="-121.861447"><ele>522.6</ele><time>2022-06-20T16:09:45Z</time></trkpt>
<trkpt lat="37.084078" lon="-121.861338"><ele>522.7</ele><time>2022-06-20T16:09:47Z</time></trkpt>
<trkpt lat="37.083955" lon="-121.861128"><ele>523.0</ele><time>2022-06-20T16:09:50Z</time></trkpt>
<trkpt lat="37.083891" lon="-121.860849"><ele>522.4</ele><time>2022-06-20T16:09:53Z</time></trkpt>
<trkpt lat="37.083753" lon="-121.860506"><ele>521.5</ele><time>2022-06-20T16:10:00Z</time></trkpt>
<trkpt lat="37.083824" lon="-121.860149"><ele>520.7</ele><time>2022-06-20T16:10:03Z</time></trkpt>
<trkpt lat="37.083818" lon="-121.859988"><ele>520.5</ele><time>2022-06-20T16:10:05Z</time></trkpt>
<trkpt lat="37.083779" lon="-121.859881"><ele>520.4</ele><time>2022-06-20T16:10:07Z</time></trkpt>
<trkpt lat="37.083793" lon="-121.859691"><ele>520.3</ele><time>2022-06-20T16:10:10Z</time></trkpt>
<trkpt lat="37.083769" lon="-121.859486"><ele>520.2</ele><time>2022-06-20T16:10:13Z</time></trkpt>
<trkpt lat="37.083796" lon="-121.859407"><ele>520.2</ele><time>2022-06-20T16:10:14Z</time></trkpt>
<trkpt lat="37.083759" lon="-121.859060"><ele>519.9</ele><time>2022-06-20T16:10:19Z</time></trkpt>
<trkpt lat="37.083666" lon="-121.858854"><ele>519.7</ele><time>2022-06-20T16:10:22Z</time></trkpt>
<trkpt lat="37.083606" lon="-121.858491"><ele>519.1</ele><time>2022-06-20T16:10:27Z</time></trkpt>
<trkpt lat="37.083693" lon="-121.858413"><ele>518.9</ele><time>2022-06-20T16:10:29Z</time></trkpt>
<trkpt lat="37.083748" lon="-121.858227"><ele>518.7</ele><time>2022-06-20T16:10:32Z</time></trkpt>
<trkpt lat="37.083610" lon="-121.857748"><ele>518.3</ele><time>2022-06-20T16:10:38Z</time></trkpt>
<trkpt lat="37.083487" lon="-121.857530"><ele>517.9</ele><time>2022-06-20T16:10:42Z</time></trkpt>
<trkpt lat="37.083474" lon="-121.857337"><ele>517.6</ele><time>2022-06-20T16:10:44Z</time></trkpt>
<trkpt lat="37.083519" lon="-121.857013"><ele>516.9</ele><time>2022-06-20T16:10:50Z</time></trkpt>
<trkpt lat="37.083350" lon="-121.856711"><ele>516.0</ele><time>2022-06-20T16:10:56Z</time></trkpt>
<trkpt lat="37.083292" lon="-121.856662"><ele>515.7</ele><time>2022-06-20T16:10:57Z</time></trkpt>
<trkpt lat="37.083268" lon="-121.856555"><ele>515.3</ele><time>2022-06-20T16:10:58Z</time></trkpt>
<trkpt lat="37.083319" lon="-121.856110"><ele>513.3</ele><time>2022-06-20T16:11:04Z</time></trkpt>
<trkpt lat="37.083264" lon="-121.856045"><ele>512.9</ele><time>2022-06-20T16:11:05Z</time></trkpt>
<trkpt lat="37.083284" lon="-121.855722"><ele>511.8</ele><time>2022-06-20T16:11:08Z</time></trkpt>
<trkpt lat="37.083249" lon="-121.855555"><ele>511.4</ele><time>2022-06-20T16:11:10Z</time></trkpt>
<trkpt lat="37.083190" lon="-121.855482"><ele>511.3</ele><time>2022-06-20T16:11:11Z</time></trkpt>
<trkpt lat="37.083129" lon="-121.855284"><ele>511.0</ele><time>2022-06-20T16:11:14Z</time></trkpt>
<trkpt lat="37.083079" lon="-121.855056"><ele>510.8</ele><time>2022-06-20T16:11:17Z</time></trkpt>
<trkpt lat="37.083093" lon="-121.854704"><ele>510.8</ele><time>2022-06-20T16:11:23Z</time></trkpt>
<trkpt lat="37.083002" lon="-121.854585"><ele>510.9</ele><time>2022-06-20T16:11:26Z</time></trkpt>
<trkpt lat="37.082929" lon="-121.854404"><ele>510.9</ele><time>2022-06-20T16:11:30Z</time></trkpt>
<trkpt lat="37.082886" lon="-121.854418"><ele>510.9</ele><time>2022-06-20T16:11:31Z</time></trkpt>
<trkpt lat="37.082807" lon="-121.854275"><ele>511.0</ele><time>2022-06-20T16:11:34Z</time></trkpt>
<trkpt lat="37.082641" lon="-121.853879"><ele>511.1</ele><time>2022-06-20T16:11:42Z</time></trkpt>
<trkpt lat="37.082609" lon="-121.853692"><ele>511.2</ele><time>2022-06-20T16:11:45Z</time></trkpt>
<trkpt lat="37.082514" lon="-121.853502"><ele>511.1</ele><time>2022-06-20T16:11:49Z</time></trkpt>
<trkpt lat="37.082416" lon="-121.853389"><ele>510.9</ele><time>2022-06-20T16:11:52Z</time></trkpt>
<trkpt lat="37.082379" lon="-121.853082"><ele>510.3</ele><time>2022-06-20T16:11:56Z</time></trkpt>
<trkpt lat="37.082338" lon="-121.852960"><ele>510.2</ele><time>2022-06-20T16:11:58Z</time></trkpt>
<trkpt lat="37.082198" lon="-121.852577"><ele>510.3</ele><time>2022-06-20T16:12:04Z</time></trkpt>
<trkpt lat="37.081919" lon="-121.852027"><ele>509.6</ele><time>2022-06-20T16:12:14Z</time></trkpt>
<trkpt lat="37.081915" lon="-121.851952"><ele>509.5</ele><time>2022-06-20T16:12:15Z</time></trkpt>
<trkpt lat="37.081822" lon="-121.851850"><ele>509.4</ele><time>2022-06-20T16:12:18Z</time></trkpt>
<trkpt lat="37.081801" lon="-121.851735"><ele>509.3</ele><time>2022-06-20T16:12:20Z</time></trkpt>
<trkpt lat="37.081602" lon="-121.851552"><ele>509.2</ele><time>2022-06-20T16:12:27Z</time></trkpt>
<trkpt lat="37.081629" lon="-121.851564"><ele>509.1</ele><time>2022-06-20T16:12:28Z</time></trkpt>
<trkpt lat="37.081648" lon="-121.851444"><ele>509.0</ele><time>2022-06-20T16:12:30Z</time></trkpt>
<trkpt lat="37.081626" lon="-121.851118"><ele>508.3</ele><time>2022-06-20T16:12:34Z</time></trkpt>
<trkpt lat="37.081674" lon="-121.850954"><ele>507.7</ele><time>2022-06-20T16:12:36Z</time></trkpt>
<trkpt lat="37.081922" lon="-121.850710"><ele>503.4</ele><time>2022-06-20T16:12:40Z</time></trkpt>
<trkpt lat="37.081993" lon="-121.850684"><ele>502.6</ele><time>2022-06-20T16:12:41Z</time></trkpt>
<trkpt lat="37.082026" lon="-121.850716"><ele>502.4</ele><time>2022-06-20T16:12:42Z</time></trkpt>
<trkpt lat="37.082227" lon="-121.851063"><ele>501.7</ele><time>2022-06-20T16:12:52Z</time></trkpt>
<trkpt lat="37.082364" lon="-121.851219"><ele>501.3</ele><time>2022-06-20T16:12:57Z</time></trkpt>
<trkpt lat="37.082401" lon="-121.851216"><ele>501.2</ele><time>2022-06-20T16:12:59Z</time></trkpt>
<trkpt lat="37.082362" lon="-121.851234"><ele>501.2</ele><time>2022-06-20T16:13:02Z</time></trkpt>
<trkpt lat="37.082378" lon="-121.851262"><ele>501.1</ele><time>2022-06-20T16:13:21Z</time></trkpt>
<trkpt lat="37.082311" lon="-121.851231"><ele>500.9</ele><time>2022-06-20T16:13:22Z</time></trkpt>
<trkpt lat="37.082328" lon="-121.851247"><ele>500.8</ele><time>2022-06-20T16:13:30Z</time></trkpt>
</trkseg></trk>
</gpx>
