<?xml version="1.0" encoding="UTF-8"?>
<gpx version="1.1" creator="Eric Sichak trip reports" xmlns="http://www.topografix.com/GPX/1/1">
<metadata><name>PCT Day 8- Warner Springs</name><time>2024-04-29T14:09:10Z</time></metadata>
<trk><name>PCT Day 8- Warner Springs</name><type>hike</type><trkseg>
<trkpt lat="33.269500" lon="-116.640950"><ele>947.2</ele><time>2024-04-29T14:09:10Z</time></trkpt>
<trkpt lat="33.269320" lon="-116.641147"><ele>952.2</ele><time>2024-04-29T14:09:40Z</time></trkpt>
<trkpt lat="33.269128" lon="-116.641210"><ele>951.6</ele><time>2024-04-29T14:09:59Z</time></trkpt>
<trkpt lat="33.269350" lon="-116.641371"><ele>952.4</ele><time>2024-04-29T14:10:21Z</time></trkpt>
<trkpt lat="33.269440" lon="-116.641542"><ele>953.0</ele><time>2024-04-29T14:10:35Z</time></trkpt>
<trkpt lat="33.269745" lon="-116.641296"><ele>950.6</ele><time>2024-04-29T14:11:04Z</time></trkpt>
<trkpt lat="33.269930" lon="-116.641419"><ele>949.2</ele><time>2024-04-29T14:11:24Z</time></trkpt>
<trkpt lat="33.270257" lon="-116.641456"><ele>947.8</ele><time>2024-04-29T14:11:56Z</time></trkpt>
<trkpt lat="33.270710" lon="-116.641944"><ele>943.6</ele><time>2024-04-29T14:12:59Z</time></trkpt>
<trkpt lat="33.271158" lon="-116.642727"><ele>940.8</ele><time>2024-04-29T14:13:56Z</time></trkpt>
<trkpt lat="33.271307" lon="-116.642804"><ele>940.0</ele><time>2024-04-29T14:14:08Z</time></trkpt>
<trkpt lat="33.271414" lon="-116.642655"><ele>939.0</ele><time>2024-04-29T14:14:22Z</time></trkpt>
<trkpt lat="33.272147" lon="-116.642056"><ele>940.4</ele><time>2024-04-29T14:15:45Z</time></trkpt>
<trkpt lat="33.272175" lon="-116.641924"><ele>942.4</ele><time>2024-04-29T14:16:00Z</time></trkpt>
<trkpt lat="33.272104" lon="-116.641865"><ele>942.2</ele><time>2024-04-29T14:16:04Z</time></trkpt>
<trkpt lat="33.272097" lon="-116.641684"><ele>943.0</ele><time>2024-04-29T14:16:16Z</time></trkpt>
<trkpt lat="33.272711" lon="-116.640549"><ele>952.0</ele><time>2024-04-29T14:18:13Z</time></trkpt>
<trkpt lat="33.273439" lon="-116.638786"><ele>958.2</ele><time>2024-04-29T14:20:45Z</time></trkpt>
<trkpt lat="33.273653" lon="-116.638531"><ele>959.0</ele><time>2024-04-29T14:21:00Z</time></trkpt>
<trkpt lat="33.273617" lon="-116.638526"><ele>959.0</ele><time>2024-04-29T14:21:04Z</time></trkpt>
<trkpt lat="33.273656" lon="-116.638414"><ele>959.8</ele><time>2024-04-29T14:21:13Z</time></trkpt>
<trkpt lat="33.273909" lon="-116.637988"><ele>963.4</ele><time>2024-04-29T14:21:51Z</time></trkpt>
<trkpt lat="33.273993" lon="-116.637564"><ele>966.4</ele><time>2024-04-29T14:22:27Z</time></trkpt>
<trkpt lat="33.274117" lon="-116.637365"><ele>967.6</ele><time>2024-04-29T14:22:43Z</time></trkpt>
<trkpt lat="33.274741" lon="-116.637096"><ele>968.6</ele><time>2024-04-29T14:23:42Z</time></trkpt>
<trkpt lat="33.274898" lon="-116.636904"><ele>968.8</ele><time>2024-04-29T14:23:50Z</time></trkpt>
<trkpt lat="33.275424" lon="-116.636576"><ele>971.8</ele><time>2024-04-29T14:24:37Z</time></trkpt>
<trkpt lat="33.275552" lon="-116.636326"><ele>974.4</ele><time>2024-04-29T14:24:59Z</time></trkpt>
<trkpt lat="33.275691" lon="-116.635816"><ele>977.2</ele><time>2024-04-29T14:25:41Z</time></trkpt>
<trkpt lat="33.275912" lon="-116.635634"><ele>976.4</ele><time>2024-04-29T14:26:00Z</time></trkpt>
<trkpt lat="33.276123" lon="-116.635629"><ele>976.4</ele><time>2024-04-29T14:26:21Z</time></trkpt>
<trkpt lat="33.276334" lon="-116.635466"><ele>975.2</ele><time>2024-04-29T14:26:53Z</time></trkpt>
<trkpt lat="33.276501" lon="-116.634846"><ele>974.2</ele><time>2024-04-29T14:27:42Z</time></trkpt>
<trkpt lat="33.277462" lon="-116.634888"><ele>965.4</ele><time>2024-04-29T14:28:48Z</time></trkpt>
<trkpt lat="33.277730" lon="-116.634805"><ele>962.2</ele><time>2024-04-29T14:29:11Z</time></trkpt>
<trkpt lat="33.278169" lon="-116.634549"><ele>956.8</ele><time>2024-04-29T14:29:55Z</time></trkpt>
<trkpt lat="33.278507" lon="-116.634019"><ele>957.4</ele><time>2024-04-29T14:30:41Z</time></trkpt>
<trkpt lat="33.279064" lon="-116.633449"><ele>958.6</ele><time>2024-04-29T14:31:47Z</time></trkpt>
<trkpt lat="33.279775" lon="-116.633180"><ele>959.0</ele><time>2024-04-29T14:32:43Z</time></trkpt>
<trkpt lat="33.279930" lon="-116.633261"><ele>957.4</ele><time>2024-04-29T14:33:00Z</time></trkpt>
<trkpt lat="33.280112" lon="-116.633179"><ele>956.8</ele><time>2024-04-29T14:33:10Z</time></trkpt>
<trkpt lat="33.281515" lon="-116.633503"><ele>954.4</ele><time>2024-04-29T14:35:23Z</time></trkpt>
<trkpt lat="33.282243" lon="-116.633740"><ele>955.2</ele><time>2024-04-29T14:36:00Z</time></trkpt>
<trkpt lat="33.282477" lon="-116.633911"><ele>955.0</ele><time>2024-04-29T14:36:24Z</time></trkpt>
<trkpt lat="33.282591" lon="-116.634117"><ele>955.2</ele><time>2024-04-29T14:36:42Z</time></trkpt>
<trkpt lat="33.282803" lon="-116.634235"><ele>955.8</ele><time>2024-04-29T14:37:01Z</time></trkpt>
<trkpt lat="33.282960" lon="-116.634178"><ele>956.0</ele><time>2024-04-29T14:37:15Z</time></trkpt>
<trkpt lat="33.283215" lon="-116.634339"><ele>956.4</ele><time>2024-04-29T14:37:41Z</time></trkpt>
<trkpt lat="33.283358" lon="-116.634336"><ele>955.2</ele><time>2024-04-29T14:38:09Z</time></trkpt>
<trkpt lat="33.283205" lon="-116.634738"><ele>955.6</ele><time>2024-04-29T14:38:46Z</time></trkpt>
<trkpt lat="33.283233" lon="-116.634639"><ele>955.0</ele><time>2024-04-29T14:38:52Z</time></trkpt>
<trkpt lat="33.283161" lon="-116.634649"><ele>954.2</ele><time>2024-04-29T14:39:13Z</time></trkpt>
<trkpt lat="33.283391" lon="-116.634536"><ele>953.0</ele><time>2024-04-29T14:41:11Z</time></trkpt>
<trkpt lat="33.283539" lon="-116.634641"><ele>953.0</ele><time>2024-04-29T14:41:23Z</time></trkpt>
<trkpt lat="33.283455" lon="-116.634712"><ele>953.0</ele><time>2024-04-29T14:42:42Z</time></trkpt>
<trkpt lat="33.283547" lon="-116.634854"><ele>951.8</ele><time>2024-04-29T14:43:00Z</time></trkpt>
<trkpt lat="33.283556" lon="-116.634716"><ele>952.4</ele><time>2024-04-29T14:43:10Z</time></trkpt>
<trkpt lat="33.283544" lon="-116.634801"><ele>952.8</ele><time>2024-04-29T14:43:44Z</time></trkpt>
<trkpt lat="33.283423" lon="-116.634805"><ele>952.2</ele><time>2024-04-29T14:44:39Z</time></trkpt>
<trkpt lat="33.283524" lon="-116.634578"><ele>952.2</ele><time>2024-04-29T14:44:44Z</time></trkpt>
<trkpt lat="33.283499" lon="-116.634452"><ele>952.2</ele><time>2024-04-29T14:44:46Z</time></trkpt>
<trkpt lat="33.283545" lon="-116.634747"><ele>953.0</ele><time>2024-04-29T14:44:59Z</time></trkpt>
<trkpt lat="33.283572" lon="-116.634552"><ele>954.0</ele><time>2024-04-29T14:45:11Z</time></trkpt>
<trkpt lat="33.283527" lon="-116.634568"><ele>953.8</ele><time>2024-04-29T14:45:15Z</time></trkpt>
<trkpt lat="33.283615" lon="-116.634334"><ele>952.8</ele><time>2024-04-29T14:46:42Z</time></trkpt>
<trkpt lat="33.283592" lon="-116.634769"><ele>951.8</ele><time>2024-04-29T14:46:57Z</time></trkpt>
<trkpt lat="33.283540" lon="-116.634636"><ele>952.2</ele><time>2024-04-29T14:48:42Z</time></trkpt>
<trkpt lat="33.283520" lon="-116.634839"><ele>953.4</ele><time>2024-04-29T14:50:11Z</time></trkpt>
<trkpt lat="33.283480" lon="-116.634770"><ele>953.2</ele><time>2024-04-29T14:50:49Z</time></trkpt>
<trkpt lat="33.283562" lon="-116.634785"><ele>952.2</ele><time>2024-04-29T14:51:49Z</time></trkpt>
<trkpt lat="33.283402" lon="-116.634759"><ele>952.4</ele><time>2024-04-29T14:52:23Z</time></trkpt>
<trkpt lat="33.283488" lon="-116.634661"><ele>953.2</ele><time>2024-04-29T14:53:02Z</time></trkpt>
<trkpt lat="33.283434" lon="-116.634680"><ele>954.0</ele><time>2024-04-29T14:55:37Z</time></trkpt>
<trkpt lat="33.283246" lon="-116.634449"><ele>954.2</ele><time>2024-04-29T14:56:40Z</time></trkpt>
<trkpt lat="33.283370" lon="-116.634620"><ele>954.4</ele><time>2024-04-29T14:56:52Z</time></trkpt>
<trkpt lat="33.283503" lon="-116.634623"><ele>954.4</ele><time>2024-04-29T14:59:06Z</time></trkpt>
<trkpt lat="33.283436" lon="-116.634678"><ele>954.6</ele><time>2024-04-29T15:01:57Z</time></trkpt>
<trkpt lat="33.283467" lon="-116.634615"><ele>955.0</ele><time>2024-04-29T15:04:06Z</time></trkpt>
<trkpt lat="33.283477" lon="-116.634685"><ele>955.0</ele><time>2024-04-29T15:04:41Z</time></trkpt>
<trkpt lat="33.283404" lon="-116.634592"><ele>955.2</ele><time>2024-04-29T15:06:45Z</time></trkpt>
<trkpt lat="33.283453" lon="-116.634565"><ele>955.6</ele><time>2024-04-29T15:06:55Z</time></trkpt>
<trkpt lat="33.283466" lon="-116.634635"><ele>956.0</ele><time>2024-04-29T15:07:04Z</time></trkpt>
<trkpt lat="33.283420" lon="-116.634653"><ele>955.6</ele><time>2024-04-29T15:07:59Z</time></trkpt>
<trkpt lat="33.283584" lon="-116.634716"><ele>954.8</ele><time>2024-04-29T15:10:00Z</time></trkpt>
<trkpt lat="33.283395" lon="-116.634665"><ele>954.8</ele><time>2024-04-29T15:10:01Z</time></trkpt>
<trkpt lat="33.283460" lon="-116.634676"><ele>954.8</ele><time>2024-04-29T15:10:11Z</time></trkpt>
<trkpt lat="33.283438" lon="-116.634607"><ele>954.8</ele><time>2024-04-29T15:10:50Z</time></trkpt>
<trkpt lat="33.283437" lon="-116.634712"><ele>954.6</ele><time>2024-04-29T15:13:22Z</time></trkpt>
<trkpt lat="33.283474" lon="-116.634658"><ele>955.0</ele><time>2024-04-29T15:13:44Z</time></trkpt>
<trkpt lat="33.283386" lon="-116.634684"><ele>956.0</ele><time>2024-04-29T15:15:27Z</time></trkpt>
<trkpt lat="33.283346" lon="-116.634624"><ele>956.4</ele><time>2024-04-29T15:15:43Z</time></trkpt>
<trkpt lat="33.283327" lon="-116.634678"><ele>955.8</ele><time>2024-04-29T15:16:01Z</time></trkpt>
<trkpt lat="33.283397" lon="-116.634593"><ele>955.8</ele><time>2024-04-29T15:16:03Z</time></trkpt>
<trkpt lat="33.283456" lon="-116.634700"><ele>956.2</ele><time>2024-04-29T15:16:39Z</time></trkpt>
<trkpt lat="33.283434" lon="-116.634634"><ele>956.0</ele><time>2024-04-29T15:17:00Z</time></trkpt>
<trkpt lat="33.283388" lon="-116.634667"><ele>956.4</ele><time>2024-04-29T15:18:17Z</time></trkpt>
<trkpt lat="33.283469" lon="-116.634604"><ele>955.4</ele><time>2024-04-29T15:20:41Z</time></trkpt>
<trkpt lat="33.283481" lon="-116.634665"><ele>955.2</ele><time>2024-04-29T15:21:09Z</time></trkpt>
<trkpt lat="33.283371" lon="-116.634662"><ele>955.2</ele><time>2024-04-29T15:21:40Z</time></trkpt>
<trkpt lat="33.283460" lon="-116.634685"><ele>955.4</ele><time>2024-04-29T15:21:51Z</time></trkpt>
<trkpt lat="33.283436" lon="-116.634603"><ele>956.0</ele><time>2024-04-29T15:24:03Z</time></trkpt>
<trkpt lat="33.283493" lon="-116.634681"><ele>956.0</ele><time>2024-04-29T15:24:11Z</time></trkpt>
<trkpt lat="33.283425" lon="-116.634737"><ele>955.6</ele><time>2024-04-29T15:24:44Z</time></trkpt>
<trkpt lat="33.283531" lon="-116.634698"><ele>956.4</ele><time>2024-04-29T15:24:53Z</time></trkpt>
<trkpt lat="33.283476" lon="-116.634692"><ele>956.4</ele><time>2024-04-29T15:24:57Z</time></trkpt>
<trkpt lat="33.283514" lon="-116.634708"><ele>956.4</ele><time>2024-04-29T15:25:01Z</time></trkpt>
<trkpt lat="33.283507" lon="-116.634563"><ele>956.4</ele><time>2024-04-29T15:25:19Z</time></trkpt>
<trkpt lat="33.283419" lon="-116.634646"><ele>955.4</ele><time>2024-04-29T15:26:44Z</time></trkpt>
<trkpt lat="33.283225" lon="-116.634547"><ele>956.0</ele><time>2024-04-29T15:27:00Z</time></trkpt>
<trkpt lat="33.283433" lon="-116.634571"><ele>956.2</ele><time>2024-04-29T15:27:13Z</time></trkpt>
<trkpt lat="33.283448" lon="-116.634682"><ele>955.6</ele><time>2024-04-29T15:27:45Z</time></trkpt>
<trkpt lat="33.283481" lon="-116.634611"><ele>955.8</ele><time>2024-04-29T15:27:59Z</time></trkpt>
<trkpt lat="33.283202" lon="-116.634568"><ele>956.6</ele><time>2024-04-29T15:29:42Z</time></trkpt>
<trkpt lat="33.283178" lon="-116.634618"><ele>956.6</ele><time>2024-04-29T15:29:43Z</time></trkpt>
<trkpt lat="33.283163" lon="-116.634517"><ele>956.2</ele><time>2024-04-29T15:30:01Z</time></trkpt>
<trkpt lat="33.283223" lon="-116.634657"><ele>956.4</ele><time>2024-04-29T15:30:13Z</time></trkpt>
<trkpt lat="33.283447" lon="-116.634671"><ele>955.8</ele><time>2024-04-29T15:30:46Z</time></trkpt>
<trkpt lat="33.283443" lon="-116.634770"><ele>956.4</ele><time>2024-04-29T15:30:58Z</time></trkpt>
<trkpt lat="33.283536" lon="-116.634716"><ele>956.2</ele><time>2024-04-29T15:32:42Z</time></trkpt>
<trkpt lat="33.283482" lon="-116.634933"><ele>956.8</ele><time>2024-04-29T15:33:03Z</time></trkpt>
<trkpt lat="33.283455" lon="-116.634581"><ele>956.6</ele><time>2024-04-29T15:33:06Z</time></trkpt>
<trkpt lat="33.283420" lon="-116.634760"><ele>956.6</ele><time>2024-04-29T15:33:08Z</time></trkpt>
<trkpt lat="33.283428" lon="-116.634715"><ele>956.6</ele><time>2024-04-29T15:33:44Z</time></trkpt>
<trkpt lat="33.283482" lon="-116.634759"><ele>956.8</ele><time>2024-04-29T15:33:57Z</time></trkpt>
<trkpt lat="33.283426" lon="-116.634984"><ele>956.4</ele><time>2024-04-29T15:35:44Z</time></trkpt>
<trkpt lat="33.283431" lon="-116.634697"><ele>956.6</ele><time>2024-04-29T15:38:09Z</time></trkpt>
<trkpt lat="33.283492" lon="-116.634604"><ele>956.4</ele><time>2024-04-29T15:38:39Z</time></trkpt>
<trkpt lat="33.283452" lon="-116.634584"><ele>956.0</ele><time>2024-04-29T15:38:45Z</time></trkpt>
<trkpt lat="33.283477" lon="-116.634721"><ele>956.4</ele><time>2024-04-29T15:43:24Z</time></trkpt>
<trkpt lat="33.283446" lon="-116.634589"><ele>957.2</ele><time>2024-04-29T15:45:13Z</time></trkpt>
<trkpt lat="33.283382" lon="-116.634564"><ele>957.2</ele><time>2024-04-29T15:45:43Z</time></trkpt>
<trkpt lat="33.283454" lon="-116.634701"><ele>957.4</ele><time>2024-04-29T15:46:11Z</time></trkpt>
<trkpt lat="33.283508" lon="-116.634579"><ele>957.2</ele><time>2024-04-29T15:48:59Z</time></trkpt>
<trkpt lat="33.283472" lon="-116.634674"><ele>957.2</ele><time>2024-04-29T15:49:14Z</time></trkpt>
<trkpt lat="33.283511" lon="-116.634679"><ele>957.2</ele><time>2024-04-29T15:49:33Z</time></trkpt>
<trkpt lat="33.283421" lon="-116.634620"><ele>957.4</ele><time>2024-04-29T15:51:45Z</time></trkpt>
<trkpt lat="33.283443" lon="-116.634672"><ele>957.4</ele><time>2024-04-29T15:51:47Z</time></trkpt>
<trkpt lat="33.283398" lon="-116.634681"><ele>957.2</ele><time>2024-04-29T15:52:01Z</time></trkpt>
<trkpt lat="33.283446" lon="-116.634725"><ele>957.4</ele><time>2024-04-29T15:52:08Z</time></trkpt>
<trkpt lat="33.283170" lon="-116.634656"><ele>957.2</ele><time>2024-04-29T15:54:05Z</time></trkpt>
<trkpt lat="33.283102" lon="-116.634711"><ele>956.8</ele><time>2024-04-29T15:54:53Z</time></trkpt>
<trkpt lat="33.283101" lon="-116.634633"><ele>956.8</ele><time>2024-04-29T15:55:02Z</time></trkpt>
<trkpt lat="33.283140" lon="-116.634657"><ele>956.4</ele><time>2024-04-29T15:55:13Z</time></trkpt>
<trkpt lat="33.283006" lon="-116.634454"><ele>956.4</ele><time>2024-04-29T15:55:40Z</time></trkpt>
<trkpt lat="33.283179" lon="-116.634647"><ele>956.8</ele><time>2024-04-29T15:55:44Z</time></trkpt>
<trkpt lat="33.283450" lon="-116.634622"><ele>956.6</ele><time>2024-04-29T15:57:11Z</time></trkpt>
<trkpt lat="33.283448" lon="-116.634696"><ele>955.8</ele><time>2024-04-29T15:57:47Z</time></trkpt>
<trkpt lat="33.283479" lon="-116.634624"><ele>957.0</ele><time>2024-04-29T16:00:02Z</time></trkpt>
<trkpt lat="33.283411" lon="-116.634708"><ele>956.6</ele><time>2024-04-29T16:00:14Z</time></trkpt>
<trkpt lat="33.283469" lon="-116.634640"><ele>956.6</ele><time>2024-04-29T16:00:46Z</time></trkpt>
<trkpt lat="33.283440" lon="-116.634726"><ele>957.2</ele><time>2024-04-29T16:02:11Z</time></trkpt>
<trkpt lat="33.283494" lon="-116.634795"><ele>957.0</ele><time>2024-04-29T16:02:58Z</time></trkpt>
<trkpt lat="33.283554" lon="-116.634674"><ele>957.0</ele><time>2024-04-29T16:04:47Z</time></trkpt>
<trkpt lat="33.283401" lon="-116.634631"><ele>956.2</ele><time>2024-04-29T16:07:39Z</time></trkpt>
<trkpt lat="33.283558" lon="-116.634744"><ele>957.0</ele><time>2024-04-29T16:14:52Z</time></trkpt>
<trkpt lat="33.283437" lon="-116.634604"><ele>957.0</ele><time>2024-04-29T16:16:42Z</time></trkpt>
<trkpt lat="33.283479" lon="-116.634462"><ele>957.4</ele><time>2024-04-29T16:17:10Z</time></trkpt>
<trkpt lat="33.283383" lon="-116.634401"><ele>957.8</ele><time>2024-04-29T16:17:29Z</time></trkpt>
<trkpt lat="33.283437" lon="-116.634442"><ele>957.6</ele><time>2024-04-29T16:17:41Z</time></trkpt>
<trkpt lat="33.283485" lon="-116.634277"><ele>957.8</ele><time>2024-04-29T16:19:48Z</time></trkpt>
<trkpt lat="33.283116" lon="-116.634168"><ele>957.0</ele><time>2024-04-29T16:22:00Z</time></trkpt>
<trkpt lat="33.283062" lon="-116.634238"><ele>956.8</ele><time>2024-04-29T16:24:01Z</time></trkpt>
<trkpt lat="33.283127" lon="-116.634129"><ele>956.8</ele><time>2024-04-29T16:24:06Z</time></trkpt>
<trkpt lat="33.283083" lon="-116.634101"><ele>956.6</ele><time>2024-04-29T16:24:11Z</time></trkpt>
<trkpt lat="33.283082" lon="-116.634197"><ele>957.8</ele><time>2024-04-29T16:24:50Z</time></trkpt>
<trkpt lat="33.283039" lon="-116.634198"><ele>956.8</ele><time>2024-04-29T16:27:50Z</time></trkpt>
<trkpt lat="33.283094" lon="-116.634205"><ele>957.6</ele><time>2024-04-29T16:29:39Z</time></trkpt>
<trkpt lat="33.283083" lon="-116.634154"><ele>957.6</ele><time>2024-04-29T16:29:54Z</time></trkpt>
<trkpt lat="33.283048" lon="-116.634183"><ele>957.6</ele><time>2024-04-29T16:30:02Z</time></trkpt>
<trkpt lat="33.283179" lon="-116.634343"><ele>957.8</ele><time>2024-04-29T16:32:15Z</time></trkpt>
<trkpt lat="33.283159" lon="-116.634453"><ele>957.2</ele><time>2024-04-29T16:32:40Z</time></trkpt>
<trkpt lat="33.283176" lon="-116.634313"><ele>957.4</ele><time>2024-04-29T16:32:48Z</time></trkpt>
<trkpt lat="33.283085" lon="-116.634137"><ele>957.8</ele><time>2024-04-29T16:33:00Z</time></trkpt>
<trkpt lat="33.283086" lon="-116.634234"><ele>957.4</ele><time>2024-04-29T16:36:47Z</time></trkpt>
<trkpt lat="33.283050" lon="-116.634166"><ele>957.0</ele><time>2024-04-29T16:38:05Z</time></trkpt>
<trkpt lat="33.283099" lon="-116.634214"><ele>957.2</ele><time>2024-04-29T16:38:44Z</time></trkpt>
<trkpt lat="33.283094" lon="-116.634004"><ele>958.0</ele><time>2024-04-29T16:39:01Z</time></trkpt>
<trkpt lat="33.283078" lon="-116.634149"><ele>957.4</ele><time>2024-04-29T16:39:06Z</time></trkpt>
<trkpt lat="33.283129" lon="-116.634206"><ele>957.0</ele><time>2024-04-29T16:39:11Z</time></trkpt>
<trkpt lat="33.282983" lon="-116.634222"><ele>956.2</ele><time>2024-04-29T16:39:49Z</time></trkpt>
<trkpt lat="33.283082" lon="-116.634280"><ele>956.2</ele><time>2024-04-29T16:39:58Z</time></trkpt>
<trkpt lat="33.284817" lon="-116.639993"><ele>956.2</ele><time>2024-04-29T16:40:32Z</time></trkpt>
<trkpt lat="33.286499" lon="-116.645541"><ele>921.0</ele><time>2024-04-29T16:41:42Z</time></trkpt>
<trkpt lat="33.288157" lon="-116.650709"><ele>909.8</ele><time>2024-04-29T16:41:59Z</time></trkpt>
<trkpt lat="33.288290" lon="-116.652136"><ele>906.2</ele><time>2024-04-29T16:42:05Z</time></trkpt>
<trkpt lat="33.288366" lon="-116.652871"><ele>894.2</ele><time>2024-04-29T16:42:31Z</time></trkpt>
<trkpt lat="33.288550" lon="-116.654511"><ele>895.6</ele><time>2024-04-29T16:43:43Z</time></trkpt>
<trkpt lat="33.288650" lon="-116.654760"><ele>895.6</ele><time>2024-04-29T16:43:54Z</time></trkpt>
<trkpt lat="33.288609" lon="-116.654747"><ele>895.6</ele><time>2024-04-29T16:43:58Z</time></trkpt>
<trkpt lat="33.288580" lon="-116.654255"><ele>896.4</ele><time>2024-04-29T16:45:25Z</time></trkpt>
<trkpt lat="33.288494" lon="-116.654157"><ele>895.8</ele><time>2024-04-29T16:45:41Z</time></trkpt>
<trkpt lat="33.288480" lon="-116.654004"><ele>895.8</ele><time>2024-04-29T16:46:00Z</time></trkpt>
<trkpt lat="33.288597" lon="-116.653881"><ele>895.6</ele><time>2024-04-29T16:46:11Z</time></trkpt>
<trkpt lat="33.288476" lon="-116.653698"><ele>896.2</ele><time>2024-04-29T16:46:39Z</time></trkpt>
<trkpt lat="33.288517" lon="-116.653811"><ele>894.2</ele><time>2024-04-29T16:46:48Z</time></trkpt>
<trkpt lat="33.288582" lon="-116.653800"><ele>892.6</ele><time>2024-04-29T16:46:57Z</time></trkpt>
<trkpt lat="33.288509" lon="-116.654015"><ele>892.4</ele><time>2024-04-29T16:48:54Z</time></trkpt>
<trkpt lat="33.288887" lon="-116.653597"><ele>892.8</ele><time>2024-04-29T16:50:57Z</time></trkpt>
<trkpt lat="33.288901" lon="-116.653775"><ele>892.8</ele><time>2024-04-29T16:51:12Z</time></trkpt>
<trkpt lat="33.289132" lon="-116.654029"><ele>895.4</ele><time>2024-04-29T16:51:49Z</time></trkpt>
<trkpt lat="33.289223" lon="-116.654054"><ele>896.2</ele><time>2024-04-29T16:51:57Z</time></trkpt>
<trkpt lat="33.290161" lon="-116.653262"><ele>901.6</ele><time>2024-04-29T16:55:09Z</time></trkpt>
<trkpt lat="33.290603" lon="-116.652419"><ele>901.4</ele><time>2024-04-29T16:56:11Z</time></trkpt>
<trkpt lat="33.290960" lon="-116.652210"><ele>901.4</ele><time>2024-04-29T16:56:41Z</time></trkpt>
<trkpt lat="33.291185" lon="-116.651665"><ele>902.6</ele><time>2024-04-29T16:57:21Z</time></trkpt>
<trkpt lat="33.291856" lon="-116.650622"><ele>902.4</ele><time>2024-04-29T16:58:41Z</time></trkpt>
<trkpt lat="33.292007" lon="-116.650604"><ele>902.2</ele><time>2024-04-29T16:58:59Z</time></trkpt>
<trkpt lat="33.291927" lon="-116.650624"><ele>902.4</ele><time>2024-04-29T16:59:01Z</time></trkpt>
<trkpt lat="33.292004" lon="-116.650476"><ele>902.6</ele><time>2024-04-29T16:59:12Z</time></trkpt>
<trkpt lat="33.292410" lon="-116.650304"><ele>904.6</ele><time>2024-04-29T16:59:39Z</time></trkpt>
<trkpt lat="33.292271" lon="-116.650200"><ele>905.4</ele><time>2024-04-29T16:59:51Z</time></trkpt>
<trkpt lat="33.292279" lon="-116.650080"><ele>906.6</ele><time>2024-04-29T17:00:02Z</time></trkpt>
<trkpt lat="33.292477" lon="-116.649709"><ele>907.2</ele><time>2024-04-29T17:00:43Z</time></trkpt>
<trkpt lat="33.292752" lon="-116.649531"><ele>907.4</ele><time>2024-04-29T17:01:21Z</time></trkpt>
<trkpt lat="33.292973" lon="-116.649256"><ele>904.8</ele><time>2024-04-29T17:01:42Z</time></trkpt>
<trkpt lat="33.293024" lon="-116.649268"><ele>904.8</ele><time>2024-04-29T17:02:00Z</time></trkpt>
<trkpt lat="33.293145" lon="-116.648984"><ele>906.0</ele><time>2024-04-29T17:02:09Z</time></trkpt>
<trkpt lat="33.293106" lon="-116.648849"><ele>908.2</ele><time>2024-04-29T17:02:20Z</time></trkpt>
<trkpt lat="33.293215" lon="-116.648704"><ele>904.6</ele><time>2024-04-29T17:02:39Z</time></trkpt>
<trkpt lat="33.293137" lon="-116.648645"><ele>903.0</ele><time>2024-04-29T17:02:59Z</time></trkpt>
<trkpt lat="33.293195" lon="-116.648712"><ele>905.2</ele><time>2024-04-29T17:04:47Z</time></trkpt>
<trkpt lat="33.293143" lon="-116.648704"><ele>905.8</ele><time>2024-04-29T17:06:19Z</time></trkpt>
<trkpt lat="33.293284" lon="-116.648740"><ele>908.4</ele><time>2024-04-29T17:06:42Z</time></trkpt>
<trkpt lat="33.293317" lon="-116.648681"><ele>908.8</ele><time>2024-04-29T17:06:44Z</time></trkpt>
<trkpt lat="33.293315" lon="-116.648632"><ele>909.8</ele><time>2024-04-29T17:06:49Z</time></trkpt>
<trkpt lat="33.293283" lon="-116.648669"><ele>911.2</ele><time>2024-04-29T17:06:55Z</time></trkpt>
<trkpt lat="33.293314" lon="-116.648554"><ele>911.2</ele><time>2024-04-29T17:07:01Z</time></trkpt>
<trkpt lat="33.293240" lon="-116.648447"><ele>912.0</ele><time>2024-04-29T17:07:07Z</time></trkpt>
<trkpt lat="33.293348" lon="-116.648115"><ele>913.4</ele><time>2024-04-29T17:07:32Z</time></trkpt>
<trkpt lat="33.293335" lon="-116.647976"><ele>913.6</ele><time>2024-04-29T17:07:42Z</time></trkpt>
<trkpt lat="33.293467" lon="-116.647770"><ele>913.4</ele><time>2024-04-29T17:07:57Z</time></trkpt>
<trkpt lat="33.293476" lon="-116.647331"><ele>912.6</ele><time>2024-04-29T17:08:21Z</time></trkpt>
<trkpt lat="33.293623" lon="-116.647046"><ele>911.4</ele><time>2024-04-29T17:08:45Z</time></trkpt>
<trkpt lat="33.293762" lon="-116.646988"><ele>910.0</ele><time>2024-04-29T17:09:05Z</time></trkpt>
<trkpt lat="33.293775" lon="-116.647042"><ele>910.4</ele><time>2024-04-29T17:09:11Z</time></trkpt>
<trkpt lat="33.294143" lon="-116.646415"><ele>908.8</ele><time>2024-04-29T17:09:42Z</time></trkpt>
<trkpt lat="33.294162" lon="-116.646108"><ele>907.2</ele><time>2024-04-29T17:10:08Z</time></trkpt>
<trkpt lat="33.294341" lon="-116.645772"><ele>907.0</ele><time>2024-04-29T17:10:48Z</time></trkpt>
<trkpt lat="33.294229" lon="-116.645866"><ele>906.0</ele><time>2024-04-29T17:12:33Z</time></trkpt>
<trkpt lat="33.294311" lon="-116.645763"><ele>906.0</ele><time>2024-04-29T17:13:07Z</time></trkpt>
<trkpt lat="33.294262" lon="-116.645690"><ele>906.2</ele><time>2024-04-29T17:13:41Z</time></trkpt>
<trkpt lat="33.294334" lon="-116.645640"><ele>906.6</ele><time>2024-04-29T17:13:54Z</time></trkpt>
<trkpt lat="33.294362" lon="-116.645216"><ele>907.2</ele><time>2024-04-29T17:14:31Z</time></trkpt>
<trkpt lat="33.294604" lon="-116.644304"><ele>909.2</ele><time>2024-04-29T17:15:29Z</time></trkpt>
<trkpt lat="33.294519" lon="-116.643783"><ele>910.0</ele><time>2024-04-29T17:16:08Z</time></trkpt>
<trkpt lat="33.294567" lon="-116.643051"><ele>909.4</ele><time>2024-04-29T17:16:59Z</time></trkpt>
<trkpt lat="33.294392" lon="-116.641841"><ele>912.0</ele><time>2024-04-29T17:18:25Z</time></trkpt>
<trkpt lat="33.294386" lon="-116.641575"><ele>911.6</ele><time>2024-04-29T17:18:45Z</time></trkpt>
<trkpt lat="33.294496" lon="-116.641305"><ele>911.8</ele><time>2024-04-29T17:19:00Z</time></trkpt>
<trkpt lat="33.294426" lon="-116.641287"><ele>911.8</ele><time>2024-04-29T17:19:05Z</time></trkpt>
<trkpt lat="33.294405" lon="-116.641156"><ele>912.2</ele><time>2024-04-29T17:19:12Z</time></trkpt>
<trkpt lat="33.294377" lon="-116.640829"><ele>913.2</ele><time>2024-04-29T17:19:34Z</time></trkpt>
<trkpt lat="33.294420" lon="-116.640564"><ele>912.4</ele><time>2024-04-29T17:19:53Z</time></trkpt>
<trkpt lat="33.294680" lon="-116.639970"><ele>913.8</ele><time>2024-04-29T17:20:43Z</time></trkpt>
<trkpt lat="33.295006" lon="-116.639524"><ele>914.4</ele><time>2024-04-29T17:21:25Z</time></trkpt>
<trkpt lat="33.294965" lon="-116.639511"><ele>914.0</ele><time>2024-04-29T17:21:57Z</time></trkpt>
<trkpt lat="33.295109" lon="-116.639221"><ele>911.8</ele><time>2024-04-29T17:23:48Z</time></trkpt>
<trkpt lat="33.294980" lon="-116.639405"><ele>911.8</ele><time>2024-04-29T17:23:55Z</time></trkpt>
<trkpt lat="33.295010" lon="-116.639442"><ele>912.2</ele><time>2024-04-29T17:24:02Z</time></trkpt>
<trkpt lat="33.295016" lon="-116.639365"><ele>910.8</ele><time>2024-04-29T17:25:45Z</time></trkpt>
<trkpt lat="33.295024" lon="-116.639424"><ele>910.8</ele><time>2024-04-29T17:25:58Z</time></trkpt>
<trkpt lat="33.294747" lon="-116.639739"><ele>912.2</ele><time>2024-04-29T17:27:43Z</time></trkpt>
<trkpt lat="33.294728" lon="-116.639880"><ele>912.2</ele><time>2024-04-29T17:27:46Z</time></trkpt>
<trkpt lat="33.294964" lon="-116.639393"><ele>912.2</ele><time>2024-04-29T17:27:50Z</time></trkpt>
<trkpt lat="33.295104" lon="-116.639409"><ele>913.4</ele><time>2024-04-29T17:29:39Z</time></trkpt>
<trkpt lat="33.294995" lon="-116.639399"><ele>913.4</ele><time>2024-04-29T17:29:54Z</time></trkpt>
<trkpt lat="33.295003" lon="-116.639474"><ele>915.2</ele><time>2024-04-29T17:32:07Z</time></trkpt>
<trkpt lat="33.294975" lon="-116.639388"><ele>914.8</ele><time>2024-04-29T17:32:11Z</time></trkpt>
<trkpt lat="33.295014" lon="-116.639548"><ele>916.2</ele><time>2024-04-29T17:32:41Z</time></trkpt>
<trkpt lat="33.294984" lon="-116.639355"><ele>916.4</ele><time>2024-04-29T17:32:53Z</time></trkpt>
<trkpt lat="33.295095" lon="-116.639282"><ele>915.6</ele><time>2024-04-29T17:33:29Z</time></trkpt>
<trkpt lat="33.295258" lon="-116.639002"><ele>916.4</ele><time>2024-04-29T17:34:01Z</time></trkpt>
<trkpt lat="33.295582" lon="-116.638762"><ele>916.2</ele><time>2024-04-29T17:34:44Z</time></trkpt>
<trkpt lat="33.295521" lon="-116.638806"><ele>916.2</ele><time>2024-04-29T17:34:48Z</time></trkpt>
<trkpt lat="33.295644" lon="-116.638579"><ele>917.4</ele><time>2024-04-29T17:36:43Z</time></trkpt>
<trkpt lat="33.295615" lon="-116.638762"><ele>917.6</ele><time>2024-04-29T17:37:01Z</time></trkpt>
<trkpt lat="33.295510" lon="-116.638695"><ele>919.2</ele><time>2024-04-29T17:39:45Z</time></trkpt>
<trkpt lat="33.295540" lon="-116.638739"><ele>919.4</ele><time>2024-04-29T17:39:53Z</time></trkpt>
<trkpt lat="33.295647" lon="-116.638259"><ele>923.4</ele><time>2024-04-29T17:41:35Z</time></trkpt>
<trkpt lat="33.295652" lon="-116.638171"><ele>923.8</ele><time>2024-04-29T17:41:43Z</time></trkpt>
<trkpt lat="33.295558" lon="-116.638076"><ele>925.0</ele><time>2024-04-29T17:41:51Z</time></trkpt>
<trkpt lat="33.295634" lon="-116.637932"><ele>927.0</ele><time>2024-04-29T17:42:07Z</time></trkpt>
<trkpt lat="33.296440" lon="-116.637619"><ele>934.0</ele><time>2024-04-29T17:44:01Z</time></trkpt>
<trkpt lat="33.296611" lon="-116.637475"><ele>935.6</ele><time>2024-04-29T17:44:25Z</time></trkpt>
<trkpt lat="33.296760" lon="-116.637541"><ele>937.8</ele><time>2024-04-29T17:44:43Z</time></trkpt>
<trkpt lat="33.296930" lon="-116.637416"><ele>938.8</ele><time>2024-04-29T17:45:07Z</time></trkpt>
<trkpt lat="33.296651" lon="-116.637357"><ele>940.8</ele><time>2024-04-29T17:45:35Z</time></trkpt>
<trkpt lat="33.296608" lon="-116.637266"><ele>941.4</ele><time>2024-04-29T17:45:43Z</time></trkpt>
<trkpt lat="33.296261" lon="-116.637347"><ele>943.4</ele><time>2024-04-29T17:46:00Z</time></trkpt>
<trkpt lat="33.296469" lon="-116.637278"><ele>943.2</ele><time>2024-04-29T17:46:05Z</time></trkpt>
<trkpt lat="33.296137" lon="-116.637224"><ele>944.8</ele><time>2024-04-29T17:46:54Z</time></trkpt>
<trkpt lat="33.295916" lon="-116.637106"><ele>948.6</ele><time>2024-04-29T17:47:27Z</time></trkpt>
<trkpt lat="33.295825" lon="-116.636518"><ele>949.8</ele><time>2024-04-29T17:48:15Z</time></trkpt>
<trkpt lat="33.295837" lon="-116.636137"><ele>952.8</ele><time>2024-04-29T17:48:42Z</time></trkpt>
<trkpt lat="33.295922" lon="-116.635867"><ele>954.2</ele><time>2024-04-29T17:48:59Z</time></trkpt>
<trkpt lat="33.295862" lon="-116.635532"><ele>958.2</ele><time>2024-04-29T17:49:45Z</time></trkpt>
<trkpt lat="33.296027" lon="-116.634997"><ele>964.0</ele><time>2024-04-29T17:50:42Z</time></trkpt>
<trkpt lat="33.296132" lon="-116.634838"><ele>965.8</ele><time>2024-04-29T17:50:57Z</time></trkpt>
<trkpt lat="33.296252" lon="-116.634839"><ele>966.4</ele><time>2024-04-29T17:51:03Z</time></trkpt>
<trkpt lat="33.296313" lon="-116.634770"><ele>967.8</ele><time>2024-04-29T17:51:11Z</time></trkpt>
<trkpt lat="33.296590" lon="-116.634168"><ele>972.0</ele><time>2024-04-29T17:52:05Z</time></trkpt>
<trkpt lat="33.296685" lon="-116.633593"><ele>978.2</ele><time>2024-04-29T17:53:19Z</time></trkpt>
<trkpt lat="33.296527" lon="-116.633068"><ele>981.6</ele><time>2024-04-29T17:53:57Z</time></trkpt>
<trkpt lat="33.296723" lon="-116.632488"><ele>983.6</ele><time>2024-04-29T17:55:42Z</time></trkpt>
<trkpt lat="33.296677" lon="-116.632486"><ele>984.0</ele><time>2024-04-29T17:55:44Z</time></trkpt>
<trkpt lat="33.296648" lon="-116.632147"><ele>985.2</ele><time>2024-04-29T17:56:00Z</time></trkpt>
<trkpt lat="33.296809" lon="-116.632216"><ele>985.2</ele><time>2024-04-29T17:56:02Z</time></trkpt>
<trkpt lat="33.296977" lon="-116.632180"><ele>984.2</ele><time>2024-04-29T17:56:12Z</time></trkpt>
<trkpt lat="33.297293" lon="-116.632339"><ele>986.8</ele><time>2024-04-29T17:56:49Z</time></trkpt>
<trkpt lat="33.297578" lon="-116.632196"><ele>990.0</ele><time>2024-04-29T17:57:15Z</time></trkpt>
<trkpt lat="33.297679" lon="-116.632056"><ele>992.0</ele><time>2024-04-29T17:57:29Z</time></trkpt>
<trkpt lat="33.297882" lon="-116.632063"><ele>993.8</ele><time>2024-04-29T17:57:47Z</time></trkpt>
<trkpt lat="33.298096" lon="-116.631960"><ele>996.2</ele><time>2024-04-29T17:58:17Z</time></trkpt>
<trkpt lat="33.298419" lon="-116.631765"><ele>1000.6</ele><time>2024-04-29T17:58:53Z</time></trkpt>
<trkpt lat="33.298471" lon="-116.631660"><ele>1001.8</ele><time>2024-04-29T17:59:03Z</time></trkpt>
<trkpt lat="33.298437" lon="-116.631480"><ele>1003.2</ele><time>2024-04-29T17:59:15Z</time></trkpt>
<trkpt lat="33.297683" lon="-116.630874"><ele>1003.6</ele><time>2024-04-29T18:00:48Z</time></trkpt>
<trkpt lat="33.297697" lon="-116.630734"><ele>1003.8</ele><time>2024-04-29T18:00:54Z</time></trkpt>
<trkpt lat="33.297592" lon="-116.630597"><ele>1005.4</ele><time>2024-04-29T18:01:09Z</time></trkpt>
<trkpt lat="33.297575" lon="-116.630263"><ele>1007.4</ele><time>2024-04-29T18:01:39Z</time></trkpt>
<trkpt lat="33.297736" lon="-116.629826"><ele>1010.0</ele><time>2024-04-29T18:02:45Z</time></trkpt>
<trkpt lat="33.297888" lon="-116.629599"><ele>1009.6</ele><time>2024-04-29T18:03:01Z</time></trkpt>
<trkpt lat="33.297853" lon="-116.629561"><ele>1009.6</ele><time>2024-04-29T18:03:04Z</time></trkpt>
<trkpt lat="33.297862" lon="-116.629613"><ele>1009.6</ele><time>2024-04-29T18:03:10Z</time></trkpt>
<trkpt lat="33.298077" lon="-116.629643"><ele>1008.6</ele><time>2024-04-29T18:03:30Z</time></trkpt>
<trkpt lat="33.298289" lon="-116.629615"><ele>1007.0</ele><time>2024-04-29T18:03:49Z</time></trkpt>
<trkpt lat="33.298428" lon="-116.629712"><ele>1007.2</ele><time>2024-04-29T18:04:01Z</time></trkpt>
<trkpt lat="33.298768" lon="-116.629592"><ele>1007.0</ele><time>2024-04-29T18:04:43Z</time></trkpt>
<trkpt lat="33.298917" lon="-116.629416"><ele>1008.2</ele><time>2024-04-29T18:04:59Z</time></trkpt>
<trkpt lat="33.299004" lon="-116.629157"><ele>1008.6</ele><time>2024-04-29T18:05:21Z</time></trkpt>
<trkpt lat="33.298972" lon="-116.629059"><ele>1009.2</ele><time>2024-04-29T18:05:35Z</time></trkpt>
<trkpt lat="33.299037" lon="-116.629060"><ele>1009.8</ele><time>2024-04-29T18:05:43Z</time></trkpt>
<trkpt lat="33.299246" lon="-116.628764"><ele>1011.6</ele><time>2024-04-29T18:06:12Z</time></trkpt>
<trkpt lat="33.299298" lon="-116.628286"><ele>1010.6</ele><time>2024-04-29T18:06:49Z</time></trkpt>
<trkpt lat="33.299471" lon="-116.628099"><ele>1009.6</ele><time>2024-04-29T18:07:09Z</time></trkpt>
<trkpt lat="33.299743" lon="-116.628104"><ele>1007.0</ele><time>2024-04-29T18:07:33Z</time></trkpt>
<trkpt lat="33.299817" lon="-116.628315"><ele>1009.2</ele><time>2024-04-29T18:08:43Z</time></trkpt>
<trkpt lat="33.300057" lon="-116.628406"><ele>1012.2</ele><time>2024-04-29T18:09:17Z</time></trkpt>
<trkpt lat="33.300626" lon="-116.628210"><ele>1013.0</ele><time>2024-04-29T18:10:33Z</time></trkpt>
<trkpt lat="33.300933" lon="-116.627956"><ele>1013.0</ele><time>2024-04-29T18:11:01Z</time></trkpt>
<trkpt lat="33.300877" lon="-116.627861"><ele>1012.8</ele><time>2024-04-29T18:11:04Z</time></trkpt>
<trkpt lat="33.301041" lon="-116.627842"><ele>1012.8</ele><time>2024-04-29T18:11:09Z</time></trkpt>
<trkpt lat="33.301211" lon="-116.628212"><ele>1016.6</ele><time>2024-04-29T18:11:49Z</time></trkpt>
<trkpt lat="33.301183" lon="-116.628369"><ele>1017.4</ele><time>2024-04-29T18:12:02Z</time></trkpt>
<trkpt lat="33.301371" lon="-116.628721"><ele>1019.6</ele><time>2024-04-29T18:12:37Z</time></trkpt>
<trkpt lat="33.301499" lon="-116.628811"><ele>1021.2</ele><time>2024-04-29T18:12:55Z</time></trkpt>
<trkpt lat="33.301556" lon="-116.629056"><ele>1020.6</ele><time>2024-04-29T18:13:19Z</time></trkpt>
<trkpt lat="33.301692" lon="-116.629261"><ele>1019.8</ele><time>2024-04-29T18:13:37Z</time></trkpt>
<trkpt lat="33.302001" lon="-116.629472"><ele>1018.0</ele><time>2024-04-29T18:14:04Z</time></trkpt>
<trkpt lat="33.301869" lon="-116.629790"><ele>1020.4</ele><time>2024-04-29T18:14:31Z</time></trkpt>
<trkpt lat="33.301905" lon="-116.630061"><ele>1020.0</ele><time>2024-04-29T18:14:50Z</time></trkpt>
<trkpt lat="33.302037" lon="-116.630189"><ele>1018.2</ele><time>2024-04-29T18:15:05Z</time></trkpt>
<trkpt lat="33.302295" lon="-116.630707"><ele>1015.0</ele><time>2024-04-29T18:15:43Z</time></trkpt>
<trkpt lat="33.302383" lon="-116.631281"><ele>1010.8</ele><time>2024-04-29T18:16:29Z</time></trkpt>
<trkpt lat="33.302466" lon="-116.631227"><ele>1009.8</ele><time>2024-04-29T18:16:48Z</time></trkpt>
<trkpt lat="33.302475" lon="-116.631085"><ele>1010.0</ele><time>2024-04-29T18:21:30Z</time></trkpt>
<trkpt lat="33.302530" lon="-116.631131"><ele>1010.0</ele><time>2024-04-29T18:21:46Z</time></trkpt>
<trkpt lat="33.302476" lon="-116.631108"><ele>1009.8</ele><time>2024-04-29T18:21:57Z</time></trkpt>
<trkpt lat="33.302448" lon="-116.631195"><ele>1009.6</ele><time>2024-04-29T18:23:31Z</time></trkpt>
<trkpt lat="33.302480" lon="-116.631003"><ele>1009.6</ele><time>2024-04-29T18:24:39Z</time></trkpt>
<trkpt lat="33.302578" lon="-116.631375"><ele>1010.8</ele><time>2024-04-29T18:25:57Z</time></trkpt>
<trkpt lat="33.302810" lon="-116.631795"><ele>1008.6</ele><time>2024-04-29T18:26:41Z</time></trkpt>
<trkpt lat="33.303394" lon="-116.631550"><ele>1012.0</ele><time>2024-04-29T18:27:40Z</time></trkpt>
<trkpt lat="33.303718" lon="-116.631263"><ele>1014.0</ele><time>2024-04-29T18:28:13Z</time></trkpt>
<trkpt lat="33.304226" lon="-116.631006"><ele>1018.8</ele><time>2024-04-29T18:29:29Z</time></trkpt>
<trkpt lat="33.304448" lon="-116.631045"><ele>1019.4</ele><time>2024-04-29T18:29:44Z</time></trkpt>
<trkpt lat="33.304607" lon="-116.631179"><ele>1019.6</ele><time>2024-04-29T18:30:00Z</time></trkpt>
<trkpt lat="33.305845" lon="-116.630977"><ele>1018.4</ele><time>2024-04-29T18:31:45Z</time></trkpt>
<trkpt lat="33.306123" lon="-116.630701"><ele>1015.4</ele><time>2024-04-29T18:32:33Z</time></trkpt>
<trkpt lat="33.306092" lon="-116.630389"><ele>1011.0</ele><time>2024-04-29T18:33:13Z</time></trkpt>
<trkpt lat="33.306199" lon="-116.630098"><ele>1007.8</ele><time>2024-04-29T18:33:45Z</time></trkpt>
<trkpt lat="33.306401" lon="-116.629981"><ele>1005.8</ele><time>2024-04-29T18:34:03Z</time></trkpt>
<trkpt lat="33.306744" lon="-116.629607"><ele>1001.8</ele><time>2024-04-29T18:34:39Z</time></trkpt>
<trkpt lat="33.306707" lon="-116.629592"><ele>1001.2</ele><time>2024-04-29T18:34:45Z</time></trkpt>
<trkpt lat="33.307299" lon="-116.629646"><ele>1000.2</ele><time>2024-04-29T18:36:37Z</time></trkpt>
<trkpt lat="33.307217" lon="-116.629470"><ele>1001.2</ele><time>2024-04-29T18:38:44Z</time></trkpt>
<trkpt lat="33.307357" lon="-116.629661"><ele>1001.6</ele><time>2024-04-29T18:38:54Z</time></trkpt>
<trkpt lat="33.307454" lon="-116.629529"><ele>1002.0</ele><time>2024-04-29T18:39:37Z</time></trkpt>
<trkpt lat="33.307681" lon="-116.629659"><ele>1003.0</ele><time>2024-04-29T18:43:00Z</time></trkpt>
<trkpt lat="33.307789" lon="-116.630026"><ele>999.2</ele><time>2024-04-29T18:43:43Z</time></trkpt>
<trkpt lat="33.307769" lon="-116.630274"><ele>998.4</ele><time>2024-04-29T18:44:01Z</time></trkpt>
<trkpt lat="33.307987" lon="-116.630464"><ele>996.0</ele><time>2024-04-29T18:44:23Z</time></trkpt>
<trkpt lat="33.308251" lon="-116.630580"><ele>990.4</ele><time>2024-04-29T18:45:03Z</time></trkpt>
<trkpt lat="33.308477" lon="-116.630322"><ele>987.0</ele><time>2024-04-29T18:45:42Z</time></trkpt>
<trkpt lat="33.308820" lon="-116.630226"><ele>983.8</ele><time>2024-04-29T18:46:13Z</time></trkpt>
<trkpt lat="33.308898" lon="-116.630265"><ele>982.8</ele><time>2024-04-29T18:46:21Z</time></trkpt>
<trkpt lat="33.308885" lon="-116.630391"><ele>981.8</ele><time>2024-04-29T18:46:31Z</time></trkpt>
<trkpt lat="33.309290" lon="-116.630524"><ele>980.8</ele><time>2024-04-29T18:47:51Z</time></trkpt>
<trkpt lat="33.309228" lon="-116.630778"><ele>980.4</ele><time>2024-04-29T18:49:43Z</time></trkpt>
<trkpt lat="33.309359" lon="-116.630584"><ele>980.4</ele><time>2024-04-29T18:49:50Z</time></trkpt>
<trkpt lat="33.309297" lon="-116.630469"><ele>980.2</ele><time>2024-04-29T18:49:57Z</time></trkpt>
<trkpt lat="33.309335" lon="-116.630517"><ele>980.4</ele><time>2024-04-29T18:50:09Z</time></trkpt>
<trkpt lat="33.309202" lon="-116.630474"><ele>979.2</ele><time>2024-04-29T18:52:02Z</time></trkpt>
<trkpt lat="33.309212" lon="-116.630394"><ele>977.6</ele><time>2024-04-29T18:52:39Z</time></trkpt>
<trkpt lat="33.309208" lon="-116.630564"><ele>978.6</ele><time>2024-04-29T18:52:59Z</time></trkpt>
<trkpt lat="33.309289" lon="-116.630426"><ele>977.8</ele><time>2024-04-29T18:55:02Z</time></trkpt>
<trkpt lat="33.309301" lon="-116.630665"><ele>979.0</ele><time>2024-04-29T18:55:39Z</time></trkpt>
<trkpt lat="33.309277" lon="-116.630466"><ele>978.4</ele><time>2024-04-29T18:56:46Z</time></trkpt>
<trkpt lat="33.309360" lon="-116.630552"><ele>984.0</ele><time>2024-04-29T18:57:47Z</time></trkpt>
<trkpt lat="33.309632" lon="-116.630448"><ele>985.4</ele><time>2024-04-29T18:58:37Z</time></trkpt>
<trkpt lat="33.309999" lon="-116.630124"><ele>986.4</ele><time>2024-04-29T18:59:43Z</time></trkpt>
<trkpt lat="33.310046" lon="-116.629884"><ele>986.6</ele><time>2024-04-29T18:59:59Z</time></trkpt>
<trkpt lat="33.310270" lon="-116.629609"><ele>987.4</ele><time>2024-04-29T19:00:41Z</time></trkpt>
<trkpt lat="33.310661" lon="-116.629349"><ele>989.0</ele><time>2024-04-29T19:01:33Z</time></trkpt>
<trkpt lat="33.310973" lon="-116.628964"><ele>989.8</ele><time>2024-04-29T19:02:13Z</time></trkpt>
<trkpt lat="33.311248" lon="-116.628372"><ele>992.6</ele><time>2024-04-29T19:03:45Z</time></trkpt>
<trkpt lat="33.311188" lon="-116.628334"><ele>992.4</ele><time>2024-04-29T19:03:48Z</time></trkpt>
<trkpt lat="33.311065" lon="-116.627582"><ele>998.2</ele><time>2024-04-29T19:04:59Z</time></trkpt>
<trkpt lat="33.311063" lon="-116.627648"><ele>998.6</ele><time>2024-04-29T19:05:47Z</time></trkpt>
<trkpt lat="33.311086" lon="-116.627503"><ele>998.4</ele><time>2024-04-29T19:05:51Z</time></trkpt>
<trkpt lat="33.311186" lon="-116.627508"><ele>998.2</ele><time>2024-04-29T19:06:09Z</time></trkpt>
<trkpt lat="33.311368" lon="-116.627334"><ele>998.4</ele><time>2024-04-29T19:06:25Z</time></trkpt>
<trkpt lat="33.311660" lon="-116.627235"><ele>1000.2</ele><time>2024-04-29T19:07:17Z</time></trkpt>
<trkpt lat="33.311884" lon="-116.627609"><ele>1004.8</ele><time>2024-04-29T19:07:42Z</time></trkpt>
<trkpt lat="33.311847" lon="-116.627866"><ele>1005.2</ele><time>2024-04-29T19:07:55Z</time></trkpt>
<trkpt lat="33.312217" lon="-116.628108"><ele>1006.8</ele><time>2024-04-29T19:08:45Z</time></trkpt>
<trkpt lat="33.312707" lon="-116.628086"><ele>1009.4</ele><time>2024-04-29T19:09:42Z</time></trkpt>
<trkpt lat="33.312754" lon="-116.628150"><ele>1009.4</ele><time>2024-04-29T19:09:48Z</time></trkpt>
<trkpt lat="33.312808" lon="-116.627999"><ele>1008.6</ele><time>2024-04-29T19:09:58Z</time></trkpt>
<trkpt lat="33.312990" lon="-116.628014"><ele>1009.0</ele><time>2024-04-29T19:10:59Z</time></trkpt>
<trkpt lat="33.313051" lon="-116.627912"><ele>1011.0</ele><time>2024-04-29T19:11:17Z</time></trkpt>
<trkpt lat="33.313264" lon="-116.628113"><ele>1013.2</ele><time>2024-04-29T19:11:42Z</time></trkpt>
<trkpt lat="33.313277" lon="-116.628066"><ele>1013.6</ele><time>2024-04-29T19:11:44Z</time></trkpt>
<trkpt lat="33.313367" lon="-116.628298"><ele>1016.4</ele><time>2024-04-29T19:12:10Z</time></trkpt>
<trkpt lat="33.313309" lon="-116.627971"><ele>1017.2</ele><time>2024-04-29T19:12:40Z</time></trkpt>
<trkpt lat="33.313328" lon="-116.628140"><ele>1017.0</ele><time>2024-04-29T19:12:46Z</time></trkpt>
<trkpt lat="33.313444" lon="-116.627981"><ele>1019.4</ele><time>2024-04-29T19:13:17Z</time></trkpt>
<trkpt lat="33.313998" lon="-116.627643"><ele>1016.6</ele><time>2024-04-29T19:14:35Z</time></trkpt>
<trkpt lat="33.314314" lon="-116.627266"><ele>1015.2</ele><time>2024-04-29T19:15:17Z</time></trkpt>
<trkpt lat="33.314596" lon="-116.627174"><ele>1017.2</ele><time>2024-04-29T19:15:57Z</time></trkpt>
<trkpt lat="33.314633" lon="-116.626908"><ele>1019.4</ele><time>2024-04-29T19:16:39Z</time></trkpt>
<trkpt lat="33.314740" lon="-116.626975"><ele>1020.2</ele><time>2024-04-29T19:16:50Z</time></trkpt>
<trkpt lat="33.315154" lon="-116.626975"><ele>1016.2</ele><time>2024-04-29T19:17:35Z</time></trkpt>
<trkpt lat="33.315619" lon="-116.626926"><ele>1017.4</ele><time>2024-04-29T19:18:48Z</time></trkpt>
<trkpt lat="33.315688" lon="-116.626861"><ele>1017.2</ele><time>2024-04-29T19:18:53Z</time></trkpt>
<trkpt lat="33.315832" lon="-116.626914"><ele>1016.2</ele><time>2024-04-29T19:19:05Z</time></trkpt>
<trkpt lat="33.315916" lon="-116.626874"><ele>1014.4</ele><time>2024-04-29T19:19:35Z</time></trkpt>
<trkpt lat="33.316011" lon="-116.626680"><ele>1016.4</ele><time>2024-04-29T19:22:55Z</time></trkpt>
<trkpt lat="33.315866" lon="-116.626936"><ele>1017.6</ele><time>2024-04-29T19:24:46Z</time></trkpt>
<trkpt lat="33.315919" lon="-116.626766"><ele>1017.6</ele><time>2024-04-29T19:25:00Z</time></trkpt>
<trkpt lat="33.315900" lon="-116.626825"><ele>1018.2</ele><time>2024-04-29T19:25:27Z</time></trkpt>
<trkpt lat="33.316605" lon="-116.626776"><ele>1023.2</ele><time>2024-04-29T19:26:57Z</time></trkpt>
<trkpt lat="33.316831" lon="-116.626883"><ele>1024.6</ele><time>2024-04-29T19:27:29Z</time></trkpt>
<trkpt lat="33.317232" lon="-116.626886"><ele>1020.8</ele><time>2024-04-29T19:28:50Z</time></trkpt>
<trkpt lat="33.317206" lon="-116.626729"><ele>1021.0</ele><time>2024-04-29T19:28:59Z</time></trkpt>
<trkpt lat="33.317291" lon="-116.626774"><ele>1028.2</ele><time>2024-04-29T19:30:41Z</time></trkpt>
<trkpt lat="33.317299" lon="-116.626852"><ele>1028.2</ele><time>2024-04-29T19:30:48Z</time></trkpt>
<trkpt lat="33.317381" lon="-116.626895"><ele>1028.6</ele><time>2024-04-29T19:31:00Z</time></trkpt>
<trkpt lat="33.317362" lon="-116.627191"><ele>1032.2</ele><time>2024-04-29T19:31:39Z</time></trkpt>
<trkpt lat="33.317411" lon="-116.627097"><ele>1034.8</ele><time>2024-04-29T19:32:48Z</time></trkpt>
<trkpt lat="33.317720" lon="-116.627025"><ele>1035.0</ele><time>2024-04-29T19:32:49Z</time></trkpt>
<trkpt lat="33.317573" lon="-116.626732"><ele>1035.4</ele><time>2024-04-29T19:32:50Z</time></trkpt>
<trkpt lat="33.317657" lon="-116.626522"><ele>1037.8</ele><time>2024-04-29T19:33:23Z</time></trkpt>
<trkpt lat="33.317468" lon="-116.626238"><ele>1039.6</ele><time>2024-04-29T19:34:01Z</time></trkpt>
<trkpt lat="33.317375" lon="-116.625860"><ele>1043.0</ele><time>2024-04-29T19:34:44Z</time></trkpt>
<trkpt lat="33.317238" lon="-116.625841"><ele>1044.2</ele><time>2024-04-29T19:35:03Z</time></trkpt>
<trkpt lat="33.317234" lon="-116.625415"><ele>1046.0</ele><time>2024-04-29T19:35:42Z</time></trkpt>
<trkpt lat="33.317551" lon="-116.624832"><ele>1044.2</ele><time>2024-04-29T19:37:15Z</time></trkpt>
<trkpt lat="33.317747" lon="-116.624639"><ele>1041.8</ele><time>2024-04-29T19:37:35Z</time></trkpt>
<trkpt lat="33.317805" lon="-116.624651"><ele>1041.2</ele><time>2024-04-29T19:37:43Z</time></trkpt>
<trkpt lat="33.317794" lon="-116.624591"><ele>1041.0</ele><time>2024-04-29T19:37:44Z</time></trkpt>
<trkpt lat="33.318148" lon="-116.624882"><ele>1040.4</ele><time>2024-04-29T19:39:15Z</time></trkpt>
<trkpt lat="33.318521" lon="-116.624986"><ele>1042.0</ele><time>2024-04-29T19:39:47Z</time></trkpt>
<trkpt lat="33.318717" lon="-116.624675"><ele>1042.2</ele><time>2024-04-29T19:40:02Z</time></trkpt>
<trkpt lat="33.318737" lon="-116.624335"><ele>1046.2</ele><time>2024-04-29T19:40:45Z</time></trkpt>
<trkpt lat="33.318853" lon="-116.623865"><ele>1048.0</ele><time>2024-04-29T19:41:49Z</time></trkpt>
<trkpt lat="33.319031" lon="-116.623608"><ele>1047.8</ele><time>2024-04-29T19:42:01Z</time></trkpt>
<trkpt lat="33.319008" lon="-116.623714"><ele>1047.4</ele><time>2024-04-29T19:42:24Z</time></trkpt>
<trkpt lat="33.318941" lon="-116.623816"><ele>1047.8</ele><time>2024-04-29T19:42:48Z</time></trkpt>
<trkpt lat="33.319024" lon="-116.623493"><ele>1049.4</ele><time>2024-04-29T19:45:04Z</time></trkpt>
<trkpt lat="33.319475" lon="-116.622907"><ele>1052.0</ele><time>2024-04-29T19:45:53Z</time></trkpt>
<trkpt lat="33.319777" lon="-116.622767"><ele>1056.4</ele><time>2024-04-29T19:46:31Z</time></trkpt>
<trkpt lat="33.320018" lon="-116.622741"><ele>1057.4</ele><time>2024-04-29T19:46:51Z</time></trkpt>
<trkpt lat="33.320656" lon="-116.622860"><ele>1060.6</ele><time>2024-04-29T19:47:45Z</time></trkpt>
<trkpt lat="33.320668" lon="-116.622978"><ele>1060.6</ele><time>2024-04-29T19:47:55Z</time></trkpt>
<trkpt lat="33.320728" lon="-116.622989"><ele>1059.6</ele><time>2024-04-29T19:48:15Z</time></trkpt>
<trkpt lat="33.321229" lon="-116.622849"><ele>1060.6</ele><time>2024-04-29T19:49:07Z</time></trkpt>
<trkpt lat="33.321549" lon="-116.622560"><ele>1062.8</ele><time>2024-04-29T19:49:47Z</time></trkpt>
<trkpt lat="33.321669" lon="-116.622606"><ele>1064.4</ele><time>2024-04-29T19:50:01Z</time></trkpt>
<trkpt lat="33.321673" lon="-116.622968"><ele>1071.6</ele><time>2024-04-29T19:51:13Z</time></trkpt>
<trkpt lat="33.321316" lon="-116.623479"><ele>1073.4</ele><time>2024-04-29T19:52:57Z</time></trkpt>
<trkpt lat="33.321135" lon="-116.623666"><ele>1073.6</ele><time>2024-04-29T19:53:43Z</time></trkpt>
<trkpt lat="33.321079" lon="-116.623624"><ele>1073.6</ele><time>2024-04-29T19:53:46Z</time></trkpt>
<trkpt lat="33.321424" lon="-116.623449"><ele>1073.8</ele><time>2024-04-29T19:53:51Z</time></trkpt>
<trkpt lat="33.320407" lon="-116.623660"><ele>1083.2</ele><time>2024-04-29T19:55:43Z</time></trkpt>
<trkpt lat="33.320198" lon="-116.623510"><ele>1084.2</ele><time>2024-04-29T19:56:00Z</time></trkpt>
<trkpt lat="33.319988" lon="-116.623662"><ele>1084.8</ele><time>2024-04-29T19:56:10Z</time></trkpt>
<trkpt lat="33.319956" lon="-116.623918"><ele>1087.0</ele><time>2024-04-29T19:56:24Z</time></trkpt>
<trkpt lat="33.320049" lon="-116.624065"><ele>1090.0</ele><time>2024-04-29T19:56:39Z</time></trkpt>
<trkpt lat="33.320168" lon="-116.623910"><ele>1090.2</ele><time>2024-04-29T19:56:44Z</time></trkpt>
<trkpt lat="33.320665" lon="-116.624025"><ele>1093.4</ele><time>2024-04-29T19:58:41Z</time></trkpt>
<trkpt lat="33.320802" lon="-116.623742"><ele>1093.4</ele><time>2024-04-29T19:58:45Z</time></trkpt>
<trkpt lat="33.320912" lon="-116.624104"><ele>1094.0</ele><time>2024-04-29T19:59:06Z</time></trkpt>
<trkpt lat="33.321087" lon="-116.623956"><ele>1094.2</ele><time>2024-04-29T19:59:09Z</time></trkpt>
<trkpt lat="33.321041" lon="-116.624023"><ele>1094.4</ele><time>2024-04-29T19:59:12Z</time></trkpt>
<trkpt lat="33.321106" lon="-116.623982"><ele>1094.4</ele><time>2024-04-29T19:59:13Z</time></trkpt>
<trkpt lat="33.321068" lon="-116.624039"><ele>1094.8</ele><time>2024-04-29T19:59:14Z</time></trkpt>
<trkpt lat="33.321303" lon="-116.624346"><ele>1098.2</ele><time>2024-04-29T19:59:55Z</time></trkpt>
<trkpt lat="33.321578" lon="-116.624503"><ele>1100.2</ele><time>2024-04-29T20:00:23Z</time></trkpt>
<trkpt lat="33.321705" lon="-116.624452"><ele>1102.4</ele><time>2024-04-29T20:00:41Z</time></trkpt>
<trkpt lat="33.321840" lon="-116.624159"><ele>1107.6</ele><time>2024-04-29T20:01:33Z</time></trkpt>
<trkpt lat="33.322002" lon="-116.624005"><ele>1109.0</ele><time>2024-04-29T20:01:45Z</time></trkpt>
<trkpt lat="33.322304" lon="-116.624377"><ele>1112.4</ele><time>2024-04-29T20:03:45Z</time></trkpt>
<trkpt lat="33.322419" lon="-116.624192"><ele>1112.0</ele><time>2024-04-29T20:03:58Z</time></trkpt>
<trkpt lat="33.322325" lon="-116.624380"><ele>1112.6</ele><time>2024-04-29T20:05:41Z</time></trkpt>
<trkpt lat="33.322412" lon="-116.624248"><ele>1112.8</ele><time>2024-04-29T20:05:45Z</time></trkpt>
<trkpt lat="33.322378" lon="-116.624346"><ele>1113.0</ele><time>2024-04-29T20:05:55Z</time></trkpt>
<trkpt lat="33.322321" lon="-116.624345"><ele>1112.8</ele><time>2024-04-29T20:06:00Z</time></trkpt>
<trkpt lat="33.322334" lon="-116.624248"><ele>1112.8</ele><time>2024-04-29T20:06:08Z</time></trkpt>
<trkpt lat="33.322517" lon="-116.624187"><ele>1114.2</ele><time>2024-04-29T20:08:31Z</time></trkpt>
<trkpt lat="33.322423" lon="-116.624162"><ele>1114.4</ele><time>2024-04-29T20:08:54Z</time></trkpt>
<trkpt lat="33.322388" lon="-116.624185"><ele>1115.2</ele><time>2024-04-29T20:08:59Z</time></trkpt>
<trkpt lat="33.322495" lon="-116.624226"><ele>1115.4</ele><time>2024-04-29T20:10:25Z</time></trkpt>
<trkpt lat="33.322456" lon="-116.624284"><ele>1114.8</ele><time>2024-04-29T20:10:44Z</time></trkpt>
<trkpt lat="33.322429" lon="-116.624199"><ele>1114.6</ele><time>2024-04-29T20:11:00Z</time></trkpt>
<trkpt lat="33.322367" lon="-116.624218"><ele>1116.6</ele><time>2024-04-29T20:12:44Z</time></trkpt>
<trkpt lat="33.322423" lon="-116.624290"><ele>1116.0</ele><time>2024-04-29T20:13:02Z</time></trkpt>
<trkpt lat="33.322386" lon="-116.624220"><ele>1115.0</ele><time>2024-04-29T20:14:00Z</time></trkpt>
<trkpt lat="33.322253" lon="-116.624351"><ele>1116.0</ele><time>2024-04-29T20:15:43Z</time></trkpt>
<trkpt lat="33.322433" lon="-116.624215"><ele>1116.4</ele><time>2024-04-29T20:15:53Z</time></trkpt>
<trkpt lat="33.322403" lon="-116.624184"><ele>1116.2</ele><time>2024-04-29T20:15:57Z</time></trkpt>
<trkpt lat="33.322509" lon="-116.624049"><ele>1120.2</ele><time>2024-04-29T20:17:46Z</time></trkpt>
<trkpt lat="33.322404" lon="-116.624186"><ele>1119.4</ele><time>2024-04-29T20:18:02Z</time></trkpt>
<trkpt lat="33.322758" lon="-116.624406"><ele>1124.4</ele><time>2024-04-29T20:19:11Z</time></trkpt>
<trkpt lat="33.322995" lon="-116.624678"><ele>1126.4</ele><time>2024-04-29T20:19:42Z</time></trkpt>
<trkpt lat="33.323075" lon="-116.624649"><ele>1126.6</ele><time>2024-04-29T20:19:45Z</time></trkpt>
<trkpt lat="33.323176" lon="-116.624793"><ele>1128.0</ele><time>2024-04-29T20:19:57Z</time></trkpt>
<trkpt lat="33.323108" lon="-116.625146"><ele>1127.8</ele><time>2024-04-29T20:20:29Z</time></trkpt>
<trkpt lat="33.322945" lon="-116.625174"><ele>1126.4</ele><time>2024-04-29T20:20:59Z</time></trkpt>
<trkpt lat="33.322230" lon="-116.625733"><ele>1130.0</ele><time>2024-04-29T20:22:00Z</time></trkpt>
<trkpt lat="33.322405" lon="-116.626275"><ele>1128.0</ele><time>2024-04-29T20:22:45Z</time></trkpt>
<trkpt lat="33.323247" lon="-116.627285"><ele>1136.8</ele><time>2024-04-29T20:24:44Z</time></trkpt>
<trkpt lat="33.322958" lon="-116.627208"><ele>1137.8</ele><time>2024-04-29T20:25:00Z</time></trkpt>
<trkpt lat="33.323164" lon="-116.627448"><ele>1138.6</ele><time>2024-04-29T20:25:10Z</time></trkpt>
<trkpt lat="33.323238" lon="-116.627720"><ele>1142.2</ele><time>2024-04-29T20:25:39Z</time></trkpt>
<trkpt lat="33.323184" lon="-116.627939"><ele>1143.2</ele><time>2024-04-29T20:25:52Z</time></trkpt>
<trkpt lat="33.323469" lon="-116.628314"><ele>1147.0</ele><time>2024-04-29T20:26:27Z</time></trkpt>
<trkpt lat="33.323845" lon="-116.628432"><ele>1153.8</ele><time>2024-04-29T20:27:42Z</time></trkpt>
<trkpt lat="33.323651" lon="-116.628410"><ele>1155.4</ele><time>2024-04-29T20:28:01Z</time></trkpt>
<trkpt lat="33.323688" lon="-116.628366"><ele>1156.2</ele><time>2024-04-29T20:28:09Z</time></trkpt>
<trkpt lat="33.324038" lon="-116.628412"><ele>1159.6</ele><time>2024-04-29T20:28:45Z</time></trkpt>
<trkpt lat="33.324162" lon="-116.628499"><ele>1160.6</ele><time>2024-04-29T20:28:57Z</time></trkpt>
<trkpt lat="33.324696" lon="-116.628645"><ele>1172.2</ele><time>2024-04-29T20:30:37Z</time></trkpt>
<trkpt lat="33.324723" lon="-116.628682"><ele>1172.4</ele><time>2024-04-29T20:30:43Z</time></trkpt>
<trkpt lat="33.324579" lon="-116.628990"><ele>1172.2</ele><time>2024-04-29T20:30:59Z</time></trkpt>
<trkpt lat="33.324823" lon="-116.628702"><ele>1172.0</ele><time>2024-04-29T20:31:02Z</time></trkpt>
<trkpt lat="33.324791" lon="-116.628573"><ele>1172.0</ele><time>2024-04-29T20:31:05Z</time></trkpt>
<trkpt lat="33.324839" lon="-116.628582"><ele>1172.0</ele><time>2024-04-29T20:31:08Z</time></trkpt>
<trkpt lat="33.324858" lon="-116.628508"><ele>1172.2</ele><time>2024-04-29T20:31:38Z</time></trkpt>
<trkpt lat="33.324802" lon="-116.628600"><ele>1172.2</ele><time>2024-04-29T20:31:43Z</time></trkpt>
<trkpt lat="33.324874" lon="-116.628598"><ele>1172.8</ele><time>2024-04-29T20:31:53Z</time></trkpt>
<trkpt lat="33.324747" lon="-116.628537"><ele>1173.2</ele><time>2024-04-29T20:32:17Z</time></trkpt>
<trkpt lat="33.324617" lon="-116.628202"><ele>1178.4</ele><time>2024-04-29T20:33:03Z</time></trkpt>
<trkpt lat="33.325419" lon="-116.628515"><ele>1188.2</ele><time>2024-04-29T20:34:28Z</time></trkpt>
<trkpt lat="33.325329" lon="-116.628360"><ele>1189.4</ele><time>2024-04-29T20:34:45Z</time></trkpt>
<trkpt lat="33.325803" lon="-116.628730"><ele>1198.0</ele><time>2024-04-29T20:35:39Z</time></trkpt>
<trkpt lat="33.325875" lon="-116.628758"><ele>1199.4</ele><time>2024-04-29T20:36:21Z</time></trkpt>
<trkpt lat="33.325872" lon="-116.628674"><ele>1199.8</ele><time>2024-04-29T20:36:53Z</time></trkpt>
<trkpt lat="33.325810" lon="-116.628735"><ele>1199.6</ele><time>2024-04-29T20:37:03Z</time></trkpt>
<trkpt lat="33.326097" lon="-116.628834"><ele>1199.8</ele><time>2024-04-29T20:37:41Z</time></trkpt>
<trkpt lat="33.325882" lon="-116.628732"><ele>1199.4</ele><time>2024-04-29T20:38:00Z</time></trkpt>
<trkpt lat="33.326250" lon="-116.628934"><ele>1202.6</ele><time>2024-04-29T20:39:13Z</time></trkpt>
<trkpt lat="33.326518" lon="-116.629193"><ele>1206.4</ele><time>2024-04-29T20:39:45Z</time></trkpt>
<trkpt lat="33.326530" lon="-116.629408"><ele>1208.2</ele><time>2024-04-29T20:40:02Z</time></trkpt>
<trkpt lat="33.326458" lon="-116.629868"><ele>1210.2</ele><time>2024-04-29T20:40:31Z</time></trkpt>
<trkpt lat="33.326366" lon="-116.630075"><ele>1212.4</ele><time>2024-04-29T20:40:57Z</time></trkpt>
<trkpt lat="33.326306" lon="-116.630738"><ele>1217.6</ele><time>2024-04-29T20:41:44Z</time></trkpt>
<trkpt lat="33.326233" lon="-116.630866"><ele>1218.2</ele><time>2024-04-29T20:41:55Z</time></trkpt>
<trkpt lat="33.325865" lon="-116.631105"><ele>1220.2</ele><time>2024-04-29T20:42:35Z</time></trkpt>
<trkpt lat="33.325605" lon="-116.631399"><ele>1222.4</ele><time>2024-04-29T20:43:29Z</time></trkpt>
<trkpt lat="33.325561" lon="-116.631618"><ele>1222.6</ele><time>2024-04-29T20:43:42Z</time></trkpt>
<trkpt lat="33.325590" lon="-116.631560"><ele>1223.4</ele><time>2024-04-29T20:43:58Z</time></trkpt>
<trkpt lat="33.325853" lon="-116.631769"><ele>1226.8</ele><time>2024-04-29T20:44:37Z</time></trkpt>
<trkpt lat="33.326224" lon="-116.632149"><ele>1235.0</ele><time>2024-04-29T20:45:43Z</time></trkpt>
<trkpt lat="33.326014" lon="-116.632332"><ele>1236.6</ele><time>2024-04-29T20:46:00Z</time></trkpt>
<trkpt lat="33.326100" lon="-116.632340"><ele>1236.4</ele><time>2024-04-29T20:46:22Z</time></trkpt>
<trkpt lat="33.326093" lon="-116.632278"><ele>1236.6</ele><time>2024-04-29T20:46:55Z</time></trkpt>
<trkpt lat="33.326100" lon="-116.632335"><ele>1236.4</ele><time>2024-04-29T20:47:00Z</time></trkpt>
<trkpt lat="33.325943" lon="-116.632305"><ele>1234.4</ele><time>2024-04-29T20:47:43Z</time></trkpt>
<trkpt lat="33.325882" lon="-116.632660"><ele>1233.4</ele><time>2024-04-29T20:48:27Z</time></trkpt>
<trkpt lat="33.325979" lon="-116.632896"><ele>1234.2</ele><time>2024-04-29T20:48:42Z</time></trkpt>
<trkpt lat="33.326158" lon="-116.632913"><ele>1234.6</ele><time>2024-04-29T20:48:57Z</time></trkpt>
<trkpt lat="33.326350" lon="-116.633761"><ele>1233.0</ele><time>2024-04-29T20:50:01Z</time></trkpt>
<trkpt lat="33.326625" lon="-116.634061"><ele>1232.8</ele><time>2024-04-29T20:50:44Z</time></trkpt>
<trkpt lat="33.326736" lon="-116.634540"><ele>1234.2</ele><time>2024-04-29T20:51:00Z</time></trkpt>
<trkpt lat="33.326558" lon="-116.634271"><ele>1234.2</ele><time>2024-04-29T20:51:03Z</time></trkpt>
<trkpt lat="33.326458" lon="-116.634229"><ele>1234.2</ele><time>2024-04-29T20:51:09Z</time></trkpt>
<trkpt lat="33.326472" lon="-116.634402"><ele>1235.8</ele><time>2024-04-29T20:51:32Z</time></trkpt>
<trkpt lat="33.326756" lon="-116.634558"><ele>1237.6</ele><time>2024-04-29T20:51:59Z</time></trkpt>
<trkpt lat="33.326778" lon="-116.634704"><ele>1238.6</ele><time>2024-04-29T20:52:13Z</time></trkpt>
<trkpt lat="33.326929" lon="-116.634827"><ele>1242.2</ele><time>2024-04-29T20:52:40Z</time></trkpt>
<trkpt lat="33.326848" lon="-116.635022"><ele>1243.2</ele><time>2024-04-29T20:52:53Z</time></trkpt>
<trkpt lat="33.326848" lon="-116.635373"><ele>1242.0</ele><time>2024-04-29T20:53:15Z</time></trkpt>
<trkpt lat="33.326659" lon="-116.635658"><ele>1238.8</ele><time>2024-04-29T20:53:41Z</time></trkpt>
<trkpt lat="33.326918" lon="-116.635998"><ele>1238.8</ele><time>2024-04-29T20:54:27Z</time></trkpt>
<trkpt lat="33.327107" lon="-116.635923"><ele>1237.4</ele><time>2024-04-29T20:54:42Z</time></trkpt>
<trkpt lat="33.327045" lon="-116.636162"><ele>1236.6</ele><time>2024-04-29T20:55:18Z</time></trkpt>
<trkpt lat="33.326936" lon="-116.636237"><ele>1239.6</ele><time>2024-04-29T20:55:48Z</time></trkpt>
<trkpt lat="33.327102" lon="-116.637462"><ele>1235.4</ele><time>2024-04-29T20:57:45Z</time></trkpt>
<trkpt lat="33.327198" lon="-116.637711"><ele>1233.6</ele><time>2024-04-29T20:58:07Z</time></trkpt>
<trkpt lat="33.327415" lon="-116.637975"><ele>1232.2</ele><time>2024-04-29T20:58:34Z</time></trkpt>
<trkpt lat="33.327366" lon="-116.637949"><ele>1232.4</ele><time>2024-04-29T20:58:38Z</time></trkpt>
<trkpt lat="33.327985" lon="-116.638457"><ele>1232.8</ele><time>2024-04-29T20:59:33Z</time></trkpt>
<trkpt lat="33.328193" lon="-116.638526"><ele>1232.2</ele><time>2024-04-29T20:59:57Z</time></trkpt>
<trkpt lat="33.328633" lon="-116.638850"><ele>1231.2</ele><time>2024-04-29T21:00:43Z</time></trkpt>
<trkpt lat="33.328689" lon="-116.638824"><ele>1232.2</ele><time>2024-04-29T21:00:49Z</time></trkpt>
<trkpt lat="33.328860" lon="-116.638958"><ele>1234.0</ele><time>2024-04-29T21:01:12Z</time></trkpt>
<trkpt lat="33.329222" lon="-116.639012"><ele>1236.0</ele><time>2024-04-29T21:01:46Z</time></trkpt>
<trkpt lat="33.329346" lon="-116.639146"><ele>1236.6</ele><time>2024-04-29T21:01:59Z</time></trkpt>
<trkpt lat="33.329793" lon="-116.639202"><ele>1237.8</ele><time>2024-04-29T21:02:29Z</time></trkpt>
<trkpt lat="33.329898" lon="-116.639082"><ele>1238.2</ele><time>2024-04-29T21:02:41Z</time></trkpt>
<trkpt lat="33.330197" lon="-116.639059"><ele>1243.4</ele><time>2024-04-29T21:03:31Z</time></trkpt>
<trkpt lat="33.330571" lon="-116.638886"><ele>1244.6</ele><time>2024-04-29T21:03:59Z</time></trkpt>
<trkpt lat="33.330991" lon="-116.638825"><ele>1243.0</ele><time>2024-04-29T21:04:27Z</time></trkpt>
<trkpt lat="33.331122" lon="-116.638842"><ele>1242.2</ele><time>2024-04-29T21:04:37Z</time></trkpt>
<trkpt lat="33.331159" lon="-116.639021"><ele>1245.0</ele><time>2024-04-29T21:05:03Z</time></trkpt>
<trkpt lat="33.331396" lon="-116.639262"><ele>1249.4</ele><time>2024-04-29T21:05:54Z</time></trkpt>
<trkpt lat="33.332081" lon="-116.639160"><ele>1257.4</ele><time>2024-04-29T21:07:21Z</time></trkpt>
<trkpt lat="33.332407" lon="-116.639190"><ele>1259.0</ele><time>2024-04-29T21:07:42Z</time></trkpt>
<trkpt lat="33.332377" lon="-116.639104"><ele>1259.4</ele><time>2024-04-29T21:07:46Z</time></trkpt>
<trkpt lat="33.332397" lon="-116.639203"><ele>1259.4</ele><time>2024-04-29T21:07:51Z</time></trkpt>
<trkpt lat="33.332706" lon="-116.638530"><ele>1265.8</ele><time>2024-04-29T21:09:48Z</time></trkpt>
<trkpt lat="33.332715" lon="-116.638618"><ele>1266.0</ele><time>2024-04-29T21:09:52Z</time></trkpt>
<trkpt lat="33.332848" lon="-116.638705"><ele>1269.6</ele><time>2024-04-29T21:13:42Z</time></trkpt>
<trkpt lat="33.332827" lon="-116.638550"><ele>1270.2</ele><time>2024-04-29T21:14:02Z</time></trkpt>
<trkpt lat="33.332871" lon="-116.638526"><ele>1271.2</ele><time>2024-04-29T21:14:07Z</time></trkpt>
<trkpt lat="33.333259" lon="-116.638407"><ele>1275.6</ele><time>2024-04-29T21:14:43Z</time></trkpt>
<trkpt lat="33.333470" lon="-116.638493"><ele>1276.8</ele><time>2024-04-29T21:15:00Z</time></trkpt>
<trkpt lat="33.333570" lon="-116.638425"><ele>1278.0</ele><time>2024-04-29T21:15:07Z</time></trkpt>
<trkpt lat="33.333743" lon="-116.637855"><ele>1277.8</ele><time>2024-04-29T21:16:13Z</time></trkpt>
<trkpt lat="33.334390" lon="-116.637692"><ele>1280.2</ele><time>2024-04-29T21:16:59Z</time></trkpt>
<trkpt lat="33.334706" lon="-116.637104"><ele>1283.2</ele><time>2024-04-29T21:17:49Z</time></trkpt>
<trkpt lat="33.334821" lon="-116.636343"><ele>1289.0</ele><time>2024-04-29T21:18:45Z</time></trkpt>
<trkpt lat="33.334885" lon="-116.636238"><ele>1289.4</ele><time>2024-04-29T21:18:56Z</time></trkpt>
<trkpt lat="33.335069" lon="-116.636209"><ele>1289.6</ele><time>2024-04-29T21:19:13Z</time></trkpt>
<trkpt lat="33.335546" lon="-116.636554"><ele>1294.6</ele><time>2024-04-29T21:20:11Z</time></trkpt>
<trkpt lat="33.335739" lon="-116.636205"><ele>1297.6</ele><time>2024-04-29T21:20:43Z</time></trkpt>
<trkpt lat="33.336447" lon="-116.636069"><ele>1302.6</ele><time>2024-04-29T21:21:40Z</time></trkpt>
<trkpt lat="33.336505" lon="-116.636137"><ele>1303.4</ele><time>2024-04-29T21:21:47Z</time></trkpt>
<trkpt lat="33.336593" lon="-116.636583"><ele>1306.4</ele><time>2024-04-29T21:22:33Z</time></trkpt>
<trkpt lat="33.336932" lon="-116.636892"><ele>1309.6</ele><time>2024-04-29T21:23:43Z</time></trkpt>
<trkpt lat="33.336778" lon="-116.636892"><ele>1310.8</ele><time>2024-04-29T21:23:50Z</time></trkpt>
<trkpt lat="33.336834" lon="-116.637355"><ele>1315.2</ele><time>2024-04-29T21:24:23Z</time></trkpt>
<trkpt lat="33.336663" lon="-116.637704"><ele>1319.6</ele><time>2024-04-29T21:24:59Z</time></trkpt>
<trkpt lat="33.336684" lon="-116.637794"><ele>1320.6</ele><time>2024-04-29T21:25:25Z</time></trkpt>
<trkpt lat="33.336994" lon="-116.637810"><ele>1323.0</ele><time>2024-04-29T21:25:57Z</time></trkpt>
<trkpt lat="33.337177" lon="-116.637994"><ele>1323.4</ele><time>2024-04-29T21:26:03Z</time></trkpt>
<trkpt lat="33.337174" lon="-116.637931"><ele>1323.6</ele><time>2024-04-29T21:26:09Z</time></trkpt>
<trkpt lat="33.337287" lon="-116.637937"><ele>1324.4</ele><time>2024-04-29T21:26:18Z</time></trkpt>
<trkpt lat="33.337329" lon="-116.637869"><ele>1324.8</ele><time>2024-04-29T21:26:24Z</time></trkpt>
<trkpt lat="33.337464" lon="-116.637283"><ele>1328.4</ele><time>2024-04-29T21:27:03Z</time></trkpt>
<trkpt lat="33.337930" lon="-116.637166"><ele>1333.8</ele><time>2024-04-29T21:27:57Z</time></trkpt>
<trkpt lat="33.338465" lon="-116.637166"><ele>1336.2</ele><time>2024-04-29T21:28:51Z</time></trkpt>
<trkpt lat="33.338565" lon="-116.637219"><ele>1336.8</ele><time>2024-04-29T21:29:00Z</time></trkpt>
<trkpt lat="33.339191" lon="-116.637114"><ele>1342.0</ele><time>2024-04-29T21:30:09Z</time></trkpt>
<trkpt lat="33.339724" lon="-116.636783"><ele>1343.4</ele><time>2024-04-29T21:30:43Z</time></trkpt>
<trkpt lat="33.339607" lon="-116.636655"><ele>1343.8</ele><time>2024-04-29T21:30:47Z</time></trkpt>
<trkpt lat="33.339789" lon="-116.636842"><ele>1344.2</ele><time>2024-04-29T21:30:52Z</time></trkpt>
<trkpt lat="33.340116" lon="-116.636908"><ele>1345.4</ele><time>2024-04-29T21:31:17Z</time></trkpt>
<trkpt lat="33.340220" lon="-116.637107"><ele>1346.2</ele><time>2024-04-29T21:31:35Z</time></trkpt>
<trkpt lat="33.340514" lon="-116.637346"><ele>1347.2</ele><time>2024-04-29T21:32:05Z</time></trkpt>
<trkpt lat="33.340892" lon="-116.637527"><ele>1349.2</ele><time>2024-04-29T21:32:42Z</time></trkpt>
<trkpt lat="33.340828" lon="-116.637436"><ele>1347.8</ele><time>2024-04-29T21:33:12Z</time></trkpt>
<trkpt lat="33.340864" lon="-116.637467"><ele>1348.6</ele><time>2024-04-29T21:33:46Z</time></trkpt>
<trkpt lat="33.340874" lon="-116.637342"><ele>1347.6</ele><time>2024-04-29T21:34:02Z</time></trkpt>
<trkpt lat="33.341086" lon="-116.637491"><ele>1349.2</ele><time>2024-04-29T21:35:50Z</time></trkpt>
<trkpt lat="33.340891" lon="-116.637344"><ele>1351.2</ele><time>2024-04-29T21:37:51Z</time></trkpt>
<trkpt lat="33.341295" lon="-116.637483"><ele>1353.0</ele><time>2024-04-29T21:39:42Z</time></trkpt>
<trkpt lat="33.341358" lon="-116.637698"><ele>1353.4</ele><time>2024-04-29T21:40:00Z</time></trkpt>
<trkpt lat="33.341528" lon="-116.637779"><ele>1354.0</ele><time>2024-04-29T21:40:15Z</time></trkpt>
<trkpt lat="33.341869" lon="-116.638267"><ele>1356.2</ele><time>2024-04-29T21:40:59Z</time></trkpt>
<trkpt lat="33.342428" lon="-116.638588"><ele>1359.2</ele><time>2024-04-29T21:42:03Z</time></trkpt>
<trkpt lat="33.343029" lon="-116.638636"><ele>1361.0</ele><time>2024-04-29T21:43:02Z</time></trkpt>
<trkpt lat="33.343054" lon="-116.638842"><ele>1360.4</ele><time>2024-04-29T21:43:11Z</time></trkpt>
<trkpt lat="33.343234" lon="-116.638570"><ele>1358.4</ele><time>2024-04-29T21:43:46Z</time></trkpt>
<trkpt lat="33.343497" lon="-116.638547"><ele>1356.0</ele><time>2024-04-29T21:44:02Z</time></trkpt>
<trkpt lat="33.344161" lon="-116.638023"><ele>1347.2</ele><time>2024-04-29T21:45:43Z</time></trkpt>
<trkpt lat="33.344047" lon="-116.637561"><ele>1343.8</ele><time>2024-04-29T21:46:12Z</time></trkpt>
<trkpt lat="33.344300" lon="-116.637220"><ele>1340.4</ele><time>2024-04-29T21:46:39Z</time></trkpt>
<trkpt lat="33.344252" lon="-116.637139"><ele>1339.4</ele><time>2024-04-29T21:46:45Z</time></trkpt>
<trkpt lat="33.344459" lon="-116.636867"><ele>1332.6</ele><time>2024-04-29T21:47:41Z</time></trkpt>
<trkpt lat="33.344553" lon="-116.636845"><ele>1330.8</ele><time>2024-04-29T21:48:01Z</time></trkpt>
<trkpt lat="33.344552" lon="-116.636960"><ele>1333.0</ele><time>2024-04-29T21:48:48Z</time></trkpt>
<trkpt lat="33.344620" lon="-116.637005"><ele>1333.0</ele><time>2024-04-29T21:48:55Z</time></trkpt>
<trkpt lat="33.344542" lon="-116.636884"><ele>1331.8</ele><time>2024-04-29T21:49:17Z</time></trkpt>
<trkpt lat="33.344604" lon="-116.636877"><ele>1332.4</ele><time>2024-04-29T21:50:46Z</time></trkpt>
<trkpt lat="33.344608" lon="-116.636953"><ele>1333.2</ele><time>2024-04-29T21:50:59Z</time></trkpt>
<trkpt lat="33.344535" lon="-116.636748"><ele>1332.4</ele><time>2024-04-29T21:51:57Z</time></trkpt>
<trkpt lat="33.344286" lon="-116.636941"><ele>1335.6</ele><time>2024-04-29T21:52:33Z</time></trkpt>
<trkpt lat="33.344374" lon="-116.637036"><ele>1334.2</ele><time>2024-04-29T21:54:55Z</time></trkpt>
<trkpt lat="33.344246" lon="-116.637075"><ele>1335.8</ele><time>2024-04-29T21:57:02Z</time></trkpt>
<trkpt lat="33.344174" lon="-116.637415"><ele>1341.2</ele><time>2024-04-29T21:57:43Z</time></trkpt>
<trkpt lat="33.344285" lon="-116.638262"><ele>1345.8</ele><time>2024-04-29T21:58:45Z</time></trkpt>
<trkpt lat="33.344119" lon="-116.638533"><ele>1348.0</ele><time>2024-04-29T21:59:04Z</time></trkpt>
<trkpt lat="33.344015" lon="-116.638506"><ele>1347.8</ele><time>2024-04-29T21:59:10Z</time></trkpt>
<trkpt lat="33.343773" lon="-116.638623"><ele>1351.4</ele><time>2024-04-29T21:59:40Z</time></trkpt>
<trkpt lat="33.343472" lon="-116.638596"><ele>1355.8</ele><time>2024-04-29T22:00:13Z</time></trkpt>
<trkpt lat="33.343381" lon="-116.638806"><ele>1358.8</ele><time>2024-04-29T22:00:39Z</time></trkpt>
<trkpt lat="33.343212" lon="-116.638443"><ele>1363.4</ele><time>2024-04-29T22:01:43Z</time></trkpt>
<trkpt lat="33.343372" lon="-116.638369"><ele>1363.6</ele><time>2024-04-29T22:01:56Z</time></trkpt>
<trkpt lat="33.343646" lon="-116.638004"><ele>1365.0</ele><time>2024-04-29T22:02:25Z</time></trkpt>
<trkpt lat="33.343508" lon="-116.637485"><ele>1368.2</ele><time>2024-04-29T22:03:11Z</time></trkpt>
<trkpt lat="33.343503" lon="-116.637213"><ele>1370.2</ele><time>2024-04-29T22:03:37Z</time></trkpt>
<trkpt lat="33.343582" lon="-116.636908"><ele>1371.2</ele><time>2024-04-29T22:03:49Z</time></trkpt>
<trkpt lat="33.343686" lon="-116.637076"><ele>1371.6</ele><time>2024-04-29T22:03:54Z</time></trkpt>
<trkpt lat="33.343777" lon="-116.636466"><ele>1374.4</ele><time>2024-04-29T22:04:43Z</time></trkpt>
<trkpt lat="33.344146" lon="-116.636128"><ele>1380.8</ele><time>2024-04-29T22:05:37Z</time></trkpt>
<trkpt lat="33.344463" lon="-116.635971"><ele>1382.8</ele><time>2024-04-29T22:06:06Z</time></trkpt>
<trkpt lat="33.344482" lon="-116.635888"><ele>1382.8</ele><time>2024-04-29T22:06:09Z</time></trkpt>
<trkpt lat="33.344792" lon="-116.635688"><ele>1385.8</ele><time>2024-04-29T22:06:39Z</time></trkpt>
<trkpt lat="33.344698" lon="-116.635609"><ele>1386.2</ele><time>2024-04-29T22:06:42Z</time></trkpt>
<trkpt lat="33.344676" lon="-116.635433"><ele>1386.8</ele><time>2024-04-29T22:06:52Z</time></trkpt>
<trkpt lat="33.344362" lon="-116.634858"><ele>1390.4</ele><time>2024-04-29T22:08:41Z</time></trkpt>
<trkpt lat="33.344331" lon="-116.634891"><ele>1390.4</ele><time>2024-04-29T22:08:48Z</time></trkpt>
<trkpt lat="33.344598" lon="-116.635382"><ele>1391.6</ele><time>2024-04-29T22:09:00Z</time></trkpt>
<trkpt lat="33.344394" lon="-116.635669"><ele>1392.4</ele><time>2024-04-29T22:09:17Z</time></trkpt>
<trkpt lat="33.344138" lon="-116.635699"><ele>1394.8</ele><time>2024-04-29T22:09:51Z</time></trkpt>
<trkpt lat="33.343485" lon="-116.635571"><ele>1404.2</ele><time>2024-04-29T22:10:52Z</time></trkpt>
<trkpt lat="33.343196" lon="-116.636003"><ele>1408.2</ele><time>2024-04-29T22:11:35Z</time></trkpt>
<trkpt lat="33.343194" lon="-116.636224"><ele>1408.6</ele><time>2024-04-29T22:11:53Z</time></trkpt>
<trkpt lat="33.343003" lon="-116.636401"><ele>1412.0</ele><time>2024-04-29T22:12:21Z</time></trkpt>
<trkpt lat="33.342586" lon="-116.636485"><ele>1416.0</ele><time>2024-04-29T22:13:02Z</time></trkpt>
<trkpt lat="33.341925" lon="-116.636372"><ele>1430.2</ele><time>2024-04-29T22:14:57Z</time></trkpt>
<trkpt lat="33.341864" lon="-116.636302"><ele>1431.2</ele><time>2024-04-29T22:15:02Z</time></trkpt>
<trkpt lat="33.342185" lon="-116.636022"><ele>1436.8</ele><time>2024-04-29T22:15:43Z</time></trkpt>
<trkpt lat="33.342338" lon="-116.635800"><ele>1439.0</ele><time>2024-04-29T22:16:07Z</time></trkpt>
<trkpt lat="33.342534" lon="-116.635753"><ele>1446.8</ele><time>2024-04-29T22:17:11Z</time></trkpt>
<trkpt lat="33.342474" lon="-116.635751"><ele>1447.6</ele><time>2024-04-29T22:17:44Z</time></trkpt>
<trkpt lat="33.342775" lon="-116.635514"><ele>1447.6</ele><time>2024-04-29T22:17:59Z</time></trkpt>
<trkpt lat="33.342587" lon="-116.635565"><ele>1448.4</ele><time>2024-04-29T22:18:05Z</time></trkpt>
<trkpt lat="33.342531" lon="-116.635219"><ele>1452.6</ele><time>2024-04-29T22:18:36Z</time></trkpt>
<trkpt lat="33.342433" lon="-116.635145"><ele>1453.8</ele><time>2024-04-29T22:18:43Z</time></trkpt>
<trkpt lat="33.341984" lon="-116.633963"><ele>1463.0</ele><time>2024-04-29T22:20:23Z</time></trkpt>
<trkpt lat="33.341784" lon="-116.633677"><ele>1459.8</ele><time>2024-04-29T22:20:45Z</time></trkpt>
<trkpt lat="33.341963" lon="-116.633554"><ele>1459.8</ele><time>2024-04-29T22:20:46Z</time></trkpt>
<trkpt lat="33.342003" lon="-116.633597"><ele>1459.8</ele><time>2024-04-29T22:20:47Z</time></trkpt>
<trkpt lat="33.342104" lon="-116.633336"><ele>1458.8</ele><time>2024-04-29T22:20:58Z</time></trkpt>
<trkpt lat="33.341997" lon="-116.633099"><ele>1458.2</ele><time>2024-04-29T22:21:17Z</time></trkpt>
<trkpt lat="33.341679" lon="-116.632739"><ele>1459.8</ele><time>2024-04-29T22:21:57Z</time></trkpt>
<trkpt lat="33.341611" lon="-116.632444"><ele>1459.2</ele><time>2024-04-29T22:22:25Z</time></trkpt>
<trkpt lat="33.341683" lon="-116.632491"><ele>1461.2</ele><time>2024-04-29T22:22:41Z</time></trkpt>
<trkpt lat="33.341883" lon="-116.631783"><ele>1468.4</ele><time>2024-04-29T22:24:17Z</time></trkpt>
<trkpt lat="33.342140" lon="-116.631618"><ele>1470.2</ele><time>2024-04-29T22:24:42Z</time></trkpt>
<trkpt lat="33.342092" lon="-116.631452"><ele>1471.6</ele><time>2024-04-29T22:24:51Z</time></trkpt>
<trkpt lat="33.342371" lon="-116.631089"><ele>1475.8</ele><time>2024-04-29T22:25:29Z</time></trkpt>
<trkpt lat="33.342454" lon="-116.630683"><ele>1478.8</ele><time>2024-04-29T22:26:07Z</time></trkpt>
<trkpt lat="33.342772" lon="-116.630453"><ele>1483.8</ele><time>2024-04-29T22:26:42Z</time></trkpt>
<trkpt lat="33.342458" lon="-116.630177"><ele>1482.8</ele><time>2024-04-29T22:27:00Z</time></trkpt>
<trkpt lat="33.342565" lon="-116.630286"><ele>1483.0</ele><time>2024-04-29T22:27:06Z</time></trkpt>
<trkpt lat="33.342573" lon="-116.630192"><ele>1482.6</ele><time>2024-04-29T22:27:11Z</time></trkpt>
<trkpt lat="33.342455" lon="-116.629960"><ele>1483.0</ele><time>2024-04-29T22:27:26Z</time></trkpt>
<trkpt lat="33.342205" lon="-116.629819"><ele>1486.6</ele><time>2024-04-29T22:27:51Z</time></trkpt>
<trkpt lat="33.342113" lon="-116.629568"><ele>1489.8</ele><time>2024-04-29T22:28:11Z</time></trkpt>
<trkpt lat="33.341824" lon="-116.629524"><ele>1493.4</ele><time>2024-04-29T22:28:33Z</time></trkpt>
<trkpt lat="33.341551" lon="-116.628904"><ele>1495.0</ele><time>2024-04-29T22:29:33Z</time></trkpt>
<trkpt lat="33.341311" lon="-116.628639"><ele>1495.4</ele><time>2024-04-29T22:29:46Z</time></trkpt>
<trkpt lat="33.341601" lon="-116.628503"><ele>1495.4</ele><time>2024-04-29T22:29:51Z</time></trkpt>
<trkpt lat="33.341610" lon="-116.628363"><ele>1495.2</ele><time>2024-04-29T22:29:52Z</time></trkpt>
<trkpt lat="33.341829" lon="-116.628178"><ele>1495.2</ele><time>2024-04-29T22:30:01Z</time></trkpt>
<trkpt lat="33.341801" lon="-116.627985"><ele>1495.0</ele><time>2024-04-29T22:30:12Z</time></trkpt>
<trkpt lat="33.341516" lon="-116.627669"><ele>1495.2</ele><time>2024-04-29T22:30:40Z</time></trkpt>
<trkpt lat="33.341581" lon="-116.627641"><ele>1495.4</ele><time>2024-04-29T22:30:43Z</time></trkpt>
<trkpt lat="33.341531" lon="-116.627446"><ele>1495.2</ele><time>2024-04-29T22:30:58Z</time></trkpt>
<trkpt lat="33.341589" lon="-116.627192"><ele>1494.4</ele><time>2024-04-29T22:31:14Z</time></trkpt>
<trkpt lat="33.341861" lon="-116.627463"><ele>1496.0</ele><time>2024-04-29T22:31:47Z</time></trkpt>
<trkpt lat="33.341870" lon="-116.627560"><ele>1496.8</ele><time>2024-04-29T22:31:53Z</time></trkpt>
<trkpt lat="33.341976" lon="-116.627676"><ele>1497.6</ele><time>2024-04-29T22:32:03Z</time></trkpt>
<trkpt lat="33.342226" lon="-116.627860"><ele>1499.6</ele><time>2024-04-29T22:32:23Z</time></trkpt>
<trkpt lat="33.342471" lon="-116.627897"><ele>1501.8</ele><time>2024-04-29T22:32:57Z</time></trkpt>
<trkpt lat="33.342847" lon="-116.628171"><ele>1505.4</ele><time>2024-04-29T22:33:42Z</time></trkpt>
<trkpt lat="33.342834" lon="-116.628241"><ele>1506.0</ele><time>2024-04-29T22:33:45Z</time></trkpt>
<trkpt lat="33.342997" lon="-116.628461"><ele>1507.0</ele><time>2024-04-29T22:34:06Z</time></trkpt>
<trkpt lat="33.343052" lon="-116.628395"><ele>1507.4</ele><time>2024-04-29T22:34:11Z</time></trkpt>
<trkpt lat="33.343393" lon="-116.628429"><ele>1511.2</ele><time>2024-04-29T22:34:48Z</time></trkpt>
<trkpt lat="33.343421" lon="-116.628356"><ele>1511.2</ele><time>2024-04-29T22:34:53Z</time></trkpt>
<trkpt lat="33.343701" lon="-116.628269"><ele>1513.4</ele><time>2024-04-29T22:35:15Z</time></trkpt>
<trkpt lat="33.343870" lon="-116.628058"><ele>1514.2</ele><time>2024-04-29T22:35:37Z</time></trkpt>
<trkpt lat="33.344716" lon="-116.627807"><ele>1522.2</ele><time>2024-04-29T22:37:09Z</time></trkpt>
<trkpt lat="33.344928" lon="-116.628097"><ele>1524.6</ele><time>2024-04-29T22:37:44Z</time></trkpt>
<trkpt lat="33.344998" lon="-116.628388"><ele>1525.2</ele><time>2024-04-29T22:38:00Z</time></trkpt>
<trkpt lat="33.345115" lon="-116.628471"><ele>1525.6</ele><time>2024-04-29T22:38:07Z</time></trkpt>
<trkpt lat="33.345686" lon="-116.628620"><ele>1531.0</ele><time>2024-04-29T22:39:45Z</time></trkpt>
<trkpt lat="33.345844" lon="-116.628596"><ele>1530.8</ele><time>2024-04-29T22:39:56Z</time></trkpt>
<trkpt lat="33.346160" lon="-116.627983"><ele>1534.0</ele><time>2024-04-29T22:41:17Z</time></trkpt>
<trkpt lat="33.346438" lon="-116.627780"><ele>1535.4</ele><time>2024-04-29T22:41:42Z</time></trkpt>
<trkpt lat="33.346403" lon="-116.627830"><ele>1535.8</ele><time>2024-04-29T22:41:44Z</time></trkpt>
<trkpt lat="33.346560" lon="-116.627622"><ele>1539.4</ele><time>2024-04-29T22:42:02Z</time></trkpt>
<trkpt lat="33.346463" lon="-116.627340"><ele>1539.4</ele><time>2024-04-29T22:42:22Z</time></trkpt>
<trkpt lat="33.346295" lon="-116.627117"><ele>1538.8</ele><time>2024-04-29T22:42:40Z</time></trkpt>
<trkpt lat="33.346108" lon="-116.627097"><ele>1537.6</ele><time>2024-04-29T22:43:01Z</time></trkpt>
<trkpt lat="33.345825" lon="-116.626642"><ele>1536.6</ele><time>2024-04-29T22:43:51Z</time></trkpt>
<trkpt lat="33.345791" lon="-116.626406"><ele>1536.2</ele><time>2024-04-29T22:44:11Z</time></trkpt>
<trkpt lat="33.345552" lon="-116.626027"><ele>1536.8</ele><time>2024-04-29T22:44:42Z</time></trkpt>
<trkpt lat="33.345370" lon="-116.626038"><ele>1537.0</ele><time>2024-04-29T22:44:50Z</time></trkpt>
<trkpt lat="33.345244" lon="-116.625924"><ele>1536.8</ele><time>2024-04-29T22:45:00Z</time></trkpt>
<trkpt lat="33.345301" lon="-116.625667"><ele>1537.4</ele><time>2024-04-29T22:45:47Z</time></trkpt>
<trkpt lat="33.345592" lon="-116.625724"><ele>1538.4</ele><time>2024-04-29T22:46:09Z</time></trkpt>
<trkpt lat="33.345859" lon="-116.625652"><ele>1541.8</ele><time>2024-04-29T22:46:41Z</time></trkpt>
<trkpt lat="33.346048" lon="-116.625477"><ele>1542.6</ele><time>2024-04-29T22:47:00Z</time></trkpt>
<trkpt lat="33.346448" lon="-116.624724"><ele>1542.4</ele><time>2024-04-29T22:48:01Z</time></trkpt>
<trkpt lat="33.346118" lon="-116.623801"><ele>1547.4</ele><time>2024-04-29T22:49:44Z</time></trkpt>
<trkpt lat="33.346077" lon="-116.623821"><ele>1547.6</ele><time>2024-04-29T22:49:59Z</time></trkpt>
<trkpt lat="33.346184" lon="-116.623768"><ele>1547.8</ele><time>2024-04-29T22:50:10Z</time></trkpt>
<trkpt lat="33.346140" lon="-116.623740"><ele>1548.2</ele><time>2024-04-29T22:50:41Z</time></trkpt>
<trkpt lat="33.346121" lon="-116.623793"><ele>1548.2</ele><time>2024-04-29T22:50:50Z</time></trkpt>
<trkpt lat="33.345350" lon="-116.623143"><ele>1558.4</ele><time>2024-04-29T22:52:43Z</time></trkpt>
<trkpt lat="33.345485" lon="-116.622801"><ele>1559.6</ele><time>2024-04-29T22:52:59Z</time></trkpt>
<trkpt lat="33.344982" lon="-116.621573"><ele>1564.8</ele><time>2024-04-29T22:54:44Z</time></trkpt>
<trkpt lat="33.345187" lon="-116.621417"><ele>1565.4</ele><time>2024-04-29T22:55:00Z</time></trkpt>
<trkpt lat="33.345103" lon="-116.621406"><ele>1565.4</ele><time>2024-04-29T22:55:01Z</time></trkpt>
<trkpt lat="33.345132" lon="-116.621493"><ele>1565.6</ele><time>2024-04-29T22:55:03Z</time></trkpt>
<trkpt lat="33.345212" lon="-116.621517"><ele>1565.4</ele><time>2024-04-29T22:55:12Z</time></trkpt>
<trkpt lat="33.345302" lon="-116.621232"><ele>1566.6</ele><time>2024-04-29T22:55:36Z</time></trkpt>
<trkpt lat="33.345253" lon="-116.621127"><ele>1568.4</ele><time>2024-04-29T22:55:47Z</time></trkpt>
<trkpt lat="33.345289" lon="-116.620906"><ele>1569.2</ele><time>2024-04-29T22:56:01Z</time></trkpt>
<trkpt lat="33.345529" lon="-116.620875"><ele>1569.8</ele><time>2024-04-29T22:56:21Z</time></trkpt>
<trkpt lat="33.345814" lon="-116.621041"><ele>1571.0</ele><time>2024-04-29T22:56:45Z</time></trkpt>
<trkpt lat="33.345902" lon="-116.621204"><ele>1571.2</ele><time>2024-04-29T22:56:59Z</time></trkpt>
<trkpt lat="33.346374" lon="-116.621400"><ele>1573.6</ele><time>2024-04-29T22:57:43Z</time></trkpt>
<trkpt lat="33.346838" lon="-116.621380"><ele>1577.2</ele><time>2024-04-29T22:58:43Z</time></trkpt>
<trkpt lat="33.346990" lon="-116.620911"><ele>1572.8</ele><time>2024-04-29T22:59:17Z</time></trkpt>
<trkpt lat="33.346962" lon="-116.620756"><ele>1572.6</ele><time>2024-04-29T22:59:27Z</time></trkpt>
<trkpt lat="33.347214" lon="-116.620228"><ele>1569.6</ele><time>2024-04-29T22:59:59Z</time></trkpt>
<trkpt lat="33.347138" lon="-116.618725"><ele>1559.4</ele><time>2024-04-29T23:01:44Z</time></trkpt>
<trkpt lat="33.347336" lon="-116.618433"><ele>1558.6</ele><time>2024-04-29T23:01:59Z</time></trkpt>
<trkpt lat="33.347284" lon="-116.618269"><ele>1556.6</ele><time>2024-04-29T23:02:14Z</time></trkpt>
<trkpt lat="33.347388" lon="-116.617951"><ele>1553.6</ele><time>2024-04-29T23:02:39Z</time></trkpt>
<trkpt lat="33.347504" lon="-116.617804"><ele>1551.8</ele><time>2024-04-29T23:02:52Z</time></trkpt>
<trkpt lat="33.347138" lon="-116.616508"><ele>1541.6</ele><time>2024-04-29T23:04:44Z</time></trkpt>
<trkpt lat="33.347102" lon="-116.616539"><ele>1541.0</ele><time>2024-04-29T23:04:48Z</time></trkpt>
<trkpt lat="33.346925" lon="-116.616390"><ele>1538.8</ele><time>2024-04-29T23:05:01Z</time></trkpt>
<trkpt lat="33.346889" lon="-116.616435"><ele>1538.2</ele><time>2024-04-29T23:05:06Z</time></trkpt>
<trkpt lat="33.346561" lon="-116.616042"><ele>1534.4</ele><time>2024-04-29T23:05:47Z</time></trkpt>
<trkpt lat="33.346647" lon="-116.615221"><ele>1526.6</ele><time>2024-04-29T23:07:01Z</time></trkpt>
<trkpt lat="33.346524" lon="-116.614794"><ele>1522.2</ele><time>2024-04-29T23:07:29Z</time></trkpt>
<trkpt lat="33.346361" lon="-116.614555"><ele>1520.2</ele><time>2024-04-29T23:07:53Z</time></trkpt>
<trkpt lat="33.346585" lon="-116.613388"><ele>1518.2</ele><time>2024-04-29T23:09:29Z</time></trkpt>
<trkpt lat="33.346929" lon="-116.613296"><ele>1521.4</ele><time>2024-04-29T23:10:05Z</time></trkpt>
<trkpt lat="33.346965" lon="-116.613232"><ele>1521.8</ele><time>2024-04-29T23:10:10Z</time></trkpt>
<trkpt lat="33.346585" lon="-116.613039"><ele>1526.4</ele><time>2024-04-29T23:10:54Z</time></trkpt>
<trkpt lat="33.346208" lon="-116.612210"><ele>1534.4</ele><time>2024-04-29T23:12:23Z</time></trkpt>
<trkpt lat="33.346189" lon="-116.611762"><ele>1539.2</ele><time>2024-04-29T23:13:08Z</time></trkpt>
<trkpt lat="33.346324" lon="-116.611406"><ele>1541.8</ele><time>2024-04-29T23:13:39Z</time></trkpt>
<trkpt lat="33.346294" lon="-116.611012"><ele>1545.4</ele><time>2024-04-29T23:14:13Z</time></trkpt>
<trkpt lat="33.346188" lon="-116.610616"><ele>1549.8</ele><time>2024-04-29T23:14:59Z</time></trkpt>
<trkpt lat="33.346287" lon="-116.610031"><ele>1555.8</ele><time>2024-04-29T23:15:53Z</time></trkpt>
<trkpt lat="33.346186" lon="-116.609547"><ele>1558.2</ele><time>2024-04-29T23:16:31Z</time></trkpt>
<trkpt lat="33.346154" lon="-116.608790"><ele>1564.2</ele><time>2024-04-29T23:17:44Z</time></trkpt>
<trkpt lat="33.346227" lon="-116.608688"><ele>1564.6</ele><time>2024-04-29T23:17:50Z</time></trkpt>
<trkpt lat="33.346226" lon="-116.608540"><ele>1565.0</ele><time>2024-04-29T23:18:01Z</time></trkpt>
<trkpt lat="33.346740" lon="-116.608247"><ele>1567.2</ele><time>2024-04-29T23:19:07Z</time></trkpt>
<trkpt lat="33.346985" lon="-116.608255"><ele>1571.4</ele><time>2024-04-29T23:19:43Z</time></trkpt>
<trkpt lat="33.347027" lon="-116.608393"><ele>1572.6</ele><time>2024-04-29T23:19:58Z</time></trkpt>
<trkpt lat="33.347357" lon="-116.608686"><ele>1577.2</ele><time>2024-04-29T23:20:55Z</time></trkpt>
<trkpt lat="33.347763" lon="-116.608452"><ele>1574.2</ele><time>2024-04-29T23:21:31Z</time></trkpt>
<trkpt lat="33.348112" lon="-116.608462"><ele>1574.0</ele><time>2024-04-29T23:22:02Z</time></trkpt>
<trkpt lat="33.348284" lon="-116.608378"><ele>1573.0</ele><time>2024-04-29T23:22:15Z</time></trkpt>
<trkpt lat="33.348469" lon="-116.608470"><ele>1571.0</ele><time>2024-04-29T23:22:41Z</time></trkpt>
<trkpt lat="33.348626" lon="-116.608396"><ele>1569.8</ele><time>2024-04-29T23:23:05Z</time></trkpt>
<trkpt lat="33.348713" lon="-116.608423"><ele>1569.2</ele><time>2024-04-29T23:23:17Z</time></trkpt>
<trkpt lat="33.348720" lon="-116.608158"><ele>1564.8</ele><time>2024-04-29T23:23:43Z</time></trkpt>
<trkpt lat="33.348564" lon="-116.608130"><ele>1563.0</ele><time>2024-04-29T23:23:57Z</time></trkpt>
<trkpt lat="33.348609" lon="-116.608055"><ele>1561.6</ele><time>2024-04-29T23:24:07Z</time></trkpt>
<trkpt lat="33.349022" lon="-116.608273"><ele>1558.4</ele><time>2024-04-29T23:25:05Z</time></trkpt>
<trkpt lat="33.349453" lon="-116.608303"><ele>1555.4</ele><time>2024-04-29T23:26:01Z</time></trkpt>
<trkpt lat="33.349670" lon="-116.608391"><ele>1556.2</ele><time>2024-04-29T23:26:41Z</time></trkpt>
<trkpt lat="33.349986" lon="-116.608258"><ele>1552.4</ele><time>2024-04-29T23:27:17Z</time></trkpt>
<trkpt lat="33.350310" lon="-116.608452"><ele>1549.8</ele><time>2024-04-29T23:27:47Z</time></trkpt>
<trkpt lat="33.350416" lon="-116.608690"><ele>1547.4</ele><time>2024-04-29T23:28:02Z</time></trkpt>
<trkpt lat="33.350946" lon="-116.609047"><ele>1542.0</ele><time>2024-04-29T23:29:07Z</time></trkpt>
<trkpt lat="33.351372" lon="-116.609453"><ele>1538.6</ele><time>2024-04-29T23:29:45Z</time></trkpt>
<trkpt lat="33.351461" lon="-116.609465"><ele>1537.8</ele><time>2024-04-29T23:29:53Z</time></trkpt>
<trkpt lat="33.351586" lon="-116.609773"><ele>1539.0</ele><time>2024-04-29T23:31:45Z</time></trkpt>
<trkpt lat="33.351537" lon="-116.609716"><ele>1539.0</ele><time>2024-04-29T23:31:59Z</time></trkpt>
<trkpt lat="33.351503" lon="-116.609769"><ele>1539.0</ele><time>2024-04-29T23:33:46Z</time></trkpt>
<trkpt lat="33.351463" lon="-116.609673"><ele>1539.0</ele><time>2024-04-29T23:33:55Z</time></trkpt>
<trkpt lat="33.351543" lon="-116.609673"><ele>1539.8</ele><time>2024-04-29T23:35:49Z</time></trkpt>
<trkpt lat="33.351500" lon="-116.609725"><ele>1540.6</ele><time>2024-04-29T23:38:00Z</time></trkpt>
<trkpt lat="33.351473" lon="-116.609696"><ele>1540.2</ele><time>2024-04-29T23:38:07Z</time></trkpt>
<trkpt lat="33.351557" lon="-116.609672"><ele>1540.6</ele><time>2024-04-29T23:38:40Z</time></trkpt>
<trkpt lat="33.351568" lon="-116.609729"><ele>1541.0</ele><time>2024-04-29T23:39:46Z</time></trkpt>
<trkpt lat="33.351496" lon="-116.609702"><ele>1540.8</ele><time>2024-04-29T23:40:38Z</time></trkpt>
<trkpt lat="33.351547" lon="-116.609597"><ele>1538.4</ele><time>2024-04-29T23:40:58Z</time></trkpt>
<trkpt lat="33.352151" lon="-116.610270"><ele>1530.2</ele><time>2024-04-29T23:42:43Z</time></trkpt>
<trkpt lat="33.352116" lon="-116.610221"><ele>1530.2</ele><time>2024-04-29T23:42:57Z</time></trkpt>
<trkpt lat="33.352256" lon="-116.610223"><ele>1530.2</ele><time>2024-04-29T23:44:43Z</time></trkpt>
<trkpt lat="33.352266" lon="-116.610064"><ele>1530.4</ele><time>2024-04-29T23:45:01Z</time></trkpt>
<trkpt lat="33.352275" lon="-116.610185"><ele>1530.4</ele><time>2024-04-29T23:45:07Z</time></trkpt>
<trkpt lat="33.352362" lon="-116.609993"><ele>1532.2</ele><time>2024-04-29T23:45:39Z</time></trkpt>
<trkpt lat="33.352404" lon="-116.610085"><ele>1532.6</ele><time>2024-04-29T23:45:49Z</time></trkpt>
<trkpt lat="33.352563" lon="-116.609907"><ele>1529.8</ele><time>2024-04-29T23:46:39Z</time></trkpt>
<trkpt lat="33.353150" lon="-116.609414"><ele>1534.0</ele><time>2024-04-29T23:48:03Z</time></trkpt>
<trkpt lat="33.353069" lon="-116.609342"><ele>1535.2</ele><time>2024-04-29T23:48:13Z</time></trkpt>
<trkpt lat="33.353260" lon="-116.609046"><ele>1534.8</ele><time>2024-04-29T23:48:53Z</time></trkpt>
<trkpt lat="33.353387" lon="-116.608503"><ele>1535.2</ele><time>2024-04-29T23:49:53Z</time></trkpt>
<trkpt lat="33.353666" lon="-116.607998"><ele>1530.0</ele><time>2024-04-29T23:50:49Z</time></trkpt>
<trkpt lat="33.354629" lon="-116.607629"><ele>1527.4</ele><time>2024-04-29T23:52:51Z</time></trkpt>
<trkpt lat="33.355352" lon="-116.607768"><ele>1523.4</ele><time>2024-04-29T23:54:03Z</time></trkpt>
<trkpt lat="33.355786" lon="-116.608045"><ele>1522.8</ele><time>2024-04-29T23:54:53Z</time></trkpt>
<trkpt lat="33.355812" lon="-116.607966"><ele>1523.4</ele><time>2024-04-29T23:54:59Z</time></trkpt>
<trkpt lat="33.355973" lon="-116.607902"><ele>1523.0</ele><time>2024-04-29T23:55:11Z</time></trkpt>
<trkpt lat="33.356325" lon="-116.607967"><ele>1522.8</ele><time>2024-04-29T23:55:35Z</time></trkpt>
<trkpt lat="33.357151" lon="-116.608249"><ele>1523.4</ele><time>2024-04-29T23:57:00Z</time></trkpt>
<trkpt lat="33.357322" lon="-116.608397"><ele>1523.2</ele><time>2024-04-29T23:57:29Z</time></trkpt>
<trkpt lat="33.357849" lon="-116.608558"><ele>1526.6</ele><time>2024-04-29T23:58:29Z</time></trkpt>
<trkpt lat="33.357762" lon="-116.608364"><ele>1526.6</ele><time>2024-04-29T23:59:01Z</time></trkpt>
<trkpt lat="33.357750" lon="-116.608478"><ele>1526.2</ele><time>2024-04-29T23:59:11Z</time></trkpt>
<trkpt lat="33.357973" lon="-116.608481"><ele>1526.0</ele><time>2024-04-29T23:59:42Z</time></trkpt>
<trkpt lat="33.358074" lon="-116.608745"><ele>1526.0</ele><time>2024-04-30T00:00:02Z</time></trkpt>
<trkpt lat="33.358380" lon="-116.608724"><ele>1528.0</ele><time>2024-04-30T00:00:25Z</time></trkpt>
<trkpt lat="33.358646" lon="-116.608683"><ele>1527.8</ele><time>2024-04-30T00:01:17Z</time></trkpt>
<trkpt lat="33.358883" lon="-116.608515"><ele>1529.2</ele><time>2024-04-30T00:01:47Z</time></trkpt>
<trkpt lat="33.358873" lon="-116.608347"><ele>1529.6</ele><time>2024-04-30T00:02:02Z</time></trkpt>
<trkpt lat="33.359046" lon="-116.607954"><ele>1532.6</ele><time>2024-04-30T00:02:47Z</time></trkpt>
<trkpt lat="33.359182" lon="-116.607062"><ele>1534.6</ele><time>2024-04-30T00:04:00Z</time></trkpt>
<trkpt lat="33.359491" lon="-116.606805"><ele>1534.6</ele><time>2024-04-30T00:04:39Z</time></trkpt>
<trkpt lat="33.359943" lon="-116.606618"><ele>1536.4</ele><time>2024-04-30T00:05:42Z</time></trkpt>
<trkpt lat="33.360099" lon="-116.606658"><ele>1538.4</ele><time>2024-04-30T00:06:04Z</time></trkpt>
<trkpt lat="33.360059" lon="-116.606498"><ele>1539.0</ele><time>2024-04-30T00:06:10Z</time></trkpt>
<trkpt lat="33.360166" lon="-116.606417"><ele>1540.0</ele><time>2024-04-30T00:06:18Z</time></trkpt>
<trkpt lat="33.360345" lon="-116.606431"><ele>1541.8</ele><time>2024-04-30T00:06:41Z</time></trkpt>
<trkpt lat="33.360611" lon="-116.606185"><ele>1545.2</ele><time>2024-04-30T00:07:17Z</time></trkpt>
<trkpt lat="33.360557" lon="-116.606225"><ele>1544.6</ele><time>2024-04-30T00:08:46Z</time></trkpt>
<trkpt lat="33.360598" lon="-116.606290"><ele>1544.4</ele><time>2024-04-30T00:08:55Z</time></trkpt>
<trkpt lat="33.360584" lon="-116.606217"><ele>1545.4</ele><time>2024-04-30T00:10:27Z</time></trkpt>
<trkpt lat="33.360617" lon="-116.606261"><ele>1545.2</ele><time>2024-04-30T00:10:50Z</time></trkpt>
<trkpt lat="33.361008" lon="-116.606027"><ele>1551.8</ele><time>2024-04-30T00:12:05Z</time></trkpt>
<trkpt lat="33.361562" lon="-116.606106"><ele>1556.2</ele><time>2024-04-30T00:12:42Z</time></trkpt>
<trkpt lat="33.361765" lon="-116.605928"><ele>1557.8</ele><time>2024-04-30T00:13:08Z</time></trkpt>
<trkpt lat="33.362154" lon="-116.606307"><ele>1560.4</ele><time>2024-04-30T00:13:52Z</time></trkpt>
<trkpt lat="33.362458" lon="-116.606765"><ele>1564.0</ele><time>2024-04-30T00:14:41Z</time></trkpt>
<trkpt lat="33.362724" lon="-116.607030"><ele>1567.6</ele><time>2024-04-30T00:15:43Z</time></trkpt>
<trkpt lat="33.362937" lon="-116.607019"><ele>1567.6</ele><time>2024-04-30T00:15:48Z</time></trkpt>
<trkpt lat="33.362906" lon="-116.606994"><ele>1567.8</ele><time>2024-04-30T00:15:52Z</time></trkpt>
<trkpt lat="33.363248" lon="-116.606730"><ele>1570.6</ele><time>2024-04-30T00:16:23Z</time></trkpt>
<trkpt lat="33.363551" lon="-116.606675"><ele>1577.2</ele><time>2024-04-30T00:17:42Z</time></trkpt>
<trkpt lat="33.363897" lon="-116.606905"><ele>1578.6</ele><time>2024-04-30T00:18:05Z</time></trkpt>
<trkpt lat="33.363802" lon="-116.606617"><ele>1579.0</ele><time>2024-04-30T00:18:08Z</time></trkpt>
<trkpt lat="33.364143" lon="-116.606106"><ele>1580.6</ele><time>2024-04-30T00:18:56Z</time></trkpt>
<trkpt lat="33.364252" lon="-116.605410"><ele>1582.2</ele><time>2024-04-30T00:20:35Z</time></trkpt>
<trkpt lat="33.364241" lon="-116.605187"><ele>1580.8</ele><time>2024-04-30T00:20:45Z</time></trkpt>
<trkpt lat="33.364315" lon="-116.605234"><ele>1580.0</ele><time>2024-04-30T00:20:50Z</time></trkpt>
<trkpt lat="33.364508" lon="-116.604581"><ele>1574.6</ele><time>2024-04-30T00:22:01Z</time></trkpt>
<trkpt lat="33.364533" lon="-116.604285"><ele>1575.8</ele><time>2024-04-30T00:22:45Z</time></trkpt>
<trkpt lat="33.364649" lon="-116.604213"><ele>1573.6</ele><time>2024-04-30T00:22:59Z</time></trkpt>
<trkpt lat="33.364714" lon="-116.604061"><ele>1573.0</ele><time>2024-04-30T00:23:04Z</time></trkpt>
<trkpt lat="33.365057" lon="-116.603936"><ele>1569.2</ele><time>2024-04-30T00:23:39Z</time></trkpt>
<trkpt lat="33.364963" lon="-116.603717"><ele>1568.6</ele><time>2024-04-30T00:23:50Z</time></trkpt>
<trkpt lat="33.365276" lon="-116.603461"><ele>1564.6</ele><time>2024-04-30T00:24:33Z</time></trkpt>
<trkpt lat="33.365812" lon="-116.602682"><ele>1564.6</ele><time>2024-04-30T00:26:02Z</time></trkpt>
<trkpt lat="33.365804" lon="-116.602540"><ele>1565.0</ele><time>2024-04-30T00:26:09Z</time></trkpt>
<trkpt lat="33.365978" lon="-116.602488"><ele>1565.8</ele><time>2024-04-30T00:26:39Z</time></trkpt>
<trkpt lat="33.365917" lon="-116.601872"><ele>1567.0</ele><time>2024-04-30T00:27:21Z</time></trkpt>
<trkpt lat="33.366015" lon="-116.601527"><ele>1566.6</ele><time>2024-04-30T00:28:07Z</time></trkpt>
<trkpt lat="33.366593" lon="-116.601508"><ele>1566.8</ele><time>2024-04-30T00:28:59Z</time></trkpt>
<trkpt lat="33.366719" lon="-116.601411"><ele>1566.6</ele><time>2024-04-30T00:29:13Z</time></trkpt>
<trkpt lat="33.366928" lon="-116.601578"><ele>1566.2</ele><time>2024-04-30T00:29:39Z</time></trkpt>
<trkpt lat="33.367654" lon="-116.601953"><ele>1570.8</ele><time>2024-04-30T00:32:49Z</time></trkpt>
<trkpt lat="33.367891" lon="-116.602257"><ele>1572.4</ele><time>2024-04-30T00:33:19Z</time></trkpt>
<trkpt lat="33.368063" lon="-116.602376"><ele>1573.0</ele><time>2024-04-30T00:33:31Z</time></trkpt>
<trkpt lat="33.368133" lon="-116.602551"><ele>1574.4</ele><time>2024-04-30T00:33:42Z</time></trkpt>
<trkpt lat="33.368327" lon="-116.602623"><ele>1575.6</ele><time>2024-04-30T00:34:02Z</time></trkpt>
<trkpt lat="33.368496" lon="-116.602506"><ele>1576.8</ele><time>2024-04-30T00:34:13Z</time></trkpt>
<trkpt lat="33.368757" lon="-116.601908"><ele>1581.8</ele><time>2024-04-30T00:35:15Z</time></trkpt>
<trkpt lat="33.368685" lon="-116.601536"><ele>1582.6</ele><time>2024-04-30T00:35:57Z</time></trkpt>
<trkpt lat="33.368711" lon="-116.601313"><ele>1582.4</ele><time>2024-04-30T00:36:06Z</time></trkpt>
<trkpt lat="33.368624" lon="-116.601015"><ele>1582.8</ele><time>2024-04-30T00:38:43Z</time></trkpt>
<trkpt lat="33.368646" lon="-116.601114"><ele>1582.8</ele><time>2024-04-30T00:38:58Z</time></trkpt>
<trkpt lat="33.369115" lon="-116.600080"><ele>1583.8</ele><time>2024-04-30T00:40:44Z</time></trkpt>
<trkpt lat="33.370051" lon="-116.599889"><ele>1583.6</ele><time>2024-04-30T00:42:01Z</time></trkpt>
<trkpt lat="33.370724" lon="-116.599242"><ele>1586.6</ele><time>2024-04-30T00:43:42Z</time></trkpt>
<trkpt lat="33.370892" lon="-116.599397"><ele>1588.6</ele><time>2024-04-30T00:44:01Z</time></trkpt>
<trkpt lat="33.371070" lon="-116.599700"><ele>1591.0</ele><time>2024-04-30T00:44:41Z</time></trkpt>
<trkpt lat="33.371323" lon="-116.599841"><ele>1591.6</ele><time>2024-04-30T00:45:02Z</time></trkpt>
<trkpt lat="33.371868" lon="-116.599694"><ele>1592.4</ele><time>2024-04-30T00:45:37Z</time></trkpt>
<trkpt lat="33.372029" lon="-116.599439"><ele>1593.6</ele><time>2024-04-30T00:46:07Z</time></trkpt>
<trkpt lat="33.372378" lon="-116.599266"><ele>1593.2</ele><time>2024-04-30T00:46:42Z</time></trkpt>
<trkpt lat="33.372506" lon="-116.599316"><ele>1593.0</ele><time>2024-04-30T00:46:52Z</time></trkpt>
<trkpt lat="33.372686" lon="-116.599238"><ele>1593.0</ele><time>2024-04-30T00:47:15Z</time></trkpt>
<trkpt lat="33.372843" lon="-116.599079"><ele>1593.6</ele><time>2024-04-30T00:47:55Z</time></trkpt>
<trkpt lat="33.373135" lon="-116.598401"><ele>1592.0</ele><time>2024-04-30T00:48:43Z</time></trkpt>
<trkpt lat="33.373191" lon="-116.597998"><ele>1590.0</ele><time>2024-04-30T00:49:10Z</time></trkpt>
<trkpt lat="33.373572" lon="-116.597797"><ele>1591.0</ele><time>2024-04-30T00:49:39Z</time></trkpt>
<trkpt lat="33.373535" lon="-116.597610"><ele>1590.6</ele><time>2024-04-30T00:49:50Z</time></trkpt>
<trkpt lat="33.373605" lon="-116.597680"><ele>1591.2</ele><time>2024-04-30T00:49:57Z</time></trkpt>
<trkpt lat="33.374030" lon="-116.597647"><ele>1592.2</ele><time>2024-04-30T00:50:33Z</time></trkpt>
<trkpt lat="33.374405" lon="-116.597716"><ele>1592.4</ele><time>2024-04-30T00:51:27Z</time></trkpt>
<trkpt lat="33.374886" lon="-116.597602"><ele>1590.0</ele><time>2024-04-30T00:52:01Z</time></trkpt>
<trkpt lat="33.375007" lon="-116.596924"><ele>1586.8</ele><time>2024-04-30T00:52:39Z</time></trkpt>
<trkpt lat="33.374960" lon="-116.596600"><ele>1587.2</ele><time>2024-04-30T00:53:13Z</time></trkpt>
<trkpt lat="33.375539" lon="-116.595983"><ele>1589.8</ele><time>2024-04-30T00:54:43Z</time></trkpt>
<trkpt lat="33.375802" lon="-116.596234"><ele>1590.6</ele><time>2024-04-30T00:55:08Z</time></trkpt>
<trkpt lat="33.376383" lon="-116.596302"><ele>1593.2</ele><time>2024-04-30T00:55:59Z</time></trkpt>
<trkpt lat="33.376611" lon="-116.596449"><ele>1596.2</ele><time>2024-04-30T00:56:43Z</time></trkpt>
<trkpt lat="33.377408" lon="-116.596172"><ele>1590.2</ele><time>2024-04-30T00:57:44Z</time></trkpt>
<trkpt lat="33.377669" lon="-116.595986"><ele>1589.4</ele><time>2024-04-30T00:58:05Z</time></trkpt>
<trkpt lat="33.377876" lon="-116.595627"><ele>1584.8</ele><time>2024-04-30T00:58:41Z</time></trkpt>
<trkpt lat="33.377819" lon="-116.595423"><ele>1582.4</ele><time>2024-04-30T00:58:53Z</time></trkpt>
<trkpt lat="33.377884" lon="-116.594997"><ele>1579.0</ele><time>2024-04-30T00:59:21Z</time></trkpt>
<trkpt lat="33.377872" lon="-116.594072"><ele>1570.4</ele><time>2024-04-30T01:00:45Z</time></trkpt>
<trkpt lat="33.377806" lon="-116.594009"><ele>1568.8</ele><time>2024-04-30T01:00:53Z</time></trkpt>
<trkpt lat="33.377523" lon="-116.592467"><ele>1558.6</ele><time>2024-04-30T01:02:44Z</time></trkpt>
<trkpt lat="33.377218" lon="-116.592195"><ele>1556.4</ele><time>2024-04-30T01:02:59Z</time></trkpt>
<trkpt lat="33.377387" lon="-116.592362"><ele>1556.2</ele><time>2024-04-30T01:03:03Z</time></trkpt>
<trkpt lat="33.377282" lon="-116.592099"><ele>1554.2</ele><time>2024-04-30T01:03:20Z</time></trkpt>
<trkpt lat="33.377151" lon="-116.592212"><ele>1553.2</ele><time>2024-04-30T01:03:53Z</time></trkpt>
<trkpt lat="33.377181" lon="-116.592099"><ele>1553.4</ele><time>2024-04-30T01:05:45Z</time></trkpt>
<trkpt lat="33.377086" lon="-116.592054"><ele>1552.0</ele><time>2024-04-30T01:06:03Z</time></trkpt>
<trkpt lat="33.377133" lon="-116.591949"><ele>1551.6</ele><time>2024-04-30T01:06:11Z</time></trkpt>
<trkpt lat="33.377306" lon="-116.591854"><ele>1551.0</ele><time>2024-04-30T01:06:41Z</time></trkpt>
<trkpt lat="33.377477" lon="-116.591997"><ele>1552.4</ele><time>2024-04-30T01:06:55Z</time></trkpt>
<trkpt lat="33.377893" lon="-116.592116"><ele>1555.8</ele><time>2024-04-30T01:07:31Z</time></trkpt>
<trkpt lat="33.378212" lon="-116.592317"><ele>1557.0</ele><time>2024-04-30T01:08:21Z</time></trkpt>
<trkpt lat="33.378535" lon="-116.592327"><ele>1557.0</ele><time>2024-04-30T01:08:42Z</time></trkpt>
<trkpt lat="33.378521" lon="-116.592408"><ele>1557.0</ele><time>2024-04-30T01:08:45Z</time></trkpt>
<trkpt lat="33.378792" lon="-116.592465"><ele>1556.2</ele><time>2024-04-30T01:08:59Z</time></trkpt>
<trkpt lat="33.378884" lon="-116.592356"><ele>1556.2</ele><time>2024-04-30T01:09:08Z</time></trkpt>
<trkpt lat="33.379217" lon="-116.592340"><ele>1558.4</ele><time>2024-04-30T01:09:58Z</time></trkpt>
<trkpt lat="33.379338" lon="-116.592248"><ele>1564.0</ele><time>2024-04-30T01:10:25Z</time></trkpt>
<trkpt lat="33.379578" lon="-116.592161"><ele>1563.0</ele><time>2024-04-30T01:10:59Z</time></trkpt>
<trkpt lat="33.379759" lon="-116.591916"><ele>1561.8</ele><time>2024-04-30T01:11:17Z</time></trkpt>
<trkpt lat="33.380313" lon="-116.591634"><ele>1559.4</ele><time>2024-04-30T01:12:02Z</time></trkpt>
<trkpt lat="33.380560" lon="-116.591371"><ele>1555.4</ele><time>2024-04-30T01:12:24Z</time></trkpt>
<trkpt lat="33.380548" lon="-116.591214"><ele>1553.4</ele><time>2024-04-30T01:12:48Z</time></trkpt>
<trkpt lat="33.380446" lon="-116.591239"><ele>1552.8</ele><time>2024-04-30T01:15:07Z</time></trkpt>
<trkpt lat="33.380576" lon="-116.591253"><ele>1552.8</ele><time>2024-04-30T01:17:48Z</time></trkpt>
<trkpt lat="33.380455" lon="-116.591231"><ele>1553.0</ele><time>2024-04-30T01:17:56Z</time></trkpt>
<trkpt lat="33.380505" lon="-116.591219"><ele>1553.4</ele><time>2024-04-30T01:19:58Z</time></trkpt>
<trkpt lat="33.380431" lon="-116.590651"><ele>1554.0</ele><time>2024-04-30T01:21:35Z</time></trkpt>
<trkpt lat="33.380538" lon="-116.590317"><ele>1552.8</ele><time>2024-04-30T01:21:57Z</time></trkpt>
<trkpt lat="33.380893" lon="-116.590333"><ele>1549.8</ele><time>2024-04-30T01:22:17Z</time></trkpt>
<trkpt lat="33.381268" lon="-116.590516"><ele>1546.6</ele><time>2024-04-30T01:22:45Z</time></trkpt>
<trkpt lat="33.381453" lon="-116.590776"><ele>1544.6</ele><time>2024-04-30T01:23:42Z</time></trkpt>
<trkpt lat="33.381271" lon="-116.591048"><ele>1544.8</ele><time>2024-04-30T01:24:09Z</time></trkpt>
<trkpt lat="33.381414" lon="-116.590921"><ele>1545.6</ele><time>2024-04-30T01:24:39Z</time></trkpt>
<trkpt lat="33.381254" lon="-116.590977"><ele>1543.8</ele><time>2024-04-30T01:27:42Z</time></trkpt>
<trkpt lat="33.381306" lon="-116.591011"><ele>1543.0</ele><time>2024-04-30T01:27:58Z</time></trkpt>
<trkpt lat="33.381282" lon="-116.590940"><ele>1543.2</ele><time>2024-04-30T01:31:15Z</time></trkpt>
<trkpt lat="33.381343" lon="-116.590937"><ele>1544.2</ele><time>2024-04-30T01:31:49Z</time></trkpt>
<trkpt lat="33.381311" lon="-116.590968"><ele>1543.8</ele><time>2024-04-30T01:31:59Z</time></trkpt>
<trkpt lat="33.381297" lon="-116.590888"><ele>1542.8</ele><time>2024-04-30T01:33:29Z</time></trkpt>
<trkpt lat="33.381303" lon="-116.591036"><ele>1541.0</ele><time>2024-04-30T01:35:23Z</time></trkpt>
<trkpt lat="33.381301" lon="-116.590941"><ele>1540.4</ele><time>2024-04-30T01:35:54Z</time></trkpt>
<trkpt lat="33.381368" lon="-116.590959"><ele>1540.8</ele><time>2024-04-30T01:36:41Z</time></trkpt>
<trkpt lat="33.381288" lon="-116.590964"><ele>1543.0</ele><time>2024-04-30T01:38:43Z</time></trkpt>
<trkpt lat="33.381266" lon="-116.590889"><ele>1542.6</ele><time>2024-04-30T01:38:57Z</time></trkpt>
<trkpt lat="33.381285" lon="-116.591015"><ele>1542.6</ele><time>2024-04-30T01:39:03Z</time></trkpt>
<trkpt lat="33.381325" lon="-116.590973"><ele>1542.4</ele><time>2024-04-30T01:39:08Z</time></trkpt>
<trkpt lat="33.381246" lon="-116.590963"><ele>1541.8</ele><time>2024-04-30T01:39:39Z</time></trkpt>
<trkpt lat="33.381369" lon="-116.590966"><ele>1540.0</ele><time>2024-04-30T01:42:00Z</time></trkpt>
<trkpt lat="33.381293" lon="-116.590966"><ele>1539.0</ele><time>2024-04-30T01:45:01Z</time></trkpt>
</trkseg></trk>
</gpx>
