<?xml version="1.0" encoding="UTF-8"?>
<gpx version="1.1" creator="Eric Sichak trip reports" xmlns="http://www.topografix.com/GPX/1/1">
<metadata><name>PCT Day 21- Deep Creek</name><time>2024-05-12T13:35:51Z</time></metadata>
<trk><name>PCT Day 21- Deep Creek</name><type>hike</type><trkseg>
<trkpt lat="34.278225" lon="-117.082987"><ele>1581.0</ele><time>2024-05-12T13:35:51Z</time></trkpt>
<trkpt lat="34.277965" lon="-117.083051"><ele>1581.6</ele><time>2024-05-12T13:36:50Z</time></trkpt>
<trkpt lat="34.277866" lon="-117.083160"><ele>1584.4</ele><time>2024-05-12T13:37:03Z</time></trkpt>
<trkpt lat="34.277933" lon="-117.083604"><ele>1582.4</ele><time>2024-05-12T13:37:40Z</time></trkpt>
<trkpt lat="34.277990" lon="-117.083659"><ele>1582.0</ele><time>2024-05-12T13:37:45Z</time></trkpt>
<trkpt lat="34.277933" lon="-117.084494"><ele>1578.8</ele><time>2024-05-12T13:39:11Z</time></trkpt>
<trkpt lat="34.278034" lon="-117.084729"><ele>1575.6</ele><time>2024-05-12T13:39:25Z</time></trkpt>
<trkpt lat="34.278048" lon="-117.085086"><ele>1574.0</ele><time>2024-05-12T13:39:41Z</time></trkpt>
<trkpt lat="34.278171" lon="-117.085038"><ele>1574.2</ele><time>2024-05-12T13:39:44Z</time></trkpt>
<trkpt lat="34.278345" lon="-117.085128"><ele>1573.6</ele><time>2024-05-12T13:40:01Z</time></trkpt>
<trkpt lat="34.278326" lon="-117.085275"><ele>1577.2</ele><time>2024-05-12T13:40:19Z</time></trkpt>
<trkpt lat="34.278029" lon="-117.086344"><ele>1567.8</ele><time>2024-05-12T13:41:45Z</time></trkpt>
<trkpt lat="34.277466" lon="-117.087159"><ele>1573.2</ele><time>2024-05-12T13:42:53Z</time></trkpt>
<trkpt lat="34.276939" lon="-117.087773"><ele>1581.0</ele><time>2024-05-12T13:43:53Z</time></trkpt>
<trkpt lat="34.276835" lon="-117.087996"><ele>1583.8</ele><time>2024-05-12T13:44:15Z</time></trkpt>
<trkpt lat="34.276678" lon="-117.088133"><ele>1588.8</ele><time>2024-05-12T13:45:09Z</time></trkpt>
<trkpt lat="34.276586" lon="-117.088292"><ele>1589.0</ele><time>2024-05-12T13:45:42Z</time></trkpt>
<trkpt lat="34.276608" lon="-117.088361"><ele>1589.0</ele><time>2024-05-12T13:45:52Z</time></trkpt>
<trkpt lat="34.276287" lon="-117.088438"><ele>1593.8</ele><time>2024-05-12T13:46:19Z</time></trkpt>
<trkpt lat="34.275619" lon="-117.088872"><ele>1598.0</ele><time>2024-05-12T13:47:42Z</time></trkpt>
<trkpt lat="34.275594" lon="-117.089102"><ele>1599.4</ele><time>2024-05-12T13:47:59Z</time></trkpt>
<trkpt lat="34.275262" lon="-117.089694"><ele>1613.6</ele><time>2024-05-12T13:49:39Z</time></trkpt>
<trkpt lat="34.274665" lon="-117.090722"><ele>1615.8</ele><time>2024-05-12T13:51:01Z</time></trkpt>
<trkpt lat="34.274430" lon="-117.091287"><ele>1611.2</ele><time>2024-05-12T13:51:45Z</time></trkpt>
<trkpt lat="34.274393" lon="-117.091423"><ele>1610.4</ele><time>2024-05-12T13:51:52Z</time></trkpt>
<trkpt lat="34.274433" lon="-117.091608"><ele>1608.6</ele><time>2024-05-12T13:52:05Z</time></trkpt>
<trkpt lat="34.274331" lon="-117.091971"><ele>1610.6</ele><time>2024-05-12T13:52:49Z</time></trkpt>
<trkpt lat="34.274470" lon="-117.092708"><ele>1607.6</ele><time>2024-05-12T13:53:42Z</time></trkpt>
<trkpt lat="34.274623" lon="-117.092963"><ele>1606.0</ele><time>2024-05-12T13:53:59Z</time></trkpt>
<trkpt lat="34.274469" lon="-117.093491"><ele>1599.4</ele><time>2024-05-12T13:54:37Z</time></trkpt>
<trkpt lat="34.274301" lon="-117.093617"><ele>1596.0</ele><time>2024-05-12T13:54:59Z</time></trkpt>
<trkpt lat="34.274254" lon="-117.093777"><ele>1596.0</ele><time>2024-05-12T13:55:25Z</time></trkpt>
<trkpt lat="34.274368" lon="-117.094084"><ele>1599.6</ele><time>2024-05-12T13:55:54Z</time></trkpt>
<trkpt lat="34.274337" lon="-117.094427"><ele>1599.0</ele><time>2024-05-12T13:56:11Z</time></trkpt>
<trkpt lat="34.274111" lon="-117.095254"><ele>1596.0</ele><time>2024-05-12T13:57:42Z</time></trkpt>
<trkpt lat="34.274289" lon="-117.095525"><ele>1597.4</ele><time>2024-05-12T13:58:02Z</time></trkpt>
<trkpt lat="34.274371" lon="-117.095899"><ele>1599.6</ele><time>2024-05-12T13:58:45Z</time></trkpt>
<trkpt lat="34.274131" lon="-117.096201"><ele>1599.4</ele><time>2024-05-12T13:59:41Z</time></trkpt>
<trkpt lat="34.274070" lon="-117.096393"><ele>1598.4</ele><time>2024-05-12T14:00:06Z</time></trkpt>
<trkpt lat="34.273936" lon="-117.096357"><ele>1597.2</ele><time>2024-05-12T14:00:18Z</time></trkpt>
<trkpt lat="34.273820" lon="-117.096410"><ele>1593.8</ele><time>2024-05-12T14:00:50Z</time></trkpt>
<trkpt lat="34.273626" lon="-117.096567"><ele>1593.2</ele><time>2024-05-12T14:01:56Z</time></trkpt>
<trkpt lat="34.273448" lon="-117.096830"><ele>1592.2</ele><time>2024-05-12T14:03:49Z</time></trkpt>
<trkpt lat="34.272916" lon="-117.097213"><ele>1592.2</ele><time>2024-05-12T14:05:01Z</time></trkpt>
<trkpt lat="34.272576" lon="-117.097582"><ele>1591.6</ele><time>2024-05-12T14:05:48Z</time></trkpt>
<trkpt lat="34.272536" lon="-117.097510"><ele>1591.8</ele><time>2024-05-12T14:05:50Z</time></trkpt>
<trkpt lat="34.272455" lon="-117.097506"><ele>1592.4</ele><time>2024-05-12T14:05:54Z</time></trkpt>
<trkpt lat="34.272435" lon="-117.097574"><ele>1592.8</ele><time>2024-05-12T14:06:01Z</time></trkpt>
<trkpt lat="34.272590" lon="-117.098050"><ele>1597.6</ele><time>2024-05-12T14:06:53Z</time></trkpt>
<trkpt lat="34.272856" lon="-117.098572"><ele>1598.6</ele><time>2024-05-12T14:07:35Z</time></trkpt>
<trkpt lat="34.273084" lon="-117.098730"><ele>1597.2</ele><time>2024-05-12T14:07:48Z</time></trkpt>
<trkpt lat="34.273234" lon="-117.099392"><ele>1591.4</ele><time>2024-05-12T14:08:27Z</time></trkpt>
<trkpt lat="34.273497" lon="-117.100161"><ele>1602.0</ele><time>2024-05-12T14:09:52Z</time></trkpt>
<trkpt lat="34.273221" lon="-117.101018"><ele>1606.0</ele><time>2024-05-12T14:11:07Z</time></trkpt>
<trkpt lat="34.272898" lon="-117.101671"><ele>1613.4</ele><time>2024-05-12T14:12:05Z</time></trkpt>
<trkpt lat="34.272740" lon="-117.101779"><ele>1614.2</ele><time>2024-05-12T14:12:17Z</time></trkpt>
<trkpt lat="34.272405" lon="-117.102473"><ele>1609.2</ele><time>2024-05-12T14:13:29Z</time></trkpt>
<trkpt lat="34.272352" lon="-117.102716"><ele>1607.0</ele><time>2024-05-12T14:13:42Z</time></trkpt>
<trkpt lat="34.272418" lon="-117.102741"><ele>1606.6</ele><time>2024-05-12T14:13:45Z</time></trkpt>
<trkpt lat="34.272493" lon="-117.103039"><ele>1607.0</ele><time>2024-05-12T14:14:05Z</time></trkpt>
<trkpt lat="34.272561" lon="-117.103791"><ele>1601.6</ele><time>2024-05-12T14:15:01Z</time></trkpt>
<trkpt lat="34.272534" lon="-117.103993"><ele>1600.0</ele><time>2024-05-12T14:15:19Z</time></trkpt>
<trkpt lat="34.272728" lon="-117.104210"><ele>1597.6</ele><time>2024-05-12T14:15:47Z</time></trkpt>
<trkpt lat="34.272703" lon="-117.104380"><ele>1595.6</ele><time>2024-05-12T14:16:02Z</time></trkpt>
<trkpt lat="34.272826" lon="-117.104553"><ele>1594.0</ele><time>2024-05-12T14:16:13Z</time></trkpt>
<trkpt lat="34.273029" lon="-117.104765"><ele>1583.8</ele><time>2024-05-12T14:17:19Z</time></trkpt>
<trkpt lat="34.273210" lon="-117.105020"><ele>1581.4</ele><time>2024-05-12T14:17:42Z</time></trkpt>
<trkpt lat="34.273303" lon="-117.105044"><ele>1578.4</ele><time>2024-05-12T14:17:58Z</time></trkpt>
<trkpt lat="34.273335" lon="-117.105769"><ele>1568.4</ele><time>2024-05-12T14:19:31Z</time></trkpt>
<trkpt lat="34.273421" lon="-117.105925"><ele>1566.8</ele><time>2024-05-12T14:19:42Z</time></trkpt>
<trkpt lat="34.273593" lon="-117.105926"><ele>1565.0</ele><time>2024-05-12T14:19:54Z</time></trkpt>
<trkpt lat="34.273970" lon="-117.106151"><ele>1560.6</ele><time>2024-05-12T14:20:23Z</time></trkpt>
<trkpt lat="34.274559" lon="-117.106665"><ele>1552.4</ele><time>2024-05-12T14:21:49Z</time></trkpt>
<trkpt lat="34.274636" lon="-117.106818"><ele>1551.8</ele><time>2024-05-12T14:22:00Z</time></trkpt>
<trkpt lat="34.274549" lon="-117.107743"><ele>1555.0</ele><time>2024-05-12T14:22:53Z</time></trkpt>
<trkpt lat="34.274416" lon="-117.108381"><ele>1557.0</ele><time>2024-05-12T14:23:42Z</time></trkpt>
<trkpt lat="34.274482" lon="-117.108457"><ele>1556.8</ele><time>2024-05-12T14:23:52Z</time></trkpt>
<trkpt lat="34.274510" lon="-117.108877"><ele>1556.0</ele><time>2024-05-12T14:24:19Z</time></trkpt>
<trkpt lat="34.274468" lon="-117.109232"><ele>1554.0</ele><time>2024-05-12T14:24:41Z</time></trkpt>
<trkpt lat="34.274492" lon="-117.110147"><ele>1556.8</ele><time>2024-05-12T14:25:48Z</time></trkpt>
<trkpt lat="34.274424" lon="-117.110792"><ele>1555.4</ele><time>2024-05-12T14:26:23Z</time></trkpt>
<trkpt lat="34.274358" lon="-117.111148"><ele>1556.6</ele><time>2024-05-12T14:27:05Z</time></trkpt>
<trkpt lat="34.273856" lon="-117.112065"><ele>1556.4</ele><time>2024-05-12T14:28:01Z</time></trkpt>
<trkpt lat="34.273649" lon="-117.112634"><ele>1559.8</ele><time>2024-05-12T14:28:53Z</time></trkpt>
<trkpt lat="34.273754" lon="-117.113081"><ele>1557.6</ele><time>2024-05-12T14:29:35Z</time></trkpt>
<trkpt lat="34.273714" lon="-117.113509"><ele>1557.8</ele><time>2024-05-12T14:29:56Z</time></trkpt>
<trkpt lat="34.273817" lon="-117.113630"><ele>1555.6</ele><time>2024-05-12T14:30:11Z</time></trkpt>
<trkpt lat="34.273633" lon="-117.114305"><ele>1550.4</ele><time>2024-05-12T14:31:17Z</time></trkpt>
<trkpt lat="34.273388" lon="-117.114673"><ele>1546.0</ele><time>2024-05-12T14:31:44Z</time></trkpt>
<trkpt lat="34.273361" lon="-117.114832"><ele>1543.8</ele><time>2024-05-12T14:32:00Z</time></trkpt>
<trkpt lat="34.273385" lon="-117.114998"><ele>1541.6</ele><time>2024-05-12T14:32:17Z</time></trkpt>
<trkpt lat="34.273531" lon="-117.115159"><ele>1540.6</ele><time>2024-05-12T14:32:49Z</time></trkpt>
<trkpt lat="34.273878" lon="-117.115862"><ele>1531.2</ele><time>2024-05-12T14:33:45Z</time></trkpt>
<trkpt lat="34.273645" lon="-117.116385"><ele>1526.0</ele><time>2024-05-12T14:34:39Z</time></trkpt>
<trkpt lat="34.273908" lon="-117.116725"><ele>1522.6</ele><time>2024-05-12T14:35:21Z</time></trkpt>
<trkpt lat="34.274066" lon="-117.117125"><ele>1520.6</ele><time>2024-05-12T14:35:42Z</time></trkpt>
<trkpt lat="34.273989" lon="-117.117105"><ele>1520.6</ele><time>2024-05-12T14:35:43Z</time></trkpt>
<trkpt lat="34.274062" lon="-117.117112"><ele>1521.0</ele><time>2024-05-12T14:35:49Z</time></trkpt>
<trkpt lat="34.274101" lon="-117.117466"><ele>1522.8</ele><time>2024-05-12T14:36:07Z</time></trkpt>
<trkpt lat="34.274110" lon="-117.117727"><ele>1524.8</ele><time>2024-05-12T14:36:45Z</time></trkpt>
<trkpt lat="34.274008" lon="-117.118096"><ele>1521.4</ele><time>2024-05-12T14:37:29Z</time></trkpt>
<trkpt lat="34.274072" lon="-117.118399"><ele>1519.6</ele><time>2024-05-12T14:37:41Z</time></trkpt>
<trkpt lat="34.273953" lon="-117.118522"><ele>1519.0</ele><time>2024-05-12T14:37:50Z</time></trkpt>
<trkpt lat="34.274073" lon="-117.118809"><ele>1517.0</ele><time>2024-05-12T14:38:11Z</time></trkpt>
<trkpt lat="34.273997" lon="-117.118999"><ele>1516.0</ele><time>2024-05-12T14:38:27Z</time></trkpt>
<trkpt lat="34.274042" lon="-117.119585"><ele>1511.8</ele><time>2024-05-12T14:39:19Z</time></trkpt>
<trkpt lat="34.273916" lon="-117.119859"><ele>1511.6</ele><time>2024-05-12T14:39:42Z</time></trkpt>
<trkpt lat="34.273823" lon="-117.119932"><ele>1512.4</ele><time>2024-05-12T14:39:51Z</time></trkpt>
<trkpt lat="34.273801" lon="-117.120061"><ele>1511.4</ele><time>2024-05-12T14:40:01Z</time></trkpt>
<trkpt lat="34.273912" lon="-117.120357"><ele>1510.8</ele><time>2024-05-12T14:40:13Z</time></trkpt>
<trkpt lat="34.274027" lon="-117.120474"><ele>1509.8</ele><time>2024-05-12T14:40:25Z</time></trkpt>
<trkpt lat="34.274058" lon="-117.120881"><ele>1504.2</ele><time>2024-05-12T14:41:05Z</time></trkpt>
<trkpt lat="34.274168" lon="-117.121240"><ele>1506.4</ele><time>2024-05-12T14:41:42Z</time></trkpt>
<trkpt lat="34.274719" lon="-117.121435"><ele>1504.4</ele><time>2024-05-12T14:43:11Z</time></trkpt>
<trkpt lat="34.274929" lon="-117.121425"><ele>1504.2</ele><time>2024-05-12T14:43:41Z</time></trkpt>
<trkpt lat="34.274930" lon="-117.121289"><ele>1504.8</ele><time>2024-05-12T14:43:48Z</time></trkpt>
<trkpt lat="34.275014" lon="-117.121252"><ele>1505.0</ele><time>2024-05-12T14:43:53Z</time></trkpt>
<trkpt lat="34.275281" lon="-117.121583"><ele>1506.2</ele><time>2024-05-12T14:44:37Z</time></trkpt>
<trkpt lat="34.275197" lon="-117.121741"><ele>1505.6</ele><time>2024-05-12T14:44:49Z</time></trkpt>
<trkpt lat="34.275061" lon="-117.121781"><ele>1504.2</ele><time>2024-05-12T14:45:11Z</time></trkpt>
<trkpt lat="34.274911" lon="-117.122003"><ele>1502.6</ele><time>2024-05-12T14:45:33Z</time></trkpt>
<trkpt lat="34.274587" lon="-117.122227"><ele>1501.2</ele><time>2024-05-12T14:45:59Z</time></trkpt>
<trkpt lat="34.274515" lon="-117.122584"><ele>1499.2</ele><time>2024-05-12T14:46:41Z</time></trkpt>
<trkpt lat="34.274923" lon="-117.122653"><ele>1492.6</ele><time>2024-05-12T14:47:55Z</time></trkpt>
<trkpt lat="34.275171" lon="-117.122835"><ele>1490.4</ele><time>2024-05-12T14:48:39Z</time></trkpt>
<trkpt lat="34.275519" lon="-117.123182"><ele>1486.4</ele><time>2024-05-12T14:49:17Z</time></trkpt>
<trkpt lat="34.275528" lon="-117.123453"><ele>1484.2</ele><time>2024-05-12T14:49:42Z</time></trkpt>
<trkpt lat="34.275448" lon="-117.123545"><ele>1483.0</ele><time>2024-05-12T14:49:53Z</time></trkpt>
<trkpt lat="34.275177" lon="-117.123528"><ele>1480.8</ele><time>2024-05-12T14:50:25Z</time></trkpt>
<trkpt lat="34.274846" lon="-117.123737"><ele>1477.4</ele><time>2024-05-12T14:50:55Z</time></trkpt>
<trkpt lat="34.274690" lon="-117.124035"><ele>1477.2</ele><time>2024-05-12T14:51:29Z</time></trkpt>
<trkpt lat="34.274552" lon="-117.124215"><ele>1475.6</ele><time>2024-05-12T14:51:47Z</time></trkpt>
<trkpt lat="34.274429" lon="-117.124261"><ele>1474.2</ele><time>2024-05-12T14:51:55Z</time></trkpt>
<trkpt lat="34.274323" lon="-117.124466"><ele>1472.8</ele><time>2024-05-12T14:52:12Z</time></trkpt>
<trkpt lat="34.274201" lon="-117.124562"><ele>1471.6</ele><time>2024-05-12T14:52:34Z</time></trkpt>
<trkpt lat="34.274008" lon="-117.124540"><ele>1470.8</ele><time>2024-05-12T14:52:54Z</time></trkpt>
<trkpt lat="34.273887" lon="-117.124620"><ele>1469.8</ele><time>2024-05-12T14:53:12Z</time></trkpt>
<trkpt lat="34.273703" lon="-117.124907"><ele>1467.6</ele><time>2024-05-12T14:53:34Z</time></trkpt>
<trkpt lat="34.273546" lon="-117.125003"><ele>1467.0</ele><time>2024-05-12T14:53:41Z</time></trkpt>
<trkpt lat="34.273589" lon="-117.125077"><ele>1467.0</ele><time>2024-05-12T14:53:44Z</time></trkpt>
<trkpt lat="34.273361" lon="-117.125048"><ele>1465.4</ele><time>2024-05-12T14:53:59Z</time></trkpt>
<trkpt lat="34.273090" lon="-117.125486"><ele>1462.2</ele><time>2024-05-12T14:54:49Z</time></trkpt>
<trkpt lat="34.272817" lon="-117.125781"><ele>1459.6</ele><time>2024-05-12T14:55:27Z</time></trkpt>
<trkpt lat="34.272664" lon="-117.126122"><ele>1458.2</ele><time>2024-05-12T14:55:50Z</time></trkpt>
<trkpt lat="34.272531" lon="-117.126237"><ele>1456.6</ele><time>2024-05-12T14:56:03Z</time></trkpt>
<trkpt lat="34.272460" lon="-117.126498"><ele>1455.0</ele><time>2024-05-12T14:56:32Z</time></trkpt>
<trkpt lat="34.272521" lon="-117.126629"><ele>1452.0</ele><time>2024-05-12T14:56:46Z</time></trkpt>
<trkpt lat="34.272711" lon="-117.126693"><ele>1451.6</ele><time>2024-05-12T14:57:00Z</time></trkpt>
<trkpt lat="34.272995" lon="-117.127174"><ele>1443.8</ele><time>2024-05-12T14:57:54Z</time></trkpt>
<trkpt lat="34.273210" lon="-117.127267"><ele>1439.2</ele><time>2024-05-12T14:58:20Z</time></trkpt>
<trkpt lat="34.273322" lon="-117.127453"><ele>1436.2</ele><time>2024-05-12T14:58:44Z</time></trkpt>
<trkpt lat="34.273415" lon="-117.127065"><ele>1429.8</ele><time>2024-05-12T14:59:34Z</time></trkpt>
<trkpt lat="34.273337" lon="-117.126966"><ele>1428.2</ele><time>2024-05-12T14:59:51Z</time></trkpt>
<trkpt lat="34.273576" lon="-117.126813"><ele>1426.2</ele><time>2024-05-12T15:00:26Z</time></trkpt>
<trkpt lat="34.273892" lon="-117.126949"><ele>1425.8</ele><time>2024-05-12T15:01:06Z</time></trkpt>
<trkpt lat="34.273960" lon="-117.128084"><ele>1423.2</ele><time>2024-05-12T15:01:42Z</time></trkpt>
<trkpt lat="34.273615" lon="-117.126912"><ele>1423.2</ele><time>2024-05-12T15:01:44Z</time></trkpt>
<trkpt lat="34.273538" lon="-117.126891"><ele>1422.8</ele><time>2024-05-12T15:01:50Z</time></trkpt>
<trkpt lat="34.273688" lon="-117.127502"><ele>1418.8</ele><time>2024-05-12T15:02:54Z</time></trkpt>
<trkpt lat="34.273780" lon="-117.127558"><ele>1413.6</ele><time>2024-05-12T15:03:47Z</time></trkpt>
<trkpt lat="34.273971" lon="-117.127943"><ele>1413.2</ele><time>2024-05-12T15:04:34Z</time></trkpt>
<trkpt lat="34.274072" lon="-117.127957"><ele>1414.0</ele><time>2024-05-12T15:04:46Z</time></trkpt>
<trkpt lat="34.274179" lon="-117.127778"><ele>1415.4</ele><time>2024-05-12T15:05:18Z</time></trkpt>
<trkpt lat="34.274428" lon="-117.127653"><ele>1418.4</ele><time>2024-05-12T15:05:43Z</time></trkpt>
<trkpt lat="34.274542" lon="-117.127337"><ele>1418.2</ele><time>2024-05-12T15:06:01Z</time></trkpt>
<trkpt lat="34.275100" lon="-117.127176"><ele>1423.8</ele><time>2024-05-12T15:07:12Z</time></trkpt>
<trkpt lat="34.275143" lon="-117.126635"><ele>1422.8</ele><time>2024-05-12T15:07:44Z</time></trkpt>
<trkpt lat="34.275636" lon="-117.127663"><ele>1423.0</ele><time>2024-05-12T15:07:50Z</time></trkpt>
<trkpt lat="34.275723" lon="-117.127623"><ele>1423.6</ele><time>2024-05-12T15:07:56Z</time></trkpt>
<trkpt lat="34.276959" lon="-117.128045"><ele>1423.6</ele><time>2024-05-12T15:09:43Z</time></trkpt>
<trkpt lat="34.277024" lon="-117.128156"><ele>1423.0</ele><time>2024-05-12T15:09:55Z</time></trkpt>
<trkpt lat="34.277169" lon="-117.128202"><ele>1423.2</ele><time>2024-05-12T15:10:11Z</time></trkpt>
<trkpt lat="34.277355" lon="-117.128128"><ele>1423.0</ele><time>2024-05-12T15:10:33Z</time></trkpt>
<trkpt lat="34.277548" lon="-117.128175"><ele>1422.6</ele><time>2024-05-12T15:10:51Z</time></trkpt>
<trkpt lat="34.278323" lon="-117.129390"><ele>1425.0</ele><time>2024-05-12T15:11:48Z</time></trkpt>
<trkpt lat="34.277672" lon="-117.128328"><ele>1425.2</ele><time>2024-05-12T15:11:49Z</time></trkpt>
<trkpt lat="34.277695" lon="-117.128246"><ele>1425.6</ele><time>2024-05-12T15:11:50Z</time></trkpt>
<trkpt lat="34.277796" lon="-117.128381"><ele>1426.0</ele><time>2024-05-12T15:11:59Z</time></trkpt>
<trkpt lat="34.278444" lon="-117.128503"><ele>1423.6</ele><time>2024-05-12T15:13:18Z</time></trkpt>
<trkpt lat="34.278498" lon="-117.128623"><ele>1422.8</ele><time>2024-05-12T15:13:26Z</time></trkpt>
<trkpt lat="34.278704" lon="-117.128751"><ele>1421.4</ele><time>2024-05-12T15:13:46Z</time></trkpt>
<trkpt lat="34.278766" lon="-117.128686"><ele>1421.0</ele><time>2024-05-12T15:13:51Z</time></trkpt>
<trkpt lat="34.278835" lon="-117.128764"><ele>1421.0</ele><time>2024-05-12T15:13:52Z</time></trkpt>
<trkpt lat="34.279151" lon="-117.128833"><ele>1420.4</ele><time>2024-05-12T15:14:24Z</time></trkpt>
<trkpt lat="34.279932" lon="-117.128916"><ele>1422.8</ele><time>2024-05-12T15:15:45Z</time></trkpt>
<trkpt lat="34.279967" lon="-117.129017"><ele>1423.4</ele><time>2024-05-12T15:15:52Z</time></trkpt>
<trkpt lat="34.279957" lon="-117.128966"><ele>1423.0</ele><time>2024-05-12T15:15:58Z</time></trkpt>
<trkpt lat="34.280176" lon="-117.128876"><ele>1421.4</ele><time>2024-05-12T15:16:10Z</time></trkpt>
<trkpt lat="34.281130" lon="-117.128911"><ele>1419.4</ele><time>2024-05-12T15:17:42Z</time></trkpt>
<trkpt lat="34.281182" lon="-117.129155"><ele>1422.0</ele><time>2024-05-12T15:17:59Z</time></trkpt>
<trkpt lat="34.281588" lon="-117.129014"><ele>1423.2</ele><time>2024-05-12T15:18:40Z</time></trkpt>
<trkpt lat="34.282117" lon="-117.128421"><ele>1426.0</ele><time>2024-05-12T15:19:42Z</time></trkpt>
<trkpt lat="34.282129" lon="-117.128262"><ele>1426.2</ele><time>2024-05-12T15:19:49Z</time></trkpt>
<trkpt lat="34.282254" lon="-117.128267"><ele>1426.4</ele><time>2024-05-12T15:20:00Z</time></trkpt>
<trkpt lat="34.282416" lon="-117.128608"><ele>1423.4</ele><time>2024-05-12T15:20:32Z</time></trkpt>
<trkpt lat="34.282789" lon="-117.129035"><ele>1418.6</ele><time>2024-05-12T15:21:12Z</time></trkpt>
<trkpt lat="34.283034" lon="-117.129516"><ele>1415.8</ele><time>2024-05-12T15:21:48Z</time></trkpt>
<trkpt lat="34.283102" lon="-117.129448"><ele>1415.6</ele><time>2024-05-12T15:21:51Z</time></trkpt>
<trkpt lat="34.283142" lon="-117.129497"><ele>1415.4</ele><time>2024-05-12T15:21:54Z</time></trkpt>
<trkpt lat="34.283101" lon="-117.129611"><ele>1415.4</ele><time>2024-05-12T15:22:02Z</time></trkpt>
<trkpt lat="34.283589" lon="-117.129905"><ele>1412.8</ele><time>2024-05-12T15:22:49Z</time></trkpt>
<trkpt lat="34.283766" lon="-117.130174"><ele>1411.8</ele><time>2024-05-12T15:23:13Z</time></trkpt>
<trkpt lat="34.283877" lon="-117.130218"><ele>1411.0</ele><time>2024-05-12T15:23:23Z</time></trkpt>
<trkpt lat="34.284106" lon="-117.130156"><ele>1409.0</ele><time>2024-05-12T15:23:48Z</time></trkpt>
<trkpt lat="34.284065" lon="-117.130111"><ele>1409.0</ele><time>2024-05-12T15:23:49Z</time></trkpt>
<trkpt lat="34.284186" lon="-117.129878"><ele>1409.4</ele><time>2024-05-12T15:24:06Z</time></trkpt>
<trkpt lat="34.284765" lon="-117.129883"><ele>1405.6</ele><time>2024-05-12T15:24:58Z</time></trkpt>
<trkpt lat="34.284846" lon="-117.129579"><ele>1403.4</ele><time>2024-05-12T15:25:34Z</time></trkpt>
<trkpt lat="34.285178" lon="-117.129189"><ele>1401.0</ele><time>2024-05-12T15:26:00Z</time></trkpt>
<trkpt lat="34.285358" lon="-117.128996"><ele>1398.4</ele><time>2024-05-12T15:26:28Z</time></trkpt>
<trkpt lat="34.285577" lon="-117.128908"><ele>1393.6</ele><time>2024-05-12T15:27:30Z</time></trkpt>
<trkpt lat="34.285878" lon="-117.128677"><ele>1392.4</ele><time>2024-05-12T15:27:57Z</time></trkpt>
<trkpt lat="34.286067" lon="-117.128582"><ele>1390.6</ele><time>2024-05-12T15:28:18Z</time></trkpt>
<trkpt lat="34.286470" lon="-117.128704"><ele>1387.2</ele><time>2024-05-12T15:28:54Z</time></trkpt>
<trkpt lat="34.286658" lon="-117.128575"><ele>1387.4</ele><time>2024-05-12T15:29:14Z</time></trkpt>
<trkpt lat="34.286876" lon="-117.128586"><ele>1385.0</ele><time>2024-05-12T15:29:48Z</time></trkpt>
<trkpt lat="34.287053" lon="-117.128222"><ele>1384.6</ele><time>2024-05-12T15:30:14Z</time></trkpt>
<trkpt lat="34.287902" lon="-117.127789"><ele>1381.6</ele><time>2024-05-12T15:31:43Z</time></trkpt>
<trkpt lat="34.288041" lon="-117.128033"><ele>1379.8</ele><time>2024-05-12T15:31:59Z</time></trkpt>
<trkpt lat="34.288424" lon="-117.127984"><ele>1377.4</ele><time>2024-05-12T15:32:28Z</time></trkpt>
<trkpt lat="34.288735" lon="-117.128123"><ele>1375.2</ele><time>2024-05-12T15:33:08Z</time></trkpt>
<trkpt lat="34.288845" lon="-117.128495"><ele>1375.8</ele><time>2024-05-12T15:33:44Z</time></trkpt>
<trkpt lat="34.288499" lon="-117.128960"><ele>1374.8</ele><time>2024-05-12T15:34:48Z</time></trkpt>
<trkpt lat="34.288537" lon="-117.129135"><ele>1373.0</ele><time>2024-05-12T15:35:06Z</time></trkpt>
<trkpt lat="34.288698" lon="-117.129175"><ele>1374.0</ele><time>2024-05-12T15:35:36Z</time></trkpt>
<trkpt lat="34.288804" lon="-117.129304"><ele>1374.0</ele><time>2024-05-12T15:35:48Z</time></trkpt>
<trkpt lat="34.288983" lon="-117.129179"><ele>1372.2</ele><time>2024-05-12T15:36:00Z</time></trkpt>
<trkpt lat="34.289033" lon="-117.129014"><ele>1369.0</ele><time>2024-05-12T15:37:47Z</time></trkpt>
<trkpt lat="34.289062" lon="-117.129062"><ele>1368.8</ele><time>2024-05-12T15:37:54Z</time></trkpt>
<trkpt lat="34.289375" lon="-117.128958"><ele>1366.4</ele><time>2024-05-12T15:39:08Z</time></trkpt>
<trkpt lat="34.289643" lon="-117.128750"><ele>1365.6</ele><time>2024-05-12T15:39:46Z</time></trkpt>
<trkpt lat="34.289655" lon="-117.128849"><ele>1366.0</ele><time>2024-05-12T15:39:59Z</time></trkpt>
<trkpt lat="34.289748" lon="-117.128930"><ele>1364.4</ele><time>2024-05-12T15:40:46Z</time></trkpt>
<trkpt lat="34.290412" lon="-117.129092"><ele>1365.4</ele><time>2024-05-12T15:41:46Z</time></trkpt>
<trkpt lat="34.290446" lon="-117.128983"><ele>1365.6</ele><time>2024-05-12T15:41:47Z</time></trkpt>
<trkpt lat="34.290480" lon="-117.129140"><ele>1367.2</ele><time>2024-05-12T15:42:03Z</time></trkpt>
<trkpt lat="34.290690" lon="-117.129061"><ele>1364.6</ele><time>2024-05-12T15:43:20Z</time></trkpt>
<trkpt lat="34.290990" lon="-117.128763"><ele>1361.0</ele><time>2024-05-12T15:43:49Z</time></trkpt>
<trkpt lat="34.291119" lon="-117.128757"><ele>1360.8</ele><time>2024-05-12T15:43:52Z</time></trkpt>
<trkpt lat="34.291135" lon="-117.128670"><ele>1360.8</ele><time>2024-05-12T15:43:57Z</time></trkpt>
<trkpt lat="34.291237" lon="-117.128648"><ele>1360.2</ele><time>2024-05-12T15:44:04Z</time></trkpt>
<trkpt lat="34.291655" lon="-117.128286"><ele>1365.0</ele><time>2024-05-12T15:45:10Z</time></trkpt>
<trkpt lat="34.292031" lon="-117.127761"><ele>1364.8</ele><time>2024-05-12T15:45:56Z</time></trkpt>
<trkpt lat="34.292183" lon="-117.127645"><ele>1363.8</ele><time>2024-05-12T15:46:18Z</time></trkpt>
<trkpt lat="34.292257" lon="-117.127468"><ele>1362.8</ele><time>2024-05-12T15:46:46Z</time></trkpt>
<trkpt lat="34.292639" lon="-117.127139"><ele>1361.6</ele><time>2024-05-12T15:47:20Z</time></trkpt>
<trkpt lat="34.293011" lon="-117.127034"><ele>1359.6</ele><time>2024-05-12T15:47:43Z</time></trkpt>
<trkpt lat="34.292894" lon="-117.127272"><ele>1359.6</ele><time>2024-05-12T15:47:46Z</time></trkpt>
<trkpt lat="34.292914" lon="-117.127045"><ele>1359.0</ele><time>2024-05-12T15:47:59Z</time></trkpt>
<trkpt lat="34.293298" lon="-117.126537"><ele>1357.0</ele><time>2024-05-12T15:48:36Z</time></trkpt>
<trkpt lat="34.293433" lon="-117.126455"><ele>1355.4</ele><time>2024-05-12T15:49:18Z</time></trkpt>
<trkpt lat="34.293783" lon="-117.126334"><ele>1355.4</ele><time>2024-05-12T15:49:53Z</time></trkpt>
<trkpt lat="34.294154" lon="-117.126883"><ele>1352.2</ele><time>2024-05-12T15:50:54Z</time></trkpt>
<trkpt lat="34.294448" lon="-117.126912"><ele>1351.2</ele><time>2024-05-12T15:51:26Z</time></trkpt>
<trkpt lat="34.294705" lon="-117.126644"><ele>1350.0</ele><time>2024-05-12T15:51:45Z</time></trkpt>
<trkpt lat="34.294522" lon="-117.126742"><ele>1349.4</ele><time>2024-05-12T15:51:49Z</time></trkpt>
<trkpt lat="34.294646" lon="-117.126806"><ele>1349.2</ele><time>2024-05-12T15:52:02Z</time></trkpt>
<trkpt lat="34.295396" lon="-117.125826"><ele>1338.6</ele><time>2024-05-12T15:53:43Z</time></trkpt>
<trkpt lat="34.295389" lon="-117.125870"><ele>1338.2</ele><time>2024-05-12T15:53:49Z</time></trkpt>
<trkpt lat="34.295551" lon="-117.125888"><ele>1337.2</ele><time>2024-05-12T15:54:02Z</time></trkpt>
<trkpt lat="34.295728" lon="-117.125757"><ele>1339.6</ele><time>2024-05-12T15:54:28Z</time></trkpt>
<trkpt lat="34.295763" lon="-117.125576"><ele>1339.6</ele><time>2024-05-12T15:54:58Z</time></trkpt>
<trkpt lat="34.295688" lon="-117.125381"><ele>1340.2</ele><time>2024-05-12T15:55:28Z</time></trkpt>
<trkpt lat="34.295778" lon="-117.125133"><ele>1340.4</ele><time>2024-05-12T15:55:46Z</time></trkpt>
<trkpt lat="34.295849" lon="-117.125105"><ele>1339.8</ele><time>2024-05-12T15:55:52Z</time></trkpt>
<trkpt lat="34.295922" lon="-117.125196"><ele>1337.4</ele><time>2024-05-12T15:56:04Z</time></trkpt>
<trkpt lat="34.296526" lon="-117.125072"><ele>1330.8</ele><time>2024-05-12T15:57:18Z</time></trkpt>
<trkpt lat="34.296876" lon="-117.125135"><ele>1329.8</ele><time>2024-05-12T15:57:47Z</time></trkpt>
<trkpt lat="34.296560" lon="-117.125306"><ele>1329.8</ele><time>2024-05-12T15:57:50Z</time></trkpt>
<trkpt lat="34.297091" lon="-117.124894"><ele>1329.0</ele><time>2024-05-12T15:57:58Z</time></trkpt>
<trkpt lat="34.297195" lon="-117.124703"><ele>1327.8</ele><time>2024-05-12T15:58:22Z</time></trkpt>
<trkpt lat="34.297883" lon="-117.124780"><ele>1321.2</ele><time>2024-05-12T15:59:34Z</time></trkpt>
<trkpt lat="34.297969" lon="-117.124894"><ele>1320.2</ele><time>2024-05-12T15:59:43Z</time></trkpt>
<trkpt lat="34.298334" lon="-117.124689"><ele>1320.2</ele><time>2024-05-12T15:59:51Z</time></trkpt>
<trkpt lat="34.298583" lon="-117.124783"><ele>1319.0</ele><time>2024-05-12T16:00:22Z</time></trkpt>
<trkpt lat="34.298644" lon="-117.124734"><ele>1318.6</ele><time>2024-05-12T16:00:28Z</time></trkpt>
<trkpt lat="34.298744" lon="-117.124946"><ele>1320.0</ele><time>2024-05-12T16:01:02Z</time></trkpt>
<trkpt lat="34.298710" lon="-117.124973"><ele>1320.4</ele><time>2024-05-12T16:01:08Z</time></trkpt>
<trkpt lat="34.298921" lon="-117.125071"><ele>1320.6</ele><time>2024-05-12T16:01:28Z</time></trkpt>
<trkpt lat="34.298963" lon="-117.125267"><ele>1319.8</ele><time>2024-05-12T16:01:42Z</time></trkpt>
<trkpt lat="34.299592" lon="-117.124892"><ele>1319.2</ele><time>2024-05-12T16:01:52Z</time></trkpt>
<trkpt lat="34.300113" lon="-117.124868"><ele>1316.8</ele><time>2024-05-12T16:02:28Z</time></trkpt>
<trkpt lat="34.300497" lon="-117.124779"><ele>1318.4</ele><time>2024-05-12T16:03:20Z</time></trkpt>
<trkpt lat="34.300583" lon="-117.124816"><ele>1318.6</ele><time>2024-05-12T16:03:28Z</time></trkpt>
<trkpt lat="34.300803" lon="-117.125112"><ele>1315.8</ele><time>2024-05-12T16:03:56Z</time></trkpt>
<trkpt lat="34.300843" lon="-117.125847"><ele>1321.4</ele><time>2024-05-12T16:05:28Z</time></trkpt>
<trkpt lat="34.300771" lon="-117.126149"><ele>1319.8</ele><time>2024-05-12T16:05:45Z</time></trkpt>
<trkpt lat="34.300638" lon="-117.126252"><ele>1319.4</ele><time>2024-05-12T16:05:47Z</time></trkpt>
<trkpt lat="34.300319" lon="-117.126761"><ele>1316.4</ele><time>2024-05-12T16:06:30Z</time></trkpt>
<trkpt lat="34.300341" lon="-117.127356"><ele>1313.0</ele><time>2024-05-12T16:07:06Z</time></trkpt>
<trkpt lat="34.300468" lon="-117.128108"><ele>1310.2</ele><time>2024-05-12T16:07:46Z</time></trkpt>
<trkpt lat="34.300617" lon="-117.128107"><ele>1310.4</ele><time>2024-05-12T16:07:55Z</time></trkpt>
<trkpt lat="34.300527" lon="-117.128282"><ele>1309.0</ele><time>2024-05-12T16:09:59Z</time></trkpt>
<trkpt lat="34.300766" lon="-117.128275"><ele>1309.0</ele><time>2024-05-12T16:10:03Z</time></trkpt>
<trkpt lat="34.300515" lon="-117.128266"><ele>1309.0</ele><time>2024-05-12T16:10:04Z</time></trkpt>
<trkpt lat="34.300472" lon="-117.128353"><ele>1309.2</ele><time>2024-05-12T16:10:12Z</time></trkpt>
<trkpt lat="34.300533" lon="-117.128359"><ele>1309.0</ele><time>2024-05-12T16:10:41Z</time></trkpt>
<trkpt lat="34.300349" lon="-117.128259"><ele>1309.0</ele><time>2024-05-12T16:10:43Z</time></trkpt>
<trkpt lat="34.300658" lon="-117.128232"><ele>1309.2</ele><time>2024-05-12T16:10:54Z</time></trkpt>
<trkpt lat="34.300481" lon="-117.128239"><ele>1310.2</ele><time>2024-05-12T16:12:55Z</time></trkpt>
<trkpt lat="34.300798" lon="-117.128319"><ele>1310.0</ele><time>2024-05-12T16:13:14Z</time></trkpt>
<trkpt lat="34.300770" lon="-117.128432"><ele>1309.4</ele><time>2024-05-12T16:13:28Z</time></trkpt>
<trkpt lat="34.300819" lon="-117.128602"><ele>1309.6</ele><time>2024-05-12T16:13:46Z</time></trkpt>
<trkpt lat="34.300936" lon="-117.128809"><ele>1309.8</ele><time>2024-05-12T16:14:00Z</time></trkpt>
<trkpt lat="34.301071" lon="-117.128890"><ele>1311.0</ele><time>2024-05-12T16:14:10Z</time></trkpt>
<trkpt lat="34.301293" lon="-117.128942"><ele>1311.8</ele><time>2024-05-12T16:14:26Z</time></trkpt>
<trkpt lat="34.301564" lon="-117.128868"><ele>1313.8</ele><time>2024-05-12T16:14:54Z</time></trkpt>
<trkpt lat="34.302479" lon="-117.129339"><ele>1304.0</ele><time>2024-05-12T16:16:08Z</time></trkpt>
<trkpt lat="34.302704" lon="-117.129245"><ele>1304.4</ele><time>2024-05-12T16:16:24Z</time></trkpt>
<trkpt lat="34.302909" lon="-117.129336"><ele>1304.6</ele><time>2024-05-12T16:16:43Z</time></trkpt>
<trkpt lat="34.302662" lon="-117.129435"><ele>1305.0</ele><time>2024-05-12T16:16:52Z</time></trkpt>
<trkpt lat="34.302901" lon="-117.129450"><ele>1304.2</ele><time>2024-05-12T16:17:10Z</time></trkpt>
<trkpt lat="34.303000" lon="-117.129937"><ele>1305.2</ele><time>2024-05-12T16:17:56Z</time></trkpt>
<trkpt lat="34.303426" lon="-117.130523"><ele>1308.0</ele><time>2024-05-12T16:18:50Z</time></trkpt>
<trkpt lat="34.304086" lon="-117.130790"><ele>1313.2</ele><time>2024-05-12T16:19:40Z</time></trkpt>
<trkpt lat="34.304673" lon="-117.130844"><ele>1314.4</ele><time>2024-05-12T16:20:50Z</time></trkpt>
<trkpt lat="34.304667" lon="-117.130909"><ele>1312.6</ele><time>2024-05-12T16:20:58Z</time></trkpt>
<trkpt lat="34.304741" lon="-117.130951"><ele>1311.6</ele><time>2024-05-12T16:21:06Z</time></trkpt>
<trkpt lat="34.304891" lon="-117.131030"><ele>1310.4</ele><time>2024-05-12T16:21:24Z</time></trkpt>
<trkpt lat="34.304974" lon="-117.130983"><ele>1309.2</ele><time>2024-05-12T16:21:32Z</time></trkpt>
<trkpt lat="34.305177" lon="-117.131106"><ele>1305.8</ele><time>2024-05-12T16:21:56Z</time></trkpt>
<trkpt lat="34.305738" lon="-117.131489"><ele>1298.0</ele><time>2024-05-12T16:22:48Z</time></trkpt>
<trkpt lat="34.305820" lon="-117.131606"><ele>1297.2</ele><time>2024-05-12T16:22:57Z</time></trkpt>
<trkpt lat="34.305899" lon="-117.131873"><ele>1294.8</ele><time>2024-05-12T16:23:12Z</time></trkpt>
<trkpt lat="34.305608" lon="-117.132350"><ele>1297.8</ele><time>2024-05-12T16:24:12Z</time></trkpt>
<trkpt lat="34.305485" lon="-117.132696"><ele>1301.2</ele><time>2024-05-12T16:24:43Z</time></trkpt>
<trkpt lat="34.305307" lon="-117.132866"><ele>1301.4</ele><time>2024-05-12T16:24:50Z</time></trkpt>
<trkpt lat="34.305351" lon="-117.132953"><ele>1301.2</ele><time>2024-05-12T16:24:56Z</time></trkpt>
<trkpt lat="34.305204" lon="-117.133351"><ele>1304.2</ele><time>2024-05-12T16:25:36Z</time></trkpt>
<trkpt lat="34.305227" lon="-117.133825"><ele>1301.2</ele><time>2024-05-12T16:26:22Z</time></trkpt>
<trkpt lat="34.305167" lon="-117.134161"><ele>1300.4</ele><time>2024-05-12T16:26:45Z</time></trkpt>
<trkpt lat="34.305313" lon="-117.134205"><ele>1300.6</ele><time>2024-05-12T16:26:50Z</time></trkpt>
<trkpt lat="34.305407" lon="-117.134319"><ele>1300.8</ele><time>2024-05-12T16:27:01Z</time></trkpt>
<trkpt lat="34.305699" lon="-117.134396"><ele>1304.0</ele><time>2024-05-12T16:27:35Z</time></trkpt>
<trkpt lat="34.305580" lon="-117.135077"><ele>1300.2</ele><time>2024-05-12T16:28:45Z</time></trkpt>
<trkpt lat="34.305480" lon="-117.135111"><ele>1298.8</ele><time>2024-05-12T16:30:20Z</time></trkpt>
<trkpt lat="34.305536" lon="-117.135058"><ele>1298.4</ele><time>2024-05-12T16:30:45Z</time></trkpt>
<trkpt lat="34.305516" lon="-117.135108"><ele>1298.8</ele><time>2024-05-12T16:30:51Z</time></trkpt>
<trkpt lat="34.305504" lon="-117.135028"><ele>1299.2</ele><time>2024-05-12T16:30:59Z</time></trkpt>
<trkpt lat="34.305551" lon="-117.135042"><ele>1297.0</ele><time>2024-05-12T16:32:33Z</time></trkpt>
<trkpt lat="34.305527" lon="-117.135082"><ele>1297.2</ele><time>2024-05-12T16:33:01Z</time></trkpt>
<trkpt lat="34.305591" lon="-117.135050"><ele>1297.0</ele><time>2024-05-12T16:34:39Z</time></trkpt>
<trkpt lat="34.305492" lon="-117.135110"><ele>1298.8</ele><time>2024-05-12T16:36:51Z</time></trkpt>
<trkpt lat="34.305555" lon="-117.135116"><ele>1298.8</ele><time>2024-05-12T16:36:58Z</time></trkpt>
<trkpt lat="34.305392" lon="-117.135157"><ele>1298.6</ele><time>2024-05-12T16:38:44Z</time></trkpt>
<trkpt lat="34.305538" lon="-117.135052"><ele>1298.6</ele><time>2024-05-12T16:38:50Z</time></trkpt>
<trkpt lat="34.305621" lon="-117.135138"><ele>1298.8</ele><time>2024-05-12T16:38:52Z</time></trkpt>
<trkpt lat="34.305658" lon="-117.135054"><ele>1299.8</ele><time>2024-05-12T16:38:58Z</time></trkpt>
<trkpt lat="34.305906" lon="-117.134913"><ele>1300.2</ele><time>2024-05-12T16:39:38Z</time></trkpt>
<trkpt lat="34.306312" lon="-117.135009"><ele>1298.0</ele><time>2024-05-12T16:40:14Z</time></trkpt>
<trkpt lat="34.306820" lon="-117.135253"><ele>1295.8</ele><time>2024-05-12T16:40:47Z</time></trkpt>
<trkpt lat="34.307087" lon="-117.135651"><ele>1296.2</ele><time>2024-05-12T16:41:26Z</time></trkpt>
<trkpt lat="34.307293" lon="-117.136342"><ele>1290.6</ele><time>2024-05-12T16:42:18Z</time></trkpt>
<trkpt lat="34.307288" lon="-117.136745"><ele>1286.4</ele><time>2024-05-12T16:42:45Z</time></trkpt>
<trkpt lat="34.307343" lon="-117.136790"><ele>1285.2</ele><time>2024-05-12T16:42:51Z</time></trkpt>
<trkpt lat="34.307295" lon="-117.136927"><ele>1284.2</ele><time>2024-05-12T16:43:03Z</time></trkpt>
<trkpt lat="34.307383" lon="-117.137316"><ele>1283.6</ele><time>2024-05-12T16:43:24Z</time></trkpt>
<trkpt lat="34.307553" lon="-117.137416"><ele>1285.6</ele><time>2024-05-12T16:43:36Z</time></trkpt>
<trkpt lat="34.307618" lon="-117.137597"><ele>1283.4</ele><time>2024-05-12T16:44:00Z</time></trkpt>
<trkpt lat="34.307491" lon="-117.137964"><ele>1284.8</ele><time>2024-05-12T16:44:36Z</time></trkpt>
<trkpt lat="34.307561" lon="-117.138280"><ele>1286.0</ele><time>2024-05-12T16:44:48Z</time></trkpt>
<trkpt lat="34.307556" lon="-117.138742"><ele>1288.6</ele><time>2024-05-12T16:45:22Z</time></trkpt>
<trkpt lat="34.307692" lon="-117.139075"><ele>1287.4</ele><time>2024-05-12T16:45:50Z</time></trkpt>
<trkpt lat="34.307896" lon="-117.139288"><ele>1287.8</ele><time>2024-05-12T16:46:14Z</time></trkpt>
<trkpt lat="34.308190" lon="-117.139446"><ele>1288.2</ele><time>2024-05-12T16:46:44Z</time></trkpt>
<trkpt lat="34.308127" lon="-117.139433"><ele>1289.0</ele><time>2024-05-12T16:47:00Z</time></trkpt>
<trkpt lat="34.308760" lon="-117.139525"><ele>1288.8</ele><time>2024-05-12T16:48:28Z</time></trkpt>
<trkpt lat="34.308854" lon="-117.139653"><ele>1289.2</ele><time>2024-05-12T16:48:44Z</time></trkpt>
<trkpt lat="34.309370" lon="-117.139462"><ele>1293.0</ele><time>2024-05-12T16:49:24Z</time></trkpt>
<trkpt lat="34.309999" lon="-117.139403"><ele>1301.8</ele><time>2024-05-12T16:50:51Z</time></trkpt>
<trkpt lat="34.310196" lon="-117.139136"><ele>1309.6</ele><time>2024-05-12T16:51:48Z</time></trkpt>
<trkpt lat="34.310434" lon="-117.138681"><ele>1303.0</ele><time>2024-05-12T16:52:28Z</time></trkpt>
<trkpt lat="34.310630" lon="-117.138481"><ele>1303.2</ele><time>2024-05-12T16:52:46Z</time></trkpt>
<trkpt lat="34.310653" lon="-117.138281"><ele>1302.8</ele><time>2024-05-12T16:53:03Z</time></trkpt>
<trkpt lat="34.311340" lon="-117.138227"><ele>1308.8</ele><time>2024-05-12T16:54:20Z</time></trkpt>
<trkpt lat="34.311671" lon="-117.138300"><ele>1308.2</ele><time>2024-05-12T16:54:44Z</time></trkpt>
<trkpt lat="34.311656" lon="-117.138458"><ele>1306.4</ele><time>2024-05-12T16:54:58Z</time></trkpt>
<trkpt lat="34.312075" lon="-117.138833"><ele>1309.4</ele><time>2024-05-12T16:55:56Z</time></trkpt>
<trkpt lat="34.312659" lon="-117.139137"><ele>1308.0</ele><time>2024-05-12T16:56:44Z</time></trkpt>
<trkpt lat="34.312762" lon="-117.139076"><ele>1307.8</ele><time>2024-05-12T16:56:49Z</time></trkpt>
<trkpt lat="34.312873" lon="-117.139124"><ele>1306.6</ele><time>2024-05-12T16:57:04Z</time></trkpt>
<trkpt lat="34.313204" lon="-117.139524"><ele>1305.4</ele><time>2024-05-12T16:57:56Z</time></trkpt>
<trkpt lat="34.313374" lon="-117.139611"><ele>1304.4</ele><time>2024-05-12T16:58:08Z</time></trkpt>
<trkpt lat="34.313578" lon="-117.140012"><ele>1302.6</ele><time>2024-05-12T16:58:47Z</time></trkpt>
<trkpt lat="34.313614" lon="-117.139971"><ele>1302.8</ele><time>2024-05-12T16:58:49Z</time></trkpt>
<trkpt lat="34.313650" lon="-117.140141"><ele>1304.2</ele><time>2024-05-12T16:59:01Z</time></trkpt>
<trkpt lat="34.314180" lon="-117.140395"><ele>1303.6</ele><time>2024-05-12T17:00:12Z</time></trkpt>
<trkpt lat="34.314589" lon="-117.140251"><ele>1299.8</ele><time>2024-05-12T17:00:44Z</time></trkpt>
<trkpt lat="34.314736" lon="-117.140418"><ele>1299.4</ele><time>2024-05-12T17:00:59Z</time></trkpt>
<trkpt lat="34.315311" lon="-117.140136"><ele>1293.6</ele><time>2024-05-12T17:02:30Z</time></trkpt>
<trkpt lat="34.315456" lon="-117.139991"><ele>1293.4</ele><time>2024-05-12T17:02:44Z</time></trkpt>
<trkpt lat="34.315606" lon="-117.139986"><ele>1293.2</ele><time>2024-05-12T17:02:52Z</time></trkpt>
<trkpt lat="34.315748" lon="-117.139846"><ele>1289.2</ele><time>2024-05-12T17:03:18Z</time></trkpt>
<trkpt lat="34.315992" lon="-117.139729"><ele>1287.2</ele><time>2024-05-12T17:03:54Z</time></trkpt>
<trkpt lat="34.316171" lon="-117.139525"><ele>1282.8</ele><time>2024-05-12T17:04:16Z</time></trkpt>
<trkpt lat="34.316458" lon="-117.139611"><ele>1278.2</ele><time>2024-05-12T17:04:42Z</time></trkpt>
<trkpt lat="34.316570" lon="-117.139770"><ele>1276.2</ele><time>2024-05-12T17:04:53Z</time></trkpt>
<trkpt lat="34.316580" lon="-117.140244"><ele>1272.4</ele><time>2024-05-12T17:05:28Z</time></trkpt>
<trkpt lat="34.316703" lon="-117.140664"><ele>1270.6</ele><time>2024-05-12T17:05:56Z</time></trkpt>
<trkpt lat="34.317261" lon="-117.141021"><ele>1271.2</ele><time>2024-05-12T17:06:48Z</time></trkpt>
<trkpt lat="34.317469" lon="-117.141453"><ele>1267.8</ele><time>2024-05-12T17:07:18Z</time></trkpt>
<trkpt lat="34.317471" lon="-117.141890"><ele>1265.2</ele><time>2024-05-12T17:07:58Z</time></trkpt>
<trkpt lat="34.317553" lon="-117.142127"><ele>1264.4</ele><time>2024-05-12T17:08:32Z</time></trkpt>
<trkpt lat="34.317743" lon="-117.142400"><ele>1263.6</ele><time>2024-05-12T17:08:49Z</time></trkpt>
<trkpt lat="34.317682" lon="-117.142521"><ele>1262.2</ele><time>2024-05-12T17:08:59Z</time></trkpt>
<trkpt lat="34.317817" lon="-117.142898"><ele>1259.8</ele><time>2024-05-12T17:09:38Z</time></trkpt>
<trkpt lat="34.317944" lon="-117.142922"><ele>1257.6</ele><time>2024-05-12T17:09:50Z</time></trkpt>
<trkpt lat="34.318226" lon="-117.143152"><ele>1254.4</ele><time>2024-05-12T17:10:36Z</time></trkpt>
<trkpt lat="34.318307" lon="-117.143368"><ele>1253.2</ele><time>2024-05-12T17:10:46Z</time></trkpt>
<trkpt lat="34.318439" lon="-117.143443"><ele>1251.0</ele><time>2024-05-12T17:10:58Z</time></trkpt>
<trkpt lat="34.318572" lon="-117.143907"><ele>1247.6</ele><time>2024-05-12T17:11:54Z</time></trkpt>
<trkpt lat="34.318552" lon="-117.144363"><ele>1244.4</ele><time>2024-05-12T17:12:38Z</time></trkpt>
<trkpt lat="34.318709" lon="-117.144457"><ele>1242.8</ele><time>2024-05-12T17:12:51Z</time></trkpt>
<trkpt lat="34.318708" lon="-117.144407"><ele>1242.8</ele><time>2024-05-12T17:12:53Z</time></trkpt>
<trkpt lat="34.318836" lon="-117.144394"><ele>1242.0</ele><time>2024-05-12T17:13:04Z</time></trkpt>
<trkpt lat="34.319163" lon="-117.144472"><ele>1240.0</ele><time>2024-05-12T17:13:30Z</time></trkpt>
<trkpt lat="34.319356" lon="-117.144810"><ele>1236.4</ele><time>2024-05-12T17:14:02Z</time></trkpt>
<trkpt lat="34.319597" lon="-117.144901"><ele>1233.4</ele><time>2024-05-12T17:14:26Z</time></trkpt>
<trkpt lat="34.319720" lon="-117.145019"><ele>1230.4</ele><time>2024-05-12T17:14:46Z</time></trkpt>
<trkpt lat="34.319951" lon="-117.145017"><ele>1228.0</ele><time>2024-05-12T17:15:00Z</time></trkpt>
<trkpt lat="34.320078" lon="-117.145212"><ele>1225.2</ele><time>2024-05-12T17:15:28Z</time></trkpt>
<trkpt lat="34.320373" lon="-117.145418"><ele>1223.0</ele><time>2024-05-12T17:16:04Z</time></trkpt>
<trkpt lat="34.320605" lon="-117.145441"><ele>1221.8</ele><time>2024-05-12T17:16:22Z</time></trkpt>
<trkpt lat="34.320748" lon="-117.145710"><ele>1220.4</ele><time>2024-05-12T17:16:42Z</time></trkpt>
<trkpt lat="34.320714" lon="-117.145797"><ele>1220.2</ele><time>2024-05-12T17:16:44Z</time></trkpt>
<trkpt lat="34.320782" lon="-117.145741"><ele>1220.0</ele><time>2024-05-12T17:16:45Z</time></trkpt>
<trkpt lat="34.320797" lon="-117.145830"><ele>1219.6</ele><time>2024-05-12T17:16:50Z</time></trkpt>
<trkpt lat="34.320667" lon="-117.145828"><ele>1219.4</ele><time>2024-05-12T17:16:58Z</time></trkpt>
<trkpt lat="34.320676" lon="-117.146008"><ele>1219.0</ele><time>2024-05-12T17:18:50Z</time></trkpt>
<trkpt lat="34.320637" lon="-117.145954"><ele>1219.0</ele><time>2024-05-12T17:18:53Z</time></trkpt>
<trkpt lat="34.320685" lon="-117.145919"><ele>1218.8</ele><time>2024-05-12T17:20:47Z</time></trkpt>
<trkpt lat="34.320607" lon="-117.145919"><ele>1218.6</ele><time>2024-05-12T17:20:54Z</time></trkpt>
<trkpt lat="34.320728" lon="-117.145932"><ele>1219.2</ele><time>2024-05-12T17:22:48Z</time></trkpt>
<trkpt lat="34.320635" lon="-117.145930"><ele>1218.8</ele><time>2024-05-12T17:22:54Z</time></trkpt>
<trkpt lat="34.320693" lon="-117.146143"><ele>1220.0</ele><time>2024-05-12T17:24:45Z</time></trkpt>
<trkpt lat="34.320579" lon="-117.145972"><ele>1219.8</ele><time>2024-05-12T17:24:49Z</time></trkpt>
<trkpt lat="34.320653" lon="-117.145949"><ele>1219.6</ele><time>2024-05-12T17:24:51Z</time></trkpt>
<trkpt lat="34.320626" lon="-117.145879"><ele>1219.2</ele><time>2024-05-12T17:25:01Z</time></trkpt>
<trkpt lat="34.320528" lon="-117.145862"><ele>1218.8</ele><time>2024-05-12T17:26:43Z</time></trkpt>
<trkpt lat="34.320550" lon="-117.145976"><ele>1218.6</ele><time>2024-05-12T17:26:47Z</time></trkpt>
<trkpt lat="34.320606" lon="-117.145907"><ele>1218.2</ele><time>2024-05-12T17:27:02Z</time></trkpt>
<trkpt lat="34.320483" lon="-117.145813"><ele>1217.0</ele><time>2024-05-12T17:27:41Z</time></trkpt>
<trkpt lat="34.320634" lon="-117.145951"><ele>1216.4</ele><time>2024-05-12T17:27:58Z</time></trkpt>
<trkpt lat="34.320659" lon="-117.146049"><ele>1217.4</ele><time>2024-05-12T17:29:38Z</time></trkpt>
<trkpt lat="34.320636" lon="-117.145917"><ele>1217.6</ele><time>2024-05-12T17:29:50Z</time></trkpt>
<trkpt lat="34.320532" lon="-117.146067"><ele>1217.2</ele><time>2024-05-12T17:30:14Z</time></trkpt>
<trkpt lat="34.320631" lon="-117.146201"><ele>1217.0</ele><time>2024-05-12T17:30:40Z</time></trkpt>
<trkpt lat="34.320768" lon="-117.146310"><ele>1220.2</ele><time>2024-05-12T17:31:02Z</time></trkpt>
<trkpt lat="34.320852" lon="-117.146138"><ele>1222.2</ele><time>2024-05-12T17:31:28Z</time></trkpt>
<trkpt lat="34.321138" lon="-117.146065"><ele>1223.6</ele><time>2024-05-12T17:31:47Z</time></trkpt>
<trkpt lat="34.321502" lon="-117.146575"><ele>1223.8</ele><time>2024-05-12T17:32:48Z</time></trkpt>
<trkpt lat="34.321821" lon="-117.146769"><ele>1224.4</ele><time>2024-05-12T17:33:30Z</time></trkpt>
<trkpt lat="34.321977" lon="-117.146990"><ele>1225.6</ele><time>2024-05-12T17:33:44Z</time></trkpt>
<trkpt lat="34.322090" lon="-117.146865"><ele>1225.6</ele><time>2024-05-12T17:33:47Z</time></trkpt>
<trkpt lat="34.322272" lon="-117.147160"><ele>1226.4</ele><time>2024-05-12T17:34:22Z</time></trkpt>
<trkpt lat="34.322334" lon="-117.147520"><ele>1227.6</ele><time>2024-05-12T17:34:56Z</time></trkpt>
<trkpt lat="34.322734" lon="-117.147366"><ele>1230.8</ele><time>2024-05-12T17:35:38Z</time></trkpt>
<trkpt lat="34.322840" lon="-117.147388"><ele>1231.2</ele><time>2024-05-12T17:35:43Z</time></trkpt>
<trkpt lat="34.322754" lon="-117.147359"><ele>1231.2</ele><time>2024-05-12T17:35:44Z</time></trkpt>
<trkpt lat="34.322822" lon="-117.147155"><ele>1231.8</ele><time>2024-05-12T17:35:54Z</time></trkpt>
<trkpt lat="34.323559" lon="-117.146163"><ele>1239.6</ele><time>2024-05-12T17:37:43Z</time></trkpt>
<trkpt lat="34.323936" lon="-117.145147"><ele>1241.8</ele><time>2024-05-12T17:39:32Z</time></trkpt>
<trkpt lat="34.324096" lon="-117.144945"><ele>1241.6</ele><time>2024-05-12T17:39:45Z</time></trkpt>
<trkpt lat="34.324840" lon="-117.145995"><ele>1236.2</ele><time>2024-05-12T17:41:44Z</time></trkpt>
<trkpt lat="34.325214" lon="-117.146358"><ele>1235.6</ele><time>2024-05-12T17:42:18Z</time></trkpt>
<trkpt lat="34.325615" lon="-117.147051"><ele>1231.8</ele><time>2024-05-12T17:43:20Z</time></trkpt>
<trkpt lat="34.325679" lon="-117.147218"><ele>1230.4</ele><time>2024-05-12T17:43:48Z</time></trkpt>
<trkpt lat="34.325745" lon="-117.148159"><ele>1226.6</ele><time>2024-05-12T17:45:46Z</time></trkpt>
<trkpt lat="34.325651" lon="-117.148164"><ele>1226.0</ele><time>2024-05-12T17:45:53Z</time></trkpt>
<trkpt lat="34.325394" lon="-117.148744"><ele>1224.6</ele><time>2024-05-12T17:46:20Z</time></trkpt>
<trkpt lat="34.324731" lon="-117.149353"><ele>1221.8</ele><time>2024-05-12T17:47:46Z</time></trkpt>
<trkpt lat="34.324036" lon="-117.149809"><ele>1217.6</ele><time>2024-05-12T17:49:06Z</time></trkpt>
<trkpt lat="34.323821" lon="-117.150086"><ele>1217.2</ele><time>2024-05-12T17:49:43Z</time></trkpt>
<trkpt lat="34.323807" lon="-117.150223"><ele>1216.6</ele><time>2024-05-12T17:49:52Z</time></trkpt>
<trkpt lat="34.323647" lon="-117.150226"><ele>1217.0</ele><time>2024-05-12T17:49:58Z</time></trkpt>
<trkpt lat="34.323177" lon="-117.151030"><ele>1220.8</ele><time>2024-05-12T17:51:18Z</time></trkpt>
<trkpt lat="34.322951" lon="-117.151178"><ele>1222.2</ele><time>2024-05-12T17:51:47Z</time></trkpt>
<trkpt lat="34.322753" lon="-117.151213"><ele>1224.0</ele><time>2024-05-12T17:52:10Z</time></trkpt>
<trkpt lat="34.322612" lon="-117.151820"><ele>1224.0</ele><time>2024-05-12T17:53:04Z</time></trkpt>
<trkpt lat="34.322382" lon="-117.152040"><ele>1223.8</ele><time>2024-05-12T17:53:43Z</time></trkpt>
<trkpt lat="34.322216" lon="-117.152068"><ele>1223.0</ele><time>2024-05-12T17:54:03Z</time></trkpt>
<trkpt lat="34.321912" lon="-117.152452"><ele>1221.2</ele><time>2024-05-12T17:55:08Z</time></trkpt>
<trkpt lat="34.321807" lon="-117.152498"><ele>1221.4</ele><time>2024-05-12T17:55:36Z</time></trkpt>
<trkpt lat="34.322093" lon="-117.152421"><ele>1222.2</ele><time>2024-05-12T17:55:58Z</time></trkpt>
<trkpt lat="34.323020" lon="-117.152549"><ele>1224.0</ele><time>2024-05-12T17:57:44Z</time></trkpt>
<trkpt lat="34.323009" lon="-117.152753"><ele>1223.6</ele><time>2024-05-12T17:57:53Z</time></trkpt>
<trkpt lat="34.323792" lon="-117.152369"><ele>1219.0</ele><time>2024-05-12T17:59:17Z</time></trkpt>
<trkpt lat="34.323713" lon="-117.152395"><ele>1217.8</ele><time>2024-05-12T17:59:45Z</time></trkpt>
<trkpt lat="34.324315" lon="-117.152698"><ele>1213.6</ele><time>2024-05-12T18:00:30Z</time></trkpt>
<trkpt lat="34.324650" lon="-117.152951"><ele>1208.0</ele><time>2024-05-12T18:01:18Z</time></trkpt>
<trkpt lat="34.325138" lon="-117.152973"><ele>1204.6</ele><time>2024-05-12T18:01:57Z</time></trkpt>
<trkpt lat="34.325656" lon="-117.153455"><ele>1203.2</ele><time>2024-05-12T18:03:44Z</time></trkpt>
<trkpt lat="34.325736" lon="-117.153457"><ele>1203.0</ele><time>2024-05-12T18:04:01Z</time></trkpt>
<trkpt lat="34.325608" lon="-117.154196"><ele>1204.6</ele><time>2024-05-12T18:05:42Z</time></trkpt>
<trkpt lat="34.325643" lon="-117.154245"><ele>1204.6</ele><time>2024-05-12T18:05:45Z</time></trkpt>
<trkpt lat="34.325529" lon="-117.154421"><ele>1203.6</ele><time>2024-05-12T18:05:58Z</time></trkpt>
<trkpt lat="34.325459" lon="-117.154780"><ele>1205.0</ele><time>2024-05-12T18:06:58Z</time></trkpt>
<trkpt lat="34.325594" lon="-117.155286"><ele>1205.8</ele><time>2024-05-12T18:07:50Z</time></trkpt>
<trkpt lat="34.325490" lon="-117.155461"><ele>1205.0</ele><time>2024-05-12T18:07:57Z</time></trkpt>
<trkpt lat="34.325723" lon="-117.156383"><ele>1204.2</ele><time>2024-05-12T18:09:18Z</time></trkpt>
<trkpt lat="34.325900" lon="-117.156823"><ele>1201.6</ele><time>2024-05-12T18:09:45Z</time></trkpt>
<trkpt lat="34.325983" lon="-117.156841"><ele>1201.4</ele><time>2024-05-12T18:09:48Z</time></trkpt>
<trkpt lat="34.325857" lon="-117.157040"><ele>1200.4</ele><time>2024-05-12T18:10:00Z</time></trkpt>
<trkpt lat="34.325975" lon="-117.157372"><ele>1197.0</ele><time>2024-05-12T18:10:38Z</time></trkpt>
<trkpt lat="34.326439" lon="-117.157776"><ele>1191.6</ele><time>2024-05-12T18:11:26Z</time></trkpt>
<trkpt lat="34.326528" lon="-117.158205"><ele>1188.4</ele><time>2024-05-12T18:11:52Z</time></trkpt>
<trkpt lat="34.326618" lon="-117.158148"><ele>1187.0</ele><time>2024-05-12T18:11:59Z</time></trkpt>
<trkpt lat="34.326565" lon="-117.159671"><ele>1183.6</ele><time>2024-05-12T18:13:46Z</time></trkpt>
<trkpt lat="34.326905" lon="-117.159287"><ele>1183.0</ele><time>2024-05-12T18:13:57Z</time></trkpt>
<trkpt lat="34.327265" lon="-117.159071"><ele>1182.4</ele><time>2024-05-12T18:13:59Z</time></trkpt>
<trkpt lat="34.327308" lon="-117.160340"><ele>1178.0</ele><time>2024-05-12T18:15:03Z</time></trkpt>
<trkpt lat="34.327364" lon="-117.160637"><ele>1176.0</ele><time>2024-05-12T18:15:19Z</time></trkpt>
<trkpt lat="34.327338" lon="-117.160913"><ele>1173.8</ele><time>2024-05-12T18:15:39Z</time></trkpt>
<trkpt lat="34.327001" lon="-117.161396"><ele>1172.2</ele><time>2024-05-12T18:15:52Z</time></trkpt>
<trkpt lat="34.327269" lon="-117.161364"><ele>1172.2</ele><time>2024-05-12T18:15:53Z</time></trkpt>
<trkpt lat="34.327573" lon="-117.161019"><ele>1171.6</ele><time>2024-05-12T18:15:58Z</time></trkpt>
<trkpt lat="34.328701" lon="-117.160841"><ele>1169.4</ele><time>2024-05-12T18:17:27Z</time></trkpt>
<trkpt lat="34.329136" lon="-117.160685"><ele>1167.8</ele><time>2024-05-12T18:17:44Z</time></trkpt>
<trkpt lat="34.329128" lon="-117.160748"><ele>1167.2</ele><time>2024-05-12T18:17:46Z</time></trkpt>
<trkpt lat="34.329275" lon="-117.160727"><ele>1166.0</ele><time>2024-05-12T18:17:57Z</time></trkpt>
<trkpt lat="34.329393" lon="-117.161038"><ele>1164.4</ele><time>2024-05-12T18:18:34Z</time></trkpt>
<trkpt lat="34.329624" lon="-117.161152"><ele>1162.4</ele><time>2024-05-12T18:18:54Z</time></trkpt>
<trkpt lat="34.330215" lon="-117.161125"><ele>1156.4</ele><time>2024-05-12T18:19:47Z</time></trkpt>
<trkpt lat="34.330368" lon="-117.161204"><ele>1155.4</ele><time>2024-05-12T18:19:53Z</time></trkpt>
<trkpt lat="34.330542" lon="-117.161620"><ele>1151.0</ele><time>2024-05-12T18:20:30Z</time></trkpt>
<trkpt lat="34.330625" lon="-117.161662"><ele>1151.0</ele><time>2024-05-12T18:20:38Z</time></trkpt>
<trkpt lat="34.330496" lon="-117.162303"><ele>1146.8</ele><time>2024-05-12T18:21:48Z</time></trkpt>
<trkpt lat="34.330629" lon="-117.162174"><ele>1146.8</ele><time>2024-05-12T18:22:01Z</time></trkpt>
<trkpt lat="34.330611" lon="-117.162591"><ele>1144.6</ele><time>2024-05-12T18:23:32Z</time></trkpt>
<trkpt lat="34.330652" lon="-117.162531"><ele>1144.4</ele><time>2024-05-12T18:23:48Z</time></trkpt>
<trkpt lat="34.330609" lon="-117.162661"><ele>1144.4</ele><time>2024-05-12T18:23:58Z</time></trkpt>
<trkpt lat="34.330791" lon="-117.162658"><ele>1143.8</ele><time>2024-05-12T18:25:59Z</time></trkpt>
<trkpt lat="34.331552" lon="-117.162079"><ele>1154.2</ele><time>2024-05-12T18:27:44Z</time></trkpt>
<trkpt lat="34.331790" lon="-117.162016"><ele>1154.2</ele><time>2024-05-12T18:28:03Z</time></trkpt>
<trkpt lat="34.332507" lon="-117.162028"><ele>1157.2</ele><time>2024-05-12T18:29:38Z</time></trkpt>
<trkpt lat="34.332626" lon="-117.162135"><ele>1157.4</ele><time>2024-05-12T18:29:43Z</time></trkpt>
<trkpt lat="34.332767" lon="-117.162052"><ele>1157.4</ele><time>2024-05-12T18:29:46Z</time></trkpt>
<trkpt lat="34.332719" lon="-117.162324"><ele>1157.0</ele><time>2024-05-12T18:29:58Z</time></trkpt>
<trkpt lat="34.333034" lon="-117.162032"><ele>1157.6</ele><time>2024-05-12T18:30:24Z</time></trkpt>
<trkpt lat="34.333696" lon="-117.160988"><ele>1166.2</ele><time>2024-05-12T18:32:42Z</time></trkpt>
<trkpt lat="34.333761" lon="-117.160545"><ele>1164.8</ele><time>2024-05-12T18:33:30Z</time></trkpt>
<trkpt lat="34.333920" lon="-117.160194"><ele>1161.8</ele><time>2024-05-12T18:33:50Z</time></trkpt>
<trkpt lat="34.334044" lon="-117.160175"><ele>1159.6</ele><time>2024-05-12T18:34:03Z</time></trkpt>
<trkpt lat="34.334076" lon="-117.160283"><ele>1158.6</ele><time>2024-05-12T18:34:16Z</time></trkpt>
<trkpt lat="34.334737" lon="-117.160824"><ele>1151.0</ele><time>2024-05-12T18:35:16Z</time></trkpt>
<trkpt lat="34.334885" lon="-117.161141"><ele>1146.6</ele><time>2024-05-12T18:35:44Z</time></trkpt>
<trkpt lat="34.334826" lon="-117.161256"><ele>1146.4</ele><time>2024-05-12T18:35:47Z</time></trkpt>
<trkpt lat="34.334951" lon="-117.161181"><ele>1146.0</ele><time>2024-05-12T18:35:49Z</time></trkpt>
<trkpt lat="34.335136" lon="-117.161172"><ele>1145.8</ele><time>2024-05-12T18:35:57Z</time></trkpt>
<trkpt lat="34.335172" lon="-117.161239"><ele>1145.2</ele><time>2024-05-12T18:36:01Z</time></trkpt>
<trkpt lat="34.335191" lon="-117.161196"><ele>1145.0</ele><time>2024-05-12T18:36:02Z</time></trkpt>
<trkpt lat="34.335363" lon="-117.161487"><ele>1145.0</ele><time>2024-05-12T18:36:13Z</time></trkpt>
<trkpt lat="34.335967" lon="-117.162180"><ele>1148.4</ele><time>2024-05-12T18:37:47Z</time></trkpt>
<trkpt lat="34.335960" lon="-117.162289"><ele>1148.4</ele><time>2024-05-12T18:37:49Z</time></trkpt>
<trkpt lat="34.336104" lon="-117.162355"><ele>1148.8</ele><time>2024-05-12T18:38:00Z</time></trkpt>
<trkpt lat="34.336188" lon="-117.162647"><ele>1148.8</ele><time>2024-05-12T18:38:09Z</time></trkpt>
<trkpt lat="34.336230" lon="-117.163114"><ele>1152.8</ele><time>2024-05-12T18:39:03Z</time></trkpt>
<trkpt lat="34.336175" lon="-117.163826"><ele>1154.8</ele><time>2024-05-12T18:39:44Z</time></trkpt>
<trkpt lat="34.336193" lon="-117.163867"><ele>1155.0</ele><time>2024-05-12T18:39:45Z</time></trkpt>
<trkpt lat="34.336518" lon="-117.163737"><ele>1156.0</ele><time>2024-05-12T18:39:53Z</time></trkpt>
<trkpt lat="34.336477" lon="-117.163759"><ele>1156.2</ele><time>2024-05-12T18:39:54Z</time></trkpt>
<trkpt lat="34.336530" lon="-117.163827"><ele>1157.0</ele><time>2024-05-12T18:40:00Z</time></trkpt>
<trkpt lat="34.336618" lon="-117.164562"><ele>1158.4</ele><time>2024-05-12T18:40:44Z</time></trkpt>
<trkpt lat="34.336669" lon="-117.165364"><ele>1164.0</ele><time>2024-05-12T18:41:46Z</time></trkpt>
<trkpt lat="34.336839" lon="-117.165286"><ele>1165.4</ele><time>2024-05-12T18:41:53Z</time></trkpt>
<trkpt lat="34.336876" lon="-117.165601"><ele>1167.0</ele><time>2024-05-12T18:42:20Z</time></trkpt>
<trkpt lat="34.337017" lon="-117.165876"><ele>1167.6</ele><time>2024-05-12T18:42:42Z</time></trkpt>
<trkpt lat="34.337237" lon="-117.166078"><ele>1169.0</ele><time>2024-05-12T18:43:24Z</time></trkpt>
<trkpt lat="34.337384" lon="-117.166344"><ele>1169.8</ele><time>2024-05-12T18:43:44Z</time></trkpt>
<trkpt lat="34.337518" lon="-117.166353"><ele>1169.8</ele><time>2024-05-12T18:43:49Z</time></trkpt>
<trkpt lat="34.337771" lon="-117.166229"><ele>1170.0</ele><time>2024-05-12T18:43:52Z</time></trkpt>
<trkpt lat="34.337874" lon="-117.166312"><ele>1171.0</ele><time>2024-05-12T18:44:06Z</time></trkpt>
<trkpt lat="34.337875" lon="-117.166409"><ele>1174.4</ele><time>2024-05-12T18:44:54Z</time></trkpt>
<trkpt lat="34.337773" lon="-117.166531"><ele>1175.6</ele><time>2024-05-12T18:45:20Z</time></trkpt>
<trkpt lat="34.337793" lon="-117.166603"><ele>1175.0</ele><time>2024-05-12T18:45:45Z</time></trkpt>
<trkpt lat="34.337689" lon="-117.166895"><ele>1174.8</ele><time>2024-05-12T18:45:51Z</time></trkpt>
<trkpt lat="34.337661" lon="-117.166865"><ele>1174.4</ele><time>2024-05-12T18:45:58Z</time></trkpt>
<trkpt lat="34.337464" lon="-117.167673"><ele>1179.8</ele><time>2024-05-12T18:47:34Z</time></trkpt>
<trkpt lat="34.337321" lon="-117.167951"><ele>1180.6</ele><time>2024-05-12T18:47:43Z</time></trkpt>
<trkpt lat="34.337151" lon="-117.168114"><ele>1181.0</ele><time>2024-05-12T18:47:49Z</time></trkpt>
<trkpt lat="34.337323" lon="-117.167975"><ele>1181.4</ele><time>2024-05-12T18:47:52Z</time></trkpt>
<trkpt lat="34.337259" lon="-117.168078"><ele>1181.6</ele><time>2024-05-12T18:48:00Z</time></trkpt>
<trkpt lat="34.337699" lon="-117.168855"><ele>1183.8</ele><time>2024-05-12T18:49:36Z</time></trkpt>
<trkpt lat="34.337735" lon="-117.169242"><ele>1182.8</ele><time>2024-05-12T18:49:50Z</time></trkpt>
<trkpt lat="34.338048" lon="-117.169137"><ele>1182.6</ele><time>2024-05-12T18:49:56Z</time></trkpt>
<trkpt lat="34.337994" lon="-117.169196"><ele>1182.4</ele><time>2024-05-12T18:50:03Z</time></trkpt>
<trkpt lat="34.338140" lon="-117.169562"><ele>1179.0</ele><time>2024-05-12T18:50:40Z</time></trkpt>
<trkpt lat="34.338280" lon="-117.169855"><ele>1177.8</ele><time>2024-05-12T18:51:04Z</time></trkpt>
<trkpt lat="34.338612" lon="-117.170281"><ele>1173.8</ele><time>2024-05-12T18:51:46Z</time></trkpt>
<trkpt lat="34.338588" lon="-117.170342"><ele>1173.6</ele><time>2024-05-12T18:51:47Z</time></trkpt>
<trkpt lat="34.338750" lon="-117.170354"><ele>1172.0</ele><time>2024-05-12T18:51:57Z</time></trkpt>
<trkpt lat="34.339101" lon="-117.170632"><ele>1167.0</ele><time>2024-05-12T18:52:40Z</time></trkpt>
<trkpt lat="34.339922" lon="-117.171102"><ele>1158.4</ele><time>2024-05-12T18:53:55Z</time></trkpt>
<trkpt lat="34.339988" lon="-117.171760"><ele>1155.0</ele><time>2024-05-12T18:54:42Z</time></trkpt>
<trkpt lat="34.340227" lon="-117.172401"><ele>1150.8</ele><time>2024-05-12T18:55:43Z</time></trkpt>
<trkpt lat="34.340227" lon="-117.172689"><ele>1150.2</ele><time>2024-05-12T18:56:02Z</time></trkpt>
<trkpt lat="34.340371" lon="-117.172833"><ele>1148.8</ele><time>2024-05-12T18:56:26Z</time></trkpt>
<trkpt lat="34.340320" lon="-117.173132"><ele>1145.6</ele><time>2024-05-12T18:57:02Z</time></trkpt>
<trkpt lat="34.340520" lon="-117.173269"><ele>1144.8</ele><time>2024-05-12T18:57:20Z</time></trkpt>
<trkpt lat="34.340719" lon="-117.173228"><ele>1143.6</ele><time>2024-05-12T18:57:43Z</time></trkpt>
<trkpt lat="34.340711" lon="-117.173480"><ele>1142.2</ele><time>2024-05-12T18:57:50Z</time></trkpt>
<trkpt lat="34.340612" lon="-117.173532"><ele>1142.0</ele><time>2024-05-12T18:57:51Z</time></trkpt>
<trkpt lat="34.340623" lon="-117.173683"><ele>1141.2</ele><time>2024-05-12T18:57:59Z</time></trkpt>
<trkpt lat="34.341667" lon="-117.174770"><ele>1132.0</ele><time>2024-05-12T19:00:03Z</time></trkpt>
<trkpt lat="34.342382" lon="-117.175139"><ele>1131.0</ele><time>2024-05-12T19:01:20Z</time></trkpt>
<trkpt lat="34.342705" lon="-117.175479"><ele>1128.0</ele><time>2024-05-12T19:01:44Z</time></trkpt>
<trkpt lat="34.342593" lon="-117.175751"><ele>1126.4</ele><time>2024-05-12T19:01:59Z</time></trkpt>
<trkpt lat="34.342552" lon="-117.176213"><ele>1122.8</ele><time>2024-05-12T19:02:34Z</time></trkpt>
<trkpt lat="34.342214" lon="-117.176718"><ele>1118.4</ele><time>2024-05-12T19:03:18Z</time></trkpt>
<trkpt lat="34.341955" lon="-117.176743"><ele>1114.8</ele><time>2024-05-12T19:03:36Z</time></trkpt>
<trkpt lat="34.341880" lon="-117.176847"><ele>1113.6</ele><time>2024-05-12T19:03:44Z</time></trkpt>
<trkpt lat="34.341917" lon="-117.177001"><ele>1112.6</ele><time>2024-05-12T19:03:50Z</time></trkpt>
<trkpt lat="34.341972" lon="-117.176973"><ele>1112.6</ele><time>2024-05-12T19:03:51Z</time></trkpt>
<trkpt lat="34.341649" lon="-117.176938"><ele>1108.2</ele><time>2024-05-12T19:04:26Z</time></trkpt>
<trkpt lat="34.341433" lon="-117.176816"><ele>1106.0</ele><time>2024-05-12T19:04:46Z</time></trkpt>
<trkpt lat="34.341258" lon="-117.176551"><ele>1101.6</ele><time>2024-05-12T19:05:24Z</time></trkpt>
<trkpt lat="34.341153" lon="-117.176660"><ele>1100.6</ele><time>2024-05-12T19:05:47Z</time></trkpt>
<trkpt lat="34.340820" lon="-117.176668"><ele>1100.4</ele><time>2024-05-12T19:05:51Z</time></trkpt>
<trkpt lat="34.340490" lon="-117.176307"><ele>1097.4</ele><time>2024-05-12T19:06:26Z</time></trkpt>
<trkpt lat="34.340334" lon="-117.176216"><ele>1094.6</ele><time>2024-05-12T19:07:22Z</time></trkpt>
<trkpt lat="34.339812" lon="-117.176241"><ele>1094.6</ele><time>2024-05-12T19:07:52Z</time></trkpt>
<trkpt lat="34.339748" lon="-117.176172"><ele>1094.2</ele><time>2024-05-12T19:08:01Z</time></trkpt>
<trkpt lat="34.339272" lon="-117.176642"><ele>1087.8</ele><time>2024-05-12T19:09:14Z</time></trkpt>
<trkpt lat="34.339031" lon="-117.177088"><ele>1085.2</ele><time>2024-05-12T19:10:06Z</time></trkpt>
<trkpt lat="34.339010" lon="-117.177646"><ele>1083.4</ele><time>2024-05-12T19:11:44Z</time></trkpt>
<trkpt lat="34.338890" lon="-117.177764"><ele>1083.6</ele><time>2024-05-12T19:11:53Z</time></trkpt>
<trkpt lat="34.338929" lon="-117.178392"><ele>1085.0</ele><time>2024-05-12T19:13:44Z</time></trkpt>
<trkpt lat="34.339044" lon="-117.178437"><ele>1084.2</ele><time>2024-05-12T19:13:50Z</time></trkpt>
<trkpt lat="34.339031" lon="-117.178568"><ele>1084.0</ele><time>2024-05-12T19:14:00Z</time></trkpt>
<trkpt lat="34.339143" lon="-117.179008"><ele>1089.2</ele><time>2024-05-12T19:14:50Z</time></trkpt>
<trkpt lat="34.339319" lon="-117.179563"><ele>1089.8</ele><time>2024-05-12T19:15:43Z</time></trkpt>
<trkpt lat="34.339435" lon="-117.179488"><ele>1090.4</ele><time>2024-05-12T19:15:50Z</time></trkpt>
<trkpt lat="34.339331" lon="-117.179596"><ele>1090.8</ele><time>2024-05-12T19:15:52Z</time></trkpt>
<trkpt lat="34.339363" lon="-117.179759"><ele>1091.8</ele><time>2024-05-12T19:16:01Z</time></trkpt>
<trkpt lat="34.340077" lon="-117.180498"><ele>1101.2</ele><time>2024-05-12T19:17:43Z</time></trkpt>
<trkpt lat="34.340116" lon="-117.180469"><ele>1101.2</ele><time>2024-05-12T19:17:45Z</time></trkpt>
<trkpt lat="34.340048" lon="-117.180676"><ele>1101.2</ele><time>2024-05-12T19:17:54Z</time></trkpt>
<trkpt lat="34.340649" lon="-117.180964"><ele>1108.0</ele><time>2024-05-12T19:19:20Z</time></trkpt>
<trkpt lat="34.340999" lon="-117.181095"><ele>1111.0</ele><time>2024-05-12T19:19:44Z</time></trkpt>
<trkpt lat="34.341187" lon="-117.181071"><ele>1111.2</ele><time>2024-05-12T19:19:51Z</time></trkpt>
<trkpt lat="34.341656" lon="-117.181307"><ele>1114.6</ele><time>2024-05-12T19:20:30Z</time></trkpt>
<trkpt lat="34.341989" lon="-117.181305"><ele>1121.0</ele><time>2024-05-12T19:21:28Z</time></trkpt>
<trkpt lat="34.342213" lon="-117.181503"><ele>1122.8</ele><time>2024-05-12T19:21:43Z</time></trkpt>
<trkpt lat="34.341578" lon="-117.181854"><ele>1126.8</ele><time>2024-05-12T19:22:34Z</time></trkpt>
<trkpt lat="34.341181" lon="-117.182234"><ele>1135.0</ele><time>2024-05-12T19:23:43Z</time></trkpt>
<trkpt lat="34.341524" lon="-117.182049"><ele>1134.6</ele><time>2024-05-12T19:23:53Z</time></trkpt>
<trkpt lat="34.341461" lon="-117.182136"><ele>1134.4</ele><time>2024-05-12T19:24:01Z</time></trkpt>
<trkpt lat="34.341511" lon="-117.182240"><ele>1135.8</ele><time>2024-05-12T19:25:16Z</time></trkpt>
<trkpt lat="34.341423" lon="-117.182448"><ele>1136.2</ele><time>2024-05-12T19:25:43Z</time></trkpt>
<trkpt lat="34.341442" lon="-117.182544"><ele>1135.6</ele><time>2024-05-12T19:25:53Z</time></trkpt>
<trkpt lat="34.341150" lon="-117.182837"><ele>1131.6</ele><time>2024-05-12T19:26:30Z</time></trkpt>
<trkpt lat="34.341094" lon="-117.183038"><ele>1129.8</ele><time>2024-05-12T19:26:48Z</time></trkpt>
<trkpt lat="34.340717" lon="-117.183666"><ele>1126.6</ele><time>2024-05-12T19:27:43Z</time></trkpt>
<trkpt lat="34.340714" lon="-117.183928"><ele>1124.0</ele><time>2024-05-12T19:27:59Z</time></trkpt>
<trkpt lat="34.340533" lon="-117.184395"><ele>1121.2</ele><time>2024-05-12T19:28:30Z</time></trkpt>
<trkpt lat="34.340452" lon="-117.185309"><ele>1114.4</ele><time>2024-05-12T19:29:36Z</time></trkpt>
<trkpt lat="34.340206" lon="-117.185260"><ele>1113.2</ele><time>2024-05-12T19:29:53Z</time></trkpt>
<trkpt lat="34.339940" lon="-117.185395"><ele>1110.2</ele><time>2024-05-12T19:30:18Z</time></trkpt>
<trkpt lat="34.339688" lon="-117.185376"><ele>1108.0</ele><time>2024-05-12T19:30:34Z</time></trkpt>
<trkpt lat="34.339391" lon="-117.185473"><ele>1105.6</ele><time>2024-05-12T19:31:44Z</time></trkpt>
<trkpt lat="34.339836" lon="-117.185811"><ele>1109.2</ele><time>2024-05-12T19:33:52Z</time></trkpt>
<trkpt lat="34.339789" lon="-117.185840"><ele>1109.6</ele><time>2024-05-12T19:34:00Z</time></trkpt>
<trkpt lat="34.339877" lon="-117.185828"><ele>1111.4</ele><time>2024-05-12T19:36:03Z</time></trkpt>
<trkpt lat="34.340074" lon="-117.186154"><ele>1115.0</ele><time>2024-05-12T19:37:44Z</time></trkpt>
<trkpt lat="34.340699" lon="-117.186504"><ele>1113.4</ele><time>2024-05-12T19:39:02Z</time></trkpt>
<trkpt lat="34.341086" lon="-117.186628"><ele>1110.2</ele><time>2024-05-12T19:39:47Z</time></trkpt>
<trkpt lat="34.341626" lon="-117.187728"><ele>1098.8</ele><time>2024-05-12T19:41:24Z</time></trkpt>
<trkpt lat="34.341861" lon="-117.187834"><ele>1096.0</ele><time>2024-05-12T19:41:43Z</time></trkpt>
<trkpt lat="34.341890" lon="-117.187947"><ele>1095.6</ele><time>2024-05-12T19:41:46Z</time></trkpt>
<trkpt lat="34.342092" lon="-117.188007"><ele>1093.2</ele><time>2024-05-12T19:41:57Z</time></trkpt>
<trkpt lat="34.342342" lon="-117.188318"><ele>1090.0</ele><time>2024-05-12T19:42:26Z</time></trkpt>
<trkpt lat="34.342002" lon="-117.189131"><ele>1080.2</ele><time>2024-05-12T19:43:30Z</time></trkpt>
<trkpt lat="34.342045" lon="-117.189248"><ele>1079.8</ele><time>2024-05-12T19:43:38Z</time></trkpt>
<trkpt lat="34.341926" lon="-117.189607"><ele>1076.2</ele><time>2024-05-12T19:44:00Z</time></trkpt>
<trkpt lat="34.341641" lon="-117.189652"><ele>1072.8</ele><time>2024-05-12T19:44:20Z</time></trkpt>
<trkpt lat="34.341310" lon="-117.189875"><ele>1069.8</ele><time>2024-05-12T19:44:48Z</time></trkpt>
<trkpt lat="34.340843" lon="-117.189991"><ele>1067.6</ele><time>2024-05-12T19:45:36Z</time></trkpt>
<trkpt lat="34.340715" lon="-117.189946"><ele>1067.4</ele><time>2024-05-12T19:45:45Z</time></trkpt>
<trkpt lat="34.340461" lon="-117.190136"><ele>1066.4</ele><time>2024-05-12T19:46:10Z</time></trkpt>
<trkpt lat="34.340403" lon="-117.190229"><ele>1062.0</ele><time>2024-05-12T19:47:46Z</time></trkpt>
<trkpt lat="34.340438" lon="-117.190094"><ele>1063.2</ele><time>2024-05-12T19:47:54Z</time></trkpt>
<trkpt lat="34.340407" lon="-117.190189"><ele>1064.0</ele><time>2024-05-12T19:47:58Z</time></trkpt>
<trkpt lat="34.340411" lon="-117.190126"><ele>1064.2</ele><time>2024-05-12T19:48:04Z</time></trkpt>
<trkpt lat="34.340103" lon="-117.189974"><ele>1064.8</ele><time>2024-05-12T19:49:49Z</time></trkpt>
<trkpt lat="34.340428" lon="-117.190092"><ele>1065.6</ele><time>2024-05-12T19:49:55Z</time></trkpt>
<trkpt lat="34.340400" lon="-117.190190"><ele>1066.0</ele><time>2024-05-12T19:51:46Z</time></trkpt>
<trkpt lat="34.340391" lon="-117.190104"><ele>1066.0</ele><time>2024-05-12T19:51:51Z</time></trkpt>
<trkpt lat="34.340414" lon="-117.190246"><ele>1065.8</ele><time>2024-05-12T19:52:08Z</time></trkpt>
<trkpt lat="34.341069" lon="-117.190899"><ele>1069.6</ele><time>2024-05-12T19:54:16Z</time></trkpt>
<trkpt lat="34.341745" lon="-117.191137"><ele>1068.0</ele><time>2024-05-12T19:55:30Z</time></trkpt>
<trkpt lat="34.341955" lon="-117.191597"><ele>1068.0</ele><time>2024-05-12T19:55:59Z</time></trkpt>
<trkpt lat="34.342757" lon="-117.192011"><ele>1072.4</ele><time>2024-05-12T19:57:26Z</time></trkpt>
<trkpt lat="34.343091" lon="-117.192428"><ele>1074.6</ele><time>2024-05-12T19:57:54Z</time></trkpt>
<trkpt lat="34.343105" lon="-117.192564"><ele>1075.0</ele><time>2024-05-12T19:58:03Z</time></trkpt>
<trkpt lat="34.343535" lon="-117.192994"><ele>1072.2</ele><time>2024-05-12T19:58:48Z</time></trkpt>
<trkpt lat="34.343656" lon="-117.193417"><ele>1071.4</ele><time>2024-05-12T19:59:24Z</time></trkpt>
<trkpt lat="34.344173" lon="-117.194203"><ele>1073.4</ele><time>2024-05-12T20:00:34Z</time></trkpt>
<trkpt lat="34.344548" lon="-117.194334"><ele>1071.2</ele><time>2024-05-12T20:01:14Z</time></trkpt>
<trkpt lat="34.344370" lon="-117.194487"><ele>1069.0</ele><time>2024-05-12T20:01:30Z</time></trkpt>
<trkpt lat="34.344305" lon="-117.194772"><ele>1066.8</ele><time>2024-05-12T20:01:43Z</time></trkpt>
<trkpt lat="34.344218" lon="-117.194711"><ele>1066.0</ele><time>2024-05-12T20:01:45Z</time></trkpt>
<trkpt lat="34.343788" lon="-117.194933"><ele>1059.8</ele><time>2024-05-12T20:02:16Z</time></trkpt>
<trkpt lat="34.343083" lon="-117.195150"><ele>1049.8</ele><time>2024-05-12T20:03:32Z</time></trkpt>
<trkpt lat="34.342914" lon="-117.195434"><ele>1047.2</ele><time>2024-05-12T20:03:50Z</time></trkpt>
<trkpt lat="34.342350" lon="-117.196018"><ele>1040.0</ele><time>2024-05-12T20:04:42Z</time></trkpt>
<trkpt lat="34.342242" lon="-117.196243"><ele>1037.6</ele><time>2024-05-12T20:05:06Z</time></trkpt>
<trkpt lat="34.342938" lon="-117.195782"><ele>1029.2</ele><time>2024-05-12T20:06:02Z</time></trkpt>
<trkpt lat="34.343193" lon="-117.195383"><ele>1028.8</ele><time>2024-05-12T20:06:36Z</time></trkpt>
<trkpt lat="34.343740" lon="-117.195249"><ele>1027.0</ele><time>2024-05-12T20:07:42Z</time></trkpt>
<trkpt lat="34.344076" lon="-117.195467"><ele>1024.6</ele><time>2024-05-12T20:07:58Z</time></trkpt>
<trkpt lat="34.344092" lon="-117.195664"><ele>1025.8</ele><time>2024-05-12T20:08:42Z</time></trkpt>
<trkpt lat="34.344006" lon="-117.195863"><ele>1028.4</ele><time>2024-05-12T20:09:00Z</time></trkpt>
<trkpt lat="34.343823" lon="-117.196107"><ele>1032.6</ele><time>2024-05-12T20:09:44Z</time></trkpt>
<trkpt lat="34.343665" lon="-117.196188"><ele>1033.0</ele><time>2024-05-12T20:09:55Z</time></trkpt>
<trkpt lat="34.343490" lon="-117.196464"><ele>1033.0</ele><time>2024-05-12T20:10:25Z</time></trkpt>
<trkpt lat="34.343083" lon="-117.196739"><ele>1033.0</ele><time>2024-05-12T20:11:07Z</time></trkpt>
<trkpt lat="34.342939" lon="-117.197214"><ele>1033.6</ele><time>2024-05-12T20:11:44Z</time></trkpt>
<trkpt lat="34.343184" lon="-117.197126"><ele>1033.2</ele><time>2024-05-12T20:12:01Z</time></trkpt>
<trkpt lat="34.343329" lon="-117.197358"><ele>1033.4</ele><time>2024-05-12T20:12:20Z</time></trkpt>
<trkpt lat="34.344107" lon="-117.198149"><ele>1031.8</ele><time>2024-05-12T20:13:58Z</time></trkpt>
<trkpt lat="34.344153" lon="-117.198620"><ele>1032.0</ele><time>2024-05-12T20:15:18Z</time></trkpt>
<trkpt lat="34.344082" lon="-117.198974"><ele>1032.0</ele><time>2024-05-12T20:15:42Z</time></trkpt>
<trkpt lat="34.344136" lon="-117.199313"><ele>1032.4</ele><time>2024-05-12T20:16:03Z</time></trkpt>
<trkpt lat="34.343756" lon="-117.199873"><ele>1031.8</ele><time>2024-05-12T20:16:56Z</time></trkpt>
<trkpt lat="34.343572" lon="-117.200448"><ele>1030.8</ele><time>2024-05-12T20:17:36Z</time></trkpt>
<trkpt lat="34.343414" lon="-117.200592"><ele>1030.8</ele><time>2024-05-12T20:17:43Z</time></trkpt>
<trkpt lat="34.343523" lon="-117.200625"><ele>1030.6</ele><time>2024-05-12T20:17:45Z</time></trkpt>
<trkpt lat="34.343654" lon="-117.201339"><ele>1029.8</ele><time>2024-05-12T20:18:42Z</time></trkpt>
<trkpt lat="34.344298" lon="-117.201949"><ele>1029.8</ele><time>2024-05-12T20:19:46Z</time></trkpt>
<trkpt lat="34.344379" lon="-117.201903"><ele>1030.0</ele><time>2024-05-12T20:19:49Z</time></trkpt>
<trkpt lat="34.344250" lon="-117.201897"><ele>1029.6</ele><time>2024-05-12T20:19:54Z</time></trkpt>
<trkpt lat="34.344024" lon="-117.202066"><ele>1027.4</ele><time>2024-05-12T20:20:12Z</time></trkpt>
<trkpt lat="34.343728" lon="-117.202128"><ele>1026.6</ele><time>2024-05-12T20:20:40Z</time></trkpt>
<trkpt lat="34.343290" lon="-117.202097"><ele>1027.6</ele><time>2024-05-12T20:21:18Z</time></trkpt>
<trkpt lat="34.343163" lon="-117.202509"><ele>1027.0</ele><time>2024-05-12T20:21:43Z</time></trkpt>
<trkpt lat="34.343227" lon="-117.202568"><ele>1027.0</ele><time>2024-05-12T20:21:45Z</time></trkpt>
<trkpt lat="34.343056" lon="-117.203252"><ele>1027.2</ele><time>2024-05-12T20:22:26Z</time></trkpt>
<trkpt lat="34.343100" lon="-117.203814"><ele>1026.4</ele><time>2024-05-12T20:23:36Z</time></trkpt>
<trkpt lat="34.343168" lon="-117.204052"><ele>1026.4</ele><time>2024-05-12T20:23:46Z</time></trkpt>
<trkpt lat="34.343282" lon="-117.204191"><ele>1026.8</ele><time>2024-05-12T20:23:56Z</time></trkpt>
<trkpt lat="34.343156" lon="-117.204247"><ele>1027.0</ele><time>2024-05-12T20:24:54Z</time></trkpt>
<trkpt lat="34.343124" lon="-117.204771"><ele>1026.8</ele><time>2024-05-12T20:25:28Z</time></trkpt>
<trkpt lat="34.342994" lon="-117.204978"><ele>1026.6</ele><time>2024-05-12T20:25:46Z</time></trkpt>
<trkpt lat="34.342991" lon="-117.205184"><ele>1027.6</ele><time>2024-05-12T20:26:02Z</time></trkpt>
<trkpt lat="34.342825" lon="-117.205354"><ele>1027.0</ele><time>2024-05-12T20:26:16Z</time></trkpt>
<trkpt lat="34.342643" lon="-117.206214"><ele>1026.6</ele><time>2024-05-12T20:27:42Z</time></trkpt>
<trkpt lat="34.342519" lon="-117.206238"><ele>1026.4</ele><time>2024-05-12T20:27:44Z</time></trkpt>
<trkpt lat="34.342657" lon="-117.206304"><ele>1026.4</ele><time>2024-05-12T20:27:45Z</time></trkpt>
<trkpt lat="34.342689" lon="-117.206424"><ele>1026.2</ele><time>2024-05-12T20:27:51Z</time></trkpt>
<trkpt lat="34.342557" lon="-117.206717"><ele>1026.2</ele><time>2024-05-12T20:28:14Z</time></trkpt>
<trkpt lat="34.342272" lon="-117.207791"><ele>1026.0</ele><time>2024-05-12T20:29:32Z</time></trkpt>
<trkpt lat="34.342127" lon="-117.207952"><ele>1026.0</ele><time>2024-05-12T20:29:50Z</time></trkpt>
<trkpt lat="34.342035" lon="-117.207871"><ele>1026.2</ele><time>2024-05-12T20:29:52Z</time></trkpt>
<trkpt lat="34.341630" lon="-117.209264"><ele>1026.4</ele><time>2024-05-12T20:31:43Z</time></trkpt>
<trkpt lat="34.341507" lon="-117.209265"><ele>1026.2</ele><time>2024-05-12T20:31:52Z</time></trkpt>
<trkpt lat="34.341884" lon="-117.209988"><ele>1026.2</ele><time>2024-05-12T20:32:32Z</time></trkpt>
<trkpt lat="34.341929" lon="-117.210185"><ele>1026.8</ele><time>2024-05-12T20:32:44Z</time></trkpt>
<trkpt lat="34.342351" lon="-117.210901"><ele>1025.6</ele><time>2024-05-12T20:33:53Z</time></trkpt>
<trkpt lat="34.342527" lon="-117.211355"><ele>1024.8</ele><time>2024-05-12T20:34:34Z</time></trkpt>
<trkpt lat="34.343042" lon="-117.212241"><ele>1023.4</ele><time>2024-05-12T20:35:52Z</time></trkpt>
<trkpt lat="34.343242" lon="-117.212965"><ele>1023.4</ele><time>2024-05-12T20:36:34Z</time></trkpt>
<trkpt lat="34.343298" lon="-117.213913"><ele>1022.8</ele><time>2024-05-12T20:37:45Z</time></trkpt>
<trkpt lat="34.343260" lon="-117.214009"><ele>1023.0</ele><time>2024-05-12T20:37:54Z</time></trkpt>
<trkpt lat="34.343338" lon="-117.214096"><ele>1023.4</ele><time>2024-05-12T20:38:00Z</time></trkpt>
<trkpt lat="34.343437" lon="-117.214497"><ele>1023.2</ele><time>2024-05-12T20:38:24Z</time></trkpt>
<trkpt lat="34.343281" lon="-117.216138"><ele>1022.8</ele><time>2024-05-12T20:40:42Z</time></trkpt>
<trkpt lat="34.343141" lon="-117.216364"><ele>1022.8</ele><time>2024-05-12T20:41:02Z</time></trkpt>
<trkpt lat="34.343058" lon="-117.217025"><ele>1023.0</ele><time>2024-05-12T20:41:45Z</time></trkpt>
<trkpt lat="34.342870" lon="-117.217463"><ele>1022.4</ele><time>2024-05-12T20:42:16Z</time></trkpt>
<trkpt lat="34.343300" lon="-117.218418"><ele>1023.4</ele><time>2024-05-12T20:43:58Z</time></trkpt>
<trkpt lat="34.344473" lon="-117.219737"><ele>1022.4</ele><time>2024-05-12T20:46:01Z</time></trkpt>
<trkpt lat="34.344469" lon="-117.221125"><ele>1024.4</ele><time>2024-05-12T20:47:44Z</time></trkpt>
<trkpt lat="34.344412" lon="-117.221252"><ele>1023.6</ele><time>2024-05-12T20:47:51Z</time></trkpt>
<trkpt lat="34.344302" lon="-117.221287"><ele>1023.0</ele><time>2024-05-12T20:47:59Z</time></trkpt>
<trkpt lat="34.343968" lon="-117.222007"><ele>1023.6</ele><time>2024-05-12T20:49:00Z</time></trkpt>
<trkpt lat="34.343929" lon="-117.222615"><ele>1021.8</ele><time>2024-05-12T20:50:02Z</time></trkpt>
<trkpt lat="34.343733" lon="-117.223212"><ele>1022.8</ele><time>2024-05-12T20:50:40Z</time></trkpt>
<trkpt lat="34.343095" lon="-117.224048"><ele>1023.2</ele><time>2024-05-12T20:52:00Z</time></trkpt>
<trkpt lat="34.343239" lon="-117.224359"><ele>1022.8</ele><time>2024-05-12T20:52:56Z</time></trkpt>
<trkpt lat="34.343616" lon="-117.224655"><ele>1022.0</ele><time>2024-05-12T20:53:43Z</time></trkpt>
<trkpt lat="34.343905" lon="-117.224856"><ele>1021.6</ele><time>2024-05-12T20:54:01Z</time></trkpt>
<trkpt lat="34.344410" lon="-117.225055"><ele>1021.6</ele><time>2024-05-12T20:54:56Z</time></trkpt>
<trkpt lat="34.344576" lon="-117.225241"><ele>1021.0</ele><time>2024-05-12T20:55:12Z</time></trkpt>
<trkpt lat="34.344894" lon="-117.225376"><ele>1021.0</ele><time>2024-05-12T20:55:40Z</time></trkpt>
<trkpt lat="34.345005" lon="-117.225561"><ele>1022.0</ele><time>2024-05-12T20:55:51Z</time></trkpt>
<trkpt lat="34.344995" lon="-117.225798"><ele>1022.2</ele><time>2024-05-12T20:56:14Z</time></trkpt>
<trkpt lat="34.345233" lon="-117.225873"><ele>1022.2</ele><time>2024-05-12T20:56:30Z</time></trkpt>
<trkpt lat="34.345477" lon="-117.226335"><ele>1021.4</ele><time>2024-05-12T20:57:24Z</time></trkpt>
<trkpt lat="34.346226" lon="-117.227236"><ele>1020.8</ele><time>2024-05-12T20:58:46Z</time></trkpt>
<trkpt lat="34.346253" lon="-117.227528"><ele>1019.0</ele><time>2024-05-12T20:59:16Z</time></trkpt>
<trkpt lat="34.346511" lon="-117.228135"><ele>1020.2</ele><time>2024-05-12T20:59:58Z</time></trkpt>
<trkpt lat="34.346551" lon="-117.228364"><ele>1020.8</ele><time>2024-05-12T21:00:26Z</time></trkpt>
<trkpt lat="34.346520" lon="-117.228900"><ele>1021.2</ele><time>2024-05-12T21:01:16Z</time></trkpt>
<trkpt lat="34.346784" lon="-117.229322"><ele>1022.8</ele><time>2024-05-12T21:01:43Z</time></trkpt>
<trkpt lat="34.347056" lon="-117.229520"><ele>1021.6</ele><time>2024-05-12T21:02:01Z</time></trkpt>
<trkpt lat="34.347030" lon="-117.229887"><ele>1016.0</ele><time>2024-05-12T21:02:24Z</time></trkpt>
<trkpt lat="34.346965" lon="-117.230031"><ele>1015.0</ele><time>2024-05-12T21:02:34Z</time></trkpt>
<trkpt lat="34.346766" lon="-117.229588"><ele>1011.4</ele><time>2024-05-12T21:03:40Z</time></trkpt>
<trkpt lat="34.346667" lon="-117.229579"><ele>1011.2</ele><time>2024-05-12T21:03:46Z</time></trkpt>
<trkpt lat="34.346628" lon="-117.229468"><ele>1011.2</ele><time>2024-05-12T21:03:47Z</time></trkpt>
<trkpt lat="34.346276" lon="-117.229187"><ele>1004.6</ele><time>2024-05-12T21:04:21Z</time></trkpt>
<trkpt lat="34.346552" lon="-117.229953"><ele>992.4</ele><time>2024-05-12T21:05:37Z</time></trkpt>
<trkpt lat="34.346513" lon="-117.229836"><ele>991.4</ele><time>2024-05-12T21:05:44Z</time></trkpt>
<trkpt lat="34.346286" lon="-117.229719"><ele>989.2</ele><time>2024-05-12T21:06:00Z</time></trkpt>
<trkpt lat="34.346175" lon="-117.229796"><ele>982.6</ele><time>2024-05-12T21:06:28Z</time></trkpt>
<trkpt lat="34.346156" lon="-117.229916"><ele>979.4</ele><time>2024-05-12T21:06:46Z</time></trkpt>
<trkpt lat="34.346029" lon="-117.229834"><ele>977.2</ele><time>2024-05-12T21:06:56Z</time></trkpt>
<trkpt lat="34.345703" lon="-117.229859"><ele>970.2</ele><time>2024-05-12T21:07:47Z</time></trkpt>
<trkpt lat="34.345570" lon="-117.229745"><ele>968.8</ele><time>2024-05-12T21:07:59Z</time></trkpt>
<trkpt lat="34.345475" lon="-117.229805"><ele>967.4</ele><time>2024-05-12T21:08:08Z</time></trkpt>
<trkpt lat="34.345509" lon="-117.229911"><ele>962.6</ele><time>2024-05-12T21:08:30Z</time></trkpt>
<trkpt lat="34.345315" lon="-117.230201"><ele>964.2</ele><time>2024-05-12T21:09:10Z</time></trkpt>
<trkpt lat="34.345457" lon="-117.230835"><ele>964.6</ele><time>2024-05-12T21:09:42Z</time></trkpt>
<trkpt lat="34.345426" lon="-117.230877"><ele>964.6</ele><time>2024-05-12T21:09:43Z</time></trkpt>
<trkpt lat="34.345509" lon="-117.231145"><ele>963.6</ele><time>2024-05-12T21:10:03Z</time></trkpt>
<trkpt lat="34.345544" lon="-117.231111"><ele>963.4</ele><time>2024-05-12T21:11:34Z</time></trkpt>
<trkpt lat="34.345480" lon="-117.231240"><ele>963.0</ele><time>2024-05-12T21:11:59Z</time></trkpt>
<trkpt lat="34.346063" lon="-117.230703"><ele>963.6</ele><time>2024-05-12T21:13:44Z</time></trkpt>
<trkpt lat="34.346185" lon="-117.230704"><ele>963.6</ele><time>2024-05-12T21:13:46Z</time></trkpt>
<trkpt lat="34.345771" lon="-117.231093"><ele>963.6</ele><time>2024-05-12T21:13:48Z</time></trkpt>
<trkpt lat="34.345377" lon="-117.231118"><ele>963.0</ele><time>2024-05-12T21:13:52Z</time></trkpt>
<trkpt lat="34.345480" lon="-117.231243"><ele>962.8</ele><time>2024-05-12T21:14:02Z</time></trkpt>
<trkpt lat="34.345879" lon="-117.230774"><ele>964.4</ele><time>2024-05-12T21:15:44Z</time></trkpt>
<trkpt lat="34.345625" lon="-117.231126"><ele>964.2</ele><time>2024-05-12T21:15:48Z</time></trkpt>
<trkpt lat="34.345572" lon="-117.231008"><ele>964.2</ele><time>2024-05-12T21:15:51Z</time></trkpt>
<trkpt lat="34.345455" lon="-117.231145"><ele>964.2</ele><time>2024-05-12T21:15:52Z</time></trkpt>
<trkpt lat="34.345487" lon="-117.231364"><ele>965.0</ele><time>2024-05-12T21:17:44Z</time></trkpt>
<trkpt lat="34.345508" lon="-117.231190"><ele>964.6</ele><time>2024-05-12T21:18:00Z</time></trkpt>
<trkpt lat="34.345378" lon="-117.231241"><ele>962.8</ele><time>2024-05-12T21:19:58Z</time></trkpt>
<trkpt lat="34.345387" lon="-117.230907"><ele>964.6</ele><time>2024-05-12T21:21:44Z</time></trkpt>
<trkpt lat="34.345440" lon="-117.231129"><ele>964.2</ele><time>2024-05-12T21:21:51Z</time></trkpt>
<trkpt lat="34.345470" lon="-117.231098"><ele>963.8</ele><time>2024-05-12T21:21:58Z</time></trkpt>
<trkpt lat="34.345418" lon="-117.231122"><ele>963.8</ele><time>2024-05-12T21:23:46Z</time></trkpt>
<trkpt lat="34.345494" lon="-117.231153"><ele>963.6</ele><time>2024-05-12T21:23:57Z</time></trkpt>
<trkpt lat="34.345371" lon="-117.230815"><ele>964.6</ele><time>2024-05-12T21:25:43Z</time></trkpt>
<trkpt lat="34.345503" lon="-117.231168"><ele>964.0</ele><time>2024-05-12T21:26:01Z</time></trkpt>
<trkpt lat="34.345365" lon="-117.231352"><ele>963.8</ele><time>2024-05-12T21:27:43Z</time></trkpt>
<trkpt lat="34.345431" lon="-117.231244"><ele>963.8</ele><time>2024-05-12T21:27:44Z</time></trkpt>
<trkpt lat="34.345444" lon="-117.231336"><ele>963.6</ele><time>2024-05-12T21:27:47Z</time></trkpt>
<trkpt lat="34.345468" lon="-117.231162"><ele>963.2</ele><time>2024-05-12T21:27:56Z</time></trkpt>
<trkpt lat="34.345735" lon="-117.231051"><ele>964.4</ele><time>2024-05-12T21:29:42Z</time></trkpt>
<trkpt lat="34.345500" lon="-117.231162"><ele>964.0</ele><time>2024-05-12T21:29:52Z</time></trkpt>
<trkpt lat="34.345481" lon="-117.231113"><ele>963.2</ele><time>2024-05-12T21:29:56Z</time></trkpt>
<trkpt lat="34.345454" lon="-117.231175"><ele>962.4</ele><time>2024-05-12T21:30:58Z</time></trkpt>
<trkpt lat="34.345517" lon="-117.231157"><ele>962.4</ele><time>2024-05-12T21:32:00Z</time></trkpt>
<trkpt lat="34.345449" lon="-117.231253"><ele>964.0</ele><time>2024-05-12T21:33:46Z</time></trkpt>
<trkpt lat="34.345478" lon="-117.231182"><ele>964.2</ele><time>2024-05-12T21:33:58Z</time></trkpt>
<trkpt lat="34.345570" lon="-117.231178"><ele>966.4</ele><time>2024-05-12T21:35:34Z</time></trkpt>
<trkpt lat="34.345426" lon="-117.231074"><ele>966.4</ele><time>2024-05-12T21:35:49Z</time></trkpt>
<trkpt lat="34.345201" lon="-117.230503"><ele>964.0</ele><time>2024-05-12T21:37:34Z</time></trkpt>
<trkpt lat="34.344795" lon="-117.230305"><ele>957.0</ele><time>2024-05-12T21:38:14Z</time></trkpt>
<trkpt lat="34.344704" lon="-117.230129"><ele>954.6</ele><time>2024-05-12T21:38:34Z</time></trkpt>
<trkpt lat="34.344328" lon="-117.229969"><ele>949.2</ele><time>2024-05-12T21:39:20Z</time></trkpt>
<trkpt lat="34.344074" lon="-117.230102"><ele>943.8</ele><time>2024-05-12T21:40:00Z</time></trkpt>
<trkpt lat="34.343669" lon="-117.229999"><ele>935.6</ele><time>2024-05-12T21:40:46Z</time></trkpt>
<trkpt lat="34.343335" lon="-117.230040"><ele>930.2</ele><time>2024-05-12T21:41:40Z</time></trkpt>
<trkpt lat="34.343331" lon="-117.230180"><ele>930.8</ele><time>2024-05-12T21:41:49Z</time></trkpt>
<trkpt lat="34.343264" lon="-117.230183"><ele>931.0</ele><time>2024-05-12T21:41:54Z</time></trkpt>
<trkpt lat="34.342894" lon="-117.229930"><ele>923.6</ele><time>2024-05-12T21:42:50Z</time></trkpt>
<trkpt lat="34.342879" lon="-117.229819"><ele>921.6</ele><time>2024-05-12T21:43:06Z</time></trkpt>
<trkpt lat="34.342804" lon="-117.229904"><ele>920.8</ele><time>2024-05-12T21:43:45Z</time></trkpt>
<trkpt lat="34.342889" lon="-117.229749"><ele>920.6</ele><time>2024-05-12T21:43:51Z</time></trkpt>
<trkpt lat="34.342940" lon="-117.229772"><ele>920.4</ele><time>2024-05-12T21:43:59Z</time></trkpt>
<trkpt lat="34.342657" lon="-117.229745"><ele>926.2</ele><time>2024-05-12T21:45:01Z</time></trkpt>
<trkpt lat="34.342068" lon="-117.230075"><ele>924.0</ele><time>2024-05-12T21:45:52Z</time></trkpt>
<trkpt lat="34.341948" lon="-117.230307"><ele>923.8</ele><time>2024-05-12T21:46:18Z</time></trkpt>
<trkpt lat="34.342387" lon="-117.229949"><ele>925.2</ele><time>2024-05-12T21:47:08Z</time></trkpt>
<trkpt lat="34.342841" lon="-117.229840"><ele>925.2</ele><time>2024-05-12T21:47:44Z</time></trkpt>
<trkpt lat="34.342949" lon="-117.229516"><ele>925.2</ele><time>2024-05-12T21:47:51Z</time></trkpt>
<trkpt lat="34.343004" lon="-117.229787"><ele>920.4</ele><time>2024-05-12T21:48:38Z</time></trkpt>
<trkpt lat="34.343059" lon="-117.230172"><ele>925.6</ele><time>2024-05-12T21:49:34Z</time></trkpt>
<trkpt lat="34.343266" lon="-117.230148"><ele>926.6</ele><time>2024-05-12T21:49:54Z</time></trkpt>
<trkpt lat="34.343694" lon="-117.230451"><ele>930.8</ele><time>2024-05-12T21:50:28Z</time></trkpt>
<trkpt lat="34.344291" lon="-117.230820"><ele>945.6</ele><time>2024-05-12T21:51:43Z</time></trkpt>
<trkpt lat="34.344524" lon="-117.230867"><ele>947.0</ele><time>2024-05-12T21:52:01Z</time></trkpt>
<trkpt lat="34.344726" lon="-117.230986"><ele>953.4</ele><time>2024-05-12T21:52:34Z</time></trkpt>
<trkpt lat="34.344862" lon="-117.231107"><ele>958.0</ele><time>2024-05-12T21:53:24Z</time></trkpt>
<trkpt lat="34.344819" lon="-117.231153"><ele>956.4</ele><time>2024-05-12T21:53:38Z</time></trkpt>
<trkpt lat="34.344856" lon="-117.231266"><ele>956.4</ele><time>2024-05-12T21:53:44Z</time></trkpt>
<trkpt lat="34.344487" lon="-117.231569"><ele>953.2</ele><time>2024-05-12T21:54:18Z</time></trkpt>
<trkpt lat="34.344380" lon="-117.231800"><ele>950.0</ele><time>2024-05-12T21:54:36Z</time></trkpt>
<trkpt lat="34.344220" lon="-117.231900"><ele>947.6</ele><time>2024-05-12T21:54:48Z</time></trkpt>
<trkpt lat="34.343977" lon="-117.232263"><ele>942.0</ele><time>2024-05-12T21:55:16Z</time></trkpt>
<trkpt lat="34.343709" lon="-117.232344"><ele>936.2</ele><time>2024-05-12T21:55:43Z</time></trkpt>
<trkpt lat="34.343700" lon="-117.232457"><ele>934.0</ele><time>2024-05-12T21:55:51Z</time></trkpt>
<trkpt lat="34.343135" lon="-117.232891"><ele>922.2</ele><time>2024-05-12T21:56:48Z</time></trkpt>
<trkpt lat="34.342633" lon="-117.233837"><ele>923.2</ele><time>2024-05-12T21:57:55Z</time></trkpt>
<trkpt lat="34.342432" lon="-117.233944"><ele>923.6</ele><time>2024-05-12T21:58:12Z</time></trkpt>
<trkpt lat="34.342177" lon="-117.234461"><ele>922.8</ele><time>2024-05-12T21:59:04Z</time></trkpt>
<trkpt lat="34.341921" lon="-117.234722"><ele>919.2</ele><time>2024-05-12T21:59:47Z</time></trkpt>
<trkpt lat="34.341735" lon="-117.234792"><ele>918.8</ele><time>2024-05-12T21:59:58Z</time></trkpt>
<trkpt lat="34.341703" lon="-117.234705"><ele>919.2</ele><time>2024-05-12T22:01:04Z</time></trkpt>
<trkpt lat="34.341569" lon="-117.234651"><ele>920.0</ele><time>2024-05-12T22:01:52Z</time></trkpt>
<trkpt lat="34.341669" lon="-117.234517"><ele>920.0</ele><time>2024-05-12T22:02:32Z</time></trkpt>
<trkpt lat="34.341660" lon="-117.234674"><ele>919.4</ele><time>2024-05-12T22:03:52Z</time></trkpt>
<trkpt lat="34.341555" lon="-117.234684"><ele>920.2</ele><time>2024-05-12T22:05:26Z</time></trkpt>
<trkpt lat="34.341657" lon="-117.234673"><ele>920.4</ele><time>2024-05-12T22:05:58Z</time></trkpt>
<trkpt lat="34.341764" lon="-117.234567"><ele>920.0</ele><time>2024-05-12T22:07:47Z</time></trkpt>
<trkpt lat="34.341725" lon="-117.234568"><ele>920.0</ele><time>2024-05-12T22:07:48Z</time></trkpt>
<trkpt lat="34.341589" lon="-117.234654"><ele>919.8</ele><time>2024-05-12T22:08:02Z</time></trkpt>
<trkpt lat="34.341822" lon="-117.234581"><ele>922.0</ele><time>2024-05-12T22:09:48Z</time></trkpt>
<trkpt lat="34.341614" lon="-117.234651"><ele>921.6</ele><time>2024-05-12T22:09:55Z</time></trkpt>
<trkpt lat="34.341624" lon="-117.234604"><ele>921.6</ele><time>2024-05-12T22:09:57Z</time></trkpt>
<trkpt lat="34.341657" lon="-117.234624"><ele>921.8</ele><time>2024-05-12T22:10:01Z</time></trkpt>
<trkpt lat="34.341349" lon="-117.234939"><ele>926.2</ele><time>2024-05-12T22:11:36Z</time></trkpt>
<trkpt lat="34.341252" lon="-117.234939"><ele>927.0</ele><time>2024-05-12T22:11:43Z</time></trkpt>
<trkpt lat="34.341281" lon="-117.234984"><ele>927.4</ele><time>2024-05-12T22:11:48Z</time></trkpt>
<trkpt lat="34.341198" lon="-117.235035"><ele>927.4</ele><time>2024-05-12T22:11:52Z</time></trkpt>
<trkpt lat="34.341257" lon="-117.235002"><ele>927.4</ele><time>2024-05-12T22:11:56Z</time></trkpt>
<trkpt lat="34.341180" lon="-117.234974"><ele>927.2</ele><time>2024-05-12T22:12:00Z</time></trkpt>
<trkpt lat="34.341106" lon="-117.235251"><ele>928.0</ele><time>2024-05-12T22:12:40Z</time></trkpt>
<trkpt lat="34.341222" lon="-117.236247"><ele>927.4</ele><time>2024-05-12T22:13:48Z</time></trkpt>
<trkpt lat="34.341152" lon="-117.236456"><ele>926.8</ele><time>2024-05-12T22:14:00Z</time></trkpt>
<trkpt lat="34.341145" lon="-117.237147"><ele>924.4</ele><time>2024-05-12T22:14:56Z</time></trkpt>
<trkpt lat="34.341022" lon="-117.237857"><ele>926.8</ele><time>2024-05-12T22:15:54Z</time></trkpt>
<trkpt lat="34.341120" lon="-117.238269"><ele>926.2</ele><time>2024-05-12T22:16:26Z</time></trkpt>
<trkpt lat="34.340792" lon="-117.240188"><ele>923.4</ele><time>2024-05-12T22:19:32Z</time></trkpt>
<trkpt lat="34.340606" lon="-117.240466"><ele>924.6</ele><time>2024-05-12T22:19:50Z</time></trkpt>
<trkpt lat="34.340392" lon="-117.240963"><ele>924.8</ele><time>2024-05-12T22:21:44Z</time></trkpt>
<trkpt lat="34.340436" lon="-117.240966"><ele>925.6</ele><time>2024-05-12T22:22:00Z</time></trkpt>
<trkpt lat="34.340403" lon="-117.241274"><ele>928.4</ele><time>2024-05-12T22:22:14Z</time></trkpt>
<trkpt lat="34.340490" lon="-117.241607"><ele>927.2</ele><time>2024-05-12T22:22:32Z</time></trkpt>
<trkpt lat="34.340498" lon="-117.242375"><ele>934.4</ele><time>2024-05-12T22:23:43Z</time></trkpt>
<trkpt lat="34.340378" lon="-117.242657"><ele>936.4</ele><time>2024-05-12T22:24:00Z</time></trkpt>
<trkpt lat="34.339646" lon="-117.243564"><ele>949.2</ele><time>2024-05-12T22:25:40Z</time></trkpt>
<trkpt lat="34.339407" lon="-117.243667"><ele>950.2</ele><time>2024-05-12T22:25:55Z</time></trkpt>
<trkpt lat="34.338532" lon="-117.244346"><ele>956.2</ele><time>2024-05-12T22:27:49Z</time></trkpt>
<trkpt lat="34.338286" lon="-117.244477"><ele>955.4</ele><time>2024-05-12T22:29:10Z</time></trkpt>
<trkpt lat="34.337880" lon="-117.244896"><ele>954.6</ele><time>2024-05-12T22:29:53Z</time></trkpt>
<trkpt lat="34.337190" lon="-117.245368"><ele>953.8</ele><time>2024-05-12T22:30:42Z</time></trkpt>
<trkpt lat="34.337005" lon="-117.245478"><ele>958.6</ele><time>2024-05-12T22:31:28Z</time></trkpt>
<trkpt lat="34.336802" lon="-117.245654"><ele>959.2</ele><time>2024-05-12T22:31:43Z</time></trkpt>
<trkpt lat="34.336756" lon="-117.245777"><ele>960.0</ele><time>2024-05-12T22:31:54Z</time></trkpt>
<trkpt lat="34.336407" lon="-117.245767"><ele>959.6</ele><time>2024-05-12T22:33:46Z</time></trkpt>
<trkpt lat="34.336671" lon="-117.245768"><ele>957.6</ele><time>2024-05-12T22:37:47Z</time></trkpt>
<trkpt lat="34.336163" lon="-117.246279"><ele>965.4</ele><time>2024-05-12T22:39:57Z</time></trkpt>
<trkpt lat="34.336035" lon="-117.246337"><ele>960.6</ele><time>2024-05-12T22:41:08Z</time></trkpt>
<trkpt lat="34.335878" lon="-117.246445"><ele>963.8</ele><time>2024-05-12T22:41:44Z</time></trkpt>
<trkpt lat="34.335642" lon="-117.246453"><ele>961.4</ele><time>2024-05-12T22:42:01Z</time></trkpt>
<trkpt lat="34.335404" lon="-117.246621"><ele>963.2</ele><time>2024-05-12T22:42:10Z</time></trkpt>
<trkpt lat="34.334292" lon="-117.246930"><ele>963.0</ele><time>2024-05-12T22:43:47Z</time></trkpt>
<trkpt lat="34.334139" lon="-117.246923"><ele>964.2</ele><time>2024-05-12T22:44:00Z</time></trkpt>
<trkpt lat="34.333050" lon="-117.246754"><ele>972.8</ele><time>2024-05-12T22:45:43Z</time></trkpt>
<trkpt lat="34.332923" lon="-117.246712"><ele>974.2</ele><time>2024-05-12T22:45:52Z</time></trkpt>
<trkpt lat="34.332952" lon="-117.246681"><ele>973.6</ele><time>2024-05-12T22:46:03Z</time></trkpt>
<trkpt lat="34.332556" lon="-117.246681"><ele>976.6</ele><time>2024-05-12T22:46:52Z</time></trkpt>
<trkpt lat="34.331985" lon="-117.246505"><ele>984.4</ele><time>2024-05-12T22:47:56Z</time></trkpt>
<trkpt lat="34.331593" lon="-117.246512"><ele>987.0</ele><time>2024-05-12T22:48:18Z</time></trkpt>
<trkpt lat="34.331178" lon="-117.246458"><ele>996.0</ele><time>2024-05-12T22:49:26Z</time></trkpt>
<trkpt lat="34.330932" lon="-117.246369"><ele>999.0</ele><time>2024-05-12T22:49:43Z</time></trkpt>
<trkpt lat="34.330783" lon="-117.246151"><ele>1003.2</ele><time>2024-05-12T22:50:05Z</time></trkpt>
<trkpt lat="34.330592" lon="-117.246018"><ele>1005.6</ele><time>2024-05-12T22:50:29Z</time></trkpt>
<trkpt lat="34.330466" lon="-117.245936"><ele>1014.4</ele><time>2024-05-12T22:51:17Z</time></trkpt>
<trkpt lat="34.330173" lon="-117.245734"><ele>1016.6</ele><time>2024-05-12T22:51:55Z</time></trkpt>
<trkpt lat="34.330121" lon="-117.245757"><ele>1017.8</ele><time>2024-05-12T22:51:57Z</time></trkpt>
<trkpt lat="34.330053" lon="-117.245798"><ele>1019.0</ele><time>2024-05-12T22:52:02Z</time></trkpt>
<trkpt lat="34.330171" lon="-117.247045"><ele>1026.8</ele><time>2024-05-12T22:53:53Z</time></trkpt>
<trkpt lat="34.330055" lon="-117.247609"><ele>1029.8</ele><time>2024-05-12T22:54:28Z</time></trkpt>
<trkpt lat="34.330134" lon="-117.248510"><ele>1037.4</ele><time>2024-05-12T22:55:48Z</time></trkpt>
<trkpt lat="34.330295" lon="-117.248704"><ele>1039.4</ele><time>2024-05-12T22:56:03Z</time></trkpt>
<trkpt lat="34.330243" lon="-117.248986"><ele>1038.8</ele><time>2024-05-12T22:56:16Z</time></trkpt>
<trkpt lat="34.329768" lon="-117.249694"><ele>1048.6</ele><time>2024-05-12T22:57:47Z</time></trkpt>
<trkpt lat="34.329735" lon="-117.249800"><ele>1049.6</ele><time>2024-05-12T22:57:52Z</time></trkpt>
<trkpt lat="34.329773" lon="-117.249789"><ele>1050.2</ele><time>2024-05-12T22:57:56Z</time></trkpt>
<trkpt lat="34.328917" lon="-117.249954"><ele>1060.0</ele><time>2024-05-12T22:59:43Z</time></trkpt>
<trkpt lat="34.328956" lon="-117.249975"><ele>1060.2</ele><time>2024-05-12T22:59:45Z</time></trkpt>
<trkpt lat="34.328851" lon="-117.249949"><ele>1060.8</ele><time>2024-05-12T22:59:50Z</time></trkpt>
<trkpt lat="34.328860" lon="-117.249831"><ele>1062.6</ele><time>2024-05-12T23:00:01Z</time></trkpt>
<trkpt lat="34.328642" lon="-117.249264"><ele>1065.8</ele><time>2024-05-12T23:01:00Z</time></trkpt>
<trkpt lat="34.328380" lon="-117.248840"><ele>1067.6</ele><time>2024-05-12T23:01:43Z</time></trkpt>
<trkpt lat="34.328398" lon="-117.248682"><ele>1068.4</ele><time>2024-05-12T23:01:50Z</time></trkpt>
<trkpt lat="34.327527" lon="-117.248106"><ele>1071.6</ele><time>2024-05-12T23:03:43Z</time></trkpt>
<trkpt lat="34.327390" lon="-117.248155"><ele>1071.2</ele><time>2024-05-12T23:03:53Z</time></trkpt>
<trkpt lat="34.327414" lon="-117.248263"><ele>1072.0</ele><time>2024-05-12T23:04:01Z</time></trkpt>
<trkpt lat="34.327310" lon="-117.248370"><ele>1074.0</ele><time>2024-05-12T23:04:16Z</time></trkpt>
<trkpt lat="34.326809" lon="-117.248706"><ele>1073.4</ele><time>2024-05-12T23:05:26Z</time></trkpt>
<trkpt lat="34.326639" lon="-117.248883"><ele>1073.0</ele><time>2024-05-12T23:05:43Z</time></trkpt>
<trkpt lat="34.326512" lon="-117.249150"><ele>1072.0</ele><time>2024-05-12T23:05:59Z</time></trkpt>
<trkpt lat="34.325995" lon="-117.248933"><ele>1073.8</ele><time>2024-05-12T23:06:50Z</time></trkpt>
<trkpt lat="34.325298" lon="-117.248461"><ele>1071.2</ele><time>2024-05-12T23:07:44Z</time></trkpt>
<trkpt lat="34.325309" lon="-117.248533"><ele>1070.8</ele><time>2024-05-12T23:07:47Z</time></trkpt>
<trkpt lat="34.325379" lon="-117.248347"><ele>1069.8</ele><time>2024-05-12T23:08:00Z</time></trkpt>
<trkpt lat="34.324708" lon="-117.246917"><ele>1068.8</ele><time>2024-05-12T23:09:46Z</time></trkpt>
<trkpt lat="34.324792" lon="-117.246840"><ele>1069.4</ele><time>2024-05-12T23:09:52Z</time></trkpt>
<trkpt lat="34.324767" lon="-117.246704"><ele>1070.0</ele><time>2024-05-12T23:10:01Z</time></trkpt>
<trkpt lat="34.324420" lon="-117.246931"><ele>1070.2</ele><time>2024-05-12T23:10:40Z</time></trkpt>
<trkpt lat="34.323991" lon="-117.247422"><ele>1070.8</ele><time>2024-05-12T23:11:43Z</time></trkpt>
<trkpt lat="34.323952" lon="-117.247550"><ele>1071.0</ele><time>2024-05-12T23:11:51Z</time></trkpt>
<trkpt lat="34.323820" lon="-117.247606"><ele>1070.6</ele><time>2024-05-12T23:12:00Z</time></trkpt>
<trkpt lat="34.322728" lon="-117.247286"><ele>1069.6</ele><time>2024-05-12T23:13:44Z</time></trkpt>
<trkpt lat="34.322632" lon="-117.247333"><ele>1071.4</ele><time>2024-05-12T23:13:59Z</time></trkpt>
<trkpt lat="34.322739" lon="-117.247601"><ele>1071.2</ele><time>2024-05-12T23:14:28Z</time></trkpt>
<trkpt lat="34.323322" lon="-117.247912"><ele>1067.4</ele><time>2024-05-12T23:15:32Z</time></trkpt>
<trkpt lat="34.323480" lon="-117.248180"><ele>1067.6</ele><time>2024-05-12T23:15:50Z</time></trkpt>
<trkpt lat="34.323510" lon="-117.248372"><ele>1066.6</ele><time>2024-05-12T23:15:58Z</time></trkpt>
<trkpt lat="34.323722" lon="-117.248528"><ele>1062.4</ele><time>2024-05-12T23:16:40Z</time></trkpt>
<trkpt lat="34.324286" lon="-117.249254"><ele>1059.4</ele><time>2024-05-12T23:17:45Z</time></trkpt>
<trkpt lat="34.324220" lon="-117.249482"><ele>1058.0</ele><time>2024-05-12T23:17:58Z</time></trkpt>
<trkpt lat="34.323787" lon="-117.250068"><ele>1054.8</ele><time>2024-05-12T23:19:10Z</time></trkpt>
<trkpt lat="34.323378" lon="-117.250428"><ele>1054.6</ele><time>2024-05-12T23:19:50Z</time></trkpt>
<trkpt lat="34.323241" lon="-117.250330"><ele>1053.8</ele><time>2024-05-12T23:19:53Z</time></trkpt>
<trkpt lat="34.322998" lon="-117.250361"><ele>1054.8</ele><time>2024-05-12T23:20:22Z</time></trkpt>
<trkpt lat="34.322599" lon="-117.250286"><ele>1053.6</ele><time>2024-05-12T23:21:08Z</time></trkpt>
<trkpt lat="34.322278" lon="-117.250322"><ele>1055.6</ele><time>2024-05-12T23:21:38Z</time></trkpt>
<trkpt lat="34.322094" lon="-117.250401"><ele>1057.2</ele><time>2024-05-12T23:21:47Z</time></trkpt>
<trkpt lat="34.322120" lon="-117.250444"><ele>1057.4</ele><time>2024-05-12T23:21:49Z</time></trkpt>
<trkpt lat="34.321953" lon="-117.250369"><ele>1058.0</ele><time>2024-05-12T23:22:00Z</time></trkpt>
<trkpt lat="34.321769" lon="-117.250546"><ele>1056.6</ele><time>2024-05-12T23:22:48Z</time></trkpt>
<trkpt lat="34.321860" lon="-117.250713"><ele>1055.2</ele><time>2024-05-12T23:23:46Z</time></trkpt>
<trkpt lat="34.321703" lon="-117.250762"><ele>1054.6</ele><time>2024-05-12T23:29:58Z</time></trkpt>
<trkpt lat="34.321782" lon="-117.251196"><ele>1058.4</ele><time>2024-05-12T23:31:34Z</time></trkpt>
<trkpt lat="34.321766" lon="-117.251454"><ele>1058.6</ele><time>2024-05-12T23:31:44Z</time></trkpt>
<trkpt lat="34.321961" lon="-117.251597"><ele>1058.4</ele><time>2024-05-12T23:32:01Z</time></trkpt>
<trkpt lat="34.322126" lon="-117.252198"><ele>1058.6</ele><time>2024-05-12T23:32:52Z</time></trkpt>
<trkpt lat="34.322133" lon="-117.252599"><ele>1059.4</ele><time>2024-05-12T23:33:42Z</time></trkpt>
<trkpt lat="34.321985" lon="-117.253068"><ele>1061.0</ele><time>2024-05-12T23:34:08Z</time></trkpt>
<trkpt lat="34.322079" lon="-117.253268"><ele>1060.8</ele><time>2024-05-12T23:34:32Z</time></trkpt>
<trkpt lat="34.321883" lon="-117.253587"><ele>1061.8</ele><time>2024-05-12T23:35:22Z</time></trkpt>
<trkpt lat="34.321790" lon="-117.254149"><ele>1062.8</ele><time>2024-05-12T23:35:49Z</time></trkpt>
<trkpt lat="34.321633" lon="-117.254254"><ele>1061.2</ele><time>2024-05-12T23:36:03Z</time></trkpt>
<trkpt lat="34.321721" lon="-117.254635"><ele>1062.0</ele><time>2024-05-12T23:36:36Z</time></trkpt>
<trkpt lat="34.321944" lon="-117.254900"><ele>1061.8</ele><time>2024-05-12T23:37:38Z</time></trkpt>
<trkpt lat="34.322202" lon="-117.255059"><ele>1060.8</ele><time>2024-05-12T23:37:49Z</time></trkpt>
<trkpt lat="34.322477" lon="-117.255572"><ele>1062.4</ele><time>2024-05-12T23:38:54Z</time></trkpt>
<trkpt lat="34.322785" lon="-117.255760"><ele>1062.2</ele><time>2024-05-12T23:39:50Z</time></trkpt>
<trkpt lat="34.323014" lon="-117.256068"><ele>1064.0</ele><time>2024-05-12T23:42:03Z</time></trkpt>
<trkpt lat="34.322883" lon="-117.256155"><ele>1064.6</ele><time>2024-05-12T23:42:20Z</time></trkpt>
<trkpt lat="34.322613" lon="-117.256024"><ele>1062.8</ele><time>2024-05-12T23:42:48Z</time></trkpt>
<trkpt lat="34.322591" lon="-117.256464"><ele>1059.6</ele><time>2024-05-12T23:43:32Z</time></trkpt>
<trkpt lat="34.322376" lon="-117.256906"><ele>1055.2</ele><time>2024-05-12T23:44:01Z</time></trkpt>
<trkpt lat="34.322460" lon="-117.257761"><ele>1052.6</ele><time>2024-05-12T23:45:02Z</time></trkpt>
<trkpt lat="34.322238" lon="-117.258096"><ele>1050.0</ele><time>2024-05-12T23:45:44Z</time></trkpt>
<trkpt lat="34.322089" lon="-117.258118"><ele>1049.8</ele><time>2024-05-12T23:45:52Z</time></trkpt>
<trkpt lat="34.322017" lon="-117.258222"><ele>1049.0</ele><time>2024-05-12T23:46:01Z</time></trkpt>
<trkpt lat="34.321455" lon="-117.258231"><ele>1046.4</ele><time>2024-05-12T23:47:00Z</time></trkpt>
<trkpt lat="34.321015" lon="-117.258030"><ele>1041.6</ele><time>2024-05-12T23:47:43Z</time></trkpt>
<trkpt lat="34.320880" lon="-117.257773"><ele>1042.8</ele><time>2024-05-12T23:47:55Z</time></trkpt>
<trkpt lat="34.320882" lon="-117.257668"><ele>1042.8</ele><time>2024-05-12T23:48:03Z</time></trkpt>
<trkpt lat="34.320564" lon="-117.257630"><ele>1042.6</ele><time>2024-05-12T23:48:36Z</time></trkpt>
<trkpt lat="34.320326" lon="-117.258216"><ele>1039.8</ele><time>2024-05-12T23:49:46Z</time></trkpt>
<trkpt lat="34.320426" lon="-117.258361"><ele>1038.4</ele><time>2024-05-12T23:49:57Z</time></trkpt>
<trkpt lat="34.320378" lon="-117.258624"><ele>1037.2</ele><time>2024-05-12T23:50:08Z</time></trkpt>
<trkpt lat="34.319736" lon="-117.259842"><ele>1034.8</ele><time>2024-05-12T23:51:43Z</time></trkpt>
<trkpt lat="34.319643" lon="-117.259885"><ele>1035.0</ele><time>2024-05-12T23:51:51Z</time></trkpt>
<trkpt lat="34.319386" lon="-117.259795"><ele>1035.0</ele><time>2024-05-12T23:52:18Z</time></trkpt>
<trkpt lat="34.318549" lon="-117.259945"><ele>1033.0</ele><time>2024-05-12T23:53:47Z</time></trkpt>
<trkpt lat="34.318293" lon="-117.260104"><ele>1034.4</ele><time>2024-05-12T23:54:08Z</time></trkpt>
<trkpt lat="34.317822" lon="-117.260120"><ele>1031.8</ele><time>2024-05-12T23:54:40Z</time></trkpt>
<trkpt lat="34.317500" lon="-117.260281"><ele>1030.6</ele><time>2024-05-12T23:55:44Z</time></trkpt>
<trkpt lat="34.317351" lon="-117.260065"><ele>1030.4</ele><time>2024-05-12T23:55:54Z</time></trkpt>
<trkpt lat="34.317281" lon="-117.260047"><ele>1031.0</ele><time>2024-05-12T23:56:00Z</time></trkpt>
<trkpt lat="34.316840" lon="-117.260282"><ele>1025.6</ele><time>2024-05-12T23:57:00Z</time></trkpt>
<trkpt lat="34.316906" lon="-117.260518"><ele>1027.2</ele><time>2024-05-12T23:57:46Z</time></trkpt>
<trkpt lat="34.316834" lon="-117.260471"><ele>1027.2</ele><time>2024-05-12T23:57:52Z</time></trkpt>
<trkpt lat="34.316886" lon="-117.260589"><ele>1025.6</ele><time>2024-05-12T23:58:02Z</time></trkpt>
<trkpt lat="34.316838" lon="-117.261234"><ele>1023.6</ele><time>2024-05-12T23:58:26Z</time></trkpt>
<trkpt lat="34.316769" lon="-117.261435"><ele>1021.2</ele><time>2024-05-12T23:58:54Z</time></trkpt>
<trkpt lat="34.316527" lon="-117.261713"><ele>1018.8</ele><time>2024-05-12T23:59:14Z</time></trkpt>
<trkpt lat="34.316514" lon="-117.262263"><ele>1018.6</ele><time>2024-05-12T23:59:49Z</time></trkpt>
<trkpt lat="34.316298" lon="-117.262285"><ele>1019.4</ele><time>2024-05-13T00:00:01Z</time></trkpt>
<trkpt lat="34.316154" lon="-117.262736"><ele>1018.8</ele><time>2024-05-13T00:01:02Z</time></trkpt>
<trkpt lat="34.316242" lon="-117.262831"><ele>1020.0</ele><time>2024-05-13T00:01:28Z</time></trkpt>
<trkpt lat="34.316285" lon="-117.263012"><ele>1021.4</ele><time>2024-05-13T00:01:44Z</time></trkpt>
<trkpt lat="34.316329" lon="-117.262994"><ele>1021.4</ele><time>2024-05-13T00:01:45Z</time></trkpt>
<trkpt lat="34.316253" lon="-117.263269"><ele>1022.8</ele><time>2024-05-13T00:01:54Z</time></trkpt>
<trkpt lat="34.316177" lon="-117.263343"><ele>1022.8</ele><time>2024-05-13T00:02:01Z</time></trkpt>
<trkpt lat="34.316149" lon="-117.263732"><ele>1026.0</ele><time>2024-05-13T00:02:38Z</time></trkpt>
<trkpt lat="34.316075" lon="-117.263868"><ele>1028.2</ele><time>2024-05-13T00:02:48Z</time></trkpt>
<trkpt lat="34.316181" lon="-117.264412"><ele>1029.2</ele><time>2024-05-13T00:03:43Z</time></trkpt>
<trkpt lat="34.316120" lon="-117.264379"><ele>1029.2</ele><time>2024-05-13T00:03:49Z</time></trkpt>
<trkpt lat="34.316153" lon="-117.264606"><ele>1033.0</ele><time>2024-05-13T00:04:03Z</time></trkpt>
<trkpt lat="34.316001" lon="-117.265325"><ele>1033.6</ele><time>2024-05-13T00:05:16Z</time></trkpt>
<trkpt lat="34.315497" lon="-117.265452"><ele>1032.6</ele><time>2024-05-13T00:05:52Z</time></trkpt>
<trkpt lat="34.315228" lon="-117.265304"><ele>1032.4</ele><time>2024-05-13T00:06:14Z</time></trkpt>
<trkpt lat="34.315019" lon="-117.265251"><ele>1024.8</ele><time>2024-05-13T00:06:44Z</time></trkpt>
<trkpt lat="34.314542" lon="-117.265012"><ele>1018.8</ele><time>2024-05-13T00:07:24Z</time></trkpt>
<trkpt lat="34.314178" lon="-117.264951"><ele>1016.8</ele><time>2024-05-13T00:07:43Z</time></trkpt>
<trkpt lat="34.313058" lon="-117.265218"><ele>1011.4</ele><time>2024-05-13T00:09:26Z</time></trkpt>
<trkpt lat="34.312871" lon="-117.265335"><ele>1010.8</ele><time>2024-05-13T00:09:48Z</time></trkpt>
<trkpt lat="34.312471" lon="-117.265171"><ele>1012.6</ele><time>2024-05-13T00:11:43Z</time></trkpt>
<trkpt lat="34.312376" lon="-117.265236"><ele>1012.8</ele><time>2024-05-13T00:11:47Z</time></trkpt>
<trkpt lat="34.312403" lon="-117.265114"><ele>1013.0</ele><time>2024-05-13T00:11:57Z</time></trkpt>
<trkpt lat="34.312314" lon="-117.264930"><ele>1013.4</ele><time>2024-05-13T00:12:14Z</time></trkpt>
<trkpt lat="34.312256" lon="-117.264928"><ele>1013.8</ele><time>2024-05-13T00:12:36Z</time></trkpt>
<trkpt lat="34.312226" lon="-117.264985"><ele>1013.6</ele><time>2024-05-13T00:13:49Z</time></trkpt>
<trkpt lat="34.312266" lon="-117.265005"><ele>1013.6</ele><time>2024-05-13T00:13:55Z</time></trkpt>
</trkseg></trk>
</gpx>
