<?xml version="1.0" encoding="UTF-8"?>
<gpx version="1.1" creator="Eric Sichak trip reports" xmlns="http://www.topografix.com/GPX/1/1">
<metadata><name>PCT Day 31-</name><time>2024-05-22T14:03:01Z</time></metadata>
<trk><name>PCT Day 31-</name><type>hike</type><trkseg>
<trkpt lat="34.661678" lon="-118.462139"><ele>970.8</ele><time>2024-05-22T14:03:01Z</time></trkpt>
<trkpt lat="34.661628" lon="-118.462558"><ele>979.4</ele><time>2024-05-22T14:04:14Z</time></trkpt>
<trkpt lat="34.661829" lon="-118.462535"><ele>978.2</ele><time>2024-05-22T14:04:44Z</time></trkpt>
<trkpt lat="34.662028" lon="-118.462277"><ele>979.4</ele><time>2024-05-22T14:05:04Z</time></trkpt>
<trkpt lat="34.662435" lon="-118.462218"><ele>986.0</ele><time>2024-05-22T14:06:04Z</time></trkpt>
<trkpt lat="34.662886" lon="-118.462266"><ele>991.4</ele><time>2024-05-22T14:06:45Z</time></trkpt>
<trkpt lat="34.662952" lon="-118.462473"><ele>991.8</ele><time>2024-05-22T14:06:58Z</time></trkpt>
<trkpt lat="34.662313" lon="-118.462564"><ele>1002.0</ele><time>2024-05-22T14:08:43Z</time></trkpt>
<trkpt lat="34.662432" lon="-118.462860"><ele>1004.0</ele><time>2024-05-22T14:09:08Z</time></trkpt>
<trkpt lat="34.662339" lon="-118.463190"><ele>1009.0</ele><time>2024-05-22T14:10:18Z</time></trkpt>
<trkpt lat="34.662146" lon="-118.463505"><ele>1008.6</ele><time>2024-05-22T14:10:42Z</time></trkpt>
<trkpt lat="34.662108" lon="-118.463919"><ele>1010.2</ele><time>2024-05-22T14:11:12Z</time></trkpt>
<trkpt lat="34.661799" lon="-118.464049"><ele>1005.0</ele><time>2024-05-22T14:11:40Z</time></trkpt>
<trkpt lat="34.661727" lon="-118.464146"><ele>1003.8</ele><time>2024-05-22T14:11:48Z</time></trkpt>
<trkpt lat="34.661701" lon="-118.464348"><ele>1003.0</ele><time>2024-05-22T14:12:18Z</time></trkpt>
<trkpt lat="34.661534" lon="-118.464382"><ele>1002.8</ele><time>2024-05-22T14:12:42Z</time></trkpt>
<trkpt lat="34.661467" lon="-118.464314"><ele>1004.0</ele><time>2024-05-22T14:12:49Z</time></trkpt>
<trkpt lat="34.661175" lon="-118.464288"><ele>1009.2</ele><time>2024-05-22T14:13:18Z</time></trkpt>
<trkpt lat="34.660566" lon="-118.464113"><ele>1023.6</ele><time>2024-05-22T14:14:45Z</time></trkpt>
<trkpt lat="34.660461" lon="-118.464031"><ele>1028.2</ele><time>2024-05-22T14:15:22Z</time></trkpt>
<trkpt lat="34.660435" lon="-118.464153"><ele>1025.0</ele><time>2024-05-22T14:16:40Z</time></trkpt>
<trkpt lat="34.660405" lon="-118.464054"><ele>1024.8</ele><time>2024-05-22T14:16:52Z</time></trkpt>
<trkpt lat="34.660385" lon="-118.464108"><ele>1025.6</ele><time>2024-05-22T14:17:48Z</time></trkpt>
<trkpt lat="34.660296" lon="-118.464099"><ele>1024.4</ele><time>2024-05-22T14:18:50Z</time></trkpt>
<trkpt lat="34.660320" lon="-118.464065"><ele>1024.6</ele><time>2024-05-22T14:18:53Z</time></trkpt>
<trkpt lat="34.660280" lon="-118.464213"><ele>1025.4</ele><time>2024-05-22T14:20:43Z</time></trkpt>
<trkpt lat="34.660407" lon="-118.464130"><ele>1025.8</ele><time>2024-05-22T14:20:58Z</time></trkpt>
<trkpt lat="34.660663" lon="-118.464680"><ele>1038.4</ele><time>2024-05-22T14:23:01Z</time></trkpt>
<trkpt lat="34.661438" lon="-118.465112"><ele>1045.2</ele><time>2024-05-22T14:24:44Z</time></trkpt>
<trkpt lat="34.661419" lon="-118.465053"><ele>1044.4</ele><time>2024-05-22T14:24:47Z</time></trkpt>
<trkpt lat="34.661621" lon="-118.465140"><ele>1042.2</ele><time>2024-05-22T14:25:01Z</time></trkpt>
<trkpt lat="34.661935" lon="-118.465078"><ele>1044.2</ele><time>2024-05-22T14:25:19Z</time></trkpt>
<trkpt lat="34.662105" lon="-118.465119"><ele>1046.6</ele><time>2024-05-22T14:25:43Z</time></trkpt>
<trkpt lat="34.662547" lon="-118.465024"><ele>1053.4</ele><time>2024-05-22T14:26:43Z</time></trkpt>
<trkpt lat="34.662418" lon="-118.464788"><ele>1053.8</ele><time>2024-05-22T14:26:46Z</time></trkpt>
<trkpt lat="34.662784" lon="-118.464552"><ele>1057.4</ele><time>2024-05-22T14:27:15Z</time></trkpt>
<trkpt lat="34.663004" lon="-118.464494"><ele>1063.4</ele><time>2024-05-22T14:27:59Z</time></trkpt>
<trkpt lat="34.663286" lon="-118.464524"><ele>1068.0</ele><time>2024-05-22T14:28:43Z</time></trkpt>
<trkpt lat="34.663987" lon="-118.465692"><ele>1081.0</ele><time>2024-05-22T14:30:38Z</time></trkpt>
<trkpt lat="34.664825" lon="-118.466824"><ele>1081.6</ele><time>2024-05-22T14:30:43Z</time></trkpt>
<trkpt lat="34.664049" lon="-118.465774"><ele>1082.8</ele><time>2024-05-22T14:30:47Z</time></trkpt>
<trkpt lat="34.664041" lon="-118.465830"><ele>1084.0</ele><time>2024-05-22T14:30:52Z</time></trkpt>
<trkpt lat="34.664095" lon="-118.465900"><ele>1086.2</ele><time>2024-05-22T14:31:03Z</time></trkpt>
<trkpt lat="34.664234" lon="-118.465825"><ele>1087.0</ele><time>2024-05-22T14:31:12Z</time></trkpt>
<trkpt lat="34.664742" lon="-118.465152"><ele>1095.8</ele><time>2024-05-22T14:32:45Z</time></trkpt>
<trkpt lat="34.664931" lon="-118.465152"><ele>1096.8</ele><time>2024-05-22T14:32:57Z</time></trkpt>
<trkpt lat="34.665240" lon="-118.465330"><ele>1103.6</ele><time>2024-05-22T14:33:48Z</time></trkpt>
<trkpt lat="34.665392" lon="-118.465656"><ele>1107.6</ele><time>2024-05-22T14:34:18Z</time></trkpt>
<trkpt lat="34.665618" lon="-118.465858"><ele>1110.8</ele><time>2024-05-22T14:34:46Z</time></trkpt>
<trkpt lat="34.665631" lon="-118.466125"><ele>1114.0</ele><time>2024-05-22T14:35:02Z</time></trkpt>
<trkpt lat="34.665902" lon="-118.466261"><ele>1120.8</ele><time>2024-05-22T14:35:52Z</time></trkpt>
<trkpt lat="34.666129" lon="-118.466029"><ele>1127.2</ele><time>2024-05-22T14:36:49Z</time></trkpt>
<trkpt lat="34.666112" lon="-118.466074"><ele>1127.6</ele><time>2024-05-22T14:36:53Z</time></trkpt>
<trkpt lat="34.666635" lon="-118.466255"><ele>1138.4</ele><time>2024-05-22T14:38:32Z</time></trkpt>
<trkpt lat="34.666780" lon="-118.466472"><ele>1139.4</ele><time>2024-05-22T14:38:44Z</time></trkpt>
<trkpt lat="34.666839" lon="-118.466378"><ele>1139.8</ele><time>2024-05-22T14:38:46Z</time></trkpt>
<trkpt lat="34.666804" lon="-118.466537"><ele>1140.2</ele><time>2024-05-22T14:38:50Z</time></trkpt>
<trkpt lat="34.666826" lon="-118.466418"><ele>1140.6</ele><time>2024-05-22T14:38:56Z</time></trkpt>
<trkpt lat="34.666871" lon="-118.466428"><ele>1140.6</ele><time>2024-05-22T14:38:58Z</time></trkpt>
<trkpt lat="34.666772" lon="-118.466540"><ele>1140.6</ele><time>2024-05-22T14:40:45Z</time></trkpt>
<trkpt lat="34.666731" lon="-118.466505"><ele>1140.8</ele><time>2024-05-22T14:40:50Z</time></trkpt>
<trkpt lat="34.666783" lon="-118.466460"><ele>1141.2</ele><time>2024-05-22T14:41:00Z</time></trkpt>
<trkpt lat="34.667439" lon="-118.466947"><ele>1151.2</ele><time>2024-05-22T14:42:45Z</time></trkpt>
<trkpt lat="34.667555" lon="-118.466964"><ele>1152.4</ele><time>2024-05-22T14:42:53Z</time></trkpt>
<trkpt lat="34.667518" lon="-118.467023"><ele>1153.2</ele><time>2024-05-22T14:42:56Z</time></trkpt>
<trkpt lat="34.667581" lon="-118.467182"><ele>1156.0</ele><time>2024-05-22T14:43:10Z</time></trkpt>
<trkpt lat="34.667914" lon="-118.467345"><ele>1164.8</ele><time>2024-05-22T14:44:44Z</time></trkpt>
<trkpt lat="34.667899" lon="-118.467297"><ele>1165.2</ele><time>2024-05-22T14:45:02Z</time></trkpt>
<trkpt lat="34.668298" lon="-118.468282"><ele>1179.6</ele><time>2024-05-22T14:46:45Z</time></trkpt>
<trkpt lat="34.668401" lon="-118.468203"><ele>1179.8</ele><time>2024-05-22T14:46:47Z</time></trkpt>
<trkpt lat="34.668739" lon="-118.468249"><ele>1180.0</ele><time>2024-05-22T14:46:48Z</time></trkpt>
<trkpt lat="34.668783" lon="-118.467658"><ele>1180.0</ele><time>2024-05-22T14:46:49Z</time></trkpt>
<trkpt lat="34.668814" lon="-118.467826"><ele>1180.2</ele><time>2024-05-22T14:46:50Z</time></trkpt>
<trkpt lat="34.669510" lon="-118.468104"><ele>1190.6</ele><time>2024-05-22T14:48:46Z</time></trkpt>
<trkpt lat="34.669478" lon="-118.468281"><ele>1192.2</ele><time>2024-05-22T14:48:52Z</time></trkpt>
<trkpt lat="34.669704" lon="-118.468603"><ele>1197.0</ele><time>2024-05-22T14:49:18Z</time></trkpt>
<trkpt lat="34.669861" lon="-118.468668"><ele>1197.2</ele><time>2024-05-22T14:49:40Z</time></trkpt>
<trkpt lat="34.670169" lon="-118.469310"><ele>1206.8</ele><time>2024-05-22T14:50:43Z</time></trkpt>
<trkpt lat="34.670057" lon="-118.469483"><ele>1208.0</ele><time>2024-05-22T14:50:51Z</time></trkpt>
<trkpt lat="34.670080" lon="-118.469597"><ele>1210.0</ele><time>2024-05-22T14:51:01Z</time></trkpt>
<trkpt lat="34.670220" lon="-118.469647"><ele>1212.8</ele><time>2024-05-22T14:51:24Z</time></trkpt>
<trkpt lat="34.670363" lon="-118.469464"><ele>1220.2</ele><time>2024-05-22T14:52:28Z</time></trkpt>
<trkpt lat="34.670597" lon="-118.469424"><ele>1222.4</ele><time>2024-05-22T14:52:45Z</time></trkpt>
<trkpt lat="34.670547" lon="-118.469413"><ele>1223.0</ele><time>2024-05-22T14:52:59Z</time></trkpt>
<trkpt lat="34.670612" lon="-118.469526"><ele>1228.2</ele><time>2024-05-22T14:53:48Z</time></trkpt>
<trkpt lat="34.670504" lon="-118.469788"><ele>1231.6</ele><time>2024-05-22T14:54:26Z</time></trkpt>
<trkpt lat="34.670502" lon="-118.470139"><ele>1234.6</ele><time>2024-05-22T14:54:51Z</time></trkpt>
<trkpt lat="34.670359" lon="-118.470196"><ele>1237.2</ele><time>2024-05-22T14:55:14Z</time></trkpt>
<trkpt lat="34.670301" lon="-118.470295"><ele>1239.2</ele><time>2024-05-22T14:55:26Z</time></trkpt>
<trkpt lat="34.670261" lon="-118.470481"><ele>1240.6</ele><time>2024-05-22T14:55:38Z</time></trkpt>
<trkpt lat="34.670095" lon="-118.470735"><ele>1247.4</ele><time>2024-05-22T14:56:30Z</time></trkpt>
<trkpt lat="34.670019" lon="-118.471032"><ele>1249.8</ele><time>2024-05-22T14:56:46Z</time></trkpt>
<trkpt lat="34.669853" lon="-118.471204"><ele>1253.0</ele><time>2024-05-22T14:57:03Z</time></trkpt>
<trkpt lat="34.669629" lon="-118.471211"><ele>1255.4</ele><time>2024-05-22T14:57:20Z</time></trkpt>
<trkpt lat="34.669484" lon="-118.471065"><ele>1257.8</ele><time>2024-05-22T14:57:36Z</time></trkpt>
<trkpt lat="34.669324" lon="-118.471180"><ele>1263.4</ele><time>2024-05-22T14:58:22Z</time></trkpt>
<trkpt lat="34.669423" lon="-118.471375"><ele>1265.6</ele><time>2024-05-22T14:58:43Z</time></trkpt>
<trkpt lat="34.669561" lon="-118.471484"><ele>1267.8</ele><time>2024-05-22T14:58:56Z</time></trkpt>
<trkpt lat="34.669962" lon="-118.471552"><ele>1271.8</ele><time>2024-05-22T15:00:42Z</time></trkpt>
<trkpt lat="34.670001" lon="-118.471497"><ele>1272.2</ele><time>2024-05-22T15:00:48Z</time></trkpt>
<trkpt lat="34.670231" lon="-118.471773"><ele>1274.6</ele><time>2024-05-22T15:02:42Z</time></trkpt>
<trkpt lat="34.670272" lon="-118.471742"><ele>1274.4</ele><time>2024-05-22T15:02:49Z</time></trkpt>
<trkpt lat="34.670264" lon="-118.471966"><ele>1274.4</ele><time>2024-05-22T15:06:06Z</time></trkpt>
<trkpt lat="34.669885" lon="-118.472383"><ele>1275.6</ele><time>2024-05-22T15:06:53Z</time></trkpt>
<trkpt lat="34.669927" lon="-118.472810"><ele>1275.8</ele><time>2024-05-22T15:07:50Z</time></trkpt>
<trkpt lat="34.670236" lon="-118.472809"><ele>1278.0</ele><time>2024-05-22T15:08:47Z</time></trkpt>
<trkpt lat="34.670621" lon="-118.472932"><ele>1280.8</ele><time>2024-05-22T15:09:20Z</time></trkpt>
<trkpt lat="34.671027" lon="-118.472929"><ele>1282.6</ele><time>2024-05-22T15:10:42Z</time></trkpt>
<trkpt lat="34.670741" lon="-118.473682"><ele>1286.8</ele><time>2024-05-22T15:11:41Z</time></trkpt>
<trkpt lat="34.670437" lon="-118.474473"><ele>1281.8</ele><time>2024-05-22T15:12:33Z</time></trkpt>
<trkpt lat="34.670364" lon="-118.474813"><ele>1280.2</ele><time>2024-05-22T15:12:44Z</time></trkpt>
<trkpt lat="34.670487" lon="-118.474801"><ele>1281.2</ele><time>2024-05-22T15:12:54Z</time></trkpt>
<trkpt lat="34.670912" lon="-118.475215"><ele>1283.6</ele><time>2024-05-22T15:13:58Z</time></trkpt>
<trkpt lat="34.671112" lon="-118.475296"><ele>1283.8</ele><time>2024-05-22T15:14:26Z</time></trkpt>
<trkpt lat="34.671200" lon="-118.475459"><ele>1284.2</ele><time>2024-05-22T15:14:42Z</time></trkpt>
<trkpt lat="34.671472" lon="-118.475596"><ele>1285.4</ele><time>2024-05-22T15:15:02Z</time></trkpt>
<trkpt lat="34.671486" lon="-118.475703"><ele>1285.8</ele><time>2024-05-22T15:15:14Z</time></trkpt>
<trkpt lat="34.671272" lon="-118.476113"><ele>1291.4</ele><time>2024-05-22T15:16:42Z</time></trkpt>
<trkpt lat="34.671408" lon="-118.476483"><ele>1294.6</ele><time>2024-05-22T15:17:06Z</time></trkpt>
<trkpt lat="34.671840" lon="-118.476989"><ele>1300.8</ele><time>2024-05-22T15:18:32Z</time></trkpt>
<trkpt lat="34.671932" lon="-118.477318"><ele>1301.4</ele><time>2024-05-22T15:18:51Z</time></trkpt>
<trkpt lat="34.672567" lon="-118.478212"><ele>1308.6</ele><time>2024-05-22T15:20:32Z</time></trkpt>
<trkpt lat="34.672711" lon="-118.478465"><ele>1309.2</ele><time>2024-05-22T15:20:43Z</time></trkpt>
<trkpt lat="34.672751" lon="-118.478674"><ele>1309.6</ele><time>2024-05-22T15:20:52Z</time></trkpt>
<trkpt lat="34.673293" lon="-118.479350"><ele>1312.6</ele><time>2024-05-22T15:21:50Z</time></trkpt>
<trkpt lat="34.673346" lon="-118.479795"><ele>1318.6</ele><time>2024-05-22T15:22:40Z</time></trkpt>
<trkpt lat="34.673381" lon="-118.479855"><ele>1319.0</ele><time>2024-05-22T15:22:42Z</time></trkpt>
<trkpt lat="34.673461" lon="-118.479781"><ele>1320.6</ele><time>2024-05-22T15:22:49Z</time></trkpt>
<trkpt lat="34.673477" lon="-118.479916"><ele>1321.8</ele><time>2024-05-22T15:22:57Z</time></trkpt>
<trkpt lat="34.673783" lon="-118.480307"><ele>1327.0</ele><time>2024-05-22T15:24:46Z</time></trkpt>
<trkpt lat="34.673696" lon="-118.480495"><ele>1327.0</ele><time>2024-05-22T15:24:59Z</time></trkpt>
<trkpt lat="34.673692" lon="-118.480926"><ele>1334.2</ele><time>2024-05-22T15:26:02Z</time></trkpt>
<trkpt lat="34.673979" lon="-118.481870"><ele>1343.2</ele><time>2024-05-22T15:27:16Z</time></trkpt>
<trkpt lat="34.673980" lon="-118.482015"><ele>1345.2</ele><time>2024-05-22T15:27:32Z</time></trkpt>
<trkpt lat="34.674083" lon="-118.482098"><ele>1346.2</ele><time>2024-05-22T15:27:52Z</time></trkpt>
<trkpt lat="34.674253" lon="-118.482672"><ele>1351.8</ele><time>2024-05-22T15:28:48Z</time></trkpt>
<trkpt lat="34.674147" lon="-118.482883"><ele>1353.0</ele><time>2024-05-22T15:29:00Z</time></trkpt>
<trkpt lat="34.674513" lon="-118.483795"><ele>1361.8</ele><time>2024-05-22T15:30:43Z</time></trkpt>
<trkpt lat="34.674429" lon="-118.483902"><ele>1363.0</ele><time>2024-05-22T15:30:54Z</time></trkpt>
<trkpt lat="34.674451" lon="-118.484209"><ele>1368.8</ele><time>2024-05-22T15:31:56Z</time></trkpt>
<trkpt lat="34.674589" lon="-118.484694"><ele>1372.4</ele><time>2024-05-22T15:32:43Z</time></trkpt>
<trkpt lat="34.674253" lon="-118.484956"><ele>1373.0</ele><time>2024-05-22T15:32:48Z</time></trkpt>
<trkpt lat="34.674055" lon="-118.485211"><ele>1373.8</ele><time>2024-05-22T15:32:57Z</time></trkpt>
<trkpt lat="34.674681" lon="-118.485596"><ele>1375.4</ele><time>2024-05-22T15:33:14Z</time></trkpt>
<trkpt lat="34.674754" lon="-118.485840"><ele>1377.2</ele><time>2024-05-22T15:33:34Z</time></trkpt>
<trkpt lat="34.675057" lon="-118.485876"><ele>1374.4</ele><time>2024-05-22T15:34:43Z</time></trkpt>
<trkpt lat="34.674711" lon="-118.486405"><ele>1374.4</ele><time>2024-05-22T15:34:44Z</time></trkpt>
<trkpt lat="34.674626" lon="-118.486686"><ele>1373.8</ele><time>2024-05-22T15:34:52Z</time></trkpt>
<trkpt lat="34.674702" lon="-118.486865"><ele>1374.0</ele><time>2024-05-22T15:35:08Z</time></trkpt>
<trkpt lat="34.675092" lon="-118.487030"><ele>1371.8</ele><time>2024-05-22T15:35:42Z</time></trkpt>
<trkpt lat="34.675196" lon="-118.487323"><ele>1370.0</ele><time>2024-05-22T15:36:04Z</time></trkpt>
<trkpt lat="34.675160" lon="-118.487909"><ele>1366.4</ele><time>2024-05-22T15:36:44Z</time></trkpt>
<trkpt lat="34.675009" lon="-118.488189"><ele>1365.0</ele><time>2024-05-22T15:36:54Z</time></trkpt>
<trkpt lat="34.675118" lon="-118.488180"><ele>1364.0</ele><time>2024-05-22T15:37:08Z</time></trkpt>
<trkpt lat="34.675249" lon="-118.488408"><ele>1362.0</ele><time>2024-05-22T15:37:28Z</time></trkpt>
<trkpt lat="34.675256" lon="-118.488960"><ele>1357.4</ele><time>2024-05-22T15:38:26Z</time></trkpt>
<trkpt lat="34.675364" lon="-118.488973"><ele>1355.2</ele><time>2024-05-22T15:38:42Z</time></trkpt>
<trkpt lat="34.675287" lon="-118.489040"><ele>1355.0</ele><time>2024-05-22T15:38:47Z</time></trkpt>
<trkpt lat="34.675750" lon="-118.488705"><ele>1349.6</ele><time>2024-05-22T15:39:46Z</time></trkpt>
<trkpt lat="34.675841" lon="-118.488512"><ele>1347.6</ele><time>2024-05-22T15:40:02Z</time></trkpt>
<trkpt lat="34.676168" lon="-118.488497"><ele>1348.6</ele><time>2024-05-22T15:40:52Z</time></trkpt>
<trkpt lat="34.676239" lon="-118.488561"><ele>1348.6</ele><time>2024-05-22T15:40:59Z</time></trkpt>
<trkpt lat="34.676273" lon="-118.488774"><ele>1347.8</ele><time>2024-05-22T15:41:38Z</time></trkpt>
<trkpt lat="34.676284" lon="-118.488732"><ele>1347.4</ele><time>2024-05-22T15:42:46Z</time></trkpt>
<trkpt lat="34.676196" lon="-118.488780"><ele>1347.0</ele><time>2024-05-22T15:44:49Z</time></trkpt>
<trkpt lat="34.676266" lon="-118.488745"><ele>1347.0</ele><time>2024-05-22T15:44:54Z</time></trkpt>
<trkpt lat="34.676255" lon="-118.488689"><ele>1347.0</ele><time>2024-05-22T15:46:18Z</time></trkpt>
<trkpt lat="34.676259" lon="-118.488851"><ele>1347.6</ele><time>2024-05-22T15:46:38Z</time></trkpt>
<trkpt lat="34.676053" lon="-118.489063"><ele>1348.0</ele><time>2024-05-22T15:46:44Z</time></trkpt>
<trkpt lat="34.675918" lon="-118.489113"><ele>1349.4</ele><time>2024-05-22T15:46:56Z</time></trkpt>
<trkpt lat="34.675899" lon="-118.489345"><ele>1350.8</ele><time>2024-05-22T15:47:10Z</time></trkpt>
<trkpt lat="34.676141" lon="-118.490101"><ele>1358.2</ele><time>2024-05-22T15:48:45Z</time></trkpt>
<trkpt lat="34.676351" lon="-118.490134"><ele>1359.0</ele><time>2024-05-22T15:48:54Z</time></trkpt>
<trkpt lat="34.676390" lon="-118.490225"><ele>1360.2</ele><time>2024-05-22T15:49:01Z</time></trkpt>
<trkpt lat="34.677390" lon="-118.490931"><ele>1366.0</ele><time>2024-05-22T15:50:43Z</time></trkpt>
<trkpt lat="34.677352" lon="-118.490922"><ele>1366.4</ele><time>2024-05-22T15:50:50Z</time></trkpt>
<trkpt lat="34.677900" lon="-118.491498"><ele>1367.8</ele><time>2024-05-22T15:52:06Z</time></trkpt>
<trkpt lat="34.677905" lon="-118.492357"><ele>1368.8</ele><time>2024-05-22T15:53:01Z</time></trkpt>
<trkpt lat="34.677994" lon="-118.492602"><ele>1370.0</ele><time>2024-05-22T15:53:24Z</time></trkpt>
<trkpt lat="34.678002" lon="-118.492974"><ele>1370.8</ele><time>2024-05-22T15:54:02Z</time></trkpt>
<trkpt lat="34.678241" lon="-118.493302"><ele>1372.6</ele><time>2024-05-22T15:55:03Z</time></trkpt>
<trkpt lat="34.679298" lon="-118.493984"><ele>1378.4</ele><time>2024-05-22T15:56:43Z</time></trkpt>
<trkpt lat="34.679664" lon="-118.493827"><ele>1378.6</ele><time>2024-05-22T15:57:10Z</time></trkpt>
<trkpt lat="34.680080" lon="-118.493804"><ele>1377.0</ele><time>2024-05-22T15:58:16Z</time></trkpt>
<trkpt lat="34.680232" lon="-118.493972"><ele>1375.8</ele><time>2024-05-22T15:58:43Z</time></trkpt>
<trkpt lat="34.680051" lon="-118.494189"><ele>1375.2</ele><time>2024-05-22T16:00:43Z</time></trkpt>
<trkpt lat="34.680158" lon="-118.494018"><ele>1373.0</ele><time>2024-05-22T16:02:43Z</time></trkpt>
<trkpt lat="34.680197" lon="-118.494055"><ele>1373.2</ele><time>2024-05-22T16:03:03Z</time></trkpt>
<trkpt lat="34.680086" lon="-118.494062"><ele>1373.4</ele><time>2024-05-22T16:04:43Z</time></trkpt>
<trkpt lat="34.680169" lon="-118.494022"><ele>1374.4</ele><time>2024-05-22T16:05:12Z</time></trkpt>
<trkpt lat="34.680651" lon="-118.494310"><ele>1376.6</ele><time>2024-05-22T16:06:45Z</time></trkpt>
<trkpt lat="34.680910" lon="-118.494105"><ele>1376.4</ele><time>2024-05-22T16:07:00Z</time></trkpt>
<trkpt lat="34.681200" lon="-118.494075"><ele>1378.4</ele><time>2024-05-22T16:07:24Z</time></trkpt>
<trkpt lat="34.681800" lon="-118.494474"><ele>1378.8</ele><time>2024-05-22T16:08:44Z</time></trkpt>
<trkpt lat="34.681960" lon="-118.494507"><ele>1379.0</ele><time>2024-05-22T16:08:53Z</time></trkpt>
<trkpt lat="34.682212" lon="-118.494442"><ele>1377.4</ele><time>2024-05-22T16:09:16Z</time></trkpt>
<trkpt lat="34.682782" lon="-118.494598"><ele>1372.0</ele><time>2024-05-22T16:10:32Z</time></trkpt>
<trkpt lat="34.683063" lon="-118.494550"><ele>1370.4</ele><time>2024-05-22T16:10:47Z</time></trkpt>
<trkpt lat="34.683215" lon="-118.494693"><ele>1369.8</ele><time>2024-05-22T16:10:58Z</time></trkpt>
<trkpt lat="34.682982" lon="-118.495450"><ele>1371.8</ele><time>2024-05-22T16:12:24Z</time></trkpt>
<trkpt lat="34.682623" lon="-118.495700"><ele>1371.4</ele><time>2024-05-22T16:12:55Z</time></trkpt>
<trkpt lat="34.683673" lon="-118.496184"><ele>1370.6</ele><time>2024-05-22T16:14:49Z</time></trkpt>
<trkpt lat="34.683774" lon="-118.496143"><ele>1370.4</ele><time>2024-05-22T16:14:58Z</time></trkpt>
<trkpt lat="34.683869" lon="-118.496509"><ele>1369.6</ele><time>2024-05-22T16:15:30Z</time></trkpt>
<trkpt lat="34.683735" lon="-118.496712"><ele>1369.0</ele><time>2024-05-22T16:15:48Z</time></trkpt>
<trkpt lat="34.683676" lon="-118.497167"><ele>1368.8</ele><time>2024-05-22T16:16:40Z</time></trkpt>
<trkpt lat="34.683626" lon="-118.497181"><ele>1369.4</ele><time>2024-05-22T16:16:54Z</time></trkpt>
<trkpt lat="34.684591" lon="-118.497702"><ele>1375.2</ele><time>2024-05-22T16:19:02Z</time></trkpt>
<trkpt lat="34.684263" lon="-118.498415"><ele>1377.8</ele><time>2024-05-22T16:20:18Z</time></trkpt>
<trkpt lat="34.684050" lon="-118.498696"><ele>1377.6</ele><time>2024-05-22T16:20:43Z</time></trkpt>
<trkpt lat="34.684006" lon="-118.498676"><ele>1378.0</ele><time>2024-05-22T16:20:50Z</time></trkpt>
<trkpt lat="34.683790" lon="-118.499266"><ele>1379.2</ele><time>2024-05-22T16:22:14Z</time></trkpt>
<trkpt lat="34.683841" lon="-118.499353"><ele>1381.0</ele><time>2024-05-22T16:22:38Z</time></trkpt>
<trkpt lat="34.683792" lon="-118.499570"><ele>1383.0</ele><time>2024-05-22T16:22:49Z</time></trkpt>
<trkpt lat="34.683851" lon="-118.499587"><ele>1383.4</ele><time>2024-05-22T16:22:54Z</time></trkpt>
<trkpt lat="34.683952" lon="-118.500083"><ele>1385.8</ele><time>2024-05-22T16:23:38Z</time></trkpt>
<trkpt lat="34.683914" lon="-118.500477"><ele>1387.0</ele><time>2024-05-22T16:24:38Z</time></trkpt>
<trkpt lat="34.683864" lon="-118.500544"><ele>1387.2</ele><time>2024-05-22T16:24:42Z</time></trkpt>
<trkpt lat="34.683748" lon="-118.500434"><ele>1387.0</ele><time>2024-05-22T16:24:53Z</time></trkpt>
<trkpt lat="34.683697" lon="-118.500466"><ele>1387.4</ele><time>2024-05-22T16:24:58Z</time></trkpt>
<trkpt lat="34.683701" lon="-118.500569"><ele>1389.0</ele><time>2024-05-22T16:25:16Z</time></trkpt>
<trkpt lat="34.683844" lon="-118.500836"><ele>1390.6</ele><time>2024-05-22T16:25:48Z</time></trkpt>
<trkpt lat="34.684046" lon="-118.500977"><ele>1389.4</ele><time>2024-05-22T16:26:22Z</time></trkpt>
<trkpt lat="34.684224" lon="-118.501356"><ele>1387.6</ele><time>2024-05-22T16:26:42Z</time></trkpt>
<trkpt lat="34.684125" lon="-118.501559"><ele>1386.8</ele><time>2024-05-22T16:26:53Z</time></trkpt>
<trkpt lat="34.684136" lon="-118.501810"><ele>1385.0</ele><time>2024-05-22T16:27:14Z</time></trkpt>
<trkpt lat="34.683979" lon="-118.502134"><ele>1382.8</ele><time>2024-05-22T16:27:48Z</time></trkpt>
<trkpt lat="34.684054" lon="-118.502623"><ele>1378.6</ele><time>2024-05-22T16:28:46Z</time></trkpt>
<trkpt lat="34.684238" lon="-118.502548"><ele>1378.8</ele><time>2024-05-22T16:28:58Z</time></trkpt>
<trkpt lat="34.684349" lon="-118.502340"><ele>1379.6</ele><time>2024-05-22T16:29:21Z</time></trkpt>
<trkpt lat="34.684494" lon="-118.502447"><ele>1379.8</ele><time>2024-05-22T16:29:33Z</time></trkpt>
<trkpt lat="34.684646" lon="-118.502454"><ele>1379.0</ele><time>2024-05-22T16:29:47Z</time></trkpt>
<trkpt lat="34.684888" lon="-118.502685"><ele>1377.8</ele><time>2024-05-22T16:30:15Z</time></trkpt>
<trkpt lat="34.685092" lon="-118.503045"><ele>1375.8</ele><time>2024-05-22T16:30:57Z</time></trkpt>
<trkpt lat="34.685286" lon="-118.503042"><ele>1376.2</ele><time>2024-05-22T16:31:17Z</time></trkpt>
<trkpt lat="34.685707" lon="-118.502624"><ele>1374.2</ele><time>2024-05-22T16:32:43Z</time></trkpt>
<trkpt lat="34.685945" lon="-118.502604"><ele>1374.2</ele><time>2024-05-22T16:33:02Z</time></trkpt>
<trkpt lat="34.686572" lon="-118.503280"><ele>1371.8</ele><time>2024-05-22T16:34:43Z</time></trkpt>
<trkpt lat="34.686656" lon="-118.503276"><ele>1371.8</ele><time>2024-05-22T16:34:47Z</time></trkpt>
<trkpt lat="34.686827" lon="-118.503539"><ele>1370.4</ele><time>2024-05-22T16:35:12Z</time></trkpt>
<trkpt lat="34.687048" lon="-118.503541"><ele>1370.6</ele><time>2024-05-22T16:35:52Z</time></trkpt>
<trkpt lat="34.687293" lon="-118.504021"><ele>1367.4</ele><time>2024-05-22T16:36:47Z</time></trkpt>
<trkpt lat="34.687468" lon="-118.504113"><ele>1367.0</ele><time>2024-05-22T16:37:00Z</time></trkpt>
<trkpt lat="34.687635" lon="-118.504469"><ele>1364.8</ele><time>2024-05-22T16:37:19Z</time></trkpt>
<trkpt lat="34.687751" lon="-118.504499"><ele>1363.8</ele><time>2024-05-22T16:37:29Z</time></trkpt>
<trkpt lat="34.687858" lon="-118.504662"><ele>1362.6</ele><time>2024-05-22T16:37:47Z</time></trkpt>
<trkpt lat="34.687752" lon="-118.505005"><ele>1361.6</ele><time>2024-05-22T16:38:17Z</time></trkpt>
<trkpt lat="34.687564" lon="-118.505273"><ele>1360.6</ele><time>2024-05-22T16:38:44Z</time></trkpt>
<trkpt lat="34.687644" lon="-118.505490"><ele>1359.6</ele><time>2024-05-22T16:39:06Z</time></trkpt>
<trkpt lat="34.687761" lon="-118.506721"><ele>1364.0</ele><time>2024-05-22T16:40:55Z</time></trkpt>
<trkpt lat="34.687704" lon="-118.506783"><ele>1364.2</ele><time>2024-05-22T16:41:01Z</time></trkpt>
<trkpt lat="34.687494" lon="-118.507704"><ele>1368.6</ele><time>2024-05-22T16:42:43Z</time></trkpt>
<trkpt lat="34.687555" lon="-118.507647"><ele>1368.6</ele><time>2024-05-22T16:42:45Z</time></trkpt>
<trkpt lat="34.687651" lon="-118.507901"><ele>1369.6</ele><time>2024-05-22T16:43:02Z</time></trkpt>
<trkpt lat="34.687428" lon="-118.508710"><ele>1375.2</ele><time>2024-05-22T16:44:36Z</time></trkpt>
<trkpt lat="34.687168" lon="-118.509167"><ele>1376.8</ele><time>2024-05-22T16:45:08Z</time></trkpt>
<trkpt lat="34.687175" lon="-118.509581"><ele>1382.2</ele><time>2024-05-22T16:46:22Z</time></trkpt>
<trkpt lat="34.687024" lon="-118.510043"><ele>1385.6</ele><time>2024-05-22T16:46:59Z</time></trkpt>
<trkpt lat="34.686996" lon="-118.510360"><ele>1386.8</ele><time>2024-05-22T16:47:20Z</time></trkpt>
<trkpt lat="34.687098" lon="-118.511092"><ele>1389.8</ele><time>2024-05-22T16:48:45Z</time></trkpt>
<trkpt lat="34.687462" lon="-118.511206"><ele>1390.6</ele><time>2024-05-22T16:49:13Z</time></trkpt>
<trkpt lat="34.687830" lon="-118.511669"><ele>1394.0</ele><time>2024-05-22T16:50:47Z</time></trkpt>
<trkpt lat="34.687813" lon="-118.511749"><ele>1394.0</ele><time>2024-05-22T16:51:01Z</time></trkpt>
<trkpt lat="34.687910" lon="-118.511792"><ele>1394.8</ele><time>2024-05-22T16:52:49Z</time></trkpt>
<trkpt lat="34.687899" lon="-118.511726"><ele>1394.4</ele><time>2024-05-22T16:52:54Z</time></trkpt>
<trkpt lat="34.687864" lon="-118.511746"><ele>1392.8</ele><time>2024-05-22T16:54:00Z</time></trkpt>
<trkpt lat="34.687942" lon="-118.511736"><ele>1393.8</ele><time>2024-05-22T16:54:45Z</time></trkpt>
<trkpt lat="34.688054" lon="-118.511868"><ele>1394.6</ele><time>2024-05-22T16:54:55Z</time></trkpt>
<trkpt lat="34.688135" lon="-118.511855"><ele>1394.6</ele><time>2024-05-22T16:55:01Z</time></trkpt>
<trkpt lat="34.688121" lon="-118.512108"><ele>1396.0</ele><time>2024-05-22T16:55:18Z</time></trkpt>
<trkpt lat="34.687964" lon="-118.512491"><ele>1396.0</ele><time>2024-05-22T16:56:44Z</time></trkpt>
<trkpt lat="34.687958" lon="-118.512441"><ele>1396.0</ele><time>2024-05-22T16:56:45Z</time></trkpt>
<trkpt lat="34.688067" lon="-118.512591"><ele>1396.8</ele><time>2024-05-22T16:56:53Z</time></trkpt>
<trkpt lat="34.688129" lon="-118.512565"><ele>1397.2</ele><time>2024-05-22T16:56:58Z</time></trkpt>
<trkpt lat="34.688376" lon="-118.512856"><ele>1400.2</ele><time>2024-05-22T16:57:34Z</time></trkpt>
<trkpt lat="34.688318" lon="-118.512955"><ele>1401.4</ele><time>2024-05-22T16:57:46Z</time></trkpt>
<trkpt lat="34.688352" lon="-118.513538"><ele>1400.6</ele><time>2024-05-22T16:58:52Z</time></trkpt>
<trkpt lat="34.687931" lon="-118.514259"><ele>1397.6</ele><time>2024-05-22T17:00:34Z</time></trkpt>
<trkpt lat="34.687914" lon="-118.514424"><ele>1397.8</ele><time>2024-05-22T17:00:44Z</time></trkpt>
<trkpt lat="34.688289" lon="-118.514787"><ele>1403.4</ele><time>2024-05-22T17:02:06Z</time></trkpt>
<trkpt lat="34.688302" lon="-118.514950"><ele>1402.4</ele><time>2024-05-22T17:02:28Z</time></trkpt>
<trkpt lat="34.688466" lon="-118.515293"><ele>1401.4</ele><time>2024-05-22T17:02:47Z</time></trkpt>
<trkpt lat="34.688419" lon="-118.515431"><ele>1401.0</ele><time>2024-05-22T17:02:57Z</time></trkpt>
<trkpt lat="34.688427" lon="-118.516423"><ele>1402.4</ele><time>2024-05-22T17:04:28Z</time></trkpt>
<trkpt lat="34.688351" lon="-118.516816"><ele>1401.2</ele><time>2024-05-22T17:04:42Z</time></trkpt>
<trkpt lat="34.687993" lon="-118.516924"><ele>1398.2</ele><time>2024-05-22T17:05:14Z</time></trkpt>
<trkpt lat="34.687998" lon="-118.517239"><ele>1402.4</ele><time>2024-05-22T17:05:58Z</time></trkpt>
<trkpt lat="34.688147" lon="-118.517717"><ele>1406.6</ele><time>2024-05-22T17:06:43Z</time></trkpt>
<trkpt lat="34.688207" lon="-118.517737"><ele>1407.2</ele><time>2024-05-22T17:06:51Z</time></trkpt>
<trkpt lat="34.688057" lon="-118.517984"><ele>1408.2</ele><time>2024-05-22T17:07:08Z</time></trkpt>
<trkpt lat="34.687994" lon="-118.518307"><ele>1412.0</ele><time>2024-05-22T17:08:00Z</time></trkpt>
<trkpt lat="34.687733" lon="-118.518775"><ele>1414.2</ele><time>2024-05-22T17:08:58Z</time></trkpt>
<trkpt lat="34.687843" lon="-118.518971"><ele>1414.4</ele><time>2024-05-22T17:09:14Z</time></trkpt>
<trkpt lat="34.688241" lon="-118.519393"><ele>1418.6</ele><time>2024-05-22T17:10:26Z</time></trkpt>
<trkpt lat="34.688393" lon="-118.519841"><ele>1418.8</ele><time>2024-05-22T17:10:43Z</time></trkpt>
<trkpt lat="34.688556" lon="-118.519581"><ele>1419.0</ele><time>2024-05-22T17:10:47Z</time></trkpt>
<trkpt lat="34.688514" lon="-118.519630"><ele>1419.6</ele><time>2024-05-22T17:10:50Z</time></trkpt>
<trkpt lat="34.688608" lon="-118.519665"><ele>1420.2</ele><time>2024-05-22T17:11:00Z</time></trkpt>
<trkpt lat="34.688777" lon="-118.519991"><ele>1421.8</ele><time>2024-05-22T17:11:34Z</time></trkpt>
<trkpt lat="34.688841" lon="-118.520296"><ele>1423.2</ele><time>2024-05-22T17:12:44Z</time></trkpt>
<trkpt lat="34.688944" lon="-118.520273"><ele>1423.2</ele><time>2024-05-22T17:12:45Z</time></trkpt>
<trkpt lat="34.689023" lon="-118.520382"><ele>1423.6</ele><time>2024-05-22T17:12:51Z</time></trkpt>
<trkpt lat="34.689156" lon="-118.520415"><ele>1423.6</ele><time>2024-05-22T17:13:05Z</time></trkpt>
<trkpt lat="34.689051" lon="-118.520974"><ele>1424.4</ele><time>2024-05-22T17:14:47Z</time></trkpt>
<trkpt lat="34.688784" lon="-118.520933"><ele>1423.2</ele><time>2024-05-22T17:15:14Z</time></trkpt>
<trkpt lat="34.688848" lon="-118.520963"><ele>1423.6</ele><time>2024-05-22T17:15:31Z</time></trkpt>
<trkpt lat="34.688772" lon="-118.520890"><ele>1423.8</ele><time>2024-05-22T17:15:41Z</time></trkpt>
<trkpt lat="34.688821" lon="-118.520968"><ele>1424.0</ele><time>2024-05-22T17:15:47Z</time></trkpt>
<trkpt lat="34.688698" lon="-118.521013"><ele>1424.0</ele><time>2024-05-22T17:15:56Z</time></trkpt>
<trkpt lat="34.688347" lon="-118.520992"><ele>1422.2</ele><time>2024-05-22T17:16:21Z</time></trkpt>
<trkpt lat="34.688089" lon="-118.520912"><ele>1421.0</ele><time>2024-05-22T17:16:39Z</time></trkpt>
<trkpt lat="34.687900" lon="-118.520677"><ele>1420.6</ele><time>2024-05-22T17:17:27Z</time></trkpt>
<trkpt lat="34.687844" lon="-118.520482"><ele>1419.0</ele><time>2024-05-22T17:17:49Z</time></trkpt>
<trkpt lat="34.687905" lon="-118.520275"><ele>1418.8</ele><time>2024-05-22T17:18:01Z</time></trkpt>
<trkpt lat="34.687208" lon="-118.520985"><ele>1418.2</ele><time>2024-05-22T17:19:43Z</time></trkpt>
<trkpt lat="34.687077" lon="-118.521409"><ele>1417.6</ele><time>2024-05-22T17:20:08Z</time></trkpt>
<trkpt lat="34.687342" lon="-118.521758"><ele>1419.0</ele><time>2024-05-22T17:20:38Z</time></trkpt>
<trkpt lat="34.687557" lon="-118.522308"><ele>1423.6</ele><time>2024-05-22T17:21:44Z</time></trkpt>
<trkpt lat="34.688124" lon="-118.523004"><ele>1429.2</ele><time>2024-05-22T17:22:53Z</time></trkpt>
<trkpt lat="34.688367" lon="-118.523524"><ele>1432.8</ele><time>2024-05-22T17:23:44Z</time></trkpt>
<trkpt lat="34.688514" lon="-118.523618"><ele>1433.2</ele><time>2024-05-22T17:23:55Z</time></trkpt>
<trkpt lat="34.688526" lon="-118.523935"><ele>1434.4</ele><time>2024-05-22T17:24:13Z</time></trkpt>
<trkpt lat="34.688157" lon="-118.524781"><ele>1442.0</ele><time>2024-05-22T17:25:53Z</time></trkpt>
<trkpt lat="34.688357" lon="-118.525231"><ele>1447.6</ele><time>2024-05-22T17:26:37Z</time></trkpt>
<trkpt lat="34.688595" lon="-118.525239"><ele>1448.8</ele><time>2024-05-22T17:26:59Z</time></trkpt>
<trkpt lat="34.688951" lon="-118.526205"><ele>1453.4</ele><time>2024-05-22T17:28:34Z</time></trkpt>
<trkpt lat="34.689156" lon="-118.526516"><ele>1453.0</ele><time>2024-05-22T17:28:52Z</time></trkpt>
<trkpt lat="34.689159" lon="-118.526630"><ele>1454.6</ele><time>2024-05-22T17:29:02Z</time></trkpt>
<trkpt lat="34.689003" lon="-118.527236"><ele>1458.6</ele><time>2024-05-22T17:30:04Z</time></trkpt>
<trkpt lat="34.688849" lon="-118.527424"><ele>1461.8</ele><time>2024-05-22T17:30:40Z</time></trkpt>
<trkpt lat="34.688752" lon="-118.527679"><ele>1462.0</ele><time>2024-05-22T17:30:51Z</time></trkpt>
<trkpt lat="34.688897" lon="-118.527658"><ele>1462.0</ele><time>2024-05-22T17:30:58Z</time></trkpt>
<trkpt lat="34.688437" lon="-118.528700"><ele>1466.4</ele><time>2024-05-22T17:32:25Z</time></trkpt>
<trkpt lat="34.688216" lon="-118.528938"><ele>1467.8</ele><time>2024-05-22T17:32:44Z</time></trkpt>
<trkpt lat="34.688451" lon="-118.528845"><ele>1468.0</ele><time>2024-05-22T17:32:47Z</time></trkpt>
<trkpt lat="34.688260" lon="-118.528836"><ele>1468.6</ele><time>2024-05-22T17:32:57Z</time></trkpt>
<trkpt lat="34.688133" lon="-118.529137"><ele>1470.4</ele><time>2024-05-22T17:33:27Z</time></trkpt>
<trkpt lat="34.687814" lon="-118.529566"><ele>1473.8</ele><time>2024-05-22T17:34:50Z</time></trkpt>
<trkpt lat="34.687754" lon="-118.529539"><ele>1473.8</ele><time>2024-05-22T17:34:55Z</time></trkpt>
<trkpt lat="34.687174" lon="-118.529953"><ele>1477.6</ele><time>2024-05-22T17:35:56Z</time></trkpt>
<trkpt lat="34.686672" lon="-118.530188"><ele>1478.8</ele><time>2024-05-22T17:36:41Z</time></trkpt>
<trkpt lat="34.686466" lon="-118.530241"><ele>1482.0</ele><time>2024-05-22T17:37:29Z</time></trkpt>
<trkpt lat="34.686159" lon="-118.530207"><ele>1483.6</ele><time>2024-05-22T17:37:49Z</time></trkpt>
<trkpt lat="34.686057" lon="-118.530266"><ele>1483.8</ele><time>2024-05-22T17:37:55Z</time></trkpt>
<trkpt lat="34.686126" lon="-118.530386"><ele>1482.2</ele><time>2024-05-22T17:38:37Z</time></trkpt>
<trkpt lat="34.685851" lon="-118.530665"><ele>1483.4</ele><time>2024-05-22T17:39:07Z</time></trkpt>
<trkpt lat="34.685418" lon="-118.530679"><ele>1482.0</ele><time>2024-05-22T17:39:37Z</time></trkpt>
<trkpt lat="34.685253" lon="-118.530892"><ele>1482.4</ele><time>2024-05-22T17:40:04Z</time></trkpt>
<trkpt lat="34.685113" lon="-118.530830"><ele>1481.8</ele><time>2024-05-22T17:40:15Z</time></trkpt>
<trkpt lat="34.684909" lon="-118.531158"><ele>1481.8</ele><time>2024-05-22T17:40:45Z</time></trkpt>
<trkpt lat="34.684628" lon="-118.531412"><ele>1483.8</ele><time>2024-05-22T17:41:30Z</time></trkpt>
<trkpt lat="34.684677" lon="-118.531366"><ele>1483.4</ele><time>2024-05-22T17:42:55Z</time></trkpt>
<trkpt lat="34.684784" lon="-118.531493"><ele>1484.6</ele><time>2024-05-22T17:43:10Z</time></trkpt>
<trkpt lat="34.684733" lon="-118.531378"><ele>1485.6</ele><time>2024-05-22T17:43:24Z</time></trkpt>
<trkpt lat="34.684653" lon="-118.531495"><ele>1490.0</ele><time>2024-05-22T17:45:02Z</time></trkpt>
<trkpt lat="34.684739" lon="-118.531368"><ele>1489.8</ele><time>2024-05-22T17:47:44Z</time></trkpt>
<trkpt lat="34.684756" lon="-118.531417"><ele>1490.4</ele><time>2024-05-22T17:47:52Z</time></trkpt>
<trkpt lat="34.684639" lon="-118.531445"><ele>1490.8</ele><time>2024-05-22T17:48:24Z</time></trkpt>
<trkpt lat="34.684700" lon="-118.531580"><ele>1491.8</ele><time>2024-05-22T17:48:45Z</time></trkpt>
<trkpt lat="34.684590" lon="-118.531548"><ele>1492.4</ele><time>2024-05-22T17:49:06Z</time></trkpt>
<trkpt lat="34.684684" lon="-118.531529"><ele>1492.8</ele><time>2024-05-22T17:49:13Z</time></trkpt>
<trkpt lat="34.684629" lon="-118.531477"><ele>1493.0</ele><time>2024-05-22T17:49:18Z</time></trkpt>
<trkpt lat="34.684732" lon="-118.531519"><ele>1494.2</ele><time>2024-05-22T17:49:22Z</time></trkpt>
<trkpt lat="34.684681" lon="-118.531484"><ele>1494.6</ele><time>2024-05-22T17:49:29Z</time></trkpt>
<trkpt lat="34.684696" lon="-118.531389"><ele>1496.2</ele><time>2024-05-22T17:50:02Z</time></trkpt>
<trkpt lat="34.685500" lon="-118.531570"><ele>1497.8</ele><time>2024-05-22T17:54:21Z</time></trkpt>
<trkpt lat="34.685555" lon="-118.531326"><ele>1499.4</ele><time>2024-05-22T17:54:59Z</time></trkpt>
<trkpt lat="34.685526" lon="-118.531155"><ele>1500.6</ele><time>2024-05-22T17:55:15Z</time></trkpt>
<trkpt lat="34.685446" lon="-118.531159"><ele>1500.8</ele><time>2024-05-22T17:55:17Z</time></trkpt>
<trkpt lat="34.685640" lon="-118.531106"><ele>1501.4</ele><time>2024-05-22T17:55:26Z</time></trkpt>
<trkpt lat="34.685620" lon="-118.531197"><ele>1499.8</ele><time>2024-05-22T17:57:24Z</time></trkpt>
<trkpt lat="34.686103" lon="-118.531197"><ele>1499.8</ele><time>2024-05-22T17:58:12Z</time></trkpt>
<trkpt lat="34.686312" lon="-118.531320"><ele>1500.6</ele><time>2024-05-22T17:58:50Z</time></trkpt>
<trkpt lat="34.686567" lon="-118.531280"><ele>1503.2</ele><time>2024-05-22T17:59:14Z</time></trkpt>
<trkpt lat="34.686438" lon="-118.531489"><ele>1502.8</ele><time>2024-05-22T17:59:22Z</time></trkpt>
<trkpt lat="34.686483" lon="-118.531582"><ele>1502.4</ele><time>2024-05-22T17:59:30Z</time></trkpt>
<trkpt lat="34.687337" lon="-118.532110"><ele>1509.0</ele><time>2024-05-22T18:01:13Z</time></trkpt>
<trkpt lat="34.687846" lon="-118.532155"><ele>1512.0</ele><time>2024-05-22T18:01:49Z</time></trkpt>
<trkpt lat="34.687974" lon="-118.532225"><ele>1512.0</ele><time>2024-05-22T18:02:00Z</time></trkpt>
<trkpt lat="34.687986" lon="-118.532769"><ele>1513.2</ele><time>2024-05-22T18:02:36Z</time></trkpt>
<trkpt lat="34.687889" lon="-118.533656"><ele>1518.2</ele><time>2024-05-22T18:03:45Z</time></trkpt>
<trkpt lat="34.687820" lon="-118.533713"><ele>1518.6</ele><time>2024-05-22T18:03:49Z</time></trkpt>
<trkpt lat="34.687872" lon="-118.533766"><ele>1519.0</ele><time>2024-05-22T18:03:54Z</time></trkpt>
<trkpt lat="34.688057" lon="-118.533748"><ele>1519.8</ele><time>2024-05-22T18:04:01Z</time></trkpt>
<trkpt lat="34.687902" lon="-118.533932"><ele>1520.6</ele><time>2024-05-22T18:04:12Z</time></trkpt>
<trkpt lat="34.687900" lon="-118.534199"><ele>1521.8</ele><time>2024-05-22T18:04:28Z</time></trkpt>
<trkpt lat="34.687219" lon="-118.534451"><ele>1525.8</ele><time>2024-05-22T18:05:46Z</time></trkpt>
<trkpt lat="34.687270" lon="-118.534309"><ele>1526.8</ele><time>2024-05-22T18:05:55Z</time></trkpt>
<trkpt lat="34.686708" lon="-118.534841"><ele>1529.8</ele><time>2024-05-22T18:08:00Z</time></trkpt>
<trkpt lat="34.686585" lon="-118.535215"><ele>1534.4</ele><time>2024-05-22T18:08:59Z</time></trkpt>
<trkpt lat="34.686532" lon="-118.535687"><ele>1536.2</ele><time>2024-05-22T18:09:48Z</time></trkpt>
<trkpt lat="34.686735" lon="-118.535772"><ele>1535.6</ele><time>2024-05-22T18:09:59Z</time></trkpt>
<trkpt lat="34.687035" lon="-118.536403"><ele>1539.8</ele><time>2024-05-22T18:10:54Z</time></trkpt>
<trkpt lat="34.687271" lon="-118.537067"><ele>1540.2</ele><time>2024-05-22T18:11:43Z</time></trkpt>
<trkpt lat="34.687229" lon="-118.537165"><ele>1540.4</ele><time>2024-05-22T18:11:49Z</time></trkpt>
<trkpt lat="34.687299" lon="-118.537194"><ele>1540.2</ele><time>2024-05-22T18:11:56Z</time></trkpt>
<trkpt lat="34.686893" lon="-118.537952"><ele>1542.8</ele><time>2024-05-22T18:13:20Z</time></trkpt>
<trkpt lat="34.686814" lon="-118.538235"><ele>1543.0</ele><time>2024-05-22T18:13:45Z</time></trkpt>
<trkpt lat="34.686731" lon="-118.538241"><ele>1543.0</ele><time>2024-05-22T18:13:48Z</time></trkpt>
<trkpt lat="34.687028" lon="-118.539006"><ele>1541.4</ele><time>2024-05-22T18:14:15Z</time></trkpt>
<trkpt lat="34.687043" lon="-118.539161"><ele>1542.4</ele><time>2024-05-22T18:14:31Z</time></trkpt>
<trkpt lat="34.686872" lon="-118.539594"><ele>1542.2</ele><time>2024-05-22T18:15:31Z</time></trkpt>
<trkpt lat="34.686913" lon="-118.539718"><ele>1543.0</ele><time>2024-05-22T18:15:43Z</time></trkpt>
<trkpt lat="34.686954" lon="-118.539700"><ele>1543.0</ele><time>2024-05-22T18:15:45Z</time></trkpt>
<trkpt lat="34.686961" lon="-118.539753"><ele>1543.6</ele><time>2024-05-22T18:15:52Z</time></trkpt>
<trkpt lat="34.686916" lon="-118.539746"><ele>1543.6</ele><time>2024-05-22T18:15:55Z</time></trkpt>
<trkpt lat="34.686997" lon="-118.539691"><ele>1543.4</ele><time>2024-05-22T18:15:58Z</time></trkpt>
<trkpt lat="34.686229" lon="-118.540477"><ele>1545.0</ele><time>2024-05-22T18:17:43Z</time></trkpt>
<trkpt lat="34.686302" lon="-118.540418"><ele>1545.2</ele><time>2024-05-22T18:17:45Z</time></trkpt>
<trkpt lat="34.686201" lon="-118.540313"><ele>1545.0</ele><time>2024-05-22T18:17:54Z</time></trkpt>
<trkpt lat="34.686203" lon="-118.540428"><ele>1545.4</ele><time>2024-05-22T18:18:39Z</time></trkpt>
<trkpt lat="34.686268" lon="-118.540498"><ele>1545.4</ele><time>2024-05-22T18:18:59Z</time></trkpt>
<trkpt lat="34.686371" lon="-118.540334"><ele>1546.0</ele><time>2024-05-22T18:20:34Z</time></trkpt>
<trkpt lat="34.686719" lon="-118.540544"><ele>1545.8</ele><time>2024-05-22T18:20:57Z</time></trkpt>
<trkpt lat="34.686299" lon="-118.540138"><ele>1545.8</ele><time>2024-05-22T18:21:02Z</time></trkpt>
<trkpt lat="34.686226" lon="-118.540294"><ele>1546.0</ele><time>2024-05-22T18:21:18Z</time></trkpt>
<trkpt lat="34.686336" lon="-118.540296"><ele>1546.4</ele><time>2024-05-22T18:21:30Z</time></trkpt>
<trkpt lat="34.686146" lon="-118.540244"><ele>1547.4</ele><time>2024-05-22T18:23:32Z</time></trkpt>
<trkpt lat="34.686378" lon="-118.540484"><ele>1548.0</ele><time>2024-05-22T18:24:01Z</time></trkpt>
<trkpt lat="34.686232" lon="-118.540360"><ele>1549.0</ele><time>2024-05-22T18:26:28Z</time></trkpt>
<trkpt lat="34.686330" lon="-118.540380"><ele>1549.2</ele><time>2024-05-22T18:28:24Z</time></trkpt>
<trkpt lat="34.686303" lon="-118.540432"><ele>1550.2</ele><time>2024-05-22T18:30:03Z</time></trkpt>
<trkpt lat="34.686368" lon="-118.540401"><ele>1550.2</ele><time>2024-05-22T18:30:36Z</time></trkpt>
<trkpt lat="34.686372" lon="-118.540304"><ele>1550.6</ele><time>2024-05-22T18:30:43Z</time></trkpt>
<trkpt lat="34.686357" lon="-118.540359"><ele>1550.6</ele><time>2024-05-22T18:30:50Z</time></trkpt>
<trkpt lat="34.686159" lon="-118.540407"><ele>1553.6</ele><time>2024-05-22T18:34:50Z</time></trkpt>
<trkpt lat="34.686238" lon="-118.540368"><ele>1554.2</ele><time>2024-05-22T18:35:02Z</time></trkpt>
<trkpt lat="34.686842" lon="-118.540811"><ele>1559.6</ele><time>2024-05-22T18:36:48Z</time></trkpt>
<trkpt lat="34.686967" lon="-118.540700"><ele>1559.6</ele><time>2024-05-22T18:36:59Z</time></trkpt>
<trkpt lat="34.686936" lon="-118.541061"><ele>1561.4</ele><time>2024-05-22T18:37:41Z</time></trkpt>
<trkpt lat="34.686860" lon="-118.540964"><ele>1563.4</ele><time>2024-05-22T18:38:43Z</time></trkpt>
<trkpt lat="34.686534" lon="-118.541742"><ele>1563.8</ele><time>2024-05-22T18:39:43Z</time></trkpt>
<trkpt lat="34.686559" lon="-118.542051"><ele>1565.2</ele><time>2024-05-22T18:40:35Z</time></trkpt>
<trkpt lat="34.686614" lon="-118.542125"><ele>1563.8</ele><time>2024-05-22T18:40:44Z</time></trkpt>
<trkpt lat="34.686603" lon="-118.542063"><ele>1563.6</ele><time>2024-05-22T18:40:46Z</time></trkpt>
<trkpt lat="34.686828" lon="-118.542061"><ele>1563.4</ele><time>2024-05-22T18:40:54Z</time></trkpt>
<trkpt lat="34.686896" lon="-118.542211"><ele>1563.4</ele><time>2024-05-22T18:41:04Z</time></trkpt>
<trkpt lat="34.687072" lon="-118.542927"><ele>1563.8</ele><time>2024-05-22T18:42:08Z</time></trkpt>
<trkpt lat="34.687095" lon="-118.543618"><ele>1564.4</ele><time>2024-05-22T18:42:43Z</time></trkpt>
<trkpt lat="34.687150" lon="-118.543774"><ele>1563.8</ele><time>2024-05-22T18:43:00Z</time></trkpt>
<trkpt lat="34.686675" lon="-118.545064"><ele>1564.2</ele><time>2024-05-22T18:44:45Z</time></trkpt>
<trkpt lat="34.686953" lon="-118.544990"><ele>1565.6</ele><time>2024-05-22T18:44:53Z</time></trkpt>
<trkpt lat="34.687037" lon="-118.545038"><ele>1565.2</ele><time>2024-05-22T18:45:02Z</time></trkpt>
<trkpt lat="34.687539" lon="-118.545660"><ele>1571.2</ele><time>2024-05-22T18:46:22Z</time></trkpt>
<trkpt lat="34.687746" lon="-118.546028"><ele>1571.6</ele><time>2024-05-22T18:46:43Z</time></trkpt>
<trkpt lat="34.687458" lon="-118.546128"><ele>1571.4</ele><time>2024-05-22T18:46:50Z</time></trkpt>
<trkpt lat="34.687482" lon="-118.546181"><ele>1571.2</ele><time>2024-05-22T18:46:58Z</time></trkpt>
<trkpt lat="34.686923" lon="-118.547098"><ele>1572.6</ele><time>2024-05-22T18:48:45Z</time></trkpt>
<trkpt lat="34.687089" lon="-118.547111"><ele>1573.0</ele><time>2024-05-22T18:49:03Z</time></trkpt>
<trkpt lat="34.687332" lon="-118.547291"><ele>1572.4</ele><time>2024-05-22T18:49:14Z</time></trkpt>
<trkpt lat="34.688148" lon="-118.548133"><ele>1572.4</ele><time>2024-05-22T18:50:57Z</time></trkpt>
<trkpt lat="34.688508" lon="-118.548110"><ele>1572.6</ele><time>2024-05-22T18:51:24Z</time></trkpt>
<trkpt lat="34.689180" lon="-118.547511"><ele>1577.4</ele><time>2024-05-22T18:52:54Z</time></trkpt>
<trkpt lat="34.689010" lon="-118.546897"><ele>1579.2</ele><time>2024-05-22T18:54:46Z</time></trkpt>
<trkpt lat="34.689602" lon="-118.546470"><ele>1583.8</ele><time>2024-05-22T18:56:24Z</time></trkpt>
<trkpt lat="34.689827" lon="-118.546081"><ele>1586.4</ele><time>2024-05-22T18:56:49Z</time></trkpt>
<trkpt lat="34.689844" lon="-118.546128"><ele>1586.4</ele><time>2024-05-22T18:56:53Z</time></trkpt>
<trkpt lat="34.689905" lon="-118.546041"><ele>1586.0</ele><time>2024-05-22T18:56:59Z</time></trkpt>
<trkpt lat="34.690534" lon="-118.545883"><ele>1590.4</ele><time>2024-05-22T18:58:45Z</time></trkpt>
<trkpt lat="34.690836" lon="-118.546308"><ele>1591.6</ele><time>2024-05-22T18:59:24Z</time></trkpt>
<trkpt lat="34.690938" lon="-118.546681"><ele>1593.8</ele><time>2024-05-22T18:59:46Z</time></trkpt>
<trkpt lat="34.690988" lon="-118.547410"><ele>1597.2</ele><time>2024-05-22T19:00:54Z</time></trkpt>
<trkpt lat="34.691129" lon="-118.548211"><ele>1600.4</ele><time>2024-05-22T19:02:02Z</time></trkpt>
<trkpt lat="34.691370" lon="-118.548831"><ele>1603.2</ele><time>2024-05-22T19:02:48Z</time></trkpt>
<trkpt lat="34.691541" lon="-118.549502"><ele>1605.4</ele><time>2024-05-22T19:03:36Z</time></trkpt>
<trkpt lat="34.691712" lon="-118.549664"><ele>1605.4</ele><time>2024-05-22T19:03:52Z</time></trkpt>
<trkpt lat="34.691931" lon="-118.550320"><ele>1607.4</ele><time>2024-05-22T19:04:44Z</time></trkpt>
<trkpt lat="34.691850" lon="-118.550421"><ele>1608.0</ele><time>2024-05-22T19:04:54Z</time></trkpt>
<trkpt lat="34.691671" lon="-118.551626"><ele>1615.8</ele><time>2024-05-22T19:06:47Z</time></trkpt>
<trkpt lat="34.691719" lon="-118.551556"><ele>1615.6</ele><time>2024-05-22T19:06:57Z</time></trkpt>
<trkpt lat="34.691911" lon="-118.552483"><ele>1615.4</ele><time>2024-05-22T19:08:45Z</time></trkpt>
<trkpt lat="34.691806" lon="-118.552700"><ele>1614.6</ele><time>2024-05-22T19:09:03Z</time></trkpt>
<trkpt lat="34.691746" lon="-118.553062"><ele>1614.4</ele><time>2024-05-22T19:09:30Z</time></trkpt>
<trkpt lat="34.691798" lon="-118.553112"><ele>1614.0</ele><time>2024-05-22T19:09:54Z</time></trkpt>
<trkpt lat="34.691788" lon="-118.553236"><ele>1613.2</ele><time>2024-05-22T19:10:14Z</time></trkpt>
<trkpt lat="34.691629" lon="-118.553624"><ele>1613.6</ele><time>2024-05-22T19:10:43Z</time></trkpt>
<trkpt lat="34.691753" lon="-118.553844"><ele>1612.6</ele><time>2024-05-22T19:10:50Z</time></trkpt>
<trkpt lat="34.691662" lon="-118.553923"><ele>1611.8</ele><time>2024-05-22T19:10:58Z</time></trkpt>
<trkpt lat="34.691862" lon="-118.554338"><ele>1610.0</ele><time>2024-05-22T19:11:18Z</time></trkpt>
<trkpt lat="34.691787" lon="-118.554469"><ele>1609.6</ele><time>2024-05-22T19:11:30Z</time></trkpt>
<trkpt lat="34.691880" lon="-118.554577"><ele>1607.8</ele><time>2024-05-22T19:12:02Z</time></trkpt>
<trkpt lat="34.691963" lon="-118.554510"><ele>1606.4</ele><time>2024-05-22T19:12:18Z</time></trkpt>
<trkpt lat="34.691932" lon="-118.554461"><ele>1606.0</ele><time>2024-05-22T19:12:47Z</time></trkpt>
<trkpt lat="34.692008" lon="-118.554444"><ele>1606.0</ele><time>2024-05-22T19:12:49Z</time></trkpt>
<trkpt lat="34.691949" lon="-118.554452"><ele>1605.4</ele><time>2024-05-22T19:13:00Z</time></trkpt>
<trkpt lat="34.691913" lon="-118.554758"><ele>1605.8</ele><time>2024-05-22T19:14:51Z</time></trkpt>
<trkpt lat="34.691879" lon="-118.554568"><ele>1605.8</ele><time>2024-05-22T19:14:56Z</time></trkpt>
<trkpt lat="34.692341" lon="-118.554611"><ele>1602.6</ele><time>2024-05-22T19:15:45Z</time></trkpt>
<trkpt lat="34.692812" lon="-118.554478"><ele>1598.8</ele><time>2024-05-22T19:16:27Z</time></trkpt>
<trkpt lat="34.693094" lon="-118.554601"><ele>1596.6</ele><time>2024-05-22T19:16:51Z</time></trkpt>
<trkpt lat="34.693228" lon="-118.554834"><ele>1595.8</ele><time>2024-05-22T19:17:12Z</time></trkpt>
<trkpt lat="34.693629" lon="-118.555169"><ele>1591.2</ele><time>2024-05-22T19:17:54Z</time></trkpt>
<trkpt lat="34.693744" lon="-118.555451"><ele>1589.2</ele><time>2024-05-22T19:18:14Z</time></trkpt>
<trkpt lat="34.693874" lon="-118.556152"><ele>1586.6</ele><time>2024-05-22T19:18:52Z</time></trkpt>
<trkpt lat="34.694094" lon="-118.556443"><ele>1587.0</ele><time>2024-05-22T19:19:11Z</time></trkpt>
<trkpt lat="34.694244" lon="-118.556535"><ele>1586.0</ele><time>2024-05-22T19:19:29Z</time></trkpt>
<trkpt lat="34.694206" lon="-118.556783"><ele>1583.8</ele><time>2024-05-22T19:20:01Z</time></trkpt>
<trkpt lat="34.694010" lon="-118.557144"><ele>1582.4</ele><time>2024-05-22T19:20:37Z</time></trkpt>
<trkpt lat="34.694069" lon="-118.557357"><ele>1582.8</ele><time>2024-05-22T19:20:47Z</time></trkpt>
<trkpt lat="34.694111" lon="-118.557310"><ele>1582.8</ele><time>2024-05-22T19:20:48Z</time></trkpt>
<trkpt lat="34.694205" lon="-118.557354"><ele>1582.0</ele><time>2024-05-22T19:20:54Z</time></trkpt>
<trkpt lat="34.694473" lon="-118.557683"><ele>1581.8</ele><time>2024-05-22T19:21:17Z</time></trkpt>
<trkpt lat="34.694501" lon="-118.557970"><ele>1581.2</ele><time>2024-05-22T19:22:11Z</time></trkpt>
<trkpt lat="34.694693" lon="-118.558184"><ele>1580.0</ele><time>2024-05-22T19:22:45Z</time></trkpt>
<trkpt lat="34.694763" lon="-118.558428"><ele>1580.4</ele><time>2024-05-22T19:23:00Z</time></trkpt>
<trkpt lat="34.694995" lon="-118.558598"><ele>1579.4</ele><time>2024-05-22T19:23:21Z</time></trkpt>
<trkpt lat="34.695413" lon="-118.558611"><ele>1577.2</ele><time>2024-05-22T19:24:09Z</time></trkpt>
<trkpt lat="34.695613" lon="-118.558532"><ele>1576.0</ele><time>2024-05-22T19:24:31Z</time></trkpt>
<trkpt lat="34.695790" lon="-118.558585"><ele>1575.2</ele><time>2024-05-22T19:24:44Z</time></trkpt>
<trkpt lat="34.695738" lon="-118.558605"><ele>1575.0</ele><time>2024-05-22T19:24:45Z</time></trkpt>
<trkpt lat="34.695817" lon="-118.558747"><ele>1574.6</ele><time>2024-05-22T19:24:55Z</time></trkpt>
<trkpt lat="34.695764" lon="-118.558826"><ele>1574.4</ele><time>2024-05-22T19:25:01Z</time></trkpt>
<trkpt lat="34.695909" lon="-118.559553"><ele>1577.2</ele><time>2024-05-22T19:25:50Z</time></trkpt>
<trkpt lat="34.695881" lon="-118.560196"><ele>1580.4</ele><time>2024-05-22T19:26:45Z</time></trkpt>
<trkpt lat="34.696012" lon="-118.560337"><ele>1579.2</ele><time>2024-05-22T19:26:58Z</time></trkpt>
<trkpt lat="34.696166" lon="-118.560887"><ele>1581.4</ele><time>2024-05-22T19:27:26Z</time></trkpt>
<trkpt lat="34.696207" lon="-118.561469"><ele>1583.0</ele><time>2024-05-22T19:28:28Z</time></trkpt>
<trkpt lat="34.696155" lon="-118.561758"><ele>1584.0</ele><time>2024-05-22T19:28:43Z</time></trkpt>
<trkpt lat="34.696474" lon="-118.562193"><ele>1585.8</ele><time>2024-05-22T19:29:23Z</time></trkpt>
<trkpt lat="34.696891" lon="-118.562336"><ele>1584.2</ele><time>2024-05-22T19:30:19Z</time></trkpt>
<trkpt lat="34.697130" lon="-118.562501"><ele>1582.4</ele><time>2024-05-22T19:30:44Z</time></trkpt>
<trkpt lat="34.697191" lon="-118.562613"><ele>1581.8</ele><time>2024-05-22T19:30:52Z</time></trkpt>
<trkpt lat="34.697297" lon="-118.562619"><ele>1583.2</ele><time>2024-05-22T19:31:00Z</time></trkpt>
<trkpt lat="34.697630" lon="-118.563219"><ele>1579.2</ele><time>2024-05-22T19:32:17Z</time></trkpt>
<trkpt lat="34.697604" lon="-118.563892"><ele>1576.0</ele><time>2024-05-22T19:32:54Z</time></trkpt>
<trkpt lat="34.697830" lon="-118.564127"><ele>1574.8</ele><time>2024-05-22T19:33:09Z</time></trkpt>
<trkpt lat="34.698379" lon="-118.564471"><ele>1569.2</ele><time>2024-05-22T19:34:13Z</time></trkpt>
<trkpt lat="34.698736" lon="-118.564883"><ele>1567.0</ele><time>2024-05-22T19:34:43Z</time></trkpt>
<trkpt lat="34.698616" lon="-118.564955"><ele>1566.4</ele><time>2024-05-22T19:34:47Z</time></trkpt>
<trkpt lat="34.698649" lon="-118.565150"><ele>1564.8</ele><time>2024-05-22T19:34:57Z</time></trkpt>
<trkpt lat="34.699307" lon="-118.566361"><ele>1557.8</ele><time>2024-05-22T19:36:45Z</time></trkpt>
<trkpt lat="34.699210" lon="-118.566469"><ele>1556.4</ele><time>2024-05-22T19:36:58Z</time></trkpt>
<trkpt lat="34.699827" lon="-118.566883"><ele>1550.2</ele><time>2024-05-22T19:38:10Z</time></trkpt>
<trkpt lat="34.700082" lon="-118.567302"><ele>1546.8</ele><time>2024-05-22T19:38:45Z</time></trkpt>
<trkpt lat="34.700063" lon="-118.567413"><ele>1546.0</ele><time>2024-05-22T19:38:52Z</time></trkpt>
<trkpt lat="34.700494" lon="-118.567768"><ele>1543.0</ele><time>2024-05-22T19:39:32Z</time></trkpt>
<trkpt lat="34.700728" lon="-118.568135"><ele>1539.8</ele><time>2024-05-22T19:40:04Z</time></trkpt>
<trkpt lat="34.700767" lon="-118.568680"><ele>1538.4</ele><time>2024-05-22T19:40:44Z</time></trkpt>
<trkpt lat="34.700697" lon="-118.568868"><ele>1538.0</ele><time>2024-05-22T19:41:01Z</time></trkpt>
<trkpt lat="34.700992" lon="-118.569087"><ele>1537.4</ele><time>2024-05-22T19:41:28Z</time></trkpt>
<trkpt lat="34.701194" lon="-118.568877"><ele>1535.2</ele><time>2024-05-22T19:41:48Z</time></trkpt>
<trkpt lat="34.701769" lon="-118.568661"><ele>1535.4</ele><time>2024-05-22T19:43:03Z</time></trkpt>
<trkpt lat="34.702031" lon="-118.568792"><ele>1534.8</ele><time>2024-05-22T19:43:20Z</time></trkpt>
<trkpt lat="34.702406" lon="-118.569194"><ele>1534.8</ele><time>2024-05-22T19:44:44Z</time></trkpt>
<trkpt lat="34.702559" lon="-118.569131"><ele>1533.2</ele><time>2024-05-22T19:45:00Z</time></trkpt>
<trkpt lat="34.702756" lon="-118.569331"><ele>1533.8</ele><time>2024-05-22T19:45:24Z</time></trkpt>
<trkpt lat="34.702932" lon="-118.569635"><ele>1532.0</ele><time>2024-05-22T19:45:54Z</time></trkpt>
<trkpt lat="34.703617" lon="-118.570186"><ele>1532.0</ele><time>2024-05-22T19:46:48Z</time></trkpt>
<trkpt lat="34.703754" lon="-118.570763"><ele>1531.0</ele><time>2024-05-22T19:47:48Z</time></trkpt>
<trkpt lat="34.703793" lon="-118.571645"><ele>1528.8</ele><time>2024-05-22T19:48:47Z</time></trkpt>
<trkpt lat="34.703757" lon="-118.571843"><ele>1528.8</ele><time>2024-05-22T19:48:52Z</time></trkpt>
<trkpt lat="34.703616" lon="-118.571853"><ele>1529.4</ele><time>2024-05-22T19:49:03Z</time></trkpt>
<trkpt lat="34.703632" lon="-118.571965"><ele>1529.6</ele><time>2024-05-22T19:49:14Z</time></trkpt>
<trkpt lat="34.704019" lon="-118.572253"><ele>1534.2</ele><time>2024-05-22T19:50:10Z</time></trkpt>
<trkpt lat="34.704162" lon="-118.572871"><ele>1535.8</ele><time>2024-05-22T19:50:50Z</time></trkpt>
<trkpt lat="34.704051" lon="-118.572940"><ele>1535.4</ele><time>2024-05-22T19:50:56Z</time></trkpt>
<trkpt lat="34.703176" lon="-118.574080"><ele>1537.2</ele><time>2024-05-22T19:54:36Z</time></trkpt>
<trkpt lat="34.703055" lon="-118.574347"><ele>1538.2</ele><time>2024-05-22T19:54:59Z</time></trkpt>
<trkpt lat="34.703368" lon="-118.575407"><ele>1544.2</ele><time>2024-05-22T19:56:34Z</time></trkpt>
<trkpt lat="34.703419" lon="-118.575964"><ele>1546.4</ele><time>2024-05-22T19:57:02Z</time></trkpt>
<trkpt lat="34.703114" lon="-118.577381"><ele>1552.4</ele><time>2024-05-22T19:58:46Z</time></trkpt>
<trkpt lat="34.702985" lon="-118.577496"><ele>1554.0</ele><time>2024-05-22T19:59:02Z</time></trkpt>
<trkpt lat="34.702751" lon="-118.578094"><ele>1556.2</ele><time>2024-05-22T19:59:26Z</time></trkpt>
<trkpt lat="34.702302" lon="-118.578574"><ele>1554.8</ele><time>2024-05-22T20:00:40Z</time></trkpt>
<trkpt lat="34.702258" lon="-118.578781"><ele>1554.0</ele><time>2024-05-22T20:00:46Z</time></trkpt>
<trkpt lat="34.702201" lon="-118.578724"><ele>1553.8</ele><time>2024-05-22T20:00:49Z</time></trkpt>
<trkpt lat="34.702636" lon="-118.579239"><ele>1549.2</ele><time>2024-05-22T20:01:45Z</time></trkpt>
<trkpt lat="34.702785" lon="-118.580143"><ele>1543.2</ele><time>2024-05-22T20:02:47Z</time></trkpt>
<trkpt lat="34.702849" lon="-118.580173"><ele>1542.4</ele><time>2024-05-22T20:02:53Z</time></trkpt>
<trkpt lat="34.702812" lon="-118.580075"><ele>1541.8</ele><time>2024-05-22T20:02:57Z</time></trkpt>
<trkpt lat="34.702871" lon="-118.580108"><ele>1541.2</ele><time>2024-05-22T20:03:01Z</time></trkpt>
<trkpt lat="34.703431" lon="-118.579940"><ele>1536.0</ele><time>2024-05-22T20:03:57Z</time></trkpt>
<trkpt lat="34.704131" lon="-118.579863"><ele>1530.4</ele><time>2024-05-22T20:04:48Z</time></trkpt>
<trkpt lat="34.704179" lon="-118.579867"><ele>1529.4</ele><time>2024-05-22T20:04:54Z</time></trkpt>
<trkpt lat="34.704305" lon="-118.580149"><ele>1526.0</ele><time>2024-05-22T20:05:20Z</time></trkpt>
<trkpt lat="34.704506" lon="-118.580284"><ele>1522.2</ele><time>2024-05-22T20:05:40Z</time></trkpt>
<trkpt lat="34.704582" lon="-118.580064"><ele>1519.2</ele><time>2024-05-22T20:06:02Z</time></trkpt>
<trkpt lat="34.704498" lon="-118.579831"><ele>1515.4</ele><time>2024-05-22T20:06:46Z</time></trkpt>
<trkpt lat="34.704567" lon="-118.579787"><ele>1514.8</ele><time>2024-05-22T20:06:50Z</time></trkpt>
<trkpt lat="34.704460" lon="-118.579349"><ele>1513.2</ele><time>2024-05-22T20:07:00Z</time></trkpt>
<trkpt lat="34.704598" lon="-118.579103"><ele>1510.4</ele><time>2024-05-22T20:07:20Z</time></trkpt>
<trkpt lat="34.704662" lon="-118.579175"><ele>1509.4</ele><time>2024-05-22T20:07:26Z</time></trkpt>
<trkpt lat="34.704872" lon="-118.579618"><ele>1505.0</ele><time>2024-05-22T20:07:54Z</time></trkpt>
<trkpt lat="34.704924" lon="-118.579860"><ele>1503.0</ele><time>2024-05-22T20:08:08Z</time></trkpt>
<trkpt lat="34.705171" lon="-118.580266"><ele>1498.6</ele><time>2024-05-22T20:08:52Z</time></trkpt>
<trkpt lat="34.705280" lon="-118.580272"><ele>1498.2</ele><time>2024-05-22T20:08:57Z</time></trkpt>
<trkpt lat="34.705724" lon="-118.580851"><ele>1494.2</ele><time>2024-05-22T20:09:27Z</time></trkpt>
<trkpt lat="34.706026" lon="-118.581051"><ele>1490.6</ele><time>2024-05-22T20:10:01Z</time></trkpt>
<trkpt lat="34.706246" lon="-118.581293"><ele>1487.8</ele><time>2024-05-22T20:10:41Z</time></trkpt>
<trkpt lat="34.706254" lon="-118.581230"><ele>1486.8</ele><time>2024-05-22T20:10:47Z</time></trkpt>
<trkpt lat="34.706129" lon="-118.581204"><ele>1486.2</ele><time>2024-05-22T20:10:50Z</time></trkpt>
<trkpt lat="34.706243" lon="-118.581277"><ele>1484.6</ele><time>2024-05-22T20:11:00Z</time></trkpt>
<trkpt lat="34.706426" lon="-118.581576"><ele>1484.2</ele><time>2024-05-22T20:11:10Z</time></trkpt>
<trkpt lat="34.706572" lon="-118.582478"><ele>1482.0</ele><time>2024-05-22T20:12:10Z</time></trkpt>
<trkpt lat="34.706601" lon="-118.582861"><ele>1481.0</ele><time>2024-05-22T20:12:32Z</time></trkpt>
<trkpt lat="34.706546" lon="-118.583105"><ele>1481.8</ele><time>2024-05-22T20:12:44Z</time></trkpt>
<trkpt lat="34.706630" lon="-118.583142"><ele>1481.6</ele><time>2024-05-22T20:12:46Z</time></trkpt>
<trkpt lat="34.706544" lon="-118.582846"><ele>1481.6</ele><time>2024-05-22T20:12:52Z</time></trkpt>
<trkpt lat="34.706477" lon="-118.582782"><ele>1482.2</ele><time>2024-05-22T20:12:57Z</time></trkpt>
<trkpt lat="34.706473" lon="-118.582827"><ele>1482.4</ele><time>2024-05-22T20:13:01Z</time></trkpt>
<trkpt lat="34.706814" lon="-118.583807"><ele>1482.8</ele><time>2024-05-22T20:14:02Z</time></trkpt>
<trkpt lat="34.706846" lon="-118.584078"><ele>1484.8</ele><time>2024-05-22T20:14:30Z</time></trkpt>
<trkpt lat="34.706863" lon="-118.584520"><ele>1485.6</ele><time>2024-05-22T20:14:43Z</time></trkpt>
<trkpt lat="34.706703" lon="-118.584722"><ele>1485.6</ele><time>2024-05-22T20:14:44Z</time></trkpt>
<trkpt lat="34.706932" lon="-118.584293"><ele>1485.2</ele><time>2024-05-22T20:14:48Z</time></trkpt>
<trkpt lat="34.706821" lon="-118.584281"><ele>1485.4</ele><time>2024-05-22T20:14:54Z</time></trkpt>
<trkpt lat="34.706781" lon="-118.584378"><ele>1484.6</ele><time>2024-05-22T20:15:02Z</time></trkpt>
<trkpt lat="34.706686" lon="-118.585311"><ele>1481.4</ele><time>2024-05-22T20:15:54Z</time></trkpt>
<trkpt lat="34.707179" lon="-118.585943"><ele>1477.8</ele><time>2024-05-22T20:16:46Z</time></trkpt>
<trkpt lat="34.707140" lon="-118.585802"><ele>1477.6</ele><time>2024-05-22T20:16:48Z</time></trkpt>
<trkpt lat="34.707089" lon="-118.585826"><ele>1477.2</ele><time>2024-05-22T20:16:50Z</time></trkpt>
<trkpt lat="34.706891" lon="-118.585537"><ele>1476.6</ele><time>2024-05-22T20:16:57Z</time></trkpt>
<trkpt lat="34.707032" lon="-118.585609"><ele>1476.0</ele><time>2024-05-22T20:17:03Z</time></trkpt>
<trkpt lat="34.707245" lon="-118.585947"><ele>1476.6</ele><time>2024-05-22T20:17:53Z</time></trkpt>
<trkpt lat="34.707970" lon="-118.586606"><ele>1475.2</ele><time>2024-05-22T20:18:44Z</time></trkpt>
<trkpt lat="34.707746" lon="-118.586165"><ele>1474.6</ele><time>2024-05-22T20:18:47Z</time></trkpt>
<trkpt lat="34.707785" lon="-118.586004"><ele>1473.2</ele><time>2024-05-22T20:18:55Z</time></trkpt>
<trkpt lat="34.708153" lon="-118.586456"><ele>1468.4</ele><time>2024-05-22T20:19:36Z</time></trkpt>
<trkpt lat="34.708234" lon="-118.586693"><ele>1467.4</ele><time>2024-05-22T20:19:52Z</time></trkpt>
<trkpt lat="34.708771" lon="-118.587288"><ele>1467.6</ele><time>2024-05-22T20:20:44Z</time></trkpt>
<trkpt lat="34.708569" lon="-118.587047"><ele>1467.4</ele><time>2024-05-22T20:20:46Z</time></trkpt>
<trkpt lat="34.708891" lon="-118.587610"><ele>1465.6</ele><time>2024-05-22T20:21:11Z</time></trkpt>
<trkpt lat="34.709220" lon="-118.587893"><ele>1466.4</ele><time>2024-05-22T20:21:35Z</time></trkpt>
<trkpt lat="34.709226" lon="-118.588037"><ele>1465.8</ele><time>2024-05-22T20:22:21Z</time></trkpt>
<trkpt lat="34.709278" lon="-118.588083"><ele>1466.6</ele><time>2024-05-22T20:22:44Z</time></trkpt>
<trkpt lat="34.709075" lon="-118.587669"><ele>1464.6</ele><time>2024-05-22T20:23:00Z</time></trkpt>
<trkpt lat="34.709087" lon="-118.587744"><ele>1464.2</ele><time>2024-05-22T20:24:55Z</time></trkpt>
<trkpt lat="34.709153" lon="-118.587719"><ele>1467.6</ele><time>2024-05-22T20:28:49Z</time></trkpt>
<trkpt lat="34.709122" lon="-118.587679"><ele>1467.8</ele><time>2024-05-22T20:28:56Z</time></trkpt>
<trkpt lat="34.709309" lon="-118.588030"><ele>1469.4</ele><time>2024-05-22T20:30:45Z</time></trkpt>
<trkpt lat="34.709356" lon="-118.588035"><ele>1469.0</ele><time>2024-05-22T20:30:47Z</time></trkpt>
<trkpt lat="34.709290" lon="-118.587831"><ele>1466.6</ele><time>2024-05-22T20:32:28Z</time></trkpt>
<trkpt lat="34.709331" lon="-118.588048"><ele>1467.0</ele><time>2024-05-22T20:34:42Z</time></trkpt>
<trkpt lat="34.709365" lon="-118.588024"><ele>1466.2</ele><time>2024-05-22T20:34:50Z</time></trkpt>
<trkpt lat="34.709307" lon="-118.587843"><ele>1465.6</ele><time>2024-05-22T20:36:53Z</time></trkpt>
<trkpt lat="34.709199" lon="-118.588015"><ele>1465.6</ele><time>2024-05-22T20:38:44Z</time></trkpt>
<trkpt lat="34.709281" lon="-118.587880"><ele>1465.4</ele><time>2024-05-22T20:38:52Z</time></trkpt>
<trkpt lat="34.709322" lon="-118.587987"><ele>1465.2</ele><time>2024-05-22T20:40:46Z</time></trkpt>
<trkpt lat="34.709305" lon="-118.587909"><ele>1465.0</ele><time>2024-05-22T20:40:51Z</time></trkpt>
<trkpt lat="34.709068" lon="-118.588032"><ele>1465.0</ele><time>2024-05-22T20:42:44Z</time></trkpt>
<trkpt lat="34.709246" lon="-118.587885"><ele>1464.8</ele><time>2024-05-22T20:42:57Z</time></trkpt>
<trkpt lat="34.709156" lon="-118.587882"><ele>1465.0</ele><time>2024-05-22T20:44:44Z</time></trkpt>
<trkpt lat="34.709254" lon="-118.587869"><ele>1464.6</ele><time>2024-05-22T20:44:49Z</time></trkpt>
<trkpt lat="34.709282" lon="-118.587939"><ele>1463.8</ele><time>2024-05-22T20:46:38Z</time></trkpt>
<trkpt lat="34.709219" lon="-118.587932"><ele>1463.4</ele><time>2024-05-22T20:46:47Z</time></trkpt>
<trkpt lat="34.709319" lon="-118.587859"><ele>1463.2</ele><time>2024-05-22T20:46:51Z</time></trkpt>
<trkpt lat="34.709089" lon="-118.587701"><ele>1462.4</ele><time>2024-05-22T20:48:59Z</time></trkpt>
<trkpt lat="34.709147" lon="-118.587811"><ele>1462.2</ele><time>2024-05-22T20:50:26Z</time></trkpt>
<trkpt lat="34.709091" lon="-118.587707"><ele>1462.8</ele><time>2024-05-22T20:50:56Z</time></trkpt>
<trkpt lat="34.709128" lon="-118.587700"><ele>1462.2</ele><time>2024-05-22T20:51:30Z</time></trkpt>
<trkpt lat="34.709092" lon="-118.587783"><ele>1461.4</ele><time>2024-05-22T20:52:48Z</time></trkpt>
<trkpt lat="34.709127" lon="-118.587698"><ele>1461.2</ele><time>2024-05-22T20:52:55Z</time></trkpt>
<trkpt lat="34.709169" lon="-118.587888"><ele>1460.2</ele><time>2024-05-22T20:54:10Z</time></trkpt>
<trkpt lat="34.709316" lon="-118.587841"><ele>1461.6</ele><time>2024-05-22T20:54:52Z</time></trkpt>
<trkpt lat="34.709044" lon="-118.587986"><ele>1461.8</ele><time>2024-05-22T20:58:43Z</time></trkpt>
<trkpt lat="34.709253" lon="-118.587896"><ele>1460.8</ele><time>2024-05-22T20:58:55Z</time></trkpt>
<trkpt lat="34.709065" lon="-118.587811"><ele>1462.0</ele><time>2024-05-22T21:00:40Z</time></trkpt>
<trkpt lat="34.708942" lon="-118.587851"><ele>1462.2</ele><time>2024-05-22T21:00:48Z</time></trkpt>
<trkpt lat="34.708840" lon="-118.588036"><ele>1460.8</ele><time>2024-05-22T21:01:01Z</time></trkpt>
<trkpt lat="34.708877" lon="-118.588178"><ele>1458.8</ele><time>2024-05-22T21:01:12Z</time></trkpt>
<trkpt lat="34.708980" lon="-118.588218"><ele>1457.8</ele><time>2024-05-22T21:01:20Z</time></trkpt>
<trkpt lat="34.709008" lon="-118.588452"><ele>1455.6</ele><time>2024-05-22T21:01:36Z</time></trkpt>
<trkpt lat="34.709094" lon="-118.588558"><ele>1454.6</ele><time>2024-05-22T21:01:44Z</time></trkpt>
<trkpt lat="34.709140" lon="-118.588985"><ele>1452.4</ele><time>2024-05-22T21:02:08Z</time></trkpt>
<trkpt lat="34.709007" lon="-118.589283"><ele>1448.8</ele><time>2024-05-22T21:02:43Z</time></trkpt>
<trkpt lat="34.708636" lon="-118.589445"><ele>1448.6</ele><time>2024-05-22T21:02:52Z</time></trkpt>
<trkpt lat="34.708162" lon="-118.589431"><ele>1449.0</ele><time>2024-05-22T21:03:30Z</time></trkpt>
<trkpt lat="34.708035" lon="-118.589483"><ele>1450.2</ele><time>2024-05-22T21:03:48Z</time></trkpt>
<trkpt lat="34.707941" lon="-118.589662"><ele>1450.4</ele><time>2024-05-22T21:04:30Z</time></trkpt>
<trkpt lat="34.707867" lon="-118.589689"><ele>1450.4</ele><time>2024-05-22T21:04:45Z</time></trkpt>
<trkpt lat="34.707874" lon="-118.589803"><ele>1450.0</ele><time>2024-05-22T21:04:49Z</time></trkpt>
<trkpt lat="34.707415" lon="-118.590680"><ele>1446.8</ele><time>2024-05-22T21:06:43Z</time></trkpt>
<trkpt lat="34.707173" lon="-118.590824"><ele>1445.0</ele><time>2024-05-22T21:06:55Z</time></trkpt>
<trkpt lat="34.707171" lon="-118.590906"><ele>1444.6</ele><time>2024-05-22T21:07:02Z</time></trkpt>
<trkpt lat="34.707449" lon="-118.591479"><ele>1441.4</ele><time>2024-05-22T21:07:30Z</time></trkpt>
<trkpt lat="34.707384" lon="-118.591633"><ele>1441.2</ele><time>2024-05-22T21:07:52Z</time></trkpt>
<trkpt lat="34.707363" lon="-118.591577"><ele>1442.4</ele><time>2024-05-22T21:08:16Z</time></trkpt>
<trkpt lat="34.707642" lon="-118.591931"><ele>1438.2</ele><time>2024-05-22T21:09:01Z</time></trkpt>
<trkpt lat="34.708201" lon="-118.592143"><ele>1434.2</ele><time>2024-05-22T21:10:04Z</time></trkpt>
<trkpt lat="34.709001" lon="-118.591717"><ele>1431.0</ele><time>2024-05-22T21:10:59Z</time></trkpt>
<trkpt lat="34.708937" lon="-118.592161"><ele>1433.8</ele><time>2024-05-22T21:11:36Z</time></trkpt>
<trkpt lat="34.708983" lon="-118.592388"><ele>1435.2</ele><time>2024-05-22T21:12:36Z</time></trkpt>
<trkpt lat="34.709143" lon="-118.592264"><ele>1434.4</ele><time>2024-05-22T21:12:51Z</time></trkpt>
<trkpt lat="34.709293" lon="-118.592306"><ele>1435.0</ele><time>2024-05-22T21:13:04Z</time></trkpt>
<trkpt lat="34.709645" lon="-118.593468"><ele>1435.0</ele><time>2024-05-22T21:14:43Z</time></trkpt>
<trkpt lat="34.709552" lon="-118.593449"><ele>1435.2</ele><time>2024-05-22T21:14:49Z</time></trkpt>
<trkpt lat="34.709553" lon="-118.593547"><ele>1435.0</ele><time>2024-05-22T21:14:56Z</time></trkpt>
<trkpt lat="34.709987" lon="-118.593875"><ele>1435.6</ele><time>2024-05-22T21:15:38Z</time></trkpt>
<trkpt lat="34.709968" lon="-118.594198"><ele>1435.4</ele><time>2024-05-22T21:16:10Z</time></trkpt>
<trkpt lat="34.710214" lon="-118.594532"><ele>1434.2</ele><time>2024-05-22T21:16:46Z</time></trkpt>
<trkpt lat="34.710200" lon="-118.594688"><ele>1436.2</ele><time>2024-05-22T21:16:57Z</time></trkpt>
<trkpt lat="34.710094" lon="-118.594772"><ele>1435.0</ele><time>2024-05-22T21:18:59Z</time></trkpt>
<trkpt lat="34.709987" lon="-118.595074"><ele>1434.4</ele><time>2024-05-22T21:19:36Z</time></trkpt>
<trkpt lat="34.709803" lon="-118.595637"><ele>1436.2</ele><time>2024-05-22T21:20:43Z</time></trkpt>
<trkpt lat="34.709859" lon="-118.595633"><ele>1436.6</ele><time>2024-05-22T21:20:45Z</time></trkpt>
<trkpt lat="34.709699" lon="-118.595698"><ele>1439.6</ele><time>2024-05-22T21:20:59Z</time></trkpt>
<trkpt lat="34.709507" lon="-118.596146"><ele>1449.4</ele><time>2024-05-22T21:22:00Z</time></trkpt>
<trkpt lat="34.709308" lon="-118.596378"><ele>1450.0</ele><time>2024-05-22T21:22:43Z</time></trkpt>
<trkpt lat="34.709309" lon="-118.596082"><ele>1451.6</ele><time>2024-05-22T21:22:57Z</time></trkpt>
<trkpt lat="34.709070" lon="-118.595681"><ele>1456.8</ele><time>2024-05-22T21:23:36Z</time></trkpt>
<trkpt lat="34.708942" lon="-118.595616"><ele>1460.0</ele><time>2024-05-22T21:24:04Z</time></trkpt>
<trkpt lat="34.708743" lon="-118.595627"><ele>1462.2</ele><time>2024-05-22T21:24:16Z</time></trkpt>
<trkpt lat="34.708243" lon="-118.595314"><ele>1465.6</ele><time>2024-05-22T21:24:43Z</time></trkpt>
<trkpt lat="34.708205" lon="-118.595431"><ele>1466.0</ele><time>2024-05-22T21:24:48Z</time></trkpt>
<trkpt lat="34.708302" lon="-118.595533"><ele>1467.2</ele><time>2024-05-22T21:25:00Z</time></trkpt>
<trkpt lat="34.707551" lon="-118.596419"><ele>1483.6</ele><time>2024-05-22T21:26:42Z</time></trkpt>
<trkpt lat="34.707594" lon="-118.596623"><ele>1483.8</ele><time>2024-05-22T21:26:43Z</time></trkpt>
<trkpt lat="34.707822" lon="-118.596640"><ele>1484.8</ele><time>2024-05-22T21:26:56Z</time></trkpt>
<trkpt lat="34.707487" lon="-118.597189"><ele>1491.2</ele><time>2024-05-22T21:27:38Z</time></trkpt>
<trkpt lat="34.707382" lon="-118.597542"><ele>1498.6</ele><time>2024-05-22T21:28:30Z</time></trkpt>
<trkpt lat="34.707173" lon="-118.597759"><ele>1500.0</ele><time>2024-05-22T21:28:42Z</time></trkpt>
<trkpt lat="34.707181" lon="-118.597876"><ele>1500.4</ele><time>2024-05-22T21:28:45Z</time></trkpt>
<trkpt lat="34.707136" lon="-118.597853"><ele>1500.6</ele><time>2024-05-22T21:28:47Z</time></trkpt>
<trkpt lat="34.707133" lon="-118.597897"><ele>1501.0</ele><time>2024-05-22T21:28:49Z</time></trkpt>
<trkpt lat="34.707426" lon="-118.597931"><ele>1501.4</ele><time>2024-05-22T21:28:51Z</time></trkpt>
<trkpt lat="34.706414" lon="-118.598310"><ele>1513.0</ele><time>2024-05-22T21:30:42Z</time></trkpt>
<trkpt lat="34.706824" lon="-118.598472"><ele>1513.8</ele><time>2024-05-22T21:30:55Z</time></trkpt>
<trkpt lat="34.706611" lon="-118.599030"><ele>1519.8</ele><time>2024-05-22T21:32:51Z</time></trkpt>
<trkpt lat="34.706666" lon="-118.598982"><ele>1520.0</ele><time>2024-05-22T21:32:52Z</time></trkpt>
<trkpt lat="34.706434" lon="-118.599103"><ele>1522.4</ele><time>2024-05-22T21:33:07Z</time></trkpt>
<trkpt lat="34.706061" lon="-118.599590"><ele>1530.8</ele><time>2024-05-22T21:34:52Z</time></trkpt>
<trkpt lat="34.705674" lon="-118.599664"><ele>1531.6</ele><time>2024-05-22T21:35:38Z</time></trkpt>
<trkpt lat="34.705041" lon="-118.599981"><ele>1541.0</ele><time>2024-05-22T21:36:44Z</time></trkpt>
<trkpt lat="34.705210" lon="-118.600165"><ele>1543.0</ele><time>2024-05-22T21:36:50Z</time></trkpt>
<trkpt lat="34.705272" lon="-118.600059"><ele>1543.0</ele><time>2024-05-22T21:36:52Z</time></trkpt>
<trkpt lat="34.705411" lon="-118.600179"><ele>1543.2</ele><time>2024-05-22T21:36:57Z</time></trkpt>
<trkpt lat="34.705293" lon="-118.600066"><ele>1546.0</ele><time>2024-05-22T21:37:10Z</time></trkpt>
<trkpt lat="34.704964" lon="-118.599968"><ele>1550.4</ele><time>2024-05-22T21:37:42Z</time></trkpt>
<trkpt lat="34.704805" lon="-118.600119"><ele>1552.0</ele><time>2024-05-22T21:37:56Z</time></trkpt>
<trkpt lat="34.704664" lon="-118.600402"><ele>1554.2</ele><time>2024-05-22T21:38:12Z</time></trkpt>
<trkpt lat="34.704714" lon="-118.600763"><ele>1558.4</ele><time>2024-05-22T21:38:56Z</time></trkpt>
<trkpt lat="34.704675" lon="-118.601296"><ele>1559.2</ele><time>2024-05-22T21:39:45Z</time></trkpt>
<trkpt lat="34.704655" lon="-118.601234"><ele>1559.6</ele><time>2024-05-22T21:39:48Z</time></trkpt>
<trkpt lat="34.705081" lon="-118.601394"><ele>1560.8</ele><time>2024-05-22T21:39:57Z</time></trkpt>
<trkpt lat="34.705135" lon="-118.601471"><ele>1561.8</ele><time>2024-05-22T21:40:04Z</time></trkpt>
<trkpt lat="34.705098" lon="-118.601560"><ele>1562.8</ele><time>2024-05-22T21:40:13Z</time></trkpt>
<trkpt lat="34.705282" lon="-118.601917"><ele>1568.0</ele><time>2024-05-22T21:40:46Z</time></trkpt>
<trkpt lat="34.705702" lon="-118.602355"><ele>1577.0</ele><time>2024-05-22T21:41:50Z</time></trkpt>
<trkpt lat="34.705808" lon="-118.602738"><ele>1580.6</ele><time>2024-05-22T21:42:16Z</time></trkpt>
<trkpt lat="34.705706" lon="-118.604060"><ele>1594.2</ele><time>2024-05-22T21:44:13Z</time></trkpt>
<trkpt lat="34.705996" lon="-118.603554"><ele>1594.8</ele><time>2024-05-22T21:44:17Z</time></trkpt>
<trkpt lat="34.705855" lon="-118.603802"><ele>1596.2</ele><time>2024-05-22T21:44:24Z</time></trkpt>
<trkpt lat="34.705709" lon="-118.603885"><ele>1598.2</ele><time>2024-05-22T21:44:34Z</time></trkpt>
<trkpt lat="34.705594" lon="-118.604054"><ele>1601.8</ele><time>2024-05-22T21:44:51Z</time></trkpt>
<trkpt lat="34.705266" lon="-118.604080"><ele>1606.0</ele><time>2024-05-22T21:45:18Z</time></trkpt>
<trkpt lat="34.705199" lon="-118.604570"><ele>1613.8</ele><time>2024-05-22T21:46:38Z</time></trkpt>
<trkpt lat="34.705280" lon="-118.604831"><ele>1614.4</ele><time>2024-05-22T21:46:47Z</time></trkpt>
<trkpt lat="34.705642" lon="-118.605080"><ele>1614.6</ele><time>2024-05-22T21:47:01Z</time></trkpt>
<trkpt lat="34.706140" lon="-118.605832"><ele>1613.2</ele><time>2024-05-22T21:48:08Z</time></trkpt>
<trkpt lat="34.706091" lon="-118.606141"><ele>1614.0</ele><time>2024-05-22T21:48:41Z</time></trkpt>
<trkpt lat="34.706261" lon="-118.606247"><ele>1614.8</ele><time>2024-05-22T21:48:49Z</time></trkpt>
<trkpt lat="34.706555" lon="-118.606942"><ele>1619.2</ele><time>2024-05-22T21:49:40Z</time></trkpt>
<trkpt lat="34.706402" lon="-118.607170"><ele>1623.2</ele><time>2024-05-22T21:50:00Z</time></trkpt>
<trkpt lat="34.706078" lon="-118.607401"><ele>1626.0</ele><time>2024-05-22T21:50:41Z</time></trkpt>
<trkpt lat="34.706019" lon="-118.607622"><ele>1630.4</ele><time>2024-05-22T21:51:03Z</time></trkpt>
<trkpt lat="34.706002" lon="-118.608148"><ele>1635.6</ele><time>2024-05-22T21:51:41Z</time></trkpt>
<trkpt lat="34.705907" lon="-118.608146"><ele>1636.4</ele><time>2024-05-22T21:51:45Z</time></trkpt>
<trkpt lat="34.705355" lon="-118.608864"><ele>1648.8</ele><time>2024-05-22T21:53:14Z</time></trkpt>
<trkpt lat="34.705039" lon="-118.609305"><ele>1652.4</ele><time>2024-05-22T21:53:43Z</time></trkpt>
<trkpt lat="34.705057" lon="-118.609376"><ele>1653.0</ele><time>2024-05-22T21:53:47Z</time></trkpt>
<trkpt lat="34.704513" lon="-118.609290"><ele>1652.4</ele><time>2024-05-22T21:54:41Z</time></trkpt>
<trkpt lat="34.704262" lon="-118.609064"><ele>1656.4</ele><time>2024-05-22T21:55:27Z</time></trkpt>
<trkpt lat="34.704002" lon="-118.608982"><ele>1658.6</ele><time>2024-05-22T21:55:43Z</time></trkpt>
<trkpt lat="34.704065" lon="-118.609017"><ele>1659.0</ele><time>2024-05-22T21:55:45Z</time></trkpt>
<trkpt lat="34.703894" lon="-118.609032"><ele>1660.2</ele><time>2024-05-22T21:55:57Z</time></trkpt>
<trkpt lat="34.702982" lon="-118.608674"><ele>1673.4</ele><time>2024-05-22T21:57:51Z</time></trkpt>
<trkpt lat="34.702859" lon="-118.608707"><ele>1675.4</ele><time>2024-05-22T21:58:01Z</time></trkpt>
<trkpt lat="34.702802" lon="-118.609127"><ele>1682.4</ele><time>2024-05-22T21:59:02Z</time></trkpt>
<trkpt lat="34.703035" lon="-118.609231"><ele>1684.6</ele><time>2024-05-22T21:59:51Z</time></trkpt>
<trkpt lat="34.703498" lon="-118.609821"><ele>1686.8</ele><time>2024-05-22T22:01:45Z</time></trkpt>
<trkpt lat="34.703549" lon="-118.609971"><ele>1686.4</ele><time>2024-05-22T22:01:55Z</time></trkpt>
<trkpt lat="34.703557" lon="-118.610571"><ele>1693.6</ele><time>2024-05-22T22:03:02Z</time></trkpt>
<trkpt lat="34.703482" lon="-118.611246"><ele>1694.2</ele><time>2024-05-22T22:03:43Z</time></trkpt>
<trkpt lat="34.703239" lon="-118.611233"><ele>1697.4</ele><time>2024-05-22T22:04:01Z</time></trkpt>
<trkpt lat="34.702904" lon="-118.611446"><ele>1700.4</ele><time>2024-05-22T22:04:32Z</time></trkpt>
<trkpt lat="34.702776" lon="-118.611624"><ele>1707.6</ele><time>2024-05-22T22:05:16Z</time></trkpt>
<trkpt lat="34.702637" lon="-118.612106"><ele>1709.2</ele><time>2024-05-22T22:05:43Z</time></trkpt>
<trkpt lat="34.702698" lon="-118.612216"><ele>1709.4</ele><time>2024-05-22T22:05:51Z</time></trkpt>
<trkpt lat="34.702730" lon="-118.612918"><ele>1710.4</ele><time>2024-05-22T22:06:36Z</time></trkpt>
<trkpt lat="34.703028" lon="-118.614016"><ele>1710.6</ele><time>2024-05-22T22:07:43Z</time></trkpt>
<trkpt lat="34.702907" lon="-118.613960"><ele>1710.2</ele><time>2024-05-22T22:07:46Z</time></trkpt>
<trkpt lat="34.702855" lon="-118.614037"><ele>1710.6</ele><time>2024-05-22T22:07:50Z</time></trkpt>
<trkpt lat="34.702781" lon="-118.614203"><ele>1710.8</ele><time>2024-05-22T22:08:01Z</time></trkpt>
<trkpt lat="34.702829" lon="-118.614433"><ele>1711.8</ele><time>2024-05-22T22:08:08Z</time></trkpt>
<trkpt lat="34.703053" lon="-118.614830"><ele>1720.8</ele><time>2024-05-22T22:09:12Z</time></trkpt>
<trkpt lat="34.703411" lon="-118.615358"><ele>1719.4</ele><time>2024-05-22T22:09:46Z</time></trkpt>
<trkpt lat="34.703596" lon="-118.615333"><ele>1719.4</ele><time>2024-05-22T22:10:00Z</time></trkpt>
<trkpt lat="34.703661" lon="-118.615432"><ele>1718.0</ele><time>2024-05-22T22:10:08Z</time></trkpt>
<trkpt lat="34.703671" lon="-118.615802"><ele>1712.8</ele><time>2024-05-22T22:10:46Z</time></trkpt>
<trkpt lat="34.703761" lon="-118.616262"><ele>1714.4</ele><time>2024-05-22T22:11:50Z</time></trkpt>
<trkpt lat="34.704307" lon="-118.616631"><ele>1709.2</ele><time>2024-05-22T22:12:38Z</time></trkpt>
<trkpt lat="34.704354" lon="-118.617225"><ele>1707.0</ele><time>2024-05-22T22:13:14Z</time></trkpt>
<trkpt lat="34.704444" lon="-118.617601"><ele>1704.6</ele><time>2024-05-22T22:13:43Z</time></trkpt>
<trkpt lat="34.704273" lon="-118.617532"><ele>1704.2</ele><time>2024-05-22T22:13:51Z</time></trkpt>
<trkpt lat="34.704145" lon="-118.617628"><ele>1703.8</ele><time>2024-05-22T22:14:02Z</time></trkpt>
<trkpt lat="34.704142" lon="-118.617709"><ele>1703.2</ele><time>2024-05-22T22:14:06Z</time></trkpt>
<trkpt lat="34.704177" lon="-118.618240"><ele>1699.8</ele><time>2024-05-22T22:14:36Z</time></trkpt>
<trkpt lat="34.704306" lon="-118.618469"><ele>1697.6</ele><time>2024-05-22T22:15:48Z</time></trkpt>
<trkpt lat="34.704208" lon="-118.618747"><ele>1695.4</ele><time>2024-05-22T22:16:06Z</time></trkpt>
<trkpt lat="34.704312" lon="-118.619320"><ele>1689.8</ele><time>2024-05-22T22:16:56Z</time></trkpt>
<trkpt lat="34.704707" lon="-118.619458"><ele>1685.2</ele><time>2024-05-22T22:17:24Z</time></trkpt>
<trkpt lat="34.704955" lon="-118.619646"><ele>1684.4</ele><time>2024-05-22T22:17:46Z</time></trkpt>
<trkpt lat="34.705108" lon="-118.619533"><ele>1684.2</ele><time>2024-05-22T22:18:02Z</time></trkpt>
<trkpt lat="34.705984" lon="-118.619892"><ele>1684.6</ele><time>2024-05-22T22:19:43Z</time></trkpt>
<trkpt lat="34.706336" lon="-118.619877"><ele>1685.8</ele><time>2024-05-22T22:21:45Z</time></trkpt>
<trkpt lat="34.706311" lon="-118.619833"><ele>1686.0</ele><time>2024-05-22T22:21:49Z</time></trkpt>
<trkpt lat="34.706393" lon="-118.619875"><ele>1685.8</ele><time>2024-05-22T22:21:55Z</time></trkpt>
<trkpt lat="34.706546" lon="-118.620748"><ele>1692.2</ele><time>2024-05-22T22:23:14Z</time></trkpt>
<trkpt lat="34.706694" lon="-118.621131"><ele>1692.8</ele><time>2024-05-22T22:23:45Z</time></trkpt>
<trkpt lat="34.707785" lon="-118.621215"><ele>1690.2</ele><time>2024-05-22T22:25:43Z</time></trkpt>
<trkpt lat="34.707963" lon="-118.621026"><ele>1688.4</ele><time>2024-05-22T22:26:00Z</time></trkpt>
<trkpt lat="34.708354" lon="-118.620976"><ele>1685.2</ele><time>2024-05-22T22:26:28Z</time></trkpt>
<trkpt lat="34.708348" lon="-118.621250"><ele>1684.2</ele><time>2024-05-22T22:26:44Z</time></trkpt>
<trkpt lat="34.708476" lon="-118.621767"><ele>1681.2</ele><time>2024-05-22T22:27:24Z</time></trkpt>
<trkpt lat="34.708383" lon="-118.622197"><ele>1683.8</ele><time>2024-05-22T22:28:03Z</time></trkpt>
<trkpt lat="34.708670" lon="-118.623231"><ele>1689.8</ele><time>2024-05-22T22:29:43Z</time></trkpt>
<trkpt lat="34.708726" lon="-118.623183"><ele>1689.6</ele><time>2024-05-22T22:29:53Z</time></trkpt>
<trkpt lat="34.709249" lon="-118.623213"><ele>1685.8</ele><time>2024-05-22T22:31:43Z</time></trkpt>
<trkpt lat="34.709447" lon="-118.623353"><ele>1685.0</ele><time>2024-05-22T22:31:59Z</time></trkpt>
<trkpt lat="34.709896" lon="-118.623742"><ele>1683.0</ele><time>2024-05-22T22:32:48Z</time></trkpt>
<trkpt lat="34.710041" lon="-118.624068"><ele>1685.6</ele><time>2024-05-22T22:33:43Z</time></trkpt>
<trkpt lat="34.710022" lon="-118.624425"><ele>1687.0</ele><time>2024-05-22T22:34:02Z</time></trkpt>
<trkpt lat="34.710090" lon="-118.624522"><ele>1686.0</ele><time>2024-05-22T22:34:14Z</time></trkpt>
<trkpt lat="34.710674" lon="-118.624704"><ele>1682.6</ele><time>2024-05-22T22:35:14Z</time></trkpt>
<trkpt lat="34.710869" lon="-118.624902"><ele>1679.8</ele><time>2024-05-22T22:35:40Z</time></trkpt>
<trkpt lat="34.710912" lon="-118.624972"><ele>1679.4</ele><time>2024-05-22T22:35:42Z</time></trkpt>
<trkpt lat="34.710833" lon="-118.625114"><ele>1678.6</ele><time>2024-05-22T22:35:52Z</time></trkpt>
<trkpt lat="34.710763" lon="-118.625630"><ele>1676.6</ele><time>2024-05-22T22:36:24Z</time></trkpt>
<trkpt lat="34.710692" lon="-118.625735"><ele>1677.4</ele><time>2024-05-22T22:36:58Z</time></trkpt>
<trkpt lat="34.710662" lon="-118.625964"><ele>1677.6</ele><time>2024-05-22T22:37:43Z</time></trkpt>
<trkpt lat="34.710618" lon="-118.625960"><ele>1677.2</ele><time>2024-05-22T22:37:51Z</time></trkpt>
<trkpt lat="34.710788" lon="-118.626243"><ele>1674.6</ele><time>2024-05-22T22:39:43Z</time></trkpt>
<trkpt lat="34.710760" lon="-118.626201"><ele>1674.2</ele><time>2024-05-22T22:39:45Z</time></trkpt>
<trkpt lat="34.711014" lon="-118.626226"><ele>1672.2</ele><time>2024-05-22T22:40:03Z</time></trkpt>
<trkpt lat="34.711452" lon="-118.625988"><ele>1669.2</ele><time>2024-05-22T22:40:30Z</time></trkpt>
<trkpt lat="34.711760" lon="-118.625913"><ele>1664.8</ele><time>2024-05-22T22:41:16Z</time></trkpt>
<trkpt lat="34.711985" lon="-118.626441"><ele>1662.2</ele><time>2024-05-22T22:41:45Z</time></trkpt>
<trkpt lat="34.711852" lon="-118.626603"><ele>1660.6</ele><time>2024-05-22T22:41:58Z</time></trkpt>
<trkpt lat="34.711810" lon="-118.627476"><ele>1655.6</ele><time>2024-05-22T22:42:58Z</time></trkpt>
<trkpt lat="34.711702" lon="-118.627609"><ele>1656.0</ele><time>2024-05-22T22:43:32Z</time></trkpt>
<trkpt lat="34.711661" lon="-118.627811"><ele>1655.2</ele><time>2024-05-22T22:43:43Z</time></trkpt>
<trkpt lat="34.711377" lon="-118.627819"><ele>1655.4</ele><time>2024-05-22T22:44:00Z</time></trkpt>
<trkpt lat="34.711049" lon="-118.628114"><ele>1655.8</ele><time>2024-05-22T22:44:40Z</time></trkpt>
<trkpt lat="34.710820" lon="-118.628215"><ele>1656.0</ele><time>2024-05-22T22:45:04Z</time></trkpt>
<trkpt lat="34.710709" lon="-118.628362"><ele>1657.0</ele><time>2024-05-22T22:45:30Z</time></trkpt>
<trkpt lat="34.710665" lon="-118.628894"><ele>1656.0</ele><time>2024-05-22T22:46:01Z</time></trkpt>
<trkpt lat="34.710945" lon="-118.629272"><ele>1655.0</ele><time>2024-05-22T22:46:32Z</time></trkpt>
<trkpt lat="34.711146" lon="-118.629355"><ele>1654.2</ele><time>2024-05-22T22:46:46Z</time></trkpt>
<trkpt lat="34.711371" lon="-118.629676"><ele>1650.6</ele><time>2024-05-22T22:47:24Z</time></trkpt>
<trkpt lat="34.711273" lon="-118.630078"><ele>1649.0</ele><time>2024-05-22T22:47:43Z</time></trkpt>
<trkpt lat="34.710996" lon="-118.629915"><ele>1649.4</ele><time>2024-05-22T22:47:54Z</time></trkpt>
<trkpt lat="34.710786" lon="-118.630159"><ele>1646.4</ele><time>2024-05-22T22:48:20Z</time></trkpt>
<trkpt lat="34.710774" lon="-118.630377"><ele>1645.2</ele><time>2024-05-22T22:48:34Z</time></trkpt>
<trkpt lat="34.710980" lon="-118.630530"><ele>1644.2</ele><time>2024-05-22T22:48:56Z</time></trkpt>
<trkpt lat="34.711286" lon="-118.630618"><ele>1642.0</ele><time>2024-05-22T22:49:47Z</time></trkpt>
<trkpt lat="34.711214" lon="-118.630605"><ele>1642.0</ele><time>2024-05-22T22:49:55Z</time></trkpt>
<trkpt lat="34.711276" lon="-118.630784"><ele>1640.0</ele><time>2024-05-22T22:50:46Z</time></trkpt>
<trkpt lat="34.711278" lon="-118.631147"><ele>1638.0</ele><time>2024-05-22T22:51:20Z</time></trkpt>
<trkpt lat="34.711581" lon="-118.631302"><ele>1636.4</ele><time>2024-05-22T22:51:42Z</time></trkpt>
<trkpt lat="34.711823" lon="-118.631327"><ele>1636.0</ele><time>2024-05-22T22:51:58Z</time></trkpt>
<trkpt lat="34.711827" lon="-118.631447"><ele>1636.2</ele><time>2024-05-22T22:52:06Z</time></trkpt>
<trkpt lat="34.711643" lon="-118.631952"><ele>1637.6</ele><time>2024-05-22T22:52:56Z</time></trkpt>
<trkpt lat="34.711444" lon="-118.632461"><ele>1643.4</ele><time>2024-05-22T22:53:43Z</time></trkpt>
<trkpt lat="34.711316" lon="-118.632493"><ele>1644.0</ele><time>2024-05-22T22:53:51Z</time></trkpt>
<trkpt lat="34.711301" lon="-118.632666"><ele>1645.4</ele><time>2024-05-22T22:54:02Z</time></trkpt>
<trkpt lat="34.711794" lon="-118.633681"><ele>1657.4</ele><time>2024-05-22T22:55:45Z</time></trkpt>
<trkpt lat="34.711763" lon="-118.633885"><ele>1658.6</ele><time>2024-05-22T22:55:59Z</time></trkpt>
<trkpt lat="34.712254" lon="-118.634574"><ele>1669.8</ele><time>2024-05-22T22:57:43Z</time></trkpt>
<trkpt lat="34.712756" lon="-118.634761"><ele>1672.8</ele><time>2024-05-22T22:58:14Z</time></trkpt>
<trkpt lat="34.713491" lon="-118.635064"><ele>1687.2</ele><time>2024-05-22T22:59:48Z</time></trkpt>
<trkpt lat="34.713477" lon="-118.635130"><ele>1687.6</ele><time>2024-05-22T22:59:54Z</time></trkpt>
<trkpt lat="34.713672" lon="-118.635357"><ele>1689.2</ele><time>2024-05-22T23:00:12Z</time></trkpt>
<trkpt lat="34.714404" lon="-118.636542"><ele>1701.2</ele><time>2024-05-22T23:02:21Z</time></trkpt>
<trkpt lat="34.714565" lon="-118.637318"><ele>1702.0</ele><time>2024-05-22T23:03:43Z</time></trkpt>
<trkpt lat="34.714673" lon="-118.637428"><ele>1702.0</ele><time>2024-05-22T23:03:45Z</time></trkpt>
<trkpt lat="34.714661" lon="-118.637205"><ele>1702.4</ele><time>2024-05-22T23:03:51Z</time></trkpt>
<trkpt lat="34.714695" lon="-118.637230"><ele>1702.8</ele><time>2024-05-22T23:03:55Z</time></trkpt>
<trkpt lat="34.715064" lon="-118.637645"><ele>1704.6</ele><time>2024-05-22T23:04:50Z</time></trkpt>
<trkpt lat="34.715231" lon="-118.637951"><ele>1704.0</ele><time>2024-05-22T23:05:36Z</time></trkpt>
<trkpt lat="34.715603" lon="-118.638239"><ele>1702.6</ele><time>2024-05-22T23:06:00Z</time></trkpt>
<trkpt lat="34.715622" lon="-118.638806"><ele>1702.4</ele><time>2024-05-22T23:07:02Z</time></trkpt>
<trkpt lat="34.715925" lon="-118.639746"><ele>1701.6</ele><time>2024-05-22T23:08:02Z</time></trkpt>
<trkpt lat="34.715894" lon="-118.639975"><ele>1701.0</ele><time>2024-05-22T23:08:11Z</time></trkpt>
<trkpt lat="34.715716" lon="-118.640118"><ele>1700.0</ele><time>2024-05-22T23:08:47Z</time></trkpt>
<trkpt lat="34.715282" lon="-118.640185"><ele>1700.2</ele><time>2024-05-22T23:09:17Z</time></trkpt>
<trkpt lat="34.715259" lon="-118.640605"><ele>1699.0</ele><time>2024-05-22T23:09:45Z</time></trkpt>
<trkpt lat="34.714858" lon="-118.640569"><ele>1698.8</ele><time>2024-05-22T23:09:57Z</time></trkpt>
<trkpt lat="34.714748" lon="-118.640713"><ele>1697.8</ele><time>2024-05-22T23:10:07Z</time></trkpt>
<trkpt lat="34.714699" lon="-118.641058"><ele>1697.8</ele><time>2024-05-22T23:10:41Z</time></trkpt>
<trkpt lat="34.714227" lon="-118.641352"><ele>1698.4</ele><time>2024-05-22T23:11:54Z</time></trkpt>
<trkpt lat="34.714045" lon="-118.642682"><ele>1697.4</ele><time>2024-05-22T23:13:40Z</time></trkpt>
<trkpt lat="34.713961" lon="-118.642925"><ele>1698.0</ele><time>2024-05-22T23:13:48Z</time></trkpt>
<trkpt lat="34.713894" lon="-118.642934"><ele>1698.6</ele><time>2024-05-22T23:13:59Z</time></trkpt>
<trkpt lat="34.714833" lon="-118.643514"><ele>1702.8</ele><time>2024-05-22T23:15:44Z</time></trkpt>
<trkpt lat="34.714787" lon="-118.643772"><ele>1703.4</ele><time>2024-05-22T23:15:58Z</time></trkpt>
<trkpt lat="34.714936" lon="-118.644137"><ele>1703.4</ele><time>2024-05-22T23:16:16Z</time></trkpt>
<trkpt lat="34.715747" lon="-118.644904"><ele>1704.4</ele><time>2024-05-22T23:17:43Z</time></trkpt>
<trkpt lat="34.715945" lon="-118.644935"><ele>1705.4</ele><time>2024-05-22T23:18:00Z</time></trkpt>
<trkpt lat="34.715372" lon="-118.645348"><ele>1710.8</ele><time>2024-05-22T23:19:34Z</time></trkpt>
<trkpt lat="34.715144" lon="-118.645382"><ele>1711.8</ele><time>2024-05-22T23:19:46Z</time></trkpt>
<trkpt lat="34.715122" lon="-118.645487"><ele>1712.0</ele><time>2024-05-22T23:19:52Z</time></trkpt>
<trkpt lat="34.714344" lon="-118.645651"><ele>1716.8</ele><time>2024-05-22T23:20:48Z</time></trkpt>
<trkpt lat="34.713596" lon="-118.645664"><ele>1716.4</ele><time>2024-05-22T23:21:46Z</time></trkpt>
<trkpt lat="34.713515" lon="-118.645870"><ele>1716.6</ele><time>2024-05-22T23:22:00Z</time></trkpt>
<trkpt lat="34.713527" lon="-118.646202"><ele>1715.6</ele><time>2024-05-22T23:22:16Z</time></trkpt>
<trkpt lat="34.713739" lon="-118.646867"><ele>1716.6</ele><time>2024-05-22T23:23:44Z</time></trkpt>
<trkpt lat="34.714514" lon="-118.647335"><ele>1719.0</ele><time>2024-05-22T23:24:38Z</time></trkpt>
<trkpt lat="34.714560" lon="-118.647472"><ele>1720.0</ele><time>2024-05-22T23:24:58Z</time></trkpt>
<trkpt lat="34.714499" lon="-118.647553"><ele>1722.2</ele><time>2024-05-22T23:25:28Z</time></trkpt>
<trkpt lat="34.714292" lon="-118.647631"><ele>1722.0</ele><time>2024-05-22T23:25:48Z</time></trkpt>
<trkpt lat="34.714313" lon="-118.647679"><ele>1722.0</ele><time>2024-05-22T23:25:51Z</time></trkpt>
<trkpt lat="34.714153" lon="-118.647643"><ele>1722.6</ele><time>2024-05-22T23:25:57Z</time></trkpt>
<trkpt lat="34.713708" lon="-118.648663"><ele>1729.6</ele><time>2024-05-22T23:27:24Z</time></trkpt>
<trkpt lat="34.713358" lon="-118.648892"><ele>1732.4</ele><time>2024-05-22T23:27:45Z</time></trkpt>
<trkpt lat="34.713257" lon="-118.649034"><ele>1734.0</ele><time>2024-05-22T23:27:58Z</time></trkpt>
<trkpt lat="34.713504" lon="-118.649174"><ele>1734.8</ele><time>2024-05-22T23:28:24Z</time></trkpt>
<trkpt lat="34.714056" lon="-118.649096"><ele>1741.0</ele><time>2024-05-22T23:29:43Z</time></trkpt>
<trkpt lat="34.714140" lon="-118.649432"><ele>1741.2</ele><time>2024-05-22T23:29:44Z</time></trkpt>
<trkpt lat="34.714127" lon="-118.649341"><ele>1741.6</ele><time>2024-05-22T23:29:46Z</time></trkpt>
<trkpt lat="34.714324" lon="-118.649641"><ele>1743.8</ele><time>2024-05-22T23:29:56Z</time></trkpt>
<trkpt lat="34.714339" lon="-118.649998"><ele>1744.8</ele><time>2024-05-22T23:30:10Z</time></trkpt>
<trkpt lat="34.714236" lon="-118.650430"><ele>1746.6</ele><time>2024-05-22T23:30:48Z</time></trkpt>
<trkpt lat="34.714227" lon="-118.650861"><ele>1746.2</ele><time>2024-05-22T23:31:42Z</time></trkpt>
<trkpt lat="34.714289" lon="-118.651092"><ele>1746.2</ele><time>2024-05-22T23:31:45Z</time></trkpt>
<trkpt lat="34.713905" lon="-118.651088"><ele>1746.2</ele><time>2024-05-22T23:31:48Z</time></trkpt>
<trkpt lat="34.713726" lon="-118.651226"><ele>1746.0</ele><time>2024-05-22T23:31:55Z</time></trkpt>
<trkpt lat="34.713364" lon="-118.651743"><ele>1745.0</ele><time>2024-05-22T23:32:30Z</time></trkpt>
<trkpt lat="34.712707" lon="-118.651965"><ele>1745.0</ele><time>2024-05-22T23:33:40Z</time></trkpt>
<trkpt lat="34.712603" lon="-118.652055"><ele>1745.6</ele><time>2024-05-22T23:33:49Z</time></trkpt>
<trkpt lat="34.712789" lon="-118.652190"><ele>1746.2</ele><time>2024-05-22T23:34:02Z</time></trkpt>
<trkpt lat="34.713023" lon="-118.652676"><ele>1746.8</ele><time>2024-05-22T23:35:24Z</time></trkpt>
<trkpt lat="34.713243" lon="-118.652820"><ele>1747.6</ele><time>2024-05-22T23:35:43Z</time></trkpt>
<trkpt lat="34.713503" lon="-118.652811"><ele>1748.0</ele><time>2024-05-22T23:36:01Z</time></trkpt>
<trkpt lat="34.713964" lon="-118.653823"><ele>1752.6</ele><time>2024-05-22T23:37:43Z</time></trkpt>
<trkpt lat="34.713897" lon="-118.653829"><ele>1752.8</ele><time>2024-05-22T23:37:44Z</time></trkpt>
<trkpt lat="34.713887" lon="-118.653717"><ele>1752.8</ele><time>2024-05-22T23:37:50Z</time></trkpt>
<trkpt lat="34.713927" lon="-118.653838"><ele>1752.8</ele><time>2024-05-22T23:37:52Z</time></trkpt>
<trkpt lat="34.714268" lon="-118.654031"><ele>1744.4</ele><time>2024-05-22T23:38:42Z</time></trkpt>
<trkpt lat="34.714957" lon="-118.654095"><ele>1741.2</ele><time>2024-05-22T23:39:47Z</time></trkpt>
<trkpt lat="34.715132" lon="-118.654169"><ele>1740.6</ele><time>2024-05-22T23:39:54Z</time></trkpt>
<trkpt lat="34.715663" lon="-118.654093"><ele>1738.2</ele><time>2024-05-22T23:40:26Z</time></trkpt>
<trkpt lat="34.716419" lon="-118.653570"><ele>1737.0</ele><time>2024-05-22T23:41:43Z</time></trkpt>
<trkpt lat="34.716873" lon="-118.653482"><ele>1737.6</ele><time>2024-05-22T23:42:24Z</time></trkpt>
<trkpt lat="34.717156" lon="-118.653357"><ele>1734.4</ele><time>2024-05-22T23:42:42Z</time></trkpt>
<trkpt lat="34.718071" lon="-118.653277"><ele>1731.0</ele><time>2024-05-22T23:43:54Z</time></trkpt>
<trkpt lat="34.718528" lon="-118.653578"><ele>1723.6</ele><time>2024-05-22T23:44:44Z</time></trkpt>
<trkpt lat="34.719401" lon="-118.653890"><ele>1712.6</ele><time>2024-05-22T23:45:53Z</time></trkpt>
<trkpt lat="34.719622" lon="-118.653815"><ele>1709.4</ele><time>2024-05-22T23:46:16Z</time></trkpt>
<trkpt lat="34.719995" lon="-118.653510"><ele>1701.4</ele><time>2024-05-22T23:47:00Z</time></trkpt>
<trkpt lat="34.720111" lon="-118.653484"><ele>1698.8</ele><time>2024-05-22T23:47:08Z</time></trkpt>
<trkpt lat="34.720643" lon="-118.653596"><ele>1691.4</ele><time>2024-05-22T23:47:43Z</time></trkpt>
<trkpt lat="34.720583" lon="-118.653755"><ele>1691.0</ele><time>2024-05-22T23:47:44Z</time></trkpt>
<trkpt lat="34.720652" lon="-118.653867"><ele>1689.6</ele><time>2024-05-22T23:47:51Z</time></trkpt>
<trkpt lat="34.720757" lon="-118.653851"><ele>1688.6</ele><time>2024-05-22T23:48:01Z</time></trkpt>
<trkpt lat="34.720858" lon="-118.653702"><ele>1687.8</ele><time>2024-05-22T23:48:18Z</time></trkpt>
<trkpt lat="34.721762" lon="-118.654105"><ele>1674.8</ele><time>2024-05-22T23:49:32Z</time></trkpt>
<trkpt lat="34.721860" lon="-118.654261"><ele>1671.4</ele><time>2024-05-22T23:49:49Z</time></trkpt>
<trkpt lat="34.722013" lon="-118.654196"><ele>1671.0</ele><time>2024-05-22T23:49:52Z</time></trkpt>
<trkpt lat="34.722133" lon="-118.654005"><ele>1666.8</ele><time>2024-05-22T23:50:14Z</time></trkpt>
<trkpt lat="34.723079" lon="-118.654857"><ele>1651.4</ele><time>2024-05-22T23:51:46Z</time></trkpt>
<trkpt lat="34.723132" lon="-118.654797"><ele>1650.4</ele><time>2024-05-22T23:51:50Z</time></trkpt>
<trkpt lat="34.723387" lon="-118.654835"><ele>1648.2</ele><time>2024-05-22T23:52:00Z</time></trkpt>
<trkpt lat="34.723626" lon="-118.655185"><ele>1642.6</ele><time>2024-05-22T23:52:30Z</time></trkpt>
<trkpt lat="34.723675" lon="-118.655491"><ele>1640.4</ele><time>2024-05-22T23:52:48Z</time></trkpt>
<trkpt lat="34.723606" lon="-118.656159"><ele>1636.0</ele><time>2024-05-22T23:53:30Z</time></trkpt>
<trkpt lat="34.723358" lon="-118.656757"><ele>1635.2</ele><time>2024-05-22T23:53:43Z</time></trkpt>
<trkpt lat="34.723700" lon="-118.656253"><ele>1635.0</ele><time>2024-05-22T23:53:45Z</time></trkpt>
<trkpt lat="34.723901" lon="-118.656378"><ele>1633.4</ele><time>2024-05-22T23:53:56Z</time></trkpt>
<trkpt lat="34.723955" lon="-118.656534"><ele>1632.6</ele><time>2024-05-22T23:54:04Z</time></trkpt>
<trkpt lat="34.723953" lon="-118.656954"><ele>1629.6</ele><time>2024-05-22T23:54:26Z</time></trkpt>
<trkpt lat="34.724103" lon="-118.656936"><ele>1626.0</ele><time>2024-05-22T23:54:41Z</time></trkpt>
<trkpt lat="34.724275" lon="-118.657090"><ele>1623.6</ele><time>2024-05-22T23:54:50Z</time></trkpt>
<trkpt lat="34.724480" lon="-118.657608"><ele>1617.8</ele><time>2024-05-22T23:55:20Z</time></trkpt>
<trkpt lat="34.724885" lon="-118.658238"><ele>1608.6</ele><time>2024-05-22T23:56:10Z</time></trkpt>
<trkpt lat="34.725078" lon="-118.658707"><ele>1595.4</ele><time>2024-05-22T23:56:52Z</time></trkpt>
<trkpt lat="34.724995" lon="-118.658757"><ele>1594.6</ele><time>2024-05-22T23:56:56Z</time></trkpt>
<trkpt lat="34.725131" lon="-118.658811"><ele>1592.4</ele><time>2024-05-22T23:57:03Z</time></trkpt>
<trkpt lat="34.725411" lon="-118.658640"><ele>1591.2</ele><time>2024-05-22T23:57:11Z</time></trkpt>
<trkpt lat="34.725965" lon="-118.658707"><ele>1582.4</ele><time>2024-05-22T23:57:57Z</time></trkpt>
<trkpt lat="34.726545" lon="-118.659067"><ele>1573.4</ele><time>2024-05-22T23:58:39Z</time></trkpt>
<trkpt lat="34.726609" lon="-118.659215"><ele>1572.0</ele><time>2024-05-22T23:58:46Z</time></trkpt>
<trkpt lat="34.726775" lon="-118.659168"><ele>1571.0</ele><time>2024-05-22T23:58:49Z</time></trkpt>
<trkpt lat="34.726478" lon="-118.659609"><ele>1569.0</ele><time>2024-05-22T23:58:54Z</time></trkpt>
<trkpt lat="34.726282" lon="-118.659751"><ele>1565.8</ele><time>2024-05-22T23:59:05Z</time></trkpt>
<trkpt lat="34.726504" lon="-118.660254"><ele>1556.6</ele><time>2024-05-22T23:59:45Z</time></trkpt>
<trkpt lat="34.726594" lon="-118.660230"><ele>1555.6</ele><time>2024-05-22T23:59:51Z</time></trkpt>
<trkpt lat="34.726702" lon="-118.660321"><ele>1553.4</ele><time>2024-05-23T00:00:03Z</time></trkpt>
<trkpt lat="34.726623" lon="-118.660566"><ele>1552.2</ele><time>2024-05-23T00:00:12Z</time></trkpt>
<trkpt lat="34.726639" lon="-118.660690"><ele>1551.0</ele><time>2024-05-23T00:00:18Z</time></trkpt>
<trkpt lat="34.726938" lon="-118.661009"><ele>1546.6</ele><time>2024-05-23T00:00:44Z</time></trkpt>
<trkpt lat="34.727021" lon="-118.661353"><ele>1542.0</ele><time>2024-05-23T00:01:04Z</time></trkpt>
<trkpt lat="34.726920" lon="-118.661499"><ele>1538.8</ele><time>2024-05-23T00:01:20Z</time></trkpt>
<trkpt lat="34.726089" lon="-118.661939"><ele>1533.6</ele><time>2024-05-23T00:01:49Z</time></trkpt>
<trkpt lat="34.726660" lon="-118.661515"><ele>1533.2</ele><time>2024-05-23T00:01:50Z</time></trkpt>
<trkpt lat="34.726999" lon="-118.661049"><ele>1532.2</ele><time>2024-05-23T00:01:54Z</time></trkpt>
<trkpt lat="34.726742" lon="-118.661085"><ele>1528.8</ele><time>2024-05-23T00:02:11Z</time></trkpt>
<trkpt lat="34.726744" lon="-118.661151"><ele>1528.2</ele><time>2024-05-23T00:02:15Z</time></trkpt>
<trkpt lat="34.726884" lon="-118.661241"><ele>1526.8</ele><time>2024-05-23T00:02:27Z</time></trkpt>
<trkpt lat="34.727319" lon="-118.661085"><ele>1523.0</ele><time>2024-05-23T00:03:02Z</time></trkpt>
<trkpt lat="34.727446" lon="-118.661152"><ele>1518.4</ele><time>2024-05-23T00:03:16Z</time></trkpt>
<trkpt lat="34.727643" lon="-118.661118"><ele>1517.2</ele><time>2024-05-23T00:03:32Z</time></trkpt>
<trkpt lat="34.727910" lon="-118.660989"><ele>1511.6</ele><time>2024-05-23T00:04:31Z</time></trkpt>
<trkpt lat="34.728227" lon="-118.660491"><ele>1505.8</ele><time>2024-05-23T00:04:56Z</time></trkpt>
<trkpt lat="34.728586" lon="-118.660843"><ele>1499.8</ele><time>2024-05-23T00:05:16Z</time></trkpt>
<trkpt lat="34.728805" lon="-118.660962"><ele>1497.4</ele><time>2024-05-23T00:05:26Z</time></trkpt>
<trkpt lat="34.729049" lon="-118.660954"><ele>1495.2</ele><time>2024-05-23T00:05:48Z</time></trkpt>
<trkpt lat="34.729133" lon="-118.661015"><ele>1501.8</ele><time>2024-05-23T00:06:28Z</time></trkpt>
<trkpt lat="34.729286" lon="-118.661039"><ele>1502.6</ele><time>2024-05-23T00:06:43Z</time></trkpt>
<trkpt lat="34.730076" lon="-118.660626"><ele>1506.2</ele><time>2024-05-23T00:08:08Z</time></trkpt>
<trkpt lat="34.730832" lon="-118.660440"><ele>1503.2</ele><time>2024-05-23T00:08:44Z</time></trkpt>
<trkpt lat="34.730747" lon="-118.660521"><ele>1502.6</ele><time>2024-05-23T00:08:46Z</time></trkpt>
<trkpt lat="34.731384" lon="-118.660459"><ele>1490.2</ele><time>2024-05-23T00:09:50Z</time></trkpt>
<trkpt lat="34.731494" lon="-118.660670"><ele>1490.2</ele><time>2024-05-23T00:10:44Z</time></trkpt>
<trkpt lat="34.731414" lon="-118.660774"><ele>1491.2</ele><time>2024-05-23T00:12:43Z</time></trkpt>
<trkpt lat="34.731536" lon="-118.660672"><ele>1491.0</ele><time>2024-05-23T00:13:03Z</time></trkpt>
<trkpt lat="34.731573" lon="-118.660867"><ele>1491.6</ele><time>2024-05-23T00:14:18Z</time></trkpt>
<trkpt lat="34.731520" lon="-118.660689"><ele>1492.6</ele><time>2024-05-23T00:14:47Z</time></trkpt>
<trkpt lat="34.731490" lon="-118.660781"><ele>1492.2</ele><time>2024-05-23T00:15:01Z</time></trkpt>
<trkpt lat="34.731574" lon="-118.660563"><ele>1491.6</ele><time>2024-05-23T00:18:47Z</time></trkpt>
<trkpt lat="34.731484" lon="-118.660718"><ele>1493.6</ele><time>2024-05-23T00:20:46Z</time></trkpt>
<trkpt lat="34.731573" lon="-118.660629"><ele>1493.6</ele><time>2024-05-23T00:22:45Z</time></trkpt>
<trkpt lat="34.731495" lon="-118.660688"><ele>1493.6</ele><time>2024-05-23T00:22:57Z</time></trkpt>
<trkpt lat="34.731545" lon="-118.660758"><ele>1492.8</ele><time>2024-05-23T00:24:00Z</time></trkpt>
<trkpt lat="34.731472" lon="-118.660737"><ele>1492.6</ele><time>2024-05-23T00:25:00Z</time></trkpt>
<trkpt lat="34.731520" lon="-118.660881"><ele>1492.6</ele><time>2024-05-23T00:25:30Z</time></trkpt>
<trkpt lat="34.731683" lon="-118.660950"><ele>1489.4</ele><time>2024-05-23T00:26:00Z</time></trkpt>
<trkpt lat="34.731692" lon="-118.661014"><ele>1488.4</ele><time>2024-05-23T00:26:06Z</time></trkpt>
<trkpt lat="34.731392" lon="-118.661291"><ele>1486.8</ele><time>2024-05-23T00:27:00Z</time></trkpt>
<trkpt lat="34.731573" lon="-118.661088"><ele>1475.8</ele><time>2024-05-23T00:28:00Z</time></trkpt>
<trkpt lat="34.731393" lon="-118.661097"><ele>1474.2</ele><time>2024-05-23T00:28:24Z</time></trkpt>
<trkpt lat="34.731396" lon="-118.661261"><ele>1470.2</ele><time>2024-05-23T00:28:47Z</time></trkpt>
<trkpt lat="34.731275" lon="-118.661617"><ele>1469.6</ele><time>2024-05-23T00:28:52Z</time></trkpt>
<trkpt lat="34.731213" lon="-118.661591"><ele>1468.2</ele><time>2024-05-23T00:28:56Z</time></trkpt>
<trkpt lat="34.731041" lon="-118.661715"><ele>1464.8</ele><time>2024-05-23T00:29:12Z</time></trkpt>
<trkpt lat="34.731032" lon="-118.662039"><ele>1461.4</ele><time>2024-05-23T00:29:28Z</time></trkpt>
<trkpt lat="34.730854" lon="-118.662149"><ele>1458.0</ele><time>2024-05-23T00:29:46Z</time></trkpt>
<trkpt lat="34.730609" lon="-118.662141"><ele>1454.0</ele><time>2024-05-23T00:30:10Z</time></trkpt>
<trkpt lat="34.730606" lon="-118.662077"><ele>1447.6</ele><time>2024-05-23T00:30:50Z</time></trkpt>
<trkpt lat="34.730515" lon="-118.662110"><ele>1446.4</ele><time>2024-05-23T00:31:03Z</time></trkpt>
<trkpt lat="34.730791" lon="-118.661943"><ele>1441.0</ele><time>2024-05-23T00:33:32Z</time></trkpt>
<trkpt lat="34.730566" lon="-118.662092"><ele>1443.0</ele><time>2024-05-23T00:33:53Z</time></trkpt>
<trkpt lat="34.730596" lon="-118.662167"><ele>1442.6</ele><time>2024-05-23T00:33:59Z</time></trkpt>
<trkpt lat="34.730657" lon="-118.662047"><ele>1449.6</ele><time>2024-05-23T00:35:42Z</time></trkpt>
<trkpt lat="34.730663" lon="-118.662155"><ele>1447.6</ele><time>2024-05-23T00:36:03Z</time></trkpt>
<trkpt lat="34.730671" lon="-118.662045"><ele>1450.8</ele><time>2024-05-23T00:37:16Z</time></trkpt>
<trkpt lat="34.730818" lon="-118.661885"><ele>1457.0</ele><time>2024-05-23T00:37:48Z</time></trkpt>
<trkpt lat="34.731004" lon="-118.661867"><ele>1464.0</ele><time>2024-05-23T00:38:21Z</time></trkpt>
<trkpt lat="34.731215" lon="-118.661381"><ele>1476.0</ele><time>2024-05-23T00:40:10Z</time></trkpt>
<trkpt lat="34.731162" lon="-118.661321"><ele>1478.6</ele><time>2024-05-23T00:40:24Z</time></trkpt>
<trkpt lat="34.731496" lon="-118.661209"><ele>1486.4</ele><time>2024-05-23T00:41:16Z</time></trkpt>
<trkpt lat="34.731771" lon="-118.661165"><ele>1486.0</ele><time>2024-05-23T00:41:45Z</time></trkpt>
<trkpt lat="34.731728" lon="-118.661158"><ele>1486.0</ele><time>2024-05-23T00:41:46Z</time></trkpt>
<trkpt lat="34.731715" lon="-118.660932"><ele>1488.4</ele><time>2024-05-23T00:42:03Z</time></trkpt>
<trkpt lat="34.731517" lon="-118.660857"><ele>1491.6</ele><time>2024-05-23T00:42:36Z</time></trkpt>
<trkpt lat="34.731397" lon="-118.660879"><ele>1492.0</ele><time>2024-05-23T00:43:43Z</time></trkpt>
<trkpt lat="34.731431" lon="-118.660925"><ele>1492.0</ele><time>2024-05-23T00:43:45Z</time></trkpt>
<trkpt lat="34.731380" lon="-118.660949"><ele>1492.0</ele><time>2024-05-23T00:43:48Z</time></trkpt>
</trkseg></trk>
</gpx>
