<?xml version="1.0" encoding="UTF-8"?>
<gpx version="1.1" creator="Eric Sichak trip reports" xmlns="http://www.topografix.com/GPX/1/1">
<metadata><name>PCT Day 48- Mount Whitney</name><time>2024-06-08T10:40:05Z</time></metadata>
<trk><name>PCT Day 48- Mount Whitney</name><type>hike</type><trkseg>
<trkpt lat="36.564260" lon="-118.348244"><ele>3274.6</ele><time>2024-06-08T10:40:05Z</time></trkpt>
<trkpt lat="36.564152" lon="-118.348202"><ele>3273.6</ele><time>2024-06-08T10:40:42Z</time></trkpt>
<trkpt lat="36.564786" lon="-118.348961"><ele>3266.2</ele><time>2024-06-08T10:42:41Z</time></trkpt>
<trkpt lat="36.564712" lon="-118.349112"><ele>3266.0</ele><time>2024-06-08T10:42:57Z</time></trkpt>
<trkpt lat="36.564956" lon="-118.348761"><ele>3267.4</ele><time>2024-06-08T10:43:47Z</time></trkpt>
<trkpt lat="36.565396" lon="-118.348409"><ele>3269.4</ele><time>2024-06-08T10:44:49Z</time></trkpt>
<trkpt lat="36.565453" lon="-118.348249"><ele>3270.0</ele><time>2024-06-08T10:45:01Z</time></trkpt>
<trkpt lat="36.565536" lon="-118.348210"><ele>3270.8</ele><time>2024-06-08T10:46:45Z</time></trkpt>
<trkpt lat="36.565687" lon="-118.348215"><ele>3273.0</ele><time>2024-06-08T10:47:04Z</time></trkpt>
<trkpt lat="36.565881" lon="-118.348376"><ele>3287.2</ele><time>2024-06-08T10:48:08Z</time></trkpt>
<trkpt lat="36.566122" lon="-118.348585"><ele>3288.8</ele><time>2024-06-08T10:48:44Z</time></trkpt>
<trkpt lat="36.566087" lon="-118.348632"><ele>3288.4</ele><time>2024-06-08T10:48:47Z</time></trkpt>
<trkpt lat="36.566249" lon="-118.348657"><ele>3288.0</ele><time>2024-06-08T10:48:59Z</time></trkpt>
<trkpt lat="36.566572" lon="-118.348485"><ele>3289.8</ele><time>2024-06-08T10:49:18Z</time></trkpt>
<trkpt lat="36.566988" lon="-118.348132"><ele>3298.4</ele><time>2024-06-08T10:50:42Z</time></trkpt>
<trkpt lat="36.567255" lon="-118.347286"><ele>3290.2</ele><time>2024-06-08T10:51:44Z</time></trkpt>
<trkpt lat="36.567467" lon="-118.346232"><ele>3291.6</ele><time>2024-06-08T10:52:44Z</time></trkpt>
<trkpt lat="36.567437" lon="-118.346281"><ele>3292.0</ele><time>2024-06-08T10:52:47Z</time></trkpt>
<trkpt lat="36.567415" lon="-118.346202"><ele>3292.0</ele><time>2024-06-08T10:52:49Z</time></trkpt>
<trkpt lat="36.567463" lon="-118.346047"><ele>3291.8</ele><time>2024-06-08T10:52:57Z</time></trkpt>
<trkpt lat="36.567465" lon="-118.345475"><ele>3291.0</ele><time>2024-06-08T10:53:24Z</time></trkpt>
<trkpt lat="36.567372" lon="-118.345276"><ele>3290.2</ele><time>2024-06-08T10:53:36Z</time></trkpt>
<trkpt lat="36.567541" lon="-118.344685"><ele>3291.8</ele><time>2024-06-08T10:54:18Z</time></trkpt>
<trkpt lat="36.567627" lon="-118.344017"><ele>3292.8</ele><time>2024-06-08T10:55:03Z</time></trkpt>
<trkpt lat="36.567652" lon="-118.343267"><ele>3296.6</ele><time>2024-06-08T10:56:12Z</time></trkpt>
<trkpt lat="36.567580" lon="-118.342842"><ele>3301.8</ele><time>2024-06-08T10:56:43Z</time></trkpt>
<trkpt lat="36.567622" lon="-118.342582"><ele>3302.8</ele><time>2024-06-08T10:56:54Z</time></trkpt>
<trkpt lat="36.567571" lon="-118.342476"><ele>3304.8</ele><time>2024-06-08T10:57:05Z</time></trkpt>
<trkpt lat="36.567461" lon="-118.342507"><ele>3305.0</ele><time>2024-06-08T10:58:44Z</time></trkpt>
<trkpt lat="36.567526" lon="-118.342439"><ele>3304.6</ele><time>2024-06-08T10:58:51Z</time></trkpt>
<trkpt lat="36.567442" lon="-118.341786"><ele>3313.4</ele><time>2024-06-08T11:00:42Z</time></trkpt>
<trkpt lat="36.567558" lon="-118.341716"><ele>3314.0</ele><time>2024-06-08T11:00:47Z</time></trkpt>
<trkpt lat="36.567476" lon="-118.341686"><ele>3314.0</ele><time>2024-06-08T11:00:49Z</time></trkpt>
<trkpt lat="36.567671" lon="-118.340515"><ele>3325.2</ele><time>2024-06-08T11:02:30Z</time></trkpt>
<trkpt lat="36.568025" lon="-118.338652"><ele>3329.8</ele><time>2024-06-08T11:04:35Z</time></trkpt>
<trkpt lat="36.567997" lon="-118.338490"><ele>3329.4</ele><time>2024-06-08T11:04:42Z</time></trkpt>
<trkpt lat="36.567888" lon="-118.338479"><ele>3329.2</ele><time>2024-06-08T11:04:46Z</time></trkpt>
<trkpt lat="36.568177" lon="-118.338305"><ele>3329.0</ele><time>2024-06-08T11:05:01Z</time></trkpt>
<trkpt lat="36.568582" lon="-118.338269"><ele>3335.8</ele><time>2024-06-08T11:06:14Z</time></trkpt>
<trkpt lat="36.568946" lon="-118.338370"><ele>3341.6</ele><time>2024-06-08T11:06:46Z</time></trkpt>
<trkpt lat="36.569128" lon="-118.338258"><ele>3342.6</ele><time>2024-06-08T11:06:52Z</time></trkpt>
<trkpt lat="36.569327" lon="-118.337206"><ele>3354.8</ele><time>2024-06-08T11:08:26Z</time></trkpt>
<trkpt lat="36.569318" lon="-118.337006"><ele>3356.2</ele><time>2024-06-08T11:08:42Z</time></trkpt>
<trkpt lat="36.569420" lon="-118.336755"><ele>3358.0</ele><time>2024-06-08T11:08:58Z</time></trkpt>
<trkpt lat="36.569493" lon="-118.336721"><ele>3359.2</ele><time>2024-06-08T11:09:24Z</time></trkpt>
<trkpt lat="36.569191" lon="-118.336043"><ele>3361.6</ele><time>2024-06-08T11:10:22Z</time></trkpt>
<trkpt lat="36.568994" lon="-118.336012"><ele>3361.6</ele><time>2024-06-08T11:10:43Z</time></trkpt>
<trkpt lat="36.568575" lon="-118.335753"><ele>3361.6</ele><time>2024-06-08T11:10:49Z</time></trkpt>
<trkpt lat="36.568566" lon="-118.335686"><ele>3361.4</ele><time>2024-06-08T11:10:52Z</time></trkpt>
<trkpt lat="36.568747" lon="-118.335639"><ele>3361.6</ele><time>2024-06-08T11:10:55Z</time></trkpt>
<trkpt lat="36.568737" lon="-118.335570"><ele>3361.4</ele><time>2024-06-08T11:10:59Z</time></trkpt>
<trkpt lat="36.568200" lon="-118.335243"><ele>3363.4</ele><time>2024-06-08T11:11:38Z</time></trkpt>
<trkpt lat="36.568014" lon="-118.335160"><ele>3370.2</ele><time>2024-06-08T11:12:34Z</time></trkpt>
<trkpt lat="36.567997" lon="-118.335211"><ele>3371.0</ele><time>2024-06-08T11:12:43Z</time></trkpt>
<trkpt lat="36.567903" lon="-118.335182"><ele>3372.0</ele><time>2024-06-08T11:12:48Z</time></trkpt>
<trkpt lat="36.568007" lon="-118.335063"><ele>3372.6</ele><time>2024-06-08T11:12:53Z</time></trkpt>
<trkpt lat="36.567943" lon="-118.335190"><ele>3373.6</ele><time>2024-06-08T11:13:03Z</time></trkpt>
<trkpt lat="36.567823" lon="-118.335146"><ele>3378.2</ele><time>2024-06-08T11:13:36Z</time></trkpt>
<trkpt lat="36.567725" lon="-118.334990"><ele>3383.6</ele><time>2024-06-08T11:14:18Z</time></trkpt>
<trkpt lat="36.567651" lon="-118.334722"><ele>3384.2</ele><time>2024-06-08T11:14:42Z</time></trkpt>
<trkpt lat="36.567486" lon="-118.334765"><ele>3384.4</ele><time>2024-06-08T11:14:43Z</time></trkpt>
<trkpt lat="36.567372" lon="-118.334658"><ele>3384.6</ele><time>2024-06-08T11:14:47Z</time></trkpt>
<trkpt lat="36.567401" lon="-118.334414"><ele>3385.6</ele><time>2024-06-08T11:14:52Z</time></trkpt>
<trkpt lat="36.567331" lon="-118.334642"><ele>3385.8</ele><time>2024-06-08T11:14:53Z</time></trkpt>
<trkpt lat="36.567358" lon="-118.334426"><ele>3386.4</ele><time>2024-06-08T11:14:56Z</time></trkpt>
<trkpt lat="36.567529" lon="-118.334389"><ele>3387.0</ele><time>2024-06-08T11:14:59Z</time></trkpt>
<trkpt lat="36.567428" lon="-118.334356"><ele>3387.2</ele><time>2024-06-08T11:15:02Z</time></trkpt>
<trkpt lat="36.567490" lon="-118.333808"><ele>3390.0</ele><time>2024-06-08T11:15:48Z</time></trkpt>
<trkpt lat="36.567477" lon="-118.333179"><ele>3393.8</ele><time>2024-06-08T11:16:44Z</time></trkpt>
<trkpt lat="36.567563" lon="-118.333083"><ele>3394.8</ele><time>2024-06-08T11:16:48Z</time></trkpt>
<trkpt lat="36.567416" lon="-118.332444"><ele>3398.8</ele><time>2024-06-08T11:17:40Z</time></trkpt>
<trkpt lat="36.567459" lon="-118.331234"><ele>3390.2</ele><time>2024-06-08T11:18:59Z</time></trkpt>
<trkpt lat="36.567949" lon="-118.329685"><ele>3391.6</ele><time>2024-06-08T11:20:50Z</time></trkpt>
<trkpt lat="36.568063" lon="-118.328988"><ele>3393.6</ele><time>2024-06-08T11:21:28Z</time></trkpt>
<trkpt lat="36.568419" lon="-118.328186"><ele>3394.0</ele><time>2024-06-08T11:22:44Z</time></trkpt>
<trkpt lat="36.568468" lon="-118.328176"><ele>3394.2</ele><time>2024-06-08T11:22:49Z</time></trkpt>
<trkpt lat="36.568394" lon="-118.327500"><ele>3400.8</ele><time>2024-06-08T11:24:10Z</time></trkpt>
<trkpt lat="36.568498" lon="-118.327404"><ele>3403.0</ele><time>2024-06-08T11:24:24Z</time></trkpt>
<trkpt lat="36.568513" lon="-118.327206"><ele>3406.6</ele><time>2024-06-08T11:24:49Z</time></trkpt>
<trkpt lat="36.568668" lon="-118.327062"><ele>3407.4</ele><time>2024-06-08T11:24:59Z</time></trkpt>
<trkpt lat="36.568693" lon="-118.327042"><ele>3416.4</ele><time>2024-06-08T11:25:58Z</time></trkpt>
<trkpt lat="36.568751" lon="-118.326913"><ele>3421.6</ele><time>2024-06-08T11:26:32Z</time></trkpt>
<trkpt lat="36.569031" lon="-118.326509"><ele>3426.0</ele><time>2024-06-08T11:27:00Z</time></trkpt>
<trkpt lat="36.569105" lon="-118.326242"><ele>3427.6</ele><time>2024-06-08T11:27:11Z</time></trkpt>
<trkpt lat="36.569523" lon="-118.325524"><ele>3439.4</ele><time>2024-06-08T11:28:44Z</time></trkpt>
<trkpt lat="36.569399" lon="-118.325506"><ele>3439.8</ele><time>2024-06-08T11:28:48Z</time></trkpt>
<trkpt lat="36.569390" lon="-118.325611"><ele>3440.0</ele><time>2024-06-08T11:28:52Z</time></trkpt>
<trkpt lat="36.569650" lon="-118.325279"><ele>3442.6</ele><time>2024-06-08T11:29:15Z</time></trkpt>
<trkpt lat="36.570084" lon="-118.325023"><ele>3451.2</ele><time>2024-06-08T11:30:29Z</time></trkpt>
<trkpt lat="36.570286" lon="-118.324834"><ele>3452.4</ele><time>2024-06-08T11:30:44Z</time></trkpt>
<trkpt lat="36.570254" lon="-118.324784"><ele>3452.4</ele><time>2024-06-08T11:30:48Z</time></trkpt>
<trkpt lat="36.570480" lon="-118.324546"><ele>3453.8</ele><time>2024-06-08T11:31:02Z</time></trkpt>
<trkpt lat="36.570817" lon="-118.323725"><ele>3457.0</ele><time>2024-06-08T11:32:23Z</time></trkpt>
<trkpt lat="36.571063" lon="-118.323390"><ele>3459.8</ele><time>2024-06-08T11:32:43Z</time></trkpt>
<trkpt lat="36.570872" lon="-118.323440"><ele>3460.0</ele><time>2024-06-08T11:32:46Z</time></trkpt>
<trkpt lat="36.571187" lon="-118.323355"><ele>3461.0</ele><time>2024-06-08T11:32:54Z</time></trkpt>
<trkpt lat="36.571306" lon="-118.323203"><ele>3463.6</ele><time>2024-06-08T11:33:11Z</time></trkpt>
<trkpt lat="36.571384" lon="-118.323053"><ele>3473.8</ele><time>2024-06-08T11:34:27Z</time></trkpt>
<trkpt lat="36.571605" lon="-118.322952"><ele>3474.0</ele><time>2024-06-08T11:34:47Z</time></trkpt>
<trkpt lat="36.571496" lon="-118.322971"><ele>3474.0</ele><time>2024-06-08T11:34:50Z</time></trkpt>
<trkpt lat="36.571777" lon="-118.322490"><ele>3476.2</ele><time>2024-06-08T11:35:25Z</time></trkpt>
<trkpt lat="36.572358" lon="-118.321905"><ele>3488.0</ele><time>2024-06-08T11:36:45Z</time></trkpt>
<trkpt lat="36.572364" lon="-118.321854"><ele>3488.0</ele><time>2024-06-08T11:36:46Z</time></trkpt>
<trkpt lat="36.572174" lon="-118.322044"><ele>3488.4</ele><time>2024-06-08T11:36:52Z</time></trkpt>
<trkpt lat="36.572244" lon="-118.321868"><ele>3488.6</ele><time>2024-06-08T11:37:01Z</time></trkpt>
<trkpt lat="36.572852" lon="-118.321143"><ele>3496.6</ele><time>2024-06-08T11:38:45Z</time></trkpt>
<trkpt lat="36.572754" lon="-118.321108"><ele>3496.8</ele><time>2024-06-08T11:38:46Z</time></trkpt>
<trkpt lat="36.572800" lon="-118.321010"><ele>3497.4</ele><time>2024-06-08T11:38:51Z</time></trkpt>
<trkpt lat="36.572686" lon="-118.320856"><ele>3497.8</ele><time>2024-06-08T11:38:56Z</time></trkpt>
<trkpt lat="36.572773" lon="-118.320659"><ele>3500.8</ele><time>2024-06-08T11:39:29Z</time></trkpt>
<trkpt lat="36.572737" lon="-118.320123"><ele>3508.4</ele><time>2024-06-08T11:40:44Z</time></trkpt>
<trkpt lat="36.572919" lon="-118.319903"><ele>3508.8</ele><time>2024-06-08T11:40:52Z</time></trkpt>
<trkpt lat="36.572910" lon="-118.319831"><ele>3510.0</ele><time>2024-06-08T11:41:04Z</time></trkpt>
<trkpt lat="36.572934" lon="-118.319867"><ele>3513.2</ele><time>2024-06-08T11:41:31Z</time></trkpt>
<trkpt lat="36.572982" lon="-118.319786"><ele>3513.0</ele><time>2024-06-08T11:43:02Z</time></trkpt>
<trkpt lat="36.572980" lon="-118.319829"><ele>3514.2</ele><time>2024-06-08T11:44:46Z</time></trkpt>
<trkpt lat="36.572922" lon="-118.319771"><ele>3514.2</ele><time>2024-06-08T11:44:52Z</time></trkpt>
<trkpt lat="36.573057" lon="-118.319818"><ele>3515.2</ele><time>2024-06-08T11:47:31Z</time></trkpt>
<trkpt lat="36.572941" lon="-118.319818"><ele>3516.0</ele><time>2024-06-08T11:49:53Z</time></trkpt>
<trkpt lat="36.572972" lon="-118.319845"><ele>3516.6</ele><time>2024-06-08T11:50:47Z</time></trkpt>
<trkpt lat="36.573025" lon="-118.319680"><ele>3517.0</ele><time>2024-06-08T11:51:04Z</time></trkpt>
<trkpt lat="36.573031" lon="-118.319483"><ele>3518.6</ele><time>2024-06-08T11:51:11Z</time></trkpt>
<trkpt lat="36.573000" lon="-118.318963"><ele>3527.2</ele><time>2024-06-08T11:52:29Z</time></trkpt>
<trkpt lat="36.572938" lon="-118.317610"><ele>3532.8</ele><time>2024-06-08T11:54:44Z</time></trkpt>
<trkpt lat="36.573056" lon="-118.317350"><ele>3533.0</ele><time>2024-06-08T11:55:02Z</time></trkpt>
<trkpt lat="36.573210" lon="-118.315985"><ele>3539.8</ele><time>2024-06-08T11:56:46Z</time></trkpt>
<trkpt lat="36.573194" lon="-118.315681"><ele>3541.0</ele><time>2024-06-08T11:57:12Z</time></trkpt>
<trkpt lat="36.573290" lon="-118.315081"><ele>3536.6</ele><time>2024-06-08T11:58:10Z</time></trkpt>
<trkpt lat="36.573095" lon="-118.314550"><ele>3533.4</ele><time>2024-06-08T11:58:45Z</time></trkpt>
<trkpt lat="36.573064" lon="-118.314599"><ele>3533.4</ele><time>2024-06-08T11:58:46Z</time></trkpt>
<trkpt lat="36.572917" lon="-118.314501"><ele>3532.4</ele><time>2024-06-08T11:58:54Z</time></trkpt>
<trkpt lat="36.572782" lon="-118.314276"><ele>3529.2</ele><time>2024-06-08T11:59:18Z</time></trkpt>
<trkpt lat="36.572535" lon="-118.314287"><ele>3523.6</ele><time>2024-06-08T12:00:00Z</time></trkpt>
<trkpt lat="36.572323" lon="-118.314180"><ele>3516.0</ele><time>2024-06-08T12:00:48Z</time></trkpt>
<trkpt lat="36.572272" lon="-118.313918"><ele>3513.6</ele><time>2024-06-08T12:01:10Z</time></trkpt>
<trkpt lat="36.572048" lon="-118.313476"><ele>3515.6</ele><time>2024-06-08T12:02:45Z</time></trkpt>
<trkpt lat="36.572155" lon="-118.313443"><ele>3515.6</ele><time>2024-06-08T12:02:50Z</time></trkpt>
<trkpt lat="36.572090" lon="-118.313320"><ele>3515.8</ele><time>2024-06-08T12:02:56Z</time></trkpt>
<trkpt lat="36.572121" lon="-118.313272"><ele>3515.8</ele><time>2024-06-08T12:02:59Z</time></trkpt>
<trkpt lat="36.571944" lon="-118.312585"><ele>3517.0</ele><time>2024-06-08T12:03:18Z</time></trkpt>
<trkpt lat="36.571709" lon="-118.312013"><ele>3525.8</ele><time>2024-06-08T12:04:50Z</time></trkpt>
<trkpt lat="36.571800" lon="-118.311835"><ele>3527.4</ele><time>2024-06-08T12:05:05Z</time></trkpt>
<trkpt lat="36.571729" lon="-118.310741"><ele>3535.8</ele><time>2024-06-08T12:06:44Z</time></trkpt>
<trkpt lat="36.571854" lon="-118.310627"><ele>3536.2</ele><time>2024-06-08T12:06:53Z</time></trkpt>
<trkpt lat="36.571771" lon="-118.310038"><ele>3537.2</ele><time>2024-06-08T12:07:24Z</time></trkpt>
<trkpt lat="36.571764" lon="-118.309547"><ele>3544.0</ele><time>2024-06-08T12:08:42Z</time></trkpt>
<trkpt lat="36.571646" lon="-118.309455"><ele>3545.0</ele><time>2024-06-08T12:08:56Z</time></trkpt>
<trkpt lat="36.571632" lon="-118.309350"><ele>3545.4</ele><time>2024-06-08T12:09:02Z</time></trkpt>
<trkpt lat="36.570709" lon="-118.308827"><ele>3553.6</ele><time>2024-06-08T12:10:45Z</time></trkpt>
<trkpt lat="36.570671" lon="-118.308699"><ele>3553.4</ele><time>2024-06-08T12:10:51Z</time></trkpt>
<trkpt lat="36.570563" lon="-118.308716"><ele>3553.0</ele><time>2024-06-08T12:11:01Z</time></trkpt>
<trkpt lat="36.570440" lon="-118.308578"><ele>3554.0</ele><time>2024-06-08T12:11:12Z</time></trkpt>
<trkpt lat="36.570279" lon="-118.308327"><ele>3565.4</ele><time>2024-06-08T12:12:16Z</time></trkpt>
<trkpt lat="36.570119" lon="-118.308087"><ele>3565.2</ele><time>2024-06-08T12:12:45Z</time></trkpt>
<trkpt lat="36.570120" lon="-118.308000"><ele>3565.0</ele><time>2024-06-08T12:12:46Z</time></trkpt>
<trkpt lat="36.569935" lon="-118.308207"><ele>3562.0</ele><time>2024-06-08T12:13:01Z</time></trkpt>
<trkpt lat="36.569233" lon="-118.306784"><ele>3563.8</ele><time>2024-06-08T12:14:45Z</time></trkpt>
<trkpt lat="36.569114" lon="-118.306813"><ele>3564.4</ele><time>2024-06-08T12:14:52Z</time></trkpt>
<trkpt lat="36.569073" lon="-118.306736"><ele>3566.0</ele><time>2024-06-08T12:15:00Z</time></trkpt>
<trkpt lat="36.569209" lon="-118.306728"><ele>3565.2</ele><time>2024-06-08T12:16:46Z</time></trkpt>
<trkpt lat="36.569197" lon="-118.306817"><ele>3564.8</ele><time>2024-06-08T12:16:51Z</time></trkpt>
<trkpt lat="36.569006" lon="-118.306674"><ele>3567.0</ele><time>2024-06-08T12:18:46Z</time></trkpt>
<trkpt lat="36.569073" lon="-118.306624"><ele>3567.0</ele><time>2024-06-08T12:18:51Z</time></trkpt>
<trkpt lat="36.569033" lon="-118.306651"><ele>3568.0</ele><time>2024-06-08T12:19:01Z</time></trkpt>
<trkpt lat="36.569176" lon="-118.306727"><ele>3567.2</ele><time>2024-06-08T12:22:12Z</time></trkpt>
<trkpt lat="36.569084" lon="-118.306708"><ele>3565.8</ele><time>2024-06-08T12:22:49Z</time></trkpt>
<trkpt lat="36.569113" lon="-118.306623"><ele>3565.8</ele><time>2024-06-08T12:22:53Z</time></trkpt>
<trkpt lat="36.569083" lon="-118.306676"><ele>3566.0</ele><time>2024-06-08T12:23:01Z</time></trkpt>
<trkpt lat="36.569210" lon="-118.306854"><ele>3565.6</ele><time>2024-06-08T12:24:50Z</time></trkpt>
<trkpt lat="36.569111" lon="-118.306846"><ele>3565.6</ele><time>2024-06-08T12:24:57Z</time></trkpt>
<trkpt lat="36.569107" lon="-118.306629"><ele>3565.2</ele><time>2024-06-08T12:26:50Z</time></trkpt>
<trkpt lat="36.569184" lon="-118.306755"><ele>3564.6</ele><time>2024-06-08T12:28:50Z</time></trkpt>
<trkpt lat="36.569109" lon="-118.306767"><ele>3564.6</ele><time>2024-06-08T12:28:51Z</time></trkpt>
<trkpt lat="36.569079" lon="-118.306673"><ele>3565.2</ele><time>2024-06-08T12:28:55Z</time></trkpt>
<trkpt lat="36.569111" lon="-118.306755"><ele>3564.6</ele><time>2024-06-08T12:29:58Z</time></trkpt>
<trkpt lat="36.569064" lon="-118.306816"><ele>3565.0</ele><time>2024-06-08T12:30:46Z</time></trkpt>
<trkpt lat="36.569080" lon="-118.306692"><ele>3565.4</ele><time>2024-06-08T12:31:05Z</time></trkpt>
<trkpt lat="36.568862" lon="-118.306367"><ele>3574.4</ele><time>2024-06-08T12:32:45Z</time></trkpt>
<trkpt lat="36.568926" lon="-118.306370"><ele>3575.4</ele><time>2024-06-08T12:32:53Z</time></trkpt>
<trkpt lat="36.568969" lon="-118.306064"><ele>3583.4</ele><time>2024-06-08T12:33:38Z</time></trkpt>
<trkpt lat="36.568991" lon="-118.305748"><ele>3600.4</ele><time>2024-06-08T12:35:05Z</time></trkpt>
<trkpt lat="36.568856" lon="-118.305195"><ele>3615.0</ele><time>2024-06-08T12:36:35Z</time></trkpt>
<trkpt lat="36.568771" lon="-118.304977"><ele>3616.2</ele><time>2024-06-08T12:36:45Z</time></trkpt>
<trkpt lat="36.568814" lon="-118.304973"><ele>3617.6</ele><time>2024-06-08T12:36:51Z</time></trkpt>
<trkpt lat="36.568761" lon="-118.304973"><ele>3619.0</ele><time>2024-06-08T12:37:00Z</time></trkpt>
<trkpt lat="36.568599" lon="-118.304359"><ele>3633.8</ele><time>2024-06-08T12:38:37Z</time></trkpt>
<trkpt lat="36.568513" lon="-118.304089"><ele>3634.4</ele><time>2024-06-08T12:38:45Z</time></trkpt>
<trkpt lat="36.568501" lon="-118.304231"><ele>3634.6</ele><time>2024-06-08T12:38:51Z</time></trkpt>
<trkpt lat="36.568477" lon="-118.304121"><ele>3634.8</ele><time>2024-06-08T12:39:01Z</time></trkpt>
<trkpt lat="36.567863" lon="-118.303621"><ele>3642.8</ele><time>2024-06-08T12:40:46Z</time></trkpt>
<trkpt lat="36.567770" lon="-118.303655"><ele>3643.6</ele><time>2024-06-08T12:40:53Z</time></trkpt>
<trkpt lat="36.567393" lon="-118.303319"><ele>3645.8</ele><time>2024-06-08T12:41:55Z</time></trkpt>
<trkpt lat="36.567144" lon="-118.303050"><ele>3654.2</ele><time>2024-06-08T12:42:46Z</time></trkpt>
<trkpt lat="36.567042" lon="-118.303125"><ele>3655.4</ele><time>2024-06-08T12:42:54Z</time></trkpt>
<trkpt lat="36.566901" lon="-118.303087"><ele>3656.6</ele><time>2024-06-08T12:43:06Z</time></trkpt>
<trkpt lat="36.566181" lon="-118.302682"><ele>3664.2</ele><time>2024-06-08T12:44:45Z</time></trkpt>
<trkpt lat="36.566226" lon="-118.302601"><ele>3664.6</ele><time>2024-06-08T12:44:47Z</time></trkpt>
<trkpt lat="36.565902" lon="-118.301719"><ele>3677.6</ele><time>2024-06-08T12:46:47Z</time></trkpt>
<trkpt lat="36.565918" lon="-118.301560"><ele>3679.2</ele><time>2024-06-08T12:47:04Z</time></trkpt>
<trkpt lat="36.565700" lon="-118.301216"><ele>3690.0</ele><time>2024-06-08T12:48:45Z</time></trkpt>
<trkpt lat="36.565769" lon="-118.301080"><ele>3690.2</ele><time>2024-06-08T12:48:50Z</time></trkpt>
<trkpt lat="36.565732" lon="-118.300947"><ele>3690.4</ele><time>2024-06-08T12:48:53Z</time></trkpt>
<trkpt lat="36.565322" lon="-118.300553"><ele>3703.0</ele><time>2024-06-08T12:50:46Z</time></trkpt>
<trkpt lat="36.565444" lon="-118.300568"><ele>3703.2</ele><time>2024-06-08T12:50:54Z</time></trkpt>
<trkpt lat="36.565428" lon="-118.300627"><ele>3703.4</ele><time>2024-06-08T12:51:03Z</time></trkpt>
<trkpt lat="36.564787" lon="-118.300215"><ele>3709.8</ele><time>2024-06-08T12:52:46Z</time></trkpt>
<trkpt lat="36.565055" lon="-118.300491"><ele>3710.0</ele><time>2024-06-08T12:52:49Z</time></trkpt>
<trkpt lat="36.565042" lon="-118.300557"><ele>3710.4</ele><time>2024-06-08T12:52:52Z</time></trkpt>
<trkpt lat="36.564795" lon="-118.300109"><ele>3711.0</ele><time>2024-06-08T12:54:46Z</time></trkpt>
<trkpt lat="36.564980" lon="-118.300485"><ele>3711.2</ele><time>2024-06-08T12:54:52Z</time></trkpt>
<trkpt lat="36.564900" lon="-118.300402"><ele>3711.6</ele><time>2024-06-08T12:55:04Z</time></trkpt>
<trkpt lat="36.564782" lon="-118.300450"><ele>3715.8</ele><time>2024-06-08T12:56:49Z</time></trkpt>
<trkpt lat="36.564732" lon="-118.300392"><ele>3716.0</ele><time>2024-06-08T12:56:55Z</time></trkpt>
<trkpt lat="36.564714" lon="-118.300138"><ele>3721.2</ele><time>2024-06-08T12:59:00Z</time></trkpt>
<trkpt lat="36.564668" lon="-118.300165"><ele>3722.6</ele><time>2024-06-08T12:59:06Z</time></trkpt>
<trkpt lat="36.564164" lon="-118.299850"><ele>3734.8</ele><time>2024-06-08T13:00:45Z</time></trkpt>
<trkpt lat="36.564387" lon="-118.299884"><ele>3736.6</ele><time>2024-06-08T13:00:56Z</time></trkpt>
<trkpt lat="36.564413" lon="-118.299838"><ele>3737.4</ele><time>2024-06-08T13:01:03Z</time></trkpt>
<trkpt lat="36.564324" lon="-118.299332"><ele>3753.4</ele><time>2024-06-08T13:02:45Z</time></trkpt>
<trkpt lat="36.564261" lon="-118.299350"><ele>3753.4</ele><time>2024-06-08T13:02:47Z</time></trkpt>
<trkpt lat="36.564250" lon="-118.299438"><ele>3754.0</ele><time>2024-06-08T13:02:49Z</time></trkpt>
<trkpt lat="36.564143" lon="-118.299338"><ele>3756.0</ele><time>2024-06-08T13:03:05Z</time></trkpt>
<trkpt lat="36.564263" lon="-118.299234"><ele>3762.6</ele><time>2024-06-08T13:03:47Z</time></trkpt>
<trkpt lat="36.564510" lon="-118.299134"><ele>3766.8</ele><time>2024-06-08T13:04:25Z</time></trkpt>
<trkpt lat="36.564619" lon="-118.298944"><ele>3769.4</ele><time>2024-06-08T13:04:46Z</time></trkpt>
<trkpt lat="36.564209" lon="-118.299071"><ele>3773.4</ele><time>2024-06-08T13:06:16Z</time></trkpt>
<trkpt lat="36.564125" lon="-118.299167"><ele>3773.8</ele><time>2024-06-08T13:06:46Z</time></trkpt>
<trkpt lat="36.564248" lon="-118.298905"><ele>3774.0</ele><time>2024-06-08T13:07:00Z</time></trkpt>
<trkpt lat="36.562792" lon="-118.298348"><ele>3798.6</ele><time>2024-06-08T13:10:45Z</time></trkpt>
<trkpt lat="36.562730" lon="-118.298429"><ele>3798.6</ele><time>2024-06-08T13:10:46Z</time></trkpt>
<trkpt lat="36.562534" lon="-118.298366"><ele>3800.6</ele><time>2024-06-08T13:11:01Z</time></trkpt>
<trkpt lat="36.562058" lon="-118.298107"><ele>3812.4</ele><time>2024-06-08T13:12:22Z</time></trkpt>
<trkpt lat="36.561742" lon="-118.297959"><ele>3816.2</ele><time>2024-06-08T13:12:47Z</time></trkpt>
<trkpt lat="36.561694" lon="-118.297991"><ele>3816.6</ele><time>2024-06-08T13:12:50Z</time></trkpt>
<trkpt lat="36.561644" lon="-118.297874"><ele>3818.2</ele><time>2024-06-08T13:13:05Z</time></trkpt>
<trkpt lat="36.560937" lon="-118.297503"><ele>3830.0</ele><time>2024-06-08T13:14:56Z</time></trkpt>
<trkpt lat="36.560963" lon="-118.297439"><ele>3830.8</ele><time>2024-06-08T13:15:01Z</time></trkpt>
<trkpt lat="36.561449" lon="-118.297375"><ele>3839.4</ele><time>2024-06-08T13:16:02Z</time></trkpt>
<trkpt lat="36.561901" lon="-118.297475"><ele>3843.6</ele><time>2024-06-08T13:16:47Z</time></trkpt>
<trkpt lat="36.561919" lon="-118.297550"><ele>3843.6</ele><time>2024-06-08T13:16:48Z</time></trkpt>
<trkpt lat="36.561885" lon="-118.297515"><ele>3843.8</ele><time>2024-06-08T13:16:50Z</time></trkpt>
<trkpt lat="36.562008" lon="-118.297575"><ele>3844.6</ele><time>2024-06-08T13:16:55Z</time></trkpt>
<trkpt lat="36.562268" lon="-118.297586"><ele>3851.6</ele><time>2024-06-08T13:18:04Z</time></trkpt>
<trkpt lat="36.562348" lon="-118.297451"><ele>3856.8</ele><time>2024-06-08T13:18:44Z</time></trkpt>
<trkpt lat="36.561804" lon="-118.297111"><ele>3868.2</ele><time>2024-06-08T13:20:22Z</time></trkpt>
<trkpt lat="36.561434" lon="-118.296847"><ele>3869.6</ele><time>2024-06-08T13:20:50Z</time></trkpt>
<trkpt lat="36.561568" lon="-118.296923"><ele>3870.2</ele><time>2024-06-08T13:20:53Z</time></trkpt>
<trkpt lat="36.561546" lon="-118.296977"><ele>3870.8</ele><time>2024-06-08T13:20:55Z</time></trkpt>
<trkpt lat="36.561264" lon="-118.296865"><ele>3876.0</ele><time>2024-06-08T13:21:44Z</time></trkpt>
<trkpt lat="36.561145" lon="-118.296726"><ele>3883.6</ele><time>2024-06-08T13:22:44Z</time></trkpt>
<trkpt lat="36.560807" lon="-118.296436"><ele>3884.2</ele><time>2024-06-08T13:22:51Z</time></trkpt>
<trkpt lat="36.560841" lon="-118.296494"><ele>3884.8</ele><time>2024-06-08T13:22:53Z</time></trkpt>
<trkpt lat="36.560574" lon="-118.296293"><ele>3894.6</ele><time>2024-06-08T13:24:08Z</time></trkpt>
<trkpt lat="36.560829" lon="-118.296190"><ele>3897.4</ele><time>2024-06-08T13:26:44Z</time></trkpt>
<trkpt lat="36.560747" lon="-118.296224"><ele>3897.4</ele><time>2024-06-08T13:28:50Z</time></trkpt>
<trkpt lat="36.561419" lon="-118.296309"><ele>3906.4</ele><time>2024-06-08T13:32:49Z</time></trkpt>
<trkpt lat="36.561792" lon="-118.296459"><ele>3914.4</ele><time>2024-06-08T13:33:44Z</time></trkpt>
<trkpt lat="36.561839" lon="-118.296440"><ele>3921.2</ele><time>2024-06-08T13:34:32Z</time></trkpt>
<trkpt lat="36.561851" lon="-118.296348"><ele>3922.4</ele><time>2024-06-08T13:34:47Z</time></trkpt>
<trkpt lat="36.561402" lon="-118.295966"><ele>3935.2</ele><time>2024-06-08T13:36:18Z</time></trkpt>
<trkpt lat="36.561093" lon="-118.295814"><ele>3938.0</ele><time>2024-06-08T13:36:51Z</time></trkpt>
<trkpt lat="36.560567" lon="-118.295342"><ele>3951.0</ele><time>2024-06-08T13:38:34Z</time></trkpt>
<trkpt lat="36.560407" lon="-118.295287"><ele>3952.0</ele><time>2024-06-08T13:38:47Z</time></trkpt>
<trkpt lat="36.560410" lon="-118.295127"><ele>3953.6</ele><time>2024-06-08T13:39:03Z</time></trkpt>
<trkpt lat="36.560100" lon="-118.294912"><ele>3957.6</ele><time>2024-06-08T13:40:30Z</time></trkpt>
<trkpt lat="36.560022" lon="-118.295003"><ele>3961.0</ele><time>2024-06-08T13:40:58Z</time></trkpt>
<trkpt lat="36.559961" lon="-118.294964"><ele>3962.2</ele><time>2024-06-08T13:41:06Z</time></trkpt>
<trkpt lat="36.560034" lon="-118.294894"><ele>3968.0</ele><time>2024-06-08T13:41:52Z</time></trkpt>
<trkpt lat="36.560274" lon="-118.294737"><ele>3969.4</ele><time>2024-06-08T13:44:53Z</time></trkpt>
<trkpt lat="36.560366" lon="-118.294832"><ele>3970.6</ele><time>2024-06-08T13:45:05Z</time></trkpt>
<trkpt lat="36.561012" lon="-118.294972"><ele>3982.8</ele><time>2024-06-08T13:46:36Z</time></trkpt>
<trkpt lat="36.561177" lon="-118.295093"><ele>3984.2</ele><time>2024-06-08T13:46:56Z</time></trkpt>
<trkpt lat="36.561633" lon="-118.294967"><ele>3993.2</ele><time>2024-06-08T13:48:10Z</time></trkpt>
<trkpt lat="36.561606" lon="-118.294995"><ele>3998.4</ele><time>2024-06-08T13:48:48Z</time></trkpt>
<trkpt lat="36.561508" lon="-118.294898"><ele>4000.4</ele><time>2024-06-08T13:49:06Z</time></trkpt>
<trkpt lat="36.560816" lon="-118.294613"><ele>4013.0</ele><time>2024-06-08T13:50:48Z</time></trkpt>
<trkpt lat="36.560844" lon="-118.294369"><ele>4014.0</ele><time>2024-06-08T13:50:56Z</time></trkpt>
<trkpt lat="36.560580" lon="-118.294191"><ele>4021.6</ele><time>2024-06-08T13:51:51Z</time></trkpt>
<trkpt lat="36.560306" lon="-118.294021"><ele>4022.8</ele><time>2024-06-08T13:52:48Z</time></trkpt>
<trkpt lat="36.560263" lon="-118.294119"><ele>4023.4</ele><time>2024-06-08T13:52:53Z</time></trkpt>
<trkpt lat="36.560203" lon="-118.294102"><ele>4024.4</ele><time>2024-06-08T13:52:59Z</time></trkpt>
<trkpt lat="36.560385" lon="-118.294033"><ele>4029.2</ele><time>2024-06-08T13:53:29Z</time></trkpt>
<trkpt lat="36.560800" lon="-118.294206"><ele>4033.4</ele><time>2024-06-08T13:54:33Z</time></trkpt>
<trkpt lat="36.561270" lon="-118.294191"><ele>4039.8</ele><time>2024-06-08T13:55:19Z</time></trkpt>
<trkpt lat="36.561622" lon="-118.294275"><ele>4045.2</ele><time>2024-06-08T13:56:13Z</time></trkpt>
<trkpt lat="36.561756" lon="-118.294179"><ele>4049.8</ele><time>2024-06-08T13:56:49Z</time></trkpt>
<trkpt lat="36.561526" lon="-118.294135"><ele>4052.2</ele><time>2024-06-08T13:57:04Z</time></trkpt>
<trkpt lat="36.561368" lon="-118.293948"><ele>4061.4</ele><time>2024-06-08T13:58:37Z</time></trkpt>
<trkpt lat="36.561358" lon="-118.293827"><ele>4064.2</ele><time>2024-06-08T13:58:54Z</time></trkpt>
<trkpt lat="36.561418" lon="-118.293911"><ele>4064.2</ele><time>2024-06-08T13:58:56Z</time></trkpt>
<trkpt lat="36.561902" lon="-118.293991"><ele>4070.4</ele><time>2024-06-08T14:01:01Z</time></trkpt>
<trkpt lat="36.561887" lon="-118.293940"><ele>4071.4</ele><time>2024-06-08T14:02:51Z</time></trkpt>
<trkpt lat="36.562035" lon="-118.294016"><ele>4072.8</ele><time>2024-06-08T14:05:05Z</time></trkpt>
<trkpt lat="36.561772" lon="-118.294018"><ele>4077.2</ele><time>2024-06-08T14:05:37Z</time></trkpt>
<trkpt lat="36.561323" lon="-118.294195"><ele>4086.2</ele><time>2024-06-08T14:06:45Z</time></trkpt>
<trkpt lat="36.561138" lon="-118.294180"><ele>4086.6</ele><time>2024-06-08T14:06:48Z</time></trkpt>
<trkpt lat="36.561863" lon="-118.293628"><ele>4086.8</ele><time>2024-06-08T14:06:50Z</time></trkpt>
<trkpt lat="36.561765" lon="-118.293414"><ele>4087.2</ele><time>2024-06-08T14:06:54Z</time></trkpt>
<trkpt lat="36.561633" lon="-118.293461"><ele>4087.4</ele><time>2024-06-08T14:06:56Z</time></trkpt>
<trkpt lat="36.561595" lon="-118.293389"><ele>4088.4</ele><time>2024-06-08T14:07:03Z</time></trkpt>
<trkpt lat="36.560822" lon="-118.293056"><ele>4104.0</ele><time>2024-06-08T14:09:03Z</time></trkpt>
<trkpt lat="36.560675" lon="-118.292822"><ele>4107.4</ele><time>2024-06-08T14:10:41Z</time></trkpt>
<trkpt lat="36.560507" lon="-118.293049"><ele>4107.4</ele><time>2024-06-08T14:10:53Z</time></trkpt>
<trkpt lat="36.560537" lon="-118.293087"><ele>4108.4</ele><time>2024-06-08T14:12:09Z</time></trkpt>
<trkpt lat="36.560546" lon="-118.292955"><ele>4108.6</ele><time>2024-06-08T14:12:55Z</time></trkpt>
<trkpt lat="36.560584" lon="-118.293009"><ele>4108.6</ele><time>2024-06-08T14:13:03Z</time></trkpt>
<trkpt lat="36.560600" lon="-118.292920"><ele>4110.4</ele><time>2024-06-08T14:14:56Z</time></trkpt>
<trkpt lat="36.561134" lon="-118.292637"><ele>4119.8</ele><time>2024-06-08T14:16:05Z</time></trkpt>
<trkpt lat="36.561404" lon="-118.292602"><ele>4124.0</ele><time>2024-06-08T14:16:47Z</time></trkpt>
<trkpt lat="36.561474" lon="-118.292519"><ele>4124.0</ele><time>2024-06-08T14:16:49Z</time></trkpt>
<trkpt lat="36.562127" lon="-118.292289"><ele>4137.2</ele><time>2024-06-08T14:18:48Z</time></trkpt>
<trkpt lat="36.562155" lon="-118.292328"><ele>4137.4</ele><time>2024-06-08T14:18:55Z</time></trkpt>
<trkpt lat="36.562096" lon="-118.292405"><ele>4137.6</ele><time>2024-06-08T14:19:06Z</time></trkpt>
<trkpt lat="36.562321" lon="-118.292543"><ele>4136.4</ele><time>2024-06-08T14:20:11Z</time></trkpt>
<trkpt lat="36.562541" lon="-118.292631"><ele>4142.0</ele><time>2024-06-08T14:20:45Z</time></trkpt>
<trkpt lat="36.562683" lon="-118.292750"><ele>4143.2</ele><time>2024-06-08T14:20:55Z</time></trkpt>
<trkpt lat="36.562678" lon="-118.292823"><ele>4144.2</ele><time>2024-06-08T14:21:01Z</time></trkpt>
<trkpt lat="36.562826" lon="-118.292898"><ele>4147.4</ele><time>2024-06-08T14:21:35Z</time></trkpt>
<trkpt lat="36.563041" lon="-118.292764"><ele>4150.4</ele><time>2024-06-08T14:22:05Z</time></trkpt>
<trkpt lat="36.562763" lon="-118.292808"><ele>4157.2</ele><time>2024-06-08T14:22:50Z</time></trkpt>
<trkpt lat="36.562828" lon="-118.292627"><ele>4158.4</ele><time>2024-06-08T14:22:58Z</time></trkpt>
<trkpt lat="36.562651" lon="-118.292109"><ele>4169.2</ele><time>2024-06-08T14:24:19Z</time></trkpt>
<trkpt lat="36.562791" lon="-118.292201"><ele>4171.2</ele><time>2024-06-08T14:24:35Z</time></trkpt>
<trkpt lat="36.562832" lon="-118.292115"><ele>4173.4</ele><time>2024-06-08T14:24:52Z</time></trkpt>
<trkpt lat="36.562908" lon="-118.292239"><ele>4175.2</ele><time>2024-06-08T14:25:07Z</time></trkpt>
<trkpt lat="36.562986" lon="-118.292854"><ele>4184.4</ele><time>2024-06-08T14:26:48Z</time></trkpt>
<trkpt lat="36.563260" lon="-118.292556"><ele>4184.4</ele><time>2024-06-08T14:26:58Z</time></trkpt>
<trkpt lat="36.563395" lon="-118.292539"><ele>4184.6</ele><time>2024-06-08T14:27:15Z</time></trkpt>
<trkpt lat="36.564016" lon="-118.292551"><ele>4190.8</ele><time>2024-06-08T14:28:47Z</time></trkpt>
<trkpt lat="36.564182" lon="-118.292586"><ele>4191.2</ele><time>2024-06-08T14:28:56Z</time></trkpt>
<trkpt lat="36.564145" lon="-118.292730"><ele>4192.8</ele><time>2024-06-08T14:29:03Z</time></trkpt>
<trkpt lat="36.565368" lon="-118.292884"><ele>4194.0</ele><time>2024-06-08T14:32:49Z</time></trkpt>
<trkpt lat="36.565447" lon="-118.292699"><ele>4196.0</ele><time>2024-06-08T14:33:01Z</time></trkpt>
<trkpt lat="36.566177" lon="-118.292459"><ele>4195.0</ele><time>2024-06-08T14:35:08Z</time></trkpt>
<trkpt lat="36.566673" lon="-118.292629"><ele>4188.6</ele><time>2024-06-08T14:37:16Z</time></trkpt>
<trkpt lat="36.566887" lon="-118.292995"><ele>4181.8</ele><time>2024-06-08T14:38:49Z</time></trkpt>
<trkpt lat="36.567130" lon="-118.292849"><ele>4181.2</ele><time>2024-06-08T14:38:57Z</time></trkpt>
<trkpt lat="36.567488" lon="-118.292953"><ele>4178.8</ele><time>2024-06-08T14:39:48Z</time></trkpt>
<trkpt lat="36.567779" lon="-118.292963"><ele>4188.6</ele><time>2024-06-08T14:40:49Z</time></trkpt>
<trkpt lat="36.568182" lon="-118.292730"><ele>4193.4</ele><time>2024-06-08T14:41:44Z</time></trkpt>
<trkpt lat="36.568541" lon="-118.292779"><ele>4199.8</ele><time>2024-06-08T14:42:52Z</time></trkpt>
<trkpt lat="36.568728" lon="-118.292637"><ele>4200.6</ele><time>2024-06-08T14:43:06Z</time></trkpt>
<trkpt lat="36.569741" lon="-118.292616"><ele>4219.8</ele><time>2024-06-08T14:46:34Z</time></trkpt>
<trkpt lat="36.570045" lon="-118.292586"><ele>4221.2</ele><time>2024-06-08T14:46:50Z</time></trkpt>
<trkpt lat="36.570035" lon="-118.292535"><ele>4221.4</ele><time>2024-06-08T14:46:52Z</time></trkpt>
<trkpt lat="36.570190" lon="-118.292489"><ele>4222.2</ele><time>2024-06-08T14:47:03Z</time></trkpt>
<trkpt lat="36.570986" lon="-118.292483"><ele>4229.6</ele><time>2024-06-08T14:48:49Z</time></trkpt>
<trkpt lat="36.571643" lon="-118.291833"><ele>4240.2</ele><time>2024-06-08T14:50:46Z</time></trkpt>
<trkpt lat="36.571823" lon="-118.291805"><ele>4241.2</ele><time>2024-06-08T14:50:53Z</time></trkpt>
<trkpt lat="36.571786" lon="-118.291784"><ele>4241.4</ele><time>2024-06-08T14:50:55Z</time></trkpt>
<trkpt lat="36.572103" lon="-118.291634"><ele>4244.6</ele><time>2024-06-08T14:51:14Z</time></trkpt>
<trkpt lat="36.572824" lon="-118.291475"><ele>4253.2</ele><time>2024-06-08T14:52:49Z</time></trkpt>
<trkpt lat="36.573715" lon="-118.291812"><ele>4266.6</ele><time>2024-06-08T14:54:49Z</time></trkpt>
<trkpt lat="36.573818" lon="-118.291769"><ele>4267.6</ele><time>2024-06-08T14:54:57Z</time></trkpt>
<trkpt lat="36.574056" lon="-118.292028"><ele>4269.0</ele><time>2024-06-08T14:55:20Z</time></trkpt>
<trkpt lat="36.574603" lon="-118.292462"><ele>4277.6</ele><time>2024-06-08T14:56:49Z</time></trkpt>
<trkpt lat="36.575164" lon="-118.293196"><ele>4285.0</ele><time>2024-06-08T14:58:42Z</time></trkpt>
<trkpt lat="36.575976" lon="-118.294049"><ele>4296.6</ele><time>2024-06-08T15:00:50Z</time></trkpt>
<trkpt lat="36.575959" lon="-118.294221"><ele>4299.2</ele><time>2024-06-08T15:01:06Z</time></trkpt>
<trkpt lat="36.576349" lon="-118.295168"><ele>4307.8</ele><time>2024-06-08T15:03:10Z</time></trkpt>
<trkpt lat="36.576556" lon="-118.296131"><ele>4316.4</ele><time>2024-06-08T15:05:03Z</time></trkpt>
<trkpt lat="36.576637" lon="-118.296781"><ele>4326.4</ele><time>2024-06-08T15:06:54Z</time></trkpt>
<trkpt lat="36.576952" lon="-118.297071"><ele>4329.8</ele><time>2024-06-08T15:08:51Z</time></trkpt>
<trkpt lat="36.577069" lon="-118.297105"><ele>4330.0</ele><time>2024-06-08T15:09:02Z</time></trkpt>
<trkpt lat="36.577476" lon="-118.296674"><ele>4343.2</ele><time>2024-06-08T15:10:29Z</time></trkpt>
<trkpt lat="36.577625" lon="-118.296429"><ele>4345.0</ele><time>2024-06-08T15:10:50Z</time></trkpt>
<trkpt lat="36.577761" lon="-118.296422"><ele>4346.6</ele><time>2024-06-08T15:11:02Z</time></trkpt>
<trkpt lat="36.578120" lon="-118.296068"><ele>4354.4</ele><time>2024-06-08T15:12:19Z</time></trkpt>
<trkpt lat="36.578003" lon="-118.295854"><ele>4358.0</ele><time>2024-06-08T15:12:39Z</time></trkpt>
<trkpt lat="36.578018" lon="-118.295746"><ele>4360.0</ele><time>2024-06-08T15:12:49Z</time></trkpt>
<trkpt lat="36.577928" lon="-118.295702"><ele>4360.4</ele><time>2024-06-08T15:12:55Z</time></trkpt>
<trkpt lat="36.577686" lon="-118.294573"><ele>4375.0</ele><time>2024-06-08T15:14:50Z</time></trkpt>
<trkpt lat="36.577571" lon="-118.294370"><ele>4376.4</ele><time>2024-06-08T15:15:09Z</time></trkpt>
<trkpt lat="36.577422" lon="-118.293663"><ele>4386.6</ele><time>2024-06-08T15:16:41Z</time></trkpt>
<trkpt lat="36.577458" lon="-118.293478"><ele>4387.6</ele><time>2024-06-08T15:16:50Z</time></trkpt>
<trkpt lat="36.577869" lon="-118.293196"><ele>4396.4</ele><time>2024-06-08T15:18:11Z</time></trkpt>
<trkpt lat="36.578160" lon="-118.292882"><ele>4399.6</ele><time>2024-06-08T15:18:53Z</time></trkpt>
<trkpt lat="36.578512" lon="-118.292442"><ele>4405.8</ele><time>2024-06-08T15:20:35Z</time></trkpt>
<trkpt lat="36.578563" lon="-118.292304"><ele>4407.4</ele><time>2024-06-08T15:21:23Z</time></trkpt>
<trkpt lat="36.578492" lon="-118.292235"><ele>4409.8</ele><time>2024-06-08T15:21:33Z</time></trkpt>
<trkpt lat="36.578611" lon="-118.291992"><ele>4411.0</ele><time>2024-06-08T15:23:21Z</time></trkpt>
<trkpt lat="36.578696" lon="-118.292062"><ele>4411.2</ele><time>2024-06-08T15:24:53Z</time></trkpt>
<trkpt lat="36.578599" lon="-118.292011"><ele>4410.6</ele><time>2024-06-08T15:24:59Z</time></trkpt>
<trkpt lat="36.578702" lon="-118.292112"><ele>4409.2</ele><time>2024-06-08T15:26:33Z</time></trkpt>
<trkpt lat="36.578654" lon="-118.292167"><ele>4408.2</ele><time>2024-06-08T15:26:52Z</time></trkpt>
<trkpt lat="36.578701" lon="-118.292078"><ele>4408.2</ele><time>2024-06-08T15:26:59Z</time></trkpt>
<trkpt lat="36.578664" lon="-118.292086"><ele>4408.2</ele><time>2024-06-08T15:27:04Z</time></trkpt>
<trkpt lat="36.578727" lon="-118.292133"><ele>4408.8</ele><time>2024-06-08T15:28:53Z</time></trkpt>
<trkpt lat="36.578677" lon="-118.292103"><ele>4407.2</ele><time>2024-06-08T15:31:06Z</time></trkpt>
<trkpt lat="36.578723" lon="-118.292059"><ele>4406.8</ele><time>2024-06-08T15:32:53Z</time></trkpt>
<trkpt lat="36.578660" lon="-118.292080"><ele>4406.6</ele><time>2024-06-08T15:33:09Z</time></trkpt>
<trkpt lat="36.578714" lon="-118.292125"><ele>4406.2</ele><time>2024-06-08T15:34:58Z</time></trkpt>
<trkpt lat="36.578640" lon="-118.292099"><ele>4406.0</ele><time>2024-06-08T15:38:53Z</time></trkpt>
<trkpt lat="36.578712" lon="-118.292104"><ele>4407.2</ele><time>2024-06-08T15:40:52Z</time></trkpt>
<trkpt lat="36.578671" lon="-118.292207"><ele>4407.0</ele><time>2024-06-08T15:40:54Z</time></trkpt>
<trkpt lat="36.578694" lon="-118.292151"><ele>4407.2</ele><time>2024-06-08T15:41:00Z</time></trkpt>
<trkpt lat="36.578735" lon="-118.292192"><ele>4407.0</ele><time>2024-06-08T15:41:04Z</time></trkpt>
<trkpt lat="36.578697" lon="-118.292126"><ele>4407.2</ele><time>2024-06-08T15:41:11Z</time></trkpt>
<trkpt lat="36.578734" lon="-118.291975"><ele>4406.4</ele><time>2024-06-08T15:41:28Z</time></trkpt>
<trkpt lat="36.578704" lon="-118.292141"><ele>4406.0</ele><time>2024-06-08T15:42:58Z</time></trkpt>
<trkpt lat="36.578639" lon="-118.292079"><ele>4408.4</ele><time>2024-06-08T15:45:08Z</time></trkpt>
<trkpt lat="36.578608" lon="-118.292175"><ele>4408.4</ele><time>2024-06-08T15:46:46Z</time></trkpt>
<trkpt lat="36.578635" lon="-118.292081"><ele>4407.6</ele><time>2024-06-08T15:47:00Z</time></trkpt>
<trkpt lat="36.578598" lon="-118.292131"><ele>4407.4</ele><time>2024-06-08T15:47:05Z</time></trkpt>
<trkpt lat="36.578566" lon="-118.292058"><ele>4406.4</ele><time>2024-06-08T15:48:46Z</time></trkpt>
<trkpt lat="36.578703" lon="-118.292007"><ele>4405.2</ele><time>2024-06-08T15:50:02Z</time></trkpt>
<trkpt lat="36.578670" lon="-118.292127"><ele>4403.2</ele><time>2024-06-08T15:55:01Z</time></trkpt>
<trkpt lat="36.578666" lon="-118.292077"><ele>4404.6</ele><time>2024-06-08T15:55:11Z</time></trkpt>
<trkpt lat="36.578714" lon="-118.292137"><ele>4404.2</ele><time>2024-06-08T15:57:09Z</time></trkpt>
<trkpt lat="36.578711" lon="-118.292059"><ele>4404.2</ele><time>2024-06-08T15:58:55Z</time></trkpt>
<trkpt lat="36.578607" lon="-118.292021"><ele>4403.6</ele><time>2024-06-08T16:00:57Z</time></trkpt>
<trkpt lat="36.578677" lon="-118.292019"><ele>4403.6</ele><time>2024-06-08T16:01:04Z</time></trkpt>
<trkpt lat="36.578668" lon="-118.292119"><ele>4405.0</ele><time>2024-06-08T16:04:52Z</time></trkpt>
<trkpt lat="36.578718" lon="-118.292099"><ele>4405.0</ele><time>2024-06-08T16:05:00Z</time></trkpt>
<trkpt lat="36.578687" lon="-118.292069"><ele>4404.8</ele><time>2024-06-08T16:06:40Z</time></trkpt>
<trkpt lat="36.578675" lon="-118.292130"><ele>4404.2</ele><time>2024-06-08T16:08:57Z</time></trkpt>
<trkpt lat="36.578615" lon="-118.292023"><ele>4405.0</ele><time>2024-06-08T16:10:34Z</time></trkpt>
<trkpt lat="36.578675" lon="-118.291962"><ele>4405.4</ele><time>2024-06-08T16:12:17Z</time></trkpt>
<trkpt lat="36.578536" lon="-118.292010"><ele>4405.8</ele><time>2024-06-08T16:12:52Z</time></trkpt>
<trkpt lat="36.578631" lon="-118.292062"><ele>4405.8</ele><time>2024-06-08T16:12:54Z</time></trkpt>
<trkpt lat="36.578579" lon="-118.291916"><ele>4406.2</ele><time>2024-06-08T16:13:03Z</time></trkpt>
<trkpt lat="36.578601" lon="-118.292047"><ele>4405.4</ele><time>2024-06-08T16:14:53Z</time></trkpt>
<trkpt lat="36.578714" lon="-118.292049"><ele>4404.2</ele><time>2024-06-08T16:17:03Z</time></trkpt>
<trkpt lat="36.578754" lon="-118.292188"><ele>4404.6</ele><time>2024-06-08T16:18:51Z</time></trkpt>
<trkpt lat="36.578668" lon="-118.292166"><ele>4404.4</ele><time>2024-06-08T16:18:54Z</time></trkpt>
<trkpt lat="36.578722" lon="-118.292150"><ele>4404.4</ele><time>2024-06-08T16:18:56Z</time></trkpt>
<trkpt lat="36.578721" lon="-118.292218"><ele>4404.8</ele><time>2024-06-08T16:19:07Z</time></trkpt>
<trkpt lat="36.578646" lon="-118.291977"><ele>4404.2</ele><time>2024-06-08T16:20:51Z</time></trkpt>
<trkpt lat="36.578707" lon="-118.292017"><ele>4404.4</ele><time>2024-06-08T16:21:12Z</time></trkpt>
<trkpt lat="36.578671" lon="-118.292068"><ele>4405.0</ele><time>2024-06-08T16:22:39Z</time></trkpt>
<trkpt lat="36.578714" lon="-118.292032"><ele>4404.8</ele><time>2024-06-08T16:23:05Z</time></trkpt>
<trkpt lat="36.578594" lon="-118.292069"><ele>4404.6</ele><time>2024-06-08T16:24:59Z</time></trkpt>
<trkpt lat="36.578736" lon="-118.291975"><ele>4405.8</ele><time>2024-06-08T16:26:54Z</time></trkpt>
<trkpt lat="36.578640" lon="-118.292025"><ele>4405.4</ele><time>2024-06-08T16:29:03Z</time></trkpt>
<trkpt lat="36.578687" lon="-118.292003"><ele>4406.0</ele><time>2024-06-08T16:31:05Z</time></trkpt>
<trkpt lat="36.578716" lon="-118.292090"><ele>4404.4</ele><time>2024-06-08T16:32:58Z</time></trkpt>
<trkpt lat="36.578722" lon="-118.292044"><ele>4403.4</ele><time>2024-06-08T16:34:13Z</time></trkpt>
<trkpt lat="36.578621" lon="-118.292023"><ele>4406.0</ele><time>2024-06-08T16:36:52Z</time></trkpt>
<trkpt lat="36.578681" lon="-118.292081"><ele>4404.8</ele><time>2024-06-08T16:37:13Z</time></trkpt>
<trkpt lat="36.578455" lon="-118.292312"><ele>4402.2</ele><time>2024-06-08T16:38:53Z</time></trkpt>
<trkpt lat="36.578514" lon="-118.292098"><ele>4402.2</ele><time>2024-06-08T16:38:57Z</time></trkpt>
<trkpt lat="36.578734" lon="-118.292096"><ele>4402.6</ele><time>2024-06-08T16:39:00Z</time></trkpt>
<trkpt lat="36.578691" lon="-118.292093"><ele>4404.6</ele><time>2024-06-08T16:39:11Z</time></trkpt>
<trkpt lat="36.578651" lon="-118.292336"><ele>4404.0</ele><time>2024-06-08T16:40:52Z</time></trkpt>
<trkpt lat="36.578546" lon="-118.292286"><ele>4403.8</ele><time>2024-06-08T16:40:58Z</time></trkpt>
<trkpt lat="36.578426" lon="-118.292684"><ele>4399.4</ele><time>2024-06-08T16:44:02Z</time></trkpt>
<trkpt lat="36.578188" lon="-118.292916"><ele>4395.0</ele><time>2024-06-08T16:44:50Z</time></trkpt>
<trkpt lat="36.577962" lon="-118.293280"><ele>4390.8</ele><time>2024-06-08T16:45:32Z</time></trkpt>
<trkpt lat="36.577662" lon="-118.293455"><ele>4384.2</ele><time>2024-06-08T16:46:16Z</time></trkpt>
<trkpt lat="36.577528" lon="-118.293804"><ele>4378.8</ele><time>2024-06-08T16:46:54Z</time></trkpt>
<trkpt lat="36.577572" lon="-118.294192"><ele>4374.6</ele><time>2024-06-08T16:47:22Z</time></trkpt>
<trkpt lat="36.577771" lon="-118.294934"><ele>4363.2</ele><time>2024-06-08T16:49:00Z</time></trkpt>
<trkpt lat="36.577743" lon="-118.294993"><ele>4363.0</ele><time>2024-06-08T16:49:13Z</time></trkpt>
<trkpt lat="36.578060" lon="-118.295516"><ele>4355.0</ele><time>2024-06-08T16:50:18Z</time></trkpt>
<trkpt lat="36.578343" lon="-118.295794"><ele>4349.6</ele><time>2024-06-08T16:50:53Z</time></trkpt>
<trkpt lat="36.578248" lon="-118.296035"><ele>4348.6</ele><time>2024-06-08T16:50:58Z</time></trkpt>
<trkpt lat="36.577877" lon="-118.296270"><ele>4343.0</ele><time>2024-06-08T16:52:02Z</time></trkpt>
<trkpt lat="36.577502" lon="-118.296765"><ele>4335.2</ele><time>2024-06-08T16:52:52Z</time></trkpt>
<trkpt lat="36.577239" lon="-118.296831"><ele>4327.0</ele><time>2024-06-08T16:53:40Z</time></trkpt>
<trkpt lat="36.577252" lon="-118.296886"><ele>4323.6</ele><time>2024-06-08T16:53:56Z</time></trkpt>
<trkpt lat="36.577064" lon="-118.296998"><ele>4320.6</ele><time>2024-06-08T16:54:18Z</time></trkpt>
<trkpt lat="36.576639" lon="-118.296795"><ele>4317.8</ele><time>2024-06-08T16:55:01Z</time></trkpt>
<trkpt lat="36.576649" lon="-118.296577"><ele>4318.0</ele><time>2024-06-08T16:55:22Z</time></trkpt>
<trkpt lat="36.576536" lon="-118.296101"><ele>4307.6</ele><time>2024-06-08T16:56:53Z</time></trkpt>
<trkpt lat="36.576481" lon="-118.296119"><ele>4307.4</ele><time>2024-06-08T16:56:56Z</time></trkpt>
<trkpt lat="36.576512" lon="-118.295995"><ele>4305.8</ele><time>2024-06-08T16:57:10Z</time></trkpt>
<trkpt lat="36.576360" lon="-118.295336"><ele>4298.6</ele><time>2024-06-08T16:58:22Z</time></trkpt>
<trkpt lat="36.576200" lon="-118.294678"><ele>4294.8</ele><time>2024-06-08T16:58:54Z</time></trkpt>
<trkpt lat="36.576109" lon="-118.294561"><ele>4293.6</ele><time>2024-06-08T16:59:12Z</time></trkpt>
<trkpt lat="36.575968" lon="-118.293848"><ele>4283.2</ele><time>2024-06-08T17:00:30Z</time></trkpt>
<trkpt lat="36.575797" lon="-118.293447"><ele>4282.4</ele><time>2024-06-08T17:00:53Z</time></trkpt>
<trkpt lat="36.575635" lon="-118.293579"><ele>4281.8</ele><time>2024-06-08T17:00:56Z</time></trkpt>
<trkpt lat="36.575509" lon="-118.293549"><ele>4280.2</ele><time>2024-06-08T17:01:04Z</time></trkpt>
<trkpt lat="36.575426" lon="-118.293236"><ele>4274.4</ele><time>2024-06-08T17:02:16Z</time></trkpt>
<trkpt lat="36.575252" lon="-118.293221"><ele>4274.4</ele><time>2024-06-08T17:02:55Z</time></trkpt>
<trkpt lat="36.575169" lon="-118.293137"><ele>4273.8</ele><time>2024-06-08T17:03:00Z</time></trkpt>
<trkpt lat="36.574872" lon="-118.292038"><ele>4264.2</ele><time>2024-06-08T17:04:56Z</time></trkpt>
<trkpt lat="36.574604" lon="-118.292291"><ele>4264.0</ele><time>2024-06-08T17:05:00Z</time></trkpt>
<trkpt lat="36.574445" lon="-118.292259"><ele>4263.8</ele><time>2024-06-08T17:05:07Z</time></trkpt>
<trkpt lat="36.574348" lon="-118.292086"><ele>4263.0</ele><time>2024-06-08T17:05:18Z</time></trkpt>
<trkpt lat="36.573557" lon="-118.291470"><ele>4250.0</ele><time>2024-06-08T17:06:53Z</time></trkpt>
<trkpt lat="36.573627" lon="-118.291679"><ele>4249.8</ele><time>2024-06-08T17:06:55Z</time></trkpt>
<trkpt lat="36.573439" lon="-118.291738"><ele>4249.4</ele><time>2024-06-08T17:06:57Z</time></trkpt>
<trkpt lat="36.573189" lon="-118.291560"><ele>4246.0</ele><time>2024-06-08T17:07:15Z</time></trkpt>
<trkpt lat="36.572320" lon="-118.291499"><ele>4235.8</ele><time>2024-06-08T17:08:36Z</time></trkpt>
<trkpt lat="36.571485" lon="-118.291881"><ele>4225.8</ele><time>2024-06-08T17:09:56Z</time></trkpt>
<trkpt lat="36.571495" lon="-118.291966"><ele>4225.6</ele><time>2024-06-08T17:10:02Z</time></trkpt>
<trkpt lat="36.571422" lon="-118.291972"><ele>4226.0</ele><time>2024-06-08T17:10:13Z</time></trkpt>
<trkpt lat="36.571140" lon="-118.292333"><ele>4221.8</ele><time>2024-06-08T17:10:50Z</time></trkpt>
<trkpt lat="36.571156" lon="-118.292275"><ele>4221.8</ele><time>2024-06-08T17:10:51Z</time></trkpt>
<trkpt lat="36.570950" lon="-118.292431"><ele>4218.6</ele><time>2024-06-08T17:11:12Z</time></trkpt>
<trkpt lat="36.570513" lon="-118.292487"><ele>4215.2</ele><time>2024-06-08T17:11:51Z</time></trkpt>
<trkpt lat="36.570436" lon="-118.292418"><ele>4213.6</ele><time>2024-06-08T17:12:01Z</time></trkpt>
<trkpt lat="36.569864" lon="-118.292417"><ele>4200.2</ele><time>2024-06-08T17:13:36Z</time></trkpt>
<trkpt lat="36.569566" lon="-118.292343"><ele>4198.2</ele><time>2024-06-08T17:14:00Z</time></trkpt>
<trkpt lat="36.569539" lon="-118.292391"><ele>4198.0</ele><time>2024-06-08T17:14:02Z</time></trkpt>
<trkpt lat="36.569553" lon="-118.292298"><ele>4198.0</ele><time>2024-06-08T17:14:04Z</time></trkpt>
<trkpt lat="36.569532" lon="-118.292379"><ele>4197.8</ele><time>2024-06-08T17:14:10Z</time></trkpt>
<trkpt lat="36.568815" lon="-118.292519"><ele>4183.8</ele><time>2024-06-08T17:15:54Z</time></trkpt>
<trkpt lat="36.568690" lon="-118.292652"><ele>4183.6</ele><time>2024-06-08T17:15:59Z</time></trkpt>
<trkpt lat="36.568621" lon="-118.292537"><ele>4183.4</ele><time>2024-06-08T17:16:05Z</time></trkpt>
<trkpt lat="36.568664" lon="-118.292573"><ele>4183.4</ele><time>2024-06-08T17:16:06Z</time></trkpt>
<trkpt lat="36.568615" lon="-118.292652"><ele>4183.2</ele><time>2024-06-08T17:16:10Z</time></trkpt>
<trkpt lat="36.567660" lon="-118.293030"><ele>4167.6</ele><time>2024-06-08T17:17:55Z</time></trkpt>
<trkpt lat="36.567700" lon="-118.292992"><ele>4166.4</ele><time>2024-06-08T17:17:59Z</time></trkpt>
<trkpt lat="36.567640" lon="-118.293009"><ele>4164.2</ele><time>2024-06-08T17:18:12Z</time></trkpt>
<trkpt lat="36.567553" lon="-118.292819"><ele>4157.6</ele><time>2024-06-08T17:19:12Z</time></trkpt>
<trkpt lat="36.567381" lon="-118.292447"><ele>4161.0</ele><time>2024-06-08T17:19:53Z</time></trkpt>
<trkpt lat="36.566938" lon="-118.292772"><ele>4161.2</ele><time>2024-06-08T17:20:01Z</time></trkpt>
<trkpt lat="36.566895" lon="-118.292711"><ele>4161.4</ele><time>2024-06-08T17:20:05Z</time></trkpt>
<trkpt lat="36.566965" lon="-118.292701"><ele>4162.2</ele><time>2024-06-08T17:20:08Z</time></trkpt>
<trkpt lat="36.566895" lon="-118.292708"><ele>4162.8</ele><time>2024-06-08T17:20:12Z</time></trkpt>
<trkpt lat="36.566772" lon="-118.292537"><ele>4164.4</ele><time>2024-06-08T17:20:24Z</time></trkpt>
<trkpt lat="36.566712" lon="-118.292432"><ele>4172.2</ele><time>2024-06-08T17:21:28Z</time></trkpt>
<trkpt lat="36.566569" lon="-118.292246"><ele>4170.8</ele><time>2024-06-08T17:21:58Z</time></trkpt>
<trkpt lat="36.566440" lon="-118.292608"><ele>4170.8</ele><time>2024-06-08T17:22:01Z</time></trkpt>
<trkpt lat="36.566455" lon="-118.292482"><ele>4171.2</ele><time>2024-06-08T17:22:11Z</time></trkpt>
<trkpt lat="36.566087" lon="-118.292558"><ele>4177.4</ele><time>2024-06-08T17:23:12Z</time></trkpt>
<trkpt lat="36.565623" lon="-118.292647"><ele>4174.4</ele><time>2024-06-08T17:23:54Z</time></trkpt>
<trkpt lat="36.565647" lon="-118.292610"><ele>4174.4</ele><time>2024-06-08T17:23:55Z</time></trkpt>
<trkpt lat="36.565677" lon="-118.292711"><ele>4174.2</ele><time>2024-06-08T17:24:01Z</time></trkpt>
<trkpt lat="36.565687" lon="-118.292629"><ele>4174.0</ele><time>2024-06-08T17:24:08Z</time></trkpt>
<trkpt lat="36.565386" lon="-118.292646"><ele>4174.4</ele><time>2024-06-08T17:25:04Z</time></trkpt>
<trkpt lat="36.565037" lon="-118.292518"><ele>4172.0</ele><time>2024-06-08T17:26:03Z</time></trkpt>
<trkpt lat="36.564045" lon="-118.292722"><ele>4174.6</ele><time>2024-06-08T17:27:59Z</time></trkpt>
<trkpt lat="36.564096" lon="-118.292738"><ele>4175.2</ele><time>2024-06-08T17:28:05Z</time></trkpt>
<trkpt lat="36.564126" lon="-118.292644"><ele>4175.4</ele><time>2024-06-08T17:28:12Z</time></trkpt>
<trkpt lat="36.563962" lon="-118.292582"><ele>4173.6</ele><time>2024-06-08T17:28:31Z</time></trkpt>
<trkpt lat="36.563559" lon="-118.292669"><ele>4169.6</ele><time>2024-06-08T17:29:35Z</time></trkpt>
<trkpt lat="36.563282" lon="-118.292622"><ele>4166.6</ele><time>2024-06-08T17:29:56Z</time></trkpt>
<trkpt lat="36.563195" lon="-118.292522"><ele>4166.2</ele><time>2024-06-08T17:30:03Z</time></trkpt>
<trkpt lat="36.563148" lon="-118.292546"><ele>4165.4</ele><time>2024-06-08T17:30:07Z</time></trkpt>
<trkpt lat="36.563048" lon="-118.292291"><ele>4160.6</ele><time>2024-06-08T17:30:27Z</time></trkpt>
<trkpt lat="36.562476" lon="-118.292020"><ele>4150.8</ele><time>2024-06-08T17:32:08Z</time></trkpt>
<trkpt lat="36.562784" lon="-118.292325"><ele>4146.2</ele><time>2024-06-08T17:33:55Z</time></trkpt>
<trkpt lat="36.562783" lon="-118.292496"><ele>4145.2</ele><time>2024-06-08T17:34:25Z</time></trkpt>
<trkpt lat="36.563100" lon="-118.293230"><ele>4136.4</ele><time>2024-06-08T17:36:08Z</time></trkpt>
<trkpt lat="36.562724" lon="-118.292804"><ele>4130.0</ele><time>2024-06-08T17:36:53Z</time></trkpt>
<trkpt lat="36.562143" lon="-118.292552"><ele>4120.0</ele><time>2024-06-08T17:37:45Z</time></trkpt>
<trkpt lat="36.561318" lon="-118.292597"><ele>4111.2</ele><time>2024-06-08T17:38:41Z</time></trkpt>
<trkpt lat="36.560989" lon="-118.292862"><ele>4105.2</ele><time>2024-06-08T17:39:17Z</time></trkpt>
<trkpt lat="36.560696" lon="-118.292896"><ele>4099.8</ele><time>2024-06-08T17:39:47Z</time></trkpt>
<trkpt lat="36.560602" lon="-118.292998"><ele>4097.6</ele><time>2024-06-08T17:39:57Z</time></trkpt>
<trkpt lat="36.560491" lon="-118.293003"><ele>4095.2</ele><time>2024-06-08T17:40:04Z</time></trkpt>
<trkpt lat="36.560526" lon="-118.292930"><ele>4093.4</ele><time>2024-06-08T17:40:22Z</time></trkpt>
<trkpt lat="36.560588" lon="-118.292988"><ele>4093.0</ele><time>2024-06-08T17:40:56Z</time></trkpt>
<trkpt lat="36.560521" lon="-118.293032"><ele>4092.8</ele><time>2024-06-08T17:41:01Z</time></trkpt>
<trkpt lat="36.560807" lon="-118.293024"><ele>4088.6</ele><time>2024-06-08T17:41:40Z</time></trkpt>
<trkpt lat="36.561463" lon="-118.293300"><ele>4076.6</ele><time>2024-06-08T17:42:53Z</time></trkpt>
<trkpt lat="36.561637" lon="-118.293300"><ele>4075.8</ele><time>2024-06-08T17:42:59Z</time></trkpt>
<trkpt lat="36.561630" lon="-118.293392"><ele>4074.8</ele><time>2024-06-08T17:43:05Z</time></trkpt>
<trkpt lat="36.561701" lon="-118.293426"><ele>4073.2</ele><time>2024-06-08T17:43:12Z</time></trkpt>
<trkpt lat="36.562063" lon="-118.294076"><ele>4064.8</ele><time>2024-06-08T17:44:01Z</time></trkpt>
<trkpt lat="36.561600" lon="-118.294012"><ele>4055.2</ele><time>2024-06-08T17:44:55Z</time></trkpt>
<trkpt lat="36.561489" lon="-118.293925"><ele>4052.4</ele><time>2024-06-08T17:45:09Z</time></trkpt>
<trkpt lat="36.561172" lon="-118.293944"><ele>4045.4</ele><time>2024-06-08T17:45:47Z</time></trkpt>
<trkpt lat="36.561637" lon="-118.294236"><ele>4036.2</ele><time>2024-06-08T17:46:35Z</time></trkpt>
<trkpt lat="36.561663" lon="-118.294317"><ele>4031.8</ele><time>2024-06-08T17:47:02Z</time></trkpt>
<trkpt lat="36.561069" lon="-118.294202"><ele>4029.4</ele><time>2024-06-08T17:47:31Z</time></trkpt>
<trkpt lat="36.560594" lon="-118.294058"><ele>4018.4</ele><time>2024-06-08T17:48:27Z</time></trkpt>
<trkpt lat="36.560172" lon="-118.294001"><ele>4017.4</ele><time>2024-06-08T17:48:56Z</time></trkpt>
<trkpt lat="36.560247" lon="-118.294022"><ele>4016.6</ele><time>2024-06-08T17:48:58Z</time></trkpt>
<trkpt lat="36.560202" lon="-118.293998"><ele>4016.0</ele><time>2024-06-08T17:49:03Z</time></trkpt>
<trkpt lat="36.560210" lon="-118.294078"><ele>4015.2</ele><time>2024-06-08T17:49:14Z</time></trkpt>
<trkpt lat="36.561015" lon="-118.294525"><ele>4000.4</ele><time>2024-06-08T17:51:04Z</time></trkpt>
<trkpt lat="36.561277" lon="-118.294817"><ele>3995.4</ele><time>2024-06-08T17:51:37Z</time></trkpt>
<trkpt lat="36.561778" lon="-118.295163"><ele>3983.6</ele><time>2024-06-08T17:53:05Z</time></trkpt>
<trkpt lat="36.561194" lon="-118.295188"><ele>3973.4</ele><time>2024-06-08T17:54:15Z</time></trkpt>
<trkpt lat="36.560522" lon="-118.294862"><ele>3964.4</ele><time>2024-06-08T17:55:22Z</time></trkpt>
<trkpt lat="36.560291" lon="-118.294863"><ele>3960.0</ele><time>2024-06-08T17:56:00Z</time></trkpt>
<trkpt lat="36.560321" lon="-118.294935"><ele>3959.8</ele><time>2024-06-08T17:56:56Z</time></trkpt>
<trkpt lat="36.560203" lon="-118.294839"><ele>3959.4</ele><time>2024-06-08T17:57:11Z</time></trkpt>
<trkpt lat="36.560050" lon="-118.294882"><ele>3956.8</ele><time>2024-06-08T17:58:56Z</time></trkpt>
<trkpt lat="36.560095" lon="-118.294855"><ele>3956.6</ele><time>2024-06-08T17:58:59Z</time></trkpt>
<trkpt lat="36.559905" lon="-118.295041"><ele>3953.4</ele><time>2024-06-08T17:59:23Z</time></trkpt>
<trkpt lat="36.560042" lon="-118.295008"><ele>3946.8</ele><time>2024-06-08T17:59:53Z</time></trkpt>
<trkpt lat="36.561191" lon="-118.295702"><ele>3931.0</ele><time>2024-06-08T18:02:33Z</time></trkpt>
<trkpt lat="36.561534" lon="-118.296082"><ele>3925.4</ele><time>2024-06-08T18:03:22Z</time></trkpt>
<trkpt lat="36.561678" lon="-118.296380"><ele>3914.0</ele><time>2024-06-08T18:04:18Z</time></trkpt>
<trkpt lat="36.561665" lon="-118.296483"><ele>3908.2</ele><time>2024-06-08T18:04:48Z</time></trkpt>
<trkpt lat="36.561587" lon="-118.296385"><ele>3905.0</ele><time>2024-06-08T18:05:03Z</time></trkpt>
<trkpt lat="36.560386" lon="-118.296124"><ele>3884.8</ele><time>2024-06-08T18:07:05Z</time></trkpt>
<trkpt lat="36.560370" lon="-118.296168"><ele>3884.4</ele><time>2024-06-08T18:07:11Z</time></trkpt>
<trkpt lat="36.560838" lon="-118.296440"><ele>3877.2</ele><time>2024-06-08T18:09:01Z</time></trkpt>
<trkpt lat="36.561835" lon="-118.297215"><ele>3857.4</ele><time>2024-06-08T18:10:56Z</time></trkpt>
<trkpt lat="36.561920" lon="-118.297160"><ele>3856.8</ele><time>2024-06-08T18:11:01Z</time></trkpt>
<trkpt lat="36.562067" lon="-118.297210"><ele>3854.6</ele><time>2024-06-08T18:11:12Z</time></trkpt>
<trkpt lat="36.561974" lon="-118.297859"><ele>3844.2</ele><time>2024-06-08T18:12:06Z</time></trkpt>
<trkpt lat="36.561931" lon="-118.297857"><ele>3842.0</ele><time>2024-06-08T18:12:16Z</time></trkpt>
<trkpt lat="36.561968" lon="-118.297526"><ele>3836.4</ele><time>2024-06-08T18:12:56Z</time></trkpt>
<trkpt lat="36.561989" lon="-118.297564"><ele>3836.2</ele><time>2024-06-08T18:12:57Z</time></trkpt>
<trkpt lat="36.561791" lon="-118.297560"><ele>3831.8</ele><time>2024-06-08T18:13:15Z</time></trkpt>
<trkpt lat="36.561274" lon="-118.297321"><ele>3819.8</ele><time>2024-06-08T18:14:32Z</time></trkpt>
<trkpt lat="36.561161" lon="-118.297341"><ele>3817.2</ele><time>2024-06-08T18:14:42Z</time></trkpt>
<trkpt lat="36.561223" lon="-118.297615"><ele>3812.2</ele><time>2024-06-08T18:15:09Z</time></trkpt>
<trkpt lat="36.562314" lon="-118.298232"><ele>3789.2</ele><time>2024-06-08T18:17:09Z</time></trkpt>
<trkpt lat="36.563550" lon="-118.298646"><ele>3769.6</ele><time>2024-06-08T18:19:16Z</time></trkpt>
<trkpt lat="36.563621" lon="-118.298615"><ele>3768.4</ele><time>2024-06-08T18:19:22Z</time></trkpt>
<trkpt lat="36.564020" lon="-118.298941"><ele>3764.2</ele><time>2024-06-08T18:20:36Z</time></trkpt>
<trkpt lat="36.564574" lon="-118.298940"><ele>3754.2</ele><time>2024-06-08T18:22:57Z</time></trkpt>
<trkpt lat="36.564590" lon="-118.298993"><ele>3754.0</ele><time>2024-06-08T18:23:05Z</time></trkpt>
<trkpt lat="36.564596" lon="-118.298941"><ele>3753.6</ele><time>2024-06-08T18:23:15Z</time></trkpt>
<trkpt lat="36.564604" lon="-118.299094"><ele>3753.4</ele><time>2024-06-08T18:24:57Z</time></trkpt>
<trkpt lat="36.564630" lon="-118.299024"><ele>3753.2</ele><time>2024-06-08T18:25:03Z</time></trkpt>
<trkpt lat="36.564553" lon="-118.298970"><ele>3753.8</ele><time>2024-06-08T18:26:57Z</time></trkpt>
<trkpt lat="36.564642" lon="-118.299014"><ele>3753.0</ele><time>2024-06-08T18:27:07Z</time></trkpt>
<trkpt lat="36.564602" lon="-118.299053"><ele>3752.4</ele><time>2024-06-08T18:27:12Z</time></trkpt>
<trkpt lat="36.564586" lon="-118.299006"><ele>3750.2</ele><time>2024-06-08T18:27:48Z</time></trkpt>
<trkpt lat="36.564646" lon="-118.299083"><ele>3752.4</ele><time>2024-06-08T18:28:18Z</time></trkpt>
<trkpt lat="36.564609" lon="-118.299083"><ele>3753.4</ele><time>2024-06-08T18:28:56Z</time></trkpt>
<trkpt lat="36.564667" lon="-118.299055"><ele>3752.4</ele><time>2024-06-08T18:29:01Z</time></trkpt>
<trkpt lat="36.564595" lon="-118.299028"><ele>3751.8</ele><time>2024-06-08T18:29:07Z</time></trkpt>
<trkpt lat="36.564917" lon="-118.299190"><ele>3748.2</ele><time>2024-06-08T18:30:55Z</time></trkpt>
<trkpt lat="36.564874" lon="-118.299081"><ele>3748.2</ele><time>2024-06-08T18:31:13Z</time></trkpt>
<trkpt lat="36.564886" lon="-118.299375"><ele>3748.4</ele><time>2024-06-08T18:31:30Z</time></trkpt>
<trkpt lat="36.564873" lon="-118.299520"><ele>3736.2</ele><time>2024-06-08T18:31:56Z</time></trkpt>
<trkpt lat="36.564893" lon="-118.299987"><ele>3718.0</ele><time>2024-06-08T18:32:50Z</time></trkpt>
<trkpt lat="36.564918" lon="-118.300139"><ele>3718.4</ele><time>2024-06-08T18:32:56Z</time></trkpt>
<trkpt lat="36.564724" lon="-118.299759"><ele>3718.6</ele><time>2024-06-08T18:33:06Z</time></trkpt>
<trkpt lat="36.564769" lon="-118.300007"><ele>3710.0</ele><time>2024-06-08T18:34:48Z</time></trkpt>
<trkpt lat="36.564837" lon="-118.300045"><ele>3710.8</ele><time>2024-06-08T18:35:01Z</time></trkpt>
<trkpt lat="36.564666" lon="-118.299979"><ele>3710.2</ele><time>2024-06-08T18:35:13Z</time></trkpt>
<trkpt lat="36.564807" lon="-118.300048"><ele>3712.0</ele><time>2024-06-08T18:38:59Z</time></trkpt>
<trkpt lat="36.564699" lon="-118.299969"><ele>3711.6</ele><time>2024-06-08T18:39:05Z</time></trkpt>
<trkpt lat="36.564667" lon="-118.300019"><ele>3711.8</ele><time>2024-06-08T18:39:11Z</time></trkpt>
<trkpt lat="36.564726" lon="-118.300198"><ele>3708.8</ele><time>2024-06-08T18:39:51Z</time></trkpt>
<trkpt lat="36.564801" lon="-118.300236"><ele>3706.6</ele><time>2024-06-08T18:40:01Z</time></trkpt>
<trkpt lat="36.564792" lon="-118.300736"><ele>3696.2</ele><time>2024-06-08T18:41:01Z</time></trkpt>
<trkpt lat="36.564681" lon="-118.300616"><ele>3695.8</ele><time>2024-06-08T18:41:04Z</time></trkpt>
<trkpt lat="36.564760" lon="-118.300614"><ele>3694.4</ele><time>2024-06-08T18:41:11Z</time></trkpt>
<trkpt lat="36.564869" lon="-118.300767"><ele>3691.6</ele><time>2024-06-08T18:41:27Z</time></trkpt>
<trkpt lat="36.564971" lon="-118.300799"><ele>3690.4</ele><time>2024-06-08T18:41:35Z</time></trkpt>
<trkpt lat="36.565386" lon="-118.301501"><ele>3679.8</ele><time>2024-06-08T18:42:56Z</time></trkpt>
<trkpt lat="36.565418" lon="-118.301441"><ele>3679.4</ele><time>2024-06-08T18:43:00Z</time></trkpt>
<trkpt lat="36.565235" lon="-118.301406"><ele>3678.4</ele><time>2024-06-08T18:43:05Z</time></trkpt>
<trkpt lat="36.565294" lon="-118.301626"><ele>3676.0</ele><time>2024-06-08T18:43:20Z</time></trkpt>
<trkpt lat="36.565803" lon="-118.302118"><ele>3657.2</ele><time>2024-06-08T18:45:14Z</time></trkpt>
<trkpt lat="36.566039" lon="-118.302619"><ele>3652.2</ele><time>2024-06-08T18:46:06Z</time></trkpt>
<trkpt lat="36.566296" lon="-118.302849"><ele>3648.8</ele><time>2024-06-08T18:46:45Z</time></trkpt>
<trkpt lat="36.566739" lon="-118.303106"><ele>3641.4</ele><time>2024-06-08T18:47:58Z</time></trkpt>
<trkpt lat="36.566831" lon="-118.303395"><ele>3640.0</ele><time>2024-06-08T18:48:09Z</time></trkpt>
<trkpt lat="36.566892" lon="-118.303408"><ele>3639.4</ele><time>2024-06-08T18:48:14Z</time></trkpt>
<trkpt lat="36.567171" lon="-118.303830"><ele>3636.4</ele><time>2024-06-08T18:49:01Z</time></trkpt>
<trkpt lat="36.567516" lon="-118.303912"><ele>3630.2</ele><time>2024-06-08T18:49:57Z</time></trkpt>
<trkpt lat="36.567529" lon="-118.303806"><ele>3628.4</ele><time>2024-06-08T18:50:04Z</time></trkpt>
<trkpt lat="36.567629" lon="-118.303784"><ele>3627.2</ele><time>2024-06-08T18:50:12Z</time></trkpt>
<trkpt lat="36.567916" lon="-118.303891"><ele>3626.4</ele><time>2024-06-08T18:50:37Z</time></trkpt>
<trkpt lat="36.568462" lon="-118.304215"><ele>3617.6</ele><time>2024-06-08T18:51:55Z</time></trkpt>
<trkpt lat="36.568534" lon="-118.304132"><ele>3618.6</ele><time>2024-06-08T18:52:01Z</time></trkpt>
<trkpt lat="36.568486" lon="-118.304090"><ele>3618.8</ele><time>2024-06-08T18:52:03Z</time></trkpt>
<trkpt lat="36.568810" lon="-118.304677"><ele>3609.6</ele><time>2024-06-08T18:53:01Z</time></trkpt>
<trkpt lat="36.568825" lon="-118.304870"><ele>3604.4</ele><time>2024-06-08T18:53:29Z</time></trkpt>
<trkpt lat="36.568964" lon="-118.305166"><ele>3598.2</ele><time>2024-06-08T18:54:00Z</time></trkpt>
<trkpt lat="36.568909" lon="-118.305238"><ele>3596.2</ele><time>2024-06-08T18:54:07Z</time></trkpt>
<trkpt lat="36.569055" lon="-118.305351"><ele>3594.0</ele><time>2024-06-08T18:54:23Z</time></trkpt>
<trkpt lat="36.569043" lon="-118.305523"><ele>3590.8</ele><time>2024-06-08T18:54:35Z</time></trkpt>
<trkpt lat="36.568993" lon="-118.305534"><ele>3589.8</ele><time>2024-06-08T18:54:39Z</time></trkpt>
<trkpt lat="36.569082" lon="-118.306063"><ele>3578.4</ele><time>2024-06-08T18:55:25Z</time></trkpt>
<trkpt lat="36.568998" lon="-118.306212"><ele>3575.0</ele><time>2024-06-08T18:55:41Z</time></trkpt>
<trkpt lat="36.569027" lon="-118.306317"><ele>3572.2</ele><time>2024-06-08T18:55:57Z</time></trkpt>
<trkpt lat="36.569133" lon="-118.306362"><ele>3570.8</ele><time>2024-06-08T18:56:02Z</time></trkpt>
<trkpt lat="36.568975" lon="-118.306177"><ele>3570.4</ele><time>2024-06-08T18:56:05Z</time></trkpt>
<trkpt lat="36.569079" lon="-118.306692"><ele>3549.2</ele><time>2024-06-08T18:57:49Z</time></trkpt>
<trkpt lat="36.569210" lon="-118.306925"><ele>3547.4</ele><time>2024-06-08T18:57:58Z</time></trkpt>
<trkpt lat="36.569433" lon="-118.307020"><ele>3546.6</ele><time>2024-06-08T18:58:02Z</time></trkpt>
<trkpt lat="36.569353" lon="-118.306906"><ele>3546.2</ele><time>2024-06-08T18:58:03Z</time></trkpt>
<trkpt lat="36.569153" lon="-118.306832"><ele>3545.6</ele><time>2024-06-08T18:58:07Z</time></trkpt>
<trkpt lat="36.569154" lon="-118.306974"><ele>3544.6</ele><time>2024-06-08T18:58:13Z</time></trkpt>
<trkpt lat="36.569296" lon="-118.307214"><ele>3541.2</ele><time>2024-06-08T18:58:39Z</time></trkpt>
<trkpt lat="36.569650" lon="-118.307559"><ele>3541.0</ele><time>2024-06-08T18:59:59Z</time></trkpt>
<trkpt lat="36.569486" lon="-118.307595"><ele>3541.0</ele><time>2024-06-08T19:00:02Z</time></trkpt>
<trkpt lat="36.569282" lon="-118.307209"><ele>3540.4</ele><time>2024-06-08T19:00:07Z</time></trkpt>
<trkpt lat="36.569569" lon="-118.307569"><ele>3540.2</ele><time>2024-06-08T19:01:45Z</time></trkpt>
<trkpt lat="36.569665" lon="-118.307849"><ele>3540.0</ele><time>2024-06-08T19:01:58Z</time></trkpt>
<trkpt lat="36.569852" lon="-118.308015"><ele>3539.8</ele><time>2024-06-08T19:02:06Z</time></trkpt>
<trkpt lat="36.569945" lon="-118.308216"><ele>3542.4</ele><time>2024-06-08T19:02:25Z</time></trkpt>
<trkpt lat="36.570193" lon="-118.308234"><ele>3546.2</ele><time>2024-06-08T19:03:19Z</time></trkpt>
<trkpt lat="36.570270" lon="-118.308434"><ele>3537.0</ele><time>2024-06-08T19:03:59Z</time></trkpt>
<trkpt lat="36.571734" lon="-118.309499"><ele>3528.4</ele><time>2024-06-08T19:06:01Z</time></trkpt>
<trkpt lat="36.571729" lon="-118.310436"><ele>3520.4</ele><time>2024-06-08T19:06:47Z</time></trkpt>
<trkpt lat="36.571845" lon="-118.311410"><ele>3513.4</ele><time>2024-06-08T19:07:57Z</time></trkpt>
<trkpt lat="36.571893" lon="-118.311361"><ele>3512.6</ele><time>2024-06-08T19:08:02Z</time></trkpt>
<trkpt lat="36.571755" lon="-118.312085"><ele>3508.6</ele><time>2024-06-08T19:08:45Z</time></trkpt>
<trkpt lat="36.572069" lon="-118.312799"><ele>3503.0</ele><time>2024-06-08T19:09:47Z</time></trkpt>
<trkpt lat="36.572153" lon="-118.313576"><ele>3499.0</ele><time>2024-06-08T19:11:57Z</time></trkpt>
<trkpt lat="36.572078" lon="-118.313530"><ele>3500.2</ele><time>2024-06-08T19:14:02Z</time></trkpt>
<trkpt lat="36.572214" lon="-118.313981"><ele>3502.4</ele><time>2024-06-08T19:15:59Z</time></trkpt>
<trkpt lat="36.571967" lon="-118.313740"><ele>3502.6</ele><time>2024-06-08T19:16:00Z</time></trkpt>
<trkpt lat="36.572149" lon="-118.313550"><ele>3502.6</ele><time>2024-06-08T19:16:11Z</time></trkpt>
<trkpt lat="36.572359" lon="-118.313862"><ele>3502.4</ele><time>2024-06-08T19:17:56Z</time></trkpt>
<trkpt lat="36.572110" lon="-118.314157"><ele>3501.6</ele><time>2024-06-08T19:18:31Z</time></trkpt>
<trkpt lat="36.572034" lon="-118.314381"><ele>3501.8</ele><time>2024-06-08T19:18:53Z</time></trkpt>
<trkpt lat="36.571821" lon="-118.314455"><ele>3500.6</ele><time>2024-06-08T19:19:07Z</time></trkpt>
<trkpt lat="36.571266" lon="-118.315025"><ele>3502.2</ele><time>2024-06-08T19:19:57Z</time></trkpt>
<trkpt lat="36.570992" lon="-118.315518"><ele>3500.8</ele><time>2024-06-08T19:20:35Z</time></trkpt>
<trkpt lat="36.570854" lon="-118.315899"><ele>3498.8</ele><time>2024-06-08T19:22:09Z</time></trkpt>
<trkpt lat="36.570762" lon="-118.317066"><ele>3498.0</ele><time>2024-06-08T19:25:10Z</time></trkpt>
<trkpt lat="36.570585" lon="-118.317604"><ele>3497.4</ele><time>2024-06-08T19:26:05Z</time></trkpt>
<trkpt lat="36.570647" lon="-118.318172"><ele>3493.2</ele><time>2024-06-08T19:26:44Z</time></trkpt>
<trkpt lat="36.570588" lon="-118.318498"><ele>3492.6</ele><time>2024-06-08T19:27:18Z</time></trkpt>
<trkpt lat="36.570600" lon="-118.318834"><ele>3489.2</ele><time>2024-06-08T19:27:38Z</time></trkpt>
<trkpt lat="36.570515" lon="-118.319202"><ele>3485.2</ele><time>2024-06-08T19:27:57Z</time></trkpt>
<trkpt lat="36.570414" lon="-118.319318"><ele>3483.4</ele><time>2024-06-08T19:28:03Z</time></trkpt>
<trkpt lat="36.570382" lon="-118.319286"><ele>3482.2</ele><time>2024-06-08T19:28:08Z</time></trkpt>
<trkpt lat="36.570363" lon="-118.319825"><ele>3477.8</ele><time>2024-06-08T19:28:56Z</time></trkpt>
<trkpt lat="36.570292" lon="-118.320086"><ele>3474.8</ele><time>2024-06-08T19:29:30Z</time></trkpt>
<trkpt lat="36.570302" lon="-118.320734"><ele>3472.0</ele><time>2024-06-08T19:29:58Z</time></trkpt>
<trkpt lat="36.570031" lon="-118.321731"><ele>3467.2</ele><time>2024-06-08T19:31:00Z</time></trkpt>
<trkpt lat="36.569787" lon="-118.323110"><ele>3455.2</ele><time>2024-06-08T19:33:00Z</time></trkpt>
<trkpt lat="36.569773" lon="-118.323385"><ele>3452.0</ele><time>2024-06-08T19:33:20Z</time></trkpt>
<trkpt lat="36.569869" lon="-118.323632"><ele>3450.8</ele><time>2024-06-08T19:33:36Z</time></trkpt>
<trkpt lat="36.569813" lon="-118.323974"><ele>3446.6</ele><time>2024-06-08T19:34:04Z</time></trkpt>
<trkpt lat="36.569706" lon="-118.324043"><ele>3445.0</ele><time>2024-06-08T19:34:14Z</time></trkpt>
<trkpt lat="36.569729" lon="-118.324392"><ele>3442.4</ele><time>2024-06-08T19:34:46Z</time></trkpt>
<trkpt lat="36.569692" lon="-118.324730"><ele>3443.6</ele><time>2024-06-08T19:35:40Z</time></trkpt>
<trkpt lat="36.569648" lon="-118.324792"><ele>3441.0</ele><time>2024-06-08T19:35:58Z</time></trkpt>
<trkpt lat="36.569714" lon="-118.324951"><ele>3439.8</ele><time>2024-06-08T19:36:10Z</time></trkpt>
<trkpt lat="36.569376" lon="-118.325654"><ele>3431.2</ele><time>2024-06-08T19:37:42Z</time></trkpt>
<trkpt lat="36.569188" lon="-118.325884"><ele>3429.2</ele><time>2024-06-08T19:37:57Z</time></trkpt>
<trkpt lat="36.569236" lon="-118.325927"><ele>3429.0</ele><time>2024-06-08T19:38:00Z</time></trkpt>
<trkpt lat="36.569047" lon="-118.326332"><ele>3423.4</ele><time>2024-06-08T19:38:27Z</time></trkpt>
<trkpt lat="36.568954" lon="-118.326603"><ele>3412.8</ele><time>2024-06-08T19:39:13Z</time></trkpt>
<trkpt lat="36.569026" lon="-118.326702"><ele>3410.6</ele><time>2024-06-08T19:39:23Z</time></trkpt>
<trkpt lat="36.568998" lon="-118.326877"><ele>3405.0</ele><time>2024-06-08T19:39:49Z</time></trkpt>
<trkpt lat="36.568741" lon="-118.326932"><ele>3400.6</ele><time>2024-06-08T19:40:12Z</time></trkpt>
<trkpt lat="36.568689" lon="-118.327220"><ele>3398.4</ele><time>2024-06-08T19:40:26Z</time></trkpt>
<trkpt lat="36.568421" lon="-118.327757"><ele>3386.2</ele><time>2024-06-08T19:41:42Z</time></trkpt>
<trkpt lat="36.568455" lon="-118.327962"><ele>3385.2</ele><time>2024-06-08T19:41:58Z</time></trkpt>
<trkpt lat="36.567900" lon="-118.329508"><ele>3384.0</ele><time>2024-06-08T19:43:56Z</time></trkpt>
<trkpt lat="36.567926" lon="-118.329610"><ele>3385.0</ele><time>2024-06-08T19:44:14Z</time></trkpt>
<trkpt lat="36.567793" lon="-118.330172"><ele>3384.2</ele><time>2024-06-08T19:45:22Z</time></trkpt>
<trkpt lat="36.567663" lon="-118.330458"><ele>3383.6</ele><time>2024-06-08T19:45:57Z</time></trkpt>
<trkpt lat="36.567507" lon="-118.331357"><ele>3384.6</ele><time>2024-06-08T19:46:52Z</time></trkpt>
<trkpt lat="36.567448" lon="-118.332311"><ele>3392.4</ele><time>2024-06-08T19:47:57Z</time></trkpt>
<trkpt lat="36.567584" lon="-118.332499"><ele>3393.0</ele><time>2024-06-08T19:48:12Z</time></trkpt>
<trkpt lat="36.567497" lon="-118.333209"><ele>3389.2</ele><time>2024-06-08T19:49:24Z</time></trkpt>
<trkpt lat="36.567610" lon="-118.334019"><ele>3382.8</ele><time>2024-06-08T19:50:02Z</time></trkpt>
<trkpt lat="36.567545" lon="-118.334167"><ele>3381.4</ele><time>2024-06-08T19:50:13Z</time></trkpt>
<trkpt lat="36.567676" lon="-118.334661"><ele>3376.0</ele><time>2024-06-08T19:50:50Z</time></trkpt>
<trkpt lat="36.567616" lon="-118.335011"><ele>3373.8</ele><time>2024-06-08T19:51:22Z</time></trkpt>
<trkpt lat="36.567763" lon="-118.335168"><ele>3369.4</ele><time>2024-06-08T19:51:44Z</time></trkpt>
<trkpt lat="36.567807" lon="-118.335373"><ele>3367.2</ele><time>2024-06-08T19:51:58Z</time></trkpt>
<trkpt lat="36.568034" lon="-118.335036"><ele>3362.0</ele><time>2024-06-08T19:53:38Z</time></trkpt>
<trkpt lat="36.568351" lon="-118.335109"><ele>3356.2</ele><time>2024-06-08T19:54:17Z</time></trkpt>
<trkpt lat="36.568534" lon="-118.335346"><ele>3354.0</ele><time>2024-06-08T19:54:36Z</time></trkpt>
<trkpt lat="36.568692" lon="-118.335693"><ele>3353.0</ele><time>2024-06-08T19:55:08Z</time></trkpt>
<trkpt lat="36.569190" lon="-118.336282"><ele>3353.4</ele><time>2024-06-08T19:55:58Z</time></trkpt>
<trkpt lat="36.569337" lon="-118.336272"><ele>3352.8</ele><time>2024-06-08T19:56:04Z</time></trkpt>
<trkpt lat="36.569429" lon="-118.336681"><ele>3349.2</ele><time>2024-06-08T19:56:32Z</time></trkpt>
<trkpt lat="36.569183" lon="-118.337300"><ele>3344.0</ele><time>2024-06-08T19:57:28Z</time></trkpt>
<trkpt lat="36.569107" lon="-118.337708"><ele>3338.6</ele><time>2024-06-08T19:57:57Z</time></trkpt>
<trkpt lat="36.569190" lon="-118.338278"><ele>3332.0</ele><time>2024-06-08T19:58:33Z</time></trkpt>
<trkpt lat="36.569157" lon="-118.338320"><ele>3331.0</ele><time>2024-06-08T19:58:37Z</time></trkpt>
<trkpt lat="36.569046" lon="-118.338167"><ele>3325.4</ele><time>2024-06-08T19:59:01Z</time></trkpt>
<trkpt lat="36.568880" lon="-118.338267"><ele>3322.0</ele><time>2024-06-08T19:59:17Z</time></trkpt>
<trkpt lat="36.568696" lon="-118.338196"><ele>3319.8</ele><time>2024-06-08T19:59:31Z</time></trkpt>
<trkpt lat="36.568264" lon="-118.338306"><ele>3318.0</ele><time>2024-06-08T19:59:58Z</time></trkpt>
<trkpt lat="36.568179" lon="-118.338216"><ele>3317.8</ele><time>2024-06-08T19:59:59Z</time></trkpt>
<trkpt lat="36.568065" lon="-118.338229"><ele>3317.8</ele><time>2024-06-08T20:00:05Z</time></trkpt>
<trkpt lat="36.567885" lon="-118.338463"><ele>3318.4</ele><time>2024-06-08T20:00:29Z</time></trkpt>
<trkpt lat="36.567863" lon="-118.339553"><ele>3316.8</ele><time>2024-06-08T20:01:51Z</time></trkpt>
<trkpt lat="36.567795" lon="-118.339909"><ele>3315.8</ele><time>2024-06-08T20:02:06Z</time></trkpt>
<trkpt lat="36.567845" lon="-118.340155"><ele>3314.0</ele><time>2024-06-08T20:02:23Z</time></trkpt>
<trkpt lat="36.567530" lon="-118.340868"><ele>3308.2</ele><time>2024-06-08T20:03:17Z</time></trkpt>
<trkpt lat="36.567434" lon="-118.341823"><ele>3300.2</ele><time>2024-06-08T20:04:19Z</time></trkpt>
<trkpt lat="36.567593" lon="-118.342238"><ele>3295.0</ele><time>2024-06-08T20:04:55Z</time></trkpt>
<trkpt lat="36.567844" lon="-118.342577"><ele>3289.2</ele><time>2024-06-08T20:05:25Z</time></trkpt>
<trkpt lat="36.567909" lon="-118.342834"><ele>3287.2</ele><time>2024-06-08T20:05:43Z</time></trkpt>
<trkpt lat="36.568039" lon="-118.342970"><ele>3284.0</ele><time>2024-06-08T20:06:01Z</time></trkpt>
<trkpt lat="36.567665" lon="-118.343192"><ele>3283.6</ele><time>2024-06-08T20:06:02Z</time></trkpt>
<trkpt lat="36.567535" lon="-118.343136"><ele>3282.6</ele><time>2024-06-08T20:06:08Z</time></trkpt>
<trkpt lat="36.567414" lon="-118.343456"><ele>3280.0</ele><time>2024-06-08T20:06:27Z</time></trkpt>
<trkpt lat="36.567567" lon="-118.344094"><ele>3280.0</ele><time>2024-06-08T20:07:06Z</time></trkpt>
<trkpt lat="36.567351" lon="-118.346050"><ele>3280.8</ele><time>2024-06-08T20:09:14Z</time></trkpt>
<trkpt lat="36.567394" lon="-118.346150"><ele>3279.4</ele><time>2024-06-08T20:10:29Z</time></trkpt>
<trkpt lat="36.567290" lon="-118.346222"><ele>3275.8</ele><time>2024-06-08T20:10:51Z</time></trkpt>
<trkpt lat="36.567319" lon="-118.346365"><ele>3273.6</ele><time>2024-06-08T20:11:00Z</time></trkpt>
<trkpt lat="36.567202" lon="-118.346265"><ele>3273.6</ele><time>2024-06-08T20:11:01Z</time></trkpt>
<trkpt lat="36.567334" lon="-118.346397"><ele>3272.0</ele><time>2024-06-08T20:11:07Z</time></trkpt>
<trkpt lat="36.566997" lon="-118.346431"><ele>3271.2</ele><time>2024-06-08T20:11:16Z</time></trkpt>
<trkpt lat="36.566798" lon="-118.346530"><ele>3271.2</ele><time>2024-06-08T20:11:17Z</time></trkpt>
<trkpt lat="36.566795" lon="-118.346685"><ele>3270.4</ele><time>2024-06-08T20:11:29Z</time></trkpt>
<trkpt lat="36.566892" lon="-118.346813"><ele>3271.0</ele><time>2024-06-08T20:12:00Z</time></trkpt>
<trkpt lat="36.566818" lon="-118.346856"><ele>3271.0</ele><time>2024-06-08T20:12:12Z</time></trkpt>
<trkpt lat="36.566883" lon="-118.347334"><ele>3268.0</ele><time>2024-06-08T20:13:26Z</time></trkpt>
<trkpt lat="36.566825" lon="-118.347935"><ele>3265.0</ele><time>2024-06-08T20:14:03Z</time></trkpt>
<trkpt lat="36.566310" lon="-118.347966"><ele>3264.6</ele><time>2024-06-08T20:14:09Z</time></trkpt>
<trkpt lat="36.566211" lon="-118.347884"><ele>3264.0</ele><time>2024-06-08T20:14:15Z</time></trkpt>
<trkpt lat="36.565542" lon="-118.348319"><ele>3259.0</ele><time>2024-06-08T20:15:59Z</time></trkpt>
<trkpt lat="36.565320" lon="-118.348624"><ele>3259.0</ele><time>2024-06-08T20:16:27Z</time></trkpt>
<trkpt lat="36.565031" lon="-118.348572"><ele>3257.0</ele><time>2024-06-08T20:16:56Z</time></trkpt>
<trkpt lat="36.565088" lon="-118.348603"><ele>3256.4</ele><time>2024-06-08T20:17:04Z</time></trkpt>
<trkpt lat="36.564995" lon="-118.348649"><ele>3256.2</ele><time>2024-06-08T20:17:13Z</time></trkpt>
<trkpt lat="36.564883" lon="-118.348525"><ele>3255.2</ele><time>2024-06-08T20:17:45Z</time></trkpt>
<trkpt lat="36.564793" lon="-118.348101"><ele>3263.0</ele><time>2024-06-08T20:18:58Z</time></trkpt>
<trkpt lat="36.564559" lon="-118.348166"><ele>3263.4</ele><time>2024-06-08T20:19:03Z</time></trkpt>
<trkpt lat="36.564574" lon="-118.348050"><ele>3263.6</ele><time>2024-06-08T20:19:08Z</time></trkpt>
<trkpt lat="36.564466" lon="-118.348044"><ele>3263.8</ele><time>2024-06-08T20:19:19Z</time></trkpt>
<trkpt lat="36.564341" lon="-118.348143"><ele>3265.0</ele><time>2024-06-08T20:20:45Z</time></trkpt>
<trkpt lat="36.564372" lon="-118.348227"><ele>3264.2</ele><time>2024-06-08T20:21:04Z</time></trkpt>
<trkpt lat="36.564278" lon="-118.348161"><ele>3265.8</ele><time>2024-06-08T20:22:27Z</time></trkpt>
<trkpt lat="36.563889" lon="-118.348270"><ele>3267.2</ele><time>2024-06-08T20:22:58Z</time></trkpt>
<trkpt lat="36.563913" lon="-118.348176"><ele>3267.0</ele><time>2024-06-08T20:23:02Z</time></trkpt>
<trkpt lat="36.563839" lon="-118.348243"><ele>3267.2</ele><time>2024-06-08T20:25:06Z</time></trkpt>
<trkpt lat="36.563889" lon="-118.348134"><ele>3266.8</ele><time>2024-06-08T20:25:18Z</time></trkpt>
<trkpt lat="36.563845" lon="-118.348128"><ele>3267.0</ele><time>2024-06-08T20:25:49Z</time></trkpt>
<trkpt lat="36.563917" lon="-118.348090"><ele>3267.6</ele><time>2024-06-08T20:27:05Z</time></trkpt>
<trkpt lat="36.563884" lon="-118.348055"><ele>3267.4</ele><time>2024-06-08T20:27:11Z</time></trkpt>
<trkpt lat="36.563834" lon="-118.348173"><ele>3267.6</ele><time>2024-06-08T20:29:01Z</time></trkpt>
<trkpt lat="36.563904" lon="-118.348082"><ele>3267.8</ele><time>2024-06-08T20:29:06Z</time></trkpt>
<trkpt lat="36.563986" lon="-118.348095"><ele>3267.4</ele><time>2024-06-08T20:29:12Z</time></trkpt>
<trkpt lat="36.563933" lon="-118.348120"><ele>3267.2</ele><time>2024-06-08T20:29:15Z</time></trkpt>
<trkpt lat="36.563980" lon="-118.348001"><ele>3266.2</ele><time>2024-06-08T20:29:57Z</time></trkpt>
<trkpt lat="36.564074" lon="-118.348072"><ele>3265.0</ele><time>2024-06-08T20:30:07Z</time></trkpt>
<trkpt lat="36.564026" lon="-118.348679"><ele>3264.2</ele><time>2024-06-08T20:30:59Z</time></trkpt>
<trkpt lat="36.564097" lon="-118.348681"><ele>3263.8</ele><time>2024-06-08T20:31:06Z</time></trkpt>
<trkpt lat="36.564141" lon="-118.348779"><ele>3262.8</ele><time>2024-06-08T20:32:59Z</time></trkpt>
<trkpt lat="36.564078" lon="-118.348735"><ele>3262.8</ele><time>2024-06-08T20:33:06Z</time></trkpt>
<trkpt lat="36.564097" lon="-118.348805"><ele>3262.6</ele><time>2024-06-08T20:35:06Z</time></trkpt>
<trkpt lat="36.564144" lon="-118.348750"><ele>3262.0</ele><time>2024-06-08T20:35:18Z</time></trkpt>
<trkpt lat="36.564418" lon="-118.349158"><ele>3258.8</ele><time>2024-06-08T20:37:11Z</time></trkpt>
<trkpt lat="36.564277" lon="-118.348770"><ele>3262.8</ele><time>2024-06-08T20:38:01Z</time></trkpt>
<trkpt lat="36.564020" lon="-118.348412"><ele>3264.8</ele><time>2024-06-08T20:39:03Z</time></trkpt>
<trkpt lat="36.563978" lon="-118.348228"><ele>3266.6</ele><time>2024-06-08T20:39:14Z</time></trkpt>
<trkpt lat="36.564082" lon="-118.348210"><ele>3267.0</ele><time>2024-06-08T20:41:03Z</time></trkpt>
<trkpt lat="36.563907" lon="-118.348084"><ele>3267.8</ele><time>2024-06-08T20:42:31Z</time></trkpt>
<trkpt lat="36.563894" lon="-118.348192"><ele>3268.2</ele><time>2024-06-08T20:43:04Z</time></trkpt>
<trkpt lat="36.563922" lon="-118.348143"><ele>3267.0</ele><time>2024-06-08T20:43:14Z</time></trkpt>
<trkpt lat="36.563775" lon="-118.347972"><ele>3267.6</ele><time>2024-06-08T20:45:02Z</time></trkpt>
<trkpt lat="36.563893" lon="-118.348010"><ele>3267.8</ele><time>2024-06-08T20:45:07Z</time></trkpt>
<trkpt lat="36.563905" lon="-118.348126"><ele>3268.2</ele><time>2024-06-08T20:47:00Z</time></trkpt>
<trkpt lat="36.563867" lon="-118.348010"><ele>3267.8</ele><time>2024-06-08T20:47:14Z</time></trkpt>
<trkpt lat="36.563958" lon="-118.348015"><ele>3266.8</ele><time>2024-06-08T20:49:18Z</time></trkpt>
<trkpt lat="36.563852" lon="-118.348002"><ele>3265.6</ele><time>2024-06-08T20:51:17Z</time></trkpt>
<trkpt lat="36.563948" lon="-118.348054"><ele>3266.6</ele><time>2024-06-08T20:53:02Z</time></trkpt>
<trkpt lat="36.563868" lon="-118.348006"><ele>3266.0</ele><time>2024-06-08T20:53:13Z</time></trkpt>
<trkpt lat="36.563890" lon="-118.348070"><ele>3265.8</ele><time>2024-06-08T20:53:16Z</time></trkpt>
<trkpt lat="36.563972" lon="-118.347987"><ele>3266.0</ele><time>2024-06-08T20:55:04Z</time></trkpt>
<trkpt lat="36.563851" lon="-118.347986"><ele>3265.8</ele><time>2024-06-08T20:55:10Z</time></trkpt>
<trkpt lat="36.563924" lon="-118.347991"><ele>3265.8</ele><time>2024-06-08T20:55:32Z</time></trkpt>
<trkpt lat="36.563865" lon="-118.348122"><ele>3266.0</ele><time>2024-06-08T20:56:52Z</time></trkpt>
<trkpt lat="36.563943" lon="-118.347982"><ele>3265.4</ele><time>2024-06-08T20:57:08Z</time></trkpt>
<trkpt lat="36.564020" lon="-118.348036"><ele>3264.8</ele><time>2024-06-08T20:57:13Z</time></trkpt>
<trkpt lat="36.563784" lon="-118.348094"><ele>3265.6</ele><time>2024-06-08T20:59:03Z</time></trkpt>
<trkpt lat="36.563759" lon="-118.348020"><ele>3265.6</ele><time>2024-06-08T20:59:13Z</time></trkpt>
<trkpt lat="36.563816" lon="-118.347970"><ele>3265.6</ele><time>2024-06-08T20:59:15Z</time></trkpt>
<trkpt lat="36.563809" lon="-118.348034"><ele>3265.6</ele><time>2024-06-08T20:59:17Z</time></trkpt>
<trkpt lat="36.564013" lon="-118.348035"><ele>3264.4</ele><time>2024-06-08T21:01:09Z</time></trkpt>
<trkpt lat="36.563840" lon="-118.347992"><ele>3264.6</ele><time>2024-06-08T21:03:01Z</time></trkpt>
<trkpt lat="36.563955" lon="-118.348027"><ele>3264.2</ele><time>2024-06-08T21:03:07Z</time></trkpt>
<trkpt lat="36.563844" lon="-118.348097"><ele>3264.4</ele><time>2024-06-08T21:05:01Z</time></trkpt>
<trkpt lat="36.563760" lon="-118.348015"><ele>3264.0</ele><time>2024-06-08T21:05:09Z</time></trkpt>
<trkpt lat="36.563805" lon="-118.347997"><ele>3263.8</ele><time>2024-06-08T21:05:15Z</time></trkpt>
<trkpt lat="36.563857" lon="-118.348186"><ele>3264.2</ele><time>2024-06-08T21:07:00Z</time></trkpt>
<trkpt lat="36.563913" lon="-118.348161"><ele>3264.2</ele><time>2024-06-08T21:07:06Z</time></trkpt>
<trkpt lat="36.563905" lon="-118.348068"><ele>3263.6</ele><time>2024-06-08T21:09:05Z</time></trkpt>
<trkpt lat="36.563802" lon="-118.348027"><ele>3263.0</ele><time>2024-06-08T21:11:01Z</time></trkpt>
<trkpt lat="36.563914" lon="-118.347997"><ele>3262.4</ele><time>2024-06-08T21:11:13Z</time></trkpt>
<trkpt lat="36.563995" lon="-118.348180"><ele>3262.0</ele><time>2024-06-08T21:13:02Z</time></trkpt>
<trkpt lat="36.563960" lon="-118.348016"><ele>3262.2</ele><time>2024-06-08T21:13:10Z</time></trkpt>
<trkpt lat="36.563927" lon="-118.348135"><ele>3261.2</ele><time>2024-06-08T21:14:32Z</time></trkpt>
<trkpt lat="36.563868" lon="-118.348104"><ele>3262.2</ele><time>2024-06-08T21:15:01Z</time></trkpt>
<trkpt lat="36.563903" lon="-118.347984"><ele>3262.4</ele><time>2024-06-08T21:15:05Z</time></trkpt>
<trkpt lat="36.563889" lon="-118.348178"><ele>3262.6</ele><time>2024-06-08T21:17:03Z</time></trkpt>
<trkpt lat="36.564043" lon="-118.348151"><ele>3263.0</ele><time>2024-06-08T21:19:02Z</time></trkpt>
<trkpt lat="36.563939" lon="-118.348060"><ele>3262.8</ele><time>2024-06-08T21:19:05Z</time></trkpt>
<trkpt lat="36.563940" lon="-118.348133"><ele>3262.8</ele><time>2024-06-08T21:19:14Z</time></trkpt>
<trkpt lat="36.563883" lon="-118.348104"><ele>3262.6</ele><time>2024-06-08T21:19:19Z</time></trkpt>
<trkpt lat="36.563930" lon="-118.348167"><ele>3262.6</ele><time>2024-06-08T21:21:08Z</time></trkpt>
<trkpt lat="36.563904" lon="-118.348019"><ele>3262.2</ele><time>2024-06-08T21:22:52Z</time></trkpt>
<trkpt lat="36.563959" lon="-118.348063"><ele>3262.2</ele><time>2024-06-08T21:23:03Z</time></trkpt>
<trkpt lat="36.563950" lon="-118.348185"><ele>3261.8</ele><time>2024-06-08T21:23:09Z</time></trkpt>
<trkpt lat="36.563905" lon="-118.348146"><ele>3262.2</ele><time>2024-06-08T21:23:15Z</time></trkpt>
<trkpt lat="36.563805" lon="-118.348206"><ele>3260.2</ele><time>2024-06-08T21:25:03Z</time></trkpt>
<trkpt lat="36.563880" lon="-118.348171"><ele>3259.8</ele><time>2024-06-08T21:25:19Z</time></trkpt>
<trkpt lat="36.563952" lon="-118.348524"><ele>3260.8</ele><time>2024-06-08T21:27:10Z</time></trkpt>
<trkpt lat="36.563921" lon="-118.348369"><ele>3260.6</ele><time>2024-06-08T21:27:32Z</time></trkpt>
<trkpt lat="36.563962" lon="-118.348360"><ele>3260.2</ele><time>2024-06-08T21:28:04Z</time></trkpt>
<trkpt lat="36.563900" lon="-118.348409"><ele>3260.4</ele><time>2024-06-08T21:28:12Z</time></trkpt>
<trkpt lat="36.563938" lon="-118.348262"><ele>3259.8</ele><time>2024-06-08T21:30:07Z</time></trkpt>
<trkpt lat="36.563881" lon="-118.348263"><ele>3259.6</ele><time>2024-06-08T21:30:13Z</time></trkpt>
<trkpt lat="36.563873" lon="-118.348197"><ele>3259.2</ele><time>2024-06-08T21:30:18Z</time></trkpt>
<trkpt lat="36.563944" lon="-118.348302"><ele>3259.8</ele><time>2024-06-08T21:32:08Z</time></trkpt>
<trkpt lat="36.563832" lon="-118.347919"><ele>3259.0</ele><time>2024-06-08T21:34:09Z</time></trkpt>
<trkpt lat="36.563798" lon="-118.348056"><ele>3258.8</ele><time>2024-06-08T21:34:16Z</time></trkpt>
<trkpt lat="36.563860" lon="-118.348077"><ele>3259.0</ele><time>2024-06-08T21:34:29Z</time></trkpt>
<trkpt lat="36.563926" lon="-118.348327"><ele>3259.6</ele><time>2024-06-08T21:36:05Z</time></trkpt>
<trkpt lat="36.563891" lon="-118.348168"><ele>3260.2</ele><time>2024-06-08T21:38:05Z</time></trkpt>
<trkpt lat="36.563949" lon="-118.348215"><ele>3260.0</ele><time>2024-06-08T21:38:18Z</time></trkpt>
<trkpt lat="36.563761" lon="-118.347972"><ele>3260.2</ele><time>2024-06-08T21:40:01Z</time></trkpt>
<trkpt lat="36.563825" lon="-118.348148"><ele>3260.2</ele><time>2024-06-08T21:40:08Z</time></trkpt>
<trkpt lat="36.563860" lon="-118.348109"><ele>3260.2</ele><time>2024-06-08T21:40:13Z</time></trkpt>
<trkpt lat="36.563921" lon="-118.348179"><ele>3260.0</ele><time>2024-06-08T21:41:39Z</time></trkpt>
<trkpt lat="36.563886" lon="-118.348190"><ele>3259.8</ele><time>2024-06-08T21:42:08Z</time></trkpt>
<trkpt lat="36.563750" lon="-118.348094"><ele>3259.0</ele><time>2024-06-08T21:44:14Z</time></trkpt>
<trkpt lat="36.563899" lon="-118.348113"><ele>3259.4</ele><time>2024-06-08T21:46:09Z</time></trkpt>
<trkpt lat="36.563846" lon="-118.348154"><ele>3259.0</ele><time>2024-06-08T21:48:11Z</time></trkpt>
<trkpt lat="36.563875" lon="-118.348083"><ele>3259.0</ele><time>2024-06-08T21:48:19Z</time></trkpt>
<trkpt lat="36.564254" lon="-118.348249"><ele>3259.2</ele><time>2024-06-08T21:50:04Z</time></trkpt>
<trkpt lat="36.564030" lon="-118.348074"><ele>3259.2</ele><time>2024-06-08T21:50:09Z</time></trkpt>
<trkpt lat="36.563931" lon="-118.348135"><ele>3258.8</ele><time>2024-06-08T21:52:20Z</time></trkpt>
<trkpt lat="36.563730" lon="-118.348073"><ele>3258.8</ele><time>2024-06-08T21:54:01Z</time></trkpt>
<trkpt lat="36.563352" lon="-118.347715"><ele>3258.8</ele><time>2024-06-08T21:54:03Z</time></trkpt>
<trkpt lat="36.563738" lon="-118.348201"><ele>3258.8</ele><time>2024-06-08T21:54:09Z</time></trkpt>
<trkpt lat="36.563634" lon="-118.348051"><ele>3258.6</ele><time>2024-06-08T21:54:10Z</time></trkpt>
<trkpt lat="36.563734" lon="-118.348146"><ele>3258.6</ele><time>2024-06-08T21:54:14Z</time></trkpt>
<trkpt lat="36.563941" lon="-118.347919"><ele>3258.4</ele><time>2024-06-08T21:56:04Z</time></trkpt>
<trkpt lat="36.563938" lon="-118.348091"><ele>3258.4</ele><time>2024-06-08T21:56:08Z</time></trkpt>
<trkpt lat="36.563882" lon="-118.348057"><ele>3258.2</ele><time>2024-06-08T21:56:17Z</time></trkpt>
<trkpt lat="36.564081" lon="-118.347969"><ele>3257.0</ele><time>2024-06-08T21:58:06Z</time></trkpt>
<trkpt lat="36.563860" lon="-118.348070"><ele>3257.2</ele><time>2024-06-08T21:59:53Z</time></trkpt>
<trkpt lat="36.563831" lon="-118.348194"><ele>3257.0</ele><time>2024-06-08T22:00:20Z</time></trkpt>
<trkpt lat="36.564008" lon="-118.348247"><ele>3257.2</ele><time>2024-06-08T22:02:08Z</time></trkpt>
<trkpt lat="36.563854" lon="-118.348088"><ele>3258.2</ele><time>2024-06-08T22:04:03Z</time></trkpt>
<trkpt lat="36.563967" lon="-118.348066"><ele>3257.4</ele><time>2024-06-08T22:05:57Z</time></trkpt>
<trkpt lat="36.563987" lon="-118.347983"><ele>3257.0</ele><time>2024-06-08T22:06:12Z</time></trkpt>
<trkpt lat="36.563830" lon="-118.348293"><ele>3257.8</ele><time>2024-06-08T22:08:03Z</time></trkpt>
<trkpt lat="36.563908" lon="-118.348062"><ele>3258.0</ele><time>2024-06-08T22:08:18Z</time></trkpt>
<trkpt lat="36.563742" lon="-118.348124"><ele>3258.8</ele><time>2024-06-08T22:10:17Z</time></trkpt>
<trkpt lat="36.563925" lon="-118.348094"><ele>3258.2</ele><time>2024-06-08T22:12:07Z</time></trkpt>
<trkpt lat="36.563931" lon="-118.347903"><ele>3258.2</ele><time>2024-06-08T22:12:12Z</time></trkpt>
<trkpt lat="36.564168" lon="-118.347590"><ele>3258.0</ele><time>2024-06-08T22:14:03Z</time></trkpt>
<trkpt lat="36.564106" lon="-118.347802"><ele>3258.0</ele><time>2024-06-08T22:14:08Z</time></trkpt>
<trkpt lat="36.563740" lon="-118.347998"><ele>3258.0</ele><time>2024-06-08T22:14:11Z</time></trkpt>
<trkpt lat="36.563684" lon="-118.347960"><ele>3258.0</ele><time>2024-06-08T22:14:12Z</time></trkpt>
<trkpt lat="36.563771" lon="-118.348134"><ele>3257.8</ele><time>2024-06-08T22:14:18Z</time></trkpt>
<trkpt lat="36.563803" lon="-118.348048"><ele>3257.8</ele><time>2024-06-08T22:14:24Z</time></trkpt>
<trkpt lat="36.563841" lon="-118.348299"><ele>3257.4</ele><time>2024-06-08T22:16:03Z</time></trkpt>
<trkpt lat="36.563943" lon="-118.348207"><ele>3257.4</ele><time>2024-06-08T22:16:12Z</time></trkpt>
<trkpt lat="36.563962" lon="-118.348099"><ele>3257.2</ele><time>2024-06-08T22:17:52Z</time></trkpt>
<trkpt lat="36.563889" lon="-118.348186"><ele>3257.2</ele><time>2024-06-08T22:18:06Z</time></trkpt>
<trkpt lat="36.563965" lon="-118.348006"><ele>3257.0</ele><time>2024-06-08T22:20:02Z</time></trkpt>
<trkpt lat="36.563797" lon="-118.348285"><ele>3256.0</ele><time>2024-06-08T22:24:05Z</time></trkpt>
<trkpt lat="36.563835" lon="-118.348079"><ele>3256.0</ele><time>2024-06-08T22:25:58Z</time></trkpt>
<trkpt lat="36.563877" lon="-118.348044"><ele>3255.8</ele><time>2024-06-08T22:26:04Z</time></trkpt>
<trkpt lat="36.563888" lon="-118.348225"><ele>3256.0</ele><time>2024-06-08T22:26:21Z</time></trkpt>
<trkpt lat="36.563912" lon="-118.348148"><ele>3257.6</ele><time>2024-06-08T22:28:08Z</time></trkpt>
<trkpt lat="36.563844" lon="-118.348034"><ele>3259.0</ele><time>2024-06-08T22:30:17Z</time></trkpt>
<trkpt lat="36.563881" lon="-118.348260"><ele>3260.0</ele><time>2024-06-08T22:32:28Z</time></trkpt>
<trkpt lat="36.563977" lon="-118.347919"><ele>3260.2</ele><time>2024-06-08T22:32:59Z</time></trkpt>
<trkpt lat="36.563909" lon="-118.348149"><ele>3260.0</ele><time>2024-06-08T22:33:00Z</time></trkpt>
<trkpt lat="36.563945" lon="-118.348303"><ele>3260.0</ele><time>2024-06-08T22:33:11Z</time></trkpt>
<trkpt lat="36.563910" lon="-118.348319"><ele>3259.8</ele><time>2024-06-08T22:33:19Z</time></trkpt>
<trkpt lat="36.563882" lon="-118.348201"><ele>3260.6</ele><time>2024-06-08T22:35:06Z</time></trkpt>
<trkpt lat="36.563850" lon="-118.348257"><ele>3260.4</ele><time>2024-06-08T22:35:18Z</time></trkpt>
<trkpt lat="36.563998" lon="-118.347907"><ele>3261.2</ele><time>2024-06-08T22:37:02Z</time></trkpt>
<trkpt lat="36.563968" lon="-118.348150"><ele>3261.0</ele><time>2024-06-08T22:37:11Z</time></trkpt>
<trkpt lat="36.563872" lon="-118.348168"><ele>3261.4</ele><time>2024-06-08T22:37:18Z</time></trkpt>
<trkpt lat="36.563926" lon="-118.348052"><ele>3261.6</ele><time>2024-06-08T22:39:05Z</time></trkpt>
<trkpt lat="36.563952" lon="-118.348121"><ele>3261.6</ele><time>2024-06-08T22:39:21Z</time></trkpt>
<trkpt lat="36.563600" lon="-118.348169"><ele>3262.2</ele><time>2024-06-08T22:41:15Z</time></trkpt>
<trkpt lat="36.563651" lon="-118.348142"><ele>3262.0</ele><time>2024-06-08T22:41:20Z</time></trkpt>
<trkpt lat="36.563780" lon="-118.348283"><ele>3263.0</ele><time>2024-06-08T22:43:01Z</time></trkpt>
<trkpt lat="36.563860" lon="-118.348173"><ele>3262.6</ele><time>2024-06-08T22:43:10Z</time></trkpt>
<trkpt lat="36.563924" lon="-118.348389"><ele>3262.4</ele><time>2024-06-08T22:43:18Z</time></trkpt>
<trkpt lat="36.563932" lon="-118.347949"><ele>3262.2</ele><time>2024-06-08T22:45:07Z</time></trkpt>
<trkpt lat="36.563869" lon="-118.348080"><ele>3262.2</ele><time>2024-06-08T22:45:17Z</time></trkpt>
<trkpt lat="36.563951" lon="-118.348076"><ele>3262.4</ele><time>2024-06-08T22:46:43Z</time></trkpt>
<trkpt lat="36.563921" lon="-118.348170"><ele>3262.2</ele><time>2024-06-08T22:47:19Z</time></trkpt>
<trkpt lat="36.564020" lon="-118.347946"><ele>3261.6</ele><time>2024-06-08T22:49:02Z</time></trkpt>
<trkpt lat="36.563877" lon="-118.348149"><ele>3261.8</ele><time>2024-06-08T22:49:12Z</time></trkpt>
<trkpt lat="36.563986" lon="-118.347893"><ele>3261.8</ele><time>2024-06-08T22:51:06Z</time></trkpt>
<trkpt lat="36.563830" lon="-118.348252"><ele>3262.4</ele><time>2024-06-08T22:53:03Z</time></trkpt>
<trkpt lat="36.563915" lon="-118.348142"><ele>3261.6</ele><time>2024-06-08T22:53:21Z</time></trkpt>
<trkpt lat="36.563898" lon="-118.348035"><ele>3262.4</ele><time>2024-06-08T22:55:01Z</time></trkpt>
<trkpt lat="36.563877" lon="-118.348142"><ele>3262.2</ele><time>2024-06-08T22:55:07Z</time></trkpt>
<trkpt lat="36.563918" lon="-118.348144"><ele>3262.2</ele><time>2024-06-08T22:55:10Z</time></trkpt>
<trkpt lat="36.563851" lon="-118.348042"><ele>3261.6</ele><time>2024-06-08T22:57:06Z</time></trkpt>
<trkpt lat="36.563855" lon="-118.348157"><ele>3261.6</ele><time>2024-06-08T22:57:14Z</time></trkpt>
<trkpt lat="36.563738" lon="-118.348190"><ele>3261.0</ele><time>2024-06-08T22:58:57Z</time></trkpt>
<trkpt lat="36.564010" lon="-118.348096"><ele>3260.2</ele><time>2024-06-08T23:00:53Z</time></trkpt>
<trkpt lat="36.563976" lon="-118.348178"><ele>3259.6</ele><time>2024-06-08T23:01:13Z</time></trkpt>
<trkpt lat="36.564069" lon="-118.347951"><ele>3258.8</ele><time>2024-06-08T23:03:09Z</time></trkpt>
<trkpt lat="36.563872" lon="-118.348054"><ele>3259.8</ele><time>2024-06-08T23:05:11Z</time></trkpt>
<trkpt lat="36.563886" lon="-118.348128"><ele>3259.6</ele><time>2024-06-08T23:05:18Z</time></trkpt>
<trkpt lat="36.563862" lon="-118.348165"><ele>3259.4</ele><time>2024-06-08T23:07:02Z</time></trkpt>
<trkpt lat="36.563892" lon="-118.348079"><ele>3259.4</ele><time>2024-06-08T23:07:09Z</time></trkpt>
<trkpt lat="36.563831" lon="-118.348163"><ele>3259.4</ele><time>2024-06-08T23:07:13Z</time></trkpt>
<trkpt lat="36.564017" lon="-118.348037"><ele>3259.6</ele><time>2024-06-08T23:09:03Z</time></trkpt>
<trkpt lat="36.563896" lon="-118.348242"><ele>3259.6</ele><time>2024-06-08T23:09:11Z</time></trkpt>
<trkpt lat="36.563902" lon="-118.348146"><ele>3259.8</ele><time>2024-06-08T23:09:15Z</time></trkpt>
<trkpt lat="36.563862" lon="-118.348236"><ele>3259.8</ele><time>2024-06-08T23:11:17Z</time></trkpt>
<trkpt lat="36.563882" lon="-118.348179"><ele>3259.8</ele><time>2024-06-08T23:11:21Z</time></trkpt>
<trkpt lat="36.563819" lon="-118.348196"><ele>3260.0</ele><time>2024-06-08T23:12:23Z</time></trkpt>
<trkpt lat="36.563842" lon="-118.348115"><ele>3260.2</ele><time>2024-06-08T23:13:07Z</time></trkpt>
<trkpt lat="36.563888" lon="-118.348160"><ele>3260.2</ele><time>2024-06-08T23:13:21Z</time></trkpt>
<trkpt lat="36.563416" lon="-118.348265"><ele>3261.2</ele><time>2024-06-08T23:15:17Z</time></trkpt>
<trkpt lat="36.563803" lon="-118.348180"><ele>3261.0</ele><time>2024-06-08T23:15:23Z</time></trkpt>
<trkpt lat="36.563902" lon="-118.348294"><ele>3261.0</ele><time>2024-06-08T23:17:07Z</time></trkpt>
<trkpt lat="36.563851" lon="-118.348192"><ele>3261.0</ele><time>2024-06-08T23:17:13Z</time></trkpt>
<trkpt lat="36.563900" lon="-118.348090"><ele>3261.4</ele><time>2024-06-08T23:17:20Z</time></trkpt>
<trkpt lat="36.564126" lon="-118.347963"><ele>3261.6</ele><time>2024-06-08T23:19:04Z</time></trkpt>
<trkpt lat="36.563892" lon="-118.348137"><ele>3261.6</ele><time>2024-06-08T23:19:13Z</time></trkpt>
<trkpt lat="36.563927" lon="-118.347954"><ele>3260.6</ele><time>2024-06-08T23:21:06Z</time></trkpt>
<trkpt lat="36.563920" lon="-118.348052"><ele>3260.6</ele><time>2024-06-08T23:21:09Z</time></trkpt>
<trkpt lat="36.563983" lon="-118.348048"><ele>3260.4</ele><time>2024-06-08T23:21:19Z</time></trkpt>
<trkpt lat="36.563663" lon="-118.348242"><ele>3260.0</ele><time>2024-06-08T23:23:07Z</time></trkpt>
<trkpt lat="36.563873" lon="-118.348253"><ele>3259.8</ele><time>2024-06-08T23:23:11Z</time></trkpt>
<trkpt lat="36.563793" lon="-118.348298"><ele>3259.8</ele><time>2024-06-08T23:23:17Z</time></trkpt>
<trkpt lat="36.564109" lon="-118.347639"><ele>3259.0</ele><time>2024-06-08T23:25:03Z</time></trkpt>
<trkpt lat="36.564048" lon="-118.347945"><ele>3259.0</ele><time>2024-06-08T23:25:13Z</time></trkpt>
<trkpt lat="36.563882" lon="-118.348173"><ele>3259.0</ele><time>2024-06-08T23:25:24Z</time></trkpt>
<trkpt lat="36.563905" lon="-118.348255"><ele>3259.2</ele><time>2024-06-08T23:25:30Z</time></trkpt>
<trkpt lat="36.563896" lon="-118.347917"><ele>3259.6</ele><time>2024-06-08T23:26:02Z</time></trkpt>
<trkpt lat="36.563825" lon="-118.348322"><ele>3259.2</ele><time>2024-06-08T23:26:08Z</time></trkpt>
<trkpt lat="36.563902" lon="-118.348175"><ele>3259.6</ele><time>2024-06-08T23:26:18Z</time></trkpt>
<trkpt lat="36.563859" lon="-118.348160"><ele>3259.2</ele><time>2024-06-08T23:26:39Z</time></trkpt>
<trkpt lat="36.563992" lon="-118.347975"><ele>3258.8</ele><time>2024-06-08T23:28:22Z</time></trkpt>
<trkpt lat="36.563874" lon="-118.348250"><ele>3260.0</ele><time>2024-06-08T23:32:06Z</time></trkpt>
<trkpt lat="36.563939" lon="-118.348135"><ele>3259.8</ele><time>2024-06-08T23:32:11Z</time></trkpt>
<trkpt lat="36.563868" lon="-118.348145"><ele>3260.2</ele><time>2024-06-08T23:34:18Z</time></trkpt>
<trkpt lat="36.563885" lon="-118.348420"><ele>3260.0</ele><time>2024-06-08T23:36:06Z</time></trkpt>
<trkpt lat="36.563827" lon="-118.348480"><ele>3259.8</ele><time>2024-06-08T23:36:09Z</time></trkpt>
<trkpt lat="36.563795" lon="-118.348334"><ele>3259.6</ele><time>2024-06-08T23:36:17Z</time></trkpt>
<trkpt lat="36.563983" lon="-118.348281"><ele>3259.6</ele><time>2024-06-08T23:38:16Z</time></trkpt>
<trkpt lat="36.563927" lon="-118.348133"><ele>3259.4</ele><time>2024-06-08T23:38:23Z</time></trkpt>
<trkpt lat="36.563749" lon="-118.347986"><ele>3259.6</ele><time>2024-06-08T23:40:06Z</time></trkpt>
<trkpt lat="36.563840" lon="-118.348108"><ele>3259.8</ele><time>2024-06-08T23:40:16Z</time></trkpt>
<trkpt lat="36.563886" lon="-118.348040"><ele>3259.6</ele><time>2024-06-08T23:42:04Z</time></trkpt>
<trkpt lat="36.563876" lon="-118.348086"><ele>3259.6</ele><time>2024-06-08T23:42:14Z</time></trkpt>
<trkpt lat="36.564128" lon="-118.348058"><ele>3259.6</ele><time>2024-06-08T23:44:04Z</time></trkpt>
<trkpt lat="36.563901" lon="-118.348147"><ele>3260.2</ele><time>2024-06-08T23:44:21Z</time></trkpt>
<trkpt lat="36.564015" lon="-118.348281"><ele>3260.2</ele><time>2024-06-08T23:45:55Z</time></trkpt>
<trkpt lat="36.563835" lon="-118.348316"><ele>3260.0</ele><time>2024-06-08T23:46:07Z</time></trkpt>
<trkpt lat="36.564112" lon="-118.348122"><ele>3260.0</ele><time>2024-06-08T23:46:11Z</time></trkpt>
<trkpt lat="36.564326" lon="-118.347849"><ele>3260.0</ele><time>2024-06-08T23:46:14Z</time></trkpt>
<trkpt lat="36.563877" lon="-118.348073"><ele>3260.0</ele><time>2024-06-08T23:46:19Z</time></trkpt>
<trkpt lat="36.563991" lon="-118.348064"><ele>3260.0</ele><time>2024-06-08T23:48:08Z</time></trkpt>
<trkpt lat="36.563881" lon="-118.348201"><ele>3259.8</ele><time>2024-06-08T23:48:20Z</time></trkpt>
<trkpt lat="36.563888" lon="-118.348101"><ele>3260.6</ele><time>2024-06-08T23:50:18Z</time></trkpt>
<trkpt lat="36.564066" lon="-118.348162"><ele>3261.0</ele><time>2024-06-08T23:52:16Z</time></trkpt>
<trkpt lat="36.564005" lon="-118.348173"><ele>3260.8</ele><time>2024-06-08T23:52:23Z</time></trkpt>
<trkpt lat="36.563994" lon="-118.348089"><ele>3260.6</ele><time>2024-06-08T23:54:05Z</time></trkpt>
<trkpt lat="36.563906" lon="-118.348108"><ele>3260.8</ele><time>2024-06-08T23:54:42Z</time></trkpt>
</trkseg></trk>
</gpx>
