<?xml version="1.0" encoding="UTF-8"?>
<gpx version="1.1" creator="Eric Sichak trip reports" xmlns="http://www.topografix.com/GPX/1/1">
<metadata><name>Morning Hike</name><time>2024-06-20T15:01:07Z</time></metadata>
<trk><name>Morning Hike</name><type>hike</type><trkseg>
<trkpt lat="37.613199" lon="-119.021540"><ele>2745.0</ele><time>2024-06-20T15:01:07Z</time></trkpt>
<trkpt lat="37.613187" lon="-119.021429"><ele>2743.2</ele><time>2024-06-20T15:01:52Z</time></trkpt>
<trkpt lat="37.613222" lon="-119.021427"><ele>2745.8</ele><time>2024-06-20T15:03:58Z</time></trkpt>
<trkpt lat="37.613003" lon="-119.021249"><ele>2745.2</ele><time>2024-06-20T15:05:57Z</time></trkpt>
<trkpt lat="37.612996" lon="-119.021748"><ele>2745.4</ele><time>2024-06-20T15:07:32Z</time></trkpt>
<trkpt lat="37.613046" lon="-119.021762"><ele>2747.0</ele><time>2024-06-20T15:07:43Z</time></trkpt>
<trkpt lat="37.612906" lon="-119.021934"><ele>2749.4</ele><time>2024-06-20T15:07:59Z</time></trkpt>
<trkpt lat="37.612837" lon="-119.023354"><ele>2764.6</ele><time>2024-06-20T15:09:43Z</time></trkpt>
<trkpt lat="37.612823" lon="-119.023057"><ele>2765.2</ele><time>2024-06-20T15:09:46Z</time></trkpt>
<trkpt lat="37.612714" lon="-119.023224"><ele>2768.4</ele><time>2024-06-20T15:10:04Z</time></trkpt>
<trkpt lat="37.612633" lon="-119.023555"><ele>2770.8</ele><time>2024-06-20T15:10:26Z</time></trkpt>
<trkpt lat="37.612569" lon="-119.024484"><ele>2781.0</ele><time>2024-06-20T15:11:44Z</time></trkpt>
<trkpt lat="37.612509" lon="-119.024415"><ele>2781.2</ele><time>2024-06-20T15:11:45Z</time></trkpt>
<trkpt lat="37.612452" lon="-119.024596"><ele>2784.4</ele><time>2024-06-20T15:12:01Z</time></trkpt>
<trkpt lat="37.612392" lon="-119.025250"><ele>2787.4</ele><time>2024-06-20T15:12:32Z</time></trkpt>
<trkpt lat="37.612162" lon="-119.026086"><ele>2796.0</ele><time>2024-06-20T15:13:44Z</time></trkpt>
<trkpt lat="37.612108" lon="-119.026012"><ele>2797.0</ele><time>2024-06-20T15:13:48Z</time></trkpt>
<trkpt lat="37.612068" lon="-119.026214"><ele>2799.0</ele><time>2024-06-20T15:14:01Z</time></trkpt>
<trkpt lat="37.611317" lon="-119.026750"><ele>2803.4</ele><time>2024-06-20T15:15:32Z</time></trkpt>
<trkpt lat="37.611004" lon="-119.026770"><ele>2803.6</ele><time>2024-06-20T15:15:50Z</time></trkpt>
<trkpt lat="37.611020" lon="-119.026956"><ele>2802.4</ele><time>2024-06-20T15:15:56Z</time></trkpt>
<trkpt lat="37.609900" lon="-119.027301"><ele>2810.8</ele><time>2024-06-20T15:17:48Z</time></trkpt>
<trkpt lat="37.610069" lon="-119.027438"><ele>2811.0</ele><time>2024-06-20T15:17:53Z</time></trkpt>
<trkpt lat="37.609599" lon="-119.028304"><ele>2826.8</ele><time>2024-06-20T15:19:44Z</time></trkpt>
<trkpt lat="37.609488" lon="-119.028279"><ele>2827.6</ele><time>2024-06-20T15:19:47Z</time></trkpt>
<trkpt lat="37.609548" lon="-119.028303"><ele>2827.8</ele><time>2024-06-20T15:19:50Z</time></trkpt>
<trkpt lat="37.609576" lon="-119.028578"><ele>2830.2</ele><time>2024-06-20T15:20:06Z</time></trkpt>
<trkpt lat="37.609271" lon="-119.028929"><ele>2832.6</ele><time>2024-06-20T15:20:41Z</time></trkpt>
<trkpt lat="37.609383" lon="-119.028996"><ele>2832.8</ele><time>2024-06-20T15:20:45Z</time></trkpt>
<trkpt lat="37.609384" lon="-119.028857"><ele>2834.0</ele><time>2024-06-20T15:21:54Z</time></trkpt>
<trkpt lat="37.609460" lon="-119.029469"><ele>2834.2</ele><time>2024-06-20T15:22:37Z</time></trkpt>
<trkpt lat="37.609252" lon="-119.029662"><ele>2835.8</ele><time>2024-06-20T15:22:58Z</time></trkpt>
<trkpt lat="37.608932" lon="-119.030214"><ele>2836.8</ele><time>2024-06-20T15:23:36Z</time></trkpt>
<trkpt lat="37.608811" lon="-119.030545"><ele>2837.8</ele><time>2024-06-20T15:23:58Z</time></trkpt>
<trkpt lat="37.608450" lon="-119.030861"><ele>2838.2</ele><time>2024-06-20T15:24:46Z</time></trkpt>
<trkpt lat="37.608478" lon="-119.030792"><ele>2838.4</ele><time>2024-06-20T15:24:47Z</time></trkpt>
<trkpt lat="37.608460" lon="-119.031083"><ele>2838.6</ele><time>2024-06-20T15:24:50Z</time></trkpt>
<trkpt lat="37.608549" lon="-119.031269"><ele>2838.8</ele><time>2024-06-20T15:24:54Z</time></trkpt>
<trkpt lat="37.608441" lon="-119.031663"><ele>2839.0</ele><time>2024-06-20T15:25:15Z</time></trkpt>
<trkpt lat="37.608575" lon="-119.032078"><ele>2840.8</ele><time>2024-06-20T15:25:41Z</time></trkpt>
<trkpt lat="37.608550" lon="-119.032000"><ele>2840.8</ele><time>2024-06-20T15:25:42Z</time></trkpt>
<trkpt lat="37.608430" lon="-119.032146"><ele>2840.4</ele><time>2024-06-20T15:25:48Z</time></trkpt>
<trkpt lat="37.608474" lon="-119.032428"><ele>2841.2</ele><time>2024-06-20T15:26:03Z</time></trkpt>
<trkpt lat="37.608449" lon="-119.032750"><ele>2844.8</ele><time>2024-06-20T15:26:36Z</time></trkpt>
<trkpt lat="37.608327" lon="-119.033316"><ele>2851.0</ele><time>2024-06-20T15:27:40Z</time></trkpt>
<trkpt lat="37.608328" lon="-119.033488"><ele>2851.2</ele><time>2024-06-20T15:27:44Z</time></trkpt>
<trkpt lat="37.608424" lon="-119.033478"><ele>2851.2</ele><time>2024-06-20T15:27:45Z</time></trkpt>
<trkpt lat="37.608339" lon="-119.033664"><ele>2851.6</ele><time>2024-06-20T15:27:54Z</time></trkpt>
<trkpt lat="37.608741" lon="-119.034162"><ele>2852.2</ele><time>2024-06-20T15:28:10Z</time></trkpt>
<trkpt lat="37.608691" lon="-119.034700"><ele>2850.8</ele><time>2024-06-20T15:28:41Z</time></trkpt>
<trkpt lat="37.608797" lon="-119.034760"><ele>2849.8</ele><time>2024-06-20T15:28:48Z</time></trkpt>
<trkpt lat="37.608850" lon="-119.035722"><ele>2845.6</ele><time>2024-06-20T15:29:41Z</time></trkpt>
<trkpt lat="37.608945" lon="-119.035957"><ele>2846.0</ele><time>2024-06-20T15:30:03Z</time></trkpt>
<trkpt lat="37.608694" lon="-119.037224"><ele>2846.4</ele><time>2024-06-20T15:31:48Z</time></trkpt>
<trkpt lat="37.608880" lon="-119.037691"><ele>2845.6</ele><time>2024-06-20T15:32:00Z</time></trkpt>
<trkpt lat="37.608908" lon="-119.037973"><ele>2844.0</ele><time>2024-06-20T15:32:14Z</time></trkpt>
<trkpt lat="37.608680" lon="-119.038474"><ele>2842.8</ele><time>2024-06-20T15:32:30Z</time></trkpt>
<trkpt lat="37.608374" lon="-119.038785"><ele>2843.2</ele><time>2024-06-20T15:32:41Z</time></trkpt>
<trkpt lat="37.608676" lon="-119.038514"><ele>2843.2</ele><time>2024-06-20T15:32:44Z</time></trkpt>
<trkpt lat="37.608624" lon="-119.038870"><ele>2837.6</ele><time>2024-06-20T15:33:20Z</time></trkpt>
<trkpt lat="37.608354" lon="-119.039201"><ele>2832.2</ele><time>2024-06-20T15:33:54Z</time></trkpt>
<trkpt lat="37.608254" lon="-119.039553"><ele>2829.8</ele><time>2024-06-20T15:34:16Z</time></trkpt>
<trkpt lat="37.608240" lon="-119.039839"><ele>2825.6</ele><time>2024-06-20T15:34:36Z</time></trkpt>
<trkpt lat="37.608237" lon="-119.039953"><ele>2823.4</ele><time>2024-06-20T15:34:46Z</time></trkpt>
<trkpt lat="37.608561" lon="-119.040538"><ele>2822.6</ele><time>2024-06-20T15:35:00Z</time></trkpt>
<trkpt lat="37.608475" lon="-119.040675"><ele>2822.2</ele><time>2024-06-20T15:35:07Z</time></trkpt>
<trkpt lat="37.608414" lon="-119.041215"><ele>2824.4</ele><time>2024-06-20T15:35:51Z</time></trkpt>
<trkpt lat="37.608664" lon="-119.041837"><ele>2817.2</ele><time>2024-06-20T15:36:37Z</time></trkpt>
<trkpt lat="37.608612" lon="-119.042130"><ele>2816.0</ele><time>2024-06-20T15:36:46Z</time></trkpt>
<trkpt lat="37.608689" lon="-119.042327"><ele>2815.6</ele><time>2024-06-20T15:36:52Z</time></trkpt>
<trkpt lat="37.608522" lon="-119.042720"><ele>2815.0</ele><time>2024-06-20T15:37:20Z</time></trkpt>
<trkpt lat="37.608381" lon="-119.043408"><ele>2814.0</ele><time>2024-06-20T15:37:54Z</time></trkpt>
<trkpt lat="37.608195" lon="-119.043745"><ele>2814.4</ele><time>2024-06-20T15:38:40Z</time></trkpt>
<trkpt lat="37.608120" lon="-119.043785"><ele>2813.6</ele><time>2024-06-20T15:38:45Z</time></trkpt>
<trkpt lat="37.607947" lon="-119.044819"><ele>2802.6</ele><time>2024-06-20T15:39:46Z</time></trkpt>
<trkpt lat="37.607548" lon="-119.045471"><ele>2797.6</ele><time>2024-06-20T15:40:47Z</time></trkpt>
<trkpt lat="37.607528" lon="-119.045628"><ele>2796.2</ele><time>2024-06-20T15:40:56Z</time></trkpt>
<trkpt lat="37.607442" lon="-119.045694"><ele>2794.0</ele><time>2024-06-20T15:41:04Z</time></trkpt>
<trkpt lat="37.607068" lon="-119.046567"><ele>2786.6</ele><time>2024-06-20T15:42:10Z</time></trkpt>
<trkpt lat="37.606640" lon="-119.046822"><ele>2782.4</ele><time>2024-06-20T15:42:46Z</time></trkpt>
<trkpt lat="37.606618" lon="-119.046922"><ele>2782.2</ele><time>2024-06-20T15:42:49Z</time></trkpt>
<trkpt lat="37.606501" lon="-119.046791"><ele>2781.4</ele><time>2024-06-20T15:42:55Z</time></trkpt>
<trkpt lat="37.606428" lon="-119.046859"><ele>2780.0</ele><time>2024-06-20T15:43:02Z</time></trkpt>
<trkpt lat="37.606319" lon="-119.047353"><ele>2775.6</ele><time>2024-06-20T15:43:32Z</time></trkpt>
<trkpt lat="37.606131" lon="-119.047514"><ele>2770.2</ele><time>2024-06-20T15:43:52Z</time></trkpt>
<trkpt lat="37.606062" lon="-119.047822"><ele>2762.2</ele><time>2024-06-20T15:44:22Z</time></trkpt>
<trkpt lat="37.605855" lon="-119.048202"><ele>2757.8</ele><time>2024-06-20T15:44:49Z</time></trkpt>
<trkpt lat="37.605526" lon="-119.047838"><ele>2756.6</ele><time>2024-06-20T15:44:54Z</time></trkpt>
<trkpt lat="37.605498" lon="-119.047944"><ele>2755.8</ele><time>2024-06-20T15:45:02Z</time></trkpt>
<trkpt lat="37.604570" lon="-119.048412"><ele>2749.4</ele><time>2024-06-20T15:46:22Z</time></trkpt>
<trkpt lat="37.604231" lon="-119.048720"><ele>2747.0</ele><time>2024-06-20T15:46:49Z</time></trkpt>
<trkpt lat="37.604386" lon="-119.048718"><ele>2747.0</ele><time>2024-06-20T15:46:50Z</time></trkpt>
<trkpt lat="37.604278" lon="-119.048550"><ele>2746.8</ele><time>2024-06-20T15:46:54Z</time></trkpt>
<trkpt lat="37.604218" lon="-119.048589"><ele>2746.6</ele><time>2024-06-20T15:47:01Z</time></trkpt>
<trkpt lat="37.603823" lon="-119.048989"><ele>2747.0</ele><time>2024-06-20T15:47:43Z</time></trkpt>
<trkpt lat="37.603134" lon="-119.049510"><ele>2742.4</ele><time>2024-06-20T15:48:46Z</time></trkpt>
<trkpt lat="37.603178" lon="-119.049490"><ele>2742.6</ele><time>2024-06-20T15:48:48Z</time></trkpt>
<trkpt lat="37.602798" lon="-119.048888"><ele>2742.8</ele><time>2024-06-20T15:48:53Z</time></trkpt>
<trkpt lat="37.602382" lon="-119.049317"><ele>2734.6</ele><time>2024-06-20T15:50:21Z</time></trkpt>
<trkpt lat="37.602186" lon="-119.049552"><ele>2737.0</ele><time>2024-06-20T15:50:46Z</time></trkpt>
<trkpt lat="37.602013" lon="-119.049485"><ele>2737.8</ele><time>2024-06-20T15:50:50Z</time></trkpt>
<trkpt lat="37.601892" lon="-119.049057"><ele>2739.0</ele><time>2024-06-20T15:50:53Z</time></trkpt>
<trkpt lat="37.601686" lon="-119.049052"><ele>2740.6</ele><time>2024-06-20T15:51:02Z</time></trkpt>
<trkpt lat="37.601456" lon="-119.048798"><ele>2740.8</ele><time>2024-06-20T15:53:00Z</time></trkpt>
<trkpt lat="37.601537" lon="-119.048976"><ele>2744.0</ele><time>2024-06-20T15:56:45Z</time></trkpt>
<trkpt lat="37.601508" lon="-119.049137"><ele>2744.2</ele><time>2024-06-20T15:56:52Z</time></trkpt>
<trkpt lat="37.601659" lon="-119.048715"><ele>2744.0</ele><time>2024-06-20T15:56:53Z</time></trkpt>
<trkpt lat="37.601556" lon="-119.048976"><ele>2743.8</ele><time>2024-06-20T15:56:54Z</time></trkpt>
<trkpt lat="37.601570" lon="-119.049083"><ele>2744.4</ele><time>2024-06-20T15:57:03Z</time></trkpt>
<trkpt lat="37.601533" lon="-119.049016"><ele>2745.4</ele><time>2024-06-20T15:57:12Z</time></trkpt>
<trkpt lat="37.601578" lon="-119.049106"><ele>2745.6</ele><time>2024-06-20T15:57:41Z</time></trkpt>
<trkpt lat="37.601554" lon="-119.048929"><ele>2745.6</ele><time>2024-06-20T15:57:47Z</time></trkpt>
<trkpt lat="37.601616" lon="-119.048928"><ele>2745.6</ele><time>2024-06-20T15:57:52Z</time></trkpt>
<trkpt lat="37.601577" lon="-119.048913"><ele>2745.8</ele><time>2024-06-20T15:57:58Z</time></trkpt>
<trkpt lat="37.601563" lon="-119.049041"><ele>2745.8</ele><time>2024-06-20T15:59:48Z</time></trkpt>
<trkpt lat="37.601504" lon="-119.048947"><ele>2745.4</ele><time>2024-06-20T15:59:55Z</time></trkpt>
<trkpt lat="37.601513" lon="-119.049035"><ele>2747.2</ele><time>2024-06-20T16:00:55Z</time></trkpt>
<trkpt lat="37.601425" lon="-119.049136"><ele>2747.0</ele><time>2024-06-20T16:01:52Z</time></trkpt>
<trkpt lat="37.601796" lon="-119.049236"><ele>2747.6</ele><time>2024-06-20T16:03:49Z</time></trkpt>
<trkpt lat="37.601570" lon="-119.049093"><ele>2747.8</ele><time>2024-06-20T16:04:02Z</time></trkpt>
<trkpt lat="37.601632" lon="-119.048942"><ele>2747.6</ele><time>2024-06-20T16:05:45Z</time></trkpt>
<trkpt lat="37.601513" lon="-119.048979"><ele>2748.4</ele><time>2024-06-20T16:06:02Z</time></trkpt>
<trkpt lat="37.601562" lon="-119.048959"><ele>2748.4</ele><time>2024-06-20T16:06:03Z</time></trkpt>
<trkpt lat="37.601352" lon="-119.049330"><ele>2748.4</ele><time>2024-06-20T16:07:57Z</time></trkpt>
<trkpt lat="37.601583" lon="-119.049124"><ele>2748.8</ele><time>2024-06-20T16:08:04Z</time></trkpt>
<trkpt lat="37.601290" lon="-119.049140"><ele>2748.0</ele><time>2024-06-20T16:08:31Z</time></trkpt>
<trkpt lat="37.600803" lon="-119.048978"><ele>2754.0</ele><time>2024-06-20T16:09:48Z</time></trkpt>
<trkpt lat="37.600724" lon="-119.049088"><ele>2755.8</ele><time>2024-06-20T16:09:59Z</time></trkpt>
<trkpt lat="37.600418" lon="-119.049204"><ele>2759.2</ele><time>2024-06-20T16:10:23Z</time></trkpt>
<trkpt lat="37.599865" lon="-119.049266"><ele>2774.2</ele><time>2024-06-20T16:11:47Z</time></trkpt>
<trkpt lat="37.599657" lon="-119.049377"><ele>2775.2</ele><time>2024-06-20T16:12:00Z</time></trkpt>
<trkpt lat="37.598902" lon="-119.048542"><ele>2785.8</ele><time>2024-06-20T16:13:44Z</time></trkpt>
<trkpt lat="37.598730" lon="-119.048656"><ele>2785.8</ele><time>2024-06-20T16:13:45Z</time></trkpt>
<trkpt lat="37.598662" lon="-119.048482"><ele>2784.8</ele><time>2024-06-20T16:13:58Z</time></trkpt>
<trkpt lat="37.597917" lon="-119.047622"><ele>2780.0</ele><time>2024-06-20T16:15:33Z</time></trkpt>
<trkpt lat="37.597725" lon="-119.047296"><ele>2779.2</ele><time>2024-06-20T16:15:44Z</time></trkpt>
<trkpt lat="37.597515" lon="-119.047169"><ele>2778.4</ele><time>2024-06-20T16:15:53Z</time></trkpt>
<trkpt lat="37.596912" lon="-119.046413"><ele>2773.6</ele><time>2024-06-20T16:17:01Z</time></trkpt>
<trkpt lat="37.596539" lon="-119.046141"><ele>2774.6</ele><time>2024-06-20T16:17:47Z</time></trkpt>
<trkpt lat="37.596571" lon="-119.046095"><ele>2774.6</ele><time>2024-06-20T16:17:48Z</time></trkpt>
<trkpt lat="37.596092" lon="-119.045780"><ele>2774.0</ele><time>2024-06-20T16:18:21Z</time></trkpt>
<trkpt lat="37.595906" lon="-119.045510"><ele>2777.4</ele><time>2024-06-20T16:18:55Z</time></trkpt>
<trkpt lat="37.595275" lon="-119.045239"><ele>2778.6</ele><time>2024-06-20T16:19:46Z</time></trkpt>
<trkpt lat="37.595211" lon="-119.045154"><ele>2779.2</ele><time>2024-06-20T16:19:55Z</time></trkpt>
<trkpt lat="37.595138" lon="-119.045192"><ele>2778.8</ele><time>2024-06-20T16:20:02Z</time></trkpt>
<trkpt lat="37.594858" lon="-119.044986"><ele>2782.4</ele><time>2024-06-20T16:20:31Z</time></trkpt>
<trkpt lat="37.594628" lon="-119.044962"><ele>2783.4</ele><time>2024-06-20T16:21:03Z</time></trkpt>
<trkpt lat="37.594252" lon="-119.044782"><ele>2787.6</ele><time>2024-06-20T16:21:43Z</time></trkpt>
<trkpt lat="37.594044" lon="-119.044608"><ele>2787.6</ele><time>2024-06-20T16:21:45Z</time></trkpt>
<trkpt lat="37.594103" lon="-119.044805"><ele>2787.6</ele><time>2024-06-20T16:21:46Z</time></trkpt>
<trkpt lat="37.593962" lon="-119.044832"><ele>2787.4</ele><time>2024-06-20T16:21:57Z</time></trkpt>
<trkpt lat="37.593654" lon="-119.044626"><ele>2782.2</ele><time>2024-06-20T16:22:23Z</time></trkpt>
<trkpt lat="37.593159" lon="-119.044669"><ele>2770.8</ele><time>2024-06-20T16:23:21Z</time></trkpt>
<trkpt lat="37.592986" lon="-119.044955"><ele>2765.4</ele><time>2024-06-20T16:23:45Z</time></trkpt>
<trkpt lat="37.592985" lon="-119.045050"><ele>2763.0</ele><time>2024-06-20T16:23:51Z</time></trkpt>
<trkpt lat="37.592998" lon="-119.044917"><ele>2762.0</ele><time>2024-06-20T16:23:55Z</time></trkpt>
<trkpt lat="37.592950" lon="-119.044944"><ele>2759.6</ele><time>2024-06-20T16:24:01Z</time></trkpt>
<trkpt lat="37.592800" lon="-119.044736"><ele>2757.6</ele><time>2024-06-20T16:24:16Z</time></trkpt>
<trkpt lat="37.592203" lon="-119.044690"><ele>2750.4</ele><time>2024-06-20T16:25:00Z</time></trkpt>
<trkpt lat="37.591806" lon="-119.044853"><ele>2748.2</ele><time>2024-06-20T16:25:42Z</time></trkpt>
<trkpt lat="37.591654" lon="-119.044831"><ele>2747.8</ele><time>2024-06-20T16:25:52Z</time></trkpt>
<trkpt lat="37.591611" lon="-119.044926"><ele>2747.8</ele><time>2024-06-20T16:25:53Z</time></trkpt>
<trkpt lat="37.591321" lon="-119.045064"><ele>2750.4</ele><time>2024-06-20T16:26:22Z</time></trkpt>
<trkpt lat="37.590896" lon="-119.044966"><ele>2753.8</ele><time>2024-06-20T16:27:12Z</time></trkpt>
<trkpt lat="37.590517" lon="-119.045033"><ele>2753.6</ele><time>2024-06-20T16:27:48Z</time></trkpt>
<trkpt lat="37.590036" lon="-119.045411"><ele>2758.0</ele><time>2024-06-20T16:28:53Z</time></trkpt>
<trkpt lat="37.589569" lon="-119.046120"><ele>2764.8</ele><time>2024-06-20T16:29:53Z</time></trkpt>
<trkpt lat="37.589491" lon="-119.046118"><ele>2766.0</ele><time>2024-06-20T16:30:02Z</time></trkpt>
<trkpt lat="37.589421" lon="-119.046311"><ele>2766.8</ele><time>2024-06-20T16:30:17Z</time></trkpt>
<trkpt lat="37.589460" lon="-119.046604"><ele>2773.4</ele><time>2024-06-20T16:30:39Z</time></trkpt>
<trkpt lat="37.589219" lon="-119.047029"><ele>2777.4</ele><time>2024-06-20T16:31:44Z</time></trkpt>
<trkpt lat="37.588998" lon="-119.047023"><ele>2779.0</ele><time>2024-06-20T16:32:03Z</time></trkpt>
<trkpt lat="37.588647" lon="-119.047233"><ele>2777.8</ele><time>2024-06-20T16:32:46Z</time></trkpt>
<trkpt lat="37.587970" lon="-119.048299"><ele>2767.4</ele><time>2024-06-20T16:33:59Z</time></trkpt>
<trkpt lat="37.587858" lon="-119.048572"><ele>2764.6</ele><time>2024-06-20T16:34:22Z</time></trkpt>
<trkpt lat="37.587841" lon="-119.049022"><ele>2760.2</ele><time>2024-06-20T16:34:52Z</time></trkpt>
<trkpt lat="37.587679" lon="-119.049235"><ele>2757.0</ele><time>2024-06-20T16:35:10Z</time></trkpt>
<trkpt lat="37.587880" lon="-119.049596"><ele>2752.6</ele><time>2024-06-20T16:35:36Z</time></trkpt>
<trkpt lat="37.587540" lon="-119.049614"><ele>2746.8</ele><time>2024-06-20T16:36:01Z</time></trkpt>
<trkpt lat="37.587340" lon="-119.049551"><ele>2745.8</ele><time>2024-06-20T16:36:18Z</time></trkpt>
<trkpt lat="37.587296" lon="-119.049764"><ele>2742.6</ele><time>2024-06-20T16:36:32Z</time></trkpt>
<trkpt lat="37.587389" lon="-119.050121"><ele>2740.0</ele><time>2024-06-20T16:37:56Z</time></trkpt>
<trkpt lat="37.587440" lon="-119.049980"><ele>2742.2</ele><time>2024-06-20T16:39:58Z</time></trkpt>
<trkpt lat="37.586993" lon="-119.050180"><ele>2740.2</ele><time>2024-06-20T16:41:50Z</time></trkpt>
<trkpt lat="37.587007" lon="-119.050351"><ele>2739.0</ele><time>2024-06-20T16:42:04Z</time></trkpt>
<trkpt lat="37.586881" lon="-119.050562"><ele>2737.6</ele><time>2024-06-20T16:42:18Z</time></trkpt>
<trkpt lat="37.586933" lon="-119.051450"><ele>2733.6</ele><time>2024-06-20T16:43:24Z</time></trkpt>
<trkpt lat="37.586891" lon="-119.051546"><ele>2732.6</ele><time>2024-06-20T16:43:30Z</time></trkpt>
<trkpt lat="37.586444" lon="-119.051663"><ele>2729.2</ele><time>2024-06-20T16:44:00Z</time></trkpt>
<trkpt lat="37.586301" lon="-119.051566"><ele>2727.2</ele><time>2024-06-20T16:44:14Z</time></trkpt>
<trkpt lat="37.586530" lon="-119.052193"><ele>2724.2</ele><time>2024-06-20T16:44:58Z</time></trkpt>
<trkpt lat="37.586967" lon="-119.052764"><ele>2719.4</ele><time>2024-06-20T16:45:54Z</time></trkpt>
<trkpt lat="37.587169" lon="-119.053576"><ele>2715.4</ele><time>2024-06-20T16:46:50Z</time></trkpt>
<trkpt lat="37.587213" lon="-119.053990"><ele>2710.8</ele><time>2024-06-20T16:47:14Z</time></trkpt>
<trkpt lat="37.587373" lon="-119.054471"><ele>2707.6</ele><time>2024-06-20T16:47:38Z</time></trkpt>
<trkpt lat="37.587529" lon="-119.054693"><ele>2705.2</ele><time>2024-06-20T16:47:51Z</time></trkpt>
<trkpt lat="37.587518" lon="-119.054807"><ele>2704.6</ele><time>2024-06-20T16:47:54Z</time></trkpt>
<trkpt lat="37.587556" lon="-119.054719"><ele>2704.2</ele><time>2024-06-20T16:47:55Z</time></trkpt>
<trkpt lat="37.587578" lon="-119.054951"><ele>2700.8</ele><time>2024-06-20T16:48:06Z</time></trkpt>
<trkpt lat="37.588419" lon="-119.055544"><ele>2699.0</ele><time>2024-06-20T16:49:49Z</time></trkpt>
<trkpt lat="37.588443" lon="-119.055467"><ele>2697.2</ele><time>2024-06-20T16:50:01Z</time></trkpt>
<trkpt lat="37.588341" lon="-119.055599"><ele>2695.2</ele><time>2024-06-20T16:50:24Z</time></trkpt>
<trkpt lat="37.588497" lon="-119.055967"><ele>2690.8</ele><time>2024-06-20T16:50:54Z</time></trkpt>
<trkpt lat="37.588697" lon="-119.055723"><ele>2687.2</ele><time>2024-06-20T16:51:14Z</time></trkpt>
<trkpt lat="37.588957" lon="-119.055169"><ele>2679.4</ele><time>2024-06-20T16:51:54Z</time></trkpt>
<trkpt lat="37.589185" lon="-119.055918"><ele>2671.4</ele><time>2024-06-20T16:52:42Z</time></trkpt>
<trkpt lat="37.589759" lon="-119.056758"><ele>2658.6</ele><time>2024-06-20T16:53:58Z</time></trkpt>
<trkpt lat="37.589945" lon="-119.056907"><ele>2654.6</ele><time>2024-06-20T16:54:10Z</time></trkpt>
<trkpt lat="37.590673" lon="-119.058299"><ele>2650.2</ele><time>2024-06-20T16:55:49Z</time></trkpt>
<trkpt lat="37.590828" lon="-119.058275"><ele>2648.6</ele><time>2024-06-20T16:56:05Z</time></trkpt>
<trkpt lat="37.591753" lon="-119.058723"><ele>2652.6</ele><time>2024-06-20T16:57:50Z</time></trkpt>
<trkpt lat="37.592338" lon="-119.058455"><ele>2652.6</ele><time>2024-06-20T16:58:28Z</time></trkpt>
<trkpt lat="37.592885" lon="-119.058358"><ele>2648.8</ele><time>2024-06-20T16:59:57Z</time></trkpt>
<trkpt lat="37.594240" lon="-119.058906"><ele>2641.2</ele><time>2024-06-20T17:01:53Z</time></trkpt>
<trkpt lat="37.595097" lon="-119.059700"><ele>2634.0</ele><time>2024-06-20T17:03:11Z</time></trkpt>
<trkpt lat="37.595740" lon="-119.060157"><ele>2628.4</ele><time>2024-06-20T17:04:02Z</time></trkpt>
<trkpt lat="37.597134" lon="-119.060221"><ele>2617.4</ele><time>2024-06-20T17:05:48Z</time></trkpt>
<trkpt lat="37.597158" lon="-119.060344"><ele>2616.8</ele><time>2024-06-20T17:05:50Z</time></trkpt>
<trkpt lat="37.597270" lon="-119.060418"><ele>2613.8</ele><time>2024-06-20T17:06:02Z</time></trkpt>
<trkpt lat="37.598433" lon="-119.060667"><ele>2604.0</ele><time>2024-06-20T17:07:31Z</time></trkpt>
<trkpt lat="37.598815" lon="-119.060793"><ele>2602.6</ele><time>2024-06-20T17:07:54Z</time></trkpt>
<trkpt lat="37.598836" lon="-119.060869"><ele>2601.6</ele><time>2024-06-20T17:08:00Z</time></trkpt>
<trkpt lat="37.598740" lon="-119.060946"><ele>2599.6</ele><time>2024-06-20T17:08:09Z</time></trkpt>
<trkpt lat="37.598151" lon="-119.060917"><ele>2594.0</ele><time>2024-06-20T17:08:57Z</time></trkpt>
<trkpt lat="37.597602" lon="-119.061103"><ele>2588.4</ele><time>2024-06-20T17:09:37Z</time></trkpt>
<trkpt lat="37.597364" lon="-119.061071"><ele>2587.4</ele><time>2024-06-20T17:09:51Z</time></trkpt>
<trkpt lat="37.597280" lon="-119.061180"><ele>2587.0</ele><time>2024-06-20T17:09:56Z</time></trkpt>
<trkpt lat="37.597121" lon="-119.061121"><ele>2586.6</ele><time>2024-06-20T17:10:05Z</time></trkpt>
<trkpt lat="37.596555" lon="-119.061415"><ele>2582.8</ele><time>2024-06-20T17:11:18Z</time></trkpt>
<trkpt lat="37.595938" lon="-119.061571"><ele>2578.4</ele><time>2024-06-20T17:11:54Z</time></trkpt>
<trkpt lat="37.595744" lon="-119.061600"><ele>2576.2</ele><time>2024-06-20T17:12:08Z</time></trkpt>
<trkpt lat="37.595596" lon="-119.061500"><ele>2575.2</ele><time>2024-06-20T17:12:14Z</time></trkpt>
<trkpt lat="37.595248" lon="-119.061465"><ele>2573.0</ele><time>2024-06-20T17:12:28Z</time></trkpt>
<trkpt lat="37.594744" lon="-119.061536"><ele>2568.6</ele><time>2024-06-20T17:13:26Z</time></trkpt>
<trkpt lat="37.594260" lon="-119.061666"><ele>2562.8</ele><time>2024-06-20T17:14:12Z</time></trkpt>
<trkpt lat="37.594335" lon="-119.061794"><ele>2560.6</ele><time>2024-06-20T17:14:22Z</time></trkpt>
<trkpt lat="37.595380" lon="-119.062048"><ele>2550.0</ele><time>2024-06-20T17:15:45Z</time></trkpt>
<trkpt lat="37.595554" lon="-119.062227"><ele>2549.4</ele><time>2024-06-20T17:16:01Z</time></trkpt>
<trkpt lat="37.596670" lon="-119.062341"><ele>2548.8</ele><time>2024-06-20T17:17:37Z</time></trkpt>
<trkpt lat="37.597025" lon="-119.062263"><ele>2547.6</ele><time>2024-06-20T17:18:01Z</time></trkpt>
<trkpt lat="37.597715" lon="-119.062336"><ele>2540.2</ele><time>2024-06-20T17:19:05Z</time></trkpt>
<trkpt lat="37.598362" lon="-119.062270"><ele>2534.2</ele><time>2024-06-20T17:19:50Z</time></trkpt>
<trkpt lat="37.598428" lon="-119.062204"><ele>2533.2</ele><time>2024-06-20T17:19:55Z</time></trkpt>
<trkpt lat="37.599465" lon="-119.062118"><ele>2525.4</ele><time>2024-06-20T17:21:21Z</time></trkpt>
<trkpt lat="37.599686" lon="-119.062003"><ele>2520.8</ele><time>2024-06-20T17:21:47Z</time></trkpt>
<trkpt lat="37.599777" lon="-119.062114"><ele>2520.6</ele><time>2024-06-20T17:21:55Z</time></trkpt>
<trkpt lat="37.599933" lon="-119.062070"><ele>2519.4</ele><time>2024-06-20T17:22:06Z</time></trkpt>
<trkpt lat="37.601080" lon="-119.062406"><ele>2511.4</ele><time>2024-06-20T17:23:49Z</time></trkpt>
<trkpt lat="37.601073" lon="-119.062466"><ele>2511.2</ele><time>2024-06-20T17:23:50Z</time></trkpt>
<trkpt lat="37.601246" lon="-119.062433"><ele>2510.2</ele><time>2024-06-20T17:23:58Z</time></trkpt>
<trkpt lat="37.601958" lon="-119.062657"><ele>2503.4</ele><time>2024-06-20T17:24:59Z</time></trkpt>
<trkpt lat="37.602697" lon="-119.063023"><ele>2498.2</ele><time>2024-06-20T17:25:49Z</time></trkpt>
<trkpt lat="37.602690" lon="-119.062949"><ele>2497.8</ele><time>2024-06-20T17:25:51Z</time></trkpt>
<trkpt lat="37.602805" lon="-119.063101"><ele>2495.8</ele><time>2024-06-20T17:26:02Z</time></trkpt>
<trkpt lat="37.603908" lon="-119.063592"><ele>2485.6</ele><time>2024-06-20T17:27:25Z</time></trkpt>
<trkpt lat="37.603976" lon="-119.063661"><ele>2483.4</ele><time>2024-06-20T17:27:35Z</time></trkpt>
<trkpt lat="37.603775" lon="-119.063747"><ele>2481.4</ele><time>2024-06-20T17:27:49Z</time></trkpt>
<trkpt lat="37.603551" lon="-119.063959"><ele>2476.8</ele><time>2024-06-20T17:28:15Z</time></trkpt>
<trkpt lat="37.603250" lon="-119.064435"><ele>2473.4</ele><time>2024-06-20T17:28:34Z</time></trkpt>
<trkpt lat="37.603369" lon="-119.064199"><ele>2472.4</ele><time>2024-06-20T17:28:43Z</time></trkpt>
<trkpt lat="37.602749" lon="-119.065652"><ele>2472.4</ele><time>2024-06-20T17:28:44Z</time></trkpt>
<trkpt lat="37.603272" lon="-119.065336"><ele>2472.4</ele><time>2024-06-20T17:28:45Z</time></trkpt>
<trkpt lat="37.603093" lon="-119.064431"><ele>2472.2</ele><time>2024-06-20T17:28:47Z</time></trkpt>
<trkpt lat="37.603201" lon="-119.064366"><ele>2471.8</ele><time>2024-06-20T17:28:50Z</time></trkpt>
<trkpt lat="37.602952" lon="-119.064653"><ele>2468.0</ele><time>2024-06-20T17:29:15Z</time></trkpt>
<trkpt lat="37.603315" lon="-119.064713"><ele>2464.8</ele><time>2024-06-20T17:29:37Z</time></trkpt>
<trkpt lat="37.603430" lon="-119.064566"><ele>2461.8</ele><time>2024-06-20T17:29:55Z</time></trkpt>
<trkpt lat="37.603752" lon="-119.064490"><ele>2458.0</ele><time>2024-06-20T17:30:18Z</time></trkpt>
<trkpt lat="37.603893" lon="-119.064613"><ele>2457.0</ele><time>2024-06-20T17:30:35Z</time></trkpt>
<trkpt lat="37.603822" lon="-119.064870"><ele>2455.8</ele><time>2024-06-20T17:30:58Z</time></trkpt>
<trkpt lat="37.603812" lon="-119.065424"><ele>2453.6</ele><time>2024-06-20T17:31:34Z</time></trkpt>
<trkpt lat="37.603930" lon="-119.066480"><ele>2449.2</ele><time>2024-06-20T17:32:48Z</time></trkpt>
<trkpt lat="37.604105" lon="-119.066600"><ele>2449.2</ele><time>2024-06-20T17:32:52Z</time></trkpt>
<trkpt lat="37.603907" lon="-119.066730"><ele>2449.6</ele><time>2024-06-20T17:32:59Z</time></trkpt>
<trkpt lat="37.603905" lon="-119.066966"><ele>2448.8</ele><time>2024-06-20T17:33:18Z</time></trkpt>
<trkpt lat="37.603642" lon="-119.067293"><ele>2446.8</ele><time>2024-06-20T17:33:44Z</time></trkpt>
<trkpt lat="37.603692" lon="-119.067372"><ele>2445.8</ele><time>2024-06-20T17:33:52Z</time></trkpt>
<trkpt lat="37.603668" lon="-119.067505"><ele>2444.8</ele><time>2024-06-20T17:34:25Z</time></trkpt>
<trkpt lat="37.603488" lon="-119.067865"><ele>2441.4</ele><time>2024-06-20T17:34:49Z</time></trkpt>
<trkpt lat="37.603389" lon="-119.068351"><ele>2436.2</ele><time>2024-06-20T17:35:53Z</time></trkpt>
<trkpt lat="37.603331" lon="-119.068273"><ele>2435.2</ele><time>2024-06-20T17:36:09Z</time></trkpt>
<trkpt lat="37.603300" lon="-119.068327"><ele>2435.2</ele><time>2024-06-20T17:36:12Z</time></trkpt>
<trkpt lat="37.603204" lon="-119.068178"><ele>2434.8</ele><time>2024-06-20T17:36:47Z</time></trkpt>
<trkpt lat="37.603326" lon="-119.068281"><ele>2434.4</ele><time>2024-06-20T17:37:05Z</time></trkpt>
<trkpt lat="37.603224" lon="-119.068942"><ele>2430.4</ele><time>2024-06-20T17:37:58Z</time></trkpt>
<trkpt lat="37.603101" lon="-119.069077"><ele>2429.0</ele><time>2024-06-20T17:38:09Z</time></trkpt>
<trkpt lat="37.602899" lon="-119.068761"><ele>2424.6</ele><time>2024-06-20T17:38:33Z</time></trkpt>
<trkpt lat="37.602850" lon="-119.068798"><ele>2424.0</ele><time>2024-06-20T17:38:39Z</time></trkpt>
<trkpt lat="37.602811" lon="-119.069158"><ele>2421.0</ele><time>2024-06-20T17:39:03Z</time></trkpt>
<trkpt lat="37.602843" lon="-119.069319"><ele>2420.8</ele><time>2024-06-20T17:39:13Z</time></trkpt>
<trkpt lat="37.603324" lon="-119.070139"><ele>2419.4</ele><time>2024-06-20T17:40:16Z</time></trkpt>
<trkpt lat="37.603922" lon="-119.070716"><ele>2417.8</ele><time>2024-06-20T17:41:11Z</time></trkpt>
<trkpt lat="37.604064" lon="-119.070953"><ele>2416.8</ele><time>2024-06-20T17:41:29Z</time></trkpt>
<trkpt lat="37.604133" lon="-119.071214"><ele>2413.8</ele><time>2024-06-20T17:41:45Z</time></trkpt>
<trkpt lat="37.604429" lon="-119.071304"><ele>2413.0</ele><time>2024-06-20T17:42:05Z</time></trkpt>
<trkpt lat="37.604428" lon="-119.071416"><ele>2412.4</ele><time>2024-06-20T17:42:16Z</time></trkpt>
<trkpt lat="37.604679" lon="-119.071761"><ele>2411.6</ele><time>2024-06-20T17:42:45Z</time></trkpt>
<trkpt lat="37.604707" lon="-119.072060"><ele>2411.2</ele><time>2024-06-20T17:43:04Z</time></trkpt>
<trkpt lat="37.604922" lon="-119.072301"><ele>2407.4</ele><time>2024-06-20T17:43:25Z</time></trkpt>
<trkpt lat="37.605330" lon="-119.072475"><ele>2402.8</ele><time>2024-06-20T17:43:53Z</time></trkpt>
<trkpt lat="37.605441" lon="-119.072455"><ele>2402.6</ele><time>2024-06-20T17:44:05Z</time></trkpt>
<trkpt lat="37.606611" lon="-119.073206"><ele>2393.8</ele><time>2024-06-20T17:45:47Z</time></trkpt>
<trkpt lat="37.606866" lon="-119.073302"><ele>2390.6</ele><time>2024-06-20T17:46:07Z</time></trkpt>
<trkpt lat="37.606913" lon="-119.073261"><ele>2390.0</ele><time>2024-06-20T17:46:10Z</time></trkpt>
<trkpt lat="37.607427" lon="-119.073691"><ele>2382.6</ele><time>2024-06-20T17:47:06Z</time></trkpt>
<trkpt lat="37.608090" lon="-119.073927"><ele>2377.8</ele><time>2024-06-20T17:47:51Z</time></trkpt>
<trkpt lat="37.608103" lon="-119.074129"><ele>2376.4</ele><time>2024-06-20T17:48:07Z</time></trkpt>
<trkpt lat="37.608918" lon="-119.074866"><ele>2368.2</ele><time>2024-06-20T17:49:26Z</time></trkpt>
<trkpt lat="37.609506" lon="-119.075041"><ele>2361.4</ele><time>2024-06-20T17:50:03Z</time></trkpt>
<trkpt lat="37.610721" lon="-119.075700"><ele>2356.0</ele><time>2024-06-20T17:51:48Z</time></trkpt>
<trkpt lat="37.610885" lon="-119.075627"><ele>2356.2</ele><time>2024-06-20T17:52:01Z</time></trkpt>
<trkpt lat="37.611468" lon="-119.075714"><ele>2356.8</ele><time>2024-06-20T17:52:38Z</time></trkpt>
<trkpt lat="37.612263" lon="-119.075852"><ele>2353.6</ele><time>2024-06-20T17:53:47Z</time></trkpt>
<trkpt lat="37.612412" lon="-119.075950"><ele>2353.4</ele><time>2024-06-20T17:53:51Z</time></trkpt>
<trkpt lat="37.612492" lon="-119.075866"><ele>2353.0</ele><time>2024-06-20T17:54:00Z</time></trkpt>
<trkpt lat="37.612551" lon="-119.075913"><ele>2352.6</ele><time>2024-06-20T17:54:05Z</time></trkpt>
<trkpt lat="37.612901" lon="-119.075825"><ele>2351.8</ele><time>2024-06-20T17:54:56Z</time></trkpt>
<trkpt lat="37.613756" lon="-119.075336"><ele>2357.0</ele><time>2024-06-20T17:56:46Z</time></trkpt>
<trkpt lat="37.614041" lon="-119.075097"><ele>2356.8</ele><time>2024-06-20T17:57:12Z</time></trkpt>
<trkpt lat="37.614651" lon="-119.075074"><ele>2354.4</ele><time>2024-06-20T17:57:49Z</time></trkpt>
<trkpt lat="37.614732" lon="-119.074933"><ele>2354.8</ele><time>2024-06-20T17:57:58Z</time></trkpt>
<trkpt lat="37.614800" lon="-119.075018"><ele>2354.4</ele><time>2024-06-20T17:58:30Z</time></trkpt>
<trkpt lat="37.614690" lon="-119.074934"><ele>2356.0</ele><time>2024-06-20T17:59:44Z</time></trkpt>
<trkpt lat="37.614684" lon="-119.074980"><ele>2356.0</ele><time>2024-06-20T17:59:55Z</time></trkpt>
<trkpt lat="37.614663" lon="-119.074898"><ele>2356.2</ele><time>2024-06-20T17:59:58Z</time></trkpt>
<trkpt lat="37.614672" lon="-119.074987"><ele>2356.2</ele><time>2024-06-20T18:00:06Z</time></trkpt>
<trkpt lat="37.615031" lon="-119.075022"><ele>2358.6</ele><time>2024-06-20T18:01:52Z</time></trkpt>
<trkpt lat="37.614941" lon="-119.074961"><ele>2359.4</ele><time>2024-06-20T18:02:00Z</time></trkpt>
<trkpt lat="37.614957" lon="-119.074858"><ele>2360.0</ele><time>2024-06-20T18:04:01Z</time></trkpt>
<trkpt lat="37.614934" lon="-119.074961"><ele>2360.4</ele><time>2024-06-20T18:05:03Z</time></trkpt>
<trkpt lat="37.614956" lon="-119.074570"><ele>2362.6</ele><time>2024-06-20T18:07:53Z</time></trkpt>
<trkpt lat="37.614916" lon="-119.074842"><ele>2362.6</ele><time>2024-06-20T18:07:55Z</time></trkpt>
<trkpt lat="37.615037" lon="-119.074928"><ele>2362.8</ele><time>2024-06-20T18:09:10Z</time></trkpt>
<trkpt lat="37.614918" lon="-119.074935"><ele>2363.4</ele><time>2024-06-20T18:09:58Z</time></trkpt>
<trkpt lat="37.614932" lon="-119.075024"><ele>2364.8</ele><time>2024-06-20T18:12:02Z</time></trkpt>
<trkpt lat="37.614959" lon="-119.074966"><ele>2363.6</ele><time>2024-06-20T18:13:04Z</time></trkpt>
<trkpt lat="37.615114" lon="-119.075145"><ele>2364.6</ele><time>2024-06-20T18:14:26Z</time></trkpt>
<trkpt lat="37.615365" lon="-119.075616"><ele>2363.8</ele><time>2024-06-20T18:15:48Z</time></trkpt>
<trkpt lat="37.614956" lon="-119.074999"><ele>2363.8</ele><time>2024-06-20T18:16:04Z</time></trkpt>
<trkpt lat="37.614966" lon="-119.074874"><ele>2363.0</ele><time>2024-06-20T18:17:59Z</time></trkpt>
<trkpt lat="37.614922" lon="-119.074995"><ele>2362.8</ele><time>2024-06-20T18:18:05Z</time></trkpt>
<trkpt lat="37.615017" lon="-119.075023"><ele>2363.0</ele><time>2024-06-20T18:19:38Z</time></trkpt>
<trkpt lat="37.614980" lon="-119.075099"><ele>2362.6</ele><time>2024-06-20T18:19:57Z</time></trkpt>
<trkpt lat="37.614814" lon="-119.074938"><ele>2363.0</ele><time>2024-06-20T18:22:09Z</time></trkpt>
<trkpt lat="37.614469" lon="-119.074923"><ele>2364.0</ele><time>2024-06-20T18:23:52Z</time></trkpt>
<trkpt lat="37.614783" lon="-119.074929"><ele>2364.0</ele><time>2024-06-20T18:23:53Z</time></trkpt>
<trkpt lat="37.614916" lon="-119.075027"><ele>2363.8</ele><time>2024-06-20T18:23:56Z</time></trkpt>
<trkpt lat="37.614908" lon="-119.074962"><ele>2363.6</ele><time>2024-06-20T18:24:05Z</time></trkpt>
<trkpt lat="37.614898" lon="-119.075079"><ele>2365.6</ele><time>2024-06-20T18:25:54Z</time></trkpt>
<trkpt lat="37.614969" lon="-119.074954"><ele>2364.0</ele><time>2024-06-20T18:27:46Z</time></trkpt>
<trkpt lat="37.615068" lon="-119.075005"><ele>2364.0</ele><time>2024-06-20T18:27:55Z</time></trkpt>
<trkpt lat="37.614951" lon="-119.074831"><ele>2364.0</ele><time>2024-06-20T18:27:56Z</time></trkpt>
<trkpt lat="37.614909" lon="-119.074845"><ele>2363.8</ele><time>2024-06-20T18:28:02Z</time></trkpt>
<trkpt lat="37.614948" lon="-119.074962"><ele>2363.6</ele><time>2024-06-20T18:28:13Z</time></trkpt>
<trkpt lat="37.614870" lon="-119.074890"><ele>2363.6</ele><time>2024-06-20T18:29:04Z</time></trkpt>
<trkpt lat="37.614934" lon="-119.074732"><ele>2364.6</ele><time>2024-06-20T18:31:06Z</time></trkpt>
<trkpt lat="37.614875" lon="-119.074859"><ele>2364.2</ele><time>2024-06-20T18:31:14Z</time></trkpt>
<trkpt lat="37.614950" lon="-119.075216"><ele>2364.2</ele><time>2024-06-20T18:31:47Z</time></trkpt>
<trkpt lat="37.614863" lon="-119.075010"><ele>2364.2</ele><time>2024-06-20T18:31:57Z</time></trkpt>
<trkpt lat="37.614925" lon="-119.074885"><ele>2361.4</ele><time>2024-06-20T18:34:07Z</time></trkpt>
<trkpt lat="37.614947" lon="-119.075042"><ele>2363.0</ele><time>2024-06-20T18:34:51Z</time></trkpt>
<trkpt lat="37.614914" lon="-119.074957"><ele>2363.2</ele><time>2024-06-20T18:35:04Z</time></trkpt>
<trkpt lat="37.614839" lon="-119.074945"><ele>2362.0</ele><time>2024-06-20T18:37:12Z</time></trkpt>
<trkpt lat="37.614885" lon="-119.074885"><ele>2362.2</ele><time>2024-06-20T18:37:19Z</time></trkpt>
<trkpt lat="37.614914" lon="-119.075004"><ele>2362.2</ele><time>2024-06-20T18:37:35Z</time></trkpt>
<trkpt lat="37.614952" lon="-119.074971"><ele>2362.4</ele><time>2024-06-20T18:38:04Z</time></trkpt>
<trkpt lat="37.614814" lon="-119.074719"><ele>2363.8</ele><time>2024-06-20T18:40:01Z</time></trkpt>
<trkpt lat="37.614905" lon="-119.074817"><ele>2362.8</ele><time>2024-06-20T18:40:15Z</time></trkpt>
<trkpt lat="37.614934" lon="-119.074737"><ele>2362.6</ele><time>2024-06-20T18:42:00Z</time></trkpt>
<trkpt lat="37.614944" lon="-119.075145"><ele>2362.8</ele><time>2024-06-20T18:43:58Z</time></trkpt>
<trkpt lat="37.614882" lon="-119.074976"><ele>2362.8</ele><time>2024-06-20T18:44:02Z</time></trkpt>
<trkpt lat="37.614949" lon="-119.075022"><ele>2363.4</ele><time>2024-06-20T18:45:55Z</time></trkpt>
<trkpt lat="37.614818" lon="-119.074767"><ele>2363.2</ele><time>2024-06-20T18:46:01Z</time></trkpt>
<trkpt lat="37.614836" lon="-119.074872"><ele>2363.0</ele><time>2024-06-20T18:46:05Z</time></trkpt>
<trkpt lat="37.614888" lon="-119.074838"><ele>2362.8</ele><time>2024-06-20T18:46:15Z</time></trkpt>
<trkpt lat="37.614867" lon="-119.074735"><ele>2362.4</ele><time>2024-06-20T18:46:45Z</time></trkpt>
<trkpt lat="37.614927" lon="-119.074854"><ele>2366.4</ele><time>2024-06-20T18:47:29Z</time></trkpt>
<trkpt lat="37.614972" lon="-119.074778"><ele>2365.6</ele><time>2024-06-20T18:47:49Z</time></trkpt>
<trkpt lat="37.614921" lon="-119.074884"><ele>2364.2</ele><time>2024-06-20T18:48:05Z</time></trkpt>
<trkpt lat="37.614959" lon="-119.074929"><ele>2364.2</ele><time>2024-06-20T18:48:29Z</time></trkpt>
<trkpt lat="37.615075" lon="-119.074886"><ele>2364.4</ele><time>2024-06-20T18:49:55Z</time></trkpt>
<trkpt lat="37.615102" lon="-119.074715"><ele>2364.8</ele><time>2024-06-20T18:50:09Z</time></trkpt>
<trkpt lat="37.615035" lon="-119.074721"><ele>2363.8</ele><time>2024-06-20T18:50:43Z</time></trkpt>
<trkpt lat="37.614915" lon="-119.074981"><ele>2362.2</ele><time>2024-06-20T18:52:09Z</time></trkpt>
<trkpt lat="37.614916" lon="-119.074930"><ele>2363.4</ele><time>2024-06-20T18:53:41Z</time></trkpt>
<trkpt lat="37.614826" lon="-119.074924"><ele>2363.0</ele><time>2024-06-20T18:54:00Z</time></trkpt>
<trkpt lat="37.613741" lon="-119.075317"><ele>2365.8</ele><time>2024-06-20T18:55:49Z</time></trkpt>
<trkpt lat="37.613601" lon="-119.075453"><ele>2365.6</ele><time>2024-06-20T18:56:01Z</time></trkpt>
<trkpt lat="37.613193" lon="-119.075621"><ele>2364.8</ele><time>2024-06-20T18:56:23Z</time></trkpt>
<trkpt lat="37.612862" lon="-119.075942"><ele>2361.0</ele><time>2024-06-20T18:57:11Z</time></trkpt>
<trkpt lat="37.612299" lon="-119.076189"><ele>2355.8</ele><time>2024-06-20T18:58:04Z</time></trkpt>
<trkpt lat="37.611578" lon="-119.076804"><ele>2345.0</ele><time>2024-06-20T18:59:13Z</time></trkpt>
<trkpt lat="37.611397" lon="-119.076833"><ele>2343.8</ele><time>2024-06-20T18:59:39Z</time></trkpt>
<trkpt lat="37.611550" lon="-119.076736"><ele>2340.4</ele><time>2024-06-20T19:00:02Z</time></trkpt>
<trkpt lat="37.611626" lon="-119.076764"><ele>2339.4</ele><time>2024-06-20T19:00:09Z</time></trkpt>
<trkpt lat="37.611855" lon="-119.077026"><ele>2336.0</ele><time>2024-06-20T19:00:47Z</time></trkpt>
<trkpt lat="37.611863" lon="-119.077127"><ele>2332.0</ele><time>2024-06-20T19:01:09Z</time></trkpt>
<trkpt lat="37.611783" lon="-119.077268"><ele>2329.4</ele><time>2024-06-20T19:01:19Z</time></trkpt>
<trkpt lat="37.611680" lon="-119.077876"><ele>2324.6</ele><time>2024-06-20T19:01:51Z</time></trkpt>
<trkpt lat="37.611740" lon="-119.078108"><ele>2323.2</ele><time>2024-06-20T19:02:04Z</time></trkpt>
<trkpt lat="37.611985" lon="-119.078484"><ele>2324.8</ele><time>2024-06-20T19:02:24Z</time></trkpt>
<trkpt lat="37.612000" lon="-119.078625"><ele>2324.2</ele><time>2024-06-20T19:02:30Z</time></trkpt>
<trkpt lat="37.612289" lon="-119.078676"><ele>2318.4</ele><time>2024-06-20T19:03:00Z</time></trkpt>
<trkpt lat="37.612392" lon="-119.078808"><ele>2316.2</ele><time>2024-06-20T19:03:20Z</time></trkpt>
<trkpt lat="37.612385" lon="-119.079071"><ele>2315.0</ele><time>2024-06-20T19:03:51Z</time></trkpt>
<trkpt lat="37.612468" lon="-119.079135"><ele>2313.8</ele><time>2024-06-20T19:03:57Z</time></trkpt>
<trkpt lat="37.612783" lon="-119.079943"><ele>2308.4</ele><time>2024-06-20T19:04:42Z</time></trkpt>
<trkpt lat="37.613142" lon="-119.080483"><ele>2301.8</ele><time>2024-06-20T19:05:40Z</time></trkpt>
<trkpt lat="37.612993" lon="-119.080757"><ele>2298.8</ele><time>2024-06-20T19:06:06Z</time></trkpt>
<trkpt lat="37.613204" lon="-119.081150"><ele>2296.0</ele><time>2024-06-20T19:06:28Z</time></trkpt>
<trkpt lat="37.613191" lon="-119.081676"><ele>2290.6</ele><time>2024-06-20T19:07:14Z</time></trkpt>
<trkpt lat="37.613520" lon="-119.082032"><ele>2284.2</ele><time>2024-06-20T19:07:50Z</time></trkpt>
<trkpt lat="37.613647" lon="-119.082079"><ele>2283.0</ele><time>2024-06-20T19:08:01Z</time></trkpt>
<trkpt lat="37.613734" lon="-119.082233"><ele>2281.4</ele><time>2024-06-20T19:08:10Z</time></trkpt>
<trkpt lat="37.613795" lon="-119.082682"><ele>2281.8</ele><time>2024-06-20T19:08:48Z</time></trkpt>
<trkpt lat="37.614176" lon="-119.083238"><ele>2279.2</ele><time>2024-06-20T19:09:49Z</time></trkpt>
<trkpt lat="37.614423" lon="-119.083254"><ele>2275.8</ele><time>2024-06-20T19:10:09Z</time></trkpt>
<trkpt lat="37.614542" lon="-119.083451"><ele>2275.8</ele><time>2024-06-20T19:10:24Z</time></trkpt>
<trkpt lat="37.614527" lon="-119.083566"><ele>2276.2</ele><time>2024-06-20T19:10:38Z</time></trkpt>
<trkpt lat="37.614036" lon="-119.084088"><ele>2274.4</ele><time>2024-06-20T19:11:51Z</time></trkpt>
<trkpt lat="37.613925" lon="-119.084307"><ele>2276.0</ele><time>2024-06-20T19:12:06Z</time></trkpt>
<trkpt lat="37.613868" lon="-119.084563"><ele>2277.2</ele><time>2024-06-20T19:12:24Z</time></trkpt>
<trkpt lat="37.613926" lon="-119.084983"><ele>2284.8</ele><time>2024-06-20T19:13:34Z</time></trkpt>
<trkpt lat="37.613779" lon="-119.085317"><ele>2286.4</ele><time>2024-06-20T19:13:54Z</time></trkpt>
<trkpt lat="37.613786" lon="-119.085863"><ele>2289.0</ele><time>2024-06-20T19:14:20Z</time></trkpt>
<trkpt lat="37.613942" lon="-119.086098"><ele>2286.8</ele><time>2024-06-20T19:14:46Z</time></trkpt>
<trkpt lat="37.614298" lon="-119.086274"><ele>2289.4</ele><time>2024-06-20T19:15:42Z</time></trkpt>
<trkpt lat="37.614535" lon="-119.086159"><ele>2289.8</ele><time>2024-06-20T19:16:06Z</time></trkpt>
<trkpt lat="37.615600" lon="-119.086365"><ele>2296.4</ele><time>2024-06-20T19:17:50Z</time></trkpt>
<trkpt lat="37.615658" lon="-119.086658"><ele>2298.4</ele><time>2024-06-20T19:18:08Z</time></trkpt>
<trkpt lat="37.615567" lon="-119.086766"><ele>2298.6</ele><time>2024-06-20T19:18:15Z</time></trkpt>
<trkpt lat="37.615224" lon="-119.086936"><ele>2307.0</ele><time>2024-06-20T19:19:21Z</time></trkpt>
<trkpt lat="37.615269" lon="-119.087050"><ele>2309.4</ele><time>2024-06-20T19:19:33Z</time></trkpt>
<trkpt lat="37.615227" lon="-119.087166"><ele>2312.2</ele><time>2024-06-20T19:19:55Z</time></trkpt>
<trkpt lat="37.616113" lon="-119.087070"><ele>2321.2</ele><time>2024-06-20T19:21:46Z</time></trkpt>
<trkpt lat="37.616795" lon="-119.086869"><ele>2326.8</ele><time>2024-06-20T19:22:26Z</time></trkpt>
<trkpt lat="37.617547" lon="-119.086826"><ele>2336.8</ele><time>2024-06-20T19:23:52Z</time></trkpt>
<trkpt lat="37.617606" lon="-119.086750"><ele>2337.6</ele><time>2024-06-20T19:23:58Z</time></trkpt>
<trkpt lat="37.618567" lon="-119.087072"><ele>2349.6</ele><time>2024-06-20T19:25:52Z</time></trkpt>
<trkpt lat="37.618825" lon="-119.086961"><ele>2350.0</ele><time>2024-06-20T19:25:55Z</time></trkpt>
<trkpt lat="37.619237" lon="-119.087044"><ele>2351.4</ele><time>2024-06-20T19:26:16Z</time></trkpt>
<trkpt lat="37.620129" lon="-119.087003"><ele>2358.2</ele><time>2024-06-20T19:27:52Z</time></trkpt>
<trkpt lat="37.620266" lon="-119.087028"><ele>2358.6</ele><time>2024-06-20T19:28:00Z</time></trkpt>
<trkpt lat="37.620754" lon="-119.087461"><ele>2358.8</ele><time>2024-06-20T19:28:56Z</time></trkpt>
<trkpt lat="37.621277" lon="-119.087615"><ele>2363.2</ele><time>2024-06-20T19:29:48Z</time></trkpt>
<trkpt lat="37.621357" lon="-119.087693"><ele>2362.8</ele><time>2024-06-20T19:29:59Z</time></trkpt>
<trkpt lat="37.621339" lon="-119.087872"><ele>2361.8</ele><time>2024-06-20T19:30:09Z</time></trkpt>
<trkpt lat="37.621551" lon="-119.087895"><ele>2361.8</ele><time>2024-06-20T19:30:16Z</time></trkpt>
<trkpt lat="37.622183" lon="-119.087618"><ele>2357.0</ele><time>2024-06-20T19:31:08Z</time></trkpt>
<trkpt lat="37.622406" lon="-119.087586"><ele>2352.8</ele><time>2024-06-20T19:31:42Z</time></trkpt>
<trkpt lat="37.622695" lon="-119.087365"><ele>2351.4</ele><time>2024-06-20T19:31:54Z</time></trkpt>
<trkpt lat="37.622691" lon="-119.087420"><ele>2351.6</ele><time>2024-06-20T19:32:03Z</time></trkpt>
<trkpt lat="37.623261" lon="-119.087331"><ele>2351.6</ele><time>2024-06-20T19:33:30Z</time></trkpt>
<trkpt lat="37.623867" lon="-119.087562"><ele>2354.6</ele><time>2024-06-20T19:34:09Z</time></trkpt>
<trkpt lat="37.624949" lon="-119.087341"><ele>2361.6</ele><time>2024-06-20T19:35:48Z</time></trkpt>
<trkpt lat="37.625089" lon="-119.087256"><ele>2361.6</ele><time>2024-06-20T19:35:51Z</time></trkpt>
<trkpt lat="37.625857" lon="-119.087560"><ele>2361.8</ele><time>2024-06-20T19:37:16Z</time></trkpt>
<trkpt lat="37.627166" lon="-119.087769"><ele>2357.4</ele><time>2024-06-20T19:38:34Z</time></trkpt>
<trkpt lat="37.627984" lon="-119.088069"><ele>2362.6</ele><time>2024-06-20T19:39:56Z</time></trkpt>
<trkpt lat="37.628574" lon="-119.088099"><ele>2359.4</ele><time>2024-06-20T19:40:32Z</time></trkpt>
<trkpt lat="37.628922" lon="-119.088224"><ele>2352.8</ele><time>2024-06-20T19:41:26Z</time></trkpt>
<trkpt lat="37.629390" lon="-119.088499"><ele>2350.6</ele><time>2024-06-20T19:42:00Z</time></trkpt>
<trkpt lat="37.630396" lon="-119.088604"><ele>2345.8</ele><time>2024-06-20T19:43:40Z</time></trkpt>
<trkpt lat="37.630833" lon="-119.088558"><ele>2347.8</ele><time>2024-06-20T19:44:09Z</time></trkpt>
<trkpt lat="37.631973" lon="-119.089325"><ele>2351.6</ele><time>2024-06-20T19:45:52Z</time></trkpt>
<trkpt lat="37.632804" lon="-119.089423"><ele>2351.8</ele><time>2024-06-20T19:47:52Z</time></trkpt>
<trkpt lat="37.632654" lon="-119.089439"><ele>2352.0</ele><time>2024-06-20T19:47:55Z</time></trkpt>
<trkpt lat="37.632738" lon="-119.089406"><ele>2352.4</ele><time>2024-06-20T19:48:09Z</time></trkpt>
<trkpt lat="37.632603" lon="-119.089331"><ele>2354.0</ele><time>2024-06-20T19:49:56Z</time></trkpt>
<trkpt lat="37.632753" lon="-119.089387"><ele>2354.4</ele><time>2024-06-20T19:50:10Z</time></trkpt>
<trkpt lat="37.632691" lon="-119.089439"><ele>2355.8</ele><time>2024-06-20T19:51:05Z</time></trkpt>
<trkpt lat="37.632610" lon="-119.089374"><ele>2357.0</ele><time>2024-06-20T19:51:57Z</time></trkpt>
<trkpt lat="37.632663" lon="-119.089390"><ele>2356.6</ele><time>2024-06-20T19:51:59Z</time></trkpt>
<trkpt lat="37.632636" lon="-119.089332"><ele>2356.8</ele><time>2024-06-20T19:52:04Z</time></trkpt>
<trkpt lat="37.632570" lon="-119.089364"><ele>2356.4</ele><time>2024-06-20T19:53:13Z</time></trkpt>
<trkpt lat="37.632742" lon="-119.089273"><ele>2356.2</ele><time>2024-06-20T19:55:58Z</time></trkpt>
<trkpt lat="37.632845" lon="-119.089320"><ele>2356.2</ele><time>2024-06-20T19:56:01Z</time></trkpt>
<trkpt lat="37.632579" lon="-119.089353"><ele>2357.6</ele><time>2024-06-20T19:57:59Z</time></trkpt>
<trkpt lat="37.632675" lon="-119.089349"><ele>2358.8</ele><time>2024-06-20T19:59:55Z</time></trkpt>
<trkpt lat="37.632634" lon="-119.089382"><ele>2358.4</ele><time>2024-06-20T20:00:07Z</time></trkpt>
<trkpt lat="37.632767" lon="-119.089451"><ele>2359.8</ele><time>2024-06-20T20:01:53Z</time></trkpt>
<trkpt lat="37.632667" lon="-119.089471"><ele>2359.6</ele><time>2024-06-20T20:01:59Z</time></trkpt>
<trkpt lat="37.632988" lon="-119.088832"><ele>2360.0</ele><time>2024-06-20T20:03:50Z</time></trkpt>
<trkpt lat="37.633102" lon="-119.088794"><ele>2359.8</ele><time>2024-06-20T20:03:56Z</time></trkpt>
<trkpt lat="37.633167" lon="-119.088644"><ele>2360.6</ele><time>2024-06-20T20:04:15Z</time></trkpt>
<trkpt lat="37.632953" lon="-119.088875"><ele>2361.4</ele><time>2024-06-20T20:05:50Z</time></trkpt>
<trkpt lat="37.632930" lon="-119.088983"><ele>2360.8</ele><time>2024-06-20T20:05:57Z</time></trkpt>
<trkpt lat="37.633049" lon="-119.089181"><ele>2361.4</ele><time>2024-06-20T20:06:15Z</time></trkpt>
<trkpt lat="37.633168" lon="-119.089234"><ele>2364.4</ele><time>2024-06-20T20:06:35Z</time></trkpt>
<trkpt lat="37.633300" lon="-119.089428"><ele>2368.2</ele><time>2024-06-20T20:07:09Z</time></trkpt>
<trkpt lat="37.633896" lon="-119.089700"><ele>2368.0</ele><time>2024-06-20T20:07:51Z</time></trkpt>
<trkpt lat="37.634092" lon="-119.089725"><ele>2367.4</ele><time>2024-06-20T20:08:02Z</time></trkpt>
<trkpt lat="37.634443" lon="-119.089939"><ele>2366.2</ele><time>2024-06-20T20:08:27Z</time></trkpt>
<trkpt lat="37.634847" lon="-119.090084"><ele>2371.4</ele><time>2024-06-20T20:09:03Z</time></trkpt>
<trkpt lat="37.634973" lon="-119.090100"><ele>2378.2</ele><time>2024-06-20T20:09:51Z</time></trkpt>
<trkpt lat="37.635206" lon="-119.090317"><ele>2381.6</ele><time>2024-06-20T20:10:19Z</time></trkpt>
<trkpt lat="37.635865" lon="-119.090237"><ele>2386.0</ele><time>2024-06-20T20:11:25Z</time></trkpt>
<trkpt lat="37.636440" lon="-119.090370"><ele>2390.2</ele><time>2024-06-20T20:12:08Z</time></trkpt>
<trkpt lat="37.636384" lon="-119.090596"><ele>2392.4</ele><time>2024-06-20T20:12:29Z</time></trkpt>
<trkpt lat="37.636199" lon="-119.090677"><ele>2397.6</ele><time>2024-06-20T20:13:07Z</time></trkpt>
<trkpt lat="37.635809" lon="-119.091130"><ele>2403.2</ele><time>2024-06-20T20:13:52Z</time></trkpt>
<trkpt lat="37.635881" lon="-119.091372"><ele>2404.2</ele><time>2024-06-20T20:14:06Z</time></trkpt>
<trkpt lat="37.637205" lon="-119.091775"><ele>2416.8</ele><time>2024-06-20T20:16:10Z</time></trkpt>
<trkpt lat="37.637508" lon="-119.091756"><ele>2420.4</ele><time>2024-06-20T20:17:35Z</time></trkpt>
<trkpt lat="37.637647" lon="-119.091891"><ele>2422.4</ele><time>2024-06-20T20:17:50Z</time></trkpt>
<trkpt lat="37.637675" lon="-119.092035"><ele>2423.4</ele><time>2024-06-20T20:17:58Z</time></trkpt>
<trkpt lat="37.638107" lon="-119.092006"><ele>2431.0</ele><time>2024-06-20T20:18:45Z</time></trkpt>
<trkpt lat="37.638212" lon="-119.091963"><ele>2438.0</ele><time>2024-06-20T20:19:27Z</time></trkpt>
<trkpt lat="37.638520" lon="-119.091787"><ele>2441.2</ele><time>2024-06-20T20:19:51Z</time></trkpt>
<trkpt lat="37.638504" lon="-119.091894"><ele>2441.8</ele><time>2024-06-20T20:20:00Z</time></trkpt>
<trkpt lat="37.638580" lon="-119.091902"><ele>2442.4</ele><time>2024-06-20T20:20:05Z</time></trkpt>
<trkpt lat="37.638892" lon="-119.091788"><ele>2446.8</ele><time>2024-06-20T20:20:29Z</time></trkpt>
<trkpt lat="37.639943" lon="-119.091889"><ele>2452.0</ele><time>2024-06-20T20:22:05Z</time></trkpt>
<trkpt lat="37.639994" lon="-119.091941"><ele>2451.6</ele><time>2024-06-20T20:22:10Z</time></trkpt>
<trkpt lat="37.639997" lon="-119.092130"><ele>2453.0</ele><time>2024-06-20T20:22:23Z</time></trkpt>
<trkpt lat="37.639893" lon="-119.092286"><ele>2456.6</ele><time>2024-06-20T20:22:43Z</time></trkpt>
<trkpt lat="37.640330" lon="-119.092692"><ele>2467.4</ele><time>2024-06-20T20:24:01Z</time></trkpt>
<trkpt lat="37.640468" lon="-119.093068"><ele>2470.2</ele><time>2024-06-20T20:24:29Z</time></trkpt>
<trkpt lat="37.640282" lon="-119.093318"><ele>2475.8</ele><time>2024-06-20T20:25:07Z</time></trkpt>
<trkpt lat="37.640297" lon="-119.093553"><ele>2478.0</ele><time>2024-06-20T20:25:35Z</time></trkpt>
<trkpt lat="37.640452" lon="-119.093968"><ele>2479.4</ele><time>2024-06-20T20:26:01Z</time></trkpt>
<trkpt lat="37.640756" lon="-119.094379"><ele>2476.0</ele><time>2024-06-20T20:26:30Z</time></trkpt>
<trkpt lat="37.641001" lon="-119.095392"><ele>2476.0</ele><time>2024-06-20T20:27:50Z</time></trkpt>
<trkpt lat="37.641095" lon="-119.095553"><ele>2476.0</ele><time>2024-06-20T20:27:55Z</time></trkpt>
<trkpt lat="37.641166" lon="-119.095560"><ele>2476.0</ele><time>2024-06-20T20:27:56Z</time></trkpt>
<trkpt lat="37.641155" lon="-119.095622"><ele>2476.0</ele><time>2024-06-20T20:27:58Z</time></trkpt>
<trkpt lat="37.641796" lon="-119.096059"><ele>2478.0</ele><time>2024-06-20T20:29:55Z</time></trkpt>
<trkpt lat="37.641765" lon="-119.095993"><ele>2478.0</ele><time>2024-06-20T20:30:03Z</time></trkpt>
<trkpt lat="37.642052" lon="-119.095846"><ele>2481.4</ele><time>2024-06-20T20:31:52Z</time></trkpt>
<trkpt lat="37.642143" lon="-119.095896"><ele>2481.8</ele><time>2024-06-20T20:31:55Z</time></trkpt>
<trkpt lat="37.642250" lon="-119.095706"><ele>2482.0</ele><time>2024-06-20T20:32:09Z</time></trkpt>
<trkpt lat="37.642396" lon="-119.095683"><ele>2483.8</ele><time>2024-06-20T20:32:31Z</time></trkpt>
<trkpt lat="37.642543" lon="-119.095736"><ele>2489.6</ele><time>2024-06-20T20:33:15Z</time></trkpt>
<trkpt lat="37.642564" lon="-119.095827"><ele>2490.4</ele><time>2024-06-20T20:33:25Z</time></trkpt>
<trkpt lat="37.642901" lon="-119.096064"><ele>2493.0</ele><time>2024-06-20T20:33:52Z</time></trkpt>
<trkpt lat="37.643034" lon="-119.096075"><ele>2493.0</ele><time>2024-06-20T20:34:00Z</time></trkpt>
<trkpt lat="37.643501" lon="-119.096719"><ele>2493.4</ele><time>2024-06-20T20:34:53Z</time></trkpt>
<trkpt lat="37.644090" lon="-119.097320"><ele>2493.8</ele><time>2024-06-20T20:35:52Z</time></trkpt>
<trkpt lat="37.644055" lon="-119.097261"><ele>2493.8</ele><time>2024-06-20T20:35:56Z</time></trkpt>
<trkpt lat="37.644127" lon="-119.097434"><ele>2493.4</ele><time>2024-06-20T20:36:03Z</time></trkpt>
<trkpt lat="37.644657" lon="-119.098060"><ele>2495.0</ele><time>2024-06-20T20:36:54Z</time></trkpt>
<trkpt lat="37.645094" lon="-119.098379"><ele>2490.2</ele><time>2024-06-20T20:37:32Z</time></trkpt>
<trkpt lat="37.645539" lon="-119.098487"><ele>2489.0</ele><time>2024-06-20T20:38:10Z</time></trkpt>
<trkpt lat="37.646773" lon="-119.099619"><ele>2488.0</ele><time>2024-06-20T20:39:55Z</time></trkpt>
<trkpt lat="37.646933" lon="-119.099673"><ele>2488.2</ele><time>2024-06-20T20:39:59Z</time></trkpt>
<trkpt lat="37.646900" lon="-119.099694"><ele>2488.4</ele><time>2024-06-20T20:40:07Z</time></trkpt>
<trkpt lat="37.647259" lon="-119.098927"><ele>2494.6</ele><time>2024-06-20T20:41:45Z</time></trkpt>
<trkpt lat="37.647220" lon="-119.098755"><ele>2496.0</ele><time>2024-06-20T20:41:53Z</time></trkpt>
<trkpt lat="37.647034" lon="-119.098683"><ele>2498.2</ele><time>2024-06-20T20:42:11Z</time></trkpt>
<trkpt lat="37.646833" lon="-119.098304"><ele>2500.0</ele><time>2024-06-20T20:42:30Z</time></trkpt>
<trkpt lat="37.646674" lon="-119.097803"><ele>2508.4</ele><time>2024-06-20T20:43:28Z</time></trkpt>
<trkpt lat="37.646610" lon="-119.097251"><ele>2513.6</ele><time>2024-06-20T20:44:07Z</time></trkpt>
<trkpt lat="37.646285" lon="-119.096802"><ele>2519.8</ele><time>2024-06-20T20:44:46Z</time></trkpt>
<trkpt lat="37.646108" lon="-119.096192"><ele>2526.4</ele><time>2024-06-20T20:45:44Z</time></trkpt>
<trkpt lat="37.646125" lon="-119.095943"><ele>2527.4</ele><time>2024-06-20T20:45:52Z</time></trkpt>
<trkpt lat="37.646006" lon="-119.096048"><ele>2528.0</ele><time>2024-06-20T20:45:54Z</time></trkpt>
<trkpt lat="37.645812" lon="-119.095970"><ele>2529.0</ele><time>2024-06-20T20:46:07Z</time></trkpt>
<trkpt lat="37.645548" lon="-119.095507"><ele>2532.0</ele><time>2024-06-20T20:46:26Z</time></trkpt>
<trkpt lat="37.645170" lon="-119.095007"><ele>2541.8</ele><time>2024-06-20T20:47:52Z</time></trkpt>
<trkpt lat="37.645286" lon="-119.095128"><ele>2542.8</ele><time>2024-06-20T20:48:02Z</time></trkpt>
<trkpt lat="37.646113" lon="-119.095196"><ele>2550.4</ele><time>2024-06-20T20:49:26Z</time></trkpt>
<trkpt lat="37.646525" lon="-119.095303"><ele>2551.8</ele><time>2024-06-20T20:49:55Z</time></trkpt>
<trkpt lat="37.646520" lon="-119.095245"><ele>2552.2</ele><time>2024-06-20T20:49:58Z</time></trkpt>
<trkpt lat="37.647148" lon="-119.095480"><ele>2559.0</ele><time>2024-06-20T20:50:51Z</time></trkpt>
<trkpt lat="37.647642" lon="-119.095887"><ele>2565.4</ele><time>2024-06-20T20:51:41Z</time></trkpt>
<trkpt lat="37.648017" lon="-119.095877"><ele>2568.8</ele><time>2024-06-20T20:52:12Z</time></trkpt>
<trkpt lat="37.648793" lon="-119.096030"><ele>2577.8</ele><time>2024-06-20T20:53:16Z</time></trkpt>
<trkpt lat="37.649820" lon="-119.096437"><ele>2588.6</ele><time>2024-06-20T20:54:44Z</time></trkpt>
<trkpt lat="37.650409" lon="-119.096759"><ele>2597.8</ele><time>2024-06-20T20:55:54Z</time></trkpt>
<trkpt lat="37.650555" lon="-119.096715"><ele>2598.8</ele><time>2024-06-20T20:56:06Z</time></trkpt>
<trkpt lat="37.650734" lon="-119.096930"><ele>2602.2</ele><time>2024-06-20T20:56:32Z</time></trkpt>
<trkpt lat="37.651420" lon="-119.097413"><ele>2609.8</ele><time>2024-06-20T20:57:52Z</time></trkpt>
<trkpt lat="37.651266" lon="-119.097318"><ele>2610.0</ele><time>2024-06-20T20:57:53Z</time></trkpt>
<trkpt lat="37.651305" lon="-119.097247"><ele>2610.6</ele><time>2024-06-20T20:57:54Z</time></trkpt>
<trkpt lat="37.652084" lon="-119.097282"><ele>2619.2</ele><time>2024-06-20T20:59:28Z</time></trkpt>
<trkpt lat="37.652424" lon="-119.097439"><ele>2622.4</ele><time>2024-06-20T20:59:58Z</time></trkpt>
<trkpt lat="37.653484" lon="-119.098302"><ele>2635.8</ele><time>2024-06-20T21:02:01Z</time></trkpt>
<trkpt lat="37.653540" lon="-119.098267"><ele>2637.0</ele><time>2024-06-20T21:02:08Z</time></trkpt>
<trkpt lat="37.654146" lon="-119.098651"><ele>2646.4</ele><time>2024-06-20T21:03:44Z</time></trkpt>
<trkpt lat="37.654210" lon="-119.098818"><ele>2647.2</ele><time>2024-06-20T21:03:52Z</time></trkpt>
<trkpt lat="37.654261" lon="-119.098784"><ele>2647.6</ele><time>2024-06-20T21:03:54Z</time></trkpt>
<trkpt lat="37.654551" lon="-119.099119"><ele>2651.2</ele><time>2024-06-20T21:04:21Z</time></trkpt>
<trkpt lat="37.654851" lon="-119.099294"><ele>2654.6</ele><time>2024-06-20T21:04:49Z</time></trkpt>
<trkpt lat="37.654807" lon="-119.099055"><ele>2656.6</ele><time>2024-06-20T21:04:59Z</time></trkpt>
<trkpt lat="37.654983" lon="-119.098759"><ele>2658.8</ele><time>2024-06-20T21:05:32Z</time></trkpt>
<trkpt lat="37.655269" lon="-119.097707"><ele>2667.8</ele><time>2024-06-20T21:06:54Z</time></trkpt>
<trkpt lat="37.655365" lon="-119.097797"><ele>2670.0</ele><time>2024-06-20T21:07:04Z</time></trkpt>
<trkpt lat="37.655383" lon="-119.097668"><ele>2671.2</ele><time>2024-06-20T21:07:11Z</time></trkpt>
<trkpt lat="37.655458" lon="-119.097678"><ele>2673.6</ele><time>2024-06-20T21:07:21Z</time></trkpt>
<trkpt lat="37.655904" lon="-119.097964"><ele>2676.0</ele><time>2024-06-20T21:07:50Z</time></trkpt>
<trkpt lat="37.655839" lon="-119.097884"><ele>2676.6</ele><time>2024-06-20T21:07:53Z</time></trkpt>
<trkpt lat="37.656032" lon="-119.097785"><ele>2679.8</ele><time>2024-06-20T21:08:13Z</time></trkpt>
<trkpt lat="37.656437" lon="-119.098035"><ele>2685.2</ele><time>2024-06-20T21:09:07Z</time></trkpt>
<trkpt lat="37.656946" lon="-119.098236"><ele>2691.0</ele><time>2024-06-20T21:09:56Z</time></trkpt>
<trkpt lat="37.657758" lon="-119.097949"><ele>2699.8</ele><time>2024-06-20T21:11:55Z</time></trkpt>
<trkpt lat="37.657777" lon="-119.097876"><ele>2700.8</ele><time>2024-06-20T21:12:01Z</time></trkpt>
<trkpt lat="37.657873" lon="-119.097904"><ele>2701.8</ele><time>2024-06-20T21:12:13Z</time></trkpt>
<trkpt lat="37.658372" lon="-119.098330"><ele>2705.0</ele><time>2024-06-20T21:13:07Z</time></trkpt>
<trkpt lat="37.658435" lon="-119.098526"><ele>2706.6</ele><time>2024-06-20T21:13:21Z</time></trkpt>
<trkpt lat="37.658636" lon="-119.098725"><ele>2711.8</ele><time>2024-06-20T21:13:59Z</time></trkpt>
<trkpt lat="37.658653" lon="-119.098629"><ele>2712.2</ele><time>2024-06-20T21:14:01Z</time></trkpt>
<trkpt lat="37.659410" lon="-119.099657"><ele>2728.2</ele><time>2024-06-20T21:15:53Z</time></trkpt>
<trkpt lat="37.659405" lon="-119.099577"><ele>2728.4</ele><time>2024-06-20T21:15:54Z</time></trkpt>
<trkpt lat="37.659559" lon="-119.099565"><ele>2728.8</ele><time>2024-06-20T21:16:01Z</time></trkpt>
<trkpt lat="37.659793" lon="-119.099651"><ele>2733.2</ele><time>2024-06-20T21:16:41Z</time></trkpt>
<trkpt lat="37.660017" lon="-119.100015"><ele>2739.6</ele><time>2024-06-20T21:17:29Z</time></trkpt>
<trkpt lat="37.660247" lon="-119.100537"><ele>2742.8</ele><time>2024-06-20T21:18:06Z</time></trkpt>
<trkpt lat="37.660537" lon="-119.100680"><ele>2746.2</ele><time>2024-06-20T21:18:31Z</time></trkpt>
<trkpt lat="37.661017" lon="-119.100649"><ele>2753.6</ele><time>2024-06-20T21:19:37Z</time></trkpt>
<trkpt lat="37.661345" lon="-119.100670"><ele>2755.6</ele><time>2024-06-20T21:19:54Z</time></trkpt>
<trkpt lat="37.661363" lon="-119.100740"><ele>2755.8</ele><time>2024-06-20T21:19:57Z</time></trkpt>
<trkpt lat="37.661323" lon="-119.100583"><ele>2756.6</ele><time>2024-06-20T21:20:02Z</time></trkpt>
<trkpt lat="37.661333" lon="-119.100930"><ele>2755.6</ele><time>2024-06-20T21:20:26Z</time></trkpt>
<trkpt lat="37.661154" lon="-119.101169"><ele>2756.8</ele><time>2024-06-20T21:20:58Z</time></trkpt>
<trkpt lat="37.661133" lon="-119.101562"><ele>2760.6</ele><time>2024-06-20T21:21:48Z</time></trkpt>
<trkpt lat="37.661025" lon="-119.101774"><ele>2762.0</ele><time>2024-06-20T21:22:01Z</time></trkpt>
<trkpt lat="37.660984" lon="-119.102068"><ele>2763.4</ele><time>2024-06-20T21:22:25Z</time></trkpt>
<trkpt lat="37.660546" lon="-119.102970"><ele>2772.8</ele><time>2024-06-20T21:23:59Z</time></trkpt>
<trkpt lat="37.660568" lon="-119.102912"><ele>2773.0</ele><time>2024-06-20T21:24:00Z</time></trkpt>
<trkpt lat="37.660818" lon="-119.102910"><ele>2775.0</ele><time>2024-06-20T21:24:23Z</time></trkpt>
<trkpt lat="37.661061" lon="-119.102799"><ele>2777.2</ele><time>2024-06-20T21:24:41Z</time></trkpt>
<trkpt lat="37.661535" lon="-119.102767"><ele>2786.8</ele><time>2024-06-20T21:25:55Z</time></trkpt>
<trkpt lat="37.662068" lon="-119.102995"><ele>2792.6</ele><time>2024-06-20T21:26:33Z</time></trkpt>
<trkpt lat="37.662419" lon="-119.102920"><ele>2798.0</ele><time>2024-06-20T21:27:19Z</time></trkpt>
<trkpt lat="37.662838" lon="-119.102985"><ele>2802.6</ele><time>2024-06-20T21:28:01Z</time></trkpt>
<trkpt lat="37.662983" lon="-119.103197"><ele>2805.2</ele><time>2024-06-20T21:28:27Z</time></trkpt>
<trkpt lat="37.663368" lon="-119.104218"><ele>2809.0</ele><time>2024-06-20T21:30:06Z</time></trkpt>
<trkpt lat="37.664269" lon="-119.104965"><ele>2824.0</ele><time>2024-06-20T21:31:55Z</time></trkpt>
<trkpt lat="37.664501" lon="-119.105061"><ele>2828.0</ele><time>2024-06-20T21:32:19Z</time></trkpt>
<trkpt lat="37.664554" lon="-119.105184"><ele>2833.6</ele><time>2024-06-20T21:32:57Z</time></trkpt>
<trkpt lat="37.664849" lon="-119.105560"><ele>2839.0</ele><time>2024-06-20T21:33:49Z</time></trkpt>
<trkpt lat="37.664953" lon="-119.105586"><ele>2839.4</ele><time>2024-06-20T21:33:52Z</time></trkpt>
<trkpt lat="37.664938" lon="-119.105697"><ele>2840.0</ele><time>2024-06-20T21:33:57Z</time></trkpt>
<trkpt lat="37.665140" lon="-119.105860"><ele>2838.8</ele><time>2024-06-20T21:35:05Z</time></trkpt>
<trkpt lat="37.665467" lon="-119.106436"><ele>2835.6</ele><time>2024-06-20T21:35:53Z</time></trkpt>
<trkpt lat="37.665565" lon="-119.106339"><ele>2835.6</ele><time>2024-06-20T21:35:54Z</time></trkpt>
<trkpt lat="37.665644" lon="-119.106514"><ele>2835.6</ele><time>2024-06-20T21:36:11Z</time></trkpt>
<trkpt lat="37.666485" lon="-119.107236"><ele>2840.0</ele><time>2024-06-20T21:37:37Z</time></trkpt>
<trkpt lat="37.666862" lon="-119.107288"><ele>2840.0</ele><time>2024-06-20T21:38:10Z</time></trkpt>
<trkpt lat="37.667532" lon="-119.107727"><ele>2843.6</ele><time>2024-06-20T21:39:55Z</time></trkpt>
<trkpt lat="37.667476" lon="-119.107927"><ele>2844.8</ele><time>2024-06-20T21:40:11Z</time></trkpt>
<trkpt lat="37.668057" lon="-119.108577"><ele>2845.4</ele><time>2024-06-20T21:41:56Z</time></trkpt>
<trkpt lat="37.668549" lon="-119.108918"><ele>2846.4</ele><time>2024-06-20T21:42:43Z</time></trkpt>
<trkpt lat="37.669340" lon="-119.109625"><ele>2848.6</ele><time>2024-06-20T21:44:09Z</time></trkpt>
<trkpt lat="37.669880" lon="-119.109788"><ele>2847.8</ele><time>2024-06-20T21:44:49Z</time></trkpt>
<trkpt lat="37.670558" lon="-119.109866"><ele>2849.8</ele><time>2024-06-20T21:45:54Z</time></trkpt>
<trkpt lat="37.670525" lon="-119.109932"><ele>2849.8</ele><time>2024-06-20T21:45:59Z</time></trkpt>
<trkpt lat="37.671262" lon="-119.109956"><ele>2855.0</ele><time>2024-06-20T21:47:52Z</time></trkpt>
<trkpt lat="37.671117" lon="-119.110106"><ele>2855.4</ele><time>2024-06-20T21:48:11Z</time></trkpt>
<trkpt lat="37.671296" lon="-119.110272"><ele>2855.2</ele><time>2024-06-20T21:48:38Z</time></trkpt>
<trkpt lat="37.671582" lon="-119.110717"><ele>2859.2</ele><time>2024-06-20T21:49:42Z</time></trkpt>
<trkpt lat="37.671834" lon="-119.110877"><ele>2859.6</ele><time>2024-06-20T21:50:10Z</time></trkpt>
<trkpt lat="37.671801" lon="-119.110898"><ele>2858.8</ele><time>2024-06-20T21:51:08Z</time></trkpt>
<trkpt lat="37.671865" lon="-119.110848"><ele>2859.0</ele><time>2024-06-20T21:51:42Z</time></trkpt>
<trkpt lat="37.671626" lon="-119.110906"><ele>2858.8</ele><time>2024-06-20T21:53:53Z</time></trkpt>
<trkpt lat="37.671707" lon="-119.110855"><ele>2858.8</ele><time>2024-06-20T21:53:57Z</time></trkpt>
<trkpt lat="37.671686" lon="-119.110753"><ele>2859.0</ele><time>2024-06-20T21:54:03Z</time></trkpt>
<trkpt lat="37.671747" lon="-119.110907"><ele>2858.8</ele><time>2024-06-20T21:54:19Z</time></trkpt>
<trkpt lat="37.671667" lon="-119.111004"><ele>2858.8</ele><time>2024-06-20T21:54:39Z</time></trkpt>
<trkpt lat="37.671550" lon="-119.110821"><ele>2860.0</ele><time>2024-06-20T21:55:55Z</time></trkpt>
<trkpt lat="37.671740" lon="-119.110813"><ele>2859.6</ele><time>2024-06-20T21:56:07Z</time></trkpt>
<trkpt lat="37.671715" lon="-119.110779"><ele>2860.2</ele><time>2024-06-20T21:56:13Z</time></trkpt>
<trkpt lat="37.671788" lon="-119.110893"><ele>2862.2</ele><time>2024-06-20T21:57:48Z</time></trkpt>
<trkpt lat="37.671771" lon="-119.110839"><ele>2862.4</ele><time>2024-06-20T21:58:18Z</time></trkpt>
<trkpt lat="37.671720" lon="-119.110900"><ele>2862.8</ele><time>2024-06-20T21:59:36Z</time></trkpt>
<trkpt lat="37.671788" lon="-119.110901"><ele>2861.8</ele><time>2024-06-20T22:00:06Z</time></trkpt>
<trkpt lat="37.671749" lon="-119.110954"><ele>2862.2</ele><time>2024-06-20T22:00:38Z</time></trkpt>
<trkpt lat="37.671832" lon="-119.110816"><ele>2862.8</ele><time>2024-06-20T22:01:36Z</time></trkpt>
<trkpt lat="37.671798" lon="-119.110877"><ele>2861.4</ele><time>2024-06-20T22:02:06Z</time></trkpt>
<trkpt lat="37.671996" lon="-119.111335"><ele>2864.8</ele><time>2024-06-20T22:03:54Z</time></trkpt>
<trkpt lat="37.672121" lon="-119.111281"><ele>2866.0</ele><time>2024-06-20T22:04:05Z</time></trkpt>
<trkpt lat="37.672358" lon="-119.111619"><ele>2869.0</ele><time>2024-06-20T22:04:30Z</time></trkpt>
<trkpt lat="37.672495" lon="-119.112049"><ele>2874.6</ele><time>2024-06-20T22:05:16Z</time></trkpt>
<trkpt lat="37.672668" lon="-119.112388"><ele>2878.6</ele><time>2024-06-20T22:05:55Z</time></trkpt>
<trkpt lat="37.672680" lon="-119.112345"><ele>2878.8</ele><time>2024-06-20T22:05:56Z</time></trkpt>
<trkpt lat="37.672661" lon="-119.112490"><ele>2879.2</ele><time>2024-06-20T22:06:00Z</time></trkpt>
<trkpt lat="37.672825" lon="-119.112329"><ele>2879.2</ele><time>2024-06-20T22:06:02Z</time></trkpt>
<trkpt lat="37.672981" lon="-119.112547"><ele>2883.2</ele><time>2024-06-20T22:06:28Z</time></trkpt>
<trkpt lat="37.673126" lon="-119.112589"><ele>2884.2</ele><time>2024-06-20T22:06:44Z</time></trkpt>
<trkpt lat="37.673305" lon="-119.113277"><ele>2887.2</ele><time>2024-06-20T22:07:55Z</time></trkpt>
<trkpt lat="37.673455" lon="-119.113193"><ele>2887.4</ele><time>2024-06-20T22:08:13Z</time></trkpt>
<trkpt lat="37.673372" lon="-119.113223"><ele>2886.8</ele><time>2024-06-20T22:09:55Z</time></trkpt>
<trkpt lat="37.673458" lon="-119.113276"><ele>2886.8</ele><time>2024-06-20T22:09:56Z</time></trkpt>
<trkpt lat="37.673358" lon="-119.113358"><ele>2886.8</ele><time>2024-06-20T22:09:59Z</time></trkpt>
<trkpt lat="37.673483" lon="-119.113204"><ele>2887.6</ele><time>2024-06-20T22:10:07Z</time></trkpt>
<trkpt lat="37.673371" lon="-119.113337"><ele>2890.0</ele><time>2024-06-20T22:11:58Z</time></trkpt>
<trkpt lat="37.673465" lon="-119.113159"><ele>2889.6</ele><time>2024-06-20T22:12:08Z</time></trkpt>
<trkpt lat="37.673595" lon="-119.113106"><ele>2889.8</ele><time>2024-06-20T22:13:44Z</time></trkpt>
<trkpt lat="37.673497" lon="-119.113213"><ele>2890.0</ele><time>2024-06-20T22:13:59Z</time></trkpt>
<trkpt lat="37.673407" lon="-119.113160"><ele>2889.4</ele><time>2024-06-20T22:15:55Z</time></trkpt>
<trkpt lat="37.673488" lon="-119.113180"><ele>2889.4</ele><time>2024-06-20T22:16:02Z</time></trkpt>
<trkpt lat="37.673396" lon="-119.113286"><ele>2889.8</ele><time>2024-06-20T22:17:55Z</time></trkpt>
<trkpt lat="37.673526" lon="-119.113177"><ele>2891.4</ele><time>2024-06-20T22:18:04Z</time></trkpt>
<trkpt lat="37.673371" lon="-119.113233"><ele>2891.6</ele><time>2024-06-20T22:19:55Z</time></trkpt>
<trkpt lat="37.673558" lon="-119.113168"><ele>2892.4</ele><time>2024-06-20T22:20:02Z</time></trkpt>
<trkpt lat="37.673411" lon="-119.113281"><ele>2891.6</ele><time>2024-06-20T22:22:03Z</time></trkpt>
<trkpt lat="37.673587" lon="-119.112982"><ele>2890.8</ele><time>2024-06-20T22:23:50Z</time></trkpt>
<trkpt lat="37.673535" lon="-119.113181"><ele>2891.0</ele><time>2024-06-20T22:23:58Z</time></trkpt>
<trkpt lat="37.673419" lon="-119.113219"><ele>2891.0</ele><time>2024-06-20T22:25:55Z</time></trkpt>
<trkpt lat="37.673457" lon="-119.113258"><ele>2891.2</ele><time>2024-06-20T22:26:06Z</time></trkpt>
<trkpt lat="37.673522" lon="-119.113177"><ele>2891.4</ele><time>2024-06-20T22:27:57Z</time></trkpt>
<trkpt lat="37.673482" lon="-119.113228"><ele>2891.2</ele><time>2024-06-20T22:28:00Z</time></trkpt>
<trkpt lat="37.673390" lon="-119.113174"><ele>2890.4</ele><time>2024-06-20T22:32:14Z</time></trkpt>
<trkpt lat="37.673425" lon="-119.113131"><ele>2891.8</ele><time>2024-06-20T22:33:57Z</time></trkpt>
<trkpt lat="37.673415" lon="-119.113202"><ele>2891.8</ele><time>2024-06-20T22:34:00Z</time></trkpt>
<trkpt lat="37.673462" lon="-119.113197"><ele>2891.8</ele><time>2024-06-20T22:34:04Z</time></trkpt>
<trkpt lat="37.673257" lon="-119.113173"><ele>2891.0</ele><time>2024-06-20T22:35:54Z</time></trkpt>
<trkpt lat="37.673414" lon="-119.113213"><ele>2890.2</ele><time>2024-06-20T22:36:07Z</time></trkpt>
<trkpt lat="37.673697" lon="-119.113661"><ele>2890.4</ele><time>2024-06-20T22:37:54Z</time></trkpt>
<trkpt lat="37.673644" lon="-119.113535"><ele>2890.4</ele><time>2024-06-20T22:38:12Z</time></trkpt>
<trkpt lat="37.673890" lon="-119.114174"><ele>2893.4</ele><time>2024-06-20T22:39:31Z</time></trkpt>
<trkpt lat="37.674120" lon="-119.115117"><ele>2895.2</ele><time>2024-06-20T22:40:29Z</time></trkpt>
<trkpt lat="37.674409" lon="-119.115844"><ele>2897.6</ele><time>2024-06-20T22:41:49Z</time></trkpt>
<trkpt lat="37.674629" lon="-119.116087"><ele>2897.6</ele><time>2024-06-20T22:41:55Z</time></trkpt>
<trkpt lat="37.674380" lon="-119.115987"><ele>2897.6</ele><time>2024-06-20T22:41:57Z</time></trkpt>
<trkpt lat="37.674537" lon="-119.115831"><ele>2897.6</ele><time>2024-06-20T22:42:11Z</time></trkpt>
<trkpt lat="37.674346" lon="-119.115954"><ele>2897.2</ele><time>2024-06-20T22:44:14Z</time></trkpt>
<trkpt lat="37.674376" lon="-119.115774"><ele>2896.8</ele><time>2024-06-20T22:46:01Z</time></trkpt>
<trkpt lat="37.674335" lon="-119.115842"><ele>2896.8</ele><time>2024-06-20T22:46:05Z</time></trkpt>
<trkpt lat="37.674406" lon="-119.115836"><ele>2896.2</ele><time>2024-06-20T22:48:00Z</time></trkpt>
<trkpt lat="37.674354" lon="-119.115859"><ele>2896.2</ele><time>2024-06-20T22:48:14Z</time></trkpt>
<trkpt lat="37.674368" lon="-119.115987"><ele>2898.2</ele><time>2024-06-20T22:49:58Z</time></trkpt>
<trkpt lat="37.674447" lon="-119.115845"><ele>2897.8</ele><time>2024-06-20T22:50:11Z</time></trkpt>
<trkpt lat="37.674532" lon="-119.116334"><ele>2899.6</ele><time>2024-06-20T22:51:54Z</time></trkpt>
<trkpt lat="37.674491" lon="-119.116419"><ele>2899.6</ele><time>2024-06-20T22:51:56Z</time></trkpt>
<trkpt lat="37.674544" lon="-119.116525"><ele>2899.8</ele><time>2024-06-20T22:52:01Z</time></trkpt>
<trkpt lat="37.675209" lon="-119.116677"><ele>2900.2</ele><time>2024-06-20T22:53:17Z</time></trkpt>
<trkpt lat="37.675698" lon="-119.116901"><ele>2903.2</ele><time>2024-06-20T22:53:55Z</time></trkpt>
<trkpt lat="37.675736" lon="-119.116852"><ele>2904.0</ele><time>2024-06-20T22:53:57Z</time></trkpt>
<trkpt lat="37.675678" lon="-119.118316"><ele>2919.4</ele><time>2024-06-20T22:55:58Z</time></trkpt>
<trkpt lat="37.675793" lon="-119.118371"><ele>2920.4</ele><time>2024-06-20T22:56:04Z</time></trkpt>
<trkpt lat="37.676314" lon="-119.118168"><ele>2928.2</ele><time>2024-06-20T22:57:04Z</time></trkpt>
<trkpt lat="37.676391" lon="-119.118043"><ele>2930.8</ele><time>2024-06-20T22:57:24Z</time></trkpt>
<trkpt lat="37.676727" lon="-119.117921"><ele>2933.4</ele><time>2024-06-20T22:57:55Z</time></trkpt>
<trkpt lat="37.676715" lon="-119.117827"><ele>2934.0</ele><time>2024-06-20T22:58:09Z</time></trkpt>
<trkpt lat="37.677052" lon="-119.117870"><ele>2935.0</ele><time>2024-06-20T22:58:43Z</time></trkpt>
<trkpt lat="37.677318" lon="-119.118016"><ele>2936.0</ele><time>2024-06-20T22:59:15Z</time></trkpt>
<trkpt lat="37.677824" lon="-119.118087"><ele>2937.8</ele><time>2024-06-20T22:59:56Z</time></trkpt>
<trkpt lat="37.677898" lon="-119.118081"><ele>2938.2</ele><time>2024-06-20T22:59:59Z</time></trkpt>
<trkpt lat="37.677825" lon="-119.118018"><ele>2938.4</ele><time>2024-06-20T23:00:05Z</time></trkpt>
<trkpt lat="37.677987" lon="-119.117965"><ele>2938.8</ele><time>2024-06-20T23:00:18Z</time></trkpt>
<trkpt lat="37.678382" lon="-119.117954"><ele>2943.6</ele><time>2024-06-20T23:00:52Z</time></trkpt>
<trkpt lat="37.678357" lon="-119.117916"><ele>2943.8</ele><time>2024-06-20T23:00:53Z</time></trkpt>
<trkpt lat="37.678522" lon="-119.117739"><ele>2946.0</ele><time>2024-06-20T23:01:14Z</time></trkpt>
<trkpt lat="37.678782" lon="-119.118017"><ele>2957.8</ele><time>2024-06-20T23:02:33Z</time></trkpt>
<trkpt lat="37.679152" lon="-119.117834"><ele>2959.8</ele><time>2024-06-20T23:03:07Z</time></trkpt>
<trkpt lat="37.679241" lon="-119.117883"><ele>2959.8</ele><time>2024-06-20T23:03:14Z</time></trkpt>
<trkpt lat="37.679644" lon="-119.117383"><ele>2959.0</ele><time>2024-06-20T23:04:03Z</time></trkpt>
<trkpt lat="37.679752" lon="-119.117360"><ele>2958.8</ele><time>2024-06-20T23:04:10Z</time></trkpt>
<trkpt lat="37.680112" lon="-119.117601"><ele>2953.4</ele><time>2024-06-20T23:04:56Z</time></trkpt>
<trkpt lat="37.680197" lon="-119.117761"><ele>2950.2</ele><time>2024-06-20T23:05:20Z</time></trkpt>
<trkpt lat="37.680506" lon="-119.117746"><ele>2944.6</ele><time>2024-06-20T23:06:01Z</time></trkpt>
<trkpt lat="37.680475" lon="-119.117625"><ele>2944.4</ele><time>2024-06-20T23:06:04Z</time></trkpt>
<trkpt lat="37.680532" lon="-119.117610"><ele>2943.6</ele><time>2024-06-20T23:06:11Z</time></trkpt>
<trkpt lat="37.680750" lon="-119.117688"><ele>2939.4</ele><time>2024-06-20T23:06:49Z</time></trkpt>
<trkpt lat="37.681150" lon="-119.117990"><ele>2930.4</ele><time>2024-06-20T23:07:57Z</time></trkpt>
<trkpt lat="37.681032" lon="-119.118171"><ele>2930.4</ele><time>2024-06-20T23:07:59Z</time></trkpt>
<trkpt lat="37.680987" lon="-119.118426"><ele>2930.6</ele><time>2024-06-20T23:08:09Z</time></trkpt>
<trkpt lat="37.681798" lon="-119.119347"><ele>2928.8</ele><time>2024-06-20T23:10:00Z</time></trkpt>
<trkpt lat="37.681844" lon="-119.119487"><ele>2929.6</ele><time>2024-06-20T23:10:15Z</time></trkpt>
<trkpt lat="37.682360" lon="-119.119728"><ele>2929.8</ele><time>2024-06-20T23:10:52Z</time></trkpt>
<trkpt lat="37.682888" lon="-119.119710"><ele>2927.4</ele><time>2024-06-20T23:11:55Z</time></trkpt>
<trkpt lat="37.683012" lon="-119.119584"><ele>2927.8</ele><time>2024-06-20T23:12:07Z</time></trkpt>
<trkpt lat="37.683101" lon="-119.119599"><ele>2928.4</ele><time>2024-06-20T23:12:12Z</time></trkpt>
<trkpt lat="37.683250" lon="-119.120059"><ele>2932.6</ele><time>2024-06-20T23:12:58Z</time></trkpt>
<trkpt lat="37.683481" lon="-119.120179"><ele>2933.0</ele><time>2024-06-20T23:13:36Z</time></trkpt>
<trkpt lat="37.683665" lon="-119.120618"><ele>2928.2</ele><time>2024-06-20T23:13:56Z</time></trkpt>
<trkpt lat="37.683656" lon="-119.120931"><ele>2926.6</ele><time>2024-06-20T23:14:13Z</time></trkpt>
<trkpt lat="37.683810" lon="-119.121083"><ele>2922.8</ele><time>2024-06-20T23:14:30Z</time></trkpt>
<trkpt lat="37.684725" lon="-119.120753"><ele>2910.2</ele><time>2024-06-20T23:15:55Z</time></trkpt>
<trkpt lat="37.684773" lon="-119.120810"><ele>2909.8</ele><time>2024-06-20T23:15:57Z</time></trkpt>
<trkpt lat="37.684857" lon="-119.120652"><ele>2908.2</ele><time>2024-06-20T23:16:09Z</time></trkpt>
<trkpt lat="37.685886" lon="-119.120009"><ele>2897.0</ele><time>2024-06-20T23:17:56Z</time></trkpt>
<trkpt lat="37.686053" lon="-119.119976"><ele>2895.8</ele><time>2024-06-20T23:18:06Z</time></trkpt>
<trkpt lat="37.685551" lon="-119.120843"><ele>2884.6</ele><time>2024-06-20T23:19:24Z</time></trkpt>
<trkpt lat="37.685489" lon="-119.121428"><ele>2879.6</ele><time>2024-06-20T23:19:58Z</time></trkpt>
<trkpt lat="37.685390" lon="-119.121478"><ele>2878.8</ele><time>2024-06-20T23:20:06Z</time></trkpt>
<trkpt lat="37.686018" lon="-119.121322"><ele>2872.2</ele><time>2024-06-20T23:21:10Z</time></trkpt>
<trkpt lat="37.686504" lon="-119.120985"><ele>2864.2</ele><time>2024-06-20T23:21:58Z</time></trkpt>
<trkpt lat="37.686623" lon="-119.121050"><ele>2862.4</ele><time>2024-06-20T23:22:08Z</time></trkpt>
<trkpt lat="37.687659" lon="-119.121097"><ele>2861.2</ele><time>2024-06-20T23:24:05Z</time></trkpt>
<trkpt lat="37.687702" lon="-119.121251"><ele>2861.2</ele><time>2024-06-20T23:24:12Z</time></trkpt>
<trkpt lat="37.688207" lon="-119.121468"><ele>2859.2</ele><time>2024-06-20T23:25:18Z</time></trkpt>
<trkpt lat="37.688195" lon="-119.121678"><ele>2860.4</ele><time>2024-06-20T23:25:34Z</time></trkpt>
<trkpt lat="37.688308" lon="-119.122157"><ele>2862.2</ele><time>2024-06-20T23:26:02Z</time></trkpt>
<trkpt lat="37.688409" lon="-119.123041"><ele>2864.8</ele><time>2024-06-20T23:27:02Z</time></trkpt>
<trkpt lat="37.688615" lon="-119.123562"><ele>2870.4</ele><time>2024-06-20T23:27:52Z</time></trkpt>
<trkpt lat="37.688626" lon="-119.123743"><ele>2871.8</ele><time>2024-06-20T23:27:58Z</time></trkpt>
<trkpt lat="37.688529" lon="-119.123911"><ele>2873.0</ele><time>2024-06-20T23:28:05Z</time></trkpt>
<trkpt lat="37.689003" lon="-119.125232"><ele>2881.2</ele><time>2024-06-20T23:29:56Z</time></trkpt>
<trkpt lat="37.689441" lon="-119.125759"><ele>2884.6</ele><time>2024-06-20T23:31:57Z</time></trkpt>
<trkpt lat="37.689573" lon="-119.125789"><ele>2885.0</ele><time>2024-06-20T23:32:09Z</time></trkpt>
<trkpt lat="37.690070" lon="-119.126199"><ele>2878.2</ele><time>2024-06-20T23:32:52Z</time></trkpt>
<trkpt lat="37.690395" lon="-119.126362"><ele>2873.0</ele><time>2024-06-20T23:33:30Z</time></trkpt>
<trkpt lat="37.690279" lon="-119.126453"><ele>2871.0</ele><time>2024-06-20T23:33:56Z</time></trkpt>
<trkpt lat="37.690289" lon="-119.126516"><ele>2869.8</ele><time>2024-06-20T23:34:06Z</time></trkpt>
<trkpt lat="37.690468" lon="-119.126533"><ele>2867.6</ele><time>2024-06-20T23:34:22Z</time></trkpt>
<trkpt lat="37.690720" lon="-119.126684"><ele>2864.2</ele><time>2024-06-20T23:34:44Z</time></trkpt>
<trkpt lat="37.690497" lon="-119.126694"><ele>2860.6</ele><time>2024-06-20T23:35:08Z</time></trkpt>
<trkpt lat="37.690437" lon="-119.126769"><ele>2859.4</ele><time>2024-06-20T23:35:22Z</time></trkpt>
<trkpt lat="37.690560" lon="-119.126777"><ele>2853.4</ele><time>2024-06-20T23:35:58Z</time></trkpt>
<trkpt lat="37.690457" lon="-119.126864"><ele>2852.6</ele><time>2024-06-20T23:36:06Z</time></trkpt>
<trkpt lat="37.690601" lon="-119.126906"><ele>2851.2</ele><time>2024-06-20T23:36:16Z</time></trkpt>
<trkpt lat="37.690742" lon="-119.127055"><ele>2847.2</ele><time>2024-06-20T23:36:50Z</time></trkpt>
<trkpt lat="37.690583" lon="-119.127217"><ele>2843.8</ele><time>2024-06-20T23:37:12Z</time></trkpt>
<trkpt lat="37.691036" lon="-119.127215"><ele>2837.2</ele><time>2024-06-20T23:37:54Z</time></trkpt>
<trkpt lat="37.691361" lon="-119.127326"><ele>2831.2</ele><time>2024-06-20T23:38:24Z</time></trkpt>
<trkpt lat="37.691356" lon="-119.127403"><ele>2829.2</ele><time>2024-06-20T23:38:44Z</time></trkpt>
<trkpt lat="37.691175" lon="-119.127253"><ele>2824.8</ele><time>2024-06-20T23:39:28Z</time></trkpt>
<trkpt lat="37.691140" lon="-119.127449"><ele>2821.4</ele><time>2024-06-20T23:39:57Z</time></trkpt>
<trkpt lat="37.691315" lon="-119.127423"><ele>2821.2</ele><time>2024-06-20T23:39:59Z</time></trkpt>
<trkpt lat="37.691218" lon="-119.127465"><ele>2820.2</ele><time>2024-06-20T23:40:04Z</time></trkpt>
<trkpt lat="37.691345" lon="-119.127650"><ele>2817.0</ele><time>2024-06-20T23:40:36Z</time></trkpt>
<trkpt lat="37.691512" lon="-119.127661"><ele>2814.8</ele><time>2024-06-20T23:40:50Z</time></trkpt>
<trkpt lat="37.691221" lon="-119.127832"><ele>2808.4</ele><time>2024-06-20T23:41:40Z</time></trkpt>
<trkpt lat="37.691217" lon="-119.127868"><ele>2804.8</ele><time>2024-06-20T23:42:00Z</time></trkpt>
<trkpt lat="37.691279" lon="-119.127815"><ele>2804.4</ele><time>2024-06-20T23:42:04Z</time></trkpt>
<trkpt lat="37.691211" lon="-119.127871"><ele>2803.4</ele><time>2024-06-20T23:42:10Z</time></trkpt>
<trkpt lat="37.692075" lon="-119.127785"><ele>2790.4</ele><time>2024-06-20T23:43:59Z</time></trkpt>
<trkpt lat="37.691816" lon="-119.127824"><ele>2788.4</ele><time>2024-06-20T23:44:14Z</time></trkpt>
<trkpt lat="37.691806" lon="-119.128023"><ele>2785.8</ele><time>2024-06-20T23:44:30Z</time></trkpt>
<trkpt lat="37.691670" lon="-119.128144"><ele>2781.4</ele><time>2024-06-20T23:44:54Z</time></trkpt>
<trkpt lat="37.692282" lon="-119.128087"><ele>2775.6</ele><time>2024-06-20T23:45:36Z</time></trkpt>
<trkpt lat="37.692426" lon="-119.128136"><ele>2773.2</ele><time>2024-06-20T23:46:02Z</time></trkpt>
<trkpt lat="37.692394" lon="-119.127887"><ele>2772.8</ele><time>2024-06-20T23:46:05Z</time></trkpt>
<trkpt lat="37.692330" lon="-119.127925"><ele>2772.2</ele><time>2024-06-20T23:46:08Z</time></trkpt>
<trkpt lat="37.692365" lon="-119.127871"><ele>2771.6</ele><time>2024-06-20T23:46:11Z</time></trkpt>
<trkpt lat="37.691904" lon="-119.127807"><ele>2766.8</ele><time>2024-06-20T23:46:35Z</time></trkpt>
<trkpt lat="37.691767" lon="-119.127920"><ele>2763.2</ele><time>2024-06-20T23:46:55Z</time></trkpt>
<trkpt lat="37.691757" lon="-119.128031"><ele>2761.2</ele><time>2024-06-20T23:47:07Z</time></trkpt>
<trkpt lat="37.692397" lon="-119.128556"><ele>2751.0</ele><time>2024-06-20T23:48:08Z</time></trkpt>
<trkpt lat="37.692216" lon="-119.128395"><ele>2750.6</ele><time>2024-06-20T23:48:16Z</time></trkpt>
<trkpt lat="37.692119" lon="-119.128388"><ele>2749.6</ele><time>2024-06-20T23:48:21Z</time></trkpt>
<trkpt lat="37.691916" lon="-119.128586"><ele>2745.4</ele><time>2024-06-20T23:48:46Z</time></trkpt>
<trkpt lat="37.691832" lon="-119.128745"><ele>2743.6</ele><time>2024-06-20T23:48:58Z</time></trkpt>
<trkpt lat="37.691839" lon="-119.128898"><ele>2742.6</ele><time>2024-06-20T23:49:04Z</time></trkpt>
<trkpt lat="37.691717" lon="-119.128944"><ele>2741.8</ele><time>2024-06-20T23:49:22Z</time></trkpt>
<trkpt lat="37.691566" lon="-119.129285"><ele>2738.6</ele><time>2024-06-20T23:49:43Z</time></trkpt>
<trkpt lat="37.691543" lon="-119.129229"><ele>2738.4</ele><time>2024-06-20T23:49:46Z</time></trkpt>
<trkpt lat="37.691589" lon="-119.129294"><ele>2737.2</ele><time>2024-06-20T23:49:56Z</time></trkpt>
<trkpt lat="37.691957" lon="-119.129192"><ele>2731.6</ele><time>2024-06-20T23:50:36Z</time></trkpt>
<trkpt lat="37.691938" lon="-119.129576"><ele>2723.8</ele><time>2024-06-20T23:51:18Z</time></trkpt>
<trkpt lat="37.692144" lon="-119.129556"><ele>2721.8</ele><time>2024-06-20T23:51:33Z</time></trkpt>
<trkpt lat="37.691896" lon="-119.129548"><ele>2721.4</ele><time>2024-06-20T23:51:35Z</time></trkpt>
<trkpt lat="37.692020" lon="-119.129519"><ele>2719.4</ele><time>2024-06-20T23:51:43Z</time></trkpt>
<trkpt lat="37.692147" lon="-119.129309"><ele>2715.2</ele><time>2024-06-20T23:52:08Z</time></trkpt>
<trkpt lat="37.692004" lon="-119.129705"><ele>2709.6</ele><time>2024-06-20T23:52:41Z</time></trkpt>
<trkpt lat="37.692121" lon="-119.130095"><ele>2702.8</ele><time>2024-06-20T23:53:23Z</time></trkpt>
<trkpt lat="37.691930" lon="-119.130553"><ele>2697.6</ele><time>2024-06-20T23:53:59Z</time></trkpt>
<trkpt lat="37.691994" lon="-119.130767"><ele>2695.6</ele><time>2024-06-20T23:54:15Z</time></trkpt>
<trkpt lat="37.691887" lon="-119.130622"><ele>2694.8</ele><time>2024-06-20T23:56:02Z</time></trkpt>
<trkpt lat="37.692043" lon="-119.130642"><ele>2694.6</ele><time>2024-06-20T23:56:09Z</time></trkpt>
<trkpt lat="37.692055" lon="-119.130834"><ele>2695.2</ele><time>2024-06-20T23:57:57Z</time></trkpt>
<trkpt lat="37.692140" lon="-119.130791"><ele>2694.4</ele><time>2024-06-20T23:58:12Z</time></trkpt>
<trkpt lat="37.692053" lon="-119.130759"><ele>2694.4</ele><time>2024-06-21T00:00:02Z</time></trkpt>
<trkpt lat="37.692130" lon="-119.130713"><ele>2694.4</ele><time>2024-06-21T00:00:04Z</time></trkpt>
<trkpt lat="37.692051" lon="-119.130769"><ele>2694.2</ele><time>2024-06-21T00:00:11Z</time></trkpt>
<trkpt lat="37.692132" lon="-119.130925"><ele>2693.6</ele><time>2024-06-21T00:01:59Z</time></trkpt>
<trkpt lat="37.692078" lon="-119.130858"><ele>2693.4</ele><time>2024-06-21T00:02:04Z</time></trkpt>
<trkpt lat="37.692079" lon="-119.130932"><ele>2693.2</ele><time>2024-06-21T00:02:12Z</time></trkpt>
<trkpt lat="37.692001" lon="-119.130929"><ele>2693.2</ele><time>2024-06-21T00:02:14Z</time></trkpt>
<trkpt lat="37.691968" lon="-119.130834"><ele>2694.8</ele><time>2024-06-21T00:03:51Z</time></trkpt>
<trkpt lat="37.691763" lon="-119.130844"><ele>2694.8</ele><time>2024-06-21T00:03:59Z</time></trkpt>
<trkpt lat="37.692196" lon="-119.130788"><ele>2694.8</ele><time>2024-06-21T00:04:05Z</time></trkpt>
<trkpt lat="37.692139" lon="-119.130798"><ele>2694.6</ele><time>2024-06-21T00:04:16Z</time></trkpt>
<trkpt lat="37.692145" lon="-119.130776"><ele>2700.2</ele><time>2024-06-21T00:06:05Z</time></trkpt>
<trkpt lat="37.691751" lon="-119.130671"><ele>2701.6</ele><time>2024-06-21T00:07:58Z</time></trkpt>
<trkpt lat="37.692070" lon="-119.130771"><ele>2701.6</ele><time>2024-06-21T00:08:05Z</time></trkpt>
<trkpt lat="37.692069" lon="-119.130840"><ele>2701.6</ele><time>2024-06-21T00:08:16Z</time></trkpt>
<trkpt lat="37.691984" lon="-119.130824"><ele>2703.6</ele><time>2024-06-21T00:10:02Z</time></trkpt>
<trkpt lat="37.692099" lon="-119.130867"><ele>2703.4</ele><time>2024-06-21T00:12:11Z</time></trkpt>
<trkpt lat="37.692183" lon="-119.130737"><ele>2703.2</ele><time>2024-06-21T00:12:28Z</time></trkpt>
<trkpt lat="37.692032" lon="-119.130644"><ele>2703.4</ele><time>2024-06-21T00:13:10Z</time></trkpt>
<trkpt lat="37.692148" lon="-119.130677"><ele>2705.2</ele><time>2024-06-21T00:14:59Z</time></trkpt>
<trkpt lat="37.692097" lon="-119.130799"><ele>2704.6</ele><time>2024-06-21T00:15:11Z</time></trkpt>
<trkpt lat="37.692011" lon="-119.130757"><ele>2704.4</ele><time>2024-06-21T00:16:17Z</time></trkpt>
<trkpt lat="37.692045" lon="-119.130737"><ele>2705.2</ele><time>2024-06-21T00:17:03Z</time></trkpt>
<trkpt lat="37.692006" lon="-119.130798"><ele>2705.0</ele><time>2024-06-21T00:17:11Z</time></trkpt>
<trkpt lat="37.692050" lon="-119.131104"><ele>2701.4</ele><time>2024-06-21T00:19:04Z</time></trkpt>
<trkpt lat="37.691961" lon="-119.131231"><ele>2701.2</ele><time>2024-06-21T00:19:14Z</time></trkpt>
<trkpt lat="37.691757" lon="-119.132102"><ele>2698.4</ele><time>2024-06-21T00:20:21Z</time></trkpt>
<trkpt lat="37.691599" lon="-119.132374"><ele>2698.6</ele><time>2024-06-21T00:21:02Z</time></trkpt>
<trkpt lat="37.691675" lon="-119.132373"><ele>2698.6</ele><time>2024-06-21T00:21:03Z</time></trkpt>
<trkpt lat="37.691609" lon="-119.132453"><ele>2698.6</ele><time>2024-06-21T00:21:06Z</time></trkpt>
<trkpt lat="37.691832" lon="-119.132522"><ele>2699.2</ele><time>2024-06-21T00:21:15Z</time></trkpt>
<trkpt lat="37.691919" lon="-119.132664"><ele>2699.2</ele><time>2024-06-21T00:21:21Z</time></trkpt>
<trkpt lat="37.692069" lon="-119.134066"><ele>2699.8</ele><time>2024-06-21T00:22:57Z</time></trkpt>
<trkpt lat="37.691988" lon="-119.134661"><ele>2707.0</ele><time>2024-06-21T00:24:15Z</time></trkpt>
<trkpt lat="37.691787" lon="-119.135080"><ele>2714.0</ele><time>2024-06-21T00:25:01Z</time></trkpt>
<trkpt lat="37.691794" lon="-119.135273"><ele>2713.4</ele><time>2024-06-21T00:25:15Z</time></trkpt>
<trkpt lat="37.691842" lon="-119.135506"><ele>2711.4</ele><time>2024-06-21T00:25:30Z</time></trkpt>
<trkpt lat="37.692646" lon="-119.136449"><ele>2704.4</ele><time>2024-06-21T00:27:04Z</time></trkpt>
<trkpt lat="37.693496" lon="-119.136869"><ele>2702.6</ele><time>2024-06-21T00:28:27Z</time></trkpt>
<trkpt lat="37.693758" lon="-119.137293"><ele>2704.8</ele><time>2024-06-21T00:28:57Z</time></trkpt>
<trkpt lat="37.693891" lon="-119.137320"><ele>2705.4</ele><time>2024-06-21T00:29:06Z</time></trkpt>
<trkpt lat="37.693944" lon="-119.137491"><ele>2706.6</ele><time>2024-06-21T00:29:22Z</time></trkpt>
<trkpt lat="37.693981" lon="-119.137936"><ele>2709.8</ele><time>2024-06-21T00:29:56Z</time></trkpt>
<trkpt lat="37.693921" lon="-119.138133"><ele>2710.8</ele><time>2024-06-21T00:30:16Z</time></trkpt>
<trkpt lat="37.693418" lon="-119.138404"><ele>2709.4</ele><time>2024-06-21T00:31:14Z</time></trkpt>
<trkpt lat="37.693229" lon="-119.138630"><ele>2710.8</ele><time>2024-06-21T00:31:40Z</time></trkpt>
<trkpt lat="37.692794" lon="-119.139508"><ele>2713.8</ele><time>2024-06-21T00:32:59Z</time></trkpt>
<trkpt lat="37.693353" lon="-119.141030"><ele>2727.6</ele><time>2024-06-21T00:35:06Z</time></trkpt>
<trkpt lat="37.693122" lon="-119.141470"><ele>2725.8</ele><time>2024-06-21T00:35:38Z</time></trkpt>
<trkpt lat="37.692723" lon="-119.142410"><ele>2732.0</ele><time>2024-06-21T00:36:59Z</time></trkpt>
<trkpt lat="37.692846" lon="-119.142446"><ele>2731.6</ele><time>2024-06-21T00:37:05Z</time></trkpt>
<trkpt lat="37.692834" lon="-119.142615"><ele>2730.6</ele><time>2024-06-21T00:37:16Z</time></trkpt>
<trkpt lat="37.692712" lon="-119.142769"><ele>2730.0</ele><time>2024-06-21T00:37:26Z</time></trkpt>
<trkpt lat="37.691832" lon="-119.143016"><ele>2737.0</ele><time>2024-06-21T00:39:04Z</time></trkpt>
<trkpt lat="37.691910" lon="-119.142899"><ele>2737.8</ele><time>2024-06-21T00:39:11Z</time></trkpt>
<trkpt lat="37.691485" lon="-119.143120"><ele>2738.8</ele><time>2024-06-21T00:39:40Z</time></trkpt>
<trkpt lat="37.691172" lon="-119.143147"><ele>2743.8</ele><time>2024-06-21T00:40:24Z</time></trkpt>
<trkpt lat="37.690829" lon="-119.143331"><ele>2747.2</ele><time>2024-06-21T00:40:57Z</time></trkpt>
<trkpt lat="37.691168" lon="-119.142998"><ele>2747.4</ele><time>2024-06-21T00:40:59Z</time></trkpt>
<trkpt lat="37.691304" lon="-119.143005"><ele>2747.6</ele><time>2024-06-21T00:41:08Z</time></trkpt>
<trkpt lat="37.691109" lon="-119.143211"><ele>2751.8</ele><time>2024-06-21T00:41:42Z</time></trkpt>
<trkpt lat="37.690417" lon="-119.143714"><ele>2754.0</ele><time>2024-06-21T00:42:59Z</time></trkpt>
<trkpt lat="37.690357" lon="-119.143948"><ele>2753.4</ele><time>2024-06-21T00:43:15Z</time></trkpt>
<trkpt lat="37.690489" lon="-119.144272"><ele>2758.6</ele><time>2024-06-21T00:44:07Z</time></trkpt>
<trkpt lat="37.690843" lon="-119.144856"><ele>2760.4</ele><time>2024-06-21T00:45:02Z</time></trkpt>
<trkpt lat="37.691945" lon="-119.145752"><ele>2773.4</ele><time>2024-06-21T00:47:17Z</time></trkpt>
<trkpt lat="37.692110" lon="-119.146011"><ele>2774.6</ele><time>2024-06-21T00:47:34Z</time></trkpt>
<trkpt lat="37.692315" lon="-119.146152"><ele>2774.4</ele><time>2024-06-21T00:48:00Z</time></trkpt>
<trkpt lat="37.692898" lon="-119.146782"><ele>2778.2</ele><time>2024-06-21T00:49:15Z</time></trkpt>
<trkpt lat="37.693367" lon="-119.146782"><ele>2786.6</ele><time>2024-06-21T00:50:26Z</time></trkpt>
<trkpt lat="37.693825" lon="-119.146644"><ele>2789.2</ele><time>2024-06-21T00:51:11Z</time></trkpt>
<trkpt lat="37.694138" lon="-119.147080"><ele>2792.2</ele><time>2024-06-21T00:51:58Z</time></trkpt>
<trkpt lat="37.694150" lon="-119.147553"><ele>2794.0</ele><time>2024-06-21T00:52:58Z</time></trkpt>
<trkpt lat="37.693855" lon="-119.147727"><ele>2793.8</ele><time>2024-06-21T00:53:00Z</time></trkpt>
<trkpt lat="37.693862" lon="-119.147893"><ele>2794.0</ele><time>2024-06-21T00:53:07Z</time></trkpt>
<trkpt lat="37.694255" lon="-119.148214"><ele>2807.2</ele><time>2024-06-21T00:54:44Z</time></trkpt>
<trkpt lat="37.694535" lon="-119.148628"><ele>2809.4</ele><time>2024-06-21T00:55:03Z</time></trkpt>
<trkpt lat="37.694987" lon="-119.148870"><ele>2819.2</ele><time>2024-06-21T00:56:14Z</time></trkpt>
<trkpt lat="37.695126" lon="-119.149005"><ele>2824.6</ele><time>2024-06-21T00:56:59Z</time></trkpt>
<trkpt lat="37.695119" lon="-119.149137"><ele>2826.0</ele><time>2024-06-21T00:57:10Z</time></trkpt>
<trkpt lat="37.695185" lon="-119.149161"><ele>2826.8</ele><time>2024-06-21T00:57:17Z</time></trkpt>
<trkpt lat="37.695345" lon="-119.148975"><ele>2832.4</ele><time>2024-06-21T00:58:04Z</time></trkpt>
<trkpt lat="37.695326" lon="-119.148630"><ele>2837.4</ele><time>2024-06-21T00:59:05Z</time></trkpt>
<trkpt lat="37.695437" lon="-119.148543"><ele>2838.6</ele><time>2024-06-21T00:59:15Z</time></trkpt>
<trkpt lat="37.695821" lon="-119.148753"><ele>2847.0</ele><time>2024-06-21T01:00:36Z</time></trkpt>
<trkpt lat="37.696027" lon="-119.149005"><ele>2848.0</ele><time>2024-06-21T01:00:57Z</time></trkpt>
<trkpt lat="37.695997" lon="-119.149093"><ele>2848.6</ele><time>2024-06-21T01:01:04Z</time></trkpt>
<trkpt lat="37.696060" lon="-119.149233"><ele>2850.2</ele><time>2024-06-21T01:01:14Z</time></trkpt>
<trkpt lat="37.696237" lon="-119.149215"><ele>2853.2</ele><time>2024-06-21T01:01:43Z</time></trkpt>
<trkpt lat="37.696558" lon="-119.148527"><ele>2863.8</ele><time>2024-06-21T01:03:03Z</time></trkpt>
<trkpt lat="37.696645" lon="-119.148523"><ele>2865.0</ele><time>2024-06-21T01:03:09Z</time></trkpt>
<trkpt lat="37.696889" lon="-119.148001"><ele>2872.4</ele><time>2024-06-21T01:04:19Z</time></trkpt>
<trkpt lat="37.697150" lon="-119.148011"><ele>2877.2</ele><time>2024-06-21T01:05:00Z</time></trkpt>
<trkpt lat="37.697140" lon="-119.147948"><ele>2878.2</ele><time>2024-06-21T01:05:05Z</time></trkpt>
<trkpt lat="37.697319" lon="-119.147729"><ele>2882.6</ele><time>2024-06-21T01:05:33Z</time></trkpt>
<trkpt lat="37.697411" lon="-119.147710"><ele>2883.6</ele><time>2024-06-21T01:05:43Z</time></trkpt>
<trkpt lat="37.697737" lon="-119.146957"><ele>2891.4</ele><time>2024-06-21T01:07:00Z</time></trkpt>
<trkpt lat="37.697702" lon="-119.146971"><ele>2891.6</ele><time>2024-06-21T01:07:01Z</time></trkpt>
<trkpt lat="37.697673" lon="-119.147119"><ele>2893.8</ele><time>2024-06-21T01:07:13Z</time></trkpt>
<trkpt lat="37.698221" lon="-119.146613"><ele>2901.0</ele><time>2024-06-21T01:08:43Z</time></trkpt>
<trkpt lat="37.698485" lon="-119.146203"><ele>2905.8</ele><time>2024-06-21T01:09:12Z</time></trkpt>
<trkpt lat="37.698575" lon="-119.145481"><ele>2919.4</ele><time>2024-06-21T01:10:48Z</time></trkpt>
<trkpt lat="37.698523" lon="-119.145367"><ele>2921.0</ele><time>2024-06-21T01:10:59Z</time></trkpt>
<trkpt lat="37.699026" lon="-119.144871"><ele>2926.0</ele><time>2024-06-21T01:11:39Z</time></trkpt>
<trkpt lat="37.699158" lon="-119.144581"><ele>2931.0</ele><time>2024-06-21T01:12:23Z</time></trkpt>
<trkpt lat="37.699526" lon="-119.144135"><ele>2938.2</ele><time>2024-06-21T01:13:18Z</time></trkpt>
<trkpt lat="37.700061" lon="-119.144287"><ele>2953.2</ele><time>2024-06-21T01:15:01Z</time></trkpt>
<trkpt lat="37.700200" lon="-119.144216"><ele>2955.6</ele><time>2024-06-21T01:15:16Z</time></trkpt>
<trkpt lat="37.700403" lon="-119.144276"><ele>2958.0</ele><time>2024-06-21T01:15:31Z</time></trkpt>
<trkpt lat="37.700662" lon="-119.144436"><ele>2969.0</ele><time>2024-06-21T01:16:39Z</time></trkpt>
<trkpt lat="37.700955" lon="-119.144627"><ele>2971.8</ele><time>2024-06-21T01:17:00Z</time></trkpt>
<trkpt lat="37.700979" lon="-119.144519"><ele>2974.2</ele><time>2024-06-21T01:17:15Z</time></trkpt>
<trkpt lat="37.701235" lon="-119.144633"><ele>2978.0</ele><time>2024-06-21T01:18:07Z</time></trkpt>
<trkpt lat="37.701580" lon="-119.145002"><ele>2982.0</ele><time>2024-06-21T01:19:00Z</time></trkpt>
<trkpt lat="37.701634" lon="-119.144982"><ele>2982.0</ele><time>2024-06-21T01:19:01Z</time></trkpt>
<trkpt lat="37.701718" lon="-119.145192"><ele>2983.8</ele><time>2024-06-21T01:19:15Z</time></trkpt>
<trkpt lat="37.702320" lon="-119.145615"><ele>2994.6</ele><time>2024-06-21T01:20:29Z</time></trkpt>
<trkpt lat="37.702689" lon="-119.145748"><ele>2998.0</ele><time>2024-06-21T01:21:01Z</time></trkpt>
<trkpt lat="37.702644" lon="-119.145781"><ele>2997.8</ele><time>2024-06-21T01:21:03Z</time></trkpt>
<trkpt lat="37.702654" lon="-119.145918"><ele>2998.0</ele><time>2024-06-21T01:21:11Z</time></trkpt>
<trkpt lat="37.703378" lon="-119.146512"><ele>3007.8</ele><time>2024-06-21T01:23:01Z</time></trkpt>
<trkpt lat="37.703272" lon="-119.146646"><ele>3008.2</ele><time>2024-06-21T01:23:04Z</time></trkpt>
<trkpt lat="37.703317" lon="-119.146713"><ele>3009.0</ele><time>2024-06-21T01:23:10Z</time></trkpt>
<trkpt lat="37.703442" lon="-119.146686"><ele>3009.2</ele><time>2024-06-21T01:23:13Z</time></trkpt>
<trkpt lat="37.703664" lon="-119.147011"><ele>3015.4</ele><time>2024-06-21T01:23:53Z</time></trkpt>
<trkpt lat="37.703913" lon="-119.147573"><ele>3023.4</ele><time>2024-06-21T01:25:01Z</time></trkpt>
<trkpt lat="37.704017" lon="-119.147554"><ele>3024.2</ele><time>2024-06-21T01:25:11Z</time></trkpt>
<trkpt lat="37.704466" lon="-119.147951"><ele>3027.4</ele><time>2024-06-21T01:26:21Z</time></trkpt>
<trkpt lat="37.704873" lon="-119.148141"><ele>3029.2</ele><time>2024-06-21T01:26:58Z</time></trkpt>
<trkpt lat="37.704685" lon="-119.148416"><ele>3031.4</ele><time>2024-06-21T01:27:16Z</time></trkpt>
<trkpt lat="37.705166" lon="-119.149168"><ele>3035.4</ele><time>2024-06-21T01:28:59Z</time></trkpt>
<trkpt lat="37.705473" lon="-119.149108"><ele>3037.2</ele><time>2024-06-21T01:29:15Z</time></trkpt>
<trkpt lat="37.706454" lon="-119.149922"><ele>3037.2</ele><time>2024-06-21T01:30:58Z</time></trkpt>
<trkpt lat="37.706327" lon="-119.150022"><ele>3038.2</ele><time>2024-06-21T01:31:03Z</time></trkpt>
<trkpt lat="37.706247" lon="-119.150218"><ele>3039.4</ele><time>2024-06-21T01:31:12Z</time></trkpt>
<trkpt lat="37.706509" lon="-119.150061"><ele>3042.0</ele><time>2024-06-21T01:33:05Z</time></trkpt>
<trkpt lat="37.706276" lon="-119.150206"><ele>3042.2</ele><time>2024-06-21T01:33:09Z</time></trkpt>
<trkpt lat="37.706317" lon="-119.150429"><ele>3044.2</ele><time>2024-06-21T01:35:07Z</time></trkpt>
<trkpt lat="37.706310" lon="-119.150252"><ele>3044.6</ele><time>2024-06-21T01:35:16Z</time></trkpt>
<trkpt lat="37.706221" lon="-119.150354"><ele>3047.0</ele><time>2024-06-21T01:36:57Z</time></trkpt>
<trkpt lat="37.706273" lon="-119.150259"><ele>3047.0</ele><time>2024-06-21T01:37:07Z</time></trkpt>
<trkpt lat="37.706234" lon="-119.150114"><ele>3047.6</ele><time>2024-06-21T01:37:19Z</time></trkpt>
<trkpt lat="37.706347" lon="-119.150191"><ele>3049.2</ele><time>2024-06-21T01:38:24Z</time></trkpt>
<trkpt lat="37.706251" lon="-119.150198"><ele>3049.2</ele><time>2024-06-21T01:39:08Z</time></trkpt>
<trkpt lat="37.706127" lon="-119.149764"><ele>3052.2</ele><time>2024-06-21T01:40:22Z</time></trkpt>
<trkpt lat="37.706129" lon="-119.149431"><ele>3055.4</ele><time>2024-06-21T01:40:58Z</time></trkpt>
<trkpt lat="37.706052" lon="-119.149463"><ele>3056.2</ele><time>2024-06-21T01:41:05Z</time></trkpt>
<trkpt lat="37.706008" lon="-119.149383"><ele>3057.4</ele><time>2024-06-21T01:41:16Z</time></trkpt>
<trkpt lat="37.706702" lon="-119.150115"><ele>3068.0</ele><time>2024-06-21T01:43:01Z</time></trkpt>
<trkpt lat="37.706863" lon="-119.150444"><ele>3071.6</ele><time>2024-06-21T01:43:42Z</time></trkpt>
<trkpt lat="37.706917" lon="-119.150453"><ele>3076.0</ele><time>2024-06-21T01:44:14Z</time></trkpt>
<trkpt lat="37.707025" lon="-119.150336"><ele>3079.2</ele><time>2024-06-21T01:44:38Z</time></trkpt>
<trkpt lat="37.707287" lon="-119.150495"><ele>3082.0</ele><time>2024-06-21T01:45:00Z</time></trkpt>
<trkpt lat="37.707195" lon="-119.150495"><ele>3082.4</ele><time>2024-06-21T01:45:04Z</time></trkpt>
<trkpt lat="37.707232" lon="-119.150419"><ele>3082.8</ele><time>2024-06-21T01:45:08Z</time></trkpt>
<trkpt lat="37.707503" lon="-119.150742"><ele>3086.8</ele><time>2024-06-21T01:46:12Z</time></trkpt>
<trkpt lat="37.707743" lon="-119.150973"><ele>3083.6</ele><time>2024-06-21T01:46:59Z</time></trkpt>
<trkpt lat="37.707631" lon="-119.150974"><ele>3082.6</ele><time>2024-06-21T01:47:09Z</time></trkpt>
<trkpt lat="37.707826" lon="-119.151504"><ele>3074.8</ele><time>2024-06-21T01:48:04Z</time></trkpt>
<trkpt lat="37.707917" lon="-119.151562"><ele>3073.6</ele><time>2024-06-21T01:48:16Z</time></trkpt>
<trkpt lat="37.708166" lon="-119.152110"><ele>3073.2</ele><time>2024-06-21T01:48:59Z</time></trkpt>
<trkpt lat="37.708034" lon="-119.152195"><ele>3070.2</ele><time>2024-06-21T01:49:19Z</time></trkpt>
<trkpt lat="37.708105" lon="-119.152406"><ele>3061.0</ele><time>2024-06-21T01:50:10Z</time></trkpt>
<trkpt lat="37.708443" lon="-119.152603"><ele>3050.2</ele><time>2024-06-21T01:51:00Z</time></trkpt>
<trkpt lat="37.708435" lon="-119.152543"><ele>3050.2</ele><time>2024-06-21T01:51:04Z</time></trkpt>
<trkpt lat="37.708519" lon="-119.152541"><ele>3049.6</ele><time>2024-06-21T01:51:11Z</time></trkpt>
<trkpt lat="37.708452" lon="-119.152605"><ele>3046.8</ele><time>2024-06-21T01:51:26Z</time></trkpt>
<trkpt lat="37.708483" lon="-119.152661"><ele>3045.6</ele><time>2024-06-21T01:51:32Z</time></trkpt>
<trkpt lat="37.709048" lon="-119.152600"><ele>3034.0</ele><time>2024-06-21T01:53:01Z</time></trkpt>
<trkpt lat="37.708980" lon="-119.152667"><ele>3032.4</ele><time>2024-06-21T01:53:08Z</time></trkpt>
<trkpt lat="37.709060" lon="-119.153033"><ele>3027.6</ele><time>2024-06-21T01:53:38Z</time></trkpt>
<trkpt lat="37.709025" lon="-119.153167"><ele>3023.2</ele><time>2024-06-21T01:54:06Z</time></trkpt>
<trkpt lat="37.709149" lon="-119.153175"><ele>3017.8</ele><time>2024-06-21T01:54:36Z</time></trkpt>
<trkpt lat="37.709172" lon="-119.153325"><ele>3014.0</ele><time>2024-06-21T01:54:59Z</time></trkpt>
<trkpt lat="37.709243" lon="-119.153245"><ele>3012.4</ele><time>2024-06-21T01:55:06Z</time></trkpt>
<trkpt lat="37.709365" lon="-119.153354"><ele>3009.8</ele><time>2024-06-21T01:55:22Z</time></trkpt>
<trkpt lat="37.709590" lon="-119.153181"><ele>3000.4</ele><time>2024-06-21T01:57:04Z</time></trkpt>
<trkpt lat="37.709603" lon="-119.153241"><ele>3000.0</ele><time>2024-06-21T01:57:09Z</time></trkpt>
<trkpt lat="37.709597" lon="-119.153171"><ele>3000.0</ele><time>2024-06-21T01:57:14Z</time></trkpt>
<trkpt lat="37.710198" lon="-119.152542"><ele>2994.0</ele><time>2024-06-21T01:59:01Z</time></trkpt>
<trkpt lat="37.710256" lon="-119.152566"><ele>2993.4</ele><time>2024-06-21T01:59:08Z</time></trkpt>
<trkpt lat="37.710610" lon="-119.152346"><ele>2991.0</ele><time>2024-06-21T01:59:40Z</time></trkpt>
<trkpt lat="37.711163" lon="-119.151880"><ele>2985.0</ele><time>2024-06-21T02:00:58Z</time></trkpt>
<trkpt lat="37.711263" lon="-119.151992"><ele>2984.2</ele><time>2024-06-21T02:01:02Z</time></trkpt>
<trkpt lat="37.711208" lon="-119.151887"><ele>2983.8</ele><time>2024-06-21T02:01:06Z</time></trkpt>
<trkpt lat="37.711258" lon="-119.151945"><ele>2982.4</ele><time>2024-06-21T02:01:12Z</time></trkpt>
<trkpt lat="37.711934" lon="-119.151518"><ele>2970.2</ele><time>2024-06-21T02:03:01Z</time></trkpt>
<trkpt lat="37.711893" lon="-119.151450"><ele>2969.8</ele><time>2024-06-21T02:03:04Z</time></trkpt>
<trkpt lat="37.712723" lon="-119.151420"><ele>2963.6</ele><time>2024-06-21T02:04:08Z</time></trkpt>
<trkpt lat="37.713347" lon="-119.151585"><ele>2963.2</ele><time>2024-06-21T02:05:04Z</time></trkpt>
<trkpt lat="37.713141" lon="-119.151593"><ele>2963.2</ele><time>2024-06-21T02:05:09Z</time></trkpt>
<trkpt lat="37.713089" lon="-119.151546"><ele>2963.2</ele><time>2024-06-21T02:05:11Z</time></trkpt>
<trkpt lat="37.713629" lon="-119.151528"><ele>2963.0</ele><time>2024-06-21T02:06:04Z</time></trkpt>
<trkpt lat="37.714001" lon="-119.151389"><ele>2963.0</ele><time>2024-06-21T02:06:59Z</time></trkpt>
<trkpt lat="37.714322" lon="-119.151433"><ele>2963.0</ele><time>2024-06-21T02:07:08Z</time></trkpt>
<trkpt lat="37.714220" lon="-119.151382"><ele>2963.0</ele><time>2024-06-21T02:07:09Z</time></trkpt>
<trkpt lat="37.714619" lon="-119.151357"><ele>2963.6</ele><time>2024-06-21T02:07:32Z</time></trkpt>
<trkpt lat="37.714874" lon="-119.151431"><ele>2965.8</ele><time>2024-06-21T02:08:12Z</time></trkpt>
<trkpt lat="37.715200" lon="-119.151337"><ele>2965.8</ele><time>2024-06-21T02:08:59Z</time></trkpt>
<trkpt lat="37.715183" lon="-119.151804"><ele>2969.0</ele><time>2024-06-21T02:10:13Z</time></trkpt>
<trkpt lat="37.714991" lon="-119.152109"><ele>2966.0</ele><time>2024-06-21T02:10:45Z</time></trkpt>
<trkpt lat="37.714927" lon="-119.152487"><ele>2965.2</ele><time>2024-06-21T02:11:00Z</time></trkpt>
<trkpt lat="37.714897" lon="-119.152444"><ele>2965.2</ele><time>2024-06-21T02:11:02Z</time></trkpt>
<trkpt lat="37.715032" lon="-119.152519"><ele>2965.6</ele><time>2024-06-21T02:11:07Z</time></trkpt>
<trkpt lat="37.715038" lon="-119.152671"><ele>2965.0</ele><time>2024-06-21T02:11:20Z</time></trkpt>
<trkpt lat="37.714761" lon="-119.153407"><ele>2966.6</ele><time>2024-06-21T02:12:05Z</time></trkpt>
<trkpt lat="37.714388" lon="-119.153824"><ele>2965.0</ele><time>2024-06-21T02:13:00Z</time></trkpt>
<trkpt lat="37.714350" lon="-119.153975"><ele>2965.0</ele><time>2024-06-21T02:13:12Z</time></trkpt>
<trkpt lat="37.713924" lon="-119.154041"><ele>2964.2</ele><time>2024-06-21T02:13:37Z</time></trkpt>
<trkpt lat="37.713678" lon="-119.154194"><ele>2972.6</ele><time>2024-06-21T02:14:43Z</time></trkpt>
<trkpt lat="37.713423" lon="-119.154218"><ele>2975.0</ele><time>2024-06-21T02:15:01Z</time></trkpt>
<trkpt lat="37.713480" lon="-119.154548"><ele>2978.2</ele><time>2024-06-21T02:15:45Z</time></trkpt>
<trkpt lat="37.713603" lon="-119.154524"><ele>2983.8</ele><time>2024-06-21T02:16:43Z</time></trkpt>
<trkpt lat="37.713696" lon="-119.154629"><ele>2986.0</ele><time>2024-06-21T02:17:03Z</time></trkpt>
<trkpt lat="37.713842" lon="-119.155374"><ele>2992.4</ele><time>2024-06-21T02:18:09Z</time></trkpt>
<trkpt lat="37.714057" lon="-119.155741"><ele>2996.4</ele><time>2024-06-21T02:19:00Z</time></trkpt>
<trkpt lat="37.714157" lon="-119.155560"><ele>2999.6</ele><time>2024-06-21T02:19:31Z</time></trkpt>
<trkpt lat="37.714283" lon="-119.155862"><ele>3007.4</ele><time>2024-06-21T02:20:41Z</time></trkpt>
<trkpt lat="37.714664" lon="-119.156243"><ele>3011.6</ele><time>2024-06-21T02:21:25Z</time></trkpt>
<trkpt lat="37.714988" lon="-119.156240"><ele>3019.2</ele><time>2024-06-21T02:22:55Z</time></trkpt>
<trkpt lat="37.714979" lon="-119.156171"><ele>3020.2</ele><time>2024-06-21T02:23:02Z</time></trkpt>
<trkpt lat="37.714857" lon="-119.156144"><ele>3020.6</ele><time>2024-06-21T02:23:07Z</time></trkpt>
<trkpt lat="37.714954" lon="-119.156155"><ele>3021.8</ele><time>2024-06-21T02:23:18Z</time></trkpt>
<trkpt lat="37.715264" lon="-119.156490"><ele>3029.4</ele><time>2024-06-21T02:24:11Z</time></trkpt>
<trkpt lat="37.715676" lon="-119.156775"><ele>3033.6</ele><time>2024-06-21T02:25:00Z</time></trkpt>
<trkpt lat="37.715628" lon="-119.156733"><ele>3033.8</ele><time>2024-06-21T02:25:01Z</time></trkpt>
<trkpt lat="37.715700" lon="-119.156700"><ele>3033.8</ele><time>2024-06-21T02:25:02Z</time></trkpt>
<trkpt lat="37.715809" lon="-119.156846"><ele>3036.0</ele><time>2024-06-21T02:25:18Z</time></trkpt>
<trkpt lat="37.716300" lon="-119.156718"><ele>3046.8</ele><time>2024-06-21T02:27:00Z</time></trkpt>
<trkpt lat="37.716443" lon="-119.156790"><ele>3049.0</ele><time>2024-06-21T02:27:12Z</time></trkpt>
<trkpt lat="37.716579" lon="-119.156387"><ele>3052.6</ele><time>2024-06-21T02:35:00Z</time></trkpt>
<trkpt lat="37.716765" lon="-119.156362"><ele>3054.0</ele><time>2024-06-21T02:35:11Z</time></trkpt>
<trkpt lat="37.716900" lon="-119.156212"><ele>3056.8</ele><time>2024-06-21T02:35:37Z</time></trkpt>
<trkpt lat="37.716955" lon="-119.155976"><ele>3063.8</ele><time>2024-06-21T02:36:29Z</time></trkpt>
<trkpt lat="37.717115" lon="-119.155962"><ele>3067.6</ele><time>2024-06-21T02:36:59Z</time></trkpt>
<trkpt lat="37.717101" lon="-119.155903"><ele>3068.4</ele><time>2024-06-21T02:37:03Z</time></trkpt>
<trkpt lat="37.717717" lon="-119.156173"><ele>3081.2</ele><time>2024-06-21T02:38:31Z</time></trkpt>
<trkpt lat="37.717995" lon="-119.156342"><ele>3081.8</ele><time>2024-06-21T02:39:00Z</time></trkpt>
<trkpt lat="37.717989" lon="-119.156402"><ele>3082.0</ele><time>2024-06-21T02:39:03Z</time></trkpt>
<trkpt lat="37.717832" lon="-119.156474"><ele>3082.2</ele><time>2024-06-21T02:39:12Z</time></trkpt>
<trkpt lat="37.718885" lon="-119.156465"><ele>3095.0</ele><time>2024-06-21T02:41:00Z</time></trkpt>
<trkpt lat="37.718788" lon="-119.156751"><ele>3096.8</ele><time>2024-06-21T02:41:14Z</time></trkpt>
<trkpt lat="37.718824" lon="-119.156931"><ele>3097.2</ele><time>2024-06-21T02:41:23Z</time></trkpt>
<trkpt lat="37.719150" lon="-119.157455"><ele>3093.8</ele><time>2024-06-21T02:42:29Z</time></trkpt>
<trkpt lat="37.719483" lon="-119.157855"><ele>3088.4</ele><time>2024-06-21T02:43:01Z</time></trkpt>
<trkpt lat="37.719645" lon="-119.157869"><ele>3088.4</ele><time>2024-06-21T02:43:04Z</time></trkpt>
<trkpt lat="37.720185" lon="-119.158173"><ele>3084.2</ele><time>2024-06-21T02:43:47Z</time></trkpt>
<trkpt lat="37.719622" lon="-119.158318"><ele>3077.6</ele><time>2024-06-21T02:44:37Z</time></trkpt>
<trkpt lat="37.720039" lon="-119.158658"><ele>3071.8</ele><time>2024-06-21T02:45:14Z</time></trkpt>
<trkpt lat="37.720452" lon="-119.158675"><ele>3066.2</ele><time>2024-06-21T02:46:10Z</time></trkpt>
<trkpt lat="37.720281" lon="-119.158882"><ele>3060.8</ele><time>2024-06-21T02:46:50Z</time></trkpt>
<trkpt lat="37.720593" lon="-119.158954"><ele>3057.6</ele><time>2024-06-21T02:47:10Z</time></trkpt>
<trkpt lat="37.720994" lon="-119.159211"><ele>3049.6</ele><time>2024-06-21T02:47:54Z</time></trkpt>
<trkpt lat="37.721111" lon="-119.159364"><ele>3044.2</ele><time>2024-06-21T02:48:40Z</time></trkpt>
<trkpt lat="37.721336" lon="-119.159307"><ele>3039.6</ele><time>2024-06-21T02:49:17Z</time></trkpt>
<trkpt lat="37.721545" lon="-119.159506"><ele>3031.2</ele><time>2024-06-21T02:50:28Z</time></trkpt>
<trkpt lat="37.721742" lon="-119.159558"><ele>3030.4</ele><time>2024-06-21T02:51:18Z</time></trkpt>
<trkpt lat="37.721910" lon="-119.160555"><ele>3035.2</ele><time>2024-06-21T02:53:02Z</time></trkpt>
<trkpt lat="37.722248" lon="-119.161261"><ele>3038.2</ele><time>2024-06-21T02:53:42Z</time></trkpt>
<trkpt lat="37.723139" lon="-119.162288"><ele>3042.0</ele><time>2024-06-21T02:55:32Z</time></trkpt>
<trkpt lat="37.723439" lon="-119.162901"><ele>3041.0</ele><time>2024-06-21T02:56:26Z</time></trkpt>
<trkpt lat="37.723559" lon="-119.162989"><ele>3038.0</ele><time>2024-06-21T02:56:58Z</time></trkpt>
<trkpt lat="37.723602" lon="-119.163279"><ele>3034.0</ele><time>2024-06-21T02:57:19Z</time></trkpt>
<trkpt lat="37.723846" lon="-119.163845"><ele>3027.4</ele><time>2024-06-21T02:58:37Z</time></trkpt>
<trkpt lat="37.723934" lon="-119.164010"><ele>3025.2</ele><time>2024-06-21T02:59:01Z</time></trkpt>
<trkpt lat="37.724108" lon="-119.164143"><ele>3022.8</ele><time>2024-06-21T02:59:19Z</time></trkpt>
<trkpt lat="37.724085" lon="-119.164708"><ele>3021.0</ele><time>2024-06-21T03:01:01Z</time></trkpt>
<trkpt lat="37.724193" lon="-119.164759"><ele>3020.8</ele><time>2024-06-21T03:01:08Z</time></trkpt>
<trkpt lat="37.724137" lon="-119.164839"><ele>3021.0</ele><time>2024-06-21T03:01:21Z</time></trkpt>
<trkpt lat="37.724469" lon="-119.165690"><ele>3022.4</ele><time>2024-06-21T03:03:01Z</time></trkpt>
<trkpt lat="37.724617" lon="-119.165799"><ele>3023.4</ele><time>2024-06-21T03:03:19Z</time></trkpt>
<trkpt lat="37.724822" lon="-119.166540"><ele>3029.6</ele><time>2024-06-21T03:05:01Z</time></trkpt>
<trkpt lat="37.725057" lon="-119.166633"><ele>3030.2</ele><time>2024-06-21T03:05:19Z</time></trkpt>
<trkpt lat="37.725216" lon="-119.166785"><ele>3032.2</ele><time>2024-06-21T03:05:34Z</time></trkpt>
<trkpt lat="37.725736" lon="-119.167726"><ele>3037.6</ele><time>2024-06-21T03:07:01Z</time></trkpt>
<trkpt lat="37.725913" lon="-119.167843"><ele>3033.2</ele><time>2024-06-21T03:07:17Z</time></trkpt>
<trkpt lat="37.725987" lon="-119.167983"><ele>3029.8</ele><time>2024-06-21T03:07:34Z</time></trkpt>
<trkpt lat="37.726151" lon="-119.167980"><ele>3027.4</ele><time>2024-06-21T03:07:54Z</time></trkpt>
<trkpt lat="37.726420" lon="-119.168125"><ele>3022.8</ele><time>2024-06-21T03:08:26Z</time></trkpt>
<trkpt lat="37.726532" lon="-119.168326"><ele>3019.6</ele><time>2024-06-21T03:08:50Z</time></trkpt>
<trkpt lat="37.726498" lon="-119.168273"><ele>3017.2</ele><time>2024-06-21T03:09:07Z</time></trkpt>
<trkpt lat="37.727089" lon="-119.168933"><ele>3010.8</ele><time>2024-06-21T03:09:58Z</time></trkpt>
<trkpt lat="37.727346" lon="-119.169380"><ele>3007.6</ele><time>2024-06-21T03:11:05Z</time></trkpt>
<trkpt lat="37.727276" lon="-119.169488"><ele>3008.0</ele><time>2024-06-21T03:11:16Z</time></trkpt>
<trkpt lat="37.727390" lon="-119.169686"><ele>3007.0</ele><time>2024-06-21T03:11:34Z</time></trkpt>
<trkpt lat="37.727523" lon="-119.170353"><ele>3008.8</ele><time>2024-06-21T03:12:50Z</time></trkpt>
<trkpt lat="37.726785" lon="-119.170806"><ele>3009.4</ele><time>2024-06-21T03:13:01Z</time></trkpt>
<trkpt lat="37.727424" lon="-119.170797"><ele>3009.4</ele><time>2024-06-21T03:13:02Z</time></trkpt>
<trkpt lat="37.727765" lon="-119.170421"><ele>3009.4</ele><time>2024-06-21T03:13:03Z</time></trkpt>
<trkpt lat="37.727911" lon="-119.170431"><ele>3009.0</ele><time>2024-06-21T03:13:15Z</time></trkpt>
<trkpt lat="37.728537" lon="-119.171185"><ele>3008.8</ele><time>2024-06-21T03:15:05Z</time></trkpt>
<trkpt lat="37.728482" lon="-119.171274"><ele>3008.4</ele><time>2024-06-21T03:15:12Z</time></trkpt>
<trkpt lat="37.728677" lon="-119.171925"><ele>3007.2</ele><time>2024-06-21T03:16:20Z</time></trkpt>
<trkpt lat="37.728770" lon="-119.172814"><ele>3007.6</ele><time>2024-06-21T03:17:17Z</time></trkpt>
<trkpt lat="37.728569" lon="-119.173288"><ele>3008.8</ele><time>2024-06-21T03:19:01Z</time></trkpt>
<trkpt lat="37.728702" lon="-119.173416"><ele>3011.2</ele><time>2024-06-21T03:19:19Z</time></trkpt>
<trkpt lat="37.728632" lon="-119.173491"><ele>3015.4</ele><time>2024-06-21T03:20:20Z</time></trkpt>
<trkpt lat="37.728516" lon="-119.173631"><ele>3009.2</ele><time>2024-06-21T03:21:07Z</time></trkpt>
<trkpt lat="37.728428" lon="-119.174006"><ele>3007.2</ele><time>2024-06-21T03:21:28Z</time></trkpt>
<trkpt lat="37.728431" lon="-119.174276"><ele>3006.4</ele><time>2024-06-21T03:21:38Z</time></trkpt>
<trkpt lat="37.727926" lon="-119.175270"><ele>3008.6</ele><time>2024-06-21T03:23:19Z</time></trkpt>
<trkpt lat="37.728251" lon="-119.175356"><ele>3013.8</ele><time>2024-06-21T03:27:10Z</time></trkpt>
<trkpt lat="37.727907" lon="-119.175208"><ele>3009.2</ele><time>2024-06-21T03:28:52Z</time></trkpt>
<trkpt lat="37.727787" lon="-119.175261"><ele>3007.0</ele><time>2024-06-21T03:29:07Z</time></trkpt>
<trkpt lat="37.728126" lon="-119.175258"><ele>3004.8</ele><time>2024-06-21T03:30:13Z</time></trkpt>
<trkpt lat="37.728103" lon="-119.175316"><ele>3013.6</ele><time>2024-06-21T03:31:02Z</time></trkpt>
<trkpt lat="37.728280" lon="-119.175358"><ele>3013.0</ele><time>2024-06-21T03:35:02Z</time></trkpt>
<trkpt lat="37.728136" lon="-119.175300"><ele>3009.8</ele><time>2024-06-21T03:37:02Z</time></trkpt>
<trkpt lat="37.728252" lon="-119.175319"><ele>3010.8</ele><time>2024-06-21T03:37:19Z</time></trkpt>
<trkpt lat="37.728252" lon="-119.175412"><ele>3011.2</ele><time>2024-06-21T03:39:06Z</time></trkpt>
<trkpt lat="37.728243" lon="-119.175354"><ele>3010.8</ele><time>2024-06-21T03:39:37Z</time></trkpt>
<trkpt lat="37.728163" lon="-119.175386"><ele>3011.2</ele><time>2024-06-21T03:41:02Z</time></trkpt>
<trkpt lat="37.728233" lon="-119.175403"><ele>3011.0</ele><time>2024-06-21T03:41:06Z</time></trkpt>
<trkpt lat="37.728238" lon="-119.175467"><ele>3011.8</ele><time>2024-06-21T03:41:14Z</time></trkpt>
<trkpt lat="37.728264" lon="-119.175388"><ele>3011.2</ele><time>2024-06-21T03:41:22Z</time></trkpt>
</trkseg></trk>
</gpx>
