<?xml version="1.0" encoding="UTF-8"?>
<gpx version="1.1" creator="Eric Sichak trip reports" xmlns="http://www.topografix.com/GPX/1/1">
<metadata><name>Morning Hike</name><time>2024-06-27T13:23:29Z</time></metadata>
<trk><name>Morning Hike</name><type>hike</type><trkseg>
<trkpt lat="38.445521" lon="-119.698459"><ele>2632.2</ele><time>2024-06-27T13:23:29Z</time></trkpt>
<trkpt lat="38.446057" lon="-119.698689"><ele>2637.6</ele><time>2024-06-27T13:25:42Z</time></trkpt>
<trkpt lat="38.446071" lon="-119.698625"><ele>2637.8</ele><time>2024-06-27T13:25:45Z</time></trkpt>
<trkpt lat="38.446214" lon="-119.698665"><ele>2640.0</ele><time>2024-06-27T13:25:59Z</time></trkpt>
<trkpt lat="38.446708" lon="-119.698946"><ele>2648.6</ele><time>2024-06-27T13:27:13Z</time></trkpt>
<trkpt lat="38.446946" lon="-119.699177"><ele>2652.2</ele><time>2024-06-27T13:27:42Z</time></trkpt>
<trkpt lat="38.446819" lon="-119.699396"><ele>2653.6</ele><time>2024-06-27T13:27:58Z</time></trkpt>
<trkpt lat="38.446611" lon="-119.700202"><ele>2663.2</ele><time>2024-06-27T13:29:50Z</time></trkpt>
<trkpt lat="38.445942" lon="-119.701089"><ele>2674.0</ele><time>2024-06-27T13:31:42Z</time></trkpt>
<trkpt lat="38.445929" lon="-119.701414"><ele>2674.6</ele><time>2024-06-27T13:32:02Z</time></trkpt>
<trkpt lat="38.446635" lon="-119.702551"><ele>2686.2</ele><time>2024-06-27T13:33:43Z</time></trkpt>
<trkpt lat="38.447125" lon="-119.702603"><ele>2688.6</ele><time>2024-06-27T13:34:11Z</time></trkpt>
<trkpt lat="38.447847" lon="-119.702780"><ele>2704.4</ele><time>2024-06-27T13:35:43Z</time></trkpt>
<trkpt lat="38.448063" lon="-119.702737"><ele>2708.8</ele><time>2024-06-27T13:36:01Z</time></trkpt>
<trkpt lat="38.448792" lon="-119.702445"><ele>2723.8</ele><time>2024-06-27T13:37:36Z</time></trkpt>
<trkpt lat="38.449127" lon="-119.702334"><ele>2724.0</ele><time>2024-06-27T13:37:59Z</time></trkpt>
<trkpt lat="38.449994" lon="-119.702148"><ele>2743.0</ele><time>2024-06-27T13:39:45Z</time></trkpt>
<trkpt lat="38.450040" lon="-119.702012"><ele>2743.0</ele><time>2024-06-27T13:39:49Z</time></trkpt>
<trkpt lat="38.450238" lon="-119.702017"><ele>2743.4</ele><time>2024-06-27T13:40:01Z</time></trkpt>
<trkpt lat="38.450332" lon="-119.701866"><ele>2745.4</ele><time>2024-06-27T13:40:09Z</time></trkpt>
<trkpt lat="38.450738" lon="-119.701630"><ele>2749.2</ele><time>2024-06-27T13:40:49Z</time></trkpt>
<trkpt lat="38.451365" lon="-119.701425"><ele>2760.4</ele><time>2024-06-27T13:42:02Z</time></trkpt>
<trkpt lat="38.451580" lon="-119.701195"><ele>2763.2</ele><time>2024-06-27T13:42:22Z</time></trkpt>
<trkpt lat="38.451921" lon="-119.701009"><ele>2766.2</ele><time>2024-06-27T13:42:47Z</time></trkpt>
<trkpt lat="38.451929" lon="-119.700873"><ele>2766.8</ele><time>2024-06-27T13:42:51Z</time></trkpt>
<trkpt lat="38.452009" lon="-119.700925"><ele>2767.6</ele><time>2024-06-27T13:42:59Z</time></trkpt>
<trkpt lat="38.452549" lon="-119.700730"><ele>2776.2</ele><time>2024-06-27T13:44:21Z</time></trkpt>
<trkpt lat="38.452980" lon="-119.700677"><ele>2775.8</ele><time>2024-06-27T13:44:43Z</time></trkpt>
<trkpt lat="38.453087" lon="-119.700900"><ele>2777.2</ele><time>2024-06-27T13:44:56Z</time></trkpt>
<trkpt lat="38.453148" lon="-119.701503"><ele>2784.0</ele><time>2024-06-27T13:45:47Z</time></trkpt>
<trkpt lat="38.453057" lon="-119.701695"><ele>2785.8</ele><time>2024-06-27T13:46:05Z</time></trkpt>
<trkpt lat="38.453102" lon="-119.702318"><ele>2790.8</ele><time>2024-06-27T13:46:52Z</time></trkpt>
<trkpt lat="38.452791" lon="-119.703260"><ele>2801.0</ele><time>2024-06-27T13:48:29Z</time></trkpt>
<trkpt lat="38.452741" lon="-119.703510"><ele>2802.8</ele><time>2024-06-27T13:48:45Z</time></trkpt>
<trkpt lat="38.452789" lon="-119.703538"><ele>2803.2</ele><time>2024-06-27T13:48:46Z</time></trkpt>
<trkpt lat="38.452784" lon="-119.703652"><ele>2803.0</ele><time>2024-06-27T13:48:52Z</time></trkpt>
<trkpt lat="38.452607" lon="-119.703689"><ele>2805.2</ele><time>2024-06-27T13:49:11Z</time></trkpt>
<trkpt lat="38.452451" lon="-119.703845"><ele>2805.6</ele><time>2024-06-27T13:49:57Z</time></trkpt>
<trkpt lat="38.452174" lon="-119.703819"><ele>2806.8</ele><time>2024-06-27T13:50:23Z</time></trkpt>
<trkpt lat="38.451971" lon="-119.704040"><ele>2810.8</ele><time>2024-06-27T13:50:44Z</time></trkpt>
<trkpt lat="38.451894" lon="-119.704235"><ele>2811.4</ele><time>2024-06-27T13:50:59Z</time></trkpt>
<trkpt lat="38.450944" lon="-119.704806"><ele>2818.8</ele><time>2024-06-27T13:52:41Z</time></trkpt>
<trkpt lat="38.450969" lon="-119.704854"><ele>2819.0</ele><time>2024-06-27T13:52:42Z</time></trkpt>
<trkpt lat="38.450849" lon="-119.704875"><ele>2819.6</ele><time>2024-06-27T13:52:49Z</time></trkpt>
<trkpt lat="38.450488" lon="-119.706150"><ele>2825.0</ele><time>2024-06-27T13:54:33Z</time></trkpt>
<trkpt lat="38.450459" lon="-119.706426"><ele>2824.4</ele><time>2024-06-27T13:54:44Z</time></trkpt>
<trkpt lat="38.450539" lon="-119.706808"><ele>2827.4</ele><time>2024-06-27T13:55:07Z</time></trkpt>
<trkpt lat="38.450564" lon="-119.707995"><ele>2840.2</ele><time>2024-06-27T13:56:58Z</time></trkpt>
<trkpt lat="38.450565" lon="-119.708372"><ele>2837.2</ele><time>2024-06-27T13:57:29Z</time></trkpt>
<trkpt lat="38.450751" lon="-119.708877"><ele>2830.4</ele><time>2024-06-27T13:58:01Z</time></trkpt>
<trkpt lat="38.451014" lon="-119.709348"><ele>2827.0</ele><time>2024-06-27T13:58:35Z</time></trkpt>
<trkpt lat="38.451525" lon="-119.709894"><ele>2824.0</ele><time>2024-06-27T13:59:21Z</time></trkpt>
<trkpt lat="38.451628" lon="-119.710221"><ele>2824.8</ele><time>2024-06-27T14:00:13Z</time></trkpt>
<trkpt lat="38.451673" lon="-119.710960"><ele>2821.0</ele><time>2024-06-27T14:00:42Z</time></trkpt>
<trkpt lat="38.451438" lon="-119.711174"><ele>2821.0</ele><time>2024-06-27T14:00:58Z</time></trkpt>
<trkpt lat="38.450873" lon="-119.711896"><ele>2824.2</ele><time>2024-06-27T14:02:07Z</time></trkpt>
<trkpt lat="38.450597" lon="-119.712362"><ele>2826.4</ele><time>2024-06-27T14:02:46Z</time></trkpt>
<trkpt lat="38.450494" lon="-119.712423"><ele>2827.4</ele><time>2024-06-27T14:02:51Z</time></trkpt>
<trkpt lat="38.450519" lon="-119.712466"><ele>2828.4</ele><time>2024-06-27T14:02:55Z</time></trkpt>
<trkpt lat="38.449529" lon="-119.713357"><ele>2841.2</ele><time>2024-06-27T14:04:41Z</time></trkpt>
<trkpt lat="38.449579" lon="-119.713405"><ele>2841.2</ele><time>2024-06-27T14:04:45Z</time></trkpt>
<trkpt lat="38.449544" lon="-119.713493"><ele>2841.0</ele><time>2024-06-27T14:04:52Z</time></trkpt>
<trkpt lat="38.449339" lon="-119.713505"><ele>2845.8</ele><time>2024-06-27T14:05:23Z</time></trkpt>
<trkpt lat="38.449181" lon="-119.714105"><ele>2839.4</ele><time>2024-06-27T14:06:42Z</time></trkpt>
<trkpt lat="38.449093" lon="-119.714237"><ele>2838.6</ele><time>2024-06-27T14:06:44Z</time></trkpt>
<trkpt lat="38.449122" lon="-119.714503"><ele>2838.2</ele><time>2024-06-27T14:06:55Z</time></trkpt>
<trkpt lat="38.449047" lon="-119.714538"><ele>2837.6</ele><time>2024-06-27T14:07:01Z</time></trkpt>
<trkpt lat="38.449014" lon="-119.714747"><ele>2838.4</ele><time>2024-06-27T14:07:35Z</time></trkpt>
<trkpt lat="38.448845" lon="-119.714932"><ele>2835.6</ele><time>2024-06-27T14:07:55Z</time></trkpt>
<trkpt lat="38.448815" lon="-119.715554"><ele>2828.6</ele><time>2024-06-27T14:08:37Z</time></trkpt>
<trkpt lat="38.448927" lon="-119.715896"><ele>2825.2</ele><time>2024-06-27T14:08:58Z</time></trkpt>
<trkpt lat="38.448927" lon="-119.716279"><ele>2822.0</ele><time>2024-06-27T14:09:15Z</time></trkpt>
<trkpt lat="38.448764" lon="-119.716881"><ele>2816.2</ele><time>2024-06-27T14:09:59Z</time></trkpt>
<trkpt lat="38.448663" lon="-119.717063"><ele>2814.4</ele><time>2024-06-27T14:10:25Z</time></trkpt>
<trkpt lat="38.448454" lon="-119.717215"><ele>2812.6</ele><time>2024-06-27T14:10:48Z</time></trkpt>
<trkpt lat="38.447983" lon="-119.717377"><ele>2807.6</ele><time>2024-06-27T14:11:19Z</time></trkpt>
<trkpt lat="38.447568" lon="-119.717726"><ele>2803.8</ele><time>2024-06-27T14:11:51Z</time></trkpt>
<trkpt lat="38.447188" lon="-119.718212"><ele>2802.2</ele><time>2024-06-27T14:12:43Z</time></trkpt>
<trkpt lat="38.447059" lon="-119.718619"><ele>2800.6</ele><time>2024-06-27T14:13:09Z</time></trkpt>
<trkpt lat="38.446879" lon="-119.718842"><ele>2798.4</ele><time>2024-06-27T14:13:23Z</time></trkpt>
<trkpt lat="38.446834" lon="-119.719960"><ele>2792.8</ele><time>2024-06-27T14:14:44Z</time></trkpt>
<trkpt lat="38.446923" lon="-119.719947"><ele>2793.0</ele><time>2024-06-27T14:14:50Z</time></trkpt>
<trkpt lat="38.447741" lon="-119.720625"><ele>2792.0</ele><time>2024-06-27T14:16:15Z</time></trkpt>
<trkpt lat="38.448189" lon="-119.720871"><ele>2791.6</ele><time>2024-06-27T14:16:43Z</time></trkpt>
<trkpt lat="38.448303" lon="-119.720878"><ele>2794.0</ele><time>2024-06-27T14:17:02Z</time></trkpt>
<trkpt lat="38.448448" lon="-119.721044"><ele>2795.2</ele><time>2024-06-27T14:17:31Z</time></trkpt>
<trkpt lat="38.448834" lon="-119.721736"><ele>2791.4</ele><time>2024-06-27T14:18:31Z</time></trkpt>
<trkpt lat="38.449009" lon="-119.722216"><ele>2787.0</ele><time>2024-06-27T14:18:57Z</time></trkpt>
<trkpt lat="38.448934" lon="-119.722625"><ele>2780.8</ele><time>2024-06-27T14:19:25Z</time></trkpt>
<trkpt lat="38.449090" lon="-119.723074"><ele>2778.8</ele><time>2024-06-27T14:21:02Z</time></trkpt>
<trkpt lat="38.450016" lon="-119.723445"><ele>2778.2</ele><time>2024-06-27T14:22:42Z</time></trkpt>
<trkpt lat="38.449970" lon="-119.723402"><ele>2778.0</ele><time>2024-06-27T14:22:46Z</time></trkpt>
<trkpt lat="38.450041" lon="-119.723508"><ele>2777.8</ele><time>2024-06-27T14:22:56Z</time></trkpt>
<trkpt lat="38.450746" lon="-119.723389"><ele>2788.6</ele><time>2024-06-27T14:24:11Z</time></trkpt>
<trkpt lat="38.451188" lon="-119.723117"><ele>2785.4</ele><time>2024-06-27T14:24:42Z</time></trkpt>
<trkpt lat="38.450965" lon="-119.723282"><ele>2785.4</ele><time>2024-06-27T14:24:52Z</time></trkpt>
<trkpt lat="38.451309" lon="-119.723131"><ele>2779.8</ele><time>2024-06-27T14:26:13Z</time></trkpt>
<trkpt lat="38.451594" lon="-119.723040"><ele>2783.8</ele><time>2024-06-27T14:26:42Z</time></trkpt>
<trkpt lat="38.451808" lon="-119.723090"><ele>2786.2</ele><time>2024-06-27T14:27:03Z</time></trkpt>
<trkpt lat="38.451946" lon="-119.723241"><ele>2784.0</ele><time>2024-06-27T14:27:17Z</time></trkpt>
<trkpt lat="38.452185" lon="-119.723724"><ele>2784.2</ele><time>2024-06-27T14:28:15Z</time></trkpt>
<trkpt lat="38.452622" lon="-119.724314"><ele>2785.2</ele><time>2024-06-27T14:29:05Z</time></trkpt>
<trkpt lat="38.452971" lon="-119.724616"><ele>2782.8</ele><time>2024-06-27T14:29:35Z</time></trkpt>
<trkpt lat="38.453559" lon="-119.724958"><ele>2781.2</ele><time>2024-06-27T14:30:42Z</time></trkpt>
<trkpt lat="38.453591" lon="-119.724826"><ele>2781.2</ele><time>2024-06-27T14:30:52Z</time></trkpt>
<trkpt lat="38.454648" lon="-119.724586"><ele>2791.2</ele><time>2024-06-27T14:32:46Z</time></trkpt>
<trkpt lat="38.454724" lon="-119.724459"><ele>2791.0</ele><time>2024-06-27T14:32:50Z</time></trkpt>
<trkpt lat="38.454835" lon="-119.724430"><ele>2789.6</ele><time>2024-06-27T14:33:02Z</time></trkpt>
<trkpt lat="38.455568" lon="-119.724523"><ele>2797.4</ele><time>2024-06-27T14:34:46Z</time></trkpt>
<trkpt lat="38.455626" lon="-119.724703"><ele>2798.2</ele><time>2024-06-27T14:34:59Z</time></trkpt>
<trkpt lat="38.457027" lon="-119.725341"><ele>2799.8</ele><time>2024-06-27T14:37:17Z</time></trkpt>
<trkpt lat="38.457613" lon="-119.726288"><ele>2798.4</ele><time>2024-06-27T14:38:43Z</time></trkpt>
<trkpt lat="38.457630" lon="-119.726460"><ele>2798.8</ele><time>2024-06-27T14:38:52Z</time></trkpt>
<trkpt lat="38.458239" lon="-119.727118"><ele>2804.8</ele><time>2024-06-27T14:40:37Z</time></trkpt>
<trkpt lat="38.458408" lon="-119.727081"><ele>2803.0</ele><time>2024-06-27T14:40:45Z</time></trkpt>
<trkpt lat="38.458502" lon="-119.727139"><ele>2802.0</ele><time>2024-06-27T14:40:52Z</time></trkpt>
<trkpt lat="38.458723" lon="-119.727000"><ele>2799.4</ele><time>2024-06-27T14:41:25Z</time></trkpt>
<trkpt lat="38.459368" lon="-119.726852"><ele>2803.2</ele><time>2024-06-27T14:42:45Z</time></trkpt>
<trkpt lat="38.459459" lon="-119.726743"><ele>2803.4</ele><time>2024-06-27T14:42:59Z</time></trkpt>
<trkpt lat="38.460109" lon="-119.726697"><ele>2803.8</ele><time>2024-06-27T14:44:33Z</time></trkpt>
<trkpt lat="38.460442" lon="-119.726861"><ele>2807.0</ele><time>2024-06-27T14:45:00Z</time></trkpt>
<trkpt lat="38.460831" lon="-119.726734"><ele>2814.8</ele><time>2024-06-27T14:46:09Z</time></trkpt>
<trkpt lat="38.461140" lon="-119.726462"><ele>2814.8</ele><time>2024-06-27T14:46:42Z</time></trkpt>
<trkpt lat="38.461197" lon="-119.726499"><ele>2814.0</ele><time>2024-06-27T14:46:54Z</time></trkpt>
<trkpt lat="38.461285" lon="-119.726181"><ele>2813.6</ele><time>2024-06-27T14:47:21Z</time></trkpt>
<trkpt lat="38.461929" lon="-119.725327"><ele>2813.2</ele><time>2024-06-27T14:48:47Z</time></trkpt>
<trkpt lat="38.462088" lon="-119.724969"><ele>2811.6</ele><time>2024-06-27T14:49:11Z</time></trkpt>
<trkpt lat="38.462297" lon="-119.724690"><ele>2814.6</ele><time>2024-06-27T14:49:37Z</time></trkpt>
<trkpt lat="38.462662" lon="-119.723760"><ele>2813.8</ele><time>2024-06-27T14:50:46Z</time></trkpt>
<trkpt lat="38.462709" lon="-119.723527"><ele>2815.8</ele><time>2024-06-27T14:51:05Z</time></trkpt>
<trkpt lat="38.462644" lon="-119.723219"><ele>2819.6</ele><time>2024-06-27T14:51:37Z</time></trkpt>
<trkpt lat="38.462632" lon="-119.722322"><ele>2822.2</ele><time>2024-06-27T14:52:41Z</time></trkpt>
<trkpt lat="38.462682" lon="-119.722039"><ele>2822.4</ele><time>2024-06-27T14:52:59Z</time></trkpt>
<trkpt lat="38.462604" lon="-119.720570"><ele>2829.0</ele><time>2024-06-27T14:54:44Z</time></trkpt>
<trkpt lat="38.462815" lon="-119.718843"><ele>2842.2</ele><time>2024-06-27T14:56:42Z</time></trkpt>
<trkpt lat="38.462883" lon="-119.718892"><ele>2842.0</ele><time>2024-06-27T14:56:44Z</time></trkpt>
<trkpt lat="38.463044" lon="-119.718829"><ele>2842.2</ele><time>2024-06-27T14:56:50Z</time></trkpt>
<trkpt lat="38.463111" lon="-119.718708"><ele>2842.0</ele><time>2024-06-27T14:57:02Z</time></trkpt>
<trkpt lat="38.463609" lon="-119.718419"><ele>2847.6</ele><time>2024-06-27T14:58:08Z</time></trkpt>
<trkpt lat="38.463799" lon="-119.718229"><ele>2847.2</ele><time>2024-06-27T14:58:45Z</time></trkpt>
<trkpt lat="38.463819" lon="-119.718313"><ele>2847.0</ele><time>2024-06-27T14:58:47Z</time></trkpt>
<trkpt lat="38.464132" lon="-119.718328"><ele>2845.6</ele><time>2024-06-27T14:59:10Z</time></trkpt>
<trkpt lat="38.464871" lon="-119.718723"><ele>2842.2</ele><time>2024-06-27T15:00:04Z</time></trkpt>
<trkpt lat="38.465145" lon="-119.718802"><ele>2836.4</ele><time>2024-06-27T15:00:36Z</time></trkpt>
<trkpt lat="38.465291" lon="-119.718717"><ele>2832.8</ele><time>2024-06-27T15:00:48Z</time></trkpt>
<trkpt lat="38.465532" lon="-119.719016"><ele>2828.2</ele><time>2024-06-27T15:01:14Z</time></trkpt>
<trkpt lat="38.465482" lon="-119.719182"><ele>2826.2</ele><time>2024-06-27T15:01:26Z</time></trkpt>
<trkpt lat="38.465492" lon="-119.719524"><ele>2822.8</ele><time>2024-06-27T15:01:44Z</time></trkpt>
<trkpt lat="38.465359" lon="-119.719709"><ele>2819.6</ele><time>2024-06-27T15:02:02Z</time></trkpt>
<trkpt lat="38.465440" lon="-119.720428"><ele>2814.4</ele><time>2024-06-27T15:02:49Z</time></trkpt>
<trkpt lat="38.465550" lon="-119.720629"><ele>2812.6</ele><time>2024-06-27T15:03:12Z</time></trkpt>
<trkpt lat="38.465518" lon="-119.720872"><ele>2812.4</ele><time>2024-06-27T15:03:26Z</time></trkpt>
<trkpt lat="38.465715" lon="-119.721238"><ele>2807.6</ele><time>2024-06-27T15:03:54Z</time></trkpt>
<trkpt lat="38.465938" lon="-119.721426"><ele>2807.4</ele><time>2024-06-27T15:04:16Z</time></trkpt>
<trkpt lat="38.466108" lon="-119.721770"><ele>2803.0</ele><time>2024-06-27T15:04:42Z</time></trkpt>
<trkpt lat="38.466179" lon="-119.721762"><ele>2802.8</ele><time>2024-06-27T15:04:45Z</time></trkpt>
<trkpt lat="38.466212" lon="-119.721964"><ele>2800.8</ele><time>2024-06-27T15:04:59Z</time></trkpt>
<trkpt lat="38.466148" lon="-119.722260"><ele>2797.8</ele><time>2024-06-27T15:05:36Z</time></trkpt>
<trkpt lat="38.466304" lon="-119.722572"><ele>2795.8</ele><time>2024-06-27T15:06:50Z</time></trkpt>
<trkpt lat="38.466192" lon="-119.722600"><ele>2794.0</ele><time>2024-06-27T15:08:43Z</time></trkpt>
<trkpt lat="38.466317" lon="-119.722562"><ele>2793.4</ele><time>2024-06-27T15:10:57Z</time></trkpt>
<trkpt lat="38.466251" lon="-119.722512"><ele>2794.8</ele><time>2024-06-27T15:12:51Z</time></trkpt>
<trkpt lat="38.466240" lon="-119.722610"><ele>2795.8</ele><time>2024-06-27T15:14:49Z</time></trkpt>
<trkpt lat="38.466293" lon="-119.722525"><ele>2796.2</ele><time>2024-06-27T15:15:30Z</time></trkpt>
<trkpt lat="38.466272" lon="-119.722593"><ele>2796.0</ele><time>2024-06-27T15:16:48Z</time></trkpt>
<trkpt lat="38.466212" lon="-119.722579"><ele>2794.8</ele><time>2024-06-27T15:18:43Z</time></trkpt>
<trkpt lat="38.466299" lon="-119.722600"><ele>2794.0</ele><time>2024-06-27T15:18:59Z</time></trkpt>
<trkpt lat="38.466248" lon="-119.722512"><ele>2793.4</ele><time>2024-06-27T15:20:46Z</time></trkpt>
<trkpt lat="38.466297" lon="-119.722590"><ele>2794.0</ele><time>2024-06-27T15:21:01Z</time></trkpt>
<trkpt lat="38.466170" lon="-119.722665"><ele>2794.8</ele><time>2024-06-27T15:24:46Z</time></trkpt>
<trkpt lat="38.466258" lon="-119.722662"><ele>2793.6</ele><time>2024-06-27T15:24:58Z</time></trkpt>
<trkpt lat="38.466487" lon="-119.722866"><ele>2795.0</ele><time>2024-06-27T15:25:42Z</time></trkpt>
<trkpt lat="38.467066" lon="-119.723041"><ele>2788.2</ele><time>2024-06-27T15:26:28Z</time></trkpt>
<trkpt lat="38.467329" lon="-119.723092"><ele>2783.4</ele><time>2024-06-27T15:26:46Z</time></trkpt>
<trkpt lat="38.467544" lon="-119.722999"><ele>2782.4</ele><time>2024-06-27T15:26:50Z</time></trkpt>
<trkpt lat="38.467531" lon="-119.723131"><ele>2781.4</ele><time>2024-06-27T15:27:00Z</time></trkpt>
<trkpt lat="38.467650" lon="-119.723330"><ele>2780.2</ele><time>2024-06-27T15:27:10Z</time></trkpt>
<trkpt lat="38.467923" lon="-119.723779"><ele>2781.8</ele><time>2024-06-27T15:27:58Z</time></trkpt>
<trkpt lat="38.468329" lon="-119.724206"><ele>2779.2</ele><time>2024-06-27T15:28:36Z</time></trkpt>
<trkpt lat="38.468454" lon="-119.724412"><ele>2777.2</ele><time>2024-06-27T15:28:44Z</time></trkpt>
<trkpt lat="38.468433" lon="-119.724603"><ele>2778.2</ele><time>2024-06-27T15:28:54Z</time></trkpt>
<trkpt lat="38.468487" lon="-119.724725"><ele>2777.6</ele><time>2024-06-27T15:29:00Z</time></trkpt>
<trkpt lat="38.468742" lon="-119.725021"><ele>2777.0</ele><time>2024-06-27T15:29:32Z</time></trkpt>
<trkpt lat="38.468933" lon="-119.725138"><ele>2773.6</ele><time>2024-06-27T15:29:54Z</time></trkpt>
<trkpt lat="38.469456" lon="-119.725215"><ele>2768.8</ele><time>2024-06-27T15:30:28Z</time></trkpt>
<trkpt lat="38.469787" lon="-119.725464"><ele>2764.2</ele><time>2024-06-27T15:30:49Z</time></trkpt>
<trkpt lat="38.469749" lon="-119.725498"><ele>2764.0</ele><time>2024-06-27T15:30:50Z</time></trkpt>
<trkpt lat="38.469809" lon="-119.725677"><ele>2762.4</ele><time>2024-06-27T15:30:59Z</time></trkpt>
<trkpt lat="38.469773" lon="-119.726417"><ele>2750.4</ele><time>2024-06-27T15:32:13Z</time></trkpt>
<trkpt lat="38.470069" lon="-119.726616"><ele>2745.2</ele><time>2024-06-27T15:32:43Z</time></trkpt>
<trkpt lat="38.470024" lon="-119.726645"><ele>2744.6</ele><time>2024-06-27T15:32:46Z</time></trkpt>
<trkpt lat="38.470071" lon="-119.726727"><ele>2743.6</ele><time>2024-06-27T15:32:50Z</time></trkpt>
<trkpt lat="38.470042" lon="-119.726821"><ele>2742.4</ele><time>2024-06-27T15:32:54Z</time></trkpt>
<trkpt lat="38.469840" lon="-119.727056"><ele>2741.2</ele><time>2024-06-27T15:32:58Z</time></trkpt>
<trkpt lat="38.470249" lon="-119.727182"><ele>2738.8</ele><time>2024-06-27T15:33:15Z</time></trkpt>
<trkpt lat="38.471098" lon="-119.727603"><ele>2737.0</ele><time>2024-06-27T15:34:42Z</time></trkpt>
<trkpt lat="38.471193" lon="-119.727572"><ele>2736.6</ele><time>2024-06-27T15:34:46Z</time></trkpt>
<trkpt lat="38.471177" lon="-119.727793"><ele>2734.4</ele><time>2024-06-27T15:34:53Z</time></trkpt>
<trkpt lat="38.470958" lon="-119.728054"><ele>2733.4</ele><time>2024-06-27T15:34:58Z</time></trkpt>
<trkpt lat="38.471250" lon="-119.728152"><ele>2732.6</ele><time>2024-06-27T15:35:23Z</time></trkpt>
<trkpt lat="38.471916" lon="-119.727983"><ele>2728.2</ele><time>2024-06-27T15:36:21Z</time></trkpt>
<trkpt lat="38.472211" lon="-119.728267"><ele>2724.2</ele><time>2024-06-27T15:36:45Z</time></trkpt>
<trkpt lat="38.472349" lon="-119.728292"><ele>2724.2</ele><time>2024-06-27T15:36:50Z</time></trkpt>
<trkpt lat="38.472181" lon="-119.728535"><ele>2724.4</ele><time>2024-06-27T15:36:53Z</time></trkpt>
<trkpt lat="38.472632" lon="-119.728861"><ele>2733.0</ele><time>2024-06-27T15:38:49Z</time></trkpt>
<trkpt lat="38.472465" lon="-119.728938"><ele>2733.0</ele><time>2024-06-27T15:38:51Z</time></trkpt>
<trkpt lat="38.472272" lon="-119.729240"><ele>2732.4</ele><time>2024-06-27T15:40:43Z</time></trkpt>
<trkpt lat="38.472552" lon="-119.728974"><ele>2732.8</ele><time>2024-06-27T15:40:52Z</time></trkpt>
<trkpt lat="38.472523" lon="-119.728939"><ele>2733.0</ele><time>2024-06-27T15:40:57Z</time></trkpt>
<trkpt lat="38.472375" lon="-119.729090"><ele>2732.4</ele><time>2024-06-27T15:42:49Z</time></trkpt>
<trkpt lat="38.472565" lon="-119.728997"><ele>2733.4</ele><time>2024-06-27T15:44:53Z</time></trkpt>
<trkpt lat="38.472520" lon="-119.728940"><ele>2732.8</ele><time>2024-06-27T15:45:26Z</time></trkpt>
<trkpt lat="38.472656" lon="-119.728873"><ele>2728.4</ele><time>2024-06-27T15:46:20Z</time></trkpt>
<trkpt lat="38.472830" lon="-119.728977"><ele>2729.8</ele><time>2024-06-27T15:46:49Z</time></trkpt>
<trkpt lat="38.473382" lon="-119.728836"><ele>2735.2</ele><time>2024-06-27T15:47:34Z</time></trkpt>
<trkpt lat="38.473558" lon="-119.728792"><ele>2743.8</ele><time>2024-06-27T15:48:22Z</time></trkpt>
<trkpt lat="38.473939" lon="-119.728804"><ele>2742.0</ele><time>2024-06-27T15:48:46Z</time></trkpt>
<trkpt lat="38.473970" lon="-119.728897"><ele>2742.0</ele><time>2024-06-27T15:48:51Z</time></trkpt>
<trkpt lat="38.474073" lon="-119.728935"><ele>2741.6</ele><time>2024-06-27T15:48:59Z</time></trkpt>
<trkpt lat="38.474332" lon="-119.728919"><ele>2739.4</ele><time>2024-06-27T15:49:14Z</time></trkpt>
<trkpt lat="38.474942" lon="-119.728788"><ele>2744.2</ele><time>2024-06-27T15:50:32Z</time></trkpt>
<trkpt lat="38.475103" lon="-119.728711"><ele>2744.4</ele><time>2024-06-27T15:50:44Z</time></trkpt>
<trkpt lat="38.475248" lon="-119.728513"><ele>2745.8</ele><time>2024-06-27T15:50:57Z</time></trkpt>
<trkpt lat="38.475725" lon="-119.729005"><ele>2753.4</ele><time>2024-06-27T15:52:18Z</time></trkpt>
<trkpt lat="38.475872" lon="-119.729659"><ele>2754.4</ele><time>2024-06-27T15:52:55Z</time></trkpt>
<trkpt lat="38.475987" lon="-119.729679"><ele>2756.4</ele><time>2024-06-27T15:53:03Z</time></trkpt>
<trkpt lat="38.476072" lon="-119.730202"><ele>2763.0</ele><time>2024-06-27T15:53:46Z</time></trkpt>
<trkpt lat="38.476210" lon="-119.730512"><ele>2766.4</ele><time>2024-06-27T15:54:20Z</time></trkpt>
<trkpt lat="38.476270" lon="-119.730873"><ele>2771.8</ele><time>2024-06-27T15:54:47Z</time></trkpt>
<trkpt lat="38.476594" lon="-119.730837"><ele>2774.0</ele><time>2024-06-27T15:55:01Z</time></trkpt>
<trkpt lat="38.477028" lon="-119.731366"><ele>2765.8</ele><time>2024-06-27T15:55:57Z</time></trkpt>
<trkpt lat="38.477417" lon="-119.731545"><ele>2761.0</ele><time>2024-06-27T15:56:41Z</time></trkpt>
<trkpt lat="38.477392" lon="-119.731595"><ele>2760.4</ele><time>2024-06-27T15:56:47Z</time></trkpt>
<trkpt lat="38.477436" lon="-119.731550"><ele>2759.8</ele><time>2024-06-27T15:56:51Z</time></trkpt>
<trkpt lat="38.477332" lon="-119.731619"><ele>2759.2</ele><time>2024-06-27T15:57:01Z</time></trkpt>
<trkpt lat="38.477551" lon="-119.732323"><ele>2755.0</ele><time>2024-06-27T15:58:24Z</time></trkpt>
<trkpt lat="38.477760" lon="-119.732573"><ele>2751.0</ele><time>2024-06-27T15:58:43Z</time></trkpt>
<trkpt lat="38.477915" lon="-119.732550"><ele>2750.8</ele><time>2024-06-27T15:58:53Z</time></trkpt>
<trkpt lat="38.477941" lon="-119.732677"><ele>2750.0</ele><time>2024-06-27T15:58:59Z</time></trkpt>
<trkpt lat="38.478202" lon="-119.732910"><ele>2747.8</ele><time>2024-06-27T16:00:36Z</time></trkpt>
<trkpt lat="38.479051" lon="-119.733088"><ele>2735.2</ele><time>2024-06-27T16:01:29Z</time></trkpt>
<trkpt lat="38.479812" lon="-119.733822"><ele>2735.0</ele><time>2024-06-27T16:02:43Z</time></trkpt>
<trkpt lat="38.479981" lon="-119.733819"><ele>2734.8</ele><time>2024-06-27T16:02:52Z</time></trkpt>
<trkpt lat="38.480754" lon="-119.734807"><ele>2722.8</ele><time>2024-06-27T16:04:18Z</time></trkpt>
<trkpt lat="38.480930" lon="-119.734974"><ele>2719.4</ele><time>2024-06-27T16:04:45Z</time></trkpt>
<trkpt lat="38.481096" lon="-119.734979"><ele>2717.0</ele><time>2024-06-27T16:04:52Z</time></trkpt>
<trkpt lat="38.481245" lon="-119.735194"><ele>2713.2</ele><time>2024-06-27T16:05:12Z</time></trkpt>
<trkpt lat="38.481767" lon="-119.735580"><ele>2705.6</ele><time>2024-06-27T16:05:52Z</time></trkpt>
<trkpt lat="38.482125" lon="-119.735984"><ele>2703.8</ele><time>2024-06-27T16:06:44Z</time></trkpt>
<trkpt lat="38.482934" lon="-119.735965"><ele>2697.8</ele><time>2024-06-27T16:07:42Z</time></trkpt>
<trkpt lat="38.483239" lon="-119.735728"><ele>2693.0</ele><time>2024-06-27T16:08:08Z</time></trkpt>
<trkpt lat="38.483782" lon="-119.735707"><ele>2684.2</ele><time>2024-06-27T16:08:44Z</time></trkpt>
<trkpt lat="38.483755" lon="-119.735748"><ele>2682.4</ele><time>2024-06-27T16:08:54Z</time></trkpt>
<trkpt lat="38.484164" lon="-119.735524"><ele>2674.4</ele><time>2024-06-27T16:09:26Z</time></trkpt>
<trkpt lat="38.484836" lon="-119.735511"><ele>2665.4</ele><time>2024-06-27T16:10:14Z</time></trkpt>
<trkpt lat="38.485208" lon="-119.735647"><ele>2662.6</ele><time>2024-06-27T16:10:46Z</time></trkpt>
<trkpt lat="38.485211" lon="-119.735571"><ele>2662.0</ele><time>2024-06-27T16:10:55Z</time></trkpt>
<trkpt lat="38.485300" lon="-119.735601"><ele>2661.0</ele><time>2024-06-27T16:11:02Z</time></trkpt>
<trkpt lat="38.486307" lon="-119.736141"><ele>2652.8</ele><time>2024-06-27T16:12:32Z</time></trkpt>
<trkpt lat="38.486490" lon="-119.736346"><ele>2650.2</ele><time>2024-06-27T16:12:50Z</time></trkpt>
<trkpt lat="38.486375" lon="-119.736955"><ele>2644.8</ele><time>2024-06-27T16:13:24Z</time></trkpt>
<trkpt lat="38.486186" lon="-119.737612"><ele>2640.8</ele><time>2024-06-27T16:14:00Z</time></trkpt>
<trkpt lat="38.485821" lon="-119.737918"><ele>2641.4</ele><time>2024-06-27T16:14:46Z</time></trkpt>
<trkpt lat="38.485735" lon="-119.737972"><ele>2643.2</ele><time>2024-06-27T16:14:59Z</time></trkpt>
<trkpt lat="38.485199" lon="-119.737775"><ele>2644.4</ele><time>2024-06-27T16:15:39Z</time></trkpt>
<trkpt lat="38.485030" lon="-119.737972"><ele>2642.0</ele><time>2024-06-27T16:15:57Z</time></trkpt>
<trkpt lat="38.484770" lon="-119.738086"><ele>2639.6</ele><time>2024-06-27T16:16:33Z</time></trkpt>
<trkpt lat="38.484600" lon="-119.738248"><ele>2641.4</ele><time>2024-06-27T16:16:48Z</time></trkpt>
<trkpt lat="38.484411" lon="-119.738256"><ele>2640.6</ele><time>2024-06-27T16:17:00Z</time></trkpt>
<trkpt lat="38.483998" lon="-119.738424"><ele>2642.0</ele><time>2024-06-27T16:17:36Z</time></trkpt>
<trkpt lat="38.483252" lon="-119.738416"><ele>2645.2</ele><time>2024-06-27T16:18:48Z</time></trkpt>
<trkpt lat="38.482646" lon="-119.738304"><ele>2654.2</ele><time>2024-06-27T16:19:48Z</time></trkpt>
<trkpt lat="38.482253" lon="-119.738189"><ele>2649.6</ele><time>2024-06-27T16:20:30Z</time></trkpt>
<trkpt lat="38.482089" lon="-119.738287"><ele>2648.6</ele><time>2024-06-27T16:20:42Z</time></trkpt>
<trkpt lat="38.481644" lon="-119.738351"><ele>2647.6</ele><time>2024-06-27T16:21:10Z</time></trkpt>
<trkpt lat="38.481242" lon="-119.738850"><ele>2643.6</ele><time>2024-06-27T16:21:50Z</time></trkpt>
<trkpt lat="38.480974" lon="-119.739418"><ele>2639.4</ele><time>2024-06-27T16:22:45Z</time></trkpt>
<trkpt lat="38.481028" lon="-119.739356"><ele>2639.8</ele><time>2024-06-27T16:22:51Z</time></trkpt>
<trkpt lat="38.480788" lon="-119.739460"><ele>2633.8</ele><time>2024-06-27T16:23:48Z</time></trkpt>
<trkpt lat="38.480651" lon="-119.739806"><ele>2629.0</ele><time>2024-06-27T16:24:22Z</time></trkpt>
<trkpt lat="38.480786" lon="-119.739789"><ele>2626.8</ele><time>2024-06-27T16:24:45Z</time></trkpt>
<trkpt lat="38.480839" lon="-119.739859"><ele>2625.6</ele><time>2024-06-27T16:24:50Z</time></trkpt>
<trkpt lat="38.481258" lon="-119.739945"><ele>2620.4</ele><time>2024-06-27T16:25:28Z</time></trkpt>
<trkpt lat="38.481953" lon="-119.739948"><ele>2611.6</ele><time>2024-06-27T16:26:22Z</time></trkpt>
<trkpt lat="38.482316" lon="-119.739747"><ele>2609.6</ele><time>2024-06-27T16:26:50Z</time></trkpt>
<trkpt lat="38.482555" lon="-119.739890"><ele>2606.2</ele><time>2024-06-27T16:27:17Z</time></trkpt>
<trkpt lat="38.482828" lon="-119.739875"><ele>2602.8</ele><time>2024-06-27T16:27:37Z</time></trkpt>
<trkpt lat="38.482742" lon="-119.740118"><ele>2599.8</ele><time>2024-06-27T16:28:13Z</time></trkpt>
<trkpt lat="38.482403" lon="-119.740338"><ele>2593.6</ele><time>2024-06-27T16:28:39Z</time></trkpt>
<trkpt lat="38.482138" lon="-119.740623"><ele>2585.4</ele><time>2024-06-27T16:29:16Z</time></trkpt>
<trkpt lat="38.481888" lon="-119.740748"><ele>2584.2</ele><time>2024-06-27T16:29:40Z</time></trkpt>
<trkpt lat="38.481513" lon="-119.741066"><ele>2577.2</ele><time>2024-06-27T16:30:14Z</time></trkpt>
<trkpt lat="38.481404" lon="-119.741248"><ele>2576.2</ele><time>2024-06-27T16:30:34Z</time></trkpt>
<trkpt lat="38.481109" lon="-119.741310"><ele>2572.8</ele><time>2024-06-27T16:30:59Z</time></trkpt>
<trkpt lat="38.481236" lon="-119.742050"><ele>2562.4</ele><time>2024-06-27T16:31:48Z</time></trkpt>
<trkpt lat="38.480996" lon="-119.742250"><ele>2560.4</ele><time>2024-06-27T16:32:08Z</time></trkpt>
<trkpt lat="38.480852" lon="-119.742803"><ele>2557.4</ele><time>2024-06-27T16:32:47Z</time></trkpt>
<trkpt lat="38.480951" lon="-119.742937"><ele>2555.6</ele><time>2024-06-27T16:32:58Z</time></trkpt>
<trkpt lat="38.480886" lon="-119.743223"><ele>2551.4</ele><time>2024-06-27T16:33:22Z</time></trkpt>
<trkpt lat="38.480755" lon="-119.743369"><ele>2549.2</ele><time>2024-06-27T16:33:34Z</time></trkpt>
<trkpt lat="38.480148" lon="-119.743542"><ele>2542.6</ele><time>2024-06-27T16:34:22Z</time></trkpt>
<trkpt lat="38.480307" lon="-119.743785"><ele>2539.8</ele><time>2024-06-27T16:35:03Z</time></trkpt>
<trkpt lat="38.480741" lon="-119.744891"><ele>2547.6</ele><time>2024-06-27T16:37:03Z</time></trkpt>
<trkpt lat="38.481448" lon="-119.745820"><ele>2555.0</ele><time>2024-06-27T16:38:43Z</time></trkpt>
<trkpt lat="38.481565" lon="-119.746085"><ele>2554.4</ele><time>2024-06-27T16:39:01Z</time></trkpt>
<trkpt lat="38.481664" lon="-119.747144"><ele>2550.4</ele><time>2024-06-27T16:40:22Z</time></trkpt>
<trkpt lat="38.481857" lon="-119.747531"><ele>2547.6</ele><time>2024-06-27T16:40:45Z</time></trkpt>
<trkpt lat="38.481744" lon="-119.747623"><ele>2545.6</ele><time>2024-06-27T16:41:00Z</time></trkpt>
<trkpt lat="38.482043" lon="-119.748886"><ele>2544.0</ele><time>2024-06-27T16:42:40Z</time></trkpt>
<trkpt lat="38.482035" lon="-119.749078"><ele>2543.6</ele><time>2024-06-27T16:42:43Z</time></trkpt>
<trkpt lat="38.482115" lon="-119.748982"><ele>2543.6</ele><time>2024-06-27T16:42:46Z</time></trkpt>
<trkpt lat="38.481935" lon="-119.749008"><ele>2541.8</ele><time>2024-06-27T16:42:59Z</time></trkpt>
<trkpt lat="38.481956" lon="-119.749266"><ele>2539.4</ele><time>2024-06-27T16:43:22Z</time></trkpt>
<trkpt lat="38.482063" lon="-119.749502"><ele>2539.6</ele><time>2024-06-27T16:43:44Z</time></trkpt>
<trkpt lat="38.481987" lon="-119.749906"><ele>2536.2</ele><time>2024-06-27T16:44:12Z</time></trkpt>
<trkpt lat="38.482023" lon="-119.750199"><ele>2533.0</ele><time>2024-06-27T16:44:38Z</time></trkpt>
<trkpt lat="38.481932" lon="-119.750225"><ele>2533.8</ele><time>2024-06-27T16:44:49Z</time></trkpt>
<trkpt lat="38.482009" lon="-119.750345"><ele>2535.2</ele><time>2024-06-27T16:45:01Z</time></trkpt>
<trkpt lat="38.482406" lon="-119.750335"><ele>2531.8</ele><time>2024-06-27T16:45:42Z</time></trkpt>
<trkpt lat="38.482567" lon="-119.750268"><ele>2532.2</ele><time>2024-06-27T16:45:54Z</time></trkpt>
<trkpt lat="38.482716" lon="-119.750332"><ele>2534.8</ele><time>2024-06-27T16:46:26Z</time></trkpt>
<trkpt lat="38.482922" lon="-119.750516"><ele>2535.6</ele><time>2024-06-27T16:46:46Z</time></trkpt>
<trkpt lat="38.482966" lon="-119.750744"><ele>2536.8</ele><time>2024-06-27T16:47:03Z</time></trkpt>
<trkpt lat="38.483218" lon="-119.750915"><ele>2538.2</ele><time>2024-06-27T16:47:14Z</time></trkpt>
<trkpt lat="38.484980" lon="-119.751269"><ele>2552.0</ele><time>2024-06-27T16:50:43Z</time></trkpt>
<trkpt lat="38.485139" lon="-119.751444"><ele>2554.2</ele><time>2024-06-27T16:51:01Z</time></trkpt>
<trkpt lat="38.484831" lon="-119.752842"><ele>2560.0</ele><time>2024-06-27T16:52:45Z</time></trkpt>
<trkpt lat="38.484741" lon="-119.753050"><ele>2560.4</ele><time>2024-06-27T16:52:55Z</time></trkpt>
<trkpt lat="38.484806" lon="-119.753115"><ele>2561.4</ele><time>2024-06-27T16:53:01Z</time></trkpt>
<trkpt lat="38.484894" lon="-119.753855"><ele>2564.8</ele><time>2024-06-27T16:54:08Z</time></trkpt>
<trkpt lat="38.485042" lon="-119.754442"><ele>2564.8</ele><time>2024-06-27T16:54:46Z</time></trkpt>
<trkpt lat="38.485276" lon="-119.754532"><ele>2566.4</ele><time>2024-06-27T16:55:43Z</time></trkpt>
<trkpt lat="38.485483" lon="-119.754344"><ele>2564.8</ele><time>2024-06-27T16:56:43Z</time></trkpt>
<trkpt lat="38.485736" lon="-119.754290"><ele>2565.6</ele><time>2024-06-27T16:56:59Z</time></trkpt>
<trkpt lat="38.486857" lon="-119.754825"><ele>2572.0</ele><time>2024-06-27T16:58:50Z</time></trkpt>
<trkpt lat="38.487240" lon="-119.754874"><ele>2578.8</ele><time>2024-06-27T16:59:57Z</time></trkpt>
<trkpt lat="38.487276" lon="-119.755142"><ele>2585.0</ele><time>2024-06-27T17:00:29Z</time></trkpt>
<trkpt lat="38.487403" lon="-119.755287"><ele>2585.4</ele><time>2024-06-27T17:00:47Z</time></trkpt>
<trkpt lat="38.487289" lon="-119.755808"><ele>2589.4</ele><time>2024-06-27T17:01:23Z</time></trkpt>
<trkpt lat="38.487173" lon="-119.756011"><ele>2590.6</ele><time>2024-06-27T17:01:41Z</time></trkpt>
<trkpt lat="38.487163" lon="-119.756500"><ele>2598.2</ele><time>2024-06-27T17:02:46Z</time></trkpt>
<trkpt lat="38.487210" lon="-119.756541"><ele>2598.2</ele><time>2024-06-27T17:02:50Z</time></trkpt>
<trkpt lat="38.487133" lon="-119.756341"><ele>2598.4</ele><time>2024-06-27T17:02:56Z</time></trkpt>
<trkpt lat="38.486822" lon="-119.757174"><ele>2610.0</ele><time>2024-06-27T17:04:44Z</time></trkpt>
<trkpt lat="38.486824" lon="-119.757381"><ele>2611.8</ele><time>2024-06-27T17:04:56Z</time></trkpt>
<trkpt lat="38.486504" lon="-119.758177"><ele>2628.4</ele><time>2024-06-27T17:06:21Z</time></trkpt>
<trkpt lat="38.486450" lon="-119.758520"><ele>2631.0</ele><time>2024-06-27T17:06:47Z</time></trkpt>
<trkpt lat="38.486861" lon="-119.759471"><ele>2641.2</ele><time>2024-06-27T17:08:09Z</time></trkpt>
<trkpt lat="38.487165" lon="-119.759732"><ele>2647.6</ele><time>2024-06-27T17:08:50Z</time></trkpt>
<trkpt lat="38.487252" lon="-119.759892"><ele>2647.6</ele><time>2024-06-27T17:09:02Z</time></trkpt>
<trkpt lat="38.488151" lon="-119.760598"><ele>2656.4</ele><time>2024-06-27T17:10:44Z</time></trkpt>
<trkpt lat="38.488927" lon="-119.760496"><ele>2667.0</ele><time>2024-06-27T17:12:33Z</time></trkpt>
<trkpt lat="38.489754" lon="-119.760606"><ele>2674.6</ele><time>2024-06-27T17:13:45Z</time></trkpt>
<trkpt lat="38.489917" lon="-119.760560"><ele>2673.4</ele><time>2024-06-27T17:14:01Z</time></trkpt>
<trkpt lat="38.490984" lon="-119.760752"><ele>2678.0</ele><time>2024-06-27T17:15:41Z</time></trkpt>
<trkpt lat="38.491189" lon="-119.760712"><ele>2677.2</ele><time>2024-06-27T17:15:59Z</time></trkpt>
<trkpt lat="38.491746" lon="-119.760818"><ele>2673.4</ele><time>2024-06-27T17:16:48Z</time></trkpt>
<trkpt lat="38.492212" lon="-119.761102"><ele>2668.0</ele><time>2024-06-27T17:17:25Z</time></trkpt>
<trkpt lat="38.492204" lon="-119.761225"><ele>2667.0</ele><time>2024-06-27T17:17:33Z</time></trkpt>
<trkpt lat="38.492720" lon="-119.762088"><ele>2661.8</ele><time>2024-06-27T17:18:46Z</time></trkpt>
<trkpt lat="38.492631" lon="-119.762133"><ele>2660.4</ele><time>2024-06-27T17:18:52Z</time></trkpt>
<trkpt lat="38.492630" lon="-119.762235"><ele>2658.4</ele><time>2024-06-27T17:19:00Z</time></trkpt>
<trkpt lat="38.492925" lon="-119.762419"><ele>2652.8</ele><time>2024-06-27T17:19:28Z</time></trkpt>
<trkpt lat="38.493204" lon="-119.763000"><ele>2647.4</ele><time>2024-06-27T17:20:18Z</time></trkpt>
<trkpt lat="38.493570" lon="-119.763121"><ele>2643.8</ele><time>2024-06-27T17:20:44Z</time></trkpt>
<trkpt lat="38.493711" lon="-119.763102"><ele>2641.8</ele><time>2024-06-27T17:20:52Z</time></trkpt>
<trkpt lat="38.494541" lon="-119.763397"><ele>2633.2</ele><time>2024-06-27T17:22:03Z</time></trkpt>
<trkpt lat="38.494869" lon="-119.763192"><ele>2630.8</ele><time>2024-06-27T17:22:29Z</time></trkpt>
<trkpt lat="38.495153" lon="-119.763181"><ele>2627.8</ele><time>2024-06-27T17:22:50Z</time></trkpt>
<trkpt lat="38.495446" lon="-119.764227"><ele>2621.0</ele><time>2024-06-27T17:24:01Z</time></trkpt>
<trkpt lat="38.495454" lon="-119.764598"><ele>2620.0</ele><time>2024-06-27T17:24:27Z</time></trkpt>
<trkpt lat="38.495618" lon="-119.764999"><ele>2617.4</ele><time>2024-06-27T17:24:49Z</time></trkpt>
<trkpt lat="38.495581" lon="-119.765046"><ele>2615.8</ele><time>2024-06-27T17:24:55Z</time></trkpt>
<trkpt lat="38.495619" lon="-119.765159"><ele>2614.4</ele><time>2024-06-27T17:25:02Z</time></trkpt>
<trkpt lat="38.495881" lon="-119.765402"><ele>2610.0</ele><time>2024-06-27T17:25:23Z</time></trkpt>
<trkpt lat="38.496353" lon="-119.766173"><ele>2609.0</ele><time>2024-06-27T17:26:35Z</time></trkpt>
<trkpt lat="38.496567" lon="-119.766577"><ele>2604.2</ele><time>2024-06-27T17:27:02Z</time></trkpt>
<trkpt lat="38.496809" lon="-119.767231"><ele>2604.6</ele><time>2024-06-27T17:27:53Z</time></trkpt>
<trkpt lat="38.497232" lon="-119.767972"><ele>2600.0</ele><time>2024-06-27T17:28:45Z</time></trkpt>
<trkpt lat="38.497282" lon="-119.767964"><ele>2600.2</ele><time>2024-06-27T17:28:47Z</time></trkpt>
<trkpt lat="38.497197" lon="-119.767939"><ele>2599.8</ele><time>2024-06-27T17:28:52Z</time></trkpt>
<trkpt lat="38.497309" lon="-119.768171"><ele>2599.0</ele><time>2024-06-27T17:29:11Z</time></trkpt>
<trkpt lat="38.497372" lon="-119.768535"><ele>2594.4</ele><time>2024-06-27T17:29:31Z</time></trkpt>
<trkpt lat="38.497660" lon="-119.768827"><ele>2585.6</ele><time>2024-06-27T17:30:07Z</time></trkpt>
<trkpt lat="38.497829" lon="-119.769184"><ele>2581.4</ele><time>2024-06-27T17:30:33Z</time></trkpt>
<trkpt lat="38.497902" lon="-119.769838"><ele>2577.2</ele><time>2024-06-27T17:31:03Z</time></trkpt>
<trkpt lat="38.498307" lon="-119.770020"><ele>2570.2</ele><time>2024-06-27T17:31:38Z</time></trkpt>
<trkpt lat="38.498976" lon="-119.770555"><ele>2571.8</ele><time>2024-06-27T17:32:50Z</time></trkpt>
<trkpt lat="38.498870" lon="-119.770398"><ele>2571.6</ele><time>2024-06-27T17:32:52Z</time></trkpt>
<trkpt lat="38.500141" lon="-119.770517"><ele>2576.4</ele><time>2024-06-27T17:34:44Z</time></trkpt>
<trkpt lat="38.500212" lon="-119.770596"><ele>2576.4</ele><time>2024-06-27T17:34:46Z</time></trkpt>
<trkpt lat="38.500545" lon="-119.770557"><ele>2573.2</ele><time>2024-06-27T17:36:47Z</time></trkpt>
<trkpt lat="38.500743" lon="-119.770777"><ele>2573.4</ele><time>2024-06-27T17:36:53Z</time></trkpt>
<trkpt lat="38.501424" lon="-119.770885"><ele>2585.0</ele><time>2024-06-27T17:38:23Z</time></trkpt>
<trkpt lat="38.501828" lon="-119.770868"><ele>2587.2</ele><time>2024-06-27T17:38:47Z</time></trkpt>
<trkpt lat="38.501822" lon="-119.770606"><ele>2587.6</ele><time>2024-06-27T17:39:04Z</time></trkpt>
<trkpt lat="38.502431" lon="-119.769416"><ele>2597.2</ele><time>2024-06-27T17:40:49Z</time></trkpt>
<trkpt lat="38.502398" lon="-119.769333"><ele>2598.0</ele><time>2024-06-27T17:40:55Z</time></trkpt>
<trkpt lat="38.502452" lon="-119.769293"><ele>2599.2</ele><time>2024-06-27T17:41:01Z</time></trkpt>
<trkpt lat="38.502642" lon="-119.768513"><ele>2602.2</ele><time>2024-06-27T17:42:15Z</time></trkpt>
<trkpt lat="38.502893" lon="-119.768079"><ele>2601.4</ele><time>2024-06-27T17:42:47Z</time></trkpt>
<trkpt lat="38.502984" lon="-119.768205"><ele>2601.0</ele><time>2024-06-27T17:42:49Z</time></trkpt>
<trkpt lat="38.504058" lon="-119.767957"><ele>2611.2</ele><time>2024-06-27T17:44:47Z</time></trkpt>
<trkpt lat="38.504230" lon="-119.768841"><ele>2614.2</ele><time>2024-06-27T17:45:51Z</time></trkpt>
<trkpt lat="38.504261" lon="-119.769281"><ele>2621.6</ele><time>2024-06-27T17:46:50Z</time></trkpt>
<trkpt lat="38.504318" lon="-119.769340"><ele>2623.8</ele><time>2024-06-27T17:47:02Z</time></trkpt>
<trkpt lat="38.504441" lon="-119.769904"><ele>2630.6</ele><time>2024-06-27T17:47:53Z</time></trkpt>
<trkpt lat="38.504449" lon="-119.770598"><ele>2636.8</ele><time>2024-06-27T17:48:49Z</time></trkpt>
<trkpt lat="38.504200" lon="-119.771517"><ele>2648.0</ele><time>2024-06-27T17:50:35Z</time></trkpt>
<trkpt lat="38.504083" lon="-119.771722"><ele>2648.8</ele><time>2024-06-27T17:50:47Z</time></trkpt>
<trkpt lat="38.504101" lon="-119.771835"><ele>2649.2</ele><time>2024-06-27T17:50:51Z</time></trkpt>
<trkpt lat="38.504023" lon="-119.771771"><ele>2650.8</ele><time>2024-06-27T17:51:00Z</time></trkpt>
<trkpt lat="38.503705" lon="-119.773168"><ele>2665.8</ele><time>2024-06-27T17:52:58Z</time></trkpt>
<trkpt lat="38.504325" lon="-119.773953"><ele>2677.8</ele><time>2024-06-27T17:54:45Z</time></trkpt>
<trkpt lat="38.504415" lon="-119.773960"><ele>2678.2</ele><time>2024-06-27T17:54:49Z</time></trkpt>
<trkpt lat="38.504383" lon="-119.773995"><ele>2679.4</ele><time>2024-06-27T17:54:54Z</time></trkpt>
<trkpt lat="38.505043" lon="-119.774607"><ele>2689.8</ele><time>2024-06-27T17:56:39Z</time></trkpt>
<trkpt lat="38.505067" lon="-119.774697"><ele>2691.0</ele><time>2024-06-27T17:56:48Z</time></trkpt>
<trkpt lat="38.505442" lon="-119.774757"><ele>2692.6</ele><time>2024-06-27T17:57:23Z</time></trkpt>
<trkpt lat="38.505872" lon="-119.774450"><ele>2688.8</ele><time>2024-06-27T17:58:27Z</time></trkpt>
<trkpt lat="38.506122" lon="-119.774418"><ele>2689.4</ele><time>2024-06-27T17:58:45Z</time></trkpt>
<trkpt lat="38.505890" lon="-119.774238"><ele>2691.0</ele><time>2024-06-27T17:58:55Z</time></trkpt>
<trkpt lat="38.506280" lon="-119.775662"><ele>2700.8</ele><time>2024-06-27T18:00:45Z</time></trkpt>
<trkpt lat="38.506396" lon="-119.775659"><ele>2702.6</ele><time>2024-06-27T18:00:57Z</time></trkpt>
<trkpt lat="38.507101" lon="-119.776457"><ele>2710.2</ele><time>2024-06-27T18:02:44Z</time></trkpt>
<trkpt lat="38.507706" lon="-119.776603"><ele>2720.4</ele><time>2024-06-27T18:03:59Z</time></trkpt>
<trkpt lat="38.508096" lon="-119.776577"><ele>2726.6</ele><time>2024-06-27T18:04:48Z</time></trkpt>
<trkpt lat="38.508234" lon="-119.776646"><ele>2729.4</ele><time>2024-06-27T18:05:04Z</time></trkpt>
<trkpt lat="38.508714" lon="-119.776134"><ele>2737.6</ele><time>2024-06-27T18:06:44Z</time></trkpt>
<trkpt lat="38.508837" lon="-119.776362"><ele>2739.2</ele><time>2024-06-27T18:07:00Z</time></trkpt>
<trkpt lat="38.509566" lon="-119.776611"><ele>2753.0</ele><time>2024-06-27T18:08:43Z</time></trkpt>
<trkpt lat="38.509568" lon="-119.776550"><ele>2753.6</ele><time>2024-06-27T18:08:47Z</time></trkpt>
<trkpt lat="38.509709" lon="-119.776572"><ele>2755.4</ele><time>2024-06-27T18:09:02Z</time></trkpt>
<trkpt lat="38.510047" lon="-119.776383"><ele>2758.2</ele><time>2024-06-27T18:09:49Z</time></trkpt>
<trkpt lat="38.510421" lon="-119.776014"><ele>2767.4</ele><time>2024-06-27T18:10:46Z</time></trkpt>
<trkpt lat="38.510810" lon="-119.776553"><ele>2767.6</ele><time>2024-06-27T18:11:00Z</time></trkpt>
<trkpt lat="38.511783" lon="-119.776054"><ele>2780.4</ele><time>2024-06-27T18:12:46Z</time></trkpt>
<trkpt lat="38.512007" lon="-119.776190"><ele>2782.6</ele><time>2024-06-27T18:13:04Z</time></trkpt>
<trkpt lat="38.512842" lon="-119.775950"><ele>2795.8</ele><time>2024-06-27T18:14:44Z</time></trkpt>
<trkpt lat="38.512991" lon="-119.776119"><ele>2797.0</ele><time>2024-06-27T18:15:01Z</time></trkpt>
<trkpt lat="38.513466" lon="-119.776180"><ele>2808.0</ele><time>2024-06-27T18:16:29Z</time></trkpt>
<trkpt lat="38.513995" lon="-119.776188"><ele>2809.2</ele><time>2024-06-27T18:16:53Z</time></trkpt>
<trkpt lat="38.513983" lon="-119.776254"><ele>2809.2</ele><time>2024-06-27T18:16:54Z</time></trkpt>
<trkpt lat="38.514064" lon="-119.776171"><ele>2809.8</ele><time>2024-06-27T18:17:00Z</time></trkpt>
<trkpt lat="38.514513" lon="-119.776435"><ele>2810.6</ele><time>2024-06-27T18:17:49Z</time></trkpt>
<trkpt lat="38.514718" lon="-119.776438"><ele>2810.4</ele><time>2024-06-27T18:18:03Z</time></trkpt>
<trkpt lat="38.515159" lon="-119.776749"><ele>2816.8</ele><time>2024-06-27T18:18:53Z</time></trkpt>
<trkpt lat="38.515789" lon="-119.776887"><ele>2823.0</ele><time>2024-06-27T18:20:03Z</time></trkpt>
<trkpt lat="38.516238" lon="-119.777149"><ele>2828.4</ele><time>2024-06-27T18:20:50Z</time></trkpt>
<trkpt lat="38.516865" lon="-119.777163"><ele>2838.2</ele><time>2024-06-27T18:22:15Z</time></trkpt>
<trkpt lat="38.517266" lon="-119.777487"><ele>2838.6</ele><time>2024-06-27T18:22:47Z</time></trkpt>
<trkpt lat="38.517656" lon="-119.777259"><ele>2839.2</ele><time>2024-06-27T18:22:51Z</time></trkpt>
<trkpt lat="38.517601" lon="-119.777434"><ele>2839.6</ele><time>2024-06-27T18:22:52Z</time></trkpt>
<trkpt lat="38.517425" lon="-119.777641"><ele>2839.6</ele><time>2024-06-27T18:22:58Z</time></trkpt>
<trkpt lat="38.517894" lon="-119.778753"><ele>2838.8</ele><time>2024-06-27T18:23:12Z</time></trkpt>
<trkpt lat="38.518448" lon="-119.779796"><ele>2838.8</ele><time>2024-06-27T18:23:18Z</time></trkpt>
<trkpt lat="38.518387" lon="-119.780213"><ele>2838.2</ele><time>2024-06-27T18:23:24Z</time></trkpt>
<trkpt lat="38.518239" lon="-119.779413"><ele>2838.0</ele><time>2024-06-27T18:24:40Z</time></trkpt>
<trkpt lat="38.517961" lon="-119.778852"><ele>2838.4</ele><time>2024-06-27T18:24:52Z</time></trkpt>
<trkpt lat="38.518385" lon="-119.779309"><ele>2838.6</ele><time>2024-06-27T18:25:54Z</time></trkpt>
<trkpt lat="38.518485" lon="-119.779529"><ele>2847.4</ele><time>2024-06-27T18:26:36Z</time></trkpt>
<trkpt lat="38.518728" lon="-119.779836"><ele>2849.2</ele><time>2024-06-27T18:27:00Z</time></trkpt>
<trkpt lat="38.518865" lon="-119.780196"><ele>2850.4</ele><time>2024-06-27T18:27:15Z</time></trkpt>
<trkpt lat="38.519138" lon="-119.780777"><ele>2865.2</ele><time>2024-06-27T18:28:33Z</time></trkpt>
<trkpt lat="38.519278" lon="-119.781033"><ele>2865.6</ele><time>2024-06-27T18:28:44Z</time></trkpt>
<trkpt lat="38.519257" lon="-119.780988"><ele>2866.6</ele><time>2024-06-27T18:28:49Z</time></trkpt>
<trkpt lat="38.519325" lon="-119.780973"><ele>2862.6</ele><time>2024-06-27T18:29:04Z</time></trkpt>
<trkpt lat="38.519228" lon="-119.780981"><ele>2867.0</ele><time>2024-06-27T18:30:05Z</time></trkpt>
<trkpt lat="38.519226" lon="-119.780984"><ele>2862.8</ele><time>2024-06-27T18:30:19Z</time></trkpt>
<trkpt lat="38.519446" lon="-119.780952"><ele>2856.8</ele><time>2024-06-27T18:30:44Z</time></trkpt>
<trkpt lat="38.519573" lon="-119.780793"><ele>2850.4</ele><time>2024-06-27T18:31:03Z</time></trkpt>
<trkpt lat="38.519787" lon="-119.780945"><ele>2840.4</ele><time>2024-06-27T18:32:44Z</time></trkpt>
<trkpt lat="38.519866" lon="-119.780737"><ele>2839.8</ele><time>2024-06-27T18:32:45Z</time></trkpt>
<trkpt lat="38.519809" lon="-119.780750"><ele>2839.0</ele><time>2024-06-27T18:32:47Z</time></trkpt>
<trkpt lat="38.519807" lon="-119.780860"><ele>2838.2</ele><time>2024-06-27T18:32:55Z</time></trkpt>
<trkpt lat="38.520058" lon="-119.780375"><ele>2835.4</ele><time>2024-06-27T18:34:47Z</time></trkpt>
<trkpt lat="38.519987" lon="-119.780569"><ele>2834.2</ele><time>2024-06-27T18:34:52Z</time></trkpt>
<trkpt lat="38.520037" lon="-119.780631"><ele>2833.6</ele><time>2024-06-27T18:34:54Z</time></trkpt>
<trkpt lat="38.520065" lon="-119.780570"><ele>2834.0</ele><time>2024-06-27T18:34:58Z</time></trkpt>
<trkpt lat="38.519982" lon="-119.780602"><ele>2834.0</ele><time>2024-06-27T18:35:01Z</time></trkpt>
<trkpt lat="38.520195" lon="-119.780424"><ele>2835.6</ele><time>2024-06-27T18:36:49Z</time></trkpt>
<trkpt lat="38.520002" lon="-119.780593"><ele>2834.8</ele><time>2024-06-27T18:36:55Z</time></trkpt>
<trkpt lat="38.519966" lon="-119.780502"><ele>2834.0</ele><time>2024-06-27T18:38:15Z</time></trkpt>
<trkpt lat="38.519916" lon="-119.780550"><ele>2833.8</ele><time>2024-06-27T18:39:00Z</time></trkpt>
<trkpt lat="38.520164" lon="-119.780658"><ele>2834.0</ele><time>2024-06-27T18:40:57Z</time></trkpt>
<trkpt lat="38.519903" lon="-119.780529"><ele>2836.2</ele><time>2024-06-27T18:42:51Z</time></trkpt>
<trkpt lat="38.520085" lon="-119.780615"><ele>2830.6</ele><time>2024-06-27T18:44:57Z</time></trkpt>
<trkpt lat="38.519978" lon="-119.780477"><ele>2834.4</ele><time>2024-06-27T18:46:52Z</time></trkpt>
<trkpt lat="38.519939" lon="-119.780571"><ele>2834.6</ele><time>2024-06-27T18:46:56Z</time></trkpt>
<trkpt lat="38.520062" lon="-119.780632"><ele>2835.6</ele><time>2024-06-27T18:48:54Z</time></trkpt>
<trkpt lat="38.519930" lon="-119.780619"><ele>2835.6</ele><time>2024-06-27T18:49:04Z</time></trkpt>
<trkpt lat="38.520055" lon="-119.780684"><ele>2840.0</ele><time>2024-06-27T18:49:35Z</time></trkpt>
<trkpt lat="38.520094" lon="-119.780793"><ele>2837.0</ele><time>2024-06-27T18:50:52Z</time></trkpt>
<trkpt lat="38.520175" lon="-119.780721"><ele>2837.0</ele><time>2024-06-27T18:50:54Z</time></trkpt>
<trkpt lat="38.520117" lon="-119.780652"><ele>2837.2</ele><time>2024-06-27T18:51:04Z</time></trkpt>
<trkpt lat="38.520149" lon="-119.780566"><ele>2832.2</ele><time>2024-06-27T18:52:01Z</time></trkpt>
<trkpt lat="38.520167" lon="-119.780169"><ele>2831.6</ele><time>2024-06-27T18:52:46Z</time></trkpt>
<trkpt lat="38.520139" lon="-119.780194"><ele>2830.2</ele><time>2024-06-27T18:52:53Z</time></trkpt>
<trkpt lat="38.520215" lon="-119.780119"><ele>2827.2</ele><time>2024-06-27T18:53:00Z</time></trkpt>
<trkpt lat="38.520281" lon="-119.779966"><ele>2835.8</ele><time>2024-06-27T18:53:17Z</time></trkpt>
<trkpt lat="38.520261" lon="-119.779918"><ele>2834.4</ele><time>2024-06-27T18:53:27Z</time></trkpt>
<trkpt lat="38.520390" lon="-119.779752"><ele>2835.8</ele><time>2024-06-27T18:53:51Z</time></trkpt>
<trkpt lat="38.520672" lon="-119.779712"><ele>2830.8</ele><time>2024-06-27T18:54:44Z</time></trkpt>
<trkpt lat="38.520783" lon="-119.779558"><ele>2830.2</ele><time>2024-06-27T18:54:50Z</time></trkpt>
<trkpt lat="38.521141" lon="-119.778483"><ele>2818.0</ele><time>2024-06-27T18:56:21Z</time></trkpt>
<trkpt lat="38.521296" lon="-119.778408"><ele>2815.8</ele><time>2024-06-27T18:56:37Z</time></trkpt>
<trkpt lat="38.521437" lon="-119.777955"><ele>2814.0</ele><time>2024-06-27T18:57:03Z</time></trkpt>
<trkpt lat="38.521526" lon="-119.777367"><ele>2805.0</ele><time>2024-06-27T18:57:44Z</time></trkpt>
<trkpt lat="38.521664" lon="-119.777039"><ele>2801.2</ele><time>2024-06-27T18:58:18Z</time></trkpt>
<trkpt lat="38.521692" lon="-119.776585"><ele>2798.0</ele><time>2024-06-27T18:59:01Z</time></trkpt>
<trkpt lat="38.521773" lon="-119.776468"><ele>2794.8</ele><time>2024-06-27T18:59:15Z</time></trkpt>
<trkpt lat="38.521758" lon="-119.776309"><ele>2792.0</ele><time>2024-06-27T18:59:29Z</time></trkpt>
<trkpt lat="38.521951" lon="-119.776381"><ele>2788.6</ele><time>2024-06-27T18:59:45Z</time></trkpt>
<trkpt lat="38.522000" lon="-119.776335"><ele>2785.8</ele><time>2024-06-27T18:59:55Z</time></trkpt>
<trkpt lat="38.522434" lon="-119.775520"><ele>2776.8</ele><time>2024-06-27T19:01:03Z</time></trkpt>
<trkpt lat="38.523976" lon="-119.775097"><ele>2768.8</ele><time>2024-06-27T19:03:15Z</time></trkpt>
<trkpt lat="38.524059" lon="-119.774990"><ele>2767.8</ele><time>2024-06-27T19:03:27Z</time></trkpt>
<trkpt lat="38.524341" lon="-119.774878"><ele>2764.0</ele><time>2024-06-27T19:03:51Z</time></trkpt>
<trkpt lat="38.525663" lon="-119.774744"><ele>2744.0</ele><time>2024-06-27T19:05:57Z</time></trkpt>
<trkpt lat="38.526233" lon="-119.774868"><ele>2738.6</ele><time>2024-06-27T19:06:45Z</time></trkpt>
<trkpt lat="38.526283" lon="-119.774979"><ele>2737.6</ele><time>2024-06-27T19:07:05Z</time></trkpt>
<trkpt lat="38.525985" lon="-119.775363"><ele>2736.8</ele><time>2024-06-27T19:08:07Z</time></trkpt>
<trkpt lat="38.526057" lon="-119.776111"><ele>2732.2</ele><time>2024-06-27T19:08:50Z</time></trkpt>
<trkpt lat="38.525958" lon="-119.776459"><ele>2731.0</ele><time>2024-06-27T19:09:05Z</time></trkpt>
<trkpt lat="38.526289" lon="-119.776746"><ele>2730.0</ele><time>2024-06-27T19:09:47Z</time></trkpt>
<trkpt lat="38.526521" lon="-119.776621"><ele>2726.4</ele><time>2024-06-27T19:10:09Z</time></trkpt>
<trkpt lat="38.526860" lon="-119.776675"><ele>2720.2</ele><time>2024-06-27T19:10:47Z</time></trkpt>
<trkpt lat="38.526796" lon="-119.776775"><ele>2720.0</ele><time>2024-06-27T19:10:55Z</time></trkpt>
<trkpt lat="38.526831" lon="-119.776678"><ele>2719.6</ele><time>2024-06-27T19:11:00Z</time></trkpt>
<trkpt lat="38.527577" lon="-119.776406"><ele>2707.6</ele><time>2024-06-27T19:12:15Z</time></trkpt>
<trkpt lat="38.527935" lon="-119.776176"><ele>2708.6</ele><time>2024-06-27T19:12:51Z</time></trkpt>
<trkpt lat="38.528217" lon="-119.776139"><ele>2706.8</ele><time>2024-06-27T19:13:11Z</time></trkpt>
<trkpt lat="38.528506" lon="-119.776003"><ele>2707.2</ele><time>2024-06-27T19:13:49Z</time></trkpt>
<trkpt lat="38.529093" lon="-119.776197"><ele>2701.0</ele><time>2024-06-27T19:14:47Z</time></trkpt>
<trkpt lat="38.529415" lon="-119.776415"><ele>2699.2</ele><time>2024-06-27T19:15:14Z</time></trkpt>
<trkpt lat="38.529827" lon="-119.771196"><ele>2696.8</ele><time>2024-06-27T19:15:47Z</time></trkpt>
<trkpt lat="38.529815" lon="-119.770294"><ele>2697.0</ele><time>2024-06-27T19:15:50Z</time></trkpt>
<trkpt lat="38.529936" lon="-119.771838"><ele>2697.0</ele><time>2024-06-27T19:15:51Z</time></trkpt>
<trkpt lat="38.529905" lon="-119.773189"><ele>2696.8</ele><time>2024-06-27T19:15:55Z</time></trkpt>
<trkpt lat="38.529804" lon="-119.773541"><ele>2696.6</ele><time>2024-06-27T19:15:57Z</time></trkpt>
<trkpt lat="38.529885" lon="-119.773862"><ele>2696.6</ele><time>2024-06-27T19:15:59Z</time></trkpt>
<trkpt lat="38.529882" lon="-119.774106"><ele>2696.4</ele><time>2024-06-27T19:16:02Z</time></trkpt>
<trkpt lat="38.530020" lon="-119.771954"><ele>2696.2</ele><time>2024-06-27T19:16:03Z</time></trkpt>
<trkpt lat="38.529913" lon="-119.773798"><ele>2696.0</ele><time>2024-06-27T19:16:04Z</time></trkpt>
<trkpt lat="38.530159" lon="-119.772918"><ele>2694.8</ele><time>2024-06-27T19:16:07Z</time></trkpt>
<trkpt lat="38.530795" lon="-119.774467"><ele>2694.2</ele><time>2024-06-27T19:16:11Z</time></trkpt>
<trkpt lat="38.530683" lon="-119.775359"><ele>2693.6</ele><time>2024-06-27T19:16:13Z</time></trkpt>
<trkpt lat="38.530356" lon="-119.776180"><ele>2693.2</ele><time>2024-06-27T19:16:15Z</time></trkpt>
<trkpt lat="38.529874" lon="-119.778762"><ele>2692.0</ele><time>2024-06-27T19:16:21Z</time></trkpt>
<trkpt lat="38.529834" lon="-119.779546"><ele>2691.6</ele><time>2024-06-27T19:16:23Z</time></trkpt>
<trkpt lat="38.529919" lon="-119.780865"><ele>2691.0</ele><time>2024-06-27T19:16:27Z</time></trkpt>
<trkpt lat="38.529990" lon="-119.778252"><ele>2688.4</ele><time>2024-06-27T19:17:31Z</time></trkpt>
<trkpt lat="38.529948" lon="-119.776760"><ele>2687.6</ele><time>2024-06-27T19:17:46Z</time></trkpt>
<trkpt lat="38.529992" lon="-119.776821"><ele>2684.4</ele><time>2024-06-27T19:17:59Z</time></trkpt>
<trkpt lat="38.530458" lon="-119.776887"><ele>2679.4</ele><time>2024-06-27T19:19:11Z</time></trkpt>
<trkpt lat="38.530385" lon="-119.776903"><ele>2675.6</ele><time>2024-06-27T19:19:39Z</time></trkpt>
<trkpt lat="38.530513" lon="-119.777040"><ele>2674.6</ele><time>2024-06-27T19:19:49Z</time></trkpt>
<trkpt lat="38.530616" lon="-119.776955"><ele>2672.0</ele><time>2024-06-27T19:19:57Z</time></trkpt>
<trkpt lat="38.530901" lon="-119.777048"><ele>2669.6</ele><time>2024-06-27T19:20:46Z</time></trkpt>
<trkpt lat="38.531017" lon="-119.776973"><ele>2665.4</ele><time>2024-06-27T19:21:14Z</time></trkpt>
<trkpt lat="38.531451" lon="-119.777034"><ele>2661.8</ele><time>2024-06-27T19:21:57Z</time></trkpt>
<trkpt lat="38.531634" lon="-119.776987"><ele>2660.8</ele><time>2024-06-27T19:22:10Z</time></trkpt>
<trkpt lat="38.532368" lon="-119.777271"><ele>2651.0</ele><time>2024-06-27T19:23:45Z</time></trkpt>
<trkpt lat="38.532474" lon="-119.777210"><ele>2649.6</ele><time>2024-06-27T19:23:53Z</time></trkpt>
<trkpt lat="38.532593" lon="-119.777398"><ele>2648.6</ele><time>2024-06-27T19:24:06Z</time></trkpt>
<trkpt lat="38.532580" lon="-119.777621"><ele>2648.8</ele><time>2024-06-27T19:24:22Z</time></trkpt>
<trkpt lat="38.532752" lon="-119.777814"><ele>2643.8</ele><time>2024-06-27T19:24:46Z</time></trkpt>
<trkpt lat="38.532673" lon="-119.777935"><ele>2636.4</ele><time>2024-06-27T19:25:22Z</time></trkpt>
<trkpt lat="38.532802" lon="-119.777692"><ele>2635.2</ele><time>2024-06-27T19:25:45Z</time></trkpt>
<trkpt lat="38.532729" lon="-119.777806"><ele>2632.8</ele><time>2024-06-27T19:25:57Z</time></trkpt>
<trkpt lat="38.532388" lon="-119.777690"><ele>2633.2</ele><time>2024-06-27T19:26:24Z</time></trkpt>
<trkpt lat="38.532316" lon="-119.777573"><ele>2635.2</ele><time>2024-06-27T19:26:40Z</time></trkpt>
<trkpt lat="38.531704" lon="-119.777540"><ele>2626.2</ele><time>2024-06-27T19:27:42Z</time></trkpt>
<trkpt lat="38.531594" lon="-119.777669"><ele>2626.0</ele><time>2024-06-27T19:27:51Z</time></trkpt>
<trkpt lat="38.531728" lon="-119.777663"><ele>2625.0</ele><time>2024-06-27T19:27:57Z</time></trkpt>
<trkpt lat="38.531837" lon="-119.777855"><ele>2621.8</ele><time>2024-06-27T19:28:14Z</time></trkpt>
<trkpt lat="38.532217" lon="-119.777960"><ele>2622.2</ele><time>2024-06-27T19:29:24Z</time></trkpt>
<trkpt lat="38.532593" lon="-119.778260"><ele>2615.8</ele><time>2024-06-27T19:30:00Z</time></trkpt>
<trkpt lat="38.533007" lon="-119.778329"><ele>2609.4</ele><time>2024-06-27T19:30:36Z</time></trkpt>
<trkpt lat="38.533184" lon="-119.778534"><ele>2605.6</ele><time>2024-06-27T19:30:54Z</time></trkpt>
<trkpt lat="38.533533" lon="-119.778629"><ele>2597.8</ele><time>2024-06-27T19:31:26Z</time></trkpt>
<trkpt lat="38.533468" lon="-119.778569"><ele>2597.0</ele><time>2024-06-27T19:31:46Z</time></trkpt>
<trkpt lat="38.533677" lon="-119.778713"><ele>2598.6</ele><time>2024-06-27T19:32:03Z</time></trkpt>
<trkpt lat="38.533760" lon="-119.778842"><ele>2596.6</ele><time>2024-06-27T19:32:18Z</time></trkpt>
<trkpt lat="38.533716" lon="-119.779028"><ele>2593.2</ele><time>2024-06-27T19:33:14Z</time></trkpt>
<trkpt lat="38.533204" lon="-119.778977"><ele>2592.6</ele><time>2024-06-27T19:34:01Z</time></trkpt>
<trkpt lat="38.532765" lon="-119.779191"><ele>2584.4</ele><time>2024-06-27T19:34:48Z</time></trkpt>
<trkpt lat="38.532321" lon="-119.779308"><ele>2581.6</ele><time>2024-06-27T19:35:50Z</time></trkpt>
<trkpt lat="38.532386" lon="-119.779503"><ele>2579.8</ele><time>2024-06-27T19:36:03Z</time></trkpt>
<trkpt lat="38.532327" lon="-119.779852"><ele>2582.4</ele><time>2024-06-27T19:36:36Z</time></trkpt>
<trkpt lat="38.532393" lon="-119.780871"><ele>2576.2</ele><time>2024-06-27T19:37:49Z</time></trkpt>
<trkpt lat="38.532494" lon="-119.781029"><ele>2575.6</ele><time>2024-06-27T19:38:03Z</time></trkpt>
<trkpt lat="38.532851" lon="-119.781274"><ele>2576.6</ele><time>2024-06-27T19:38:30Z</time></trkpt>
<trkpt lat="38.533580" lon="-119.781539"><ele>2575.6</ele><time>2024-06-27T19:39:50Z</time></trkpt>
<trkpt lat="38.533697" lon="-119.781595"><ele>2575.2</ele><time>2024-06-27T19:39:56Z</time></trkpt>
<trkpt lat="38.533689" lon="-119.781649"><ele>2574.6</ele><time>2024-06-27T19:39:59Z</time></trkpt>
<trkpt lat="38.534013" lon="-119.781596"><ele>2571.4</ele><time>2024-06-27T19:40:21Z</time></trkpt>
<trkpt lat="38.534732" lon="-119.781778"><ele>2560.8</ele><time>2024-06-27T19:41:19Z</time></trkpt>
<trkpt lat="38.535186" lon="-119.781756"><ele>2553.8</ele><time>2024-06-27T19:41:55Z</time></trkpt>
<trkpt lat="38.535626" lon="-119.782327"><ele>2549.4</ele><time>2024-06-27T19:42:45Z</time></trkpt>
<trkpt lat="38.535657" lon="-119.782735"><ele>2545.0</ele><time>2024-06-27T19:43:11Z</time></trkpt>
<trkpt lat="38.535590" lon="-119.782809"><ele>2547.6</ele><time>2024-06-27T19:43:27Z</time></trkpt>
<trkpt lat="38.535415" lon="-119.782680"><ele>2542.4</ele><time>2024-06-27T19:43:52Z</time></trkpt>
<trkpt lat="38.535108" lon="-119.782890"><ele>2541.2</ele><time>2024-06-27T19:44:18Z</time></trkpt>
<trkpt lat="38.535064" lon="-119.783046"><ele>2537.2</ele><time>2024-06-27T19:44:40Z</time></trkpt>
<trkpt lat="38.534838" lon="-119.783161"><ele>2538.6</ele><time>2024-06-27T19:45:06Z</time></trkpt>
<trkpt lat="38.534491" lon="-119.783064"><ele>2534.0</ele><time>2024-06-27T19:45:40Z</time></trkpt>
<trkpt lat="38.534281" lon="-119.783129"><ele>2531.8</ele><time>2024-06-27T19:45:51Z</time></trkpt>
<trkpt lat="38.534441" lon="-119.782937"><ele>2531.0</ele><time>2024-06-27T19:45:56Z</time></trkpt>
<trkpt lat="38.534059" lon="-119.782983"><ele>2524.8</ele><time>2024-06-27T19:46:26Z</time></trkpt>
<trkpt lat="38.533667" lon="-119.782881"><ele>2526.2</ele><time>2024-06-27T19:47:58Z</time></trkpt>
<trkpt lat="38.533650" lon="-119.782943"><ele>2526.6</ele><time>2024-06-27T19:48:04Z</time></trkpt>
<trkpt lat="38.533771" lon="-119.783127"><ele>2532.0</ele><time>2024-06-27T19:48:46Z</time></trkpt>
<trkpt lat="38.534122" lon="-119.783918"><ele>2525.8</ele><time>2024-06-27T19:49:47Z</time></trkpt>
<trkpt lat="38.534026" lon="-119.783932"><ele>2525.4</ele><time>2024-06-27T19:49:51Z</time></trkpt>
<trkpt lat="38.534075" lon="-119.784023"><ele>2525.6</ele><time>2024-06-27T19:49:55Z</time></trkpt>
<trkpt lat="38.533910" lon="-119.784135"><ele>2525.0</ele><time>2024-06-27T19:50:10Z</time></trkpt>
<trkpt lat="38.533913" lon="-119.784384"><ele>2528.6</ele><time>2024-06-27T19:51:16Z</time></trkpt>
<trkpt lat="38.534032" lon="-119.784634"><ele>2528.0</ele><time>2024-06-27T19:51:48Z</time></trkpt>
<trkpt lat="38.533978" lon="-119.784940"><ele>2528.0</ele><time>2024-06-27T19:51:53Z</time></trkpt>
<trkpt lat="38.534074" lon="-119.784743"><ele>2527.2</ele><time>2024-06-27T19:51:56Z</time></trkpt>
<trkpt lat="38.534108" lon="-119.784802"><ele>2527.4</ele><time>2024-06-27T19:52:02Z</time></trkpt>
<trkpt lat="38.534060" lon="-119.784879"><ele>2529.0</ele><time>2024-06-27T19:52:15Z</time></trkpt>
<trkpt lat="38.534232" lon="-119.784893"><ele>2526.2</ele><time>2024-06-27T19:52:38Z</time></trkpt>
<trkpt lat="38.534327" lon="-119.785023"><ele>2525.2</ele><time>2024-06-27T19:52:50Z</time></trkpt>
<trkpt lat="38.534301" lon="-119.785068"><ele>2525.2</ele><time>2024-06-27T19:52:54Z</time></trkpt>
<trkpt lat="38.534813" lon="-119.785238"><ele>2526.2</ele><time>2024-06-27T19:53:24Z</time></trkpt>
<trkpt lat="38.535465" lon="-119.785939"><ele>2531.2</ele><time>2024-06-27T19:54:50Z</time></trkpt>
<trkpt lat="38.535530" lon="-119.785898"><ele>2530.8</ele><time>2024-06-27T19:54:59Z</time></trkpt>
<trkpt lat="38.535748" lon="-119.786181"><ele>2530.8</ele><time>2024-06-27T19:55:26Z</time></trkpt>
<trkpt lat="38.535816" lon="-119.786192"><ele>2530.4</ele><time>2024-06-27T19:55:30Z</time></trkpt>
<trkpt lat="38.536074" lon="-119.786543"><ele>2532.8</ele><time>2024-06-27T19:56:14Z</time></trkpt>
<trkpt lat="38.536101" lon="-119.786630"><ele>2537.4</ele><time>2024-06-27T19:56:32Z</time></trkpt>
<trkpt lat="38.536416" lon="-119.787232"><ele>2539.4</ele><time>2024-06-27T19:57:24Z</time></trkpt>
<trkpt lat="38.536467" lon="-119.787264"><ele>2539.6</ele><time>2024-06-27T19:57:25Z</time></trkpt>
<trkpt lat="38.536505" lon="-119.787161"><ele>2540.0</ele><time>2024-06-27T19:57:30Z</time></trkpt>
<trkpt lat="38.536693" lon="-119.787400"><ele>2542.0</ele><time>2024-06-27T19:57:51Z</time></trkpt>
<trkpt lat="38.536927" lon="-119.787969"><ele>2547.4</ele><time>2024-06-27T19:59:18Z</time></trkpt>
<trkpt lat="38.537112" lon="-119.788010"><ele>2550.2</ele><time>2024-06-27T19:59:34Z</time></trkpt>
<trkpt lat="38.538005" lon="-119.788619"><ele>2559.8</ele><time>2024-06-27T20:01:23Z</time></trkpt>
<trkpt lat="38.537943" lon="-119.788576"><ele>2560.6</ele><time>2024-06-27T20:01:28Z</time></trkpt>
<trkpt lat="38.537842" lon="-119.788628"><ele>2561.4</ele><time>2024-06-27T20:01:38Z</time></trkpt>
<trkpt lat="38.537701" lon="-119.788916"><ele>2572.6</ele><time>2024-06-27T20:03:16Z</time></trkpt>
<trkpt lat="38.537615" lon="-119.788891"><ele>2572.8</ele><time>2024-06-27T20:03:26Z</time></trkpt>
<trkpt lat="38.538439" lon="-119.789603"><ele>2585.6</ele><time>2024-06-27T20:06:22Z</time></trkpt>
<trkpt lat="38.538500" lon="-119.789576"><ele>2588.8</ele><time>2024-06-27T20:07:32Z</time></trkpt>
<trkpt lat="38.538400" lon="-119.789586"><ele>2592.8</ele><time>2024-06-27T20:09:21Z</time></trkpt>
<trkpt lat="38.538468" lon="-119.789558"><ele>2592.4</ele><time>2024-06-27T20:09:31Z</time></trkpt>
<trkpt lat="38.538411" lon="-119.789602"><ele>2598.4</ele><time>2024-06-27T20:11:32Z</time></trkpt>
<trkpt lat="38.538459" lon="-119.789551"><ele>2597.0</ele><time>2024-06-27T20:12:00Z</time></trkpt>
<trkpt lat="38.539205" lon="-119.789805"><ele>2600.6</ele><time>2024-06-27T20:13:57Z</time></trkpt>
<trkpt lat="38.539873" lon="-119.789895"><ele>2605.2</ele><time>2024-06-27T20:15:08Z</time></trkpt>
<trkpt lat="38.540307" lon="-119.789797"><ele>2602.8</ele><time>2024-06-27T20:15:47Z</time></trkpt>
<trkpt lat="38.540428" lon="-119.789868"><ele>2602.4</ele><time>2024-06-27T20:15:52Z</time></trkpt>
<trkpt lat="38.540524" lon="-119.789817"><ele>2602.2</ele><time>2024-06-27T20:16:05Z</time></trkpt>
<trkpt lat="38.540904" lon="-119.790254"><ele>2602.2</ele><time>2024-06-27T20:16:48Z</time></trkpt>
<trkpt lat="38.541385" lon="-119.790917"><ele>2611.4</ele><time>2024-06-27T20:17:49Z</time></trkpt>
<trkpt lat="38.541482" lon="-119.790804"><ele>2611.4</ele><time>2024-06-27T20:18:01Z</time></trkpt>
<trkpt lat="38.542892" lon="-119.791393"><ele>2626.6</ele><time>2024-06-27T20:20:28Z</time></trkpt>
<trkpt lat="38.543040" lon="-119.791504"><ele>2631.8</ele><time>2024-06-27T20:21:16Z</time></trkpt>
<trkpt lat="38.543577" lon="-119.791997"><ele>2632.4</ele><time>2024-06-27T20:21:56Z</time></trkpt>
<trkpt lat="38.543654" lon="-119.792147"><ele>2636.6</ele><time>2024-06-27T20:22:13Z</time></trkpt>
<trkpt lat="38.543962" lon="-119.792392"><ele>2642.4</ele><time>2024-06-27T20:22:45Z</time></trkpt>
<trkpt lat="38.543977" lon="-119.792524"><ele>2643.2</ele><time>2024-06-27T20:22:53Z</time></trkpt>
<trkpt lat="38.544301" lon="-119.792439"><ele>2646.4</ele><time>2024-06-27T20:23:14Z</time></trkpt>
<trkpt lat="38.545009" lon="-119.792554"><ele>2656.4</ele><time>2024-06-27T20:24:48Z</time></trkpt>
<trkpt lat="38.545169" lon="-119.792500"><ele>2657.0</ele><time>2024-06-27T20:24:53Z</time></trkpt>
<trkpt lat="38.545183" lon="-119.792584"><ele>2657.2</ele><time>2024-06-27T20:24:54Z</time></trkpt>
<trkpt lat="38.545360" lon="-119.792567"><ele>2657.8</ele><time>2024-06-27T20:25:03Z</time></trkpt>
<trkpt lat="38.545402" lon="-119.792779"><ele>2658.8</ele><time>2024-06-27T20:25:10Z</time></trkpt>
<trkpt lat="38.545368" lon="-119.792851"><ele>2660.0</ele><time>2024-06-27T20:25:16Z</time></trkpt>
<trkpt lat="38.544644" lon="-119.793857"><ele>2664.6</ele><time>2024-06-27T20:26:55Z</time></trkpt>
<trkpt lat="38.544581" lon="-119.793761"><ele>2665.2</ele><time>2024-06-27T20:27:02Z</time></trkpt>
<trkpt lat="38.543871" lon="-119.793411"><ele>2673.2</ele><time>2024-06-27T20:28:26Z</time></trkpt>
<trkpt lat="38.543615" lon="-119.793308"><ele>2680.4</ele><time>2024-06-27T20:28:45Z</time></trkpt>
<trkpt lat="38.543665" lon="-119.793328"><ele>2680.8</ele><time>2024-06-27T20:28:47Z</time></trkpt>
<trkpt lat="38.543619" lon="-119.793369"><ele>2681.4</ele><time>2024-06-27T20:28:51Z</time></trkpt>
<trkpt lat="38.543444" lon="-119.793298"><ele>2682.0</ele><time>2024-06-27T20:28:55Z</time></trkpt>
<trkpt lat="38.543375" lon="-119.793351"><ele>2682.4</ele><time>2024-06-27T20:29:02Z</time></trkpt>
<trkpt lat="38.543277" lon="-119.793589"><ele>2681.0</ele><time>2024-06-27T20:29:18Z</time></trkpt>
<trkpt lat="38.542961" lon="-119.794055"><ele>2684.6</ele><time>2024-06-27T20:30:08Z</time></trkpt>
<trkpt lat="38.542974" lon="-119.794762"><ele>2682.8</ele><time>2024-06-27T20:30:50Z</time></trkpt>
<trkpt lat="38.543018" lon="-119.794817"><ele>2682.8</ele><time>2024-06-27T20:30:51Z</time></trkpt>
<trkpt lat="38.542942" lon="-119.794867"><ele>2682.8</ele><time>2024-06-27T20:30:58Z</time></trkpt>
<trkpt lat="38.543011" lon="-119.795121"><ele>2681.2</ele><time>2024-06-27T20:31:13Z</time></trkpt>
<trkpt lat="38.543013" lon="-119.795708"><ele>2672.0</ele><time>2024-06-27T20:31:53Z</time></trkpt>
<trkpt lat="38.542938" lon="-119.795858"><ele>2668.6</ele><time>2024-06-27T20:32:03Z</time></trkpt>
<trkpt lat="38.542862" lon="-119.795852"><ele>2666.4</ele><time>2024-06-27T20:32:15Z</time></trkpt>
<trkpt lat="38.542723" lon="-119.796031"><ele>2666.2</ele><time>2024-06-27T20:32:35Z</time></trkpt>
<trkpt lat="38.542458" lon="-119.796649"><ele>2664.2</ele><time>2024-06-27T20:33:28Z</time></trkpt>
<trkpt lat="38.542528" lon="-119.797057"><ele>2664.2</ele><time>2024-06-27T20:34:04Z</time></trkpt>
<trkpt lat="38.542713" lon="-119.797546"><ele>2662.0</ele><time>2024-06-27T20:34:32Z</time></trkpt>
<trkpt lat="38.542736" lon="-119.798030"><ele>2662.0</ele><time>2024-06-27T20:34:50Z</time></trkpt>
<trkpt lat="38.542774" lon="-119.798141"><ele>2662.0</ele><time>2024-06-27T20:34:56Z</time></trkpt>
<trkpt lat="38.542876" lon="-119.798086"><ele>2663.0</ele><time>2024-06-27T20:35:02Z</time></trkpt>
<trkpt lat="38.542838" lon="-119.798152"><ele>2663.0</ele><time>2024-06-27T20:35:05Z</time></trkpt>
<trkpt lat="38.542913" lon="-119.798594"><ele>2664.0</ele><time>2024-06-27T20:35:32Z</time></trkpt>
<trkpt lat="38.543118" lon="-119.799094"><ele>2662.0</ele><time>2024-06-27T20:36:12Z</time></trkpt>
<trkpt lat="38.543182" lon="-119.799885"><ele>2661.0</ele><time>2024-06-27T20:36:47Z</time></trkpt>
<trkpt lat="38.543089" lon="-119.799929"><ele>2660.6</ele><time>2024-06-27T20:36:53Z</time></trkpt>
<trkpt lat="38.543354" lon="-119.800691"><ele>2660.6</ele><time>2024-06-27T20:37:40Z</time></trkpt>
<trkpt lat="38.543297" lon="-119.801241"><ele>2655.2</ele><time>2024-06-27T20:38:24Z</time></trkpt>
<trkpt lat="38.543491" lon="-119.801792"><ele>2652.2</ele><time>2024-06-27T20:38:53Z</time></trkpt>
<trkpt lat="38.543351" lon="-119.801494"><ele>2652.0</ele><time>2024-06-27T20:38:57Z</time></trkpt>
<trkpt lat="38.543805" lon="-119.802341"><ele>2650.8</ele><time>2024-06-27T20:39:40Z</time></trkpt>
<trkpt lat="38.544249" lon="-119.803438"><ele>2657.6</ele><time>2024-06-27T20:40:50Z</time></trkpt>
<trkpt lat="38.543968" lon="-119.802862"><ele>2658.0</ele><time>2024-06-27T20:40:54Z</time></trkpt>
<trkpt lat="38.544028" lon="-119.802868"><ele>2658.6</ele><time>2024-06-27T20:40:59Z</time></trkpt>
<trkpt lat="38.544148" lon="-119.803137"><ele>2659.4</ele><time>2024-06-27T20:41:18Z</time></trkpt>
<trkpt lat="38.544402" lon="-119.803498"><ele>2666.4</ele><time>2024-06-27T20:42:26Z</time></trkpt>
<trkpt lat="38.544817" lon="-119.804315"><ele>2670.4</ele><time>2024-06-27T20:42:51Z</time></trkpt>
<trkpt lat="38.544767" lon="-119.804261"><ele>2670.4</ele><time>2024-06-27T20:42:52Z</time></trkpt>
<trkpt lat="38.544825" lon="-119.804491"><ele>2670.8</ele><time>2024-06-27T20:42:56Z</time></trkpt>
<trkpt lat="38.544760" lon="-119.804416"><ele>2671.2</ele><time>2024-06-27T20:42:58Z</time></trkpt>
<trkpt lat="38.544686" lon="-119.804164"><ele>2672.0</ele><time>2024-06-27T20:43:02Z</time></trkpt>
<trkpt lat="38.544676" lon="-119.804240"><ele>2672.6</ele><time>2024-06-27T20:43:05Z</time></trkpt>
<trkpt lat="38.544944" lon="-119.804282"><ele>2673.2</ele><time>2024-06-27T20:43:08Z</time></trkpt>
<trkpt lat="38.545311" lon="-119.804240"><ele>2675.8</ele><time>2024-06-27T20:44:12Z</time></trkpt>
<trkpt lat="38.545635" lon="-119.804086"><ele>2680.0</ele><time>2024-06-27T20:44:50Z</time></trkpt>
<trkpt lat="38.545605" lon="-119.803952"><ele>2680.2</ele><time>2024-06-27T20:44:52Z</time></trkpt>
<trkpt lat="38.545731" lon="-119.803902"><ele>2681.2</ele><time>2024-06-27T20:45:03Z</time></trkpt>
<trkpt lat="38.546796" lon="-119.804294"><ele>2694.8</ele><time>2024-06-27T20:46:46Z</time></trkpt>
<trkpt lat="38.546415" lon="-119.804143"><ele>2695.0</ele><time>2024-06-27T20:46:47Z</time></trkpt>
<trkpt lat="38.546630" lon="-119.804376"><ele>2695.6</ele><time>2024-06-27T20:46:51Z</time></trkpt>
<trkpt lat="38.546460" lon="-119.804058"><ele>2695.8</ele><time>2024-06-27T20:46:53Z</time></trkpt>
<trkpt lat="38.546580" lon="-119.804351"><ele>2696.4</ele><time>2024-06-27T20:46:54Z</time></trkpt>
<trkpt lat="38.546436" lon="-119.803988"><ele>2696.8</ele><time>2024-06-27T20:46:55Z</time></trkpt>
<trkpt lat="38.546409" lon="-119.804048"><ele>2697.6</ele><time>2024-06-27T20:47:00Z</time></trkpt>
<trkpt lat="38.546345" lon="-119.804021"><ele>2699.0</ele><time>2024-06-27T20:47:10Z</time></trkpt>
<trkpt lat="38.546659" lon="-119.804435"><ele>2701.0</ele><time>2024-06-27T20:47:54Z</time></trkpt>
<trkpt lat="38.547150" lon="-119.804771"><ele>2695.6</ele><time>2024-06-27T20:48:36Z</time></trkpt>
<trkpt lat="38.547101" lon="-119.804888"><ele>2694.2</ele><time>2024-06-27T20:48:45Z</time></trkpt>
<trkpt lat="38.547096" lon="-119.804816"><ele>2694.2</ele><time>2024-06-27T20:48:46Z</time></trkpt>
<trkpt lat="38.547115" lon="-119.804894"><ele>2693.4</ele><time>2024-06-27T20:48:50Z</time></trkpt>
<trkpt lat="38.546988" lon="-119.804675"><ele>2692.4</ele><time>2024-06-27T20:48:54Z</time></trkpt>
<trkpt lat="38.546890" lon="-119.804699"><ele>2690.0</ele><time>2024-06-27T20:49:05Z</time></trkpt>
<trkpt lat="38.546838" lon="-119.805004"><ele>2688.8</ele><time>2024-06-27T20:49:10Z</time></trkpt>
<trkpt lat="38.546479" lon="-119.805943"><ele>2684.4</ele><time>2024-06-27T20:49:52Z</time></trkpt>
<trkpt lat="38.546635" lon="-119.806592"><ele>2681.8</ele><time>2024-06-27T20:50:28Z</time></trkpt>
<trkpt lat="38.546667" lon="-119.807342"><ele>2682.2</ele><time>2024-06-27T20:50:48Z</time></trkpt>
<trkpt lat="38.546207" lon="-119.806370"><ele>2680.4</ele><time>2024-06-27T20:50:59Z</time></trkpt>
<trkpt lat="38.546199" lon="-119.806248"><ele>2680.2</ele><time>2024-06-27T20:51:04Z</time></trkpt>
<trkpt lat="38.546073" lon="-119.806371"><ele>2679.2</ele><time>2024-06-27T20:51:13Z</time></trkpt>
<trkpt lat="38.545916" lon="-119.807063"><ele>2675.8</ele><time>2024-06-27T20:51:43Z</time></trkpt>
<trkpt lat="38.545905" lon="-119.806824"><ele>2675.4</ele><time>2024-06-27T20:51:46Z</time></trkpt>
<trkpt lat="38.545979" lon="-119.807244"><ele>2672.2</ele><time>2024-06-27T20:52:03Z</time></trkpt>
<trkpt lat="38.545930" lon="-119.807244"><ele>2672.2</ele><time>2024-06-27T20:52:06Z</time></trkpt>
<trkpt lat="38.546071" lon="-119.807470"><ele>2671.6</ele><time>2024-06-27T20:52:21Z</time></trkpt>
<trkpt lat="38.546720" lon="-119.807718"><ele>2663.6</ele><time>2024-06-27T20:53:17Z</time></trkpt>
<trkpt lat="38.547472" lon="-119.807840"><ele>2660.4</ele><time>2024-06-27T20:53:50Z</time></trkpt>
<trkpt lat="38.547103" lon="-119.807894"><ele>2660.2</ele><time>2024-06-27T20:53:51Z</time></trkpt>
<trkpt lat="38.547136" lon="-119.807736"><ele>2660.2</ele><time>2024-06-27T20:53:52Z</time></trkpt>
<trkpt lat="38.546792" lon="-119.807349"><ele>2660.4</ele><time>2024-06-27T20:53:56Z</time></trkpt>
<trkpt lat="38.547546" lon="-119.807686"><ele>2660.4</ele><time>2024-06-27T20:54:14Z</time></trkpt>
<trkpt lat="38.547602" lon="-119.807652"><ele>2659.4</ele><time>2024-06-27T20:54:18Z</time></trkpt>
<trkpt lat="38.548084" lon="-119.806594"><ele>2652.2</ele><time>2024-06-27T20:55:38Z</time></trkpt>
<trkpt lat="38.548426" lon="-119.806752"><ele>2652.0</ele><time>2024-06-27T20:55:47Z</time></trkpt>
<trkpt lat="38.548035" lon="-119.806170"><ele>2652.0</ele><time>2024-06-27T20:55:51Z</time></trkpt>
<trkpt lat="38.548092" lon="-119.806229"><ele>2651.8</ele><time>2024-06-27T20:55:52Z</time></trkpt>
<trkpt lat="38.548049" lon="-119.806483"><ele>2651.6</ele><time>2024-06-27T20:55:57Z</time></trkpt>
<trkpt lat="38.548187" lon="-119.806380"><ele>2649.8</ele><time>2024-06-27T20:56:15Z</time></trkpt>
<trkpt lat="38.548754" lon="-119.806257"><ele>2648.6</ele><time>2024-06-27T20:56:46Z</time></trkpt>
<trkpt lat="38.548438" lon="-119.806092"><ele>2648.8</ele><time>2024-06-27T20:56:53Z</time></trkpt>
<trkpt lat="38.548626" lon="-119.805944"><ele>2646.6</ele><time>2024-06-27T20:57:11Z</time></trkpt>
<trkpt lat="38.548695" lon="-119.806077"><ele>2645.4</ele><time>2024-06-27T20:57:34Z</time></trkpt>
<trkpt lat="38.548785" lon="-119.806032"><ele>2645.8</ele><time>2024-06-27T20:57:47Z</time></trkpt>
<trkpt lat="38.548761" lon="-119.805886"><ele>2645.6</ele><time>2024-06-27T20:57:48Z</time></trkpt>
<trkpt lat="38.548702" lon="-119.805870"><ele>2645.2</ele><time>2024-06-27T20:57:55Z</time></trkpt>
<trkpt lat="38.548742" lon="-119.805887"><ele>2645.2</ele><time>2024-06-27T20:57:58Z</time></trkpt>
<trkpt lat="38.548519" lon="-119.806116"><ele>2645.0</ele><time>2024-06-27T20:58:14Z</time></trkpt>
<trkpt lat="38.548416" lon="-119.806602"><ele>2649.8</ele><time>2024-06-27T20:59:00Z</time></trkpt>
<trkpt lat="38.548183" lon="-119.807005"><ele>2651.8</ele><time>2024-06-27T20:59:48Z</time></trkpt>
<trkpt lat="38.548608" lon="-119.807228"><ele>2653.4</ele><time>2024-06-27T20:59:54Z</time></trkpt>
<trkpt lat="38.547763" lon="-119.807375"><ele>2653.8</ele><time>2024-06-27T20:59:56Z</time></trkpt>
<trkpt lat="38.547336" lon="-119.806834"><ele>2653.8</ele><time>2024-06-27T20:59:58Z</time></trkpt>
<trkpt lat="38.547436" lon="-119.806862"><ele>2653.4</ele><time>2024-06-27T21:00:00Z</time></trkpt>
<trkpt lat="38.547342" lon="-119.806831"><ele>2653.0</ele><time>2024-06-27T21:00:05Z</time></trkpt>
<trkpt lat="38.547497" lon="-119.807479"><ele>2654.0</ele><time>2024-06-27T21:00:40Z</time></trkpt>
<trkpt lat="38.547558" lon="-119.807778"><ele>2661.8</ele><time>2024-06-27T21:01:38Z</time></trkpt>
<trkpt lat="38.548276" lon="-119.808300"><ele>2664.8</ele><time>2024-06-27T21:01:59Z</time></trkpt>
<trkpt lat="38.547837" lon="-119.808260"><ele>2664.8</ele><time>2024-06-27T21:02:01Z</time></trkpt>
<trkpt lat="38.546629" lon="-119.808439"><ele>2664.8</ele><time>2024-06-27T21:02:02Z</time></trkpt>
<trkpt lat="38.546876" lon="-119.807848"><ele>2665.0</ele><time>2024-06-27T21:02:05Z</time></trkpt>
<trkpt lat="38.545990" lon="-119.807404"><ele>2666.0</ele><time>2024-06-27T21:02:15Z</time></trkpt>
<trkpt lat="38.546426" lon="-119.807869"><ele>2665.4</ele><time>2024-06-27T21:02:18Z</time></trkpt>
<trkpt lat="38.546441" lon="-119.807557"><ele>2665.2</ele><time>2024-06-27T21:02:20Z</time></trkpt>
<trkpt lat="38.546237" lon="-119.807054"><ele>2664.2</ele><time>2024-06-27T21:02:22Z</time></trkpt>
<trkpt lat="38.544414" lon="-119.804902"><ele>2662.2</ele><time>2024-06-27T21:02:30Z</time></trkpt>
<trkpt lat="38.544129" lon="-119.804394"><ele>2662.2</ele><time>2024-06-27T21:02:32Z</time></trkpt>
<trkpt lat="38.544020" lon="-119.803196"><ele>2661.0</ele><time>2024-06-27T21:02:38Z</time></trkpt>
<trkpt lat="38.544126" lon="-119.803132"><ele>2660.8</ele><time>2024-06-27T21:02:40Z</time></trkpt>
<trkpt lat="38.545801" lon="-119.805987"><ele>2660.0</ele><time>2024-06-27T21:02:43Z</time></trkpt>
<trkpt lat="38.545846" lon="-119.805936"><ele>2660.0</ele><time>2024-06-27T21:02:46Z</time></trkpt>
<trkpt lat="38.545848" lon="-119.805983"><ele>2660.2</ele><time>2024-06-27T21:02:50Z</time></trkpt>
<trkpt lat="38.545709" lon="-119.805940"><ele>2661.4</ele><time>2024-06-27T21:02:58Z</time></trkpt>
<trkpt lat="38.545805" lon="-119.805968"><ele>2662.0</ele><time>2024-06-27T21:03:02Z</time></trkpt>
<trkpt lat="38.545356" lon="-119.807531"><ele>2659.0</ele><time>2024-06-27T21:03:38Z</time></trkpt>
<trkpt lat="38.545070" lon="-119.808820"><ele>2657.0</ele><time>2024-06-27T21:04:44Z</time></trkpt>
<trkpt lat="38.545384" lon="-119.809456"><ele>2656.4</ele><time>2024-06-27T21:04:56Z</time></trkpt>
<trkpt lat="38.544885" lon="-119.810151"><ele>2656.4</ele><time>2024-06-27T21:04:58Z</time></trkpt>
<trkpt lat="38.544777" lon="-119.809480"><ele>2656.2</ele><time>2024-06-27T21:05:01Z</time></trkpt>
<trkpt lat="38.545068" lon="-119.809776"><ele>2654.6</ele><time>2024-06-27T21:05:30Z</time></trkpt>
<trkpt lat="38.545158" lon="-119.809795"><ele>2653.8</ele><time>2024-06-27T21:05:36Z</time></trkpt>
<trkpt lat="38.545307" lon="-119.810308"><ele>2651.4</ele><time>2024-06-27T21:06:30Z</time></trkpt>
<trkpt lat="38.545590" lon="-119.810538"><ele>2651.4</ele><time>2024-06-27T21:06:55Z</time></trkpt>
<trkpt lat="38.545630" lon="-119.810760"><ele>2652.6</ele><time>2024-06-27T21:07:13Z</time></trkpt>
<trkpt lat="38.545946" lon="-119.811249"><ele>2655.4</ele><time>2024-06-27T21:08:53Z</time></trkpt>
<trkpt lat="38.546002" lon="-119.811124"><ele>2655.2</ele><time>2024-06-27T21:09:01Z</time></trkpt>
<trkpt lat="38.546072" lon="-119.811156"><ele>2656.8</ele><time>2024-06-27T21:10:30Z</time></trkpt>
<trkpt lat="38.546004" lon="-119.811145"><ele>2656.8</ele><time>2024-06-27T21:11:05Z</time></trkpt>
<trkpt lat="38.546078" lon="-119.811065"><ele>2657.2</ele><time>2024-06-27T21:12:52Z</time></trkpt>
<trkpt lat="38.545981" lon="-119.811090"><ele>2659.0</ele><time>2024-06-27T21:14:42Z</time></trkpt>
<trkpt lat="38.545844" lon="-119.810944"><ele>2661.8</ele><time>2024-06-27T21:15:03Z</time></trkpt>
<trkpt lat="38.545986" lon="-119.811076"><ele>2663.2</ele><time>2024-06-27T21:16:57Z</time></trkpt>
<trkpt lat="38.546026" lon="-119.811039"><ele>2663.0</ele><time>2024-06-27T21:17:00Z</time></trkpt>
<trkpt lat="38.545980" lon="-119.810955"><ele>2664.0</ele><time>2024-06-27T21:18:18Z</time></trkpt>
<trkpt lat="38.545876" lon="-119.810976"><ele>2664.6</ele><time>2024-06-27T21:18:55Z</time></trkpt>
<trkpt lat="38.545956" lon="-119.811080"><ele>2664.0</ele><time>2024-06-27T21:21:03Z</time></trkpt>
<trkpt lat="38.545844" lon="-119.811083"><ele>2663.6</ele><time>2024-06-27T21:21:44Z</time></trkpt>
<trkpt lat="38.545948" lon="-119.811138"><ele>2663.4</ele><time>2024-06-27T21:21:49Z</time></trkpt>
<trkpt lat="38.545930" lon="-119.811039"><ele>2663.8</ele><time>2024-06-27T21:24:00Z</time></trkpt>
<trkpt lat="38.545880" lon="-119.811065"><ele>2663.2</ele><time>2024-06-27T21:24:19Z</time></trkpt>
<trkpt lat="38.545914" lon="-119.810943"><ele>2664.8</ele><time>2024-06-27T21:24:51Z</time></trkpt>
<trkpt lat="38.545949" lon="-119.810975"><ele>2664.8</ele><time>2024-06-27T21:24:52Z</time></trkpt>
<trkpt lat="38.545811" lon="-119.810890"><ele>2664.2</ele><time>2024-06-27T21:25:03Z</time></trkpt>
<trkpt lat="38.545943" lon="-119.810937"><ele>2663.8</ele><time>2024-06-27T21:25:22Z</time></trkpt>
<trkpt lat="38.546093" lon="-119.810871"><ele>2665.4</ele><time>2024-06-27T21:26:44Z</time></trkpt>
<trkpt lat="38.546414" lon="-119.810524"><ele>2665.0</ele><time>2024-06-27T21:26:52Z</time></trkpt>
<trkpt lat="38.545960" lon="-119.811061"><ele>2664.4</ele><time>2024-06-27T21:26:56Z</time></trkpt>
<trkpt lat="38.556543" lon="-119.811357"><ele>2664.6</ele><time>2024-06-27T21:29:05Z</time></trkpt>
<trkpt lat="38.545945" lon="-119.811209"><ele>2664.8</ele><time>2024-06-27T21:30:58Z</time></trkpt>
<trkpt lat="38.557078" lon="-119.799105"><ele>2666.0</ele><time>2024-06-27T21:32:38Z</time></trkpt>
<trkpt lat="38.557715" lon="-119.797982"><ele>2667.6</ele><time>2024-06-27T21:32:46Z</time></trkpt>
<trkpt lat="38.557712" lon="-119.797166"><ele>2667.6</ele><time>2024-06-27T21:32:47Z</time></trkpt>
<trkpt lat="38.557789" lon="-119.796498"><ele>2667.4</ele><time>2024-06-27T21:32:53Z</time></trkpt>
<trkpt lat="38.559621" lon="-119.796234"><ele>2667.6</ele><time>2024-06-27T21:32:55Z</time></trkpt>
<trkpt lat="38.560889" lon="-119.795355"><ele>2668.6</ele><time>2024-06-27T21:32:58Z</time></trkpt>
<trkpt lat="38.561504" lon="-119.795420"><ele>2668.8</ele><time>2024-06-27T21:32:59Z</time></trkpt>
<trkpt lat="38.561674" lon="-119.795647"><ele>2669.0</ele><time>2024-06-27T21:33:00Z</time></trkpt>
<trkpt lat="38.560662" lon="-119.796163"><ele>2669.2</ele><time>2024-06-27T21:33:08Z</time></trkpt>
<trkpt lat="38.561244" lon="-119.796867"><ele>2668.8</ele><time>2024-06-27T21:33:23Z</time></trkpt>
<trkpt lat="38.554696" lon="-119.821991"><ele>2694.2</ele><time>2024-06-27T22:10:07Z</time></trkpt>
<trkpt lat="38.554560" lon="-119.822806"><ele>2692.0</ele><time>2024-06-27T22:10:35Z</time></trkpt>
<trkpt lat="38.554782" lon="-119.828067"><ele>2686.2</ele><time>2024-06-27T22:12:04Z</time></trkpt>
<trkpt lat="38.554982" lon="-119.828146"><ele>2685.0</ele><time>2024-06-27T22:12:31Z</time></trkpt>
<trkpt lat="38.555139" lon="-119.828362"><ele>2684.0</ele><time>2024-06-27T22:12:49Z</time></trkpt>
<trkpt lat="38.555450" lon="-119.828506"><ele>2682.0</ele><time>2024-06-27T22:13:27Z</time></trkpt>
<trkpt lat="38.555797" lon="-119.828793"><ele>2678.0</ele><time>2024-06-27T22:14:06Z</time></trkpt>
<trkpt lat="38.555750" lon="-119.829323"><ele>2676.2</ele><time>2024-06-27T22:14:44Z</time></trkpt>
<trkpt lat="38.555818" lon="-119.829546"><ele>2675.8</ele><time>2024-06-27T22:14:58Z</time></trkpt>
<trkpt lat="38.555771" lon="-119.829886"><ele>2676.0</ele><time>2024-06-27T22:15:17Z</time></trkpt>
<trkpt lat="38.555552" lon="-119.830661"><ele>2673.4</ele><time>2024-06-27T22:16:13Z</time></trkpt>
<trkpt lat="38.555566" lon="-119.830950"><ele>2672.8</ele><time>2024-06-27T22:16:33Z</time></trkpt>
<trkpt lat="38.555448" lon="-119.831239"><ele>2671.8</ele><time>2024-06-27T22:16:52Z</time></trkpt>
<trkpt lat="38.555743" lon="-119.832267"><ele>2676.4</ele><time>2024-06-27T22:18:13Z</time></trkpt>
<trkpt lat="38.555926" lon="-119.832631"><ele>2676.6</ele><time>2024-06-27T22:18:45Z</time></trkpt>
<trkpt lat="38.556052" lon="-119.833068"><ele>2676.6</ele><time>2024-06-27T22:18:58Z</time></trkpt>
<trkpt lat="38.556100" lon="-119.833030"><ele>2676.6</ele><time>2024-06-27T22:18:59Z</time></trkpt>
<trkpt lat="38.556355" lon="-119.833223"><ele>2675.0</ele><time>2024-06-27T22:19:13Z</time></trkpt>
<trkpt lat="38.556943" lon="-119.833327"><ele>2672.2</ele><time>2024-06-27T22:20:05Z</time></trkpt>
<trkpt lat="38.557395" lon="-119.833490"><ele>2669.2</ele><time>2024-06-27T22:21:01Z</time></trkpt>
<trkpt lat="38.557512" lon="-119.833631"><ele>2669.2</ele><time>2024-06-27T22:21:08Z</time></trkpt>
<trkpt lat="38.557529" lon="-119.833570"><ele>2669.2</ele><time>2024-06-27T22:21:10Z</time></trkpt>
<trkpt lat="38.557604" lon="-119.833618"><ele>2669.2</ele><time>2024-06-27T22:21:16Z</time></trkpt>
<trkpt lat="38.557954" lon="-119.833537"><ele>2669.4</ele><time>2024-06-27T22:21:44Z</time></trkpt>
<trkpt lat="38.557870" lon="-119.833788"><ele>2669.4</ele><time>2024-06-27T22:21:45Z</time></trkpt>
<trkpt lat="38.557918" lon="-119.833858"><ele>2669.6</ele><time>2024-06-27T22:21:51Z</time></trkpt>
<trkpt lat="38.557975" lon="-119.833929"><ele>2670.2</ele><time>2024-06-27T22:21:55Z</time></trkpt>
<trkpt lat="38.558223" lon="-119.833913"><ele>2671.0</ele><time>2024-06-27T22:22:13Z</time></trkpt>
<trkpt lat="38.558695" lon="-119.833712"><ele>2677.0</ele><time>2024-06-27T22:23:29Z</time></trkpt>
<trkpt lat="38.559168" lon="-119.833561"><ele>2678.2</ele><time>2024-06-27T22:24:01Z</time></trkpt>
<trkpt lat="38.559258" lon="-119.833589"><ele>2678.4</ele><time>2024-06-27T22:24:05Z</time></trkpt>
<trkpt lat="38.559441" lon="-119.833452"><ele>2680.0</ele><time>2024-06-27T22:24:16Z</time></trkpt>
<trkpt lat="38.559686" lon="-119.833164"><ele>2682.8</ele><time>2024-06-27T22:24:56Z</time></trkpt>
<trkpt lat="38.559911" lon="-119.832673"><ele>2687.2</ele><time>2024-06-27T22:25:57Z</time></trkpt>
<trkpt lat="38.559863" lon="-119.832592"><ele>2689.6</ele><time>2024-06-27T22:26:02Z</time></trkpt>
<trkpt lat="38.559927" lon="-119.832442"><ele>2689.6</ele><time>2024-06-27T22:26:06Z</time></trkpt>
<trkpt lat="38.560506" lon="-119.831512"><ele>2698.0</ele><time>2024-06-27T22:27:50Z</time></trkpt>
<trkpt lat="38.560715" lon="-119.831525"><ele>2700.2</ele><time>2024-06-27T22:28:32Z</time></trkpt>
<trkpt lat="38.561361" lon="-119.831348"><ele>2699.4</ele><time>2024-06-27T22:29:57Z</time></trkpt>
<trkpt lat="38.561512" lon="-119.831381"><ele>2699.2</ele><time>2024-06-27T22:30:08Z</time></trkpt>
<trkpt lat="38.562102" lon="-119.831173"><ele>2693.6</ele><time>2024-06-27T22:31:02Z</time></trkpt>
<trkpt lat="38.562723" lon="-119.831053"><ele>2690.4</ele><time>2024-06-27T22:31:55Z</time></trkpt>
<trkpt lat="38.563517" lon="-119.831082"><ele>2690.0</ele><time>2024-06-27T22:33:04Z</time></trkpt>
<trkpt lat="38.564530" lon="-119.830730"><ele>2691.2</ele><time>2024-06-27T22:34:49Z</time></trkpt>
<trkpt lat="38.564693" lon="-119.830758"><ele>2690.2</ele><time>2024-06-27T22:35:02Z</time></trkpt>
<trkpt lat="38.564959" lon="-119.830184"><ele>2693.4</ele><time>2024-06-27T22:35:59Z</time></trkpt>
<trkpt lat="38.564972" lon="-119.830058"><ele>2696.6</ele><time>2024-06-27T22:36:33Z</time></trkpt>
<trkpt lat="38.565130" lon="-119.830112"><ele>2699.0</ele><time>2024-06-27T22:36:53Z</time></trkpt>
<trkpt lat="38.565245" lon="-119.829959"><ele>2698.6</ele><time>2024-06-27T22:37:06Z</time></trkpt>
<trkpt lat="38.565509" lon="-119.829928"><ele>2697.6</ele><time>2024-06-27T22:37:21Z</time></trkpt>
<trkpt lat="38.565621" lon="-119.829802"><ele>2696.6</ele><time>2024-06-27T22:37:33Z</time></trkpt>
<trkpt lat="38.565784" lon="-119.829748"><ele>2695.8</ele><time>2024-06-27T22:37:47Z</time></trkpt>
<trkpt lat="38.566422" lon="-119.829073"><ele>2692.4</ele><time>2024-06-27T22:38:53Z</time></trkpt>
<trkpt lat="38.566434" lon="-119.828903"><ele>2690.0</ele><time>2024-06-27T22:39:02Z</time></trkpt>
<trkpt lat="38.566594" lon="-119.828804"><ele>2687.8</ele><time>2024-06-27T22:39:19Z</time></trkpt>
<trkpt lat="38.566847" lon="-119.828774"><ele>2684.8</ele><time>2024-06-27T22:40:07Z</time></trkpt>
<trkpt lat="38.567215" lon="-119.828535"><ele>2684.4</ele><time>2024-06-27T22:40:39Z</time></trkpt>
<trkpt lat="38.567267" lon="-119.828448"><ele>2685.6</ele><time>2024-06-27T22:40:48Z</time></trkpt>
<trkpt lat="38.567224" lon="-119.828354"><ele>2684.6</ele><time>2024-06-27T22:40:53Z</time></trkpt>
<trkpt lat="38.567373" lon="-119.828300"><ele>2683.6</ele><time>2024-06-27T22:41:04Z</time></trkpt>
<trkpt lat="38.567966" lon="-119.827335"><ele>2683.2</ele><time>2024-06-27T22:42:43Z</time></trkpt>
<trkpt lat="38.568005" lon="-119.827067"><ele>2682.0</ele><time>2024-06-27T22:42:55Z</time></trkpt>
<trkpt lat="38.568323" lon="-119.826292"><ele>2683.0</ele><time>2024-06-27T22:43:55Z</time></trkpt>
<trkpt lat="38.568582" lon="-119.826112"><ele>2680.0</ele><time>2024-06-27T22:44:33Z</time></trkpt>
<trkpt lat="38.568874" lon="-119.826101"><ele>2677.4</ele><time>2024-06-27T22:44:56Z</time></trkpt>
<trkpt lat="38.569374" lon="-119.826819"><ele>2676.6</ele><time>2024-06-27T22:46:35Z</time></trkpt>
<trkpt lat="38.569438" lon="-119.826991"><ele>2675.6</ele><time>2024-06-27T22:46:47Z</time></trkpt>
<trkpt lat="38.569383" lon="-119.827263"><ele>2676.4</ele><time>2024-06-27T22:47:11Z</time></trkpt>
<trkpt lat="38.569549" lon="-119.827475"><ele>2675.4</ele><time>2024-06-27T22:47:41Z</time></trkpt>
<trkpt lat="38.569628" lon="-119.828018"><ele>2675.8</ele><time>2024-06-27T22:48:27Z</time></trkpt>
<trkpt lat="38.569863" lon="-119.828296"><ele>2679.8</ele><time>2024-06-27T22:48:56Z</time></trkpt>
<trkpt lat="38.570371" lon="-119.828542"><ele>2679.8</ele><time>2024-06-27T22:49:43Z</time></trkpt>
<trkpt lat="38.570600" lon="-119.828605"><ele>2686.2</ele><time>2024-06-27T22:50:46Z</time></trkpt>
<trkpt lat="38.570586" lon="-119.828649"><ele>2687.6</ele><time>2024-06-27T22:50:51Z</time></trkpt>
<trkpt lat="38.570737" lon="-119.828610"><ele>2686.0</ele><time>2024-06-27T22:51:00Z</time></trkpt>
<trkpt lat="38.571466" lon="-119.828853"><ele>2679.8</ele><time>2024-06-27T22:53:00Z</time></trkpt>
<trkpt lat="38.571697" lon="-119.828379"><ele>2678.2</ele><time>2024-06-27T22:53:49Z</time></trkpt>
<trkpt lat="38.572245" lon="-119.828170"><ele>2677.6</ele><time>2024-06-27T22:54:43Z</time></trkpt>
<trkpt lat="38.572387" lon="-119.828021"><ele>2677.4</ele><time>2024-06-27T22:54:58Z</time></trkpt>
<trkpt lat="38.572823" lon="-119.827807"><ele>2670.4</ele><time>2024-06-27T22:55:56Z</time></trkpt>
<trkpt lat="38.573225" lon="-119.827790"><ele>2663.8</ele><time>2024-06-27T22:56:31Z</time></trkpt>
<trkpt lat="38.573530" lon="-119.827856"><ele>2663.4</ele><time>2024-06-27T22:56:57Z</time></trkpt>
<trkpt lat="38.573696" lon="-119.827813"><ele>2663.2</ele><time>2024-06-27T22:58:00Z</time></trkpt>
<trkpt lat="38.573645" lon="-119.827829"><ele>2663.2</ele><time>2024-06-27T22:58:06Z</time></trkpt>
<trkpt lat="38.573402" lon="-119.828946"><ele>2651.8</ele><time>2024-06-27T22:59:37Z</time></trkpt>
<trkpt lat="38.573291" lon="-119.828972"><ele>2651.8</ele><time>2024-06-27T22:59:52Z</time></trkpt>
<trkpt lat="38.573133" lon="-119.829731"><ele>2646.2</ele><time>2024-06-27T23:01:09Z</time></trkpt>
<trkpt lat="38.573090" lon="-119.830230"><ele>2643.4</ele><time>2024-06-27T23:01:50Z</time></trkpt>
<trkpt lat="38.573033" lon="-119.830321"><ele>2643.0</ele><time>2024-06-27T23:01:59Z</time></trkpt>
<trkpt lat="38.573361" lon="-119.830793"><ele>2643.0</ele><time>2024-06-27T23:03:19Z</time></trkpt>
<trkpt lat="38.573488" lon="-119.830957"><ele>2652.2</ele><time>2024-06-27T23:03:51Z</time></trkpt>
<trkpt lat="38.573444" lon="-119.830937"><ele>2652.6</ele><time>2024-06-27T23:03:52Z</time></trkpt>
<trkpt lat="38.573490" lon="-119.830920"><ele>2652.8</ele><time>2024-06-27T23:03:54Z</time></trkpt>
<trkpt lat="38.573414" lon="-119.831006"><ele>2652.6</ele><time>2024-06-27T23:03:58Z</time></trkpt>
<trkpt lat="38.573477" lon="-119.830977"><ele>2645.8</ele><time>2024-06-27T23:04:57Z</time></trkpt>
<trkpt lat="38.573531" lon="-119.831089"><ele>2647.2</ele><time>2024-06-27T23:06:04Z</time></trkpt>
<trkpt lat="38.573510" lon="-119.830940"><ele>2647.6</ele><time>2024-06-27T23:07:35Z</time></trkpt>
<trkpt lat="38.573589" lon="-119.830981"><ele>2651.2</ele><time>2024-06-27T23:07:51Z</time></trkpt>
<trkpt lat="38.573606" lon="-119.831038"><ele>2651.2</ele><time>2024-06-27T23:07:53Z</time></trkpt>
<trkpt lat="38.573563" lon="-119.830928"><ele>2651.8</ele><time>2024-06-27T23:07:57Z</time></trkpt>
<trkpt lat="38.573445" lon="-119.830960"><ele>2649.6</ele><time>2024-06-27T23:10:02Z</time></trkpt>
<trkpt lat="38.573599" lon="-119.832019"><ele>2652.8</ele><time>2024-06-27T23:11:46Z</time></trkpt>
<trkpt lat="38.573755" lon="-119.832044"><ele>2652.6</ele><time>2024-06-27T23:11:54Z</time></trkpt>
<trkpt lat="38.573828" lon="-119.831953"><ele>2654.2</ele><time>2024-06-27T23:12:04Z</time></trkpt>
<trkpt lat="38.574926" lon="-119.832116"><ele>2646.6</ele><time>2024-06-27T23:14:00Z</time></trkpt>
<trkpt lat="38.575250" lon="-119.832089"><ele>2649.4</ele><time>2024-06-27T23:14:38Z</time></trkpt>
<trkpt lat="38.575837" lon="-119.832065"><ele>2643.0</ele><time>2024-06-27T23:15:38Z</time></trkpt>
<trkpt lat="38.576258" lon="-119.831834"><ele>2640.6</ele><time>2024-06-27T23:16:05Z</time></trkpt>
<trkpt lat="38.576650" lon="-119.831760"><ele>2641.2</ele><time>2024-06-27T23:16:54Z</time></trkpt>
<trkpt lat="38.577416" lon="-119.831462"><ele>2634.8</ele><time>2024-06-27T23:17:48Z</time></trkpt>
<trkpt lat="38.577423" lon="-119.831375"><ele>2634.6</ele><time>2024-06-27T23:17:54Z</time></trkpt>
<trkpt lat="38.577618" lon="-119.831322"><ele>2635.4</ele><time>2024-06-27T23:18:07Z</time></trkpt>
<trkpt lat="38.578864" lon="-119.831404"><ele>2645.0</ele><time>2024-06-27T23:20:01Z</time></trkpt>
<trkpt lat="38.579367" lon="-119.831624"><ele>2645.2</ele><time>2024-06-27T23:21:17Z</time></trkpt>
<trkpt lat="38.579538" lon="-119.831772"><ele>2646.6</ele><time>2024-06-27T23:21:31Z</time></trkpt>
<trkpt lat="38.579811" lon="-119.831836"><ele>2648.0</ele><time>2024-06-27T23:21:46Z</time></trkpt>
<trkpt lat="38.579764" lon="-119.831829"><ele>2648.8</ele><time>2024-06-27T23:21:48Z</time></trkpt>
<trkpt lat="38.579764" lon="-119.831917"><ele>2650.0</ele><time>2024-06-27T23:21:56Z</time></trkpt>
<trkpt lat="38.579817" lon="-119.832002"><ele>2649.4</ele><time>2024-06-27T23:22:03Z</time></trkpt>
<trkpt lat="38.579983" lon="-119.831999"><ele>2651.0</ele><time>2024-06-27T23:22:14Z</time></trkpt>
<trkpt lat="38.580759" lon="-119.831685"><ele>2657.0</ele><time>2024-06-27T23:23:47Z</time></trkpt>
<trkpt lat="38.580838" lon="-119.831711"><ele>2657.6</ele><time>2024-06-27T23:23:55Z</time></trkpt>
<trkpt lat="38.581192" lon="-119.831552"><ele>2667.8</ele><time>2024-06-27T23:24:23Z</time></trkpt>
<trkpt lat="38.581335" lon="-119.831574"><ele>2662.2</ele><time>2024-06-27T23:24:35Z</time></trkpt>
<trkpt lat="38.581301" lon="-119.831671"><ele>2660.0</ele><time>2024-06-27T23:24:43Z</time></trkpt>
<trkpt lat="38.581352" lon="-119.831671"><ele>2654.8</ele><time>2024-06-27T23:24:51Z</time></trkpt>
<trkpt lat="38.581456" lon="-119.831550"><ele>2651.4</ele><time>2024-06-27T23:25:07Z</time></trkpt>
<trkpt lat="38.581607" lon="-119.831201"><ele>2641.4</ele><time>2024-06-27T23:26:15Z</time></trkpt>
<trkpt lat="38.581940" lon="-119.831311"><ele>2641.2</ele><time>2024-06-27T23:26:20Z</time></trkpt>
<trkpt lat="38.582507" lon="-119.831165"><ele>2640.6</ele><time>2024-06-27T23:26:27Z</time></trkpt>
<trkpt lat="38.583123" lon="-119.830704"><ele>2634.2</ele><time>2024-06-27T23:27:19Z</time></trkpt>
<trkpt lat="38.583897" lon="-119.830267"><ele>2629.8</ele><time>2024-06-27T23:28:47Z</time></trkpt>
<trkpt lat="38.583864" lon="-119.830293"><ele>2629.6</ele><time>2024-06-27T23:28:49Z</time></trkpt>
<trkpt lat="38.583962" lon="-119.830519"><ele>2626.8</ele><time>2024-06-27T23:29:02Z</time></trkpt>
<trkpt lat="38.583780" lon="-119.831147"><ele>2619.8</ele><time>2024-06-27T23:29:41Z</time></trkpt>
<trkpt lat="38.583561" lon="-119.831482"><ele>2614.0</ele><time>2024-06-27T23:30:45Z</time></trkpt>
<trkpt lat="38.583442" lon="-119.831543"><ele>2612.6</ele><time>2024-06-27T23:30:58Z</time></trkpt>
<trkpt lat="38.583304" lon="-119.831927"><ele>2611.4</ele><time>2024-06-27T23:31:40Z</time></trkpt>
<trkpt lat="38.583288" lon="-119.832225"><ele>2608.4</ele><time>2024-06-27T23:32:04Z</time></trkpt>
<trkpt lat="38.583049" lon="-119.832717"><ele>2605.8</ele><time>2024-06-27T23:32:51Z</time></trkpt>
<trkpt lat="38.583415" lon="-119.833147"><ele>2603.0</ele><time>2024-06-27T23:33:29Z</time></trkpt>
<trkpt lat="38.583489" lon="-119.833407"><ele>2599.6</ele><time>2024-06-27T23:33:51Z</time></trkpt>
<trkpt lat="38.583633" lon="-119.833493"><ele>2596.2</ele><time>2024-06-27T23:34:17Z</time></trkpt>
<trkpt lat="38.583820" lon="-119.833470"><ele>2594.2</ele><time>2024-06-27T23:34:37Z</time></trkpt>
<trkpt lat="38.583991" lon="-119.833579"><ele>2591.8</ele><time>2024-06-27T23:34:55Z</time></trkpt>
<trkpt lat="38.584189" lon="-119.833439"><ele>2591.2</ele><time>2024-06-27T23:35:16Z</time></trkpt>
<trkpt lat="38.584832" lon="-119.833241"><ele>2585.4</ele><time>2024-06-27T23:36:56Z</time></trkpt>
<trkpt lat="38.585072" lon="-119.832565"><ele>2585.6</ele><time>2024-06-27T23:37:54Z</time></trkpt>
<trkpt lat="38.585849" lon="-119.832112"><ele>2578.0</ele><time>2024-06-27T23:39:00Z</time></trkpt>
<trkpt lat="38.585932" lon="-119.831832"><ele>2577.4</ele><time>2024-06-27T23:39:22Z</time></trkpt>
<trkpt lat="38.585846" lon="-119.831704"><ele>2578.6</ele><time>2024-06-27T23:39:48Z</time></trkpt>
<trkpt lat="38.585862" lon="-119.831643"><ele>2580.8</ele><time>2024-06-27T23:40:04Z</time></trkpt>
<trkpt lat="38.586015" lon="-119.831429"><ele>2583.0</ele><time>2024-06-27T23:40:30Z</time></trkpt>
<trkpt lat="38.586112" lon="-119.831150"><ele>2584.0</ele><time>2024-06-27T23:40:55Z</time></trkpt>
<trkpt lat="38.586335" lon="-119.831059"><ele>2585.4</ele><time>2024-06-27T23:41:12Z</time></trkpt>
<trkpt lat="38.586889" lon="-119.830554"><ele>2580.2</ele><time>2024-06-27T23:42:12Z</time></trkpt>
<trkpt lat="38.587185" lon="-119.830178"><ele>2577.2</ele><time>2024-06-27T23:42:46Z</time></trkpt>
<trkpt lat="38.587175" lon="-119.830095"><ele>2576.8</ele><time>2024-06-27T23:42:48Z</time></trkpt>
<trkpt lat="38.587304" lon="-119.830188"><ele>2575.2</ele><time>2024-06-27T23:43:06Z</time></trkpt>
<trkpt lat="38.587373" lon="-119.829918"><ele>2575.2</ele><time>2024-06-27T23:43:33Z</time></trkpt>
<trkpt lat="38.587449" lon="-119.829865"><ele>2575.4</ele><time>2024-06-27T23:43:49Z</time></trkpt>
<trkpt lat="38.587767" lon="-119.829059"><ele>2568.4</ele><time>2024-06-27T23:44:35Z</time></trkpt>
<trkpt lat="38.587815" lon="-119.828780"><ele>2567.6</ele><time>2024-06-27T23:45:07Z</time></trkpt>
<trkpt lat="38.588629" lon="-119.828014"><ele>2558.4</ele><time>2024-06-27T23:46:49Z</time></trkpt>
<trkpt lat="38.588888" lon="-119.827889"><ele>2558.0</ele><time>2024-06-27T23:47:04Z</time></trkpt>
<trkpt lat="38.588932" lon="-119.827799"><ele>2556.2</ele><time>2024-06-27T23:47:32Z</time></trkpt>
<trkpt lat="38.588712" lon="-119.827095"><ele>2553.4</ele><time>2024-06-27T23:48:49Z</time></trkpt>
<trkpt lat="38.589095" lon="-119.827161"><ele>2552.2</ele><time>2024-06-27T23:48:59Z</time></trkpt>
<trkpt lat="38.589101" lon="-119.826942"><ele>2552.2</ele><time>2024-06-27T23:49:14Z</time></trkpt>
<trkpt lat="38.588921" lon="-119.826100"><ele>2552.8</ele><time>2024-06-27T23:50:48Z</time></trkpt>
<trkpt lat="38.588932" lon="-119.825875"><ele>2553.4</ele><time>2024-06-27T23:51:05Z</time></trkpt>
<trkpt lat="38.589221" lon="-119.825217"><ele>2559.2</ele><time>2024-06-27T23:52:37Z</time></trkpt>
<trkpt lat="38.589205" lon="-119.824965"><ele>2559.8</ele><time>2024-06-27T23:52:53Z</time></trkpt>
<trkpt lat="38.589051" lon="-119.824736"><ele>2559.4</ele><time>2024-06-27T23:53:34Z</time></trkpt>
<trkpt lat="38.588793" lon="-119.824541"><ele>2559.6</ele><time>2024-06-27T23:54:36Z</time></trkpt>
<trkpt lat="38.588733" lon="-119.824279"><ele>2561.4</ele><time>2024-06-27T23:54:47Z</time></trkpt>
<trkpt lat="38.588608" lon="-119.824351"><ele>2561.2</ele><time>2024-06-27T23:54:52Z</time></trkpt>
<trkpt lat="38.588765" lon="-119.822824"><ele>2565.4</ele><time>2024-06-27T23:56:47Z</time></trkpt>
<trkpt lat="38.589179" lon="-119.822556"><ele>2561.4</ele><time>2024-06-27T23:57:24Z</time></trkpt>
<trkpt lat="38.589674" lon="-119.822419"><ele>2557.8</ele><time>2024-06-27T23:58:30Z</time></trkpt>
<trkpt lat="38.589864" lon="-119.822455"><ele>2556.8</ele><time>2024-06-27T23:58:50Z</time></trkpt>
<trkpt lat="38.589953" lon="-119.822625"><ele>2555.8</ele><time>2024-06-27T23:59:04Z</time></trkpt>
<trkpt lat="38.590848" lon="-119.821605"><ele>2558.4</ele><time>2024-06-28T00:01:06Z</time></trkpt>
<trkpt lat="38.591071" lon="-119.821546"><ele>2560.0</ele><time>2024-06-28T00:01:30Z</time></trkpt>
<trkpt lat="38.591134" lon="-119.821530"><ele>2566.0</ele><time>2024-06-28T00:01:52Z</time></trkpt>
<trkpt lat="38.591711" lon="-119.821449"><ele>2565.6</ele><time>2024-06-28T00:03:05Z</time></trkpt>
<trkpt lat="38.592248" lon="-119.821290"><ele>2574.8</ele><time>2024-06-28T00:04:28Z</time></trkpt>
<trkpt lat="38.592410" lon="-119.821153"><ele>2575.6</ele><time>2024-06-28T00:04:56Z</time></trkpt>
<trkpt lat="38.592509" lon="-119.821243"><ele>2576.6</ele><time>2024-06-28T00:05:05Z</time></trkpt>
<trkpt lat="38.593105" lon="-119.821094"><ele>2590.2</ele><time>2024-06-28T00:06:34Z</time></trkpt>
<trkpt lat="38.594085" lon="-119.820246"><ele>2574.8</ele><time>2024-06-28T00:08:48Z</time></trkpt>
<trkpt lat="38.593971" lon="-119.820429"><ele>2572.8</ele><time>2024-06-28T00:08:58Z</time></trkpt>
<trkpt lat="38.594036" lon="-119.820741"><ele>2568.4</ele><time>2024-06-28T00:09:28Z</time></trkpt>
<trkpt lat="38.593868" lon="-119.821047"><ele>2562.6</ele><time>2024-06-28T00:09:58Z</time></trkpt>
<trkpt lat="38.594245" lon="-119.821732"><ele>2553.4</ele><time>2024-06-28T00:11:07Z</time></trkpt>
<trkpt lat="38.594753" lon="-119.821539"><ele>2532.2</ele><time>2024-06-28T00:13:21Z</time></trkpt>
<trkpt lat="38.594723" lon="-119.821459"><ele>2531.0</ele><time>2024-06-28T00:13:27Z</time></trkpt>
<trkpt lat="38.595179" lon="-119.820736"><ele>2520.4</ele><time>2024-06-28T00:14:54Z</time></trkpt>
<trkpt lat="38.595545" lon="-119.820572"><ele>2516.4</ele><time>2024-06-28T00:15:23Z</time></trkpt>
<trkpt lat="38.595665" lon="-119.820390"><ele>2514.2</ele><time>2024-06-28T00:15:45Z</time></trkpt>
<trkpt lat="38.596050" lon="-119.820323"><ele>2511.6</ele><time>2024-06-28T00:16:51Z</time></trkpt>
<trkpt lat="38.596083" lon="-119.820224"><ele>2509.8</ele><time>2024-06-28T00:17:05Z</time></trkpt>
<trkpt lat="38.596304" lon="-119.820312"><ele>2507.8</ele><time>2024-06-28T00:17:24Z</time></trkpt>
<trkpt lat="38.596507" lon="-119.820297"><ele>2507.6</ele><time>2024-06-28T00:17:38Z</time></trkpt>
<trkpt lat="38.596545" lon="-119.820359"><ele>2506.8</ele><time>2024-06-28T00:17:46Z</time></trkpt>
<trkpt lat="38.596375" lon="-119.820598"><ele>2503.2</ele><time>2024-06-28T00:18:06Z</time></trkpt>
<trkpt lat="38.596336" lon="-119.820776"><ele>2501.0</ele><time>2024-06-28T00:18:30Z</time></trkpt>
<trkpt lat="38.596258" lon="-119.820827"><ele>2499.8</ele><time>2024-06-28T00:18:40Z</time></trkpt>
<trkpt lat="38.596303" lon="-119.821222"><ele>2495.4</ele><time>2024-06-28T00:19:33Z</time></trkpt>
<trkpt lat="38.596525" lon="-119.821195"><ele>2493.2</ele><time>2024-06-28T00:19:57Z</time></trkpt>
<trkpt lat="38.596585" lon="-119.821396"><ele>2492.8</ele><time>2024-06-28T00:20:13Z</time></trkpt>
<trkpt lat="38.596661" lon="-119.821445"><ele>2490.0</ele><time>2024-06-28T00:20:21Z</time></trkpt>
<trkpt lat="38.596703" lon="-119.821244"><ele>2488.4</ele><time>2024-06-28T00:20:55Z</time></trkpt>
<trkpt lat="38.596706" lon="-119.821449"><ele>2489.0</ele><time>2024-06-28T00:21:00Z</time></trkpt>
<trkpt lat="38.597139" lon="-119.821133"><ele>2490.4</ele><time>2024-06-28T00:22:53Z</time></trkpt>
<trkpt lat="38.596838" lon="-119.821451"><ele>2490.6</ele><time>2024-06-28T00:22:55Z</time></trkpt>
<trkpt lat="38.596760" lon="-119.821398"><ele>2491.6</ele><time>2024-06-28T00:23:06Z</time></trkpt>
<trkpt lat="38.596891" lon="-119.821021"><ele>2494.6</ele><time>2024-06-28T00:23:58Z</time></trkpt>
<trkpt lat="38.597380" lon="-119.820550"><ele>2499.6</ele><time>2024-06-28T00:25:00Z</time></trkpt>
<trkpt lat="38.597438" lon="-119.820546"><ele>2500.4</ele><time>2024-06-28T00:25:06Z</time></trkpt>
<trkpt lat="38.597528" lon="-119.820693"><ele>2507.6</ele><time>2024-06-28T00:26:26Z</time></trkpt>
<trkpt lat="38.597686" lon="-119.820747"><ele>2509.6</ele><time>2024-06-28T00:26:51Z</time></trkpt>
<trkpt lat="38.597658" lon="-119.820870"><ele>2509.2</ele><time>2024-06-28T00:27:00Z</time></trkpt>
<trkpt lat="38.597624" lon="-119.820749"><ele>2509.8</ele><time>2024-06-28T00:28:38Z</time></trkpt>
<trkpt lat="38.597618" lon="-119.820922"><ele>2510.4</ele><time>2024-06-28T00:28:51Z</time></trkpt>
<trkpt lat="38.597619" lon="-119.820791"><ele>2510.4</ele><time>2024-06-28T00:28:53Z</time></trkpt>
<trkpt lat="38.597712" lon="-119.820715"><ele>2509.8</ele><time>2024-06-28T00:29:01Z</time></trkpt>
<trkpt lat="38.597717" lon="-119.820621"><ele>2509.6</ele><time>2024-06-28T00:29:07Z</time></trkpt>
<trkpt lat="38.597693" lon="-119.820692"><ele>2509.4</ele><time>2024-06-28T00:29:13Z</time></trkpt>
<trkpt lat="38.597559" lon="-119.820632"><ele>2508.8</ele><time>2024-06-28T00:29:52Z</time></trkpt>
<trkpt lat="38.597936" lon="-119.820707"><ele>2509.8</ele><time>2024-06-28T00:30:45Z</time></trkpt>
<trkpt lat="38.597479" lon="-119.820817"><ele>2509.6</ele><time>2024-06-28T00:32:48Z</time></trkpt>
<trkpt lat="38.597469" lon="-119.820969"><ele>2509.6</ele><time>2024-06-28T00:32:53Z</time></trkpt>
<trkpt lat="38.597651" lon="-119.820878"><ele>2509.8</ele><time>2024-06-28T00:32:56Z</time></trkpt>
<trkpt lat="38.597623" lon="-119.820768"><ele>2510.2</ele><time>2024-06-28T00:33:05Z</time></trkpt>
<trkpt lat="38.597644" lon="-119.820823"><ele>2510.0</ele><time>2024-06-28T00:33:07Z</time></trkpt>
<trkpt lat="38.598082" lon="-119.820640"><ele>2511.4</ele><time>2024-06-28T00:34:29Z</time></trkpt>
<trkpt lat="38.598221" lon="-119.820305"><ele>2512.2</ele><time>2024-06-28T00:34:58Z</time></trkpt>
<trkpt lat="38.598374" lon="-119.820219"><ele>2514.0</ele><time>2024-06-28T00:35:10Z</time></trkpt>
<trkpt lat="38.599311" lon="-119.818981"><ele>2525.0</ele><time>2024-06-28T00:37:22Z</time></trkpt>
<trkpt lat="38.599893" lon="-119.818420"><ele>2534.2</ele><time>2024-06-28T00:38:48Z</time></trkpt>
<trkpt lat="38.599815" lon="-119.818424"><ele>2534.8</ele><time>2024-06-28T00:38:49Z</time></trkpt>
<trkpt lat="38.600611" lon="-119.817972"><ele>2545.2</ele><time>2024-06-28T00:40:28Z</time></trkpt>
<trkpt lat="38.601131" lon="-119.817761"><ele>2549.0</ele><time>2024-06-28T00:41:07Z</time></trkpt>
<trkpt lat="38.601952" lon="-119.817046"><ele>2564.8</ele><time>2024-06-28T00:43:05Z</time></trkpt>
<trkpt lat="38.602961" lon="-119.816754"><ele>2573.6</ele><time>2024-06-28T00:44:48Z</time></trkpt>
<trkpt lat="38.603043" lon="-119.816754"><ele>2574.6</ele><time>2024-06-28T00:44:53Z</time></trkpt>
<trkpt lat="38.603018" lon="-119.816838"><ele>2575.6</ele><time>2024-06-28T00:44:58Z</time></trkpt>
<trkpt lat="38.603121" lon="-119.816764"><ele>2577.6</ele><time>2024-06-28T00:45:06Z</time></trkpt>
<trkpt lat="38.604004" lon="-119.816583"><ele>2586.4</ele><time>2024-06-28T00:46:47Z</time></trkpt>
<trkpt lat="38.604406" lon="-119.816632"><ele>2591.8</ele><time>2024-06-28T00:47:22Z</time></trkpt>
<trkpt lat="38.604508" lon="-119.816843"><ele>2592.0</ele><time>2024-06-28T00:47:40Z</time></trkpt>
<trkpt lat="38.604723" lon="-119.816953"><ele>2598.8</ele><time>2024-06-28T00:48:30Z</time></trkpt>
<trkpt lat="38.604815" lon="-119.817145"><ele>2601.2</ele><time>2024-06-28T00:48:47Z</time></trkpt>
<trkpt lat="38.605171" lon="-119.817026"><ele>2603.2</ele><time>2024-06-28T00:48:58Z</time></trkpt>
<trkpt lat="38.605612" lon="-119.817776"><ele>2609.8</ele><time>2024-06-28T00:50:12Z</time></trkpt>
<trkpt lat="38.605839" lon="-119.817916"><ele>2613.0</ele><time>2024-06-28T00:50:48Z</time></trkpt>
<trkpt lat="38.606171" lon="-119.817746"><ele>2613.6</ele><time>2024-06-28T00:50:56Z</time></trkpt>
<trkpt lat="38.607242" lon="-119.817605"><ele>2621.4</ele><time>2024-06-28T00:52:47Z</time></trkpt>
<trkpt lat="38.607165" lon="-119.817625"><ele>2621.6</ele><time>2024-06-28T00:52:49Z</time></trkpt>
<trkpt lat="38.607334" lon="-119.817453"><ele>2622.0</ele><time>2024-06-28T00:52:59Z</time></trkpt>
<trkpt lat="38.607523" lon="-119.817392"><ele>2621.8</ele><time>2024-06-28T00:53:19Z</time></trkpt>
<trkpt lat="38.607652" lon="-119.817339"><ele>2632.0</ele><time>2024-06-28T00:54:13Z</time></trkpt>
<trkpt lat="38.607812" lon="-119.817252"><ele>2631.6</ele><time>2024-06-28T00:54:56Z</time></trkpt>
<trkpt lat="38.607989" lon="-119.817263"><ele>2630.6</ele><time>2024-06-28T00:55:07Z</time></trkpt>
<trkpt lat="38.607751" lon="-119.817347"><ele>2630.6</ele><time>2024-06-28T00:56:46Z</time></trkpt>
<trkpt lat="38.608185" lon="-119.816981"><ele>2630.8</ele><time>2024-06-28T00:56:53Z</time></trkpt>
<trkpt lat="38.607948" lon="-119.817181"><ele>2630.8</ele><time>2024-06-28T00:56:59Z</time></trkpt>
<trkpt lat="38.607998" lon="-119.817174"><ele>2630.8</ele><time>2024-06-28T00:57:05Z</time></trkpt>
<trkpt lat="38.608195" lon="-119.817623"><ele>2625.8</ele><time>2024-06-28T00:58:14Z</time></trkpt>
<trkpt lat="38.608247" lon="-119.817969"><ele>2622.6</ele><time>2024-06-28T00:58:51Z</time></trkpt>
<trkpt lat="38.608452" lon="-119.817890"><ele>2622.8</ele><time>2024-06-28T00:58:55Z</time></trkpt>
<trkpt lat="38.608396" lon="-119.817994"><ele>2620.4</ele><time>2024-06-28T00:59:01Z</time></trkpt>
<trkpt lat="38.608420" lon="-119.818625"><ele>2622.0</ele><time>2024-06-28T00:59:30Z</time></trkpt>
<trkpt lat="38.608304" lon="-119.818987"><ele>2618.8</ele><time>2024-06-28T01:00:10Z</time></trkpt>
<trkpt lat="38.608344" lon="-119.819371"><ele>2615.0</ele><time>2024-06-28T01:00:32Z</time></trkpt>
<trkpt lat="38.608244" lon="-119.819640"><ele>2611.6</ele><time>2024-06-28T01:01:03Z</time></trkpt>
<trkpt lat="38.608569" lon="-119.820132"><ele>2607.8</ele><time>2024-06-28T01:01:50Z</time></trkpt>
<trkpt lat="38.608947" lon="-119.819800"><ele>2598.2</ele><time>2024-06-28T01:02:52Z</time></trkpt>
<trkpt lat="38.608881" lon="-119.819806"><ele>2598.2</ele><time>2024-06-28T01:02:54Z</time></trkpt>
<trkpt lat="38.608899" lon="-119.819910"><ele>2597.8</ele><time>2024-06-28T01:03:01Z</time></trkpt>
<trkpt lat="38.608930" lon="-119.819822"><ele>2598.2</ele><time>2024-06-28T01:04:28Z</time></trkpt>
<trkpt lat="38.608799" lon="-119.819872"><ele>2598.8</ele><time>2024-06-28T01:04:59Z</time></trkpt>
</trkseg></trk>
</gpx>
