<?xml version="1.0" encoding="UTF-8"?>
<gpx version="1.1" creator="Eric Sichak trip reports" xmlns="http://www.topografix.com/GPX/1/1">
<metadata><name>Morning Hike</name><time>2024-07-08T14:22:45Z</time></metadata>
<trk><name>Morning Hike</name><type>hike</type><trkseg>
<trkpt lat="39.630786" lon="-120.665948"><ele>2256.2</ele><time>2024-07-08T14:22:45Z</time></trkpt>
<trkpt lat="39.630759" lon="-120.665991"><ele>2256.0</ele><time>2024-07-08T14:23:37Z</time></trkpt>
<trkpt lat="39.630897" lon="-120.665871"><ele>2256.2</ele><time>2024-07-08T14:24:39Z</time></trkpt>
<trkpt lat="39.630898" lon="-120.666009"><ele>2256.4</ele><time>2024-07-08T14:24:47Z</time></trkpt>
<trkpt lat="39.631025" lon="-120.666065"><ele>2255.8</ele><time>2024-07-08T14:24:59Z</time></trkpt>
<trkpt lat="39.631074" lon="-120.666207"><ele>2255.6</ele><time>2024-07-08T14:25:05Z</time></trkpt>
<trkpt lat="39.631171" lon="-120.666639"><ele>2260.4</ele><time>2024-07-08T14:25:55Z</time></trkpt>
<trkpt lat="39.631297" lon="-120.667479"><ele>2257.0</ele><time>2024-07-08T14:26:45Z</time></trkpt>
<trkpt lat="39.631317" lon="-120.667988"><ele>2251.8</ele><time>2024-07-08T14:27:11Z</time></trkpt>
<trkpt lat="39.631552" lon="-120.668674"><ele>2247.6</ele><time>2024-07-08T14:27:49Z</time></trkpt>
<trkpt lat="39.631703" lon="-120.669313"><ele>2249.8</ele><time>2024-07-08T14:28:49Z</time></trkpt>
<trkpt lat="39.631796" lon="-120.669415"><ele>2251.0</ele><time>2024-07-08T14:29:00Z</time></trkpt>
<trkpt lat="39.632277" lon="-120.669562"><ele>2251.8</ele><time>2024-07-08T14:29:57Z</time></trkpt>
<trkpt lat="39.632834" lon="-120.669373"><ele>2252.0</ele><time>2024-07-08T14:30:42Z</time></trkpt>
<trkpt lat="39.632943" lon="-120.669219"><ele>2251.2</ele><time>2024-07-08T14:30:52Z</time></trkpt>
<trkpt lat="39.633049" lon="-120.669187"><ele>2251.0</ele><time>2024-07-08T14:31:00Z</time></trkpt>
<trkpt lat="39.633772" lon="-120.669949"><ele>2254.8</ele><time>2024-07-08T14:32:42Z</time></trkpt>
<trkpt lat="39.633816" lon="-120.670079"><ele>2254.8</ele><time>2024-07-08T14:32:48Z</time></trkpt>
<trkpt lat="39.634527" lon="-120.670415"><ele>2252.8</ele><time>2024-07-08T14:33:55Z</time></trkpt>
<trkpt lat="39.635029" lon="-120.670526"><ele>2257.0</ele><time>2024-07-08T14:34:45Z</time></trkpt>
<trkpt lat="39.635084" lon="-120.670477"><ele>2257.6</ele><time>2024-07-08T14:34:51Z</time></trkpt>
<trkpt lat="39.636228" lon="-120.670493"><ele>2269.6</ele><time>2024-07-08T14:36:42Z</time></trkpt>
<trkpt lat="39.636483" lon="-120.670684"><ele>2270.4</ele><time>2024-07-08T14:36:56Z</time></trkpt>
<trkpt lat="39.637156" lon="-120.670466"><ele>2273.6</ele><time>2024-07-08T14:37:56Z</time></trkpt>
<trkpt lat="39.637680" lon="-120.670601"><ele>2277.4</ele><time>2024-07-08T14:38:43Z</time></trkpt>
<trkpt lat="39.638162" lon="-120.670910"><ele>2280.2</ele><time>2024-07-08T14:39:36Z</time></trkpt>
<trkpt lat="39.638872" lon="-120.671584"><ele>2276.4</ele><time>2024-07-08T14:40:44Z</time></trkpt>
<trkpt lat="39.639143" lon="-120.671605"><ele>2277.2</ele><time>2024-07-08T14:40:58Z</time></trkpt>
<trkpt lat="39.639618" lon="-120.672186"><ele>2270.8</ele><time>2024-07-08T14:41:56Z</time></trkpt>
<trkpt lat="39.639895" lon="-120.672391"><ele>2268.4</ele><time>2024-07-08T14:42:18Z</time></trkpt>
<trkpt lat="39.640242" lon="-120.672531"><ele>2267.8</ele><time>2024-07-08T14:42:43Z</time></trkpt>
<trkpt lat="39.640366" lon="-120.672455"><ele>2267.8</ele><time>2024-07-08T14:42:54Z</time></trkpt>
<trkpt lat="39.641172" lon="-120.672407"><ele>2267.2</ele><time>2024-07-08T14:43:56Z</time></trkpt>
<trkpt lat="39.641654" lon="-120.672582"><ele>2268.2</ele><time>2024-07-08T14:44:49Z</time></trkpt>
<trkpt lat="39.642118" lon="-120.672604"><ele>2268.2</ele><time>2024-07-08T14:45:22Z</time></trkpt>
<trkpt lat="39.642223" lon="-120.672740"><ele>2267.4</ele><time>2024-07-08T14:45:34Z</time></trkpt>
<trkpt lat="39.642425" lon="-120.672788"><ele>2268.4</ele><time>2024-07-08T14:46:00Z</time></trkpt>
<trkpt lat="39.642916" lon="-120.672535"><ele>2270.6</ele><time>2024-07-08T14:46:46Z</time></trkpt>
<trkpt lat="39.643064" lon="-120.672668"><ele>2269.4</ele><time>2024-07-08T14:47:00Z</time></trkpt>
<trkpt lat="39.643460" lon="-120.672642"><ele>2268.4</ele><time>2024-07-08T14:47:32Z</time></trkpt>
<trkpt lat="39.643598" lon="-120.672902"><ele>2267.4</ele><time>2024-07-08T14:47:48Z</time></trkpt>
<trkpt lat="39.644380" lon="-120.673165"><ele>2264.2</ele><time>2024-07-08T14:48:50Z</time></trkpt>
<trkpt lat="39.645296" lon="-120.672929"><ele>2258.4</ele><time>2024-07-08T14:50:10Z</time></trkpt>
<trkpt lat="39.645534" lon="-120.672610"><ele>2257.2</ele><time>2024-07-08T14:50:45Z</time></trkpt>
<trkpt lat="39.645507" lon="-120.672703"><ele>2256.8</ele><time>2024-07-08T14:50:53Z</time></trkpt>
<trkpt lat="39.646354" lon="-120.672070"><ele>2255.4</ele><time>2024-07-08T14:52:43Z</time></trkpt>
<trkpt lat="39.646078" lon="-120.672287"><ele>2255.6</ele><time>2024-07-08T14:52:47Z</time></trkpt>
<trkpt lat="39.646250" lon="-120.672102"><ele>2256.4</ele><time>2024-07-08T14:53:00Z</time></trkpt>
<trkpt lat="39.646669" lon="-120.671999"><ele>2261.6</ele><time>2024-07-08T14:53:53Z</time></trkpt>
<trkpt lat="39.646665" lon="-120.671916"><ele>2262.0</ele><time>2024-07-08T14:54:09Z</time></trkpt>
<trkpt lat="39.646838" lon="-120.671771"><ele>2262.0</ele><time>2024-07-08T14:54:25Z</time></trkpt>
<trkpt lat="39.647638" lon="-120.671586"><ele>2256.2</ele><time>2024-07-08T14:55:12Z</time></trkpt>
<trkpt lat="39.648630" lon="-120.671608"><ele>2255.0</ele><time>2024-07-08T14:56:44Z</time></trkpt>
<trkpt lat="39.648581" lon="-120.671683"><ele>2255.8</ele><time>2024-07-08T14:56:49Z</time></trkpt>
<trkpt lat="39.648671" lon="-120.671732"><ele>2257.0</ele><time>2024-07-08T14:56:57Z</time></trkpt>
<trkpt lat="39.648756" lon="-120.671660"><ele>2259.0</ele><time>2024-07-08T14:57:18Z</time></trkpt>
<trkpt lat="39.648987" lon="-120.671706"><ele>2258.4</ele><time>2024-07-08T14:57:50Z</time></trkpt>
<trkpt lat="39.649808" lon="-120.671471"><ele>2253.6</ele><time>2024-07-08T14:58:45Z</time></trkpt>
<trkpt lat="39.649923" lon="-120.671180"><ele>2251.8</ele><time>2024-07-08T14:59:00Z</time></trkpt>
<trkpt lat="39.650355" lon="-120.670980"><ele>2252.6</ele><time>2024-07-08T14:59:36Z</time></trkpt>
<trkpt lat="39.651042" lon="-120.670846"><ele>2245.2</ele><time>2024-07-08T15:00:44Z</time></trkpt>
<trkpt lat="39.651081" lon="-120.670741"><ele>2244.2</ele><time>2024-07-08T15:00:52Z</time></trkpt>
<trkpt lat="39.651333" lon="-120.670813"><ele>2241.4</ele><time>2024-07-08T15:01:08Z</time></trkpt>
<trkpt lat="39.651555" lon="-120.670994"><ele>2237.6</ele><time>2024-07-08T15:01:28Z</time></trkpt>
<trkpt lat="39.652388" lon="-120.671014"><ele>2238.4</ele><time>2024-07-08T15:02:51Z</time></trkpt>
<trkpt lat="39.652881" lon="-120.671270"><ele>2244.0</ele><time>2024-07-08T15:03:42Z</time></trkpt>
<trkpt lat="39.653437" lon="-120.671344"><ele>2242.2</ele><time>2024-07-08T15:04:43Z</time></trkpt>
<trkpt lat="39.653535" lon="-120.671243"><ele>2242.0</ele><time>2024-07-08T15:04:45Z</time></trkpt>
<trkpt lat="39.654019" lon="-120.671164"><ele>2249.2</ele><time>2024-07-08T15:05:38Z</time></trkpt>
<trkpt lat="39.654995" lon="-120.670850"><ele>2241.4</ele><time>2024-07-08T15:06:46Z</time></trkpt>
<trkpt lat="39.654942" lon="-120.671032"><ele>2240.2</ele><time>2024-07-08T15:06:51Z</time></trkpt>
<trkpt lat="39.656223" lon="-120.671133"><ele>2232.0</ele><time>2024-07-08T15:08:44Z</time></trkpt>
<trkpt lat="39.656285" lon="-120.671077"><ele>2231.6</ele><time>2024-07-08T15:08:46Z</time></trkpt>
<trkpt lat="39.656331" lon="-120.671105"><ele>2230.4</ele><time>2024-07-08T15:08:52Z</time></trkpt>
<trkpt lat="39.656302" lon="-120.671249"><ele>2229.4</ele><time>2024-07-08T15:08:57Z</time></trkpt>
<trkpt lat="39.656342" lon="-120.671319"><ele>2229.0</ele><time>2024-07-08T15:09:02Z</time></trkpt>
<trkpt lat="39.657211" lon="-120.671602"><ele>2218.2</ele><time>2024-07-08T15:10:04Z</time></trkpt>
<trkpt lat="39.657407" lon="-120.671732"><ele>2215.8</ele><time>2024-07-08T15:10:32Z</time></trkpt>
<trkpt lat="39.657619" lon="-120.671786"><ele>2215.0</ele><time>2024-07-08T15:10:43Z</time></trkpt>
<trkpt lat="39.657612" lon="-120.671739"><ele>2214.8</ele><time>2024-07-08T15:10:45Z</time></trkpt>
<trkpt lat="39.657644" lon="-120.671857"><ele>2214.6</ele><time>2024-07-08T15:10:51Z</time></trkpt>
<trkpt lat="39.657738" lon="-120.671852"><ele>2213.8</ele><time>2024-07-08T15:11:02Z</time></trkpt>
<trkpt lat="39.658306" lon="-120.672623"><ele>2205.2</ele><time>2024-07-08T15:12:00Z</time></trkpt>
<trkpt lat="39.658223" lon="-120.673079"><ele>2197.2</ele><time>2024-07-08T15:12:53Z</time></trkpt>
<trkpt lat="39.658626" lon="-120.673444"><ele>2185.0</ele><time>2024-07-08T15:13:40Z</time></trkpt>
<trkpt lat="39.658787" lon="-120.673482"><ele>2181.6</ele><time>2024-07-08T15:13:54Z</time></trkpt>
<trkpt lat="39.658754" lon="-120.673699"><ele>2178.4</ele><time>2024-07-08T15:14:08Z</time></trkpt>
<trkpt lat="39.658820" lon="-120.673894"><ele>2175.0</ele><time>2024-07-08T15:14:20Z</time></trkpt>
<trkpt lat="39.658954" lon="-120.673979"><ele>2172.6</ele><time>2024-07-08T15:14:32Z</time></trkpt>
<trkpt lat="39.658965" lon="-120.674202"><ele>2168.8</ele><time>2024-07-08T15:14:45Z</time></trkpt>
<trkpt lat="39.659266" lon="-120.674069"><ele>2168.0</ele><time>2024-07-08T15:14:48Z</time></trkpt>
<trkpt lat="39.659267" lon="-120.674011"><ele>2167.8</ele><time>2024-07-08T15:14:50Z</time></trkpt>
<trkpt lat="39.659020" lon="-120.674290"><ele>2167.6</ele><time>2024-07-08T15:14:54Z</time></trkpt>
<trkpt lat="39.658982" lon="-120.674473"><ele>2166.6</ele><time>2024-07-08T15:15:02Z</time></trkpt>
<trkpt lat="39.659151" lon="-120.674890"><ele>2164.8</ele><time>2024-07-08T15:15:23Z</time></trkpt>
<trkpt lat="39.659302" lon="-120.675007"><ele>2164.6</ele><time>2024-07-08T15:15:33Z</time></trkpt>
<trkpt lat="39.659399" lon="-120.675234"><ele>2163.2</ele><time>2024-07-08T15:15:45Z</time></trkpt>
<trkpt lat="39.659343" lon="-120.675701"><ele>2160.6</ele><time>2024-07-08T15:16:13Z</time></trkpt>
<trkpt lat="39.659506" lon="-120.675846"><ele>2160.2</ele><time>2024-07-08T15:16:39Z</time></trkpt>
<trkpt lat="39.659495" lon="-120.675765"><ele>2159.6</ele><time>2024-07-08T15:16:47Z</time></trkpt>
<trkpt lat="39.659342" lon="-120.676042"><ele>2158.2</ele><time>2024-07-08T15:16:56Z</time></trkpt>
<trkpt lat="39.659382" lon="-120.676124"><ele>2157.4</ele><time>2024-07-08T15:17:02Z</time></trkpt>
<trkpt lat="39.659913" lon="-120.676204"><ele>2153.0</ele><time>2024-07-08T15:17:43Z</time></trkpt>
<trkpt lat="39.660882" lon="-120.676111"><ele>2149.2</ele><time>2024-07-08T15:18:47Z</time></trkpt>
<trkpt lat="39.660809" lon="-120.676134"><ele>2149.0</ele><time>2024-07-08T15:18:50Z</time></trkpt>
<trkpt lat="39.660720" lon="-120.676342"><ele>2148.8</ele><time>2024-07-08T15:18:51Z</time></trkpt>
<trkpt lat="39.661275" lon="-120.675994"><ele>2146.2</ele><time>2024-07-08T15:20:48Z</time></trkpt>
<trkpt lat="39.661263" lon="-120.676071"><ele>2146.0</ele><time>2024-07-08T15:20:56Z</time></trkpt>
<trkpt lat="39.661187" lon="-120.675958"><ele>2146.0</ele><time>2024-07-08T15:22:29Z</time></trkpt>
<trkpt lat="39.661106" lon="-120.675962"><ele>2146.8</ele><time>2024-07-08T15:22:45Z</time></trkpt>
<trkpt lat="39.661196" lon="-120.675930"><ele>2147.0</ele><time>2024-07-08T15:22:47Z</time></trkpt>
<trkpt lat="39.661185" lon="-120.676012"><ele>2146.6</ele><time>2024-07-08T15:22:53Z</time></trkpt>
<trkpt lat="39.661300" lon="-120.676035"><ele>2147.2</ele><time>2024-07-08T15:25:40Z</time></trkpt>
<trkpt lat="39.661260" lon="-120.675946"><ele>2147.8</ele><time>2024-07-08T15:27:01Z</time></trkpt>
<trkpt lat="39.661192" lon="-120.675999"><ele>2147.6</ele><time>2024-07-08T15:28:11Z</time></trkpt>
<trkpt lat="39.661323" lon="-120.675955"><ele>2147.8</ele><time>2024-07-08T15:28:55Z</time></trkpt>
<trkpt lat="39.661269" lon="-120.675966"><ele>2147.8</ele><time>2024-07-08T15:29:00Z</time></trkpt>
<trkpt lat="39.661289" lon="-120.676029"><ele>2149.6</ele><time>2024-07-08T15:30:37Z</time></trkpt>
<trkpt lat="39.661193" lon="-120.675928"><ele>2150.0</ele><time>2024-07-08T15:30:51Z</time></trkpt>
<trkpt lat="39.661236" lon="-120.675888"><ele>2150.2</ele><time>2024-07-08T15:30:54Z</time></trkpt>
<trkpt lat="39.661320" lon="-120.676122"><ele>2152.8</ele><time>2024-07-08T15:34:49Z</time></trkpt>
<trkpt lat="39.661282" lon="-120.676052"><ele>2153.0</ele><time>2024-07-08T15:34:51Z</time></trkpt>
<trkpt lat="39.661321" lon="-120.676103"><ele>2153.0</ele><time>2024-07-08T15:34:55Z</time></trkpt>
<trkpt lat="39.661438" lon="-120.675916"><ele>2156.4</ele><time>2024-07-08T15:36:49Z</time></trkpt>
<trkpt lat="39.661365" lon="-120.675957"><ele>2157.0</ele><time>2024-07-08T15:36:58Z</time></trkpt>
<trkpt lat="39.661434" lon="-120.676034"><ele>2157.2</ele><time>2024-07-08T15:37:01Z</time></trkpt>
<trkpt lat="39.661163" lon="-120.676119"><ele>2161.0</ele><time>2024-07-08T15:38:50Z</time></trkpt>
<trkpt lat="39.661335" lon="-120.676075"><ele>2161.2</ele><time>2024-07-08T15:39:04Z</time></trkpt>
<trkpt lat="39.661291" lon="-120.676060"><ele>2162.4</ele><time>2024-07-08T15:40:37Z</time></trkpt>
<trkpt lat="39.661331" lon="-120.675962"><ele>2162.8</ele><time>2024-07-08T15:42:01Z</time></trkpt>
<trkpt lat="39.661302" lon="-120.676100"><ele>2163.2</ele><time>2024-07-08T15:43:00Z</time></trkpt>
<trkpt lat="39.661295" lon="-120.675990"><ele>2163.8</ele><time>2024-07-08T15:44:52Z</time></trkpt>
<trkpt lat="39.661320" lon="-120.676044"><ele>2164.4</ele><time>2024-07-08T15:45:35Z</time></trkpt>
<trkpt lat="39.661255" lon="-120.676100"><ele>2165.0</ele><time>2024-07-08T15:46:41Z</time></trkpt>
<trkpt lat="39.661206" lon="-120.675858"><ele>2164.6</ele><time>2024-07-08T15:47:01Z</time></trkpt>
<trkpt lat="39.661302" lon="-120.675990"><ele>2165.8</ele><time>2024-07-08T15:48:31Z</time></trkpt>
<trkpt lat="39.661241" lon="-120.675967"><ele>2165.2</ele><time>2024-07-08T15:48:50Z</time></trkpt>
<trkpt lat="39.661230" lon="-120.676025"><ele>2165.2</ele><time>2024-07-08T15:48:52Z</time></trkpt>
<trkpt lat="39.661313" lon="-120.676170"><ele>2162.8</ele><time>2024-07-08T15:52:48Z</time></trkpt>
<trkpt lat="39.661381" lon="-120.676065"><ele>2162.4</ele><time>2024-07-08T15:52:52Z</time></trkpt>
<trkpt lat="39.661324" lon="-120.676086"><ele>2162.4</ele><time>2024-07-08T15:53:00Z</time></trkpt>
<trkpt lat="39.661282" lon="-120.676012"><ele>2163.4</ele><time>2024-07-08T15:55:00Z</time></trkpt>
<trkpt lat="39.661676" lon="-120.675702"><ele>2166.0</ele><time>2024-07-08T15:57:01Z</time></trkpt>
<trkpt lat="39.662278" lon="-120.674579"><ele>2164.4</ele><time>2024-07-08T15:58:45Z</time></trkpt>
<trkpt lat="39.662413" lon="-120.674848"><ele>2162.6</ele><time>2024-07-08T15:59:03Z</time></trkpt>
<trkpt lat="39.662412" lon="-120.675174"><ele>2163.4</ele><time>2024-07-08T15:59:16Z</time></trkpt>
<trkpt lat="39.662222" lon="-120.676345"><ele>2170.2</ele><time>2024-07-08T16:00:46Z</time></trkpt>
<trkpt lat="39.662592" lon="-120.676678"><ele>2172.4</ele><time>2024-07-08T16:01:32Z</time></trkpt>
<trkpt lat="39.662847" lon="-120.676632"><ele>2174.0</ele><time>2024-07-08T16:01:54Z</time></trkpt>
<trkpt lat="39.663181" lon="-120.677108"><ele>2179.4</ele><time>2024-07-08T16:02:38Z</time></trkpt>
<trkpt lat="39.663443" lon="-120.677049"><ele>2179.8</ele><time>2024-07-08T16:02:51Z</time></trkpt>
<trkpt lat="39.664337" lon="-120.678290"><ele>2183.0</ele><time>2024-07-08T16:04:50Z</time></trkpt>
<trkpt lat="39.664990" lon="-120.679949"><ele>2196.6</ele><time>2024-07-08T16:07:01Z</time></trkpt>
<trkpt lat="39.665183" lon="-120.680720"><ele>2204.8</ele><time>2024-07-08T16:08:08Z</time></trkpt>
<trkpt lat="39.665300" lon="-120.680958"><ele>2207.2</ele><time>2024-07-08T16:08:30Z</time></trkpt>
<trkpt lat="39.665347" lon="-120.681352"><ele>2209.0</ele><time>2024-07-08T16:08:45Z</time></trkpt>
<trkpt lat="39.665426" lon="-120.681523"><ele>2210.2</ele><time>2024-07-08T16:08:58Z</time></trkpt>
<trkpt lat="39.665371" lon="-120.681538"><ele>2210.8</ele><time>2024-07-08T16:09:01Z</time></trkpt>
<trkpt lat="39.665400" lon="-120.681650"><ele>2211.4</ele><time>2024-07-08T16:09:06Z</time></trkpt>
<trkpt lat="39.665720" lon="-120.682308"><ele>2214.2</ele><time>2024-07-08T16:10:12Z</time></trkpt>
<trkpt lat="39.665901" lon="-120.682454"><ele>2216.6</ele><time>2024-07-08T16:10:28Z</time></trkpt>
<trkpt lat="39.666130" lon="-120.682824"><ele>2218.8</ele><time>2024-07-08T16:10:46Z</time></trkpt>
<trkpt lat="39.666215" lon="-120.682856"><ele>2221.0</ele><time>2024-07-08T16:10:58Z</time></trkpt>
<trkpt lat="39.666965" lon="-120.682861"><ele>2227.0</ele><time>2024-07-08T16:12:18Z</time></trkpt>
<trkpt lat="39.667548" lon="-120.682772"><ele>2228.0</ele><time>2024-07-08T16:12:51Z</time></trkpt>
<trkpt lat="39.667502" lon="-120.682840"><ele>2228.0</ele><time>2024-07-08T16:12:53Z</time></trkpt>
<trkpt lat="39.668334" lon="-120.682613"><ele>2234.8</ele><time>2024-07-08T16:14:02Z</time></trkpt>
<trkpt lat="39.668669" lon="-120.682669"><ele>2239.0</ele><time>2024-07-08T16:14:42Z</time></trkpt>
<trkpt lat="39.668919" lon="-120.682794"><ele>2239.8</ele><time>2024-07-08T16:14:52Z</time></trkpt>
<trkpt lat="39.670426" lon="-120.682355"><ele>2234.6</ele><time>2024-07-08T16:16:46Z</time></trkpt>
<trkpt lat="39.670668" lon="-120.682428"><ele>2234.8</ele><time>2024-07-08T16:17:05Z</time></trkpt>
<trkpt lat="39.671878" lon="-120.682344"><ele>2234.2</ele><time>2024-07-08T16:18:48Z</time></trkpt>
<trkpt lat="39.672247" lon="-120.682187"><ele>2234.2</ele><time>2024-07-08T16:19:13Z</time></trkpt>
<trkpt lat="39.672827" lon="-120.682088"><ele>2234.0</ele><time>2024-07-08T16:19:59Z</time></trkpt>
<trkpt lat="39.674088" lon="-120.681973"><ele>2233.8</ele><time>2024-07-08T16:21:38Z</time></trkpt>
<trkpt lat="39.674209" lon="-120.681924"><ele>2233.0</ele><time>2024-07-08T16:21:56Z</time></trkpt>
<trkpt lat="39.674447" lon="-120.681533"><ele>2230.2</ele><time>2024-07-08T16:22:20Z</time></trkpt>
<trkpt lat="39.675334" lon="-120.681051"><ele>2229.2</ele><time>2024-07-08T16:23:40Z</time></trkpt>
<trkpt lat="39.675584" lon="-120.680713"><ele>2229.2</ele><time>2024-07-08T16:24:26Z</time></trkpt>
<trkpt lat="39.675581" lon="-120.680780"><ele>2230.2</ele><time>2024-07-08T16:24:44Z</time></trkpt>
<trkpt lat="39.676248" lon="-120.680830"><ele>2231.4</ele><time>2024-07-08T16:25:36Z</time></trkpt>
<trkpt lat="39.676745" lon="-120.680960"><ele>2235.6</ele><time>2024-07-08T16:26:36Z</time></trkpt>
<trkpt lat="39.676992" lon="-120.680943"><ele>2237.0</ele><time>2024-07-08T16:26:45Z</time></trkpt>
<trkpt lat="39.676963" lon="-120.680874"><ele>2237.0</ele><time>2024-07-08T16:26:47Z</time></trkpt>
<trkpt lat="39.677164" lon="-120.680719"><ele>2239.0</ele><time>2024-07-08T16:27:06Z</time></trkpt>
<trkpt lat="39.677811" lon="-120.680678"><ele>2245.4</ele><time>2024-07-08T16:28:06Z</time></trkpt>
<trkpt lat="39.678158" lon="-120.680941"><ele>2250.4</ele><time>2024-07-08T16:28:45Z</time></trkpt>
<trkpt lat="39.678208" lon="-120.681127"><ele>2251.8</ele><time>2024-07-08T16:28:58Z</time></trkpt>
<trkpt lat="39.678405" lon="-120.681291"><ele>2253.4</ele><time>2024-07-08T16:29:13Z</time></trkpt>
<trkpt lat="39.679227" lon="-120.681820"><ele>2264.6</ele><time>2024-07-08T16:30:46Z</time></trkpt>
<trkpt lat="39.679188" lon="-120.681833"><ele>2265.2</ele><time>2024-07-08T16:30:49Z</time></trkpt>
<trkpt lat="39.679447" lon="-120.682154"><ele>2267.6</ele><time>2024-07-08T16:31:15Z</time></trkpt>
<trkpt lat="39.679323" lon="-120.682493"><ele>2273.8</ele><time>2024-07-08T16:32:01Z</time></trkpt>
<trkpt lat="39.679465" lon="-120.682575"><ele>2277.0</ele><time>2024-07-08T16:32:35Z</time></trkpt>
<trkpt lat="39.679534" lon="-120.682853"><ele>2278.6</ele><time>2024-07-08T16:33:06Z</time></trkpt>
<trkpt lat="39.679744" lon="-120.682820"><ele>2280.6</ele><time>2024-07-08T16:33:41Z</time></trkpt>
<trkpt lat="39.680440" lon="-120.682503"><ele>2279.6</ele><time>2024-07-08T16:34:39Z</time></trkpt>
<trkpt lat="39.680582" lon="-120.682339"><ele>2280.2</ele><time>2024-07-08T16:34:46Z</time></trkpt>
<trkpt lat="39.680882" lon="-120.682368"><ele>2280.4</ele><time>2024-07-08T16:35:06Z</time></trkpt>
<trkpt lat="39.681227" lon="-120.682891"><ele>2279.4</ele><time>2024-07-08T16:36:21Z</time></trkpt>
<trkpt lat="39.681435" lon="-120.683402"><ele>2277.2</ele><time>2024-07-08T16:36:46Z</time></trkpt>
<trkpt lat="39.681439" lon="-120.683730"><ele>2276.4</ele><time>2024-07-08T16:37:06Z</time></trkpt>
<trkpt lat="39.681555" lon="-120.684233"><ele>2273.4</ele><time>2024-07-08T16:38:05Z</time></trkpt>
<trkpt lat="39.681900" lon="-120.684675"><ele>2269.6</ele><time>2024-07-08T16:38:47Z</time></trkpt>
<trkpt lat="39.681781" lon="-120.685076"><ele>2268.6</ele><time>2024-07-08T16:39:09Z</time></trkpt>
<trkpt lat="39.682108" lon="-120.685746"><ele>2263.4</ele><time>2024-07-08T16:39:49Z</time></trkpt>
<trkpt lat="39.682109" lon="-120.686303"><ele>2261.2</ele><time>2024-07-08T16:40:31Z</time></trkpt>
<trkpt lat="39.682243" lon="-120.686533"><ele>2259.2</ele><time>2024-07-08T16:40:48Z</time></trkpt>
<trkpt lat="39.682273" lon="-120.686984"><ele>2254.4</ele><time>2024-07-08T16:41:21Z</time></trkpt>
<trkpt lat="39.682184" lon="-120.686921"><ele>2252.0</ele><time>2024-07-08T16:41:35Z</time></trkpt>
<trkpt lat="39.682129" lon="-120.686727"><ele>2251.0</ele><time>2024-07-08T16:41:49Z</time></trkpt>
<trkpt lat="39.682106" lon="-120.686798"><ele>2249.0</ele><time>2024-07-08T16:41:57Z</time></trkpt>
<trkpt lat="39.682312" lon="-120.687732"><ele>2243.0</ele><time>2024-07-08T16:42:52Z</time></trkpt>
<trkpt lat="39.682181" lon="-120.688274"><ele>2241.0</ele><time>2024-07-08T16:43:33Z</time></trkpt>
<trkpt lat="39.682248" lon="-120.688990"><ele>2237.4</ele><time>2024-07-08T16:44:17Z</time></trkpt>
<trkpt lat="39.682422" lon="-120.689437"><ele>2235.4</ele><time>2024-07-08T16:44:46Z</time></trkpt>
<trkpt lat="39.683208" lon="-120.690357"><ele>2228.2</ele><time>2024-07-08T16:46:01Z</time></trkpt>
<trkpt lat="39.683682" lon="-120.690866"><ele>2229.8</ele><time>2024-07-08T16:46:53Z</time></trkpt>
<trkpt lat="39.683742" lon="-120.690827"><ele>2229.2</ele><time>2024-07-08T16:47:01Z</time></trkpt>
<trkpt lat="39.684205" lon="-120.691030"><ele>2227.6</ele><time>2024-07-08T16:47:35Z</time></trkpt>
<trkpt lat="39.685109" lon="-120.691839"><ele>2230.0</ele><time>2024-07-08T16:49:04Z</time></trkpt>
<trkpt lat="39.686040" lon="-120.692800"><ele>2229.8</ele><time>2024-07-08T16:50:46Z</time></trkpt>
<trkpt lat="39.686360" lon="-120.692948"><ele>2229.2</ele><time>2024-07-08T16:51:04Z</time></trkpt>
<trkpt lat="39.687085" lon="-120.693865"><ele>2231.2</ele><time>2024-07-08T16:52:52Z</time></trkpt>
<trkpt lat="39.687032" lon="-120.693704"><ele>2231.2</ele><time>2024-07-08T16:52:54Z</time></trkpt>
<trkpt lat="39.687182" lon="-120.693862"><ele>2231.2</ele><time>2024-07-08T16:53:07Z</time></trkpt>
<trkpt lat="39.688039" lon="-120.695143"><ele>2234.4</ele><time>2024-07-08T16:54:52Z</time></trkpt>
<trkpt lat="39.688223" lon="-120.695285"><ele>2235.0</ele><time>2024-07-08T16:55:04Z</time></trkpt>
<trkpt lat="39.689333" lon="-120.696743"><ele>2236.8</ele><time>2024-07-08T16:57:02Z</time></trkpt>
<trkpt lat="39.690790" lon="-120.697206"><ele>2239.8</ele><time>2024-07-08T16:58:49Z</time></trkpt>
<trkpt lat="39.690772" lon="-120.697160"><ele>2239.8</ele><time>2024-07-08T16:58:50Z</time></trkpt>
<trkpt lat="39.690938" lon="-120.697111"><ele>2240.0</ele><time>2024-07-08T16:59:03Z</time></trkpt>
<trkpt lat="39.691429" lon="-120.697251"><ele>2241.2</ele><time>2024-07-08T16:59:49Z</time></trkpt>
<trkpt lat="39.692146" lon="-120.697636"><ele>2237.6</ele><time>2024-07-08T17:00:50Z</time></trkpt>
<trkpt lat="39.692207" lon="-120.697892"><ele>2236.8</ele><time>2024-07-08T17:01:04Z</time></trkpt>
<trkpt lat="39.691948" lon="-120.699400"><ele>2230.6</ele><time>2024-07-08T17:02:41Z</time></trkpt>
<trkpt lat="39.691844" lon="-120.699545"><ele>2230.2</ele><time>2024-07-08T17:02:48Z</time></trkpt>
<trkpt lat="39.691861" lon="-120.699619"><ele>2230.0</ele><time>2024-07-08T17:02:50Z</time></trkpt>
<trkpt lat="39.691702" lon="-120.699660"><ele>2229.8</ele><time>2024-07-08T17:03:03Z</time></trkpt>
<trkpt lat="39.691131" lon="-120.700732"><ele>2226.4</ele><time>2024-07-08T17:04:35Z</time></trkpt>
<trkpt lat="39.690943" lon="-120.700981"><ele>2225.8</ele><time>2024-07-08T17:04:46Z</time></trkpt>
<trkpt lat="39.690850" lon="-120.700915"><ele>2225.2</ele><time>2024-07-08T17:05:03Z</time></trkpt>
<trkpt lat="39.690549" lon="-120.701072"><ele>2226.6</ele><time>2024-07-08T17:05:29Z</time></trkpt>
<trkpt lat="39.689460" lon="-120.701178"><ele>2230.6</ele><time>2024-07-08T17:07:00Z</time></trkpt>
<trkpt lat="39.689255" lon="-120.701398"><ele>2235.2</ele><time>2024-07-08T17:07:49Z</time></trkpt>
<trkpt lat="39.689256" lon="-120.701650"><ele>2235.0</ele><time>2024-07-08T17:08:19Z</time></trkpt>
<trkpt lat="39.689659" lon="-120.702073"><ele>2231.6</ele><time>2024-07-08T17:09:04Z</time></trkpt>
<trkpt lat="39.689854" lon="-120.702798"><ele>2227.0</ele><time>2024-07-08T17:09:53Z</time></trkpt>
<trkpt lat="39.690028" lon="-120.703083"><ele>2224.4</ele><time>2024-07-08T17:10:17Z</time></trkpt>
<trkpt lat="39.689986" lon="-120.703626"><ele>2221.0</ele><time>2024-07-08T17:10:47Z</time></trkpt>
<trkpt lat="39.690122" lon="-120.703905"><ele>2221.2</ele><time>2024-07-08T17:10:55Z</time></trkpt>
<trkpt lat="39.690018" lon="-120.704006"><ele>2220.4</ele><time>2024-07-08T17:11:06Z</time></trkpt>
<trkpt lat="39.689969" lon="-120.704300"><ele>2219.2</ele><time>2024-07-08T17:11:15Z</time></trkpt>
<trkpt lat="39.690000" lon="-120.704521"><ele>2219.2</ele><time>2024-07-08T17:11:23Z</time></trkpt>
<trkpt lat="39.689922" lon="-120.704733"><ele>2218.2</ele><time>2024-07-08T17:11:41Z</time></trkpt>
<trkpt lat="39.689983" lon="-120.704947"><ele>2218.0</ele><time>2024-07-08T17:11:53Z</time></trkpt>
<trkpt lat="39.689938" lon="-120.705202"><ele>2219.4</ele><time>2024-07-08T17:12:21Z</time></trkpt>
<trkpt lat="39.690161" lon="-120.705441"><ele>2222.6</ele><time>2024-07-08T17:12:50Z</time></trkpt>
<trkpt lat="39.690486" lon="-120.705359"><ele>2221.6</ele><time>2024-07-08T17:13:11Z</time></trkpt>
<trkpt lat="39.691188" lon="-120.705567"><ele>2217.6</ele><time>2024-07-08T17:14:15Z</time></trkpt>
<trkpt lat="39.691775" lon="-120.705649"><ele>2216.0</ele><time>2024-07-08T17:14:58Z</time></trkpt>
<trkpt lat="39.692627" lon="-120.706182"><ele>2209.0</ele><time>2024-07-08T17:16:11Z</time></trkpt>
<trkpt lat="39.693141" lon="-120.706329"><ele>2203.4</ele><time>2024-07-08T17:16:53Z</time></trkpt>
<trkpt lat="39.693159" lon="-120.706408"><ele>2203.2</ele><time>2024-07-08T17:16:55Z</time></trkpt>
<trkpt lat="39.694229" lon="-120.707006"><ele>2192.4</ele><time>2024-07-08T17:18:15Z</time></trkpt>
<trkpt lat="39.694716" lon="-120.707181"><ele>2188.4</ele><time>2024-07-08T17:18:52Z</time></trkpt>
<trkpt lat="39.695004" lon="-120.706866"><ele>2185.0</ele><time>2024-07-08T17:19:17Z</time></trkpt>
<trkpt lat="39.695196" lon="-120.706514"><ele>2182.8</ele><time>2024-07-08T17:19:45Z</time></trkpt>
<trkpt lat="39.695891" lon="-120.705965"><ele>2172.4</ele><time>2024-07-08T17:20:49Z</time></trkpt>
<trkpt lat="39.696111" lon="-120.706079"><ele>2171.2</ele><time>2024-07-08T17:20:54Z</time></trkpt>
<trkpt lat="39.696115" lon="-120.705974"><ele>2170.0</ele><time>2024-07-08T17:21:02Z</time></trkpt>
<trkpt lat="39.696270" lon="-120.705713"><ele>2169.6</ele><time>2024-07-08T17:21:31Z</time></trkpt>
<trkpt lat="39.696526" lon="-120.705428"><ele>2165.6</ele><time>2024-07-08T17:22:03Z</time></trkpt>
<trkpt lat="39.696762" lon="-120.705497"><ele>2158.8</ele><time>2024-07-08T17:22:39Z</time></trkpt>
<trkpt lat="39.696996" lon="-120.705461"><ele>2153.4</ele><time>2024-07-08T17:24:26Z</time></trkpt>
<trkpt lat="39.696921" lon="-120.705238"><ele>2154.4</ele><time>2024-07-08T17:27:03Z</time></trkpt>
<trkpt lat="39.696830" lon="-120.705593"><ele>2155.4</ele><time>2024-07-08T17:28:52Z</time></trkpt>
<trkpt lat="39.696889" lon="-120.705540"><ele>2155.4</ele><time>2024-07-08T17:28:53Z</time></trkpt>
<trkpt lat="39.696926" lon="-120.705309"><ele>2155.4</ele><time>2024-07-08T17:28:56Z</time></trkpt>
<trkpt lat="39.696975" lon="-120.705292"><ele>2155.2</ele><time>2024-07-08T17:29:07Z</time></trkpt>
<trkpt lat="39.697023" lon="-120.705444"><ele>2154.8</ele><time>2024-07-08T17:30:50Z</time></trkpt>
<trkpt lat="39.696978" lon="-120.705300"><ele>2154.6</ele><time>2024-07-08T17:30:56Z</time></trkpt>
<trkpt lat="39.696922" lon="-120.705306"><ele>2154.8</ele><time>2024-07-08T17:31:03Z</time></trkpt>
<trkpt lat="39.697246" lon="-120.705007"><ele>2155.2</ele><time>2024-07-08T17:32:49Z</time></trkpt>
<trkpt lat="39.696937" lon="-120.705227"><ele>2155.2</ele><time>2024-07-08T17:32:52Z</time></trkpt>
<trkpt lat="39.696921" lon="-120.705293"><ele>2154.4</ele><time>2024-07-08T17:34:40Z</time></trkpt>
<trkpt lat="39.697027" lon="-120.705239"><ele>2154.8</ele><time>2024-07-08T17:34:53Z</time></trkpt>
<trkpt lat="39.696932" lon="-120.705257"><ele>2154.8</ele><time>2024-07-08T17:34:58Z</time></trkpt>
<trkpt lat="39.696972" lon="-120.705315"><ele>2154.6</ele><time>2024-07-08T17:35:07Z</time></trkpt>
<trkpt lat="39.696854" lon="-120.705254"><ele>2155.6</ele><time>2024-07-08T17:38:48Z</time></trkpt>
<trkpt lat="39.696904" lon="-120.705197"><ele>2155.2</ele><time>2024-07-08T17:38:58Z</time></trkpt>
<trkpt lat="39.697133" lon="-120.705277"><ele>2155.8</ele><time>2024-07-08T17:40:48Z</time></trkpt>
<trkpt lat="39.696987" lon="-120.705245"><ele>2155.8</ele><time>2024-07-08T17:40:53Z</time></trkpt>
<trkpt lat="39.696944" lon="-120.705347"><ele>2156.0</ele><time>2024-07-08T17:43:56Z</time></trkpt>
<trkpt lat="39.696935" lon="-120.705268"><ele>2157.6</ele><time>2024-07-08T17:45:18Z</time></trkpt>
<trkpt lat="39.696971" lon="-120.705367"><ele>2157.6</ele><time>2024-07-08T17:45:47Z</time></trkpt>
<trkpt lat="39.696936" lon="-120.705251"><ele>2157.4</ele><time>2024-07-08T17:45:53Z</time></trkpt>
<trkpt lat="39.696976" lon="-120.705214"><ele>2158.4</ele><time>2024-07-08T17:47:41Z</time></trkpt>
<trkpt lat="39.696915" lon="-120.705286"><ele>2158.6</ele><time>2024-07-08T17:48:04Z</time></trkpt>
<trkpt lat="39.697038" lon="-120.705235"><ele>2159.2</ele><time>2024-07-08T17:49:52Z</time></trkpt>
<trkpt lat="39.696930" lon="-120.705320"><ele>2159.8</ele><time>2024-07-08T17:50:05Z</time></trkpt>
<trkpt lat="39.697032" lon="-120.705579"><ele>2159.6</ele><time>2024-07-08T17:51:54Z</time></trkpt>
<trkpt lat="39.696985" lon="-120.706923"><ele>2163.8</ele><time>2024-07-08T17:53:40Z</time></trkpt>
<trkpt lat="39.697050" lon="-120.707179"><ele>2164.4</ele><time>2024-07-08T17:53:47Z</time></trkpt>
<trkpt lat="39.697185" lon="-120.707229"><ele>2165.6</ele><time>2024-07-08T17:54:03Z</time></trkpt>
<trkpt lat="39.697970" lon="-120.708344"><ele>2176.0</ele><time>2024-07-08T17:55:49Z</time></trkpt>
<trkpt lat="39.698147" lon="-120.708001"><ele>2178.0</ele><time>2024-07-08T17:56:08Z</time></trkpt>
<trkpt lat="39.698974" lon="-120.708101"><ele>2180.8</ele><time>2024-07-08T17:57:47Z</time></trkpt>
<trkpt lat="39.699150" lon="-120.708560"><ele>2181.8</ele><time>2024-07-08T17:58:12Z</time></trkpt>
<trkpt lat="39.699187" lon="-120.709106"><ele>2182.8</ele><time>2024-07-08T17:58:42Z</time></trkpt>
<trkpt lat="39.699233" lon="-120.709205"><ele>2185.6</ele><time>2024-07-08T17:59:08Z</time></trkpt>
<trkpt lat="39.699814" lon="-120.709333"><ele>2186.0</ele><time>2024-07-08T18:00:03Z</time></trkpt>
<trkpt lat="39.699703" lon="-120.709756"><ele>2188.4</ele><time>2024-07-08T18:00:31Z</time></trkpt>
<trkpt lat="39.699363" lon="-120.710330"><ele>2195.0</ele><time>2024-07-08T18:01:48Z</time></trkpt>
<trkpt lat="39.699362" lon="-120.710545"><ele>2195.4</ele><time>2024-07-08T18:01:58Z</time></trkpt>
<trkpt lat="39.699303" lon="-120.710636"><ele>2196.4</ele><time>2024-07-08T18:02:08Z</time></trkpt>
<trkpt lat="39.699490" lon="-120.711014"><ele>2199.4</ele><time>2024-07-08T18:02:27Z</time></trkpt>
<trkpt lat="39.700022" lon="-120.711484"><ele>2200.8</ele><time>2024-07-08T18:03:47Z</time></trkpt>
<trkpt lat="39.700189" lon="-120.711714"><ele>2201.0</ele><time>2024-07-08T18:03:52Z</time></trkpt>
<trkpt lat="39.700134" lon="-120.711749"><ele>2201.0</ele><time>2024-07-08T18:03:53Z</time></trkpt>
<trkpt lat="39.700334" lon="-120.711819"><ele>2201.4</ele><time>2024-07-08T18:04:07Z</time></trkpt>
<trkpt lat="39.701095" lon="-120.713229"><ele>2208.6</ele><time>2024-07-08T18:05:55Z</time></trkpt>
<trkpt lat="39.701206" lon="-120.713317"><ele>2209.4</ele><time>2024-07-08T18:06:05Z</time></trkpt>
<trkpt lat="39.701690" lon="-120.713316"><ele>2208.8</ele><time>2024-07-08T18:06:27Z</time></trkpt>
<trkpt lat="39.701983" lon="-120.713272"><ele>2215.2</ele><time>2024-07-08T18:07:25Z</time></trkpt>
<trkpt lat="39.702287" lon="-120.713111"><ele>2218.2</ele><time>2024-07-08T18:07:50Z</time></trkpt>
<trkpt lat="39.702454" lon="-120.713116"><ele>2219.4</ele><time>2024-07-08T18:08:07Z</time></trkpt>
<trkpt lat="39.702714" lon="-120.713347"><ele>2222.8</ele><time>2024-07-08T18:08:42Z</time></trkpt>
<trkpt lat="39.703107" lon="-120.714017"><ele>2229.2</ele><time>2024-07-08T18:09:50Z</time></trkpt>
<trkpt lat="39.703679" lon="-120.714596"><ele>2234.0</ele><time>2024-07-08T18:11:10Z</time></trkpt>
<trkpt lat="39.704073" lon="-120.714742"><ele>2235.6</ele><time>2024-07-08T18:11:38Z</time></trkpt>
<trkpt lat="39.704373" lon="-120.714971"><ele>2236.0</ele><time>2024-07-08T18:11:47Z</time></trkpt>
<trkpt lat="39.704465" lon="-120.714903"><ele>2236.4</ele><time>2024-07-08T18:11:55Z</time></trkpt>
<trkpt lat="39.705328" lon="-120.714771"><ele>2233.4</ele><time>2024-07-08T18:13:19Z</time></trkpt>
<trkpt lat="39.705752" lon="-120.715033"><ele>2231.4</ele><time>2024-07-08T18:13:49Z</time></trkpt>
<trkpt lat="39.705981" lon="-120.715068"><ele>2231.0</ele><time>2024-07-08T18:13:59Z</time></trkpt>
<trkpt lat="39.706013" lon="-120.715169"><ele>2230.8</ele><time>2024-07-08T18:14:07Z</time></trkpt>
<trkpt lat="39.705960" lon="-120.715430"><ele>2232.2</ele><time>2024-07-08T18:14:27Z</time></trkpt>
<trkpt lat="39.705665" lon="-120.716155"><ele>2233.8</ele><time>2024-07-08T18:15:43Z</time></trkpt>
<trkpt lat="39.705661" lon="-120.716418"><ele>2233.6</ele><time>2024-07-08T18:15:53Z</time></trkpt>
<trkpt lat="39.706033" lon="-120.717329"><ele>2230.4</ele><time>2024-07-08T18:16:59Z</time></trkpt>
<trkpt lat="39.706051" lon="-120.717596"><ele>2228.2</ele><time>2024-07-08T18:17:13Z</time></trkpt>
<trkpt lat="39.706260" lon="-120.717971"><ele>2225.8</ele><time>2024-07-08T18:17:39Z</time></trkpt>
<trkpt lat="39.706423" lon="-120.718446"><ele>2223.0</ele><time>2024-07-08T18:18:02Z</time></trkpt>
<trkpt lat="39.706479" lon="-120.719467"><ele>2216.6</ele><time>2024-07-08T18:19:13Z</time></trkpt>
<trkpt lat="39.706877" lon="-120.720150"><ele>2211.2</ele><time>2024-07-08T18:19:56Z</time></trkpt>
<trkpt lat="39.706930" lon="-120.720390"><ele>2207.8</ele><time>2024-07-08T18:20:09Z</time></trkpt>
<trkpt lat="39.707151" lon="-120.720696"><ele>2205.6</ele><time>2024-07-08T18:20:31Z</time></trkpt>
<trkpt lat="39.707623" lon="-120.721093"><ele>2199.2</ele><time>2024-07-08T18:21:15Z</time></trkpt>
<trkpt lat="39.707898" lon="-120.722268"><ele>2187.6</ele><time>2024-07-08T18:22:23Z</time></trkpt>
<trkpt lat="39.708028" lon="-120.722384"><ele>2185.4</ele><time>2024-07-08T18:22:37Z</time></trkpt>
<trkpt lat="39.708020" lon="-120.722482"><ele>2184.2</ele><time>2024-07-08T18:22:43Z</time></trkpt>
<trkpt lat="39.707857" lon="-120.722596"><ele>2182.4</ele><time>2024-07-08T18:22:57Z</time></trkpt>
<trkpt lat="39.707630" lon="-120.722369"><ele>2179.6</ele><time>2024-07-08T18:23:19Z</time></trkpt>
<trkpt lat="39.707574" lon="-120.722380"><ele>2179.6</ele><time>2024-07-08T18:23:27Z</time></trkpt>
<trkpt lat="39.707600" lon="-120.722800"><ele>2173.6</ele><time>2024-07-08T18:23:52Z</time></trkpt>
<trkpt lat="39.707536" lon="-120.723057"><ele>2170.8</ele><time>2024-07-08T18:24:08Z</time></trkpt>
<trkpt lat="39.707549" lon="-120.723313"><ele>2168.2</ele><time>2024-07-08T18:24:21Z</time></trkpt>
<trkpt lat="39.707666" lon="-120.723731"><ele>2163.8</ele><time>2024-07-08T18:24:47Z</time></trkpt>
<trkpt lat="39.707329" lon="-120.724696"><ele>2155.2</ele><time>2024-07-08T18:25:50Z</time></trkpt>
<trkpt lat="39.706916" lon="-120.725199"><ele>2151.0</ele><time>2024-07-08T18:26:21Z</time></trkpt>
<trkpt lat="39.706605" lon="-120.725313"><ele>2148.2</ele><time>2024-07-08T18:26:45Z</time></trkpt>
<trkpt lat="39.706533" lon="-120.725801"><ele>2144.4</ele><time>2024-07-08T18:27:15Z</time></trkpt>
<trkpt lat="39.706243" lon="-120.726049"><ele>2140.2</ele><time>2024-07-08T18:27:48Z</time></trkpt>
<trkpt lat="39.706133" lon="-120.726202"><ele>2138.6</ele><time>2024-07-08T18:28:05Z</time></trkpt>
<trkpt lat="39.706079" lon="-120.726429"><ele>2135.8</ele><time>2024-07-08T18:28:25Z</time></trkpt>
<trkpt lat="39.705929" lon="-120.726534"><ele>2133.4</ele><time>2024-07-08T18:28:43Z</time></trkpt>
<trkpt lat="39.705618" lon="-120.727026"><ele>2130.8</ele><time>2024-07-08T18:29:31Z</time></trkpt>
<trkpt lat="39.705538" lon="-120.727489"><ele>2129.4</ele><time>2024-07-08T18:29:51Z</time></trkpt>
<trkpt lat="39.706330" lon="-120.729082"><ele>2123.8</ele><time>2024-07-08T18:31:47Z</time></trkpt>
<trkpt lat="39.706418" lon="-120.729799"><ele>2120.8</ele><time>2024-07-08T18:32:31Z</time></trkpt>
<trkpt lat="39.706247" lon="-120.730444"><ele>2116.4</ele><time>2024-07-08T18:33:07Z</time></trkpt>
<trkpt lat="39.706330" lon="-120.731192"><ele>2111.0</ele><time>2024-07-08T18:33:52Z</time></trkpt>
<trkpt lat="39.706223" lon="-120.731269"><ele>2110.6</ele><time>2024-07-08T18:33:55Z</time></trkpt>
<trkpt lat="39.706289" lon="-120.731290"><ele>2110.6</ele><time>2024-07-08T18:33:56Z</time></trkpt>
<trkpt lat="39.706222" lon="-120.731379"><ele>2109.6</ele><time>2024-07-08T18:34:06Z</time></trkpt>
<trkpt lat="39.706227" lon="-120.732369"><ele>2106.0</ele><time>2024-07-08T18:35:07Z</time></trkpt>
<trkpt lat="39.706142" lon="-120.732945"><ele>2100.2</ele><time>2024-07-08T18:35:43Z</time></trkpt>
<trkpt lat="39.706033" lon="-120.733200"><ele>2099.4</ele><time>2024-07-08T18:35:52Z</time></trkpt>
<trkpt lat="39.705892" lon="-120.734491"><ele>2093.2</ele><time>2024-07-08T18:37:10Z</time></trkpt>
<trkpt lat="39.705917" lon="-120.735158"><ele>2093.0</ele><time>2024-07-08T18:37:49Z</time></trkpt>
<trkpt lat="39.705844" lon="-120.735221"><ele>2093.0</ele><time>2024-07-08T18:37:50Z</time></trkpt>
<trkpt lat="39.706149" lon="-120.735808"><ele>2091.8</ele><time>2024-07-08T18:38:22Z</time></trkpt>
<trkpt lat="39.706270" lon="-120.735866"><ele>2090.6</ele><time>2024-07-08T18:38:30Z</time></trkpt>
<trkpt lat="39.706457" lon="-120.736124"><ele>2087.4</ele><time>2024-07-08T18:39:06Z</time></trkpt>
<trkpt lat="39.706632" lon="-120.736842"><ele>2083.0</ele><time>2024-07-08T18:39:49Z</time></trkpt>
<trkpt lat="39.706611" lon="-120.736932"><ele>2082.4</ele><time>2024-07-08T18:39:52Z</time></trkpt>
<trkpt lat="39.706642" lon="-120.736874"><ele>2082.4</ele><time>2024-07-08T18:39:54Z</time></trkpt>
<trkpt lat="39.706928" lon="-120.737691"><ele>2077.0</ele><time>2024-07-08T18:40:38Z</time></trkpt>
<trkpt lat="39.707253" lon="-120.737757"><ele>2073.8</ele><time>2024-07-08T18:41:08Z</time></trkpt>
<trkpt lat="39.707514" lon="-120.738383"><ele>2068.2</ele><time>2024-07-08T18:41:54Z</time></trkpt>
<trkpt lat="39.707665" lon="-120.738520"><ele>2066.0</ele><time>2024-07-08T18:42:10Z</time></trkpt>
<trkpt lat="39.707450" lon="-120.738590"><ele>2062.6</ele><time>2024-07-08T18:42:42Z</time></trkpt>
<trkpt lat="39.707340" lon="-120.738385"><ele>2061.4</ele><time>2024-07-08T18:42:56Z</time></trkpt>
<trkpt lat="39.707360" lon="-120.738429"><ele>2061.0</ele><time>2024-07-08T18:42:58Z</time></trkpt>
<trkpt lat="39.707128" lon="-120.738451"><ele>2059.4</ele><time>2024-07-08T18:43:14Z</time></trkpt>
<trkpt lat="39.707221" lon="-120.738607"><ele>2056.8</ele><time>2024-07-08T18:43:31Z</time></trkpt>
<trkpt lat="39.707457" lon="-120.738632"><ele>2056.0</ele><time>2024-07-08T18:43:58Z</time></trkpt>
<trkpt lat="39.707783" lon="-120.738897"><ele>2053.0</ele><time>2024-07-08T18:44:34Z</time></trkpt>
<trkpt lat="39.707891" lon="-120.738902"><ele>2051.6</ele><time>2024-07-08T18:44:44Z</time></trkpt>
<trkpt lat="39.708243" lon="-120.738675"><ele>2048.4</ele><time>2024-07-08T18:45:14Z</time></trkpt>
<trkpt lat="39.708548" lon="-120.738755"><ele>2046.8</ele><time>2024-07-08T18:45:34Z</time></trkpt>
<trkpt lat="39.708851" lon="-120.738599"><ele>2044.4</ele><time>2024-07-08T18:46:00Z</time></trkpt>
<trkpt lat="39.709137" lon="-120.738963"><ele>2043.4</ele><time>2024-07-08T18:46:28Z</time></trkpt>
<trkpt lat="39.709706" lon="-120.739307"><ele>2041.8</ele><time>2024-07-08T18:47:21Z</time></trkpt>
<trkpt lat="39.709785" lon="-120.739256"><ele>2041.2</ele><time>2024-07-08T18:47:27Z</time></trkpt>
<trkpt lat="39.709957" lon="-120.739299"><ele>2040.2</ele><time>2024-07-08T18:47:40Z</time></trkpt>
<trkpt lat="39.710007" lon="-120.739166"><ele>2041.4</ele><time>2024-07-08T18:47:58Z</time></trkpt>
<trkpt lat="39.710130" lon="-120.739254"><ele>2038.6</ele><time>2024-07-08T18:48:14Z</time></trkpt>
<trkpt lat="39.710938" lon="-120.739450"><ele>2032.0</ele><time>2024-07-08T18:49:42Z</time></trkpt>
<trkpt lat="39.711276" lon="-120.739709"><ele>2029.2</ele><time>2024-07-08T18:50:04Z</time></trkpt>
<trkpt lat="39.711326" lon="-120.740341"><ele>2029.6</ele><time>2024-07-08T18:50:32Z</time></trkpt>
<trkpt lat="39.711105" lon="-120.740660"><ele>2033.6</ele><time>2024-07-08T18:51:12Z</time></trkpt>
<trkpt lat="39.710980" lon="-120.740985"><ele>2035.4</ele><time>2024-07-08T18:51:53Z</time></trkpt>
<trkpt lat="39.710994" lon="-120.741933"><ele>2041.2</ele><time>2024-07-08T18:53:08Z</time></trkpt>
<trkpt lat="39.711059" lon="-120.742777"><ele>2039.6</ele><time>2024-07-08T18:53:54Z</time></trkpt>
<trkpt lat="39.711411" lon="-120.743819"><ele>2036.6</ele><time>2024-07-08T18:55:00Z</time></trkpt>
<trkpt lat="39.711503" lon="-120.744322"><ele>2035.0</ele><time>2024-07-08T18:55:34Z</time></trkpt>
<trkpt lat="39.711596" lon="-120.744582"><ele>2033.4</ele><time>2024-07-08T18:55:51Z</time></trkpt>
<trkpt lat="39.711706" lon="-120.744700"><ele>2032.6</ele><time>2024-07-08T18:55:58Z</time></trkpt>
<trkpt lat="39.711709" lon="-120.744867"><ele>2031.2</ele><time>2024-07-08T18:56:09Z</time></trkpt>
<trkpt lat="39.712154" lon="-120.745068"><ele>2030.2</ele><time>2024-07-08T18:56:56Z</time></trkpt>
<trkpt lat="39.712398" lon="-120.745046"><ele>2027.6</ele><time>2024-07-08T18:57:18Z</time></trkpt>
<trkpt lat="39.712974" lon="-120.744744"><ele>2024.2</ele><time>2024-07-08T18:58:11Z</time></trkpt>
<trkpt lat="39.713326" lon="-120.744718"><ele>2023.2</ele><time>2024-07-08T18:58:43Z</time></trkpt>
<trkpt lat="39.713662" lon="-120.744834"><ele>2018.8</ele><time>2024-07-08T18:59:11Z</time></trkpt>
<trkpt lat="39.714183" lon="-120.745142"><ele>2015.4</ele><time>2024-07-08T19:00:02Z</time></trkpt>
<trkpt lat="39.714273" lon="-120.745087"><ele>2015.2</ele><time>2024-07-08T19:00:06Z</time></trkpt>
<trkpt lat="39.714756" lon="-120.745237"><ele>2011.0</ele><time>2024-07-08T19:00:46Z</time></trkpt>
<trkpt lat="39.714958" lon="-120.745125"><ele>2010.0</ele><time>2024-07-08T19:01:12Z</time></trkpt>
<trkpt lat="39.715062" lon="-120.745167"><ele>2008.8</ele><time>2024-07-08T19:01:34Z</time></trkpt>
<trkpt lat="39.715053" lon="-120.745045"><ele>2009.6</ele><time>2024-07-08T19:01:50Z</time></trkpt>
<trkpt lat="39.715110" lon="-120.745079"><ele>2009.6</ele><time>2024-07-08T19:01:52Z</time></trkpt>
<trkpt lat="39.715079" lon="-120.745201"><ele>2009.4</ele><time>2024-07-08T19:01:55Z</time></trkpt>
<trkpt lat="39.715057" lon="-120.745149"><ele>2009.6</ele><time>2024-07-08T19:01:58Z</time></trkpt>
<trkpt lat="39.715105" lon="-120.745168"><ele>2011.0</ele><time>2024-07-08T19:03:14Z</time></trkpt>
<trkpt lat="39.715015" lon="-120.745066"><ele>2010.0</ele><time>2024-07-08T19:03:57Z</time></trkpt>
<trkpt lat="39.715047" lon="-120.745126"><ele>2010.0</ele><time>2024-07-08T19:03:58Z</time></trkpt>
<trkpt lat="39.715020" lon="-120.745092"><ele>2009.6</ele><time>2024-07-08T19:04:02Z</time></trkpt>
<trkpt lat="39.714941" lon="-120.745290"><ele>2011.6</ele><time>2024-07-08T19:05:54Z</time></trkpt>
<trkpt lat="39.715070" lon="-120.745156"><ele>2011.2</ele><time>2024-07-08T19:05:59Z</time></trkpt>
<trkpt lat="39.714865" lon="-120.745388"><ele>2007.6</ele><time>2024-07-08T19:07:12Z</time></trkpt>
<trkpt lat="39.715047" lon="-120.745155"><ele>2012.6</ele><time>2024-07-08T19:08:10Z</time></trkpt>
<trkpt lat="39.715248" lon="-120.745419"><ele>2012.8</ele><time>2024-07-08T19:10:01Z</time></trkpt>
<trkpt lat="39.715013" lon="-120.745113"><ele>2015.2</ele><time>2024-07-08T19:11:55Z</time></trkpt>
<trkpt lat="39.715137" lon="-120.745200"><ele>2016.6</ele><time>2024-07-08T19:13:58Z</time></trkpt>
<trkpt lat="39.715070" lon="-120.745099"><ele>2016.4</ele><time>2024-07-08T19:15:25Z</time></trkpt>
<trkpt lat="39.715033" lon="-120.745102"><ele>2016.4</ele><time>2024-07-08T19:15:53Z</time></trkpt>
<trkpt lat="39.715058" lon="-120.745211"><ele>2016.0</ele><time>2024-07-08T19:17:31Z</time></trkpt>
<trkpt lat="39.715117" lon="-120.745254"><ele>2015.4</ele><time>2024-07-08T19:18:06Z</time></trkpt>
<trkpt lat="39.715026" lon="-120.745386"><ele>2016.8</ele><time>2024-07-08T19:20:00Z</time></trkpt>
<trkpt lat="39.715125" lon="-120.745241"><ele>2016.4</ele><time>2024-07-08T19:20:10Z</time></trkpt>
<trkpt lat="39.714998" lon="-120.745088"><ele>2017.0</ele><time>2024-07-08T19:24:06Z</time></trkpt>
<trkpt lat="39.715221" lon="-120.745249"><ele>2019.2</ele><time>2024-07-08T19:28:00Z</time></trkpt>
<trkpt lat="39.714987" lon="-120.745058"><ele>2021.4</ele><time>2024-07-08T19:30:05Z</time></trkpt>
<trkpt lat="39.715212" lon="-120.745278"><ele>2020.8</ele><time>2024-07-08T19:32:04Z</time></trkpt>
<trkpt lat="39.715160" lon="-120.745256"><ele>2021.4</ele><time>2024-07-08T19:33:31Z</time></trkpt>
<trkpt lat="39.715112" lon="-120.745176"><ele>2022.0</ele><time>2024-07-08T19:34:06Z</time></trkpt>
<trkpt lat="39.715258" lon="-120.745276"><ele>2021.4</ele><time>2024-07-08T19:35:56Z</time></trkpt>
<trkpt lat="39.714990" lon="-120.745129"><ele>2021.2</ele><time>2024-07-08T19:36:08Z</time></trkpt>
<trkpt lat="39.715087" lon="-120.745180"><ele>2020.4</ele><time>2024-07-08T19:38:02Z</time></trkpt>
<trkpt lat="39.714848" lon="-120.746682"><ele>2024.0</ele><time>2024-07-08T19:39:56Z</time></trkpt>
<trkpt lat="39.714800" lon="-120.746708"><ele>2024.0</ele><time>2024-07-08T19:39:59Z</time></trkpt>
<trkpt lat="39.714734" lon="-120.748644"><ele>2022.4</ele><time>2024-07-08T19:41:52Z</time></trkpt>
<trkpt lat="39.715259" lon="-120.749134"><ele>2022.4</ele><time>2024-07-08T19:42:53Z</time></trkpt>
<trkpt lat="39.715531" lon="-120.749659"><ele>2024.6</ele><time>2024-07-08T19:43:31Z</time></trkpt>
<trkpt lat="39.715773" lon="-120.749910"><ele>2026.4</ele><time>2024-07-08T19:43:53Z</time></trkpt>
<trkpt lat="39.716144" lon="-120.750233"><ele>2034.2</ele><time>2024-07-08T19:44:57Z</time></trkpt>
<trkpt lat="39.716359" lon="-120.750325"><ele>2038.8</ele><time>2024-07-08T19:45:31Z</time></trkpt>
<trkpt lat="39.716627" lon="-120.750865"><ele>2042.0</ele><time>2024-07-08T19:46:00Z</time></trkpt>
<trkpt lat="39.716606" lon="-120.751342"><ele>2045.6</ele><time>2024-07-08T19:46:36Z</time></trkpt>
<trkpt lat="39.716536" lon="-120.751601"><ele>2048.0</ele><time>2024-07-08T19:47:02Z</time></trkpt>
<trkpt lat="39.716227" lon="-120.751988"><ele>2053.0</ele><time>2024-07-08T19:47:59Z</time></trkpt>
<trkpt lat="39.716179" lon="-120.752431"><ele>2060.0</ele><time>2024-07-08T19:49:02Z</time></trkpt>
<trkpt lat="39.716202" lon="-120.752630"><ele>2062.2</ele><time>2024-07-08T19:49:22Z</time></trkpt>
<trkpt lat="39.716346" lon="-120.752870"><ele>2063.0</ele><time>2024-07-08T19:49:38Z</time></trkpt>
<trkpt lat="39.716373" lon="-120.753025"><ele>2064.8</ele><time>2024-07-08T19:49:55Z</time></trkpt>
<trkpt lat="39.716592" lon="-120.753303"><ele>2067.2</ele><time>2024-07-08T19:50:15Z</time></trkpt>
<trkpt lat="39.716649" lon="-120.753751"><ele>2071.4</ele><time>2024-07-08T19:50:59Z</time></trkpt>
<trkpt lat="39.716743" lon="-120.753879"><ele>2074.4</ele><time>2024-07-08T19:51:21Z</time></trkpt>
<trkpt lat="39.716781" lon="-120.754474"><ele>2080.8</ele><time>2024-07-08T19:52:01Z</time></trkpt>
<trkpt lat="39.716703" lon="-120.755030"><ele>2083.8</ele><time>2024-07-08T19:52:37Z</time></trkpt>
<trkpt lat="39.716842" lon="-120.755408"><ele>2087.2</ele><time>2024-07-08T19:53:17Z</time></trkpt>
<trkpt lat="39.717123" lon="-120.755902"><ele>2090.4</ele><time>2024-07-08T19:53:55Z</time></trkpt>
<trkpt lat="39.717551" lon="-120.756205"><ele>2092.2</ele><time>2024-07-08T19:54:38Z</time></trkpt>
<trkpt lat="39.717684" lon="-120.756531"><ele>2094.6</ele><time>2024-07-08T19:54:58Z</time></trkpt>
<trkpt lat="39.717863" lon="-120.756566"><ele>2097.0</ele><time>2024-07-08T19:55:18Z</time></trkpt>
<trkpt lat="39.718039" lon="-120.756714"><ele>2098.0</ele><time>2024-07-08T19:55:40Z</time></trkpt>
<trkpt lat="39.718133" lon="-120.757012"><ele>2100.2</ele><time>2024-07-08T19:56:02Z</time></trkpt>
<trkpt lat="39.718169" lon="-120.757750"><ele>2105.8</ele><time>2024-07-08T19:56:46Z</time></trkpt>
<trkpt lat="39.718359" lon="-120.758332"><ele>2110.8</ele><time>2024-07-08T19:57:46Z</time></trkpt>
<trkpt lat="39.718327" lon="-120.758469"><ele>2111.8</ele><time>2024-07-08T19:57:54Z</time></trkpt>
<trkpt lat="39.717514" lon="-120.758878"><ele>2123.8</ele><time>2024-07-08T19:59:36Z</time></trkpt>
<trkpt lat="39.717332" lon="-120.759110"><ele>2125.0</ele><time>2024-07-08T19:59:58Z</time></trkpt>
<trkpt lat="39.717196" lon="-120.759059"><ele>2126.0</ele><time>2024-07-08T20:00:07Z</time></trkpt>
<trkpt lat="39.717257" lon="-120.760411"><ele>2136.0</ele><time>2024-07-08T20:01:55Z</time></trkpt>
<trkpt lat="39.717203" lon="-120.761563"><ele>2144.0</ele><time>2024-07-08T20:03:16Z</time></trkpt>
<trkpt lat="39.717096" lon="-120.762294"><ele>2147.8</ele><time>2024-07-08T20:03:51Z</time></trkpt>
<trkpt lat="39.716847" lon="-120.762473"><ele>2149.4</ele><time>2024-07-08T20:04:09Z</time></trkpt>
<trkpt lat="39.716372" lon="-120.763390"><ele>2158.2</ele><time>2024-07-08T20:05:36Z</time></trkpt>
<trkpt lat="39.716240" lon="-120.763800"><ele>2160.2</ele><time>2024-07-08T20:05:56Z</time></trkpt>
<trkpt lat="39.716311" lon="-120.764270"><ele>2164.8</ele><time>2024-07-08T20:06:24Z</time></trkpt>
<trkpt lat="39.716337" lon="-120.765676"><ele>2174.8</ele><time>2024-07-08T20:07:57Z</time></trkpt>
<trkpt lat="39.716408" lon="-120.765715"><ele>2175.4</ele><time>2024-07-08T20:08:00Z</time></trkpt>
<trkpt lat="39.716441" lon="-120.765663"><ele>2175.6</ele><time>2024-07-08T20:08:02Z</time></trkpt>
<trkpt lat="39.716307" lon="-120.767618"><ele>2188.2</ele><time>2024-07-08T20:09:59Z</time></trkpt>
<trkpt lat="39.716263" lon="-120.767622"><ele>2188.6</ele><time>2024-07-08T20:10:01Z</time></trkpt>
<trkpt lat="39.716250" lon="-120.767833"><ele>2190.4</ele><time>2024-07-08T20:10:09Z</time></trkpt>
<trkpt lat="39.716234" lon="-120.767797"><ele>2193.0</ele><time>2024-07-08T20:10:23Z</time></trkpt>
<trkpt lat="39.716555" lon="-120.767779"><ele>2197.2</ele><time>2024-07-08T20:10:51Z</time></trkpt>
<trkpt lat="39.716507" lon="-120.767695"><ele>2197.6</ele><time>2024-07-08T20:10:54Z</time></trkpt>
<trkpt lat="39.716541" lon="-120.767558"><ele>2200.0</ele><time>2024-07-08T20:11:07Z</time></trkpt>
<trkpt lat="39.717346" lon="-120.766156"><ele>2213.6</ele><time>2024-07-08T20:12:58Z</time></trkpt>
<trkpt lat="39.717424" lon="-120.766181"><ele>2214.2</ele><time>2024-07-08T20:13:01Z</time></trkpt>
<trkpt lat="39.717348" lon="-120.765999"><ele>2215.2</ele><time>2024-07-08T20:13:10Z</time></trkpt>
<trkpt lat="39.717368" lon="-120.765775"><ele>2216.0</ele><time>2024-07-08T20:13:17Z</time></trkpt>
<trkpt lat="39.717347" lon="-120.765842"><ele>2216.6</ele><time>2024-07-08T20:13:21Z</time></trkpt>
<trkpt lat="39.717454" lon="-120.765740"><ele>2220.8</ele><time>2024-07-08T20:13:46Z</time></trkpt>
<trkpt lat="39.717411" lon="-120.765808"><ele>2221.8</ele><time>2024-07-08T20:13:52Z</time></trkpt>
<trkpt lat="39.717527" lon="-120.766140"><ele>2225.4</ele><time>2024-07-08T20:14:12Z</time></trkpt>
<trkpt lat="39.717702" lon="-120.767127"><ele>2234.0</ele><time>2024-07-08T20:15:22Z</time></trkpt>
<trkpt lat="39.717710" lon="-120.767804"><ele>2233.2</ele><time>2024-07-08T20:15:48Z</time></trkpt>
<trkpt lat="39.717603" lon="-120.768059"><ele>2233.4</ele><time>2024-07-08T20:15:52Z</time></trkpt>
<trkpt lat="39.717843" lon="-120.767700"><ele>2233.6</ele><time>2024-07-08T20:15:54Z</time></trkpt>
<trkpt lat="39.718135" lon="-120.767430"><ele>2234.2</ele><time>2024-07-08T20:16:00Z</time></trkpt>
<trkpt lat="39.718161" lon="-120.767657"><ele>2234.4</ele><time>2024-07-08T20:16:20Z</time></trkpt>
<trkpt lat="39.718261" lon="-120.767790"><ele>2235.8</ele><time>2024-07-08T20:16:50Z</time></trkpt>
<trkpt lat="39.718194" lon="-120.767855"><ele>2235.6</ele><time>2024-07-08T20:16:58Z</time></trkpt>
<trkpt lat="39.718051" lon="-120.767623"><ele>2238.4</ele><time>2024-07-08T20:18:53Z</time></trkpt>
<trkpt lat="39.718193" lon="-120.767743"><ele>2238.8</ele><time>2024-07-08T20:19:12Z</time></trkpt>
<trkpt lat="39.718106" lon="-120.767682"><ele>2240.2</ele><time>2024-07-08T20:20:59Z</time></trkpt>
<trkpt lat="39.718159" lon="-120.767602"><ele>2240.2</ele><time>2024-07-08T20:21:05Z</time></trkpt>
<trkpt lat="39.718154" lon="-120.767865"><ele>2242.0</ele><time>2024-07-08T20:22:59Z</time></trkpt>
<trkpt lat="39.718101" lon="-120.767808"><ele>2242.4</ele><time>2024-07-08T20:23:48Z</time></trkpt>
<trkpt lat="39.718003" lon="-120.768007"><ele>2243.0</ele><time>2024-07-08T20:25:06Z</time></trkpt>
<trkpt lat="39.718095" lon="-120.767733"><ele>2242.8</ele><time>2024-07-08T20:25:07Z</time></trkpt>
<trkpt lat="39.718296" lon="-120.767562"><ele>2242.4</ele><time>2024-07-08T20:26:55Z</time></trkpt>
<trkpt lat="39.718190" lon="-120.767583"><ele>2242.4</ele><time>2024-07-08T20:26:56Z</time></trkpt>
<trkpt lat="39.718106" lon="-120.767744"><ele>2242.4</ele><time>2024-07-08T20:27:03Z</time></trkpt>
<trkpt lat="39.718170" lon="-120.767736"><ele>2242.4</ele><time>2024-07-08T20:27:10Z</time></trkpt>
<trkpt lat="39.718153" lon="-120.767893"><ele>2242.2</ele><time>2024-07-08T20:28:55Z</time></trkpt>
<trkpt lat="39.718194" lon="-120.767871"><ele>2242.2</ele><time>2024-07-08T20:28:56Z</time></trkpt>
<trkpt lat="39.718152" lon="-120.767732"><ele>2241.6</ele><time>2024-07-08T20:29:11Z</time></trkpt>
<trkpt lat="39.718070" lon="-120.767673"><ele>2242.6</ele><time>2024-07-08T20:30:58Z</time></trkpt>
<trkpt lat="39.718205" lon="-120.767785"><ele>2243.4</ele><time>2024-07-08T20:33:00Z</time></trkpt>
<trkpt lat="39.718169" lon="-120.767723"><ele>2243.2</ele><time>2024-07-08T20:33:12Z</time></trkpt>
<trkpt lat="39.718111" lon="-120.768042"><ele>2243.2</ele><time>2024-07-08T20:35:06Z</time></trkpt>
<trkpt lat="39.718309" lon="-120.768650"><ele>2252.4</ele><time>2024-07-08T20:36:19Z</time></trkpt>
<trkpt lat="39.718638" lon="-120.769381"><ele>2251.4</ele><time>2024-07-08T20:36:56Z</time></trkpt>
<trkpt lat="39.718641" lon="-120.769490"><ele>2252.4</ele><time>2024-07-08T20:37:04Z</time></trkpt>
<trkpt lat="39.720128" lon="-120.770140"><ele>2248.8</ele><time>2024-07-08T20:38:56Z</time></trkpt>
<trkpt lat="39.720096" lon="-120.770370"><ele>2246.6</ele><time>2024-07-08T20:39:11Z</time></trkpt>
<trkpt lat="39.719857" lon="-120.770477"><ele>2242.2</ele><time>2024-07-08T20:39:25Z</time></trkpt>
<trkpt lat="39.719593" lon="-120.770747"><ele>2235.8</ele><time>2024-07-08T20:39:59Z</time></trkpt>
<trkpt lat="39.719075" lon="-120.771076"><ele>2227.6</ele><time>2024-07-08T20:40:37Z</time></trkpt>
<trkpt lat="39.718685" lon="-120.771398"><ele>2227.6</ele><time>2024-07-08T20:40:55Z</time></trkpt>
<trkpt lat="39.718960" lon="-120.771235"><ele>2227.2</ele><time>2024-07-08T20:40:57Z</time></trkpt>
<trkpt lat="39.718662" lon="-120.771697"><ele>2227.8</ele><time>2024-07-08T20:41:28Z</time></trkpt>
<trkpt lat="39.718400" lon="-120.771829"><ele>2223.2</ele><time>2024-07-08T20:41:50Z</time></trkpt>
<trkpt lat="39.718180" lon="-120.772071"><ele>2220.0</ele><time>2024-07-08T20:42:08Z</time></trkpt>
<trkpt lat="39.718142" lon="-120.772222"><ele>2218.8</ele><time>2024-07-08T20:42:16Z</time></trkpt>
<trkpt lat="39.717955" lon="-120.772467"><ele>2216.6</ele><time>2024-07-08T20:42:40Z</time></trkpt>
<trkpt lat="39.717899" lon="-120.772745"><ele>2215.4</ele><time>2024-07-08T20:42:53Z</time></trkpt>
<trkpt lat="39.717888" lon="-120.773149"><ele>2212.0</ele><time>2024-07-08T20:43:15Z</time></trkpt>
<trkpt lat="39.717947" lon="-120.773231"><ele>2211.2</ele><time>2024-07-08T20:43:27Z</time></trkpt>
<trkpt lat="39.718185" lon="-120.772824"><ele>2204.8</ele><time>2024-07-08T20:44:47Z</time></trkpt>
<trkpt lat="39.718395" lon="-120.772655"><ele>2204.0</ele><time>2024-07-08T20:44:56Z</time></trkpt>
<trkpt lat="39.718355" lon="-120.772621"><ele>2203.6</ele><time>2024-07-08T20:45:01Z</time></trkpt>
<trkpt lat="39.718389" lon="-120.772478"><ele>2202.2</ele><time>2024-07-08T20:45:07Z</time></trkpt>
<trkpt lat="39.719029" lon="-120.772320"><ele>2198.4</ele><time>2024-07-08T20:45:56Z</time></trkpt>
<trkpt lat="39.719533" lon="-120.772080"><ele>2191.8</ele><time>2024-07-08T20:46:36Z</time></trkpt>
<trkpt lat="39.719783" lon="-120.772058"><ele>2189.2</ele><time>2024-07-08T20:46:59Z</time></trkpt>
<trkpt lat="39.719508" lon="-120.771993"><ele>2188.4</ele><time>2024-07-08T20:47:12Z</time></trkpt>
<trkpt lat="39.719326" lon="-120.772150"><ele>2186.2</ele><time>2024-07-08T20:47:27Z</time></trkpt>
<trkpt lat="39.718987" lon="-120.772286"><ele>2184.8</ele><time>2024-07-08T20:47:50Z</time></trkpt>
<trkpt lat="39.719066" lon="-120.772354"><ele>2185.0</ele><time>2024-07-08T20:47:51Z</time></trkpt>
<trkpt lat="39.719048" lon="-120.772541"><ele>2185.4</ele><time>2024-07-08T20:47:56Z</time></trkpt>
<trkpt lat="39.718961" lon="-120.772698"><ele>2184.0</ele><time>2024-07-08T20:48:10Z</time></trkpt>
<trkpt lat="39.718708" lon="-120.772850"><ele>2181.8</ele><time>2024-07-08T20:48:21Z</time></trkpt>
<trkpt lat="39.718707" lon="-120.773007"><ele>2179.6</ele><time>2024-07-08T20:48:29Z</time></trkpt>
<trkpt lat="39.719059" lon="-120.772845"><ele>2177.6</ele><time>2024-07-08T20:49:09Z</time></trkpt>
<trkpt lat="39.718686" lon="-120.773134"><ele>2173.0</ele><time>2024-07-08T20:49:54Z</time></trkpt>
<trkpt lat="39.718884" lon="-120.773153"><ele>2172.8</ele><time>2024-07-08T20:49:55Z</time></trkpt>
<trkpt lat="39.718702" lon="-120.773152"><ele>2170.8</ele><time>2024-07-08T20:50:08Z</time></trkpt>
<trkpt lat="39.718713" lon="-120.773231"><ele>2169.6</ele><time>2024-07-08T20:50:11Z</time></trkpt>
<trkpt lat="39.718673" lon="-120.773167"><ele>2169.0</ele><time>2024-07-08T20:50:20Z</time></trkpt>
<trkpt lat="39.718532" lon="-120.773642"><ele>2165.4</ele><time>2024-07-08T20:50:50Z</time></trkpt>
<trkpt lat="39.718725" lon="-120.773307"><ele>2162.0</ele><time>2024-07-08T20:51:12Z</time></trkpt>
<trkpt lat="39.718878" lon="-120.773208"><ele>2161.2</ele><time>2024-07-08T20:51:25Z</time></trkpt>
<trkpt lat="39.719463" lon="-120.773087"><ele>2159.8</ele><time>2024-07-08T20:52:11Z</time></trkpt>
<trkpt lat="39.719683" lon="-120.772947"><ele>2156.2</ele><time>2024-07-08T20:52:33Z</time></trkpt>
<trkpt lat="39.720009" lon="-120.772558"><ele>2154.8</ele><time>2024-07-08T20:53:13Z</time></trkpt>
<trkpt lat="39.720404" lon="-120.772799"><ele>2152.8</ele><time>2024-07-08T20:53:53Z</time></trkpt>
<trkpt lat="39.720621" lon="-120.773110"><ele>2149.6</ele><time>2024-07-08T20:54:19Z</time></trkpt>
<trkpt lat="39.720936" lon="-120.773242"><ele>2146.4</ele><time>2024-07-08T20:54:51Z</time></trkpt>
<trkpt lat="39.720398" lon="-120.773163"><ele>2138.4</ele><time>2024-07-08T20:55:37Z</time></trkpt>
<trkpt lat="39.720166" lon="-120.772948"><ele>2135.4</ele><time>2024-07-08T20:55:58Z</time></trkpt>
<trkpt lat="39.719967" lon="-120.773023"><ele>2135.2</ele><time>2024-07-08T20:56:12Z</time></trkpt>
<trkpt lat="39.719677" lon="-120.773405"><ele>2133.6</ele><time>2024-07-08T20:56:43Z</time></trkpt>
<trkpt lat="39.719062" lon="-120.773884"><ele>2128.2</ele><time>2024-07-08T20:57:43Z</time></trkpt>
<trkpt lat="39.718859" lon="-120.774165"><ele>2127.4</ele><time>2024-07-08T20:57:56Z</time></trkpt>
<trkpt lat="39.718898" lon="-120.774139"><ele>2127.2</ele><time>2024-07-08T20:57:59Z</time></trkpt>
<trkpt lat="39.718588" lon="-120.774785"><ele>2124.4</ele><time>2024-07-08T20:58:39Z</time></trkpt>
<trkpt lat="39.718663" lon="-120.775038"><ele>2124.6</ele><time>2024-07-08T20:58:53Z</time></trkpt>
<trkpt lat="39.718536" lon="-120.775209"><ele>2121.2</ele><time>2024-07-08T20:59:09Z</time></trkpt>
<trkpt lat="39.717744" lon="-120.775114"><ele>2113.8</ele><time>2024-07-08T20:59:57Z</time></trkpt>
<trkpt lat="39.717703" lon="-120.774919"><ele>2113.8</ele><time>2024-07-08T21:00:05Z</time></trkpt>
<trkpt lat="39.717507" lon="-120.774886"><ele>2113.6</ele><time>2024-07-08T21:00:26Z</time></trkpt>
<trkpt lat="39.717195" lon="-120.774942"><ele>2109.0</ele><time>2024-07-08T21:00:48Z</time></trkpt>
<trkpt lat="39.716374" lon="-120.774716"><ele>2101.8</ele><time>2024-07-08T21:01:54Z</time></trkpt>
<trkpt lat="39.716186" lon="-120.774881"><ele>2101.0</ele><time>2024-07-08T21:02:11Z</time></trkpt>
<trkpt lat="39.716025" lon="-120.774909"><ele>2098.6</ele><time>2024-07-08T21:02:25Z</time></trkpt>
<trkpt lat="39.715394" lon="-120.774685"><ele>2090.8</ele><time>2024-07-08T21:03:17Z</time></trkpt>
<trkpt lat="39.714855" lon="-120.775328"><ele>2082.0</ele><time>2024-07-08T21:04:12Z</time></trkpt>
<trkpt lat="39.713886" lon="-120.778851"><ele>2042.6</ele><time>2024-07-08T21:08:34Z</time></trkpt>
<trkpt lat="39.714096" lon="-120.779520"><ele>2038.4</ele><time>2024-07-08T21:09:10Z</time></trkpt>
<trkpt lat="39.714233" lon="-120.780174"><ele>2029.4</ele><time>2024-07-08T21:09:53Z</time></trkpt>
<trkpt lat="39.714213" lon="-120.780695"><ele>2025.0</ele><time>2024-07-08T21:10:25Z</time></trkpt>
<trkpt lat="39.714425" lon="-120.781221"><ele>2019.6</ele><time>2024-07-08T21:10:58Z</time></trkpt>
<trkpt lat="39.714438" lon="-120.781529"><ele>2019.0</ele><time>2024-07-08T21:11:11Z</time></trkpt>
<trkpt lat="39.714777" lon="-120.781844"><ele>2013.8</ele><time>2024-07-08T21:11:42Z</time></trkpt>
<trkpt lat="39.715096" lon="-120.782396"><ele>2004.4</ele><time>2024-07-08T21:12:32Z</time></trkpt>
<trkpt lat="39.715181" lon="-120.782379"><ele>2002.2</ele><time>2024-07-08T21:12:48Z</time></trkpt>
<trkpt lat="39.715219" lon="-120.782504"><ele>2001.6</ele><time>2024-07-08T21:12:55Z</time></trkpt>
<trkpt lat="39.715164" lon="-120.782390"><ele>2001.6</ele><time>2024-07-08T21:12:56Z</time></trkpt>
<trkpt lat="39.715002" lon="-120.782645"><ele>2002.2</ele><time>2024-07-08T21:13:02Z</time></trkpt>
<trkpt lat="39.715143" lon="-120.783014"><ele>1999.0</ele><time>2024-07-08T21:13:33Z</time></trkpt>
<trkpt lat="39.715242" lon="-120.783021"><ele>1996.8</ele><time>2024-07-08T21:13:41Z</time></trkpt>
<trkpt lat="39.715427" lon="-120.782811"><ele>1993.6</ele><time>2024-07-08T21:13:59Z</time></trkpt>
<trkpt lat="39.715600" lon="-120.782494"><ele>1989.4</ele><time>2024-07-08T21:14:21Z</time></trkpt>
<trkpt lat="39.715996" lon="-120.782065"><ele>1984.8</ele><time>2024-07-08T21:15:05Z</time></trkpt>
<trkpt lat="39.715979" lon="-120.781953"><ele>1983.6</ele><time>2024-07-08T21:15:11Z</time></trkpt>
<trkpt lat="39.716221" lon="-120.781960"><ele>1981.6</ele><time>2024-07-08T21:15:28Z</time></trkpt>
<trkpt lat="39.716388" lon="-120.782277"><ele>1976.0</ele><time>2024-07-08T21:16:20Z</time></trkpt>
<trkpt lat="39.716275" lon="-120.782720"><ele>1972.6</ele><time>2024-07-08T21:16:53Z</time></trkpt>
<trkpt lat="39.716260" lon="-120.782668"><ele>1972.6</ele><time>2024-07-08T21:16:55Z</time></trkpt>
<trkpt lat="39.716226" lon="-120.783051"><ele>1970.4</ele><time>2024-07-08T21:17:16Z</time></trkpt>
<trkpt lat="39.716087" lon="-120.783069"><ele>1968.2</ele><time>2024-07-08T21:17:28Z</time></trkpt>
<trkpt lat="39.716079" lon="-120.783227"><ele>1967.8</ele><time>2024-07-08T21:17:38Z</time></trkpt>
<trkpt lat="39.716253" lon="-120.783461"><ele>1966.0</ele><time>2024-07-08T21:17:58Z</time></trkpt>
<trkpt lat="39.716096" lon="-120.783985"><ele>1962.0</ele><time>2024-07-08T21:18:28Z</time></trkpt>
<trkpt lat="39.715909" lon="-120.784367"><ele>1958.6</ele><time>2024-07-08T21:19:00Z</time></trkpt>
<trkpt lat="39.715750" lon="-120.784016"><ele>1958.6</ele><time>2024-07-08T21:19:05Z</time></trkpt>
<trkpt lat="39.715797" lon="-120.784023"><ele>1957.8</ele><time>2024-07-08T21:19:07Z</time></trkpt>
<trkpt lat="39.715715" lon="-120.784267"><ele>1957.6</ele><time>2024-07-08T21:19:10Z</time></trkpt>
<trkpt lat="39.715235" lon="-120.784634"><ele>1956.8</ele><time>2024-07-08T21:19:21Z</time></trkpt>
<trkpt lat="39.715085" lon="-120.784923"><ele>1953.8</ele><time>2024-07-08T21:19:39Z</time></trkpt>
<trkpt lat="39.715026" lon="-120.785193"><ele>1950.6</ele><time>2024-07-08T21:20:21Z</time></trkpt>
<trkpt lat="39.714658" lon="-120.785771"><ele>1947.6</ele><time>2024-07-08T21:21:04Z</time></trkpt>
<trkpt lat="39.714649" lon="-120.785871"><ele>1946.4</ele><time>2024-07-08T21:21:12Z</time></trkpt>
<trkpt lat="39.714169" lon="-120.786754"><ele>1947.4</ele><time>2024-07-08T21:22:23Z</time></trkpt>
<trkpt lat="39.714287" lon="-120.787061"><ele>1944.2</ele><time>2024-07-08T21:22:41Z</time></trkpt>
<trkpt lat="39.714246" lon="-120.787220"><ele>1943.6</ele><time>2024-07-08T21:23:06Z</time></trkpt>
<trkpt lat="39.714294" lon="-120.787217"><ele>1942.6</ele><time>2024-07-08T21:23:13Z</time></trkpt>
<trkpt lat="39.714269" lon="-120.787053"><ele>1940.4</ele><time>2024-07-08T21:23:28Z</time></trkpt>
<trkpt lat="39.714319" lon="-120.786958"><ele>1939.4</ele><time>2024-07-08T21:23:54Z</time></trkpt>
<trkpt lat="39.714495" lon="-120.787008"><ele>1940.2</ele><time>2024-07-08T21:25:30Z</time></trkpt>
<trkpt lat="39.714464" lon="-120.787069"><ele>1945.4</ele><time>2024-07-08T21:30:55Z</time></trkpt>
<trkpt lat="39.714564" lon="-120.786986"><ele>1945.2</ele><time>2024-07-08T21:31:01Z</time></trkpt>
<trkpt lat="39.714511" lon="-120.786970"><ele>1945.2</ele><time>2024-07-08T21:31:02Z</time></trkpt>
<trkpt lat="39.714568" lon="-120.786996"><ele>1945.2</ele><time>2024-07-08T21:31:03Z</time></trkpt>
<trkpt lat="39.714512" lon="-120.787050"><ele>1944.8</ele><time>2024-07-08T21:31:10Z</time></trkpt>
<trkpt lat="39.714534" lon="-120.787005"><ele>1943.6</ele><time>2024-07-08T21:32:58Z</time></trkpt>
<trkpt lat="39.714422" lon="-120.786957"><ele>1943.6</ele><time>2024-07-08T21:33:05Z</time></trkpt>
<trkpt lat="39.714518" lon="-120.787018"><ele>1942.6</ele><time>2024-07-08T21:35:06Z</time></trkpt>
<trkpt lat="39.714516" lon="-120.787211"><ele>1943.2</ele><time>2024-07-08T21:37:08Z</time></trkpt>
<trkpt lat="39.714551" lon="-120.787166"><ele>1943.2</ele><time>2024-07-08T21:37:11Z</time></trkpt>
<trkpt lat="39.714319" lon="-120.787190"><ele>1947.4</ele><time>2024-07-08T21:38:14Z</time></trkpt>
<trkpt lat="39.714166" lon="-120.787317"><ele>1945.8</ele><time>2024-07-08T21:39:04Z</time></trkpt>
<trkpt lat="39.714163" lon="-120.787407"><ele>1946.0</ele><time>2024-07-08T21:39:10Z</time></trkpt>
<trkpt lat="39.714277" lon="-120.787313"><ele>1949.2</ele><time>2024-07-08T21:40:02Z</time></trkpt>
<trkpt lat="39.714276" lon="-120.787244"><ele>1947.8</ele><time>2024-07-08T21:40:12Z</time></trkpt>
<trkpt lat="39.714513" lon="-120.787160"><ele>1946.0</ele><time>2024-07-08T21:41:01Z</time></trkpt>
<trkpt lat="39.714460" lon="-120.787087"><ele>1946.0</ele><time>2024-07-08T21:41:12Z</time></trkpt>
<trkpt lat="39.714398" lon="-120.787129"><ele>1947.2</ele><time>2024-07-08T21:43:02Z</time></trkpt>
<trkpt lat="39.714443" lon="-120.787032"><ele>1947.2</ele><time>2024-07-08T21:43:13Z</time></trkpt>
<trkpt lat="39.714514" lon="-120.787225"><ele>1948.8</ele><time>2024-07-08T21:45:02Z</time></trkpt>
<trkpt lat="39.714398" lon="-120.786984"><ele>1950.4</ele><time>2024-07-08T21:49:09Z</time></trkpt>
<trkpt lat="39.714546" lon="-120.787185"><ele>1950.8</ele><time>2024-07-08T21:51:01Z</time></trkpt>
<trkpt lat="39.714489" lon="-120.787124"><ele>1950.6</ele><time>2024-07-08T21:51:07Z</time></trkpt>
<trkpt lat="39.714574" lon="-120.787119"><ele>1951.2</ele><time>2024-07-08T21:53:04Z</time></trkpt>
<trkpt lat="39.714443" lon="-120.787136"><ele>1951.0</ele><time>2024-07-08T21:55:12Z</time></trkpt>
<trkpt lat="39.714488" lon="-120.786968"><ele>1951.6</ele><time>2024-07-08T21:56:59Z</time></trkpt>
<trkpt lat="39.714534" lon="-120.787038"><ele>1951.2</ele><time>2024-07-08T21:57:14Z</time></trkpt>
<trkpt lat="39.714339" lon="-120.787085"><ele>1952.2</ele><time>2024-07-08T21:58:59Z</time></trkpt>
<trkpt lat="39.714529" lon="-120.787088"><ele>1952.4</ele><time>2024-07-08T22:01:01Z</time></trkpt>
<trkpt lat="39.714528" lon="-120.787143"><ele>1952.0</ele><time>2024-07-08T22:01:08Z</time></trkpt>
<trkpt lat="39.714500" lon="-120.787068"><ele>1952.6</ele><time>2024-07-08T22:03:00Z</time></trkpt>
<trkpt lat="39.714422" lon="-120.787090"><ele>1952.0</ele><time>2024-07-08T22:03:09Z</time></trkpt>
<trkpt lat="39.714528" lon="-120.787028"><ele>1951.6</ele><time>2024-07-08T22:04:58Z</time></trkpt>
<trkpt lat="39.714668" lon="-120.787079"><ele>1951.0</ele><time>2024-07-08T22:07:07Z</time></trkpt>
<trkpt lat="39.714425" lon="-120.787100"><ele>1949.4</ele><time>2024-07-08T22:09:12Z</time></trkpt>
<trkpt lat="39.714630" lon="-120.787109"><ele>1950.2</ele><time>2024-07-08T22:11:01Z</time></trkpt>
<trkpt lat="39.714609" lon="-120.787034"><ele>1950.0</ele><time>2024-07-08T22:11:06Z</time></trkpt>
<trkpt lat="39.714550" lon="-120.787048"><ele>1949.8</ele><time>2024-07-08T22:11:12Z</time></trkpt>
<trkpt lat="39.714631" lon="-120.787144"><ele>1950.2</ele><time>2024-07-08T22:11:33Z</time></trkpt>
<trkpt lat="39.714526" lon="-120.786994"><ele>1949.8</ele><time>2024-07-08T22:13:05Z</time></trkpt>
<trkpt lat="39.714573" lon="-120.787084"><ele>1949.4</ele><time>2024-07-08T22:13:14Z</time></trkpt>
<trkpt lat="39.714423" lon="-120.787056"><ele>1950.0</ele><time>2024-07-08T22:15:02Z</time></trkpt>
<trkpt lat="39.714424" lon="-120.787146"><ele>1949.8</ele><time>2024-07-08T22:15:10Z</time></trkpt>
<trkpt lat="39.714501" lon="-120.787134"><ele>1949.8</ele><time>2024-07-08T22:15:14Z</time></trkpt>
<trkpt lat="39.714362" lon="-120.787040"><ele>1950.0</ele><time>2024-07-08T22:16:58Z</time></trkpt>
<trkpt lat="39.714629" lon="-120.787062"><ele>1948.4</ele><time>2024-07-08T22:18:58Z</time></trkpt>
<trkpt lat="39.714536" lon="-120.787037"><ele>1948.2</ele><time>2024-07-08T22:19:05Z</time></trkpt>
<trkpt lat="39.714501" lon="-120.787057"><ele>1948.2</ele><time>2024-07-08T22:19:08Z</time></trkpt>
<trkpt lat="39.714567" lon="-120.787089"><ele>1947.8</ele><time>2024-07-08T22:21:02Z</time></trkpt>
<trkpt lat="39.714504" lon="-120.787127"><ele>1947.6</ele><time>2024-07-08T22:21:05Z</time></trkpt>
<trkpt lat="39.714364" lon="-120.787090"><ele>1947.2</ele><time>2024-07-08T22:22:56Z</time></trkpt>
<trkpt lat="39.714520" lon="-120.787128"><ele>1947.2</ele><time>2024-07-08T22:23:04Z</time></trkpt>
<trkpt lat="39.714504" lon="-120.787061"><ele>1947.6</ele><time>2024-07-08T22:25:04Z</time></trkpt>
<trkpt lat="39.714585" lon="-120.787044"><ele>1947.2</ele><time>2024-07-08T22:25:13Z</time></trkpt>
<trkpt lat="39.714487" lon="-120.787054"><ele>1947.6</ele><time>2024-07-08T22:27:02Z</time></trkpt>
<trkpt lat="39.714582" lon="-120.787068"><ele>1947.6</ele><time>2024-07-08T22:27:04Z</time></trkpt>
<trkpt lat="39.714482" lon="-120.787042"><ele>1947.8</ele><time>2024-07-08T22:27:13Z</time></trkpt>
<trkpt lat="39.714459" lon="-120.787121"><ele>1947.2</ele><time>2024-07-08T22:29:01Z</time></trkpt>
<trkpt lat="39.714369" lon="-120.787052"><ele>1947.4</ele><time>2024-07-08T22:30:55Z</time></trkpt>
<trkpt lat="39.714490" lon="-120.787136"><ele>1947.8</ele><time>2024-07-08T22:32:56Z</time></trkpt>
<trkpt lat="39.714425" lon="-120.787146"><ele>1946.8</ele><time>2024-07-08T22:33:04Z</time></trkpt>
<trkpt lat="39.714468" lon="-120.787095"><ele>1946.0</ele><time>2024-07-08T22:33:12Z</time></trkpt>
<trkpt lat="39.714520" lon="-120.787145"><ele>1946.0</ele><time>2024-07-08T22:34:59Z</time></trkpt>
<trkpt lat="39.714448" lon="-120.787007"><ele>1945.8</ele><time>2024-07-08T22:38:54Z</time></trkpt>
<trkpt lat="39.714453" lon="-120.787089"><ele>1945.0</ele><time>2024-07-08T22:39:07Z</time></trkpt>
<trkpt lat="39.714539" lon="-120.787042"><ele>1944.2</ele><time>2024-07-08T22:41:03Z</time></trkpt>
<trkpt lat="39.714478" lon="-120.787040"><ele>1943.6</ele><time>2024-07-08T22:41:13Z</time></trkpt>
<trkpt lat="39.714456" lon="-120.786890"><ele>1944.6</ele><time>2024-07-08T22:43:09Z</time></trkpt>
<trkpt lat="39.714515" lon="-120.787156"><ele>1942.6</ele><time>2024-07-08T22:45:09Z</time></trkpt>
<trkpt lat="39.714418" lon="-120.786979"><ele>1940.2</ele><time>2024-07-08T22:47:00Z</time></trkpt>
<trkpt lat="39.714479" lon="-120.787091"><ele>1940.6</ele><time>2024-07-08T22:47:07Z</time></trkpt>
<trkpt lat="39.714466" lon="-120.787034"><ele>1940.2</ele><time>2024-07-08T22:47:15Z</time></trkpt>
<trkpt lat="39.714607" lon="-120.787059"><ele>1939.8</ele><time>2024-07-08T22:49:02Z</time></trkpt>
<trkpt lat="39.714563" lon="-120.786997"><ele>1939.8</ele><time>2024-07-08T22:49:05Z</time></trkpt>
<trkpt lat="39.714468" lon="-120.786985"><ele>1939.6</ele><time>2024-07-08T22:49:10Z</time></trkpt>
<trkpt lat="39.714720" lon="-120.787292"><ele>1941.6</ele><time>2024-07-08T22:51:02Z</time></trkpt>
<trkpt lat="39.714543" lon="-120.787055"><ele>1941.6</ele><time>2024-07-08T22:51:04Z</time></trkpt>
<trkpt lat="39.714268" lon="-120.787434"><ele>1944.4</ele><time>2024-07-08T22:53:00Z</time></trkpt>
<trkpt lat="39.714149" lon="-120.787386"><ele>1944.6</ele><time>2024-07-08T22:53:08Z</time></trkpt>
<trkpt lat="39.714272" lon="-120.787611"><ele>1945.0</ele><time>2024-07-08T22:53:12Z</time></trkpt>
<trkpt lat="39.714944" lon="-120.787597"><ele>1942.0</ele><time>2024-07-08T22:54:32Z</time></trkpt>
<trkpt lat="39.715671" lon="-120.787471"><ele>1936.2</ele><time>2024-07-08T22:57:04Z</time></trkpt>
<trkpt lat="39.715727" lon="-120.787559"><ele>1935.8</ele><time>2024-07-08T22:57:07Z</time></trkpt>
<trkpt lat="39.716335" lon="-120.787845"><ele>1933.4</ele><time>2024-07-08T22:57:55Z</time></trkpt>
<trkpt lat="39.716753" lon="-120.787857"><ele>1928.2</ele><time>2024-07-08T22:58:27Z</time></trkpt>
<trkpt lat="39.717295" lon="-120.788054"><ele>1924.0</ele><time>2024-07-08T22:58:59Z</time></trkpt>
<trkpt lat="39.717292" lon="-120.788418"><ele>1922.4</ele><time>2024-07-08T22:59:13Z</time></trkpt>
<trkpt lat="39.717401" lon="-120.788559"><ele>1921.2</ele><time>2024-07-08T22:59:27Z</time></trkpt>
<trkpt lat="39.718048" lon="-120.788646"><ele>1914.4</ele><time>2024-07-08T23:00:15Z</time></trkpt>
<trkpt lat="39.717918" lon="-120.788157"><ele>1909.8</ele><time>2024-07-08T23:00:45Z</time></trkpt>
<trkpt lat="39.717725" lon="-120.787928"><ele>1907.8</ele><time>2024-07-08T23:01:02Z</time></trkpt>
<trkpt lat="39.717668" lon="-120.788245"><ele>1907.8</ele><time>2024-07-08T23:01:07Z</time></trkpt>
<trkpt lat="39.717581" lon="-120.787911"><ele>1904.2</ele><time>2024-07-08T23:01:24Z</time></trkpt>
<trkpt lat="39.717323" lon="-120.787371"><ele>1902.6</ele><time>2024-07-08T23:02:03Z</time></trkpt>
<trkpt lat="39.717406" lon="-120.787487"><ele>1900.8</ele><time>2024-07-08T23:02:10Z</time></trkpt>
<trkpt lat="39.717534" lon="-120.787444"><ele>1898.6</ele><time>2024-07-08T23:02:22Z</time></trkpt>
<trkpt lat="39.718232" lon="-120.788233"><ele>1890.0</ele><time>2024-07-08T23:03:24Z</time></trkpt>
<trkpt lat="39.718329" lon="-120.788436"><ele>1890.2</ele><time>2024-07-08T23:03:40Z</time></trkpt>
<trkpt lat="39.718726" lon="-120.788683"><ele>1887.2</ele><time>2024-07-08T23:04:06Z</time></trkpt>
<trkpt lat="39.718693" lon="-120.788774"><ele>1886.8</ele><time>2024-07-08T23:04:10Z</time></trkpt>
<trkpt lat="39.718761" lon="-120.788827"><ele>1886.4</ele><time>2024-07-08T23:04:16Z</time></trkpt>
<trkpt lat="39.719075" lon="-120.788926"><ele>1885.4</ele><time>2024-07-08T23:04:27Z</time></trkpt>
<trkpt lat="39.719941" lon="-120.789819"><ele>1882.8</ele><time>2024-07-08T23:06:04Z</time></trkpt>
<trkpt lat="39.720146" lon="-120.789802"><ele>1881.2</ele><time>2024-07-08T23:06:12Z</time></trkpt>
<trkpt lat="39.720527" lon="-120.790209"><ele>1875.2</ele><time>2024-07-08T23:06:36Z</time></trkpt>
<trkpt lat="39.721386" lon="-120.790851"><ele>1864.0</ele><time>2024-07-08T23:08:11Z</time></trkpt>
<trkpt lat="39.721374" lon="-120.790998"><ele>1863.0</ele><time>2024-07-08T23:08:16Z</time></trkpt>
<trkpt lat="39.722025" lon="-120.791180"><ele>1857.0</ele><time>2024-07-08T23:08:59Z</time></trkpt>
<trkpt lat="39.722172" lon="-120.791377"><ele>1855.6</ele><time>2024-07-08T23:09:13Z</time></trkpt>
<trkpt lat="39.722382" lon="-120.791969"><ele>1853.4</ele><time>2024-07-08T23:09:49Z</time></trkpt>
<trkpt lat="39.722505" lon="-120.792173"><ele>1851.4</ele><time>2024-07-08T23:10:03Z</time></trkpt>
<trkpt lat="39.722586" lon="-120.792173"><ele>1850.8</ele><time>2024-07-08T23:10:07Z</time></trkpt>
<trkpt lat="39.722542" lon="-120.792345"><ele>1850.2</ele><time>2024-07-08T23:10:13Z</time></trkpt>
<trkpt lat="39.724164" lon="-120.792785"><ele>1840.8</ele><time>2024-07-08T23:12:14Z</time></trkpt>
<trkpt lat="39.724142" lon="-120.792743"><ele>1840.6</ele><time>2024-07-08T23:12:15Z</time></trkpt>
<trkpt lat="39.724252" lon="-120.792907"><ele>1838.8</ele><time>2024-07-08T23:12:24Z</time></trkpt>
<trkpt lat="39.724296" lon="-120.793112"><ele>1836.8</ele><time>2024-07-08T23:12:36Z</time></trkpt>
<trkpt lat="39.724546" lon="-120.793413"><ele>1834.6</ele><time>2024-07-08T23:13:16Z</time></trkpt>
<trkpt lat="39.724977" lon="-120.793771"><ele>1828.2</ele><time>2024-07-08T23:13:52Z</time></trkpt>
<trkpt lat="39.725040" lon="-120.793983"><ele>1825.4</ele><time>2024-07-08T23:14:09Z</time></trkpt>
<trkpt lat="39.725318" lon="-120.794023"><ele>1825.0</ele><time>2024-07-08T23:14:22Z</time></trkpt>
<trkpt lat="39.725346" lon="-120.794136"><ele>1825.2</ele><time>2024-07-08T23:14:27Z</time></trkpt>
<trkpt lat="39.725659" lon="-120.794469"><ele>1824.2</ele><time>2024-07-08T23:14:55Z</time></trkpt>
<trkpt lat="39.726072" lon="-120.794614"><ele>1821.8</ele><time>2024-07-08T23:15:25Z</time></trkpt>
<trkpt lat="39.726564" lon="-120.795094"><ele>1819.2</ele><time>2024-07-08T23:16:21Z</time></trkpt>
<trkpt lat="39.727216" lon="-120.795578"><ele>1811.8</ele><time>2024-07-08T23:17:11Z</time></trkpt>
<trkpt lat="39.727232" lon="-120.795955"><ele>1809.6</ele><time>2024-07-08T23:17:31Z</time></trkpt>
<trkpt lat="39.727504" lon="-120.796060"><ele>1809.6</ele><time>2024-07-08T23:18:05Z</time></trkpt>
<trkpt lat="39.727670" lon="-120.796355"><ele>1807.8</ele><time>2024-07-08T23:18:25Z</time></trkpt>
<trkpt lat="39.727790" lon="-120.797022"><ele>1806.8</ele><time>2024-07-08T23:19:14Z</time></trkpt>
<trkpt lat="39.728127" lon="-120.797414"><ele>1806.6</ele><time>2024-07-08T23:19:43Z</time></trkpt>
<trkpt lat="39.728316" lon="-120.797360"><ele>1806.0</ele><time>2024-07-08T23:19:57Z</time></trkpt>
<trkpt lat="39.728612" lon="-120.797420"><ele>1805.6</ele><time>2024-07-08T23:20:25Z</time></trkpt>
<trkpt lat="39.729050" lon="-120.797671"><ele>1806.2</ele><time>2024-07-08T23:21:03Z</time></trkpt>
<trkpt lat="39.728984" lon="-120.797733"><ele>1806.2</ele><time>2024-07-08T23:21:04Z</time></trkpt>
<trkpt lat="39.729057" lon="-120.797764"><ele>1805.2</ele><time>2024-07-08T23:21:15Z</time></trkpt>
<trkpt lat="39.730438" lon="-120.798098"><ele>1803.6</ele><time>2024-07-08T23:22:55Z</time></trkpt>
<trkpt lat="39.730514" lon="-120.798223"><ele>1803.4</ele><time>2024-07-08T23:23:08Z</time></trkpt>
<trkpt lat="39.730473" lon="-120.798379"><ele>1803.2</ele><time>2024-07-08T23:23:16Z</time></trkpt>
<trkpt lat="39.730687" lon="-120.798523"><ele>1805.4</ele><time>2024-07-08T23:23:49Z</time></trkpt>
<trkpt lat="39.731140" lon="-120.799127"><ele>1802.4</ele><time>2024-07-08T23:24:43Z</time></trkpt>
<trkpt lat="39.731525" lon="-120.799256"><ele>1802.0</ele><time>2024-07-08T23:25:07Z</time></trkpt>
<trkpt lat="39.731521" lon="-120.799316"><ele>1801.8</ele><time>2024-07-08T23:25:09Z</time></trkpt>
<trkpt lat="39.731650" lon="-120.799303"><ele>1801.8</ele><time>2024-07-08T23:25:15Z</time></trkpt>
<trkpt lat="39.732208" lon="-120.799794"><ele>1800.6</ele><time>2024-07-08T23:26:23Z</time></trkpt>
<trkpt lat="39.732723" lon="-120.800442"><ele>1799.4</ele><time>2024-07-08T23:27:14Z</time></trkpt>
<trkpt lat="39.735403" lon="-120.804283"><ele>1797.2</ele><time>2024-07-08T23:32:58Z</time></trkpt>
<trkpt lat="39.735365" lon="-120.804580"><ele>1797.0</ele><time>2024-07-08T23:33:11Z</time></trkpt>
<trkpt lat="39.734777" lon="-120.805671"><ele>1798.6</ele><time>2024-07-08T23:34:33Z</time></trkpt>
<trkpt lat="39.734495" lon="-120.806021"><ele>1800.2</ele><time>2024-07-08T23:35:03Z</time></trkpt>
<trkpt lat="39.734564" lon="-120.806027"><ele>1800.4</ele><time>2024-07-08T23:35:05Z</time></trkpt>
<trkpt lat="39.734355" lon="-120.806438"><ele>1799.4</ele><time>2024-07-08T23:35:27Z</time></trkpt>
<trkpt lat="39.734237" lon="-120.806451"><ele>1799.2</ele><time>2024-07-08T23:35:41Z</time></trkpt>
<trkpt lat="39.734342" lon="-120.806314"><ele>1800.6</ele><time>2024-07-08T23:37:15Z</time></trkpt>
<trkpt lat="39.734338" lon="-120.806409"><ele>1802.6</ele><time>2024-07-08T23:39:16Z</time></trkpt>
<trkpt lat="39.734251" lon="-120.806378"><ele>1803.4</ele><time>2024-07-08T23:41:03Z</time></trkpt>
<trkpt lat="39.734430" lon="-120.806394"><ele>1803.2</ele><time>2024-07-08T23:43:18Z</time></trkpt>
<trkpt lat="39.734385" lon="-120.806333"><ele>1803.6</ele><time>2024-07-08T23:45:17Z</time></trkpt>
<trkpt lat="39.734298" lon="-120.806429"><ele>1804.2</ele><time>2024-07-08T23:47:17Z</time></trkpt>
<trkpt lat="39.734377" lon="-120.806272"><ele>1804.4</ele><time>2024-07-08T23:49:17Z</time></trkpt>
<trkpt lat="39.734362" lon="-120.806404"><ele>1804.0</ele><time>2024-07-08T23:51:06Z</time></trkpt>
<trkpt lat="39.734296" lon="-120.806417"><ele>1804.6</ele><time>2024-07-08T23:51:16Z</time></trkpt>
<trkpt lat="39.734403" lon="-120.806283"><ele>1805.4</ele><time>2024-07-08T23:55:06Z</time></trkpt>
<trkpt lat="39.734360" lon="-120.806323"><ele>1805.8</ele><time>2024-07-08T23:55:14Z</time></trkpt>
<trkpt lat="39.734540" lon="-120.806311"><ele>1807.4</ele><time>2024-07-08T23:57:11Z</time></trkpt>
<trkpt lat="39.734522" lon="-120.806378"><ele>1807.8</ele><time>2024-07-08T23:57:17Z</time></trkpt>
<trkpt lat="39.735114" lon="-120.807349"><ele>1812.2</ele><time>2024-07-08T23:59:04Z</time></trkpt>
<trkpt lat="39.735141" lon="-120.807254"><ele>1812.8</ele><time>2024-07-08T23:59:07Z</time></trkpt>
<trkpt lat="39.735131" lon="-120.807337"><ele>1813.4</ele><time>2024-07-08T23:59:12Z</time></trkpt>
<trkpt lat="39.734900" lon="-120.807718"><ele>1813.6</ele><time>2024-07-08T23:59:34Z</time></trkpt>
<trkpt lat="39.734801" lon="-120.808021"><ele>1816.4</ele><time>2024-07-08T23:59:54Z</time></trkpt>
<trkpt lat="39.734340" lon="-120.808704"><ele>1823.6</ele><time>2024-07-09T00:01:04Z</time></trkpt>
<trkpt lat="39.734324" lon="-120.808930"><ele>1824.6</ele><time>2024-07-09T00:01:15Z</time></trkpt>
<trkpt lat="39.734091" lon="-120.809558"><ele>1831.4</ele><time>2024-07-09T00:02:18Z</time></trkpt>
<trkpt lat="39.733692" lon="-120.809834"><ele>1833.2</ele><time>2024-07-09T00:03:02Z</time></trkpt>
<trkpt lat="39.733658" lon="-120.809758"><ele>1832.6</ele><time>2024-07-09T00:03:08Z</time></trkpt>
<trkpt lat="39.733370" lon="-120.809690"><ele>1832.8</ele><time>2024-07-09T00:03:25Z</time></trkpt>
<trkpt lat="39.733378" lon="-120.809931"><ele>1827.8</ele><time>2024-07-09T00:03:52Z</time></trkpt>
<trkpt lat="39.733373" lon="-120.809876"><ele>1827.6</ele><time>2024-07-09T00:03:57Z</time></trkpt>
<trkpt lat="39.733264" lon="-120.810011"><ele>1827.8</ele><time>2024-07-09T00:03:58Z</time></trkpt>
<trkpt lat="39.733287" lon="-120.810091"><ele>1829.4</ele><time>2024-07-09T00:04:05Z</time></trkpt>
<trkpt lat="39.733207" lon="-120.809941"><ele>1831.0</ele><time>2024-07-09T00:04:17Z</time></trkpt>
<trkpt lat="39.732867" lon="-120.810437"><ele>1836.2</ele><time>2024-07-09T00:05:20Z</time></trkpt>
<trkpt lat="39.732959" lon="-120.810988"><ele>1839.2</ele><time>2024-07-09T00:05:59Z</time></trkpt>
<trkpt lat="39.733044" lon="-120.811106"><ele>1839.6</ele><time>2024-07-09T00:06:04Z</time></trkpt>
<trkpt lat="39.732994" lon="-120.811328"><ele>1839.4</ele><time>2024-07-09T00:06:16Z</time></trkpt>
<trkpt lat="39.733392" lon="-120.811432"><ele>1840.2</ele><time>2024-07-09T00:06:57Z</time></trkpt>
<trkpt lat="39.733674" lon="-120.811386"><ele>1841.4</ele><time>2024-07-09T00:07:10Z</time></trkpt>
<trkpt lat="39.733746" lon="-120.811453"><ele>1841.8</ele><time>2024-07-09T00:07:16Z</time></trkpt>
<trkpt lat="39.733788" lon="-120.811590"><ele>1842.6</ele><time>2024-07-09T00:07:22Z</time></trkpt>
<trkpt lat="39.734199" lon="-120.811992"><ele>1846.4</ele><time>2024-07-09T00:08:26Z</time></trkpt>
<trkpt lat="39.734492" lon="-120.812762"><ele>1847.2</ele><time>2024-07-09T00:09:00Z</time></trkpt>
<trkpt lat="39.735100" lon="-120.813242"><ele>1844.6</ele><time>2024-07-09T00:09:31Z</time></trkpt>
<trkpt lat="39.735428" lon="-120.813652"><ele>1844.8</ele><time>2024-07-09T00:10:07Z</time></trkpt>
<trkpt lat="39.736272" lon="-120.814135"><ele>1849.2</ele><time>2024-07-09T00:11:35Z</time></trkpt>
<trkpt lat="39.736726" lon="-120.814498"><ele>1858.6</ele><time>2024-07-09T00:12:49Z</time></trkpt>
<trkpt lat="39.736892" lon="-120.814690"><ele>1859.8</ele><time>2024-07-09T00:12:59Z</time></trkpt>
<trkpt lat="39.736850" lon="-120.814774"><ele>1860.6</ele><time>2024-07-09T00:13:06Z</time></trkpt>
<trkpt lat="39.737018" lon="-120.814822"><ele>1861.8</ele><time>2024-07-09T00:13:17Z</time></trkpt>
<trkpt lat="39.737623" lon="-120.814753"><ele>1866.8</ele><time>2024-07-09T00:14:46Z</time></trkpt>
<trkpt lat="39.737923" lon="-120.814562"><ele>1868.6</ele><time>2024-07-09T00:15:01Z</time></trkpt>
<trkpt lat="39.737885" lon="-120.814716"><ele>1868.8</ele><time>2024-07-09T00:15:02Z</time></trkpt>
<trkpt lat="39.738154" lon="-120.814452"><ele>1869.0</ele><time>2024-07-09T00:15:06Z</time></trkpt>
<trkpt lat="39.738563" lon="-120.814274"><ele>1870.8</ele><time>2024-07-09T00:15:36Z</time></trkpt>
<trkpt lat="39.738865" lon="-120.813990"><ele>1873.4</ele><time>2024-07-09T00:15:57Z</time></trkpt>
<trkpt lat="39.738800" lon="-120.813792"><ele>1875.6</ele><time>2024-07-09T00:16:14Z</time></trkpt>
<trkpt lat="39.739246" lon="-120.813834"><ele>1878.2</ele><time>2024-07-09T00:16:57Z</time></trkpt>
<trkpt lat="39.739326" lon="-120.813770"><ele>1878.2</ele><time>2024-07-09T00:17:21Z</time></trkpt>
<trkpt lat="39.739766" lon="-120.813731"><ele>1878.8</ele><time>2024-07-09T00:18:03Z</time></trkpt>
<trkpt lat="39.740055" lon="-120.813591"><ele>1879.2</ele><time>2024-07-09T00:18:14Z</time></trkpt>
<trkpt lat="39.740522" lon="-120.813753"><ele>1879.0</ele><time>2024-07-09T00:18:43Z</time></trkpt>
<trkpt lat="39.740762" lon="-120.814200"><ele>1879.8</ele><time>2024-07-09T00:19:33Z</time></trkpt>
<trkpt lat="39.740757" lon="-120.814797"><ele>1880.6</ele><time>2024-07-09T00:20:14Z</time></trkpt>
<trkpt lat="39.741073" lon="-120.815403"><ele>1887.0</ele><time>2024-07-09T00:21:13Z</time></trkpt>
<trkpt lat="39.741454" lon="-120.815705"><ele>1892.0</ele><time>2024-07-09T00:21:58Z</time></trkpt>
<trkpt lat="39.741614" lon="-120.815404"><ele>1894.0</ele><time>2024-07-09T00:22:18Z</time></trkpt>
<trkpt lat="39.742356" lon="-120.815154"><ele>1903.6</ele><time>2024-07-09T00:23:45Z</time></trkpt>
<trkpt lat="39.742844" lon="-120.814839"><ele>1913.0</ele><time>2024-07-09T00:24:39Z</time></trkpt>
<trkpt lat="39.742897" lon="-120.814702"><ele>1915.0</ele><time>2024-07-09T00:24:51Z</time></trkpt>
<trkpt lat="39.743065" lon="-120.814730"><ele>1916.2</ele><time>2024-07-09T00:25:05Z</time></trkpt>
<trkpt lat="39.743539" lon="-120.815114"><ele>1922.8</ele><time>2024-07-09T00:26:02Z</time></trkpt>
<trkpt lat="39.743766" lon="-120.815115"><ele>1923.6</ele><time>2024-07-09T00:26:05Z</time></trkpt>
<trkpt lat="39.743775" lon="-120.815280"><ele>1926.4</ele><time>2024-07-09T00:26:17Z</time></trkpt>
<trkpt lat="39.744087" lon="-120.815901"><ele>1933.8</ele><time>2024-07-09T00:27:14Z</time></trkpt>
<trkpt lat="39.744104" lon="-120.816242"><ele>1937.4</ele><time>2024-07-09T00:27:48Z</time></trkpt>
<trkpt lat="39.744185" lon="-120.816388"><ele>1939.4</ele><time>2024-07-09T00:27:59Z</time></trkpt>
<trkpt lat="39.744218" lon="-120.816332"><ele>1939.8</ele><time>2024-07-09T00:28:02Z</time></trkpt>
<trkpt lat="39.744362" lon="-120.816384"><ele>1941.4</ele><time>2024-07-09T00:28:18Z</time></trkpt>
<trkpt lat="39.744422" lon="-120.816687"><ele>1943.4</ele><time>2024-07-09T00:28:31Z</time></trkpt>
<trkpt lat="39.744343" lon="-120.817028"><ele>1946.2</ele><time>2024-07-09T00:29:01Z</time></trkpt>
<trkpt lat="39.744398" lon="-120.817723"><ele>1955.0</ele><time>2024-07-09T00:29:59Z</time></trkpt>
<trkpt lat="39.744581" lon="-120.817811"><ele>1956.8</ele><time>2024-07-09T00:30:12Z</time></trkpt>
<trkpt lat="39.744623" lon="-120.818860"><ele>1969.0</ele><time>2024-07-09T00:31:47Z</time></trkpt>
<trkpt lat="39.744515" lon="-120.819165"><ele>1972.2</ele><time>2024-07-09T00:32:03Z</time></trkpt>
<trkpt lat="39.744320" lon="-120.819363"><ele>1974.2</ele><time>2024-07-09T00:32:17Z</time></trkpt>
<trkpt lat="39.744058" lon="-120.820904"><ele>1983.0</ele><time>2024-07-09T00:34:01Z</time></trkpt>
<trkpt lat="39.744324" lon="-120.821728"><ele>1983.2</ele><time>2024-07-09T00:35:00Z</time></trkpt>
<trkpt lat="39.744740" lon="-120.821855"><ele>1976.2</ele><time>2024-07-09T00:35:38Z</time></trkpt>
<trkpt lat="39.745036" lon="-120.822151"><ele>1976.2</ele><time>2024-07-09T00:36:02Z</time></trkpt>
<trkpt lat="39.745175" lon="-120.822145"><ele>1976.8</ele><time>2024-07-09T00:36:09Z</time></trkpt>
<trkpt lat="39.745213" lon="-120.822231"><ele>1977.4</ele><time>2024-07-09T00:36:15Z</time></trkpt>
<trkpt lat="39.745529" lon="-120.822367"><ele>1977.4</ele><time>2024-07-09T00:36:30Z</time></trkpt>
<trkpt lat="39.746588" lon="-120.823063"><ele>1973.4</ele><time>2024-07-09T00:38:05Z</time></trkpt>
<trkpt lat="39.746551" lon="-120.823057"><ele>1973.4</ele><time>2024-07-09T00:38:06Z</time></trkpt>
<trkpt lat="39.746651" lon="-120.823169"><ele>1974.2</ele><time>2024-07-09T00:38:14Z</time></trkpt>
<trkpt lat="39.746402" lon="-120.823879"><ele>1971.8</ele><time>2024-07-09T00:38:50Z</time></trkpt>
<trkpt lat="39.745961" lon="-120.824715"><ele>1970.4</ele><time>2024-07-09T00:39:58Z</time></trkpt>
<trkpt lat="39.745934" lon="-120.824851"><ele>1970.8</ele><time>2024-07-09T00:40:04Z</time></trkpt>
<trkpt lat="39.746005" lon="-120.824886"><ele>1972.8</ele><time>2024-07-09T00:40:12Z</time></trkpt>
<trkpt lat="39.745849" lon="-120.825239"><ele>1973.2</ele><time>2024-07-09T00:40:31Z</time></trkpt>
<trkpt lat="39.745883" lon="-120.825469"><ele>1974.4</ele><time>2024-07-09T00:40:47Z</time></trkpt>
<trkpt lat="39.745335" lon="-120.826188"><ele>1980.2</ele><time>2024-07-09T00:42:01Z</time></trkpt>
<trkpt lat="39.745370" lon="-120.826159"><ele>1980.4</ele><time>2024-07-09T00:42:02Z</time></trkpt>
<trkpt lat="39.745505" lon="-120.826327"><ele>1981.0</ele><time>2024-07-09T00:42:09Z</time></trkpt>
<trkpt lat="39.745525" lon="-120.826445"><ele>1981.0</ele><time>2024-07-09T00:42:15Z</time></trkpt>
<trkpt lat="39.745472" lon="-120.826533"><ele>1980.2</ele><time>2024-07-09T00:42:25Z</time></trkpt>
<trkpt lat="39.745890" lon="-120.826322"><ele>1979.6</ele><time>2024-07-09T00:42:53Z</time></trkpt>
<trkpt lat="39.746415" lon="-120.826229"><ele>1974.0</ele><time>2024-07-09T00:43:29Z</time></trkpt>
<trkpt lat="39.746692" lon="-120.826106"><ele>1969.4</ele><time>2024-07-09T00:43:55Z</time></trkpt>
<trkpt lat="39.746696" lon="-120.826168"><ele>1967.2</ele><time>2024-07-09T00:44:01Z</time></trkpt>
<trkpt lat="39.746913" lon="-120.826246"><ele>1965.8</ele><time>2024-07-09T00:44:16Z</time></trkpt>
<trkpt lat="39.747023" lon="-120.826201"><ele>1964.8</ele><time>2024-07-09T00:44:25Z</time></trkpt>
<trkpt lat="39.747352" lon="-120.826285"><ele>1962.0</ele><time>2024-07-09T00:44:49Z</time></trkpt>
<trkpt lat="39.747673" lon="-120.826437"><ele>1962.0</ele><time>2024-07-09T00:45:23Z</time></trkpt>
<trkpt lat="39.748115" lon="-120.826890"><ele>1964.8</ele><time>2024-07-09T00:46:11Z</time></trkpt>
<trkpt lat="39.748110" lon="-120.827567"><ele>1963.8</ele><time>2024-07-09T00:46:47Z</time></trkpt>
<trkpt lat="39.747884" lon="-120.828480"><ele>1966.6</ele><time>2024-07-09T00:47:59Z</time></trkpt>
<trkpt lat="39.747902" lon="-120.828439"><ele>1966.0</ele><time>2024-07-09T00:48:03Z</time></trkpt>
<trkpt lat="39.747964" lon="-120.828534"><ele>1965.8</ele><time>2024-07-09T00:48:07Z</time></trkpt>
<trkpt lat="39.747965" lon="-120.828758"><ele>1964.8</ele><time>2024-07-09T00:48:27Z</time></trkpt>
<trkpt lat="39.748264" lon="-120.829287"><ele>1955.8</ele><time>2024-07-09T00:49:13Z</time></trkpt>
<trkpt lat="39.748307" lon="-120.829059"><ele>1951.4</ele><time>2024-07-09T00:49:39Z</time></trkpt>
<trkpt lat="39.748277" lon="-120.828843"><ele>1950.8</ele><time>2024-07-09T00:49:53Z</time></trkpt>
<trkpt lat="39.748187" lon="-120.828734"><ele>1949.6</ele><time>2024-07-09T00:50:06Z</time></trkpt>
<trkpt lat="39.748267" lon="-120.828784"><ele>1948.8</ele><time>2024-07-09T00:50:12Z</time></trkpt>
<trkpt lat="39.748345" lon="-120.829283"><ele>1942.6</ele><time>2024-07-09T00:50:44Z</time></trkpt>
<trkpt lat="39.748050" lon="-120.829750"><ele>1938.0</ele><time>2024-07-09T00:51:22Z</time></trkpt>
<trkpt lat="39.748098" lon="-120.830173"><ele>1933.4</ele><time>2024-07-09T00:51:52Z</time></trkpt>
<trkpt lat="39.748058" lon="-120.830236"><ele>1932.0</ele><time>2024-07-09T00:51:59Z</time></trkpt>
<trkpt lat="39.748171" lon="-120.830454"><ele>1930.8</ele><time>2024-07-09T00:52:11Z</time></trkpt>
<trkpt lat="39.748103" lon="-120.830991"><ele>1934.8</ele><time>2024-07-09T00:53:02Z</time></trkpt>
<trkpt lat="39.747838" lon="-120.831728"><ele>1939.8</ele><time>2024-07-09T00:54:00Z</time></trkpt>
<trkpt lat="39.747912" lon="-120.831945"><ele>1940.8</ele><time>2024-07-09T00:54:07Z</time></trkpt>
<trkpt lat="39.747855" lon="-120.831899"><ele>1941.0</ele><time>2024-07-09T00:54:08Z</time></trkpt>
<trkpt lat="39.747789" lon="-120.831989"><ele>1941.0</ele><time>2024-07-09T00:54:16Z</time></trkpt>
<trkpt lat="39.747538" lon="-120.832504"><ele>1946.2</ele><time>2024-07-09T00:55:00Z</time></trkpt>
<trkpt lat="39.747433" lon="-120.833227"><ele>1953.6</ele><time>2024-07-09T00:56:00Z</time></trkpt>
<trkpt lat="39.747394" lon="-120.833178"><ele>1954.2</ele><time>2024-07-09T00:56:02Z</time></trkpt>
<trkpt lat="39.747411" lon="-120.833257"><ele>1955.4</ele><time>2024-07-09T00:56:07Z</time></trkpt>
<trkpt lat="39.747534" lon="-120.833312"><ele>1956.6</ele><time>2024-07-09T00:56:15Z</time></trkpt>
<trkpt lat="39.747524" lon="-120.833766"><ele>1961.4</ele><time>2024-07-09T00:56:42Z</time></trkpt>
<trkpt lat="39.747701" lon="-120.834240"><ele>1965.6</ele><time>2024-07-09T00:57:42Z</time></trkpt>
<trkpt lat="39.747849" lon="-120.834453"><ele>1967.4</ele><time>2024-07-09T00:58:00Z</time></trkpt>
<trkpt lat="39.747752" lon="-120.834648"><ele>1969.2</ele><time>2024-07-09T00:58:12Z</time></trkpt>
<trkpt lat="39.747885" lon="-120.835267"><ele>1974.8</ele><time>2024-07-09T00:59:14Z</time></trkpt>
<trkpt lat="39.747749" lon="-120.835762"><ele>1982.2</ele><time>2024-07-09T01:00:02Z</time></trkpt>
<trkpt lat="39.748107" lon="-120.836078"><ele>1987.6</ele><time>2024-07-09T01:00:34Z</time></trkpt>
<trkpt lat="39.748476" lon="-120.836243"><ele>1998.2</ele><time>2024-07-09T01:01:58Z</time></trkpt>
<trkpt lat="39.748547" lon="-120.836357"><ele>1998.4</ele><time>2024-07-09T01:02:09Z</time></trkpt>
<trkpt lat="39.748562" lon="-120.836515"><ele>1998.8</ele><time>2024-07-09T01:02:17Z</time></trkpt>
<trkpt lat="39.747974" lon="-120.837274"><ele>2011.6</ele><time>2024-07-09T01:04:04Z</time></trkpt>
<trkpt lat="39.748071" lon="-120.837436"><ele>2013.0</ele><time>2024-07-09T01:04:16Z</time></trkpt>
<trkpt lat="39.747994" lon="-120.838282"><ele>2019.4</ele><time>2024-07-09T01:05:18Z</time></trkpt>
<trkpt lat="39.748046" lon="-120.838509"><ele>2024.2</ele><time>2024-07-09T01:05:50Z</time></trkpt>
<trkpt lat="39.747998" lon="-120.838943"><ele>2027.6</ele><time>2024-07-09T01:06:14Z</time></trkpt>
<trkpt lat="39.748544" lon="-120.839727"><ele>2041.8</ele><time>2024-07-09T01:07:48Z</time></trkpt>
<trkpt lat="39.748753" lon="-120.840103"><ele>2043.6</ele><time>2024-07-09T01:08:01Z</time></trkpt>
<trkpt lat="39.748691" lon="-120.840102"><ele>2044.0</ele><time>2024-07-09T01:08:04Z</time></trkpt>
<trkpt lat="39.748901" lon="-120.840143"><ele>2044.2</ele><time>2024-07-09T01:08:16Z</time></trkpt>
<trkpt lat="39.749168" lon="-120.840361"><ele>2045.0</ele><time>2024-07-09T01:08:36Z</time></trkpt>
<trkpt lat="39.749561" lon="-120.840542"><ele>2051.4</ele><time>2024-07-09T01:09:20Z</time></trkpt>
<trkpt lat="39.749950" lon="-120.840839"><ele>2055.0</ele><time>2024-07-09T01:10:03Z</time></trkpt>
<trkpt lat="39.750069" lon="-120.840851"><ele>2055.8</ele><time>2024-07-09T01:10:13Z</time></trkpt>
<trkpt lat="39.750228" lon="-120.841011"><ele>2059.0</ele><time>2024-07-09T01:10:36Z</time></trkpt>
<trkpt lat="39.750331" lon="-120.841241"><ele>2062.6</ele><time>2024-07-09T01:10:57Z</time></trkpt>
<trkpt lat="39.750565" lon="-120.841295"><ele>2064.6</ele><time>2024-07-09T01:11:15Z</time></trkpt>
<trkpt lat="39.750993" lon="-120.842208"><ele>2076.4</ele><time>2024-07-09T01:13:00Z</time></trkpt>
<trkpt lat="39.750949" lon="-120.842115"><ele>2076.6</ele><time>2024-07-09T01:13:16Z</time></trkpt>
<trkpt lat="39.751014" lon="-120.842077"><ele>2074.2</ele><time>2024-07-09T01:15:01Z</time></trkpt>
<trkpt lat="39.750970" lon="-120.842060"><ele>2074.2</ele><time>2024-07-09T01:15:10Z</time></trkpt>
<trkpt lat="39.750987" lon="-120.842154"><ele>2073.6</ele><time>2024-07-09T01:17:19Z</time></trkpt>
<trkpt lat="39.750861" lon="-120.841978"><ele>2075.0</ele><time>2024-07-09T01:19:04Z</time></trkpt>
<trkpt lat="39.751003" lon="-120.842138"><ele>2075.0</ele><time>2024-07-09T01:19:08Z</time></trkpt>
<trkpt lat="39.751439" lon="-120.842078"><ele>2076.8</ele><time>2024-07-09T01:21:07Z</time></trkpt>
<trkpt lat="39.751078" lon="-120.842109"><ele>2076.8</ele><time>2024-07-09T01:21:10Z</time></trkpt>
<trkpt lat="39.751222" lon="-120.842235"><ele>2076.6</ele><time>2024-07-09T01:21:15Z</time></trkpt>
<trkpt lat="39.750626" lon="-120.841901"><ele>2076.8</ele><time>2024-07-09T01:23:02Z</time></trkpt>
<trkpt lat="39.750793" lon="-120.841992"><ele>2076.8</ele><time>2024-07-09T01:23:10Z</time></trkpt>
<trkpt lat="39.750937" lon="-120.842218"><ele>2076.6</ele><time>2024-07-09T01:23:16Z</time></trkpt>
<trkpt lat="39.750995" lon="-120.842218"><ele>2076.6</ele><time>2024-07-09T01:23:22Z</time></trkpt>
<trkpt lat="39.751018" lon="-120.842131"><ele>2076.6</ele><time>2024-07-09T01:23:24Z</time></trkpt>
<trkpt lat="39.751044" lon="-120.842469"><ele>2077.0</ele><time>2024-07-09T01:23:58Z</time></trkpt>
<trkpt lat="39.750969" lon="-120.842098"><ele>2076.0</ele><time>2024-07-09T01:24:11Z</time></trkpt>
<trkpt lat="39.751028" lon="-120.842282"><ele>2076.0</ele><time>2024-07-09T01:26:15Z</time></trkpt>
<trkpt lat="39.751039" lon="-120.842198"><ele>2076.4</ele><time>2024-07-09T01:27:30Z</time></trkpt>
<trkpt lat="39.751099" lon="-120.842234"><ele>2076.4</ele><time>2024-07-09T01:28:05Z</time></trkpt>
<trkpt lat="39.751059" lon="-120.842168"><ele>2076.2</ele><time>2024-07-09T01:28:12Z</time></trkpt>
<trkpt lat="39.751009" lon="-120.842261"><ele>2076.2</ele><time>2024-07-09T01:28:17Z</time></trkpt>
<trkpt lat="39.751036" lon="-120.842172"><ele>2074.6</ele><time>2024-07-09T01:29:54Z</time></trkpt>
<trkpt lat="39.750956" lon="-120.842219"><ele>2074.4</ele><time>2024-07-09T01:30:06Z</time></trkpt>
<trkpt lat="39.751015" lon="-120.842153"><ele>2074.2</ele><time>2024-07-09T01:30:13Z</time></trkpt>
<trkpt lat="39.751071" lon="-120.842302"><ele>2074.6</ele><time>2024-07-09T01:36:18Z</time></trkpt>
<trkpt lat="39.750777" lon="-120.842831"><ele>2076.8</ele><time>2024-07-09T01:37:19Z</time></trkpt>
<trkpt lat="39.750553" lon="-120.843458"><ele>2078.4</ele><time>2024-07-09T01:38:01Z</time></trkpt>
<trkpt lat="39.750664" lon="-120.843596"><ele>2078.0</ele><time>2024-07-09T01:38:12Z</time></trkpt>
<trkpt lat="39.750960" lon="-120.844823"><ele>2080.2</ele><time>2024-07-09T01:39:21Z</time></trkpt>
<trkpt lat="39.751211" lon="-120.845171"><ele>2084.6</ele><time>2024-07-09T01:40:06Z</time></trkpt>
<trkpt lat="39.752144" lon="-120.845493"><ele>2091.8</ele><time>2024-07-09T01:41:26Z</time></trkpt>
<trkpt lat="39.752610" lon="-120.845510"><ele>2096.4</ele><time>2024-07-09T01:42:02Z</time></trkpt>
<trkpt lat="39.752615" lon="-120.845439"><ele>2096.6</ele><time>2024-07-09T01:42:07Z</time></trkpt>
<trkpt lat="39.753720" lon="-120.844946"><ele>2106.4</ele><time>2024-07-09T01:44:00Z</time></trkpt>
<trkpt lat="39.754701" lon="-120.845308"><ele>2109.4</ele><time>2024-07-09T01:45:07Z</time></trkpt>
<trkpt lat="39.755340" lon="-120.845400"><ele>2115.6</ele><time>2024-07-09T01:46:07Z</time></trkpt>
<trkpt lat="39.756679" lon="-120.845891"><ele>2128.6</ele><time>2024-07-09T01:48:14Z</time></trkpt>
<trkpt lat="39.757235" lon="-120.846476"><ele>2130.6</ele><time>2024-07-09T01:48:59Z</time></trkpt>
<trkpt lat="39.757685" lon="-120.847110"><ele>2136.8</ele><time>2024-07-09T01:49:59Z</time></trkpt>
<trkpt lat="39.757633" lon="-120.847148"><ele>2137.0</ele><time>2024-07-09T01:50:02Z</time></trkpt>
<trkpt lat="39.757629" lon="-120.847349"><ele>2137.4</ele><time>2024-07-09T01:50:16Z</time></trkpt>
<trkpt lat="39.757982" lon="-120.847999"><ele>2141.2</ele><time>2024-07-09T01:51:03Z</time></trkpt>
<trkpt lat="39.758298" lon="-120.848796"><ele>2141.2</ele><time>2024-07-09T01:52:00Z</time></trkpt>
<trkpt lat="39.758122" lon="-120.849020"><ele>2139.4</ele><time>2024-07-09T01:52:16Z</time></trkpt>
<trkpt lat="39.758300" lon="-120.849371"><ele>2139.0</ele><time>2024-07-09T01:52:59Z</time></trkpt>
<trkpt lat="39.758313" lon="-120.849965"><ele>2139.2</ele><time>2024-07-09T01:53:47Z</time></trkpt>
<trkpt lat="39.758412" lon="-120.850545"><ele>2132.4</ele><time>2024-07-09T01:54:15Z</time></trkpt>
<trkpt lat="39.758158" lon="-120.851936"><ele>2130.8</ele><time>2024-07-09T01:55:41Z</time></trkpt>
<trkpt lat="39.757650" lon="-120.852270"><ele>2129.2</ele><time>2024-07-09T01:55:59Z</time></trkpt>
<trkpt lat="39.758178" lon="-120.852407"><ele>2128.6</ele><time>2024-07-09T01:56:00Z</time></trkpt>
<trkpt lat="39.758434" lon="-120.852248"><ele>2128.4</ele><time>2024-07-09T01:56:02Z</time></trkpt>
<trkpt lat="39.758542" lon="-120.852353"><ele>2128.2</ele><time>2024-07-09T01:56:07Z</time></trkpt>
<trkpt lat="39.758690" lon="-120.853314"><ele>2125.0</ele><time>2024-07-09T01:57:03Z</time></trkpt>
<trkpt lat="39.758721" lon="-120.854009"><ele>2118.6</ele><time>2024-07-09T01:57:41Z</time></trkpt>
<trkpt lat="39.758709" lon="-120.854202"><ele>2117.8</ele><time>2024-07-09T01:57:53Z</time></trkpt>
<trkpt lat="39.758658" lon="-120.854235"><ele>2117.0</ele><time>2024-07-09T01:58:00Z</time></trkpt>
<trkpt lat="39.758993" lon="-120.855193"><ele>2114.2</ele><time>2024-07-09T01:59:01Z</time></trkpt>
<trkpt lat="39.759460" lon="-120.855329"><ele>2107.2</ele><time>2024-07-09T01:59:51Z</time></trkpt>
<trkpt lat="39.759850" lon="-120.855523"><ele>2106.2</ele><time>2024-07-09T02:00:18Z</time></trkpt>
<trkpt lat="39.760006" lon="-120.855445"><ele>2103.6</ele><time>2024-07-09T02:00:35Z</time></trkpt>
<trkpt lat="39.760776" lon="-120.855420"><ele>2096.2</ele><time>2024-07-09T02:01:49Z</time></trkpt>
<trkpt lat="39.761166" lon="-120.855600"><ele>2094.6</ele><time>2024-07-09T02:02:06Z</time></trkpt>
<trkpt lat="39.761256" lon="-120.855554"><ele>2094.6</ele><time>2024-07-09T02:02:08Z</time></trkpt>
<trkpt lat="39.761562" lon="-120.855648"><ele>2089.6</ele><time>2024-07-09T02:02:37Z</time></trkpt>
<trkpt lat="39.761804" lon="-120.855749"><ele>2086.2</ele><time>2024-07-09T02:02:57Z</time></trkpt>
<trkpt lat="39.762506" lon="-120.856300"><ele>2080.4</ele><time>2024-07-09T02:04:01Z</time></trkpt>
<trkpt lat="39.762737" lon="-120.856567"><ele>2078.8</ele><time>2024-07-09T02:04:17Z</time></trkpt>
<trkpt lat="39.763647" lon="-120.857129"><ele>2067.6</ele><time>2024-07-09T02:05:45Z</time></trkpt>
<trkpt lat="39.763973" lon="-120.857462"><ele>2064.8</ele><time>2024-07-09T02:06:09Z</time></trkpt>
<trkpt lat="39.764165" lon="-120.857448"><ele>2064.2</ele><time>2024-07-09T02:06:20Z</time></trkpt>
<trkpt lat="39.764495" lon="-120.857606"><ele>2060.8</ele><time>2024-07-09T02:06:52Z</time></trkpt>
<trkpt lat="39.764859" lon="-120.857671"><ele>2059.0</ele><time>2024-07-09T02:07:18Z</time></trkpt>
<trkpt lat="39.766140" lon="-120.857808"><ele>2051.4</ele><time>2024-07-09T02:08:47Z</time></trkpt>
<trkpt lat="39.767132" lon="-120.858373"><ele>2046.6</ele><time>2024-07-09T02:10:12Z</time></trkpt>
<trkpt lat="39.767655" lon="-120.859143"><ele>2046.0</ele><time>2024-07-09T02:11:41Z</time></trkpt>
<trkpt lat="39.767712" lon="-120.859396"><ele>2045.4</ele><time>2024-07-09T02:12:01Z</time></trkpt>
<trkpt lat="39.767791" lon="-120.859364"><ele>2045.4</ele><time>2024-07-09T02:12:03Z</time></trkpt>
<trkpt lat="39.768070" lon="-120.859467"><ele>2046.8</ele><time>2024-07-09T02:12:15Z</time></trkpt>
<trkpt lat="39.768540" lon="-120.859860"><ele>2048.8</ele><time>2024-07-09T02:13:03Z</time></trkpt>
<trkpt lat="39.768993" lon="-120.860467"><ele>2048.2</ele><time>2024-07-09T02:13:51Z</time></trkpt>
<trkpt lat="39.769246" lon="-120.860664"><ele>2050.0</ele><time>2024-07-09T02:14:15Z</time></trkpt>
<trkpt lat="39.769452" lon="-120.861042"><ele>2049.2</ele><time>2024-07-09T02:14:45Z</time></trkpt>
<trkpt lat="39.769712" lon="-120.861807"><ele>2051.8</ele><time>2024-07-09T02:15:41Z</time></trkpt>
<trkpt lat="39.769768" lon="-120.862045"><ele>2051.0</ele><time>2024-07-09T02:16:01Z</time></trkpt>
<trkpt lat="39.768362" lon="-120.862564"><ele>2050.4</ele><time>2024-07-09T02:16:10Z</time></trkpt>
<trkpt lat="39.768913" lon="-120.862692"><ele>2050.2</ele><time>2024-07-09T02:16:11Z</time></trkpt>
<trkpt lat="39.769342" lon="-120.862505"><ele>2050.0</ele><time>2024-07-09T02:16:12Z</time></trkpt>
<trkpt lat="39.769815" lon="-120.862157"><ele>2050.0</ele><time>2024-07-09T02:16:13Z</time></trkpt>
<trkpt lat="39.770296" lon="-120.861998"><ele>2049.6</ele><time>2024-07-09T02:16:18Z</time></trkpt>
<trkpt lat="39.770624" lon="-120.862754"><ele>2049.6</ele><time>2024-07-09T02:16:53Z</time></trkpt>
<trkpt lat="39.770645" lon="-120.863068"><ele>2049.2</ele><time>2024-07-09T02:17:07Z</time></trkpt>
<trkpt lat="39.770866" lon="-120.863451"><ele>2050.4</ele><time>2024-07-09T02:17:51Z</time></trkpt>
<trkpt lat="39.771060" lon="-120.863525"><ele>2049.0</ele><time>2024-07-09T02:18:03Z</time></trkpt>
<trkpt lat="39.771173" lon="-120.863749"><ele>2047.2</ele><time>2024-07-09T02:18:12Z</time></trkpt>
<trkpt lat="39.771927" lon="-120.864162"><ele>2042.6</ele><time>2024-07-09T02:19:11Z</time></trkpt>
<trkpt lat="39.772268" lon="-120.864445"><ele>2042.0</ele><time>2024-07-09T02:19:53Z</time></trkpt>
<trkpt lat="39.772846" lon="-120.864627"><ele>2048.8</ele><time>2024-07-09T02:20:49Z</time></trkpt>
<trkpt lat="39.773340" lon="-120.864748"><ele>2047.6</ele><time>2024-07-09T02:21:29Z</time></trkpt>
<trkpt lat="39.773726" lon="-120.864964"><ele>2047.4</ele><time>2024-07-09T02:22:03Z</time></trkpt>
<trkpt lat="39.773961" lon="-120.865366"><ele>2046.8</ele><time>2024-07-09T02:22:15Z</time></trkpt>
<trkpt lat="39.774057" lon="-120.866973"><ele>2056.2</ele><time>2024-07-09T02:24:04Z</time></trkpt>
<trkpt lat="39.774109" lon="-120.866998"><ele>2057.4</ele><time>2024-07-09T02:24:11Z</time></trkpt>
<trkpt lat="39.774224" lon="-120.867663"><ele>2066.2</ele><time>2024-07-09T02:25:18Z</time></trkpt>
<trkpt lat="39.774294" lon="-120.868416"><ele>2072.0</ele><time>2024-07-09T02:26:01Z</time></trkpt>
<trkpt lat="39.774201" lon="-120.868732"><ele>2072.2</ele><time>2024-07-09T02:26:19Z</time></trkpt>
<trkpt lat="39.774183" lon="-120.869186"><ele>2075.2</ele><time>2024-07-09T02:27:04Z</time></trkpt>
<trkpt lat="39.774255" lon="-120.869394"><ele>2076.2</ele><time>2024-07-09T02:27:16Z</time></trkpt>
<trkpt lat="39.774379" lon="-120.871193"><ele>2091.2</ele><time>2024-07-09T02:29:36Z</time></trkpt>
<trkpt lat="39.774379" lon="-120.871851"><ele>2090.4</ele><time>2024-07-09T02:30:03Z</time></trkpt>
<trkpt lat="39.774317" lon="-120.871842"><ele>2090.6</ele><time>2024-07-09T02:30:05Z</time></trkpt>
<trkpt lat="39.774152" lon="-120.872423"><ele>2095.6</ele><time>2024-07-09T02:30:43Z</time></trkpt>
<trkpt lat="39.773973" lon="-120.872788"><ele>2097.2</ele><time>2024-07-09T02:31:19Z</time></trkpt>
<trkpt lat="39.773912" lon="-120.873402"><ele>2102.4</ele><time>2024-07-09T02:32:02Z</time></trkpt>
<trkpt lat="39.774026" lon="-120.873461"><ele>2102.8</ele><time>2024-07-09T02:32:11Z</time></trkpt>
<trkpt lat="39.774508" lon="-120.874855"><ele>2116.0</ele><time>2024-07-09T02:34:03Z</time></trkpt>
<trkpt lat="39.774658" lon="-120.874959"><ele>2117.2</ele><time>2024-07-09T02:34:18Z</time></trkpt>
<trkpt lat="39.774752" lon="-120.874934"><ele>2117.8</ele><time>2024-07-09T02:34:22Z</time></trkpt>
<trkpt lat="39.775486" lon="-120.874451"><ele>2125.0</ele><time>2024-07-09T02:36:01Z</time></trkpt>
<trkpt lat="39.775696" lon="-120.874936"><ele>2125.2</ele><time>2024-07-09T02:36:02Z</time></trkpt>
<trkpt lat="39.775786" lon="-120.874841"><ele>2125.2</ele><time>2024-07-09T02:36:06Z</time></trkpt>
<trkpt lat="39.775929" lon="-120.874921"><ele>2125.4</ele><time>2024-07-09T02:36:12Z</time></trkpt>
<trkpt lat="39.776482" lon="-120.874862"><ele>2129.0</ele><time>2024-07-09T02:36:59Z</time></trkpt>
<trkpt lat="39.776601" lon="-120.874601"><ele>2130.4</ele><time>2024-07-09T02:37:21Z</time></trkpt>
<trkpt lat="39.776254" lon="-120.874185"><ele>2134.2</ele><time>2024-07-09T02:38:16Z</time></trkpt>
<trkpt lat="39.775587" lon="-120.873481"><ele>2130.0</ele><time>2024-07-09T02:39:08Z</time></trkpt>
<trkpt lat="39.775911" lon="-120.873450"><ele>2129.8</ele><time>2024-07-09T02:39:09Z</time></trkpt>
<trkpt lat="39.775808" lon="-120.873456"><ele>2129.8</ele><time>2024-07-09T02:39:10Z</time></trkpt>
<trkpt lat="39.776194" lon="-120.873137"><ele>2129.6</ele><time>2024-07-09T02:39:15Z</time></trkpt>
<trkpt lat="39.776313" lon="-120.872906"><ele>2129.6</ele><time>2024-07-09T02:39:17Z</time></trkpt>
<trkpt lat="39.776988" lon="-120.872549"><ele>2130.2</ele><time>2024-07-09T02:39:42Z</time></trkpt>
<trkpt lat="39.777250" lon="-120.872314"><ele>2131.2</ele><time>2024-07-09T02:39:56Z</time></trkpt>
<trkpt lat="39.777072" lon="-120.872323"><ele>2131.0</ele><time>2024-07-09T02:40:00Z</time></trkpt>
<trkpt lat="39.777046" lon="-120.872257"><ele>2131.0</ele><time>2024-07-09T02:40:05Z</time></trkpt>
<trkpt lat="39.777297" lon="-120.871984"><ele>2129.6</ele><time>2024-07-09T02:40:32Z</time></trkpt>
<trkpt lat="39.777625" lon="-120.871938"><ele>2127.6</ele><time>2024-07-09T02:40:54Z</time></trkpt>
<trkpt lat="39.777728" lon="-120.871859"><ele>2127.4</ele><time>2024-07-09T02:40:59Z</time></trkpt>
<trkpt lat="39.777699" lon="-120.871724"><ele>2127.2</ele><time>2024-07-09T02:41:05Z</time></trkpt>
<trkpt lat="39.777776" lon="-120.871491"><ele>2127.0</ele><time>2024-07-09T02:41:16Z</time></trkpt>
<trkpt lat="39.777910" lon="-120.871322"><ele>2126.8</ele><time>2024-07-09T02:41:30Z</time></trkpt>
<trkpt lat="39.778309" lon="-120.871062"><ele>2125.8</ele><time>2024-07-09T02:41:59Z</time></trkpt>
<trkpt lat="39.778272" lon="-120.871079"><ele>2125.8</ele><time>2024-07-09T02:42:01Z</time></trkpt>
<trkpt lat="39.778303" lon="-120.870974"><ele>2125.4</ele><time>2024-07-09T02:42:07Z</time></trkpt>
<trkpt lat="39.778531" lon="-120.870685"><ele>2123.2</ele><time>2024-07-09T02:42:42Z</time></trkpt>
<trkpt lat="39.778909" lon="-120.870693"><ele>2119.0</ele><time>2024-07-09T02:43:10Z</time></trkpt>
<trkpt lat="39.779693" lon="-120.871291"><ele>2110.8</ele><time>2024-07-09T02:44:04Z</time></trkpt>
<trkpt lat="39.779932" lon="-120.871400"><ele>2109.0</ele><time>2024-07-09T02:44:21Z</time></trkpt>
<trkpt lat="39.780274" lon="-120.871349"><ele>2103.8</ele><time>2024-07-09T02:44:52Z</time></trkpt>
<trkpt lat="39.780961" lon="-120.871887"><ele>2097.4</ele><time>2024-07-09T02:45:56Z</time></trkpt>
<trkpt lat="39.781840" lon="-120.873158"><ele>2085.2</ele><time>2024-07-09T02:47:32Z</time></trkpt>
<trkpt lat="39.782059" lon="-120.873624"><ele>2080.2</ele><time>2024-07-09T02:48:06Z</time></trkpt>
<trkpt lat="39.782222" lon="-120.873789"><ele>2079.0</ele><time>2024-07-09T02:48:19Z</time></trkpt>
<trkpt lat="39.782272" lon="-120.873769"><ele>2078.2</ele><time>2024-07-09T02:48:50Z</time></trkpt>
<trkpt lat="39.781876" lon="-120.873473"><ele>2070.0</ele><time>2024-07-09T02:50:11Z</time></trkpt>
<trkpt lat="39.781731" lon="-120.873509"><ele>2069.0</ele><time>2024-07-09T02:50:22Z</time></trkpt>
<trkpt lat="39.780810" lon="-120.873237"><ele>2061.4</ele><time>2024-07-09T02:51:14Z</time></trkpt>
<trkpt lat="39.780620" lon="-120.873255"><ele>2057.8</ele><time>2024-07-09T02:51:38Z</time></trkpt>
<trkpt lat="39.780296" lon="-120.873795"><ele>2052.4</ele><time>2024-07-09T02:52:17Z</time></trkpt>
<trkpt lat="39.780458" lon="-120.873970"><ele>2051.4</ele><time>2024-07-09T02:52:24Z</time></trkpt>
<trkpt lat="39.780364" lon="-120.874274"><ele>2048.2</ele><time>2024-07-09T02:52:48Z</time></trkpt>
<trkpt lat="39.780396" lon="-120.874409"><ele>2047.2</ele><time>2024-07-09T02:52:56Z</time></trkpt>
<trkpt lat="39.780721" lon="-120.874518"><ele>2044.0</ele><time>2024-07-09T02:53:20Z</time></trkpt>
<trkpt lat="39.780842" lon="-120.874628"><ele>2042.8</ele><time>2024-07-09T02:53:32Z</time></trkpt>
<trkpt lat="39.780890" lon="-120.874935"><ele>2040.4</ele><time>2024-07-09T02:53:54Z</time></trkpt>
<trkpt lat="39.781007" lon="-120.874989"><ele>2038.0</ele><time>2024-07-09T02:54:14Z</time></trkpt>
<trkpt lat="39.781022" lon="-120.875064"><ele>2036.4</ele><time>2024-07-09T02:55:39Z</time></trkpt>
<trkpt lat="39.781161" lon="-120.875012"><ele>2034.6</ele><time>2024-07-09T02:56:24Z</time></trkpt>
<trkpt lat="39.781048" lon="-120.875094"><ele>2039.4</ele><time>2024-07-09T02:58:11Z</time></trkpt>
<trkpt lat="39.780940" lon="-120.875008"><ele>2039.8</ele><time>2024-07-09T02:58:16Z</time></trkpt>
<trkpt lat="39.781022" lon="-120.875027"><ele>2039.8</ele><time>2024-07-09T02:58:19Z</time></trkpt>
<trkpt lat="39.781016" lon="-120.875151"><ele>2040.8</ele><time>2024-07-09T03:00:05Z</time></trkpt>
<trkpt lat="39.781093" lon="-120.875063"><ele>2040.6</ele><time>2024-07-09T03:00:18Z</time></trkpt>
<trkpt lat="39.780486" lon="-120.874864"><ele>2040.8</ele><time>2024-07-09T03:02:06Z</time></trkpt>
<trkpt lat="39.780432" lon="-120.874931"><ele>2041.0</ele><time>2024-07-09T03:02:08Z</time></trkpt>
<trkpt lat="39.780876" lon="-120.874791"><ele>2041.2</ele><time>2024-07-09T03:02:12Z</time></trkpt>
<trkpt lat="39.780931" lon="-120.874717"><ele>2041.2</ele><time>2024-07-09T03:02:19Z</time></trkpt>
<trkpt lat="39.781001" lon="-120.875289"><ele>2040.4</ele><time>2024-07-09T03:04:08Z</time></trkpt>
<trkpt lat="39.781020" lon="-120.875053"><ele>2040.8</ele><time>2024-07-09T03:04:17Z</time></trkpt>
<trkpt lat="39.781080" lon="-120.875077"><ele>2041.2</ele><time>2024-07-09T03:04:21Z</time></trkpt>
<trkpt lat="39.781044" lon="-120.875008"><ele>2041.2</ele><time>2024-07-09T03:05:48Z</time></trkpt>
<trkpt lat="39.781088" lon="-120.875029"><ele>2041.4</ele><time>2024-07-09T03:06:16Z</time></trkpt>
<trkpt lat="39.780828" lon="-120.875337"><ele>2040.2</ele><time>2024-07-09T03:08:05Z</time></trkpt>
<trkpt lat="39.781077" lon="-120.875063"><ele>2040.8</ele><time>2024-07-09T03:08:17Z</time></trkpt>
<trkpt lat="39.781053" lon="-120.874953"><ele>2041.0</ele><time>2024-07-09T03:09:55Z</time></trkpt>
<trkpt lat="39.780953" lon="-120.874889"><ele>2042.0</ele><time>2024-07-09T03:10:08Z</time></trkpt>
<trkpt lat="39.780965" lon="-120.874991"><ele>2042.4</ele><time>2024-07-09T03:10:20Z</time></trkpt>
<trkpt lat="39.780896" lon="-120.875045"><ele>2040.4</ele><time>2024-07-09T03:10:43Z</time></trkpt>
<trkpt lat="39.780997" lon="-120.874707"><ele>2046.0</ele><time>2024-07-09T03:14:06Z</time></trkpt>
<trkpt lat="39.780916" lon="-120.874742"><ele>2046.8</ele><time>2024-07-09T03:14:13Z</time></trkpt>
<trkpt lat="39.780648" lon="-120.873813"><ele>2058.0</ele><time>2024-07-09T03:16:03Z</time></trkpt>
<trkpt lat="39.780448" lon="-120.873840"><ele>2061.6</ele><time>2024-07-09T03:16:22Z</time></trkpt>
<trkpt lat="39.780765" lon="-120.873569"><ele>2067.2</ele><time>2024-07-09T03:17:07Z</time></trkpt>
<trkpt lat="39.781206" lon="-120.873370"><ele>2071.6</ele><time>2024-07-09T03:18:09Z</time></trkpt>
<trkpt lat="39.782327" lon="-120.873815"><ele>2085.0</ele><time>2024-07-09T03:20:18Z</time></trkpt>
<trkpt lat="39.782663" lon="-120.873887"><ele>2087.2</ele><time>2024-07-09T03:20:34Z</time></trkpt>
<trkpt lat="39.783521" lon="-120.874863"><ele>2087.0</ele><time>2024-07-09T03:22:33Z</time></trkpt>
<trkpt lat="39.784642" lon="-120.875155"><ele>2082.0</ele><time>2024-07-09T03:24:07Z</time></trkpt>
<trkpt lat="39.785339" lon="-120.875651"><ele>2076.8</ele><time>2024-07-09T03:25:15Z</time></trkpt>
<trkpt lat="39.785949" lon="-120.876196"><ele>2070.0</ele><time>2024-07-09T03:26:11Z</time></trkpt>
<trkpt lat="39.786317" lon="-120.876250"><ele>2068.0</ele><time>2024-07-09T03:26:38Z</time></trkpt>
<trkpt lat="39.786629" lon="-120.876534"><ele>2063.4</ele><time>2024-07-09T03:27:12Z</time></trkpt>
<trkpt lat="39.786876" lon="-120.877387"><ele>2056.0</ele><time>2024-07-09T03:28:05Z</time></trkpt>
<trkpt lat="39.786997" lon="-120.877376"><ele>2055.4</ele><time>2024-07-09T03:28:13Z</time></trkpt>
<trkpt lat="39.786951" lon="-120.877375"><ele>2055.4</ele><time>2024-07-09T03:28:23Z</time></trkpt>
<trkpt lat="39.787023" lon="-120.877248"><ele>2056.0</ele><time>2024-07-09T03:30:14Z</time></trkpt>
<trkpt lat="39.787007" lon="-120.877307"><ele>2055.8</ele><time>2024-07-09T03:30:19Z</time></trkpt>
<trkpt lat="39.787168" lon="-120.877477"><ele>2056.2</ele><time>2024-07-09T03:31:09Z</time></trkpt>
<trkpt lat="39.787239" lon="-120.877700"><ele>2057.0</ele><time>2024-07-09T03:31:23Z</time></trkpt>
<trkpt lat="39.787662" lon="-120.878162"><ele>2056.0</ele><time>2024-07-09T03:33:07Z</time></trkpt>
<trkpt lat="39.787679" lon="-120.878283"><ele>2056.0</ele><time>2024-07-09T03:33:43Z</time></trkpt>
<trkpt lat="39.787572" lon="-120.878167"><ele>2055.8</ele><time>2024-07-09T03:34:19Z</time></trkpt>
</trkseg></trk>
</gpx>
