<?xml version="1.0" encoding="UTF-8"?>
<gpx version="1.1" creator="Eric Sichak trip reports" xmlns="http://www.topografix.com/GPX/1/1">
<metadata><name>Morning Hike</name><time>2024-07-16T13:17:17Z</time></metadata>
<trk><name>Morning Hike</name><type>hike</type><trkseg>
<trkpt lat="40.352234" lon="-121.351171"><ele>1546.4</ele><time>2024-07-16T13:17:17Z</time></trkpt>
<trkpt lat="40.352183" lon="-121.351327"><ele>1549.6</ele><time>2024-07-16T13:18:44Z</time></trkpt>
<trkpt lat="40.352299" lon="-121.351175"><ele>1548.6</ele><time>2024-07-16T13:18:57Z</time></trkpt>
<trkpt lat="40.352439" lon="-121.351172"><ele>1550.6</ele><time>2024-07-16T13:19:33Z</time></trkpt>
<trkpt lat="40.352221" lon="-121.350587"><ele>1559.8</ele><time>2024-07-16T13:20:46Z</time></trkpt>
<trkpt lat="40.352310" lon="-121.350095"><ele>1562.8</ele><time>2024-07-16T13:21:15Z</time></trkpt>
<trkpt lat="40.352707" lon="-121.349605"><ele>1570.4</ele><time>2024-07-16T13:22:45Z</time></trkpt>
<trkpt lat="40.352828" lon="-121.349622"><ele>1570.2</ele><time>2024-07-16T13:22:54Z</time></trkpt>
<trkpt lat="40.353106" lon="-121.349946"><ele>1570.6</ele><time>2024-07-16T13:23:13Z</time></trkpt>
<trkpt lat="40.353425" lon="-121.350101"><ele>1571.8</ele><time>2024-07-16T13:23:51Z</time></trkpt>
<trkpt lat="40.353858" lon="-121.350654"><ele>1571.6</ele><time>2024-07-16T13:24:44Z</time></trkpt>
<trkpt lat="40.354051" lon="-121.350725"><ele>1570.8</ele><time>2024-07-16T13:25:00Z</time></trkpt>
<trkpt lat="40.354313" lon="-121.351126"><ele>1572.8</ele><time>2024-07-16T13:25:25Z</time></trkpt>
<trkpt lat="40.354728" lon="-121.352164"><ele>1573.0</ele><time>2024-07-16T13:26:44Z</time></trkpt>
<trkpt lat="40.354924" lon="-121.352343"><ele>1572.4</ele><time>2024-07-16T13:26:59Z</time></trkpt>
<trkpt lat="40.357240" lon="-121.352573"><ele>1576.6</ele><time>2024-07-16T13:30:09Z</time></trkpt>
<trkpt lat="40.357749" lon="-121.352720"><ele>1576.8</ele><time>2024-07-16T13:30:43Z</time></trkpt>
<trkpt lat="40.357938" lon="-121.352533"><ele>1576.8</ele><time>2024-07-16T13:30:59Z</time></trkpt>
<trkpt lat="40.359033" lon="-121.351887"><ele>1579.4</ele><time>2024-07-16T13:32:48Z</time></trkpt>
<trkpt lat="40.359187" lon="-121.352064"><ele>1579.4</ele><time>2024-07-16T13:33:02Z</time></trkpt>
<trkpt lat="40.359589" lon="-121.353824"><ele>1575.6</ele><time>2024-07-16T13:34:44Z</time></trkpt>
<trkpt lat="40.359737" lon="-121.353801"><ele>1575.4</ele><time>2024-07-16T13:34:53Z</time></trkpt>
<trkpt lat="40.360172" lon="-121.354274"><ele>1575.6</ele><time>2024-07-16T13:35:32Z</time></trkpt>
<trkpt lat="40.360388" lon="-121.354270"><ele>1576.0</ele><time>2024-07-16T13:36:06Z</time></trkpt>
<trkpt lat="40.360809" lon="-121.354438"><ele>1576.4</ele><time>2024-07-16T13:36:46Z</time></trkpt>
<trkpt lat="40.360935" lon="-121.354403"><ele>1576.6</ele><time>2024-07-16T13:36:48Z</time></trkpt>
<trkpt lat="40.360949" lon="-121.354523"><ele>1576.8</ele><time>2024-07-16T13:36:55Z</time></trkpt>
<trkpt lat="40.361593" lon="-121.355216"><ele>1580.0</ele><time>2024-07-16T13:38:20Z</time></trkpt>
<trkpt lat="40.361851" lon="-121.355644"><ele>1581.8</ele><time>2024-07-16T13:38:46Z</time></trkpt>
<trkpt lat="40.361991" lon="-121.355736"><ele>1583.6</ele><time>2024-07-16T13:38:58Z</time></trkpt>
<trkpt lat="40.362077" lon="-121.355713"><ele>1583.8</ele><time>2024-07-16T13:39:01Z</time></trkpt>
<trkpt lat="40.362397" lon="-121.357097"><ele>1601.2</ele><time>2024-07-16T13:41:06Z</time></trkpt>
<trkpt lat="40.362659" lon="-121.357289"><ele>1601.0</ele><time>2024-07-16T13:41:40Z</time></trkpt>
<trkpt lat="40.363564" lon="-121.357615"><ele>1590.0</ele><time>2024-07-16T13:42:44Z</time></trkpt>
<trkpt lat="40.363607" lon="-121.357737"><ele>1588.8</ele><time>2024-07-16T13:42:54Z</time></trkpt>
<trkpt lat="40.363980" lon="-121.357875"><ele>1585.6</ele><time>2024-07-16T13:43:18Z</time></trkpt>
<trkpt lat="40.364905" lon="-121.358075"><ele>1584.4</ele><time>2024-07-16T13:44:43Z</time></trkpt>
<trkpt lat="40.364876" lon="-121.358040"><ele>1584.0</ele><time>2024-07-16T13:44:45Z</time></trkpt>
<trkpt lat="40.365020" lon="-121.358269"><ele>1584.4</ele><time>2024-07-16T13:44:57Z</time></trkpt>
<trkpt lat="40.365408" lon="-121.358407"><ele>1584.0</ele><time>2024-07-16T13:45:36Z</time></trkpt>
<trkpt lat="40.366184" lon="-121.358900"><ele>1584.6</ele><time>2024-07-16T13:46:43Z</time></trkpt>
<trkpt lat="40.366385" lon="-121.358878"><ele>1584.6</ele><time>2024-07-16T13:47:00Z</time></trkpt>
<trkpt lat="40.366860" lon="-121.359424"><ele>1586.6</ele><time>2024-07-16T13:47:58Z</time></trkpt>
<trkpt lat="40.367442" lon="-121.359922"><ele>1585.2</ele><time>2024-07-16T13:48:46Z</time></trkpt>
<trkpt lat="40.367429" lon="-121.359818"><ele>1586.4</ele><time>2024-07-16T13:48:51Z</time></trkpt>
<trkpt lat="40.367513" lon="-121.359814"><ele>1587.2</ele><time>2024-07-16T13:48:56Z</time></trkpt>
<trkpt lat="40.368812" lon="-121.359903"><ele>1601.0</ele><time>2024-07-16T13:51:03Z</time></trkpt>
<trkpt lat="40.369536" lon="-121.360783"><ele>1617.0</ele><time>2024-07-16T13:52:50Z</time></trkpt>
<trkpt lat="40.370812" lon="-121.360462"><ele>1636.8</ele><time>2024-07-16T13:54:57Z</time></trkpt>
<trkpt lat="40.371666" lon="-121.358905"><ele>1643.2</ele><time>2024-07-16T13:56:54Z</time></trkpt>
<trkpt lat="40.372066" lon="-121.358493"><ele>1646.4</ele><time>2024-07-16T13:57:44Z</time></trkpt>
<trkpt lat="40.372525" lon="-121.357581"><ele>1658.2</ele><time>2024-07-16T13:58:52Z</time></trkpt>
<trkpt lat="40.372776" lon="-121.357560"><ele>1661.0</ele><time>2024-07-16T13:59:09Z</time></trkpt>
<trkpt lat="40.373179" lon="-121.357693"><ele>1671.0</ele><time>2024-07-16T14:00:25Z</time></trkpt>
<trkpt lat="40.373683" lon="-121.358017"><ele>1674.2</ele><time>2024-07-16T14:00:48Z</time></trkpt>
<trkpt lat="40.373604" lon="-121.357932"><ele>1674.6</ele><time>2024-07-16T14:00:50Z</time></trkpt>
<trkpt lat="40.373625" lon="-121.357747"><ele>1677.8</ele><time>2024-07-16T14:01:03Z</time></trkpt>
<trkpt lat="40.373438" lon="-121.357263"><ele>1682.2</ele><time>2024-07-16T14:01:40Z</time></trkpt>
<trkpt lat="40.373044" lon="-121.356404"><ele>1686.2</ele><time>2024-07-16T14:02:43Z</time></trkpt>
<trkpt lat="40.373099" lon="-121.356491"><ele>1686.6</ele><time>2024-07-16T14:02:49Z</time></trkpt>
<trkpt lat="40.373084" lon="-121.356410"><ele>1688.8</ele><time>2024-07-16T14:03:00Z</time></trkpt>
<trkpt lat="40.373395" lon="-121.356729"><ele>1691.6</ele><time>2024-07-16T14:03:26Z</time></trkpt>
<trkpt lat="40.373759" lon="-121.356754"><ele>1695.0</ele><time>2024-07-16T14:04:00Z</time></trkpt>
<trkpt lat="40.373970" lon="-121.357071"><ele>1696.8</ele><time>2024-07-16T14:04:36Z</time></trkpt>
<trkpt lat="40.374038" lon="-121.357362"><ele>1696.6</ele><time>2024-07-16T14:04:45Z</time></trkpt>
<trkpt lat="40.374075" lon="-121.357322"><ele>1696.8</ele><time>2024-07-16T14:04:47Z</time></trkpt>
<trkpt lat="40.373816" lon="-121.357708"><ele>1697.2</ele><time>2024-07-16T14:04:50Z</time></trkpt>
<trkpt lat="40.373983" lon="-121.357600"><ele>1697.4</ele><time>2024-07-16T14:04:52Z</time></trkpt>
<trkpt lat="40.373983" lon="-121.357707"><ele>1698.2</ele><time>2024-07-16T14:05:00Z</time></trkpt>
<trkpt lat="40.374779" lon="-121.358161"><ele>1714.8</ele><time>2024-07-16T14:06:40Z</time></trkpt>
<trkpt lat="40.374922" lon="-121.358267"><ele>1715.2</ele><time>2024-07-16T14:06:43Z</time></trkpt>
<trkpt lat="40.374820" lon="-121.358406"><ele>1716.4</ele><time>2024-07-16T14:06:48Z</time></trkpt>
<trkpt lat="40.375528" lon="-121.358917"><ele>1731.4</ele><time>2024-07-16T14:08:22Z</time></trkpt>
<trkpt lat="40.375964" lon="-121.359226"><ele>1733.8</ele><time>2024-07-16T14:08:49Z</time></trkpt>
<trkpt lat="40.376229" lon="-121.359512"><ele>1734.6</ele><time>2024-07-16T14:09:08Z</time></trkpt>
<trkpt lat="40.376600" lon="-121.360198"><ele>1736.0</ele><time>2024-07-16T14:10:02Z</time></trkpt>
<trkpt lat="40.376949" lon="-121.360640"><ele>1736.4</ele><time>2024-07-16T14:10:44Z</time></trkpt>
<trkpt lat="40.377362" lon="-121.360899"><ele>1744.0</ele><time>2024-07-16T14:11:36Z</time></trkpt>
<trkpt lat="40.377832" lon="-121.361445"><ele>1747.6</ele><time>2024-07-16T14:12:44Z</time></trkpt>
<trkpt lat="40.377924" lon="-121.361358"><ele>1747.4</ele><time>2024-07-16T14:13:01Z</time></trkpt>
<trkpt lat="40.377899" lon="-121.361398"><ele>1747.8</ele><time>2024-07-16T14:13:04Z</time></trkpt>
<trkpt lat="40.378772" lon="-121.362036"><ele>1753.8</ele><time>2024-07-16T14:14:47Z</time></trkpt>
<trkpt lat="40.379010" lon="-121.362078"><ele>1756.6</ele><time>2024-07-16T14:15:10Z</time></trkpt>
<trkpt lat="40.379228" lon="-121.362224"><ele>1760.0</ele><time>2024-07-16T14:15:42Z</time></trkpt>
<trkpt lat="40.379824" lon="-121.362347"><ele>1769.6</ele><time>2024-07-16T14:16:58Z</time></trkpt>
<trkpt lat="40.380279" lon="-121.362697"><ele>1779.4</ele><time>2024-07-16T14:18:10Z</time></trkpt>
<trkpt lat="40.380555" lon="-121.362823"><ele>1784.2</ele><time>2024-07-16T14:18:44Z</time></trkpt>
<trkpt lat="40.381065" lon="-121.363373"><ele>1792.4</ele><time>2024-07-16T14:19:59Z</time></trkpt>
<trkpt lat="40.381701" lon="-121.363872"><ele>1797.0</ele><time>2024-07-16T14:20:45Z</time></trkpt>
<trkpt lat="40.381666" lon="-121.364003"><ele>1797.6</ele><time>2024-07-16T14:20:51Z</time></trkpt>
<trkpt lat="40.381780" lon="-121.364125"><ele>1798.8</ele><time>2024-07-16T14:21:01Z</time></trkpt>
<trkpt lat="40.382839" lon="-121.364551"><ele>1803.4</ele><time>2024-07-16T14:22:35Z</time></trkpt>
<trkpt lat="40.383031" lon="-121.364673"><ele>1803.4</ele><time>2024-07-16T14:22:44Z</time></trkpt>
<trkpt lat="40.382970" lon="-121.364747"><ele>1803.8</ele><time>2024-07-16T14:22:50Z</time></trkpt>
<trkpt lat="40.383068" lon="-121.364852"><ele>1805.0</ele><time>2024-07-16T14:23:02Z</time></trkpt>
<trkpt lat="40.383758" lon="-121.365017"><ele>1810.2</ele><time>2024-07-16T14:24:11Z</time></trkpt>
<trkpt lat="40.383980" lon="-121.364950"><ele>1811.0</ele><time>2024-07-16T14:24:31Z</time></trkpt>
<trkpt lat="40.384250" lon="-121.364982"><ele>1812.4</ele><time>2024-07-16T14:24:44Z</time></trkpt>
<trkpt lat="40.384406" lon="-121.364883"><ele>1814.6</ele><time>2024-07-16T14:25:04Z</time></trkpt>
<trkpt lat="40.384893" lon="-121.364877"><ele>1822.2</ele><time>2024-07-16T14:26:05Z</time></trkpt>
<trkpt lat="40.385268" lon="-121.364993"><ele>1827.4</ele><time>2024-07-16T14:26:44Z</time></trkpt>
<trkpt lat="40.385436" lon="-121.364871"><ele>1829.6</ele><time>2024-07-16T14:27:00Z</time></trkpt>
<trkpt lat="40.385791" lon="-121.365021"><ele>1831.2</ele><time>2024-07-16T14:27:51Z</time></trkpt>
<trkpt lat="40.386197" lon="-121.365569"><ele>1833.4</ele><time>2024-07-16T14:28:31Z</time></trkpt>
<trkpt lat="40.386402" lon="-121.365708"><ele>1832.6</ele><time>2024-07-16T14:28:46Z</time></trkpt>
<trkpt lat="40.386334" lon="-121.365725"><ele>1832.4</ele><time>2024-07-16T14:28:47Z</time></trkpt>
<trkpt lat="40.386231" lon="-121.366016"><ele>1830.6</ele><time>2024-07-16T14:28:57Z</time></trkpt>
<trkpt lat="40.386311" lon="-121.366360"><ele>1827.4</ele><time>2024-07-16T14:29:13Z</time></trkpt>
<trkpt lat="40.386821" lon="-121.367064"><ele>1821.6</ele><time>2024-07-16T14:30:15Z</time></trkpt>
<trkpt lat="40.387070" lon="-121.367068"><ele>1819.6</ele><time>2024-07-16T14:30:41Z</time></trkpt>
<trkpt lat="40.387055" lon="-121.367158"><ele>1819.0</ele><time>2024-07-16T14:30:45Z</time></trkpt>
<trkpt lat="40.387160" lon="-121.367373"><ele>1817.6</ele><time>2024-07-16T14:31:00Z</time></trkpt>
<trkpt lat="40.387084" lon="-121.367690"><ele>1815.2</ele><time>2024-07-16T14:31:11Z</time></trkpt>
<trkpt lat="40.387283" lon="-121.368026"><ele>1812.8</ele><time>2024-07-16T14:31:23Z</time></trkpt>
<trkpt lat="40.387949" lon="-121.368548"><ele>1808.4</ele><time>2024-07-16T14:32:39Z</time></trkpt>
<trkpt lat="40.388046" lon="-121.368483"><ele>1809.8</ele><time>2024-07-16T14:32:50Z</time></trkpt>
<trkpt lat="40.388175" lon="-121.368525"><ele>1811.8</ele><time>2024-07-16T14:33:04Z</time></trkpt>
<trkpt lat="40.389110" lon="-121.369498"><ele>1824.2</ele><time>2024-07-16T14:35:04Z</time></trkpt>
<trkpt lat="40.390101" lon="-121.370255"><ele>1836.6</ele><time>2024-07-16T14:37:02Z</time></trkpt>
<trkpt lat="40.390761" lon="-121.370188"><ele>1842.8</ele><time>2024-07-16T14:38:05Z</time></trkpt>
<trkpt lat="40.390931" lon="-121.370088"><ele>1843.8</ele><time>2024-07-16T14:38:19Z</time></trkpt>
<trkpt lat="40.391223" lon="-121.370076"><ele>1842.2</ele><time>2024-07-16T14:38:47Z</time></trkpt>
<trkpt lat="40.391725" lon="-121.370358"><ele>1838.6</ele><time>2024-07-16T14:39:23Z</time></trkpt>
<trkpt lat="40.392079" lon="-121.370301"><ele>1835.8</ele><time>2024-07-16T14:39:49Z</time></trkpt>
<trkpt lat="40.392792" lon="-121.370381"><ele>1834.2</ele><time>2024-07-16T14:40:44Z</time></trkpt>
<trkpt lat="40.392689" lon="-121.370589"><ele>1834.6</ele><time>2024-07-16T14:40:50Z</time></trkpt>
<trkpt lat="40.392806" lon="-121.370613"><ele>1834.6</ele><time>2024-07-16T14:41:01Z</time></trkpt>
<trkpt lat="40.393394" lon="-121.370378"><ele>1829.8</ele><time>2024-07-16T14:41:45Z</time></trkpt>
<trkpt lat="40.393745" lon="-121.370631"><ele>1827.8</ele><time>2024-07-16T14:42:15Z</time></trkpt>
<trkpt lat="40.393962" lon="-121.370656"><ele>1827.0</ele><time>2024-07-16T14:42:29Z</time></trkpt>
<trkpt lat="40.394365" lon="-121.370214"><ele>1824.6</ele><time>2024-07-16T14:43:03Z</time></trkpt>
<trkpt lat="40.394554" lon="-121.370138"><ele>1822.4</ele><time>2024-07-16T14:43:21Z</time></trkpt>
<trkpt lat="40.394897" lon="-121.370271"><ele>1825.4</ele><time>2024-07-16T14:44:11Z</time></trkpt>
<trkpt lat="40.395169" lon="-121.370240"><ele>1828.0</ele><time>2024-07-16T14:44:41Z</time></trkpt>
<trkpt lat="40.395272" lon="-121.370052"><ele>1829.6</ele><time>2024-07-16T14:44:53Z</time></trkpt>
<trkpt lat="40.395484" lon="-121.369908"><ele>1832.4</ele><time>2024-07-16T14:45:19Z</time></trkpt>
<trkpt lat="40.395617" lon="-121.369564"><ele>1835.0</ele><time>2024-07-16T14:45:43Z</time></trkpt>
<trkpt lat="40.396205" lon="-121.369563"><ele>1845.8</ele><time>2024-07-16T14:46:54Z</time></trkpt>
<trkpt lat="40.396558" lon="-121.369646"><ele>1846.6</ele><time>2024-07-16T14:47:29Z</time></trkpt>
<trkpt lat="40.396794" lon="-121.369130"><ele>1846.8</ele><time>2024-07-16T14:48:17Z</time></trkpt>
<trkpt lat="40.397049" lon="-121.368897"><ele>1848.8</ele><time>2024-07-16T14:48:48Z</time></trkpt>
<trkpt lat="40.397215" lon="-121.368850"><ele>1848.6</ele><time>2024-07-16T14:48:56Z</time></trkpt>
<trkpt lat="40.397635" lon="-121.369175"><ele>1845.2</ele><time>2024-07-16T14:50:44Z</time></trkpt>
<trkpt lat="40.397595" lon="-121.369156"><ele>1844.8</ele><time>2024-07-16T14:50:51Z</time></trkpt>
<trkpt lat="40.397657" lon="-121.369169"><ele>1845.0</ele><time>2024-07-16T14:50:59Z</time></trkpt>
<trkpt lat="40.397689" lon="-121.369112"><ele>1843.8</ele><time>2024-07-16T14:52:31Z</time></trkpt>
<trkpt lat="40.397628" lon="-121.369119"><ele>1843.6</ele><time>2024-07-16T14:52:49Z</time></trkpt>
<trkpt lat="40.397715" lon="-121.369076"><ele>1843.8</ele><time>2024-07-16T14:52:54Z</time></trkpt>
<trkpt lat="40.397621" lon="-121.369155"><ele>1842.6</ele><time>2024-07-16T14:54:55Z</time></trkpt>
<trkpt lat="40.397708" lon="-121.368993"><ele>1841.8</ele><time>2024-07-16T14:55:07Z</time></trkpt>
<trkpt lat="40.397682" lon="-121.368953"><ele>1839.6</ele><time>2024-07-16T14:55:19Z</time></trkpt>
<trkpt lat="40.397726" lon="-121.369024"><ele>1836.0</ele><time>2024-07-16T14:55:45Z</time></trkpt>
<trkpt lat="40.397792" lon="-121.368843"><ele>1835.0</ele><time>2024-07-16T14:57:04Z</time></trkpt>
<trkpt lat="40.397609" lon="-121.369102"><ele>1843.2</ele><time>2024-07-16T15:00:33Z</time></trkpt>
<trkpt lat="40.397674" lon="-121.369135"><ele>1845.6</ele><time>2024-07-16T15:04:45Z</time></trkpt>
<trkpt lat="40.397604" lon="-121.369148"><ele>1845.0</ele><time>2024-07-16T15:04:54Z</time></trkpt>
<trkpt lat="40.397716" lon="-121.369038"><ele>1844.8</ele><time>2024-07-16T15:06:56Z</time></trkpt>
<trkpt lat="40.397666" lon="-121.369060"><ele>1844.4</ele><time>2024-07-16T15:07:00Z</time></trkpt>
<trkpt lat="40.397448" lon="-121.370342"><ele>1849.0</ele><time>2024-07-16T15:09:02Z</time></trkpt>
<trkpt lat="40.397547" lon="-121.370720"><ele>1850.2</ele><time>2024-07-16T15:09:36Z</time></trkpt>
<trkpt lat="40.397437" lon="-121.371219"><ele>1852.0</ele><time>2024-07-16T15:10:14Z</time></trkpt>
<trkpt lat="40.397484" lon="-121.371468"><ele>1852.4</ele><time>2024-07-16T15:10:46Z</time></trkpt>
<trkpt lat="40.397595" lon="-121.371777"><ele>1852.0</ele><time>2024-07-16T15:11:03Z</time></trkpt>
<trkpt lat="40.397880" lon="-121.372105"><ele>1849.4</ele><time>2024-07-16T15:11:28Z</time></trkpt>
<trkpt lat="40.398527" lon="-121.373098"><ele>1850.0</ele><time>2024-07-16T15:12:49Z</time></trkpt>
<trkpt lat="40.398576" lon="-121.373332"><ele>1850.8</ele><time>2024-07-16T15:13:03Z</time></trkpt>
<trkpt lat="40.398953" lon="-121.374088"><ele>1853.6</ele><time>2024-07-16T15:14:06Z</time></trkpt>
<trkpt lat="40.399415" lon="-121.374732"><ele>1851.2</ele><time>2024-07-16T15:14:48Z</time></trkpt>
<trkpt lat="40.399994" lon="-121.375743"><ele>1845.0</ele><time>2024-07-16T15:15:50Z</time></trkpt>
<trkpt lat="40.400366" lon="-121.376149"><ele>1846.8</ele><time>2024-07-16T15:16:45Z</time></trkpt>
<trkpt lat="40.400538" lon="-121.376178"><ele>1847.4</ele><time>2024-07-16T15:16:52Z</time></trkpt>
<trkpt lat="40.400636" lon="-121.376801"><ele>1849.0</ele><time>2024-07-16T15:17:30Z</time></trkpt>
<trkpt lat="40.400480" lon="-121.377462"><ele>1852.4</ele><time>2024-07-16T15:18:34Z</time></trkpt>
<trkpt lat="40.400465" lon="-121.377781"><ele>1852.0</ele><time>2024-07-16T15:18:46Z</time></trkpt>
<trkpt lat="40.400924" lon="-121.378420"><ele>1849.4</ele><time>2024-07-16T15:19:42Z</time></trkpt>
<trkpt lat="40.401526" lon="-121.378991"><ele>1847.0</ele><time>2024-07-16T15:20:47Z</time></trkpt>
<trkpt lat="40.402224" lon="-121.379181"><ele>1849.4</ele><time>2024-07-16T15:21:26Z</time></trkpt>
<trkpt lat="40.402578" lon="-121.379360"><ele>1856.4</ele><time>2024-07-16T15:22:18Z</time></trkpt>
<trkpt lat="40.402984" lon="-121.379768"><ele>1855.2</ele><time>2024-07-16T15:22:53Z</time></trkpt>
<trkpt lat="40.403518" lon="-121.380102"><ele>1856.4</ele><time>2024-07-16T15:23:34Z</time></trkpt>
<trkpt lat="40.404257" lon="-121.380738"><ele>1853.0</ele><time>2024-07-16T15:24:46Z</time></trkpt>
<trkpt lat="40.404286" lon="-121.380692"><ele>1852.4</ele><time>2024-07-16T15:24:50Z</time></trkpt>
<trkpt lat="40.404457" lon="-121.380778"><ele>1849.6</ele><time>2024-07-16T15:25:03Z</time></trkpt>
<trkpt lat="40.405192" lon="-121.381232"><ele>1842.2</ele><time>2024-07-16T15:26:26Z</time></trkpt>
<trkpt lat="40.405469" lon="-121.381565"><ele>1839.2</ele><time>2024-07-16T15:26:46Z</time></trkpt>
<trkpt lat="40.406031" lon="-121.381932"><ele>1834.2</ele><time>2024-07-16T15:27:20Z</time></trkpt>
<trkpt lat="40.406158" lon="-121.382482"><ele>1831.6</ele><time>2024-07-16T15:27:56Z</time></trkpt>
<trkpt lat="40.406609" lon="-121.383346"><ele>1828.8</ele><time>2024-07-16T15:29:01Z</time></trkpt>
<trkpt lat="40.406659" lon="-121.384074"><ele>1830.0</ele><time>2024-07-16T15:30:10Z</time></trkpt>
<trkpt lat="40.406904" lon="-121.384313"><ele>1826.6</ele><time>2024-07-16T15:30:36Z</time></trkpt>
<trkpt lat="40.407073" lon="-121.384625"><ele>1827.2</ele><time>2024-07-16T15:30:52Z</time></trkpt>
<trkpt lat="40.407238" lon="-121.384661"><ele>1828.2</ele><time>2024-07-16T15:31:04Z</time></trkpt>
<trkpt lat="40.408054" lon="-121.384579"><ele>1823.0</ele><time>2024-07-16T15:32:16Z</time></trkpt>
<trkpt lat="40.408507" lon="-121.384342"><ele>1818.0</ele><time>2024-07-16T15:32:49Z</time></trkpt>
<trkpt lat="40.408511" lon="-121.384246"><ele>1817.8</ele><time>2024-07-16T15:32:51Z</time></trkpt>
<trkpt lat="40.408932" lon="-121.384231"><ele>1816.6</ele><time>2024-07-16T15:33:34Z</time></trkpt>
<trkpt lat="40.409619" lon="-121.383999"><ele>1810.8</ele><time>2024-07-16T15:34:47Z</time></trkpt>
<trkpt lat="40.409593" lon="-121.383943"><ele>1810.8</ele><time>2024-07-16T15:34:48Z</time></trkpt>
<trkpt lat="40.409470" lon="-121.383885"><ele>1811.4</ele><time>2024-07-16T15:34:54Z</time></trkpt>
<trkpt lat="40.410529" lon="-121.384712"><ele>1824.0</ele><time>2024-07-16T15:36:45Z</time></trkpt>
<trkpt lat="40.410561" lon="-121.384899"><ele>1825.0</ele><time>2024-07-16T15:36:51Z</time></trkpt>
<trkpt lat="40.410872" lon="-121.385397"><ele>1832.2</ele><time>2024-07-16T15:37:26Z</time></trkpt>
<trkpt lat="40.410984" lon="-121.385626"><ele>1843.6</ele><time>2024-07-16T15:38:32Z</time></trkpt>
<trkpt lat="40.411117" lon="-121.385808"><ele>1844.6</ele><time>2024-07-16T15:38:46Z</time></trkpt>
<trkpt lat="40.411147" lon="-121.385759"><ele>1844.6</ele><time>2024-07-16T15:38:50Z</time></trkpt>
<trkpt lat="40.411089" lon="-121.385906"><ele>1845.0</ele><time>2024-07-16T15:38:55Z</time></trkpt>
<trkpt lat="40.411150" lon="-121.385979"><ele>1847.8</ele><time>2024-07-16T15:39:05Z</time></trkpt>
<trkpt lat="40.411286" lon="-121.386553"><ele>1851.2</ele><time>2024-07-16T15:39:34Z</time></trkpt>
<trkpt lat="40.411336" lon="-121.387210"><ele>1858.6</ele><time>2024-07-16T15:40:38Z</time></trkpt>
<trkpt lat="40.411436" lon="-121.387552"><ele>1858.4</ele><time>2024-07-16T15:40:59Z</time></trkpt>
<trkpt lat="40.411886" lon="-121.387309"><ele>1861.4</ele><time>2024-07-16T15:41:33Z</time></trkpt>
<trkpt lat="40.412394" lon="-121.387345"><ele>1862.0</ele><time>2024-07-16T15:42:25Z</time></trkpt>
<trkpt lat="40.412577" lon="-121.387244"><ele>1865.0</ele><time>2024-07-16T15:42:47Z</time></trkpt>
<trkpt lat="40.412806" lon="-121.387295"><ele>1867.8</ele><time>2024-07-16T15:43:02Z</time></trkpt>
<trkpt lat="40.413205" lon="-121.387011"><ele>1870.6</ele><time>2024-07-16T15:43:29Z</time></trkpt>
<trkpt lat="40.413371" lon="-121.386799"><ele>1879.6</ele><time>2024-07-16T15:44:17Z</time></trkpt>
<trkpt lat="40.413698" lon="-121.386529"><ele>1882.8</ele><time>2024-07-16T15:44:49Z</time></trkpt>
<trkpt lat="40.413620" lon="-121.386584"><ele>1884.4</ele><time>2024-07-16T15:44:55Z</time></trkpt>
<trkpt lat="40.414186" lon="-121.386460"><ele>1897.0</ele><time>2024-07-16T15:46:05Z</time></trkpt>
<trkpt lat="40.414650" lon="-121.386334"><ele>1899.8</ele><time>2024-07-16T15:46:46Z</time></trkpt>
<trkpt lat="40.414625" lon="-121.386279"><ele>1900.4</ele><time>2024-07-16T15:46:49Z</time></trkpt>
<trkpt lat="40.414683" lon="-121.386180"><ele>1900.6</ele><time>2024-07-16T15:46:53Z</time></trkpt>
<trkpt lat="40.414708" lon="-121.386224"><ele>1900.6</ele><time>2024-07-16T15:46:55Z</time></trkpt>
<trkpt lat="40.414786" lon="-121.386113"><ele>1901.0</ele><time>2024-07-16T15:47:03Z</time></trkpt>
<trkpt lat="40.415129" lon="-121.386009"><ele>1905.2</ele><time>2024-07-16T15:47:31Z</time></trkpt>
<trkpt lat="40.415220" lon="-121.386058"><ele>1908.0</ele><time>2024-07-16T15:47:49Z</time></trkpt>
<trkpt lat="40.415776" lon="-121.385996"><ele>1917.2</ele><time>2024-07-16T15:48:46Z</time></trkpt>
<trkpt lat="40.415732" lon="-121.385958"><ele>1917.4</ele><time>2024-07-16T15:48:47Z</time></trkpt>
<trkpt lat="40.415817" lon="-121.385812"><ele>1918.2</ele><time>2024-07-16T15:48:57Z</time></trkpt>
<trkpt lat="40.416228" lon="-121.385424"><ele>1922.6</ele><time>2024-07-16T15:49:37Z</time></trkpt>
<trkpt lat="40.416855" lon="-121.384747"><ele>1917.0</ele><time>2024-07-16T15:50:46Z</time></trkpt>
<trkpt lat="40.416975" lon="-121.384488"><ele>1914.6</ele><time>2024-07-16T15:51:03Z</time></trkpt>
<trkpt lat="40.417746" lon="-121.383943"><ele>1908.0</ele><time>2024-07-16T15:52:11Z</time></trkpt>
<trkpt lat="40.417881" lon="-121.383625"><ele>1906.8</ele><time>2024-07-16T15:52:37Z</time></trkpt>
<trkpt lat="40.418013" lon="-121.383534"><ele>1908.4</ele><time>2024-07-16T15:52:48Z</time></trkpt>
<trkpt lat="40.418078" lon="-121.383204"><ele>1904.8</ele><time>2024-07-16T15:53:14Z</time></trkpt>
<trkpt lat="40.418714" lon="-121.382220"><ele>1891.8</ele><time>2024-07-16T15:54:32Z</time></trkpt>
<trkpt lat="40.419000" lon="-121.381968"><ele>1887.4</ele><time>2024-07-16T15:54:56Z</time></trkpt>
<trkpt lat="40.419607" lon="-121.381771"><ele>1883.8</ele><time>2024-07-16T15:56:01Z</time></trkpt>
<trkpt lat="40.420086" lon="-121.381275"><ele>1876.4</ele><time>2024-07-16T15:56:47Z</time></trkpt>
<trkpt lat="40.420165" lon="-121.381342"><ele>1876.4</ele><time>2024-07-16T15:56:50Z</time></trkpt>
<trkpt lat="40.420186" lon="-121.381194"><ele>1875.4</ele><time>2024-07-16T15:56:58Z</time></trkpt>
<trkpt lat="40.420770" lon="-121.380821"><ele>1869.6</ele><time>2024-07-16T15:57:40Z</time></trkpt>
<trkpt lat="40.421017" lon="-121.380835"><ele>1872.0</ele><time>2024-07-16T15:58:08Z</time></trkpt>
<trkpt lat="40.421218" lon="-121.380575"><ele>1866.8</ele><time>2024-07-16T15:58:49Z</time></trkpt>
<trkpt lat="40.421223" lon="-121.380394"><ele>1864.6</ele><time>2024-07-16T15:58:55Z</time></trkpt>
<trkpt lat="40.421419" lon="-121.380131"><ele>1861.2</ele><time>2024-07-16T15:59:15Z</time></trkpt>
<trkpt lat="40.421581" lon="-121.380124"><ele>1860.6</ele><time>2024-07-16T15:59:23Z</time></trkpt>
<trkpt lat="40.422049" lon="-121.379664"><ele>1855.6</ele><time>2024-07-16T16:00:11Z</time></trkpt>
<trkpt lat="40.422319" lon="-121.379548"><ele>1857.8</ele><time>2024-07-16T16:00:46Z</time></trkpt>
<trkpt lat="40.422241" lon="-121.379584"><ele>1858.2</ele><time>2024-07-16T16:00:48Z</time></trkpt>
<trkpt lat="40.422270" lon="-121.379409"><ele>1859.8</ele><time>2024-07-16T16:01:00Z</time></trkpt>
<trkpt lat="40.422367" lon="-121.379466"><ele>1859.2</ele><time>2024-07-16T16:02:48Z</time></trkpt>
<trkpt lat="40.422054" lon="-121.379469"><ele>1855.2</ele><time>2024-07-16T16:03:12Z</time></trkpt>
<trkpt lat="40.421398" lon="-121.379041"><ele>1849.8</ele><time>2024-07-16T16:04:20Z</time></trkpt>
<trkpt lat="40.421105" lon="-121.379047"><ele>1845.6</ele><time>2024-07-16T16:04:48Z</time></trkpt>
<trkpt lat="40.420860" lon="-121.378661"><ele>1843.2</ele><time>2024-07-16T16:05:06Z</time></trkpt>
<trkpt lat="40.420738" lon="-121.378652"><ele>1840.4</ele><time>2024-07-16T16:05:20Z</time></trkpt>
<trkpt lat="40.420580" lon="-121.378466"><ele>1836.2</ele><time>2024-07-16T16:05:38Z</time></trkpt>
<trkpt lat="40.420166" lon="-121.377835"><ele>1824.8</ele><time>2024-07-16T16:06:30Z</time></trkpt>
<trkpt lat="40.420014" lon="-121.377897"><ele>1820.4</ele><time>2024-07-16T16:06:46Z</time></trkpt>
<trkpt lat="40.419864" lon="-121.377467"><ele>1815.4</ele><time>2024-07-16T16:07:07Z</time></trkpt>
<trkpt lat="40.419850" lon="-121.377222"><ele>1812.2</ele><time>2024-07-16T16:07:23Z</time></trkpt>
<trkpt lat="40.419726" lon="-121.377125"><ele>1806.0</ele><time>2024-07-16T16:07:47Z</time></trkpt>
<trkpt lat="40.419721" lon="-121.376895"><ele>1802.6</ele><time>2024-07-16T16:08:01Z</time></trkpt>
<trkpt lat="40.419925" lon="-121.376610"><ele>1801.8</ele><time>2024-07-16T16:08:45Z</time></trkpt>
<trkpt lat="40.420078" lon="-121.376748"><ele>1801.8</ele><time>2024-07-16T16:09:04Z</time></trkpt>
<trkpt lat="40.420490" lon="-121.376912"><ele>1800.4</ele><time>2024-07-16T16:09:39Z</time></trkpt>
<trkpt lat="40.421101" lon="-121.377158"><ele>1806.0</ele><time>2024-07-16T16:11:01Z</time></trkpt>
<trkpt lat="40.421294" lon="-121.377169"><ele>1809.0</ele><time>2024-07-16T16:12:47Z</time></trkpt>
<trkpt lat="40.421251" lon="-121.377181"><ele>1809.0</ele><time>2024-07-16T16:12:48Z</time></trkpt>
<trkpt lat="40.421296" lon="-121.377289"><ele>1808.2</ele><time>2024-07-16T16:13:02Z</time></trkpt>
<trkpt lat="40.421218" lon="-121.377170"><ele>1806.2</ele><time>2024-07-16T16:15:01Z</time></trkpt>
<trkpt lat="40.421057" lon="-121.377359"><ele>1804.0</ele><time>2024-07-16T16:16:49Z</time></trkpt>
<trkpt lat="40.420945" lon="-121.376952"><ele>1804.8</ele><time>2024-07-16T16:18:47Z</time></trkpt>
<trkpt lat="40.421018" lon="-121.377045"><ele>1804.8</ele><time>2024-07-16T16:19:01Z</time></trkpt>
<trkpt lat="40.420544" lon="-121.376915"><ele>1802.6</ele><time>2024-07-16T16:20:54Z</time></trkpt>
<trkpt lat="40.420331" lon="-121.376998"><ele>1803.2</ele><time>2024-07-16T16:21:13Z</time></trkpt>
<trkpt lat="40.419838" lon="-121.376629"><ele>1804.4</ele><time>2024-07-16T16:21:55Z</time></trkpt>
<trkpt lat="40.419412" lon="-121.377086"><ele>1805.6</ele><time>2024-07-16T16:22:47Z</time></trkpt>
<trkpt lat="40.419523" lon="-121.377137"><ele>1806.0</ele><time>2024-07-16T16:22:48Z</time></trkpt>
<trkpt lat="40.419603" lon="-121.377330"><ele>1809.4</ele><time>2024-07-16T16:23:04Z</time></trkpt>
<trkpt lat="40.419942" lon="-121.377670"><ele>1822.0</ele><time>2024-07-16T16:24:05Z</time></trkpt>
<trkpt lat="40.420126" lon="-121.377732"><ele>1826.6</ele><time>2024-07-16T16:24:25Z</time></trkpt>
<trkpt lat="40.420326" lon="-121.377911"><ele>1831.2</ele><time>2024-07-16T16:24:47Z</time></trkpt>
<trkpt lat="40.420275" lon="-121.377898"><ele>1832.0</ele><time>2024-07-16T16:24:49Z</time></trkpt>
<trkpt lat="40.420329" lon="-121.378042"><ele>1834.4</ele><time>2024-07-16T16:25:02Z</time></trkpt>
<trkpt lat="40.420554" lon="-121.378284"><ele>1838.6</ele><time>2024-07-16T16:25:29Z</time></trkpt>
<trkpt lat="40.420616" lon="-121.378550"><ele>1843.2</ele><time>2024-07-16T16:25:51Z</time></trkpt>
<trkpt lat="40.421062" lon="-121.379059"><ele>1853.6</ele><time>2024-07-16T16:26:47Z</time></trkpt>
<trkpt lat="40.421422" lon="-121.379045"><ele>1858.6</ele><time>2024-07-16T16:27:31Z</time></trkpt>
<trkpt lat="40.421617" lon="-121.379136"><ele>1859.8</ele><time>2024-07-16T16:27:53Z</time></trkpt>
<trkpt lat="40.421716" lon="-121.379312"><ele>1861.8</ele><time>2024-07-16T16:28:21Z</time></trkpt>
<trkpt lat="40.422008" lon="-121.379049"><ele>1864.2</ele><time>2024-07-16T16:28:52Z</time></trkpt>
<trkpt lat="40.422135" lon="-121.379138"><ele>1864.6</ele><time>2024-07-16T16:28:54Z</time></trkpt>
<trkpt lat="40.422297" lon="-121.379400"><ele>1866.4</ele><time>2024-07-16T16:29:04Z</time></trkpt>
<trkpt lat="40.422158" lon="-121.378967"><ele>1867.0</ele><time>2024-07-16T16:30:46Z</time></trkpt>
<trkpt lat="40.422355" lon="-121.379394"><ele>1867.0</ele><time>2024-07-16T16:30:55Z</time></trkpt>
<trkpt lat="40.422340" lon="-121.379468"><ele>1866.6</ele><time>2024-07-16T16:32:48Z</time></trkpt>
<trkpt lat="40.422290" lon="-121.379310"><ele>1866.6</ele><time>2024-07-16T16:32:58Z</time></trkpt>
<trkpt lat="40.422348" lon="-121.379368"><ele>1865.6</ele><time>2024-07-16T16:34:37Z</time></trkpt>
<trkpt lat="40.422272" lon="-121.379336"><ele>1865.4</ele><time>2024-07-16T16:34:57Z</time></trkpt>
<trkpt lat="40.422284" lon="-121.379419"><ele>1865.4</ele><time>2024-07-16T16:36:54Z</time></trkpt>
<trkpt lat="40.422394" lon="-121.379446"><ele>1864.8</ele><time>2024-07-16T16:38:47Z</time></trkpt>
<trkpt lat="40.422340" lon="-121.379438"><ele>1864.8</ele><time>2024-07-16T16:38:52Z</time></trkpt>
<trkpt lat="40.422355" lon="-121.379363"><ele>1864.8</ele><time>2024-07-16T16:38:57Z</time></trkpt>
<trkpt lat="40.422421" lon="-121.379498"><ele>1863.4</ele><time>2024-07-16T16:40:48Z</time></trkpt>
<trkpt lat="40.422259" lon="-121.379343"><ele>1864.8</ele><time>2024-07-16T16:42:59Z</time></trkpt>
<trkpt lat="40.422300" lon="-121.379447"><ele>1867.4</ele><time>2024-07-16T16:44:50Z</time></trkpt>
<trkpt lat="40.422382" lon="-121.379454"><ele>1868.6</ele><time>2024-07-16T16:45:05Z</time></trkpt>
<trkpt lat="40.422225" lon="-121.379291"><ele>1870.8</ele><time>2024-07-16T16:46:47Z</time></trkpt>
<trkpt lat="40.422283" lon="-121.379517"><ele>1871.2</ele><time>2024-07-16T16:46:59Z</time></trkpt>
<trkpt lat="40.422301" lon="-121.379379"><ele>1872.8</ele><time>2024-07-16T16:48:56Z</time></trkpt>
<trkpt lat="40.422444" lon="-121.379609"><ele>1874.0</ele><time>2024-07-16T16:49:18Z</time></trkpt>
<trkpt lat="40.423090" lon="-121.381544"><ele>1888.2</ele><time>2024-07-16T16:52:20Z</time></trkpt>
<trkpt lat="40.423223" lon="-121.381810"><ele>1893.2</ele><time>2024-07-16T16:52:53Z</time></trkpt>
<trkpt lat="40.423713" lon="-121.383256"><ele>1907.8</ele><time>2024-07-16T16:54:47Z</time></trkpt>
<trkpt lat="40.424031" lon="-121.383965"><ele>1916.4</ele><time>2024-07-16T16:55:58Z</time></trkpt>
<trkpt lat="40.424144" lon="-121.384516"><ele>1921.6</ele><time>2024-07-16T16:56:36Z</time></trkpt>
<trkpt lat="40.424468" lon="-121.385143"><ele>1923.4</ele><time>2024-07-16T16:57:08Z</time></trkpt>
<trkpt lat="40.424967" lon="-121.386637"><ele>1926.4</ele><time>2024-07-16T16:58:53Z</time></trkpt>
<trkpt lat="40.426182" lon="-121.387811"><ele>1930.8</ele><time>2024-07-16T17:00:59Z</time></trkpt>
<trkpt lat="40.426498" lon="-121.388267"><ele>1931.8</ele><time>2024-07-16T17:01:36Z</time></trkpt>
<trkpt lat="40.427184" lon="-121.388972"><ele>1927.4</ele><time>2024-07-16T17:02:48Z</time></trkpt>
<trkpt lat="40.427349" lon="-121.388787"><ele>1925.0</ele><time>2024-07-16T17:02:58Z</time></trkpt>
<trkpt lat="40.427479" lon="-121.389128"><ele>1920.6</ele><time>2024-07-16T17:03:22Z</time></trkpt>
<trkpt lat="40.427649" lon="-121.389311"><ele>1917.2</ele><time>2024-07-16T17:03:42Z</time></trkpt>
<trkpt lat="40.428050" lon="-121.389332"><ele>1909.4</ele><time>2024-07-16T17:04:16Z</time></trkpt>
<trkpt lat="40.428274" lon="-121.389251"><ele>1904.8</ele><time>2024-07-16T17:04:36Z</time></trkpt>
<trkpt lat="40.428453" lon="-121.389297"><ele>1901.4</ele><time>2024-07-16T17:04:55Z</time></trkpt>
<trkpt lat="40.429664" lon="-121.390061"><ele>1891.4</ele><time>2024-07-16T17:06:47Z</time></trkpt>
<trkpt lat="40.429974" lon="-121.390101"><ele>1890.0</ele><time>2024-07-16T17:07:05Z</time></trkpt>
<trkpt lat="40.430526" lon="-121.390833"><ele>1886.6</ele><time>2024-07-16T17:08:16Z</time></trkpt>
<trkpt lat="40.430699" lon="-121.391323"><ele>1885.2</ele><time>2024-07-16T17:08:47Z</time></trkpt>
<trkpt lat="40.430702" lon="-121.391639"><ele>1884.6</ele><time>2024-07-16T17:09:05Z</time></trkpt>
<trkpt lat="40.430939" lon="-121.391957"><ele>1883.8</ele><time>2024-07-16T17:09:26Z</time></trkpt>
<trkpt lat="40.431962" lon="-121.392959"><ele>1876.2</ele><time>2024-07-16T17:11:05Z</time></trkpt>
<trkpt lat="40.432650" lon="-121.394346"><ele>1868.4</ele><time>2024-07-16T17:12:51Z</time></trkpt>
<trkpt lat="40.433269" lon="-121.394807"><ele>1862.8</ele><time>2024-07-16T17:13:46Z</time></trkpt>
<trkpt lat="40.433876" lon="-121.395477"><ele>1854.0</ele><time>2024-07-16T17:14:53Z</time></trkpt>
<trkpt lat="40.434074" lon="-121.395494"><ele>1851.8</ele><time>2024-07-16T17:15:10Z</time></trkpt>
<trkpt lat="40.434455" lon="-121.395721"><ele>1845.8</ele><time>2024-07-16T17:15:40Z</time></trkpt>
<trkpt lat="40.434636" lon="-121.395684"><ele>1845.0</ele><time>2024-07-16T17:16:49Z</time></trkpt>
<trkpt lat="40.434617" lon="-121.395828"><ele>1845.0</ele><time>2024-07-16T17:16:57Z</time></trkpt>
<trkpt lat="40.434701" lon="-121.395901"><ele>1845.0</ele><time>2024-07-16T17:17:08Z</time></trkpt>
<trkpt lat="40.434763" lon="-121.395848"><ele>1844.0</ele><time>2024-07-16T17:18:53Z</time></trkpt>
<trkpt lat="40.434694" lon="-121.395921"><ele>1843.8</ele><time>2024-07-16T17:19:05Z</time></trkpt>
<trkpt lat="40.435390" lon="-121.395991"><ele>1840.6</ele><time>2024-07-16T17:20:38Z</time></trkpt>
<trkpt lat="40.435677" lon="-121.395898"><ele>1838.8</ele><time>2024-07-16T17:20:51Z</time></trkpt>
<trkpt lat="40.435893" lon="-121.396036"><ele>1837.6</ele><time>2024-07-16T17:21:08Z</time></trkpt>
<trkpt lat="40.436421" lon="-121.396730"><ele>1837.0</ele><time>2024-07-16T17:22:30Z</time></trkpt>
<trkpt lat="40.436742" lon="-121.397254"><ele>1833.8</ele><time>2024-07-16T17:22:56Z</time></trkpt>
<trkpt lat="40.436728" lon="-121.397330"><ele>1833.0</ele><time>2024-07-16T17:23:00Z</time></trkpt>
<trkpt lat="40.437102" lon="-121.397717"><ele>1831.2</ele><time>2024-07-16T17:23:59Z</time></trkpt>
<trkpt lat="40.437625" lon="-121.398704"><ele>1827.8</ele><time>2024-07-16T17:25:07Z</time></trkpt>
<trkpt lat="40.437928" lon="-121.398940"><ele>1828.8</ele><time>2024-07-16T17:25:32Z</time></trkpt>
<trkpt lat="40.438165" lon="-121.398990"><ele>1827.8</ele><time>2024-07-16T17:26:10Z</time></trkpt>
<trkpt lat="40.438761" lon="-121.399326"><ele>1822.6</ele><time>2024-07-16T17:26:47Z</time></trkpt>
<trkpt lat="40.438929" lon="-121.399652"><ele>1821.6</ele><time>2024-07-16T17:27:03Z</time></trkpt>
<trkpt lat="40.439031" lon="-121.400062"><ele>1819.8</ele><time>2024-07-16T17:27:25Z</time></trkpt>
<trkpt lat="40.439427" lon="-121.400842"><ele>1812.2</ele><time>2024-07-16T17:28:25Z</time></trkpt>
<trkpt lat="40.439680" lon="-121.401248"><ele>1808.2</ele><time>2024-07-16T17:28:48Z</time></trkpt>
<trkpt lat="40.439737" lon="-121.401175"><ele>1807.8</ele><time>2024-07-16T17:28:50Z</time></trkpt>
<trkpt lat="40.439846" lon="-121.401390"><ele>1805.6</ele><time>2024-07-16T17:29:01Z</time></trkpt>
<trkpt lat="40.440122" lon="-121.401600"><ele>1801.2</ele><time>2024-07-16T17:29:25Z</time></trkpt>
<trkpt lat="40.440743" lon="-121.403108"><ele>1785.2</ele><time>2024-07-16T17:31:05Z</time></trkpt>
<trkpt lat="40.441302" lon="-121.403997"><ele>1776.0</ele><time>2024-07-16T17:32:23Z</time></trkpt>
<trkpt lat="40.441382" lon="-121.404006"><ele>1773.0</ele><time>2024-07-16T17:32:48Z</time></trkpt>
<trkpt lat="40.441483" lon="-121.403873"><ele>1768.8</ele><time>2024-07-16T17:33:08Z</time></trkpt>
<trkpt lat="40.442019" lon="-121.403775"><ele>1760.0</ele><time>2024-07-16T17:34:03Z</time></trkpt>
<trkpt lat="40.442037" lon="-121.404288"><ele>1757.6</ele><time>2024-07-16T17:34:50Z</time></trkpt>
<trkpt lat="40.441836" lon="-121.404503"><ele>1757.2</ele><time>2024-07-16T17:35:01Z</time></trkpt>
<trkpt lat="40.442086" lon="-121.404958"><ele>1755.8</ele><time>2024-07-16T17:35:43Z</time></trkpt>
<trkpt lat="40.442294" lon="-121.405522"><ele>1753.8</ele><time>2024-07-16T17:36:31Z</time></trkpt>
<trkpt lat="40.442344" lon="-121.405891"><ele>1755.8</ele><time>2024-07-16T17:36:57Z</time></trkpt>
<trkpt lat="40.442211" lon="-121.405947"><ele>1755.6</ele><time>2024-07-16T17:37:02Z</time></trkpt>
<trkpt lat="40.442322" lon="-121.406162"><ele>1756.0</ele><time>2024-07-16T17:37:27Z</time></trkpt>
<trkpt lat="40.442333" lon="-121.406387"><ele>1756.6</ele><time>2024-07-16T17:37:45Z</time></trkpt>
<trkpt lat="40.442556" lon="-121.406558"><ele>1756.6</ele><time>2024-07-16T17:38:21Z</time></trkpt>
<trkpt lat="40.442735" lon="-121.406555"><ele>1755.4</ele><time>2024-07-16T17:38:43Z</time></trkpt>
<trkpt lat="40.442838" lon="-121.406648"><ele>1755.4</ele><time>2024-07-16T17:38:48Z</time></trkpt>
<trkpt lat="40.442948" lon="-121.406570"><ele>1755.4</ele><time>2024-07-16T17:38:50Z</time></trkpt>
<trkpt lat="40.442439" lon="-121.406494"><ele>1754.4</ele><time>2024-07-16T17:40:39Z</time></trkpt>
<trkpt lat="40.442335" lon="-121.406308"><ele>1754.8</ele><time>2024-07-16T17:40:48Z</time></trkpt>
<trkpt lat="40.442368" lon="-121.406265"><ele>1754.8</ele><time>2024-07-16T17:40:49Z</time></trkpt>
<trkpt lat="40.442281" lon="-121.406266"><ele>1754.6</ele><time>2024-07-16T17:40:59Z</time></trkpt>
<trkpt lat="40.442208" lon="-121.405824"><ele>1754.8</ele><time>2024-07-16T17:41:47Z</time></trkpt>
<trkpt lat="40.442234" lon="-121.405462"><ele>1752.8</ele><time>2024-07-16T17:42:21Z</time></trkpt>
<trkpt lat="40.441997" lon="-121.404911"><ele>1754.4</ele><time>2024-07-16T17:42:49Z</time></trkpt>
<trkpt lat="40.442193" lon="-121.404833"><ele>1754.8</ele><time>2024-07-16T17:42:53Z</time></trkpt>
<trkpt lat="40.442217" lon="-121.404670"><ele>1756.6</ele><time>2024-07-16T17:43:05Z</time></trkpt>
<trkpt lat="40.442165" lon="-121.404660"><ele>1756.6</ele><time>2024-07-16T17:43:06Z</time></trkpt>
<trkpt lat="40.441938" lon="-121.404181"><ele>1758.8</ele><time>2024-07-16T17:43:40Z</time></trkpt>
<trkpt lat="40.441920" lon="-121.403685"><ele>1759.0</ele><time>2024-07-16T17:44:14Z</time></trkpt>
<trkpt lat="40.441752" lon="-121.403314"><ele>1762.0</ele><time>2024-07-16T17:44:48Z</time></trkpt>
<trkpt lat="40.441827" lon="-121.403426"><ele>1762.0</ele><time>2024-07-16T17:44:49Z</time></trkpt>
<trkpt lat="40.441716" lon="-121.403314"><ele>1761.6</ele><time>2024-07-16T17:44:57Z</time></trkpt>
<trkpt lat="40.441659" lon="-121.402531"><ele>1762.6</ele><time>2024-07-16T17:45:39Z</time></trkpt>
<trkpt lat="40.441671" lon="-121.401880"><ele>1760.0</ele><time>2024-07-16T17:46:29Z</time></trkpt>
<trkpt lat="40.441757" lon="-121.401305"><ele>1758.4</ele><time>2024-07-16T17:46:55Z</time></trkpt>
<trkpt lat="40.441717" lon="-121.401289"><ele>1759.0</ele><time>2024-07-16T17:47:08Z</time></trkpt>
<trkpt lat="40.442361" lon="-121.400114"><ele>1747.2</ele><time>2024-07-16T17:48:48Z</time></trkpt>
<trkpt lat="40.442558" lon="-121.400173"><ele>1744.4</ele><time>2024-07-16T17:48:58Z</time></trkpt>
<trkpt lat="40.442440" lon="-121.400187"><ele>1743.8</ele><time>2024-07-16T17:49:04Z</time></trkpt>
<trkpt lat="40.442591" lon="-121.400107"><ele>1744.2</ele><time>2024-07-16T17:50:49Z</time></trkpt>
<trkpt lat="40.442430" lon="-121.400188"><ele>1744.0</ele><time>2024-07-16T17:51:02Z</time></trkpt>
<trkpt lat="40.442800" lon="-121.399630"><ele>1743.6</ele><time>2024-07-16T17:52:48Z</time></trkpt>
<trkpt lat="40.442696" lon="-121.399566"><ele>1743.2</ele><time>2024-07-16T17:52:56Z</time></trkpt>
<trkpt lat="40.442780" lon="-121.399482"><ele>1743.0</ele><time>2024-07-16T17:53:07Z</time></trkpt>
<trkpt lat="40.442886" lon="-121.398978"><ele>1742.0</ele><time>2024-07-16T17:53:43Z</time></trkpt>
<trkpt lat="40.442902" lon="-121.397877"><ele>1738.8</ele><time>2024-07-16T17:54:48Z</time></trkpt>
<trkpt lat="40.442785" lon="-121.397841"><ele>1741.8</ele><time>2024-07-16T17:54:58Z</time></trkpt>
<trkpt lat="40.442960" lon="-121.397400"><ele>1743.2</ele><time>2024-07-16T17:55:33Z</time></trkpt>
<trkpt lat="40.443037" lon="-121.396681"><ele>1743.6</ele><time>2024-07-16T17:56:09Z</time></trkpt>
<trkpt lat="40.442977" lon="-121.396108"><ele>1742.8</ele><time>2024-07-16T17:56:48Z</time></trkpt>
<trkpt lat="40.442861" lon="-121.396096"><ele>1742.6</ele><time>2024-07-16T17:56:54Z</time></trkpt>
<trkpt lat="40.442757" lon="-121.395960"><ele>1741.2</ele><time>2024-07-16T17:57:06Z</time></trkpt>
<trkpt lat="40.442379" lon="-121.394841"><ele>1739.8</ele><time>2024-07-16T17:58:48Z</time></trkpt>
<trkpt lat="40.442224" lon="-121.394574"><ele>1739.6</ele><time>2024-07-16T17:59:05Z</time></trkpt>
<trkpt lat="40.442130" lon="-121.394057"><ele>1742.2</ele><time>2024-07-16T18:00:03Z</time></trkpt>
<trkpt lat="40.441938" lon="-121.393976"><ele>1741.6</ele><time>2024-07-16T18:00:35Z</time></trkpt>
<trkpt lat="40.441845" lon="-121.393819"><ele>1742.4</ele><time>2024-07-16T18:00:49Z</time></trkpt>
<trkpt lat="40.441639" lon="-121.393845"><ele>1741.8</ele><time>2024-07-16T18:01:09Z</time></trkpt>
<trkpt lat="40.441685" lon="-121.393806"><ele>1741.2</ele><time>2024-07-16T18:01:35Z</time></trkpt>
<trkpt lat="40.441735" lon="-121.393867"><ele>1742.2</ele><time>2024-07-16T18:03:00Z</time></trkpt>
<trkpt lat="40.441675" lon="-121.393921"><ele>1745.6</ele><time>2024-07-16T18:04:43Z</time></trkpt>
<trkpt lat="40.441649" lon="-121.393812"><ele>1745.2</ele><time>2024-07-16T18:08:48Z</time></trkpt>
<trkpt lat="40.441668" lon="-121.393972"><ele>1748.0</ele><time>2024-07-16T18:10:31Z</time></trkpt>
<trkpt lat="40.441608" lon="-121.393842"><ele>1744.6</ele><time>2024-07-16T18:12:54Z</time></trkpt>
<trkpt lat="40.441708" lon="-121.393867"><ele>1744.8</ele><time>2024-07-16T18:13:05Z</time></trkpt>
<trkpt lat="40.442064" lon="-121.394261"><ele>1747.2</ele><time>2024-07-16T18:13:59Z</time></trkpt>
<trkpt lat="40.442407" lon="-121.394737"><ele>1748.2</ele><time>2024-07-16T18:14:52Z</time></trkpt>
<trkpt lat="40.442405" lon="-121.394456"><ele>1749.0</ele><time>2024-07-16T18:15:06Z</time></trkpt>
<trkpt lat="40.442611" lon="-121.393993"><ele>1754.2</ele><time>2024-07-16T18:16:22Z</time></trkpt>
<trkpt lat="40.442759" lon="-121.393726"><ele>1753.4</ele><time>2024-07-16T18:16:49Z</time></trkpt>
<trkpt lat="40.442862" lon="-121.393682"><ele>1753.0</ele><time>2024-07-16T18:16:55Z</time></trkpt>
<trkpt lat="40.443059" lon="-121.393275"><ele>1753.8</ele><time>2024-07-16T18:17:20Z</time></trkpt>
<trkpt lat="40.443519" lon="-121.392316"><ele>1763.6</ele><time>2024-07-16T18:18:49Z</time></trkpt>
<trkpt lat="40.443554" lon="-121.392089"><ele>1765.0</ele><time>2024-07-16T18:18:58Z</time></trkpt>
<trkpt lat="40.443744" lon="-121.392837"><ele>1771.2</ele><time>2024-07-16T18:19:34Z</time></trkpt>
<trkpt lat="40.443819" lon="-121.393338"><ele>1781.6</ele><time>2024-07-16T18:20:44Z</time></trkpt>
<trkpt lat="40.444082" lon="-121.394254"><ele>1790.4</ele><time>2024-07-16T18:21:52Z</time></trkpt>
<trkpt lat="40.444267" lon="-121.394587"><ele>1797.8</ele><time>2024-07-16T18:22:38Z</time></trkpt>
<trkpt lat="40.444544" lon="-121.395484"><ele>1804.4</ele><time>2024-07-16T18:23:20Z</time></trkpt>
<trkpt lat="40.444690" lon="-121.395948"><ele>1818.2</ele><time>2024-07-16T18:24:32Z</time></trkpt>
<trkpt lat="40.444854" lon="-121.396638"><ele>1822.4</ele><time>2024-07-16T18:25:06Z</time></trkpt>
<trkpt lat="40.445133" lon="-121.397372"><ele>1830.4</ele><time>2024-07-16T18:26:14Z</time></trkpt>
<trkpt lat="40.445270" lon="-121.398081"><ele>1840.2</ele><time>2024-07-16T18:27:09Z</time></trkpt>
<trkpt lat="40.445273" lon="-121.398399"><ele>1850.4</ele><time>2024-07-16T18:28:08Z</time></trkpt>
<trkpt lat="40.445470" lon="-121.398192"><ele>1857.4</ele><time>2024-07-16T18:28:59Z</time></trkpt>
<trkpt lat="40.445726" lon="-121.397019"><ele>1869.0</ele><time>2024-07-16T18:30:49Z</time></trkpt>
<trkpt lat="40.446076" lon="-121.398481"><ele>1883.0</ele><time>2024-07-16T18:32:50Z</time></trkpt>
<trkpt lat="40.446600" lon="-121.399935"><ele>1901.4</ele><time>2024-07-16T18:34:54Z</time></trkpt>
<trkpt lat="40.446843" lon="-121.400228"><ele>1906.0</ele><time>2024-07-16T18:35:28Z</time></trkpt>
<trkpt lat="40.446959" lon="-121.400815"><ele>1911.0</ele><time>2024-07-16T18:36:07Z</time></trkpt>
<trkpt lat="40.447444" lon="-121.401462"><ele>1911.8</ele><time>2024-07-16T18:37:04Z</time></trkpt>
<trkpt lat="40.447866" lon="-121.402345"><ele>1912.0</ele><time>2024-07-16T18:38:00Z</time></trkpt>
<trkpt lat="40.448108" lon="-121.402656"><ele>1912.4</ele><time>2024-07-16T18:38:20Z</time></trkpt>
<trkpt lat="40.449117" lon="-121.404427"><ele>1917.0</ele><time>2024-07-16T18:41:49Z</time></trkpt>
<trkpt lat="40.449230" lon="-121.404581"><ele>1917.4</ele><time>2024-07-16T18:41:56Z</time></trkpt>
<trkpt lat="40.449804" lon="-121.404951"><ele>1921.0</ele><time>2024-07-16T18:43:24Z</time></trkpt>
<trkpt lat="40.450216" lon="-121.405151"><ele>1923.8</ele><time>2024-07-16T18:43:53Z</time></trkpt>
<trkpt lat="40.450670" lon="-121.404847"><ele>1926.0</ele><time>2024-07-16T18:44:28Z</time></trkpt>
<trkpt lat="40.451201" lon="-121.404396"><ele>1937.4</ele><time>2024-07-16T18:45:50Z</time></trkpt>
<trkpt lat="40.451334" lon="-121.404536"><ele>1938.8</ele><time>2024-07-16T18:46:04Z</time></trkpt>
<trkpt lat="40.452153" lon="-121.404125"><ele>1956.4</ele><time>2024-07-16T18:47:49Z</time></trkpt>
<trkpt lat="40.452631" lon="-121.404284"><ele>1964.6</ele><time>2024-07-16T18:48:40Z</time></trkpt>
<trkpt lat="40.452864" lon="-121.404222"><ele>1967.8</ele><time>2024-07-16T18:49:14Z</time></trkpt>
<trkpt lat="40.453272" lon="-121.404350"><ele>1972.4</ele><time>2024-07-16T18:49:57Z</time></trkpt>
<trkpt lat="40.453903" lon="-121.404186"><ele>1971.0</ele><time>2024-07-16T18:50:57Z</time></trkpt>
<trkpt lat="40.454472" lon="-121.403719"><ele>1964.8</ele><time>2024-07-16T18:51:49Z</time></trkpt>
<trkpt lat="40.454425" lon="-121.403724"><ele>1964.6</ele><time>2024-07-16T18:51:50Z</time></trkpt>
<trkpt lat="40.454704" lon="-121.403651"><ele>1961.6</ele><time>2024-07-16T18:52:09Z</time></trkpt>
<trkpt lat="40.454781" lon="-121.403340"><ele>1958.6</ele><time>2024-07-16T18:52:26Z</time></trkpt>
<trkpt lat="40.454888" lon="-121.403258"><ele>1957.4</ele><time>2024-07-16T18:52:36Z</time></trkpt>
<trkpt lat="40.455105" lon="-121.403246"><ele>1955.4</ele><time>2024-07-16T18:52:58Z</time></trkpt>
<trkpt lat="40.455262" lon="-121.402753"><ele>1948.8</ele><time>2024-07-16T18:53:28Z</time></trkpt>
<trkpt lat="40.455228" lon="-121.402434"><ele>1944.8</ele><time>2024-07-16T18:53:50Z</time></trkpt>
<trkpt lat="40.455302" lon="-121.402604"><ele>1943.4</ele><time>2024-07-16T18:53:58Z</time></trkpt>
<trkpt lat="40.455571" lon="-121.402809"><ele>1941.6</ele><time>2024-07-16T18:54:24Z</time></trkpt>
<trkpt lat="40.456195" lon="-121.403035"><ele>1935.0</ele><time>2024-07-16T18:55:14Z</time></trkpt>
<trkpt lat="40.456491" lon="-121.403430"><ele>1930.2</ele><time>2024-07-16T18:55:51Z</time></trkpt>
<trkpt lat="40.456447" lon="-121.403399"><ele>1929.4</ele><time>2024-07-16T18:55:54Z</time></trkpt>
<trkpt lat="40.456458" lon="-121.403200"><ele>1927.6</ele><time>2024-07-16T18:56:03Z</time></trkpt>
<trkpt lat="40.456358" lon="-121.402771"><ele>1924.4</ele><time>2024-07-16T18:56:32Z</time></trkpt>
<trkpt lat="40.456294" lon="-121.401997"><ele>1915.6</ele><time>2024-07-16T18:57:32Z</time></trkpt>
<trkpt lat="40.456329" lon="-121.401673"><ele>1913.2</ele><time>2024-07-16T18:57:49Z</time></trkpt>
<trkpt lat="40.457465" lon="-121.402300"><ele>1898.8</ele><time>2024-07-16T18:59:30Z</time></trkpt>
<trkpt lat="40.457716" lon="-121.402524"><ele>1895.0</ele><time>2024-07-16T18:59:53Z</time></trkpt>
<trkpt lat="40.457901" lon="-121.402507"><ele>1893.4</ele><time>2024-07-16T19:00:08Z</time></trkpt>
<trkpt lat="40.457985" lon="-121.402681"><ele>1891.8</ele><time>2024-07-16T19:00:28Z</time></trkpt>
<trkpt lat="40.458258" lon="-121.402958"><ele>1889.6</ele><time>2024-07-16T19:00:58Z</time></trkpt>
<trkpt lat="40.458428" lon="-121.403033"><ele>1888.4</ele><time>2024-07-16T19:01:20Z</time></trkpt>
<trkpt lat="40.458663" lon="-121.403317"><ele>1884.8</ele><time>2024-07-16T19:01:42Z</time></trkpt>
<trkpt lat="40.458984" lon="-121.403474"><ele>1881.2</ele><time>2024-07-16T19:02:02Z</time></trkpt>
<trkpt lat="40.459512" lon="-121.404129"><ele>1874.6</ele><time>2024-07-16T19:03:10Z</time></trkpt>
<trkpt lat="40.459702" lon="-121.404077"><ele>1871.4</ele><time>2024-07-16T19:03:30Z</time></trkpt>
<trkpt lat="40.459910" lon="-121.403775"><ele>1864.2</ele><time>2024-07-16T19:03:55Z</time></trkpt>
<trkpt lat="40.459803" lon="-121.403486"><ele>1861.8</ele><time>2024-07-16T19:04:05Z</time></trkpt>
<trkpt lat="40.459800" lon="-121.402988"><ele>1854.2</ele><time>2024-07-16T19:04:40Z</time></trkpt>
<trkpt lat="40.459941" lon="-121.402487"><ele>1846.0</ele><time>2024-07-16T19:05:16Z</time></trkpt>
<trkpt lat="40.460027" lon="-121.402398"><ele>1843.8</ele><time>2024-07-16T19:05:26Z</time></trkpt>
<trkpt lat="40.460119" lon="-121.402410"><ele>1842.6</ele><time>2024-07-16T19:05:34Z</time></trkpt>
<trkpt lat="40.460227" lon="-121.402541"><ele>1841.0</ele><time>2024-07-16T19:05:49Z</time></trkpt>
<trkpt lat="40.460295" lon="-121.402452"><ele>1840.6</ele><time>2024-07-16T19:05:51Z</time></trkpt>
<trkpt lat="40.460433" lon="-121.402563"><ele>1838.0</ele><time>2024-07-16T19:06:07Z</time></trkpt>
<trkpt lat="40.460674" lon="-121.402877"><ele>1836.6</ele><time>2024-07-16T19:06:33Z</time></trkpt>
<trkpt lat="40.460780" lon="-121.403329"><ele>1837.8</ele><time>2024-07-16T19:07:05Z</time></trkpt>
<trkpt lat="40.461391" lon="-121.403957"><ele>1836.2</ele><time>2024-07-16T19:07:53Z</time></trkpt>
<trkpt lat="40.461462" lon="-121.403986"><ele>1836.2</ele><time>2024-07-16T19:07:58Z</time></trkpt>
<trkpt lat="40.461431" lon="-121.403789"><ele>1835.8</ele><time>2024-07-16T19:08:04Z</time></trkpt>
<trkpt lat="40.462012" lon="-121.403951"><ele>1835.2</ele><time>2024-07-16T19:08:49Z</time></trkpt>
<trkpt lat="40.462533" lon="-121.403902"><ele>1836.2</ele><time>2024-07-16T19:09:50Z</time></trkpt>
<trkpt lat="40.462543" lon="-121.403769"><ele>1836.2</ele><time>2024-07-16T19:10:00Z</time></trkpt>
<trkpt lat="40.463058" lon="-121.403862"><ele>1840.4</ele><time>2024-07-16T19:10:57Z</time></trkpt>
<trkpt lat="40.463862" lon="-121.403747"><ele>1840.4</ele><time>2024-07-16T19:11:55Z</time></trkpt>
<trkpt lat="40.464018" lon="-121.404094"><ele>1840.6</ele><time>2024-07-16T19:12:03Z</time></trkpt>
<trkpt lat="40.463697" lon="-121.403392"><ele>1840.2</ele><time>2024-07-16T19:13:56Z</time></trkpt>
<trkpt lat="40.463862" lon="-121.403565"><ele>1840.2</ele><time>2024-07-16T19:14:07Z</time></trkpt>
<trkpt lat="40.464006" lon="-121.404205"><ele>1841.6</ele><time>2024-07-16T19:15:57Z</time></trkpt>
<trkpt lat="40.463959" lon="-121.404147"><ele>1841.4</ele><time>2024-07-16T19:16:00Z</time></trkpt>
<trkpt lat="40.463938" lon="-121.403991"><ele>1841.0</ele><time>2024-07-16T19:17:02Z</time></trkpt>
<trkpt lat="40.463909" lon="-121.404017"><ele>1840.2</ele><time>2024-07-16T19:17:52Z</time></trkpt>
<trkpt lat="40.464034" lon="-121.404109"><ele>1840.6</ele><time>2024-07-16T19:17:54Z</time></trkpt>
<trkpt lat="40.464106" lon="-121.403984"><ele>1840.4</ele><time>2024-07-16T19:17:57Z</time></trkpt>
<trkpt lat="40.463878" lon="-121.403787"><ele>1840.6</ele><time>2024-07-16T19:18:10Z</time></trkpt>
<trkpt lat="40.464016" lon="-121.403890"><ele>1840.6</ele><time>2024-07-16T19:19:56Z</time></trkpt>
<trkpt lat="40.464124" lon="-121.404245"><ele>1840.8</ele><time>2024-07-16T19:20:05Z</time></trkpt>
<trkpt lat="40.464127" lon="-121.404022"><ele>1840.8</ele><time>2024-07-16T19:20:08Z</time></trkpt>
<trkpt lat="40.464092" lon="-121.404099"><ele>1840.8</ele><time>2024-07-16T19:20:10Z</time></trkpt>
<trkpt lat="40.463939" lon="-121.403890"><ele>1839.2</ele><time>2024-07-16T19:22:28Z</time></trkpt>
<trkpt lat="40.464053" lon="-121.403904"><ele>1838.8</ele><time>2024-07-16T19:22:47Z</time></trkpt>
<trkpt lat="40.463918" lon="-121.403989"><ele>1838.6</ele><time>2024-07-16T19:23:00Z</time></trkpt>
<trkpt lat="40.463925" lon="-121.403898"><ele>1838.6</ele><time>2024-07-16T19:23:04Z</time></trkpt>
<trkpt lat="40.463977" lon="-121.403850"><ele>1838.8</ele><time>2024-07-16T19:23:08Z</time></trkpt>
<trkpt lat="40.464154" lon="-121.404023"><ele>1838.2</ele><time>2024-07-16T19:25:04Z</time></trkpt>
<trkpt lat="40.463962" lon="-121.403840"><ele>1840.0</ele><time>2024-07-16T19:27:14Z</time></trkpt>
<trkpt lat="40.463928" lon="-121.403889"><ele>1840.2</ele><time>2024-07-16T19:27:16Z</time></trkpt>
<trkpt lat="40.463949" lon="-121.403834"><ele>1840.4</ele><time>2024-07-16T19:27:22Z</time></trkpt>
<trkpt lat="40.463857" lon="-121.403730"><ele>1840.6</ele><time>2024-07-16T19:27:43Z</time></trkpt>
<trkpt lat="40.463986" lon="-121.403820"><ele>1840.6</ele><time>2024-07-16T19:27:58Z</time></trkpt>
<trkpt lat="40.463970" lon="-121.403885"><ele>1840.6</ele><time>2024-07-16T19:28:01Z</time></trkpt>
<trkpt lat="40.463902" lon="-121.403861"><ele>1840.6</ele><time>2024-07-16T19:28:06Z</time></trkpt>
<trkpt lat="40.463967" lon="-121.403871"><ele>1840.8</ele><time>2024-07-16T19:28:09Z</time></trkpt>
<trkpt lat="40.463925" lon="-121.403879"><ele>1840.8</ele><time>2024-07-16T19:28:10Z</time></trkpt>
<trkpt lat="40.464013" lon="-121.403739"><ele>1841.8</ele><time>2024-07-16T19:29:49Z</time></trkpt>
<trkpt lat="40.463945" lon="-121.403809"><ele>1841.8</ele><time>2024-07-16T19:30:03Z</time></trkpt>
<trkpt lat="40.464054" lon="-121.403735"><ele>1843.2</ele><time>2024-07-16T19:31:56Z</time></trkpt>
<trkpt lat="40.464047" lon="-121.403913"><ele>1843.2</ele><time>2024-07-16T19:32:10Z</time></trkpt>
<trkpt lat="40.464107" lon="-121.403968"><ele>1845.0</ele><time>2024-07-16T19:32:59Z</time></trkpt>
<trkpt lat="40.464147" lon="-121.403869"><ele>1845.0</ele><time>2024-07-16T19:33:55Z</time></trkpt>
<trkpt lat="40.464049" lon="-121.403914"><ele>1846.2</ele><time>2024-07-16T19:36:06Z</time></trkpt>
<trkpt lat="40.463948" lon="-121.403673"><ele>1846.8</ele><time>2024-07-16T19:37:55Z</time></trkpt>
<trkpt lat="40.464001" lon="-121.403876"><ele>1846.8</ele><time>2024-07-16T19:37:59Z</time></trkpt>
<trkpt lat="40.463950" lon="-121.403905"><ele>1847.0</ele><time>2024-07-16T19:38:02Z</time></trkpt>
<trkpt lat="40.464010" lon="-121.403742"><ele>1847.0</ele><time>2024-07-16T19:39:53Z</time></trkpt>
<trkpt lat="40.463940" lon="-121.403911"><ele>1847.2</ele><time>2024-07-16T19:40:08Z</time></trkpt>
<trkpt lat="40.464074" lon="-121.403758"><ele>1849.4</ele><time>2024-07-16T19:40:51Z</time></trkpt>
<trkpt lat="40.463938" lon="-121.403786"><ele>1848.6</ele><time>2024-07-16T19:42:04Z</time></trkpt>
<trkpt lat="40.464146" lon="-121.403476"><ele>1850.0</ele><time>2024-07-16T19:43:51Z</time></trkpt>
<trkpt lat="40.464058" lon="-121.403451"><ele>1849.8</ele><time>2024-07-16T19:43:56Z</time></trkpt>
<trkpt lat="40.463917" lon="-121.403782"><ele>1849.6</ele><time>2024-07-16T19:44:00Z</time></trkpt>
<trkpt lat="40.464000" lon="-121.403870"><ele>1849.4</ele><time>2024-07-16T19:44:02Z</time></trkpt>
<trkpt lat="40.464061" lon="-121.403758"><ele>1850.0</ele><time>2024-07-16T19:45:53Z</time></trkpt>
<trkpt lat="40.463981" lon="-121.403917"><ele>1849.8</ele><time>2024-07-16T19:45:59Z</time></trkpt>
<trkpt lat="40.463897" lon="-121.403764"><ele>1850.6</ele><time>2024-07-16T19:47:59Z</time></trkpt>
<trkpt lat="40.463901" lon="-121.403926"><ele>1849.8</ele><time>2024-07-16T19:48:06Z</time></trkpt>
<trkpt lat="40.464454" lon="-121.403647"><ele>1851.6</ele><time>2024-07-16T19:49:51Z</time></trkpt>
<trkpt lat="40.464394" lon="-121.403835"><ele>1851.6</ele><time>2024-07-16T19:49:55Z</time></trkpt>
<trkpt lat="40.464436" lon="-121.403828"><ele>1851.4</ele><time>2024-07-16T19:50:10Z</time></trkpt>
<trkpt lat="40.464379" lon="-121.403438"><ele>1857.6</ele><time>2024-07-16T19:51:31Z</time></trkpt>
<trkpt lat="40.464304" lon="-121.403201"><ele>1860.2</ele><time>2024-07-16T19:51:52Z</time></trkpt>
<trkpt lat="40.464262" lon="-121.403217"><ele>1860.4</ele><time>2024-07-16T19:51:55Z</time></trkpt>
<trkpt lat="40.464358" lon="-121.403238"><ele>1861.0</ele><time>2024-07-16T19:52:05Z</time></trkpt>
<trkpt lat="40.465276" lon="-121.402466"><ele>1877.0</ele><time>2024-07-16T19:53:52Z</time></trkpt>
<trkpt lat="40.465336" lon="-121.402549"><ele>1877.2</ele><time>2024-07-16T19:53:58Z</time></trkpt>
<trkpt lat="40.465426" lon="-121.402537"><ele>1878.0</ele><time>2024-07-16T19:54:05Z</time></trkpt>
<trkpt lat="40.465775" lon="-121.402072"><ele>1888.6</ele><time>2024-07-16T19:55:14Z</time></trkpt>
<trkpt lat="40.465829" lon="-121.401914"><ele>1889.8</ele><time>2024-07-16T19:55:30Z</time></trkpt>
<trkpt lat="40.466265" lon="-121.401430"><ele>1890.2</ele><time>2024-07-16T19:55:58Z</time></trkpt>
<trkpt lat="40.466607" lon="-121.400842"><ele>1893.6</ele><time>2024-07-16T19:56:47Z</time></trkpt>
<trkpt lat="40.466953" lon="-121.399938"><ele>1901.0</ele><time>2024-07-16T19:57:53Z</time></trkpt>
<trkpt lat="40.467010" lon="-121.399937"><ele>1901.0</ele><time>2024-07-16T19:57:54Z</time></trkpt>
<trkpt lat="40.467075" lon="-121.399659"><ele>1901.0</ele><time>2024-07-16T19:58:06Z</time></trkpt>
<trkpt lat="40.468197" lon="-121.398968"><ele>1907.0</ele><time>2024-07-16T19:59:52Z</time></trkpt>
<trkpt lat="40.468285" lon="-121.398994"><ele>1907.2</ele><time>2024-07-16T19:59:58Z</time></trkpt>
<trkpt lat="40.468277" lon="-121.398891"><ele>1908.0</ele><time>2024-07-16T20:00:04Z</time></trkpt>
<trkpt lat="40.468463" lon="-121.398705"><ele>1908.0</ele><time>2024-07-16T20:00:20Z</time></trkpt>
<trkpt lat="40.468827" lon="-121.398478"><ele>1914.8</ele><time>2024-07-16T20:01:18Z</time></trkpt>
<trkpt lat="40.469437" lon="-121.398007"><ele>1915.6</ele><time>2024-07-16T20:01:57Z</time></trkpt>
<trkpt lat="40.469572" lon="-121.398004"><ele>1914.8</ele><time>2024-07-16T20:02:09Z</time></trkpt>
<trkpt lat="40.470182" lon="-121.397643"><ele>1916.8</ele><time>2024-07-16T20:03:46Z</time></trkpt>
<trkpt lat="40.470109" lon="-121.397780"><ele>1916.4</ele><time>2024-07-16T20:03:53Z</time></trkpt>
<trkpt lat="40.470624" lon="-121.397042"><ele>1915.6</ele><time>2024-07-16T20:03:55Z</time></trkpt>
<trkpt lat="40.470746" lon="-121.396993"><ele>1914.6</ele><time>2024-07-16T20:04:00Z</time></trkpt>
<trkpt lat="40.470760" lon="-121.396876"><ele>1913.2</ele><time>2024-07-16T20:04:08Z</time></trkpt>
<trkpt lat="40.471098" lon="-121.396344"><ele>1912.8</ele><time>2024-07-16T20:04:21Z</time></trkpt>
<trkpt lat="40.471524" lon="-121.395494"><ele>1915.2</ele><time>2024-07-16T20:05:07Z</time></trkpt>
<trkpt lat="40.471478" lon="-121.395659"><ele>1916.8</ele><time>2024-07-16T20:05:52Z</time></trkpt>
<trkpt lat="40.471517" lon="-121.395620"><ele>1917.4</ele><time>2024-07-16T20:05:57Z</time></trkpt>
<trkpt lat="40.471774" lon="-121.394856"><ele>1920.2</ele><time>2024-07-16T20:06:30Z</time></trkpt>
<trkpt lat="40.471866" lon="-121.394355"><ele>1921.0</ele><time>2024-07-16T20:07:06Z</time></trkpt>
<trkpt lat="40.472242" lon="-121.393575"><ele>1922.8</ele><time>2024-07-16T20:08:07Z</time></trkpt>
<trkpt lat="40.471955" lon="-121.392680"><ele>1930.2</ele><time>2024-07-16T20:09:36Z</time></trkpt>
<trkpt lat="40.471798" lon="-121.392385"><ele>1931.6</ele><time>2024-07-16T20:09:51Z</time></trkpt>
<trkpt lat="40.471885" lon="-121.391823"><ele>1932.0</ele><time>2024-07-16T20:10:00Z</time></trkpt>
<trkpt lat="40.471323" lon="-121.390896"><ele>1932.6</ele><time>2024-07-16T20:11:00Z</time></trkpt>
<trkpt lat="40.471367" lon="-121.390658"><ele>1932.8</ele><time>2024-07-16T20:11:22Z</time></trkpt>
<trkpt lat="40.471498" lon="-121.390419"><ele>1934.0</ele><time>2024-07-16T20:12:00Z</time></trkpt>
<trkpt lat="40.471807" lon="-121.390369"><ele>1933.8</ele><time>2024-07-16T20:12:20Z</time></trkpt>
<trkpt lat="40.472024" lon="-121.390100"><ele>1932.2</ele><time>2024-07-16T20:12:58Z</time></trkpt>
<trkpt lat="40.472570" lon="-121.389919"><ele>1932.4</ele><time>2024-07-16T20:13:51Z</time></trkpt>
<trkpt lat="40.472743" lon="-121.389702"><ele>1932.4</ele><time>2024-07-16T20:13:52Z</time></trkpt>
<trkpt lat="40.472800" lon="-121.389511"><ele>1932.4</ele><time>2024-07-16T20:13:55Z</time></trkpt>
<trkpt lat="40.472985" lon="-121.389425"><ele>1933.0</ele><time>2024-07-16T20:14:11Z</time></trkpt>
<trkpt lat="40.473332" lon="-121.388808"><ele>1936.6</ele><time>2024-07-16T20:15:28Z</time></trkpt>
<trkpt lat="40.473462" lon="-121.388451"><ele>1939.4</ele><time>2024-07-16T20:15:52Z</time></trkpt>
<trkpt lat="40.473431" lon="-121.388280"><ele>1939.8</ele><time>2024-07-16T20:15:54Z</time></trkpt>
<trkpt lat="40.473518" lon="-121.387659"><ele>1941.8</ele><time>2024-07-16T20:16:22Z</time></trkpt>
<trkpt lat="40.474056" lon="-121.386751"><ele>1943.2</ele><time>2024-07-16T20:17:54Z</time></trkpt>
<trkpt lat="40.473707" lon="-121.386314"><ele>1943.2</ele><time>2024-07-16T20:17:56Z</time></trkpt>
<trkpt lat="40.473630" lon="-121.386308"><ele>1943.2</ele><time>2024-07-16T20:17:58Z</time></trkpt>
<trkpt lat="40.473616" lon="-121.386130"><ele>1942.0</ele><time>2024-07-16T20:18:10Z</time></trkpt>
<trkpt lat="40.473795" lon="-121.385635"><ele>1947.6</ele><time>2024-07-16T20:19:04Z</time></trkpt>
<trkpt lat="40.473888" lon="-121.385025"><ele>1952.2</ele><time>2024-07-16T20:19:56Z</time></trkpt>
<trkpt lat="40.474224" lon="-121.384186"><ele>1955.0</ele><time>2024-07-16T20:21:06Z</time></trkpt>
<trkpt lat="40.474352" lon="-121.383575"><ele>1954.6</ele><time>2024-07-16T20:21:51Z</time></trkpt>
<trkpt lat="40.474643" lon="-121.383159"><ele>1954.8</ele><time>2024-07-16T20:22:00Z</time></trkpt>
<trkpt lat="40.474570" lon="-121.383257"><ele>1954.8</ele><time>2024-07-16T20:22:01Z</time></trkpt>
<trkpt lat="40.474787" lon="-121.382789"><ele>1955.6</ele><time>2024-07-16T20:22:16Z</time></trkpt>
<trkpt lat="40.475031" lon="-121.381457"><ele>1958.2</ele><time>2024-07-16T20:23:32Z</time></trkpt>
<trkpt lat="40.474981" lon="-121.381251"><ele>1960.0</ele><time>2024-07-16T20:24:00Z</time></trkpt>
<trkpt lat="40.475037" lon="-121.381115"><ele>1960.2</ele><time>2024-07-16T20:24:09Z</time></trkpt>
<trkpt lat="40.475506" lon="-121.380628"><ele>1962.2</ele><time>2024-07-16T20:24:52Z</time></trkpt>
<trkpt lat="40.476270" lon="-121.380161"><ele>1963.6</ele><time>2024-07-16T20:25:51Z</time></trkpt>
<trkpt lat="40.476167" lon="-121.380170"><ele>1963.8</ele><time>2024-07-16T20:25:54Z</time></trkpt>
<trkpt lat="40.476225" lon="-121.379878"><ele>1964.4</ele><time>2024-07-16T20:26:10Z</time></trkpt>
<trkpt lat="40.476194" lon="-121.379477"><ele>1964.4</ele><time>2024-07-16T20:26:18Z</time></trkpt>
<trkpt lat="40.476088" lon="-121.378831"><ele>1966.0</ele><time>2024-07-16T20:27:28Z</time></trkpt>
<trkpt lat="40.475896" lon="-121.378205"><ele>1965.0</ele><time>2024-07-16T20:27:52Z</time></trkpt>
<trkpt lat="40.476010" lon="-121.378025"><ele>1964.8</ele><time>2024-07-16T20:27:57Z</time></trkpt>
<trkpt lat="40.475993" lon="-121.377744"><ele>1963.8</ele><time>2024-07-16T20:28:12Z</time></trkpt>
<trkpt lat="40.476388" lon="-121.376094"><ele>1964.0</ele><time>2024-07-16T20:29:52Z</time></trkpt>
<trkpt lat="40.476281" lon="-121.375855"><ele>1964.6</ele><time>2024-07-16T20:30:08Z</time></trkpt>
<trkpt lat="40.476490" lon="-121.373770"><ele>1966.2</ele><time>2024-07-16T20:32:10Z</time></trkpt>
<trkpt lat="40.476761" lon="-121.373331"><ele>1967.4</ele><time>2024-07-16T20:32:42Z</time></trkpt>
<trkpt lat="40.476802" lon="-121.373122"><ele>1967.6</ele><time>2024-07-16T20:33:04Z</time></trkpt>
<trkpt lat="40.477286" lon="-121.372224"><ele>1970.0</ele><time>2024-07-16T20:34:11Z</time></trkpt>
<trkpt lat="40.477367" lon="-121.371870"><ele>1970.8</ele><time>2024-07-16T20:34:22Z</time></trkpt>
<trkpt lat="40.477650" lon="-121.371514"><ele>1971.0</ele><time>2024-07-16T20:35:06Z</time></trkpt>
<trkpt lat="40.477932" lon="-121.370971"><ele>1976.6</ele><time>2024-07-16T20:35:52Z</time></trkpt>
<trkpt lat="40.478095" lon="-121.370883"><ele>1976.8</ele><time>2024-07-16T20:35:57Z</time></trkpt>
<trkpt lat="40.478083" lon="-121.370745"><ele>1976.8</ele><time>2024-07-16T20:36:00Z</time></trkpt>
<trkpt lat="40.478240" lon="-121.370469"><ele>1975.6</ele><time>2024-07-16T20:36:14Z</time></trkpt>
<trkpt lat="40.478710" lon="-121.369076"><ele>1973.4</ele><time>2024-07-16T20:37:53Z</time></trkpt>
<trkpt lat="40.478668" lon="-121.368887"><ele>1973.0</ele><time>2024-07-16T20:38:10Z</time></trkpt>
<trkpt lat="40.479140" lon="-121.367901"><ele>1976.0</ele><time>2024-07-16T20:39:52Z</time></trkpt>
<trkpt lat="40.479207" lon="-121.367927"><ele>1976.0</ele><time>2024-07-16T20:39:54Z</time></trkpt>
<trkpt lat="40.479608" lon="-121.367485"><ele>1977.4</ele><time>2024-07-16T20:40:31Z</time></trkpt>
<trkpt lat="40.480002" lon="-121.366702"><ele>1980.4</ele><time>2024-07-16T20:41:27Z</time></trkpt>
<trkpt lat="40.480227" lon="-121.366464"><ele>1982.4</ele><time>2024-07-16T20:41:53Z</time></trkpt>
<trkpt lat="40.480133" lon="-121.366484"><ele>1982.6</ele><time>2024-07-16T20:41:56Z</time></trkpt>
<trkpt lat="40.480192" lon="-121.366532"><ele>1982.6</ele><time>2024-07-16T20:41:57Z</time></trkpt>
<trkpt lat="40.480298" lon="-121.366483"><ele>1983.0</ele><time>2024-07-16T20:42:03Z</time></trkpt>
<trkpt lat="40.480901" lon="-121.366073"><ele>1985.8</ele><time>2024-07-16T20:42:57Z</time></trkpt>
<trkpt lat="40.480924" lon="-121.365818"><ele>1985.2</ele><time>2024-07-16T20:43:21Z</time></trkpt>
<trkpt lat="40.481119" lon="-121.365506"><ele>1985.8</ele><time>2024-07-16T20:43:43Z</time></trkpt>
<trkpt lat="40.481415" lon="-121.365244"><ele>1986.6</ele><time>2024-07-16T20:44:07Z</time></trkpt>
<trkpt lat="40.482213" lon="-121.364916"><ele>1986.0</ele><time>2024-07-16T20:45:52Z</time></trkpt>
<trkpt lat="40.482140" lon="-121.364897"><ele>1986.0</ele><time>2024-07-16T20:46:06Z</time></trkpt>
<trkpt lat="40.482573" lon="-121.365219"><ele>1994.8</ele><time>2024-07-16T20:47:33Z</time></trkpt>
<trkpt lat="40.482940" lon="-121.365557"><ele>1996.4</ele><time>2024-07-16T20:47:54Z</time></trkpt>
<trkpt lat="40.483044" lon="-121.365754"><ele>1998.0</ele><time>2024-07-16T20:48:12Z</time></trkpt>
<trkpt lat="40.483679" lon="-121.366371"><ele>2006.6</ele><time>2024-07-16T20:49:35Z</time></trkpt>
<trkpt lat="40.483809" lon="-121.366542"><ele>2008.0</ele><time>2024-07-16T20:49:55Z</time></trkpt>
<trkpt lat="40.483874" lon="-121.366797"><ele>2009.0</ele><time>2024-07-16T20:50:10Z</time></trkpt>
<trkpt lat="40.484968" lon="-121.367486"><ele>2016.2</ele><time>2024-07-16T20:51:52Z</time></trkpt>
<trkpt lat="40.484951" lon="-121.367665"><ele>2016.6</ele><time>2024-07-16T20:52:03Z</time></trkpt>
<trkpt lat="40.485428" lon="-121.368040"><ele>2023.8</ele><time>2024-07-16T20:53:09Z</time></trkpt>
<trkpt lat="40.485715" lon="-121.368137"><ele>2030.2</ele><time>2024-07-16T20:53:52Z</time></trkpt>
<trkpt lat="40.485962" lon="-121.368009"><ele>2031.4</ele><time>2024-07-16T20:54:02Z</time></trkpt>
<trkpt lat="40.486312" lon="-121.368004"><ele>2036.0</ele><time>2024-07-16T20:54:31Z</time></trkpt>
<trkpt lat="40.486855" lon="-121.368165"><ele>2046.0</ele><time>2024-07-16T20:55:53Z</time></trkpt>
<trkpt lat="40.486858" lon="-121.368268"><ele>2046.8</ele><time>2024-07-16T20:55:57Z</time></trkpt>
<trkpt lat="40.487000" lon="-121.368169"><ele>2047.8</ele><time>2024-07-16T20:56:03Z</time></trkpt>
<trkpt lat="40.487086" lon="-121.368002"><ele>2050.0</ele><time>2024-07-16T20:56:19Z</time></trkpt>
<trkpt lat="40.487868" lon="-121.367641"><ele>2055.8</ele><time>2024-07-16T20:57:29Z</time></trkpt>
<trkpt lat="40.488049" lon="-121.367592"><ele>2053.8</ele><time>2024-07-16T20:57:45Z</time></trkpt>
<trkpt lat="40.488106" lon="-121.367639"><ele>2053.8</ele><time>2024-07-16T20:57:53Z</time></trkpt>
<trkpt lat="40.488290" lon="-121.367485"><ele>2053.6</ele><time>2024-07-16T20:58:07Z</time></trkpt>
<trkpt lat="40.488840" lon="-121.367298"><ele>2052.8</ele><time>2024-07-16T20:58:50Z</time></trkpt>
<trkpt lat="40.489044" lon="-121.367119"><ele>2052.8</ele><time>2024-07-16T20:59:07Z</time></trkpt>
<trkpt lat="40.489320" lon="-121.367117"><ele>2052.8</ele><time>2024-07-16T20:59:20Z</time></trkpt>
<trkpt lat="40.490090" lon="-121.367389"><ele>2050.6</ele><time>2024-07-16T21:01:09Z</time></trkpt>
<trkpt lat="40.491132" lon="-121.367288"><ele>2049.6</ele><time>2024-07-16T21:02:22Z</time></trkpt>
<trkpt lat="40.491412" lon="-121.367366"><ele>2050.4</ele><time>2024-07-16T21:02:53Z</time></trkpt>
<trkpt lat="40.491363" lon="-121.367356"><ele>2050.4</ele><time>2024-07-16T21:02:54Z</time></trkpt>
<trkpt lat="40.491797" lon="-121.367194"><ele>2049.8</ele><time>2024-07-16T21:03:20Z</time></trkpt>
<trkpt lat="40.491964" lon="-121.366759"><ele>2050.4</ele><time>2024-07-16T21:03:52Z</time></trkpt>
<trkpt lat="40.492506" lon="-121.366298"><ele>2050.0</ele><time>2024-07-16T21:04:27Z</time></trkpt>
<trkpt lat="40.493421" lon="-121.365272"><ele>2051.0</ele><time>2024-07-16T21:06:09Z</time></trkpt>
<trkpt lat="40.495160" lon="-121.365188"><ele>2055.0</ele><time>2024-07-16T21:08:24Z</time></trkpt>
<trkpt lat="40.495654" lon="-121.365389"><ele>2054.8</ele><time>2024-07-16T21:09:06Z</time></trkpt>
<trkpt lat="40.496217" lon="-121.365844"><ele>2050.4</ele><time>2024-07-16T21:09:56Z</time></trkpt>
<trkpt lat="40.497014" lon="-121.365766"><ele>2044.6</ele><time>2024-07-16T21:10:52Z</time></trkpt>
<trkpt lat="40.497711" lon="-121.365797"><ele>2041.2</ele><time>2024-07-16T21:11:53Z</time></trkpt>
<trkpt lat="40.499119" lon="-121.365040"><ele>2032.0</ele><time>2024-07-16T21:13:53Z</time></trkpt>
<trkpt lat="40.499361" lon="-121.364848"><ele>2031.0</ele><time>2024-07-16T21:14:13Z</time></trkpt>
<trkpt lat="40.500588" lon="-121.365110"><ele>2036.4</ele><time>2024-07-16T21:15:56Z</time></trkpt>
<trkpt lat="40.500724" lon="-121.365279"><ele>2037.6</ele><time>2024-07-16T21:16:09Z</time></trkpt>
<trkpt lat="40.501134" lon="-121.365422"><ele>2037.0</ele><time>2024-07-16T21:16:36Z</time></trkpt>
<trkpt lat="40.501732" lon="-121.365541"><ele>2042.6</ele><time>2024-07-16T21:17:53Z</time></trkpt>
<trkpt lat="40.502027" lon="-121.365175"><ele>2045.0</ele><time>2024-07-16T21:18:36Z</time></trkpt>
<trkpt lat="40.502355" lon="-121.365002"><ele>2044.8</ele><time>2024-07-16T21:19:06Z</time></trkpt>
<trkpt lat="40.503236" lon="-121.364738"><ele>2041.8</ele><time>2024-07-16T21:20:26Z</time></trkpt>
<trkpt lat="40.503283" lon="-121.364656"><ele>2040.8</ele><time>2024-07-16T21:20:32Z</time></trkpt>
<trkpt lat="40.504321" lon="-121.364142"><ele>2031.0</ele><time>2024-07-16T21:21:55Z</time></trkpt>
<trkpt lat="40.504770" lon="-121.363642"><ele>2023.0</ele><time>2024-07-16T21:22:40Z</time></trkpt>
<trkpt lat="40.505059" lon="-121.363563"><ele>2020.8</ele><time>2024-07-16T21:23:02Z</time></trkpt>
<trkpt lat="40.505249" lon="-121.363645"><ele>2017.2</ele><time>2024-07-16T21:23:55Z</time></trkpt>
<trkpt lat="40.505037" lon="-121.363375"><ele>2014.0</ele><time>2024-07-16T21:24:20Z</time></trkpt>
<trkpt lat="40.505003" lon="-121.363215"><ele>2013.4</ele><time>2024-07-16T21:24:28Z</time></trkpt>
<trkpt lat="40.505190" lon="-121.362942"><ele>2009.6</ele><time>2024-07-16T21:24:56Z</time></trkpt>
<trkpt lat="40.505286" lon="-121.362965"><ele>2011.0</ele><time>2024-07-16T21:25:56Z</time></trkpt>
<trkpt lat="40.505271" lon="-121.362858"><ele>2011.0</ele><time>2024-07-16T21:26:13Z</time></trkpt>
<trkpt lat="40.505203" lon="-121.362923"><ele>2011.4</ele><time>2024-07-16T21:26:38Z</time></trkpt>
<trkpt lat="40.505262" lon="-121.362975"><ele>2011.2</ele><time>2024-07-16T21:28:00Z</time></trkpt>
<trkpt lat="40.505157" lon="-121.362875"><ele>2010.8</ele><time>2024-07-16T21:29:54Z</time></trkpt>
<trkpt lat="40.505262" lon="-121.362999"><ele>2010.2</ele><time>2024-07-16T21:30:02Z</time></trkpt>
<trkpt lat="40.505458" lon="-121.362969"><ele>2009.8</ele><time>2024-07-16T21:32:01Z</time></trkpt>
<trkpt lat="40.505417" lon="-121.362941"><ele>2009.8</ele><time>2024-07-16T21:32:02Z</time></trkpt>
<trkpt lat="40.505597" lon="-121.363032"><ele>2008.8</ele><time>2024-07-16T21:32:12Z</time></trkpt>
<trkpt lat="40.505446" lon="-121.362983"><ele>2006.4</ele><time>2024-07-16T21:33:10Z</time></trkpt>
<trkpt lat="40.505373" lon="-121.362904"><ele>2009.6</ele><time>2024-07-16T21:33:56Z</time></trkpt>
<trkpt lat="40.505375" lon="-121.362964"><ele>2010.0</ele><time>2024-07-16T21:34:00Z</time></trkpt>
<trkpt lat="40.505241" lon="-121.362964"><ele>2010.0</ele><time>2024-07-16T21:35:48Z</time></trkpt>
<trkpt lat="40.505330" lon="-121.362981"><ele>2009.6</ele><time>2024-07-16T21:36:06Z</time></trkpt>
<trkpt lat="40.505266" lon="-121.363082"><ele>2009.4</ele><time>2024-07-16T21:37:56Z</time></trkpt>
<trkpt lat="40.505278" lon="-121.362991"><ele>2009.0</ele><time>2024-07-16T21:38:04Z</time></trkpt>
<trkpt lat="40.505232" lon="-121.363027"><ele>2009.0</ele><time>2024-07-16T21:38:09Z</time></trkpt>
<trkpt lat="40.505273" lon="-121.362968"><ele>2010.8</ele><time>2024-07-16T21:39:59Z</time></trkpt>
<trkpt lat="40.505234" lon="-121.363022"><ele>2010.6</ele><time>2024-07-16T21:40:05Z</time></trkpt>
<trkpt lat="40.505279" lon="-121.363038"><ele>2010.4</ele><time>2024-07-16T21:40:11Z</time></trkpt>
<trkpt lat="40.505294" lon="-121.362955"><ele>2013.4</ele><time>2024-07-16T21:41:58Z</time></trkpt>
<trkpt lat="40.505358" lon="-121.363021"><ele>2013.2</ele><time>2024-07-16T21:42:02Z</time></trkpt>
<trkpt lat="40.505216" lon="-121.362932"><ele>2011.8</ele><time>2024-07-16T21:47:58Z</time></trkpt>
<trkpt lat="40.505311" lon="-121.362996"><ele>2010.6</ele><time>2024-07-16T21:50:06Z</time></trkpt>
<trkpt lat="40.505299" lon="-121.363088"><ele>2010.6</ele><time>2024-07-16T21:50:13Z</time></trkpt>
<trkpt lat="40.505367" lon="-121.362977"><ele>2010.8</ele><time>2024-07-16T21:51:54Z</time></trkpt>
<trkpt lat="40.505305" lon="-121.362949"><ele>2010.8</ele><time>2024-07-16T21:52:01Z</time></trkpt>
<trkpt lat="40.505332" lon="-121.363019"><ele>2010.6</ele><time>2024-07-16T21:52:06Z</time></trkpt>
<trkpt lat="40.505179" lon="-121.362910"><ele>2010.4</ele><time>2024-07-16T21:53:58Z</time></trkpt>
<trkpt lat="40.505376" lon="-121.362969"><ele>2010.4</ele><time>2024-07-16T21:54:07Z</time></trkpt>
<trkpt lat="40.505212" lon="-121.363003"><ele>2009.4</ele><time>2024-07-16T21:55:59Z</time></trkpt>
<trkpt lat="40.505401" lon="-121.363086"><ele>2009.4</ele><time>2024-07-16T21:56:11Z</time></trkpt>
<trkpt lat="40.505350" lon="-121.363022"><ele>2009.2</ele><time>2024-07-16T21:56:12Z</time></trkpt>
<trkpt lat="40.505281" lon="-121.363127"><ele>2014.4</ele><time>2024-07-16T21:57:51Z</time></trkpt>
<trkpt lat="40.505258" lon="-121.363002"><ele>2013.4</ele><time>2024-07-16T21:58:10Z</time></trkpt>
<trkpt lat="40.505330" lon="-121.363065"><ele>2013.0</ele><time>2024-07-16T22:00:00Z</time></trkpt>
<trkpt lat="40.505266" lon="-121.363077"><ele>2012.8</ele><time>2024-07-16T22:02:01Z</time></trkpt>
<trkpt lat="40.505197" lon="-121.362925"><ele>2012.6</ele><time>2024-07-16T22:03:25Z</time></trkpt>
<trkpt lat="40.505377" lon="-121.363057"><ele>2013.2</ele><time>2024-07-16T22:04:12Z</time></trkpt>
<trkpt lat="40.505155" lon="-121.363037"><ele>2013.0</ele><time>2024-07-16T22:06:11Z</time></trkpt>
<trkpt lat="40.505259" lon="-121.363014"><ele>2012.4</ele><time>2024-07-16T22:07:37Z</time></trkpt>
<trkpt lat="40.505266" lon="-121.362926"><ele>2011.8</ele><time>2024-07-16T22:08:05Z</time></trkpt>
<trkpt lat="40.505299" lon="-121.363052"><ele>2011.6</ele><time>2024-07-16T22:13:56Z</time></trkpt>
<trkpt lat="40.505219" lon="-121.363052"><ele>2011.8</ele><time>2024-07-16T22:14:01Z</time></trkpt>
<trkpt lat="40.505307" lon="-121.363025"><ele>2012.0</ele><time>2024-07-16T22:14:11Z</time></trkpt>
<trkpt lat="40.505192" lon="-121.363193"><ele>2012.4</ele><time>2024-07-16T22:15:55Z</time></trkpt>
<trkpt lat="40.505216" lon="-121.363011"><ele>2012.6</ele><time>2024-07-16T22:16:03Z</time></trkpt>
<trkpt lat="40.505359" lon="-121.362951"><ele>2010.2</ele><time>2024-07-16T22:16:23Z</time></trkpt>
<trkpt lat="40.505686" lon="-121.363016"><ele>2007.0</ele><time>2024-07-16T22:16:47Z</time></trkpt>
<trkpt lat="40.505256" lon="-121.363047"><ele>2005.8</ele><time>2024-07-16T22:17:54Z</time></trkpt>
<trkpt lat="40.505635" lon="-121.363004"><ele>2005.4</ele><time>2024-07-16T22:19:57Z</time></trkpt>
<trkpt lat="40.505409" lon="-121.362900"><ele>2007.2</ele><time>2024-07-16T22:20:19Z</time></trkpt>
<trkpt lat="40.505151" lon="-121.362897"><ele>2011.0</ele><time>2024-07-16T22:21:55Z</time></trkpt>
<trkpt lat="40.505340" lon="-121.363000"><ele>2010.6</ele><time>2024-07-16T22:22:05Z</time></trkpt>
<trkpt lat="40.505176" lon="-121.362817"><ele>2010.4</ele><time>2024-07-16T22:24:12Z</time></trkpt>
<trkpt lat="40.505202" lon="-121.362636"><ele>2009.8</ele><time>2024-07-16T22:24:25Z</time></trkpt>
<trkpt lat="40.505876" lon="-121.361625"><ele>2004.4</ele><time>2024-07-16T22:25:54Z</time></trkpt>
<trkpt lat="40.505930" lon="-121.361449"><ele>2004.6</ele><time>2024-07-16T22:26:03Z</time></trkpt>
<trkpt lat="40.506690" lon="-121.360597"><ele>2007.6</ele><time>2024-07-16T22:27:31Z</time></trkpt>
<trkpt lat="40.507083" lon="-121.360422"><ele>2007.0</ele><time>2024-07-16T22:27:54Z</time></trkpt>
<trkpt lat="40.508599" lon="-121.361127"><ele>2006.6</ele><time>2024-07-16T22:29:54Z</time></trkpt>
<trkpt lat="40.508707" lon="-121.361305"><ele>2006.0</ele><time>2024-07-16T22:30:05Z</time></trkpt>
<trkpt lat="40.509220" lon="-121.361770"><ele>2005.0</ele><time>2024-07-16T22:30:39Z</time></trkpt>
<trkpt lat="40.509808" lon="-121.362503"><ele>2006.2</ele><time>2024-07-16T22:31:56Z</time></trkpt>
<trkpt lat="40.509948" lon="-121.362521"><ele>2006.2</ele><time>2024-07-16T22:32:09Z</time></trkpt>
<trkpt lat="40.510552" lon="-121.363034"><ele>2007.6</ele><time>2024-07-16T22:33:09Z</time></trkpt>
<trkpt lat="40.511016" lon="-121.363222"><ele>2005.6</ele><time>2024-07-16T22:33:54Z</time></trkpt>
<trkpt lat="40.511969" lon="-121.363342"><ele>2006.2</ele><time>2024-07-16T22:35:05Z</time></trkpt>
<trkpt lat="40.512829" lon="-121.363652"><ele>2003.4</ele><time>2024-07-16T22:36:06Z</time></trkpt>
<trkpt lat="40.514216" lon="-121.363695"><ele>2002.6</ele><time>2024-07-16T22:38:03Z</time></trkpt>
<trkpt lat="40.515525" lon="-121.364666"><ele>2002.4</ele><time>2024-07-16T22:39:55Z</time></trkpt>
<trkpt lat="40.516086" lon="-121.364912"><ele>2000.4</ele><time>2024-07-16T22:40:24Z</time></trkpt>
<trkpt lat="40.517189" lon="-121.364702"><ele>1997.6</ele><time>2024-07-16T22:41:55Z</time></trkpt>
<trkpt lat="40.518116" lon="-121.364388"><ele>1993.2</ele><time>2024-07-16T22:42:54Z</time></trkpt>
<trkpt lat="40.518866" lon="-121.364256"><ele>1990.6</ele><time>2024-07-16T22:44:03Z</time></trkpt>
<trkpt lat="40.518937" lon="-121.364187"><ele>1989.4</ele><time>2024-07-16T22:44:12Z</time></trkpt>
<trkpt lat="40.520356" lon="-121.364276"><ele>1979.6</ele><time>2024-07-16T22:46:10Z</time></trkpt>
<trkpt lat="40.520609" lon="-121.364187"><ele>1978.4</ele><time>2024-07-16T22:46:28Z</time></trkpt>
<trkpt lat="40.521033" lon="-121.363903"><ele>1975.2</ele><time>2024-07-16T22:47:10Z</time></trkpt>
<trkpt lat="40.521921" lon="-121.363593"><ele>1973.8</ele><time>2024-07-16T22:48:11Z</time></trkpt>
<trkpt lat="40.522694" lon="-121.363142"><ele>1971.8</ele><time>2024-07-16T22:48:58Z</time></trkpt>
<trkpt lat="40.523213" lon="-121.362751"><ele>1971.0</ele><time>2024-07-16T22:50:04Z</time></trkpt>
<trkpt lat="40.524132" lon="-121.362320"><ele>1973.0</ele><time>2024-07-16T22:51:55Z</time></trkpt>
<trkpt lat="40.524181" lon="-121.362266"><ele>1975.6</ele><time>2024-07-16T22:52:07Z</time></trkpt>
<trkpt lat="40.524103" lon="-121.362254"><ele>1977.8</ele><time>2024-07-16T22:52:13Z</time></trkpt>
<trkpt lat="40.524310" lon="-121.362165"><ele>1979.4</ele><time>2024-07-16T22:52:24Z</time></trkpt>
<trkpt lat="40.525145" lon="-121.361792"><ele>1974.2</ele><time>2024-07-16T22:53:54Z</time></trkpt>
<trkpt lat="40.526461" lon="-121.361381"><ele>1965.4</ele><time>2024-07-16T22:56:15Z</time></trkpt>
<trkpt lat="40.528240" lon="-121.359945"><ele>1956.0</ele><time>2024-07-16T22:58:32Z</time></trkpt>
<trkpt lat="40.528704" lon="-121.359735"><ele>1955.0</ele><time>2024-07-16T22:59:22Z</time></trkpt>
<trkpt lat="40.529146" lon="-121.359407"><ele>1954.4</ele><time>2024-07-16T22:59:55Z</time></trkpt>
<trkpt lat="40.529499" lon="-121.359458"><ele>1953.8</ele><time>2024-07-16T23:00:20Z</time></trkpt>
<trkpt lat="40.529972" lon="-121.359346"><ele>1950.2</ele><time>2024-07-16T23:00:48Z</time></trkpt>
<trkpt lat="40.531178" lon="-121.359443"><ele>1950.4</ele><time>2024-07-16T23:02:21Z</time></trkpt>
<trkpt lat="40.531515" lon="-121.359097"><ele>1948.4</ele><time>2024-07-16T23:03:05Z</time></trkpt>
<trkpt lat="40.532259" lon="-121.358577"><ele>1941.8</ele><time>2024-07-16T23:04:06Z</time></trkpt>
<trkpt lat="40.532859" lon="-121.358359"><ele>1938.6</ele><time>2024-07-16T23:04:36Z</time></trkpt>
<trkpt lat="40.533945" lon="-121.358241"><ele>1935.6</ele><time>2024-07-16T23:06:06Z</time></trkpt>
<trkpt lat="40.535296" lon="-121.358395"><ele>1934.2</ele><time>2024-07-16T23:07:48Z</time></trkpt>
<trkpt lat="40.536045" lon="-121.358402"><ele>1933.4</ele><time>2024-07-16T23:08:26Z</time></trkpt>
<trkpt lat="40.537387" lon="-121.358601"><ele>1931.2</ele><time>2024-07-16T23:10:15Z</time></trkpt>
<trkpt lat="40.537844" lon="-121.358529"><ele>1930.4</ele><time>2024-07-16T23:10:48Z</time></trkpt>
<trkpt lat="40.538493" lon="-121.358242"><ele>1932.2</ele><time>2024-07-16T23:11:52Z</time></trkpt>
<trkpt lat="40.538964" lon="-121.358120"><ele>1933.8</ele><time>2024-07-16T23:12:12Z</time></trkpt>
<trkpt lat="40.540359" lon="-121.358320"><ele>1931.8</ele><time>2024-07-16T23:14:13Z</time></trkpt>
<trkpt lat="40.540634" lon="-121.358532"><ele>1931.4</ele><time>2024-07-16T23:14:22Z</time></trkpt>
<trkpt lat="40.541481" lon="-121.359465"><ele>1929.8</ele><time>2024-07-16T23:15:55Z</time></trkpt>
<trkpt lat="40.541550" lon="-121.359423"><ele>1930.2</ele><time>2024-07-16T23:15:58Z</time></trkpt>
<trkpt lat="40.541779" lon="-121.359525"><ele>1931.0</ele><time>2024-07-16T23:16:15Z</time></trkpt>
<trkpt lat="40.542159" lon="-121.360153"><ele>1929.6</ele><time>2024-07-16T23:17:15Z</time></trkpt>
<trkpt lat="40.542608" lon="-121.360596"><ele>1929.2</ele><time>2024-07-16T23:17:51Z</time></trkpt>
<trkpt lat="40.542720" lon="-121.360864"><ele>1929.2</ele><time>2024-07-16T23:17:56Z</time></trkpt>
<trkpt lat="40.542913" lon="-121.360925"><ele>1929.4</ele><time>2024-07-16T23:18:05Z</time></trkpt>
<trkpt lat="40.543370" lon="-121.361830"><ele>1930.2</ele><time>2024-07-16T23:19:07Z</time></trkpt>
<trkpt lat="40.543834" lon="-121.362467"><ele>1932.0</ele><time>2024-07-16T23:19:56Z</time></trkpt>
<trkpt lat="40.544121" lon="-121.362727"><ele>1936.4</ele><time>2024-07-16T23:20:19Z</time></trkpt>
<trkpt lat="40.545130" lon="-121.363634"><ele>1933.4</ele><time>2024-07-16T23:21:56Z</time></trkpt>
<trkpt lat="40.545346" lon="-121.363604"><ele>1933.4</ele><time>2024-07-16T23:21:57Z</time></trkpt>
<trkpt lat="40.545290" lon="-121.363651"><ele>1933.4</ele><time>2024-07-16T23:21:58Z</time></trkpt>
<trkpt lat="40.545548" lon="-121.363917"><ele>1932.4</ele><time>2024-07-16T23:22:29Z</time></trkpt>
<trkpt lat="40.545663" lon="-121.364156"><ele>1934.4</ele><time>2024-07-16T23:23:01Z</time></trkpt>
<trkpt lat="40.546383" lon="-121.364749"><ele>1937.6</ele><time>2024-07-16T23:23:51Z</time></trkpt>
<trkpt lat="40.546504" lon="-121.364958"><ele>1937.8</ele><time>2024-07-16T23:23:58Z</time></trkpt>
<trkpt lat="40.546759" lon="-121.365025"><ele>1938.8</ele><time>2024-07-16T23:24:13Z</time></trkpt>
<trkpt lat="40.547448" lon="-121.365657"><ele>1944.0</ele><time>2024-07-16T23:25:27Z</time></trkpt>
<trkpt lat="40.547926" lon="-121.366271"><ele>1945.2</ele><time>2024-07-16T23:26:05Z</time></trkpt>
<trkpt lat="40.548957" lon="-121.367854"><ele>1945.8</ele><time>2024-07-16T23:27:57Z</time></trkpt>
<trkpt lat="40.550354" lon="-121.369519"><ele>1944.0</ele><time>2024-07-16T23:30:12Z</time></trkpt>
<trkpt lat="40.550751" lon="-121.370362"><ele>1943.8</ele><time>2024-07-16T23:31:07Z</time></trkpt>
<trkpt lat="40.551053" lon="-121.371197"><ele>1942.4</ele><time>2024-07-16T23:31:57Z</time></trkpt>
<trkpt lat="40.551781" lon="-121.372573"><ele>1943.8</ele><time>2024-07-16T23:33:37Z</time></trkpt>
<trkpt lat="40.552169" lon="-121.373167"><ele>1943.6</ele><time>2024-07-16T23:34:16Z</time></trkpt>
<trkpt lat="40.552722" lon="-121.374971"><ele>1942.6</ele><time>2024-07-16T23:36:13Z</time></trkpt>
<trkpt lat="40.553295" lon="-121.376447"><ele>1940.6</ele><time>2024-07-16T23:37:57Z</time></trkpt>
<trkpt lat="40.553420" lon="-121.376578"><ele>1940.4</ele><time>2024-07-16T23:38:07Z</time></trkpt>
<trkpt lat="40.553486" lon="-121.377080"><ele>1941.0</ele><time>2024-07-16T23:38:43Z</time></trkpt>
<trkpt lat="40.553736" lon="-121.377844"><ele>1937.4</ele><time>2024-07-16T23:39:33Z</time></trkpt>
<trkpt lat="40.553808" lon="-121.378515"><ele>1935.8</ele><time>2024-07-16T23:40:02Z</time></trkpt>
<trkpt lat="40.553882" lon="-121.378556"><ele>1935.6</ele><time>2024-07-16T23:40:07Z</time></trkpt>
<trkpt lat="40.554295" lon="-121.379684"><ele>1935.2</ele><time>2024-07-16T23:41:29Z</time></trkpt>
<trkpt lat="40.554415" lon="-121.380183"><ele>1934.8</ele><time>2024-07-16T23:41:55Z</time></trkpt>
<trkpt lat="40.554358" lon="-121.380269"><ele>1935.0</ele><time>2024-07-16T23:41:57Z</time></trkpt>
<trkpt lat="40.554478" lon="-121.380532"><ele>1937.2</ele><time>2024-07-16T23:42:13Z</time></trkpt>
<trkpt lat="40.554838" lon="-121.380946"><ele>1935.8</ele><time>2024-07-16T23:42:41Z</time></trkpt>
<trkpt lat="40.555045" lon="-121.381339"><ele>1936.0</ele><time>2024-07-16T23:43:09Z</time></trkpt>
<trkpt lat="40.555194" lon="-121.381933"><ele>1936.0</ele><time>2024-07-16T23:43:56Z</time></trkpt>
<trkpt lat="40.556004" lon="-121.382877"><ele>1938.2</ele><time>2024-07-16T23:45:25Z</time></trkpt>
<trkpt lat="40.556343" lon="-121.383530"><ele>1938.2</ele><time>2024-07-16T23:46:10Z</time></trkpt>
<trkpt lat="40.556586" lon="-121.384856"><ele>1937.4</ele><time>2024-07-16T23:47:37Z</time></trkpt>
<trkpt lat="40.556688" lon="-121.385271"><ele>1938.0</ele><time>2024-07-16T23:47:56Z</time></trkpt>
<trkpt lat="40.556793" lon="-121.385432"><ele>1939.6</ele><time>2024-07-16T23:48:10Z</time></trkpt>
<trkpt lat="40.557189" lon="-121.387293"><ele>1938.4</ele><time>2024-07-16T23:50:02Z</time></trkpt>
<trkpt lat="40.557859" lon="-121.388458"><ele>1941.4</ele><time>2024-07-16T23:51:39Z</time></trkpt>
<trkpt lat="40.558246" lon="-121.388996"><ele>1939.2</ele><time>2024-07-16T23:52:11Z</time></trkpt>
<trkpt lat="40.559028" lon="-121.392891"><ele>1933.6</ele><time>2024-07-16T23:56:05Z</time></trkpt>
<trkpt lat="40.559029" lon="-121.394911"><ele>1928.8</ele><time>2024-07-16T23:57:58Z</time></trkpt>
<trkpt lat="40.558982" lon="-121.395040"><ele>1929.2</ele><time>2024-07-16T23:58:03Z</time></trkpt>
<trkpt lat="40.558975" lon="-121.395725"><ele>1927.4</ele><time>2024-07-16T23:58:32Z</time></trkpt>
<trkpt lat="40.559104" lon="-121.396825"><ele>1925.0</ele><time>2024-07-16T23:59:50Z</time></trkpt>
<trkpt lat="40.559039" lon="-121.397315"><ele>1923.6</ele><time>2024-07-17T00:00:15Z</time></trkpt>
<trkpt lat="40.559078" lon="-121.398816"><ele>1925.8</ele><time>2024-07-17T00:01:57Z</time></trkpt>
<trkpt lat="40.559118" lon="-121.398854"><ele>1926.2</ele><time>2024-07-17T00:02:00Z</time></trkpt>
<trkpt lat="40.559106" lon="-121.399139"><ele>1928.2</ele><time>2024-07-17T00:02:17Z</time></trkpt>
<trkpt lat="40.559314" lon="-121.401016"><ele>1926.8</ele><time>2024-07-17T00:04:01Z</time></trkpt>
<trkpt lat="40.559294" lon="-121.401294"><ele>1927.6</ele><time>2024-07-17T00:04:14Z</time></trkpt>
<trkpt lat="40.559554" lon="-121.402871"><ele>1938.0</ele><time>2024-07-17T00:05:57Z</time></trkpt>
<trkpt lat="40.559679" lon="-121.402964"><ele>1938.6</ele><time>2024-07-17T00:06:06Z</time></trkpt>
<trkpt lat="40.559925" lon="-121.403461"><ele>1943.2</ele><time>2024-07-17T00:06:52Z</time></trkpt>
<trkpt lat="40.560069" lon="-121.403680"><ele>1940.2</ele><time>2024-07-17T00:07:26Z</time></trkpt>
<trkpt lat="40.560641" lon="-121.404128"><ele>1936.2</ele><time>2024-07-17T00:07:58Z</time></trkpt>
<trkpt lat="40.561566" lon="-121.404222"><ele>1931.2</ele><time>2024-07-17T00:09:26Z</time></trkpt>
<trkpt lat="40.561677" lon="-121.404685"><ele>1927.8</ele><time>2024-07-17T00:10:04Z</time></trkpt>
<trkpt lat="40.561580" lon="-121.404982"><ele>1925.6</ele><time>2024-07-17T00:10:24Z</time></trkpt>
<trkpt lat="40.561310" lon="-121.405276"><ele>1920.8</ele><time>2024-07-17T00:10:48Z</time></trkpt>
<trkpt lat="40.561245" lon="-121.405737"><ele>1920.4</ele><time>2024-07-17T00:11:14Z</time></trkpt>
<trkpt lat="40.561088" lon="-121.406104"><ele>1916.2</ele><time>2024-07-17T00:11:40Z</time></trkpt>
<trkpt lat="40.561101" lon="-121.406694"><ele>1913.4</ele><time>2024-07-17T00:12:17Z</time></trkpt>
<trkpt lat="40.561011" lon="-121.406607"><ele>1913.2</ele><time>2024-07-17T00:13:58Z</time></trkpt>
<trkpt lat="40.561117" lon="-121.406753"><ele>1911.8</ele><time>2024-07-17T00:15:36Z</time></trkpt>
<trkpt lat="40.561046" lon="-121.406746"><ele>1915.0</ele><time>2024-07-17T00:18:01Z</time></trkpt>
<trkpt lat="40.561101" lon="-121.406694"><ele>1916.6</ele><time>2024-07-17T00:18:08Z</time></trkpt>
<trkpt lat="40.561103" lon="-121.406742"><ele>1918.8</ele><time>2024-07-17T00:18:54Z</time></trkpt>
<trkpt lat="40.561088" lon="-121.406680"><ele>1916.6</ele><time>2024-07-17T00:22:06Z</time></trkpt>
<trkpt lat="40.561114" lon="-121.406758"><ele>1919.2</ele><time>2024-07-17T00:24:04Z</time></trkpt>
<trkpt lat="40.561104" lon="-121.406673"><ele>1919.2</ele><time>2024-07-17T00:24:07Z</time></trkpt>
<trkpt lat="40.561046" lon="-121.406661"><ele>1917.8</ele><time>2024-07-17T00:25:54Z</time></trkpt>
<trkpt lat="40.561166" lon="-121.406755"><ele>1916.8</ele><time>2024-07-17T00:27:52Z</time></trkpt>
<trkpt lat="40.561065" lon="-121.406663"><ele>1916.8</ele><time>2024-07-17T00:28:12Z</time></trkpt>
<trkpt lat="40.561150" lon="-121.406648"><ele>1915.0</ele><time>2024-07-17T00:30:07Z</time></trkpt>
<trkpt lat="40.561056" lon="-121.406648"><ele>1914.8</ele><time>2024-07-17T00:30:15Z</time></trkpt>
<trkpt lat="40.561050" lon="-121.406712"><ele>1918.4</ele><time>2024-07-17T00:31:58Z</time></trkpt>
<trkpt lat="40.561101" lon="-121.406730"><ele>1916.8</ele><time>2024-07-17T00:32:06Z</time></trkpt>
<trkpt lat="40.561058" lon="-121.406732"><ele>1916.8</ele><time>2024-07-17T00:32:11Z</time></trkpt>
<trkpt lat="40.561111" lon="-121.406705"><ele>1916.8</ele><time>2024-07-17T00:32:13Z</time></trkpt>
<trkpt lat="40.561163" lon="-121.407281"><ele>1919.0</ele><time>2024-07-17T00:32:52Z</time></trkpt>
<trkpt lat="40.561013" lon="-121.408226"><ele>1924.2</ele><time>2024-07-17T00:34:14Z</time></trkpt>
<trkpt lat="40.561157" lon="-121.410144"><ele>1928.8</ele><time>2024-07-17T00:36:13Z</time></trkpt>
<trkpt lat="40.561065" lon="-121.412079"><ele>1930.8</ele><time>2024-07-17T00:38:13Z</time></trkpt>
<trkpt lat="40.561301" lon="-121.413674"><ele>1933.6</ele><time>2024-07-17T00:39:57Z</time></trkpt>
<trkpt lat="40.561404" lon="-121.413712"><ele>1933.4</ele><time>2024-07-17T00:40:01Z</time></trkpt>
<trkpt lat="40.561504" lon="-121.413969"><ele>1932.6</ele><time>2024-07-17T00:40:17Z</time></trkpt>
<trkpt lat="40.561852" lon="-121.415362"><ele>1935.6</ele><time>2024-07-17T00:42:00Z</time></trkpt>
<trkpt lat="40.561934" lon="-121.415325"><ele>1935.8</ele><time>2024-07-17T00:42:05Z</time></trkpt>
<trkpt lat="40.562005" lon="-121.415389"><ele>1936.0</ele><time>2024-07-17T00:42:18Z</time></trkpt>
<trkpt lat="40.561948" lon="-121.415566"><ele>1936.2</ele><time>2024-07-17T00:42:23Z</time></trkpt>
<trkpt lat="40.561948" lon="-121.416011"><ele>1934.4</ele><time>2024-07-17T00:42:43Z</time></trkpt>
<trkpt lat="40.561667" lon="-121.417158"><ele>1932.2</ele><time>2024-07-17T00:44:01Z</time></trkpt>
<trkpt lat="40.561553" lon="-121.417333"><ele>1931.4</ele><time>2024-07-17T00:44:14Z</time></trkpt>
<trkpt lat="40.561210" lon="-121.418929"><ele>1932.8</ele><time>2024-07-17T00:45:58Z</time></trkpt>
<trkpt lat="40.560920" lon="-121.419561"><ele>1932.4</ele><time>2024-07-17T00:46:27Z</time></trkpt>
<trkpt lat="40.560362" lon="-121.419922"><ele>1936.8</ele><time>2024-07-17T00:47:33Z</time></trkpt>
<trkpt lat="40.560091" lon="-121.420363"><ele>1935.2</ele><time>2024-07-17T00:47:59Z</time></trkpt>
<trkpt lat="40.560045" lon="-121.420633"><ele>1935.4</ele><time>2024-07-17T00:48:12Z</time></trkpt>
<trkpt lat="40.560233" lon="-121.421077"><ele>1933.4</ele><time>2024-07-17T00:48:39Z</time></trkpt>
<trkpt lat="40.560792" lon="-121.422049"><ele>1933.2</ele><time>2024-07-17T00:49:58Z</time></trkpt>
<trkpt lat="40.560815" lon="-121.422217"><ele>1933.2</ele><time>2024-07-17T00:50:05Z</time></trkpt>
<trkpt lat="40.561265" lon="-121.423223"><ele>1933.4</ele><time>2024-07-17T00:51:27Z</time></trkpt>
<trkpt lat="40.561461" lon="-121.423877"><ele>1935.2</ele><time>2024-07-17T00:51:58Z</time></trkpt>
<trkpt lat="40.561415" lon="-121.424143"><ele>1934.4</ele><time>2024-07-17T00:52:14Z</time></trkpt>
<trkpt lat="40.561724" lon="-121.426045"><ele>1932.6</ele><time>2024-07-17T00:54:08Z</time></trkpt>
<trkpt lat="40.562223" lon="-121.428196"><ele>1933.4</ele><time>2024-07-17T00:56:17Z</time></trkpt>
<trkpt lat="40.562205" lon="-121.429859"><ele>1934.0</ele><time>2024-07-17T00:57:58Z</time></trkpt>
<trkpt lat="40.562118" lon="-121.429969"><ele>1934.0</ele><time>2024-07-17T00:58:05Z</time></trkpt>
<trkpt lat="40.562021" lon="-121.430863"><ele>1934.8</ele><time>2024-07-17T00:58:51Z</time></trkpt>
<trkpt lat="40.561968" lon="-121.431866"><ele>1936.8</ele><time>2024-07-17T00:59:58Z</time></trkpt>
<trkpt lat="40.562001" lon="-121.432209"><ele>1936.2</ele><time>2024-07-17T01:00:15Z</time></trkpt>
<trkpt lat="40.561893" lon="-121.433319"><ele>1935.2</ele><time>2024-07-17T01:01:39Z</time></trkpt>
<trkpt lat="40.561918" lon="-121.433934"><ele>1933.2</ele><time>2024-07-17T01:02:13Z</time></trkpt>
<trkpt lat="40.561428" lon="-121.434676"><ele>1927.2</ele><time>2024-07-17T01:02:53Z</time></trkpt>
<trkpt lat="40.560880" lon="-121.435228"><ele>1925.8</ele><time>2024-07-17T01:03:58Z</time></trkpt>
<trkpt lat="40.560929" lon="-121.435967"><ele>1920.8</ele><time>2024-07-17T01:04:35Z</time></trkpt>
<trkpt lat="40.561105" lon="-121.436912"><ele>1915.6</ele><time>2024-07-17T01:05:23Z</time></trkpt>
<trkpt lat="40.561051" lon="-121.437500"><ele>1912.0</ele><time>2024-07-17T01:06:14Z</time></trkpt>
<trkpt lat="40.561182" lon="-121.438330"><ele>1909.8</ele><time>2024-07-17T01:06:47Z</time></trkpt>
<trkpt lat="40.561241" lon="-121.439214"><ele>1909.6</ele><time>2024-07-17T01:08:00Z</time></trkpt>
<trkpt lat="40.561297" lon="-121.439641"><ele>1910.2</ele><time>2024-07-17T01:08:27Z</time></trkpt>
<trkpt lat="40.561892" lon="-121.440405"><ele>1899.4</ele><time>2024-07-17T01:09:29Z</time></trkpt>
<trkpt lat="40.562050" lon="-121.440850"><ele>1897.4</ele><time>2024-07-17T01:10:01Z</time></trkpt>
<trkpt lat="40.562130" lon="-121.440923"><ele>1897.4</ele><time>2024-07-17T01:10:08Z</time></trkpt>
<trkpt lat="40.562184" lon="-121.441321"><ele>1895.0</ele><time>2024-07-17T01:10:33Z</time></trkpt>
<trkpt lat="40.562605" lon="-121.442277"><ele>1887.2</ele><time>2024-07-17T01:11:37Z</time></trkpt>
<trkpt lat="40.562623" lon="-121.442530"><ele>1885.0</ele><time>2024-07-17T01:12:00Z</time></trkpt>
<trkpt lat="40.562931" lon="-121.442588"><ele>1884.6</ele><time>2024-07-17T01:12:07Z</time></trkpt>
<trkpt lat="40.563037" lon="-121.443119"><ele>1883.4</ele><time>2024-07-17T01:12:33Z</time></trkpt>
<trkpt lat="40.563185" lon="-121.443479"><ele>1881.0</ele><time>2024-07-17T01:13:27Z</time></trkpt>
<trkpt lat="40.563438" lon="-121.443906"><ele>1878.8</ele><time>2024-07-17T01:14:00Z</time></trkpt>
<trkpt lat="40.563695" lon="-121.443917"><ele>1878.0</ele><time>2024-07-17T01:14:09Z</time></trkpt>
<trkpt lat="40.563724" lon="-121.444328"><ele>1877.2</ele><time>2024-07-17T01:14:27Z</time></trkpt>
<trkpt lat="40.563650" lon="-121.445232"><ele>1878.2</ele><time>2024-07-17T01:15:37Z</time></trkpt>
<trkpt lat="40.563710" lon="-121.445816"><ele>1877.4</ele><time>2024-07-17T01:15:59Z</time></trkpt>
<trkpt lat="40.564519" lon="-121.447705"><ele>1865.0</ele><time>2024-07-17T01:18:02Z</time></trkpt>
<trkpt lat="40.564699" lon="-121.447805"><ele>1862.6</ele><time>2024-07-17T01:18:15Z</time></trkpt>
<trkpt lat="40.564795" lon="-121.448006"><ele>1860.6</ele><time>2024-07-17T01:18:26Z</time></trkpt>
<trkpt lat="40.564918" lon="-121.448570"><ele>1855.8</ele><time>2024-07-17T01:18:59Z</time></trkpt>
<trkpt lat="40.565000" lon="-121.448657"><ele>1854.8</ele><time>2024-07-17T01:19:05Z</time></trkpt>
<trkpt lat="40.565089" lon="-121.449431"><ele>1849.4</ele><time>2024-07-17T01:19:51Z</time></trkpt>
<trkpt lat="40.565127" lon="-121.450514"><ele>1843.0</ele><time>2024-07-17T01:20:53Z</time></trkpt>
<trkpt lat="40.565289" lon="-121.450713"><ele>1840.0</ele><time>2024-07-17T01:21:11Z</time></trkpt>
<trkpt lat="40.565269" lon="-121.451180"><ele>1834.6</ele><time>2024-07-17T01:21:43Z</time></trkpt>
<trkpt lat="40.565397" lon="-121.451612"><ele>1827.6</ele><time>2024-07-17T01:22:17Z</time></trkpt>
<trkpt lat="40.565420" lon="-121.452276"><ele>1821.8</ele><time>2024-07-17T01:22:58Z</time></trkpt>
<trkpt lat="40.565762" lon="-121.452320"><ele>1820.4</ele><time>2024-07-17T01:23:08Z</time></trkpt>
<trkpt lat="40.565784" lon="-121.452478"><ele>1820.4</ele><time>2024-07-17T01:23:18Z</time></trkpt>
<trkpt lat="40.565706" lon="-121.454280"><ele>1807.4</ele><time>2024-07-17T01:24:59Z</time></trkpt>
<trkpt lat="40.566165" lon="-121.454149"><ele>1805.4</ele><time>2024-07-17T01:25:09Z</time></trkpt>
<trkpt lat="40.566250" lon="-121.454310"><ele>1804.0</ele><time>2024-07-17T01:25:18Z</time></trkpt>
<trkpt lat="40.566344" lon="-121.456047"><ele>1796.8</ele><time>2024-07-17T01:26:59Z</time></trkpt>
<trkpt lat="40.566686" lon="-121.455992"><ele>1796.4</ele><time>2024-07-17T01:27:05Z</time></trkpt>
<trkpt lat="40.566736" lon="-121.456353"><ele>1794.2</ele><time>2024-07-17T01:27:29Z</time></trkpt>
<trkpt lat="40.567224" lon="-121.456679"><ele>1789.0</ele><time>2024-07-17T01:28:12Z</time></trkpt>
<trkpt lat="40.567509" lon="-121.456702"><ele>1785.6</ele><time>2024-07-17T01:28:29Z</time></trkpt>
<trkpt lat="40.567822" lon="-121.456965"><ele>1780.2</ele><time>2024-07-17T01:29:03Z</time></trkpt>
<trkpt lat="40.568240" lon="-121.457027"><ele>1777.6</ele><time>2024-07-17T01:29:35Z</time></trkpt>
<trkpt lat="40.568409" lon="-121.456966"><ele>1775.0</ele><time>2024-07-17T01:29:47Z</time></trkpt>
<trkpt lat="40.568479" lon="-121.457138"><ele>1772.6</ele><time>2024-07-17T01:29:59Z</time></trkpt>
<trkpt lat="40.568364" lon="-121.457201"><ele>1771.8</ele><time>2024-07-17T01:30:07Z</time></trkpt>
<trkpt lat="40.568438" lon="-121.457256"><ele>1769.6</ele><time>2024-07-17T01:30:17Z</time></trkpt>
<trkpt lat="40.568986" lon="-121.456726"><ele>1760.6</ele><time>2024-07-17T01:31:12Z</time></trkpt>
<trkpt lat="40.569131" lon="-121.456413"><ele>1757.0</ele><time>2024-07-17T01:31:34Z</time></trkpt>
<trkpt lat="40.569538" lon="-121.456391"><ele>1752.8</ele><time>2024-07-17T01:32:01Z</time></trkpt>
<trkpt lat="40.569569" lon="-121.456491"><ele>1752.4</ele><time>2024-07-17T01:32:08Z</time></trkpt>
<trkpt lat="40.569820" lon="-121.456668"><ele>1749.2</ele><time>2024-07-17T01:32:28Z</time></trkpt>
<trkpt lat="40.570309" lon="-121.456697"><ele>1744.0</ele><time>2024-07-17T01:33:02Z</time></trkpt>
<trkpt lat="40.570665" lon="-121.457004"><ele>1738.0</ele><time>2024-07-17T01:33:32Z</time></trkpt>
<trkpt lat="40.570770" lon="-121.457330"><ele>1734.6</ele><time>2024-07-17T01:33:52Z</time></trkpt>
<trkpt lat="40.570884" lon="-121.457413"><ele>1733.8</ele><time>2024-07-17T01:34:00Z</time></trkpt>
<trkpt lat="40.570900" lon="-121.457299"><ele>1732.4</ele><time>2024-07-17T01:34:09Z</time></trkpt>
<trkpt lat="40.570950" lon="-121.457303"><ele>1732.0</ele><time>2024-07-17T01:34:12Z</time></trkpt>
<trkpt lat="40.571179" lon="-121.457428"><ele>1729.0</ele><time>2024-07-17T01:34:32Z</time></trkpt>
<trkpt lat="40.572015" lon="-121.458911"><ele>1712.4</ele><time>2024-07-17T01:36:19Z</time></trkpt>
<trkpt lat="40.572456" lon="-121.459076"><ele>1708.0</ele><time>2024-07-17T01:36:48Z</time></trkpt>
<trkpt lat="40.572729" lon="-121.459438"><ele>1704.0</ele><time>2024-07-17T01:37:14Z</time></trkpt>
<trkpt lat="40.573210" lon="-121.459599"><ele>1699.2</ele><time>2024-07-17T01:37:50Z</time></trkpt>
<trkpt lat="40.573350" lon="-121.459583"><ele>1699.2</ele><time>2024-07-17T01:37:59Z</time></trkpt>
<trkpt lat="40.573412" lon="-121.459500"><ele>1700.0</ele><time>2024-07-17T01:38:06Z</time></trkpt>
<trkpt lat="40.573380" lon="-121.459367"><ele>1700.0</ele><time>2024-07-17T01:38:10Z</time></trkpt>
<trkpt lat="40.574294" lon="-121.459361"><ele>1697.2</ele><time>2024-07-17T01:39:50Z</time></trkpt>
<trkpt lat="40.574720" lon="-121.459479"><ele>1695.6</ele><time>2024-07-17T01:40:08Z</time></trkpt>
<trkpt lat="40.575024" lon="-121.459982"><ele>1692.8</ele><time>2024-07-17T01:40:34Z</time></trkpt>
<trkpt lat="40.575172" lon="-121.460428"><ele>1689.4</ele><time>2024-07-17T01:41:16Z</time></trkpt>
<trkpt lat="40.575648" lon="-121.460885"><ele>1686.2</ele><time>2024-07-17T01:41:52Z</time></trkpt>
<trkpt lat="40.575782" lon="-121.461078"><ele>1685.0</ele><time>2024-07-17T01:42:01Z</time></trkpt>
<trkpt lat="40.575718" lon="-121.461133"><ele>1684.8</ele><time>2024-07-17T01:42:06Z</time></trkpt>
<trkpt lat="40.576313" lon="-121.461770"><ele>1679.8</ele><time>2024-07-17T01:43:16Z</time></trkpt>
<trkpt lat="40.576766" lon="-121.462391"><ele>1675.2</ele><time>2024-07-17T01:43:56Z</time></trkpt>
<trkpt lat="40.572332" lon="-121.461388"><ele>1674.6</ele><time>2024-07-17T01:44:00Z</time></trkpt>
<trkpt lat="40.577020" lon="-121.462586"><ele>1673.6</ele><time>2024-07-17T01:44:13Z</time></trkpt>
<trkpt lat="40.577127" lon="-121.462767"><ele>1672.8</ele><time>2024-07-17T01:44:28Z</time></trkpt>
<trkpt lat="40.579006" lon="-121.463309"><ele>1662.8</ele><time>2024-07-17T01:46:58Z</time></trkpt>
<trkpt lat="40.580824" lon="-121.463274"><ele>1653.0</ele><time>2024-07-17T01:49:18Z</time></trkpt>
<trkpt lat="40.581539" lon="-121.463512"><ele>1648.0</ele><time>2024-07-17T01:50:02Z</time></trkpt>
<trkpt lat="40.581418" lon="-121.463346"><ele>1647.4</ele><time>2024-07-17T01:50:04Z</time></trkpt>
<trkpt lat="40.581460" lon="-121.463289"><ele>1644.8</ele><time>2024-07-17T01:50:14Z</time></trkpt>
<trkpt lat="40.582397" lon="-121.463466"><ele>1637.2</ele><time>2024-07-17T01:51:15Z</time></trkpt>
<trkpt lat="40.582848" lon="-121.463025"><ele>1632.2</ele><time>2024-07-17T01:52:13Z</time></trkpt>
<trkpt lat="40.583296" lon="-121.462872"><ele>1630.0</ele><time>2024-07-17T01:52:54Z</time></trkpt>
<trkpt lat="40.584235" lon="-121.462750"><ele>1621.4</ele><time>2024-07-17T01:54:03Z</time></trkpt>
<trkpt lat="40.584258" lon="-121.462650"><ele>1620.4</ele><time>2024-07-17T01:54:09Z</time></trkpt>
<trkpt lat="40.584399" lon="-121.462619"><ele>1619.4</ele><time>2024-07-17T01:54:18Z</time></trkpt>
<trkpt lat="40.584480" lon="-121.462460"><ele>1619.0</ele><time>2024-07-17T01:54:28Z</time></trkpt>
<trkpt lat="40.584986" lon="-121.462606"><ele>1617.0</ele><time>2024-07-17T01:54:57Z</time></trkpt>
<trkpt lat="40.584964" lon="-121.462414"><ele>1617.2</ele><time>2024-07-17T01:55:04Z</time></trkpt>
<trkpt lat="40.585089" lon="-121.462271"><ele>1616.0</ele><time>2024-07-17T01:55:17Z</time></trkpt>
<trkpt lat="40.585576" lon="-121.462147"><ele>1610.4</ele><time>2024-07-17T01:55:56Z</time></trkpt>
<trkpt lat="40.586215" lon="-121.462602"><ele>1601.4</ele><time>2024-07-17T01:56:52Z</time></trkpt>
<trkpt lat="40.587364" lon="-121.462568"><ele>1591.8</ele><time>2024-07-17T01:58:08Z</time></trkpt>
<trkpt lat="40.588018" lon="-121.462733"><ele>1587.4</ele><time>2024-07-17T01:59:08Z</time></trkpt>
<trkpt lat="40.588424" lon="-121.463124"><ele>1583.0</ele><time>2024-07-17T01:59:38Z</time></trkpt>
<trkpt lat="40.589126" lon="-121.464043"><ele>1576.6</ele><time>2024-07-17T02:01:02Z</time></trkpt>
<trkpt lat="40.589083" lon="-121.463996"><ele>1576.4</ele><time>2024-07-17T02:01:10Z</time></trkpt>
<trkpt lat="40.589512" lon="-121.464306"><ele>1572.2</ele><time>2024-07-17T02:01:40Z</time></trkpt>
<trkpt lat="40.590363" lon="-121.465095"><ele>1562.8</ele><time>2024-07-17T02:03:14Z</time></trkpt>
<trkpt lat="40.590820" lon="-121.465277"><ele>1560.4</ele><time>2024-07-17T02:03:42Z</time></trkpt>
<trkpt lat="40.591379" lon="-121.465719"><ele>1557.8</ele><time>2024-07-17T02:04:36Z</time></trkpt>
<trkpt lat="40.592458" lon="-121.466302"><ele>1551.6</ele><time>2024-07-17T02:05:50Z</time></trkpt>
<trkpt lat="40.592641" lon="-121.466572"><ele>1550.0</ele><time>2024-07-17T02:06:20Z</time></trkpt>
<trkpt lat="40.593123" lon="-121.466872"><ele>1548.0</ele><time>2024-07-17T02:07:02Z</time></trkpt>
<trkpt lat="40.593104" lon="-121.466921"><ele>1548.0</ele><time>2024-07-17T02:07:03Z</time></trkpt>
<trkpt lat="40.593230" lon="-121.466890"><ele>1547.4</ele><time>2024-07-17T02:07:13Z</time></trkpt>
<trkpt lat="40.593427" lon="-121.466990"><ele>1546.6</ele><time>2024-07-17T02:07:24Z</time></trkpt>
<trkpt lat="40.593639" lon="-121.467197"><ele>1546.4</ele><time>2024-07-17T02:07:36Z</time></trkpt>
<trkpt lat="40.594177" lon="-121.467523"><ele>1545.6</ele><time>2024-07-17T02:08:36Z</time></trkpt>
<trkpt lat="40.594651" lon="-121.467659"><ele>1544.4</ele><time>2024-07-17T02:09:03Z</time></trkpt>
<trkpt lat="40.595757" lon="-121.467641"><ele>1538.2</ele><time>2024-07-17T02:10:34Z</time></trkpt>
<trkpt lat="40.596877" lon="-121.467153"><ele>1537.8</ele><time>2024-07-17T02:11:42Z</time></trkpt>
<trkpt lat="40.597234" lon="-121.467327"><ele>1536.2</ele><time>2024-07-17T02:12:14Z</time></trkpt>
<trkpt lat="40.598078" lon="-121.467341"><ele>1531.4</ele><time>2024-07-17T02:13:14Z</time></trkpt>
<trkpt lat="40.599046" lon="-121.467801"><ele>1527.6</ele><time>2024-07-17T02:14:57Z</time></trkpt>
<trkpt lat="40.599421" lon="-121.467816"><ele>1526.2</ele><time>2024-07-17T02:15:14Z</time></trkpt>
<trkpt lat="40.600707" lon="-121.468224"><ele>1522.0</ele><time>2024-07-17T02:17:02Z</time></trkpt>
<trkpt lat="40.600859" lon="-121.468426"><ele>1522.2</ele><time>2024-07-17T02:17:17Z</time></trkpt>
<trkpt lat="40.601211" lon="-121.470621"><ele>1521.6</ele><time>2024-07-17T02:19:00Z</time></trkpt>
<trkpt lat="40.601055" lon="-121.470370"><ele>1522.0</ele><time>2024-07-17T02:19:03Z</time></trkpt>
<trkpt lat="40.601227" lon="-121.470513"><ele>1522.4</ele><time>2024-07-17T02:19:21Z</time></trkpt>
<trkpt lat="40.601755" lon="-121.470722"><ele>1521.4</ele><time>2024-07-17T02:20:17Z</time></trkpt>
<trkpt lat="40.602383" lon="-121.470869"><ele>1519.0</ele><time>2024-07-17T02:21:02Z</time></trkpt>
<trkpt lat="40.602444" lon="-121.471087"><ele>1518.6</ele><time>2024-07-17T02:21:08Z</time></trkpt>
<trkpt lat="40.602539" lon="-121.471161"><ele>1518.0</ele><time>2024-07-17T02:21:19Z</time></trkpt>
<trkpt lat="40.603832" lon="-121.471968"><ele>1512.8</ele><time>2024-07-17T02:23:06Z</time></trkpt>
<trkpt lat="40.603946" lon="-121.471947"><ele>1512.6</ele><time>2024-07-17T02:23:10Z</time></trkpt>
<trkpt lat="40.604627" lon="-121.472180"><ele>1510.4</ele><time>2024-07-17T02:23:51Z</time></trkpt>
<trkpt lat="40.605570" lon="-121.472366"><ele>1505.4</ele><time>2024-07-17T02:25:02Z</time></trkpt>
<trkpt lat="40.605494" lon="-121.472198"><ele>1505.4</ele><time>2024-07-17T02:25:06Z</time></trkpt>
<trkpt lat="40.605528" lon="-121.472153"><ele>1505.4</ele><time>2024-07-17T02:25:12Z</time></trkpt>
<trkpt lat="40.606043" lon="-121.472131"><ele>1503.2</ele><time>2024-07-17T02:26:22Z</time></trkpt>
<trkpt lat="40.606379" lon="-121.471725"><ele>1502.6</ele><time>2024-07-17T02:27:09Z</time></trkpt>
<trkpt lat="40.606349" lon="-121.471852"><ele>1502.8</ele><time>2024-07-17T02:27:28Z</time></trkpt>
<trkpt lat="40.606729" lon="-121.472076"><ele>1501.8</ele><time>2024-07-17T02:27:59Z</time></trkpt>
<trkpt lat="40.606497" lon="-121.472127"><ele>1501.6</ele><time>2024-07-17T02:28:11Z</time></trkpt>
<trkpt lat="40.606543" lon="-121.472137"><ele>1501.4</ele><time>2024-07-17T02:28:15Z</time></trkpt>
<trkpt lat="40.606507" lon="-121.472187"><ele>1501.4</ele><time>2024-07-17T02:28:18Z</time></trkpt>
<trkpt lat="40.607647" lon="-121.472537"><ele>1498.0</ele><time>2024-07-17T02:32:01Z</time></trkpt>
<trkpt lat="40.607606" lon="-121.472457"><ele>1497.8</ele><time>2024-07-17T02:32:05Z</time></trkpt>
<trkpt lat="40.607327" lon="-121.472700"><ele>1498.0</ele><time>2024-07-17T02:32:13Z</time></trkpt>
<trkpt lat="40.607377" lon="-121.472660"><ele>1498.0</ele><time>2024-07-17T02:32:20Z</time></trkpt>
</trkseg></trk>
</gpx>
