<?xml version="1.0" encoding="UTF-8"?>
<gpx version="1.1" creator="Eric Sichak trip reports" xmlns="http://www.topografix.com/GPX/1/1">
<metadata><name>Morning Hike</name><time>2024-07-21T14:11:01Z</time></metadata>
<trk><name>Morning Hike</name><type>hike</type><trkseg>
<trkpt lat="41.177273" lon="-121.884146"><ele>1872.6</ele><time>2024-07-21T14:11:01Z</time></trkpt>
<trkpt lat="41.177040" lon="-121.883893"><ele>1872.8</ele><time>2024-07-21T14:11:33Z</time></trkpt>
<trkpt lat="41.176749" lon="-121.883031"><ele>1868.4</ele><time>2024-07-21T14:13:03Z</time></trkpt>
<trkpt lat="41.176670" lon="-121.882427"><ele>1866.4</ele><time>2024-07-21T14:13:41Z</time></trkpt>
<trkpt lat="41.176674" lon="-121.881606"><ele>1861.8</ele><time>2024-07-21T14:14:25Z</time></trkpt>
<trkpt lat="41.176779" lon="-121.881058"><ele>1857.2</ele><time>2024-07-21T14:14:59Z</time></trkpt>
<trkpt lat="41.176702" lon="-121.880677"><ele>1853.4</ele><time>2024-07-21T14:15:33Z</time></trkpt>
<trkpt lat="41.176659" lon="-121.880777"><ele>1853.4</ele><time>2024-07-21T14:15:44Z</time></trkpt>
<trkpt lat="41.176667" lon="-121.880863"><ele>1852.8</ele><time>2024-07-21T14:15:56Z</time></trkpt>
<trkpt lat="41.176771" lon="-121.880885"><ele>1853.0</ele><time>2024-07-21T14:16:10Z</time></trkpt>
<trkpt lat="41.176799" lon="-121.880620"><ele>1853.2</ele><time>2024-07-21T14:16:39Z</time></trkpt>
<trkpt lat="41.176760" lon="-121.881225"><ele>1853.0</ele><time>2024-07-21T14:18:59Z</time></trkpt>
<trkpt lat="41.176674" lon="-121.881342"><ele>1853.2</ele><time>2024-07-21T14:19:03Z</time></trkpt>
<trkpt lat="41.176577" lon="-121.881707"><ele>1855.2</ele><time>2024-07-21T14:19:33Z</time></trkpt>
<trkpt lat="41.176622" lon="-121.881865"><ele>1856.8</ele><time>2024-07-21T14:19:47Z</time></trkpt>
<trkpt lat="41.176562" lon="-121.882449"><ele>1859.4</ele><time>2024-07-21T14:20:19Z</time></trkpt>
<trkpt lat="41.176654" lon="-121.883010"><ele>1862.4</ele><time>2024-07-21T14:21:11Z</time></trkpt>
<trkpt lat="41.176555" lon="-121.884089"><ele>1858.2</ele><time>2024-07-21T14:22:10Z</time></trkpt>
<trkpt lat="41.176651" lon="-121.884513"><ele>1855.2</ele><time>2024-07-21T14:22:41Z</time></trkpt>
<trkpt lat="41.176908" lon="-121.884983"><ele>1851.0</ele><time>2024-07-21T14:23:13Z</time></trkpt>
<trkpt lat="41.177035" lon="-121.886125"><ele>1843.0</ele><time>2024-07-21T14:24:45Z</time></trkpt>
<trkpt lat="41.176979" lon="-121.886155"><ele>1843.0</ele><time>2024-07-21T14:24:51Z</time></trkpt>
<trkpt lat="41.177380" lon="-121.887850"><ele>1829.0</ele><time>2024-07-21T14:26:47Z</time></trkpt>
<trkpt lat="41.177365" lon="-121.888164"><ele>1826.8</ele><time>2024-07-21T14:26:59Z</time></trkpt>
<trkpt lat="41.177417" lon="-121.888331"><ele>1824.6</ele><time>2024-07-21T14:27:15Z</time></trkpt>
<trkpt lat="41.177522" lon="-121.888384"><ele>1824.2</ele><time>2024-07-21T14:27:23Z</time></trkpt>
<trkpt lat="41.177537" lon="-121.888525"><ele>1822.4</ele><time>2024-07-21T14:27:35Z</time></trkpt>
<trkpt lat="41.177129" lon="-121.889070"><ele>1816.0</ele><time>2024-07-21T14:28:19Z</time></trkpt>
<trkpt lat="41.176989" lon="-121.889358"><ele>1812.4</ele><time>2024-07-21T14:28:47Z</time></trkpt>
<trkpt lat="41.176846" lon="-121.890072"><ele>1806.8</ele><time>2024-07-21T14:29:43Z</time></trkpt>
<trkpt lat="41.176884" lon="-121.890516"><ele>1801.4</ele><time>2024-07-21T14:30:47Z</time></trkpt>
<trkpt lat="41.176783" lon="-121.890671"><ele>1799.2</ele><time>2024-07-21T14:30:57Z</time></trkpt>
<trkpt lat="41.176799" lon="-121.890832"><ele>1798.2</ele><time>2024-07-21T14:31:08Z</time></trkpt>
<trkpt lat="41.177130" lon="-121.890586"><ele>1794.4</ele><time>2024-07-21T14:31:39Z</time></trkpt>
<trkpt lat="41.177093" lon="-121.890421"><ele>1793.8</ele><time>2024-07-21T14:31:49Z</time></trkpt>
<trkpt lat="41.177200" lon="-121.890086"><ele>1794.4</ele><time>2024-07-21T14:32:13Z</time></trkpt>
<trkpt lat="41.177329" lon="-121.889953"><ele>1793.0</ele><time>2024-07-21T14:32:27Z</time></trkpt>
<trkpt lat="41.177572" lon="-121.889937"><ele>1790.6</ele><time>2024-07-21T14:32:53Z</time></trkpt>
<trkpt lat="41.177634" lon="-121.890007"><ele>1789.6</ele><time>2024-07-21T14:33:01Z</time></trkpt>
<trkpt lat="41.177523" lon="-121.890574"><ele>1784.4</ele><time>2024-07-21T14:33:42Z</time></trkpt>
<trkpt lat="41.177615" lon="-121.890548"><ele>1784.2</ele><time>2024-07-21T14:33:47Z</time></trkpt>
<trkpt lat="41.177438" lon="-121.890909"><ele>1780.6</ele><time>2024-07-21T14:34:11Z</time></trkpt>
<trkpt lat="41.177122" lon="-121.891238"><ele>1775.0</ele><time>2024-07-21T14:35:03Z</time></trkpt>
<trkpt lat="41.177044" lon="-121.891730"><ele>1770.6</ele><time>2024-07-21T14:35:33Z</time></trkpt>
<trkpt lat="41.176780" lon="-121.892197"><ele>1766.4</ele><time>2024-07-21T14:36:01Z</time></trkpt>
<trkpt lat="41.176858" lon="-121.892182"><ele>1766.0</ele><time>2024-07-21T14:36:03Z</time></trkpt>
<trkpt lat="41.176812" lon="-121.892344"><ele>1764.6</ele><time>2024-07-21T14:36:11Z</time></trkpt>
<trkpt lat="41.176485" lon="-121.892972"><ele>1758.0</ele><time>2024-07-21T14:37:07Z</time></trkpt>
<trkpt lat="41.176397" lon="-121.893465"><ele>1753.0</ele><time>2024-07-21T14:37:45Z</time></trkpt>
<trkpt lat="41.176640" lon="-121.893318"><ele>1749.8</ele><time>2024-07-21T14:38:19Z</time></trkpt>
<trkpt lat="41.176681" lon="-121.893223"><ele>1748.6</ele><time>2024-07-21T14:38:25Z</time></trkpt>
<trkpt lat="41.176757" lon="-121.893231"><ele>1747.4</ele><time>2024-07-21T14:38:33Z</time></trkpt>
<trkpt lat="41.176768" lon="-121.893324"><ele>1746.4</ele><time>2024-07-21T14:38:39Z</time></trkpt>
<trkpt lat="41.176608" lon="-121.893510"><ele>1745.4</ele><time>2024-07-21T14:38:44Z</time></trkpt>
<trkpt lat="41.176746" lon="-121.893488"><ele>1743.2</ele><time>2024-07-21T14:38:55Z</time></trkpt>
<trkpt lat="41.176697" lon="-121.893660"><ele>1740.8</ele><time>2024-07-21T14:39:07Z</time></trkpt>
<trkpt lat="41.176208" lon="-121.893932"><ele>1736.4</ele><time>2024-07-21T14:39:43Z</time></trkpt>
<trkpt lat="41.176009" lon="-121.893883"><ele>1734.0</ele><time>2024-07-21T14:39:55Z</time></trkpt>
<trkpt lat="41.175633" lon="-121.894229"><ele>1727.4</ele><time>2024-07-21T14:40:33Z</time></trkpt>
<trkpt lat="41.175384" lon="-121.894178"><ele>1725.2</ele><time>2024-07-21T14:40:49Z</time></trkpt>
<trkpt lat="41.175048" lon="-121.894344"><ele>1722.0</ele><time>2024-07-21T14:41:17Z</time></trkpt>
<trkpt lat="41.174780" lon="-121.894753"><ele>1715.2</ele><time>2024-07-21T14:41:52Z</time></trkpt>
<trkpt lat="41.175013" lon="-121.894773"><ele>1713.2</ele><time>2024-07-21T14:42:08Z</time></trkpt>
<trkpt lat="41.174855" lon="-121.894985"><ele>1707.8</ele><time>2024-07-21T14:42:40Z</time></trkpt>
<trkpt lat="41.174295" lon="-121.895472"><ele>1698.8</ele><time>2024-07-21T14:43:47Z</time></trkpt>
<trkpt lat="41.174312" lon="-121.895557"><ele>1698.6</ele><time>2024-07-21T14:43:51Z</time></trkpt>
<trkpt lat="41.174195" lon="-121.895636"><ele>1698.4</ele><time>2024-07-21T14:43:58Z</time></trkpt>
<trkpt lat="41.173932" lon="-121.896191"><ele>1700.8</ele><time>2024-07-21T14:44:48Z</time></trkpt>
<trkpt lat="41.173654" lon="-121.897082"><ele>1706.0</ele><time>2024-07-21T14:45:43Z</time></trkpt>
<trkpt lat="41.173461" lon="-121.896863"><ele>1704.8</ele><time>2024-07-21T14:45:57Z</time></trkpt>
<trkpt lat="41.173526" lon="-121.896933"><ele>1704.0</ele><time>2024-07-21T14:46:02Z</time></trkpt>
<trkpt lat="41.173508" lon="-121.897327"><ele>1701.2</ele><time>2024-07-21T14:46:26Z</time></trkpt>
<trkpt lat="41.173450" lon="-121.897431"><ele>1706.0</ele><time>2024-07-21T14:46:52Z</time></trkpt>
<trkpt lat="41.173344" lon="-121.897818"><ele>1705.6</ele><time>2024-07-21T14:47:22Z</time></trkpt>
<trkpt lat="41.173205" lon="-121.898067"><ele>1708.2</ele><time>2024-07-21T14:47:44Z</time></trkpt>
<trkpt lat="41.173278" lon="-121.898247"><ele>1709.4</ele><time>2024-07-21T14:47:52Z</time></trkpt>
<trkpt lat="41.172580" lon="-121.898809"><ele>1711.2</ele><time>2024-07-21T14:49:44Z</time></trkpt>
<trkpt lat="41.172486" lon="-121.899052"><ele>1709.8</ele><time>2024-07-21T14:50:03Z</time></trkpt>
<trkpt lat="41.172422" lon="-121.899756"><ele>1714.0</ele><time>2024-07-21T14:50:46Z</time></trkpt>
<trkpt lat="41.171876" lon="-121.900870"><ele>1716.6</ele><time>2024-07-21T14:52:18Z</time></trkpt>
<trkpt lat="41.171718" lon="-121.901438"><ele>1718.0</ele><time>2024-07-21T14:52:54Z</time></trkpt>
<trkpt lat="41.171887" lon="-121.901795"><ele>1718.0</ele><time>2024-07-21T14:53:44Z</time></trkpt>
<trkpt lat="41.171942" lon="-121.901750"><ele>1717.8</ele><time>2024-07-21T14:53:45Z</time></trkpt>
<trkpt lat="41.171504" lon="-121.902190"><ele>1717.8</ele><time>2024-07-21T14:54:00Z</time></trkpt>
<trkpt lat="41.171942" lon="-121.901805"><ele>1717.6</ele><time>2024-07-21T14:54:03Z</time></trkpt>
<trkpt lat="41.172015" lon="-121.901905"><ele>1718.0</ele><time>2024-07-21T14:54:09Z</time></trkpt>
<trkpt lat="41.172328" lon="-121.902033"><ele>1719.4</ele><time>2024-07-21T14:54:29Z</time></trkpt>
<trkpt lat="41.172194" lon="-121.902210"><ele>1719.4</ele><time>2024-07-21T14:54:41Z</time></trkpt>
<trkpt lat="41.172146" lon="-121.902633"><ele>1720.0</ele><time>2024-07-21T14:55:01Z</time></trkpt>
<trkpt lat="41.172239" lon="-121.902959"><ele>1720.0</ele><time>2024-07-21T14:55:18Z</time></trkpt>
<trkpt lat="41.172715" lon="-121.903386"><ele>1717.0</ele><time>2024-07-21T14:56:22Z</time></trkpt>
<trkpt lat="41.173407" lon="-121.903301"><ele>1715.6</ele><time>2024-07-21T14:57:38Z</time></trkpt>
<trkpt lat="41.173515" lon="-121.903923"><ele>1712.0</ele><time>2024-07-21T14:58:43Z</time></trkpt>
<trkpt lat="41.173648" lon="-121.903887"><ele>1712.0</ele><time>2024-07-21T14:58:44Z</time></trkpt>
<trkpt lat="41.173527" lon="-121.904128"><ele>1711.2</ele><time>2024-07-21T14:58:56Z</time></trkpt>
<trkpt lat="41.173354" lon="-121.904813"><ele>1710.0</ele><time>2024-07-21T15:00:02Z</time></trkpt>
<trkpt lat="41.173116" lon="-121.905332"><ele>1709.2</ele><time>2024-07-21T15:00:30Z</time></trkpt>
<trkpt lat="41.173046" lon="-121.905712"><ele>1709.8</ele><time>2024-07-21T15:00:44Z</time></trkpt>
<trkpt lat="41.173169" lon="-121.905931"><ele>1708.6</ele><time>2024-07-21T15:01:00Z</time></trkpt>
<trkpt lat="41.173090" lon="-121.906108"><ele>1708.2</ele><time>2024-07-21T15:01:03Z</time></trkpt>
<trkpt lat="41.173182" lon="-121.906167"><ele>1708.2</ele><time>2024-07-21T15:01:09Z</time></trkpt>
<trkpt lat="41.172894" lon="-121.906324"><ele>1707.4</ele><time>2024-07-21T15:01:40Z</time></trkpt>
<trkpt lat="41.172930" lon="-121.906456"><ele>1707.2</ele><time>2024-07-21T15:01:43Z</time></trkpt>
<trkpt lat="41.172630" lon="-121.906647"><ele>1707.2</ele><time>2024-07-21T15:02:06Z</time></trkpt>
<trkpt lat="41.172526" lon="-121.906932"><ele>1708.0</ele><time>2024-07-21T15:02:26Z</time></trkpt>
<trkpt lat="41.172642" lon="-121.907551"><ele>1711.6</ele><time>2024-07-21T15:03:26Z</time></trkpt>
<trkpt lat="41.172603" lon="-121.908026"><ele>1709.2</ele><time>2024-07-21T15:03:50Z</time></trkpt>
<trkpt lat="41.172643" lon="-121.908257"><ele>1709.0</ele><time>2024-07-21T15:04:02Z</time></trkpt>
<trkpt lat="41.172544" lon="-121.908385"><ele>1709.0</ele><time>2024-07-21T15:04:14Z</time></trkpt>
<trkpt lat="41.172355" lon="-121.908315"><ele>1710.2</ele><time>2024-07-21T15:04:42Z</time></trkpt>
<trkpt lat="41.172061" lon="-121.908815"><ele>1710.6</ele><time>2024-07-21T15:05:43Z</time></trkpt>
<trkpt lat="41.172169" lon="-121.908852"><ele>1710.6</ele><time>2024-07-21T15:05:46Z</time></trkpt>
<trkpt lat="41.172042" lon="-121.908970"><ele>1710.6</ele><time>2024-07-21T15:05:58Z</time></trkpt>
<trkpt lat="41.171565" lon="-121.909087"><ele>1712.2</ele><time>2024-07-21T15:06:42Z</time></trkpt>
<trkpt lat="41.171289" lon="-121.908880"><ele>1711.0</ele><time>2024-07-21T15:07:10Z</time></trkpt>
<trkpt lat="41.171078" lon="-121.908603"><ele>1709.2</ele><time>2024-07-21T15:07:44Z</time></trkpt>
<trkpt lat="41.171110" lon="-121.908264"><ele>1710.6</ele><time>2024-07-21T15:08:03Z</time></trkpt>
<trkpt lat="41.170643" lon="-121.907925"><ele>1709.6</ele><time>2024-07-21T15:09:34Z</time></trkpt>
<trkpt lat="41.170459" lon="-121.907930"><ele>1709.8</ele><time>2024-07-21T15:09:43Z</time></trkpt>
<trkpt lat="41.170402" lon="-121.907965"><ele>1710.6</ele><time>2024-07-21T15:10:04Z</time></trkpt>
<trkpt lat="41.170441" lon="-121.908099"><ele>1710.4</ele><time>2024-07-21T15:10:09Z</time></trkpt>
<trkpt lat="41.170196" lon="-121.908224"><ele>1709.8</ele><time>2024-07-21T15:10:31Z</time></trkpt>
<trkpt lat="41.170156" lon="-121.908492"><ele>1709.2</ele><time>2024-07-21T15:10:45Z</time></trkpt>
<trkpt lat="41.170021" lon="-121.908493"><ele>1709.0</ele><time>2024-07-21T15:10:59Z</time></trkpt>
<trkpt lat="41.169888" lon="-121.908605"><ele>1708.2</ele><time>2024-07-21T15:11:16Z</time></trkpt>
<trkpt lat="41.169665" lon="-121.909096"><ele>1708.6</ele><time>2024-07-21T15:11:56Z</time></trkpt>
<trkpt lat="41.169598" lon="-121.909406"><ele>1710.4</ele><time>2024-07-21T15:12:22Z</time></trkpt>
<trkpt lat="41.169696" lon="-121.909719"><ele>1714.4</ele><time>2024-07-21T15:13:03Z</time></trkpt>
<trkpt lat="41.169412" lon="-121.910274"><ele>1721.0</ele><time>2024-07-21T15:14:18Z</time></trkpt>
<trkpt lat="41.169165" lon="-121.910464"><ele>1722.6</ele><time>2024-07-21T15:14:43Z</time></trkpt>
<trkpt lat="41.168894" lon="-121.910393"><ele>1722.4</ele><time>2024-07-21T15:15:04Z</time></trkpt>
<trkpt lat="41.168937" lon="-121.910497"><ele>1723.0</ele><time>2024-07-21T15:15:09Z</time></trkpt>
<trkpt lat="41.168690" lon="-121.910849"><ele>1721.0</ele><time>2024-07-21T15:15:40Z</time></trkpt>
<trkpt lat="41.168501" lon="-121.910909"><ele>1720.4</ele><time>2024-07-21T15:15:59Z</time></trkpt>
<trkpt lat="41.167932" lon="-121.911670"><ele>1722.6</ele><time>2024-07-21T15:17:10Z</time></trkpt>
<trkpt lat="41.167558" lon="-121.911699"><ele>1719.2</ele><time>2024-07-21T15:17:45Z</time></trkpt>
<trkpt lat="41.166680" lon="-121.911286"><ele>1706.6</ele><time>2024-07-21T15:19:08Z</time></trkpt>
<trkpt lat="41.166115" lon="-121.911478"><ele>1705.6</ele><time>2024-07-21T15:19:48Z</time></trkpt>
<trkpt lat="41.165964" lon="-121.911630"><ele>1705.6</ele><time>2024-07-21T15:20:02Z</time></trkpt>
<trkpt lat="41.165768" lon="-121.911703"><ele>1705.4</ele><time>2024-07-21T15:20:18Z</time></trkpt>
<trkpt lat="41.165524" lon="-121.911622"><ele>1708.4</ele><time>2024-07-21T15:20:50Z</time></trkpt>
<trkpt lat="41.165110" lon="-121.911803"><ele>1709.8</ele><time>2024-07-21T15:21:30Z</time></trkpt>
<trkpt lat="41.164951" lon="-121.911974"><ele>1710.2</ele><time>2024-07-21T15:21:44Z</time></trkpt>
<trkpt lat="41.164604" lon="-121.912082"><ele>1713.2</ele><time>2024-07-21T15:22:18Z</time></trkpt>
<trkpt lat="41.164505" lon="-121.912313"><ele>1716.0</ele><time>2024-07-21T15:22:38Z</time></trkpt>
<trkpt lat="41.163908" lon="-121.912911"><ele>1715.4</ele><time>2024-07-21T15:23:43Z</time></trkpt>
<trkpt lat="41.163976" lon="-121.913097"><ele>1715.4</ele><time>2024-07-21T15:23:49Z</time></trkpt>
<trkpt lat="41.163991" lon="-121.913647"><ele>1716.8</ele><time>2024-07-21T15:24:18Z</time></trkpt>
<trkpt lat="41.163813" lon="-121.914754"><ele>1716.4</ele><time>2024-07-21T15:25:54Z</time></trkpt>
<trkpt lat="41.163858" lon="-121.914784"><ele>1715.8</ele><time>2024-07-21T15:26:02Z</time></trkpt>
<trkpt lat="41.163868" lon="-121.915395"><ele>1712.8</ele><time>2024-07-21T15:26:46Z</time></trkpt>
<trkpt lat="41.163912" lon="-121.915641"><ele>1710.6</ele><time>2024-07-21T15:27:02Z</time></trkpt>
<trkpt lat="41.164079" lon="-121.915763"><ele>1708.4</ele><time>2024-07-21T15:27:18Z</time></trkpt>
<trkpt lat="41.164410" lon="-121.915803"><ele>1704.8</ele><time>2024-07-21T15:27:54Z</time></trkpt>
<trkpt lat="41.164415" lon="-121.916220"><ele>1701.8</ele><time>2024-07-21T15:28:15Z</time></trkpt>
<trkpt lat="41.164311" lon="-121.916791"><ele>1695.4</ele><time>2024-07-21T15:29:21Z</time></trkpt>
<trkpt lat="41.164103" lon="-121.917025"><ele>1693.2</ele><time>2024-07-21T15:29:46Z</time></trkpt>
<trkpt lat="41.163814" lon="-121.916889"><ele>1691.2</ele><time>2024-07-21T15:30:06Z</time></trkpt>
<trkpt lat="41.163773" lon="-121.917157"><ele>1690.2</ele><time>2024-07-21T15:30:24Z</time></trkpt>
<trkpt lat="41.163552" lon="-121.917361"><ele>1687.4</ele><time>2024-07-21T15:30:50Z</time></trkpt>
<trkpt lat="41.163443" lon="-121.917353"><ele>1687.2</ele><time>2024-07-21T15:31:02Z</time></trkpt>
<trkpt lat="41.163231" lon="-121.917863"><ele>1685.0</ele><time>2024-07-21T15:31:51Z</time></trkpt>
<trkpt lat="41.162687" lon="-121.918353"><ele>1678.4</ele><time>2024-07-21T15:32:54Z</time></trkpt>
<trkpt lat="41.162329" lon="-121.918566"><ele>1675.6</ele><time>2024-07-21T15:33:31Z</time></trkpt>
<trkpt lat="41.161584" lon="-121.918700"><ele>1670.8</ele><time>2024-07-21T15:34:45Z</time></trkpt>
<trkpt lat="41.161481" lon="-121.918558"><ele>1670.2</ele><time>2024-07-21T15:35:02Z</time></trkpt>
<trkpt lat="41.161217" lon="-121.918631"><ele>1668.8</ele><time>2024-07-21T15:35:27Z</time></trkpt>
<trkpt lat="41.160557" lon="-121.919326"><ele>1661.6</ele><time>2024-07-21T15:37:00Z</time></trkpt>
<trkpt lat="41.160467" lon="-121.919534"><ele>1659.4</ele><time>2024-07-21T15:37:21Z</time></trkpt>
<trkpt lat="41.160477" lon="-121.919943"><ele>1654.0</ele><time>2024-07-21T15:38:46Z</time></trkpt>
<trkpt lat="41.160412" lon="-121.919752"><ele>1654.8</ele><time>2024-07-21T15:39:01Z</time></trkpt>
<trkpt lat="41.160010" lon="-121.919812"><ele>1656.6</ele><time>2024-07-21T15:40:13Z</time></trkpt>
<trkpt lat="41.159680" lon="-121.919657"><ele>1652.4</ele><time>2024-07-21T15:40:44Z</time></trkpt>
<trkpt lat="41.159727" lon="-121.919719"><ele>1652.2</ele><time>2024-07-21T15:40:47Z</time></trkpt>
<trkpt lat="41.159620" lon="-121.919711"><ele>1652.2</ele><time>2024-07-21T15:41:03Z</time></trkpt>
<trkpt lat="41.159453" lon="-121.919551"><ele>1650.6</ele><time>2024-07-21T15:41:33Z</time></trkpt>
<trkpt lat="41.159282" lon="-121.919548"><ele>1648.0</ele><time>2024-07-21T15:41:49Z</time></trkpt>
<trkpt lat="41.158836" lon="-121.919808"><ele>1648.6</ele><time>2024-07-21T15:42:46Z</time></trkpt>
<trkpt lat="41.158751" lon="-121.919569"><ele>1649.2</ele><time>2024-07-21T15:42:57Z</time></trkpt>
<trkpt lat="41.158195" lon="-121.919801"><ele>1651.4</ele><time>2024-07-21T15:43:51Z</time></trkpt>
<trkpt lat="41.157822" lon="-121.920321"><ele>1649.2</ele><time>2024-07-21T15:44:44Z</time></trkpt>
<trkpt lat="41.157716" lon="-121.920798"><ele>1649.6</ele><time>2024-07-21T15:44:55Z</time></trkpt>
<trkpt lat="41.157208" lon="-121.921694"><ele>1650.8</ele><time>2024-07-21T15:45:02Z</time></trkpt>
<trkpt lat="41.158080" lon="-121.921010"><ele>1651.2</ele><time>2024-07-21T15:45:03Z</time></trkpt>
<trkpt lat="41.158011" lon="-121.920620"><ele>1651.6</ele><time>2024-07-21T15:45:05Z</time></trkpt>
<trkpt lat="41.157883" lon="-121.920655"><ele>1651.6</ele><time>2024-07-21T15:45:10Z</time></trkpt>
<trkpt lat="41.157916" lon="-121.920753"><ele>1652.4</ele><time>2024-07-21T15:45:18Z</time></trkpt>
<trkpt lat="41.157871" lon="-121.921035"><ele>1654.0</ele><time>2024-07-21T15:45:38Z</time></trkpt>
<trkpt lat="41.157782" lon="-121.921251"><ele>1655.8</ele><time>2024-07-21T15:45:55Z</time></trkpt>
<trkpt lat="41.158044" lon="-121.922334"><ele>1657.0</ele><time>2024-07-21T15:47:33Z</time></trkpt>
<trkpt lat="41.158209" lon="-121.922653"><ele>1656.2</ele><time>2024-07-21T15:47:58Z</time></trkpt>
<trkpt lat="41.158751" lon="-121.923336"><ele>1655.4</ele><time>2024-07-21T15:49:07Z</time></trkpt>
<trkpt lat="41.159239" lon="-121.924458"><ele>1661.0</ele><time>2024-07-21T15:50:59Z</time></trkpt>
<trkpt lat="41.159655" lon="-121.925082"><ele>1664.0</ele><time>2024-07-21T15:51:52Z</time></trkpt>
<trkpt lat="41.159677" lon="-121.925210"><ele>1665.4</ele><time>2024-07-21T15:52:00Z</time></trkpt>
<trkpt lat="41.159280" lon="-121.925301"><ele>1671.0</ele><time>2024-07-21T15:52:49Z</time></trkpt>
<trkpt lat="41.159242" lon="-121.925593"><ele>1673.0</ele><time>2024-07-21T15:53:47Z</time></trkpt>
<trkpt lat="41.159229" lon="-121.925508"><ele>1672.6</ele><time>2024-07-21T15:53:55Z</time></trkpt>
<trkpt lat="41.159290" lon="-121.925728"><ele>1671.8</ele><time>2024-07-21T15:54:03Z</time></trkpt>
<trkpt lat="41.159269" lon="-121.926273"><ele>1671.6</ele><time>2024-07-21T15:54:45Z</time></trkpt>
<trkpt lat="41.159040" lon="-121.927123"><ele>1667.4</ele><time>2024-07-21T15:55:39Z</time></trkpt>
<trkpt lat="41.159008" lon="-121.927440"><ele>1664.4</ele><time>2024-07-21T15:56:02Z</time></trkpt>
<trkpt lat="41.159078" lon="-121.927800"><ele>1663.2</ele><time>2024-07-21T15:56:25Z</time></trkpt>
<trkpt lat="41.159259" lon="-121.928089"><ele>1659.8</ele><time>2024-07-21T15:56:51Z</time></trkpt>
<trkpt lat="41.159265" lon="-121.928295"><ele>1658.8</ele><time>2024-07-21T15:57:03Z</time></trkpt>
<trkpt lat="41.159073" lon="-121.929022"><ele>1656.8</ele><time>2024-07-21T15:58:01Z</time></trkpt>
<trkpt lat="41.159143" lon="-121.929774"><ele>1654.4</ele><time>2024-07-21T15:58:42Z</time></trkpt>
<trkpt lat="41.159093" lon="-121.929984"><ele>1652.8</ele><time>2024-07-21T15:59:00Z</time></trkpt>
<trkpt lat="41.159260" lon="-121.930474"><ele>1648.2</ele><time>2024-07-21T15:59:43Z</time></trkpt>
<trkpt lat="41.159469" lon="-121.930465"><ele>1646.4</ele><time>2024-07-21T16:00:07Z</time></trkpt>
<trkpt lat="41.159735" lon="-121.930771"><ele>1644.0</ele><time>2024-07-21T16:00:47Z</time></trkpt>
<trkpt lat="41.159766" lon="-121.930917"><ele>1643.8</ele><time>2024-07-21T16:00:54Z</time></trkpt>
<trkpt lat="41.159545" lon="-121.931507"><ele>1642.8</ele><time>2024-07-21T16:01:33Z</time></trkpt>
<trkpt lat="41.159670" lon="-121.931618"><ele>1641.2</ele><time>2024-07-21T16:01:47Z</time></trkpt>
<trkpt lat="41.159808" lon="-121.932203"><ele>1638.0</ele><time>2024-07-21T16:02:33Z</time></trkpt>
<trkpt lat="41.159944" lon="-121.932307"><ele>1636.4</ele><time>2024-07-21T16:02:45Z</time></trkpt>
<trkpt lat="41.159839" lon="-121.932381"><ele>1636.0</ele><time>2024-07-21T16:02:51Z</time></trkpt>
<trkpt lat="41.159870" lon="-121.932653"><ele>1637.6</ele><time>2024-07-21T16:03:11Z</time></trkpt>
<trkpt lat="41.159984" lon="-121.932908"><ele>1639.4</ele><time>2024-07-21T16:03:31Z</time></trkpt>
<trkpt lat="41.159857" lon="-121.933134"><ele>1640.6</ele><time>2024-07-21T16:03:49Z</time></trkpt>
<trkpt lat="41.159686" lon="-121.933691"><ele>1646.0</ele><time>2024-07-21T16:04:37Z</time></trkpt>
<trkpt lat="41.159856" lon="-121.934035"><ele>1648.4</ele><time>2024-07-21T16:05:02Z</time></trkpt>
<trkpt lat="41.159741" lon="-121.933972"><ele>1648.8</ele><time>2024-07-21T16:05:06Z</time></trkpt>
<trkpt lat="41.159725" lon="-121.934115"><ele>1648.8</ele><time>2024-07-21T16:05:12Z</time></trkpt>
<trkpt lat="41.159540" lon="-121.934474"><ele>1652.2</ele><time>2024-07-21T16:05:43Z</time></trkpt>
<trkpt lat="41.159533" lon="-121.934774"><ele>1654.4</ele><time>2024-07-21T16:06:05Z</time></trkpt>
<trkpt lat="41.159606" lon="-121.935048"><ele>1654.6</ele><time>2024-07-21T16:06:21Z</time></trkpt>
<trkpt lat="41.159865" lon="-121.935507"><ele>1654.0</ele><time>2024-07-21T16:06:59Z</time></trkpt>
<trkpt lat="41.160087" lon="-121.935649"><ele>1656.0</ele><time>2024-07-21T16:07:45Z</time></trkpt>
<trkpt lat="41.160189" lon="-121.935888"><ele>1656.4</ele><time>2024-07-21T16:07:57Z</time></trkpt>
<trkpt lat="41.160210" lon="-121.936006"><ele>1657.2</ele><time>2024-07-21T16:08:05Z</time></trkpt>
<trkpt lat="41.160073" lon="-121.936341"><ele>1659.8</ele><time>2024-07-21T16:08:41Z</time></trkpt>
<trkpt lat="41.160173" lon="-121.936972"><ele>1664.4</ele><time>2024-07-21T16:09:46Z</time></trkpt>
<trkpt lat="41.160115" lon="-121.937295"><ele>1667.0</ele><time>2024-07-21T16:10:06Z</time></trkpt>
<trkpt lat="41.160436" lon="-121.937831"><ele>1670.0</ele><time>2024-07-21T16:10:41Z</time></trkpt>
<trkpt lat="41.160268" lon="-121.937790"><ele>1670.4</ele><time>2024-07-21T16:10:44Z</time></trkpt>
<trkpt lat="41.160196" lon="-121.938119"><ele>1673.0</ele><time>2024-07-21T16:11:03Z</time></trkpt>
<trkpt lat="41.160223" lon="-121.938079"><ele>1673.0</ele><time>2024-07-21T16:11:04Z</time></trkpt>
<trkpt lat="41.160332" lon="-121.938313"><ele>1677.0</ele><time>2024-07-21T16:11:42Z</time></trkpt>
<trkpt lat="41.160245" lon="-121.938473"><ele>1677.2</ele><time>2024-07-21T16:11:44Z</time></trkpt>
<trkpt lat="41.160265" lon="-121.938702"><ele>1679.2</ele><time>2024-07-21T16:12:05Z</time></trkpt>
<trkpt lat="41.160109" lon="-121.940228"><ele>1691.8</ele><time>2024-07-21T16:14:48Z</time></trkpt>
<trkpt lat="41.159751" lon="-121.941472"><ele>1697.4</ele><time>2024-07-21T16:16:06Z</time></trkpt>
<trkpt lat="41.159687" lon="-121.941469"><ele>1697.8</ele><time>2024-07-21T16:16:14Z</time></trkpt>
<trkpt lat="41.159579" lon="-121.941617"><ele>1697.2</ele><time>2024-07-21T16:16:49Z</time></trkpt>
<trkpt lat="41.159536" lon="-121.941778"><ele>1697.8</ele><time>2024-07-21T16:16:59Z</time></trkpt>
<trkpt lat="41.159528" lon="-121.942274"><ele>1700.4</ele><time>2024-07-21T16:17:30Z</time></trkpt>
<trkpt lat="41.159579" lon="-121.942469"><ele>1701.4</ele><time>2024-07-21T16:17:46Z</time></trkpt>
<trkpt lat="41.159462" lon="-121.942864"><ele>1701.8</ele><time>2024-07-21T16:18:18Z</time></trkpt>
<trkpt lat="41.159510" lon="-121.943458"><ele>1703.4</ele><time>2024-07-21T16:18:46Z</time></trkpt>
<trkpt lat="41.159381" lon="-121.944062"><ele>1701.6</ele><time>2024-07-21T16:19:32Z</time></trkpt>
<trkpt lat="41.159085" lon="-121.944498"><ele>1697.4</ele><time>2024-07-21T16:20:30Z</time></trkpt>
<trkpt lat="41.158922" lon="-121.945054"><ele>1695.2</ele><time>2024-07-21T16:21:06Z</time></trkpt>
<trkpt lat="41.158419" lon="-121.945727"><ele>1693.0</ele><time>2024-07-21T16:22:00Z</time></trkpt>
<trkpt lat="41.158089" lon="-121.946015"><ele>1690.8</ele><time>2024-07-21T16:22:26Z</time></trkpt>
<trkpt lat="41.157607" lon="-121.946219"><ele>1689.4</ele><time>2024-07-21T16:23:04Z</time></trkpt>
<trkpt lat="41.157441" lon="-121.946136"><ele>1688.6</ele><time>2024-07-21T16:23:38Z</time></trkpt>
<trkpt lat="41.157379" lon="-121.946249"><ele>1688.4</ele><time>2024-07-21T16:23:47Z</time></trkpt>
<trkpt lat="41.157293" lon="-121.946189"><ele>1688.4</ele><time>2024-07-21T16:23:54Z</time></trkpt>
<trkpt lat="41.156960" lon="-121.946355"><ele>1688.4</ele><time>2024-07-21T16:24:32Z</time></trkpt>
<trkpt lat="41.156844" lon="-121.946596"><ele>1689.0</ele><time>2024-07-21T16:24:54Z</time></trkpt>
<trkpt lat="41.156958" lon="-121.947413"><ele>1684.2</ele><time>2024-07-21T16:25:46Z</time></trkpt>
<trkpt lat="41.156861" lon="-121.947665"><ele>1681.2</ele><time>2024-07-21T16:26:02Z</time></trkpt>
<trkpt lat="41.156974" lon="-121.947887"><ele>1680.0</ele><time>2024-07-21T16:26:14Z</time></trkpt>
<trkpt lat="41.156926" lon="-121.948586"><ele>1674.4</ele><time>2024-07-21T16:26:59Z</time></trkpt>
<trkpt lat="41.157097" lon="-121.949256"><ele>1673.8</ele><time>2024-07-21T16:28:04Z</time></trkpt>
<trkpt lat="41.157209" lon="-121.949319"><ele>1673.8</ele><time>2024-07-21T16:28:14Z</time></trkpt>
<trkpt lat="41.157491" lon="-121.949298"><ele>1674.2</ele><time>2024-07-21T16:28:53Z</time></trkpt>
<trkpt lat="41.157633" lon="-121.949606"><ele>1675.2</ele><time>2024-07-21T16:29:14Z</time></trkpt>
<trkpt lat="41.158181" lon="-121.949763"><ele>1675.6</ele><time>2024-07-21T16:30:40Z</time></trkpt>
<trkpt lat="41.158246" lon="-121.949889"><ele>1675.8</ele><time>2024-07-21T16:30:45Z</time></trkpt>
<trkpt lat="41.157877" lon="-121.951206"><ele>1677.0</ele><time>2024-07-21T16:32:10Z</time></trkpt>
<trkpt lat="41.157873" lon="-121.951615"><ele>1678.2</ele><time>2024-07-21T16:32:38Z</time></trkpt>
<trkpt lat="41.158146" lon="-121.952682"><ele>1681.6</ele><time>2024-07-21T16:33:46Z</time></trkpt>
<trkpt lat="41.158291" lon="-121.952832"><ele>1680.8</ele><time>2024-07-21T16:34:07Z</time></trkpt>
<trkpt lat="41.158725" lon="-121.952972"><ele>1682.0</ele><time>2024-07-21T16:34:43Z</time></trkpt>
<trkpt lat="41.158929" lon="-121.953198"><ele>1683.4</ele><time>2024-07-21T16:35:04Z</time></trkpt>
<trkpt lat="41.158944" lon="-121.953353"><ele>1684.2</ele><time>2024-07-21T16:35:12Z</time></trkpt>
<trkpt lat="41.158856" lon="-121.953853"><ele>1688.4</ele><time>2024-07-21T16:36:06Z</time></trkpt>
<trkpt lat="41.158644" lon="-121.954568"><ele>1689.6</ele><time>2024-07-21T16:36:44Z</time></trkpt>
<trkpt lat="41.158458" lon="-121.955582"><ele>1690.8</ele><time>2024-07-21T16:37:44Z</time></trkpt>
<trkpt lat="41.158450" lon="-121.956440"><ele>1691.6</ele><time>2024-07-21T16:38:44Z</time></trkpt>
<trkpt lat="41.158102" lon="-121.957506"><ele>1690.8</ele><time>2024-07-21T16:40:01Z</time></trkpt>
<trkpt lat="41.157689" lon="-121.959317"><ele>1682.6</ele><time>2024-07-21T16:42:03Z</time></trkpt>
<trkpt lat="41.157748" lon="-121.959423"><ele>1681.6</ele><time>2024-07-21T16:42:11Z</time></trkpt>
<trkpt lat="41.157567" lon="-121.959870"><ele>1676.2</ele><time>2024-07-21T16:42:43Z</time></trkpt>
<trkpt lat="41.157488" lon="-121.960346"><ele>1672.6</ele><time>2024-07-21T16:43:18Z</time></trkpt>
<trkpt lat="41.157306" lon="-121.960772"><ele>1669.4</ele><time>2024-07-21T16:43:48Z</time></trkpt>
<trkpt lat="41.157331" lon="-121.961218"><ele>1666.4</ele><time>2024-07-21T16:44:16Z</time></trkpt>
<trkpt lat="41.156961" lon="-121.961419"><ele>1662.0</ele><time>2024-07-21T16:44:47Z</time></trkpt>
<trkpt lat="41.156891" lon="-121.961671"><ele>1661.2</ele><time>2024-07-21T16:45:01Z</time></trkpt>
<trkpt lat="41.156929" lon="-121.961734"><ele>1660.6</ele><time>2024-07-21T16:45:10Z</time></trkpt>
<trkpt lat="41.156806" lon="-121.961872"><ele>1656.4</ele><time>2024-07-21T16:45:52Z</time></trkpt>
<trkpt lat="41.156642" lon="-121.961824"><ele>1654.4</ele><time>2024-07-21T16:46:04Z</time></trkpt>
<trkpt lat="41.156380" lon="-121.961506"><ele>1653.4</ele><time>2024-07-21T16:46:49Z</time></trkpt>
<trkpt lat="41.155210" lon="-121.961187"><ele>1643.6</ele><time>2024-07-21T16:48:47Z</time></trkpt>
<trkpt lat="41.155364" lon="-121.961322"><ele>1642.4</ele><time>2024-07-21T16:48:53Z</time></trkpt>
<trkpt lat="41.155320" lon="-121.961617"><ele>1642.6</ele><time>2024-07-21T16:49:06Z</time></trkpt>
<trkpt lat="41.155222" lon="-121.961285"><ele>1642.6</ele><time>2024-07-21T16:49:12Z</time></trkpt>
<trkpt lat="41.155261" lon="-121.961306"><ele>1642.6</ele><time>2024-07-21T16:49:15Z</time></trkpt>
<trkpt lat="41.155128" lon="-121.961195"><ele>1642.6</ele><time>2024-07-21T16:49:42Z</time></trkpt>
<trkpt lat="41.155162" lon="-121.961265"><ele>1642.2</ele><time>2024-07-21T16:49:47Z</time></trkpt>
<trkpt lat="41.155163" lon="-121.961218"><ele>1641.2</ele><time>2024-07-21T16:50:01Z</time></trkpt>
<trkpt lat="41.154794" lon="-121.961240"><ele>1639.0</ele><time>2024-07-21T16:50:46Z</time></trkpt>
<trkpt lat="41.154584" lon="-121.961356"><ele>1637.2</ele><time>2024-07-21T16:51:08Z</time></trkpt>
<trkpt lat="41.153985" lon="-121.961388"><ele>1633.4</ele><time>2024-07-21T16:51:47Z</time></trkpt>
<trkpt lat="41.153988" lon="-121.961261"><ele>1633.4</ele><time>2024-07-21T16:51:56Z</time></trkpt>
<trkpt lat="41.153625" lon="-121.961154"><ele>1631.4</ele><time>2024-07-21T16:52:18Z</time></trkpt>
<trkpt lat="41.153410" lon="-121.960964"><ele>1630.2</ele><time>2024-07-21T16:52:44Z</time></trkpt>
<trkpt lat="41.152712" lon="-121.961390"><ele>1628.8</ele><time>2024-07-21T16:54:05Z</time></trkpt>
<trkpt lat="41.152600" lon="-121.961277"><ele>1629.6</ele><time>2024-07-21T16:55:56Z</time></trkpt>
<trkpt lat="41.152648" lon="-121.961382"><ele>1629.6</ele><time>2024-07-21T16:56:01Z</time></trkpt>
<trkpt lat="41.151864" lon="-121.961349"><ele>1632.8</ele><time>2024-07-21T16:57:49Z</time></trkpt>
<trkpt lat="41.151042" lon="-121.961077"><ele>1633.8</ele><time>2024-07-21T16:58:56Z</time></trkpt>
<trkpt lat="41.150556" lon="-121.961030"><ele>1635.2</ele><time>2024-07-21T16:59:46Z</time></trkpt>
<trkpt lat="41.150153" lon="-121.961514"><ele>1638.2</ele><time>2024-07-21T17:00:54Z</time></trkpt>
<trkpt lat="41.150239" lon="-121.962511"><ele>1638.2</ele><time>2024-07-21T17:01:45Z</time></trkpt>
<trkpt lat="41.150185" lon="-121.962614"><ele>1638.0</ele><time>2024-07-21T17:01:52Z</time></trkpt>
<trkpt lat="41.150199" lon="-121.962758"><ele>1638.4</ele><time>2024-07-21T17:02:02Z</time></trkpt>
<trkpt lat="41.150553" lon="-121.963937"><ele>1647.2</ele><time>2024-07-21T17:03:36Z</time></trkpt>
<trkpt lat="41.150503" lon="-121.964275"><ele>1649.2</ele><time>2024-07-21T17:03:54Z</time></trkpt>
<trkpt lat="41.150283" lon="-121.964776"><ele>1650.8</ele><time>2024-07-21T17:04:42Z</time></trkpt>
<trkpt lat="41.149743" lon="-121.965658"><ele>1655.2</ele><time>2024-07-21T17:05:57Z</time></trkpt>
<trkpt lat="41.149461" lon="-121.966676"><ele>1665.0</ele><time>2024-07-21T17:07:27Z</time></trkpt>
<trkpt lat="41.149307" lon="-121.967013"><ele>1666.6</ele><time>2024-07-21T17:07:48Z</time></trkpt>
<trkpt lat="41.149378" lon="-121.967039"><ele>1667.0</ele><time>2024-07-21T17:07:49Z</time></trkpt>
<trkpt lat="41.149396" lon="-121.967231"><ele>1668.0</ele><time>2024-07-21T17:08:03Z</time></trkpt>
<trkpt lat="41.149347" lon="-121.967642"><ele>1670.4</ele><time>2024-07-21T17:08:41Z</time></trkpt>
<trkpt lat="41.149383" lon="-121.967909"><ele>1672.8</ele><time>2024-07-21T17:09:11Z</time></trkpt>
<trkpt lat="41.149555" lon="-121.968451"><ele>1675.4</ele><time>2024-07-21T17:09:47Z</time></trkpt>
<trkpt lat="41.149581" lon="-121.969234"><ele>1678.2</ele><time>2024-07-21T17:10:24Z</time></trkpt>
<trkpt lat="41.149292" lon="-121.969636"><ele>1681.2</ele><time>2024-07-21T17:11:20Z</time></trkpt>
<trkpt lat="41.149294" lon="-121.969730"><ele>1681.4</ele><time>2024-07-21T17:11:28Z</time></trkpt>
<trkpt lat="41.148991" lon="-121.970030"><ele>1682.4</ele><time>2024-07-21T17:11:54Z</time></trkpt>
<trkpt lat="41.148415" lon="-121.970931"><ele>1683.6</ele><time>2024-07-21T17:13:34Z</time></trkpt>
<trkpt lat="41.148239" lon="-121.970794"><ele>1681.2</ele><time>2024-07-21T17:13:50Z</time></trkpt>
<trkpt lat="41.148094" lon="-121.970792"><ele>1680.4</ele><time>2024-07-21T17:13:57Z</time></trkpt>
<trkpt lat="41.148089" lon="-121.970632"><ele>1680.0</ele><time>2024-07-21T17:14:04Z</time></trkpt>
<trkpt lat="41.147875" lon="-121.970068"><ele>1675.6</ele><time>2024-07-21T17:14:45Z</time></trkpt>
<trkpt lat="41.147131" lon="-121.969428"><ele>1668.0</ele><time>2024-07-21T17:15:47Z</time></trkpt>
<trkpt lat="41.146942" lon="-121.969401"><ele>1665.8</ele><time>2024-07-21T17:16:07Z</time></trkpt>
<trkpt lat="41.146971" lon="-121.969331"><ele>1665.6</ele><time>2024-07-21T17:16:09Z</time></trkpt>
<trkpt lat="41.146922" lon="-121.969277"><ele>1664.8</ele><time>2024-07-21T17:16:13Z</time></trkpt>
<trkpt lat="41.146586" lon="-121.969149"><ele>1662.8</ele><time>2024-07-21T17:16:30Z</time></trkpt>
<trkpt lat="41.146415" lon="-121.969226"><ele>1661.8</ele><time>2024-07-21T17:16:47Z</time></trkpt>
<trkpt lat="41.146514" lon="-121.969184"><ele>1661.6</ele><time>2024-07-21T17:16:54Z</time></trkpt>
<trkpt lat="41.146114" lon="-121.969617"><ele>1658.6</ele><time>2024-07-21T17:17:31Z</time></trkpt>
<trkpt lat="41.145936" lon="-121.969698"><ele>1655.0</ele><time>2024-07-21T17:17:53Z</time></trkpt>
<trkpt lat="41.145549" lon="-121.970373"><ele>1646.8</ele><time>2024-07-21T17:18:43Z</time></trkpt>
<trkpt lat="41.145274" lon="-121.970511"><ele>1645.8</ele><time>2024-07-21T17:19:03Z</time></trkpt>
<trkpt lat="41.145434" lon="-121.970627"><ele>1645.2</ele><time>2024-07-21T17:19:07Z</time></trkpt>
<trkpt lat="41.145427" lon="-121.970749"><ele>1644.8</ele><time>2024-07-21T17:19:13Z</time></trkpt>
<trkpt lat="41.145145" lon="-121.970969"><ele>1647.6</ele><time>2024-07-21T17:19:47Z</time></trkpt>
<trkpt lat="41.145180" lon="-121.971044"><ele>1647.2</ele><time>2024-07-21T17:19:59Z</time></trkpt>
<trkpt lat="41.144933" lon="-121.971397"><ele>1645.4</ele><time>2024-07-21T17:20:25Z</time></trkpt>
<trkpt lat="41.144671" lon="-121.972232"><ele>1637.6</ele><time>2024-07-21T17:21:21Z</time></trkpt>
<trkpt lat="41.144672" lon="-121.972410"><ele>1635.2</ele><time>2024-07-21T17:21:37Z</time></trkpt>
<trkpt lat="41.144571" lon="-121.972470"><ele>1634.6</ele><time>2024-07-21T17:21:45Z</time></trkpt>
<trkpt lat="41.144377" lon="-121.973160"><ele>1631.4</ele><time>2024-07-21T17:22:35Z</time></trkpt>
<trkpt lat="41.143721" lon="-121.973636"><ele>1625.8</ele><time>2024-07-21T17:23:24Z</time></trkpt>
<trkpt lat="41.143505" lon="-121.973966"><ele>1624.4</ele><time>2024-07-21T17:23:56Z</time></trkpt>
<trkpt lat="41.143216" lon="-121.974068"><ele>1624.6</ele><time>2024-07-21T17:24:40Z</time></trkpt>
<trkpt lat="41.143130" lon="-121.974227"><ele>1623.0</ele><time>2024-07-21T17:24:57Z</time></trkpt>
<trkpt lat="41.142932" lon="-121.973900"><ele>1621.2</ele><time>2024-07-21T17:25:37Z</time></trkpt>
<trkpt lat="41.142456" lon="-121.973783"><ele>1616.6</ele><time>2024-07-21T17:26:35Z</time></trkpt>
<trkpt lat="41.142256" lon="-121.973850"><ele>1615.8</ele><time>2024-07-21T17:26:47Z</time></trkpt>
<trkpt lat="41.142317" lon="-121.973897"><ele>1613.4</ele><time>2024-07-21T17:27:04Z</time></trkpt>
<trkpt lat="41.142172" lon="-121.973762"><ele>1612.6</ele><time>2024-07-21T17:27:08Z</time></trkpt>
<trkpt lat="41.141997" lon="-121.973793"><ele>1612.2</ele><time>2024-07-21T17:27:12Z</time></trkpt>
<trkpt lat="41.141501" lon="-121.974163"><ele>1616.6</ele><time>2024-07-21T17:28:06Z</time></trkpt>
<trkpt lat="41.141168" lon="-121.974114"><ele>1617.0</ele><time>2024-07-21T17:29:45Z</time></trkpt>
<trkpt lat="41.141172" lon="-121.974224"><ele>1617.8</ele><time>2024-07-21T17:30:06Z</time></trkpt>
<trkpt lat="41.141214" lon="-121.974037"><ele>1619.4</ele><time>2024-07-21T17:33:45Z</time></trkpt>
<trkpt lat="41.141251" lon="-121.974094"><ele>1619.4</ele><time>2024-07-21T17:34:02Z</time></trkpt>
<trkpt lat="41.141038" lon="-121.974059"><ele>1619.0</ele><time>2024-07-21T17:37:47Z</time></trkpt>
<trkpt lat="41.141175" lon="-121.974136"><ele>1620.4</ele><time>2024-07-21T17:40:11Z</time></trkpt>
<trkpt lat="41.141265" lon="-121.974100"><ele>1620.4</ele><time>2024-07-21T17:40:13Z</time></trkpt>
<trkpt lat="41.141139" lon="-121.974081"><ele>1620.8</ele><time>2024-07-21T17:40:52Z</time></trkpt>
<trkpt lat="41.141209" lon="-121.974106"><ele>1621.0</ele><time>2024-07-21T17:41:00Z</time></trkpt>
<trkpt lat="41.141156" lon="-121.974023"><ele>1621.0</ele><time>2024-07-21T17:43:00Z</time></trkpt>
<trkpt lat="41.141210" lon="-121.974042"><ele>1622.2</ele><time>2024-07-21T17:43:17Z</time></trkpt>
<trkpt lat="41.141373" lon="-121.974192"><ele>1622.2</ele><time>2024-07-21T17:43:44Z</time></trkpt>
<trkpt lat="41.141323" lon="-121.974103"><ele>1622.2</ele><time>2024-07-21T17:43:47Z</time></trkpt>
<trkpt lat="41.141187" lon="-121.974104"><ele>1622.6</ele><time>2024-07-21T17:43:55Z</time></trkpt>
<trkpt lat="41.141212" lon="-121.974151"><ele>1622.6</ele><time>2024-07-21T17:43:57Z</time></trkpt>
<trkpt lat="41.141139" lon="-121.974050"><ele>1623.0</ele><time>2024-07-21T17:46:03Z</time></trkpt>
<trkpt lat="41.141153" lon="-121.974132"><ele>1622.8</ele><time>2024-07-21T17:47:51Z</time></trkpt>
<trkpt lat="41.141171" lon="-121.974000"><ele>1623.2</ele><time>2024-07-21T17:48:00Z</time></trkpt>
<trkpt lat="41.141140" lon="-121.974139"><ele>1623.4</ele><time>2024-07-21T17:49:50Z</time></trkpt>
<trkpt lat="41.141099" lon="-121.974132"><ele>1623.4</ele><time>2024-07-21T17:49:57Z</time></trkpt>
<trkpt lat="41.141136" lon="-121.974086"><ele>1623.4</ele><time>2024-07-21T17:50:53Z</time></trkpt>
<trkpt lat="41.141192" lon="-121.974140"><ele>1624.4</ele><time>2024-07-21T17:52:00Z</time></trkpt>
<trkpt lat="41.141106" lon="-121.974161"><ele>1624.4</ele><time>2024-07-21T17:54:00Z</time></trkpt>
<trkpt lat="41.141114" lon="-121.974057"><ele>1624.6</ele><time>2024-07-21T17:56:06Z</time></trkpt>
<trkpt lat="41.141179" lon="-121.974149"><ele>1624.6</ele><time>2024-07-21T17:57:49Z</time></trkpt>
<trkpt lat="41.141127" lon="-121.974088"><ele>1624.8</ele><time>2024-07-21T17:58:03Z</time></trkpt>
<trkpt lat="41.141128" lon="-121.974191"><ele>1625.2</ele><time>2024-07-21T17:59:46Z</time></trkpt>
<trkpt lat="41.141099" lon="-121.974159"><ele>1625.2</ele><time>2024-07-21T17:59:53Z</time></trkpt>
<trkpt lat="41.141198" lon="-121.974109"><ele>1625.8</ele><time>2024-07-21T18:03:52Z</time></trkpt>
<trkpt lat="41.141105" lon="-121.974004"><ele>1626.0</ele><time>2024-07-21T18:04:04Z</time></trkpt>
<trkpt lat="41.141213" lon="-121.974256"><ele>1626.2</ele><time>2024-07-21T18:05:53Z</time></trkpt>
<trkpt lat="41.141298" lon="-121.974225"><ele>1626.6</ele><time>2024-07-21T18:06:04Z</time></trkpt>
<trkpt lat="41.141155" lon="-121.974115"><ele>1628.8</ele><time>2024-07-21T18:09:50Z</time></trkpt>
<trkpt lat="41.141242" lon="-121.974162"><ele>1629.4</ele><time>2024-07-21T18:10:02Z</time></trkpt>
<trkpt lat="41.141172" lon="-121.974137"><ele>1630.2</ele><time>2024-07-21T18:11:08Z</time></trkpt>
<trkpt lat="41.141216" lon="-121.974148"><ele>1630.8</ele><time>2024-07-21T18:11:56Z</time></trkpt>
<trkpt lat="41.141201" lon="-121.974085"><ele>1631.6</ele><time>2024-07-21T18:14:01Z</time></trkpt>
<trkpt lat="41.141100" lon="-121.974151"><ele>1633.4</ele><time>2024-07-21T18:14:46Z</time></trkpt>
<trkpt lat="41.141146" lon="-121.974108"><ele>1633.4</ele><time>2024-07-21T18:14:57Z</time></trkpt>
<trkpt lat="41.141029" lon="-121.974045"><ele>1632.8</ele><time>2024-07-21T18:15:38Z</time></trkpt>
<trkpt lat="41.140641" lon="-121.973453"><ele>1642.4</ele><time>2024-07-21T18:16:51Z</time></trkpt>
<trkpt lat="41.140626" lon="-121.973330"><ele>1643.0</ele><time>2024-07-21T18:16:58Z</time></trkpt>
<trkpt lat="41.140113" lon="-121.973212"><ele>1644.0</ele><time>2024-07-21T18:18:04Z</time></trkpt>
<trkpt lat="41.139560" lon="-121.973399"><ele>1647.4</ele><time>2024-07-21T18:19:06Z</time></trkpt>
<trkpt lat="41.139117" lon="-121.973463"><ele>1650.2</ele><time>2024-07-21T18:19:44Z</time></trkpt>
<trkpt lat="41.139024" lon="-121.973375"><ele>1651.0</ele><time>2024-07-21T18:19:50Z</time></trkpt>
<trkpt lat="41.138923" lon="-121.973475"><ele>1651.4</ele><time>2024-07-21T18:19:59Z</time></trkpt>
<trkpt lat="41.137809" lon="-121.973680"><ele>1658.8</ele><time>2024-07-21T18:21:46Z</time></trkpt>
<trkpt lat="41.137801" lon="-121.973892"><ele>1658.0</ele><time>2024-07-21T18:21:56Z</time></trkpt>
<trkpt lat="41.137714" lon="-121.973927"><ele>1659.0</ele><time>2024-07-21T18:22:07Z</time></trkpt>
<trkpt lat="41.137559" lon="-121.973899"><ele>1659.2</ele><time>2024-07-21T18:22:18Z</time></trkpt>
<trkpt lat="41.137394" lon="-121.973966"><ele>1661.6</ele><time>2024-07-21T18:22:38Z</time></trkpt>
<trkpt lat="41.137068" lon="-121.973742"><ele>1663.8</ele><time>2024-07-21T18:23:48Z</time></trkpt>
<trkpt lat="41.136935" lon="-121.973960"><ele>1663.8</ele><time>2024-07-21T18:24:07Z</time></trkpt>
<trkpt lat="41.136705" lon="-121.974156"><ele>1666.2</ele><time>2024-07-21T18:24:24Z</time></trkpt>
<trkpt lat="41.136449" lon="-121.974239"><ele>1668.6</ele><time>2024-07-21T18:24:52Z</time></trkpt>
<trkpt lat="41.136214" lon="-121.974525"><ele>1671.8</ele><time>2024-07-21T18:25:48Z</time></trkpt>
<trkpt lat="41.136498" lon="-121.975207"><ele>1677.0</ele><time>2024-07-21T18:26:44Z</time></trkpt>
<trkpt lat="41.137056" lon="-121.975339"><ele>1684.4</ele><time>2024-07-21T18:27:48Z</time></trkpt>
<trkpt lat="41.137333" lon="-121.975088"><ele>1687.2</ele><time>2024-07-21T18:28:18Z</time></trkpt>
<trkpt lat="41.137995" lon="-121.974776"><ele>1695.0</ele><time>2024-07-21T18:29:32Z</time></trkpt>
<trkpt lat="41.138198" lon="-121.974854"><ele>1695.8</ele><time>2024-07-21T18:29:47Z</time></trkpt>
<trkpt lat="41.138382" lon="-121.975205"><ele>1698.2</ele><time>2024-07-21T18:30:16Z</time></trkpt>
<trkpt lat="41.138720" lon="-121.975576"><ele>1702.4</ele><time>2024-07-21T18:31:01Z</time></trkpt>
<trkpt lat="41.138801" lon="-121.975572"><ele>1702.6</ele><time>2024-07-21T18:31:06Z</time></trkpt>
<trkpt lat="41.139040" lon="-121.976858"><ele>1712.2</ele><time>2024-07-21T18:32:49Z</time></trkpt>
<trkpt lat="41.139173" lon="-121.976683"><ele>1713.2</ele><time>2024-07-21T18:33:08Z</time></trkpt>
<trkpt lat="41.139333" lon="-121.976710"><ele>1714.2</ele><time>2024-07-21T18:33:19Z</time></trkpt>
<trkpt lat="41.139402" lon="-121.977048"><ele>1714.8</ele><time>2024-07-21T18:33:32Z</time></trkpt>
<trkpt lat="41.139337" lon="-121.977033"><ele>1716.6</ele><time>2024-07-21T18:33:50Z</time></trkpt>
<trkpt lat="41.139422" lon="-121.977084"><ele>1717.0</ele><time>2024-07-21T18:33:56Z</time></trkpt>
<trkpt lat="41.139494" lon="-121.977294"><ele>1717.0</ele><time>2024-07-21T18:34:02Z</time></trkpt>
<trkpt lat="41.139456" lon="-121.977277"><ele>1716.6</ele><time>2024-07-21T18:34:06Z</time></trkpt>
<trkpt lat="41.139417" lon="-121.978509"><ele>1724.2</ele><time>2024-07-21T18:35:40Z</time></trkpt>
<trkpt lat="41.139479" lon="-121.978898"><ele>1725.2</ele><time>2024-07-21T18:35:54Z</time></trkpt>
<trkpt lat="41.139398" lon="-121.978813"><ele>1725.8</ele><time>2024-07-21T18:36:00Z</time></trkpt>
<trkpt lat="41.139534" lon="-121.979054"><ele>1727.0</ele><time>2024-07-21T18:36:21Z</time></trkpt>
<trkpt lat="41.139491" lon="-121.979187"><ele>1727.2</ele><time>2024-07-21T18:36:29Z</time></trkpt>
<trkpt lat="41.139208" lon="-121.979391"><ele>1728.0</ele><time>2024-07-21T18:36:59Z</time></trkpt>
<trkpt lat="41.139148" lon="-121.979545"><ele>1728.0</ele><time>2024-07-21T18:37:11Z</time></trkpt>
<trkpt lat="41.138906" lon="-121.979668"><ele>1728.4</ele><time>2024-07-21T18:37:35Z</time></trkpt>
<trkpt lat="41.138861" lon="-121.979843"><ele>1727.6</ele><time>2024-07-21T18:37:51Z</time></trkpt>
<trkpt lat="41.139018" lon="-121.980086"><ele>1725.2</ele><time>2024-07-21T18:38:07Z</time></trkpt>
<trkpt lat="41.139404" lon="-121.980420"><ele>1719.8</ele><time>2024-07-21T18:38:44Z</time></trkpt>
<trkpt lat="41.139825" lon="-121.981124"><ele>1714.0</ele><time>2024-07-21T18:39:32Z</time></trkpt>
<trkpt lat="41.139876" lon="-121.981215"><ele>1713.0</ele><time>2024-07-21T18:39:38Z</time></trkpt>
<trkpt lat="41.139895" lon="-121.981764"><ele>1709.8</ele><time>2024-07-21T18:40:05Z</time></trkpt>
<trkpt lat="41.139989" lon="-121.982021"><ele>1707.8</ele><time>2024-07-21T18:40:23Z</time></trkpt>
<trkpt lat="41.140051" lon="-121.982136"><ele>1706.6</ele><time>2024-07-21T18:40:31Z</time></trkpt>
<trkpt lat="41.140247" lon="-121.982191"><ele>1704.4</ele><time>2024-07-21T18:40:53Z</time></trkpt>
<trkpt lat="41.140452" lon="-121.982418"><ele>1701.0</ele><time>2024-07-21T18:41:13Z</time></trkpt>
<trkpt lat="41.140545" lon="-121.982786"><ele>1696.8</ele><time>2024-07-21T18:41:43Z</time></trkpt>
<trkpt lat="41.140290" lon="-121.983170"><ele>1694.8</ele><time>2024-07-21T18:42:15Z</time></trkpt>
<trkpt lat="41.140251" lon="-121.983611"><ele>1691.4</ele><time>2024-07-21T18:42:53Z</time></trkpt>
<trkpt lat="41.140147" lon="-121.983861"><ele>1688.4</ele><time>2024-07-21T18:43:17Z</time></trkpt>
<trkpt lat="41.140172" lon="-121.984348"><ele>1683.8</ele><time>2024-07-21T18:43:43Z</time></trkpt>
<trkpt lat="41.140115" lon="-121.984534"><ele>1682.2</ele><time>2024-07-21T18:43:50Z</time></trkpt>
<trkpt lat="41.140189" lon="-121.984590"><ele>1682.2</ele><time>2024-07-21T18:43:54Z</time></trkpt>
<trkpt lat="41.140206" lon="-121.984728"><ele>1682.2</ele><time>2024-07-21T18:44:05Z</time></trkpt>
<trkpt lat="41.140055" lon="-121.985131"><ele>1678.2</ele><time>2024-07-21T18:44:37Z</time></trkpt>
<trkpt lat="41.140056" lon="-121.985817"><ele>1673.6</ele><time>2024-07-21T18:45:19Z</time></trkpt>
<trkpt lat="41.139945" lon="-121.985591"><ele>1670.0</ele><time>2024-07-21T18:45:37Z</time></trkpt>
<trkpt lat="41.139961" lon="-121.985310"><ele>1669.4</ele><time>2024-07-21T18:45:56Z</time></trkpt>
<trkpt lat="41.140029" lon="-121.985254"><ele>1669.0</ele><time>2024-07-21T18:45:58Z</time></trkpt>
<trkpt lat="41.139929" lon="-121.985067"><ele>1668.2</ele><time>2024-07-21T18:46:04Z</time></trkpt>
<trkpt lat="41.139926" lon="-121.984892"><ele>1667.0</ele><time>2024-07-21T18:46:14Z</time></trkpt>
<trkpt lat="41.139470" lon="-121.984106"><ele>1659.6</ele><time>2024-07-21T18:47:14Z</time></trkpt>
<trkpt lat="41.139312" lon="-121.983662"><ele>1656.0</ele><time>2024-07-21T18:47:51Z</time></trkpt>
<trkpt lat="41.139324" lon="-121.983708"><ele>1655.6</ele><time>2024-07-21T18:47:54Z</time></trkpt>
<trkpt lat="41.139348" lon="-121.983559"><ele>1655.8</ele><time>2024-07-21T18:48:01Z</time></trkpt>
<trkpt lat="41.139172" lon="-121.983646"><ele>1654.4</ele><time>2024-07-21T18:48:24Z</time></trkpt>
<trkpt lat="41.138974" lon="-121.984013"><ele>1650.6</ele><time>2024-07-21T18:49:10Z</time></trkpt>
<trkpt lat="41.138420" lon="-121.983899"><ele>1643.6</ele><time>2024-07-21T18:49:55Z</time></trkpt>
<trkpt lat="41.138191" lon="-121.983554"><ele>1638.8</ele><time>2024-07-21T18:50:40Z</time></trkpt>
<trkpt lat="41.137987" lon="-121.982982"><ele>1633.4</ele><time>2024-07-21T18:51:28Z</time></trkpt>
<trkpt lat="41.137830" lon="-121.982763"><ele>1630.8</ele><time>2024-07-21T18:51:55Z</time></trkpt>
<trkpt lat="41.137754" lon="-121.982818"><ele>1630.4</ele><time>2024-07-21T18:52:03Z</time></trkpt>
<trkpt lat="41.137815" lon="-121.983040"><ele>1628.8</ele><time>2024-07-21T18:52:13Z</time></trkpt>
<trkpt lat="41.137618" lon="-121.983850"><ele>1621.0</ele><time>2024-07-21T18:53:07Z</time></trkpt>
<trkpt lat="41.137675" lon="-121.984136"><ele>1620.4</ele><time>2024-07-21T18:53:52Z</time></trkpt>
<trkpt lat="41.137622" lon="-121.984130"><ele>1620.4</ele><time>2024-07-21T18:53:53Z</time></trkpt>
<trkpt lat="41.137556" lon="-121.984339"><ele>1618.8</ele><time>2024-07-21T18:54:06Z</time></trkpt>
<trkpt lat="41.137297" lon="-121.984621"><ele>1614.8</ele><time>2024-07-21T18:54:29Z</time></trkpt>
<trkpt lat="41.136996" lon="-121.985106"><ele>1611.2</ele><time>2024-07-21T18:55:11Z</time></trkpt>
<trkpt lat="41.136802" lon="-121.985190"><ele>1610.2</ele><time>2024-07-21T18:55:29Z</time></trkpt>
<trkpt lat="41.136427" lon="-121.985655"><ele>1602.0</ele><time>2024-07-21T18:56:05Z</time></trkpt>
<trkpt lat="41.136089" lon="-121.985715"><ele>1597.6</ele><time>2024-07-21T18:56:52Z</time></trkpt>
<trkpt lat="41.135710" lon="-121.985438"><ele>1592.0</ele><time>2024-07-21T18:57:56Z</time></trkpt>
<trkpt lat="41.135816" lon="-121.985385"><ele>1591.8</ele><time>2024-07-21T18:58:04Z</time></trkpt>
<trkpt lat="41.135749" lon="-121.985354"><ele>1588.8</ele><time>2024-07-21T18:59:56Z</time></trkpt>
<trkpt lat="41.135849" lon="-121.985380"><ele>1589.0</ele><time>2024-07-21T19:00:01Z</time></trkpt>
<trkpt lat="41.135990" lon="-121.985561"><ele>1591.4</ele><time>2024-07-21T19:02:03Z</time></trkpt>
<trkpt lat="41.135702" lon="-121.985477"><ele>1592.4</ele><time>2024-07-21T19:03:55Z</time></trkpt>
<trkpt lat="41.135634" lon="-121.985364"><ele>1592.2</ele><time>2024-07-21T19:03:59Z</time></trkpt>
<trkpt lat="41.135773" lon="-121.985296"><ele>1592.2</ele><time>2024-07-21T19:04:06Z</time></trkpt>
<trkpt lat="41.135929" lon="-121.985383"><ele>1590.4</ele><time>2024-07-21T19:04:48Z</time></trkpt>
<trkpt lat="41.135806" lon="-121.985300"><ele>1589.2</ele><time>2024-07-21T19:04:55Z</time></trkpt>
<trkpt lat="41.135741" lon="-121.985114"><ele>1588.6</ele><time>2024-07-21T19:05:07Z</time></trkpt>
<trkpt lat="41.135452" lon="-121.985034"><ele>1584.8</ele><time>2024-07-21T19:05:57Z</time></trkpt>
<trkpt lat="41.135465" lon="-121.985407"><ele>1583.8</ele><time>2024-07-21T19:06:25Z</time></trkpt>
<trkpt lat="41.135284" lon="-121.985742"><ele>1581.8</ele><time>2024-07-21T19:06:54Z</time></trkpt>
<trkpt lat="41.135239" lon="-121.985672"><ele>1581.6</ele><time>2024-07-21T19:06:57Z</time></trkpt>
<trkpt lat="41.135229" lon="-121.985719"><ele>1581.4</ele><time>2024-07-21T19:07:00Z</time></trkpt>
<trkpt lat="41.135263" lon="-121.986147"><ele>1578.6</ele><time>2024-07-21T19:07:25Z</time></trkpt>
<trkpt lat="41.134928" lon="-121.986263"><ele>1576.4</ele><time>2024-07-21T19:07:57Z</time></trkpt>
<trkpt lat="41.134476" lon="-121.986551"><ele>1571.4</ele><time>2024-07-21T19:08:45Z</time></trkpt>
<trkpt lat="41.134260" lon="-121.986510"><ele>1570.0</ele><time>2024-07-21T19:08:52Z</time></trkpt>
<trkpt lat="41.134424" lon="-121.986577"><ele>1569.8</ele><time>2024-07-21T19:08:54Z</time></trkpt>
<trkpt lat="41.134185" lon="-121.987139"><ele>1564.2</ele><time>2024-07-21T19:09:35Z</time></trkpt>
<trkpt lat="41.133592" lon="-121.987636"><ele>1559.2</ele><time>2024-07-21T19:10:54Z</time></trkpt>
<trkpt lat="41.133519" lon="-121.987596"><ele>1558.8</ele><time>2024-07-21T19:11:01Z</time></trkpt>
<trkpt lat="41.133108" lon="-121.987855"><ele>1552.0</ele><time>2024-07-21T19:11:47Z</time></trkpt>
<trkpt lat="41.132686" lon="-121.987734"><ele>1548.6</ele><time>2024-07-21T19:12:25Z</time></trkpt>
<trkpt lat="41.132336" lon="-121.987399"><ele>1545.4</ele><time>2024-07-21T19:13:03Z</time></trkpt>
<trkpt lat="41.131883" lon="-121.987524"><ele>1540.2</ele><time>2024-07-21T19:13:38Z</time></trkpt>
<trkpt lat="41.131080" lon="-121.987575"><ele>1531.4</ele><time>2024-07-21T19:14:40Z</time></trkpt>
<trkpt lat="41.130879" lon="-121.987682"><ele>1530.2</ele><time>2024-07-21T19:14:57Z</time></trkpt>
<trkpt lat="41.130621" lon="-121.987663"><ele>1528.2</ele><time>2024-07-21T19:15:17Z</time></trkpt>
<trkpt lat="41.130316" lon="-121.987488"><ele>1525.0</ele><time>2024-07-21T19:15:45Z</time></trkpt>
<trkpt lat="41.129648" lon="-121.986815"><ele>1514.4</ele><time>2024-07-21T19:16:49Z</time></trkpt>
<trkpt lat="41.129574" lon="-121.986582"><ele>1513.8</ele><time>2024-07-21T19:16:57Z</time></trkpt>
<trkpt lat="41.129637" lon="-121.986812"><ele>1513.6</ele><time>2024-07-21T19:16:59Z</time></trkpt>
<trkpt lat="41.129351" lon="-121.986679"><ele>1511.0</ele><time>2024-07-21T19:17:14Z</time></trkpt>
<trkpt lat="41.128976" lon="-121.985640"><ele>1505.6</ele><time>2024-07-21T19:18:12Z</time></trkpt>
<trkpt lat="41.128983" lon="-121.985393"><ele>1502.2</ele><time>2024-07-21T19:18:32Z</time></trkpt>
<trkpt lat="41.129112" lon="-121.985188"><ele>1498.0</ele><time>2024-07-21T19:19:02Z</time></trkpt>
<trkpt lat="41.129024" lon="-121.985102"><ele>1498.0</ele><time>2024-07-21T19:19:11Z</time></trkpt>
<trkpt lat="41.128990" lon="-121.984888"><ele>1497.0</ele><time>2024-07-21T19:19:31Z</time></trkpt>
<trkpt lat="41.128644" lon="-121.985081"><ele>1492.0</ele><time>2024-07-21T19:20:05Z</time></trkpt>
<trkpt lat="41.128205" lon="-121.985618"><ele>1486.2</ele><time>2024-07-21T19:21:05Z</time></trkpt>
<trkpt lat="41.126832" lon="-121.986219"><ele>1471.0</ele><time>2024-07-21T19:23:25Z</time></trkpt>
<trkpt lat="41.126812" lon="-121.986283"><ele>1470.8</ele><time>2024-07-21T19:23:31Z</time></trkpt>
<trkpt lat="41.126753" lon="-121.986641"><ele>1468.2</ele><time>2024-07-21T19:24:02Z</time></trkpt>
<trkpt lat="41.127043" lon="-121.986602"><ele>1464.4</ele><time>2024-07-21T19:24:30Z</time></trkpt>
<trkpt lat="41.127259" lon="-121.986783"><ele>1462.0</ele><time>2024-07-21T19:24:52Z</time></trkpt>
<trkpt lat="41.127441" lon="-121.986819"><ele>1460.0</ele><time>2024-07-21T19:25:06Z</time></trkpt>
<trkpt lat="41.127587" lon="-121.986822"><ele>1458.8</ele><time>2024-07-21T19:25:16Z</time></trkpt>
<trkpt lat="41.127834" lon="-121.986679"><ele>1455.6</ele><time>2024-07-21T19:25:34Z</time></trkpt>
<trkpt lat="41.128017" lon="-121.986726"><ele>1454.4</ele><time>2024-07-21T19:25:53Z</time></trkpt>
<trkpt lat="41.127864" lon="-121.986897"><ele>1455.4</ele><time>2024-07-21T19:26:06Z</time></trkpt>
<trkpt lat="41.128204" lon="-121.987481"><ele>1450.2</ele><time>2024-07-21T19:26:52Z</time></trkpt>
<trkpt lat="41.128046" lon="-121.987453"><ele>1449.8</ele><time>2024-07-21T19:27:26Z</time></trkpt>
<trkpt lat="41.127340" lon="-121.987642"><ele>1448.2</ele><time>2024-07-21T19:28:32Z</time></trkpt>
<trkpt lat="41.127219" lon="-121.987939"><ele>1445.8</ele><time>2024-07-21T19:29:12Z</time></trkpt>
<trkpt lat="41.127154" lon="-121.988481"><ele>1442.6</ele><time>2024-07-21T19:29:40Z</time></trkpt>
<trkpt lat="41.126973" lon="-121.988892"><ele>1440.0</ele><time>2024-07-21T19:30:04Z</time></trkpt>
<trkpt lat="41.126962" lon="-121.989176"><ele>1438.8</ele><time>2024-07-21T19:30:27Z</time></trkpt>
<trkpt lat="41.126791" lon="-121.989802"><ele>1431.6</ele><time>2024-07-21T19:31:33Z</time></trkpt>
<trkpt lat="41.126663" lon="-121.989925"><ele>1430.6</ele><time>2024-07-21T19:31:57Z</time></trkpt>
<trkpt lat="41.126832" lon="-121.989579"><ele>1428.6</ele><time>2024-07-21T19:32:07Z</time></trkpt>
<trkpt lat="41.126382" lon="-121.990206"><ele>1428.6</ele><time>2024-07-21T19:32:09Z</time></trkpt>
<trkpt lat="41.126398" lon="-121.990310"><ele>1428.2</ele><time>2024-07-21T19:32:13Z</time></trkpt>
<trkpt lat="41.126264" lon="-121.990369"><ele>1427.2</ele><time>2024-07-21T19:32:21Z</time></trkpt>
<trkpt lat="41.126053" lon="-121.991002"><ele>1425.8</ele><time>2024-07-21T19:32:47Z</time></trkpt>
<trkpt lat="41.126221" lon="-121.991044"><ele>1425.6</ele><time>2024-07-21T19:32:51Z</time></trkpt>
<trkpt lat="41.126204" lon="-121.991189"><ele>1424.0</ele><time>2024-07-21T19:33:05Z</time></trkpt>
<trkpt lat="41.125026" lon="-121.993548"><ele>1407.8</ele><time>2024-07-21T19:36:01Z</time></trkpt>
<trkpt lat="41.124838" lon="-121.994286"><ele>1405.6</ele><time>2024-07-21T19:36:50Z</time></trkpt>
<trkpt lat="41.125188" lon="-121.994168"><ele>1404.6</ele><time>2024-07-21T19:36:53Z</time></trkpt>
<trkpt lat="41.125347" lon="-121.994026"><ele>1404.2</ele><time>2024-07-21T19:36:58Z</time></trkpt>
<trkpt lat="41.125000" lon="-121.994390"><ele>1403.2</ele><time>2024-07-21T19:37:05Z</time></trkpt>
<trkpt lat="41.125100" lon="-121.994292"><ele>1403.0</ele><time>2024-07-21T19:37:08Z</time></trkpt>
<trkpt lat="41.124892" lon="-121.994578"><ele>1400.4</ele><time>2024-07-21T19:37:34Z</time></trkpt>
<trkpt lat="41.124797" lon="-121.994938"><ele>1397.2</ele><time>2024-07-21T19:38:20Z</time></trkpt>
<trkpt lat="41.124539" lon="-121.995152"><ele>1394.6</ele><time>2024-07-21T19:38:54Z</time></trkpt>
<trkpt lat="41.124573" lon="-121.995216"><ele>1394.6</ele><time>2024-07-21T19:38:56Z</time></trkpt>
<trkpt lat="41.124291" lon="-121.996501"><ele>1390.4</ele><time>2024-07-21T19:39:34Z</time></trkpt>
<trkpt lat="41.124292" lon="-121.996801"><ele>1389.4</ele><time>2024-07-21T19:39:48Z</time></trkpt>
<trkpt lat="41.124453" lon="-121.997098"><ele>1385.2</ele><time>2024-07-21T19:40:18Z</time></trkpt>
<trkpt lat="41.124783" lon="-121.997076"><ele>1380.2</ele><time>2024-07-21T19:40:55Z</time></trkpt>
<trkpt lat="41.124697" lon="-121.997025"><ele>1379.4</ele><time>2024-07-21T19:41:03Z</time></trkpt>
<trkpt lat="41.125163" lon="-121.997662"><ele>1377.4</ele><time>2024-07-21T19:41:57Z</time></trkpt>
<trkpt lat="41.125388" lon="-121.998303"><ele>1371.6</ele><time>2024-07-21T19:42:47Z</time></trkpt>
<trkpt lat="41.125675" lon="-121.998604"><ele>1366.8</ele><time>2024-07-21T19:43:10Z</time></trkpt>
<trkpt lat="41.125926" lon="-121.999038"><ele>1364.8</ele><time>2024-07-21T19:43:34Z</time></trkpt>
<trkpt lat="41.126639" lon="-121.999865"><ele>1354.8</ele><time>2024-07-21T19:45:01Z</time></trkpt>
<trkpt lat="41.127147" lon="-122.000348"><ele>1350.0</ele><time>2024-07-21T19:45:50Z</time></trkpt>
<trkpt lat="41.127731" lon="-122.000581"><ele>1344.6</ele><time>2024-07-21T19:46:34Z</time></trkpt>
<trkpt lat="41.127903" lon="-122.000443"><ele>1342.4</ele><time>2024-07-21T19:46:48Z</time></trkpt>
<trkpt lat="41.127944" lon="-122.000507"><ele>1340.8</ele><time>2024-07-21T19:47:03Z</time></trkpt>
<trkpt lat="41.128401" lon="-122.000148"><ele>1341.6</ele><time>2024-07-21T19:47:38Z</time></trkpt>
<trkpt lat="41.129182" lon="-122.000404"><ele>1345.4</ele><time>2024-07-21T19:49:03Z</time></trkpt>
<trkpt lat="41.129391" lon="-122.000736"><ele>1341.8</ele><time>2024-07-21T19:49:28Z</time></trkpt>
<trkpt lat="41.129221" lon="-122.000625"><ele>1345.2</ele><time>2024-07-21T19:50:02Z</time></trkpt>
<trkpt lat="41.129119" lon="-122.000674"><ele>1350.6</ele><time>2024-07-21T19:50:36Z</time></trkpt>
<trkpt lat="41.129143" lon="-122.000774"><ele>1354.0</ele><time>2024-07-21T19:50:54Z</time></trkpt>
<trkpt lat="41.128694" lon="-122.001596"><ele>1352.8</ele><time>2024-07-21T19:51:05Z</time></trkpt>
<trkpt lat="41.128563" lon="-122.001660"><ele>1352.4</ele><time>2024-07-21T19:51:07Z</time></trkpt>
<trkpt lat="41.128687" lon="-122.001467"><ele>1352.2</ele><time>2024-07-21T19:51:08Z</time></trkpt>
<trkpt lat="41.128594" lon="-122.001593"><ele>1351.8</ele><time>2024-07-21T19:51:09Z</time></trkpt>
<trkpt lat="41.128523" lon="-122.001125"><ele>1350.6</ele><time>2024-07-21T19:51:18Z</time></trkpt>
<trkpt lat="41.128410" lon="-122.001033"><ele>1349.8</ele><time>2024-07-21T19:51:24Z</time></trkpt>
<trkpt lat="41.128299" lon="-122.001141"><ele>1348.4</ele><time>2024-07-21T19:51:36Z</time></trkpt>
<trkpt lat="41.128173" lon="-122.001557"><ele>1344.2</ele><time>2024-07-21T19:52:16Z</time></trkpt>
<trkpt lat="41.128015" lon="-122.001810"><ele>1339.4</ele><time>2024-07-21T19:52:42Z</time></trkpt>
<trkpt lat="41.127821" lon="-122.001905"><ele>1336.4</ele><time>2024-07-21T19:53:05Z</time></trkpt>
<trkpt lat="41.127624" lon="-122.002149"><ele>1336.2</ele><time>2024-07-21T19:53:41Z</time></trkpt>
<trkpt lat="41.127243" lon="-122.002049"><ele>1332.0</ele><time>2024-07-21T19:54:09Z</time></trkpt>
<trkpt lat="41.127191" lon="-122.002238"><ele>1330.0</ele><time>2024-07-21T19:54:21Z</time></trkpt>
<trkpt lat="41.127352" lon="-122.002529"><ele>1327.8</ele><time>2024-07-21T19:54:39Z</time></trkpt>
<trkpt lat="41.127379" lon="-122.002795"><ele>1325.6</ele><time>2024-07-21T19:54:52Z</time></trkpt>
<trkpt lat="41.127293" lon="-122.003079"><ele>1325.6</ele><time>2024-07-21T19:54:56Z</time></trkpt>
<trkpt lat="41.127517" lon="-122.002955"><ele>1324.2</ele><time>2024-07-21T19:55:08Z</time></trkpt>
<trkpt lat="41.127303" lon="-122.003747"><ele>1313.6</ele><time>2024-07-21T19:57:10Z</time></trkpt>
<trkpt lat="41.127178" lon="-122.003806"><ele>1312.0</ele><time>2024-07-21T19:57:22Z</time></trkpt>
<trkpt lat="41.126821" lon="-122.003747"><ele>1309.8</ele><time>2024-07-21T19:57:50Z</time></trkpt>
<trkpt lat="41.126425" lon="-122.003907"><ele>1306.0</ele><time>2024-07-21T19:58:24Z</time></trkpt>
<trkpt lat="41.125918" lon="-122.003898"><ele>1304.6</ele><time>2024-07-21T19:58:55Z</time></trkpt>
<trkpt lat="41.125756" lon="-122.004008"><ele>1303.2</ele><time>2024-07-21T19:59:03Z</time></trkpt>
<trkpt lat="41.125386" lon="-122.004068"><ele>1301.2</ele><time>2024-07-21T19:59:26Z</time></trkpt>
<trkpt lat="41.125263" lon="-122.004219"><ele>1299.4</ele><time>2024-07-21T19:59:44Z</time></trkpt>
<trkpt lat="41.125206" lon="-122.004499"><ele>1297.6</ele><time>2024-07-21T20:00:00Z</time></trkpt>
<trkpt lat="41.125036" lon="-122.004528"><ele>1295.4</ele><time>2024-07-21T20:00:20Z</time></trkpt>
<trkpt lat="41.124930" lon="-122.004644"><ele>1294.4</ele><time>2024-07-21T20:00:30Z</time></trkpt>
<trkpt lat="41.124712" lon="-122.004633"><ele>1293.4</ele><time>2024-07-21T20:00:56Z</time></trkpt>
<trkpt lat="41.124495" lon="-122.004907"><ele>1292.4</ele><time>2024-07-21T20:01:05Z</time></trkpt>
<trkpt lat="41.124050" lon="-122.005149"><ele>1291.2</ele><time>2024-07-21T20:01:32Z</time></trkpt>
<trkpt lat="41.123436" lon="-122.005668"><ele>1283.6</ele><time>2024-07-21T20:02:32Z</time></trkpt>
<trkpt lat="41.123317" lon="-122.005871"><ele>1281.0</ele><time>2024-07-21T20:02:52Z</time></trkpt>
<trkpt lat="41.123352" lon="-122.006019"><ele>1279.6</ele><time>2024-07-21T20:03:04Z</time></trkpt>
<trkpt lat="41.123217" lon="-122.006137"><ele>1279.4</ele><time>2024-07-21T20:03:05Z</time></trkpt>
<trkpt lat="41.123255" lon="-122.006265"><ele>1279.0</ele><time>2024-07-21T20:03:08Z</time></trkpt>
<trkpt lat="41.122686" lon="-122.006601"><ele>1273.6</ele><time>2024-07-21T20:04:05Z</time></trkpt>
<trkpt lat="41.122384" lon="-122.006682"><ele>1271.6</ele><time>2024-07-21T20:04:25Z</time></trkpt>
<trkpt lat="41.122258" lon="-122.006803"><ele>1269.4</ele><time>2024-07-21T20:04:37Z</time></trkpt>
<trkpt lat="41.122269" lon="-122.007426"><ele>1264.8</ele><time>2024-07-21T20:05:05Z</time></trkpt>
<trkpt lat="41.122371" lon="-122.007417"><ele>1263.8</ele><time>2024-07-21T20:05:10Z</time></trkpt>
<trkpt lat="41.122746" lon="-122.009314"><ele>1250.8</ele><time>2024-07-21T20:07:12Z</time></trkpt>
<trkpt lat="41.123012" lon="-122.009509"><ele>1246.4</ele><time>2024-07-21T20:08:10Z</time></trkpt>
<trkpt lat="41.122868" lon="-122.009625"><ele>1244.2</ele><time>2024-07-21T20:08:24Z</time></trkpt>
<trkpt lat="41.122544" lon="-122.010354"><ele>1239.0</ele><time>2024-07-21T20:09:05Z</time></trkpt>
<trkpt lat="41.122350" lon="-122.010367"><ele>1237.0</ele><time>2024-07-21T20:09:18Z</time></trkpt>
<trkpt lat="41.121711" lon="-122.010979"><ele>1231.8</ele><time>2024-07-21T20:10:08Z</time></trkpt>
<trkpt lat="41.121432" lon="-122.011157"><ele>1229.8</ele><time>2024-07-21T20:10:38Z</time></trkpt>
<trkpt lat="41.121493" lon="-122.011244"><ele>1228.0</ele><time>2024-07-21T20:11:02Z</time></trkpt>
<trkpt lat="41.120500" lon="-122.011872"><ele>1220.0</ele><time>2024-07-21T20:12:14Z</time></trkpt>
<trkpt lat="41.120344" lon="-122.012162"><ele>1218.8</ele><time>2024-07-21T20:12:30Z</time></trkpt>
<trkpt lat="41.120223" lon="-122.012857"><ele>1216.2</ele><time>2024-07-21T20:13:01Z</time></trkpt>
<trkpt lat="41.120359" lon="-122.012853"><ele>1215.0</ele><time>2024-07-21T20:13:10Z</time></trkpt>
<trkpt lat="41.119598" lon="-122.014716"><ele>1199.8</ele><time>2024-07-21T20:15:55Z</time></trkpt>
<trkpt lat="41.119586" lon="-122.014851"><ele>1198.6</ele><time>2024-07-21T20:16:07Z</time></trkpt>
<trkpt lat="41.119724" lon="-122.015260"><ele>1195.2</ele><time>2024-07-21T20:16:33Z</time></trkpt>
<trkpt lat="41.119462" lon="-122.015897"><ele>1192.2</ele><time>2024-07-21T20:17:08Z</time></trkpt>
<trkpt lat="41.119447" lon="-122.017664"><ele>1182.8</ele><time>2024-07-21T20:19:21Z</time></trkpt>
<trkpt lat="41.119200" lon="-122.017848"><ele>1181.2</ele><time>2024-07-21T20:19:39Z</time></trkpt>
<trkpt lat="41.118955" lon="-122.018239"><ele>1178.8</ele><time>2024-07-21T20:20:03Z</time></trkpt>
<trkpt lat="41.118692" lon="-122.019461"><ele>1175.8</ele><time>2024-07-21T20:21:01Z</time></trkpt>
<trkpt lat="41.118567" lon="-122.019822"><ele>1171.4</ele><time>2024-07-21T20:21:32Z</time></trkpt>
<trkpt lat="41.118592" lon="-122.020082"><ele>1169.0</ele><time>2024-07-21T20:21:46Z</time></trkpt>
<trkpt lat="41.118303" lon="-122.020280"><ele>1166.0</ele><time>2024-07-21T20:22:12Z</time></trkpt>
<trkpt lat="41.117927" lon="-122.020731"><ele>1164.4</ele><time>2024-07-21T20:22:53Z</time></trkpt>
<trkpt lat="41.117980" lon="-122.021255"><ele>1161.2</ele><time>2024-07-21T20:23:22Z</time></trkpt>
<trkpt lat="41.118177" lon="-122.021709"><ele>1158.0</ele><time>2024-07-21T20:23:58Z</time></trkpt>
<trkpt lat="41.118053" lon="-122.022506"><ele>1156.6</ele><time>2024-07-21T20:24:59Z</time></trkpt>
<trkpt lat="41.118245" lon="-122.022916"><ele>1150.6</ele><time>2024-07-21T20:25:18Z</time></trkpt>
<trkpt lat="41.118341" lon="-122.023386"><ele>1149.2</ele><time>2024-07-21T20:25:32Z</time></trkpt>
<trkpt lat="41.118330" lon="-122.023983"><ele>1146.8</ele><time>2024-07-21T20:25:56Z</time></trkpt>
<trkpt lat="41.117959" lon="-122.024128"><ele>1143.2</ele><time>2024-07-21T20:26:54Z</time></trkpt>
<trkpt lat="41.117914" lon="-122.024082"><ele>1142.6</ele><time>2024-07-21T20:27:00Z</time></trkpt>
<trkpt lat="41.117766" lon="-122.024332"><ele>1141.0</ele><time>2024-07-21T20:27:19Z</time></trkpt>
<trkpt lat="41.117461" lon="-122.024412"><ele>1137.6</ele><time>2024-07-21T20:27:47Z</time></trkpt>
<trkpt lat="41.116721" lon="-122.025148"><ele>1129.8</ele><time>2024-07-21T20:28:53Z</time></trkpt>
<trkpt lat="41.116013" lon="-122.026512"><ele>1118.8</ele><time>2024-07-21T20:30:39Z</time></trkpt>
<trkpt lat="41.116146" lon="-122.027124"><ele>1119.0</ele><time>2024-07-21T20:31:09Z</time></trkpt>
<trkpt lat="41.116451" lon="-122.027746"><ele>1122.6</ele><time>2024-07-21T20:32:25Z</time></trkpt>
<trkpt lat="41.116804" lon="-122.027597"><ele>1120.4</ele><time>2024-07-21T20:32:59Z</time></trkpt>
<trkpt lat="41.116903" lon="-122.027353"><ele>1120.0</ele><time>2024-07-21T20:33:01Z</time></trkpt>
<trkpt lat="41.116767" lon="-122.027570"><ele>1119.4</ele><time>2024-07-21T20:33:07Z</time></trkpt>
<trkpt lat="41.116885" lon="-122.027519"><ele>1116.6</ele><time>2024-07-21T20:33:16Z</time></trkpt>
<trkpt lat="41.117106" lon="-122.027260"><ele>1113.2</ele><time>2024-07-21T20:33:34Z</time></trkpt>
<trkpt lat="41.126169" lon="-122.025862"><ele>1029.0</ele><time>2024-07-21T20:54:17Z</time></trkpt>
<trkpt lat="41.127313" lon="-122.027648"><ele>1024.8</ele><time>2024-07-21T20:55:45Z</time></trkpt>
<trkpt lat="41.127912" lon="-122.028337"><ele>1022.4</ele><time>2024-07-21T20:56:02Z</time></trkpt>
<trkpt lat="41.127399" lon="-122.028293"><ele>1021.4</ele><time>2024-07-21T20:56:39Z</time></trkpt>
<trkpt lat="41.127347" lon="-122.028172"><ele>1020.0</ele><time>2024-07-21T20:56:47Z</time></trkpt>
<trkpt lat="41.127148" lon="-122.028062"><ele>1018.8</ele><time>2024-07-21T20:58:01Z</time></trkpt>
<trkpt lat="41.127041" lon="-122.028111"><ele>1019.0</ele><time>2024-07-21T20:58:11Z</time></trkpt>
<trkpt lat="41.126788" lon="-122.028041"><ele>1018.0</ele><time>2024-07-21T20:58:24Z</time></trkpt>
<trkpt lat="41.126278" lon="-122.028552"><ele>1015.6</ele><time>2024-07-21T20:59:06Z</time></trkpt>
<trkpt lat="41.126343" lon="-122.028716"><ele>1015.2</ele><time>2024-07-21T20:59:16Z</time></trkpt>
<trkpt lat="41.126145" lon="-122.029306"><ele>1011.4</ele><time>2024-07-21T21:00:14Z</time></trkpt>
<trkpt lat="41.126003" lon="-122.029330"><ele>1009.6</ele><time>2024-07-21T21:00:43Z</time></trkpt>
<trkpt lat="41.125919" lon="-122.029234"><ele>1009.2</ele><time>2024-07-21T21:00:48Z</time></trkpt>
<trkpt lat="41.125943" lon="-122.029061"><ele>1008.8</ele><time>2024-07-21T21:00:59Z</time></trkpt>
<trkpt lat="41.125823" lon="-122.028953"><ele>1008.8</ele><time>2024-07-21T21:01:08Z</time></trkpt>
<trkpt lat="41.124292" lon="-122.029158"><ele>1000.0</ele><time>2024-07-21T21:03:17Z</time></trkpt>
<trkpt lat="41.124156" lon="-122.029253"><ele>998.8</ele><time>2024-07-21T21:03:27Z</time></trkpt>
<trkpt lat="41.123983" lon="-122.029630"><ele>997.8</ele><time>2024-07-21T21:04:09Z</time></trkpt>
<trkpt lat="41.123324" lon="-122.030561"><ele>992.6</ele><time>2024-07-21T21:05:09Z</time></trkpt>
<trkpt lat="41.123370" lon="-122.030592"><ele>992.4</ele><time>2024-07-21T21:05:11Z</time></trkpt>
<trkpt lat="41.123111" lon="-122.030913"><ele>991.8</ele><time>2024-07-21T21:05:28Z</time></trkpt>
<trkpt lat="41.123062" lon="-122.031066"><ele>991.6</ele><time>2024-07-21T21:05:48Z</time></trkpt>
<trkpt lat="41.123023" lon="-122.031312"><ele>990.4</ele><time>2024-07-21T21:06:10Z</time></trkpt>
<trkpt lat="41.123168" lon="-122.032067"><ele>990.2</ele><time>2024-07-21T21:06:48Z</time></trkpt>
<trkpt lat="41.123036" lon="-122.032408"><ele>989.2</ele><time>2024-07-21T21:07:06Z</time></trkpt>
<trkpt lat="41.123084" lon="-122.032238"><ele>990.2</ele><time>2024-07-21T21:09:05Z</time></trkpt>
<trkpt lat="41.123170" lon="-122.032268"><ele>990.6</ele><time>2024-07-21T21:09:07Z</time></trkpt>
<trkpt lat="41.123023" lon="-122.032104"><ele>991.8</ele><time>2024-07-21T21:09:19Z</time></trkpt>
<trkpt lat="41.123282" lon="-122.032093"><ele>993.0</ele><time>2024-07-21T21:09:51Z</time></trkpt>
<trkpt lat="41.123230" lon="-122.031912"><ele>992.8</ele><time>2024-07-21T21:09:53Z</time></trkpt>
<trkpt lat="41.123197" lon="-122.032091"><ele>993.0</ele><time>2024-07-21T21:10:01Z</time></trkpt>
<trkpt lat="41.123216" lon="-122.032029"><ele>993.2</ele><time>2024-07-21T21:10:05Z</time></trkpt>
<trkpt lat="41.123055" lon="-122.032052"><ele>993.2</ele><time>2024-07-21T21:10:10Z</time></trkpt>
<trkpt lat="41.123312" lon="-122.032169"><ele>992.4</ele><time>2024-07-21T21:12:38Z</time></trkpt>
<trkpt lat="41.123430" lon="-122.032306"><ele>992.6</ele><time>2024-07-21T21:12:54Z</time></trkpt>
<trkpt lat="41.123394" lon="-122.032134"><ele>992.8</ele><time>2024-07-21T21:12:56Z</time></trkpt>
<trkpt lat="41.123083" lon="-122.032069"><ele>993.2</ele><time>2024-07-21T21:13:00Z</time></trkpt>
<trkpt lat="41.123143" lon="-122.032074"><ele>993.2</ele><time>2024-07-21T21:13:01Z</time></trkpt>
<trkpt lat="41.123125" lon="-122.032184"><ele>993.4</ele><time>2024-07-21T21:13:03Z</time></trkpt>
<trkpt lat="41.123179" lon="-122.032121"><ele>993.4</ele><time>2024-07-21T21:13:05Z</time></trkpt>
<trkpt lat="41.123337" lon="-122.032388"><ele>993.2</ele><time>2024-07-21T21:15:15Z</time></trkpt>
<trkpt lat="41.123323" lon="-122.032284"><ele>994.0</ele><time>2024-07-21T21:15:25Z</time></trkpt>
<trkpt lat="41.123132" lon="-122.032093"><ele>994.4</ele><time>2024-07-21T21:15:38Z</time></trkpt>
<trkpt lat="41.123250" lon="-122.032244"><ele>994.6</ele><time>2024-07-21T21:15:40Z</time></trkpt>
<trkpt lat="41.123317" lon="-122.032125"><ele>994.4</ele><time>2024-07-21T21:17:34Z</time></trkpt>
<trkpt lat="41.123249" lon="-122.032152"><ele>994.4</ele><time>2024-07-21T21:17:39Z</time></trkpt>
<trkpt lat="41.123231" lon="-122.032023"><ele>996.0</ele><time>2024-07-21T21:18:01Z</time></trkpt>
<trkpt lat="41.123198" lon="-122.032048"><ele>996.4</ele><time>2024-07-21T21:18:11Z</time></trkpt>
<trkpt lat="41.123552" lon="-122.032091"><ele>995.6</ele><time>2024-07-21T21:20:05Z</time></trkpt>
<trkpt lat="41.123318" lon="-122.032055"><ele>995.8</ele><time>2024-07-21T21:20:07Z</time></trkpt>
<trkpt lat="41.123191" lon="-122.032172"><ele>996.6</ele><time>2024-07-21T21:20:18Z</time></trkpt>
<trkpt lat="41.123128" lon="-122.031715"><ele>997.0</ele><time>2024-07-21T21:20:51Z</time></trkpt>
<trkpt lat="41.123259" lon="-122.032410"><ele>998.2</ele><time>2024-07-21T21:21:09Z</time></trkpt>
<trkpt lat="41.123217" lon="-122.032482"><ele>998.2</ele><time>2024-07-21T21:21:10Z</time></trkpt>
<trkpt lat="41.123180" lon="-122.032388"><ele>998.6</ele><time>2024-07-21T21:21:20Z</time></trkpt>
<trkpt lat="41.123135" lon="-122.032647"><ele>998.8</ele><time>2024-07-21T21:21:56Z</time></trkpt>
<trkpt lat="41.123257" lon="-122.032536"><ele>999.8</ele><time>2024-07-21T21:22:11Z</time></trkpt>
<trkpt lat="41.123243" lon="-122.032429"><ele>1000.4</ele><time>2024-07-21T21:22:28Z</time></trkpt>
<trkpt lat="41.123401" lon="-122.032346"><ele>1000.8</ele><time>2024-07-21T21:22:37Z</time></trkpt>
<trkpt lat="41.123336" lon="-122.032229"><ele>1001.6</ele><time>2024-07-21T21:26:50Z</time></trkpt>
<trkpt lat="41.123354" lon="-122.032300"><ele>1001.8</ele><time>2024-07-21T21:26:52Z</time></trkpt>
<trkpt lat="41.123255" lon="-122.032344"><ele>1002.0</ele><time>2024-07-21T21:26:59Z</time></trkpt>
<trkpt lat="41.123347" lon="-122.032209"><ele>1002.2</ele><time>2024-07-21T21:27:10Z</time></trkpt>
<trkpt lat="41.123456" lon="-122.032426"><ele>1003.4</ele><time>2024-07-21T21:30:54Z</time></trkpt>
<trkpt lat="41.123264" lon="-122.032373"><ele>1003.4</ele><time>2024-07-21T21:30:58Z</time></trkpt>
<trkpt lat="41.123189" lon="-122.032098"><ele>1003.8</ele><time>2024-07-21T21:31:17Z</time></trkpt>
<trkpt lat="41.123164" lon="-122.032157"><ele>1003.8</ele><time>2024-07-21T21:31:21Z</time></trkpt>
<trkpt lat="41.123272" lon="-122.032439"><ele>1004.4</ele><time>2024-07-21T21:32:05Z</time></trkpt>
<trkpt lat="41.123386" lon="-122.032312"><ele>1005.8</ele><time>2024-07-21T21:32:41Z</time></trkpt>
<trkpt lat="41.123260" lon="-122.032390"><ele>1008.0</ele><time>2024-07-21T21:34:35Z</time></trkpt>
<trkpt lat="41.123267" lon="-122.032263"><ele>1008.0</ele><time>2024-07-21T21:34:38Z</time></trkpt>
<trkpt lat="41.123290" lon="-122.032322"><ele>1007.0</ele><time>2024-07-21T21:34:43Z</time></trkpt>
<trkpt lat="41.123358" lon="-122.032233"><ele>1008.2</ele><time>2024-07-21T21:35:56Z</time></trkpt>
<trkpt lat="41.123525" lon="-122.032193"><ele>1007.4</ele><time>2024-07-21T21:36:44Z</time></trkpt>
<trkpt lat="41.123314" lon="-122.032146"><ele>1008.0</ele><time>2024-07-21T21:36:48Z</time></trkpt>
<trkpt lat="41.123423" lon="-122.032357"><ele>1008.6</ele><time>2024-07-21T21:37:02Z</time></trkpt>
<trkpt lat="41.123400" lon="-122.032299"><ele>1008.6</ele><time>2024-07-21T21:37:04Z</time></trkpt>
<trkpt lat="41.122973" lon="-122.032265"><ele>1005.8</ele><time>2024-07-21T21:39:16Z</time></trkpt>
<trkpt lat="41.122692" lon="-122.031918"><ele>1004.0</ele><time>2024-07-21T21:39:40Z</time></trkpt>
<trkpt lat="41.122416" lon="-122.031382"><ele>1000.6</ele><time>2024-07-21T21:40:14Z</time></trkpt>
<trkpt lat="41.121809" lon="-122.031090"><ele>999.6</ele><time>2024-07-21T21:40:50Z</time></trkpt>
<trkpt lat="41.121385" lon="-122.030633"><ele>997.8</ele><time>2024-07-21T21:41:06Z</time></trkpt>
<trkpt lat="41.119762" lon="-122.031476"><ele>985.2</ele><time>2024-07-21T21:43:41Z</time></trkpt>
<trkpt lat="41.119327" lon="-122.031344"><ele>984.2</ele><time>2024-07-21T21:44:00Z</time></trkpt>
<trkpt lat="41.119351" lon="-122.031553"><ele>983.6</ele><time>2024-07-21T21:44:07Z</time></trkpt>
<trkpt lat="41.118905" lon="-122.032398"><ele>978.2</ele><time>2024-07-21T21:45:07Z</time></trkpt>
<trkpt lat="41.118889" lon="-122.032611"><ele>977.0</ele><time>2024-07-21T21:45:21Z</time></trkpt>
<trkpt lat="41.119077" lon="-122.032937"><ele>975.2</ele><time>2024-07-21T21:45:47Z</time></trkpt>
<trkpt lat="41.118920" lon="-122.033082"><ele>974.2</ele><time>2024-07-21T21:46:13Z</time></trkpt>
<trkpt lat="41.118915" lon="-122.033276"><ele>973.4</ele><time>2024-07-21T21:46:33Z</time></trkpt>
<trkpt lat="41.118673" lon="-122.033296"><ele>972.2</ele><time>2024-07-21T21:46:59Z</time></trkpt>
<trkpt lat="41.118566" lon="-122.033230"><ele>971.4</ele><time>2024-07-21T21:47:12Z</time></trkpt>
<trkpt lat="41.117925" lon="-122.033958"><ele>973.8</ele><time>2024-07-21T21:48:31Z</time></trkpt>
<trkpt lat="41.117742" lon="-122.034407"><ele>976.2</ele><time>2024-07-21T21:48:58Z</time></trkpt>
<trkpt lat="41.117709" lon="-122.034290"><ele>976.2</ele><time>2024-07-21T21:49:01Z</time></trkpt>
<trkpt lat="41.117700" lon="-122.034468"><ele>976.6</ele><time>2024-07-21T21:49:12Z</time></trkpt>
<trkpt lat="41.117613" lon="-122.034632"><ele>976.6</ele><time>2024-07-21T21:49:15Z</time></trkpt>
<trkpt lat="41.117345" lon="-122.034700"><ele>974.2</ele><time>2024-07-21T21:49:33Z</time></trkpt>
<trkpt lat="41.117182" lon="-122.034879"><ele>973.2</ele><time>2024-07-21T21:50:21Z</time></trkpt>
<trkpt lat="41.116902" lon="-122.035351"><ele>974.0</ele><time>2024-07-21T21:50:53Z</time></trkpt>
<trkpt lat="41.116997" lon="-122.035602"><ele>974.4</ele><time>2024-07-21T21:51:09Z</time></trkpt>
<trkpt lat="41.116960" lon="-122.036302"><ele>973.8</ele><time>2024-07-21T21:51:59Z</time></trkpt>
<trkpt lat="41.116526" lon="-122.036256"><ele>969.8</ele><time>2024-07-21T21:52:39Z</time></trkpt>
<trkpt lat="41.116453" lon="-122.036110"><ele>968.4</ele><time>2024-07-21T21:52:58Z</time></trkpt>
<trkpt lat="41.116513" lon="-122.036199"><ele>968.2</ele><time>2024-07-21T21:53:00Z</time></trkpt>
<trkpt lat="41.116041" lon="-122.036786"><ele>967.6</ele><time>2024-07-21T21:54:05Z</time></trkpt>
<trkpt lat="41.115990" lon="-122.037395"><ele>965.4</ele><time>2024-07-21T21:54:43Z</time></trkpt>
<trkpt lat="41.115619" lon="-122.037685"><ele>964.4</ele><time>2024-07-21T21:55:23Z</time></trkpt>
<trkpt lat="41.115185" lon="-122.038338"><ele>967.6</ele><time>2024-07-21T21:56:19Z</time></trkpt>
<trkpt lat="41.114815" lon="-122.038765"><ele>971.8</ele><time>2024-07-21T21:57:13Z</time></trkpt>
<trkpt lat="41.115322" lon="-122.039457"><ele>970.2</ele><time>2024-07-21T21:58:59Z</time></trkpt>
<trkpt lat="41.115368" lon="-122.039562"><ele>968.8</ele><time>2024-07-21T21:59:10Z</time></trkpt>
<trkpt lat="41.115302" lon="-122.039859"><ele>967.6</ele><time>2024-07-21T21:59:29Z</time></trkpt>
<trkpt lat="41.115113" lon="-122.039889"><ele>965.0</ele><time>2024-07-21T22:00:17Z</time></trkpt>
<trkpt lat="41.114918" lon="-122.039617"><ele>962.0</ele><time>2024-07-21T22:00:57Z</time></trkpt>
<trkpt lat="41.114645" lon="-122.039775"><ele>959.0</ele><time>2024-07-21T22:01:19Z</time></trkpt>
<trkpt lat="41.114135" lon="-122.040398"><ele>952.2</ele><time>2024-07-21T22:03:03Z</time></trkpt>
<trkpt lat="41.113824" lon="-122.041044"><ele>950.0</ele><time>2024-07-21T22:03:38Z</time></trkpt>
<trkpt lat="41.113540" lon="-122.042132"><ele>945.6</ele><time>2024-07-21T22:04:56Z</time></trkpt>
<trkpt lat="41.113607" lon="-122.042357"><ele>942.2</ele><time>2024-07-21T22:05:11Z</time></trkpt>
<trkpt lat="41.113420" lon="-122.043116"><ele>940.0</ele><time>2024-07-21T22:06:05Z</time></trkpt>
<trkpt lat="41.113944" lon="-122.043567"><ele>937.6</ele><time>2024-07-21T22:07:02Z</time></trkpt>
<trkpt lat="41.113878" lon="-122.043585"><ele>936.0</ele><time>2024-07-21T22:07:08Z</time></trkpt>
<trkpt lat="41.113979" lon="-122.044063"><ele>934.6</ele><time>2024-07-21T22:07:57Z</time></trkpt>
<trkpt lat="41.113967" lon="-122.044399"><ele>932.8</ele><time>2024-07-21T22:08:25Z</time></trkpt>
<trkpt lat="41.114280" lon="-122.044803"><ele>930.8</ele><time>2024-07-21T22:08:56Z</time></trkpt>
<trkpt lat="41.114364" lon="-122.044815"><ele>928.8</ele><time>2024-07-21T22:09:11Z</time></trkpt>
<trkpt lat="41.114586" lon="-122.045373"><ele>928.0</ele><time>2024-07-21T22:10:26Z</time></trkpt>
<trkpt lat="41.114137" lon="-122.045503"><ele>927.2</ele><time>2024-07-21T22:11:12Z</time></trkpt>
<trkpt lat="41.114084" lon="-122.045688"><ele>926.2</ele><time>2024-07-21T22:11:20Z</time></trkpt>
<trkpt lat="41.114123" lon="-122.045857"><ele>924.4</ele><time>2024-07-21T22:11:50Z</time></trkpt>
<trkpt lat="41.113794" lon="-122.045977"><ele>924.2</ele><time>2024-07-21T22:11:57Z</time></trkpt>
<trkpt lat="41.113261" lon="-122.046450"><ele>920.0</ele><time>2024-07-21T22:12:37Z</time></trkpt>
<trkpt lat="41.113032" lon="-122.046755"><ele>918.8</ele><time>2024-07-21T22:13:01Z</time></trkpt>
<trkpt lat="41.112537" lon="-122.047058"><ele>917.2</ele><time>2024-07-21T22:14:01Z</time></trkpt>
<trkpt lat="41.112495" lon="-122.047264"><ele>915.8</ele><time>2024-07-21T22:14:09Z</time></trkpt>
<trkpt lat="41.112092" lon="-122.047813"><ele>914.8</ele><time>2024-07-21T22:14:43Z</time></trkpt>
<trkpt lat="41.111347" lon="-122.048408"><ele>911.6</ele><time>2024-07-21T22:16:22Z</time></trkpt>
<trkpt lat="41.111672" lon="-122.049319"><ele>903.6</ele><time>2024-07-21T22:17:44Z</time></trkpt>
<trkpt lat="41.111795" lon="-122.049544"><ele>901.8</ele><time>2024-07-21T22:17:59Z</time></trkpt>
<trkpt lat="41.111835" lon="-122.049526"><ele>901.4</ele><time>2024-07-21T22:18:00Z</time></trkpt>
<trkpt lat="41.111814" lon="-122.049605"><ele>899.8</ele><time>2024-07-21T22:18:08Z</time></trkpt>
<trkpt lat="41.112182" lon="-122.050270"><ele>897.0</ele><time>2024-07-21T22:19:21Z</time></trkpt>
<trkpt lat="41.112693" lon="-122.050983"><ele>899.8</ele><time>2024-07-21T22:20:25Z</time></trkpt>
<trkpt lat="41.112891" lon="-122.050953"><ele>894.6</ele><time>2024-07-21T22:21:01Z</time></trkpt>
<trkpt lat="41.112946" lon="-122.051009"><ele>893.6</ele><time>2024-07-21T22:21:07Z</time></trkpt>
<trkpt lat="41.113045" lon="-122.051535"><ele>884.4</ele><time>2024-07-21T22:21:57Z</time></trkpt>
<trkpt lat="41.113005" lon="-122.051674"><ele>883.4</ele><time>2024-07-21T22:22:04Z</time></trkpt>
<trkpt lat="41.113107" lon="-122.052046"><ele>872.4</ele><time>2024-07-21T22:22:54Z</time></trkpt>
<trkpt lat="41.112878" lon="-122.051569"><ele>867.0</ele><time>2024-07-21T22:23:54Z</time></trkpt>
<trkpt lat="41.112800" lon="-122.051645"><ele>866.0</ele><time>2024-07-21T22:24:01Z</time></trkpt>
<trkpt lat="41.113299" lon="-122.052385"><ele>858.2</ele><time>2024-07-21T22:25:11Z</time></trkpt>
<trkpt lat="41.113659" lon="-122.052437"><ele>852.8</ele><time>2024-07-21T22:25:45Z</time></trkpt>
<trkpt lat="41.114743" lon="-122.053142"><ele>844.6</ele><time>2024-07-21T22:27:55Z</time></trkpt>
<trkpt lat="41.114941" lon="-122.053113"><ele>841.8</ele><time>2024-07-21T22:28:13Z</time></trkpt>
<trkpt lat="41.115079" lon="-122.053224"><ele>841.8</ele><time>2024-07-21T22:30:10Z</time></trkpt>
<trkpt lat="41.115027" lon="-122.053215"><ele>842.0</ele><time>2024-07-21T22:30:12Z</time></trkpt>
<trkpt lat="41.115105" lon="-122.053664"><ele>843.2</ele><time>2024-07-21T22:31:46Z</time></trkpt>
<trkpt lat="41.115175" lon="-122.053812"><ele>843.0</ele><time>2024-07-21T22:31:54Z</time></trkpt>
<trkpt lat="41.115257" lon="-122.053821"><ele>842.4</ele><time>2024-07-21T22:31:57Z</time></trkpt>
<trkpt lat="41.115293" lon="-122.054028"><ele>840.2</ele><time>2024-07-21T22:32:10Z</time></trkpt>
<trkpt lat="41.115416" lon="-122.054216"><ele>840.8</ele><time>2024-07-21T22:32:26Z</time></trkpt>
<trkpt lat="41.115789" lon="-122.054643"><ele>839.8</ele><time>2024-07-21T22:33:26Z</time></trkpt>
<trkpt lat="41.116114" lon="-122.054755"><ele>839.0</ele><time>2024-07-21T22:33:59Z</time></trkpt>
<trkpt lat="41.116146" lon="-122.054657"><ele>837.6</ele><time>2024-07-21T22:34:04Z</time></trkpt>
<trkpt lat="41.116233" lon="-122.054671"><ele>835.4</ele><time>2024-07-21T22:34:13Z</time></trkpt>
<trkpt lat="41.116533" lon="-122.055193"><ele>831.0</ele><time>2024-07-21T22:34:56Z</time></trkpt>
<trkpt lat="41.116644" lon="-122.055699"><ele>829.4</ele><time>2024-07-21T22:36:02Z</time></trkpt>
<trkpt lat="41.116610" lon="-122.055720"><ele>829.0</ele><time>2024-07-21T22:36:07Z</time></trkpt>
<trkpt lat="41.116777" lon="-122.056292"><ele>824.6</ele><time>2024-07-21T22:36:42Z</time></trkpt>
<trkpt lat="41.116936" lon="-122.056528"><ele>820.4</ele><time>2024-07-21T22:37:06Z</time></trkpt>
<trkpt lat="41.117177" lon="-122.056758"><ele>818.4</ele><time>2024-07-21T22:37:28Z</time></trkpt>
<trkpt lat="41.117416" lon="-122.056832"><ele>816.2</ele><time>2024-07-21T22:38:00Z</time></trkpt>
<trkpt lat="41.117848" lon="-122.056612"><ele>809.2</ele><time>2024-07-21T22:38:58Z</time></trkpt>
<trkpt lat="41.117617" lon="-122.056918"><ele>806.0</ele><time>2024-07-21T22:39:26Z</time></trkpt>
<trkpt lat="41.116820" lon="-122.057194"><ele>797.8</ele><time>2024-07-21T22:40:51Z</time></trkpt>
<trkpt lat="41.116846" lon="-122.057088"><ele>797.2</ele><time>2024-07-21T22:40:55Z</time></trkpt>
<trkpt lat="41.116749" lon="-122.056991"><ele>795.0</ele><time>2024-07-21T22:41:05Z</time></trkpt>
<trkpt lat="41.116700" lon="-122.056701"><ele>793.6</ele><time>2024-07-21T22:41:36Z</time></trkpt>
<trkpt lat="41.116801" lon="-122.057185"><ele>789.2</ele><time>2024-07-21T22:42:06Z</time></trkpt>
<trkpt lat="41.116977" lon="-122.057437"><ele>787.0</ele><time>2024-07-21T22:42:28Z</time></trkpt>
<trkpt lat="41.117319" lon="-122.057651"><ele>782.6</ele><time>2024-07-21T22:43:02Z</time></trkpt>
<trkpt lat="41.117353" lon="-122.057769"><ele>781.8</ele><time>2024-07-21T22:43:05Z</time></trkpt>
<trkpt lat="41.117338" lon="-122.057619"><ele>781.6</ele><time>2024-07-21T22:43:08Z</time></trkpt>
<trkpt lat="41.117415" lon="-122.057596"><ele>780.6</ele><time>2024-07-21T22:43:14Z</time></trkpt>
<trkpt lat="41.117645" lon="-122.057831"><ele>778.4</ele><time>2024-07-21T22:43:41Z</time></trkpt>
<trkpt lat="41.117617" lon="-122.057885"><ele>776.2</ele><time>2024-07-21T22:44:09Z</time></trkpt>
<trkpt lat="41.117444" lon="-122.057771"><ele>772.8</ele><time>2024-07-21T22:44:31Z</time></trkpt>
<trkpt lat="41.117344" lon="-122.057551"><ele>769.6</ele><time>2024-07-21T22:44:56Z</time></trkpt>
<trkpt lat="41.117259" lon="-122.057677"><ele>770.0</ele><time>2024-07-21T22:45:12Z</time></trkpt>
<trkpt lat="41.117221" lon="-122.057651"><ele>770.2</ele><time>2024-07-21T22:45:16Z</time></trkpt>
<trkpt lat="41.117307" lon="-122.057781"><ele>770.4</ele><time>2024-07-21T22:45:23Z</time></trkpt>
<trkpt lat="41.117073" lon="-122.057918"><ele>770.2</ele><time>2024-07-21T22:45:25Z</time></trkpt>
<trkpt lat="41.117219" lon="-122.057773"><ele>770.2</ele><time>2024-07-21T22:45:40Z</time></trkpt>
<trkpt lat="41.117073" lon="-122.057918"><ele>769.8</ele><time>2024-07-21T22:45:50Z</time></trkpt>
<trkpt lat="41.117136" lon="-122.057758"><ele>770.0</ele><time>2024-07-21T22:45:58Z</time></trkpt>
<trkpt lat="41.116997" lon="-122.057834"><ele>768.6</ele><time>2024-07-21T22:46:18Z</time></trkpt>
<trkpt lat="41.117336" lon="-122.058201"><ele>765.4</ele><time>2024-07-21T22:47:34Z</time></trkpt>
<trkpt lat="41.117231" lon="-122.058368"><ele>764.2</ele><time>2024-07-21T22:47:57Z</time></trkpt>
<trkpt lat="41.117150" lon="-122.058278"><ele>763.8</ele><time>2024-07-21T22:48:04Z</time></trkpt>
<trkpt lat="41.117073" lon="-122.058318"><ele>762.2</ele><time>2024-07-21T22:48:11Z</time></trkpt>
<trkpt lat="41.117146" lon="-122.058627"><ele>760.0</ele><time>2024-07-21T22:48:34Z</time></trkpt>
<trkpt lat="41.117232" lon="-122.058677"><ele>758.4</ele><time>2024-07-21T22:48:42Z</time></trkpt>
<trkpt lat="41.117280" lon="-122.059692"><ele>756.2</ele><time>2024-07-21T22:49:56Z</time></trkpt>
<trkpt lat="41.117352" lon="-122.059920"><ele>755.2</ele><time>2024-07-21T22:50:09Z</time></trkpt>
<trkpt lat="41.117299" lon="-122.060369"><ele>753.2</ele><time>2024-07-21T22:50:54Z</time></trkpt>
<trkpt lat="41.117433" lon="-122.060956"><ele>746.6</ele><time>2024-07-21T22:51:40Z</time></trkpt>
<trkpt lat="41.117443" lon="-122.061121"><ele>746.4</ele><time>2024-07-21T22:51:59Z</time></trkpt>
<trkpt lat="41.117393" lon="-122.061179"><ele>746.4</ele><time>2024-07-21T22:52:03Z</time></trkpt>
<trkpt lat="41.117464" lon="-122.061403"><ele>746.4</ele><time>2024-07-21T22:52:11Z</time></trkpt>
<trkpt lat="41.117483" lon="-122.062124"><ele>742.6</ele><time>2024-07-21T22:53:01Z</time></trkpt>
<trkpt lat="41.117371" lon="-122.062434"><ele>743.2</ele><time>2024-07-21T22:53:53Z</time></trkpt>
<trkpt lat="41.117522" lon="-122.062315"><ele>743.4</ele><time>2024-07-21T22:53:55Z</time></trkpt>
<trkpt lat="41.117387" lon="-122.062257"><ele>742.2</ele><time>2024-07-21T22:54:19Z</time></trkpt>
<trkpt lat="41.117472" lon="-122.062199"><ele>742.2</ele><time>2024-07-21T22:54:23Z</time></trkpt>
<trkpt lat="41.117284" lon="-122.062251"><ele>743.0</ele><time>2024-07-21T22:55:12Z</time></trkpt>
<trkpt lat="41.117389" lon="-122.061613"><ele>745.6</ele><time>2024-07-21T22:56:59Z</time></trkpt>
<trkpt lat="41.117030" lon="-122.061799"><ele>745.8</ele><time>2024-07-21T22:57:01Z</time></trkpt>
<trkpt lat="41.117018" lon="-122.061879"><ele>745.8</ele><time>2024-07-21T22:57:02Z</time></trkpt>
<trkpt lat="41.116232" lon="-122.061521"><ele>751.2</ele><time>2024-07-21T22:58:26Z</time></trkpt>
<trkpt lat="41.115829" lon="-122.061580"><ele>753.4</ele><time>2024-07-21T22:59:02Z</time></trkpt>
<trkpt lat="41.114832" lon="-122.062694"><ele>755.4</ele><time>2024-07-21T23:01:13Z</time></trkpt>
<trkpt lat="41.113910" lon="-122.063134"><ele>760.4</ele><time>2024-07-21T23:02:55Z</time></trkpt>
<trkpt lat="41.114017" lon="-122.063182"><ele>760.6</ele><time>2024-07-21T23:02:58Z</time></trkpt>
<trkpt lat="41.113656" lon="-122.063386"><ele>762.2</ele><time>2024-07-21T23:03:13Z</time></trkpt>
<trkpt lat="41.113509" lon="-122.063943"><ele>760.8</ele><time>2024-07-21T23:04:06Z</time></trkpt>
<trkpt lat="41.113496" lon="-122.064695"><ele>755.6</ele><time>2024-07-21T23:04:55Z</time></trkpt>
<trkpt lat="41.113651" lon="-122.064731"><ele>755.0</ele><time>2024-07-21T23:04:58Z</time></trkpt>
<trkpt lat="41.113655" lon="-122.064950"><ele>752.8</ele><time>2024-07-21T23:05:12Z</time></trkpt>
<trkpt lat="41.114361" lon="-122.065651"><ele>748.4</ele><time>2024-07-21T23:06:34Z</time></trkpt>
<trkpt lat="41.114677" lon="-122.066085"><ele>750.0</ele><time>2024-07-21T23:06:58Z</time></trkpt>
<trkpt lat="41.114566" lon="-122.066172"><ele>749.6</ele><time>2024-07-21T23:07:04Z</time></trkpt>
<trkpt lat="41.114606" lon="-122.066342"><ele>749.6</ele><time>2024-07-21T23:07:13Z</time></trkpt>
<trkpt lat="41.115125" lon="-122.067564"><ele>751.2</ele><time>2024-07-21T23:08:57Z</time></trkpt>
<trkpt lat="41.115065" lon="-122.068468"><ele>751.8</ele><time>2024-07-21T23:11:11Z</time></trkpt>
<trkpt lat="41.114952" lon="-122.068602"><ele>751.6</ele><time>2024-07-21T23:11:13Z</time></trkpt>
<trkpt lat="41.115208" lon="-122.068808"><ele>750.6</ele><time>2024-07-21T23:11:51Z</time></trkpt>
<trkpt lat="41.115136" lon="-122.068865"><ele>750.2</ele><time>2024-07-21T23:11:59Z</time></trkpt>
<trkpt lat="41.115146" lon="-122.068962"><ele>749.2</ele><time>2024-07-21T23:12:05Z</time></trkpt>
<trkpt lat="41.115347" lon="-122.070149"><ele>744.6</ele><time>2024-07-21T23:13:35Z</time></trkpt>
<trkpt lat="41.115159" lon="-122.070660"><ele>743.0</ele><time>2024-07-21T23:13:57Z</time></trkpt>
<trkpt lat="41.115241" lon="-122.070587"><ele>742.8</ele><time>2024-07-21T23:13:58Z</time></trkpt>
<trkpt lat="41.114509" lon="-122.071776"><ele>736.8</ele><time>2024-07-21T23:15:38Z</time></trkpt>
<trkpt lat="41.114650" lon="-122.072070"><ele>734.6</ele><time>2024-07-21T23:15:57Z</time></trkpt>
<trkpt lat="41.114613" lon="-122.072096"><ele>734.4</ele><time>2024-07-21T23:15:58Z</time></trkpt>
<trkpt lat="41.114691" lon="-122.072096"><ele>734.2</ele><time>2024-07-21T23:16:00Z</time></trkpt>
<trkpt lat="41.114738" lon="-122.072240"><ele>733.4</ele><time>2024-07-21T23:16:14Z</time></trkpt>
<trkpt lat="41.114114" lon="-122.073123"><ele>737.4</ele><time>2024-07-21T23:17:55Z</time></trkpt>
<trkpt lat="41.114256" lon="-122.073630"><ele>736.6</ele><time>2024-07-21T23:18:23Z</time></trkpt>
<trkpt lat="41.114265" lon="-122.074229"><ele>735.6</ele><time>2024-07-21T23:18:57Z</time></trkpt>
<trkpt lat="41.114554" lon="-122.074920"><ele>736.4</ele><time>2024-07-21T23:20:01Z</time></trkpt>
<trkpt lat="41.114481" lon="-122.075049"><ele>736.4</ele><time>2024-07-21T23:20:06Z</time></trkpt>
<trkpt lat="41.114626" lon="-122.075357"><ele>736.0</ele><time>2024-07-21T23:20:33Z</time></trkpt>
<trkpt lat="41.114548" lon="-122.075509"><ele>736.2</ele><time>2024-07-21T23:20:43Z</time></trkpt>
<trkpt lat="41.114558" lon="-122.076037"><ele>737.6</ele><time>2024-07-21T23:21:23Z</time></trkpt>
<trkpt lat="41.114138" lon="-122.076736"><ele>738.6</ele><time>2024-07-21T23:22:19Z</time></trkpt>
<trkpt lat="41.113923" lon="-122.077546"><ele>735.4</ele><time>2024-07-21T23:23:31Z</time></trkpt>
<trkpt lat="41.114119" lon="-122.077716"><ele>734.4</ele><time>2024-07-21T23:24:08Z</time></trkpt>
<trkpt lat="41.114413" lon="-122.079226"><ele>740.6</ele><time>2024-07-21T23:26:11Z</time></trkpt>
<trkpt lat="41.114233" lon="-122.079438"><ele>741.4</ele><time>2024-07-21T23:26:22Z</time></trkpt>
<trkpt lat="41.114207" lon="-122.080673"><ele>746.4</ele><time>2024-07-21T23:28:01Z</time></trkpt>
<trkpt lat="41.114333" lon="-122.080932"><ele>745.0</ele><time>2024-07-21T23:28:29Z</time></trkpt>
<trkpt lat="41.114301" lon="-122.081170"><ele>744.4</ele><time>2024-07-21T23:28:45Z</time></trkpt>
<trkpt lat="41.114447" lon="-122.081635"><ele>744.0</ele><time>2024-07-21T23:29:12Z</time></trkpt>
<trkpt lat="41.114536" lon="-122.082701"><ele>749.0</ele><time>2024-07-21T23:30:56Z</time></trkpt>
<trkpt lat="41.114723" lon="-122.082730"><ele>748.2</ele><time>2024-07-21T23:31:05Z</time></trkpt>
<trkpt lat="41.115212" lon="-122.083957"><ele>743.4</ele><time>2024-07-21T23:32:43Z</time></trkpt>
<trkpt lat="41.115205" lon="-122.084289"><ele>741.4</ele><time>2024-07-21T23:33:07Z</time></trkpt>
<trkpt lat="41.115137" lon="-122.084339"><ele>741.6</ele><time>2024-07-21T23:33:14Z</time></trkpt>
<trkpt lat="41.115351" lon="-122.084776"><ele>738.8</ele><time>2024-07-21T23:34:01Z</time></trkpt>
<trkpt lat="41.115205" lon="-122.084956"><ele>736.6</ele><time>2024-07-21T23:34:19Z</time></trkpt>
<trkpt lat="41.114927" lon="-122.085601"><ele>730.0</ele><time>2024-07-21T23:35:04Z</time></trkpt>
<trkpt lat="41.115003" lon="-122.085604"><ele>729.8</ele><time>2024-07-21T23:35:23Z</time></trkpt>
<trkpt lat="41.115025" lon="-122.085948"><ele>727.0</ele><time>2024-07-21T23:35:47Z</time></trkpt>
<trkpt lat="41.114805" lon="-122.086893"><ele>719.8</ele><time>2024-07-21T23:36:53Z</time></trkpt>
<trkpt lat="41.114353" lon="-122.087646"><ele>719.4</ele><time>2024-07-21T23:37:51Z</time></trkpt>
<trkpt lat="41.114344" lon="-122.087768"><ele>718.4</ele><time>2024-07-21T23:37:59Z</time></trkpt>
<trkpt lat="41.114067" lon="-122.088288"><ele>713.0</ele><time>2024-07-21T23:38:49Z</time></trkpt>
<trkpt lat="41.113937" lon="-122.088411"><ele>711.8</ele><time>2024-07-21T23:39:01Z</time></trkpt>
<trkpt lat="41.113975" lon="-122.088508"><ele>711.4</ele><time>2024-07-21T23:39:07Z</time></trkpt>
<trkpt lat="41.113493" lon="-122.089690"><ele>704.6</ele><time>2024-07-21T23:40:01Z</time></trkpt>
<trkpt lat="41.113472" lon="-122.089943"><ele>701.4</ele><time>2024-07-21T23:40:39Z</time></trkpt>
<trkpt lat="41.113677" lon="-122.089976"><ele>699.0</ele><time>2024-07-21T23:40:55Z</time></trkpt>
<trkpt lat="41.113746" lon="-122.089867"><ele>698.8</ele><time>2024-07-21T23:41:00Z</time></trkpt>
<trkpt lat="41.113788" lon="-122.089970"><ele>698.4</ele><time>2024-07-21T23:41:06Z</time></trkpt>
<trkpt lat="41.113749" lon="-122.089943"><ele>698.4</ele><time>2024-07-21T23:41:07Z</time></trkpt>
<trkpt lat="41.114189" lon="-122.089854"><ele>696.8</ele><time>2024-07-21T23:41:29Z</time></trkpt>
<trkpt lat="41.115067" lon="-122.089506"><ele>701.0</ele><time>2024-07-21T23:43:12Z</time></trkpt>
<trkpt lat="41.115334" lon="-122.089757"><ele>702.4</ele><time>2024-07-21T23:47:05Z</time></trkpt>
<trkpt lat="41.115468" lon="-122.089692"><ele>704.2</ele><time>2024-07-21T23:47:38Z</time></trkpt>
<trkpt lat="41.115425" lon="-122.089557"><ele>704.2</ele><time>2024-07-21T23:49:52Z</time></trkpt>
<trkpt lat="41.115299" lon="-122.089618"><ele>705.0</ele><time>2024-07-21T23:50:08Z</time></trkpt>
<trkpt lat="41.115305" lon="-122.089672"><ele>705.2</ele><time>2024-07-21T23:50:12Z</time></trkpt>
<trkpt lat="41.115418" lon="-122.089607"><ele>705.0</ele><time>2024-07-21T23:52:26Z</time></trkpt>
<trkpt lat="41.115362" lon="-122.089868"><ele>704.8</ele><time>2024-07-21T23:52:55Z</time></trkpt>
<trkpt lat="41.115314" lon="-122.089885"><ele>705.0</ele><time>2024-07-21T23:53:00Z</time></trkpt>
<trkpt lat="41.115194" lon="-122.089835"><ele>705.2</ele><time>2024-07-21T23:53:06Z</time></trkpt>
<trkpt lat="41.115203" lon="-122.089744"><ele>705.6</ele><time>2024-07-21T23:53:15Z</time></trkpt>
<trkpt lat="41.115376" lon="-122.089558"><ele>706.2</ele><time>2024-07-21T23:53:56Z</time></trkpt>
<trkpt lat="41.115359" lon="-122.089626"><ele>706.4</ele><time>2024-07-21T23:54:03Z</time></trkpt>
<trkpt lat="41.115315" lon="-122.089599"><ele>706.6</ele><time>2024-07-21T23:54:05Z</time></trkpt>
<trkpt lat="41.115379" lon="-122.089585"><ele>707.0</ele><time>2024-07-21T23:54:14Z</time></trkpt>
<trkpt lat="41.115337" lon="-122.089693"><ele>706.4</ele><time>2024-07-21T23:56:59Z</time></trkpt>
<trkpt lat="41.115413" lon="-122.089634"><ele>706.4</ele><time>2024-07-21T23:57:02Z</time></trkpt>
<trkpt lat="41.115321" lon="-122.089678"><ele>706.6</ele><time>2024-07-21T23:57:10Z</time></trkpt>
<trkpt lat="41.115353" lon="-122.089589"><ele>706.6</ele><time>2024-07-21T23:58:57Z</time></trkpt>
<trkpt lat="41.115265" lon="-122.089643"><ele>706.4</ele><time>2024-07-21T23:59:03Z</time></trkpt>
<trkpt lat="41.115361" lon="-122.089568"><ele>706.6</ele><time>2024-07-21T23:59:05Z</time></trkpt>
<trkpt lat="41.115314" lon="-122.089656"><ele>707.2</ele><time>2024-07-21T23:59:09Z</time></trkpt>
<trkpt lat="41.115402" lon="-122.089661"><ele>707.2</ele><time>2024-07-21T23:59:12Z</time></trkpt>
<trkpt lat="41.115427" lon="-122.089624"><ele>707.2</ele><time>2024-07-21T23:59:14Z</time></trkpt>
<trkpt lat="41.115105" lon="-122.089826"><ele>708.6</ele><time>2024-07-22T00:03:22Z</time></trkpt>
<trkpt lat="41.115483" lon="-122.089391"><ele>708.2</ele><time>2024-07-22T00:03:53Z</time></trkpt>
<trkpt lat="41.115320" lon="-122.089519"><ele>708.6</ele><time>2024-07-22T00:04:01Z</time></trkpt>
<trkpt lat="41.115329" lon="-122.089593"><ele>708.6</ele><time>2024-07-22T00:04:07Z</time></trkpt>
<trkpt lat="41.115456" lon="-122.089641"><ele>709.0</ele><time>2024-07-22T00:06:06Z</time></trkpt>
<trkpt lat="41.115459" lon="-122.089593"><ele>709.2</ele><time>2024-07-22T00:06:12Z</time></trkpt>
<trkpt lat="41.115475" lon="-122.089936"><ele>709.4</ele><time>2024-07-22T00:08:05Z</time></trkpt>
<trkpt lat="41.115446" lon="-122.089616"><ele>709.6</ele><time>2024-07-22T00:08:07Z</time></trkpt>
<trkpt lat="41.115281" lon="-122.089582"><ele>709.8</ele><time>2024-07-22T00:08:16Z</time></trkpt>
<trkpt lat="41.115449" lon="-122.089483"><ele>710.2</ele><time>2024-07-22T00:08:57Z</time></trkpt>
<trkpt lat="41.115493" lon="-122.089612"><ele>709.8</ele><time>2024-07-22T00:09:04Z</time></trkpt>
<trkpt lat="41.115385" lon="-122.089607"><ele>711.4</ele><time>2024-07-22T00:09:34Z</time></trkpt>
<trkpt lat="41.115521" lon="-122.089503"><ele>711.2</ele><time>2024-07-22T00:11:13Z</time></trkpt>
<trkpt lat="41.115444" lon="-122.089447"><ele>710.6</ele><time>2024-07-22T00:11:50Z</time></trkpt>
<trkpt lat="41.115360" lon="-122.089450"><ele>710.4</ele><time>2024-07-22T00:11:57Z</time></trkpt>
<trkpt lat="41.115422" lon="-122.089475"><ele>710.6</ele><time>2024-07-22T00:12:03Z</time></trkpt>
<trkpt lat="41.115445" lon="-122.089633"><ele>711.0</ele><time>2024-07-22T00:12:16Z</time></trkpt>
<trkpt lat="41.115428" lon="-122.089557"><ele>711.2</ele><time>2024-07-22T00:12:19Z</time></trkpt>
<trkpt lat="41.115610" lon="-122.089446"><ele>711.4</ele><time>2024-07-22T00:12:26Z</time></trkpt>
<trkpt lat="41.115458" lon="-122.089654"><ele>712.4</ele><time>2024-07-22T00:12:57Z</time></trkpt>
<trkpt lat="41.115559" lon="-122.089559"><ele>712.4</ele><time>2024-07-22T00:13:05Z</time></trkpt>
<trkpt lat="41.115297" lon="-122.091035"><ele>713.4</ele><time>2024-07-22T00:14:55Z</time></trkpt>
<trkpt lat="41.116258" lon="-122.090065"><ele>713.8</ele><time>2024-07-22T00:15:02Z</time></trkpt>
<trkpt lat="41.115619" lon="-122.091198"><ele>714.2</ele><time>2024-07-22T00:15:03Z</time></trkpt>
<trkpt lat="41.115146" lon="-122.091872"><ele>714.6</ele><time>2024-07-22T00:15:05Z</time></trkpt>
<trkpt lat="41.115112" lon="-122.091587"><ele>714.6</ele><time>2024-07-22T00:15:06Z</time></trkpt>
<trkpt lat="41.115419" lon="-122.089714"><ele>713.8</ele><time>2024-07-22T00:15:12Z</time></trkpt>
<trkpt lat="41.116651" lon="-122.090904"><ele>714.0</ele><time>2024-07-22T00:19:13Z</time></trkpt>
<trkpt lat="41.116231" lon="-122.091141"><ele>714.0</ele><time>2024-07-22T00:19:14Z</time></trkpt>
<trkpt lat="41.116353" lon="-122.092246"><ele>714.0</ele><time>2024-07-22T00:19:15Z</time></trkpt>
<trkpt lat="41.116230" lon="-122.091117"><ele>714.0</ele><time>2024-07-22T00:19:20Z</time></trkpt>
<trkpt lat="41.115925" lon="-122.089752"><ele>715.4</ele><time>2024-07-22T00:21:08Z</time></trkpt>
<trkpt lat="41.115517" lon="-122.090352"><ele>715.6</ele><time>2024-07-22T00:21:12Z</time></trkpt>
<trkpt lat="41.115601" lon="-122.089726"><ele>715.8</ele><time>2024-07-22T00:21:14Z</time></trkpt>
<trkpt lat="41.115526" lon="-122.089601"><ele>715.8</ele><time>2024-07-22T00:21:15Z</time></trkpt>
<trkpt lat="41.115502" lon="-122.089724"><ele>716.2</ele><time>2024-07-22T00:21:26Z</time></trkpt>
<trkpt lat="41.115595" lon="-122.089596"><ele>716.6</ele><time>2024-07-22T00:25:09Z</time></trkpt>
<trkpt lat="41.115535" lon="-122.089641"><ele>717.0</ele><time>2024-07-22T00:25:28Z</time></trkpt>
<trkpt lat="41.115631" lon="-122.089635"><ele>717.4</ele><time>2024-07-22T00:25:36Z</time></trkpt>
<trkpt lat="41.115575" lon="-122.089725"><ele>717.4</ele><time>2024-07-22T00:25:43Z</time></trkpt>
<trkpt lat="41.115002" lon="-122.089944"><ele>722.4</ele><time>2024-07-22T00:28:59Z</time></trkpt>
<trkpt lat="41.114897" lon="-122.090013"><ele>726.2</ele><time>2024-07-22T00:29:38Z</time></trkpt>
<trkpt lat="41.114859" lon="-122.090131"><ele>727.2</ele><time>2024-07-22T00:29:50Z</time></trkpt>
<trkpt lat="41.114738" lon="-122.090099"><ele>728.0</ele><time>2024-07-22T00:30:07Z</time></trkpt>
<trkpt lat="41.114022" lon="-122.090614"><ele>737.4</ele><time>2024-07-22T00:31:40Z</time></trkpt>
<trkpt lat="41.113894" lon="-122.090849"><ele>739.0</ele><time>2024-07-22T00:31:57Z</time></trkpt>
<trkpt lat="41.113797" lon="-122.090839"><ele>739.0</ele><time>2024-07-22T00:31:59Z</time></trkpt>
<trkpt lat="41.113861" lon="-122.090907"><ele>739.0</ele><time>2024-07-22T00:32:02Z</time></trkpt>
<trkpt lat="41.113819" lon="-122.091461"><ele>740.0</ele><time>2024-07-22T00:32:37Z</time></trkpt>
<trkpt lat="41.113949" lon="-122.092036"><ele>740.8</ele><time>2024-07-22T00:32:53Z</time></trkpt>
<trkpt lat="41.113695" lon="-122.091709"><ele>740.6</ele><time>2024-07-22T00:33:01Z</time></trkpt>
<trkpt lat="41.113882" lon="-122.092004"><ele>739.8</ele><time>2024-07-22T00:33:13Z</time></trkpt>
<trkpt lat="41.114005" lon="-122.092581"><ele>740.6</ele><time>2024-07-22T00:33:50Z</time></trkpt>
<trkpt lat="41.114220" lon="-122.093005"><ele>739.8</ele><time>2024-07-22T00:34:32Z</time></trkpt>
<trkpt lat="41.114472" lon="-122.093225"><ele>738.4</ele><time>2024-07-22T00:35:01Z</time></trkpt>
<trkpt lat="41.114682" lon="-122.093238"><ele>738.2</ele><time>2024-07-22T00:35:10Z</time></trkpt>
<trkpt lat="41.114767" lon="-122.093386"><ele>738.6</ele><time>2024-07-22T00:35:22Z</time></trkpt>
<trkpt lat="41.114695" lon="-122.093542"><ele>738.4</ele><time>2024-07-22T00:35:38Z</time></trkpt>
<trkpt lat="41.114536" lon="-122.093558"><ele>740.2</ele><time>2024-07-22T00:36:08Z</time></trkpt>
<trkpt lat="41.114357" lon="-122.093725"><ele>740.8</ele><time>2024-07-22T00:36:32Z</time></trkpt>
<trkpt lat="41.114091" lon="-122.093706"><ele>742.2</ele><time>2024-07-22T00:37:06Z</time></trkpt>
<trkpt lat="41.114156" lon="-122.094118"><ele>744.0</ele><time>2024-07-22T00:37:30Z</time></trkpt>
<trkpt lat="41.114304" lon="-122.094223"><ele>746.2</ele><time>2024-07-22T00:38:00Z</time></trkpt>
<trkpt lat="41.114374" lon="-122.094472"><ele>749.6</ele><time>2024-07-22T00:38:38Z</time></trkpt>
<trkpt lat="41.114389" lon="-122.095002"><ele>750.8</ele><time>2024-07-22T00:38:57Z</time></trkpt>
<trkpt lat="41.114257" lon="-122.094930"><ele>751.0</ele><time>2024-07-22T00:39:01Z</time></trkpt>
<trkpt lat="41.114127" lon="-122.094999"><ele>751.0</ele><time>2024-07-22T00:39:10Z</time></trkpt>
<trkpt lat="41.114054" lon="-122.095355"><ele>751.4</ele><time>2024-07-22T00:39:24Z</time></trkpt>
<trkpt lat="41.113969" lon="-122.096347"><ele>760.6</ele><time>2024-07-22T00:40:58Z</time></trkpt>
<trkpt lat="41.113730" lon="-122.096410"><ele>760.6</ele><time>2024-07-22T00:41:07Z</time></trkpt>
<trkpt lat="41.113720" lon="-122.096474"><ele>760.2</ele><time>2024-07-22T00:41:14Z</time></trkpt>
<trkpt lat="41.114541" lon="-122.097223"><ele>766.4</ele><time>2024-07-22T00:42:55Z</time></trkpt>
<trkpt lat="41.114207" lon="-122.096925"><ele>766.2</ele><time>2024-07-22T00:42:57Z</time></trkpt>
<trkpt lat="41.114678" lon="-122.096902"><ele>769.4</ele><time>2024-07-22T00:43:42Z</time></trkpt>
<trkpt lat="41.115780" lon="-122.097251"><ele>774.6</ele><time>2024-07-22T00:45:22Z</time></trkpt>
<trkpt lat="41.116405" lon="-122.097800"><ele>784.4</ele><time>2024-07-22T00:46:57Z</time></trkpt>
<trkpt lat="41.116346" lon="-122.097799"><ele>784.2</ele><time>2024-07-22T00:47:01Z</time></trkpt>
<trkpt lat="41.116914" lon="-122.098578"><ele>791.0</ele><time>2024-07-22T00:48:43Z</time></trkpt>
<trkpt lat="41.117018" lon="-122.098821"><ele>790.6</ele><time>2024-07-22T00:48:59Z</time></trkpt>
<trkpt lat="41.116916" lon="-122.098816"><ele>792.2</ele><time>2024-07-22T00:49:06Z</time></trkpt>
<trkpt lat="41.116864" lon="-122.098723"><ele>792.2</ele><time>2024-07-22T00:49:12Z</time></trkpt>
<trkpt lat="41.116373" lon="-122.098944"><ele>795.4</ele><time>2024-07-22T00:49:53Z</time></trkpt>
<trkpt lat="41.115815" lon="-122.098838"><ele>802.0</ele><time>2024-07-22T00:51:04Z</time></trkpt>
<trkpt lat="41.115704" lon="-122.098883"><ele>802.2</ele><time>2024-07-22T00:51:07Z</time></trkpt>
<trkpt lat="41.115642" lon="-122.098806"><ele>802.6</ele><time>2024-07-22T00:51:14Z</time></trkpt>
<trkpt lat="41.115204" lon="-122.099079"><ele>807.4</ele><time>2024-07-22T00:52:09Z</time></trkpt>
<trkpt lat="41.114789" lon="-122.099517"><ele>811.4</ele><time>2024-07-22T00:52:57Z</time></trkpt>
<trkpt lat="41.114636" lon="-122.099391"><ele>811.6</ele><time>2024-07-22T00:53:00Z</time></trkpt>
<trkpt lat="41.114416" lon="-122.099623"><ele>813.8</ele><time>2024-07-22T00:53:21Z</time></trkpt>
<trkpt lat="41.113832" lon="-122.099803"><ele>820.4</ele><time>2024-07-22T00:55:00Z</time></trkpt>
<trkpt lat="41.113789" lon="-122.100638"><ele>822.6</ele><time>2024-07-22T00:56:26Z</time></trkpt>
<trkpt lat="41.113669" lon="-122.100836"><ele>821.0</ele><time>2024-07-22T00:57:07Z</time></trkpt>
<trkpt lat="41.113729" lon="-122.100856"><ele>820.4</ele><time>2024-07-22T00:57:12Z</time></trkpt>
<trkpt lat="41.113904" lon="-122.101237"><ele>818.4</ele><time>2024-07-22T00:57:33Z</time></trkpt>
<trkpt lat="41.114025" lon="-122.101907"><ele>816.2</ele><time>2024-07-22T00:58:55Z</time></trkpt>
<trkpt lat="41.114186" lon="-122.101830"><ele>814.8</ele><time>2024-07-22T00:59:14Z</time></trkpt>
<trkpt lat="41.114304" lon="-122.102518"><ele>818.2</ele><time>2024-07-22T01:00:49Z</time></trkpt>
<trkpt lat="41.114289" lon="-122.102716"><ele>818.4</ele><time>2024-07-22T01:00:56Z</time></trkpt>
<trkpt lat="41.114673" lon="-122.103547"><ele>823.6</ele><time>2024-07-22T01:02:01Z</time></trkpt>
<trkpt lat="41.114919" lon="-122.103945"><ele>829.8</ele><time>2024-07-22T01:02:56Z</time></trkpt>
<trkpt lat="41.114882" lon="-122.103943"><ele>830.0</ele><time>2024-07-22T01:02:57Z</time></trkpt>
<trkpt lat="41.115625" lon="-122.104578"><ele>841.6</ele><time>2024-07-22T01:04:56Z</time></trkpt>
<trkpt lat="41.115475" lon="-122.104626"><ele>841.2</ele><time>2024-07-22T01:05:13Z</time></trkpt>
<trkpt lat="41.115939" lon="-122.104762"><ele>843.4</ele><time>2024-07-22T01:05:53Z</time></trkpt>
<trkpt lat="41.115927" lon="-122.104813"><ele>843.6</ele><time>2024-07-22T01:05:54Z</time></trkpt>
<trkpt lat="41.116209" lon="-122.105066"><ele>847.4</ele><time>2024-07-22T01:06:37Z</time></trkpt>
<trkpt lat="41.115898" lon="-122.105438"><ele>850.8</ele><time>2024-07-22T01:07:23Z</time></trkpt>
<trkpt lat="41.115622" lon="-122.105634"><ele>853.4</ele><time>2024-07-22T01:08:06Z</time></trkpt>
<trkpt lat="41.113512" lon="-122.106177"><ele>874.6</ele><time>2024-07-22T01:14:06Z</time></trkpt>
<trkpt lat="41.113557" lon="-122.106241"><ele>875.2</ele><time>2024-07-22T01:14:08Z</time></trkpt>
<trkpt lat="41.113537" lon="-122.106154"><ele>876.4</ele><time>2024-07-22T01:14:15Z</time></trkpt>
<trkpt lat="41.112716" lon="-122.106684"><ele>886.2</ele><time>2024-07-22T01:15:57Z</time></trkpt>
<trkpt lat="41.112703" lon="-122.106824"><ele>886.4</ele><time>2024-07-22T01:15:59Z</time></trkpt>
<trkpt lat="41.112747" lon="-122.106827"><ele>886.6</ele><time>2024-07-22T01:16:00Z</time></trkpt>
<trkpt lat="41.112641" lon="-122.106867"><ele>887.4</ele><time>2024-07-22T01:16:05Z</time></trkpt>
<trkpt lat="41.112523" lon="-122.106717"><ele>888.2</ele><time>2024-07-22T01:16:11Z</time></trkpt>
<trkpt lat="41.112098" lon="-122.107110"><ele>894.4</ele><time>2024-07-22T01:17:26Z</time></trkpt>
<trkpt lat="41.111901" lon="-122.107202"><ele>895.2</ele><time>2024-07-22T01:17:42Z</time></trkpt>
<trkpt lat="41.111589" lon="-122.107161"><ele>897.0</ele><time>2024-07-22T01:18:06Z</time></trkpt>
<trkpt lat="41.111597" lon="-122.107288"><ele>897.8</ele><time>2024-07-22T01:18:13Z</time></trkpt>
<trkpt lat="41.111487" lon="-122.107552"><ele>904.6</ele><time>2024-07-22T01:19:39Z</time></trkpt>
<trkpt lat="41.111567" lon="-122.107777"><ele>906.2</ele><time>2024-07-22T01:19:56Z</time></trkpt>
<trkpt lat="41.111287" lon="-122.107782"><ele>906.2</ele><time>2024-07-22T01:19:58Z</time></trkpt>
<trkpt lat="41.111188" lon="-122.108016"><ele>907.0</ele><time>2024-07-22T01:20:07Z</time></trkpt>
<trkpt lat="41.111059" lon="-122.109079"><ele>911.0</ele><time>2024-07-22T01:21:07Z</time></trkpt>
<trkpt lat="41.111058" lon="-122.109465"><ele>915.4</ele><time>2024-07-22T01:21:58Z</time></trkpt>
<trkpt lat="41.111101" lon="-122.109345"><ele>915.2</ele><time>2024-07-22T01:22:05Z</time></trkpt>
<trkpt lat="41.111136" lon="-122.109376"><ele>915.0</ele><time>2024-07-22T01:22:08Z</time></trkpt>
<trkpt lat="41.111243" lon="-122.110658"><ele>920.2</ele><time>2024-07-22T01:24:13Z</time></trkpt>
<trkpt lat="41.111173" lon="-122.110846"><ele>922.4</ele><time>2024-07-22T01:24:35Z</time></trkpt>
<trkpt lat="41.110818" lon="-122.111278"><ele>928.2</ele><time>2024-07-22T01:25:57Z</time></trkpt>
<trkpt lat="41.110869" lon="-122.111344"><ele>928.2</ele><time>2024-07-22T01:25:59Z</time></trkpt>
<trkpt lat="41.110834" lon="-122.111506"><ele>928.4</ele><time>2024-07-22T01:26:05Z</time></trkpt>
<trkpt lat="41.111601" lon="-122.112537"><ele>937.6</ele><time>2024-07-22T01:27:56Z</time></trkpt>
<trkpt lat="41.111464" lon="-122.112481"><ele>937.8</ele><time>2024-07-22T01:27:57Z</time></trkpt>
<trkpt lat="41.111350" lon="-122.113026"><ele>940.4</ele><time>2024-07-22T01:28:41Z</time></trkpt>
<trkpt lat="41.111218" lon="-122.113179"><ele>942.0</ele><time>2024-07-22T01:28:59Z</time></trkpt>
<trkpt lat="41.110867" lon="-122.113482"><ele>947.6</ele><time>2024-07-22T01:30:00Z</time></trkpt>
<trkpt lat="41.110771" lon="-122.113425"><ele>948.8</ele><time>2024-07-22T01:30:09Z</time></trkpt>
<trkpt lat="41.110446" lon="-122.114053"><ele>953.2</ele><time>2024-07-22T01:31:59Z</time></trkpt>
<trkpt lat="41.110497" lon="-122.114086"><ele>953.8</ele><time>2024-07-22T01:32:02Z</time></trkpt>
<trkpt lat="41.110452" lon="-122.114163"><ele>956.2</ele><time>2024-07-22T01:32:14Z</time></trkpt>
<trkpt lat="41.110321" lon="-122.114249"><ele>956.4</ele><time>2024-07-22T01:32:23Z</time></trkpt>
<trkpt lat="41.109916" lon="-122.114175"><ele>959.6</ele><time>2024-07-22T01:33:05Z</time></trkpt>
<trkpt lat="41.109513" lon="-122.113994"><ele>965.6</ele><time>2024-07-22T01:33:59Z</time></trkpt>
<trkpt lat="41.109216" lon="-122.113947"><ele>966.2</ele><time>2024-07-22T01:34:04Z</time></trkpt>
<trkpt lat="41.109497" lon="-122.113953"><ele>966.6</ele><time>2024-07-22T01:34:06Z</time></trkpt>
<trkpt lat="41.109459" lon="-122.113906"><ele>967.6</ele><time>2024-07-22T01:34:12Z</time></trkpt>
<trkpt lat="41.108973" lon="-122.113892"><ele>970.4</ele><time>2024-07-22T01:35:12Z</time></trkpt>
<trkpt lat="41.108288" lon="-122.113568"><ele>969.2</ele><time>2024-07-22T01:36:10Z</time></trkpt>
<trkpt lat="41.107977" lon="-122.113659"><ele>974.0</ele><time>2024-07-22T01:36:55Z</time></trkpt>
<trkpt lat="41.107772" lon="-122.113342"><ele>977.6</ele><time>2024-07-22T01:37:25Z</time></trkpt>
<trkpt lat="41.107304" lon="-122.113144"><ele>981.2</ele><time>2024-07-22T01:37:56Z</time></trkpt>
<trkpt lat="41.107358" lon="-122.113061"><ele>981.4</ele><time>2024-07-22T01:38:01Z</time></trkpt>
<trkpt lat="41.107325" lon="-122.113023"><ele>982.8</ele><time>2024-07-22T01:38:14Z</time></trkpt>
<trkpt lat="41.107133" lon="-122.113249"><ele>983.8</ele><time>2024-07-22T01:38:58Z</time></trkpt>
<trkpt lat="41.106860" lon="-122.113742"><ele>990.2</ele><time>2024-07-22T01:40:02Z</time></trkpt>
<trkpt lat="41.106903" lon="-122.113903"><ele>991.4</ele><time>2024-07-22T01:40:14Z</time></trkpt>
<trkpt lat="41.107303" lon="-122.115212"><ele>997.4</ele><time>2024-07-22T01:42:02Z</time></trkpt>
<trkpt lat="41.107396" lon="-122.115262"><ele>997.8</ele><time>2024-07-22T01:42:09Z</time></trkpt>
<trkpt lat="41.107420" lon="-122.115205"><ele>998.6</ele><time>2024-07-22T01:42:15Z</time></trkpt>
<trkpt lat="41.107949" lon="-122.115958"><ele>1006.8</ele><time>2024-07-22T01:44:11Z</time></trkpt>
<trkpt lat="41.108151" lon="-122.116743"><ele>1013.4</ele><time>2024-07-22T01:45:11Z</time></trkpt>
<trkpt lat="41.108195" lon="-122.117279"><ele>1016.2</ele><time>2024-07-22T01:45:59Z</time></trkpt>
<trkpt lat="41.108128" lon="-122.117298"><ele>1016.4</ele><time>2024-07-22T01:46:00Z</time></trkpt>
<trkpt lat="41.107974" lon="-122.118133"><ele>1019.8</ele><time>2024-07-22T01:46:51Z</time></trkpt>
<trkpt lat="41.107699" lon="-122.118699"><ele>1027.6</ele><time>2024-07-22T01:48:03Z</time></trkpt>
<trkpt lat="41.107575" lon="-122.118794"><ele>1027.8</ele><time>2024-07-22T01:48:05Z</time></trkpt>
<trkpt lat="41.107535" lon="-122.119031"><ele>1036.2</ele><time>2024-07-22T01:49:18Z</time></trkpt>
<trkpt lat="41.107015" lon="-122.118990"><ele>1037.2</ele><time>2024-07-22T01:50:09Z</time></trkpt>
<trkpt lat="41.106690" lon="-122.119147"><ele>1038.2</ele><time>2024-07-22T01:50:21Z</time></trkpt>
<trkpt lat="41.105949" lon="-122.119210"><ele>1041.6</ele><time>2024-07-22T01:51:39Z</time></trkpt>
<trkpt lat="41.105652" lon="-122.119344"><ele>1042.6</ele><time>2024-07-22T01:52:01Z</time></trkpt>
<trkpt lat="41.105700" lon="-122.119400"><ele>1042.8</ele><time>2024-07-22T01:52:03Z</time></trkpt>
<trkpt lat="41.105647" lon="-122.119695"><ele>1043.2</ele><time>2024-07-22T01:52:25Z</time></trkpt>
<trkpt lat="41.105402" lon="-122.120085"><ele>1043.6</ele><time>2024-07-22T01:52:53Z</time></trkpt>
<trkpt lat="41.105317" lon="-122.121045"><ele>1043.4</ele><time>2024-07-22T01:53:59Z</time></trkpt>
<trkpt lat="41.105378" lon="-122.121137"><ele>1044.0</ele><time>2024-07-22T01:54:09Z</time></trkpt>
<trkpt lat="41.105223" lon="-122.121511"><ele>1044.8</ele><time>2024-07-22T01:54:39Z</time></trkpt>
<trkpt lat="41.104858" lon="-122.121930"><ele>1049.0</ele><time>2024-07-22T01:55:53Z</time></trkpt>
<trkpt lat="41.104880" lon="-122.122037"><ele>1049.6</ele><time>2024-07-22T01:56:03Z</time></trkpt>
<trkpt lat="41.104455" lon="-122.122017"><ele>1049.2</ele><time>2024-07-22T01:56:32Z</time></trkpt>
<trkpt lat="41.104367" lon="-122.121939"><ele>1048.4</ele><time>2024-07-22T01:57:32Z</time></trkpt>
<trkpt lat="41.104498" lon="-122.121755"><ele>1048.2</ele><time>2024-07-22T01:58:03Z</time></trkpt>
<trkpt lat="41.104353" lon="-122.121958"><ele>1048.6</ele><time>2024-07-22T01:58:12Z</time></trkpt>
<trkpt lat="41.104486" lon="-122.121876"><ele>1049.2</ele><time>2024-07-22T02:00:01Z</time></trkpt>
<trkpt lat="41.104327" lon="-122.121956"><ele>1049.0</ele><time>2024-07-22T02:00:06Z</time></trkpt>
<trkpt lat="41.104386" lon="-122.121959"><ele>1048.8</ele><time>2024-07-22T02:00:12Z</time></trkpt>
<trkpt lat="41.104384" lon="-122.121886"><ele>1048.6</ele><time>2024-07-22T02:00:17Z</time></trkpt>
</trkseg></trk>
</gpx>
