<?xml version="1.0" encoding="UTF-8"?>
<gpx version="1.1" creator="Eric Sichak trip reports" xmlns="http://www.topografix.com/GPX/1/1">
<metadata><name>Morning Hike</name><time>2024-07-29T13:56:08Z</time></metadata>
<trk><name>Morning Hike</name><type>hike</type><trkseg>
<trkpt lat="42.005548" lon="-122.912414"><ele>1903.0</ele><time>2024-07-29T13:56:08Z</time></trkpt>
<trkpt lat="42.005377" lon="-122.912372"><ele>1903.0</ele><time>2024-07-29T13:56:52Z</time></trkpt>
<trkpt lat="42.005328" lon="-122.912222"><ele>1902.4</ele><time>2024-07-29T13:57:03Z</time></trkpt>
<trkpt lat="42.005485" lon="-122.911517"><ele>1904.0</ele><time>2024-07-29T13:57:26Z</time></trkpt>
<trkpt lat="42.005715" lon="-122.911121"><ele>1913.4</ele><time>2024-07-29T13:58:34Z</time></trkpt>
<trkpt lat="42.005947" lon="-122.910833"><ele>1914.4</ele><time>2024-07-29T13:58:43Z</time></trkpt>
<trkpt lat="42.006086" lon="-122.910537"><ele>1914.4</ele><time>2024-07-29T13:58:56Z</time></trkpt>
<trkpt lat="42.006319" lon="-122.908902"><ele>1926.8</ele><time>2024-07-29T14:00:42Z</time></trkpt>
<trkpt lat="42.006463" lon="-122.908484"><ele>1927.8</ele><time>2024-07-29T14:01:00Z</time></trkpt>
<trkpt lat="42.006387" lon="-122.908453"><ele>1927.6</ele><time>2024-07-29T14:01:06Z</time></trkpt>
<trkpt lat="42.006450" lon="-122.907823"><ele>1931.4</ele><time>2024-07-29T14:01:42Z</time></trkpt>
<trkpt lat="42.007745" lon="-122.906017"><ele>1947.6</ele><time>2024-07-29T14:04:03Z</time></trkpt>
<trkpt lat="42.007952" lon="-122.905225"><ele>1955.4</ele><time>2024-07-29T14:05:00Z</time></trkpt>
<trkpt lat="42.008049" lon="-122.904417"><ele>1962.2</ele><time>2024-07-29T14:05:43Z</time></trkpt>
<trkpt lat="42.008262" lon="-122.903784"><ele>1964.6</ele><time>2024-07-29T14:06:17Z</time></trkpt>
<trkpt lat="42.008271" lon="-122.903368"><ele>1968.2</ele><time>2024-07-29T14:06:41Z</time></trkpt>
<trkpt lat="42.008177" lon="-122.902906"><ele>1971.0</ele><time>2024-07-29T14:07:04Z</time></trkpt>
<trkpt lat="42.008137" lon="-122.901242"><ele>1983.6</ele><time>2024-07-29T14:08:45Z</time></trkpt>
<trkpt lat="42.008074" lon="-122.901053"><ele>1986.0</ele><time>2024-07-29T14:08:56Z</time></trkpt>
<trkpt lat="42.008134" lon="-122.900221"><ele>1990.4</ele><time>2024-07-29T14:09:44Z</time></trkpt>
<trkpt lat="42.008111" lon="-122.899234"><ele>1998.8</ele><time>2024-07-29T14:10:43Z</time></trkpt>
<trkpt lat="42.008254" lon="-122.898953"><ele>2002.0</ele><time>2024-07-29T14:12:43Z</time></trkpt>
<trkpt lat="42.007745" lon="-122.898250"><ele>2001.8</ele><time>2024-07-29T14:13:00Z</time></trkpt>
<trkpt lat="42.008246" lon="-122.898889"><ele>2002.4</ele><time>2024-07-29T14:13:05Z</time></trkpt>
<trkpt lat="42.008191" lon="-122.899014"><ele>2003.4</ele><time>2024-07-29T14:14:00Z</time></trkpt>
<trkpt lat="42.008106" lon="-122.898846"><ele>2003.0</ele><time>2024-07-29T14:15:45Z</time></trkpt>
<trkpt lat="42.008164" lon="-122.899009"><ele>2003.6</ele><time>2024-07-29T14:15:51Z</time></trkpt>
<trkpt lat="42.008212" lon="-122.899021"><ele>2004.2</ele><time>2024-07-29T14:16:36Z</time></trkpt>
<trkpt lat="42.008208" lon="-122.898962"><ele>2004.2</ele><time>2024-07-29T14:18:00Z</time></trkpt>
<trkpt lat="42.008325" lon="-122.899016"><ele>2004.0</ele><time>2024-07-29T14:19:50Z</time></trkpt>
<trkpt lat="42.008299" lon="-122.898965"><ele>2004.0</ele><time>2024-07-29T14:19:51Z</time></trkpt>
<trkpt lat="42.008233" lon="-122.899028"><ele>2003.8</ele><time>2024-07-29T14:22:07Z</time></trkpt>
<trkpt lat="42.008173" lon="-122.898866"><ele>2004.2</ele><time>2024-07-29T14:22:40Z</time></trkpt>
<trkpt lat="42.008225" lon="-122.899012"><ele>2004.8</ele><time>2024-07-29T14:22:53Z</time></trkpt>
<trkpt lat="42.008197" lon="-122.899113"><ele>2005.4</ele><time>2024-07-29T14:24:48Z</time></trkpt>
<trkpt lat="42.008243" lon="-122.898957"><ele>2005.6</ele><time>2024-07-29T14:24:58Z</time></trkpt>
<trkpt lat="42.008144" lon="-122.899059"><ele>2007.2</ele><time>2024-07-29T14:28:50Z</time></trkpt>
<trkpt lat="42.008210" lon="-122.898909"><ele>2008.4</ele><time>2024-07-29T14:30:00Z</time></trkpt>
<trkpt lat="42.008222" lon="-122.898980"><ele>2008.4</ele><time>2024-07-29T14:30:49Z</time></trkpt>
<trkpt lat="42.008181" lon="-122.898927"><ele>2008.6</ele><time>2024-07-29T14:30:53Z</time></trkpt>
<trkpt lat="42.008409" lon="-122.898252"><ele>2015.2</ele><time>2024-07-29T14:32:44Z</time></trkpt>
<trkpt lat="42.008369" lon="-122.898268"><ele>2015.4</ele><time>2024-07-29T14:32:47Z</time></trkpt>
<trkpt lat="42.008460" lon="-122.898290"><ele>2015.0</ele><time>2024-07-29T14:33:01Z</time></trkpt>
<trkpt lat="42.008601" lon="-122.897904"><ele>2014.8</ele><time>2024-07-29T14:33:22Z</time></trkpt>
<trkpt lat="42.008991" lon="-122.897003"><ele>2027.0</ele><time>2024-07-29T14:34:52Z</time></trkpt>
<trkpt lat="42.009934" lon="-122.895933"><ele>2037.4</ele><time>2024-07-29T14:36:48Z</time></trkpt>
<trkpt lat="42.010383" lon="-122.895499"><ele>2041.8</ele><time>2024-07-29T14:37:25Z</time></trkpt>
<trkpt lat="42.010613" lon="-122.895381"><ele>2044.4</ele><time>2024-07-29T14:37:45Z</time></trkpt>
<trkpt lat="42.010902" lon="-122.894932"><ele>2052.8</ele><time>2024-07-29T14:38:39Z</time></trkpt>
<trkpt lat="42.011112" lon="-122.894760"><ele>2052.8</ele><time>2024-07-29T14:38:47Z</time></trkpt>
<trkpt lat="42.011845" lon="-122.894722"><ele>2058.0</ele><time>2024-07-29T14:40:15Z</time></trkpt>
<trkpt lat="42.012393" lon="-122.894775"><ele>2058.8</ele><time>2024-07-29T14:40:52Z</time></trkpt>
<trkpt lat="42.013683" lon="-122.895440"><ele>2061.4</ele><time>2024-07-29T14:42:48Z</time></trkpt>
<trkpt lat="42.013651" lon="-122.895521"><ele>2061.2</ele><time>2024-07-29T14:42:52Z</time></trkpt>
<trkpt lat="42.014925" lon="-122.896148"><ele>2062.0</ele><time>2024-07-29T14:44:47Z</time></trkpt>
<trkpt lat="42.015891" lon="-122.896232"><ele>2071.2</ele><time>2024-07-29T14:46:07Z</time></trkpt>
<trkpt lat="42.016268" lon="-122.896351"><ele>2075.8</ele><time>2024-07-29T14:46:44Z</time></trkpt>
<trkpt lat="42.016343" lon="-122.896260"><ele>2076.0</ele><time>2024-07-29T14:46:47Z</time></trkpt>
<trkpt lat="42.016443" lon="-122.896276"><ele>2075.8</ele><time>2024-07-29T14:46:53Z</time></trkpt>
<trkpt lat="42.016457" lon="-122.896369"><ele>2075.8</ele><time>2024-07-29T14:46:59Z</time></trkpt>
<trkpt lat="42.017031" lon="-122.896529"><ele>2077.0</ele><time>2024-07-29T14:48:05Z</time></trkpt>
<trkpt lat="42.017252" lon="-122.896486"><ele>2077.4</ele><time>2024-07-29T14:48:21Z</time></trkpt>
<trkpt lat="42.017535" lon="-122.896350"><ele>2079.0</ele><time>2024-07-29T14:48:46Z</time></trkpt>
<trkpt lat="42.017567" lon="-122.896268"><ele>2079.8</ele><time>2024-07-29T14:48:55Z</time></trkpt>
<trkpt lat="42.017597" lon="-122.894354"><ele>2092.2</ele><time>2024-07-29T14:50:45Z</time></trkpt>
<trkpt lat="42.017493" lon="-122.893566"><ele>2096.0</ele><time>2024-07-29T14:51:13Z</time></trkpt>
<trkpt lat="42.017521" lon="-122.892965"><ele>2101.8</ele><time>2024-07-29T14:52:17Z</time></trkpt>
<trkpt lat="42.017464" lon="-122.892456"><ele>2104.6</ele><time>2024-07-29T14:52:48Z</time></trkpt>
<trkpt lat="42.018017" lon="-122.892634"><ele>2112.0</ele><time>2024-07-29T14:53:52Z</time></trkpt>
<trkpt lat="42.018644" lon="-122.892695"><ele>2118.2</ele><time>2024-07-29T14:54:48Z</time></trkpt>
<trkpt lat="42.019285" lon="-122.893104"><ele>2125.0</ele><time>2024-07-29T14:55:39Z</time></trkpt>
<trkpt lat="42.020074" lon="-122.893180"><ele>2135.6</ele><time>2024-07-29T14:56:59Z</time></trkpt>
<trkpt lat="42.020608" lon="-122.893083"><ele>2139.6</ele><time>2024-07-29T14:57:30Z</time></trkpt>
<trkpt lat="42.021262" lon="-122.892854"><ele>2150.8</ele><time>2024-07-29T14:58:44Z</time></trkpt>
<trkpt lat="42.021949" lon="-122.892131"><ele>2162.4</ele><time>2024-07-29T15:00:05Z</time></trkpt>
<trkpt lat="42.022234" lon="-122.891690"><ele>2169.6</ele><time>2024-07-29T15:00:44Z</time></trkpt>
<trkpt lat="42.022086" lon="-122.891730"><ele>2170.6</ele><time>2024-07-29T15:00:57Z</time></trkpt>
<trkpt lat="42.021540" lon="-122.891196"><ele>2179.2</ele><time>2024-07-29T15:01:59Z</time></trkpt>
<trkpt lat="42.021120" lon="-122.890583"><ele>2180.0</ele><time>2024-07-29T15:02:44Z</time></trkpt>
<trkpt lat="42.021187" lon="-122.890539"><ele>2179.8</ele><time>2024-07-29T15:02:45Z</time></trkpt>
<trkpt lat="42.021157" lon="-122.890402"><ele>2176.4</ele><time>2024-07-29T15:03:01Z</time></trkpt>
<trkpt lat="42.020768" lon="-122.889692"><ele>2170.0</ele><time>2024-07-29T15:03:35Z</time></trkpt>
<trkpt lat="42.020202" lon="-122.889018"><ele>2169.2</ele><time>2024-07-29T15:04:44Z</time></trkpt>
<trkpt lat="42.020206" lon="-122.888502"><ele>2169.4</ele><time>2024-07-29T15:04:46Z</time></trkpt>
<trkpt lat="42.020155" lon="-122.888716"><ele>2169.6</ele><time>2024-07-29T15:04:51Z</time></trkpt>
<trkpt lat="42.020076" lon="-122.888648"><ele>2169.6</ele><time>2024-07-29T15:04:56Z</time></trkpt>
<trkpt lat="42.020156" lon="-122.888503"><ele>2168.0</ele><time>2024-07-29T15:05:04Z</time></trkpt>
<trkpt lat="42.020148" lon="-122.888143"><ele>2167.6</ele><time>2024-07-29T15:05:08Z</time></trkpt>
<trkpt lat="42.019961" lon="-122.887800"><ele>2167.6</ele><time>2024-07-29T15:05:12Z</time></trkpt>
<trkpt lat="42.019113" lon="-122.887011"><ele>2166.8</ele><time>2024-07-29T15:05:30Z</time></trkpt>
<trkpt lat="42.018970" lon="-122.886983"><ele>2166.2</ele><time>2024-07-29T15:05:34Z</time></trkpt>
<trkpt lat="42.018879" lon="-122.886875"><ele>2165.6</ele><time>2024-07-29T15:05:38Z</time></trkpt>
<trkpt lat="42.018657" lon="-122.886899"><ele>2165.0</ele><time>2024-07-29T15:05:46Z</time></trkpt>
<trkpt lat="42.018571" lon="-122.886987"><ele>2164.6</ele><time>2024-07-29T15:05:52Z</time></trkpt>
<trkpt lat="42.018649" lon="-122.887265"><ele>2165.2</ele><time>2024-07-29T15:06:12Z</time></trkpt>
<trkpt lat="42.019211" lon="-122.887735"><ele>2165.0</ele><time>2024-07-29T15:06:46Z</time></trkpt>
<trkpt lat="42.019247" lon="-122.887695"><ele>2165.4</ele><time>2024-07-29T15:06:48Z</time></trkpt>
<trkpt lat="42.019324" lon="-122.887392"><ele>2166.0</ele><time>2024-07-29T15:07:04Z</time></trkpt>
<trkpt lat="42.019266" lon="-122.886055"><ele>2161.0</ele><time>2024-07-29T15:07:55Z</time></trkpt>
<trkpt lat="42.019158" lon="-122.885404"><ele>2158.6</ele><time>2024-07-29T15:08:45Z</time></trkpt>
<trkpt lat="42.019376" lon="-122.883747"><ele>2157.4</ele><time>2024-07-29T15:10:35Z</time></trkpt>
<trkpt lat="42.019342" lon="-122.883572"><ele>2156.2</ele><time>2024-07-29T15:10:44Z</time></trkpt>
<trkpt lat="42.019577" lon="-122.883118"><ele>2154.0</ele><time>2024-07-29T15:11:22Z</time></trkpt>
<trkpt lat="42.019663" lon="-122.882799"><ele>2152.6</ele><time>2024-07-29T15:11:41Z</time></trkpt>
<trkpt lat="42.020024" lon="-122.882411"><ele>2154.8</ele><time>2024-07-29T15:12:15Z</time></trkpt>
<trkpt lat="42.020583" lon="-122.881289"><ele>2151.8</ele><time>2024-07-29T15:13:48Z</time></trkpt>
<trkpt lat="42.020544" lon="-122.881230"><ele>2151.0</ele><time>2024-07-29T15:13:55Z</time></trkpt>
<trkpt lat="42.020821" lon="-122.880530"><ele>2148.8</ele><time>2024-07-29T15:14:41Z</time></trkpt>
<trkpt lat="42.021025" lon="-122.879670"><ele>2149.2</ele><time>2024-07-29T15:15:33Z</time></trkpt>
<trkpt lat="42.021190" lon="-122.879417"><ele>2148.2</ele><time>2024-07-29T15:15:54Z</time></trkpt>
<trkpt lat="42.021405" lon="-122.877506"><ele>2150.4</ele><time>2024-07-29T15:17:47Z</time></trkpt>
<trkpt lat="42.021664" lon="-122.877265"><ele>2152.0</ele><time>2024-07-29T15:18:11Z</time></trkpt>
<trkpt lat="42.021926" lon="-122.876613"><ele>2154.8</ele><time>2024-07-29T15:19:02Z</time></trkpt>
<trkpt lat="42.022022" lon="-122.876318"><ele>2156.4</ele><time>2024-07-29T15:19:53Z</time></trkpt>
<trkpt lat="42.022023" lon="-122.876156"><ele>2156.4</ele><time>2024-07-29T15:20:49Z</time></trkpt>
<trkpt lat="42.021984" lon="-122.876180"><ele>2157.0</ele><time>2024-07-29T15:20:58Z</time></trkpt>
<trkpt lat="42.022057" lon="-122.876185"><ele>2156.8</ele><time>2024-07-29T15:22:35Z</time></trkpt>
<trkpt lat="42.022002" lon="-122.876181"><ele>2156.6</ele><time>2024-07-29T15:22:54Z</time></trkpt>
<trkpt lat="42.022047" lon="-122.876103"><ele>2157.6</ele><time>2024-07-29T15:23:04Z</time></trkpt>
<trkpt lat="42.022044" lon="-122.875600"><ele>2159.2</ele><time>2024-07-29T15:24:45Z</time></trkpt>
<trkpt lat="42.022033" lon="-122.875834"><ele>2158.8</ele><time>2024-07-29T15:25:04Z</time></trkpt>
<trkpt lat="42.022007" lon="-122.875694"><ele>2158.6</ele><time>2024-07-29T15:25:09Z</time></trkpt>
<trkpt lat="42.022108" lon="-122.875805"><ele>2158.4</ele><time>2024-07-29T15:25:15Z</time></trkpt>
<trkpt lat="42.022155" lon="-122.875761"><ele>2159.6</ele><time>2024-07-29T15:25:54Z</time></trkpt>
<trkpt lat="42.022113" lon="-122.875723"><ele>2160.0</ele><time>2024-07-29T15:26:02Z</time></trkpt>
<trkpt lat="42.022169" lon="-122.875399"><ele>2158.0</ele><time>2024-07-29T15:26:38Z</time></trkpt>
<trkpt lat="42.022360" lon="-122.874724"><ele>2160.6</ele><time>2024-07-29T15:27:50Z</time></trkpt>
<trkpt lat="42.022438" lon="-122.874748"><ele>2160.8</ele><time>2024-07-29T15:27:53Z</time></trkpt>
<trkpt lat="42.022454" lon="-122.874634"><ele>2160.8</ele><time>2024-07-29T15:28:00Z</time></trkpt>
<trkpt lat="42.023133" lon="-122.873800"><ele>2161.0</ele><time>2024-07-29T15:29:23Z</time></trkpt>
<trkpt lat="42.023547" lon="-122.873597"><ele>2161.4</ele><time>2024-07-29T15:29:53Z</time></trkpt>
<trkpt lat="42.023715" lon="-122.873709"><ele>2157.6</ele><time>2024-07-29T15:30:32Z</time></trkpt>
<trkpt lat="42.024402" lon="-122.874428"><ele>2154.8</ele><time>2024-07-29T15:31:48Z</time></trkpt>
<trkpt lat="42.024761" lon="-122.874597"><ele>2155.0</ele><time>2024-07-29T15:32:03Z</time></trkpt>
<trkpt lat="42.025373" lon="-122.874731"><ele>2149.8</ele><time>2024-07-29T15:32:48Z</time></trkpt>
<trkpt lat="42.025918" lon="-122.874660"><ele>2143.8</ele><time>2024-07-29T15:33:40Z</time></trkpt>
<trkpt lat="42.026289" lon="-122.874862"><ele>2142.8</ele><time>2024-07-29T15:33:59Z</time></trkpt>
<trkpt lat="42.027066" lon="-122.874629"><ele>2135.6</ele><time>2024-07-29T15:35:29Z</time></trkpt>
<trkpt lat="42.027486" lon="-122.874580"><ele>2134.0</ele><time>2024-07-29T15:35:54Z</time></trkpt>
<trkpt lat="42.028981" lon="-122.875629"><ele>2124.8</ele><time>2024-07-29T15:37:45Z</time></trkpt>
<trkpt lat="42.029197" lon="-122.875636"><ele>2124.0</ele><time>2024-07-29T15:38:03Z</time></trkpt>
<trkpt lat="42.029128" lon="-122.875919"><ele>2124.0</ele><time>2024-07-29T15:38:04Z</time></trkpt>
<trkpt lat="42.029087" lon="-122.875630"><ele>2123.8</ele><time>2024-07-29T15:38:09Z</time></trkpt>
<trkpt lat="42.029419" lon="-122.875625"><ele>2123.6</ele><time>2024-07-29T15:38:44Z</time></trkpt>
<trkpt lat="42.029567" lon="-122.875820"><ele>2123.2</ele><time>2024-07-29T15:38:51Z</time></trkpt>
<trkpt lat="42.029585" lon="-122.875768"><ele>2122.6</ele><time>2024-07-29T15:38:57Z</time></trkpt>
<trkpt lat="42.030421" lon="-122.875702"><ele>2116.4</ele><time>2024-07-29T15:40:33Z</time></trkpt>
<trkpt lat="42.030752" lon="-122.876032"><ele>2116.0</ele><time>2024-07-29T15:40:46Z</time></trkpt>
<trkpt lat="42.030917" lon="-122.875235"><ele>2115.6</ele><time>2024-07-29T15:40:56Z</time></trkpt>
<trkpt lat="42.031701" lon="-122.874648"><ele>2110.8</ele><time>2024-07-29T15:42:12Z</time></trkpt>
<trkpt lat="42.032047" lon="-122.874208"><ele>2107.6</ele><time>2024-07-29T15:42:54Z</time></trkpt>
<trkpt lat="42.032244" lon="-122.874251"><ele>2107.2</ele><time>2024-07-29T15:42:59Z</time></trkpt>
<trkpt lat="42.032746" lon="-122.873666"><ele>2101.8</ele><time>2024-07-29T15:43:52Z</time></trkpt>
<trkpt lat="42.032870" lon="-122.873413"><ele>2098.4</ele><time>2024-07-29T15:44:14Z</time></trkpt>
<trkpt lat="42.032853" lon="-122.873295"><ele>2096.4</ele><time>2024-07-29T15:44:46Z</time></trkpt>
<trkpt lat="42.032944" lon="-122.873400"><ele>2096.2</ele><time>2024-07-29T15:45:04Z</time></trkpt>
<trkpt lat="42.032827" lon="-122.873307"><ele>2096.2</ele><time>2024-07-29T15:46:47Z</time></trkpt>
<trkpt lat="42.032927" lon="-122.873354"><ele>2096.2</ele><time>2024-07-29T15:46:53Z</time></trkpt>
<trkpt lat="42.033209" lon="-122.872683"><ele>2092.4</ele><time>2024-07-29T15:48:46Z</time></trkpt>
<trkpt lat="42.033293" lon="-122.872710"><ele>2092.4</ele><time>2024-07-29T15:48:47Z</time></trkpt>
<trkpt lat="42.033633" lon="-122.871703"><ele>2088.4</ele><time>2024-07-29T15:49:56Z</time></trkpt>
<trkpt lat="42.033745" lon="-122.870651"><ele>2078.8</ele><time>2024-07-29T15:50:50Z</time></trkpt>
<trkpt lat="42.033735" lon="-122.870267"><ele>2076.2</ele><time>2024-07-29T15:51:10Z</time></trkpt>
<trkpt lat="42.034058" lon="-122.868515"><ele>2065.2</ele><time>2024-07-29T15:52:45Z</time></trkpt>
<trkpt lat="42.035173" lon="-122.867951"><ele>2063.6</ele><time>2024-07-29T15:53:02Z</time></trkpt>
<trkpt lat="42.034267" lon="-122.868217"><ele>2063.6</ele><time>2024-07-29T15:53:05Z</time></trkpt>
<trkpt lat="42.034134" lon="-122.868091"><ele>2062.6</ele><time>2024-07-29T15:53:13Z</time></trkpt>
<trkpt lat="42.034232" lon="-122.867559"><ele>2059.6</ele><time>2024-07-29T15:53:37Z</time></trkpt>
<trkpt lat="42.034177" lon="-122.867413"><ele>2060.0</ele><time>2024-07-29T15:53:48Z</time></trkpt>
<trkpt lat="42.034198" lon="-122.867152"><ele>2060.4</ele><time>2024-07-29T15:54:03Z</time></trkpt>
<trkpt lat="42.034644" lon="-122.865856"><ele>2052.6</ele><time>2024-07-29T15:55:10Z</time></trkpt>
<trkpt lat="42.034746" lon="-122.865038"><ele>2049.2</ele><time>2024-07-29T15:55:45Z</time></trkpt>
<trkpt lat="42.034531" lon="-122.865158"><ele>2049.2</ele><time>2024-07-29T15:55:48Z</time></trkpt>
<trkpt lat="42.034420" lon="-122.864994"><ele>2048.2</ele><time>2024-07-29T15:56:05Z</time></trkpt>
<trkpt lat="42.034483" lon="-122.864433"><ele>2046.0</ele><time>2024-07-29T15:56:40Z</time></trkpt>
<trkpt lat="42.034453" lon="-122.862590"><ele>2034.4</ele><time>2024-07-29T15:58:20Z</time></trkpt>
<trkpt lat="42.034575" lon="-122.862173"><ele>2032.8</ele><time>2024-07-29T15:58:46Z</time></trkpt>
<trkpt lat="42.034708" lon="-122.862055"><ele>2031.4</ele><time>2024-07-29T15:58:53Z</time></trkpt>
<trkpt lat="42.034634" lon="-122.861965"><ele>2031.4</ele><time>2024-07-29T15:58:55Z</time></trkpt>
<trkpt lat="42.034657" lon="-122.861811"><ele>2031.6</ele><time>2024-07-29T15:59:01Z</time></trkpt>
<trkpt lat="42.035180" lon="-122.860436"><ele>2035.4</ele><time>2024-07-29T16:00:38Z</time></trkpt>
<trkpt lat="42.035298" lon="-122.859975"><ele>2035.2</ele><time>2024-07-29T16:00:53Z</time></trkpt>
<trkpt lat="42.035132" lon="-122.859767"><ele>2035.4</ele><time>2024-07-29T16:01:05Z</time></trkpt>
<trkpt lat="42.034989" lon="-122.858434"><ele>2029.6</ele><time>2024-07-29T16:02:10Z</time></trkpt>
<trkpt lat="42.035243" lon="-122.857768"><ele>2027.4</ele><time>2024-07-29T16:03:01Z</time></trkpt>
<trkpt lat="42.035571" lon="-122.857155"><ele>2024.2</ele><time>2024-07-29T16:03:30Z</time></trkpt>
<trkpt lat="42.036315" lon="-122.856135"><ele>2019.0</ele><time>2024-07-29T16:04:55Z</time></trkpt>
<trkpt lat="42.036604" lon="-122.856239"><ele>2018.0</ele><time>2024-07-29T16:05:12Z</time></trkpt>
<trkpt lat="42.037052" lon="-122.856612"><ele>2016.6</ele><time>2024-07-29T16:05:58Z</time></trkpt>
<trkpt lat="42.037463" lon="-122.857284"><ele>2014.2</ele><time>2024-07-29T16:06:48Z</time></trkpt>
<trkpt lat="42.037561" lon="-122.857251"><ele>2014.6</ele><time>2024-07-29T16:06:53Z</time></trkpt>
<trkpt lat="42.037454" lon="-122.857085"><ele>2014.8</ele><time>2024-07-29T16:07:00Z</time></trkpt>
<trkpt lat="42.037668" lon="-122.856891"><ele>2015.4</ele><time>2024-07-29T16:07:16Z</time></trkpt>
<trkpt lat="42.037891" lon="-122.856556"><ele>2013.4</ele><time>2024-07-29T16:08:44Z</time></trkpt>
<trkpt lat="42.038017" lon="-122.856543"><ele>2014.4</ele><time>2024-07-29T16:08:47Z</time></trkpt>
<trkpt lat="42.037971" lon="-122.856412"><ele>2014.4</ele><time>2024-07-29T16:08:48Z</time></trkpt>
<trkpt lat="42.038311" lon="-122.856458"><ele>2014.4</ele><time>2024-07-29T16:08:49Z</time></trkpt>
<trkpt lat="42.037593" lon="-122.856654"><ele>2014.2</ele><time>2024-07-29T16:08:58Z</time></trkpt>
<trkpt lat="42.037598" lon="-122.856842"><ele>2014.2</ele><time>2024-07-29T16:09:02Z</time></trkpt>
<trkpt lat="42.038185" lon="-122.856469"><ele>2015.0</ele><time>2024-07-29T16:10:47Z</time></trkpt>
<trkpt lat="42.038104" lon="-122.856452"><ele>2015.0</ele><time>2024-07-29T16:10:48Z</time></trkpt>
<trkpt lat="42.037875" lon="-122.856792"><ele>2015.0</ele><time>2024-07-29T16:10:50Z</time></trkpt>
<trkpt lat="42.037556" lon="-122.856891"><ele>2015.0</ele><time>2024-07-29T16:10:52Z</time></trkpt>
<trkpt lat="42.037328" lon="-122.856842"><ele>2015.8</ele><time>2024-07-29T16:13:02Z</time></trkpt>
<trkpt lat="42.037643" lon="-122.856791"><ele>2015.6</ele><time>2024-07-29T16:14:49Z</time></trkpt>
<trkpt lat="42.037506" lon="-122.856915"><ele>2015.2</ele><time>2024-07-29T16:14:57Z</time></trkpt>
<trkpt lat="42.037454" lon="-122.856844"><ele>2016.0</ele><time>2024-07-29T16:15:06Z</time></trkpt>
<trkpt lat="42.037687" lon="-122.856827"><ele>2016.4</ele><time>2024-07-29T16:16:49Z</time></trkpt>
<trkpt lat="42.037476" lon="-122.856878"><ele>2016.4</ele><time>2024-07-29T16:16:56Z</time></trkpt>
<trkpt lat="42.037725" lon="-122.856796"><ele>2017.0</ele><time>2024-07-29T16:18:52Z</time></trkpt>
<trkpt lat="42.037698" lon="-122.856729"><ele>2016.8</ele><time>2024-07-29T16:18:53Z</time></trkpt>
<trkpt lat="42.037510" lon="-122.856836"><ele>2017.0</ele><time>2024-07-29T16:18:58Z</time></trkpt>
<trkpt lat="42.037479" lon="-122.856983"><ele>2017.4</ele><time>2024-07-29T16:20:47Z</time></trkpt>
<trkpt lat="42.037531" lon="-122.857041"><ele>2017.6</ele><time>2024-07-29T16:20:51Z</time></trkpt>
<trkpt lat="42.037413" lon="-122.856899"><ele>2017.8</ele><time>2024-07-29T16:20:57Z</time></trkpt>
<trkpt lat="42.037624" lon="-122.856807"><ele>2018.2</ele><time>2024-07-29T16:22:52Z</time></trkpt>
<trkpt lat="42.037469" lon="-122.856849"><ele>2018.4</ele><time>2024-07-29T16:23:00Z</time></trkpt>
<trkpt lat="42.037729" lon="-122.856601"><ele>2018.8</ele><time>2024-07-29T16:24:50Z</time></trkpt>
<trkpt lat="42.037449" lon="-122.856818"><ele>2018.8</ele><time>2024-07-29T16:24:53Z</time></trkpt>
<trkpt lat="42.037483" lon="-122.856859"><ele>2019.0</ele><time>2024-07-29T16:25:00Z</time></trkpt>
<trkpt lat="42.037535" lon="-122.856775"><ele>2019.8</ele><time>2024-07-29T16:26:55Z</time></trkpt>
<trkpt lat="42.037423" lon="-122.856950"><ele>2020.4</ele><time>2024-07-29T16:28:35Z</time></trkpt>
<trkpt lat="42.037403" lon="-122.857042"><ele>2020.4</ele><time>2024-07-29T16:28:57Z</time></trkpt>
<trkpt lat="42.037439" lon="-122.857031"><ele>2020.6</ele><time>2024-07-29T16:29:02Z</time></trkpt>
<trkpt lat="42.037588" lon="-122.856738"><ele>2020.8</ele><time>2024-07-29T16:30:49Z</time></trkpt>
<trkpt lat="42.037513" lon="-122.856760"><ele>2021.0</ele><time>2024-07-29T16:30:52Z</time></trkpt>
<trkpt lat="42.037514" lon="-122.856835"><ele>2020.8</ele><time>2024-07-29T16:31:05Z</time></trkpt>
<trkpt lat="42.037294" lon="-122.856885"><ele>2020.4</ele><time>2024-07-29T16:32:47Z</time></trkpt>
<trkpt lat="42.037603" lon="-122.856764"><ele>2021.2</ele><time>2024-07-29T16:32:52Z</time></trkpt>
<trkpt lat="42.037532" lon="-122.856849"><ele>2021.4</ele><time>2024-07-29T16:32:55Z</time></trkpt>
<trkpt lat="42.037584" lon="-122.856784"><ele>2021.6</ele><time>2024-07-29T16:32:58Z</time></trkpt>
<trkpt lat="42.037553" lon="-122.856822"><ele>2021.4</ele><time>2024-07-29T16:33:06Z</time></trkpt>
<trkpt lat="42.038080" lon="-122.856797"><ele>2018.2</ele><time>2024-07-29T16:34:21Z</time></trkpt>
<trkpt lat="42.038814" lon="-122.856584"><ele>2011.8</ele><time>2024-07-29T16:35:06Z</time></trkpt>
<trkpt lat="42.040504" lon="-122.856535"><ele>2006.6</ele><time>2024-07-29T16:36:52Z</time></trkpt>
<trkpt lat="42.040505" lon="-122.856716"><ele>2006.6</ele><time>2024-07-29T16:37:00Z</time></trkpt>
<trkpt lat="42.041004" lon="-122.857003"><ele>2005.2</ele><time>2024-07-29T16:37:36Z</time></trkpt>
<trkpt lat="42.041804" lon="-122.857146"><ele>2001.0</ele><time>2024-07-29T16:38:51Z</time></trkpt>
<trkpt lat="42.042259" lon="-122.857350"><ele>2000.0</ele><time>2024-07-29T16:39:15Z</time></trkpt>
<trkpt lat="42.042699" lon="-122.857282"><ele>2000.2</ele><time>2024-07-29T16:39:51Z</time></trkpt>
<trkpt lat="42.043422" lon="-122.856970"><ele>1999.8</ele><time>2024-07-29T16:40:50Z</time></trkpt>
<trkpt lat="42.044594" lon="-122.855800"><ele>2005.4</ele><time>2024-07-29T16:42:54Z</time></trkpt>
<trkpt lat="42.044675" lon="-122.855625"><ele>2005.2</ele><time>2024-07-29T16:42:55Z</time></trkpt>
<trkpt lat="42.044735" lon="-122.855661"><ele>2005.2</ele><time>2024-07-29T16:43:00Z</time></trkpt>
<trkpt lat="42.045722" lon="-122.854185"><ele>2001.0</ele><time>2024-07-29T16:44:48Z</time></trkpt>
<trkpt lat="42.045846" lon="-122.854115"><ele>2001.4</ele><time>2024-07-29T16:44:58Z</time></trkpt>
<trkpt lat="42.046422" lon="-122.852927"><ele>2000.8</ele><time>2024-07-29T16:46:23Z</time></trkpt>
<trkpt lat="42.046852" lon="-122.852452"><ele>2000.6</ele><time>2024-07-29T16:46:55Z</time></trkpt>
<trkpt lat="42.046811" lon="-122.852329"><ele>2000.6</ele><time>2024-07-29T16:46:58Z</time></trkpt>
<trkpt lat="42.047242" lon="-122.851860"><ele>2000.4</ele><time>2024-07-29T16:47:41Z</time></trkpt>
<trkpt lat="42.047642" lon="-122.851252"><ele>1998.0</ele><time>2024-07-29T16:48:35Z</time></trkpt>
<trkpt lat="42.048700" lon="-122.849238"><ele>1998.0</ele><time>2024-07-29T16:50:48Z</time></trkpt>
<trkpt lat="42.049252" lon="-122.848437"><ele>1995.0</ele><time>2024-07-29T16:51:44Z</time></trkpt>
<trkpt lat="42.049196" lon="-122.848440"><ele>1994.8</ele><time>2024-07-29T16:51:46Z</time></trkpt>
<trkpt lat="42.049438" lon="-122.847558"><ele>1988.4</ele><time>2024-07-29T16:52:51Z</time></trkpt>
<trkpt lat="42.049818" lon="-122.846641"><ele>1982.8</ele><time>2024-07-29T16:53:58Z</time></trkpt>
<trkpt lat="42.050733" lon="-122.846144"><ele>1978.2</ele><time>2024-07-29T16:55:30Z</time></trkpt>
<trkpt lat="42.051199" lon="-122.845775"><ele>1973.0</ele><time>2024-07-29T16:56:07Z</time></trkpt>
<trkpt lat="42.051319" lon="-122.845818"><ele>1972.2</ele><time>2024-07-29T16:56:14Z</time></trkpt>
<trkpt lat="42.051832" lon="-122.845625"><ele>1972.0</ele><time>2024-07-29T16:57:02Z</time></trkpt>
<trkpt lat="42.053822" lon="-122.845444"><ele>1979.0</ele><time>2024-07-29T16:59:52Z</time></trkpt>
<trkpt lat="42.054392" lon="-122.845276"><ele>1982.6</ele><time>2024-07-29T17:00:47Z</time></trkpt>
<trkpt lat="42.054365" lon="-122.846711"><ele>1982.2</ele><time>2024-07-29T17:01:05Z</time></trkpt>
<trkpt lat="42.054565" lon="-122.845333"><ele>1982.0</ele><time>2024-07-29T17:01:07Z</time></trkpt>
<trkpt lat="42.054717" lon="-122.845271"><ele>1982.0</ele><time>2024-07-29T17:01:11Z</time></trkpt>
<trkpt lat="42.055084" lon="-122.845409"><ele>1984.2</ele><time>2024-07-29T17:01:44Z</time></trkpt>
<trkpt lat="42.056574" lon="-122.845101"><ele>1993.4</ele><time>2024-07-29T17:03:48Z</time></trkpt>
<trkpt lat="42.056642" lon="-122.844930"><ele>1993.8</ele><time>2024-07-29T17:03:53Z</time></trkpt>
<trkpt lat="42.057026" lon="-122.844686"><ele>1997.0</ele><time>2024-07-29T17:04:30Z</time></trkpt>
<trkpt lat="42.057225" lon="-122.844656"><ele>1996.6</ele><time>2024-07-29T17:05:12Z</time></trkpt>
<trkpt lat="42.057684" lon="-122.844264"><ele>1998.2</ele><time>2024-07-29T17:05:59Z</time></trkpt>
<trkpt lat="42.058885" lon="-122.843549"><ele>2003.4</ele><time>2024-07-29T17:07:47Z</time></trkpt>
<trkpt lat="42.059340" lon="-122.843362"><ele>2007.0</ele><time>2024-07-29T17:08:39Z</time></trkpt>
<trkpt lat="42.059466" lon="-122.843224"><ele>2008.0</ele><time>2024-07-29T17:08:49Z</time></trkpt>
<trkpt lat="42.061166" lon="-122.842693"><ele>2016.2</ele><time>2024-07-29T17:11:04Z</time></trkpt>
<trkpt lat="42.061430" lon="-122.842399"><ele>2019.8</ele><time>2024-07-29T17:11:44Z</time></trkpt>
<trkpt lat="42.061487" lon="-122.841952"><ele>2022.2</ele><time>2024-07-29T17:12:08Z</time></trkpt>
<trkpt lat="42.061460" lon="-122.841667"><ele>2025.4</ele><time>2024-07-29T17:12:34Z</time></trkpt>
<trkpt lat="42.061248" lon="-122.840947"><ele>2035.0</ele><time>2024-07-29T17:13:47Z</time></trkpt>
<trkpt lat="42.061078" lon="-122.841196"><ele>2036.8</ele><time>2024-07-29T17:14:05Z</time></trkpt>
<trkpt lat="42.061002" lon="-122.841187"><ele>2039.4</ele><time>2024-07-29T17:14:18Z</time></trkpt>
<trkpt lat="42.060992" lon="-122.840601"><ele>2045.6</ele><time>2024-07-29T17:15:07Z</time></trkpt>
<trkpt lat="42.060796" lon="-122.840293"><ele>2048.2</ele><time>2024-07-29T17:15:30Z</time></trkpt>
<trkpt lat="42.060631" lon="-122.840115"><ele>2055.6</ele><time>2024-07-29T17:16:24Z</time></trkpt>
<trkpt lat="42.060380" lon="-122.840061"><ele>2058.2</ele><time>2024-07-29T17:16:46Z</time></trkpt>
<trkpt lat="42.060329" lon="-122.839952"><ele>2060.0</ele><time>2024-07-29T17:16:57Z</time></trkpt>
<trkpt lat="42.060166" lon="-122.839896"><ele>2061.0</ele><time>2024-07-29T17:17:05Z</time></trkpt>
<trkpt lat="42.060211" lon="-122.839831"><ele>2061.2</ele><time>2024-07-29T17:17:06Z</time></trkpt>
<trkpt lat="42.060010" lon="-122.839295"><ele>2069.4</ele><time>2024-07-29T17:18:00Z</time></trkpt>
<trkpt lat="42.059846" lon="-122.839017"><ele>2066.6</ele><time>2024-07-29T17:18:30Z</time></trkpt>
<trkpt lat="42.059189" lon="-122.838480"><ele>2067.0</ele><time>2024-07-29T17:20:07Z</time></trkpt>
<trkpt lat="42.058623" lon="-122.838366"><ele>2067.4</ele><time>2024-07-29T17:20:56Z</time></trkpt>
<trkpt lat="42.058323" lon="-122.838588"><ele>2065.4</ele><time>2024-07-29T17:21:26Z</time></trkpt>
<trkpt lat="42.057607" lon="-122.838738"><ele>2065.4</ele><time>2024-07-29T17:22:16Z</time></trkpt>
<trkpt lat="42.057463" lon="-122.838965"><ele>2064.4</ele><time>2024-07-29T17:22:32Z</time></trkpt>
<trkpt lat="42.056825" lon="-122.839044"><ele>2064.4</ele><time>2024-07-29T17:23:47Z</time></trkpt>
<trkpt lat="42.056568" lon="-122.839167"><ele>2064.6</ele><time>2024-07-29T17:24:01Z</time></trkpt>
<trkpt lat="42.055917" lon="-122.838957"><ele>2066.6</ele><time>2024-07-29T17:25:18Z</time></trkpt>
<trkpt lat="42.055524" lon="-122.838753"><ele>2065.0</ele><time>2024-07-29T17:25:46Z</time></trkpt>
<trkpt lat="42.055377" lon="-122.838603"><ele>2063.6</ele><time>2024-07-29T17:26:05Z</time></trkpt>
<trkpt lat="42.055212" lon="-122.838702"><ele>2063.6</ele><time>2024-07-29T17:26:11Z</time></trkpt>
<trkpt lat="42.054759" lon="-122.838634"><ele>2063.6</ele><time>2024-07-29T17:26:45Z</time></trkpt>
<trkpt lat="42.054495" lon="-122.838764"><ele>2063.6</ele><time>2024-07-29T17:27:04Z</time></trkpt>
<trkpt lat="42.053809" lon="-122.838796"><ele>2065.0</ele><time>2024-07-29T17:28:04Z</time></trkpt>
<trkpt lat="42.053214" lon="-122.838583"><ele>2062.6</ele><time>2024-07-29T17:28:47Z</time></trkpt>
<trkpt lat="42.053050" lon="-122.838238"><ele>2061.8</ele><time>2024-07-29T17:29:08Z</time></trkpt>
<trkpt lat="42.053027" lon="-122.837684"><ele>2059.0</ele><time>2024-07-29T17:29:41Z</time></trkpt>
<trkpt lat="42.052945" lon="-122.837586"><ele>2057.6</ele><time>2024-07-29T17:29:48Z</time></trkpt>
<trkpt lat="42.052909" lon="-122.837330"><ele>2056.6</ele><time>2024-07-29T17:29:59Z</time></trkpt>
<trkpt lat="42.052987" lon="-122.836665"><ele>2053.6</ele><time>2024-07-29T17:30:46Z</time></trkpt>
<trkpt lat="42.052864" lon="-122.836095"><ele>2050.2</ele><time>2024-07-29T17:31:22Z</time></trkpt>
<trkpt lat="42.052882" lon="-122.835545"><ele>2047.2</ele><time>2024-07-29T17:31:47Z</time></trkpt>
<trkpt lat="42.052804" lon="-122.835457"><ele>2046.6</ele><time>2024-07-29T17:31:50Z</time></trkpt>
<trkpt lat="42.052821" lon="-122.835343"><ele>2045.4</ele><time>2024-07-29T17:31:58Z</time></trkpt>
<trkpt lat="42.052414" lon="-122.833647"><ele>2043.4</ele><time>2024-07-29T17:34:03Z</time></trkpt>
<trkpt lat="42.052338" lon="-122.832151"><ele>2037.6</ele><time>2024-07-29T17:35:47Z</time></trkpt>
<trkpt lat="42.052260" lon="-122.831821"><ele>2035.6</ele><time>2024-07-29T17:36:09Z</time></trkpt>
<trkpt lat="42.052340" lon="-122.831298"><ele>2037.2</ele><time>2024-07-29T17:36:45Z</time></trkpt>
<trkpt lat="42.052425" lon="-122.831285"><ele>2037.6</ele><time>2024-07-29T17:36:48Z</time></trkpt>
<trkpt lat="42.052487" lon="-122.831133"><ele>2038.8</ele><time>2024-07-29T17:36:54Z</time></trkpt>
<trkpt lat="42.052502" lon="-122.830130"><ele>2039.0</ele><time>2024-07-29T17:37:42Z</time></trkpt>
<trkpt lat="42.052555" lon="-122.829722"><ele>2046.8</ele><time>2024-07-29T17:38:30Z</time></trkpt>
<trkpt lat="42.052588" lon="-122.829327"><ele>2045.0</ele><time>2024-07-29T17:38:52Z</time></trkpt>
<trkpt lat="42.051936" lon="-122.828534"><ele>2036.0</ele><time>2024-07-29T17:40:00Z</time></trkpt>
<trkpt lat="42.051869" lon="-122.828303"><ele>2033.4</ele><time>2024-07-29T17:40:14Z</time></trkpt>
<trkpt lat="42.051935" lon="-122.827642"><ele>2027.2</ele><time>2024-07-29T17:40:56Z</time></trkpt>
<trkpt lat="42.052130" lon="-122.827237"><ele>2023.0</ele><time>2024-07-29T17:41:23Z</time></trkpt>
<trkpt lat="42.052465" lon="-122.826944"><ele>2018.0</ele><time>2024-07-29T17:42:01Z</time></trkpt>
<trkpt lat="42.052628" lon="-122.826678"><ele>2014.6</ele><time>2024-07-29T17:42:19Z</time></trkpt>
<trkpt lat="42.052845" lon="-122.826572"><ele>2012.4</ele><time>2024-07-29T17:42:35Z</time></trkpt>
<trkpt lat="42.053112" lon="-122.826311"><ele>2009.6</ele><time>2024-07-29T17:42:54Z</time></trkpt>
<trkpt lat="42.053172" lon="-122.825986"><ele>2006.0</ele><time>2024-07-29T17:43:15Z</time></trkpt>
<trkpt lat="42.053501" lon="-122.825438"><ele>2003.8</ele><time>2024-07-29T17:44:09Z</time></trkpt>
<trkpt lat="42.054239" lon="-122.824848"><ele>2000.0</ele><time>2024-07-29T17:45:06Z</time></trkpt>
<trkpt lat="42.054370" lon="-122.824650"><ele>2000.0</ele><time>2024-07-29T17:45:16Z</time></trkpt>
<trkpt lat="42.054430" lon="-122.824331"><ele>2000.2</ele><time>2024-07-29T17:45:46Z</time></trkpt>
<trkpt lat="42.054663" lon="-122.824032"><ele>1998.2</ele><time>2024-07-29T17:46:08Z</time></trkpt>
<trkpt lat="42.054663" lon="-122.823732"><ele>1996.2</ele><time>2024-07-29T17:46:27Z</time></trkpt>
<trkpt lat="42.054568" lon="-122.823559"><ele>1994.6</ele><time>2024-07-29T17:46:43Z</time></trkpt>
<trkpt lat="42.053837" lon="-122.822434"><ele>1983.2</ele><time>2024-07-29T17:48:18Z</time></trkpt>
<trkpt lat="42.053612" lon="-122.822190"><ele>1983.0</ele><time>2024-07-29T17:48:19Z</time></trkpt>
<trkpt lat="42.053761" lon="-122.822273"><ele>1982.0</ele><time>2024-07-29T17:48:26Z</time></trkpt>
<trkpt lat="42.053701" lon="-122.821953"><ele>1981.0</ele><time>2024-07-29T17:48:46Z</time></trkpt>
<trkpt lat="42.053838" lon="-122.821557"><ele>1977.6</ele><time>2024-07-29T17:49:06Z</time></trkpt>
<trkpt lat="42.053644" lon="-122.821313"><ele>1974.4</ele><time>2024-07-29T17:49:24Z</time></trkpt>
<trkpt lat="42.053097" lon="-122.820915"><ele>1969.2</ele><time>2024-07-29T17:50:11Z</time></trkpt>
<trkpt lat="42.053076" lon="-122.820711"><ele>1969.2</ele><time>2024-07-29T17:50:17Z</time></trkpt>
<trkpt lat="42.053118" lon="-122.820641"><ele>1968.8</ele><time>2024-07-29T17:50:24Z</time></trkpt>
<trkpt lat="42.052961" lon="-122.819793"><ele>1963.2</ele><time>2024-07-29T17:51:17Z</time></trkpt>
<trkpt lat="42.053008" lon="-122.819239"><ele>1959.8</ele><time>2024-07-29T17:51:57Z</time></trkpt>
<trkpt lat="42.053237" lon="-122.818655"><ele>1956.0</ele><time>2024-07-29T17:52:49Z</time></trkpt>
<trkpt lat="42.053708" lon="-122.818044"><ele>1949.8</ele><time>2024-07-29T17:53:37Z</time></trkpt>
<trkpt lat="42.053941" lon="-122.817524"><ele>1942.2</ele><time>2024-07-29T17:54:15Z</time></trkpt>
<trkpt lat="42.054453" lon="-122.816997"><ele>1933.6</ele><time>2024-07-29T17:55:06Z</time></trkpt>
<trkpt lat="42.054552" lon="-122.816672"><ele>1931.2</ele><time>2024-07-29T17:55:21Z</time></trkpt>
<trkpt lat="42.054622" lon="-122.816114"><ele>1926.0</ele><time>2024-07-29T17:56:09Z</time></trkpt>
<trkpt lat="42.054596" lon="-122.815878"><ele>1924.2</ele><time>2024-07-29T17:56:21Z</time></trkpt>
<trkpt lat="42.054473" lon="-122.815461"><ele>1918.2</ele><time>2024-07-29T17:56:56Z</time></trkpt>
<trkpt lat="42.054075" lon="-122.815243"><ele>1913.8</ele><time>2024-07-29T17:57:25Z</time></trkpt>
<trkpt lat="42.053278" lon="-122.814529"><ele>1901.4</ele><time>2024-07-29T17:58:51Z</time></trkpt>
<trkpt lat="42.053185" lon="-122.814405"><ele>1900.4</ele><time>2024-07-29T17:58:57Z</time></trkpt>
<trkpt lat="42.053049" lon="-122.813942"><ele>1893.4</ele><time>2024-07-29T17:59:27Z</time></trkpt>
<trkpt lat="42.052903" lon="-122.813324"><ele>1886.4</ele><time>2024-07-29T18:00:13Z</time></trkpt>
<trkpt lat="42.052915" lon="-122.812617"><ele>1880.2</ele><time>2024-07-29T18:00:51Z</time></trkpt>
<trkpt lat="42.052811" lon="-122.811660"><ele>1873.4</ele><time>2024-07-29T18:01:51Z</time></trkpt>
<trkpt lat="42.053087" lon="-122.810780"><ele>1859.2</ele><time>2024-07-29T18:02:57Z</time></trkpt>
<trkpt lat="42.053066" lon="-122.810293"><ele>1850.0</ele><time>2024-07-29T18:03:33Z</time></trkpt>
<trkpt lat="42.052941" lon="-122.809944"><ele>1845.6</ele><time>2024-07-29T18:03:59Z</time></trkpt>
<trkpt lat="42.052269" lon="-122.808892"><ele>1835.0</ele><time>2024-07-29T18:05:06Z</time></trkpt>
<trkpt lat="42.051790" lon="-122.808644"><ele>1828.6</ele><time>2024-07-29T18:05:39Z</time></trkpt>
<trkpt lat="42.051294" lon="-122.807931"><ele>1819.8</ele><time>2024-07-29T18:06:27Z</time></trkpt>
<trkpt lat="42.051019" lon="-122.807841"><ele>1817.6</ele><time>2024-07-29T18:06:55Z</time></trkpt>
<trkpt lat="42.050946" lon="-122.807563"><ele>1815.2</ele><time>2024-07-29T18:07:07Z</time></trkpt>
<trkpt lat="42.050407" lon="-122.807539"><ele>1807.2</ele><time>2024-07-29T18:07:50Z</time></trkpt>
<trkpt lat="42.050387" lon="-122.807458"><ele>1805.0</ele><time>2024-07-29T18:07:56Z</time></trkpt>
<trkpt lat="42.050548" lon="-122.806858"><ele>1798.8</ele><time>2024-07-29T18:08:32Z</time></trkpt>
<trkpt lat="42.050627" lon="-122.806649"><ele>1794.4</ele><time>2024-07-29T18:08:52Z</time></trkpt>
<trkpt lat="42.050731" lon="-122.806671"><ele>1793.4</ele><time>2024-07-29T18:08:59Z</time></trkpt>
<trkpt lat="42.050587" lon="-122.806368"><ele>1791.4</ele><time>2024-07-29T18:09:09Z</time></trkpt>
<trkpt lat="42.050485" lon="-122.806318"><ele>1790.2</ele><time>2024-07-29T18:09:14Z</time></trkpt>
<trkpt lat="42.049859" lon="-122.805446"><ele>1782.0</ele><time>2024-07-29T18:10:17Z</time></trkpt>
<trkpt lat="42.050131" lon="-122.804247"><ele>1777.0</ele><time>2024-07-29T18:11:23Z</time></trkpt>
<trkpt lat="42.050126" lon="-122.803988"><ele>1774.6</ele><time>2024-07-29T18:11:41Z</time></trkpt>
<trkpt lat="42.049980" lon="-122.803435"><ele>1772.6</ele><time>2024-07-29T18:12:10Z</time></trkpt>
<trkpt lat="42.049342" lon="-122.802676"><ele>1770.4</ele><time>2024-07-29T18:13:07Z</time></trkpt>
<trkpt lat="42.048915" lon="-122.801560"><ele>1768.2</ele><time>2024-07-29T18:14:19Z</time></trkpt>
<trkpt lat="42.048937" lon="-122.801405"><ele>1769.8</ele><time>2024-07-29T18:14:28Z</time></trkpt>
<trkpt lat="42.048816" lon="-122.801122"><ele>1772.4</ele><time>2024-07-29T18:14:43Z</time></trkpt>
<trkpt lat="42.048583" lon="-122.800777"><ele>1785.4</ele><time>2024-07-29T18:15:53Z</time></trkpt>
<trkpt lat="42.048242" lon="-122.800315"><ele>1789.4</ele><time>2024-07-29T18:16:25Z</time></trkpt>
<trkpt lat="42.048221" lon="-122.800197"><ele>1790.4</ele><time>2024-07-29T18:16:36Z</time></trkpt>
<trkpt lat="42.047877" lon="-122.799899"><ele>1796.2</ele><time>2024-07-29T18:17:05Z</time></trkpt>
<trkpt lat="42.047356" lon="-122.799252"><ele>1808.4</ele><time>2024-07-29T18:18:22Z</time></trkpt>
<trkpt lat="42.047292" lon="-122.799269"><ele>1809.2</ele><time>2024-07-29T18:18:29Z</time></trkpt>
<trkpt lat="42.047269" lon="-122.799174"><ele>1811.0</ele><time>2024-07-29T18:18:39Z</time></trkpt>
<trkpt lat="42.047042" lon="-122.798999"><ele>1813.8</ele><time>2024-07-29T18:19:00Z</time></trkpt>
<trkpt lat="42.046590" lon="-122.798801"><ele>1818.2</ele><time>2024-07-29T18:19:40Z</time></trkpt>
<trkpt lat="42.046506" lon="-122.798243"><ele>1819.4</ele><time>2024-07-29T18:20:21Z</time></trkpt>
<trkpt lat="42.046565" lon="-122.798299"><ele>1819.6</ele><time>2024-07-29T18:20:23Z</time></trkpt>
<trkpt lat="42.046721" lon="-122.798232"><ele>1821.6</ele><time>2024-07-29T18:20:34Z</time></trkpt>
<trkpt lat="42.046997" lon="-122.797596"><ele>1823.8</ele><time>2024-07-29T18:21:38Z</time></trkpt>
<trkpt lat="42.047336" lon="-122.797098"><ele>1820.0</ele><time>2024-07-29T18:22:16Z</time></trkpt>
<trkpt lat="42.047528" lon="-122.796875"><ele>1819.2</ele><time>2024-07-29T18:22:25Z</time></trkpt>
<trkpt lat="42.047633" lon="-122.796851"><ele>1818.6</ele><time>2024-07-29T18:22:36Z</time></trkpt>
<trkpt lat="42.048130" lon="-122.796117"><ele>1816.8</ele><time>2024-07-29T18:23:35Z</time></trkpt>
<trkpt lat="42.048368" lon="-122.795570"><ele>1816.4</ele><time>2024-07-29T18:24:23Z</time></trkpt>
<trkpt lat="42.048262" lon="-122.795542"><ele>1816.4</ele><time>2024-07-29T18:24:24Z</time></trkpt>
<trkpt lat="42.048183" lon="-122.794901"><ele>1812.8</ele><time>2024-07-29T18:25:13Z</time></trkpt>
<trkpt lat="42.048103" lon="-122.793783"><ele>1806.2</ele><time>2024-07-29T18:26:11Z</time></trkpt>
<trkpt lat="42.048144" lon="-122.793382"><ele>1804.8</ele><time>2024-07-29T18:26:30Z</time></trkpt>
<trkpt lat="42.048572" lon="-122.792596"><ele>1803.0</ele><time>2024-07-29T18:27:06Z</time></trkpt>
<trkpt lat="42.049214" lon="-122.792061"><ele>1798.8</ele><time>2024-07-29T18:28:28Z</time></trkpt>
<trkpt lat="42.049543" lon="-122.792418"><ele>1799.4</ele><time>2024-07-29T18:28:39Z</time></trkpt>
<trkpt lat="42.049907" lon="-122.792444"><ele>1798.2</ele><time>2024-07-29T18:29:05Z</time></trkpt>
<trkpt lat="42.050716" lon="-122.792330"><ele>1798.4</ele><time>2024-07-29T18:30:23Z</time></trkpt>
<trkpt lat="42.050661" lon="-122.792379"><ele>1798.6</ele><time>2024-07-29T18:30:24Z</time></trkpt>
<trkpt lat="42.050922" lon="-122.792475"><ele>1799.8</ele><time>2024-07-29T18:30:35Z</time></trkpt>
<trkpt lat="42.051189" lon="-122.792343"><ele>1799.8</ele><time>2024-07-29T18:30:57Z</time></trkpt>
<trkpt lat="42.051761" lon="-122.792220"><ele>1800.4</ele><time>2024-07-29T18:32:11Z</time></trkpt>
<trkpt lat="42.051960" lon="-122.792064"><ele>1799.2</ele><time>2024-07-29T18:32:23Z</time></trkpt>
<trkpt lat="42.052074" lon="-122.792206"><ele>1798.6</ele><time>2024-07-29T18:32:30Z</time></trkpt>
<trkpt lat="42.052441" lon="-122.792370"><ele>1795.6</ele><time>2024-07-29T18:32:59Z</time></trkpt>
<trkpt lat="42.052530" lon="-122.792545"><ele>1793.2</ele><time>2024-07-29T18:33:15Z</time></trkpt>
<trkpt lat="42.052563" lon="-122.792806"><ele>1791.8</ele><time>2024-07-29T18:33:35Z</time></trkpt>
<trkpt lat="42.052507" lon="-122.792940"><ele>1791.8</ele><time>2024-07-29T18:34:05Z</time></trkpt>
<trkpt lat="42.052758" lon="-122.793131"><ele>1789.6</ele><time>2024-07-29T18:34:28Z</time></trkpt>
<trkpt lat="42.052874" lon="-122.793435"><ele>1790.0</ele><time>2024-07-29T18:34:37Z</time></trkpt>
<trkpt lat="42.052883" lon="-122.794224"><ele>1789.8</ele><time>2024-07-29T18:35:06Z</time></trkpt>
<trkpt lat="42.052913" lon="-122.794641"><ele>1797.4</ele><time>2024-07-29T18:36:16Z</time></trkpt>
<trkpt lat="42.052875" lon="-122.794955"><ele>1798.2</ele><time>2024-07-29T18:36:26Z</time></trkpt>
<trkpt lat="42.053110" lon="-122.795075"><ele>1798.6</ele><time>2024-07-29T18:36:29Z</time></trkpt>
<trkpt lat="42.053132" lon="-122.795296"><ele>1799.6</ele><time>2024-07-29T18:36:37Z</time></trkpt>
<trkpt lat="42.053195" lon="-122.795358"><ele>1799.8</ele><time>2024-07-29T18:36:40Z</time></trkpt>
<trkpt lat="42.053372" lon="-122.795451"><ele>1804.0</ele><time>2024-07-29T18:37:06Z</time></trkpt>
<trkpt lat="42.054032" lon="-122.795877"><ele>1800.6</ele><time>2024-07-29T18:38:06Z</time></trkpt>
<trkpt lat="42.054530" lon="-122.795963"><ele>1797.0</ele><time>2024-07-29T18:38:25Z</time></trkpt>
<trkpt lat="42.054685" lon="-122.795774"><ele>1795.8</ele><time>2024-07-29T18:38:39Z</time></trkpt>
<trkpt lat="42.055107" lon="-122.795613"><ele>1794.4</ele><time>2024-07-29T18:39:02Z</time></trkpt>
<trkpt lat="42.056080" lon="-122.795524"><ele>1793.4</ele><time>2024-07-29T18:40:22Z</time></trkpt>
<trkpt lat="42.056086" lon="-122.795577"><ele>1793.4</ele><time>2024-07-29T18:40:24Z</time></trkpt>
<trkpt lat="42.056776" lon="-122.795257"><ele>1794.6</ele><time>2024-07-29T18:41:10Z</time></trkpt>
<trkpt lat="42.057468" lon="-122.795012"><ele>1802.4</ele><time>2024-07-29T18:42:26Z</time></trkpt>
<trkpt lat="42.057578" lon="-122.794962"><ele>1804.4</ele><time>2024-07-29T18:42:37Z</time></trkpt>
<trkpt lat="42.057832" lon="-122.794537"><ele>1808.6</ele><time>2024-07-29T18:43:13Z</time></trkpt>
<trkpt lat="42.058214" lon="-122.794281"><ele>1812.6</ele><time>2024-07-29T18:44:23Z</time></trkpt>
<trkpt lat="42.058236" lon="-122.794337"><ele>1813.2</ele><time>2024-07-29T18:44:30Z</time></trkpt>
<trkpt lat="42.058182" lon="-122.794261"><ele>1812.8</ele><time>2024-07-29T18:44:36Z</time></trkpt>
<trkpt lat="42.058216" lon="-122.794288"><ele>1813.0</ele><time>2024-07-29T18:44:38Z</time></trkpt>
<trkpt lat="42.058060" lon="-122.794506"><ele>1813.4</ele><time>2024-07-29T18:46:58Z</time></trkpt>
<trkpt lat="42.057840" lon="-122.794627"><ele>1813.8</ele><time>2024-07-29T18:48:18Z</time></trkpt>
<trkpt lat="42.058271" lon="-122.794307"><ele>1814.0</ele><time>2024-07-29T18:48:28Z</time></trkpt>
<trkpt lat="42.058313" lon="-122.794362"><ele>1814.0</ele><time>2024-07-29T18:48:31Z</time></trkpt>
<trkpt lat="42.058195" lon="-122.794280"><ele>1814.8</ele><time>2024-07-29T18:50:33Z</time></trkpt>
<trkpt lat="42.058325" lon="-122.794188"><ele>1815.6</ele><time>2024-07-29T18:51:12Z</time></trkpt>
<trkpt lat="42.058421" lon="-122.793906"><ele>1816.6</ele><time>2024-07-29T18:52:29Z</time></trkpt>
<trkpt lat="42.058487" lon="-122.794038"><ele>1816.8</ele><time>2024-07-29T18:52:31Z</time></trkpt>
<trkpt lat="42.058167" lon="-122.794186"><ele>1816.8</ele><time>2024-07-29T18:52:35Z</time></trkpt>
<trkpt lat="42.058455" lon="-122.793976"><ele>1817.4</ele><time>2024-07-29T18:54:33Z</time></trkpt>
<trkpt lat="42.058394" lon="-122.793912"><ele>1817.6</ele><time>2024-07-29T18:54:35Z</time></trkpt>
<trkpt lat="42.058434" lon="-122.793981"><ele>1817.8</ele><time>2024-07-29T18:54:38Z</time></trkpt>
<trkpt lat="42.058301" lon="-122.794175"><ele>1818.8</ele><time>2024-07-29T18:56:32Z</time></trkpt>
<trkpt lat="42.058205" lon="-122.794139"><ele>1818.8</ele><time>2024-07-29T18:56:35Z</time></trkpt>
<trkpt lat="42.058228" lon="-122.794055"><ele>1819.0</ele><time>2024-07-29T18:58:28Z</time></trkpt>
<trkpt lat="42.058259" lon="-122.794196"><ele>1819.4</ele><time>2024-07-29T18:58:32Z</time></trkpt>
<trkpt lat="42.058119" lon="-122.794202"><ele>1818.8</ele><time>2024-07-29T18:58:42Z</time></trkpt>
<trkpt lat="42.058090" lon="-122.794279"><ele>1819.4</ele><time>2024-07-29T18:58:54Z</time></trkpt>
<trkpt lat="42.058319" lon="-122.794405"><ele>1818.8</ele><time>2024-07-29T18:59:09Z</time></trkpt>
<trkpt lat="42.057972" lon="-122.794178"><ele>1820.6</ele><time>2024-07-29T19:03:01Z</time></trkpt>
<trkpt lat="42.058148" lon="-122.794178"><ele>1819.8</ele><time>2024-07-29T19:03:15Z</time></trkpt>
<trkpt lat="42.058249" lon="-122.794508"><ele>1819.0</ele><time>2024-07-29T19:03:51Z</time></trkpt>
<trkpt lat="42.058201" lon="-122.794461"><ele>1819.2</ele><time>2024-07-29T19:03:55Z</time></trkpt>
<trkpt lat="42.058247" lon="-122.794488"><ele>1819.0</ele><time>2024-07-29T19:04:02Z</time></trkpt>
<trkpt lat="42.058209" lon="-122.793777"><ele>1820.4</ele><time>2024-07-29T19:08:35Z</time></trkpt>
<trkpt lat="42.058082" lon="-122.793384"><ele>1825.6</ele><time>2024-07-29T19:09:17Z</time></trkpt>
<trkpt lat="42.058092" lon="-122.792971"><ele>1830.2</ele><time>2024-07-29T19:09:53Z</time></trkpt>
<trkpt lat="42.058136" lon="-122.792972"><ele>1830.4</ele><time>2024-07-29T19:09:55Z</time></trkpt>
<trkpt lat="42.058187" lon="-122.792609"><ele>1832.0</ele><time>2024-07-29T19:10:09Z</time></trkpt>
<trkpt lat="42.058597" lon="-122.791913"><ele>1838.8</ele><time>2024-07-29T19:11:08Z</time></trkpt>
<trkpt lat="42.059185" lon="-122.791056"><ele>1840.6</ele><time>2024-07-29T19:11:56Z</time></trkpt>
<trkpt lat="42.059107" lon="-122.791227"><ele>1840.6</ele><time>2024-07-29T19:11:58Z</time></trkpt>
<trkpt lat="42.059071" lon="-122.791148"><ele>1841.0</ele><time>2024-07-29T19:12:02Z</time></trkpt>
<trkpt lat="42.059529" lon="-122.790077"><ele>1847.8</ele><time>2024-07-29T19:13:10Z</time></trkpt>
<trkpt lat="42.060230" lon="-122.789125"><ele>1857.8</ele><time>2024-07-29T19:14:22Z</time></trkpt>
<trkpt lat="42.060758" lon="-122.788034"><ele>1868.4</ele><time>2024-07-29T19:15:58Z</time></trkpt>
<trkpt lat="42.060814" lon="-122.787203"><ele>1873.2</ele><time>2024-07-29T19:16:34Z</time></trkpt>
<trkpt lat="42.060961" lon="-122.786189"><ele>1884.0</ele><time>2024-07-29T19:17:57Z</time></trkpt>
<trkpt lat="42.060893" lon="-122.786085"><ele>1885.0</ele><time>2024-07-29T19:18:02Z</time></trkpt>
<trkpt lat="42.061360" lon="-122.784326"><ele>1898.6</ele><time>2024-07-29T19:19:56Z</time></trkpt>
<trkpt lat="42.061450" lon="-122.782991"><ele>1911.4</ele><time>2024-07-29T19:21:36Z</time></trkpt>
<trkpt lat="42.061561" lon="-122.782118"><ele>1914.8</ele><time>2024-07-29T19:22:08Z</time></trkpt>
<trkpt lat="42.061111" lon="-122.781223"><ele>1922.0</ele><time>2024-07-29T19:23:09Z</time></trkpt>
<trkpt lat="42.060841" lon="-122.780391"><ele>1927.4</ele><time>2024-07-29T19:24:05Z</time></trkpt>
<trkpt lat="42.061372" lon="-122.780239"><ele>1929.0</ele><time>2024-07-29T19:24:39Z</time></trkpt>
<trkpt lat="42.061613" lon="-122.780258"><ele>1941.0</ele><time>2024-07-29T19:25:41Z</time></trkpt>
<trkpt lat="42.061853" lon="-122.780089"><ele>1942.6</ele><time>2024-07-29T19:25:56Z</time></trkpt>
<trkpt lat="42.061741" lon="-122.780228"><ele>1943.0</ele><time>2024-07-29T19:26:01Z</time></trkpt>
<trkpt lat="42.061872" lon="-122.780136"><ele>1944.0</ele><time>2024-07-29T19:26:08Z</time></trkpt>
<trkpt lat="42.063159" lon="-122.778703"><ele>1961.2</ele><time>2024-07-29T19:27:55Z</time></trkpt>
<trkpt lat="42.063032" lon="-122.778751"><ele>1961.4</ele><time>2024-07-29T19:27:56Z</time></trkpt>
<trkpt lat="42.062985" lon="-122.778854"><ele>1962.0</ele><time>2024-07-29T19:27:59Z</time></trkpt>
<trkpt lat="42.063533" lon="-122.778761"><ele>1969.2</ele><time>2024-07-29T19:28:44Z</time></trkpt>
<trkpt lat="42.064257" lon="-122.778773"><ele>1977.4</ele><time>2024-07-29T19:29:56Z</time></trkpt>
<trkpt lat="42.064442" lon="-122.778584"><ele>1977.6</ele><time>2024-07-29T19:29:58Z</time></trkpt>
<trkpt lat="42.064482" lon="-122.778416"><ele>1978.2</ele><time>2024-07-29T19:30:07Z</time></trkpt>
<trkpt lat="42.064815" lon="-122.778143"><ele>1978.8</ele><time>2024-07-29T19:30:23Z</time></trkpt>
<trkpt lat="42.065285" lon="-122.777513"><ele>1986.4</ele><time>2024-07-29T19:31:19Z</time></trkpt>
<trkpt lat="42.065507" lon="-122.776917"><ele>1988.4</ele><time>2024-07-29T19:31:49Z</time></trkpt>
<trkpt lat="42.066136" lon="-122.776841"><ele>1989.0</ele><time>2024-07-29T19:31:54Z</time></trkpt>
<trkpt lat="42.065893" lon="-122.776916"><ele>1989.2</ele><time>2024-07-29T19:31:55Z</time></trkpt>
<trkpt lat="42.065390" lon="-122.776730"><ele>1989.4</ele><time>2024-07-29T19:31:56Z</time></trkpt>
<trkpt lat="42.065209" lon="-122.776524"><ele>1989.6</ele><time>2024-07-29T19:31:57Z</time></trkpt>
<trkpt lat="42.064977" lon="-122.776604"><ele>1991.0</ele><time>2024-07-29T19:32:08Z</time></trkpt>
<trkpt lat="42.064939" lon="-122.776534"><ele>1992.2</ele><time>2024-07-29T19:32:15Z</time></trkpt>
<trkpt lat="42.065189" lon="-122.775964"><ele>1996.2</ele><time>2024-07-29T19:32:49Z</time></trkpt>
<trkpt lat="42.065142" lon="-122.775886"><ele>1997.2</ele><time>2024-07-29T19:32:55Z</time></trkpt>
<trkpt lat="42.065177" lon="-122.775790"><ele>1999.4</ele><time>2024-07-29T19:33:06Z</time></trkpt>
<trkpt lat="42.065671" lon="-122.775124"><ele>2004.6</ele><time>2024-07-29T19:33:48Z</time></trkpt>
<trkpt lat="42.065786" lon="-122.774760"><ele>2011.0</ele><time>2024-07-29T19:34:34Z</time></trkpt>
<trkpt lat="42.066068" lon="-122.774295"><ele>2015.4</ele><time>2024-07-29T19:35:01Z</time></trkpt>
<trkpt lat="42.066852" lon="-122.772493"><ele>2030.0</ele><time>2024-07-29T19:37:02Z</time></trkpt>
<trkpt lat="42.067479" lon="-122.770701"><ele>2043.4</ele><time>2024-07-29T19:38:54Z</time></trkpt>
<trkpt lat="42.067517" lon="-122.770731"><ele>2043.6</ele><time>2024-07-29T19:38:55Z</time></trkpt>
<trkpt lat="42.067321" lon="-122.770815"><ele>2044.4</ele><time>2024-07-29T19:39:01Z</time></trkpt>
<trkpt lat="42.067576" lon="-122.770514"><ele>2046.0</ele><time>2024-07-29T19:39:12Z</time></trkpt>
<trkpt lat="42.067636" lon="-122.770335"><ele>2047.0</ele><time>2024-07-29T19:39:22Z</time></trkpt>
<trkpt lat="42.067523" lon="-122.769678"><ele>2050.8</ele><time>2024-07-29T19:40:00Z</time></trkpt>
<trkpt lat="42.066949" lon="-122.768339"><ele>2068.6</ele><time>2024-07-29T19:42:00Z</time></trkpt>
<trkpt lat="42.066886" lon="-122.767996"><ele>2071.0</ele><time>2024-07-29T19:42:18Z</time></trkpt>
<trkpt lat="42.066728" lon="-122.768036"><ele>2072.0</ele><time>2024-07-29T19:42:32Z</time></trkpt>
<trkpt lat="42.066740" lon="-122.767831"><ele>2074.2</ele><time>2024-07-29T19:42:46Z</time></trkpt>
<trkpt lat="42.066544" lon="-122.767917"><ele>2074.2</ele><time>2024-07-29T19:42:47Z</time></trkpt>
<trkpt lat="42.066597" lon="-122.767713"><ele>2074.8</ele><time>2024-07-29T19:42:50Z</time></trkpt>
<trkpt lat="42.066501" lon="-122.767368"><ele>2077.2</ele><time>2024-07-29T19:43:08Z</time></trkpt>
<trkpt lat="42.065530" lon="-122.765954"><ele>2092.4</ele><time>2024-07-29T19:45:03Z</time></trkpt>
<trkpt lat="42.065309" lon="-122.764419"><ele>2107.6</ele><time>2024-07-29T19:46:52Z</time></trkpt>
<trkpt lat="42.065382" lon="-122.764415"><ele>2107.8</ele><time>2024-07-29T19:46:53Z</time></trkpt>
<trkpt lat="42.065386" lon="-122.764335"><ele>2108.6</ele><time>2024-07-29T19:46:59Z</time></trkpt>
<trkpt lat="42.065399" lon="-122.764426"><ele>2108.0</ele><time>2024-07-29T19:47:07Z</time></trkpt>
<trkpt lat="42.065455" lon="-122.764323"><ele>2108.4</ele><time>2024-07-29T19:47:37Z</time></trkpt>
<trkpt lat="42.065361" lon="-122.764282"><ele>2107.8</ele><time>2024-07-29T19:48:54Z</time></trkpt>
<trkpt lat="42.065493" lon="-122.764184"><ele>2107.6</ele><time>2024-07-29T19:49:01Z</time></trkpt>
<trkpt lat="42.065850" lon="-122.764244"><ele>2106.2</ele><time>2024-07-29T19:50:53Z</time></trkpt>
<trkpt lat="42.066023" lon="-122.764128"><ele>2106.0</ele><time>2024-07-29T19:51:07Z</time></trkpt>
<trkpt lat="42.066184" lon="-122.764218"><ele>2106.2</ele><time>2024-07-29T19:51:17Z</time></trkpt>
<trkpt lat="42.066547" lon="-122.764225"><ele>2106.0</ele><time>2024-07-29T19:51:47Z</time></trkpt>
<trkpt lat="42.066755" lon="-122.764072"><ele>2105.6</ele><time>2024-07-29T19:52:06Z</time></trkpt>
<trkpt lat="42.066939" lon="-122.763747"><ele>2106.0</ele><time>2024-07-29T19:52:21Z</time></trkpt>
<trkpt lat="42.067068" lon="-122.763138"><ele>2105.8</ele><time>2024-07-29T19:53:03Z</time></trkpt>
<trkpt lat="42.067092" lon="-122.762845"><ele>2105.6</ele><time>2024-07-29T19:53:17Z</time></trkpt>
<trkpt lat="42.067046" lon="-122.762744"><ele>2105.6</ele><time>2024-07-29T19:53:27Z</time></trkpt>
<trkpt lat="42.067490" lon="-122.762007"><ele>2105.8</ele><time>2024-07-29T19:54:18Z</time></trkpt>
<trkpt lat="42.067648" lon="-122.761370"><ele>2103.8</ele><time>2024-07-29T19:54:54Z</time></trkpt>
<trkpt lat="42.067799" lon="-122.761148"><ele>2103.2</ele><time>2024-07-29T19:55:06Z</time></trkpt>
<trkpt lat="42.067997" lon="-122.760201"><ele>2103.6</ele><time>2024-07-29T19:56:03Z</time></trkpt>
<trkpt lat="42.067950" lon="-122.759557"><ele>2108.0</ele><time>2024-07-29T19:56:51Z</time></trkpt>
<trkpt lat="42.068006" lon="-122.759478"><ele>2108.2</ele><time>2024-07-29T19:56:53Z</time></trkpt>
<trkpt lat="42.067988" lon="-122.759323"><ele>2109.0</ele><time>2024-07-29T19:56:59Z</time></trkpt>
<trkpt lat="42.068250" lon="-122.758977"><ele>2112.4</ele><time>2024-07-29T19:57:23Z</time></trkpt>
<trkpt lat="42.068618" lon="-122.758797"><ele>2120.4</ele><time>2024-07-29T19:58:09Z</time></trkpt>
<trkpt lat="42.068994" lon="-122.758225"><ele>2122.2</ele><time>2024-07-29T19:58:50Z</time></trkpt>
<trkpt lat="42.069073" lon="-122.758266"><ele>2122.2</ele><time>2024-07-29T19:58:51Z</time></trkpt>
<trkpt lat="42.069068" lon="-122.757632"><ele>2123.8</ele><time>2024-07-29T19:59:20Z</time></trkpt>
<trkpt lat="42.069230" lon="-122.757171"><ele>2124.6</ele><time>2024-07-29T19:59:47Z</time></trkpt>
<trkpt lat="42.069511" lon="-122.756854"><ele>2127.2</ele><time>2024-07-29T20:00:13Z</time></trkpt>
<trkpt lat="42.069651" lon="-122.756169"><ele>2131.6</ele><time>2024-07-29T20:00:51Z</time></trkpt>
<trkpt lat="42.069988" lon="-122.755350"><ele>2144.0</ele><time>2024-07-29T20:01:54Z</time></trkpt>
<trkpt lat="42.069943" lon="-122.755299"><ele>2144.0</ele><time>2024-07-29T20:01:56Z</time></trkpt>
<trkpt lat="42.070224" lon="-122.755178"><ele>2145.0</ele><time>2024-07-29T20:02:18Z</time></trkpt>
<trkpt lat="42.070815" lon="-122.755289"><ele>2142.4</ele><time>2024-07-29T20:03:06Z</time></trkpt>
<trkpt lat="42.071295" lon="-122.755141"><ele>2137.0</ele><time>2024-07-29T20:03:51Z</time></trkpt>
<trkpt lat="42.071578" lon="-122.755026"><ele>2135.0</ele><time>2024-07-29T20:04:11Z</time></trkpt>
<trkpt lat="42.071665" lon="-122.754910"><ele>2135.0</ele><time>2024-07-29T20:04:22Z</time></trkpt>
<trkpt lat="42.072299" lon="-122.754531"><ele>2130.8</ele><time>2024-07-29T20:05:07Z</time></trkpt>
<trkpt lat="42.073053" lon="-122.753303"><ele>2122.4</ele><time>2024-07-29T20:06:36Z</time></trkpt>
<trkpt lat="42.073246" lon="-122.753160"><ele>2122.0</ele><time>2024-07-29T20:06:53Z</time></trkpt>
<trkpt lat="42.073554" lon="-122.752749"><ele>2119.8</ele><time>2024-07-29T20:07:21Z</time></trkpt>
<trkpt lat="42.074054" lon="-122.752306"><ele>2122.6</ele><time>2024-07-29T20:08:04Z</time></trkpt>
<trkpt lat="42.075079" lon="-122.751094"><ele>2124.4</ele><time>2024-07-29T20:09:53Z</time></trkpt>
<trkpt lat="42.075256" lon="-122.750795"><ele>2125.2</ele><time>2024-07-29T20:10:11Z</time></trkpt>
<trkpt lat="42.075395" lon="-122.750158"><ele>2122.4</ele><time>2024-07-29T20:10:48Z</time></trkpt>
<trkpt lat="42.075530" lon="-122.749800"><ele>2124.6</ele><time>2024-07-29T20:11:08Z</time></trkpt>
<trkpt lat="42.075141" lon="-122.748729"><ele>2125.6</ele><time>2024-07-29T20:12:34Z</time></trkpt>
<trkpt lat="42.074932" lon="-122.748407"><ele>2125.6</ele><time>2024-07-29T20:12:51Z</time></trkpt>
<trkpt lat="42.074534" lon="-122.748215"><ele>2125.4</ele><time>2024-07-29T20:13:19Z</time></trkpt>
<trkpt lat="42.074043" lon="-122.747707"><ele>2122.4</ele><time>2024-07-29T20:14:03Z</time></trkpt>
<trkpt lat="42.073985" lon="-122.747254"><ele>2122.4</ele><time>2024-07-29T20:14:30Z</time></trkpt>
<trkpt lat="42.073789" lon="-122.746781"><ele>2126.2</ele><time>2024-07-29T20:15:40Z</time></trkpt>
<trkpt lat="42.073760" lon="-122.746601"><ele>2124.4</ele><time>2024-07-29T20:15:51Z</time></trkpt>
<trkpt lat="42.073462" lon="-122.746472"><ele>2119.4</ele><time>2024-07-29T20:16:09Z</time></trkpt>
<trkpt lat="42.073435" lon="-122.746542"><ele>2118.2</ele><time>2024-07-29T20:16:16Z</time></trkpt>
<trkpt lat="42.073250" lon="-122.746580"><ele>2114.2</ele><time>2024-07-29T20:16:32Z</time></trkpt>
<trkpt lat="42.072982" lon="-122.746518"><ele>2110.2</ele><time>2024-07-29T20:16:54Z</time></trkpt>
<trkpt lat="42.072790" lon="-122.746332"><ele>2104.6</ele><time>2024-07-29T20:17:12Z</time></trkpt>
<trkpt lat="42.072716" lon="-122.746149"><ele>2101.2</ele><time>2024-07-29T20:17:26Z</time></trkpt>
<trkpt lat="42.073692" lon="-122.745700"><ele>2086.6</ele><time>2024-07-29T20:18:46Z</time></trkpt>
<trkpt lat="42.074103" lon="-122.744907"><ele>2078.2</ele><time>2024-07-29T20:19:44Z</time></trkpt>
<trkpt lat="42.074260" lon="-122.744759"><ele>2077.2</ele><time>2024-07-29T20:19:54Z</time></trkpt>
<trkpt lat="42.074226" lon="-122.744719"><ele>2077.0</ele><time>2024-07-29T20:19:55Z</time></trkpt>
<trkpt lat="42.074383" lon="-122.744550"><ele>2074.6</ele><time>2024-07-29T20:20:11Z</time></trkpt>
<trkpt lat="42.074598" lon="-122.744474"><ele>2073.6</ele><time>2024-07-29T20:20:20Z</time></trkpt>
<trkpt lat="42.075673" lon="-122.744517"><ele>2070.0</ele><time>2024-07-29T20:22:01Z</time></trkpt>
<trkpt lat="42.076346" lon="-122.744875"><ele>2066.0</ele><time>2024-07-29T20:23:02Z</time></trkpt>
<trkpt lat="42.076705" lon="-122.744875"><ele>2062.6</ele><time>2024-07-29T20:23:24Z</time></trkpt>
<trkpt lat="42.077107" lon="-122.744692"><ele>2056.8</ele><time>2024-07-29T20:23:50Z</time></trkpt>
<trkpt lat="42.077484" lon="-122.744230"><ele>2060.2</ele><time>2024-07-29T20:24:38Z</time></trkpt>
<trkpt lat="42.077708" lon="-122.744113"><ele>2058.2</ele><time>2024-07-29T20:25:00Z</time></trkpt>
<trkpt lat="42.077833" lon="-122.743065"><ele>2050.0</ele><time>2024-07-29T20:25:52Z</time></trkpt>
<trkpt lat="42.077964" lon="-122.742730"><ele>2049.8</ele><time>2024-07-29T20:26:05Z</time></trkpt>
<trkpt lat="42.078115" lon="-122.741933"><ele>2048.2</ele><time>2024-07-29T20:26:45Z</time></trkpt>
<trkpt lat="42.078542" lon="-122.741018"><ele>2045.8</ele><time>2024-07-29T20:27:52Z</time></trkpt>
<trkpt lat="42.079313" lon="-122.740306"><ele>2040.8</ele><time>2024-07-29T20:28:54Z</time></trkpt>
<trkpt lat="42.079649" lon="-122.740663"><ele>2038.8</ele><time>2024-07-29T20:29:32Z</time></trkpt>
<trkpt lat="42.079809" lon="-122.740727"><ele>2039.0</ele><time>2024-07-29T20:29:44Z</time></trkpt>
<trkpt lat="42.080053" lon="-122.740684"><ele>2036.6</ele><time>2024-07-29T20:29:59Z</time></trkpt>
<trkpt lat="42.080005" lon="-122.740597"><ele>2036.2</ele><time>2024-07-29T20:30:01Z</time></trkpt>
<trkpt lat="42.080289" lon="-122.740545"><ele>2034.8</ele><time>2024-07-29T20:30:22Z</time></trkpt>
<trkpt lat="42.080938" lon="-122.739892"><ele>2028.0</ele><time>2024-07-29T20:31:24Z</time></trkpt>
<trkpt lat="42.081485" lon="-122.739551"><ele>2023.6</ele><time>2024-07-29T20:32:00Z</time></trkpt>
<trkpt lat="42.081574" lon="-122.739430"><ele>2022.8</ele><time>2024-07-29T20:32:10Z</time></trkpt>
<trkpt lat="42.081593" lon="-122.739076"><ele>2022.4</ele><time>2024-07-29T20:32:25Z</time></trkpt>
<trkpt lat="42.081531" lon="-122.738626"><ele>2021.4</ele><time>2024-07-29T20:32:50Z</time></trkpt>
<trkpt lat="42.080776" lon="-122.736209"><ele>2022.2</ele><time>2024-07-29T20:35:09Z</time></trkpt>
<trkpt lat="42.080940" lon="-122.735379"><ele>2027.2</ele><time>2024-07-29T20:36:00Z</time></trkpt>
<trkpt lat="42.081274" lon="-122.734768"><ele>2025.6</ele><time>2024-07-29T20:36:30Z</time></trkpt>
<trkpt lat="42.081540" lon="-122.733369"><ele>2021.8</ele><time>2024-07-29T20:38:06Z</time></trkpt>
<trkpt lat="42.081739" lon="-122.733065"><ele>2021.6</ele><time>2024-07-29T20:38:20Z</time></trkpt>
<trkpt lat="42.082589" lon="-122.732209"><ele>2026.4</ele><time>2024-07-29T20:39:56Z</time></trkpt>
<trkpt lat="42.082810" lon="-122.731321"><ele>2024.2</ele><time>2024-07-29T20:40:50Z</time></trkpt>
<trkpt lat="42.082758" lon="-122.731048"><ele>2023.2</ele><time>2024-07-29T20:41:06Z</time></trkpt>
<trkpt lat="42.082492" lon="-122.730728"><ele>2023.2</ele><time>2024-07-29T20:41:32Z</time></trkpt>
<trkpt lat="42.082393" lon="-122.730730"><ele>2021.6</ele><time>2024-07-29T20:41:42Z</time></trkpt>
<trkpt lat="42.082132" lon="-122.730477"><ele>2022.0</ele><time>2024-07-29T20:42:07Z</time></trkpt>
<trkpt lat="42.081676" lon="-122.730319"><ele>2022.0</ele><time>2024-07-29T20:42:41Z</time></trkpt>
<trkpt lat="42.081388" lon="-122.730321"><ele>2022.8</ele><time>2024-07-29T20:43:13Z</time></trkpt>
<trkpt lat="42.080973" lon="-122.730141"><ele>2022.0</ele><time>2024-07-29T20:43:53Z</time></trkpt>
<trkpt lat="42.080816" lon="-122.729929"><ele>2022.0</ele><time>2024-07-29T20:44:10Z</time></trkpt>
<trkpt lat="42.080644" lon="-122.729424"><ele>2020.6</ele><time>2024-07-29T20:44:38Z</time></trkpt>
<trkpt lat="42.080626" lon="-122.728981"><ele>2020.6</ele><time>2024-07-29T20:45:04Z</time></trkpt>
<trkpt lat="42.080502" lon="-122.728573"><ele>2022.2</ele><time>2024-07-29T20:45:32Z</time></trkpt>
<trkpt lat="42.079798" lon="-122.727752"><ele>2026.6</ele><time>2024-07-29T20:47:03Z</time></trkpt>
<trkpt lat="42.079774" lon="-122.727788"><ele>2026.2</ele><time>2024-07-29T20:47:07Z</time></trkpt>
<trkpt lat="42.079913" lon="-122.727731"><ele>2026.4</ele><time>2024-07-29T20:49:02Z</time></trkpt>
<trkpt lat="42.079852" lon="-122.727848"><ele>2026.4</ele><time>2024-07-29T20:49:04Z</time></trkpt>
<trkpt lat="42.079992" lon="-122.728060"><ele>2026.6</ele><time>2024-07-29T20:50:52Z</time></trkpt>
<trkpt lat="42.080126" lon="-122.727954"><ele>2025.4</ele><time>2024-07-29T20:51:04Z</time></trkpt>
<trkpt lat="42.080106" lon="-122.727906"><ele>2025.4</ele><time>2024-07-29T20:51:11Z</time></trkpt>
<trkpt lat="42.080020" lon="-122.727954"><ele>2025.6</ele><time>2024-07-29T20:51:20Z</time></trkpt>
<trkpt lat="42.080109" lon="-122.727928"><ele>2025.6</ele><time>2024-07-29T20:51:50Z</time></trkpt>
<trkpt lat="42.080054" lon="-122.728075"><ele>2025.6</ele><time>2024-07-29T20:51:54Z</time></trkpt>
<trkpt lat="42.079989" lon="-122.728004"><ele>2025.6</ele><time>2024-07-29T20:52:00Z</time></trkpt>
<trkpt lat="42.080060" lon="-122.727922"><ele>2025.4</ele><time>2024-07-29T20:52:08Z</time></trkpt>
<trkpt lat="42.079980" lon="-122.727740"><ele>2027.4</ele><time>2024-07-29T20:52:57Z</time></trkpt>
<trkpt lat="42.079823" lon="-122.727706"><ele>2031.4</ele><time>2024-07-29T20:54:01Z</time></trkpt>
<trkpt lat="42.079913" lon="-122.727783"><ele>2032.6</ele><time>2024-07-29T20:56:01Z</time></trkpt>
<trkpt lat="42.079876" lon="-122.727762"><ele>2032.2</ele><time>2024-07-29T20:56:12Z</time></trkpt>
<trkpt lat="42.080344" lon="-122.727745"><ele>2032.4</ele><time>2024-07-29T20:57:55Z</time></trkpt>
<trkpt lat="42.079944" lon="-122.727625"><ele>2032.6</ele><time>2024-07-29T20:58:02Z</time></trkpt>
<trkpt lat="42.079886" lon="-122.727773"><ele>2032.0</ele><time>2024-07-29T20:59:58Z</time></trkpt>
<trkpt lat="42.079956" lon="-122.727735"><ele>2035.6</ele><time>2024-07-29T21:01:56Z</time></trkpt>
<trkpt lat="42.079775" lon="-122.727682"><ele>2035.0</ele><time>2024-07-29T21:02:05Z</time></trkpt>
<trkpt lat="42.079936" lon="-122.727685"><ele>2036.0</ele><time>2024-07-29T21:04:07Z</time></trkpt>
<trkpt lat="42.079952" lon="-122.728036"><ele>2032.2</ele><time>2024-07-29T21:05:57Z</time></trkpt>
<trkpt lat="42.079956" lon="-122.727902"><ele>2032.2</ele><time>2024-07-29T21:05:58Z</time></trkpt>
<trkpt lat="42.079859" lon="-122.727745"><ele>2032.8</ele><time>2024-07-29T21:08:01Z</time></trkpt>
<trkpt lat="42.079917" lon="-122.727704"><ele>2034.4</ele><time>2024-07-29T21:10:51Z</time></trkpt>
<trkpt lat="42.079827" lon="-122.727724"><ele>2033.8</ele><time>2024-07-29T21:11:00Z</time></trkpt>
<trkpt lat="42.079928" lon="-122.727779"><ele>2032.8</ele><time>2024-07-29T21:12:51Z</time></trkpt>
<trkpt lat="42.079853" lon="-122.727726"><ele>2032.8</ele><time>2024-07-29T21:12:58Z</time></trkpt>
<trkpt lat="42.079940" lon="-122.727716"><ele>2032.6</ele><time>2024-07-29T21:13:07Z</time></trkpt>
<trkpt lat="42.079861" lon="-122.727812"><ele>2033.8</ele><time>2024-07-29T21:14:57Z</time></trkpt>
<trkpt lat="42.079864" lon="-122.727697"><ele>2033.8</ele><time>2024-07-29T21:15:10Z</time></trkpt>
<trkpt lat="42.079018" lon="-122.727324"><ele>2033.6</ele><time>2024-07-29T21:16:41Z</time></trkpt>
<trkpt lat="42.078113" lon="-122.727545"><ele>2026.4</ele><time>2024-07-29T21:17:33Z</time></trkpt>
<trkpt lat="42.077161" lon="-122.727566"><ele>2020.0</ele><time>2024-07-29T21:18:51Z</time></trkpt>
<trkpt lat="42.076989" lon="-122.727600"><ele>2018.8</ele><time>2024-07-29T21:18:59Z</time></trkpt>
<trkpt lat="42.076971" lon="-122.727694"><ele>2018.2</ele><time>2024-07-29T21:19:05Z</time></trkpt>
<trkpt lat="42.076834" lon="-122.727655"><ele>2017.8</ele><time>2024-07-29T21:19:13Z</time></trkpt>
<trkpt lat="42.075979" lon="-122.727237"><ele>2009.6</ele><time>2024-07-29T21:20:27Z</time></trkpt>
<trkpt lat="42.075671" lon="-122.726985"><ele>2009.0</ele><time>2024-07-29T21:21:00Z</time></trkpt>
<trkpt lat="42.075072" lon="-122.726266"><ele>2000.8</ele><time>2024-07-29T21:21:59Z</time></trkpt>
<trkpt lat="42.074522" lon="-122.725407"><ele>1994.2</ele><time>2024-07-29T21:22:56Z</time></trkpt>
<trkpt lat="42.074700" lon="-122.724519"><ele>1994.6</ele><time>2024-07-29T21:24:03Z</time></trkpt>
<trkpt lat="42.075064" lon="-122.723581"><ele>1995.2</ele><time>2024-07-29T21:25:09Z</time></trkpt>
<trkpt lat="42.075137" lon="-122.722285"><ele>2002.8</ele><time>2024-07-29T21:26:34Z</time></trkpt>
<trkpt lat="42.075274" lon="-122.721614"><ele>2005.6</ele><time>2024-07-29T21:27:08Z</time></trkpt>
<trkpt lat="42.075086" lon="-122.721219"><ele>2003.0</ele><time>2024-07-29T21:27:28Z</time></trkpt>
<trkpt lat="42.074834" lon="-122.720227"><ele>2000.8</ele><time>2024-07-29T21:28:40Z</time></trkpt>
<trkpt lat="42.074679" lon="-122.720107"><ele>2001.6</ele><time>2024-07-29T21:28:54Z</time></trkpt>
<trkpt lat="42.074560" lon="-122.719802"><ele>2002.6</ele><time>2024-07-29T21:29:11Z</time></trkpt>
<trkpt lat="42.074564" lon="-122.719328"><ele>2004.8</ele><time>2024-07-29T21:29:40Z</time></trkpt>
<trkpt lat="42.074684" lon="-122.718726"><ele>2002.2</ele><time>2024-07-29T21:30:28Z</time></trkpt>
<trkpt lat="42.074566" lon="-122.718464"><ele>2000.6</ele><time>2024-07-29T21:30:48Z</time></trkpt>
<trkpt lat="42.074518" lon="-122.718146"><ele>2000.0</ele><time>2024-07-29T21:30:56Z</time></trkpt>
<trkpt lat="42.074599" lon="-122.718022"><ele>2000.2</ele><time>2024-07-29T21:31:04Z</time></trkpt>
<trkpt lat="42.074588" lon="-122.717883"><ele>2000.4</ele><time>2024-07-29T21:31:13Z</time></trkpt>
<trkpt lat="42.074404" lon="-122.717203"><ele>1999.0</ele><time>2024-07-29T21:32:00Z</time></trkpt>
<trkpt lat="42.074339" lon="-122.717088"><ele>1998.4</ele><time>2024-07-29T21:32:10Z</time></trkpt>
<trkpt lat="42.073975" lon="-122.716843"><ele>1995.6</ele><time>2024-07-29T21:32:59Z</time></trkpt>
<trkpt lat="42.073484" lon="-122.715789"><ele>1982.8</ele><time>2024-07-29T21:34:13Z</time></trkpt>
<trkpt lat="42.073223" lon="-122.715016"><ele>1975.4</ele><time>2024-07-29T21:34:51Z</time></trkpt>
<trkpt lat="42.073158" lon="-122.714890"><ele>1974.8</ele><time>2024-07-29T21:34:57Z</time></trkpt>
<trkpt lat="42.073104" lon="-122.714962"><ele>1974.2</ele><time>2024-07-29T21:35:01Z</time></trkpt>
<trkpt lat="42.072991" lon="-122.714841"><ele>1973.2</ele><time>2024-07-29T21:35:07Z</time></trkpt>
<trkpt lat="42.072770" lon="-122.714254"><ele>1968.6</ele><time>2024-07-29T21:35:52Z</time></trkpt>
<trkpt lat="42.072764" lon="-122.713435"><ele>1966.0</ele><time>2024-07-29T21:36:52Z</time></trkpt>
<trkpt lat="42.072023" lon="-122.713110"><ele>1965.8</ele><time>2024-07-29T21:36:53Z</time></trkpt>
<trkpt lat="42.072660" lon="-122.713261"><ele>1965.8</ele><time>2024-07-29T21:36:57Z</time></trkpt>
<trkpt lat="42.072853" lon="-122.713198"><ele>1965.8</ele><time>2024-07-29T21:37:01Z</time></trkpt>
<trkpt lat="42.072469" lon="-122.712822"><ele>1965.0</ele><time>2024-07-29T21:37:16Z</time></trkpt>
<trkpt lat="42.072470" lon="-122.712719"><ele>1964.2</ele><time>2024-07-29T21:37:20Z</time></trkpt>
<trkpt lat="42.072630" lon="-122.712517"><ele>1963.2</ele><time>2024-07-29T21:37:33Z</time></trkpt>
<trkpt lat="42.072940" lon="-122.712327"><ele>1960.2</ele><time>2024-07-29T21:37:50Z</time></trkpt>
<trkpt lat="42.072700" lon="-122.712259"><ele>1959.6</ele><time>2024-07-29T21:37:54Z</time></trkpt>
<trkpt lat="42.073087" lon="-122.712218"><ele>1956.2</ele><time>2024-07-29T21:38:20Z</time></trkpt>
<trkpt lat="42.073626" lon="-122.711851"><ele>1950.6</ele><time>2024-07-29T21:39:04Z</time></trkpt>
<trkpt lat="42.073773" lon="-122.711540"><ele>1947.4</ele><time>2024-07-29T21:39:32Z</time></trkpt>
<trkpt lat="42.073818" lon="-122.711265"><ele>1946.6</ele><time>2024-07-29T21:39:54Z</time></trkpt>
<trkpt lat="42.074256" lon="-122.710588"><ele>1944.2</ele><time>2024-07-29T21:40:44Z</time></trkpt>
<trkpt lat="42.074777" lon="-122.710074"><ele>1939.4</ele><time>2024-07-29T21:41:32Z</time></trkpt>
<trkpt lat="42.074941" lon="-122.709704"><ele>1939.8</ele><time>2024-07-29T21:41:54Z</time></trkpt>
<trkpt lat="42.075162" lon="-122.709437"><ele>1938.0</ele><time>2024-07-29T21:42:07Z</time></trkpt>
<trkpt lat="42.075244" lon="-122.708992"><ele>1936.4</ele><time>2024-07-29T21:42:26Z</time></trkpt>
<trkpt lat="42.075151" lon="-122.707926"><ele>1932.6</ele><time>2024-07-29T21:43:34Z</time></trkpt>
<trkpt lat="42.075084" lon="-122.707820"><ele>1933.2</ele><time>2024-07-29T21:43:46Z</time></trkpt>
<trkpt lat="42.075074" lon="-122.707644"><ele>1932.0</ele><time>2024-07-29T21:43:59Z</time></trkpt>
<trkpt lat="42.075157" lon="-122.707387"><ele>1931.2</ele><time>2024-07-29T21:44:10Z</time></trkpt>
<trkpt lat="42.075313" lon="-122.707214"><ele>1929.8</ele><time>2024-07-29T21:44:25Z</time></trkpt>
<trkpt lat="42.076239" lon="-122.706902"><ele>1923.8</ele><time>2024-07-29T21:46:06Z</time></trkpt>
<trkpt lat="42.076269" lon="-122.706777"><ele>1923.0</ele><time>2024-07-29T21:46:13Z</time></trkpt>
<trkpt lat="42.076848" lon="-122.706409"><ele>1924.6</ele><time>2024-07-29T21:46:56Z</time></trkpt>
<trkpt lat="42.077585" lon="-122.705624"><ele>1922.2</ele><time>2024-07-29T21:47:57Z</time></trkpt>
<trkpt lat="42.077743" lon="-122.705582"><ele>1921.8</ele><time>2024-07-29T21:48:02Z</time></trkpt>
<trkpt lat="42.078072" lon="-122.705290"><ele>1923.8</ele><time>2024-07-29T21:48:31Z</time></trkpt>
<trkpt lat="42.078362" lon="-122.705221"><ele>1927.6</ele><time>2024-07-29T21:49:17Z</time></trkpt>
<trkpt lat="42.078768" lon="-122.704591"><ele>1926.6</ele><time>2024-07-29T21:49:58Z</time></trkpt>
<trkpt lat="42.078809" lon="-122.704341"><ele>1925.0</ele><time>2024-07-29T21:50:13Z</time></trkpt>
<trkpt lat="42.078676" lon="-122.703833"><ele>1923.8</ele><time>2024-07-29T21:50:44Z</time></trkpt>
<trkpt lat="42.078385" lon="-122.703483"><ele>1919.6</ele><time>2024-07-29T21:51:12Z</time></trkpt>
<trkpt lat="42.077745" lon="-122.703535"><ele>1910.6</ele><time>2024-07-29T21:52:10Z</time></trkpt>
<trkpt lat="42.076850" lon="-122.703071"><ele>1905.0</ele><time>2024-07-29T21:53:18Z</time></trkpt>
<trkpt lat="42.076279" lon="-122.702645"><ele>1902.6</ele><time>2024-07-29T21:54:02Z</time></trkpt>
<trkpt lat="42.076288" lon="-122.702591"><ele>1902.4</ele><time>2024-07-29T21:54:06Z</time></trkpt>
<trkpt lat="42.075233" lon="-122.701500"><ele>1896.4</ele><time>2024-07-29T21:55:40Z</time></trkpt>
<trkpt lat="42.074916" lon="-122.701317"><ele>1893.6</ele><time>2024-07-29T21:55:59Z</time></trkpt>
<trkpt lat="42.074044" lon="-122.699309"><ele>1889.8</ele><time>2024-07-29T21:58:03Z</time></trkpt>
<trkpt lat="42.073771" lon="-122.698142"><ele>1887.4</ele><time>2024-07-29T21:58:56Z</time></trkpt>
<trkpt lat="42.073628" lon="-122.697909"><ele>1889.0</ele><time>2024-07-29T21:59:14Z</time></trkpt>
<trkpt lat="42.073453" lon="-122.697262"><ele>1890.2</ele><time>2024-07-29T21:59:54Z</time></trkpt>
<trkpt lat="42.073312" lon="-122.697365"><ele>1889.8</ele><time>2024-07-29T22:00:03Z</time></trkpt>
<trkpt lat="42.073418" lon="-122.696966"><ele>1887.2</ele><time>2024-07-29T22:00:28Z</time></trkpt>
<trkpt lat="42.073323" lon="-122.696736"><ele>1886.6</ele><time>2024-07-29T22:00:44Z</time></trkpt>
<trkpt lat="42.072712" lon="-122.695991"><ele>1878.0</ele><time>2024-07-29T22:01:55Z</time></trkpt>
<trkpt lat="42.072679" lon="-122.696024"><ele>1878.0</ele><time>2024-07-29T22:02:01Z</time></trkpt>
<trkpt lat="42.072554" lon="-122.694534"><ele>1869.0</ele><time>2024-07-29T22:03:06Z</time></trkpt>
<trkpt lat="42.072491" lon="-122.694307"><ele>1867.2</ele><time>2024-07-29T22:03:20Z</time></trkpt>
<trkpt lat="42.072557" lon="-122.693697"><ele>1864.2</ele><time>2024-07-29T22:03:58Z</time></trkpt>
<trkpt lat="42.072598" lon="-122.693715"><ele>1864.2</ele><time>2024-07-29T22:03:59Z</time></trkpt>
<trkpt lat="42.072249" lon="-122.694017"><ele>1864.0</ele><time>2024-07-29T22:04:04Z</time></trkpt>
<trkpt lat="42.072255" lon="-122.693878"><ele>1863.6</ele><time>2024-07-29T22:04:12Z</time></trkpt>
<trkpt lat="42.071736" lon="-122.692589"><ele>1863.2</ele><time>2024-07-29T22:04:28Z</time></trkpt>
<trkpt lat="42.071756" lon="-122.692341"><ele>1858.6</ele><time>2024-07-29T22:06:00Z</time></trkpt>
<trkpt lat="42.071885" lon="-122.692201"><ele>1858.4</ele><time>2024-07-29T22:06:02Z</time></trkpt>
<trkpt lat="42.072008" lon="-122.691798"><ele>1855.2</ele><time>2024-07-29T22:06:26Z</time></trkpt>
<trkpt lat="42.072090" lon="-122.690991"><ele>1848.2</ele><time>2024-07-29T22:07:16Z</time></trkpt>
<trkpt lat="42.072537" lon="-122.690411"><ele>1842.8</ele><time>2024-07-29T22:08:06Z</time></trkpt>
<trkpt lat="42.073130" lon="-122.689278"><ele>1834.2</ele><time>2024-07-29T22:09:15Z</time></trkpt>
<trkpt lat="42.073323" lon="-122.688488"><ele>1828.4</ele><time>2024-07-29T22:09:59Z</time></trkpt>
<trkpt lat="42.073269" lon="-122.688464"><ele>1828.2</ele><time>2024-07-29T22:10:02Z</time></trkpt>
<trkpt lat="42.073301" lon="-122.688360"><ele>1827.4</ele><time>2024-07-29T22:10:08Z</time></trkpt>
<trkpt lat="42.073136" lon="-122.688221"><ele>1826.4</ele><time>2024-07-29T22:10:16Z</time></trkpt>
<trkpt lat="42.072165" lon="-122.688223"><ele>1818.8</ele><time>2024-07-29T22:11:06Z</time></trkpt>
<trkpt lat="42.071253" lon="-122.688748"><ele>1815.0</ele><time>2024-07-29T22:12:02Z</time></trkpt>
<trkpt lat="42.071382" lon="-122.688604"><ele>1813.6</ele><time>2024-07-29T22:12:12Z</time></trkpt>
<trkpt lat="42.070507" lon="-122.687837"><ele>1799.6</ele><time>2024-07-29T22:14:14Z</time></trkpt>
<trkpt lat="42.070143" lon="-122.687016"><ele>1791.2</ele><time>2024-07-29T22:15:00Z</time></trkpt>
<trkpt lat="42.069873" lon="-122.686298"><ele>1799.0</ele><time>2024-07-29T22:16:05Z</time></trkpt>
<trkpt lat="42.069812" lon="-122.686259"><ele>1799.6</ele><time>2024-07-29T22:16:10Z</time></trkpt>
<trkpt lat="42.069809" lon="-122.684345"><ele>1805.6</ele><time>2024-07-29T22:17:58Z</time></trkpt>
<trkpt lat="42.069742" lon="-122.684235"><ele>1805.6</ele><time>2024-07-29T22:18:04Z</time></trkpt>
<trkpt lat="42.069639" lon="-122.683132"><ele>1802.6</ele><time>2024-07-29T22:18:46Z</time></trkpt>
<trkpt lat="42.069488" lon="-122.682661"><ele>1801.4</ele><time>2024-07-29T22:19:16Z</time></trkpt>
<trkpt lat="42.069435" lon="-122.682249"><ele>1804.8</ele><time>2024-07-29T22:19:55Z</time></trkpt>
<trkpt lat="42.069159" lon="-122.682245"><ele>1804.8</ele><time>2024-07-29T22:20:07Z</time></trkpt>
<trkpt lat="42.069206" lon="-122.680291"><ele>1794.4</ele><time>2024-07-29T22:21:58Z</time></trkpt>
<trkpt lat="42.069073" lon="-122.680203"><ele>1794.0</ele><time>2024-07-29T22:22:01Z</time></trkpt>
<trkpt lat="42.069053" lon="-122.680100"><ele>1792.8</ele><time>2024-07-29T22:22:05Z</time></trkpt>
<trkpt lat="42.069000" lon="-122.680137"><ele>1790.8</ele><time>2024-07-29T22:22:13Z</time></trkpt>
<trkpt lat="42.069266" lon="-122.679311"><ele>1781.6</ele><time>2024-07-29T22:22:54Z</time></trkpt>
<trkpt lat="42.069473" lon="-122.679033"><ele>1779.8</ele><time>2024-07-29T22:23:16Z</time></trkpt>
<trkpt lat="42.069531" lon="-122.678320"><ele>1773.0</ele><time>2024-07-29T22:23:55Z</time></trkpt>
<trkpt lat="42.069613" lon="-122.678251"><ele>1773.0</ele><time>2024-07-29T22:23:56Z</time></trkpt>
<trkpt lat="42.069180" lon="-122.677949"><ele>1769.8</ele><time>2024-07-29T22:24:12Z</time></trkpt>
<trkpt lat="42.069540" lon="-122.677834"><ele>1769.4</ele><time>2024-07-29T22:24:16Z</time></trkpt>
<trkpt lat="42.069376" lon="-122.677954"><ele>1768.4</ele><time>2024-07-29T22:24:22Z</time></trkpt>
<trkpt lat="42.069205" lon="-122.677400"><ele>1764.4</ele><time>2024-07-29T22:24:52Z</time></trkpt>
<trkpt lat="42.069296" lon="-122.677288"><ele>1763.4</ele><time>2024-07-29T22:24:59Z</time></trkpt>
<trkpt lat="42.069280" lon="-122.677088"><ele>1762.4</ele><time>2024-07-29T22:25:14Z</time></trkpt>
<trkpt lat="42.069140" lon="-122.676871"><ele>1759.8</ele><time>2024-07-29T22:25:29Z</time></trkpt>
<trkpt lat="42.069098" lon="-122.676407"><ele>1755.2</ele><time>2024-07-29T22:25:53Z</time></trkpt>
<trkpt lat="42.068752" lon="-122.675580"><ele>1746.4</ele><time>2024-07-29T22:26:39Z</time></trkpt>
<trkpt lat="42.068622" lon="-122.675174"><ele>1742.4</ele><time>2024-07-29T22:26:58Z</time></trkpt>
<trkpt lat="42.068687" lon="-122.675156"><ele>1742.0</ele><time>2024-07-29T22:27:00Z</time></trkpt>
<trkpt lat="42.068234" lon="-122.675418"><ele>1740.0</ele><time>2024-07-29T22:27:10Z</time></trkpt>
<trkpt lat="42.068345" lon="-122.674375"><ele>1733.0</ele><time>2024-07-29T22:27:50Z</time></trkpt>
<trkpt lat="42.068298" lon="-122.674103"><ele>1729.8</ele><time>2024-07-29T22:28:30Z</time></trkpt>
<trkpt lat="42.068368" lon="-122.673814"><ele>1723.0</ele><time>2024-07-29T22:28:52Z</time></trkpt>
<trkpt lat="42.068548" lon="-122.673626"><ele>1721.6</ele><time>2024-07-29T22:28:58Z</time></trkpt>
<trkpt lat="42.068348" lon="-122.673758"><ele>1721.4</ele><time>2024-07-29T22:28:59Z</time></trkpt>
<trkpt lat="42.068103" lon="-122.673752"><ele>1721.2</ele><time>2024-07-29T22:29:01Z</time></trkpt>
<trkpt lat="42.068132" lon="-122.673903"><ele>1720.8</ele><time>2024-07-29T22:29:03Z</time></trkpt>
<trkpt lat="42.068199" lon="-122.673697"><ele>1719.6</ele><time>2024-07-29T22:29:10Z</time></trkpt>
<trkpt lat="42.068128" lon="-122.673348"><ele>1713.0</ele><time>2024-07-29T22:29:45Z</time></trkpt>
<trkpt lat="42.068199" lon="-122.673111"><ele>1709.6</ele><time>2024-07-29T22:30:05Z</time></trkpt>
<trkpt lat="42.067939" lon="-122.673004"><ele>1705.0</ele><time>2024-07-29T22:30:23Z</time></trkpt>
<trkpt lat="42.067417" lon="-122.673063"><ele>1696.4</ele><time>2024-07-29T22:30:57Z</time></trkpt>
<trkpt lat="42.067373" lon="-122.673150"><ele>1695.8</ele><time>2024-07-29T22:30:58Z</time></trkpt>
<trkpt lat="42.067634" lon="-122.673091"><ele>1694.2</ele><time>2024-07-29T22:31:02Z</time></trkpt>
<trkpt lat="42.067909" lon="-122.672827"><ele>1691.2</ele><time>2024-07-29T22:31:14Z</time></trkpt>
<trkpt lat="42.067932" lon="-122.672624"><ele>1687.4</ele><time>2024-07-29T22:31:29Z</time></trkpt>
<trkpt lat="42.067851" lon="-122.672706"><ele>1686.4</ele><time>2024-07-29T22:31:56Z</time></trkpt>
<trkpt lat="42.067913" lon="-122.672430"><ele>1684.8</ele><time>2024-07-29T22:32:12Z</time></trkpt>
<trkpt lat="42.067818" lon="-122.672320"><ele>1683.0</ele><time>2024-07-29T22:32:18Z</time></trkpt>
<trkpt lat="42.067726" lon="-122.671988"><ele>1680.6</ele><time>2024-07-29T22:32:35Z</time></trkpt>
<trkpt lat="42.067713" lon="-122.671696"><ele>1677.2</ele><time>2024-07-29T22:33:08Z</time></trkpt>
<trkpt lat="42.067784" lon="-122.671738"><ele>1676.2</ele><time>2024-07-29T22:33:49Z</time></trkpt>
<trkpt lat="42.067716" lon="-122.671649"><ele>1675.0</ele><time>2024-07-29T22:34:07Z</time></trkpt>
<trkpt lat="42.067686" lon="-122.671700"><ele>1675.6</ele><time>2024-07-29T22:34:14Z</time></trkpt>
<trkpt lat="42.067730" lon="-122.671667"><ele>1675.0</ele><time>2024-07-29T22:35:53Z</time></trkpt>
<trkpt lat="42.067690" lon="-122.671757"><ele>1675.2</ele><time>2024-07-29T22:36:13Z</time></trkpt>
<trkpt lat="42.067759" lon="-122.671754"><ele>1675.4</ele><time>2024-07-29T22:36:43Z</time></trkpt>
<trkpt lat="42.067690" lon="-122.671670"><ele>1675.0</ele><time>2024-07-29T22:37:09Z</time></trkpt>
<trkpt lat="42.067737" lon="-122.671595"><ele>1675.2</ele><time>2024-07-29T22:37:53Z</time></trkpt>
<trkpt lat="42.067696" lon="-122.671695"><ele>1675.2</ele><time>2024-07-29T22:38:02Z</time></trkpt>
<trkpt lat="42.067813" lon="-122.671683"><ele>1674.4</ele><time>2024-07-29T22:40:37Z</time></trkpt>
<trkpt lat="42.067772" lon="-122.671820"><ele>1675.2</ele><time>2024-07-29T22:41:12Z</time></trkpt>
<trkpt lat="42.067715" lon="-122.671715"><ele>1675.6</ele><time>2024-07-29T22:43:06Z</time></trkpt>
<trkpt lat="42.067785" lon="-122.671719"><ele>1674.8</ele><time>2024-07-29T22:50:07Z</time></trkpt>
<trkpt lat="42.067770" lon="-122.671767"><ele>1674.8</ele><time>2024-07-29T22:50:11Z</time></trkpt>
<trkpt lat="42.067912" lon="-122.671631"><ele>1674.6</ele><time>2024-07-29T22:53:32Z</time></trkpt>
<trkpt lat="42.067988" lon="-122.671667"><ele>1674.6</ele><time>2024-07-29T22:54:00Z</time></trkpt>
<trkpt lat="42.067764" lon="-122.671632"><ele>1674.4</ele><time>2024-07-29T22:54:12Z</time></trkpt>
<trkpt lat="42.067746" lon="-122.671742"><ele>1675.0</ele><time>2024-07-29T22:54:56Z</time></trkpt>
<trkpt lat="42.067862" lon="-122.671725"><ele>1676.2</ele><time>2024-07-29T22:56:54Z</time></trkpt>
<trkpt lat="42.067735" lon="-122.671792"><ele>1675.8</ele><time>2024-07-29T22:57:07Z</time></trkpt>
<trkpt lat="42.067712" lon="-122.671499"><ele>1676.8</ele><time>2024-07-29T23:00:56Z</time></trkpt>
<trkpt lat="42.067239" lon="-122.670864"><ele>1675.4</ele><time>2024-07-29T23:01:42Z</time></trkpt>
<trkpt lat="42.066817" lon="-122.670154"><ele>1687.2</ele><time>2024-07-29T23:02:57Z</time></trkpt>
<trkpt lat="42.066274" lon="-122.669501"><ele>1684.0</ele><time>2024-07-29T23:03:37Z</time></trkpt>
<trkpt lat="42.065965" lon="-122.668971"><ele>1682.8</ele><time>2024-07-29T23:04:23Z</time></trkpt>
<trkpt lat="42.065435" lon="-122.668589"><ele>1676.6</ele><time>2024-07-29T23:05:00Z</time></trkpt>
<trkpt lat="42.065212" lon="-122.667761"><ele>1670.4</ele><time>2024-07-29T23:05:46Z</time></trkpt>
<trkpt lat="42.065454" lon="-122.666352"><ele>1657.2</ele><time>2024-07-29T23:06:59Z</time></trkpt>
<trkpt lat="42.065408" lon="-122.666340"><ele>1656.8</ele><time>2024-07-29T23:07:02Z</time></trkpt>
<trkpt lat="42.065541" lon="-122.666311"><ele>1656.0</ele><time>2024-07-29T23:07:07Z</time></trkpt>
<trkpt lat="42.065586" lon="-122.666200"><ele>1656.0</ele><time>2024-07-29T23:07:12Z</time></trkpt>
<trkpt lat="42.065612" lon="-122.665002"><ele>1645.0</ele><time>2024-07-29T23:08:20Z</time></trkpt>
<trkpt lat="42.065681" lon="-122.664627"><ele>1641.8</ele><time>2024-07-29T23:08:40Z</time></trkpt>
<trkpt lat="42.065919" lon="-122.664358"><ele>1636.2</ele><time>2024-07-29T23:09:03Z</time></trkpt>
<trkpt lat="42.066004" lon="-122.664379"><ele>1633.2</ele><time>2024-07-29T23:09:15Z</time></trkpt>
<trkpt lat="42.066866" lon="-122.664041"><ele>1620.4</ele><time>2024-07-29T23:10:18Z</time></trkpt>
<trkpt lat="42.067646" lon="-122.663866"><ele>1613.0</ele><time>2024-07-29T23:11:01Z</time></trkpt>
<trkpt lat="42.067579" lon="-122.663794"><ele>1613.2</ele><time>2024-07-29T23:11:03Z</time></trkpt>
<trkpt lat="42.067524" lon="-122.663844"><ele>1612.6</ele><time>2024-07-29T23:11:10Z</time></trkpt>
<trkpt lat="42.067969" lon="-122.663503"><ele>1609.0</ele><time>2024-07-29T23:11:28Z</time></trkpt>
<trkpt lat="42.068032" lon="-122.663241"><ele>1605.4</ele><time>2024-07-29T23:11:54Z</time></trkpt>
<trkpt lat="42.068498" lon="-122.663117"><ele>1597.2</ele><time>2024-07-29T23:12:26Z</time></trkpt>
<trkpt lat="42.068807" lon="-122.662746"><ele>1586.8</ele><time>2024-07-29T23:13:00Z</time></trkpt>
<trkpt lat="42.068870" lon="-122.662746"><ele>1586.4</ele><time>2024-07-29T23:13:01Z</time></trkpt>
<trkpt lat="42.068796" lon="-122.662630"><ele>1583.0</ele><time>2024-07-29T23:13:13Z</time></trkpt>
<trkpt lat="42.069019" lon="-122.662178"><ele>1576.2</ele><time>2024-07-29T23:13:34Z</time></trkpt>
<trkpt lat="42.069201" lon="-122.661509"><ele>1571.2</ele><time>2024-07-29T23:14:16Z</time></trkpt>
<trkpt lat="42.069352" lon="-122.661028"><ele>1575.6</ele><time>2024-07-29T23:14:57Z</time></trkpt>
<trkpt lat="42.069309" lon="-122.660822"><ele>1576.4</ele><time>2024-07-29T23:15:12Z</time></trkpt>
<trkpt lat="42.069329" lon="-122.660152"><ele>1578.0</ele><time>2024-07-29T23:15:36Z</time></trkpt>
<trkpt lat="42.069642" lon="-122.659064"><ele>1586.2</ele><time>2024-07-29T23:16:56Z</time></trkpt>
<trkpt lat="42.069543" lon="-122.658998"><ele>1586.6</ele><time>2024-07-29T23:16:59Z</time></trkpt>
<trkpt lat="42.069594" lon="-122.659014"><ele>1586.8</ele><time>2024-07-29T23:17:01Z</time></trkpt>
<trkpt lat="42.070081" lon="-122.658361"><ele>1586.6</ele><time>2024-07-29T23:17:37Z</time></trkpt>
<trkpt lat="42.070795" lon="-122.657582"><ele>1588.0</ele><time>2024-07-29T23:19:05Z</time></trkpt>
<trkpt lat="42.071148" lon="-122.656985"><ele>1588.8</ele><time>2024-07-29T23:19:44Z</time></trkpt>
<trkpt lat="42.071230" lon="-122.655814"><ele>1582.4</ele><time>2024-07-29T23:20:58Z</time></trkpt>
<trkpt lat="42.071107" lon="-122.655719"><ele>1581.4</ele><time>2024-07-29T23:21:02Z</time></trkpt>
<trkpt lat="42.071147" lon="-122.655710"><ele>1581.0</ele><time>2024-07-29T23:21:05Z</time></trkpt>
<trkpt lat="42.071103" lon="-122.655531"><ele>1580.4</ele><time>2024-07-29T23:21:11Z</time></trkpt>
<trkpt lat="42.071232" lon="-122.655279"><ele>1577.8</ele><time>2024-07-29T23:21:25Z</time></trkpt>
<trkpt lat="42.071408" lon="-122.655151"><ele>1577.4</ele><time>2024-07-29T23:21:37Z</time></trkpt>
<trkpt lat="42.071605" lon="-122.654752"><ele>1573.6</ele><time>2024-07-29T23:22:05Z</time></trkpt>
<trkpt lat="42.071923" lon="-122.654438"><ele>1571.4</ele><time>2024-07-29T23:22:31Z</time></trkpt>
<trkpt lat="42.072330" lon="-122.654305"><ele>1568.2</ele><time>2024-07-29T23:23:13Z</time></trkpt>
<trkpt lat="42.072639" lon="-122.653750"><ele>1570.0</ele><time>2024-07-29T23:23:48Z</time></trkpt>
<trkpt lat="42.072862" lon="-122.653133"><ele>1567.2</ele><time>2024-07-29T23:24:32Z</time></trkpt>
<trkpt lat="42.073146" lon="-122.652759"><ele>1567.6</ele><time>2024-07-29T23:25:00Z</time></trkpt>
<trkpt lat="42.073109" lon="-122.652708"><ele>1568.0</ele><time>2024-07-29T23:25:05Z</time></trkpt>
<trkpt lat="42.073688" lon="-122.652478"><ele>1570.0</ele><time>2024-07-29T23:25:44Z</time></trkpt>
<trkpt lat="42.074129" lon="-122.652432"><ele>1568.0</ele><time>2024-07-29T23:26:36Z</time></trkpt>
<trkpt lat="42.074611" lon="-122.652255"><ele>1564.2</ele><time>2024-07-29T23:26:58Z</time></trkpt>
<trkpt lat="42.074617" lon="-122.652165"><ele>1563.8</ele><time>2024-07-29T23:27:00Z</time></trkpt>
<trkpt lat="42.075510" lon="-122.651975"><ele>1557.0</ele><time>2024-07-29T23:28:12Z</time></trkpt>
<trkpt lat="42.075787" lon="-122.652198"><ele>1551.6</ele><time>2024-07-29T23:28:34Z</time></trkpt>
<trkpt lat="42.075961" lon="-122.652151"><ele>1546.0</ele><time>2024-07-29T23:28:57Z</time></trkpt>
<trkpt lat="42.075865" lon="-122.652097"><ele>1545.4</ele><time>2024-07-29T23:29:05Z</time></trkpt>
<trkpt lat="42.075926" lon="-122.651716"><ele>1543.2</ele><time>2024-07-29T23:29:30Z</time></trkpt>
<trkpt lat="42.075910" lon="-122.650740"><ele>1537.8</ele><time>2024-07-29T23:30:55Z</time></trkpt>
<trkpt lat="42.076043" lon="-122.650785"><ele>1537.8</ele><time>2024-07-29T23:30:57Z</time></trkpt>
<trkpt lat="42.076080" lon="-122.650653"><ele>1538.0</ele><time>2024-07-29T23:31:07Z</time></trkpt>
<trkpt lat="42.076338" lon="-122.648913"><ele>1545.4</ele><time>2024-07-29T23:32:57Z</time></trkpt>
<trkpt lat="42.076056" lon="-122.648740"><ele>1547.8</ele><time>2024-07-29T23:33:11Z</time></trkpt>
<trkpt lat="42.076295" lon="-122.648047"><ele>1547.6</ele><time>2024-07-29T23:33:42Z</time></trkpt>
<trkpt lat="42.076533" lon="-122.647200"><ele>1554.4</ele><time>2024-07-29T23:34:57Z</time></trkpt>
<trkpt lat="42.076347" lon="-122.646792"><ele>1557.4</ele><time>2024-07-29T23:35:29Z</time></trkpt>
<trkpt lat="42.076385" lon="-122.646373"><ele>1561.8</ele><time>2024-07-29T23:36:07Z</time></trkpt>
<trkpt lat="42.076363" lon="-122.645696"><ele>1562.4</ele><time>2024-07-29T23:36:37Z</time></trkpt>
<trkpt lat="42.076069" lon="-122.645280"><ele>1559.8</ele><time>2024-07-29T23:37:08Z</time></trkpt>
<trkpt lat="42.075961" lon="-122.644954"><ele>1560.8</ele><time>2024-07-29T23:37:34Z</time></trkpt>
<trkpt lat="42.075205" lon="-122.643949"><ele>1554.0</ele><time>2024-07-29T23:38:46Z</time></trkpt>
<trkpt lat="42.075074" lon="-122.643628"><ele>1554.4</ele><time>2024-07-29T23:39:02Z</time></trkpt>
<trkpt lat="42.075294" lon="-122.643293"><ele>1552.8</ele><time>2024-07-29T23:39:22Z</time></trkpt>
<trkpt lat="42.075242" lon="-122.643141"><ele>1551.8</ele><time>2024-07-29T23:39:32Z</time></trkpt>
<trkpt lat="42.075309" lon="-122.642937"><ele>1551.6</ele><time>2024-07-29T23:39:42Z</time></trkpt>
<trkpt lat="42.075475" lon="-122.642733"><ele>1553.4</ele><time>2024-07-29T23:39:56Z</time></trkpt>
<trkpt lat="42.075571" lon="-122.642042"><ele>1551.6</ele><time>2024-07-29T23:40:59Z</time></trkpt>
<trkpt lat="42.075502" lon="-122.642085"><ele>1551.4</ele><time>2024-07-29T23:41:01Z</time></trkpt>
<trkpt lat="42.075515" lon="-122.641942"><ele>1551.2</ele><time>2024-07-29T23:41:08Z</time></trkpt>
<trkpt lat="42.075254" lon="-122.641075"><ele>1545.4</ele><time>2024-07-29T23:41:53Z</time></trkpt>
<trkpt lat="42.075074" lon="-122.640747"><ele>1543.2</ele><time>2024-07-29T23:42:25Z</time></trkpt>
<trkpt lat="42.074997" lon="-122.639838"><ele>1538.6</ele><time>2024-07-29T23:43:07Z</time></trkpt>
<trkpt lat="42.075055" lon="-122.639728"><ele>1538.0</ele><time>2024-07-29T23:43:14Z</time></trkpt>
<trkpt lat="42.075781" lon="-122.639443"><ele>1536.2</ele><time>2024-07-29T23:44:05Z</time></trkpt>
<trkpt lat="42.076327" lon="-122.639007"><ele>1532.4</ele><time>2024-07-29T23:44:49Z</time></trkpt>
<trkpt lat="42.076525" lon="-122.638958"><ele>1531.2</ele><time>2024-07-29T23:45:01Z</time></trkpt>
<trkpt lat="42.076460" lon="-122.638882"><ele>1531.2</ele><time>2024-07-29T23:45:04Z</time></trkpt>
<trkpt lat="42.076547" lon="-122.638859"><ele>1531.8</ele><time>2024-07-29T23:45:12Z</time></trkpt>
<trkpt lat="42.076671" lon="-122.638588"><ele>1532.4</ele><time>2024-07-29T23:45:28Z</time></trkpt>
<trkpt lat="42.076938" lon="-122.637390"><ele>1530.6</ele><time>2024-07-29T23:46:56Z</time></trkpt>
<trkpt lat="42.076973" lon="-122.636958"><ele>1529.6</ele><time>2024-07-29T23:47:13Z</time></trkpt>
<trkpt lat="42.076793" lon="-122.636303"><ele>1526.2</ele><time>2024-07-29T23:47:44Z</time></trkpt>
<trkpt lat="42.076480" lon="-122.635932"><ele>1522.4</ele><time>2024-07-29T23:48:24Z</time></trkpt>
<trkpt lat="42.076113" lon="-122.635123"><ele>1519.6</ele><time>2024-07-29T23:49:10Z</time></trkpt>
<trkpt lat="42.075904" lon="-122.634313"><ele>1516.6</ele><time>2024-07-29T23:49:57Z</time></trkpt>
<trkpt lat="42.076033" lon="-122.633802"><ele>1516.0</ele><time>2024-07-29T23:50:37Z</time></trkpt>
<trkpt lat="42.076262" lon="-122.633569"><ele>1515.2</ele><time>2024-07-29T23:50:58Z</time></trkpt>
<trkpt lat="42.076245" lon="-122.633479"><ele>1515.2</ele><time>2024-07-29T23:51:00Z</time></trkpt>
<trkpt lat="42.076437" lon="-122.633432"><ele>1515.4</ele><time>2024-07-29T23:51:16Z</time></trkpt>
<trkpt lat="42.076810" lon="-122.633134"><ele>1514.2</ele><time>2024-07-29T23:51:53Z</time></trkpt>
<trkpt lat="42.077015" lon="-122.632769"><ele>1513.2</ele><time>2024-07-29T23:52:21Z</time></trkpt>
<trkpt lat="42.077330" lon="-122.632568"><ele>1514.2</ele><time>2024-07-29T23:52:47Z</time></trkpt>
<trkpt lat="42.077459" lon="-122.632397"><ele>1519.4</ele><time>2024-07-29T23:53:08Z</time></trkpt>
<trkpt lat="42.077618" lon="-122.632301"><ele>1519.4</ele><time>2024-07-29T23:53:10Z</time></trkpt>
<trkpt lat="42.077621" lon="-122.632361"><ele>1519.6</ele><time>2024-07-29T23:53:12Z</time></trkpt>
<trkpt lat="42.077419" lon="-122.631627"><ele>1520.8</ele><time>2024-07-29T23:53:44Z</time></trkpt>
<trkpt lat="42.077286" lon="-122.631367"><ele>1516.6</ele><time>2024-07-29T23:54:02Z</time></trkpt>
<trkpt lat="42.077218" lon="-122.630793"><ele>1509.0</ele><time>2024-07-29T23:54:36Z</time></trkpt>
<trkpt lat="42.077290" lon="-122.630498"><ele>1505.4</ele><time>2024-07-29T23:54:54Z</time></trkpt>
<trkpt lat="42.077258" lon="-122.630348"><ele>1504.6</ele><time>2024-07-29T23:54:58Z</time></trkpt>
<trkpt lat="42.077446" lon="-122.630449"><ele>1504.4</ele><time>2024-07-29T23:55:01Z</time></trkpt>
<trkpt lat="42.077324" lon="-122.630345"><ele>1504.4</ele><time>2024-07-29T23:55:03Z</time></trkpt>
<trkpt lat="42.077470" lon="-122.629832"><ele>1500.2</ele><time>2024-07-29T23:55:28Z</time></trkpt>
<trkpt lat="42.077847" lon="-122.629170"><ele>1491.2</ele><time>2024-07-29T23:56:26Z</time></trkpt>
<trkpt lat="42.077944" lon="-122.628644"><ele>1493.8</ele><time>2024-07-29T23:57:01Z</time></trkpt>
<trkpt lat="42.077784" lon="-122.628727"><ele>1494.8</ele><time>2024-07-29T23:57:08Z</time></trkpt>
<trkpt lat="42.076546" lon="-122.627500"><ele>1504.0</ele><time>2024-07-29T23:59:06Z</time></trkpt>
<trkpt lat="42.076282" lon="-122.624926"><ele>1496.6</ele><time>2024-07-30T00:01:30Z</time></trkpt>
<trkpt lat="42.076005" lon="-122.623277"><ele>1489.4</ele><time>2024-07-30T00:03:14Z</time></trkpt>
<trkpt lat="42.076321" lon="-122.622665"><ele>1481.8</ele><time>2024-07-30T00:04:05Z</time></trkpt>
<trkpt lat="42.076850" lon="-122.621901"><ele>1475.4</ele><time>2024-07-30T00:04:57Z</time></trkpt>
<trkpt lat="42.076898" lon="-122.621944"><ele>1475.2</ele><time>2024-07-30T00:05:00Z</time></trkpt>
<trkpt lat="42.076885" lon="-122.621741"><ele>1475.4</ele><time>2024-07-30T00:05:07Z</time></trkpt>
<trkpt lat="42.077368" lon="-122.621441"><ele>1485.4</ele><time>2024-07-30T00:06:13Z</time></trkpt>
<trkpt lat="42.077383" lon="-122.621123"><ele>1482.0</ele><time>2024-07-30T00:06:33Z</time></trkpt>
<trkpt lat="42.077584" lon="-122.620608"><ele>1480.6</ele><time>2024-07-30T00:07:11Z</time></trkpt>
<trkpt lat="42.077371" lon="-122.619984"><ele>1479.4</ele><time>2024-07-30T00:08:00Z</time></trkpt>
<trkpt lat="42.076610" lon="-122.619743"><ele>1468.8</ele><time>2024-07-30T00:09:00Z</time></trkpt>
<trkpt lat="42.076626" lon="-122.619841"><ele>1467.6</ele><time>2024-07-30T00:09:03Z</time></trkpt>
<trkpt lat="42.076211" lon="-122.619554"><ele>1463.4</ele><time>2024-07-30T00:09:38Z</time></trkpt>
<trkpt lat="42.075772" lon="-122.619519"><ele>1456.6</ele><time>2024-07-30T00:10:08Z</time></trkpt>
<trkpt lat="42.075133" lon="-122.619179"><ele>1447.6</ele><time>2024-07-30T00:11:03Z</time></trkpt>
<trkpt lat="42.074965" lon="-122.619218"><ele>1443.4</ele><time>2024-07-30T00:11:16Z</time></trkpt>
<trkpt lat="42.074734" lon="-122.618917"><ele>1439.6</ele><time>2024-07-30T00:11:41Z</time></trkpt>
<trkpt lat="42.074782" lon="-122.617779"><ele>1429.6</ele><time>2024-07-30T00:12:57Z</time></trkpt>
<trkpt lat="42.074665" lon="-122.617645"><ele>1427.8</ele><time>2024-07-30T00:13:16Z</time></trkpt>
<trkpt lat="42.074640" lon="-122.617071"><ele>1420.8</ele><time>2024-07-30T00:14:25Z</time></trkpt>
<trkpt lat="42.074718" lon="-122.616342"><ele>1416.2</ele><time>2024-07-30T00:15:00Z</time></trkpt>
<trkpt lat="42.074566" lon="-122.616215"><ele>1415.4</ele><time>2024-07-30T00:15:05Z</time></trkpt>
<trkpt lat="42.074531" lon="-122.615974"><ele>1413.6</ele><time>2024-07-30T00:15:16Z</time></trkpt>
<trkpt lat="42.074479" lon="-122.615950"><ele>1413.0</ele><time>2024-07-30T00:15:29Z</time></trkpt>
<trkpt lat="42.074573" lon="-122.615100"><ele>1402.8</ele><time>2024-07-30T00:16:17Z</time></trkpt>
<trkpt lat="42.074080" lon="-122.615266"><ele>1392.8</ele><time>2024-07-30T00:16:58Z</time></trkpt>
<trkpt lat="42.074131" lon="-122.615319"><ele>1392.6</ele><time>2024-07-30T00:16:59Z</time></trkpt>
<trkpt lat="42.074119" lon="-122.615211"><ele>1392.0</ele><time>2024-07-30T00:17:02Z</time></trkpt>
<trkpt lat="42.073896" lon="-122.615633"><ele>1384.4</ele><time>2024-07-30T00:17:33Z</time></trkpt>
<trkpt lat="42.073760" lon="-122.615748"><ele>1381.8</ele><time>2024-07-30T00:17:51Z</time></trkpt>
<trkpt lat="42.073577" lon="-122.614793"><ele>1363.6</ele><time>2024-07-30T00:18:57Z</time></trkpt>
<trkpt lat="42.073495" lon="-122.614649"><ele>1360.0</ele><time>2024-07-30T00:19:07Z</time></trkpt>
<trkpt lat="42.073466" lon="-122.614761"><ele>1359.4</ele><time>2024-07-30T00:19:11Z</time></trkpt>
<trkpt lat="42.073544" lon="-122.614625"><ele>1357.6</ele><time>2024-07-30T00:20:57Z</time></trkpt>
<trkpt lat="42.073526" lon="-122.614536"><ele>1357.6</ele><time>2024-07-30T00:21:05Z</time></trkpt>
<trkpt lat="42.073552" lon="-122.614631"><ele>1357.8</ele><time>2024-07-30T00:21:10Z</time></trkpt>
<trkpt lat="42.073481" lon="-122.614668"><ele>1357.8</ele><time>2024-07-30T00:21:20Z</time></trkpt>
<trkpt lat="42.073479" lon="-122.614520"><ele>1350.2</ele><time>2024-07-30T00:21:46Z</time></trkpt>
<trkpt lat="42.073545" lon="-122.613975"><ele>1345.4</ele><time>2024-07-30T00:22:12Z</time></trkpt>
<trkpt lat="42.073564" lon="-122.613197"><ele>1333.2</ele><time>2024-07-30T00:23:00Z</time></trkpt>
<trkpt lat="42.073504" lon="-122.612921"><ele>1330.0</ele><time>2024-07-30T00:23:10Z</time></trkpt>
<trkpt lat="42.073623" lon="-122.612946"><ele>1329.6</ele><time>2024-07-30T00:23:12Z</time></trkpt>
<trkpt lat="42.073524" lon="-122.612962"><ele>1328.6</ele><time>2024-07-30T00:23:16Z</time></trkpt>
<trkpt lat="42.073573" lon="-122.612118"><ele>1316.8</ele><time>2024-07-30T00:24:05Z</time></trkpt>
<trkpt lat="42.073364" lon="-122.611665"><ele>1306.0</ele><time>2024-07-30T00:24:37Z</time></trkpt>
<trkpt lat="42.073274" lon="-122.611383"><ele>1299.0</ele><time>2024-07-30T00:25:06Z</time></trkpt>
<trkpt lat="42.073297" lon="-122.611273"><ele>1297.0</ele><time>2024-07-30T00:25:13Z</time></trkpt>
<trkpt lat="42.073199" lon="-122.611093"><ele>1292.8</ele><time>2024-07-30T00:25:27Z</time></trkpt>
<trkpt lat="42.073272" lon="-122.610891"><ele>1289.4</ele><time>2024-07-30T00:25:37Z</time></trkpt>
<trkpt lat="42.073326" lon="-122.610179"><ele>1279.4</ele><time>2024-07-30T00:26:11Z</time></trkpt>
<trkpt lat="42.073431" lon="-122.609729"><ele>1270.4</ele><time>2024-07-30T00:27:00Z</time></trkpt>
<trkpt lat="42.073251" lon="-122.609315"><ele>1269.8</ele><time>2024-07-30T00:27:26Z</time></trkpt>
<trkpt lat="42.073323" lon="-122.609025"><ele>1269.4</ele><time>2024-07-30T00:27:48Z</time></trkpt>
<trkpt lat="42.073314" lon="-122.609321"><ele>1269.2</ele><time>2024-07-30T00:28:42Z</time></trkpt>
<trkpt lat="42.073420" lon="-122.609373"><ele>1268.4</ele><time>2024-07-30T00:28:56Z</time></trkpt>
<trkpt lat="42.073272" lon="-122.609037"><ele>1267.6</ele><time>2024-07-30T00:29:07Z</time></trkpt>
<trkpt lat="42.073291" lon="-122.608761"><ele>1264.8</ele><time>2024-07-30T00:29:32Z</time></trkpt>
<trkpt lat="42.073413" lon="-122.608660"><ele>1256.8</ele><time>2024-07-30T00:30:04Z</time></trkpt>
<trkpt lat="42.073676" lon="-122.608223"><ele>1248.6</ele><time>2024-07-30T00:30:34Z</time></trkpt>
<trkpt lat="42.073746" lon="-122.608003"><ele>1246.2</ele><time>2024-07-30T00:30:46Z</time></trkpt>
<trkpt lat="42.073745" lon="-122.607659"><ele>1243.8</ele><time>2024-07-30T00:31:00Z</time></trkpt>
<trkpt lat="42.073596" lon="-122.607476"><ele>1242.2</ele><time>2024-07-30T00:31:17Z</time></trkpt>
<trkpt lat="42.073430" lon="-122.606901"><ele>1241.8</ele><time>2024-07-30T00:32:03Z</time></trkpt>
<trkpt lat="42.073359" lon="-122.606295"><ele>1239.6</ele><time>2024-07-30T00:32:38Z</time></trkpt>
<trkpt lat="42.073206" lon="-122.605774"><ele>1236.4</ele><time>2024-07-30T00:33:05Z</time></trkpt>
<trkpt lat="42.073131" lon="-122.605271"><ele>1234.0</ele><time>2024-07-30T00:33:36Z</time></trkpt>
<trkpt lat="42.073157" lon="-122.605117"><ele>1233.0</ele><time>2024-07-30T00:33:44Z</time></trkpt>
<trkpt lat="42.073031" lon="-122.604664"><ele>1228.0</ele><time>2024-07-30T00:34:14Z</time></trkpt>
<trkpt lat="42.073165" lon="-122.604508"><ele>1225.8</ele><time>2024-07-30T00:34:32Z</time></trkpt>
<trkpt lat="42.073157" lon="-122.604574"><ele>1222.6</ele><time>2024-07-30T00:35:36Z</time></trkpt>
<trkpt lat="42.073112" lon="-122.604413"><ele>1221.8</ele><time>2024-07-30T00:36:07Z</time></trkpt>
<trkpt lat="42.073152" lon="-122.604373"><ele>1221.4</ele><time>2024-07-30T00:38:01Z</time></trkpt>
<trkpt lat="42.073154" lon="-122.604431"><ele>1221.4</ele><time>2024-07-30T00:38:17Z</time></trkpt>
</trkseg></trk>
</gpx>
