<?xml version="1.0" encoding="UTF-8"?>
<gpx version="1.1" creator="Eric Sichak trip reports" xmlns="http://www.topografix.com/GPX/1/1">
<metadata><name>Morning Hike</name><time>2024-08-05T14:19:03Z</time></metadata>
<trk><name>Morning Hike</name><type>hike</type><trkseg>
<trkpt lat="43.601621" lon="-121.995816"><ele>1744.4</ele><time>2024-08-05T14:19:03Z</time></trkpt>
<trkpt lat="43.601870" lon="-121.995887"><ele>1745.6</ele><time>2024-08-05T14:19:31Z</time></trkpt>
<trkpt lat="43.601909" lon="-121.996041"><ele>1745.6</ele><time>2024-08-05T14:19:45Z</time></trkpt>
<trkpt lat="43.601769" lon="-121.996400"><ele>1746.0</ele><time>2024-08-05T14:20:42Z</time></trkpt>
<trkpt lat="43.602427" lon="-121.996493"><ele>1746.0</ele><time>2024-08-05T14:21:25Z</time></trkpt>
<trkpt lat="43.603199" lon="-121.996935"><ele>1747.0</ele><time>2024-08-05T14:22:45Z</time></trkpt>
<trkpt lat="43.603479" lon="-121.996986"><ele>1747.8</ele><time>2024-08-05T14:23:02Z</time></trkpt>
<trkpt lat="43.604814" lon="-121.996780"><ele>1760.2</ele><time>2024-08-05T14:24:44Z</time></trkpt>
<trkpt lat="43.604903" lon="-121.996967"><ele>1763.4</ele><time>2024-08-05T14:25:02Z</time></trkpt>
<trkpt lat="43.605160" lon="-121.997098"><ele>1765.8</ele><time>2024-08-05T14:25:19Z</time></trkpt>
<trkpt lat="43.605425" lon="-121.996986"><ele>1773.2</ele><time>2024-08-05T14:26:09Z</time></trkpt>
<trkpt lat="43.605709" lon="-121.997122"><ele>1775.4</ele><time>2024-08-05T14:26:42Z</time></trkpt>
<trkpt lat="43.605649" lon="-121.997201"><ele>1775.8</ele><time>2024-08-05T14:26:44Z</time></trkpt>
<trkpt lat="43.605653" lon="-121.997337"><ele>1776.8</ele><time>2024-08-05T14:26:52Z</time></trkpt>
<trkpt lat="43.605929" lon="-121.998240"><ele>1782.8</ele><time>2024-08-05T14:27:47Z</time></trkpt>
<trkpt lat="43.606250" lon="-121.998993"><ele>1784.8</ele><time>2024-08-05T14:28:42Z</time></trkpt>
<trkpt lat="43.606400" lon="-121.999177"><ele>1785.0</ele><time>2024-08-05T14:28:57Z</time></trkpt>
<trkpt lat="43.607376" lon="-121.999625"><ele>1784.0</ele><time>2024-08-05T14:30:42Z</time></trkpt>
<trkpt lat="43.607624" lon="-121.999841"><ele>1784.6</ele><time>2024-08-05T14:31:02Z</time></trkpt>
<trkpt lat="43.608263" lon="-122.000135"><ele>1785.6</ele><time>2024-08-05T14:32:07Z</time></trkpt>
<trkpt lat="43.608922" lon="-122.000312"><ele>1784.4</ele><time>2024-08-05T14:32:42Z</time></trkpt>
<trkpt lat="43.609528" lon="-122.000056"><ele>1784.4</ele><time>2024-08-05T14:33:23Z</time></trkpt>
<trkpt lat="43.610528" lon="-122.000114"><ele>1784.6</ele><time>2024-08-05T14:34:47Z</time></trkpt>
<trkpt lat="43.610719" lon="-122.000212"><ele>1785.6</ele><time>2024-08-05T14:35:01Z</time></trkpt>
<trkpt lat="43.611119" lon="-122.000755"><ele>1791.4</ele><time>2024-08-05T14:35:57Z</time></trkpt>
<trkpt lat="43.611382" lon="-122.001551"><ele>1795.8</ele><time>2024-08-05T14:36:49Z</time></trkpt>
<trkpt lat="43.611382" lon="-122.001746"><ele>1796.6</ele><time>2024-08-05T14:37:01Z</time></trkpt>
<trkpt lat="43.610913" lon="-122.003528"><ele>1807.2</ele><time>2024-08-05T14:38:57Z</time></trkpt>
<trkpt lat="43.611062" lon="-122.003621"><ele>1808.8</ele><time>2024-08-05T14:39:13Z</time></trkpt>
<trkpt lat="43.611148" lon="-122.003795"><ele>1811.4</ele><time>2024-08-05T14:39:41Z</time></trkpt>
<trkpt lat="43.611496" lon="-122.003803"><ele>1816.0</ele><time>2024-08-05T14:40:42Z</time></trkpt>
<trkpt lat="43.612291" lon="-122.001763"><ele>1827.8</ele><time>2024-08-05T14:42:51Z</time></trkpt>
<trkpt lat="43.612546" lon="-122.000474"><ele>1836.0</ele><time>2024-08-05T14:44:23Z</time></trkpt>
<trkpt lat="43.612570" lon="-121.999917"><ele>1839.0</ele><time>2024-08-05T14:44:49Z</time></trkpt>
<trkpt lat="43.612625" lon="-121.999950"><ele>1839.0</ele><time>2024-08-05T14:44:51Z</time></trkpt>
<trkpt lat="43.612662" lon="-121.999773"><ele>1840.2</ele><time>2024-08-05T14:45:03Z</time></trkpt>
<trkpt lat="43.612904" lon="-121.999737"><ele>1847.4</ele><time>2024-08-05T14:45:45Z</time></trkpt>
<trkpt lat="43.613121" lon="-121.999800"><ele>1849.6</ele><time>2024-08-05T14:46:05Z</time></trkpt>
<trkpt lat="43.613259" lon="-121.999766"><ele>1856.0</ele><time>2024-08-05T14:46:48Z</time></trkpt>
<trkpt lat="43.613382" lon="-121.999865"><ele>1856.8</ele><time>2024-08-05T14:46:57Z</time></trkpt>
<trkpt lat="43.613430" lon="-121.999920"><ele>1857.6</ele><time>2024-08-05T14:47:02Z</time></trkpt>
<trkpt lat="43.613432" lon="-122.000723"><ele>1861.2</ele><time>2024-08-05T14:47:41Z</time></trkpt>
<trkpt lat="43.613315" lon="-122.001687"><ele>1866.2</ele><time>2024-08-05T14:48:50Z</time></trkpt>
<trkpt lat="43.613357" lon="-122.003202"><ele>1871.6</ele><time>2024-08-05T14:50:05Z</time></trkpt>
<trkpt lat="43.613301" lon="-122.003839"><ele>1875.0</ele><time>2024-08-05T14:50:54Z</time></trkpt>
<trkpt lat="43.613397" lon="-122.005712"><ele>1882.0</ele><time>2024-08-05T14:52:43Z</time></trkpt>
<trkpt lat="43.613367" lon="-122.005604"><ele>1882.2</ele><time>2024-08-05T14:52:46Z</time></trkpt>
<trkpt lat="43.613456" lon="-122.005583"><ele>1882.0</ele><time>2024-08-05T14:52:51Z</time></trkpt>
<trkpt lat="43.613489" lon="-122.005375"><ele>1881.6</ele><time>2024-08-05T14:53:02Z</time></trkpt>
<trkpt lat="43.613643" lon="-122.003679"><ele>1893.8</ele><time>2024-08-05T14:54:48Z</time></trkpt>
<trkpt lat="43.614167" lon="-122.002861"><ele>1907.0</ele><time>2024-08-05T14:56:36Z</time></trkpt>
<trkpt lat="43.614233" lon="-122.002835"><ele>1908.4</ele><time>2024-08-05T14:56:43Z</time></trkpt>
<trkpt lat="43.614253" lon="-122.003040"><ele>1912.0</ele><time>2024-08-05T14:57:03Z</time></trkpt>
<trkpt lat="43.614365" lon="-122.002619"><ele>1915.4</ele><time>2024-08-05T14:58:46Z</time></trkpt>
<trkpt lat="43.614772" lon="-122.001725"><ele>1915.0</ele><time>2024-08-05T15:00:46Z</time></trkpt>
<trkpt lat="43.614842" lon="-122.001786"><ele>1915.4</ele><time>2024-08-05T15:00:49Z</time></trkpt>
<trkpt lat="43.615311" lon="-122.001499"><ele>1918.0</ele><time>2024-08-05T15:01:23Z</time></trkpt>
<trkpt lat="43.615830" lon="-122.000958"><ele>1920.4</ele><time>2024-08-05T15:02:43Z</time></trkpt>
<trkpt lat="43.616177" lon="-122.001163"><ele>1920.2</ele><time>2024-08-05T15:02:57Z</time></trkpt>
<trkpt lat="43.617436" lon="-122.001183"><ele>1923.2</ele><time>2024-08-05T15:04:42Z</time></trkpt>
<trkpt lat="43.617644" lon="-122.001375"><ele>1923.6</ele><time>2024-08-05T15:04:51Z</time></trkpt>
<trkpt lat="43.617793" lon="-122.001405"><ele>1924.0</ele><time>2024-08-05T15:05:01Z</time></trkpt>
<trkpt lat="43.619264" lon="-122.001094"><ele>1913.6</ele><time>2024-08-05T15:06:46Z</time></trkpt>
<trkpt lat="43.619619" lon="-122.001411"><ele>1912.8</ele><time>2024-08-05T15:07:09Z</time></trkpt>
<trkpt lat="43.619783" lon="-122.001401"><ele>1911.4</ele><time>2024-08-05T15:07:29Z</time></trkpt>
<trkpt lat="43.620721" lon="-122.001826"><ele>1906.0</ele><time>2024-08-05T15:08:48Z</time></trkpt>
<trkpt lat="43.620749" lon="-122.001962"><ele>1906.2</ele><time>2024-08-05T15:08:59Z</time></trkpt>
<trkpt lat="43.621222" lon="-122.001644"><ele>1903.6</ele><time>2024-08-05T15:09:57Z</time></trkpt>
<trkpt lat="43.621831" lon="-122.001655"><ele>1898.4</ele><time>2024-08-05T15:10:45Z</time></trkpt>
<trkpt lat="43.621985" lon="-122.001737"><ele>1898.0</ele><time>2024-08-05T15:10:51Z</time></trkpt>
<trkpt lat="43.622298" lon="-122.001689"><ele>1896.0</ele><time>2024-08-05T15:11:09Z</time></trkpt>
<trkpt lat="43.622672" lon="-122.001482"><ele>1891.4</ele><time>2024-08-05T15:11:35Z</time></trkpt>
<trkpt lat="43.623230" lon="-122.001316"><ele>1888.4</ele><time>2024-08-05T15:12:39Z</time></trkpt>
<trkpt lat="43.623345" lon="-122.001223"><ele>1887.2</ele><time>2024-08-05T15:12:47Z</time></trkpt>
<trkpt lat="43.623457" lon="-122.000914"><ele>1886.8</ele><time>2024-08-05T15:13:01Z</time></trkpt>
<trkpt lat="43.624107" lon="-122.000511"><ele>1878.2</ele><time>2024-08-05T15:13:46Z</time></trkpt>
<trkpt lat="43.624616" lon="-121.999878"><ele>1872.8</ele><time>2024-08-05T15:14:43Z</time></trkpt>
<trkpt lat="43.624773" lon="-121.999792"><ele>1871.8</ele><time>2024-08-05T15:15:00Z</time></trkpt>
<trkpt lat="43.625534" lon="-121.999678"><ele>1870.6</ele><time>2024-08-05T15:16:04Z</time></trkpt>
<trkpt lat="43.625708" lon="-121.999871"><ele>1870.8</ele><time>2024-08-05T15:16:22Z</time></trkpt>
<trkpt lat="43.625970" lon="-121.999832"><ele>1870.0</ele><time>2024-08-05T15:16:44Z</time></trkpt>
<trkpt lat="43.626052" lon="-121.999658"><ele>1870.2</ele><time>2024-08-05T15:16:51Z</time></trkpt>
<trkpt lat="43.626329" lon="-121.999634"><ele>1871.6</ele><time>2024-08-05T15:17:08Z</time></trkpt>
<trkpt lat="43.626718" lon="-121.999889"><ele>1873.0</ele><time>2024-08-05T15:17:30Z</time></trkpt>
<trkpt lat="43.627510" lon="-122.000182"><ele>1874.4</ele><time>2024-08-05T15:18:59Z</time></trkpt>
<trkpt lat="43.627582" lon="-122.000698"><ele>1876.2</ele><time>2024-08-05T15:19:30Z</time></trkpt>
<trkpt lat="43.627880" lon="-122.001125"><ele>1877.4</ele><time>2024-08-05T15:20:02Z</time></trkpt>
<trkpt lat="43.628198" lon="-122.001411"><ele>1877.8</ele><time>2024-08-05T15:20:30Z</time></trkpt>
<trkpt lat="43.628389" lon="-122.001804"><ele>1875.2</ele><time>2024-08-05T15:20:55Z</time></trkpt>
<trkpt lat="43.628768" lon="-122.002280"><ele>1873.2</ele><time>2024-08-05T15:21:38Z</time></trkpt>
<trkpt lat="43.628987" lon="-122.002007"><ele>1872.0</ele><time>2024-08-05T15:22:02Z</time></trkpt>
<trkpt lat="43.629057" lon="-122.001714"><ele>1869.8</ele><time>2024-08-05T15:22:18Z</time></trkpt>
<trkpt lat="43.629293" lon="-122.001400"><ele>1866.6</ele><time>2024-08-05T15:22:44Z</time></trkpt>
<trkpt lat="43.629396" lon="-122.001354"><ele>1866.2</ele><time>2024-08-05T15:22:48Z</time></trkpt>
<trkpt lat="43.629446" lon="-122.001145"><ele>1864.6</ele><time>2024-08-05T15:22:59Z</time></trkpt>
<trkpt lat="43.629888" lon="-122.001344"><ele>1861.8</ele><time>2024-08-05T15:23:48Z</time></trkpt>
<trkpt lat="43.629975" lon="-122.002325"><ele>1857.2</ele><time>2024-08-05T15:24:45Z</time></trkpt>
<trkpt lat="43.629914" lon="-122.002266"><ele>1856.4</ele><time>2024-08-05T15:24:51Z</time></trkpt>
<trkpt lat="43.630037" lon="-122.002623"><ele>1854.4</ele><time>2024-08-05T15:25:08Z</time></trkpt>
<trkpt lat="43.630020" lon="-122.003103"><ele>1850.8</ele><time>2024-08-05T15:25:36Z</time></trkpt>
<trkpt lat="43.630605" lon="-122.002945"><ele>1844.2</ele><time>2024-08-05T15:26:16Z</time></trkpt>
<trkpt lat="43.630778" lon="-122.002977"><ele>1842.2</ele><time>2024-08-05T15:26:28Z</time></trkpt>
<trkpt lat="43.631155" lon="-122.003241"><ele>1842.2</ele><time>2024-08-05T15:26:47Z</time></trkpt>
<trkpt lat="43.630951" lon="-122.002862"><ele>1841.8</ele><time>2024-08-05T15:26:54Z</time></trkpt>
<trkpt lat="43.631008" lon="-122.002938"><ele>1841.8</ele><time>2024-08-05T15:26:59Z</time></trkpt>
<trkpt lat="43.631111" lon="-122.003601"><ele>1841.4</ele><time>2024-08-05T15:27:32Z</time></trkpt>
<trkpt lat="43.631122" lon="-122.004435"><ele>1841.6</ele><time>2024-08-05T15:28:34Z</time></trkpt>
<trkpt lat="43.631072" lon="-122.004886"><ele>1840.6</ele><time>2024-08-05T15:28:46Z</time></trkpt>
<trkpt lat="43.631033" lon="-122.004863"><ele>1839.8</ele><time>2024-08-05T15:28:54Z</time></trkpt>
<trkpt lat="43.631533" lon="-122.005449"><ele>1831.8</ele><time>2024-08-05T15:29:46Z</time></trkpt>
<trkpt lat="43.631987" lon="-122.005593"><ele>1826.4</ele><time>2024-08-05T15:30:18Z</time></trkpt>
<trkpt lat="43.632565" lon="-122.005479"><ele>1821.8</ele><time>2024-08-05T15:30:59Z</time></trkpt>
<trkpt lat="43.632699" lon="-122.005518"><ele>1822.0</ele><time>2024-08-05T15:31:04Z</time></trkpt>
<trkpt lat="43.634024" lon="-122.006214"><ele>1816.6</ele><time>2024-08-05T15:32:46Z</time></trkpt>
<trkpt lat="43.633904" lon="-122.006119"><ele>1816.6</ele><time>2024-08-05T15:32:48Z</time></trkpt>
<trkpt lat="43.634068" lon="-122.006385"><ele>1816.0</ele><time>2024-08-05T15:33:02Z</time></trkpt>
<trkpt lat="43.634233" lon="-122.006940"><ele>1812.2</ele><time>2024-08-05T15:33:38Z</time></trkpt>
<trkpt lat="43.634470" lon="-122.008613"><ele>1800.4</ele><time>2024-08-05T15:35:15Z</time></trkpt>
<trkpt lat="43.634446" lon="-122.008985"><ele>1797.2</ele><time>2024-08-05T15:35:43Z</time></trkpt>
<trkpt lat="43.634521" lon="-122.009271"><ele>1796.0</ele><time>2024-08-05T15:35:51Z</time></trkpt>
<trkpt lat="43.634418" lon="-122.009204"><ele>1795.6</ele><time>2024-08-05T15:35:56Z</time></trkpt>
<trkpt lat="43.634504" lon="-122.009590"><ele>1795.0</ele><time>2024-08-05T15:36:09Z</time></trkpt>
<trkpt lat="43.634821" lon="-122.009101"><ele>1790.2</ele><time>2024-08-05T15:36:42Z</time></trkpt>
<trkpt lat="43.635028" lon="-122.008934"><ele>1786.6</ele><time>2024-08-05T15:37:03Z</time></trkpt>
<trkpt lat="43.635387" lon="-122.009099"><ele>1785.2</ele><time>2024-08-05T15:37:16Z</time></trkpt>
<trkpt lat="43.635753" lon="-122.009399"><ele>1777.6</ele><time>2024-08-05T15:37:58Z</time></trkpt>
<trkpt lat="43.636539" lon="-122.009569"><ele>1768.4</ele><time>2024-08-05T15:38:48Z</time></trkpt>
<trkpt lat="43.636797" lon="-122.009705"><ele>1766.6</ele><time>2024-08-05T15:38:59Z</time></trkpt>
<trkpt lat="43.636210" lon="-122.009594"><ele>1766.0</ele><time>2024-08-05T15:39:03Z</time></trkpt>
<trkpt lat="43.636882" lon="-122.009642"><ele>1765.2</ele><time>2024-08-05T15:39:10Z</time></trkpt>
<trkpt lat="43.637930" lon="-122.008947"><ele>1746.6</ele><time>2024-08-05T15:40:42Z</time></trkpt>
<trkpt lat="43.638171" lon="-122.008893"><ele>1745.8</ele><time>2024-08-05T15:40:47Z</time></trkpt>
<trkpt lat="43.637966" lon="-122.008913"><ele>1745.4</ele><time>2024-08-05T15:40:52Z</time></trkpt>
<trkpt lat="43.638250" lon="-122.009093"><ele>1743.2</ele><time>2024-08-05T15:41:20Z</time></trkpt>
<trkpt lat="43.638434" lon="-122.009006"><ele>1742.0</ele><time>2024-08-05T15:41:31Z</time></trkpt>
<trkpt lat="43.639471" lon="-122.009561"><ele>1726.8</ele><time>2024-08-05T15:43:08Z</time></trkpt>
<trkpt lat="43.639674" lon="-122.009715"><ele>1724.4</ele><time>2024-08-05T15:43:20Z</time></trkpt>
<trkpt lat="43.639957" lon="-122.010182"><ele>1722.2</ele><time>2024-08-05T15:44:10Z</time></trkpt>
<trkpt lat="43.640162" lon="-122.010222"><ele>1719.0</ele><time>2024-08-05T15:44:28Z</time></trkpt>
<trkpt lat="43.641028" lon="-122.009879"><ele>1709.4</ele><time>2024-08-05T15:45:27Z</time></trkpt>
<trkpt lat="43.641030" lon="-122.009999"><ele>1709.0</ele><time>2024-08-05T15:45:29Z</time></trkpt>
<trkpt lat="43.641082" lon="-122.009957"><ele>1708.2</ele><time>2024-08-05T15:45:33Z</time></trkpt>
<trkpt lat="43.641348" lon="-122.009456"><ele>1707.0</ele><time>2024-08-05T15:45:52Z</time></trkpt>
<trkpt lat="43.641660" lon="-122.009017"><ele>1701.6</ele><time>2024-08-05T15:46:44Z</time></trkpt>
<trkpt lat="43.642018" lon="-122.008102"><ele>1697.8</ele><time>2024-08-05T15:47:30Z</time></trkpt>
<trkpt lat="43.642485" lon="-122.008039"><ele>1694.8</ele><time>2024-08-05T15:48:12Z</time></trkpt>
<trkpt lat="43.643231" lon="-122.007603"><ele>1692.8</ele><time>2024-08-05T15:49:17Z</time></trkpt>
<trkpt lat="43.643240" lon="-122.007529"><ele>1692.6</ele><time>2024-08-05T15:49:24Z</time></trkpt>
<trkpt lat="43.643597" lon="-122.007852"><ele>1689.6</ele><time>2024-08-05T15:50:06Z</time></trkpt>
<trkpt lat="43.643939" lon="-122.007961"><ele>1684.0</ele><time>2024-08-05T15:50:32Z</time></trkpt>
<trkpt lat="43.644127" lon="-122.007931"><ele>1683.0</ele><time>2024-08-05T15:50:48Z</time></trkpt>
<trkpt lat="43.644356" lon="-122.007770"><ele>1678.2</ele><time>2024-08-05T15:51:06Z</time></trkpt>
<trkpt lat="43.644555" lon="-122.007952"><ele>1676.2</ele><time>2024-08-05T15:51:26Z</time></trkpt>
<trkpt lat="43.644806" lon="-122.007758"><ele>1674.0</ele><time>2024-08-05T15:51:45Z</time></trkpt>
<trkpt lat="43.644982" lon="-122.007479"><ele>1671.8</ele><time>2024-08-05T15:52:03Z</time></trkpt>
<trkpt lat="43.644954" lon="-122.007323"><ele>1671.2</ele><time>2024-08-05T15:52:11Z</time></trkpt>
<trkpt lat="43.645021" lon="-122.007215"><ele>1670.2</ele><time>2024-08-05T15:52:17Z</time></trkpt>
<trkpt lat="43.645810" lon="-122.006399"><ele>1660.0</ele><time>2024-08-05T15:53:23Z</time></trkpt>
<trkpt lat="43.645717" lon="-122.006413"><ele>1659.8</ele><time>2024-08-05T15:53:24Z</time></trkpt>
<trkpt lat="43.645666" lon="-122.006501"><ele>1659.2</ele><time>2024-08-05T15:53:31Z</time></trkpt>
<trkpt lat="43.645995" lon="-122.006468"><ele>1657.6</ele><time>2024-08-05T15:53:44Z</time></trkpt>
<trkpt lat="43.646300" lon="-122.006604"><ele>1655.4</ele><time>2024-08-05T15:54:06Z</time></trkpt>
<trkpt lat="43.646859" lon="-122.006088"><ele>1653.6</ele><time>2024-08-05T15:54:56Z</time></trkpt>
<trkpt lat="43.647341" lon="-122.005786"><ele>1650.6</ele><time>2024-08-05T15:55:23Z</time></trkpt>
<trkpt lat="43.647222" lon="-122.005938"><ele>1650.0</ele><time>2024-08-05T15:55:32Z</time></trkpt>
<trkpt lat="43.647573" lon="-122.005522"><ele>1646.8</ele><time>2024-08-05T15:56:07Z</time></trkpt>
<trkpt lat="43.648499" lon="-122.003708"><ele>1637.0</ele><time>2024-08-05T15:57:50Z</time></trkpt>
<trkpt lat="43.648636" lon="-122.003614"><ele>1636.8</ele><time>2024-08-05T15:57:53Z</time></trkpt>
<trkpt lat="43.648386" lon="-122.003686"><ele>1636.8</ele><time>2024-08-05T15:58:02Z</time></trkpt>
<trkpt lat="43.648347" lon="-122.003535"><ele>1639.0</ele><time>2024-08-05T15:58:14Z</time></trkpt>
<trkpt lat="43.648573" lon="-122.003181"><ele>1640.2</ele><time>2024-08-05T15:58:43Z</time></trkpt>
<trkpt lat="43.648614" lon="-122.002781"><ele>1641.0</ele><time>2024-08-05T15:59:04Z</time></trkpt>
<trkpt lat="43.649132" lon="-122.001712"><ele>1644.0</ele><time>2024-08-05T16:00:35Z</time></trkpt>
<trkpt lat="43.650071" lon="-122.000163"><ele>1646.2</ele><time>2024-08-05T16:02:29Z</time></trkpt>
<trkpt lat="43.650534" lon="-121.999574"><ele>1647.2</ele><time>2024-08-05T16:03:00Z</time></trkpt>
<trkpt lat="43.651356" lon="-121.998007"><ele>1651.4</ele><time>2024-08-05T16:04:45Z</time></trkpt>
<trkpt lat="43.651538" lon="-121.997804"><ele>1651.4</ele><time>2024-08-05T16:04:51Z</time></trkpt>
<trkpt lat="43.651751" lon="-121.996894"><ele>1651.4</ele><time>2024-08-05T16:06:05Z</time></trkpt>
<trkpt lat="43.651895" lon="-121.995795"><ele>1653.6</ele><time>2024-08-05T16:06:45Z</time></trkpt>
<trkpt lat="43.651740" lon="-121.995543"><ele>1655.0</ele><time>2024-08-05T16:07:00Z</time></trkpt>
<trkpt lat="43.652219" lon="-121.993711"><ele>1657.6</ele><time>2024-08-05T16:08:46Z</time></trkpt>
<trkpt lat="43.652614" lon="-121.992978"><ele>1661.0</ele><time>2024-08-05T16:09:43Z</time></trkpt>
<trkpt lat="43.652683" lon="-121.991781"><ele>1662.6</ele><time>2024-08-05T16:10:46Z</time></trkpt>
<trkpt lat="43.652819" lon="-121.991560"><ele>1663.2</ele><time>2024-08-05T16:10:57Z</time></trkpt>
<trkpt lat="43.652807" lon="-121.991432"><ele>1663.6</ele><time>2024-08-05T16:11:05Z</time></trkpt>
<trkpt lat="43.653777" lon="-121.991200"><ele>1661.6</ele><time>2024-08-05T16:12:51Z</time></trkpt>
<trkpt lat="43.653766" lon="-121.991256"><ele>1660.8</ele><time>2024-08-05T16:12:58Z</time></trkpt>
<trkpt lat="43.654245" lon="-121.991334"><ele>1660.6</ele><time>2024-08-05T16:13:35Z</time></trkpt>
<trkpt lat="43.654780" lon="-121.991049"><ele>1658.2</ele><time>2024-08-05T16:14:29Z</time></trkpt>
<trkpt lat="43.655748" lon="-121.990366"><ele>1662.0</ele><time>2024-08-05T16:15:35Z</time></trkpt>
<trkpt lat="43.656592" lon="-121.990231"><ele>1663.0</ele><time>2024-08-05T16:16:48Z</time></trkpt>
<trkpt lat="43.656649" lon="-121.990135"><ele>1662.0</ele><time>2024-08-05T16:16:55Z</time></trkpt>
<trkpt lat="43.657699" lon="-121.989793"><ele>1666.2</ele><time>2024-08-05T16:18:15Z</time></trkpt>
<trkpt lat="43.657951" lon="-121.989856"><ele>1666.2</ele><time>2024-08-05T16:18:35Z</time></trkpt>
<trkpt lat="43.658144" lon="-121.989805"><ele>1666.0</ele><time>2024-08-05T16:18:53Z</time></trkpt>
<trkpt lat="43.659002" lon="-121.989194"><ele>1667.2</ele><time>2024-08-05T16:20:01Z</time></trkpt>
<trkpt lat="43.659256" lon="-121.988785"><ele>1666.2</ele><time>2024-08-05T16:20:29Z</time></trkpt>
<trkpt lat="43.659448" lon="-121.988630"><ele>1665.2</ele><time>2024-08-05T16:21:02Z</time></trkpt>
<trkpt lat="43.660766" lon="-121.989007"><ele>1669.4</ele><time>2024-08-05T16:22:45Z</time></trkpt>
<trkpt lat="43.660941" lon="-121.989145"><ele>1670.2</ele><time>2024-08-05T16:22:59Z</time></trkpt>
<trkpt lat="43.662096" lon="-121.988864"><ele>1680.8</ele><time>2024-08-05T16:24:47Z</time></trkpt>
<trkpt lat="43.662051" lon="-121.988637"><ele>1680.8</ele><time>2024-08-05T16:25:01Z</time></trkpt>
<trkpt lat="43.662296" lon="-121.988237"><ele>1680.8</ele><time>2024-08-05T16:25:25Z</time></trkpt>
<trkpt lat="43.662576" lon="-121.988055"><ele>1685.8</ele><time>2024-08-05T16:26:27Z</time></trkpt>
<trkpt lat="43.662834" lon="-121.987750"><ele>1686.6</ele><time>2024-08-05T16:27:01Z</time></trkpt>
<trkpt lat="43.663178" lon="-121.987625"><ele>1687.8</ele><time>2024-08-05T16:27:24Z</time></trkpt>
<trkpt lat="43.663657" lon="-121.987813"><ele>1691.4</ele><time>2024-08-05T16:28:24Z</time></trkpt>
<trkpt lat="43.663981" lon="-121.987860"><ele>1689.4</ele><time>2024-08-05T16:28:48Z</time></trkpt>
<trkpt lat="43.664147" lon="-121.987597"><ele>1690.0</ele><time>2024-08-05T16:29:24Z</time></trkpt>
<trkpt lat="43.664112" lon="-121.987325"><ele>1691.0</ele><time>2024-08-05T16:30:02Z</time></trkpt>
<trkpt lat="43.664164" lon="-121.987111"><ele>1693.4</ele><time>2024-08-05T16:30:50Z</time></trkpt>
<trkpt lat="43.664027" lon="-121.987055"><ele>1691.2</ele><time>2024-08-05T16:33:50Z</time></trkpt>
<trkpt lat="43.664104" lon="-121.987082"><ele>1691.6</ele><time>2024-08-05T16:34:51Z</time></trkpt>
<trkpt lat="43.664086" lon="-121.987155"><ele>1691.4</ele><time>2024-08-05T16:34:57Z</time></trkpt>
<trkpt lat="43.664310" lon="-121.987175"><ele>1690.0</ele><time>2024-08-05T16:35:26Z</time></trkpt>
<trkpt lat="43.664323" lon="-121.987214"><ele>1687.8</ele><time>2024-08-05T16:36:52Z</time></trkpt>
<trkpt lat="43.664184" lon="-121.987189"><ele>1688.2</ele><time>2024-08-05T16:37:05Z</time></trkpt>
<trkpt lat="43.664351" lon="-121.987303"><ele>1688.2</ele><time>2024-08-05T16:38:49Z</time></trkpt>
<trkpt lat="43.664302" lon="-121.987288"><ele>1688.0</ele><time>2024-08-05T16:38:54Z</time></trkpt>
<trkpt lat="43.664307" lon="-121.987229"><ele>1687.8</ele><time>2024-08-05T16:39:03Z</time></trkpt>
<trkpt lat="43.664690" lon="-121.987420"><ele>1691.0</ele><time>2024-08-05T16:40:34Z</time></trkpt>
<trkpt lat="43.665881" lon="-121.987622"><ele>1697.4</ele><time>2024-08-05T16:42:16Z</time></trkpt>
<trkpt lat="43.666513" lon="-121.987686"><ele>1694.6</ele><time>2024-08-05T16:42:53Z</time></trkpt>
<trkpt lat="43.666748" lon="-121.987869"><ele>1694.2</ele><time>2024-08-05T16:43:08Z</time></trkpt>
<trkpt lat="43.667542" lon="-121.988009"><ele>1696.2</ele><time>2024-08-05T16:44:22Z</time></trkpt>
<trkpt lat="43.667985" lon="-121.988170"><ele>1697.6</ele><time>2024-08-05T16:44:51Z</time></trkpt>
<trkpt lat="43.669500" lon="-121.988075"><ele>1706.0</ele><time>2024-08-05T16:46:48Z</time></trkpt>
<trkpt lat="43.669498" lon="-121.988006"><ele>1706.4</ele><time>2024-08-05T16:46:51Z</time></trkpt>
<trkpt lat="43.669926" lon="-121.987811"><ele>1707.4</ele><time>2024-08-05T16:47:28Z</time></trkpt>
<trkpt lat="43.670101" lon="-121.987590"><ele>1707.6</ele><time>2024-08-05T16:47:40Z</time></trkpt>
<trkpt lat="43.670834" lon="-121.987314"><ele>1710.6</ele><time>2024-08-05T16:48:48Z</time></trkpt>
<trkpt lat="43.671100" lon="-121.987667"><ele>1713.8</ele><time>2024-08-05T16:49:11Z</time></trkpt>
<trkpt lat="43.671210" lon="-121.988021"><ele>1717.2</ele><time>2024-08-05T16:49:33Z</time></trkpt>
<trkpt lat="43.671605" lon="-121.988088"><ele>1715.4</ele><time>2024-08-05T16:50:17Z</time></trkpt>
<trkpt lat="43.671929" lon="-121.987985"><ele>1717.0</ele><time>2024-08-05T16:50:41Z</time></trkpt>
<trkpt lat="43.672035" lon="-121.988075"><ele>1717.8</ele><time>2024-08-05T16:50:48Z</time></trkpt>
<trkpt lat="43.672073" lon="-121.988018"><ele>1717.8</ele><time>2024-08-05T16:50:49Z</time></trkpt>
<trkpt lat="43.672005" lon="-121.988017"><ele>1718.2</ele><time>2024-08-05T16:50:50Z</time></trkpt>
<trkpt lat="43.672083" lon="-121.988097"><ele>1718.4</ele><time>2024-08-05T16:50:53Z</time></trkpt>
<trkpt lat="43.672318" lon="-121.988094"><ele>1720.2</ele><time>2024-08-05T16:51:06Z</time></trkpt>
<trkpt lat="43.673134" lon="-121.988333"><ele>1729.8</ele><time>2024-08-05T16:52:46Z</time></trkpt>
<trkpt lat="43.673612" lon="-121.988884"><ele>1736.2</ele><time>2024-08-05T16:53:44Z</time></trkpt>
<trkpt lat="43.673849" lon="-121.989060"><ele>1738.6</ele><time>2024-08-05T16:54:10Z</time></trkpt>
<trkpt lat="43.674161" lon="-121.989599"><ele>1742.8</ele><time>2024-08-05T16:54:52Z</time></trkpt>
<trkpt lat="43.674061" lon="-121.989778"><ele>1744.8</ele><time>2024-08-05T16:55:01Z</time></trkpt>
<trkpt lat="43.674669" lon="-121.991425"><ele>1758.0</ele><time>2024-08-05T16:56:54Z</time></trkpt>
<trkpt lat="43.674775" lon="-121.991984"><ele>1760.2</ele><time>2024-08-05T16:57:16Z</time></trkpt>
<trkpt lat="43.675137" lon="-121.992569"><ele>1767.0</ele><time>2024-08-05T16:58:10Z</time></trkpt>
<trkpt lat="43.675376" lon="-121.993175"><ele>1770.8</ele><time>2024-08-05T16:58:52Z</time></trkpt>
<trkpt lat="43.676376" lon="-121.994618"><ele>1788.0</ele><time>2024-08-05T17:01:04Z</time></trkpt>
<trkpt lat="43.676462" lon="-121.995437"><ele>1792.6</ele><time>2024-08-05T17:01:44Z</time></trkpt>
<trkpt lat="43.676372" lon="-121.995984"><ele>1800.2</ele><time>2024-08-05T17:02:48Z</time></trkpt>
<trkpt lat="43.676383" lon="-121.995870"><ele>1800.6</ele><time>2024-08-05T17:02:50Z</time></trkpt>
<trkpt lat="43.676535" lon="-121.996181"><ele>1802.0</ele><time>2024-08-05T17:03:00Z</time></trkpt>
<trkpt lat="43.677072" lon="-121.996824"><ele>1810.2</ele><time>2024-08-05T17:04:09Z</time></trkpt>
<trkpt lat="43.677185" lon="-121.997240"><ele>1813.8</ele><time>2024-08-05T17:04:50Z</time></trkpt>
<trkpt lat="43.677369" lon="-121.997295"><ele>1814.6</ele><time>2024-08-05T17:04:56Z</time></trkpt>
<trkpt lat="43.677356" lon="-121.997401"><ele>1815.2</ele><time>2024-08-05T17:05:00Z</time></trkpt>
<trkpt lat="43.677359" lon="-121.997332"><ele>1815.4</ele><time>2024-08-05T17:05:01Z</time></trkpt>
<trkpt lat="43.677378" lon="-121.997401"><ele>1815.4</ele><time>2024-08-05T17:05:02Z</time></trkpt>
<trkpt lat="43.678001" lon="-121.997462"><ele>1820.6</ele><time>2024-08-05T17:05:54Z</time></trkpt>
<trkpt lat="43.678352" lon="-121.997238"><ele>1820.8</ele><time>2024-08-05T17:06:22Z</time></trkpt>
<trkpt lat="43.678778" lon="-121.997225"><ele>1819.4</ele><time>2024-08-05T17:06:46Z</time></trkpt>
<trkpt lat="43.679301" lon="-121.997072"><ele>1817.8</ele><time>2024-08-05T17:07:22Z</time></trkpt>
<trkpt lat="43.679631" lon="-121.996873"><ele>1817.0</ele><time>2024-08-05T17:07:44Z</time></trkpt>
<trkpt lat="43.680415" lon="-121.997043"><ele>1816.2</ele><time>2024-08-05T17:08:46Z</time></trkpt>
<trkpt lat="43.680369" lon="-121.997006"><ele>1816.2</ele><time>2024-08-05T17:08:48Z</time></trkpt>
<trkpt lat="43.680522" lon="-121.997046"><ele>1815.4</ele><time>2024-08-05T17:08:59Z</time></trkpt>
<trkpt lat="43.680944" lon="-121.996913"><ele>1815.6</ele><time>2024-08-05T17:09:24Z</time></trkpt>
<trkpt lat="43.681789" lon="-121.996033"><ele>1813.4</ele><time>2024-08-05T17:10:45Z</time></trkpt>
<trkpt lat="43.681731" lon="-121.995988"><ele>1813.2</ele><time>2024-08-05T17:10:47Z</time></trkpt>
<trkpt lat="43.681863" lon="-121.995782"><ele>1812.0</ele><time>2024-08-05T17:11:03Z</time></trkpt>
<trkpt lat="43.682321" lon="-121.995361"><ele>1811.4</ele><time>2024-08-05T17:11:36Z</time></trkpt>
<trkpt lat="43.683163" lon="-121.995072"><ele>1814.8</ele><time>2024-08-05T17:12:52Z</time></trkpt>
<trkpt lat="43.683701" lon="-121.995219"><ele>1816.2</ele><time>2024-08-05T17:13:37Z</time></trkpt>
<trkpt lat="43.683896" lon="-121.995320"><ele>1820.8</ele><time>2024-08-05T17:14:15Z</time></trkpt>
<trkpt lat="43.684476" lon="-121.995222"><ele>1824.2</ele><time>2024-08-05T17:14:49Z</time></trkpt>
<trkpt lat="43.684674" lon="-121.995285"><ele>1825.2</ele><time>2024-08-05T17:14:59Z</time></trkpt>
<trkpt lat="43.685538" lon="-121.995215"><ele>1836.4</ele><time>2024-08-05T17:16:43Z</time></trkpt>
<trkpt lat="43.686194" lon="-121.995230"><ele>1838.0</ele><time>2024-08-05T17:17:11Z</time></trkpt>
<trkpt lat="43.686595" lon="-121.995135"><ele>1842.0</ele><time>2024-08-05T17:17:44Z</time></trkpt>
<trkpt lat="43.686626" lon="-121.995184"><ele>1842.4</ele><time>2024-08-05T17:17:49Z</time></trkpt>
<trkpt lat="43.688010" lon="-121.994547"><ele>1853.8</ele><time>2024-08-05T17:19:49Z</time></trkpt>
<trkpt lat="43.688021" lon="-121.994668"><ele>1854.2</ele><time>2024-08-05T17:19:54Z</time></trkpt>
<trkpt lat="43.689072" lon="-121.995411"><ele>1864.8</ele><time>2024-08-05T17:21:46Z</time></trkpt>
<trkpt lat="43.689371" lon="-121.995456"><ele>1866.0</ele><time>2024-08-05T17:22:02Z</time></trkpt>
<trkpt lat="43.689956" lon="-121.994799"><ele>1873.8</ele><time>2024-08-05T17:23:17Z</time></trkpt>
<trkpt lat="43.690360" lon="-121.994483"><ele>1875.8</ele><time>2024-08-05T17:23:47Z</time></trkpt>
<trkpt lat="43.690284" lon="-121.994481"><ele>1876.0</ele><time>2024-08-05T17:23:49Z</time></trkpt>
<trkpt lat="43.690553" lon="-121.994738"><ele>1879.2</ele><time>2024-08-05T17:24:13Z</time></trkpt>
<trkpt lat="43.690989" lon="-121.994718"><ele>1882.8</ele><time>2024-08-05T17:24:51Z</time></trkpt>
<trkpt lat="43.691156" lon="-121.994831"><ele>1883.8</ele><time>2024-08-05T17:25:05Z</time></trkpt>
<trkpt lat="43.691688" lon="-121.994613"><ele>1885.4</ele><time>2024-08-05T17:25:39Z</time></trkpt>
<trkpt lat="43.692253" lon="-121.994490"><ele>1891.0</ele><time>2024-08-05T17:26:46Z</time></trkpt>
<trkpt lat="43.692433" lon="-121.994671"><ele>1892.2</ele><time>2024-08-05T17:27:06Z</time></trkpt>
<trkpt lat="43.693519" lon="-121.993763"><ele>1901.0</ele><time>2024-08-05T17:28:46Z</time></trkpt>
<trkpt lat="43.693537" lon="-121.993676"><ele>1902.2</ele><time>2024-08-05T17:28:53Z</time></trkpt>
<trkpt lat="43.694126" lon="-121.993430"><ele>1910.4</ele><time>2024-08-05T17:30:13Z</time></trkpt>
<trkpt lat="43.694524" lon="-121.993135"><ele>1913.0</ele><time>2024-08-05T17:30:39Z</time></trkpt>
<trkpt lat="43.694747" lon="-121.993136"><ele>1913.8</ele><time>2024-08-05T17:30:46Z</time></trkpt>
<trkpt lat="43.694862" lon="-121.993257"><ele>1915.2</ele><time>2024-08-05T17:31:01Z</time></trkpt>
<trkpt lat="43.695450" lon="-121.993277"><ele>1922.0</ele><time>2024-08-05T17:32:09Z</time></trkpt>
<trkpt lat="43.696064" lon="-121.993402"><ele>1926.2</ele><time>2024-08-05T17:32:46Z</time></trkpt>
<trkpt lat="43.696117" lon="-121.993507"><ele>1926.8</ele><time>2024-08-05T17:32:52Z</time></trkpt>
<trkpt lat="43.696236" lon="-121.993344"><ele>1929.0</ele><time>2024-08-05T17:33:06Z</time></trkpt>
<trkpt lat="43.696701" lon="-121.993149"><ele>1933.0</ele><time>2024-08-05T17:33:45Z</time></trkpt>
<trkpt lat="43.697405" lon="-121.993051"><ele>1940.2</ele><time>2024-08-05T17:34:48Z</time></trkpt>
<trkpt lat="43.698024" lon="-121.993339"><ele>1946.8</ele><time>2024-08-05T17:35:51Z</time></trkpt>
<trkpt lat="43.698279" lon="-121.993306"><ele>1949.0</ele><time>2024-08-05T17:36:13Z</time></trkpt>
<trkpt lat="43.698646" lon="-121.993422"><ele>1952.8</ele><time>2024-08-05T17:36:47Z</time></trkpt>
<trkpt lat="43.698704" lon="-121.993329"><ele>1953.2</ele><time>2024-08-05T17:36:51Z</time></trkpt>
<trkpt lat="43.699428" lon="-121.994146"><ele>1959.8</ele><time>2024-08-05T17:38:25Z</time></trkpt>
<trkpt lat="43.699749" lon="-121.994433"><ele>1960.8</ele><time>2024-08-05T17:38:47Z</time></trkpt>
<trkpt lat="43.699718" lon="-121.994395"><ele>1961.0</ele><time>2024-08-05T17:38:48Z</time></trkpt>
<trkpt lat="43.699795" lon="-121.994405"><ele>1961.4</ele><time>2024-08-05T17:38:54Z</time></trkpt>
<trkpt lat="43.699833" lon="-121.994524"><ele>1962.6</ele><time>2024-08-05T17:39:01Z</time></trkpt>
<trkpt lat="43.700362" lon="-121.994793"><ele>1964.2</ele><time>2024-08-05T17:39:59Z</time></trkpt>
<trkpt lat="43.701053" lon="-121.994996"><ele>1967.4</ele><time>2024-08-05T17:40:48Z</time></trkpt>
<trkpt lat="43.701429" lon="-121.995003"><ele>1969.6</ele><time>2024-08-05T17:41:19Z</time></trkpt>
<trkpt lat="43.701654" lon="-121.994714"><ele>1969.6</ele><time>2024-08-05T17:41:39Z</time></trkpt>
<trkpt lat="43.701964" lon="-121.994658"><ele>1971.8</ele><time>2024-08-05T17:42:23Z</time></trkpt>
<trkpt lat="43.702491" lon="-121.994859"><ele>1975.4</ele><time>2024-08-05T17:43:03Z</time></trkpt>
<trkpt lat="43.703810" lon="-121.994911"><ele>1985.2</ele><time>2024-08-05T17:44:51Z</time></trkpt>
<trkpt lat="43.703941" lon="-121.994980"><ele>1986.2</ele><time>2024-08-05T17:45:03Z</time></trkpt>
<trkpt lat="43.704629" lon="-121.994794"><ele>1994.6</ele><time>2024-08-05T17:46:27Z</time></trkpt>
<trkpt lat="43.705185" lon="-121.994527"><ele>1998.4</ele><time>2024-08-05T17:47:00Z</time></trkpt>
<trkpt lat="43.705782" lon="-121.994802"><ele>2001.0</ele><time>2024-08-05T17:47:45Z</time></trkpt>
<trkpt lat="43.706547" lon="-121.994811"><ele>2001.0</ele><time>2024-08-05T17:48:47Z</time></trkpt>
<trkpt lat="43.706565" lon="-121.994644"><ele>2002.2</ele><time>2024-08-05T17:49:02Z</time></trkpt>
<trkpt lat="43.707082" lon="-121.994525"><ele>1999.0</ele><time>2024-08-05T17:49:37Z</time></trkpt>
<trkpt lat="43.707246" lon="-121.994579"><ele>1999.2</ele><time>2024-08-05T17:50:01Z</time></trkpt>
<trkpt lat="43.707905" lon="-121.994289"><ele>2002.2</ele><time>2024-08-05T17:50:48Z</time></trkpt>
<trkpt lat="43.708343" lon="-121.993821"><ele>2003.2</ele><time>2024-08-05T17:51:39Z</time></trkpt>
<trkpt lat="43.708646" lon="-121.993793"><ele>2004.6</ele><time>2024-08-05T17:52:07Z</time></trkpt>
<trkpt lat="43.708799" lon="-121.993524"><ele>2005.8</ele><time>2024-08-05T17:52:25Z</time></trkpt>
<trkpt lat="43.709023" lon="-121.993385"><ele>2008.8</ele><time>2024-08-05T17:52:47Z</time></trkpt>
<trkpt lat="43.708969" lon="-121.993262"><ele>2008.8</ele><time>2024-08-05T17:53:04Z</time></trkpt>
<trkpt lat="43.709056" lon="-121.993455"><ele>2007.6</ele><time>2024-08-05T17:54:33Z</time></trkpt>
<trkpt lat="43.708933" lon="-121.993118"><ele>2007.4</ele><time>2024-08-05T17:56:52Z</time></trkpt>
<trkpt lat="43.708982" lon="-121.993248"><ele>2007.4</ele><time>2024-08-05T17:56:55Z</time></trkpt>
<trkpt lat="43.708939" lon="-121.993202"><ele>2007.4</ele><time>2024-08-05T17:57:00Z</time></trkpt>
<trkpt lat="43.709064" lon="-121.993248"><ele>2007.8</ele><time>2024-08-05T17:59:04Z</time></trkpt>
<trkpt lat="43.709028" lon="-121.993241"><ele>2008.0</ele><time>2024-08-05T17:59:05Z</time></trkpt>
<trkpt lat="43.709126" lon="-121.993587"><ele>2009.0</ele><time>2024-08-05T18:00:48Z</time></trkpt>
<trkpt lat="43.709001" lon="-121.993191"><ele>2008.8</ele><time>2024-08-05T18:00:54Z</time></trkpt>
<trkpt lat="43.709107" lon="-121.993265"><ele>2009.0</ele><time>2024-08-05T18:01:05Z</time></trkpt>
<trkpt lat="43.708950" lon="-121.993274"><ele>2009.4</ele><time>2024-08-05T18:02:57Z</time></trkpt>
<trkpt lat="43.709054" lon="-121.993263"><ele>2009.0</ele><time>2024-08-05T18:03:14Z</time></trkpt>
<trkpt lat="43.709178" lon="-121.993489"><ele>2009.4</ele><time>2024-08-05T18:04:51Z</time></trkpt>
<trkpt lat="43.708964" lon="-121.993214"><ele>2009.8</ele><time>2024-08-05T18:06:58Z</time></trkpt>
<trkpt lat="43.708973" lon="-121.993273"><ele>2010.4</ele><time>2024-08-05T18:08:55Z</time></trkpt>
<trkpt lat="43.708972" lon="-121.993222"><ele>2010.8</ele><time>2024-08-05T18:09:48Z</time></trkpt>
<trkpt lat="43.709056" lon="-121.993276"><ele>2011.2</ele><time>2024-08-05T18:11:01Z</time></trkpt>
<trkpt lat="43.709054" lon="-121.993197"><ele>2010.6</ele><time>2024-08-05T18:13:01Z</time></trkpt>
<trkpt lat="43.708902" lon="-121.993240"><ele>2010.6</ele><time>2024-08-05T18:13:04Z</time></trkpt>
<trkpt lat="43.708842" lon="-121.992867"><ele>2011.4</ele><time>2024-08-05T18:14:47Z</time></trkpt>
<trkpt lat="43.708968" lon="-121.993130"><ele>2011.4</ele><time>2024-08-05T18:14:49Z</time></trkpt>
<trkpt lat="43.708966" lon="-121.993251"><ele>2011.0</ele><time>2024-08-05T18:14:55Z</time></trkpt>
<trkpt lat="43.709015" lon="-121.993232"><ele>2010.6</ele><time>2024-08-05T18:15:02Z</time></trkpt>
<trkpt lat="43.708961" lon="-121.993252"><ele>2011.2</ele><time>2024-08-05T18:16:58Z</time></trkpt>
<trkpt lat="43.708913" lon="-121.993152"><ele>2011.0</ele><time>2024-08-05T18:18:49Z</time></trkpt>
<trkpt lat="43.709000" lon="-121.993090"><ele>2011.2</ele><time>2024-08-05T18:18:56Z</time></trkpt>
<trkpt lat="43.708998" lon="-121.992914"><ele>2012.2</ele><time>2024-08-05T18:19:05Z</time></trkpt>
<trkpt lat="43.709415" lon="-121.992762"><ele>2010.2</ele><time>2024-08-05T18:19:40Z</time></trkpt>
<trkpt lat="43.710177" lon="-121.992915"><ele>2006.6</ele><time>2024-08-05T18:20:50Z</time></trkpt>
<trkpt lat="43.710486" lon="-121.993114"><ele>2004.4</ele><time>2024-08-05T18:21:11Z</time></trkpt>
<trkpt lat="43.711016" lon="-121.993182"><ele>2000.0</ele><time>2024-08-05T18:21:41Z</time></trkpt>
<trkpt lat="43.711441" lon="-121.993439"><ele>1999.0</ele><time>2024-08-05T18:22:31Z</time></trkpt>
<trkpt lat="43.711848" lon="-121.993509"><ele>1997.4</ele><time>2024-08-05T18:22:48Z</time></trkpt>
<trkpt lat="43.711732" lon="-121.993446"><ele>1997.4</ele><time>2024-08-05T18:22:49Z</time></trkpt>
<trkpt lat="43.711785" lon="-121.993130"><ele>1997.6</ele><time>2024-08-05T18:23:04Z</time></trkpt>
<trkpt lat="43.711933" lon="-121.993052"><ele>1997.6</ele><time>2024-08-05T18:23:16Z</time></trkpt>
<trkpt lat="43.712083" lon="-121.992815"><ele>1995.8</ele><time>2024-08-05T18:23:42Z</time></trkpt>
<trkpt lat="43.712646" lon="-121.992598"><ele>1993.2</ele><time>2024-08-05T18:24:28Z</time></trkpt>
<trkpt lat="43.712933" lon="-121.992380"><ele>1991.4</ele><time>2024-08-05T18:24:48Z</time></trkpt>
<trkpt lat="43.713133" lon="-121.992072"><ele>1991.0</ele><time>2024-08-05T18:25:04Z</time></trkpt>
<trkpt lat="43.713308" lon="-121.991941"><ele>1989.8</ele><time>2024-08-05T18:25:18Z</time></trkpt>
<trkpt lat="43.713665" lon="-121.991799"><ele>1987.6</ele><time>2024-08-05T18:25:50Z</time></trkpt>
<trkpt lat="43.713745" lon="-121.991873"><ele>1986.4</ele><time>2024-08-05T18:26:02Z</time></trkpt>
<trkpt lat="43.714024" lon="-121.991779"><ele>1984.0</ele><time>2024-08-05T18:26:24Z</time></trkpt>
<trkpt lat="43.714316" lon="-121.991798"><ele>1981.0</ele><time>2024-08-05T18:26:50Z</time></trkpt>
<trkpt lat="43.714288" lon="-121.991764"><ele>1981.2</ele><time>2024-08-05T18:26:51Z</time></trkpt>
<trkpt lat="43.714363" lon="-121.992406"><ele>1981.4</ele><time>2024-08-05T18:26:56Z</time></trkpt>
<trkpt lat="43.714419" lon="-121.992216"><ele>1980.6</ele><time>2024-08-05T18:27:06Z</time></trkpt>
<trkpt lat="43.714808" lon="-121.992444"><ele>1980.6</ele><time>2024-08-05T18:27:48Z</time></trkpt>
<trkpt lat="43.715343" lon="-121.992156"><ele>1980.8</ele><time>2024-08-05T18:28:38Z</time></trkpt>
<trkpt lat="43.715406" lon="-121.992016"><ele>1980.8</ele><time>2024-08-05T18:28:50Z</time></trkpt>
<trkpt lat="43.715337" lon="-121.991798"><ele>1980.0</ele><time>2024-08-05T18:28:56Z</time></trkpt>
<trkpt lat="43.715677" lon="-121.991434"><ele>1979.8</ele><time>2024-08-05T18:29:28Z</time></trkpt>
<trkpt lat="43.716625" lon="-121.991032"><ele>1976.6</ele><time>2024-08-05T18:30:48Z</time></trkpt>
<trkpt lat="43.716482" lon="-121.991056"><ele>1976.4</ele><time>2024-08-05T18:30:49Z</time></trkpt>
<trkpt lat="43.716467" lon="-121.990889"><ele>1975.4</ele><time>2024-08-05T18:30:55Z</time></trkpt>
<trkpt lat="43.716873" lon="-121.990443"><ele>1972.8</ele><time>2024-08-05T18:31:22Z</time></trkpt>
<trkpt lat="43.717799" lon="-121.990141"><ele>1969.4</ele><time>2024-08-05T18:32:48Z</time></trkpt>
<trkpt lat="43.717874" lon="-121.989779"><ele>1967.4</ele><time>2024-08-05T18:33:05Z</time></trkpt>
<trkpt lat="43.718130" lon="-121.989741"><ele>1966.2</ele><time>2024-08-05T18:33:21Z</time></trkpt>
<trkpt lat="43.718691" lon="-121.989905"><ele>1961.8</ele><time>2024-08-05T18:34:15Z</time></trkpt>
<trkpt lat="43.719164" lon="-121.989823"><ele>1958.6</ele><time>2024-08-05T18:34:49Z</time></trkpt>
<trkpt lat="43.719349" lon="-121.989915"><ele>1956.8</ele><time>2024-08-05T18:35:04Z</time></trkpt>
<trkpt lat="43.719927" lon="-121.989210"><ele>1955.8</ele><time>2024-08-05T18:36:12Z</time></trkpt>
<trkpt lat="43.720443" lon="-121.988878"><ele>1953.8</ele><time>2024-08-05T18:36:48Z</time></trkpt>
<trkpt lat="43.720382" lon="-121.988801"><ele>1953.6</ele><time>2024-08-05T18:36:50Z</time></trkpt>
<trkpt lat="43.720490" lon="-121.988863"><ele>1952.6</ele><time>2024-08-05T18:37:00Z</time></trkpt>
<trkpt lat="43.720630" lon="-121.988726"><ele>1951.6</ele><time>2024-08-05T18:37:10Z</time></trkpt>
<trkpt lat="43.720850" lon="-121.987487"><ele>1949.6</ele><time>2024-08-05T18:38:26Z</time></trkpt>
<trkpt lat="43.720840" lon="-121.987111"><ele>1951.8</ele><time>2024-08-05T18:38:52Z</time></trkpt>
<trkpt lat="43.721054" lon="-121.986602"><ele>1950.2</ele><time>2024-08-05T18:39:27Z</time></trkpt>
<trkpt lat="43.721163" lon="-121.986547"><ele>1950.0</ele><time>2024-08-05T18:39:45Z</time></trkpt>
<trkpt lat="43.721276" lon="-121.986313"><ele>1952.2</ele><time>2024-08-05T18:40:27Z</time></trkpt>
<trkpt lat="43.721411" lon="-121.985774"><ele>1952.8</ele><time>2024-08-05T18:40:50Z</time></trkpt>
<trkpt lat="43.721416" lon="-121.985707"><ele>1952.8</ele><time>2024-08-05T18:40:52Z</time></trkpt>
<trkpt lat="43.721364" lon="-121.985778"><ele>1953.2</ele><time>2024-08-05T18:40:58Z</time></trkpt>
<trkpt lat="43.721308" lon="-121.985717"><ele>1953.6</ele><time>2024-08-05T18:41:04Z</time></trkpt>
<trkpt lat="43.721378" lon="-121.985177"><ele>1955.4</ele><time>2024-08-05T18:41:34Z</time></trkpt>
<trkpt lat="43.721610" lon="-121.984454"><ele>1959.2</ele><time>2024-08-05T18:42:44Z</time></trkpt>
<trkpt lat="43.721488" lon="-121.984930"><ele>1960.0</ele><time>2024-08-05T18:42:49Z</time></trkpt>
<trkpt lat="43.721671" lon="-121.984135"><ele>1959.8</ele><time>2024-08-05T18:42:52Z</time></trkpt>
<trkpt lat="43.721630" lon="-121.984073"><ele>1959.8</ele><time>2024-08-05T18:42:53Z</time></trkpt>
<trkpt lat="43.721664" lon="-121.984101"><ele>1959.6</ele><time>2024-08-05T18:42:55Z</time></trkpt>
<trkpt lat="43.721598" lon="-121.984155"><ele>1959.2</ele><time>2024-08-05T18:43:01Z</time></trkpt>
<trkpt lat="43.721799" lon="-121.984011"><ele>1958.8</ele><time>2024-08-05T18:43:16Z</time></trkpt>
<trkpt lat="43.722199" lon="-121.983890"><ele>1955.2</ele><time>2024-08-05T18:44:02Z</time></trkpt>
<trkpt lat="43.722429" lon="-121.983533"><ele>1952.4</ele><time>2024-08-05T18:44:34Z</time></trkpt>
<trkpt lat="43.722698" lon="-121.983329"><ele>1949.6</ele><time>2024-08-05T18:44:54Z</time></trkpt>
<trkpt lat="43.722843" lon="-121.983369"><ele>1948.2</ele><time>2024-08-05T18:45:07Z</time></trkpt>
<trkpt lat="43.723008" lon="-121.983210"><ele>1947.2</ele><time>2024-08-05T18:45:18Z</time></trkpt>
<trkpt lat="43.723428" lon="-121.983137"><ele>1943.0</ele><time>2024-08-05T18:46:02Z</time></trkpt>
<trkpt lat="43.723488" lon="-121.982995"><ele>1940.8</ele><time>2024-08-05T18:46:18Z</time></trkpt>
<trkpt lat="43.723773" lon="-121.982703"><ele>1938.8</ele><time>2024-08-05T18:46:49Z</time></trkpt>
<trkpt lat="43.724100" lon="-121.982685"><ele>1938.8</ele><time>2024-08-05T18:47:16Z</time></trkpt>
<trkpt lat="43.724373" lon="-121.982487"><ele>1935.2</ele><time>2024-08-05T18:47:36Z</time></trkpt>
<trkpt lat="43.725349" lon="-121.982576"><ele>1929.2</ele><time>2024-08-05T18:48:50Z</time></trkpt>
<trkpt lat="43.725352" lon="-121.982503"><ele>1929.0</ele><time>2024-08-05T18:48:54Z</time></trkpt>
<trkpt lat="43.725977" lon="-121.981920"><ele>1923.6</ele><time>2024-08-05T18:49:34Z</time></trkpt>
<trkpt lat="43.726219" lon="-121.981609"><ele>1922.6</ele><time>2024-08-05T18:50:06Z</time></trkpt>
<trkpt lat="43.726532" lon="-121.980888"><ele>1920.4</ele><time>2024-08-05T18:50:49Z</time></trkpt>
<trkpt lat="43.726494" lon="-121.981151"><ele>1919.8</ele><time>2024-08-05T18:50:57Z</time></trkpt>
<trkpt lat="43.726871" lon="-121.979836"><ele>1911.6</ele><time>2024-08-05T18:52:29Z</time></trkpt>
<trkpt lat="43.727075" lon="-121.979584"><ele>1909.8</ele><time>2024-08-05T18:52:43Z</time></trkpt>
<trkpt lat="43.727254" lon="-121.979216"><ele>1909.2</ele><time>2024-08-05T18:52:52Z</time></trkpt>
<trkpt lat="43.727416" lon="-121.979233"><ele>1908.2</ele><time>2024-08-05T18:52:59Z</time></trkpt>
<trkpt lat="43.727358" lon="-121.979368"><ele>1907.8</ele><time>2024-08-05T18:53:02Z</time></trkpt>
<trkpt lat="43.727383" lon="-121.979502"><ele>1907.6</ele><time>2024-08-05T18:53:03Z</time></trkpt>
<trkpt lat="43.727486" lon="-121.979610"><ele>1906.6</ele><time>2024-08-05T18:53:07Z</time></trkpt>
<trkpt lat="43.727576" lon="-121.979242"><ele>1905.4</ele><time>2024-08-05T18:53:14Z</time></trkpt>
<trkpt lat="43.727632" lon="-121.978498"><ele>1908.0</ele><time>2024-08-05T18:53:56Z</time></trkpt>
<trkpt lat="43.727595" lon="-121.978200"><ele>1903.6</ele><time>2024-08-05T18:54:24Z</time></trkpt>
<trkpt lat="43.727644" lon="-121.977560"><ele>1900.2</ele><time>2024-08-05T18:54:52Z</time></trkpt>
<trkpt lat="43.727753" lon="-121.977607"><ele>1899.8</ele><time>2024-08-05T18:55:00Z</time></trkpt>
<trkpt lat="43.727701" lon="-121.977849"><ele>1898.8</ele><time>2024-08-05T18:55:18Z</time></trkpt>
<trkpt lat="43.727711" lon="-121.977488"><ele>1897.4</ele><time>2024-08-05T18:55:46Z</time></trkpt>
<trkpt lat="43.727853" lon="-121.977482"><ele>1896.2</ele><time>2024-08-05T18:55:54Z</time></trkpt>
<trkpt lat="43.727970" lon="-121.977325"><ele>1894.4</ele><time>2024-08-05T18:56:06Z</time></trkpt>
<trkpt lat="43.728162" lon="-121.976568"><ele>1887.4</ele><time>2024-08-05T18:56:55Z</time></trkpt>
<trkpt lat="43.728354" lon="-121.976226"><ele>1884.2</ele><time>2024-08-05T18:57:15Z</time></trkpt>
<trkpt lat="43.728622" lon="-121.975929"><ele>1883.6</ele><time>2024-08-05T18:57:37Z</time></trkpt>
<trkpt lat="43.728664" lon="-121.975749"><ele>1883.8</ele><time>2024-08-05T18:57:48Z</time></trkpt>
<trkpt lat="43.728632" lon="-121.975920"><ele>1883.2</ele><time>2024-08-05T18:57:57Z</time></trkpt>
<trkpt lat="43.728939" lon="-121.975741"><ele>1882.0</ele><time>2024-08-05T18:58:13Z</time></trkpt>
<trkpt lat="43.729328" lon="-121.975679"><ele>1880.0</ele><time>2024-08-05T18:58:47Z</time></trkpt>
<trkpt lat="43.729478" lon="-121.975482"><ele>1877.0</ele><time>2024-08-05T18:59:07Z</time></trkpt>
<trkpt lat="43.729659" lon="-121.975160"><ele>1875.4</ele><time>2024-08-05T18:59:27Z</time></trkpt>
<trkpt lat="43.729633" lon="-121.974867"><ele>1873.2</ele><time>2024-08-05T18:59:45Z</time></trkpt>
<trkpt lat="43.729687" lon="-121.974702"><ele>1872.2</ele><time>2024-08-05T18:59:49Z</time></trkpt>
<trkpt lat="43.729702" lon="-121.974798"><ele>1870.8</ele><time>2024-08-05T18:59:54Z</time></trkpt>
<trkpt lat="43.729614" lon="-121.974960"><ele>1870.0</ele><time>2024-08-05T19:00:01Z</time></trkpt>
<trkpt lat="43.729706" lon="-121.974963"><ele>1868.6</ele><time>2024-08-05T19:00:09Z</time></trkpt>
<trkpt lat="43.729879" lon="-121.975140"><ele>1866.0</ele><time>2024-08-05T19:00:32Z</time></trkpt>
<trkpt lat="43.729946" lon="-121.975922"><ele>1861.6</ele><time>2024-08-05T19:01:28Z</time></trkpt>
<trkpt lat="43.730093" lon="-121.976440"><ele>1861.2</ele><time>2024-08-05T19:01:59Z</time></trkpt>
<trkpt lat="43.729887" lon="-121.976601"><ele>1859.4</ele><time>2024-08-05T19:02:15Z</time></trkpt>
<trkpt lat="43.729321" lon="-121.976801"><ele>1855.0</ele><time>2024-08-05T19:02:46Z</time></trkpt>
<trkpt lat="43.729569" lon="-121.976986"><ele>1855.0</ele><time>2024-08-05T19:02:51Z</time></trkpt>
<trkpt lat="43.729612" lon="-121.977311"><ele>1852.4</ele><time>2024-08-05T19:03:12Z</time></trkpt>
<trkpt lat="43.730077" lon="-121.977790"><ele>1849.6</ele><time>2024-08-05T19:03:56Z</time></trkpt>
<trkpt lat="43.730195" lon="-121.977807"><ele>1848.4</ele><time>2024-08-05T19:04:04Z</time></trkpt>
<trkpt lat="43.730670" lon="-121.978542"><ele>1843.2</ele><time>2024-08-05T19:04:55Z</time></trkpt>
<trkpt lat="43.731084" lon="-121.979034"><ele>1840.4</ele><time>2024-08-05T19:05:49Z</time></trkpt>
<trkpt lat="43.731284" lon="-121.978757"><ele>1840.2</ele><time>2024-08-05T19:05:52Z</time></trkpt>
<trkpt lat="43.731610" lon="-121.978723"><ele>1839.6</ele><time>2024-08-05T19:05:57Z</time></trkpt>
<trkpt lat="43.731514" lon="-121.978852"><ele>1838.6</ele><time>2024-08-05T19:06:05Z</time></trkpt>
<trkpt lat="43.731722" lon="-121.978769"><ele>1836.8</ele><time>2024-08-05T19:06:23Z</time></trkpt>
<trkpt lat="43.732168" lon="-121.978795"><ele>1834.0</ele><time>2024-08-05T19:07:01Z</time></trkpt>
<trkpt lat="43.732615" lon="-121.978945"><ele>1831.2</ele><time>2024-08-05T19:07:39Z</time></trkpt>
<trkpt lat="43.733053" lon="-121.978952"><ele>1824.4</ele><time>2024-08-05T19:08:25Z</time></trkpt>
<trkpt lat="43.733542" lon="-121.979252"><ele>1822.0</ele><time>2024-08-05T19:08:49Z</time></trkpt>
<trkpt lat="43.733609" lon="-121.979195"><ele>1822.0</ele><time>2024-08-05T19:08:52Z</time></trkpt>
<trkpt lat="43.733589" lon="-121.979140"><ele>1822.2</ele><time>2024-08-05T19:08:57Z</time></trkpt>
<trkpt lat="43.733665" lon="-121.979268"><ele>1822.2</ele><time>2024-08-05T19:09:01Z</time></trkpt>
<trkpt lat="43.733906" lon="-121.979323"><ele>1820.2</ele><time>2024-08-05T19:09:19Z</time></trkpt>
<trkpt lat="43.734049" lon="-121.979246"><ele>1819.8</ele><time>2024-08-05T19:09:29Z</time></trkpt>
<trkpt lat="43.734574" lon="-121.978364"><ele>1812.6</ele><time>2024-08-05T19:10:31Z</time></trkpt>
<trkpt lat="43.735547" lon="-121.977280"><ele>1801.6</ele><time>2024-08-05T19:12:19Z</time></trkpt>
<trkpt lat="43.735853" lon="-121.977060"><ele>1800.6</ele><time>2024-08-05T19:12:25Z</time></trkpt>
<trkpt lat="43.735772" lon="-121.977154"><ele>1800.6</ele><time>2024-08-05T19:12:31Z</time></trkpt>
<trkpt lat="43.737082" lon="-121.977782"><ele>1801.6</ele><time>2024-08-05T19:14:20Z</time></trkpt>
<trkpt lat="43.737376" lon="-121.977679"><ele>1799.6</ele><time>2024-08-05T19:14:39Z</time></trkpt>
<trkpt lat="43.737483" lon="-121.977726"><ele>1797.8</ele><time>2024-08-05T19:14:48Z</time></trkpt>
<trkpt lat="43.737618" lon="-121.977866"><ele>1796.2</ele><time>2024-08-05T19:14:56Z</time></trkpt>
<trkpt lat="43.737996" lon="-121.978044"><ele>1793.8</ele><time>2024-08-05T19:15:25Z</time></trkpt>
<trkpt lat="43.738014" lon="-121.978241"><ele>1791.6</ele><time>2024-08-05T19:15:41Z</time></trkpt>
<trkpt lat="43.738122" lon="-121.978349"><ele>1790.6</ele><time>2024-08-05T19:16:05Z</time></trkpt>
<trkpt lat="43.738464" lon="-121.978441"><ele>1788.2</ele><time>2024-08-05T19:16:35Z</time></trkpt>
<trkpt lat="43.738811" lon="-121.978671"><ele>1786.6</ele><time>2024-08-05T19:16:51Z</time></trkpt>
<trkpt lat="43.738782" lon="-121.978763"><ele>1786.0</ele><time>2024-08-05T19:16:55Z</time></trkpt>
<trkpt lat="43.738848" lon="-121.978893"><ele>1784.8</ele><time>2024-08-05T19:17:02Z</time></trkpt>
<trkpt lat="43.739752" lon="-121.979727"><ele>1775.2</ele><time>2024-08-05T19:18:19Z</time></trkpt>
<trkpt lat="43.740326" lon="-121.980108"><ele>1768.8</ele><time>2024-08-05T19:19:04Z</time></trkpt>
<trkpt lat="43.741227" lon="-121.980448"><ele>1759.4</ele><time>2024-08-05T19:20:05Z</time></trkpt>
<trkpt lat="43.741501" lon="-121.980634"><ele>1756.2</ele><time>2024-08-05T19:20:37Z</time></trkpt>
<trkpt lat="43.741820" lon="-121.980690"><ele>1753.6</ele><time>2024-08-05T19:20:51Z</time></trkpt>
<trkpt lat="43.741963" lon="-121.980535"><ele>1754.2</ele><time>2024-08-05T19:21:05Z</time></trkpt>
<trkpt lat="43.742514" lon="-121.980252"><ele>1753.6</ele><time>2024-08-05T19:21:57Z</time></trkpt>
<trkpt lat="43.743018" lon="-121.979882"><ele>1748.8</ele><time>2024-08-05T19:22:39Z</time></trkpt>
<trkpt lat="43.743453" lon="-121.979714"><ele>1749.4</ele><time>2024-08-05T19:22:53Z</time></trkpt>
<trkpt lat="43.743433" lon="-121.979521"><ele>1749.2</ele><time>2024-08-05T19:22:59Z</time></trkpt>
<trkpt lat="43.744455" lon="-121.979262"><ele>1747.8</ele><time>2024-08-05T19:24:50Z</time></trkpt>
<trkpt lat="43.744434" lon="-121.979179"><ele>1747.8</ele><time>2024-08-05T19:24:58Z</time></trkpt>
<trkpt lat="43.744353" lon="-121.979267"><ele>1746.2</ele><time>2024-08-05T19:26:45Z</time></trkpt>
<trkpt lat="43.744423" lon="-121.979024"><ele>1747.0</ele><time>2024-08-05T19:26:59Z</time></trkpt>
<trkpt lat="43.744377" lon="-121.979155"><ele>1747.4</ele><time>2024-08-05T19:27:06Z</time></trkpt>
<trkpt lat="43.744376" lon="-121.979097"><ele>1747.4</ele><time>2024-08-05T19:27:08Z</time></trkpt>
<trkpt lat="43.744381" lon="-121.979152"><ele>1747.4</ele><time>2024-08-05T19:27:09Z</time></trkpt>
<trkpt lat="43.744515" lon="-121.978983"><ele>1747.4</ele><time>2024-08-05T19:28:46Z</time></trkpt>
<trkpt lat="43.744577" lon="-121.979015"><ele>1747.2</ele><time>2024-08-05T19:28:49Z</time></trkpt>
<trkpt lat="43.744546" lon="-121.978941"><ele>1746.6</ele><time>2024-08-05T19:28:52Z</time></trkpt>
<trkpt lat="43.744685" lon="-121.978642"><ele>1746.8</ele><time>2024-08-05T19:29:18Z</time></trkpt>
<trkpt lat="43.745000" lon="-121.978515"><ele>1749.2</ele><time>2024-08-05T19:29:52Z</time></trkpt>
<trkpt lat="43.745149" lon="-121.978324"><ele>1748.4</ele><time>2024-08-05T19:30:20Z</time></trkpt>
<trkpt lat="43.745183" lon="-121.978092"><ele>1748.4</ele><time>2024-08-05T19:30:51Z</time></trkpt>
<trkpt lat="43.745141" lon="-121.978161"><ele>1748.4</ele><time>2024-08-05T19:30:55Z</time></trkpt>
<trkpt lat="43.745194" lon="-121.978131"><ele>1748.6</ele><time>2024-08-05T19:31:07Z</time></trkpt>
<trkpt lat="43.745113" lon="-121.978062"><ele>1747.2</ele><time>2024-08-05T19:32:48Z</time></trkpt>
<trkpt lat="43.745131" lon="-121.978010"><ele>1747.0</ele><time>2024-08-05T19:32:54Z</time></trkpt>
<trkpt lat="43.745194" lon="-121.978112"><ele>1747.0</ele><time>2024-08-05T19:33:04Z</time></trkpt>
<trkpt lat="43.745253" lon="-121.977985"><ele>1746.8</ele><time>2024-08-05T19:34:55Z</time></trkpt>
<trkpt lat="43.745261" lon="-121.978090"><ele>1746.8</ele><time>2024-08-05T19:35:06Z</time></trkpt>
<trkpt lat="43.745119" lon="-121.978066"><ele>1746.8</ele><time>2024-08-05T19:36:53Z</time></trkpt>
<trkpt lat="43.745207" lon="-121.977989"><ele>1746.8</ele><time>2024-08-05T19:36:57Z</time></trkpt>
<trkpt lat="43.745143" lon="-121.977954"><ele>1747.0</ele><time>2024-08-05T19:37:06Z</time></trkpt>
<trkpt lat="43.745195" lon="-121.978116"><ele>1748.4</ele><time>2024-08-05T19:39:07Z</time></trkpt>
<trkpt lat="43.745174" lon="-121.977982"><ele>1748.6</ele><time>2024-08-05T19:40:51Z</time></trkpt>
<trkpt lat="43.745214" lon="-121.977988"><ele>1749.0</ele><time>2024-08-05T19:41:04Z</time></trkpt>
<trkpt lat="43.745150" lon="-121.977939"><ele>1750.4</ele><time>2024-08-05T19:43:03Z</time></trkpt>
<trkpt lat="43.745282" lon="-121.978088"><ele>1752.2</ele><time>2024-08-05T19:46:52Z</time></trkpt>
<trkpt lat="43.745173" lon="-121.978045"><ele>1752.4</ele><time>2024-08-05T19:47:05Z</time></trkpt>
<trkpt lat="43.745245" lon="-121.978011"><ele>1752.8</ele><time>2024-08-05T19:48:58Z</time></trkpt>
<trkpt lat="43.745170" lon="-121.977934"><ele>1753.0</ele><time>2024-08-05T19:49:06Z</time></trkpt>
<trkpt lat="43.745251" lon="-121.978068"><ele>1752.6</ele><time>2024-08-05T19:50:38Z</time></trkpt>
<trkpt lat="43.745263" lon="-121.977967"><ele>1753.0</ele><time>2024-08-05T19:50:57Z</time></trkpt>
<trkpt lat="43.745154" lon="-121.978067"><ele>1753.8</ele><time>2024-08-05T19:51:06Z</time></trkpt>
<trkpt lat="43.745163" lon="-121.978009"><ele>1753.2</ele><time>2024-08-05T19:51:44Z</time></trkpt>
<trkpt lat="43.745082" lon="-121.977959"><ele>1754.2</ele><time>2024-08-05T19:52:57Z</time></trkpt>
<trkpt lat="43.745233" lon="-121.978090"><ele>1754.2</ele><time>2024-08-05T19:53:07Z</time></trkpt>
<trkpt lat="43.745169" lon="-121.978025"><ele>1754.0</ele><time>2024-08-05T19:53:08Z</time></trkpt>
<trkpt lat="43.745231" lon="-121.977950"><ele>1755.0</ele><time>2024-08-05T19:54:58Z</time></trkpt>
<trkpt lat="43.745131" lon="-121.978013"><ele>1755.2</ele><time>2024-08-05T19:56:16Z</time></trkpt>
<trkpt lat="43.745227" lon="-121.978113"><ele>1755.2</ele><time>2024-08-05T19:58:59Z</time></trkpt>
<trkpt lat="43.745168" lon="-121.978117"><ele>1755.6</ele><time>2024-08-05T19:59:05Z</time></trkpt>
<trkpt lat="43.745187" lon="-121.978031"><ele>1755.6</ele><time>2024-08-05T19:59:16Z</time></trkpt>
<trkpt lat="43.745031" lon="-121.977888"><ele>1756.2</ele><time>2024-08-05T20:00:51Z</time></trkpt>
<trkpt lat="43.745195" lon="-121.978086"><ele>1756.0</ele><time>2024-08-05T20:03:03Z</time></trkpt>
<trkpt lat="43.745233" lon="-121.977993"><ele>1756.2</ele><time>2024-08-05T20:04:51Z</time></trkpt>
<trkpt lat="43.745298" lon="-121.977999"><ele>1756.2</ele><time>2024-08-05T20:04:58Z</time></trkpt>
<trkpt lat="43.745119" lon="-121.978120"><ele>1756.0</ele><time>2024-08-05T20:06:52Z</time></trkpt>
<trkpt lat="43.745181" lon="-121.978140"><ele>1756.0</ele><time>2024-08-05T20:07:05Z</time></trkpt>
<trkpt lat="43.745153" lon="-121.978036"><ele>1757.8</ele><time>2024-08-05T20:08:40Z</time></trkpt>
<trkpt lat="43.745206" lon="-121.977997"><ele>1758.0</ele><time>2024-08-05T20:08:57Z</time></trkpt>
<trkpt lat="43.745118" lon="-121.978016"><ele>1757.8</ele><time>2024-08-05T20:09:06Z</time></trkpt>
<trkpt lat="43.745142" lon="-121.977948"><ele>1757.2</ele><time>2024-08-05T20:10:56Z</time></trkpt>
<trkpt lat="43.745208" lon="-121.978140"><ele>1756.8</ele><time>2024-08-05T20:11:06Z</time></trkpt>
<trkpt lat="43.745172" lon="-121.978023"><ele>1757.6</ele><time>2024-08-05T20:12:53Z</time></trkpt>
<trkpt lat="43.745164" lon="-121.978124"><ele>1757.4</ele><time>2024-08-05T20:13:01Z</time></trkpt>
<trkpt lat="43.745189" lon="-121.977994"><ele>1758.2</ele><time>2024-08-05T20:14:57Z</time></trkpt>
<trkpt lat="43.745244" lon="-121.978036"><ele>1757.8</ele><time>2024-08-05T20:15:04Z</time></trkpt>
<trkpt lat="43.745190" lon="-121.977970"><ele>1757.2</ele><time>2024-08-05T20:15:10Z</time></trkpt>
<trkpt lat="43.745194" lon="-121.978151"><ele>1758.4</ele><time>2024-08-05T20:16:56Z</time></trkpt>
<trkpt lat="43.745228" lon="-121.978102"><ele>1758.0</ele><time>2024-08-05T20:17:01Z</time></trkpt>
<trkpt lat="43.745181" lon="-121.978160"><ele>1756.8</ele><time>2024-08-05T20:19:06Z</time></trkpt>
<trkpt lat="43.745126" lon="-121.977962"><ele>1757.0</ele><time>2024-08-05T20:20:59Z</time></trkpt>
<trkpt lat="43.745246" lon="-121.978081"><ele>1755.0</ele><time>2024-08-05T20:21:55Z</time></trkpt>
<trkpt lat="43.745678" lon="-121.977978"><ele>1756.0</ele><time>2024-08-05T20:22:56Z</time></trkpt>
<trkpt lat="43.746263" lon="-121.975831"><ele>1758.0</ele><time>2024-08-05T20:25:10Z</time></trkpt>
<trkpt lat="43.746387" lon="-121.975547"><ele>1760.2</ele><time>2024-08-05T20:25:29Z</time></trkpt>
<trkpt lat="43.746557" lon="-121.975321"><ele>1760.8</ele><time>2024-08-05T20:25:47Z</time></trkpt>
<trkpt lat="43.746737" lon="-121.975208"><ele>1760.4</ele><time>2024-08-05T20:25:57Z</time></trkpt>
<trkpt lat="43.747047" lon="-121.974743"><ele>1763.2</ele><time>2024-08-05T20:26:50Z</time></trkpt>
<trkpt lat="43.747149" lon="-121.974706"><ele>1763.6</ele><time>2024-08-05T20:26:58Z</time></trkpt>
<trkpt lat="43.748833" lon="-121.972842"><ele>1776.6</ele><time>2024-08-05T20:30:45Z</time></trkpt>
<trkpt lat="43.749025" lon="-121.972718"><ele>1776.8</ele><time>2024-08-05T20:30:51Z</time></trkpt>
<trkpt lat="43.749072" lon="-121.972595"><ele>1777.8</ele><time>2024-08-05T20:31:06Z</time></trkpt>
<trkpt lat="43.749487" lon="-121.972647"><ele>1781.0</ele><time>2024-08-05T20:31:45Z</time></trkpt>
<trkpt lat="43.750136" lon="-121.972909"><ele>1785.2</ele><time>2024-08-05T20:32:50Z</time></trkpt>
<trkpt lat="43.750245" lon="-121.972910"><ele>1785.8</ele><time>2024-08-05T20:32:57Z</time></trkpt>
<trkpt lat="43.750273" lon="-121.972827"><ele>1786.0</ele><time>2024-08-05T20:33:03Z</time></trkpt>
<trkpt lat="43.751528" lon="-121.973758"><ele>1788.4</ele><time>2024-08-05T20:34:58Z</time></trkpt>
<trkpt lat="43.751832" lon="-121.973830"><ele>1788.8</ele><time>2024-08-05T20:35:21Z</time></trkpt>
<trkpt lat="43.752392" lon="-121.974244"><ele>1790.6</ele><time>2024-08-05T20:36:39Z</time></trkpt>
<trkpt lat="43.752683" lon="-121.974325"><ele>1792.8</ele><time>2024-08-05T20:36:51Z</time></trkpt>
<trkpt lat="43.753598" lon="-121.972806"><ele>1798.6</ele><time>2024-08-05T20:38:50Z</time></trkpt>
<trkpt lat="43.753845" lon="-121.972633"><ele>1797.0</ele><time>2024-08-05T20:39:06Z</time></trkpt>
<trkpt lat="43.754039" lon="-121.972080"><ele>1797.6</ele><time>2024-08-05T20:39:37Z</time></trkpt>
<trkpt lat="43.754088" lon="-121.971244"><ele>1795.2</ele><time>2024-08-05T20:40:31Z</time></trkpt>
<trkpt lat="43.754260" lon="-121.970767"><ele>1795.2</ele><time>2024-08-05T20:40:50Z</time></trkpt>
<trkpt lat="43.754932" lon="-121.970691"><ele>1796.6</ele><time>2024-08-05T20:41:25Z</time></trkpt>
<trkpt lat="43.755098" lon="-121.970508"><ele>1795.2</ele><time>2024-08-05T20:41:37Z</time></trkpt>
<trkpt lat="43.755182" lon="-121.970235"><ele>1795.4</ele><time>2024-08-05T20:41:51Z</time></trkpt>
<trkpt lat="43.755706" lon="-121.969930"><ele>1799.6</ele><time>2024-08-05T20:42:50Z</time></trkpt>
<trkpt lat="43.756564" lon="-121.969954"><ele>1798.2</ele><time>2024-08-05T20:44:03Z</time></trkpt>
<trkpt lat="43.757290" lon="-121.969745"><ele>1796.8</ele><time>2024-08-05T20:44:57Z</time></trkpt>
<trkpt lat="43.757878" lon="-121.970207"><ele>1799.0</ele><time>2024-08-05T20:45:33Z</time></trkpt>
<trkpt lat="43.758287" lon="-121.971143"><ele>1803.8</ele><time>2024-08-05T20:46:50Z</time></trkpt>
<trkpt lat="43.758722" lon="-121.971117"><ele>1806.2</ele><time>2024-08-05T20:47:17Z</time></trkpt>
<trkpt lat="43.758937" lon="-121.970983"><ele>1809.6</ele><time>2024-08-05T20:47:55Z</time></trkpt>
<trkpt lat="43.759465" lon="-121.970406"><ele>1811.8</ele><time>2024-08-05T20:48:51Z</time></trkpt>
<trkpt lat="43.759838" lon="-121.970294"><ele>1811.6</ele><time>2024-08-05T20:49:08Z</time></trkpt>
<trkpt lat="43.760537" lon="-121.968757"><ele>1815.6</ele><time>2024-08-05T20:50:50Z</time></trkpt>
<trkpt lat="43.760509" lon="-121.968825"><ele>1815.4</ele><time>2024-08-05T20:50:52Z</time></trkpt>
<trkpt lat="43.760719" lon="-121.968766"><ele>1815.6</ele><time>2024-08-05T20:50:58Z</time></trkpt>
<trkpt lat="43.761066" lon="-121.968284"><ele>1819.0</ele><time>2024-08-05T20:51:29Z</time></trkpt>
<trkpt lat="43.761662" lon="-121.967790"><ele>1822.0</ele><time>2024-08-05T20:52:41Z</time></trkpt>
<trkpt lat="43.761744" lon="-121.967605"><ele>1823.4</ele><time>2024-08-05T20:52:51Z</time></trkpt>
<trkpt lat="43.761652" lon="-121.967518"><ele>1823.4</ele><time>2024-08-05T20:52:52Z</time></trkpt>
<trkpt lat="43.761853" lon="-121.967516"><ele>1822.8</ele><time>2024-08-05T20:53:00Z</time></trkpt>
<trkpt lat="43.761888" lon="-121.967410"><ele>1824.4</ele><time>2024-08-05T20:53:10Z</time></trkpt>
<trkpt lat="43.762086" lon="-121.967366"><ele>1826.2</ele><time>2024-08-05T20:53:23Z</time></trkpt>
<trkpt lat="43.763200" lon="-121.967573"><ele>1826.6</ele><time>2024-08-05T20:55:06Z</time></trkpt>
<trkpt lat="43.764147" lon="-121.966862"><ele>1834.0</ele><time>2024-08-05T20:56:52Z</time></trkpt>
<trkpt lat="43.764535" lon="-121.966939"><ele>1836.2</ele><time>2024-08-05T20:57:11Z</time></trkpt>
<trkpt lat="43.764891" lon="-121.967129"><ele>1836.6</ele><time>2024-08-05T20:57:34Z</time></trkpt>
<trkpt lat="43.765504" lon="-121.967640"><ele>1838.8</ele><time>2024-08-05T20:58:55Z</time></trkpt>
<trkpt lat="43.765723" lon="-121.967554"><ele>1837.0</ele><time>2024-08-05T20:59:08Z</time></trkpt>
<trkpt lat="43.765855" lon="-121.967584"><ele>1836.4</ele><time>2024-08-05T20:59:34Z</time></trkpt>
<trkpt lat="43.766210" lon="-121.968354"><ele>1834.8</ele><time>2024-08-05T21:00:26Z</time></trkpt>
<trkpt lat="43.766442" lon="-121.968401"><ele>1833.8</ele><time>2024-08-05T21:00:51Z</time></trkpt>
<trkpt lat="43.766467" lon="-121.968316"><ele>1834.0</ele><time>2024-08-05T21:00:58Z</time></trkpt>
<trkpt lat="43.767186" lon="-121.968285"><ele>1829.4</ele><time>2024-08-05T21:02:08Z</time></trkpt>
<trkpt lat="43.767508" lon="-121.968524"><ele>1828.4</ele><time>2024-08-05T21:02:46Z</time></trkpt>
<trkpt lat="43.767644" lon="-121.968567"><ele>1828.8</ele><time>2024-08-05T21:02:53Z</time></trkpt>
<trkpt lat="43.767562" lon="-121.968437"><ele>1828.8</ele><time>2024-08-05T21:02:57Z</time></trkpt>
<trkpt lat="43.767772" lon="-121.968601"><ele>1828.4</ele><time>2024-08-05T21:03:07Z</time></trkpt>
<trkpt lat="43.768674" lon="-121.968807"><ele>1833.8</ele><time>2024-08-05T21:04:44Z</time></trkpt>
<trkpt lat="43.768859" lon="-121.968922"><ele>1833.2</ele><time>2024-08-05T21:04:52Z</time></trkpt>
<trkpt lat="43.768808" lon="-121.968933"><ele>1833.4</ele><time>2024-08-05T21:04:54Z</time></trkpt>
<trkpt lat="43.768888" lon="-121.968834"><ele>1833.4</ele><time>2024-08-05T21:04:58Z</time></trkpt>
<trkpt lat="43.769087" lon="-121.968791"><ele>1832.6</ele><time>2024-08-05T21:05:06Z</time></trkpt>
<trkpt lat="43.769503" lon="-121.969208"><ele>1832.2</ele><time>2024-08-05T21:05:22Z</time></trkpt>
<trkpt lat="43.769933" lon="-121.969422"><ele>1834.2</ele><time>2024-08-05T21:06:08Z</time></trkpt>
<trkpt lat="43.770176" lon="-121.969655"><ele>1837.0</ele><time>2024-08-05T21:06:50Z</time></trkpt>
<trkpt lat="43.770029" lon="-121.969437"><ele>1836.6</ele><time>2024-08-05T21:06:58Z</time></trkpt>
<trkpt lat="43.770229" lon="-121.969393"><ele>1836.4</ele><time>2024-08-05T21:07:03Z</time></trkpt>
<trkpt lat="43.770424" lon="-121.969116"><ele>1833.8</ele><time>2024-08-05T21:07:48Z</time></trkpt>
<trkpt lat="43.770935" lon="-121.968863"><ele>1835.0</ele><time>2024-08-05T21:08:51Z</time></trkpt>
<trkpt lat="43.771153" lon="-121.968981"><ele>1835.4</ele><time>2024-08-05T21:08:56Z</time></trkpt>
<trkpt lat="43.771282" lon="-121.969173"><ele>1835.2</ele><time>2024-08-05T21:09:09Z</time></trkpt>
<trkpt lat="43.771764" lon="-121.969380"><ele>1834.8</ele><time>2024-08-05T21:10:04Z</time></trkpt>
<trkpt lat="43.772245" lon="-121.969466"><ele>1837.6</ele><time>2024-08-05T21:10:52Z</time></trkpt>
<trkpt lat="43.772169" lon="-121.969416"><ele>1837.6</ele><time>2024-08-05T21:10:56Z</time></trkpt>
<trkpt lat="43.772352" lon="-121.969399"><ele>1838.0</ele><time>2024-08-05T21:11:00Z</time></trkpt>
<trkpt lat="43.772657" lon="-121.969026"><ele>1833.0</ele><time>2024-08-05T21:11:34Z</time></trkpt>
<trkpt lat="43.772814" lon="-121.968671"><ele>1826.2</ele><time>2024-08-05T21:12:18Z</time></trkpt>
<trkpt lat="43.772951" lon="-121.968494"><ele>1825.4</ele><time>2024-08-05T21:12:32Z</time></trkpt>
<trkpt lat="43.773099" lon="-121.968506"><ele>1825.8</ele><time>2024-08-05T21:12:44Z</time></trkpt>
<trkpt lat="43.773194" lon="-121.968314"><ele>1826.2</ele><time>2024-08-05T21:12:54Z</time></trkpt>
<trkpt lat="43.773496" lon="-121.968393"><ele>1826.4</ele><time>2024-08-05T21:12:59Z</time></trkpt>
<trkpt lat="43.773601" lon="-121.968331"><ele>1826.2</ele><time>2024-08-05T21:13:09Z</time></trkpt>
<trkpt lat="43.774467" lon="-121.967403"><ele>1827.4</ele><time>2024-08-05T21:14:53Z</time></trkpt>
<trkpt lat="43.775008" lon="-121.967366"><ele>1829.2</ele><time>2024-08-05T21:15:22Z</time></trkpt>
<trkpt lat="43.775322" lon="-121.967151"><ele>1833.2</ele><time>2024-08-05T21:16:14Z</time></trkpt>
<trkpt lat="43.775497" lon="-121.967126"><ele>1832.8</ele><time>2024-08-05T21:16:54Z</time></trkpt>
<trkpt lat="43.775400" lon="-121.967104"><ele>1832.6</ele><time>2024-08-05T21:17:03Z</time></trkpt>
<trkpt lat="43.775743" lon="-121.966394"><ele>1832.2</ele><time>2024-08-05T21:18:50Z</time></trkpt>
<trkpt lat="43.776159" lon="-121.966455"><ele>1832.2</ele><time>2024-08-05T21:18:51Z</time></trkpt>
<trkpt lat="43.776477" lon="-121.966407"><ele>1831.2</ele><time>2024-08-05T21:19:07Z</time></trkpt>
<trkpt lat="43.777533" lon="-121.965451"><ele>1829.4</ele><time>2024-08-05T21:20:51Z</time></trkpt>
<trkpt lat="43.777458" lon="-121.965387"><ele>1829.4</ele><time>2024-08-05T21:20:56Z</time></trkpt>
<trkpt lat="43.777627" lon="-121.965168"><ele>1830.8</ele><time>2024-08-05T21:21:10Z</time></trkpt>
<trkpt lat="43.778657" lon="-121.965015"><ele>1827.8</ele><time>2024-08-05T21:22:44Z</time></trkpt>
<trkpt lat="43.778896" lon="-121.964916"><ele>1827.6</ele><time>2024-08-05T21:22:52Z</time></trkpt>
<trkpt lat="43.779067" lon="-121.964736"><ele>1825.0</ele><time>2024-08-05T21:23:07Z</time></trkpt>
<trkpt lat="43.779736" lon="-121.964597"><ele>1824.0</ele><time>2024-08-05T21:24:18Z</time></trkpt>
<trkpt lat="43.779922" lon="-121.964684"><ele>1828.4</ele><time>2024-08-05T21:24:30Z</time></trkpt>
<trkpt lat="43.780337" lon="-121.964801"><ele>1823.8</ele><time>2024-08-05T21:24:54Z</time></trkpt>
<trkpt lat="43.781209" lon="-121.964543"><ele>1824.0</ele><time>2024-08-05T21:26:22Z</time></trkpt>
<trkpt lat="43.781791" lon="-121.964517"><ele>1823.2</ele><time>2024-08-05T21:26:51Z</time></trkpt>
<trkpt lat="43.782125" lon="-121.964743"><ele>1821.2</ele><time>2024-08-05T21:27:16Z</time></trkpt>
<trkpt lat="43.782312" lon="-121.964750"><ele>1818.0</ele><time>2024-08-05T21:27:28Z</time></trkpt>
<trkpt lat="43.782414" lon="-121.964948"><ele>1821.6</ele><time>2024-08-05T21:27:42Z</time></trkpt>
<trkpt lat="43.782529" lon="-121.965603"><ele>1816.2</ele><time>2024-08-05T21:28:30Z</time></trkpt>
<trkpt lat="43.782731" lon="-121.965991"><ele>1811.8</ele><time>2024-08-05T21:28:51Z</time></trkpt>
<trkpt lat="43.782947" lon="-121.966079"><ele>1810.6</ele><time>2024-08-05T21:29:09Z</time></trkpt>
<trkpt lat="43.783252" lon="-121.966607"><ele>1806.2</ele><time>2024-08-05T21:29:58Z</time></trkpt>
<trkpt lat="43.783849" lon="-121.968004"><ele>1808.2</ele><time>2024-08-05T21:31:18Z</time></trkpt>
<trkpt lat="43.784006" lon="-121.968027"><ele>1803.8</ele><time>2024-08-05T21:31:34Z</time></trkpt>
<trkpt lat="43.784515" lon="-121.967774"><ele>1799.4</ele><time>2024-08-05T21:32:14Z</time></trkpt>
<trkpt lat="43.784685" lon="-121.967567"><ele>1799.2</ele><time>2024-08-05T21:32:28Z</time></trkpt>
<trkpt lat="43.785080" lon="-121.967411"><ele>1798.0</ele><time>2024-08-05T21:32:51Z</time></trkpt>
<trkpt lat="43.784934" lon="-121.967587"><ele>1798.0</ele><time>2024-08-05T21:32:53Z</time></trkpt>
<trkpt lat="43.784948" lon="-121.967664"><ele>1797.8</ele><time>2024-08-05T21:32:58Z</time></trkpt>
<trkpt lat="43.785181" lon="-121.967677"><ele>1800.8</ele><time>2024-08-05T21:33:38Z</time></trkpt>
<trkpt lat="43.785356" lon="-121.967533"><ele>1797.6</ele><time>2024-08-05T21:33:54Z</time></trkpt>
<trkpt lat="43.785584" lon="-121.967537"><ele>1794.2</ele><time>2024-08-05T21:34:20Z</time></trkpt>
<trkpt lat="43.785775" lon="-121.967717"><ele>1794.0</ele><time>2024-08-05T21:34:42Z</time></trkpt>
<trkpt lat="43.785884" lon="-121.967645"><ele>1794.0</ele><time>2024-08-05T21:34:51Z</time></trkpt>
<trkpt lat="43.785911" lon="-121.967927"><ele>1793.6</ele><time>2024-08-05T21:34:53Z</time></trkpt>
<trkpt lat="43.786081" lon="-121.968045"><ele>1792.2</ele><time>2024-08-05T21:35:06Z</time></trkpt>
<trkpt lat="43.786853" lon="-121.967996"><ele>1789.0</ele><time>2024-08-05T21:36:10Z</time></trkpt>
<trkpt lat="43.787535" lon="-121.968131"><ele>1785.6</ele><time>2024-08-05T21:37:01Z</time></trkpt>
<trkpt lat="43.787624" lon="-121.968239"><ele>1784.0</ele><time>2024-08-05T21:37:09Z</time></trkpt>
<trkpt lat="43.787944" lon="-121.968169"><ele>1781.8</ele><time>2024-08-05T21:37:20Z</time></trkpt>
<trkpt lat="43.788353" lon="-121.968196"><ele>1781.8</ele><time>2024-08-05T21:38:04Z</time></trkpt>
<trkpt lat="43.788619" lon="-121.967936"><ele>1777.8</ele><time>2024-08-05T21:38:32Z</time></trkpt>
<trkpt lat="43.788929" lon="-121.967836"><ele>1774.6</ele><time>2024-08-05T21:38:52Z</time></trkpt>
<trkpt lat="43.788888" lon="-121.967825"><ele>1774.6</ele><time>2024-08-05T21:38:54Z</time></trkpt>
<trkpt lat="43.789153" lon="-121.967933"><ele>1777.2</ele><time>2024-08-05T21:39:30Z</time></trkpt>
<trkpt lat="43.789775" lon="-121.967966"><ele>1768.8</ele><time>2024-08-05T21:40:30Z</time></trkpt>
<trkpt lat="43.790121" lon="-121.967776"><ele>1767.0</ele><time>2024-08-05T21:40:54Z</time></trkpt>
<trkpt lat="43.790075" lon="-121.967760"><ele>1766.6</ele><time>2024-08-05T21:40:55Z</time></trkpt>
<trkpt lat="43.790179" lon="-121.967399"><ele>1760.4</ele><time>2024-08-05T21:41:17Z</time></trkpt>
<trkpt lat="43.790300" lon="-121.967419"><ele>1762.2</ele><time>2024-08-05T21:41:27Z</time></trkpt>
<trkpt lat="43.790446" lon="-121.967618"><ele>1763.2</ele><time>2024-08-05T21:41:41Z</time></trkpt>
<trkpt lat="43.790751" lon="-121.967529"><ele>1760.4</ele><time>2024-08-05T21:42:03Z</time></trkpt>
<trkpt lat="43.791617" lon="-121.966789"><ele>1752.0</ele><time>2024-08-05T21:43:19Z</time></trkpt>
<trkpt lat="43.791897" lon="-121.966878"><ele>1751.0</ele><time>2024-08-05T21:43:47Z</time></trkpt>
<trkpt lat="43.792421" lon="-121.966785"><ele>1746.0</ele><time>2024-08-05T21:44:17Z</time></trkpt>
<trkpt lat="43.792577" lon="-121.966997"><ele>1748.2</ele><time>2024-08-05T21:44:37Z</time></trkpt>
<trkpt lat="43.792879" lon="-121.967183"><ele>1746.8</ele><time>2024-08-05T21:44:54Z</time></trkpt>
<trkpt lat="43.792930" lon="-121.967134"><ele>1744.6</ele><time>2024-08-05T21:45:00Z</time></trkpt>
<trkpt lat="43.792886" lon="-121.967151"><ele>1744.2</ele><time>2024-08-05T21:45:02Z</time></trkpt>
<trkpt lat="43.792970" lon="-121.967244"><ele>1744.8</ele><time>2024-08-05T21:45:12Z</time></trkpt>
<trkpt lat="43.793554" lon="-121.967330"><ele>1739.6</ele><time>2024-08-05T21:45:59Z</time></trkpt>
<trkpt lat="43.794259" lon="-121.967207"><ele>1734.0</ele><time>2024-08-05T21:46:52Z</time></trkpt>
<trkpt lat="43.794406" lon="-121.967275"><ele>1734.0</ele><time>2024-08-05T21:46:55Z</time></trkpt>
<trkpt lat="43.794453" lon="-121.967209"><ele>1734.0</ele><time>2024-08-05T21:46:59Z</time></trkpt>
<trkpt lat="43.794414" lon="-121.967142"><ele>1733.0</ele><time>2024-08-05T21:47:04Z</time></trkpt>
<trkpt lat="43.794715" lon="-121.967085"><ele>1732.6</ele><time>2024-08-05T21:47:23Z</time></trkpt>
<trkpt lat="43.794863" lon="-121.967198"><ele>1733.6</ele><time>2024-08-05T21:47:39Z</time></trkpt>
<trkpt lat="43.794983" lon="-121.967147"><ele>1731.0</ele><time>2024-08-05T21:47:49Z</time></trkpt>
<trkpt lat="43.794982" lon="-121.967034"><ele>1729.6</ele><time>2024-08-05T21:47:57Z</time></trkpt>
<trkpt lat="43.795051" lon="-121.966998"><ele>1728.0</ele><time>2024-08-05T21:48:07Z</time></trkpt>
<trkpt lat="43.795597" lon="-121.966778"><ele>1728.8</ele><time>2024-08-05T21:48:45Z</time></trkpt>
<trkpt lat="43.797232" lon="-121.965746"><ele>1720.4</ele><time>2024-08-05T21:50:59Z</time></trkpt>
<trkpt lat="43.797649" lon="-121.965314"><ele>1714.0</ele><time>2024-08-05T21:51:47Z</time></trkpt>
<trkpt lat="43.797833" lon="-121.965236"><ele>1712.2</ele><time>2024-08-05T21:51:56Z</time></trkpt>
<trkpt lat="43.797754" lon="-121.965160"><ele>1711.4</ele><time>2024-08-05T21:52:03Z</time></trkpt>
<trkpt lat="43.798406" lon="-121.965120"><ele>1705.2</ele><time>2024-08-05T21:52:37Z</time></trkpt>
<trkpt lat="43.799211" lon="-121.965311"><ele>1705.4</ele><time>2024-08-05T21:53:53Z</time></trkpt>
<trkpt lat="43.799782" lon="-121.964753"><ele>1709.2</ele><time>2024-08-05T21:54:41Z</time></trkpt>
<trkpt lat="43.800210" lon="-121.964525"><ele>1710.8</ele><time>2024-08-05T21:55:15Z</time></trkpt>
<trkpt lat="43.800407" lon="-121.964316"><ele>1706.4</ele><time>2024-08-05T21:55:37Z</time></trkpt>
<trkpt lat="43.800632" lon="-121.964348"><ele>1703.2</ele><time>2024-08-05T21:55:58Z</time></trkpt>
<trkpt lat="43.800693" lon="-121.964520"><ele>1703.2</ele><time>2024-08-05T21:56:10Z</time></trkpt>
<trkpt lat="43.801050" lon="-121.964427"><ele>1704.6</ele><time>2024-08-05T21:56:29Z</time></trkpt>
<trkpt lat="43.801566" lon="-121.964105"><ele>1703.4</ele><time>2024-08-05T21:57:35Z</time></trkpt>
<trkpt lat="43.801952" lon="-121.963955"><ele>1703.0</ele><time>2024-08-05T21:57:53Z</time></trkpt>
<trkpt lat="43.802109" lon="-121.963983"><ele>1703.4</ele><time>2024-08-05T21:58:01Z</time></trkpt>
<trkpt lat="43.802133" lon="-121.963917"><ele>1704.4</ele><time>2024-08-05T21:58:10Z</time></trkpt>
<trkpt lat="43.802402" lon="-121.963827"><ele>1703.2</ele><time>2024-08-05T21:58:30Z</time></trkpt>
<trkpt lat="43.803206" lon="-121.963075"><ele>1695.8</ele><time>2024-08-05T21:59:52Z</time></trkpt>
<trkpt lat="43.803560" lon="-121.963272"><ele>1695.8</ele><time>2024-08-05T21:59:54Z</time></trkpt>
<trkpt lat="43.803216" lon="-121.963189"><ele>1696.0</ele><time>2024-08-05T21:59:59Z</time></trkpt>
<trkpt lat="43.803548" lon="-121.963032"><ele>1696.2</ele><time>2024-08-05T22:00:13Z</time></trkpt>
<trkpt lat="43.803731" lon="-121.962664"><ele>1695.0</ele><time>2024-08-05T22:00:29Z</time></trkpt>
<trkpt lat="43.804603" lon="-121.962248"><ele>1694.2</ele><time>2024-08-05T22:01:53Z</time></trkpt>
<trkpt lat="43.805355" lon="-121.962288"><ele>1694.4</ele><time>2024-08-05T22:02:31Z</time></trkpt>
<trkpt lat="43.805606" lon="-121.962506"><ele>1697.8</ele><time>2024-08-05T22:03:13Z</time></trkpt>
<trkpt lat="43.806078" lon="-121.962739"><ele>1699.0</ele><time>2024-08-05T22:03:52Z</time></trkpt>
<trkpt lat="43.806018" lon="-121.962818"><ele>1698.8</ele><time>2024-08-05T22:03:56Z</time></trkpt>
<trkpt lat="43.806507" lon="-121.962796"><ele>1699.8</ele><time>2024-08-05T22:04:47Z</time></trkpt>
<trkpt lat="43.807325" lon="-121.962991"><ele>1698.6</ele><time>2024-08-05T22:05:52Z</time></trkpt>
<trkpt lat="43.807393" lon="-121.963194"><ele>1699.0</ele><time>2024-08-05T22:05:55Z</time></trkpt>
<trkpt lat="43.807690" lon="-121.963279"><ele>1699.2</ele><time>2024-08-05T22:05:59Z</time></trkpt>
<trkpt lat="43.807603" lon="-121.963304"><ele>1699.0</ele><time>2024-08-05T22:06:04Z</time></trkpt>
<trkpt lat="43.807606" lon="-121.963409"><ele>1698.8</ele><time>2024-08-05T22:06:10Z</time></trkpt>
<trkpt lat="43.808008" lon="-121.963378"><ele>1696.6</ele><time>2024-08-05T22:06:27Z</time></trkpt>
<trkpt lat="43.808501" lon="-121.963444"><ele>1697.8</ele><time>2024-08-05T22:07:23Z</time></trkpt>
<trkpt lat="43.808636" lon="-121.963356"><ele>1696.6</ele><time>2024-08-05T22:07:39Z</time></trkpt>
<trkpt lat="43.808782" lon="-121.963418"><ele>1697.8</ele><time>2024-08-05T22:07:57Z</time></trkpt>
<trkpt lat="43.808746" lon="-121.963488"><ele>1698.0</ele><time>2024-08-05T22:07:58Z</time></trkpt>
<trkpt lat="43.808891" lon="-121.963368"><ele>1698.4</ele><time>2024-08-05T22:08:01Z</time></trkpt>
<trkpt lat="43.809113" lon="-121.963391"><ele>1699.6</ele><time>2024-08-05T22:08:12Z</time></trkpt>
<trkpt lat="43.809678" lon="-121.963642"><ele>1700.8</ele><time>2024-08-05T22:09:09Z</time></trkpt>
<trkpt lat="43.809995" lon="-121.963879"><ele>1699.4</ele><time>2024-08-05T22:09:49Z</time></trkpt>
<trkpt lat="43.810058" lon="-121.964279"><ele>1700.0</ele><time>2024-08-05T22:09:55Z</time></trkpt>
<trkpt lat="43.810080" lon="-121.963982"><ele>1700.2</ele><time>2024-08-05T22:09:57Z</time></trkpt>
<trkpt lat="43.810452" lon="-121.963893"><ele>1700.6</ele><time>2024-08-05T22:10:04Z</time></trkpt>
<trkpt lat="43.810863" lon="-121.964208"><ele>1699.4</ele><time>2024-08-05T22:11:11Z</time></trkpt>
<trkpt lat="43.811416" lon="-121.964079"><ele>1697.4</ele><time>2024-08-05T22:11:55Z</time></trkpt>
<trkpt lat="43.812220" lon="-121.963480"><ele>1696.0</ele><time>2024-08-05T22:12:52Z</time></trkpt>
<trkpt lat="43.812399" lon="-121.963086"><ele>1695.0</ele><time>2024-08-05T22:13:16Z</time></trkpt>
<trkpt lat="43.812700" lon="-121.962822"><ele>1694.6</ele><time>2024-08-05T22:13:50Z</time></trkpt>
<trkpt lat="43.812889" lon="-121.962695"><ele>1694.6</ele><time>2024-08-05T22:13:55Z</time></trkpt>
<trkpt lat="43.813069" lon="-121.962694"><ele>1694.6</ele><time>2024-08-05T22:13:56Z</time></trkpt>
<trkpt lat="43.813152" lon="-121.962409"><ele>1694.8</ele><time>2024-08-05T22:14:08Z</time></trkpt>
<trkpt lat="43.814337" lon="-121.961504"><ele>1695.0</ele><time>2024-08-05T22:15:23Z</time></trkpt>
<trkpt lat="43.814205" lon="-121.961603"><ele>1694.0</ele><time>2024-08-05T22:15:45Z</time></trkpt>
<trkpt lat="43.814077" lon="-121.962114"><ele>1694.0</ele><time>2024-08-05T22:15:54Z</time></trkpt>
<trkpt lat="43.814238" lon="-121.961696"><ele>1694.2</ele><time>2024-08-05T22:15:58Z</time></trkpt>
<trkpt lat="43.814420" lon="-121.961705"><ele>1694.2</ele><time>2024-08-05T22:16:05Z</time></trkpt>
<trkpt lat="43.814655" lon="-121.961423"><ele>1695.0</ele><time>2024-08-05T22:16:17Z</time></trkpt>
<trkpt lat="43.814902" lon="-121.960988"><ele>1695.0</ele><time>2024-08-05T22:16:53Z</time></trkpt>
<trkpt lat="43.815297" lon="-121.960053"><ele>1693.4</ele><time>2024-08-05T22:17:54Z</time></trkpt>
<trkpt lat="43.815363" lon="-121.960142"><ele>1693.8</ele><time>2024-08-05T22:18:01Z</time></trkpt>
<trkpt lat="43.816521" lon="-121.959683"><ele>1697.8</ele><time>2024-08-05T22:19:53Z</time></trkpt>
<trkpt lat="43.816420" lon="-121.959927"><ele>1698.0</ele><time>2024-08-05T22:20:01Z</time></trkpt>
<trkpt lat="43.817976" lon="-121.958621"><ele>1701.4</ele><time>2024-08-05T22:21:53Z</time></trkpt>
<trkpt lat="43.818177" lon="-121.958786"><ele>1701.6</ele><time>2024-08-05T22:21:59Z</time></trkpt>
<trkpt lat="43.818011" lon="-121.958727"><ele>1701.4</ele><time>2024-08-05T22:22:08Z</time></trkpt>
<trkpt lat="43.819071" lon="-121.959209"><ele>1702.0</ele><time>2024-08-05T22:23:33Z</time></trkpt>
<trkpt lat="43.819521" lon="-121.959276"><ele>1703.8</ele><time>2024-08-05T22:23:54Z</time></trkpt>
<trkpt lat="43.819579" lon="-121.959208"><ele>1703.8</ele><time>2024-08-05T22:23:55Z</time></trkpt>
<trkpt lat="43.819542" lon="-121.959103"><ele>1704.8</ele><time>2024-08-05T22:24:00Z</time></trkpt>
<trkpt lat="43.819610" lon="-121.959030"><ele>1705.6</ele><time>2024-08-05T22:24:05Z</time></trkpt>
<trkpt lat="43.819624" lon="-121.959099"><ele>1705.8</ele><time>2024-08-05T22:24:08Z</time></trkpt>
<trkpt lat="43.819767" lon="-121.959033"><ele>1706.4</ele><time>2024-08-05T22:24:12Z</time></trkpt>
<trkpt lat="43.820020" lon="-121.958598"><ele>1708.0</ele><time>2024-08-05T22:24:49Z</time></trkpt>
<trkpt lat="43.820014" lon="-121.958192"><ele>1707.8</ele><time>2024-08-05T22:25:17Z</time></trkpt>
<trkpt lat="43.820128" lon="-121.958009"><ele>1709.0</ele><time>2024-08-05T22:25:35Z</time></trkpt>
<trkpt lat="43.820309" lon="-121.957908"><ele>1710.0</ele><time>2024-08-05T22:25:57Z</time></trkpt>
<trkpt lat="43.820815" lon="-121.957996"><ele>1710.0</ele><time>2024-08-05T22:26:02Z</time></trkpt>
<trkpt lat="43.820507" lon="-121.957996"><ele>1710.2</ele><time>2024-08-05T22:26:05Z</time></trkpt>
<trkpt lat="43.821513" lon="-121.957928"><ele>1713.2</ele><time>2024-08-05T22:27:10Z</time></trkpt>
<trkpt lat="43.821710" lon="-121.958033"><ele>1715.0</ele><time>2024-08-05T22:27:28Z</time></trkpt>
<trkpt lat="43.822462" lon="-121.958161"><ele>1718.2</ele><time>2024-08-05T22:27:55Z</time></trkpt>
<trkpt lat="43.822800" lon="-121.958547"><ele>1718.4</ele><time>2024-08-05T22:27:59Z</time></trkpt>
<trkpt lat="43.822370" lon="-121.958647"><ele>1718.0</ele><time>2024-08-05T22:28:07Z</time></trkpt>
<trkpt lat="43.822536" lon="-121.958656"><ele>1717.6</ele><time>2024-08-05T22:28:11Z</time></trkpt>
<trkpt lat="43.822500" lon="-121.958647"><ele>1717.6</ele><time>2024-08-05T22:28:12Z</time></trkpt>
<trkpt lat="43.822669" lon="-121.958781"><ele>1718.2</ele><time>2024-08-05T22:28:17Z</time></trkpt>
<trkpt lat="43.823481" lon="-121.958451"><ele>1714.4</ele><time>2024-08-05T22:29:19Z</time></trkpt>
<trkpt lat="43.824232" lon="-121.958281"><ele>1715.8</ele><time>2024-08-05T22:29:54Z</time></trkpt>
<trkpt lat="43.824562" lon="-121.958355"><ele>1716.4</ele><time>2024-08-05T22:29:57Z</time></trkpt>
<trkpt lat="43.824707" lon="-121.958313"><ele>1716.6</ele><time>2024-08-05T22:30:01Z</time></trkpt>
<trkpt lat="43.824621" lon="-121.958313"><ele>1716.8</ele><time>2024-08-05T22:30:04Z</time></trkpt>
<trkpt lat="43.824706" lon="-121.958232"><ele>1717.0</ele><time>2024-08-05T22:30:08Z</time></trkpt>
<trkpt lat="43.824872" lon="-121.957588"><ele>1715.8</ele><time>2024-08-05T22:30:37Z</time></trkpt>
<trkpt lat="43.825158" lon="-121.956972"><ele>1714.2</ele><time>2024-08-05T22:31:31Z</time></trkpt>
<trkpt lat="43.825204" lon="-121.956356"><ele>1713.4</ele><time>2024-08-05T22:31:57Z</time></trkpt>
<trkpt lat="43.825857" lon="-121.955994"><ele>1711.6</ele><time>2024-08-05T22:32:17Z</time></trkpt>
<trkpt lat="43.825772" lon="-121.955989"><ele>1711.8</ele><time>2024-08-05T22:32:21Z</time></trkpt>
<trkpt lat="43.826381" lon="-121.955308"><ele>1711.6</ele><time>2024-08-05T22:33:57Z</time></trkpt>
<trkpt lat="43.826391" lon="-121.955003"><ele>1711.6</ele><time>2024-08-05T22:34:03Z</time></trkpt>
<trkpt lat="43.827190" lon="-121.954651"><ele>1711.4</ele><time>2024-08-05T22:35:05Z</time></trkpt>
<trkpt lat="43.827839" lon="-121.953794"><ele>1713.0</ele><time>2024-08-05T22:35:53Z</time></trkpt>
<trkpt lat="43.828116" lon="-121.953919"><ele>1713.0</ele><time>2024-08-05T22:35:57Z</time></trkpt>
<trkpt lat="43.828234" lon="-121.953903"><ele>1713.0</ele><time>2024-08-05T22:35:59Z</time></trkpt>
<trkpt lat="43.828108" lon="-121.953858"><ele>1713.6</ele><time>2024-08-05T22:36:03Z</time></trkpt>
<trkpt lat="43.828204" lon="-121.953816"><ele>1714.0</ele><time>2024-08-05T22:36:10Z</time></trkpt>
<trkpt lat="43.828498" lon="-121.954062"><ele>1715.8</ele><time>2024-08-05T22:36:30Z</time></trkpt>
<trkpt lat="43.828844" lon="-121.954494"><ele>1721.0</ele><time>2024-08-05T22:37:38Z</time></trkpt>
<trkpt lat="43.828981" lon="-121.954530"><ele>1721.6</ele><time>2024-08-05T22:37:54Z</time></trkpt>
<trkpt lat="43.829039" lon="-121.954836"><ele>1721.8</ele><time>2024-08-05T22:37:55Z</time></trkpt>
<trkpt lat="43.828983" lon="-121.954725"><ele>1721.8</ele><time>2024-08-05T22:37:56Z</time></trkpt>
<trkpt lat="43.829093" lon="-121.954644"><ele>1722.0</ele><time>2024-08-05T22:37:58Z</time></trkpt>
<trkpt lat="43.829035" lon="-121.954661"><ele>1722.0</ele><time>2024-08-05T22:38:00Z</time></trkpt>
<trkpt lat="43.829398" lon="-121.954483"><ele>1721.0</ele><time>2024-08-05T22:38:10Z</time></trkpt>
<trkpt lat="43.830398" lon="-121.954302"><ele>1727.8</ele><time>2024-08-05T22:39:58Z</time></trkpt>
<trkpt lat="43.830369" lon="-121.954163"><ele>1728.2</ele><time>2024-08-05T22:39:59Z</time></trkpt>
<trkpt lat="43.830609" lon="-121.954065"><ele>1728.4</ele><time>2024-08-05T22:40:00Z</time></trkpt>
<trkpt lat="43.830505" lon="-121.953603"><ele>1728.4</ele><time>2024-08-05T22:40:01Z</time></trkpt>
<trkpt lat="43.830459" lon="-121.953592"><ele>1728.4</ele><time>2024-08-05T22:40:03Z</time></trkpt>
<trkpt lat="43.830568" lon="-121.953767"><ele>1728.2</ele><time>2024-08-05T22:40:11Z</time></trkpt>
<trkpt lat="43.831155" lon="-121.953936"><ele>1729.2</ele><time>2024-08-05T22:40:50Z</time></trkpt>
<trkpt lat="43.831855" lon="-121.954220"><ele>1736.6</ele><time>2024-08-05T22:41:54Z</time></trkpt>
<trkpt lat="43.831772" lon="-121.954869"><ele>1737.0</ele><time>2024-08-05T22:41:58Z</time></trkpt>
<trkpt lat="43.831474" lon="-121.955012"><ele>1737.4</ele><time>2024-08-05T22:41:59Z</time></trkpt>
<trkpt lat="43.831694" lon="-121.955022"><ele>1738.0</ele><time>2024-08-05T22:42:04Z</time></trkpt>
<trkpt lat="43.831775" lon="-121.954889"><ele>1738.8</ele><time>2024-08-05T22:42:10Z</time></trkpt>
<trkpt lat="43.832867" lon="-121.954477"><ele>1747.2</ele><time>2024-08-05T22:43:54Z</time></trkpt>
<trkpt lat="43.833004" lon="-121.954862"><ele>1747.4</ele><time>2024-08-05T22:43:57Z</time></trkpt>
<trkpt lat="43.833551" lon="-121.954215"><ele>1747.4</ele><time>2024-08-05T22:43:58Z</time></trkpt>
<trkpt lat="43.833355" lon="-121.954013"><ele>1747.4</ele><time>2024-08-05T22:44:00Z</time></trkpt>
<trkpt lat="43.833747" lon="-121.954224"><ele>1747.6</ele><time>2024-08-05T22:44:05Z</time></trkpt>
<trkpt lat="43.833719" lon="-121.954466"><ele>1747.2</ele><time>2024-08-05T22:44:11Z</time></trkpt>
<trkpt lat="43.834090" lon="-121.952908"><ele>1747.2</ele><time>2024-08-05T22:45:56Z</time></trkpt>
<trkpt lat="43.833913" lon="-121.953789"><ele>1747.4</ele><time>2024-08-05T22:46:01Z</time></trkpt>
<trkpt lat="43.833934" lon="-121.953732"><ele>1747.4</ele><time>2024-08-05T22:46:03Z</time></trkpt>
<trkpt lat="43.833829" lon="-121.953707"><ele>1747.6</ele><time>2024-08-05T22:46:08Z</time></trkpt>
<trkpt lat="43.834252" lon="-121.953212"><ele>1751.2</ele><time>2024-08-05T22:46:45Z</time></trkpt>
<trkpt lat="43.834910" lon="-121.952552"><ele>1744.8</ele><time>2024-08-05T22:47:43Z</time></trkpt>
<trkpt lat="43.834853" lon="-121.952025"><ele>1743.6</ele><time>2024-08-05T22:47:54Z</time></trkpt>
<trkpt lat="43.835291" lon="-121.952421"><ele>1743.6</ele><time>2024-08-05T22:47:57Z</time></trkpt>
<trkpt lat="43.835408" lon="-121.952383"><ele>1743.8</ele><time>2024-08-05T22:48:02Z</time></trkpt>
<trkpt lat="43.835465" lon="-121.951442"><ele>1743.2</ele><time>2024-08-05T22:48:47Z</time></trkpt>
<trkpt lat="43.835616" lon="-121.950515"><ele>1739.8</ele><time>2024-08-05T22:49:43Z</time></trkpt>
<trkpt lat="43.835953" lon="-121.950132"><ele>1739.0</ele><time>2024-08-05T22:49:55Z</time></trkpt>
<trkpt lat="43.835798" lon="-121.950099"><ele>1738.6</ele><time>2024-08-05T22:49:57Z</time></trkpt>
<trkpt lat="43.836096" lon="-121.949704"><ele>1738.4</ele><time>2024-08-05T22:49:58Z</time></trkpt>
<trkpt lat="43.836096" lon="-121.950310"><ele>1737.8</ele><time>2024-08-05T22:50:00Z</time></trkpt>
<trkpt lat="43.836346" lon="-121.950410"><ele>1737.6</ele><time>2024-08-05T22:50:01Z</time></trkpt>
<trkpt lat="43.836360" lon="-121.950491"><ele>1737.4</ele><time>2024-08-05T22:50:02Z</time></trkpt>
<trkpt lat="43.836354" lon="-121.950374"><ele>1737.0</ele><time>2024-08-05T22:50:05Z</time></trkpt>
<trkpt lat="43.836252" lon="-121.950320"><ele>1737.0</ele><time>2024-08-05T22:50:09Z</time></trkpt>
<trkpt lat="43.836301" lon="-121.950263"><ele>1736.6</ele><time>2024-08-05T22:50:12Z</time></trkpt>
<trkpt lat="43.836222" lon="-121.949775"><ele>1736.6</ele><time>2024-08-05T22:50:23Z</time></trkpt>
<trkpt lat="43.836274" lon="-121.949418"><ele>1736.2</ele><time>2024-08-05T22:50:47Z</time></trkpt>
<trkpt lat="43.836416" lon="-121.949109"><ele>1735.2</ele><time>2024-08-05T22:51:09Z</time></trkpt>
<trkpt lat="43.836438" lon="-121.948718"><ele>1734.8</ele><time>2024-08-05T22:51:43Z</time></trkpt>
<trkpt lat="43.836700" lon="-121.948754"><ele>1734.8</ele><time>2024-08-05T22:52:01Z</time></trkpt>
<trkpt lat="43.836785" lon="-121.948845"><ele>1734.6</ele><time>2024-08-05T22:52:05Z</time></trkpt>
<trkpt lat="43.836738" lon="-121.949139"><ele>1734.4</ele><time>2024-08-05T22:52:10Z</time></trkpt>
<trkpt lat="43.836744" lon="-121.949002"><ele>1734.4</ele><time>2024-08-05T22:52:11Z</time></trkpt>
<trkpt lat="43.836672" lon="-121.948934"><ele>1734.4</ele><time>2024-08-05T22:52:12Z</time></trkpt>
<trkpt lat="43.836484" lon="-121.949213"><ele>1734.6</ele><time>2024-08-05T22:52:23Z</time></trkpt>
<trkpt lat="43.836570" lon="-121.949066"><ele>1734.6</ele><time>2024-08-05T22:52:24Z</time></trkpt>
<trkpt lat="43.836571" lon="-121.949145"><ele>1734.6</ele><time>2024-08-05T22:52:25Z</time></trkpt>
<trkpt lat="43.836439" lon="-121.948496"><ele>1734.2</ele><time>2024-08-05T22:52:55Z</time></trkpt>
<trkpt lat="43.836607" lon="-121.948531"><ele>1734.8</ele><time>2024-08-05T22:53:00Z</time></trkpt>
<trkpt lat="43.837264" lon="-121.948936"><ele>1734.6</ele><time>2024-08-05T22:53:20Z</time></trkpt>
<trkpt lat="43.837200" lon="-121.948925"><ele>1734.2</ele><time>2024-08-05T22:53:24Z</time></trkpt>
<trkpt lat="43.837130" lon="-121.949072"><ele>1735.2</ele><time>2024-08-05T22:53:56Z</time></trkpt>
<trkpt lat="43.836972" lon="-121.948949"><ele>1734.8</ele><time>2024-08-05T22:54:07Z</time></trkpt>
<trkpt lat="43.837094" lon="-121.948965"><ele>1734.6</ele><time>2024-08-05T22:54:11Z</time></trkpt>
<trkpt lat="43.836526" lon="-121.948662"><ele>1733.8</ele><time>2024-08-05T22:55:54Z</time></trkpt>
<trkpt lat="43.836742" lon="-121.948872"><ele>1734.2</ele><time>2024-08-05T22:56:04Z</time></trkpt>
<trkpt lat="43.836720" lon="-121.948950"><ele>1734.0</ele><time>2024-08-05T22:56:10Z</time></trkpt>
<trkpt lat="43.836803" lon="-121.948954"><ele>1734.0</ele><time>2024-08-05T22:56:11Z</time></trkpt>
<trkpt lat="43.836715" lon="-121.948916"><ele>1733.8</ele><time>2024-08-05T22:56:14Z</time></trkpt>
<trkpt lat="43.836766" lon="-121.948922"><ele>1733.6</ele><time>2024-08-05T22:56:20Z</time></trkpt>
<trkpt lat="43.836540" lon="-121.949212"><ele>1733.8</ele><time>2024-08-05T22:56:42Z</time></trkpt>
<trkpt lat="43.836368" lon="-121.948732"><ele>1733.8</ele><time>2024-08-05T22:58:20Z</time></trkpt>
<trkpt lat="43.836194" lon="-121.948531"><ele>1734.0</ele><time>2024-08-05T22:58:30Z</time></trkpt>
<trkpt lat="43.836379" lon="-121.948552"><ele>1734.0</ele><time>2024-08-05T22:58:31Z</time></trkpt>
<trkpt lat="43.837208" lon="-121.949109"><ele>1734.0</ele><time>2024-08-05T22:58:33Z</time></trkpt>
<trkpt lat="43.837225" lon="-121.949187"><ele>1733.8</ele><time>2024-08-05T22:58:37Z</time></trkpt>
<trkpt lat="43.837270" lon="-121.949014"><ele>1734.0</ele><time>2024-08-05T22:59:03Z</time></trkpt>
<trkpt lat="43.837247" lon="-121.949056"><ele>1733.6</ele><time>2024-08-05T22:59:13Z</time></trkpt>
<trkpt lat="43.836503" lon="-121.948637"><ele>1732.8</ele><time>2024-08-05T23:00:59Z</time></trkpt>
<trkpt lat="43.836538" lon="-121.948454"><ele>1732.8</ele><time>2024-08-05T23:01:01Z</time></trkpt>
<trkpt lat="43.837090" lon="-121.947942"><ele>1733.0</ele><time>2024-08-05T23:01:05Z</time></trkpt>
<trkpt lat="43.837277" lon="-121.947649"><ele>1733.0</ele><time>2024-08-05T23:01:15Z</time></trkpt>
<trkpt lat="43.837367" lon="-121.947665"><ele>1733.0</ele><time>2024-08-05T23:01:17Z</time></trkpt>
<trkpt lat="43.837355" lon="-121.947535"><ele>1733.2</ele><time>2024-08-05T23:01:18Z</time></trkpt>
<trkpt lat="43.837441" lon="-121.947618"><ele>1733.4</ele><time>2024-08-05T23:01:19Z</time></trkpt>
<trkpt lat="43.837498" lon="-121.947525"><ele>1733.6</ele><time>2024-08-05T23:01:23Z</time></trkpt>
<trkpt lat="43.837358" lon="-121.947629"><ele>1733.0</ele><time>2024-08-05T23:01:50Z</time></trkpt>
<trkpt lat="43.837367" lon="-121.947580"><ele>1733.0</ele><time>2024-08-05T23:01:59Z</time></trkpt>
<trkpt lat="43.837244" lon="-121.948171"><ele>1732.4</ele><time>2024-08-05T23:02:18Z</time></trkpt>
<trkpt lat="43.837092" lon="-121.948396"><ele>1732.2</ele><time>2024-08-05T23:02:30Z</time></trkpt>
<trkpt lat="43.837050" lon="-121.948765"><ele>1732.0</ele><time>2024-08-05T23:02:37Z</time></trkpt>
<trkpt lat="43.837184" lon="-121.948948"><ele>1733.2</ele><time>2024-08-05T23:02:54Z</time></trkpt>
<trkpt lat="43.836960" lon="-121.949004"><ele>1732.4</ele><time>2024-08-05T23:03:19Z</time></trkpt>
<trkpt lat="43.837254" lon="-121.949102"><ele>1732.8</ele><time>2024-08-05T23:03:32Z</time></trkpt>
<trkpt lat="43.837169" lon="-121.949115"><ele>1732.8</ele><time>2024-08-05T23:03:40Z</time></trkpt>
<trkpt lat="43.837281" lon="-121.949036"><ele>1733.2</ele><time>2024-08-05T23:03:56Z</time></trkpt>
<trkpt lat="43.836459" lon="-121.948750"><ele>1734.2</ele><time>2024-08-05T23:05:55Z</time></trkpt>
<trkpt lat="43.836459" lon="-121.948625"><ele>1734.4</ele><time>2024-08-05T23:05:56Z</time></trkpt>
<trkpt lat="43.836673" lon="-121.948648"><ele>1734.4</ele><time>2024-08-05T23:05:59Z</time></trkpt>
<trkpt lat="43.836661" lon="-121.948729"><ele>1734.4</ele><time>2024-08-05T23:06:00Z</time></trkpt>
<trkpt lat="43.836756" lon="-121.948790"><ele>1734.4</ele><time>2024-08-05T23:06:07Z</time></trkpt>
<trkpt lat="43.836720" lon="-121.948850"><ele>1733.6</ele><time>2024-08-05T23:06:10Z</time></trkpt>
<trkpt lat="43.836804" lon="-121.948899"><ele>1733.6</ele><time>2024-08-05T23:06:12Z</time></trkpt>
<trkpt lat="43.836766" lon="-121.948838"><ele>1733.6</ele><time>2024-08-05T23:06:13Z</time></trkpt>
<trkpt lat="43.836815" lon="-121.949046"><ele>1733.6</ele><time>2024-08-05T23:06:14Z</time></trkpt>
<trkpt lat="43.836652" lon="-121.948991"><ele>1733.6</ele><time>2024-08-05T23:06:17Z</time></trkpt>
<trkpt lat="43.836735" lon="-121.949033"><ele>1733.4</ele><time>2024-08-05T23:06:20Z</time></trkpt>
<trkpt lat="43.836586" lon="-121.949100"><ele>1733.2</ele><time>2024-08-05T23:06:23Z</time></trkpt>
<trkpt lat="43.836886" lon="-121.948918"><ele>1732.8</ele><time>2024-08-05T23:06:40Z</time></trkpt>
<trkpt lat="43.837314" lon="-121.949110"><ele>1732.0</ele><time>2024-08-05T23:07:03Z</time></trkpt>
<trkpt lat="43.837261" lon="-121.949095"><ele>1732.4</ele><time>2024-08-05T23:07:14Z</time></trkpt>
<trkpt lat="43.837304" lon="-121.949139"><ele>1732.8</ele><time>2024-08-05T23:07:19Z</time></trkpt>
<trkpt lat="43.837256" lon="-121.949161"><ele>1732.8</ele><time>2024-08-05T23:07:22Z</time></trkpt>
<trkpt lat="43.837321" lon="-121.949269"><ele>1733.0</ele><time>2024-08-05T23:08:00Z</time></trkpt>
<trkpt lat="43.837247" lon="-121.949195"><ele>1732.8</ele><time>2024-08-05T23:08:34Z</time></trkpt>
<trkpt lat="43.837207" lon="-121.949273"><ele>1733.6</ele><time>2024-08-05T23:08:51Z</time></trkpt>
<trkpt lat="43.837280" lon="-121.949359"><ele>1732.6</ele><time>2024-08-05T23:09:02Z</time></trkpt>
<trkpt lat="43.837225" lon="-121.949267"><ele>1732.2</ele><time>2024-08-05T23:09:21Z</time></trkpt>
<trkpt lat="43.837277" lon="-121.949176"><ele>1732.4</ele><time>2024-08-05T23:09:32Z</time></trkpt>
<trkpt lat="43.836693" lon="-121.948726"><ele>1732.8</ele><time>2024-08-05T23:11:28Z</time></trkpt>
<trkpt lat="43.836705" lon="-121.948792"><ele>1732.8</ele><time>2024-08-05T23:11:29Z</time></trkpt>
<trkpt lat="43.836762" lon="-121.948731"><ele>1732.8</ele><time>2024-08-05T23:11:32Z</time></trkpt>
<trkpt lat="43.836657" lon="-121.948726"><ele>1732.8</ele><time>2024-08-05T23:11:36Z</time></trkpt>
<trkpt lat="43.837141" lon="-121.948979"><ele>1735.4</ele><time>2024-08-05T23:13:38Z</time></trkpt>
<trkpt lat="43.837353" lon="-121.948776"><ele>1735.8</ele><time>2024-08-05T23:13:43Z</time></trkpt>
<trkpt lat="43.837281" lon="-121.948942"><ele>1734.4</ele><time>2024-08-05T23:14:40Z</time></trkpt>
<trkpt lat="43.837197" lon="-121.949091"><ele>1743.6</ele><time>2024-08-05T23:15:39Z</time></trkpt>
<trkpt lat="43.837255" lon="-121.949233"><ele>1741.8</ele><time>2024-08-05T23:15:57Z</time></trkpt>
<trkpt lat="43.837399" lon="-121.949148"><ele>1740.2</ele><time>2024-08-05T23:16:09Z</time></trkpt>
<trkpt lat="43.836750" lon="-121.948658"><ele>1736.4</ele><time>2024-08-05T23:17:56Z</time></trkpt>
<trkpt lat="43.836803" lon="-121.948644"><ele>1735.8</ele><time>2024-08-05T23:18:01Z</time></trkpt>
<trkpt lat="43.836757" lon="-121.948715"><ele>1735.8</ele><time>2024-08-05T23:18:04Z</time></trkpt>
<trkpt lat="43.836808" lon="-121.948724"><ele>1737.4</ele><time>2024-08-05T23:18:30Z</time></trkpt>
<trkpt lat="43.836681" lon="-121.948770"><ele>1736.6</ele><time>2024-08-05T23:19:55Z</time></trkpt>
<trkpt lat="43.836816" lon="-121.948789"><ele>1736.8</ele><time>2024-08-05T23:20:02Z</time></trkpt>
<trkpt lat="43.836806" lon="-121.948684"><ele>1736.2</ele><time>2024-08-05T23:20:07Z</time></trkpt>
<trkpt lat="43.836820" lon="-121.948738"><ele>1736.2</ele><time>2024-08-05T23:20:13Z</time></trkpt>
<trkpt lat="43.836946" lon="-121.948543"><ele>1737.8</ele><time>2024-08-05T23:20:50Z</time></trkpt>
<trkpt lat="43.837307" lon="-121.947796"><ele>1739.2</ele><time>2024-08-05T23:22:12Z</time></trkpt>
<trkpt lat="43.838175" lon="-121.947314"><ele>1739.8</ele><time>2024-08-05T23:23:41Z</time></trkpt>
<trkpt lat="43.838557" lon="-121.947420"><ele>1739.6</ele><time>2024-08-05T23:23:54Z</time></trkpt>
<trkpt lat="43.838325" lon="-121.947274"><ele>1739.6</ele><time>2024-08-05T23:23:56Z</time></trkpt>
<trkpt lat="43.838589" lon="-121.947321"><ele>1739.6</ele><time>2024-08-05T23:24:06Z</time></trkpt>
<trkpt lat="43.839096" lon="-121.947221"><ele>1739.2</ele><time>2024-08-05T23:24:51Z</time></trkpt>
<trkpt lat="43.839781" lon="-121.947220"><ele>1739.4</ele><time>2024-08-05T23:25:55Z</time></trkpt>
<trkpt lat="43.839781" lon="-121.947097"><ele>1739.4</ele><time>2024-08-05T23:25:57Z</time></trkpt>
<trkpt lat="43.839813" lon="-121.948327"><ele>1742.6</ele><time>2024-08-05T23:27:25Z</time></trkpt>
<trkpt lat="43.839983" lon="-121.949002"><ele>1742.0</ele><time>2024-08-05T23:27:55Z</time></trkpt>
<trkpt lat="43.840303" lon="-121.948972"><ele>1742.0</ele><time>2024-08-05T23:28:06Z</time></trkpt>
<trkpt lat="43.840331" lon="-121.949060"><ele>1741.8</ele><time>2024-08-05T23:28:12Z</time></trkpt>
<trkpt lat="43.840551" lon="-121.949185"><ele>1744.6</ele><time>2024-08-05T23:28:37Z</time></trkpt>
<trkpt lat="43.841191" lon="-121.949389"><ele>1749.2</ele><time>2024-08-05T23:29:57Z</time></trkpt>
<trkpt lat="43.841274" lon="-121.949531"><ele>1749.4</ele><time>2024-08-05T23:30:01Z</time></trkpt>
<trkpt lat="43.841442" lon="-121.949588"><ele>1750.0</ele><time>2024-08-05T23:30:09Z</time></trkpt>
<trkpt lat="43.841389" lon="-121.950217"><ele>1753.8</ele><time>2024-08-05T23:30:53Z</time></trkpt>
<trkpt lat="43.841479" lon="-121.950610"><ele>1758.2</ele><time>2024-08-05T23:31:49Z</time></trkpt>
<trkpt lat="43.841407" lon="-121.950773"><ele>1758.2</ele><time>2024-08-05T23:31:55Z</time></trkpt>
<trkpt lat="43.841513" lon="-121.950808"><ele>1758.2</ele><time>2024-08-05T23:31:58Z</time></trkpt>
<trkpt lat="43.841560" lon="-121.950978"><ele>1758.6</ele><time>2024-08-05T23:32:01Z</time></trkpt>
<trkpt lat="43.841911" lon="-121.951095"><ele>1759.4</ele><time>2024-08-05T23:32:20Z</time></trkpt>
<trkpt lat="43.842004" lon="-121.951235"><ele>1762.0</ele><time>2024-08-05T23:32:40Z</time></trkpt>
<trkpt lat="43.842025" lon="-121.951471"><ele>1764.4</ele><time>2024-08-05T23:32:56Z</time></trkpt>
<trkpt lat="43.842185" lon="-121.951462"><ele>1766.2</ele><time>2024-08-05T23:33:12Z</time></trkpt>
<trkpt lat="43.842333" lon="-121.951604"><ele>1769.6</ele><time>2024-08-05T23:33:35Z</time></trkpt>
<trkpt lat="43.842588" lon="-121.952284"><ele>1770.2</ele><time>2024-08-05T23:34:56Z</time></trkpt>
<trkpt lat="43.842684" lon="-121.952392"><ele>1770.0</ele><time>2024-08-05T23:34:59Z</time></trkpt>
<trkpt lat="43.843071" lon="-121.952160"><ele>1771.8</ele><time>2024-08-05T23:35:24Z</time></trkpt>
<trkpt lat="43.843664" lon="-121.952342"><ele>1772.2</ele><time>2024-08-05T23:36:11Z</time></trkpt>
<trkpt lat="43.844268" lon="-121.952812"><ele>1773.2</ele><time>2024-08-05T23:37:09Z</time></trkpt>
<trkpt lat="43.844313" lon="-121.953094"><ele>1776.4</ele><time>2024-08-05T23:37:33Z</time></trkpt>
<trkpt lat="43.844496" lon="-121.953400"><ele>1778.6</ele><time>2024-08-05T23:37:57Z</time></trkpt>
<trkpt lat="43.844875" lon="-121.953112"><ele>1778.2</ele><time>2024-08-05T23:38:25Z</time></trkpt>
<trkpt lat="43.845229" lon="-121.953772"><ele>1778.0</ele><time>2024-08-05T23:39:33Z</time></trkpt>
<trkpt lat="43.845301" lon="-121.954222"><ele>1779.2</ele><time>2024-08-05T23:39:55Z</time></trkpt>
<trkpt lat="43.845087" lon="-121.954289"><ele>1781.0</ele><time>2024-08-05T23:40:13Z</time></trkpt>
<trkpt lat="43.844861" lon="-121.955603"><ele>1790.4</ele><time>2024-08-05T23:42:02Z</time></trkpt>
<trkpt lat="43.845502" lon="-121.956287"><ele>1795.2</ele><time>2024-08-05T23:43:43Z</time></trkpt>
<trkpt lat="43.845635" lon="-121.956544"><ele>1794.8</ele><time>2024-08-05T23:43:55Z</time></trkpt>
<trkpt lat="43.845690" lon="-121.956526"><ele>1794.6</ele><time>2024-08-05T23:43:57Z</time></trkpt>
<trkpt lat="43.845725" lon="-121.956648"><ele>1794.6</ele><time>2024-08-05T23:44:01Z</time></trkpt>
<trkpt lat="43.845668" lon="-121.956755"><ele>1794.2</ele><time>2024-08-05T23:44:08Z</time></trkpt>
<trkpt lat="43.846116" lon="-121.957671"><ele>1794.4</ele><time>2024-08-05T23:44:53Z</time></trkpt>
<trkpt lat="43.846287" lon="-121.957847"><ele>1794.6</ele><time>2024-08-05T23:45:11Z</time></trkpt>
<trkpt lat="43.846600" lon="-121.958639"><ele>1801.0</ele><time>2024-08-05T23:46:25Z</time></trkpt>
<trkpt lat="43.846627" lon="-121.958899"><ele>1803.4</ele><time>2024-08-05T23:46:55Z</time></trkpt>
<trkpt lat="43.846956" lon="-121.959181"><ele>1808.4</ele><time>2024-08-05T23:47:45Z</time></trkpt>
<trkpt lat="43.847155" lon="-121.959502"><ele>1809.2</ele><time>2024-08-05T23:48:00Z</time></trkpt>
<trkpt lat="43.847073" lon="-121.959616"><ele>1809.8</ele><time>2024-08-05T23:48:07Z</time></trkpt>
<trkpt lat="43.847591" lon="-121.961136"><ele>1819.8</ele><time>2024-08-05T23:49:55Z</time></trkpt>
<trkpt lat="43.847682" lon="-121.961081"><ele>1820.2</ele><time>2024-08-05T23:49:58Z</time></trkpt>
<trkpt lat="43.848005" lon="-121.961213"><ele>1823.4</ele><time>2024-08-05T23:50:27Z</time></trkpt>
<trkpt lat="43.848276" lon="-121.961491"><ele>1829.4</ele><time>2024-08-05T23:51:51Z</time></trkpt>
<trkpt lat="43.848467" lon="-121.961455"><ele>1829.0</ele><time>2024-08-05T23:51:59Z</time></trkpt>
<trkpt lat="43.848661" lon="-121.961543"><ele>1831.0</ele><time>2024-08-05T23:52:14Z</time></trkpt>
<trkpt lat="43.849021" lon="-121.961256"><ele>1832.4</ele><time>2024-08-05T23:52:37Z</time></trkpt>
<trkpt lat="43.849499" lon="-121.960628"><ele>1838.6</ele><time>2024-08-05T23:53:56Z</time></trkpt>
<trkpt lat="43.849568" lon="-121.960689"><ele>1838.8</ele><time>2024-08-05T23:54:01Z</time></trkpt>
<trkpt lat="43.849514" lon="-121.960793"><ele>1840.0</ele><time>2024-08-05T23:54:14Z</time></trkpt>
<trkpt lat="43.849560" lon="-121.961178"><ele>1841.6</ele><time>2024-08-05T23:54:37Z</time></trkpt>
<trkpt lat="43.849870" lon="-121.962464"><ele>1843.6</ele><time>2024-08-05T23:56:00Z</time></trkpt>
<trkpt lat="43.849849" lon="-121.962605"><ele>1844.2</ele><time>2024-08-05T23:56:08Z</time></trkpt>
<trkpt lat="43.850283" lon="-121.963412"><ele>1848.2</ele><time>2024-08-05T23:57:07Z</time></trkpt>
<trkpt lat="43.850520" lon="-121.963999"><ele>1850.6</ele><time>2024-08-05T23:57:56Z</time></trkpt>
<trkpt lat="43.850557" lon="-121.964269"><ele>1851.2</ele><time>2024-08-05T23:58:10Z</time></trkpt>
<trkpt lat="43.850717" lon="-121.964399"><ele>1854.6</ele><time>2024-08-05T23:58:30Z</time></trkpt>
<trkpt lat="43.850971" lon="-121.964199"><ele>1854.4</ele><time>2024-08-05T23:58:53Z</time></trkpt>
<trkpt lat="43.850924" lon="-121.964219"><ele>1853.4</ele><time>2024-08-05T23:59:01Z</time></trkpt>
<trkpt lat="43.851056" lon="-121.964376"><ele>1855.2</ele><time>2024-08-05T23:59:18Z</time></trkpt>
<trkpt lat="43.851192" lon="-121.964764"><ele>1858.4</ele><time>2024-08-06T00:00:14Z</time></trkpt>
<trkpt lat="43.851831" lon="-121.965328"><ele>1858.8</ele><time>2024-08-06T00:00:56Z</time></trkpt>
<trkpt lat="43.851821" lon="-121.964954"><ele>1859.0</ele><time>2024-08-06T00:00:59Z</time></trkpt>
<trkpt lat="43.851848" lon="-121.965063"><ele>1859.2</ele><time>2024-08-06T00:01:00Z</time></trkpt>
<trkpt lat="43.852139" lon="-121.964994"><ele>1859.6</ele><time>2024-08-06T00:01:03Z</time></trkpt>
<trkpt lat="43.852822" lon="-121.965069"><ele>1860.8</ele><time>2024-08-06T00:01:39Z</time></trkpt>
<trkpt lat="43.853075" lon="-121.965444"><ele>1860.6</ele><time>2024-08-06T00:02:15Z</time></trkpt>
<trkpt lat="43.853313" lon="-121.965604"><ele>1860.0</ele><time>2024-08-06T00:02:43Z</time></trkpt>
<trkpt lat="43.853423" lon="-121.965223"><ele>1858.0</ele><time>2024-08-06T00:03:13Z</time></trkpt>
<trkpt lat="43.853630" lon="-121.965138"><ele>1857.4</ele><time>2024-08-06T00:03:29Z</time></trkpt>
<trkpt lat="43.854084" lon="-121.965176"><ele>1857.6</ele><time>2024-08-06T00:04:19Z</time></trkpt>
<trkpt lat="43.854249" lon="-121.965118"><ele>1856.8</ele><time>2024-08-06T00:04:31Z</time></trkpt>
<trkpt lat="43.854412" lon="-121.964942"><ele>1855.8</ele><time>2024-08-06T00:04:45Z</time></trkpt>
<trkpt lat="43.854556" lon="-121.964939"><ele>1855.6</ele><time>2024-08-06T00:04:56Z</time></trkpt>
<trkpt lat="43.854708" lon="-121.964587"><ele>1854.4</ele><time>2024-08-06T00:05:08Z</time></trkpt>
<trkpt lat="43.855012" lon="-121.964110"><ele>1852.8</ele><time>2024-08-06T00:05:41Z</time></trkpt>
<trkpt lat="43.855177" lon="-121.963963"><ele>1850.6</ele><time>2024-08-06T00:06:05Z</time></trkpt>
<trkpt lat="43.855756" lon="-121.962992"><ele>1843.8</ele><time>2024-08-06T00:06:58Z</time></trkpt>
<trkpt lat="43.855753" lon="-121.962855"><ele>1843.2</ele><time>2024-08-06T00:07:07Z</time></trkpt>
<trkpt lat="43.855635" lon="-121.962804"><ele>1839.6</ele><time>2024-08-06T00:07:23Z</time></trkpt>
<trkpt lat="43.855366" lon="-121.962360"><ele>1836.8</ele><time>2024-08-06T00:07:59Z</time></trkpt>
<trkpt lat="43.855402" lon="-121.961739"><ele>1833.8</ele><time>2024-08-06T00:08:39Z</time></trkpt>
<trkpt lat="43.855242" lon="-121.961043"><ele>1829.6</ele><time>2024-08-06T00:09:14Z</time></trkpt>
<trkpt lat="43.855624" lon="-121.960199"><ele>1821.0</ele><time>2024-08-06T00:10:20Z</time></trkpt>
<trkpt lat="43.855770" lon="-121.960179"><ele>1821.6</ele><time>2024-08-06T00:10:40Z</time></trkpt>
<trkpt lat="43.856004" lon="-121.960323"><ele>1824.4</ele><time>2024-08-06T00:11:06Z</time></trkpt>
<trkpt lat="43.855920" lon="-121.960396"><ele>1824.4</ele><time>2024-08-06T00:11:09Z</time></trkpt>
<trkpt lat="43.855942" lon="-121.960454"><ele>1824.0</ele><time>2024-08-06T00:11:12Z</time></trkpt>
<trkpt lat="43.856302" lon="-121.960799"><ele>1821.8</ele><time>2024-08-06T00:11:41Z</time></trkpt>
<trkpt lat="43.856345" lon="-121.960955"><ele>1821.0</ele><time>2024-08-06T00:11:53Z</time></trkpt>
<trkpt lat="43.856611" lon="-121.961194"><ele>1820.8</ele><time>2024-08-06T00:12:39Z</time></trkpt>
<trkpt lat="43.857109" lon="-121.961431"><ele>1820.0</ele><time>2024-08-06T00:12:58Z</time></trkpt>
<trkpt lat="43.857089" lon="-121.961373"><ele>1819.8</ele><time>2024-08-06T00:12:59Z</time></trkpt>
<trkpt lat="43.857138" lon="-121.961384"><ele>1819.4</ele><time>2024-08-06T00:13:01Z</time></trkpt>
<trkpt lat="43.857047" lon="-121.961404"><ele>1819.2</ele><time>2024-08-06T00:13:09Z</time></trkpt>
<trkpt lat="43.857413" lon="-121.961622"><ele>1818.8</ele><time>2024-08-06T00:13:34Z</time></trkpt>
<trkpt lat="43.857684" lon="-121.962054"><ele>1816.8</ele><time>2024-08-06T00:14:08Z</time></trkpt>
<trkpt lat="43.858148" lon="-121.962181"><ele>1812.2</ele><time>2024-08-06T00:14:56Z</time></trkpt>
<trkpt lat="43.858161" lon="-121.962098"><ele>1813.4</ele><time>2024-08-06T00:15:02Z</time></trkpt>
<trkpt lat="43.858155" lon="-121.962222"><ele>1813.6</ele><time>2024-08-06T00:15:08Z</time></trkpt>
<trkpt lat="43.858064" lon="-121.962242"><ele>1813.8</ele><time>2024-08-06T00:15:12Z</time></trkpt>
<trkpt lat="43.858350" lon="-121.962465"><ele>1814.4</ele><time>2024-08-06T00:15:28Z</time></trkpt>
<trkpt lat="43.858865" lon="-121.962757"><ele>1812.0</ele><time>2024-08-06T00:16:28Z</time></trkpt>
<trkpt lat="43.859287" lon="-121.962860"><ele>1809.6</ele><time>2024-08-06T00:17:02Z</time></trkpt>
<trkpt lat="43.859572" lon="-121.962302"><ele>1808.8</ele><time>2024-08-06T00:17:35Z</time></trkpt>
<trkpt lat="43.859824" lon="-121.961977"><ele>1807.2</ele><time>2024-08-06T00:17:59Z</time></trkpt>
<trkpt lat="43.860054" lon="-121.961498"><ele>1808.2</ele><time>2024-08-06T00:18:43Z</time></trkpt>
<trkpt lat="43.859989" lon="-121.961421"><ele>1808.8</ele><time>2024-08-06T00:18:57Z</time></trkpt>
<trkpt lat="43.860148" lon="-121.961399"><ele>1809.0</ele><time>2024-08-06T00:18:58Z</time></trkpt>
<trkpt lat="43.860010" lon="-121.961007"><ele>1810.0</ele><time>2024-08-06T00:19:14Z</time></trkpt>
<trkpt lat="43.860092" lon="-121.960608"><ele>1809.4</ele><time>2024-08-06T00:19:42Z</time></trkpt>
<trkpt lat="43.860124" lon="-121.959969"><ele>1812.2</ele><time>2024-08-06T00:20:23Z</time></trkpt>
<trkpt lat="43.860527" lon="-121.959898"><ele>1815.4</ele><time>2024-08-06T00:21:00Z</time></trkpt>
<trkpt lat="43.860562" lon="-121.959745"><ele>1817.8</ele><time>2024-08-06T00:21:13Z</time></trkpt>
<trkpt lat="43.860727" lon="-121.959651"><ele>1819.2</ele><time>2024-08-06T00:21:40Z</time></trkpt>
<trkpt lat="43.860907" lon="-121.959375"><ele>1822.6</ele><time>2024-08-06T00:22:32Z</time></trkpt>
<trkpt lat="43.861214" lon="-121.959453"><ele>1823.2</ele><time>2024-08-06T00:22:58Z</time></trkpt>
<trkpt lat="43.861032" lon="-121.959191"><ele>1824.2</ele><time>2024-08-06T00:23:08Z</time></trkpt>
<trkpt lat="43.861056" lon="-121.959148"><ele>1824.2</ele><time>2024-08-06T00:23:11Z</time></trkpt>
<trkpt lat="43.862040" lon="-121.957941"><ele>1823.0</ele><time>2024-08-06T00:24:59Z</time></trkpt>
<trkpt lat="43.861932" lon="-121.957714"><ele>1823.4</ele><time>2024-08-06T00:25:13Z</time></trkpt>
<trkpt lat="43.862574" lon="-121.957107"><ele>1826.6</ele><time>2024-08-06T00:26:09Z</time></trkpt>
<trkpt lat="43.863087" lon="-121.956450"><ele>1825.4</ele><time>2024-08-06T00:26:59Z</time></trkpt>
<trkpt lat="43.863000" lon="-121.956472"><ele>1825.2</ele><time>2024-08-06T00:27:02Z</time></trkpt>
<trkpt lat="43.863437" lon="-121.956546"><ele>1823.2</ele><time>2024-08-06T00:28:10Z</time></trkpt>
<trkpt lat="43.863931" lon="-121.956862"><ele>1821.6</ele><time>2024-08-06T00:29:05Z</time></trkpt>
<trkpt lat="43.863923" lon="-121.956752"><ele>1821.4</ele><time>2024-08-06T00:29:12Z</time></trkpt>
<trkpt lat="43.864403" lon="-121.956125"><ele>1823.0</ele><time>2024-08-06T00:29:54Z</time></trkpt>
<trkpt lat="43.864526" lon="-121.955452"><ele>1827.4</ele><time>2024-08-06T00:30:56Z</time></trkpt>
<trkpt lat="43.864736" lon="-121.955140"><ele>1829.4</ele><time>2024-08-06T00:31:40Z</time></trkpt>
<trkpt lat="43.864977" lon="-121.954292"><ele>1820.8</ele><time>2024-08-06T00:33:07Z</time></trkpt>
<trkpt lat="43.864973" lon="-121.953904"><ele>1818.4</ele><time>2024-08-06T00:33:48Z</time></trkpt>
<trkpt lat="43.865416" lon="-121.954023"><ele>1818.8</ele><time>2024-08-06T00:34:36Z</time></trkpt>
<trkpt lat="43.865739" lon="-121.953934"><ele>1820.2</ele><time>2024-08-06T00:35:02Z</time></trkpt>
<trkpt lat="43.865664" lon="-121.953728"><ele>1820.4</ele><time>2024-08-06T00:35:06Z</time></trkpt>
<trkpt lat="43.866519" lon="-121.953566"><ele>1818.2</ele><time>2024-08-06T00:37:14Z</time></trkpt>
<trkpt lat="43.866542" lon="-121.953451"><ele>1817.8</ele><time>2024-08-06T00:37:22Z</time></trkpt>
<trkpt lat="43.866811" lon="-121.953410"><ele>1815.8</ele><time>2024-08-06T00:38:08Z</time></trkpt>
<trkpt lat="43.867277" lon="-121.953640"><ele>1816.0</ele><time>2024-08-06T00:38:48Z</time></trkpt>
<trkpt lat="43.867425" lon="-121.953645"><ele>1817.4</ele><time>2024-08-06T00:38:59Z</time></trkpt>
<trkpt lat="43.867494" lon="-121.953444"><ele>1817.6</ele><time>2024-08-06T00:39:14Z</time></trkpt>
<trkpt lat="43.867753" lon="-121.953666"><ele>1819.2</ele><time>2024-08-06T00:40:04Z</time></trkpt>
<trkpt lat="43.867848" lon="-121.954098"><ele>1816.6</ele><time>2024-08-06T00:40:36Z</time></trkpt>
<trkpt lat="43.868096" lon="-121.954265"><ele>1815.8</ele><time>2024-08-06T00:40:56Z</time></trkpt>
<trkpt lat="43.868161" lon="-121.954465"><ele>1815.8</ele><time>2024-08-06T00:41:01Z</time></trkpt>
<trkpt lat="43.868226" lon="-121.954299"><ele>1816.0</ele><time>2024-08-06T00:41:04Z</time></trkpt>
<trkpt lat="43.868173" lon="-121.954280"><ele>1816.2</ele><time>2024-08-06T00:41:09Z</time></trkpt>
<trkpt lat="43.868531" lon="-121.954241"><ele>1817.0</ele><time>2024-08-06T00:41:56Z</time></trkpt>
<trkpt lat="43.868483" lon="-121.954264"><ele>1816.0</ele><time>2024-08-06T00:42:04Z</time></trkpt>
<trkpt lat="43.869180" lon="-121.954462"><ele>1811.6</ele><time>2024-08-06T00:43:02Z</time></trkpt>
<trkpt lat="43.869682" lon="-121.954805"><ele>1815.4</ele><time>2024-08-06T00:44:09Z</time></trkpt>
<trkpt lat="43.869792" lon="-121.954808"><ele>1815.2</ele><time>2024-08-06T00:44:13Z</time></trkpt>
<trkpt lat="43.870058" lon="-121.954561"><ele>1816.2</ele><time>2024-08-06T00:46:00Z</time></trkpt>
<trkpt lat="43.869679" lon="-121.954784"><ele>1816.0</ele><time>2024-08-06T00:48:06Z</time></trkpt>
<trkpt lat="43.869745" lon="-121.954669"><ele>1815.6</ele><time>2024-08-06T00:49:11Z</time></trkpt>
<trkpt lat="43.870045" lon="-121.954611"><ele>1813.2</ele><time>2024-08-06T00:50:16Z</time></trkpt>
<trkpt lat="43.870233" lon="-121.954331"><ele>1811.8</ele><time>2024-08-06T00:50:31Z</time></trkpt>
<trkpt lat="43.870486" lon="-121.953681"><ele>1811.6</ele><time>2024-08-06T00:51:51Z</time></trkpt>
<trkpt lat="43.870701" lon="-121.953309"><ele>1811.6</ele><time>2024-08-06T00:52:14Z</time></trkpt>
<trkpt lat="43.870848" lon="-121.953351"><ele>1810.2</ele><time>2024-08-06T00:52:23Z</time></trkpt>
<trkpt lat="43.870977" lon="-121.953216"><ele>1809.2</ele><time>2024-08-06T00:52:27Z</time></trkpt>
<trkpt lat="43.871175" lon="-121.952943"><ele>1808.0</ele><time>2024-08-06T00:52:57Z</time></trkpt>
<trkpt lat="43.871174" lon="-121.952824"><ele>1808.0</ele><time>2024-08-06T00:53:00Z</time></trkpt>
<trkpt lat="43.871322" lon="-121.952594"><ele>1808.6</ele><time>2024-08-06T00:53:25Z</time></trkpt>
<trkpt lat="43.871941" lon="-121.952382"><ele>1806.8</ele><time>2024-08-06T00:54:49Z</time></trkpt>
<trkpt lat="43.872128" lon="-121.952268"><ele>1805.8</ele><time>2024-08-06T00:55:01Z</time></trkpt>
<trkpt lat="43.872120" lon="-121.952137"><ele>1805.0</ele><time>2024-08-06T00:55:06Z</time></trkpt>
<trkpt lat="43.872228" lon="-121.952025"><ele>1804.2</ele><time>2024-08-06T00:55:16Z</time></trkpt>
<trkpt lat="43.872825" lon="-121.951792"><ele>1804.2</ele><time>2024-08-06T00:56:30Z</time></trkpt>
<trkpt lat="43.873219" lon="-121.951497"><ele>1800.6</ele><time>2024-08-06T00:56:57Z</time></trkpt>
<trkpt lat="43.873030" lon="-121.951438"><ele>1800.4</ele><time>2024-08-06T00:57:03Z</time></trkpt>
<trkpt lat="43.872973" lon="-121.951608"><ele>1799.6</ele><time>2024-08-06T00:57:08Z</time></trkpt>
<trkpt lat="43.873039" lon="-121.951421"><ele>1796.0</ele><time>2024-08-06T00:57:32Z</time></trkpt>
<trkpt lat="43.873179" lon="-121.951274"><ele>1793.8</ele><time>2024-08-06T00:57:46Z</time></trkpt>
<trkpt lat="43.873765" lon="-121.951447"><ele>1787.2</ele><time>2024-08-06T00:58:28Z</time></trkpt>
<trkpt lat="43.873991" lon="-121.951385"><ele>1782.8</ele><time>2024-08-06T00:58:58Z</time></trkpt>
<trkpt lat="43.873997" lon="-121.951653"><ele>1782.8</ele><time>2024-08-06T00:59:06Z</time></trkpt>
<trkpt lat="43.874111" lon="-121.951713"><ele>1782.4</ele><time>2024-08-06T00:59:16Z</time></trkpt>
<trkpt lat="43.875002" lon="-121.951395"><ele>1775.2</ele><time>2024-08-06T01:00:13Z</time></trkpt>
<trkpt lat="43.875362" lon="-121.951536"><ele>1774.8</ele><time>2024-08-06T01:00:49Z</time></trkpt>
<trkpt lat="43.875748" lon="-121.951548"><ele>1775.6</ele><time>2024-08-06T01:00:59Z</time></trkpt>
<trkpt lat="43.875246" lon="-121.951562"><ele>1776.4</ele><time>2024-08-06T01:01:06Z</time></trkpt>
<trkpt lat="43.875319" lon="-121.951604"><ele>1776.6</ele><time>2024-08-06T01:01:09Z</time></trkpt>
<trkpt lat="43.875234" lon="-121.951703"><ele>1776.4</ele><time>2024-08-06T01:01:13Z</time></trkpt>
<trkpt lat="43.875395" lon="-121.951935"><ele>1775.2</ele><time>2024-08-06T01:01:27Z</time></trkpt>
<trkpt lat="43.875628" lon="-121.952052"><ele>1774.2</ele><time>2024-08-06T01:01:48Z</time></trkpt>
<trkpt lat="43.875782" lon="-121.952462"><ele>1770.6</ele><time>2024-08-06T01:02:14Z</time></trkpt>
<trkpt lat="43.876226" lon="-121.952720"><ele>1769.4</ele><time>2024-08-06T01:02:42Z</time></trkpt>
<trkpt lat="43.876409" lon="-121.952664"><ele>1768.4</ele><time>2024-08-06T01:02:54Z</time></trkpt>
<trkpt lat="43.876530" lon="-121.952711"><ele>1765.0</ele><time>2024-08-06T01:03:12Z</time></trkpt>
<trkpt lat="43.876905" lon="-121.953146"><ele>1767.4</ele><time>2024-08-06T01:03:59Z</time></trkpt>
<trkpt lat="43.876980" lon="-121.953160"><ele>1767.6</ele><time>2024-08-06T01:04:02Z</time></trkpt>
<trkpt lat="43.877003" lon="-121.953020"><ele>1767.8</ele><time>2024-08-06T01:04:09Z</time></trkpt>
<trkpt lat="43.878508" lon="-121.953342"><ele>1766.2</ele><time>2024-08-06T01:06:00Z</time></trkpt>
<trkpt lat="43.878665" lon="-121.953471"><ele>1766.4</ele><time>2024-08-06T01:06:02Z</time></trkpt>
<trkpt lat="43.878466" lon="-121.953459"><ele>1766.4</ele><time>2024-08-06T01:06:04Z</time></trkpt>
<trkpt lat="43.878428" lon="-121.953524"><ele>1766.6</ele><time>2024-08-06T01:06:07Z</time></trkpt>
<trkpt lat="43.878469" lon="-121.953907"><ele>1767.2</ele><time>2024-08-06T01:06:18Z</time></trkpt>
<trkpt lat="43.878862" lon="-121.954248"><ele>1765.0</ele><time>2024-08-06T01:06:50Z</time></trkpt>
<trkpt lat="43.878785" lon="-121.954270"><ele>1765.0</ele><time>2024-08-06T01:06:53Z</time></trkpt>
<trkpt lat="43.878998" lon="-121.954260"><ele>1765.2</ele><time>2024-08-06T01:07:01Z</time></trkpt>
<trkpt lat="43.879130" lon="-121.954093"><ele>1767.0</ele><time>2024-08-06T01:07:16Z</time></trkpt>
<trkpt lat="43.879668" lon="-121.953812"><ele>1762.8</ele><time>2024-08-06T01:08:12Z</time></trkpt>
<trkpt lat="43.880202" lon="-121.953337"><ele>1758.2</ele><time>2024-08-06T01:09:06Z</time></trkpt>
<trkpt lat="43.880230" lon="-121.953404"><ele>1757.6</ele><time>2024-08-06T01:09:11Z</time></trkpt>
<trkpt lat="43.880684" lon="-121.953023"><ele>1757.4</ele><time>2024-08-06T01:09:52Z</time></trkpt>
<trkpt lat="43.881409" lon="-121.952614"><ele>1754.6</ele><time>2024-08-06T01:10:59Z</time></trkpt>
<trkpt lat="43.881445" lon="-121.952500"><ele>1754.6</ele><time>2024-08-06T01:11:03Z</time></trkpt>
<trkpt lat="43.881463" lon="-121.952618"><ele>1754.6</ele><time>2024-08-06T01:11:06Z</time></trkpt>
<trkpt lat="43.881546" lon="-121.952598"><ele>1754.8</ele><time>2024-08-06T01:11:13Z</time></trkpt>
<trkpt lat="43.881764" lon="-121.952296"><ele>1751.8</ele><time>2024-08-06T01:11:52Z</time></trkpt>
<trkpt lat="43.881924" lon="-121.952250"><ele>1751.0</ele><time>2024-08-06T01:11:57Z</time></trkpt>
<trkpt lat="43.882131" lon="-121.951397"><ele>1745.0</ele><time>2024-08-06T01:12:44Z</time></trkpt>
<trkpt lat="43.882066" lon="-121.949942"><ele>1742.2</ele><time>2024-08-06T01:13:58Z</time></trkpt>
<trkpt lat="43.882069" lon="-121.950028"><ele>1742.2</ele><time>2024-08-06T01:13:59Z</time></trkpt>
<trkpt lat="43.881956" lon="-121.950163"><ele>1741.4</ele><time>2024-08-06T01:14:11Z</time></trkpt>
<trkpt lat="43.882149" lon="-121.949266"><ele>1740.8</ele><time>2024-08-06T01:15:09Z</time></trkpt>
<trkpt lat="43.882143" lon="-121.948937"><ele>1734.2</ele><time>2024-08-06T01:15:33Z</time></trkpt>
<trkpt lat="43.882348" lon="-121.948380"><ele>1732.0</ele><time>2024-08-06T01:16:01Z</time></trkpt>
<trkpt lat="43.882243" lon="-121.948303"><ele>1732.0</ele><time>2024-08-06T01:16:03Z</time></trkpt>
<trkpt lat="43.882289" lon="-121.948424"><ele>1731.8</ele><time>2024-08-06T01:16:07Z</time></trkpt>
<trkpt lat="43.882402" lon="-121.948353"><ele>1731.6</ele><time>2024-08-06T01:16:24Z</time></trkpt>
<trkpt lat="43.882672" lon="-121.947848"><ele>1730.4</ele><time>2024-08-06T01:16:54Z</time></trkpt>
<trkpt lat="43.882637" lon="-121.947436"><ele>1730.6</ele><time>2024-08-06T01:17:14Z</time></trkpt>
<trkpt lat="43.882838" lon="-121.946689"><ele>1728.8</ele><time>2024-08-06T01:18:11Z</time></trkpt>
<trkpt lat="43.882892" lon="-121.945943"><ele>1729.8</ele><time>2024-08-06T01:19:00Z</time></trkpt>
<trkpt lat="43.883043" lon="-121.945659"><ele>1726.4</ele><time>2024-08-06T01:19:22Z</time></trkpt>
<trkpt lat="43.883064" lon="-121.945412"><ele>1725.8</ele><time>2024-08-06T01:19:48Z</time></trkpt>
<trkpt lat="43.883291" lon="-121.945128"><ele>1729.4</ele><time>2024-08-06T01:20:44Z</time></trkpt>
<trkpt lat="43.883587" lon="-121.944921"><ele>1728.6</ele><time>2024-08-06T01:20:58Z</time></trkpt>
<trkpt lat="43.883528" lon="-121.944887"><ele>1728.4</ele><time>2024-08-06T01:21:01Z</time></trkpt>
<trkpt lat="43.883746" lon="-121.944555"><ele>1727.4</ele><time>2024-08-06T01:21:17Z</time></trkpt>
<trkpt lat="43.884289" lon="-121.943430"><ele>1726.8</ele><time>2024-08-06T01:23:01Z</time></trkpt>
<trkpt lat="43.884255" lon="-121.943140"><ele>1726.4</ele><time>2024-08-06T01:23:12Z</time></trkpt>
<trkpt lat="43.884753" lon="-121.942487"><ele>1722.0</ele><time>2024-08-06T01:24:17Z</time></trkpt>
<trkpt lat="43.885208" lon="-121.942089"><ele>1715.4</ele><time>2024-08-06T01:25:00Z</time></trkpt>
<trkpt lat="43.885207" lon="-121.941969"><ele>1716.0</ele><time>2024-08-06T01:25:07Z</time></trkpt>
<trkpt lat="43.885212" lon="-121.942029"><ele>1716.6</ele><time>2024-08-06T01:25:13Z</time></trkpt>
<trkpt lat="43.885390" lon="-121.941980"><ele>1716.4</ele><time>2024-08-06T01:25:35Z</time></trkpt>
<trkpt lat="43.886277" lon="-121.941429"><ele>1718.6</ele><time>2024-08-06T01:26:58Z</time></trkpt>
<trkpt lat="43.886435" lon="-121.941071"><ele>1718.0</ele><time>2024-08-06T01:27:10Z</time></trkpt>
<trkpt lat="43.886699" lon="-121.940892"><ele>1712.2</ele><time>2024-08-06T01:27:35Z</time></trkpt>
<trkpt lat="43.886822" lon="-121.940990"><ele>1710.0</ele><time>2024-08-06T01:27:45Z</time></trkpt>
<trkpt lat="43.887141" lon="-121.940952"><ele>1708.6</ele><time>2024-08-06T01:28:09Z</time></trkpt>
<trkpt lat="43.887422" lon="-121.940783"><ele>1708.0</ele><time>2024-08-06T01:28:51Z</time></trkpt>
<trkpt lat="43.888284" lon="-121.939861"><ele>1705.6</ele><time>2024-08-06T01:30:36Z</time></trkpt>
<trkpt lat="43.888611" lon="-121.939553"><ele>1701.0</ele><time>2024-08-06T01:31:02Z</time></trkpt>
<trkpt lat="43.888670" lon="-121.939566"><ele>1700.6</ele><time>2024-08-06T01:31:07Z</time></trkpt>
<trkpt lat="43.888687" lon="-121.939472"><ele>1700.6</ele><time>2024-08-06T01:31:11Z</time></trkpt>
<trkpt lat="43.888844" lon="-121.939380"><ele>1697.4</ele><time>2024-08-06T01:31:26Z</time></trkpt>
<trkpt lat="43.889089" lon="-121.939052"><ele>1694.0</ele><time>2024-08-06T01:31:52Z</time></trkpt>
<trkpt lat="43.889894" lon="-121.938540"><ele>1686.6</ele><time>2024-08-06T01:33:02Z</time></trkpt>
<trkpt lat="43.890605" lon="-121.937366"><ele>1683.0</ele><time>2024-08-06T01:34:26Z</time></trkpt>
<trkpt lat="43.890837" lon="-121.936865"><ele>1685.2</ele><time>2024-08-06T01:35:08Z</time></trkpt>
<trkpt lat="43.891196" lon="-121.936644"><ele>1681.0</ele><time>2024-08-06T01:35:39Z</time></trkpt>
<trkpt lat="43.891247" lon="-121.936455"><ele>1680.2</ele><time>2024-08-06T01:35:49Z</time></trkpt>
<trkpt lat="43.891437" lon="-121.936173"><ele>1676.4</ele><time>2024-08-06T01:36:31Z</time></trkpt>
<trkpt lat="43.891966" lon="-121.936005"><ele>1670.0</ele><time>2024-08-06T01:37:16Z</time></trkpt>
<trkpt lat="43.892703" lon="-121.934617"><ele>1669.2</ele><time>2024-08-06T01:38:57Z</time></trkpt>
<trkpt lat="43.892783" lon="-121.934218"><ele>1668.8</ele><time>2024-08-06T01:39:11Z</time></trkpt>
<trkpt lat="43.893454" lon="-121.933506"><ele>1663.8</ele><time>2024-08-06T01:40:30Z</time></trkpt>
<trkpt lat="43.893616" lon="-121.933468"><ele>1663.0</ele><time>2024-08-06T01:40:44Z</time></trkpt>
<trkpt lat="43.893937" lon="-121.933065"><ele>1658.6</ele><time>2024-08-06T01:41:01Z</time></trkpt>
<trkpt lat="43.894005" lon="-121.933168"><ele>1658.4</ele><time>2024-08-06T01:41:04Z</time></trkpt>
<trkpt lat="43.893990" lon="-121.933051"><ele>1656.4</ele><time>2024-08-06T01:41:14Z</time></trkpt>
<trkpt lat="43.894379" lon="-121.932912"><ele>1653.2</ele><time>2024-08-06T01:41:52Z</time></trkpt>
<trkpt lat="43.894996" lon="-121.932925"><ele>1651.0</ele><time>2024-08-06T01:42:58Z</time></trkpt>
<trkpt lat="43.895157" lon="-121.932633"><ele>1653.2</ele><time>2024-08-06T01:43:15Z</time></trkpt>
<trkpt lat="43.895753" lon="-121.932248"><ele>1652.0</ele><time>2024-08-06T01:44:12Z</time></trkpt>
<trkpt lat="43.895959" lon="-121.932001"><ele>1648.6</ele><time>2024-08-06T01:44:34Z</time></trkpt>
<trkpt lat="43.896363" lon="-121.931761"><ele>1645.4</ele><time>2024-08-06T01:45:04Z</time></trkpt>
<trkpt lat="43.896362" lon="-121.931664"><ele>1643.8</ele><time>2024-08-06T01:45:14Z</time></trkpt>
<trkpt lat="43.896622" lon="-121.931320"><ele>1641.6</ele><time>2024-08-06T01:45:29Z</time></trkpt>
<trkpt lat="43.897201" lon="-121.930759"><ele>1637.4</ele><time>2024-08-06T01:46:39Z</time></trkpt>
<trkpt lat="43.897357" lon="-121.930354"><ele>1638.6</ele><time>2024-08-06T01:47:01Z</time></trkpt>
<trkpt lat="43.897304" lon="-121.930132"><ele>1638.4</ele><time>2024-08-06T01:47:10Z</time></trkpt>
<trkpt lat="43.897412" lon="-121.929527"><ele>1638.6</ele><time>2024-08-06T01:47:32Z</time></trkpt>
<trkpt lat="43.897768" lon="-121.928662"><ele>1645.6</ele><time>2024-08-06T01:48:59Z</time></trkpt>
<trkpt lat="43.898109" lon="-121.928389"><ele>1647.2</ele><time>2024-08-06T01:49:30Z</time></trkpt>
<trkpt lat="43.898507" lon="-121.927774"><ele>1639.6</ele><time>2024-08-06T01:50:18Z</time></trkpt>
<trkpt lat="43.899072" lon="-121.927461"><ele>1630.8</ele><time>2024-08-06T01:50:56Z</time></trkpt>
<trkpt lat="43.899284" lon="-121.927414"><ele>1629.4</ele><time>2024-08-06T01:51:09Z</time></trkpt>
<trkpt lat="43.899516" lon="-121.927019"><ele>1629.6</ele><time>2024-08-06T01:51:27Z</time></trkpt>
<trkpt lat="43.899703" lon="-121.926420"><ele>1627.4</ele><time>2024-08-06T01:52:23Z</time></trkpt>
<trkpt lat="43.899857" lon="-121.924961"><ele>1619.8</ele><time>2024-08-06T01:53:50Z</time></trkpt>
<trkpt lat="43.900073" lon="-121.924580"><ele>1620.4</ele><time>2024-08-06T01:54:30Z</time></trkpt>
<trkpt lat="43.900466" lon="-121.924093"><ele>1621.0</ele><time>2024-08-06T01:55:02Z</time></trkpt>
<trkpt lat="43.900469" lon="-121.923902"><ele>1621.0</ele><time>2024-08-06T01:55:05Z</time></trkpt>
<trkpt lat="43.900707" lon="-121.922982"><ele>1620.6</ele><time>2024-08-06T01:55:49Z</time></trkpt>
<trkpt lat="43.901083" lon="-121.922172"><ele>1620.2</ele><time>2024-08-06T01:56:58Z</time></trkpt>
<trkpt lat="43.901044" lon="-121.922086"><ele>1620.2</ele><time>2024-08-06T01:57:01Z</time></trkpt>
<trkpt lat="43.901209" lon="-121.922025"><ele>1620.0</ele><time>2024-08-06T01:57:07Z</time></trkpt>
<trkpt lat="43.901705" lon="-121.920825"><ele>1616.6</ele><time>2024-08-06T01:58:21Z</time></trkpt>
<trkpt lat="43.901853" lon="-121.919980"><ele>1617.6</ele><time>2024-08-06T01:59:11Z</time></trkpt>
<trkpt lat="43.901766" lon="-121.919562"><ele>1617.4</ele><time>2024-08-06T01:59:32Z</time></trkpt>
<trkpt lat="43.901807" lon="-121.919305"><ele>1615.8</ele><time>2024-08-06T01:59:46Z</time></trkpt>
<trkpt lat="43.901798" lon="-121.919356"><ele>1615.8</ele><time>2024-08-06T01:59:47Z</time></trkpt>
<trkpt lat="43.902221" lon="-121.918718"><ele>1617.0</ele><time>2024-08-06T02:00:43Z</time></trkpt>
<trkpt lat="43.902475" lon="-121.918610"><ele>1618.0</ele><time>2024-08-06T02:01:09Z</time></trkpt>
<trkpt lat="43.902809" lon="-121.918343"><ele>1617.8</ele><time>2024-08-06T02:01:30Z</time></trkpt>
<trkpt lat="43.902891" lon="-121.918264"><ele>1618.0</ele><time>2024-08-06T02:01:33Z</time></trkpt>
<trkpt lat="43.902837" lon="-121.918124"><ele>1618.4</ele><time>2024-08-06T02:01:35Z</time></trkpt>
<trkpt lat="43.903223" lon="-121.918092"><ele>1620.6</ele><time>2024-08-06T02:01:54Z</time></trkpt>
<trkpt lat="43.903743" lon="-121.918220"><ele>1623.0</ele><time>2024-08-06T02:02:44Z</time></trkpt>
<trkpt lat="43.903863" lon="-121.918115"><ele>1623.2</ele><time>2024-08-06T02:02:56Z</time></trkpt>
<trkpt lat="43.904101" lon="-121.918186"><ele>1623.2</ele><time>2024-08-06T02:03:18Z</time></trkpt>
<trkpt lat="43.904436" lon="-121.918094"><ele>1623.2</ele><time>2024-08-06T02:03:38Z</time></trkpt>
<trkpt lat="43.905856" lon="-121.918501"><ele>1623.8</ele><time>2024-08-06T02:05:41Z</time></trkpt>
<trkpt lat="43.907140" lon="-121.918129"><ele>1620.6</ele><time>2024-08-06T02:07:30Z</time></trkpt>
<trkpt lat="43.907237" lon="-121.918210"><ele>1620.6</ele><time>2024-08-06T02:07:32Z</time></trkpt>
<trkpt lat="43.907282" lon="-121.918049"><ele>1620.8</ele><time>2024-08-06T02:07:40Z</time></trkpt>
<trkpt lat="43.907743" lon="-121.917971"><ele>1619.4</ele><time>2024-08-06T02:08:12Z</time></trkpt>
<trkpt lat="43.907883" lon="-121.917569"><ele>1617.4</ele><time>2024-08-06T02:08:36Z</time></trkpt>
<trkpt lat="43.908238" lon="-121.917083"><ele>1615.4</ele><time>2024-08-06T02:09:30Z</time></trkpt>
<trkpt lat="43.908271" lon="-121.917284"><ele>1615.2</ele><time>2024-08-06T02:09:32Z</time></trkpt>
<trkpt lat="43.908280" lon="-121.917032"><ele>1615.2</ele><time>2024-08-06T02:09:38Z</time></trkpt>
<trkpt lat="43.908442" lon="-121.916802"><ele>1614.6</ele><time>2024-08-06T02:09:58Z</time></trkpt>
<trkpt lat="43.908615" lon="-121.916735"><ele>1613.6</ele><time>2024-08-06T02:10:07Z</time></trkpt>
<trkpt lat="43.908767" lon="-121.916428"><ele>1613.0</ele><time>2024-08-06T02:10:26Z</time></trkpt>
<trkpt lat="43.909003" lon="-121.916221"><ele>1613.0</ele><time>2024-08-06T02:11:00Z</time></trkpt>
<trkpt lat="43.909004" lon="-121.915896"><ele>1612.0</ele><time>2024-08-06T02:11:18Z</time></trkpt>
<trkpt lat="43.909504" lon="-121.915415"><ele>1609.4</ele><time>2024-08-06T02:12:02Z</time></trkpt>
<trkpt lat="43.909489" lon="-121.915365"><ele>1608.6</ele><time>2024-08-06T02:12:04Z</time></trkpt>
<trkpt lat="43.909609" lon="-121.915331"><ele>1607.6</ele><time>2024-08-06T02:12:15Z</time></trkpt>
<trkpt lat="43.910060" lon="-121.915537"><ele>1608.0</ele><time>2024-08-06T02:12:50Z</time></trkpt>
<trkpt lat="43.910351" lon="-121.915585"><ele>1607.8</ele><time>2024-08-06T02:13:24Z</time></trkpt>
<trkpt lat="43.910935" lon="-121.915492"><ele>1604.4</ele><time>2024-08-06T02:14:01Z</time></trkpt>
<trkpt lat="43.911001" lon="-121.915628"><ele>1604.2</ele><time>2024-08-06T02:14:04Z</time></trkpt>
<trkpt lat="43.910954" lon="-121.915450"><ele>1603.6</ele><time>2024-08-06T02:14:11Z</time></trkpt>
<trkpt lat="43.911242" lon="-121.915403"><ele>1603.8</ele><time>2024-08-06T02:14:32Z</time></trkpt>
<trkpt lat="43.911552" lon="-121.915506"><ele>1604.6</ele><time>2024-08-06T02:14:59Z</time></trkpt>
<trkpt lat="43.911628" lon="-121.915425"><ele>1604.6</ele><time>2024-08-06T02:15:05Z</time></trkpt>
<trkpt lat="43.911786" lon="-121.915439"><ele>1604.0</ele><time>2024-08-06T02:15:17Z</time></trkpt>
<trkpt lat="43.912947" lon="-121.915748"><ele>1612.6</ele><time>2024-08-06T02:16:58Z</time></trkpt>
<trkpt lat="43.913033" lon="-121.915822"><ele>1612.6</ele><time>2024-08-06T02:16:59Z</time></trkpt>
<trkpt lat="43.913050" lon="-121.915958"><ele>1612.8</ele><time>2024-08-06T02:17:04Z</time></trkpt>
<trkpt lat="43.913655" lon="-121.916131"><ele>1613.4</ele><time>2024-08-06T02:18:07Z</time></trkpt>
<trkpt lat="43.913623" lon="-121.916094"><ele>1613.4</ele><time>2024-08-06T02:18:14Z</time></trkpt>
<trkpt lat="43.913669" lon="-121.916349"><ele>1615.8</ele><time>2024-08-06T02:19:08Z</time></trkpt>
<trkpt lat="43.913737" lon="-121.916380"><ele>1616.8</ele><time>2024-08-06T02:19:20Z</time></trkpt>
<trkpt lat="43.913918" lon="-121.916841"><ele>1616.0</ele><time>2024-08-06T02:19:58Z</time></trkpt>
<trkpt lat="43.913559" lon="-121.916011"><ele>1615.4</ele><time>2024-08-06T02:20:13Z</time></trkpt>
<trkpt lat="43.913607" lon="-121.915987"><ele>1614.4</ele><time>2024-08-06T02:20:22Z</time></trkpt>
<trkpt lat="43.913630" lon="-121.916109"><ele>1612.8</ele><time>2024-08-06T02:21:18Z</time></trkpt>
</trkseg></trk>
</gpx>
