<?xml version="1.0" encoding="UTF-8"?>
<gpx version="1.1" creator="Eric Sichak trip reports" xmlns="http://www.topografix.com/GPX/1/1">
<metadata><name>Morning Hike</name><time>2024-08-21T14:20:44Z</time></metadata>
<trk><name>Morning Hike</name><type>hike</type><trkseg>
<trkpt lat="46.898382" lon="-121.496662"><ele>1871.6</ele><time>2024-08-21T14:20:44Z</time></trkpt>
<trkpt lat="46.898479" lon="-121.496397"><ele>1873.2</ele><time>2024-08-21T14:20:52Z</time></trkpt>
<trkpt lat="46.898505" lon="-121.496170"><ele>1876.2</ele><time>2024-08-21T14:21:14Z</time></trkpt>
<trkpt lat="46.898428" lon="-121.496063"><ele>1877.8</ele><time>2024-08-21T14:21:31Z</time></trkpt>
<trkpt lat="46.898481" lon="-121.496035"><ele>1879.0</ele><time>2024-08-21T14:21:34Z</time></trkpt>
<trkpt lat="46.898454" lon="-121.496173"><ele>1882.0</ele><time>2024-08-21T14:21:54Z</time></trkpt>
<trkpt lat="46.898278" lon="-121.496149"><ele>1892.8</ele><time>2024-08-21T14:23:14Z</time></trkpt>
<trkpt lat="46.899158" lon="-121.497042"><ele>1901.6</ele><time>2024-08-21T14:24:22Z</time></trkpt>
<trkpt lat="46.899900" lon="-121.498006"><ele>1913.6</ele><time>2024-08-21T14:25:47Z</time></trkpt>
<trkpt lat="46.899890" lon="-121.498214"><ele>1914.2</ele><time>2024-08-21T14:25:51Z</time></trkpt>
<trkpt lat="46.899975" lon="-121.498272"><ele>1916.4</ele><time>2024-08-21T14:26:01Z</time></trkpt>
<trkpt lat="46.900442" lon="-121.499394"><ele>1928.4</ele><time>2024-08-21T14:27:50Z</time></trkpt>
<trkpt lat="46.900821" lon="-121.499975"><ele>1934.6</ele><time>2024-08-21T14:28:36Z</time></trkpt>
<trkpt lat="46.901138" lon="-121.500323"><ele>1946.2</ele><time>2024-08-21T14:29:46Z</time></trkpt>
<trkpt lat="46.901027" lon="-121.500344"><ele>1946.4</ele><time>2024-08-21T14:29:47Z</time></trkpt>
<trkpt lat="46.901165" lon="-121.500194"><ele>1948.4</ele><time>2024-08-21T14:30:20Z</time></trkpt>
<trkpt lat="46.901347" lon="-121.500338"><ele>1939.6</ele><time>2024-08-21T14:31:24Z</time></trkpt>
<trkpt lat="46.901556" lon="-121.500325"><ele>1934.0</ele><time>2024-08-21T14:31:48Z</time></trkpt>
<trkpt lat="46.902042" lon="-121.500550"><ele>1931.0</ele><time>2024-08-21T14:32:00Z</time></trkpt>
<trkpt lat="46.902267" lon="-121.500429"><ele>1927.2</ele><time>2024-08-21T14:32:18Z</time></trkpt>
<trkpt lat="46.902439" lon="-121.500237"><ele>1920.8</ele><time>2024-08-21T14:33:22Z</time></trkpt>
<trkpt lat="46.902163" lon="-121.500212"><ele>1917.6</ele><time>2024-08-21T14:33:43Z</time></trkpt>
<trkpt lat="46.902247" lon="-121.500330"><ele>1918.0</ele><time>2024-08-21T14:33:57Z</time></trkpt>
<trkpt lat="46.902193" lon="-121.500379"><ele>1916.6</ele><time>2024-08-21T14:34:30Z</time></trkpt>
<trkpt lat="46.902189" lon="-121.500107"><ele>1908.8</ele><time>2024-08-21T14:35:40Z</time></trkpt>
<trkpt lat="46.902703" lon="-121.500153"><ele>1901.0</ele><time>2024-08-21T14:36:20Z</time></trkpt>
<trkpt lat="46.903141" lon="-121.499965"><ele>1893.4</ele><time>2024-08-21T14:36:56Z</time></trkpt>
<trkpt lat="46.903592" lon="-121.499246"><ele>1881.8</ele><time>2024-08-21T14:37:52Z</time></trkpt>
<trkpt lat="46.903516" lon="-121.499214"><ele>1880.6</ele><time>2024-08-21T14:37:58Z</time></trkpt>
<trkpt lat="46.903586" lon="-121.499204"><ele>1879.6</ele><time>2024-08-21T14:38:04Z</time></trkpt>
<trkpt lat="46.903776" lon="-121.498805"><ele>1872.4</ele><time>2024-08-21T14:38:51Z</time></trkpt>
<trkpt lat="46.904325" lon="-121.498182"><ele>1868.6</ele><time>2024-08-21T14:39:43Z</time></trkpt>
<trkpt lat="46.904359" lon="-121.497942"><ele>1868.4</ele><time>2024-08-21T14:39:55Z</time></trkpt>
<trkpt lat="46.905139" lon="-121.497559"><ele>1868.8</ele><time>2024-08-21T14:40:53Z</time></trkpt>
<trkpt lat="46.905711" lon="-121.497605"><ele>1868.6</ele><time>2024-08-21T14:41:46Z</time></trkpt>
<trkpt lat="46.906472" lon="-121.495852"><ele>1869.2</ele><time>2024-08-21T14:43:44Z</time></trkpt>
<trkpt lat="46.906720" lon="-121.495656"><ele>1869.4</ele><time>2024-08-21T14:44:02Z</time></trkpt>
<trkpt lat="46.907716" lon="-121.494379"><ele>1872.6</ele><time>2024-08-21T14:45:48Z</time></trkpt>
<trkpt lat="46.907811" lon="-121.494333"><ele>1872.8</ele><time>2024-08-21T14:45:55Z</time></trkpt>
<trkpt lat="46.907944" lon="-121.493937"><ele>1874.2</ele><time>2024-08-21T14:46:19Z</time></trkpt>
<trkpt lat="46.908281" lon="-121.493280"><ele>1875.6</ele><time>2024-08-21T14:47:05Z</time></trkpt>
<trkpt lat="46.908492" lon="-121.492601"><ele>1876.0</ele><time>2024-08-21T14:47:44Z</time></trkpt>
<trkpt lat="46.908454" lon="-121.492499"><ele>1876.2</ele><time>2024-08-21T14:47:47Z</time></trkpt>
<trkpt lat="46.908841" lon="-121.490100"><ele>1876.2</ele><time>2024-08-21T14:50:11Z</time></trkpt>
<trkpt lat="46.909212" lon="-121.488729"><ele>1875.8</ele><time>2024-08-21T14:51:47Z</time></trkpt>
<trkpt lat="46.909437" lon="-121.488193"><ele>1875.2</ele><time>2024-08-21T14:52:33Z</time></trkpt>
<trkpt lat="46.910254" lon="-121.488424"><ele>1863.4</ele><time>2024-08-21T14:53:50Z</time></trkpt>
<trkpt lat="46.910756" lon="-121.488661"><ele>1859.0</ele><time>2024-08-21T14:54:43Z</time></trkpt>
<trkpt lat="46.911041" lon="-121.488608"><ele>1857.0</ele><time>2024-08-21T14:55:05Z</time></trkpt>
<trkpt lat="46.911470" lon="-121.488109"><ele>1853.6</ele><time>2024-08-21T14:55:46Z</time></trkpt>
<trkpt lat="46.911420" lon="-121.488035"><ele>1852.6</ele><time>2024-08-21T14:55:51Z</time></trkpt>
<trkpt lat="46.911781" lon="-121.487550"><ele>1844.2</ele><time>2024-08-21T14:56:36Z</time></trkpt>
<trkpt lat="46.911935" lon="-121.486914"><ele>1838.8</ele><time>2024-08-21T14:57:14Z</time></trkpt>
<trkpt lat="46.911961" lon="-121.486370"><ele>1834.4</ele><time>2024-08-21T14:57:42Z</time></trkpt>
<trkpt lat="46.912047" lon="-121.485967"><ele>1833.0</ele><time>2024-08-21T14:58:02Z</time></trkpt>
<trkpt lat="46.911998" lon="-121.485787"><ele>1831.2</ele><time>2024-08-21T14:58:14Z</time></trkpt>
<trkpt lat="46.911941" lon="-121.484103"><ele>1818.0</ele><time>2024-08-21T14:59:48Z</time></trkpt>
<trkpt lat="46.911991" lon="-121.484064"><ele>1817.8</ele><time>2024-08-21T14:59:49Z</time></trkpt>
<trkpt lat="46.911887" lon="-121.484108"><ele>1817.6</ele><time>2024-08-21T14:59:53Z</time></trkpt>
<trkpt lat="46.911928" lon="-121.483459"><ele>1812.6</ele><time>2024-08-21T15:00:22Z</time></trkpt>
<trkpt lat="46.911855" lon="-121.482908"><ele>1807.0</ele><time>2024-08-21T15:00:54Z</time></trkpt>
<trkpt lat="46.911950" lon="-121.482082"><ele>1798.4</ele><time>2024-08-21T15:01:47Z</time></trkpt>
<trkpt lat="46.911840" lon="-121.481809"><ele>1798.2</ele><time>2024-08-21T15:01:51Z</time></trkpt>
<trkpt lat="46.911739" lon="-121.481835"><ele>1798.0</ele><time>2024-08-21T15:01:55Z</time></trkpt>
<trkpt lat="46.911956" lon="-121.480765"><ele>1804.8</ele><time>2024-08-21T15:03:24Z</time></trkpt>
<trkpt lat="46.912127" lon="-121.480230"><ele>1808.4</ele><time>2024-08-21T15:03:48Z</time></trkpt>
<trkpt lat="46.912065" lon="-121.480179"><ele>1809.0</ele><time>2024-08-21T15:03:56Z</time></trkpt>
<trkpt lat="46.912132" lon="-121.479775"><ele>1810.4</ele><time>2024-08-21T15:04:20Z</time></trkpt>
<trkpt lat="46.912627" lon="-121.478664"><ele>1810.8</ele><time>2024-08-21T15:05:51Z</time></trkpt>
<trkpt lat="46.912556" lon="-121.478652"><ele>1810.8</ele><time>2024-08-21T15:05:55Z</time></trkpt>
<trkpt lat="46.912854" lon="-121.477612"><ele>1810.0</ele><time>2024-08-21T15:07:10Z</time></trkpt>
<trkpt lat="46.912887" lon="-121.477118"><ele>1809.0</ele><time>2024-08-21T15:07:45Z</time></trkpt>
<trkpt lat="46.912940" lon="-121.477076"><ele>1809.0</ele><time>2024-08-21T15:07:47Z</time></trkpt>
<trkpt lat="46.912846" lon="-121.476884"><ele>1808.4</ele><time>2024-08-21T15:07:59Z</time></trkpt>
<trkpt lat="46.913112" lon="-121.476047"><ele>1806.4</ele><time>2024-08-21T15:08:56Z</time></trkpt>
<trkpt lat="46.913168" lon="-121.475664"><ele>1804.8</ele><time>2024-08-21T15:09:47Z</time></trkpt>
<trkpt lat="46.913135" lon="-121.475528"><ele>1804.0</ele><time>2024-08-21T15:09:56Z</time></trkpt>
<trkpt lat="46.913443" lon="-121.475126"><ele>1803.2</ele><time>2024-08-21T15:11:44Z</time></trkpt>
<trkpt lat="46.913433" lon="-121.475067"><ele>1803.2</ele><time>2024-08-21T15:11:46Z</time></trkpt>
<trkpt lat="46.913268" lon="-121.475055"><ele>1803.4</ele><time>2024-08-21T15:11:53Z</time></trkpt>
<trkpt lat="46.913567" lon="-121.473757"><ele>1801.0</ele><time>2024-08-21T15:14:38Z</time></trkpt>
<trkpt lat="46.913724" lon="-121.473657"><ele>1800.6</ele><time>2024-08-21T15:14:52Z</time></trkpt>
<trkpt lat="46.914376" lon="-121.473646"><ele>1800.2</ele><time>2024-08-21T15:15:51Z</time></trkpt>
<trkpt lat="46.914320" lon="-121.473753"><ele>1800.0</ele><time>2024-08-21T15:15:53Z</time></trkpt>
<trkpt lat="46.914987" lon="-121.473488"><ele>1797.6</ele><time>2024-08-21T15:17:52Z</time></trkpt>
<trkpt lat="46.915660" lon="-121.472955"><ele>1794.8</ele><time>2024-08-21T15:19:03Z</time></trkpt>
<trkpt lat="46.915985" lon="-121.472599"><ele>1791.0</ele><time>2024-08-21T15:19:48Z</time></trkpt>
<trkpt lat="46.916571" lon="-121.472478"><ele>1785.4</ele><time>2024-08-21T15:20:33Z</time></trkpt>
<trkpt lat="46.917007" lon="-121.472136"><ele>1785.2</ele><time>2024-08-21T15:21:35Z</time></trkpt>
<trkpt lat="46.917278" lon="-121.472115"><ele>1784.4</ele><time>2024-08-21T15:21:50Z</time></trkpt>
<trkpt lat="46.917222" lon="-121.472054"><ele>1784.4</ele><time>2024-08-21T15:21:55Z</time></trkpt>
<trkpt lat="46.917432" lon="-121.472071"><ele>1785.8</ele><time>2024-08-21T15:22:12Z</time></trkpt>
<trkpt lat="46.917670" lon="-121.471949"><ele>1786.2</ele><time>2024-08-21T15:22:29Z</time></trkpt>
<trkpt lat="46.918280" lon="-121.472096"><ele>1789.0</ele><time>2024-08-21T15:23:35Z</time></trkpt>
<trkpt lat="46.918816" lon="-121.471957"><ele>1791.2</ele><time>2024-08-21T15:24:23Z</time></trkpt>
<trkpt lat="46.919412" lon="-121.472028"><ele>1792.6</ele><time>2024-08-21T15:25:17Z</time></trkpt>
<trkpt lat="46.919599" lon="-121.471914"><ele>1793.8</ele><time>2024-08-21T15:25:35Z</time></trkpt>
<trkpt lat="46.919883" lon="-121.471929"><ele>1798.0</ele><time>2024-08-21T15:26:49Z</time></trkpt>
<trkpt lat="46.920077" lon="-121.472041"><ele>1800.0</ele><time>2024-08-21T15:27:19Z</time></trkpt>
<trkpt lat="46.920251" lon="-121.471952"><ele>1800.8</ele><time>2024-08-21T15:27:26Z</time></trkpt>
<trkpt lat="46.921417" lon="-121.472131"><ele>1817.0</ele><time>2024-08-21T15:29:18Z</time></trkpt>
<trkpt lat="46.921563" lon="-121.472092"><ele>1820.4</ele><time>2024-08-21T15:29:37Z</time></trkpt>
<trkpt lat="46.921543" lon="-121.471965"><ele>1821.8</ele><time>2024-08-21T15:30:20Z</time></trkpt>
<trkpt lat="46.920401" lon="-121.471481"><ele>1815.8</ele><time>2024-08-21T15:32:49Z</time></trkpt>
<trkpt lat="46.919973" lon="-121.471066"><ele>1812.8</ele><time>2024-08-21T15:33:24Z</time></trkpt>
<trkpt lat="46.919676" lon="-121.470464"><ele>1809.4</ele><time>2024-08-21T15:34:05Z</time></trkpt>
<trkpt lat="46.919521" lon="-121.469840"><ele>1808.0</ele><time>2024-08-21T15:34:39Z</time></trkpt>
<trkpt lat="46.919594" lon="-121.468939"><ele>1803.6</ele><time>2024-08-21T15:35:30Z</time></trkpt>
<trkpt lat="46.919538" lon="-121.468523"><ele>1803.2</ele><time>2024-08-21T15:35:52Z</time></trkpt>
<trkpt lat="46.919604" lon="-121.467472"><ele>1805.8</ele><time>2024-08-21T15:36:55Z</time></trkpt>
<trkpt lat="46.919896" lon="-121.466487"><ele>1809.2</ele><time>2024-08-21T15:37:55Z</time></trkpt>
<trkpt lat="46.920895" lon="-121.465773"><ele>1810.4</ele><time>2024-08-21T15:39:34Z</time></trkpt>
<trkpt lat="46.921062" lon="-121.465417"><ele>1810.0</ele><time>2024-08-21T15:39:58Z</time></trkpt>
<trkpt lat="46.920937" lon="-121.465272"><ele>1807.2</ele><time>2024-08-21T15:40:14Z</time></trkpt>
<trkpt lat="46.920901" lon="-121.464717"><ele>1800.2</ele><time>2024-08-21T15:40:44Z</time></trkpt>
<trkpt lat="46.920872" lon="-121.464650"><ele>1799.6</ele><time>2024-08-21T15:41:10Z</time></trkpt>
<trkpt lat="46.920808" lon="-121.464700"><ele>1800.2</ele><time>2024-08-21T15:41:53Z</time></trkpt>
<trkpt lat="46.920817" lon="-121.464759"><ele>1799.0</ele><time>2024-08-21T15:42:16Z</time></trkpt>
<trkpt lat="46.921288" lon="-121.462287"><ele>1799.0</ele><time>2024-08-21T15:44:52Z</time></trkpt>
<trkpt lat="46.921623" lon="-121.461336"><ele>1797.0</ele><time>2024-08-21T15:45:48Z</time></trkpt>
<trkpt lat="46.921570" lon="-121.461332"><ele>1797.0</ele><time>2024-08-21T15:45:50Z</time></trkpt>
<trkpt lat="46.921597" lon="-121.460290"><ele>1798.2</ele><time>2024-08-21T15:46:34Z</time></trkpt>
<trkpt lat="46.921598" lon="-121.459494"><ele>1806.8</ele><time>2024-08-21T15:47:59Z</time></trkpt>
<trkpt lat="46.921865" lon="-121.457888"><ele>1820.4</ele><time>2024-08-21T15:49:46Z</time></trkpt>
<trkpt lat="46.922319" lon="-121.456216"><ele>1834.6</ele><time>2024-08-21T15:51:47Z</time></trkpt>
<trkpt lat="46.922300" lon="-121.456102"><ele>1835.0</ele><time>2024-08-21T15:52:03Z</time></trkpt>
<trkpt lat="46.922868" lon="-121.454610"><ele>1849.8</ele><time>2024-08-21T15:53:47Z</time></trkpt>
<trkpt lat="46.922908" lon="-121.454650"><ele>1850.0</ele><time>2024-08-21T15:53:48Z</time></trkpt>
<trkpt lat="46.922938" lon="-121.454267"><ele>1854.4</ele><time>2024-08-21T15:54:10Z</time></trkpt>
<trkpt lat="46.923122" lon="-121.453770"><ele>1859.2</ele><time>2024-08-21T15:54:43Z</time></trkpt>
<trkpt lat="46.923072" lon="-121.453302"><ele>1865.0</ele><time>2024-08-21T15:55:16Z</time></trkpt>
<trkpt lat="46.923169" lon="-121.453450"><ele>1865.8</ele><time>2024-08-21T15:55:54Z</time></trkpt>
<trkpt lat="46.923218" lon="-121.454151"><ele>1870.0</ele><time>2024-08-21T15:56:22Z</time></trkpt>
<trkpt lat="46.923204" lon="-121.455459"><ele>1884.8</ele><time>2024-08-21T15:57:57Z</time></trkpt>
<trkpt lat="46.922992" lon="-121.457202"><ele>1900.2</ele><time>2024-08-21T15:59:46Z</time></trkpt>
<trkpt lat="46.923061" lon="-121.457566"><ele>1902.6</ele><time>2024-08-21T16:00:07Z</time></trkpt>
<trkpt lat="46.923811" lon="-121.457139"><ele>1913.4</ele><time>2024-08-21T16:01:52Z</time></trkpt>
<trkpt lat="46.923814" lon="-121.457239"><ele>1913.4</ele><time>2024-08-21T16:01:53Z</time></trkpt>
<trkpt lat="46.924250" lon="-121.457270"><ele>1916.8</ele><time>2024-08-21T16:02:19Z</time></trkpt>
<trkpt lat="46.924556" lon="-121.457229"><ele>1921.2</ele><time>2024-08-21T16:02:57Z</time></trkpt>
<trkpt lat="46.924908" lon="-121.457070"><ele>1924.6</ele><time>2024-08-21T16:03:33Z</time></trkpt>
<trkpt lat="46.925109" lon="-121.457122"><ele>1926.0</ele><time>2024-08-21T16:03:53Z</time></trkpt>
<trkpt lat="46.925126" lon="-121.456964"><ele>1926.4</ele><time>2024-08-21T16:03:56Z</time></trkpt>
<trkpt lat="46.925283" lon="-121.457037"><ele>1927.6</ele><time>2024-08-21T16:04:05Z</time></trkpt>
<trkpt lat="46.925767" lon="-121.456889"><ele>1931.4</ele><time>2024-08-21T16:04:45Z</time></trkpt>
<trkpt lat="46.926544" lon="-121.457084"><ele>1933.4</ele><time>2024-08-21T16:05:59Z</time></trkpt>
<trkpt lat="46.926949" lon="-121.457102"><ele>1932.2</ele><time>2024-08-21T16:07:15Z</time></trkpt>
<trkpt lat="46.927290" lon="-121.456897"><ele>1930.2</ele><time>2024-08-21T16:07:50Z</time></trkpt>
<trkpt lat="46.927206" lon="-121.456955"><ele>1929.8</ele><time>2024-08-21T16:07:54Z</time></trkpt>
<trkpt lat="46.927341" lon="-121.457185"><ele>1927.8</ele><time>2024-08-21T16:08:08Z</time></trkpt>
<trkpt lat="46.927609" lon="-121.457406"><ele>1925.2</ele><time>2024-08-21T16:08:25Z</time></trkpt>
<trkpt lat="46.927870" lon="-121.458046"><ele>1923.0</ele><time>2024-08-21T16:08:59Z</time></trkpt>
<trkpt lat="46.928156" lon="-121.458220"><ele>1919.8</ele><time>2024-08-21T16:09:25Z</time></trkpt>
<trkpt lat="46.928460" lon="-121.458118"><ele>1916.2</ele><time>2024-08-21T16:09:53Z</time></trkpt>
<trkpt lat="46.928633" lon="-121.458264"><ele>1914.2</ele><time>2024-08-21T16:10:11Z</time></trkpt>
<trkpt lat="46.928856" lon="-121.458220"><ele>1913.0</ele><time>2024-08-21T16:10:53Z</time></trkpt>
<trkpt lat="46.929312" lon="-121.458329"><ele>1909.8</ele><time>2024-08-21T16:11:31Z</time></trkpt>
<trkpt lat="46.929552" lon="-121.458203"><ele>1908.8</ele><time>2024-08-21T16:11:50Z</time></trkpt>
<trkpt lat="46.929495" lon="-121.458023"><ele>1907.2</ele><time>2024-08-21T16:12:00Z</time></trkpt>
<trkpt lat="46.929594" lon="-121.457557"><ele>1905.4</ele><time>2024-08-21T16:12:29Z</time></trkpt>
<trkpt lat="46.929725" lon="-121.457242"><ele>1902.0</ele><time>2024-08-21T16:12:49Z</time></trkpt>
<trkpt lat="46.930378" lon="-121.456596"><ele>1897.2</ele><time>2024-08-21T16:13:49Z</time></trkpt>
<trkpt lat="46.930507" lon="-121.456283"><ele>1895.4</ele><time>2024-08-21T16:14:06Z</time></trkpt>
<trkpt lat="46.930361" lon="-121.455699"><ele>1892.0</ele><time>2024-08-21T16:14:31Z</time></trkpt>
<trkpt lat="46.929736" lon="-121.454362"><ele>1884.2</ele><time>2024-08-21T16:15:54Z</time></trkpt>
<trkpt lat="46.930108" lon="-121.454270"><ele>1883.4</ele><time>2024-08-21T16:16:04Z</time></trkpt>
<trkpt lat="46.930482" lon="-121.453776"><ele>1878.2</ele><time>2024-08-21T16:16:59Z</time></trkpt>
<trkpt lat="46.931152" lon="-121.453173"><ele>1877.0</ele><time>2024-08-21T16:17:51Z</time></trkpt>
<trkpt lat="46.931597" lon="-121.452373"><ele>1878.6</ele><time>2024-08-21T16:18:50Z</time></trkpt>
<trkpt lat="46.932165" lon="-121.451510"><ele>1867.6</ele><time>2024-08-21T16:19:50Z</time></trkpt>
<trkpt lat="46.932243" lon="-121.451537"><ele>1867.0</ele><time>2024-08-21T16:19:52Z</time></trkpt>
<trkpt lat="46.932216" lon="-121.451443"><ele>1866.6</ele><time>2024-08-21T16:19:54Z</time></trkpt>
<trkpt lat="46.932587" lon="-121.451062"><ele>1865.4</ele><time>2024-08-21T16:20:48Z</time></trkpt>
<trkpt lat="46.932861" lon="-121.450972"><ele>1862.4</ele><time>2024-08-21T16:21:20Z</time></trkpt>
<trkpt lat="46.933206" lon="-121.450685"><ele>1858.0</ele><time>2024-08-21T16:21:50Z</time></trkpt>
<trkpt lat="46.933983" lon="-121.450644"><ele>1860.2</ele><time>2024-08-21T16:22:42Z</time></trkpt>
<trkpt lat="46.934450" lon="-121.450847"><ele>1864.8</ele><time>2024-08-21T16:23:44Z</time></trkpt>
<trkpt lat="46.934802" lon="-121.450850"><ele>1867.0</ele><time>2024-08-21T16:24:02Z</time></trkpt>
<trkpt lat="46.935528" lon="-121.451495"><ele>1873.2</ele><time>2024-08-21T16:25:18Z</time></trkpt>
<trkpt lat="46.935741" lon="-121.451774"><ele>1876.2</ele><time>2024-08-21T16:25:53Z</time></trkpt>
<trkpt lat="46.936748" lon="-121.452417"><ele>1881.6</ele><time>2024-08-21T16:27:02Z</time></trkpt>
<trkpt lat="46.937142" lon="-121.452802"><ele>1887.6</ele><time>2024-08-21T16:28:00Z</time></trkpt>
<trkpt lat="46.938452" lon="-121.453610"><ele>1896.4</ele><time>2024-08-21T16:29:49Z</time></trkpt>
<trkpt lat="46.938510" lon="-121.453564"><ele>1897.4</ele><time>2024-08-21T16:29:57Z</time></trkpt>
<trkpt lat="46.939014" lon="-121.453897"><ele>1899.6</ele><time>2024-08-21T16:30:28Z</time></trkpt>
<trkpt lat="46.939892" lon="-121.454333"><ele>1909.6</ele><time>2024-08-21T16:32:04Z</time></trkpt>
<trkpt lat="46.940829" lon="-121.455009"><ele>1918.2</ele><time>2024-08-21T16:33:48Z</time></trkpt>
<trkpt lat="46.940761" lon="-121.455149"><ele>1918.2</ele><time>2024-08-21T16:33:50Z</time></trkpt>
<trkpt lat="46.940996" lon="-121.455053"><ele>1918.2</ele><time>2024-08-21T16:33:51Z</time></trkpt>
<trkpt lat="46.940948" lon="-121.454983"><ele>1918.2</ele><time>2024-08-21T16:33:53Z</time></trkpt>
<trkpt lat="46.940999" lon="-121.454963"><ele>1918.6</ele><time>2024-08-21T16:33:59Z</time></trkpt>
<trkpt lat="46.941285" lon="-121.455395"><ele>1917.4</ele><time>2024-08-21T16:35:15Z</time></trkpt>
<trkpt lat="46.941694" lon="-121.455603"><ele>1922.2</ele><time>2024-08-21T16:35:57Z</time></trkpt>
<trkpt lat="46.941808" lon="-121.455751"><ele>1920.4</ele><time>2024-08-21T16:36:09Z</time></trkpt>
<trkpt lat="46.942686" lon="-121.455992"><ele>1929.0</ele><time>2024-08-21T16:37:55Z</time></trkpt>
<trkpt lat="46.942660" lon="-121.455935"><ele>1928.8</ele><time>2024-08-21T16:38:04Z</time></trkpt>
<trkpt lat="46.942950" lon="-121.455837"><ele>1931.4</ele><time>2024-08-21T16:39:50Z</time></trkpt>
<trkpt lat="46.943712" lon="-121.455248"><ele>1936.4</ele><time>2024-08-21T16:40:55Z</time></trkpt>
<trkpt lat="46.944061" lon="-121.454801"><ele>1939.2</ele><time>2024-08-21T16:41:41Z</time></trkpt>
<trkpt lat="46.944551" lon="-121.454635"><ele>1940.0</ele><time>2024-08-21T16:42:09Z</time></trkpt>
<trkpt lat="46.945352" lon="-121.453533"><ele>1940.6</ele><time>2024-08-21T16:43:49Z</time></trkpt>
<trkpt lat="46.946191" lon="-121.453239"><ele>1947.2</ele><time>2024-08-21T16:45:19Z</time></trkpt>
<trkpt lat="46.947065" lon="-121.453068"><ele>1949.8</ele><time>2024-08-21T16:46:02Z</time></trkpt>
<trkpt lat="46.948487" lon="-121.452977"><ele>1957.2</ele><time>2024-08-21T16:47:51Z</time></trkpt>
<trkpt lat="46.948466" lon="-121.452923"><ele>1957.8</ele><time>2024-08-21T16:47:55Z</time></trkpt>
<trkpt lat="46.948520" lon="-121.452996"><ele>1958.2</ele><time>2024-08-21T16:47:59Z</time></trkpt>
<trkpt lat="46.949538" lon="-121.452643"><ele>1965.8</ele><time>2024-08-21T16:49:37Z</time></trkpt>
<trkpt lat="46.949832" lon="-121.452615"><ele>1966.8</ele><time>2024-08-21T16:49:53Z</time></trkpt>
<trkpt lat="46.951027" lon="-121.453495"><ele>1977.8</ele><time>2024-08-21T16:51:49Z</time></trkpt>
<trkpt lat="46.951415" lon="-121.453547"><ele>1980.2</ele><time>2024-08-21T16:52:17Z</time></trkpt>
<trkpt lat="46.951565" lon="-121.453349"><ele>1987.8</ele><time>2024-08-21T16:53:01Z</time></trkpt>
<trkpt lat="46.951676" lon="-121.453151"><ele>1986.6</ele><time>2024-08-21T16:53:23Z</time></trkpt>
<trkpt lat="46.951751" lon="-121.452823"><ele>1985.2</ele><time>2024-08-21T16:53:56Z</time></trkpt>
<trkpt lat="46.951768" lon="-121.452900"><ele>1985.4</ele><time>2024-08-21T16:54:11Z</time></trkpt>
<trkpt lat="46.951844" lon="-121.452824"><ele>1978.8</ele><time>2024-08-21T16:54:58Z</time></trkpt>
<trkpt lat="46.952542" lon="-121.452625"><ele>1965.6</ele><time>2024-08-21T16:55:56Z</time></trkpt>
<trkpt lat="46.952646" lon="-121.452832"><ele>1965.0</ele><time>2024-08-21T16:56:00Z</time></trkpt>
<trkpt lat="46.952591" lon="-121.452787"><ele>1964.6</ele><time>2024-08-21T16:56:06Z</time></trkpt>
<trkpt lat="46.952999" lon="-121.452469"><ele>1960.6</ele><time>2024-08-21T16:57:12Z</time></trkpt>
<trkpt lat="46.953745" lon="-121.452682"><ele>1957.8</ele><time>2024-08-21T16:57:54Z</time></trkpt>
<trkpt lat="46.953714" lon="-121.452353"><ele>1957.4</ele><time>2024-08-21T16:57:58Z</time></trkpt>
<trkpt lat="46.953794" lon="-121.452323"><ele>1956.8</ele><time>2024-08-21T16:58:02Z</time></trkpt>
<trkpt lat="46.953794" lon="-121.452179"><ele>1956.2</ele><time>2024-08-21T16:58:09Z</time></trkpt>
<trkpt lat="46.954548" lon="-121.451215"><ele>1951.0</ele><time>2024-08-21T16:59:20Z</time></trkpt>
<trkpt lat="46.954799" lon="-121.450714"><ele>1946.8</ele><time>2024-08-21T16:59:52Z</time></trkpt>
<trkpt lat="46.954893" lon="-121.450794"><ele>1945.6</ele><time>2024-08-21T16:59:57Z</time></trkpt>
<trkpt lat="46.954964" lon="-121.450644"><ele>1945.2</ele><time>2024-08-21T17:00:01Z</time></trkpt>
<trkpt lat="46.955055" lon="-121.450611"><ele>1945.0</ele><time>2024-08-21T17:00:07Z</time></trkpt>
<trkpt lat="46.955396" lon="-121.450037"><ele>1942.0</ele><time>2024-08-21T17:00:50Z</time></trkpt>
<trkpt lat="46.955527" lon="-121.449627"><ele>1939.6</ele><time>2024-08-21T17:01:10Z</time></trkpt>
<trkpt lat="46.956044" lon="-121.448865"><ele>1939.0</ele><time>2024-08-21T17:02:08Z</time></trkpt>
<trkpt lat="46.957225" lon="-121.448128"><ele>1940.4</ele><time>2024-08-21T17:03:52Z</time></trkpt>
<trkpt lat="46.957232" lon="-121.448182"><ele>1940.0</ele><time>2024-08-21T17:03:54Z</time></trkpt>
<trkpt lat="46.957395" lon="-121.448093"><ele>1939.0</ele><time>2024-08-21T17:04:10Z</time></trkpt>
<trkpt lat="46.957948" lon="-121.448084"><ele>1941.4</ele><time>2024-08-21T17:04:46Z</time></trkpt>
<trkpt lat="46.958628" lon="-121.447955"><ele>1938.4</ele><time>2024-08-21T17:05:48Z</time></trkpt>
<trkpt lat="46.958850" lon="-121.447969"><ele>1937.6</ele><time>2024-08-21T17:05:59Z</time></trkpt>
<trkpt lat="46.958868" lon="-121.448065"><ele>1937.0</ele><time>2024-08-21T17:06:07Z</time></trkpt>
<trkpt lat="46.959349" lon="-121.448271"><ele>1936.4</ele><time>2024-08-21T17:07:18Z</time></trkpt>
<trkpt lat="46.959646" lon="-121.449095"><ele>1933.4</ele><time>2024-08-21T17:08:04Z</time></trkpt>
<trkpt lat="46.959928" lon="-121.449687"><ele>1933.6</ele><time>2024-08-21T17:08:34Z</time></trkpt>
<trkpt lat="46.959914" lon="-121.449886"><ele>1933.4</ele><time>2024-08-21T17:09:08Z</time></trkpt>
<trkpt lat="46.960000" lon="-121.450213"><ele>1931.4</ele><time>2024-08-21T17:09:48Z</time></trkpt>
<trkpt lat="46.960047" lon="-121.450347"><ele>1930.6</ele><time>2024-08-21T17:09:53Z</time></trkpt>
<trkpt lat="46.960083" lon="-121.450241"><ele>1930.6</ele><time>2024-08-21T17:09:57Z</time></trkpt>
<trkpt lat="46.960131" lon="-121.450504"><ele>1929.6</ele><time>2024-08-21T17:10:03Z</time></trkpt>
<trkpt lat="46.960313" lon="-121.450766"><ele>1924.8</ele><time>2024-08-21T17:10:32Z</time></trkpt>
<trkpt lat="46.960456" lon="-121.451373"><ele>1918.2</ele><time>2024-08-21T17:11:06Z</time></trkpt>
<trkpt lat="46.961095" lon="-121.451992"><ele>1907.8</ele><time>2024-08-21T17:11:59Z</time></trkpt>
<trkpt lat="46.961070" lon="-121.451944"><ele>1907.6</ele><time>2024-08-21T17:12:00Z</time></trkpt>
<trkpt lat="46.961165" lon="-121.451771"><ele>1906.2</ele><time>2024-08-21T17:12:08Z</time></trkpt>
<trkpt lat="46.961219" lon="-121.451791"><ele>1906.0</ele><time>2024-08-21T17:12:10Z</time></trkpt>
<trkpt lat="46.961338" lon="-121.452301"><ele>1901.2</ele><time>2024-08-21T17:12:30Z</time></trkpt>
<trkpt lat="46.961267" lon="-121.452831"><ele>1898.0</ele><time>2024-08-21T17:12:54Z</time></trkpt>
<trkpt lat="46.961626" lon="-121.453539"><ele>1893.4</ele><time>2024-08-21T17:13:55Z</time></trkpt>
<trkpt lat="46.961673" lon="-121.453152"><ele>1893.2</ele><time>2024-08-21T17:14:07Z</time></trkpt>
<trkpt lat="46.961595" lon="-121.453453"><ele>1891.0</ele><time>2024-08-21T17:15:58Z</time></trkpt>
<trkpt lat="46.961667" lon="-121.453079"><ele>1889.0</ele><time>2024-08-21T17:16:05Z</time></trkpt>
<trkpt lat="46.961664" lon="-121.453458"><ele>1885.4</ele><time>2024-08-21T17:16:47Z</time></trkpt>
<trkpt lat="46.961696" lon="-121.453999"><ele>1891.0</ele><time>2024-08-21T17:17:55Z</time></trkpt>
<trkpt lat="46.961656" lon="-121.453793"><ele>1891.0</ele><time>2024-08-21T17:17:57Z</time></trkpt>
<trkpt lat="46.961812" lon="-121.453355"><ele>1890.6</ele><time>2024-08-21T17:18:00Z</time></trkpt>
<trkpt lat="46.961744" lon="-121.453169"><ele>1890.6</ele><time>2024-08-21T17:18:05Z</time></trkpt>
<trkpt lat="46.961769" lon="-121.453240"><ele>1890.0</ele><time>2024-08-21T17:18:36Z</time></trkpt>
<trkpt lat="46.961944" lon="-121.453144"><ele>1889.4</ele><time>2024-08-21T17:21:53Z</time></trkpt>
<trkpt lat="46.961967" lon="-121.453315"><ele>1889.4</ele><time>2024-08-21T17:21:59Z</time></trkpt>
<trkpt lat="46.961889" lon="-121.453055"><ele>1889.2</ele><time>2024-08-21T17:22:02Z</time></trkpt>
<trkpt lat="46.961748" lon="-121.453124"><ele>1889.2</ele><time>2024-08-21T17:22:10Z</time></trkpt>
<trkpt lat="46.961774" lon="-121.453184"><ele>1889.8</ele><time>2024-08-21T17:24:04Z</time></trkpt>
<trkpt lat="46.961489" lon="-121.453664"><ele>1889.6</ele><time>2024-08-21T17:25:57Z</time></trkpt>
<trkpt lat="46.961420" lon="-121.454227"><ele>1889.6</ele><time>2024-08-21T17:25:58Z</time></trkpt>
<trkpt lat="46.961577" lon="-121.453266"><ele>1889.6</ele><time>2024-08-21T17:26:00Z</time></trkpt>
<trkpt lat="46.961674" lon="-121.453179"><ele>1889.8</ele><time>2024-08-21T17:26:03Z</time></trkpt>
<trkpt lat="46.961747" lon="-121.453225"><ele>1889.6</ele><time>2024-08-21T17:26:11Z</time></trkpt>
<trkpt lat="46.961816" lon="-121.452847"><ele>1889.0</ele><time>2024-08-21T17:31:52Z</time></trkpt>
<trkpt lat="46.961714" lon="-121.453225"><ele>1890.4</ele><time>2024-08-21T17:32:00Z</time></trkpt>
<trkpt lat="46.961677" lon="-121.453156"><ele>1889.4</ele><time>2024-08-21T17:32:04Z</time></trkpt>
<trkpt lat="46.961688" lon="-121.453223"><ele>1889.6</ele><time>2024-08-21T17:32:49Z</time></trkpt>
<trkpt lat="46.961586" lon="-121.453315"><ele>1890.2</ele><time>2024-08-21T17:33:52Z</time></trkpt>
<trkpt lat="46.961717" lon="-121.453301"><ele>1890.4</ele><time>2024-08-21T17:34:00Z</time></trkpt>
<trkpt lat="46.961739" lon="-121.453228"><ele>1890.4</ele><time>2024-08-21T17:34:01Z</time></trkpt>
<trkpt lat="46.961694" lon="-121.453199"><ele>1890.4</ele><time>2024-08-21T17:34:03Z</time></trkpt>
<trkpt lat="46.962006" lon="-121.453021"><ele>1888.4</ele><time>2024-08-21T17:35:23Z</time></trkpt>
<trkpt lat="46.962493" lon="-121.452806"><ele>1884.8</ele><time>2024-08-21T17:35:55Z</time></trkpt>
<trkpt lat="46.962654" lon="-121.452823"><ele>1883.2</ele><time>2024-08-21T17:36:11Z</time></trkpt>
<trkpt lat="46.963112" lon="-121.452438"><ele>1881.6</ele><time>2024-08-21T17:36:55Z</time></trkpt>
<trkpt lat="46.963638" lon="-121.452216"><ele>1881.6</ele><time>2024-08-21T17:37:56Z</time></trkpt>
<trkpt lat="46.964116" lon="-121.451114"><ele>1876.4</ele><time>2024-08-21T17:38:54Z</time></trkpt>
<trkpt lat="46.964782" lon="-121.450844"><ele>1873.2</ele><time>2024-08-21T17:39:53Z</time></trkpt>
<trkpt lat="46.964791" lon="-121.450944"><ele>1873.2</ele><time>2024-08-21T17:39:56Z</time></trkpt>
<trkpt lat="46.964844" lon="-121.450913"><ele>1873.0</ele><time>2024-08-21T17:40:00Z</time></trkpt>
<trkpt lat="46.964932" lon="-121.450772"><ele>1873.0</ele><time>2024-08-21T17:40:02Z</time></trkpt>
<trkpt lat="46.965767" lon="-121.450276"><ele>1876.2</ele><time>2024-08-21T17:41:32Z</time></trkpt>
<trkpt lat="46.966348" lon="-121.449806"><ele>1873.2</ele><time>2024-08-21T17:41:56Z</time></trkpt>
<trkpt lat="46.966767" lon="-121.449678"><ele>1873.2</ele><time>2024-08-21T17:42:26Z</time></trkpt>
<trkpt lat="46.966897" lon="-121.449452"><ele>1873.6</ele><time>2024-08-21T17:42:42Z</time></trkpt>
<trkpt lat="46.967003" lon="-121.449456"><ele>1872.4</ele><time>2024-08-21T17:43:18Z</time></trkpt>
<trkpt lat="46.967165" lon="-121.449643"><ele>1871.4</ele><time>2024-08-21T17:43:38Z</time></trkpt>
<trkpt lat="46.967496" lon="-121.449636"><ele>1870.2</ele><time>2024-08-21T17:43:56Z</time></trkpt>
<trkpt lat="46.968768" lon="-121.448697"><ele>1862.0</ele><time>2024-08-21T17:45:53Z</time></trkpt>
<trkpt lat="46.970038" lon="-121.446947"><ele>1855.8</ele><time>2024-08-21T17:48:05Z</time></trkpt>
<trkpt lat="46.970641" lon="-121.445346"><ele>1854.8</ele><time>2024-08-21T17:49:53Z</time></trkpt>
<trkpt lat="46.971876" lon="-121.444443"><ele>1853.4</ele><time>2024-08-21T17:51:53Z</time></trkpt>
<trkpt lat="46.971941" lon="-121.444626"><ele>1852.8</ele><time>2024-08-21T17:52:07Z</time></trkpt>
<trkpt lat="46.972195" lon="-121.444713"><ele>1852.2</ele><time>2024-08-21T17:52:22Z</time></trkpt>
<trkpt lat="46.972389" lon="-121.444722"><ele>1852.4</ele><time>2024-08-21T17:52:34Z</time></trkpt>
<trkpt lat="46.972666" lon="-121.444554"><ele>1851.2</ele><time>2024-08-21T17:52:54Z</time></trkpt>
<trkpt lat="46.972866" lon="-121.443986"><ele>1852.2</ele><time>2024-08-21T17:53:48Z</time></trkpt>
<trkpt lat="46.972845" lon="-121.443613"><ele>1853.6</ele><time>2024-08-21T17:54:07Z</time></trkpt>
<trkpt lat="46.972886" lon="-121.443532"><ele>1853.6</ele><time>2024-08-21T17:54:12Z</time></trkpt>
<trkpt lat="46.973469" lon="-121.443215"><ele>1853.2</ele><time>2024-08-21T17:55:12Z</time></trkpt>
<trkpt lat="46.973702" lon="-121.443165"><ele>1854.6</ele><time>2024-08-21T17:55:28Z</time></trkpt>
<trkpt lat="46.974271" lon="-121.443268"><ele>1856.2</ele><time>2024-08-21T17:56:08Z</time></trkpt>
<trkpt lat="46.974679" lon="-121.443160"><ele>1862.6</ele><time>2024-08-21T17:56:46Z</time></trkpt>
<trkpt lat="46.975491" lon="-121.443215"><ele>1857.6</ele><time>2024-08-21T17:57:54Z</time></trkpt>
<trkpt lat="46.975455" lon="-121.443278"><ele>1856.2</ele><time>2024-08-21T17:57:58Z</time></trkpt>
<trkpt lat="46.975501" lon="-121.443336"><ele>1853.8</ele><time>2024-08-21T17:58:07Z</time></trkpt>
<trkpt lat="46.975918" lon="-121.443393"><ele>1846.8</ele><time>2024-08-21T17:58:47Z</time></trkpt>
<trkpt lat="46.976196" lon="-121.443627"><ele>1842.6</ele><time>2024-08-21T17:59:33Z</time></trkpt>
<trkpt lat="46.976690" lon="-121.443706"><ele>1838.8</ele><time>2024-08-21T18:00:12Z</time></trkpt>
<trkpt lat="46.977945" lon="-121.443266"><ele>1824.2</ele><time>2024-08-21T18:01:59Z</time></trkpt>
<trkpt lat="46.978274" lon="-121.442760"><ele>1821.2</ele><time>2024-08-21T18:02:35Z</time></trkpt>
<trkpt lat="46.978552" lon="-121.441694"><ele>1813.8</ele><time>2024-08-21T18:03:29Z</time></trkpt>
<trkpt lat="46.978701" lon="-121.441348"><ele>1813.6</ele><time>2024-08-21T18:03:54Z</time></trkpt>
<trkpt lat="46.978663" lon="-121.441103"><ele>1810.4</ele><time>2024-08-21T18:04:05Z</time></trkpt>
<trkpt lat="46.978823" lon="-121.440631"><ele>1805.8</ele><time>2024-08-21T18:04:37Z</time></trkpt>
<trkpt lat="46.978958" lon="-121.440380"><ele>1803.8</ele><time>2024-08-21T18:04:53Z</time></trkpt>
<trkpt lat="46.979083" lon="-121.440311"><ele>1802.6</ele><time>2024-08-21T18:05:03Z</time></trkpt>
<trkpt lat="46.979459" lon="-121.439826"><ele>1797.2</ele><time>2024-08-21T18:05:41Z</time></trkpt>
<trkpt lat="46.979584" lon="-121.439900"><ele>1799.4</ele><time>2024-08-21T18:05:56Z</time></trkpt>
<trkpt lat="46.979703" lon="-121.439618"><ele>1798.2</ele><time>2024-08-21T18:06:02Z</time></trkpt>
<trkpt lat="46.979635" lon="-121.439504"><ele>1796.4</ele><time>2024-08-21T18:06:07Z</time></trkpt>
<trkpt lat="46.980121" lon="-121.438679"><ele>1786.4</ele><time>2024-08-21T18:07:17Z</time></trkpt>
<trkpt lat="46.980136" lon="-121.438255"><ele>1781.8</ele><time>2024-08-21T18:07:43Z</time></trkpt>
<trkpt lat="46.980310" lon="-121.437923"><ele>1779.8</ele><time>2024-08-21T18:08:02Z</time></trkpt>
<trkpt lat="46.980289" lon="-121.437805"><ele>1779.6</ele><time>2024-08-21T18:08:06Z</time></trkpt>
<trkpt lat="46.980536" lon="-121.437446"><ele>1775.4</ele><time>2024-08-21T18:08:29Z</time></trkpt>
<trkpt lat="46.980734" lon="-121.436956"><ele>1772.0</ele><time>2024-08-21T18:08:57Z</time></trkpt>
<trkpt lat="46.980950" lon="-121.436783"><ele>1769.0</ele><time>2024-08-21T18:09:35Z</time></trkpt>
<trkpt lat="46.981013" lon="-121.436412"><ele>1765.2</ele><time>2024-08-21T18:09:56Z</time></trkpt>
<trkpt lat="46.981099" lon="-121.436401"><ele>1764.2</ele><time>2024-08-21T18:10:03Z</time></trkpt>
<trkpt lat="46.981117" lon="-121.436095"><ele>1763.2</ele><time>2024-08-21T18:10:13Z</time></trkpt>
<trkpt lat="46.981330" lon="-121.435683"><ele>1760.8</ele><time>2024-08-21T18:10:47Z</time></trkpt>
<trkpt lat="46.981267" lon="-121.435494"><ele>1760.2</ele><time>2024-08-21T18:10:52Z</time></trkpt>
<trkpt lat="46.981086" lon="-121.435464"><ele>1759.8</ele><time>2024-08-21T18:10:58Z</time></trkpt>
<trkpt lat="46.981313" lon="-121.434841"><ele>1755.6</ele><time>2024-08-21T18:11:37Z</time></trkpt>
<trkpt lat="46.981323" lon="-121.434441"><ele>1753.6</ele><time>2024-08-21T18:11:53Z</time></trkpt>
<trkpt lat="46.981493" lon="-121.433824"><ele>1750.4</ele><time>2024-08-21T18:12:29Z</time></trkpt>
<trkpt lat="46.981761" lon="-121.433549"><ele>1747.4</ele><time>2024-08-21T18:12:53Z</time></trkpt>
<trkpt lat="46.981758" lon="-121.433347"><ele>1746.0</ele><time>2024-08-21T18:13:07Z</time></trkpt>
<trkpt lat="46.981654" lon="-121.433178"><ele>1745.6</ele><time>2024-08-21T18:13:18Z</time></trkpt>
<trkpt lat="46.981726" lon="-121.432506"><ele>1742.2</ele><time>2024-08-21T18:13:52Z</time></trkpt>
<trkpt lat="46.982044" lon="-121.431979"><ele>1739.0</ele><time>2024-08-21T18:14:26Z</time></trkpt>
<trkpt lat="46.982267" lon="-121.431444"><ele>1734.0</ele><time>2024-08-21T18:15:03Z</time></trkpt>
<trkpt lat="46.983032" lon="-121.430887"><ele>1728.8</ele><time>2024-08-21T18:15:52Z</time></trkpt>
<trkpt lat="46.982917" lon="-121.430884"><ele>1728.6</ele><time>2024-08-21T18:15:55Z</time></trkpt>
<trkpt lat="46.983070" lon="-121.430947"><ele>1726.4</ele><time>2024-08-21T18:16:14Z</time></trkpt>
<trkpt lat="46.983163" lon="-121.430878"><ele>1726.8</ele><time>2024-08-21T18:16:21Z</time></trkpt>
<trkpt lat="46.983196" lon="-121.430342"><ele>1725.4</ele><time>2024-08-21T18:16:52Z</time></trkpt>
<trkpt lat="46.983318" lon="-121.429850"><ele>1722.4</ele><time>2024-08-21T18:17:21Z</time></trkpt>
<trkpt lat="46.983836" lon="-121.429232"><ele>1716.6</ele><time>2024-08-21T18:18:09Z</time></trkpt>
<trkpt lat="46.984000" lon="-121.428346"><ele>1711.4</ele><time>2024-08-21T18:18:59Z</time></trkpt>
<trkpt lat="46.984232" lon="-121.428107"><ele>1708.4</ele><time>2024-08-21T18:19:28Z</time></trkpt>
<trkpt lat="46.984336" lon="-121.427853"><ele>1708.4</ele><time>2024-08-21T18:19:50Z</time></trkpt>
<trkpt lat="46.984451" lon="-121.427895"><ele>1708.4</ele><time>2024-08-21T18:19:56Z</time></trkpt>
<trkpt lat="46.984430" lon="-121.427764"><ele>1708.2</ele><time>2024-08-21T18:19:58Z</time></trkpt>
<trkpt lat="46.984508" lon="-121.427648"><ele>1708.0</ele><time>2024-08-21T18:20:03Z</time></trkpt>
<trkpt lat="46.984463" lon="-121.427526"><ele>1708.6</ele><time>2024-08-21T18:20:12Z</time></trkpt>
<trkpt lat="46.984896" lon="-121.425762"><ele>1709.8</ele><time>2024-08-21T18:21:54Z</time></trkpt>
<trkpt lat="46.984834" lon="-121.425637"><ele>1710.2</ele><time>2024-08-21T18:22:03Z</time></trkpt>
<trkpt lat="46.985061" lon="-121.425260"><ele>1711.0</ele><time>2024-08-21T18:22:24Z</time></trkpt>
<trkpt lat="46.985665" lon="-121.424745"><ele>1711.8</ele><time>2024-08-21T18:23:55Z</time></trkpt>
<trkpt lat="46.986169" lon="-121.424097"><ele>1714.2</ele><time>2024-08-21T18:24:54Z</time></trkpt>
<trkpt lat="46.986341" lon="-121.424012"><ele>1713.0</ele><time>2024-08-21T18:25:14Z</time></trkpt>
<trkpt lat="46.986855" lon="-121.423416"><ele>1711.4</ele><time>2024-08-21T18:26:01Z</time></trkpt>
<trkpt lat="46.987116" lon="-121.422635"><ele>1709.8</ele><time>2024-08-21T18:26:54Z</time></trkpt>
<trkpt lat="46.987351" lon="-121.421450"><ele>1706.6</ele><time>2024-08-21T18:28:02Z</time></trkpt>
<trkpt lat="46.987660" lon="-121.421190"><ele>1708.8</ele><time>2024-08-21T18:28:26Z</time></trkpt>
<trkpt lat="46.988714" lon="-121.420109"><ele>1733.2</ele><time>2024-08-21T18:31:08Z</time></trkpt>
<trkpt lat="46.989061" lon="-121.419946"><ele>1732.2</ele><time>2024-08-21T18:31:38Z</time></trkpt>
<trkpt lat="46.989492" lon="-121.419331"><ele>1731.6</ele><time>2024-08-21T18:32:14Z</time></trkpt>
<trkpt lat="46.989794" lon="-121.419095"><ele>1733.0</ele><time>2024-08-21T18:32:36Z</time></trkpt>
<trkpt lat="46.990557" lon="-121.419050"><ele>1732.0</ele><time>2024-08-21T18:33:30Z</time></trkpt>
<trkpt lat="46.991023" lon="-121.419852"><ele>1735.4</ele><time>2024-08-21T18:34:28Z</time></trkpt>
<trkpt lat="46.991388" lon="-121.420297"><ele>1744.0</ele><time>2024-08-21T18:35:38Z</time></trkpt>
<trkpt lat="46.991691" lon="-121.420559"><ele>1746.0</ele><time>2024-08-21T18:35:57Z</time></trkpt>
<trkpt lat="46.992054" lon="-121.420462"><ele>1751.4</ele><time>2024-08-21T18:36:36Z</time></trkpt>
<trkpt lat="46.992273" lon="-121.420301"><ele>1753.6</ele><time>2024-08-21T18:36:58Z</time></trkpt>
<trkpt lat="46.992866" lon="-121.420170"><ele>1760.0</ele><time>2024-08-21T18:37:56Z</time></trkpt>
<trkpt lat="46.993030" lon="-121.420267"><ele>1761.6</ele><time>2024-08-21T18:38:13Z</time></trkpt>
<trkpt lat="46.993900" lon="-121.420034"><ele>1772.8</ele><time>2024-08-21T18:39:56Z</time></trkpt>
<trkpt lat="46.994217" lon="-121.420284"><ele>1778.0</ele><time>2024-08-21T18:40:36Z</time></trkpt>
<trkpt lat="46.994744" lon="-121.420402"><ele>1784.2</ele><time>2024-08-21T18:41:26Z</time></trkpt>
<trkpt lat="46.994770" lon="-121.420116"><ele>1787.0</ele><time>2024-08-21T18:41:57Z</time></trkpt>
<trkpt lat="46.994703" lon="-121.419925"><ele>1788.0</ele><time>2024-08-21T18:42:04Z</time></trkpt>
<trkpt lat="46.994577" lon="-121.419927"><ele>1789.0</ele><time>2024-08-21T18:42:14Z</time></trkpt>
<trkpt lat="46.994061" lon="-121.419488"><ele>1795.0</ele><time>2024-08-21T18:43:56Z</time></trkpt>
<trkpt lat="46.994037" lon="-121.419244"><ele>1796.0</ele><time>2024-08-21T18:44:05Z</time></trkpt>
<trkpt lat="46.992989" lon="-121.418179"><ele>1808.6</ele><time>2024-08-21T18:45:58Z</time></trkpt>
<trkpt lat="46.992876" lon="-121.418179"><ele>1809.8</ele><time>2024-08-21T18:46:07Z</time></trkpt>
<trkpt lat="46.992835" lon="-121.418059"><ele>1810.8</ele><time>2024-08-21T18:46:15Z</time></trkpt>
<trkpt lat="46.992799" lon="-121.416506"><ele>1821.8</ele><time>2024-08-21T18:47:59Z</time></trkpt>
<trkpt lat="46.992856" lon="-121.416342"><ele>1824.0</ele><time>2024-08-21T18:48:14Z</time></trkpt>
<trkpt lat="46.992970" lon="-121.414637"><ele>1838.4</ele><time>2024-08-21T18:50:00Z</time></trkpt>
<trkpt lat="46.992944" lon="-121.414689"><ele>1838.4</ele><time>2024-08-21T18:50:03Z</time></trkpt>
<trkpt lat="46.992940" lon="-121.414158"><ele>1840.6</ele><time>2024-08-21T18:50:29Z</time></trkpt>
<trkpt lat="46.992997" lon="-121.413872"><ele>1846.2</ele><time>2024-08-21T18:51:15Z</time></trkpt>
<trkpt lat="46.993137" lon="-121.413292"><ele>1848.8</ele><time>2024-08-21T18:51:56Z</time></trkpt>
<trkpt lat="46.993440" lon="-121.413280"><ele>1851.2</ele><time>2024-08-21T18:52:22Z</time></trkpt>
<trkpt lat="46.993552" lon="-121.412669"><ele>1852.8</ele><time>2024-08-21T18:52:59Z</time></trkpt>
<trkpt lat="46.993749" lon="-121.412236"><ele>1853.4</ele><time>2024-08-21T18:53:23Z</time></trkpt>
<trkpt lat="46.994044" lon="-121.411865"><ele>1855.0</ele><time>2024-08-21T18:53:54Z</time></trkpt>
<trkpt lat="46.994714" lon="-121.411605"><ele>1858.0</ele><time>2024-08-21T18:54:58Z</time></trkpt>
<trkpt lat="46.994780" lon="-121.411474"><ele>1858.2</ele><time>2024-08-21T18:55:05Z</time></trkpt>
<trkpt lat="46.995563" lon="-121.410945"><ele>1863.0</ele><time>2024-08-21T18:56:19Z</time></trkpt>
<trkpt lat="46.996165" lon="-121.410257"><ele>1861.8</ele><time>2024-08-21T18:57:16Z</time></trkpt>
<trkpt lat="46.996689" lon="-121.409936"><ele>1863.0</ele><time>2024-08-21T18:58:00Z</time></trkpt>
<trkpt lat="46.997148" lon="-121.409355"><ele>1862.8</ele><time>2024-08-21T18:58:57Z</time></trkpt>
<trkpt lat="46.997291" lon="-121.409408"><ele>1861.4</ele><time>2024-08-21T18:59:05Z</time></trkpt>
<trkpt lat="46.997852" lon="-121.408923"><ele>1862.0</ele><time>2024-08-21T18:59:59Z</time></trkpt>
<trkpt lat="46.998120" lon="-121.408933"><ele>1862.4</ele><time>2024-08-21T19:00:45Z</time></trkpt>
<trkpt lat="46.998307" lon="-121.408767"><ele>1861.0</ele><time>2024-08-21T19:01:06Z</time></trkpt>
<trkpt lat="46.998359" lon="-121.408843"><ele>1860.2</ele><time>2024-08-21T19:01:13Z</time></trkpt>
<trkpt lat="46.999221" lon="-121.409031"><ele>1856.6</ele><time>2024-08-21T19:02:49Z</time></trkpt>
<trkpt lat="46.999309" lon="-121.408803"><ele>1856.0</ele><time>2024-08-21T19:03:00Z</time></trkpt>
<trkpt lat="46.999498" lon="-121.408821"><ele>1854.6</ele><time>2024-08-21T19:03:08Z</time></trkpt>
<trkpt lat="46.999645" lon="-121.408556"><ele>1853.0</ele><time>2024-08-21T19:03:30Z</time></trkpt>
<trkpt lat="46.999860" lon="-121.408409"><ele>1850.8</ele><time>2024-08-21T19:05:00Z</time></trkpt>
<trkpt lat="46.999906" lon="-121.408309"><ele>1850.6</ele><time>2024-08-21T19:05:10Z</time></trkpt>
<trkpt lat="46.999846" lon="-121.408298"><ele>1850.6</ele><time>2024-08-21T19:05:18Z</time></trkpt>
<trkpt lat="46.999975" lon="-121.408026"><ele>1849.6</ele><time>2024-08-21T19:05:56Z</time></trkpt>
<trkpt lat="47.000611" lon="-121.407825"><ele>1846.6</ele><time>2024-08-21T19:06:44Z</time></trkpt>
<trkpt lat="47.001792" lon="-121.408161"><ele>1840.6</ele><time>2024-08-21T19:08:19Z</time></trkpt>
<trkpt lat="47.002492" lon="-121.409158"><ele>1836.6</ele><time>2024-08-21T19:09:33Z</time></trkpt>
<trkpt lat="47.002761" lon="-121.409316"><ele>1834.2</ele><time>2024-08-21T19:09:53Z</time></trkpt>
<trkpt lat="47.003334" lon="-121.410004"><ele>1830.6</ele><time>2024-08-21T19:10:42Z</time></trkpt>
<trkpt lat="47.003660" lon="-121.410093"><ele>1830.8</ele><time>2024-08-21T19:11:10Z</time></trkpt>
<trkpt lat="47.004043" lon="-121.409939"><ele>1834.2</ele><time>2024-08-21T19:11:30Z</time></trkpt>
<trkpt lat="47.004759" lon="-121.409800"><ele>1845.6</ele><time>2024-08-21T19:13:03Z</time></trkpt>
<trkpt lat="47.004772" lon="-121.409895"><ele>1845.8</ele><time>2024-08-21T19:13:05Z</time></trkpt>
<trkpt lat="47.004997" lon="-121.410086"><ele>1846.4</ele><time>2024-08-21T19:13:11Z</time></trkpt>
<trkpt lat="47.005268" lon="-121.409847"><ele>1846.8</ele><time>2024-08-21T19:13:36Z</time></trkpt>
<trkpt lat="47.005381" lon="-121.409449"><ele>1845.4</ele><time>2024-08-21T19:13:57Z</time></trkpt>
<trkpt lat="47.005239" lon="-121.408666"><ele>1842.0</ele><time>2024-08-21T19:14:38Z</time></trkpt>
<trkpt lat="47.005329" lon="-121.408608"><ele>1841.2</ele><time>2024-08-21T19:14:46Z</time></trkpt>
<trkpt lat="47.005614" lon="-121.408510"><ele>1838.0</ele><time>2024-08-21T19:15:10Z</time></trkpt>
<trkpt lat="47.005919" lon="-121.408514"><ele>1833.6</ele><time>2024-08-21T19:15:42Z</time></trkpt>
<trkpt lat="47.006208" lon="-121.408391"><ele>1831.4</ele><time>2024-08-21T19:16:03Z</time></trkpt>
<trkpt lat="47.006622" lon="-121.408465"><ele>1829.4</ele><time>2024-08-21T19:16:22Z</time></trkpt>
<trkpt lat="47.006874" lon="-121.408423"><ele>1827.2</ele><time>2024-08-21T19:16:38Z</time></trkpt>
<trkpt lat="47.006984" lon="-121.408234"><ele>1825.0</ele><time>2024-08-21T19:16:58Z</time></trkpt>
<trkpt lat="47.007175" lon="-121.408198"><ele>1823.0</ele><time>2024-08-21T19:17:12Z</time></trkpt>
<trkpt lat="47.007725" lon="-121.408270"><ele>1817.4</ele><time>2024-08-21T19:17:54Z</time></trkpt>
<trkpt lat="47.008048" lon="-121.408610"><ele>1816.0</ele><time>2024-08-21T19:18:05Z</time></trkpt>
<trkpt lat="47.007815" lon="-121.408267"><ele>1815.8</ele><time>2024-08-21T19:18:06Z</time></trkpt>
<trkpt lat="47.007876" lon="-121.407846"><ele>1815.4</ele><time>2024-08-21T19:18:09Z</time></trkpt>
<trkpt lat="47.007859" lon="-121.408163"><ele>1814.0</ele><time>2024-08-21T19:18:18Z</time></trkpt>
<trkpt lat="47.007975" lon="-121.408019"><ele>1813.0</ele><time>2024-08-21T19:18:26Z</time></trkpt>
<trkpt lat="47.008226" lon="-121.407204"><ele>1808.8</ele><time>2024-08-21T19:18:58Z</time></trkpt>
<trkpt lat="47.008210" lon="-121.407057"><ele>1807.8</ele><time>2024-08-21T19:19:06Z</time></trkpt>
<trkpt lat="47.008190" lon="-121.406931"><ele>1806.6</ele><time>2024-08-21T19:19:16Z</time></trkpt>
<trkpt lat="47.007851" lon="-121.406728"><ele>1801.4</ele><time>2024-08-21T19:20:03Z</time></trkpt>
<trkpt lat="47.007828" lon="-121.406619"><ele>1801.2</ele><time>2024-08-21T19:20:06Z</time></trkpt>
<trkpt lat="47.008539" lon="-121.406624"><ele>1799.0</ele><time>2024-08-21T19:20:25Z</time></trkpt>
<trkpt lat="47.009454" lon="-121.406918"><ele>1801.8</ele><time>2024-08-21T19:22:05Z</time></trkpt>
<trkpt lat="47.009646" lon="-121.407067"><ele>1802.0</ele><time>2024-08-21T19:22:08Z</time></trkpt>
<trkpt lat="47.010000" lon="-121.406929"><ele>1803.2</ele><time>2024-08-21T19:22:34Z</time></trkpt>
<trkpt lat="47.010435" lon="-121.406347"><ele>1804.2</ele><time>2024-08-21T19:23:00Z</time></trkpt>
<trkpt lat="47.010639" lon="-121.406195"><ele>1805.0</ele><time>2024-08-21T19:23:10Z</time></trkpt>
<trkpt lat="47.011412" lon="-121.405851"><ele>1803.8</ele><time>2024-08-21T19:24:38Z</time></trkpt>
<trkpt lat="47.011926" lon="-121.406122"><ele>1801.8</ele><time>2024-08-21T19:25:14Z</time></trkpt>
<trkpt lat="47.011866" lon="-121.406082"><ele>1801.6</ele><time>2024-08-21T19:25:17Z</time></trkpt>
<trkpt lat="47.012444" lon="-121.405989"><ele>1800.0</ele><time>2024-08-21T19:25:53Z</time></trkpt>
<trkpt lat="47.013143" lon="-121.405676"><ele>1798.6</ele><time>2024-08-21T19:26:51Z</time></trkpt>
<trkpt lat="47.013420" lon="-121.405672"><ele>1798.2</ele><time>2024-08-21T19:27:01Z</time></trkpt>
<trkpt lat="47.013236" lon="-121.405391"><ele>1798.2</ele><time>2024-08-21T19:27:06Z</time></trkpt>
<trkpt lat="47.012948" lon="-121.405256"><ele>1797.4</ele><time>2024-08-21T19:27:09Z</time></trkpt>
<trkpt lat="47.013076" lon="-121.404656"><ele>1795.6</ele><time>2024-08-21T19:27:36Z</time></trkpt>
<trkpt lat="47.013220" lon="-121.404461"><ele>1794.4</ele><time>2024-08-21T19:27:46Z</time></trkpt>
<trkpt lat="47.013367" lon="-121.404449"><ele>1793.0</ele><time>2024-08-21T19:28:00Z</time></trkpt>
<trkpt lat="47.013614" lon="-121.404185"><ele>1790.6</ele><time>2024-08-21T19:28:25Z</time></trkpt>
<trkpt lat="47.013615" lon="-121.403974"><ele>1788.6</ele><time>2024-08-21T19:28:38Z</time></trkpt>
<trkpt lat="47.014062" lon="-121.403758"><ele>1785.8</ele><time>2024-08-21T19:29:25Z</time></trkpt>
<trkpt lat="47.014495" lon="-121.402733"><ele>1779.0</ele><time>2024-08-21T19:30:29Z</time></trkpt>
<trkpt lat="47.014296" lon="-121.402564"><ele>1778.0</ele><time>2024-08-21T19:30:33Z</time></trkpt>
<trkpt lat="47.014762" lon="-121.402478"><ele>1777.4</ele><time>2024-08-21T19:30:47Z</time></trkpt>
<trkpt lat="47.014937" lon="-121.402040"><ele>1776.6</ele><time>2024-08-21T19:31:09Z</time></trkpt>
<trkpt lat="47.014974" lon="-121.401600"><ele>1774.8</ele><time>2024-08-21T19:31:39Z</time></trkpt>
<trkpt lat="47.014714" lon="-121.401334"><ele>1771.6</ele><time>2024-08-21T19:32:09Z</time></trkpt>
<trkpt lat="47.014616" lon="-121.401104"><ele>1770.2</ele><time>2024-08-21T19:32:25Z</time></trkpt>
<trkpt lat="47.014585" lon="-121.401154"><ele>1770.0</ele><time>2024-08-21T19:32:28Z</time></trkpt>
<trkpt lat="47.014482" lon="-121.401072"><ele>1769.8</ele><time>2024-08-21T19:32:30Z</time></trkpt>
<trkpt lat="47.014696" lon="-121.401073"><ele>1769.6</ele><time>2024-08-21T19:32:34Z</time></trkpt>
<trkpt lat="47.014680" lon="-121.400890"><ele>1769.4</ele><time>2024-08-21T19:32:40Z</time></trkpt>
<trkpt lat="47.014724" lon="-121.400827"><ele>1769.2</ele><time>2024-08-21T19:32:43Z</time></trkpt>
<trkpt lat="47.015049" lon="-121.400694"><ele>1766.4</ele><time>2024-08-21T19:33:16Z</time></trkpt>
<trkpt lat="47.016015" lon="-121.400791"><ele>1760.8</ele><time>2024-08-21T19:34:31Z</time></trkpt>
<trkpt lat="47.016782" lon="-121.400674"><ele>1757.4</ele><time>2024-08-21T19:35:07Z</time></trkpt>
<trkpt lat="47.016347" lon="-121.400479"><ele>1757.2</ele><time>2024-08-21T19:35:14Z</time></trkpt>
<trkpt lat="47.016389" lon="-121.400413"><ele>1757.0</ele><time>2024-08-21T19:35:17Z</time></trkpt>
<trkpt lat="47.016531" lon="-121.400495"><ele>1756.6</ele><time>2024-08-21T19:35:20Z</time></trkpt>
<trkpt lat="47.016642" lon="-121.400381"><ele>1755.4</ele><time>2024-08-21T19:35:26Z</time></trkpt>
<trkpt lat="47.016629" lon="-121.399956"><ele>1750.6</ele><time>2024-08-21T19:35:58Z</time></trkpt>
<trkpt lat="47.016728" lon="-121.399671"><ele>1747.0</ele><time>2024-08-21T19:36:14Z</time></trkpt>
<trkpt lat="47.016991" lon="-121.399275"><ele>1745.0</ele><time>2024-08-21T19:36:59Z</time></trkpt>
<trkpt lat="47.017750" lon="-121.399474"><ele>1745.0</ele><time>2024-08-21T19:37:02Z</time></trkpt>
<trkpt lat="47.017523" lon="-121.399263"><ele>1745.0</ele><time>2024-08-21T19:37:06Z</time></trkpt>
<trkpt lat="47.017496" lon="-121.399157"><ele>1745.0</ele><time>2024-08-21T19:37:07Z</time></trkpt>
<trkpt lat="47.017374" lon="-121.399170"><ele>1745.6</ele><time>2024-08-21T19:37:10Z</time></trkpt>
<trkpt lat="47.017292" lon="-121.399027"><ele>1746.0</ele><time>2024-08-21T19:37:14Z</time></trkpt>
<trkpt lat="47.017369" lon="-121.398799"><ele>1747.8</ele><time>2024-08-21T19:37:28Z</time></trkpt>
<trkpt lat="47.017678" lon="-121.398428"><ele>1751.6</ele><time>2024-08-21T19:38:13Z</time></trkpt>
<trkpt lat="47.017962" lon="-121.397885"><ele>1756.0</ele><time>2024-08-21T19:38:57Z</time></trkpt>
<trkpt lat="47.018144" lon="-121.397682"><ele>1756.6</ele><time>2024-08-21T19:39:13Z</time></trkpt>
<trkpt lat="47.018490" lon="-121.397497"><ele>1758.0</ele><time>2024-08-21T19:39:28Z</time></trkpt>
<trkpt lat="47.018257" lon="-121.397541"><ele>1758.0</ele><time>2024-08-21T19:39:29Z</time></trkpt>
<trkpt lat="47.018122" lon="-121.397171"><ele>1758.0</ele><time>2024-08-21T19:39:35Z</time></trkpt>
<trkpt lat="47.018450" lon="-121.397234"><ele>1758.8</ele><time>2024-08-21T19:39:42Z</time></trkpt>
<trkpt lat="47.018683" lon="-121.397170"><ele>1759.6</ele><time>2024-08-21T19:39:51Z</time></trkpt>
<trkpt lat="47.018884" lon="-121.396919"><ele>1760.0</ele><time>2024-08-21T19:40:12Z</time></trkpt>
<trkpt lat="47.019582" lon="-121.396401"><ele>1760.4</ele><time>2024-08-21T19:40:55Z</time></trkpt>
<trkpt lat="47.020031" lon="-121.395955"><ele>1759.8</ele><time>2024-08-21T19:41:25Z</time></trkpt>
<trkpt lat="47.020724" lon="-121.395609"><ele>1758.6</ele><time>2024-08-21T19:41:58Z</time></trkpt>
<trkpt lat="47.020685" lon="-121.395563"><ele>1758.6</ele><time>2024-08-21T19:41:59Z</time></trkpt>
<trkpt lat="47.020566" lon="-121.396011"><ele>1758.6</ele><time>2024-08-21T19:42:04Z</time></trkpt>
<trkpt lat="47.020498" lon="-121.395943"><ele>1758.6</ele><time>2024-08-21T19:42:06Z</time></trkpt>
<trkpt lat="47.020333" lon="-121.395969"><ele>1758.4</ele><time>2024-08-21T19:42:09Z</time></trkpt>
<trkpt lat="47.020250" lon="-121.395712"><ele>1758.2</ele><time>2024-08-21T19:42:17Z</time></trkpt>
<trkpt lat="47.020612" lon="-121.395480"><ele>1758.6</ele><time>2024-08-21T19:42:56Z</time></trkpt>
<trkpt lat="47.020864" lon="-121.395435"><ele>1758.6</ele><time>2024-08-21T19:43:03Z</time></trkpt>
<trkpt lat="47.021095" lon="-121.395262"><ele>1758.0</ele><time>2024-08-21T19:43:28Z</time></trkpt>
<trkpt lat="47.021599" lon="-121.395279"><ele>1757.0</ele><time>2024-08-21T19:43:56Z</time></trkpt>
<trkpt lat="47.021505" lon="-121.395170"><ele>1756.8</ele><time>2024-08-21T19:44:01Z</time></trkpt>
<trkpt lat="47.021530" lon="-121.395103"><ele>1757.0</ele><time>2024-08-21T19:44:08Z</time></trkpt>
<trkpt lat="47.022089" lon="-121.394987"><ele>1756.2</ele><time>2024-08-21T19:44:53Z</time></trkpt>
<trkpt lat="47.022019" lon="-121.394931"><ele>1756.0</ele><time>2024-08-21T19:44:58Z</time></trkpt>
<trkpt lat="47.022481" lon="-121.394788"><ele>1755.8</ele><time>2024-08-21T19:45:35Z</time></trkpt>
<trkpt lat="47.022446" lon="-121.394734"><ele>1756.6</ele><time>2024-08-21T19:45:48Z</time></trkpt>
<trkpt lat="47.022676" lon="-121.394924"><ele>1756.8</ele><time>2024-08-21T19:46:21Z</time></trkpt>
<trkpt lat="47.023657" lon="-121.395197"><ele>1757.0</ele><time>2024-08-21T19:47:28Z</time></trkpt>
<trkpt lat="47.023662" lon="-121.396011"><ele>1757.0</ele><time>2024-08-21T19:47:29Z</time></trkpt>
<trkpt lat="47.023844" lon="-121.395403"><ele>1757.6</ele><time>2024-08-21T19:47:30Z</time></trkpt>
<trkpt lat="47.023841" lon="-121.395707"><ele>1758.0</ele><time>2024-08-21T19:47:33Z</time></trkpt>
<trkpt lat="47.023851" lon="-121.395252"><ele>1758.2</ele><time>2024-08-21T19:47:34Z</time></trkpt>
<trkpt lat="47.023506" lon="-121.395022"><ele>1759.8</ele><time>2024-08-21T19:47:46Z</time></trkpt>
<trkpt lat="47.024882" lon="-121.395162"><ele>1772.4</ele><time>2024-08-21T19:50:02Z</time></trkpt>
<trkpt lat="47.025002" lon="-121.395334"><ele>1774.2</ele><time>2024-08-21T19:50:19Z</time></trkpt>
<trkpt lat="47.026066" lon="-121.395651"><ele>1786.0</ele><time>2024-08-21T19:52:04Z</time></trkpt>
<trkpt lat="47.026255" lon="-121.395596"><ele>1787.0</ele><time>2024-08-21T19:52:16Z</time></trkpt>
<trkpt lat="47.026585" lon="-121.395908"><ele>1791.8</ele><time>2024-08-21T19:53:32Z</time></trkpt>
<trkpt lat="47.026979" lon="-121.396037"><ele>1794.6</ele><time>2024-08-21T19:54:01Z</time></trkpt>
<trkpt lat="47.027098" lon="-121.395971"><ele>1794.4</ele><time>2024-08-21T19:54:11Z</time></trkpt>
<trkpt lat="47.027624" lon="-121.396207"><ele>1798.4</ele><time>2024-08-21T19:55:00Z</time></trkpt>
<trkpt lat="47.028477" lon="-121.396737"><ele>1802.4</ele><time>2024-08-21T19:56:00Z</time></trkpt>
<trkpt lat="47.028533" lon="-121.396864"><ele>1802.4</ele><time>2024-08-21T19:56:01Z</time></trkpt>
<trkpt lat="47.028318" lon="-121.396248"><ele>1802.8</ele><time>2024-08-21T19:56:05Z</time></trkpt>
<trkpt lat="47.028268" lon="-121.396243"><ele>1803.0</ele><time>2024-08-21T19:56:10Z</time></trkpt>
<trkpt lat="47.028551" lon="-121.396168"><ele>1804.8</ele><time>2024-08-21T19:56:44Z</time></trkpt>
<trkpt lat="47.029554" lon="-121.395633"><ele>1797.2</ele><time>2024-08-21T19:58:12Z</time></trkpt>
<trkpt lat="47.029888" lon="-121.395647"><ele>1792.8</ele><time>2024-08-21T19:58:42Z</time></trkpt>
<trkpt lat="47.030381" lon="-121.395861"><ele>1786.4</ele><time>2024-08-21T19:59:22Z</time></trkpt>
<trkpt lat="47.031032" lon="-121.396275"><ele>1778.8</ele><time>2024-08-21T20:00:17Z</time></trkpt>
<trkpt lat="47.031745" lon="-121.397029"><ele>1770.2</ele><time>2024-08-21T20:01:34Z</time></trkpt>
<trkpt lat="47.031876" lon="-121.397308"><ele>1767.0</ele><time>2024-08-21T20:02:04Z</time></trkpt>
<trkpt lat="47.031993" lon="-121.397317"><ele>1767.4</ele><time>2024-08-21T20:02:07Z</time></trkpt>
<trkpt lat="47.031949" lon="-121.397300"><ele>1768.0</ele><time>2024-08-21T20:02:12Z</time></trkpt>
<trkpt lat="47.032335" lon="-121.397893"><ele>1761.2</ele><time>2024-08-21T20:03:30Z</time></trkpt>
<trkpt lat="47.032755" lon="-121.398227"><ele>1756.8</ele><time>2024-08-21T20:04:00Z</time></trkpt>
<trkpt lat="47.033145" lon="-121.397960"><ele>1751.0</ele><time>2024-08-21T20:04:42Z</time></trkpt>
<trkpt lat="47.033848" lon="-121.397848"><ele>1744.0</ele><time>2024-08-21T20:05:42Z</time></trkpt>
<trkpt lat="47.034152" lon="-121.397534"><ele>1739.2</ele><time>2024-08-21T20:06:18Z</time></trkpt>
<trkpt lat="47.034523" lon="-121.397407"><ele>1734.2</ele><time>2024-08-21T20:06:51Z</time></trkpt>
<trkpt lat="47.034988" lon="-121.397391"><ele>1729.4</ele><time>2024-08-21T20:07:27Z</time></trkpt>
<trkpt lat="47.035444" lon="-121.397216"><ele>1720.8</ele><time>2024-08-21T20:08:05Z</time></trkpt>
<trkpt lat="47.035347" lon="-121.397123"><ele>1719.6</ele><time>2024-08-21T20:08:11Z</time></trkpt>
<trkpt lat="47.035658" lon="-121.396938"><ele>1715.2</ele><time>2024-08-21T20:08:37Z</time></trkpt>
<trkpt lat="47.035902" lon="-121.396547"><ele>1712.0</ele><time>2024-08-21T20:08:59Z</time></trkpt>
<trkpt lat="47.035785" lon="-121.396579"><ele>1710.8</ele><time>2024-08-21T20:09:03Z</time></trkpt>
<trkpt lat="47.035758" lon="-121.396509"><ele>1710.2</ele><time>2024-08-21T20:09:08Z</time></trkpt>
<trkpt lat="47.035807" lon="-121.396132"><ele>1707.4</ele><time>2024-08-21T20:09:29Z</time></trkpt>
<trkpt lat="47.036178" lon="-121.395818"><ele>1703.6</ele><time>2024-08-21T20:09:58Z</time></trkpt>
<trkpt lat="47.036091" lon="-121.395843"><ele>1703.2</ele><time>2024-08-21T20:10:03Z</time></trkpt>
<trkpt lat="47.036095" lon="-121.395743"><ele>1702.4</ele><time>2024-08-21T20:10:10Z</time></trkpt>
<trkpt lat="47.036159" lon="-121.395756"><ele>1699.8</ele><time>2024-08-21T20:10:26Z</time></trkpt>
<trkpt lat="47.036370" lon="-121.395397"><ele>1693.2</ele><time>2024-08-21T20:10:59Z</time></trkpt>
<trkpt lat="47.036676" lon="-121.395310"><ele>1688.4</ele><time>2024-08-21T20:11:25Z</time></trkpt>
<trkpt lat="47.036967" lon="-121.394972"><ele>1686.0</ele><time>2024-08-21T20:12:02Z</time></trkpt>
<trkpt lat="47.036943" lon="-121.394765"><ele>1683.6</ele><time>2024-08-21T20:12:11Z</time></trkpt>
<trkpt lat="47.036785" lon="-121.394759"><ele>1679.8</ele><time>2024-08-21T20:12:31Z</time></trkpt>
<trkpt lat="47.036677" lon="-121.394463"><ele>1677.2</ele><time>2024-08-21T20:12:57Z</time></trkpt>
<trkpt lat="47.036724" lon="-121.394528"><ele>1676.8</ele><time>2024-08-21T20:13:09Z</time></trkpt>
<trkpt lat="47.036833" lon="-121.394469"><ele>1674.0</ele><time>2024-08-21T20:14:07Z</time></trkpt>
<trkpt lat="47.036786" lon="-121.394333"><ele>1676.2</ele><time>2024-08-21T20:14:31Z</time></trkpt>
<trkpt lat="47.036282" lon="-121.395232"><ele>1676.0</ele><time>2024-08-21T20:14:34Z</time></trkpt>
<trkpt lat="47.035997" lon="-121.395327"><ele>1675.8</ele><time>2024-08-21T20:14:36Z</time></trkpt>
<trkpt lat="47.036123" lon="-121.394879"><ele>1676.0</ele><time>2024-08-21T20:14:40Z</time></trkpt>
<trkpt lat="47.036452" lon="-121.394461"><ele>1676.2</ele><time>2024-08-21T20:14:47Z</time></trkpt>
<trkpt lat="47.036377" lon="-121.394484"><ele>1674.4</ele><time>2024-08-21T20:15:11Z</time></trkpt>
<trkpt lat="47.036928" lon="-121.394202"><ele>1674.6</ele><time>2024-08-21T20:17:10Z</time></trkpt>
<trkpt lat="47.036987" lon="-121.394497"><ele>1674.6</ele><time>2024-08-21T20:17:12Z</time></trkpt>
<trkpt lat="47.037262" lon="-121.394415"><ele>1674.8</ele><time>2024-08-21T20:17:14Z</time></trkpt>
<trkpt lat="47.037101" lon="-121.394425"><ele>1674.8</ele><time>2024-08-21T20:17:15Z</time></trkpt>
<trkpt lat="47.036884" lon="-121.394261"><ele>1674.6</ele><time>2024-08-21T20:17:18Z</time></trkpt>
<trkpt lat="47.036744" lon="-121.394264"><ele>1674.4</ele><time>2024-08-21T20:17:25Z</time></trkpt>
<trkpt lat="47.036871" lon="-121.394487"><ele>1674.4</ele><time>2024-08-21T20:17:58Z</time></trkpt>
<trkpt lat="47.036755" lon="-121.394342"><ele>1674.2</ele><time>2024-08-21T20:18:07Z</time></trkpt>
<trkpt lat="47.036508" lon="-121.394494"><ele>1672.8</ele><time>2024-08-21T20:20:05Z</time></trkpt>
<trkpt lat="47.036616" lon="-121.394331"><ele>1672.8</ele><time>2024-08-21T20:20:07Z</time></trkpt>
<trkpt lat="47.036737" lon="-121.394367"><ele>1672.2</ele><time>2024-08-21T20:22:11Z</time></trkpt>
<trkpt lat="47.036585" lon="-121.394345"><ele>1671.0</ele><time>2024-08-21T20:24:08Z</time></trkpt>
<trkpt lat="47.036700" lon="-121.394282"><ele>1671.0</ele><time>2024-08-21T20:24:17Z</time></trkpt>
<trkpt lat="47.036639" lon="-121.394262"><ele>1670.2</ele><time>2024-08-21T20:26:08Z</time></trkpt>
<trkpt lat="47.036718" lon="-121.394239"><ele>1670.0</ele><time>2024-08-21T20:26:11Z</time></trkpt>
<trkpt lat="47.036693" lon="-121.394283"><ele>1670.0</ele><time>2024-08-21T20:26:14Z</time></trkpt>
<trkpt lat="47.036719" lon="-121.394168"><ele>1669.8</ele><time>2024-08-21T20:26:23Z</time></trkpt>
<trkpt lat="47.036662" lon="-121.394200"><ele>1669.8</ele><time>2024-08-21T20:26:33Z</time></trkpt>
<trkpt lat="47.036877" lon="-121.394421"><ele>1670.8</ele><time>2024-08-21T20:28:42Z</time></trkpt>
<trkpt lat="47.036707" lon="-121.394329"><ele>1670.6</ele><time>2024-08-21T20:29:10Z</time></trkpt>
<trkpt lat="47.036715" lon="-121.394258"><ele>1670.4</ele><time>2024-08-21T20:29:20Z</time></trkpt>
<trkpt lat="47.036870" lon="-121.394279"><ele>1670.4</ele><time>2024-08-21T20:30:46Z</time></trkpt>
<trkpt lat="47.036773" lon="-121.394310"><ele>1670.8</ele><time>2024-08-21T20:32:34Z</time></trkpt>
<trkpt lat="47.036957" lon="-121.394039"><ele>1670.6</ele><time>2024-08-21T20:32:46Z</time></trkpt>
<trkpt lat="47.037017" lon="-121.394293"><ele>1670.6</ele><time>2024-08-21T20:35:14Z</time></trkpt>
<trkpt lat="47.036658" lon="-121.394377"><ele>1673.4</ele><time>2024-08-21T20:37:02Z</time></trkpt>
<trkpt lat="47.036933" lon="-121.394155"><ele>1673.0</ele><time>2024-08-21T20:37:13Z</time></trkpt>
<trkpt lat="47.036860" lon="-121.394147"><ele>1672.6</ele><time>2024-08-21T20:37:15Z</time></trkpt>
<trkpt lat="47.036823" lon="-121.394184"><ele>1672.6</ele><time>2024-08-21T20:37:18Z</time></trkpt>
<trkpt lat="47.036967" lon="-121.394178"><ele>1674.0</ele><time>2024-08-21T20:38:54Z</time></trkpt>
<trkpt lat="47.036765" lon="-121.394279"><ele>1674.0</ele><time>2024-08-21T20:39:13Z</time></trkpt>
<trkpt lat="47.036792" lon="-121.394215"><ele>1674.0</ele><time>2024-08-21T20:39:16Z</time></trkpt>
<trkpt lat="47.036775" lon="-121.394263"><ele>1673.8</ele><time>2024-08-21T20:39:19Z</time></trkpt>
<trkpt lat="47.036877" lon="-121.394186"><ele>1673.8</ele><time>2024-08-21T20:41:08Z</time></trkpt>
<trkpt lat="47.036839" lon="-121.394170"><ele>1674.0</ele><time>2024-08-21T20:41:17Z</time></trkpt>
<trkpt lat="47.036801" lon="-121.394339"><ele>1674.8</ele><time>2024-08-21T20:43:03Z</time></trkpt>
<trkpt lat="47.036825" lon="-121.394225"><ele>1674.8</ele><time>2024-08-21T20:43:17Z</time></trkpt>
<trkpt lat="47.036982" lon="-121.394254"><ele>1673.0</ele><time>2024-08-21T20:43:40Z</time></trkpt>
<trkpt lat="47.037241" lon="-121.393841"><ele>1666.6</ele><time>2024-08-21T20:44:22Z</time></trkpt>
<trkpt lat="47.037524" lon="-121.393772"><ele>1661.6</ele><time>2024-08-21T20:44:56Z</time></trkpt>
<trkpt lat="47.037833" lon="-121.393390"><ele>1660.8</ele><time>2024-08-21T20:45:34Z</time></trkpt>
<trkpt lat="47.038362" lon="-121.393163"><ele>1654.4</ele><time>2024-08-21T20:46:14Z</time></trkpt>
<trkpt lat="47.038590" lon="-121.393141"><ele>1651.4</ele><time>2024-08-21T20:46:42Z</time></trkpt>
<trkpt lat="47.038726" lon="-121.393313"><ele>1649.2</ele><time>2024-08-21T20:46:58Z</time></trkpt>
<trkpt lat="47.038744" lon="-121.393434"><ele>1649.2</ele><time>2024-08-21T20:47:04Z</time></trkpt>
<trkpt lat="47.038565" lon="-121.393701"><ele>1648.6</ele><time>2024-08-21T20:47:16Z</time></trkpt>
<trkpt lat="47.038852" lon="-121.393760"><ele>1646.6</ele><time>2024-08-21T20:47:40Z</time></trkpt>
<trkpt lat="47.039040" lon="-121.393671"><ele>1644.8</ele><time>2024-08-21T20:47:54Z</time></trkpt>
<trkpt lat="47.039160" lon="-121.393763"><ele>1641.6</ele><time>2024-08-21T20:48:10Z</time></trkpt>
<trkpt lat="47.039738" lon="-121.393849"><ele>1633.8</ele><time>2024-08-21T20:49:03Z</time></trkpt>
<trkpt lat="47.039849" lon="-121.393949"><ele>1632.6</ele><time>2024-08-21T20:49:15Z</time></trkpt>
<trkpt lat="47.040143" lon="-121.393753"><ele>1631.6</ele><time>2024-08-21T20:49:32Z</time></trkpt>
<trkpt lat="47.040838" lon="-121.392737"><ele>1635.4</ele><time>2024-08-21T20:51:01Z</time></trkpt>
<trkpt lat="47.040994" lon="-121.392660"><ele>1635.6</ele><time>2024-08-21T20:51:10Z</time></trkpt>
<trkpt lat="47.041619" lon="-121.391988"><ele>1636.8</ele><time>2024-08-21T20:52:11Z</time></trkpt>
<trkpt lat="47.041976" lon="-121.391330"><ele>1637.6</ele><time>2024-08-21T20:53:04Z</time></trkpt>
<trkpt lat="47.042179" lon="-121.391091"><ele>1636.0</ele><time>2024-08-21T20:53:27Z</time></trkpt>
<trkpt lat="47.042447" lon="-121.390925"><ele>1634.6</ele><time>2024-08-21T20:53:51Z</time></trkpt>
<trkpt lat="47.043100" lon="-121.390140"><ele>1629.6</ele><time>2024-08-21T20:55:05Z</time></trkpt>
<trkpt lat="47.043137" lon="-121.389889"><ele>1627.4</ele><time>2024-08-21T20:55:22Z</time></trkpt>
<trkpt lat="47.043972" lon="-121.389123"><ele>1629.6</ele><time>2024-08-21T20:57:03Z</time></trkpt>
<trkpt lat="47.044941" lon="-121.388098"><ele>1624.0</ele><time>2024-08-21T20:58:45Z</time></trkpt>
<trkpt lat="47.045194" lon="-121.387711"><ele>1620.6</ele><time>2024-08-21T20:59:06Z</time></trkpt>
<trkpt lat="47.045155" lon="-121.387643"><ele>1620.0</ele><time>2024-08-21T20:59:09Z</time></trkpt>
<trkpt lat="47.045212" lon="-121.387548"><ele>1619.2</ele><time>2024-08-21T20:59:14Z</time></trkpt>
<trkpt lat="47.045156" lon="-121.387623"><ele>1618.4</ele><time>2024-08-21T20:59:19Z</time></trkpt>
<trkpt lat="47.045484" lon="-121.386637"><ele>1614.2</ele><time>2024-08-21T21:00:05Z</time></trkpt>
<trkpt lat="47.045668" lon="-121.385693"><ele>1609.8</ele><time>2024-08-21T21:01:16Z</time></trkpt>
<trkpt lat="47.045855" lon="-121.385416"><ele>1607.2</ele><time>2024-08-21T21:01:35Z</time></trkpt>
<trkpt lat="47.045990" lon="-121.384961"><ele>1602.8</ele><time>2024-08-21T21:02:07Z</time></trkpt>
<trkpt lat="47.046449" lon="-121.384194"><ele>1594.6</ele><time>2024-08-21T21:03:08Z</time></trkpt>
<trkpt lat="47.046455" lon="-121.384258"><ele>1594.0</ele><time>2024-08-21T21:03:13Z</time></trkpt>
<trkpt lat="47.046534" lon="-121.384239"><ele>1593.8</ele><time>2024-08-21T21:03:18Z</time></trkpt>
<trkpt lat="47.047276" lon="-121.384638"><ele>1586.6</ele><time>2024-08-21T21:04:21Z</time></trkpt>
<trkpt lat="47.047578" lon="-121.385081"><ele>1581.2</ele><time>2024-08-21T21:05:08Z</time></trkpt>
<trkpt lat="47.048203" lon="-121.385134"><ele>1573.4</ele><time>2024-08-21T21:06:07Z</time></trkpt>
<trkpt lat="47.048476" lon="-121.385063"><ele>1570.4</ele><time>2024-08-21T21:06:33Z</time></trkpt>
<trkpt lat="47.049179" lon="-121.383975"><ele>1565.0</ele><time>2024-08-21T21:08:05Z</time></trkpt>
<trkpt lat="47.049262" lon="-121.383751"><ele>1564.4</ele><time>2024-08-21T21:08:19Z</time></trkpt>
<trkpt lat="47.049805" lon="-121.383168"><ele>1563.0</ele><time>2024-08-21T21:09:05Z</time></trkpt>
<trkpt lat="47.049689" lon="-121.383151"><ele>1563.0</ele><time>2024-08-21T21:09:08Z</time></trkpt>
<trkpt lat="47.049706" lon="-121.383236"><ele>1562.8</ele><time>2024-08-21T21:09:13Z</time></trkpt>
<trkpt lat="47.049894" lon="-121.383215"><ele>1562.2</ele><time>2024-08-21T21:09:27Z</time></trkpt>
<trkpt lat="47.050456" lon="-121.383457"><ele>1559.2</ele><time>2024-08-21T21:10:01Z</time></trkpt>
<trkpt lat="47.050604" lon="-121.383130"><ele>1558.2</ele><time>2024-08-21T21:10:22Z</time></trkpt>
<trkpt lat="47.050994" lon="-121.382936"><ele>1556.0</ele><time>2024-08-21T21:11:02Z</time></trkpt>
<trkpt lat="47.051245" lon="-121.383019"><ele>1555.0</ele><time>2024-08-21T21:11:14Z</time></trkpt>
<trkpt lat="47.051443" lon="-121.382895"><ele>1552.6</ele><time>2024-08-21T21:11:41Z</time></trkpt>
<trkpt lat="47.052747" lon="-121.382835"><ele>1544.0</ele><time>2024-08-21T21:13:20Z</time></trkpt>
<trkpt lat="47.053441" lon="-121.382688"><ele>1542.0</ele><time>2024-08-21T21:13:43Z</time></trkpt>
<trkpt lat="47.053193" lon="-121.382793"><ele>1541.6</ele><time>2024-08-21T21:13:46Z</time></trkpt>
<trkpt lat="47.053168" lon="-121.382744"><ele>1541.6</ele><time>2024-08-21T21:13:47Z</time></trkpt>
<trkpt lat="47.053295" lon="-121.382760"><ele>1540.6</ele><time>2024-08-21T21:13:58Z</time></trkpt>
<trkpt lat="47.053447" lon="-121.382936"><ele>1539.6</ele><time>2024-08-21T21:14:10Z</time></trkpt>
<trkpt lat="47.053538" lon="-121.382859"><ele>1538.4</ele><time>2024-08-21T21:14:20Z</time></trkpt>
<trkpt lat="47.054056" lon="-121.382876"><ele>1536.4</ele><time>2024-08-21T21:14:59Z</time></trkpt>
<trkpt lat="47.054410" lon="-121.382768"><ele>1533.6</ele><time>2024-08-21T21:15:27Z</time></trkpt>
<trkpt lat="47.054706" lon="-121.382130"><ele>1531.4</ele><time>2024-08-21T21:16:11Z</time></trkpt>
<trkpt lat="47.054997" lon="-121.381887"><ele>1527.0</ele><time>2024-08-21T21:16:51Z</time></trkpt>
<trkpt lat="47.055321" lon="-121.381398"><ele>1525.8</ele><time>2024-08-21T21:17:46Z</time></trkpt>
<trkpt lat="47.056065" lon="-121.380833"><ele>1520.0</ele><time>2024-08-21T21:18:50Z</time></trkpt>
<trkpt lat="47.056014" lon="-121.380748"><ele>1519.6</ele><time>2024-08-21T21:18:52Z</time></trkpt>
<trkpt lat="47.056038" lon="-121.380497"><ele>1519.4</ele><time>2024-08-21T21:18:58Z</time></trkpt>
<trkpt lat="47.055980" lon="-121.380194"><ele>1518.0</ele><time>2024-08-21T21:19:13Z</time></trkpt>
<trkpt lat="47.056076" lon="-121.379493"><ele>1513.6</ele><time>2024-08-21T21:19:56Z</time></trkpt>
<trkpt lat="47.056144" lon="-121.378175"><ele>1508.2</ele><time>2024-08-21T21:21:10Z</time></trkpt>
<trkpt lat="47.056238" lon="-121.378107"><ele>1508.2</ele><time>2024-08-21T21:21:12Z</time></trkpt>
<trkpt lat="47.056284" lon="-121.377903"><ele>1508.0</ele><time>2024-08-21T21:21:18Z</time></trkpt>
<trkpt lat="47.056458" lon="-121.377956"><ele>1507.4</ele><time>2024-08-21T21:21:33Z</time></trkpt>
<trkpt lat="47.056404" lon="-121.377604"><ele>1507.0</ele><time>2024-08-21T21:22:03Z</time></trkpt>
<trkpt lat="47.056301" lon="-121.377599"><ele>1506.8</ele><time>2024-08-21T21:22:10Z</time></trkpt>
<trkpt lat="47.056336" lon="-121.377257"><ele>1506.4</ele><time>2024-08-21T21:22:25Z</time></trkpt>
<trkpt lat="47.056512" lon="-121.376951"><ele>1505.2</ele><time>2024-08-21T21:22:48Z</time></trkpt>
<trkpt lat="47.056619" lon="-121.376558"><ele>1503.6</ele><time>2024-08-21T21:23:20Z</time></trkpt>
<trkpt lat="47.057577" lon="-121.376609"><ele>1496.2</ele><time>2024-08-21T21:25:30Z</time></trkpt>
<trkpt lat="47.058108" lon="-121.376331"><ele>1492.0</ele><time>2024-08-21T21:26:20Z</time></trkpt>
<trkpt lat="47.058850" lon="-121.376359"><ele>1487.6</ele><time>2024-08-21T21:27:12Z</time></trkpt>
<trkpt lat="47.059012" lon="-121.376385"><ele>1486.6</ele><time>2024-08-21T21:27:23Z</time></trkpt>
<trkpt lat="47.060297" lon="-121.377271"><ele>1476.0</ele><time>2024-08-21T21:29:11Z</time></trkpt>
<trkpt lat="47.062872" lon="-121.377433"><ele>1456.6</ele><time>2024-08-21T21:32:41Z</time></trkpt>
<trkpt lat="47.063100" lon="-121.377546"><ele>1454.0</ele><time>2024-08-21T21:33:13Z</time></trkpt>
<trkpt lat="47.063138" lon="-121.377444"><ele>1454.0</ele><time>2024-08-21T21:33:15Z</time></trkpt>
<trkpt lat="47.063526" lon="-121.377448"><ele>1454.0</ele><time>2024-08-21T21:33:23Z</time></trkpt>
<trkpt lat="47.063527" lon="-121.377258"><ele>1453.4</ele><time>2024-08-21T21:33:59Z</time></trkpt>
<trkpt lat="47.063688" lon="-121.377035"><ele>1451.8</ele><time>2024-08-21T21:35:13Z</time></trkpt>
<trkpt lat="47.063674" lon="-121.376913"><ele>1451.2</ele><time>2024-08-21T21:35:21Z</time></trkpt>
<trkpt lat="47.064101" lon="-121.376401"><ele>1450.8</ele><time>2024-08-21T21:36:01Z</time></trkpt>
<trkpt lat="47.064397" lon="-121.376361"><ele>1454.6</ele><time>2024-08-21T21:36:47Z</time></trkpt>
<trkpt lat="47.064742" lon="-121.376199"><ele>1456.6</ele><time>2024-08-21T21:37:16Z</time></trkpt>
<trkpt lat="47.065708" lon="-121.375273"><ele>1469.2</ele><time>2024-08-21T21:39:14Z</time></trkpt>
<trkpt lat="47.065970" lon="-121.374869"><ele>1470.6</ele><time>2024-08-21T21:39:33Z</time></trkpt>
<trkpt lat="47.066617" lon="-121.374100"><ele>1481.4</ele><time>2024-08-21T21:41:11Z</time></trkpt>
<trkpt lat="47.066680" lon="-121.374115"><ele>1481.8</ele><time>2024-08-21T21:41:13Z</time></trkpt>
<trkpt lat="47.067403" lon="-121.373233"><ele>1500.4</ele><time>2024-08-21T21:43:11Z</time></trkpt>
<trkpt lat="47.067748" lon="-121.372699"><ele>1514.8</ele><time>2024-08-21T21:44:52Z</time></trkpt>
<trkpt lat="47.067927" lon="-121.372645"><ele>1517.0</ele><time>2024-08-21T21:45:05Z</time></trkpt>
<trkpt lat="47.067861" lon="-121.372760"><ele>1517.8</ele><time>2024-08-21T21:45:11Z</time></trkpt>
<trkpt lat="47.067909" lon="-121.372866"><ele>1519.2</ele><time>2024-08-21T21:45:21Z</time></trkpt>
<trkpt lat="47.067868" lon="-121.373268"><ele>1526.8</ele><time>2024-08-21T21:46:19Z</time></trkpt>
<trkpt lat="47.067912" lon="-121.373504"><ele>1529.0</ele><time>2024-08-21T21:46:35Z</time></trkpt>
<trkpt lat="47.067822" lon="-121.374107"><ele>1532.6</ele><time>2024-08-21T21:47:09Z</time></trkpt>
<trkpt lat="47.067750" lon="-121.374178"><ele>1532.8</ele><time>2024-08-21T21:47:11Z</time></trkpt>
<trkpt lat="47.068064" lon="-121.374404"><ele>1544.0</ele><time>2024-08-21T21:48:17Z</time></trkpt>
<trkpt lat="47.068619" lon="-121.374704"><ele>1545.4</ele><time>2024-08-21T21:49:12Z</time></trkpt>
<trkpt lat="47.069694" lon="-121.374538"><ele>1544.6</ele><time>2024-08-21T21:50:22Z</time></trkpt>
<trkpt lat="47.070197" lon="-121.374603"><ele>1545.8</ele><time>2024-08-21T21:51:13Z</time></trkpt>
<trkpt lat="47.070153" lon="-121.374503"><ele>1545.8</ele><time>2024-08-21T21:51:19Z</time></trkpt>
<trkpt lat="47.070875" lon="-121.374455"><ele>1545.6</ele><time>2024-08-21T21:52:23Z</time></trkpt>
<trkpt lat="47.071234" lon="-121.374292"><ele>1544.0</ele><time>2024-08-21T21:52:53Z</time></trkpt>
<trkpt lat="47.071574" lon="-121.374303"><ele>1544.0</ele><time>2024-08-21T21:53:07Z</time></trkpt>
<trkpt lat="47.071666" lon="-121.374390"><ele>1544.0</ele><time>2024-08-21T21:53:18Z</time></trkpt>
<trkpt lat="47.072339" lon="-121.374343"><ele>1541.8</ele><time>2024-08-21T21:54:40Z</time></trkpt>
<trkpt lat="47.073015" lon="-121.374180"><ele>1539.6</ele><time>2024-08-21T21:55:13Z</time></trkpt>
<trkpt lat="47.073436" lon="-121.374292"><ele>1538.8</ele><time>2024-08-21T21:55:40Z</time></trkpt>
<trkpt lat="47.073901" lon="-121.374535"><ele>1536.6</ele><time>2024-08-21T21:56:26Z</time></trkpt>
<trkpt lat="47.074464" lon="-121.374561"><ele>1533.2</ele><time>2024-08-21T21:57:10Z</time></trkpt>
<trkpt lat="47.074543" lon="-121.374641"><ele>1533.0</ele><time>2024-08-21T21:57:12Z</time></trkpt>
<trkpt lat="47.074635" lon="-121.374561"><ele>1531.8</ele><time>2024-08-21T21:57:26Z</time></trkpt>
<trkpt lat="47.075403" lon="-121.374733"><ele>1524.8</ele><time>2024-08-21T21:58:31Z</time></trkpt>
<trkpt lat="47.075469" lon="-121.374834"><ele>1523.8</ele><time>2024-08-21T21:58:39Z</time></trkpt>
<trkpt lat="47.075507" lon="-121.375217"><ele>1523.6</ele><time>2024-08-21T21:59:23Z</time></trkpt>
<trkpt lat="47.075701" lon="-121.375813"><ele>1524.6</ele><time>2024-08-21T21:59:59Z</time></trkpt>
<trkpt lat="47.075946" lon="-121.376147"><ele>1523.8</ele><time>2024-08-21T22:00:27Z</time></trkpt>
<trkpt lat="47.075772" lon="-121.376779"><ele>1524.4</ele><time>2024-08-21T22:01:09Z</time></trkpt>
<trkpt lat="47.076246" lon="-121.376978"><ele>1519.6</ele><time>2024-08-21T22:01:47Z</time></trkpt>
<trkpt lat="47.077248" lon="-121.377691"><ele>1509.2</ele><time>2024-08-21T22:03:06Z</time></trkpt>
<trkpt lat="47.077162" lon="-121.377641"><ele>1508.8</ele><time>2024-08-21T22:03:07Z</time></trkpt>
<trkpt lat="47.077164" lon="-121.377506"><ele>1508.2</ele><time>2024-08-21T22:03:11Z</time></trkpt>
<trkpt lat="47.077328" lon="-121.377613"><ele>1507.4</ele><time>2024-08-21T22:03:24Z</time></trkpt>
<trkpt lat="47.078128" lon="-121.378375"><ele>1501.2</ele><time>2024-08-21T22:04:56Z</time></trkpt>
<trkpt lat="47.078044" lon="-121.378389"><ele>1500.8</ele><time>2024-08-21T22:05:12Z</time></trkpt>
<trkpt lat="47.078164" lon="-121.378417"><ele>1500.6</ele><time>2024-08-21T22:05:14Z</time></trkpt>
<trkpt lat="47.078096" lon="-121.378319"><ele>1500.6</ele><time>2024-08-21T22:05:15Z</time></trkpt>
<trkpt lat="47.078135" lon="-121.378348"><ele>1500.6</ele><time>2024-08-21T22:05:18Z</time></trkpt>
<trkpt lat="47.078525" lon="-121.378749"><ele>1499.4</ele><time>2024-08-21T22:05:57Z</time></trkpt>
<trkpt lat="47.079192" lon="-121.379574"><ele>1494.8</ele><time>2024-08-21T22:07:07Z</time></trkpt>
<trkpt lat="47.079163" lon="-121.379719"><ele>1493.6</ele><time>2024-08-21T22:07:17Z</time></trkpt>
<trkpt lat="47.079240" lon="-121.379795"><ele>1492.4</ele><time>2024-08-21T22:07:29Z</time></trkpt>
<trkpt lat="47.079376" lon="-121.380713"><ele>1487.0</ele><time>2024-08-21T22:08:13Z</time></trkpt>
<trkpt lat="47.079854" lon="-121.381248"><ele>1478.8</ele><time>2024-08-21T22:09:03Z</time></trkpt>
<trkpt lat="47.079880" lon="-121.381502"><ele>1478.0</ele><time>2024-08-21T22:09:08Z</time></trkpt>
<trkpt lat="47.079996" lon="-121.381377"><ele>1478.0</ele><time>2024-08-21T22:09:09Z</time></trkpt>
<trkpt lat="47.079955" lon="-121.381370"><ele>1477.6</ele><time>2024-08-21T22:09:15Z</time></trkpt>
<trkpt lat="47.080040" lon="-121.381671"><ele>1475.8</ele><time>2024-08-21T22:09:30Z</time></trkpt>
<trkpt lat="47.079984" lon="-121.382000"><ele>1475.2</ele><time>2024-08-21T22:09:40Z</time></trkpt>
<trkpt lat="47.080074" lon="-121.382285"><ele>1474.4</ele><time>2024-08-21T22:09:52Z</time></trkpt>
<trkpt lat="47.080398" lon="-121.382511"><ele>1471.2</ele><time>2024-08-21T22:10:16Z</time></trkpt>
<trkpt lat="47.080534" lon="-121.382753"><ele>1469.0</ele><time>2024-08-21T22:11:12Z</time></trkpt>
<trkpt lat="47.080442" lon="-121.382504"><ele>1468.4</ele><time>2024-08-21T22:13:10Z</time></trkpt>
<trkpt lat="47.080435" lon="-121.382584"><ele>1468.0</ele><time>2024-08-21T22:13:12Z</time></trkpt>
<trkpt lat="47.080523" lon="-121.382557"><ele>1468.0</ele><time>2024-08-21T22:13:23Z</time></trkpt>
<trkpt lat="47.080535" lon="-121.382738"><ele>1467.8</ele><time>2024-08-21T22:15:08Z</time></trkpt>
<trkpt lat="47.080606" lon="-121.382778"><ele>1467.8</ele><time>2024-08-21T22:15:10Z</time></trkpt>
<trkpt lat="47.080364" lon="-121.382321"><ele>1468.0</ele><time>2024-08-21T22:17:09Z</time></trkpt>
<trkpt lat="47.080502" lon="-121.382630"><ele>1467.6</ele><time>2024-08-21T22:17:22Z</time></trkpt>
<trkpt lat="47.080460" lon="-121.382685"><ele>1467.8</ele><time>2024-08-21T22:17:39Z</time></trkpt>
<trkpt lat="47.080506" lon="-121.382703"><ele>1469.0</ele><time>2024-08-21T22:18:19Z</time></trkpt>
<trkpt lat="47.080545" lon="-121.383232"><ele>1467.6</ele><time>2024-08-21T22:19:11Z</time></trkpt>
<trkpt lat="47.080462" lon="-121.383353"><ele>1467.0</ele><time>2024-08-21T22:19:14Z</time></trkpt>
<trkpt lat="47.080951" lon="-121.383582"><ele>1464.4</ele><time>2024-08-21T22:19:43Z</time></trkpt>
<trkpt lat="47.081492" lon="-121.384016"><ele>1459.0</ele><time>2024-08-21T22:20:41Z</time></trkpt>
<trkpt lat="47.081651" lon="-121.384387"><ele>1458.2</ele><time>2024-08-21T22:21:10Z</time></trkpt>
<trkpt lat="47.082084" lon="-121.386634"><ele>1454.0</ele><time>2024-08-21T22:23:12Z</time></trkpt>
<trkpt lat="47.082057" lon="-121.386859"><ele>1453.6</ele><time>2024-08-21T22:23:24Z</time></trkpt>
<trkpt lat="47.082906" lon="-121.388362"><ele>1458.0</ele><time>2024-08-21T22:25:10Z</time></trkpt>
<trkpt lat="47.083167" lon="-121.388635"><ele>1459.0</ele><time>2024-08-21T22:25:24Z</time></trkpt>
<trkpt lat="47.084042" lon="-121.390390"><ele>1458.4</ele><time>2024-08-21T22:27:16Z</time></trkpt>
<trkpt lat="47.084013" lon="-121.390501"><ele>1458.0</ele><time>2024-08-21T22:27:26Z</time></trkpt>
<trkpt lat="47.084258" lon="-121.390965"><ele>1456.6</ele><time>2024-08-21T22:27:59Z</time></trkpt>
<trkpt lat="47.085127" lon="-121.392085"><ele>1450.8</ele><time>2024-08-21T22:29:10Z</time></trkpt>
<trkpt lat="47.085078" lon="-121.392227"><ele>1450.6</ele><time>2024-08-21T22:29:22Z</time></trkpt>
<trkpt lat="47.085470" lon="-121.393026"><ele>1447.2</ele><time>2024-08-21T22:30:13Z</time></trkpt>
<trkpt lat="47.086115" lon="-121.393868"><ele>1443.6</ele><time>2024-08-21T22:31:09Z</time></trkpt>
<trkpt lat="47.086198" lon="-121.393843"><ele>1442.4</ele><time>2024-08-21T22:31:23Z</time></trkpt>
<trkpt lat="47.086649" lon="-121.394360"><ele>1441.6</ele><time>2024-08-21T22:32:10Z</time></trkpt>
<trkpt lat="47.086824" lon="-121.394857"><ele>1441.8</ele><time>2024-08-21T22:32:48Z</time></trkpt>
<trkpt lat="47.087025" lon="-121.395171"><ele>1442.6</ele><time>2024-08-21T22:33:14Z</time></trkpt>
<trkpt lat="47.087326" lon="-121.395880"><ele>1441.4</ele><time>2024-08-21T22:34:08Z</time></trkpt>
<trkpt lat="47.087370" lon="-121.396116"><ele>1441.0</ele><time>2024-08-21T22:34:20Z</time></trkpt>
<trkpt lat="47.087819" lon="-121.396782"><ele>1436.0</ele><time>2024-08-21T22:35:13Z</time></trkpt>
<trkpt lat="47.087974" lon="-121.396903"><ele>1434.0</ele><time>2024-08-21T22:35:23Z</time></trkpt>
<trkpt lat="47.088414" lon="-121.396606"><ele>1427.8</ele><time>2024-08-21T22:35:57Z</time></trkpt>
<trkpt lat="47.089206" lon="-121.396285"><ele>1424.0</ele><time>2024-08-21T22:37:07Z</time></trkpt>
<trkpt lat="47.089391" lon="-121.396321"><ele>1424.6</ele><time>2024-08-21T22:37:19Z</time></trkpt>
<trkpt lat="47.090213" lon="-121.395577"><ele>1432.4</ele><time>2024-08-21T22:39:02Z</time></trkpt>
<trkpt lat="47.090163" lon="-121.395224"><ele>1432.8</ele><time>2024-08-21T22:39:10Z</time></trkpt>
<trkpt lat="47.090537" lon="-121.395415"><ele>1432.8</ele><time>2024-08-21T22:39:24Z</time></trkpt>
<trkpt lat="47.090865" lon="-121.395061"><ele>1432.4</ele><time>2024-08-21T22:39:42Z</time></trkpt>
<trkpt lat="47.091424" lon="-121.394674"><ele>1435.8</ele><time>2024-08-21T22:41:11Z</time></trkpt>
<trkpt lat="47.091437" lon="-121.394473"><ele>1437.0</ele><time>2024-08-21T22:41:24Z</time></trkpt>
<trkpt lat="47.092734" lon="-121.394960"><ele>1444.2</ele><time>2024-08-21T22:43:23Z</time></trkpt>
<trkpt lat="47.093803" lon="-121.394325"><ele>1449.0</ele><time>2024-08-21T22:45:13Z</time></trkpt>
<trkpt lat="47.093867" lon="-121.394215"><ele>1449.0</ele><time>2024-08-21T22:45:25Z</time></trkpt>
<trkpt lat="47.094863" lon="-121.393847"><ele>1447.0</ele><time>2024-08-21T22:47:04Z</time></trkpt>
<trkpt lat="47.095017" lon="-121.393870"><ele>1445.0</ele><time>2024-08-21T22:47:14Z</time></trkpt>
<trkpt lat="47.095119" lon="-121.394004"><ele>1445.0</ele><time>2024-08-21T22:47:23Z</time></trkpt>
<trkpt lat="47.095615" lon="-121.395076"><ele>1442.8</ele><time>2024-08-21T22:48:39Z</time></trkpt>
<trkpt lat="47.096149" lon="-121.395714"><ele>1438.6</ele><time>2024-08-21T22:49:21Z</time></trkpt>
<trkpt lat="47.096162" lon="-121.395631"><ele>1438.2</ele><time>2024-08-21T22:49:25Z</time></trkpt>
<trkpt lat="47.096471" lon="-121.395555"><ele>1437.6</ele><time>2024-08-21T22:49:36Z</time></trkpt>
<trkpt lat="47.097471" lon="-121.395592"><ele>1439.8</ele><time>2024-08-21T22:51:23Z</time></trkpt>
<trkpt lat="47.097771" lon="-121.395803"><ele>1439.2</ele><time>2024-08-21T22:51:49Z</time></trkpt>
<trkpt lat="47.097891" lon="-121.395986"><ele>1439.2</ele><time>2024-08-21T22:52:05Z</time></trkpt>
<trkpt lat="47.098322" lon="-121.396035"><ele>1438.6</ele><time>2024-08-21T22:52:39Z</time></trkpt>
<trkpt lat="47.098659" lon="-121.396327"><ele>1437.4</ele><time>2024-08-21T22:53:15Z</time></trkpt>
<trkpt lat="47.098906" lon="-121.396326"><ele>1437.0</ele><time>2024-08-21T22:53:23Z</time></trkpt>
<trkpt lat="47.099214" lon="-121.396681"><ele>1435.8</ele><time>2024-08-21T22:53:57Z</time></trkpt>
<trkpt lat="47.099309" lon="-121.397100"><ele>1439.8</ele><time>2024-08-21T22:54:43Z</time></trkpt>
<trkpt lat="47.099491" lon="-121.397026"><ele>1440.6</ele><time>2024-08-21T22:55:10Z</time></trkpt>
<trkpt lat="47.099531" lon="-121.397112"><ele>1440.0</ele><time>2024-08-21T22:55:13Z</time></trkpt>
<trkpt lat="47.099680" lon="-121.397119"><ele>1437.4</ele><time>2024-08-21T22:55:25Z</time></trkpt>
<trkpt lat="47.100125" lon="-121.397661"><ele>1437.4</ele><time>2024-08-21T22:56:12Z</time></trkpt>
<trkpt lat="47.100270" lon="-121.397964"><ele>1440.8</ele><time>2024-08-21T22:56:48Z</time></trkpt>
<trkpt lat="47.100491" lon="-121.398123"><ele>1441.8</ele><time>2024-08-21T22:57:08Z</time></trkpt>
<trkpt lat="47.100536" lon="-121.397927"><ele>1442.4</ele><time>2024-08-21T22:57:28Z</time></trkpt>
<trkpt lat="47.100677" lon="-121.398140"><ele>1443.8</ele><time>2024-08-21T22:57:41Z</time></trkpt>
<trkpt lat="47.100876" lon="-121.398722"><ele>1456.2</ele><time>2024-08-21T22:58:59Z</time></trkpt>
<trkpt lat="47.101063" lon="-121.399131"><ele>1460.0</ele><time>2024-08-21T22:59:25Z</time></trkpt>
<trkpt lat="47.101348" lon="-121.399290"><ele>1471.6</ele><time>2024-08-21T23:00:49Z</time></trkpt>
<trkpt lat="47.101721" lon="-121.399300"><ele>1470.4</ele><time>2024-08-21T23:01:19Z</time></trkpt>
<trkpt lat="47.101732" lon="-121.399441"><ele>1470.0</ele><time>2024-08-21T23:01:26Z</time></trkpt>
<trkpt lat="47.101758" lon="-121.399385"><ele>1469.8</ele><time>2024-08-21T23:01:29Z</time></trkpt>
<trkpt lat="47.102159" lon="-121.399669"><ele>1466.6</ele><time>2024-08-21T23:02:03Z</time></trkpt>
<trkpt lat="47.102331" lon="-121.399959"><ele>1462.0</ele><time>2024-08-21T23:02:23Z</time></trkpt>
<trkpt lat="47.102576" lon="-121.399992"><ele>1458.6</ele><time>2024-08-21T23:02:53Z</time></trkpt>
<trkpt lat="47.102821" lon="-121.399715"><ele>1454.4</ele><time>2024-08-21T23:03:20Z</time></trkpt>
<trkpt lat="47.103947" lon="-121.399029"><ele>1465.2</ele><time>2024-08-21T23:05:14Z</time></trkpt>
<trkpt lat="47.104046" lon="-121.399146"><ele>1465.2</ele><time>2024-08-21T23:05:17Z</time></trkpt>
<trkpt lat="47.104104" lon="-121.399113"><ele>1465.2</ele><time>2024-08-21T23:05:24Z</time></trkpt>
<trkpt lat="47.104696" lon="-121.399655"><ele>1469.2</ele><time>2024-08-21T23:06:24Z</time></trkpt>
<trkpt lat="47.104961" lon="-121.400138"><ele>1472.8</ele><time>2024-08-21T23:07:12Z</time></trkpt>
<trkpt lat="47.105081" lon="-121.400157"><ele>1473.2</ele><time>2024-08-21T23:07:17Z</time></trkpt>
<trkpt lat="47.105084" lon="-121.400337"><ele>1473.8</ele><time>2024-08-21T23:07:24Z</time></trkpt>
<trkpt lat="47.105291" lon="-121.400614"><ele>1475.0</ele><time>2024-08-21T23:07:36Z</time></trkpt>
<trkpt lat="47.105745" lon="-121.401507"><ele>1481.4</ele><time>2024-08-21T23:09:02Z</time></trkpt>
<trkpt lat="47.105939" lon="-121.401696"><ele>1482.2</ele><time>2024-08-21T23:09:10Z</time></trkpt>
<trkpt lat="47.105879" lon="-121.401763"><ele>1482.4</ele><time>2024-08-21T23:09:16Z</time></trkpt>
<trkpt lat="47.105875" lon="-121.401936"><ele>1482.4</ele><time>2024-08-21T23:09:22Z</time></trkpt>
<trkpt lat="47.106334" lon="-121.402503"><ele>1485.8</ele><time>2024-08-21T23:10:20Z</time></trkpt>
<trkpt lat="47.106660" lon="-121.403334"><ele>1490.0</ele><time>2024-08-21T23:11:20Z</time></trkpt>
<trkpt lat="47.107008" lon="-121.403356"><ele>1490.0</ele><time>2024-08-21T23:12:30Z</time></trkpt>
<trkpt lat="47.107139" lon="-121.403476"><ele>1489.6</ele><time>2024-08-21T23:12:48Z</time></trkpt>
<trkpt lat="47.107202" lon="-121.403764"><ele>1491.0</ele><time>2024-08-21T23:13:04Z</time></trkpt>
<trkpt lat="47.107167" lon="-121.403855"><ele>1491.2</ele><time>2024-08-21T23:13:11Z</time></trkpt>
<trkpt lat="47.107229" lon="-121.403859"><ele>1491.2</ele><time>2024-08-21T23:13:12Z</time></trkpt>
<trkpt lat="47.107269" lon="-121.404085"><ele>1492.2</ele><time>2024-08-21T23:13:22Z</time></trkpt>
<trkpt lat="47.107170" lon="-121.405069"><ele>1494.2</ele><time>2024-08-21T23:14:18Z</time></trkpt>
<trkpt lat="47.107299" lon="-121.405883"><ele>1496.6</ele><time>2024-08-21T23:15:12Z</time></trkpt>
<trkpt lat="47.107261" lon="-121.405921"><ele>1496.8</ele><time>2024-08-21T23:15:22Z</time></trkpt>
<trkpt lat="47.107476" lon="-121.405969"><ele>1497.0</ele><time>2024-08-21T23:15:25Z</time></trkpt>
<trkpt lat="47.107248" lon="-121.409238"><ele>1509.0</ele><time>2024-08-21T23:19:22Z</time></trkpt>
<trkpt lat="47.108889" lon="-121.408984"><ele>1513.8</ele><time>2024-08-21T23:20:02Z</time></trkpt>
<trkpt lat="47.109360" lon="-121.409046"><ele>1517.0</ele><time>2024-08-21T23:20:42Z</time></trkpt>
<trkpt lat="47.110161" lon="-121.409425"><ele>1519.0</ele><time>2024-08-21T23:21:13Z</time></trkpt>
<trkpt lat="47.110194" lon="-121.409474"><ele>1519.4</ele><time>2024-08-21T23:21:16Z</time></trkpt>
<trkpt lat="47.110104" lon="-121.409523"><ele>1519.0</ele><time>2024-08-21T23:21:21Z</time></trkpt>
<trkpt lat="47.110147" lon="-121.409554"><ele>1518.8</ele><time>2024-08-21T23:21:25Z</time></trkpt>
<trkpt lat="47.110086" lon="-121.410082"><ele>1522.4</ele><time>2024-08-21T23:22:04Z</time></trkpt>
<trkpt lat="47.110204" lon="-121.410975"><ele>1526.0</ele><time>2024-08-21T23:23:11Z</time></trkpt>
<trkpt lat="47.110227" lon="-121.410900"><ele>1526.0</ele><time>2024-08-21T23:23:14Z</time></trkpt>
<trkpt lat="47.110347" lon="-121.411121"><ele>1527.4</ele><time>2024-08-21T23:23:29Z</time></trkpt>
<trkpt lat="47.110695" lon="-121.411363"><ele>1529.8</ele><time>2024-08-21T23:23:50Z</time></trkpt>
<trkpt lat="47.111293" lon="-121.411623"><ele>1534.0</ele><time>2024-08-21T23:24:38Z</time></trkpt>
<trkpt lat="47.111898" lon="-121.412100"><ele>1537.2</ele><time>2024-08-21T23:25:14Z</time></trkpt>
<trkpt lat="47.111681" lon="-121.411905"><ele>1537.8</ele><time>2024-08-21T23:25:25Z</time></trkpt>
<trkpt lat="47.114833" lon="-121.406625"><ele>1558.0</ele><time>2024-08-21T23:31:39Z</time></trkpt>
<trkpt lat="47.114504" lon="-121.406415"><ele>1563.6</ele><time>2024-08-21T23:32:37Z</time></trkpt>
<trkpt lat="47.114453" lon="-121.406355"><ele>1569.2</ele><time>2024-08-21T23:33:13Z</time></trkpt>
<trkpt lat="47.114510" lon="-121.406354"><ele>1569.6</ele><time>2024-08-21T23:33:15Z</time></trkpt>
<trkpt lat="47.114486" lon="-121.406256"><ele>1570.6</ele><time>2024-08-21T23:33:24Z</time></trkpt>
<trkpt lat="47.114661" lon="-121.406349"><ele>1572.8</ele><time>2024-08-21T23:33:46Z</time></trkpt>
<trkpt lat="47.115362" lon="-121.406204"><ele>1573.4</ele><time>2024-08-21T23:35:16Z</time></trkpt>
<trkpt lat="47.115588" lon="-121.406233"><ele>1574.4</ele><time>2024-08-21T23:35:26Z</time></trkpt>
<trkpt lat="47.116003" lon="-121.405873"><ele>1573.8</ele><time>2024-08-21T23:36:18Z</time></trkpt>
<trkpt lat="47.116651" lon="-121.405477"><ele>1571.2</ele><time>2024-08-21T23:37:22Z</time></trkpt>
<trkpt lat="47.117579" lon="-121.404985"><ele>1572.6</ele><time>2024-08-21T23:38:11Z</time></trkpt>
<trkpt lat="47.118526" lon="-121.404629"><ele>1571.8</ele><time>2024-08-21T23:39:18Z</time></trkpt>
<trkpt lat="47.118501" lon="-121.404766"><ele>1571.8</ele><time>2024-08-21T23:39:21Z</time></trkpt>
<trkpt lat="47.118451" lon="-121.404668"><ele>1571.8</ele><time>2024-08-21T23:39:22Z</time></trkpt>
<trkpt lat="47.120019" lon="-121.404998"><ele>1573.8</ele><time>2024-08-21T23:42:43Z</time></trkpt>
<trkpt lat="47.120512" lon="-121.405011"><ele>1574.6</ele><time>2024-08-21T23:43:20Z</time></trkpt>
<trkpt lat="47.120896" lon="-121.403745"><ele>1573.8</ele><time>2024-08-21T23:44:45Z</time></trkpt>
<trkpt lat="47.120987" lon="-121.403110"><ele>1575.4</ele><time>2024-08-21T23:45:13Z</time></trkpt>
<trkpt lat="47.121020" lon="-121.403254"><ele>1574.8</ele><time>2024-08-21T23:45:18Z</time></trkpt>
<trkpt lat="47.121338" lon="-121.402051"><ele>1580.2</ele><time>2024-08-21T23:47:01Z</time></trkpt>
<trkpt lat="47.121320" lon="-121.401630"><ele>1581.6</ele><time>2024-08-21T23:47:16Z</time></trkpt>
<trkpt lat="47.121357" lon="-121.401631"><ele>1581.6</ele><time>2024-08-21T23:47:17Z</time></trkpt>
<trkpt lat="47.121267" lon="-121.401570"><ele>1581.6</ele><time>2024-08-21T23:47:20Z</time></trkpt>
<trkpt lat="47.121137" lon="-121.401635"><ele>1581.8</ele><time>2024-08-21T23:47:31Z</time></trkpt>
<trkpt lat="47.121079" lon="-121.401517"><ele>1581.8</ele><time>2024-08-21T23:47:35Z</time></trkpt>
<trkpt lat="47.121114" lon="-121.401336"><ele>1581.0</ele><time>2024-08-21T23:47:39Z</time></trkpt>
<trkpt lat="47.121205" lon="-121.400998"><ele>1580.8</ele><time>2024-08-21T23:47:47Z</time></trkpt>
<trkpt lat="47.121493" lon="-121.400536"><ele>1580.4</ele><time>2024-08-21T23:48:07Z</time></trkpt>
<trkpt lat="47.121785" lon="-121.400248"><ele>1579.6</ele><time>2024-08-21T23:48:47Z</time></trkpt>
<trkpt lat="47.121920" lon="-121.400377"><ele>1578.8</ele><time>2024-08-21T23:49:07Z</time></trkpt>
<trkpt lat="47.121871" lon="-121.400592"><ele>1579.6</ele><time>2024-08-21T23:49:12Z</time></trkpt>
<trkpt lat="47.121837" lon="-121.400451"><ele>1580.0</ele><time>2024-08-21T23:49:20Z</time></trkpt>
<trkpt lat="47.121890" lon="-121.400352"><ele>1580.0</ele><time>2024-08-21T23:49:26Z</time></trkpt>
<trkpt lat="47.122375" lon="-121.400307"><ele>1580.4</ele><time>2024-08-21T23:50:33Z</time></trkpt>
<trkpt lat="47.122457" lon="-121.400146"><ele>1581.4</ele><time>2024-08-21T23:50:47Z</time></trkpt>
<trkpt lat="47.123012" lon="-121.399802"><ele>1581.6</ele><time>2024-08-21T23:51:18Z</time></trkpt>
<trkpt lat="47.122934" lon="-121.399911"><ele>1581.6</ele><time>2024-08-21T23:51:20Z</time></trkpt>
<trkpt lat="47.123592" lon="-121.399005"><ele>1582.0</ele><time>2024-08-21T23:53:16Z</time></trkpt>
<trkpt lat="47.123616" lon="-121.398634"><ele>1582.2</ele><time>2024-08-21T23:53:29Z</time></trkpt>
<trkpt lat="47.123923" lon="-121.397846"><ele>1582.6</ele><time>2024-08-21T23:54:23Z</time></trkpt>
<trkpt lat="47.124321" lon="-121.397275"><ele>1583.0</ele><time>2024-08-21T23:55:12Z</time></trkpt>
<trkpt lat="47.124373" lon="-121.397370"><ele>1583.8</ele><time>2024-08-21T23:55:21Z</time></trkpt>
<trkpt lat="47.125738" lon="-121.397292"><ele>1584.6</ele><time>2024-08-21T23:57:12Z</time></trkpt>
<trkpt lat="47.125809" lon="-121.397500"><ele>1585.4</ele><time>2024-08-21T23:57:28Z</time></trkpt>
<trkpt lat="47.126791" lon="-121.396878"><ele>1587.6</ele><time>2024-08-21T23:59:25Z</time></trkpt>
<trkpt lat="47.126752" lon="-121.396876"><ele>1587.6</ele><time>2024-08-21T23:59:31Z</time></trkpt>
<trkpt lat="47.126961" lon="-121.396220"><ele>1585.8</ele><time>2024-08-22T00:00:30Z</time></trkpt>
<trkpt lat="47.127114" lon="-121.395205"><ele>1588.2</ele><time>2024-08-22T00:01:23Z</time></trkpt>
<trkpt lat="47.126655" lon="-121.393992"><ele>1587.2</ele><time>2024-08-22T00:03:14Z</time></trkpt>
<trkpt lat="47.126694" lon="-121.393907"><ele>1586.6</ele><time>2024-08-22T00:03:27Z</time></trkpt>
<trkpt lat="47.126540" lon="-121.393289"><ele>1587.2</ele><time>2024-08-22T00:04:00Z</time></trkpt>
<trkpt lat="47.126363" lon="-121.392060"><ele>1587.4</ele><time>2024-08-22T00:05:11Z</time></trkpt>
<trkpt lat="47.126139" lon="-121.392027"><ele>1586.8</ele><time>2024-08-22T00:05:17Z</time></trkpt>
<trkpt lat="47.126097" lon="-121.391911"><ele>1586.0</ele><time>2024-08-22T00:05:25Z</time></trkpt>
<trkpt lat="47.125826" lon="-121.390018"><ele>1588.2</ele><time>2024-08-22T00:07:11Z</time></trkpt>
<trkpt lat="47.125712" lon="-121.390016"><ele>1588.6</ele><time>2024-08-22T00:07:16Z</time></trkpt>
<trkpt lat="47.125688" lon="-121.389917"><ele>1589.0</ele><time>2024-08-22T00:07:30Z</time></trkpt>
<trkpt lat="47.125739" lon="-121.389882"><ele>1588.8</ele><time>2024-08-22T00:08:15Z</time></trkpt>
<trkpt lat="47.125403" lon="-121.388884"><ele>1590.4</ele><time>2024-08-22T00:09:30Z</time></trkpt>
<trkpt lat="47.125314" lon="-121.388238"><ele>1596.2</ele><time>2024-08-22T00:11:12Z</time></trkpt>
<trkpt lat="47.125447" lon="-121.387837"><ele>1599.6</ele><time>2024-08-22T00:12:01Z</time></trkpt>
<trkpt lat="47.125687" lon="-121.387932"><ele>1595.2</ele><time>2024-08-22T00:12:29Z</time></trkpt>
<trkpt lat="47.126125" lon="-121.388515"><ele>1588.2</ele><time>2024-08-22T00:13:17Z</time></trkpt>
<trkpt lat="47.126477" lon="-121.389115"><ele>1587.0</ele><time>2024-08-22T00:14:00Z</time></trkpt>
<trkpt lat="47.126711" lon="-121.389389"><ele>1580.4</ele><time>2024-08-22T00:14:38Z</time></trkpt>
<trkpt lat="47.126934" lon="-121.389935"><ele>1576.8</ele><time>2024-08-22T00:15:12Z</time></trkpt>
<trkpt lat="47.127144" lon="-121.390164"><ele>1574.2</ele><time>2024-08-22T00:15:29Z</time></trkpt>
<trkpt lat="47.127885" lon="-121.390423"><ele>1565.4</ele><time>2024-08-22T00:16:36Z</time></trkpt>
<trkpt lat="47.128283" lon="-121.390411"><ele>1561.2</ele><time>2024-08-22T00:17:11Z</time></trkpt>
<trkpt lat="47.128204" lon="-121.390388"><ele>1561.2</ele><time>2024-08-22T00:17:13Z</time></trkpt>
<trkpt lat="47.128227" lon="-121.390445"><ele>1561.0</ele><time>2024-08-22T00:17:25Z</time></trkpt>
<trkpt lat="47.128578" lon="-121.390345"><ele>1558.4</ele><time>2024-08-22T00:19:13Z</time></trkpt>
<trkpt lat="47.128542" lon="-121.390265"><ele>1558.4</ele><time>2024-08-22T00:19:16Z</time></trkpt>
<trkpt lat="47.129003" lon="-121.390511"><ele>1553.8</ele><time>2024-08-22T00:19:55Z</time></trkpt>
<trkpt lat="47.129249" lon="-121.390465"><ele>1551.4</ele><time>2024-08-22T00:20:51Z</time></trkpt>
<trkpt lat="47.129497" lon="-121.390704"><ele>1548.2</ele><time>2024-08-22T00:21:26Z</time></trkpt>
<trkpt lat="47.130384" lon="-121.390174"><ele>1535.6</ele><time>2024-08-22T00:23:31Z</time></trkpt>
<trkpt lat="47.130691" lon="-121.389893"><ele>1532.0</ele><time>2024-08-22T00:24:10Z</time></trkpt>
<trkpt lat="47.130904" lon="-121.389831"><ele>1527.6</ele><time>2024-08-22T00:24:32Z</time></trkpt>
<trkpt lat="47.131223" lon="-121.389510"><ele>1524.4</ele><time>2024-08-22T00:25:04Z</time></trkpt>
<trkpt lat="47.131249" lon="-121.389346"><ele>1523.2</ele><time>2024-08-22T00:25:15Z</time></trkpt>
<trkpt lat="47.131405" lon="-121.389363"><ele>1520.0</ele><time>2024-08-22T00:25:35Z</time></trkpt>
<trkpt lat="47.131505" lon="-121.388997"><ele>1514.6</ele><time>2024-08-22T00:26:35Z</time></trkpt>
<trkpt lat="47.131500" lon="-121.389059"><ele>1515.4</ele><time>2024-08-22T00:27:13Z</time></trkpt>
<trkpt lat="47.131353" lon="-121.389096"><ele>1513.6</ele><time>2024-08-22T00:27:27Z</time></trkpt>
<trkpt lat="47.131377" lon="-121.389141"><ele>1513.4</ele><time>2024-08-22T00:27:30Z</time></trkpt>
<trkpt lat="47.131330" lon="-121.389067"><ele>1514.4</ele><time>2024-08-22T00:29:20Z</time></trkpt>
<trkpt lat="47.131392" lon="-121.389233"><ele>1514.2</ele><time>2024-08-22T00:31:20Z</time></trkpt>
<trkpt lat="47.131173" lon="-121.389150"><ele>1513.8</ele><time>2024-08-22T00:33:22Z</time></trkpt>
<trkpt lat="47.131366" lon="-121.389113"><ele>1513.6</ele><time>2024-08-22T00:35:23Z</time></trkpt>
<trkpt lat="47.131330" lon="-121.389058"><ele>1515.0</ele><time>2024-08-22T00:37:12Z</time></trkpt>
<trkpt lat="47.131267" lon="-121.389221"><ele>1514.2</ele><time>2024-08-22T00:38:11Z</time></trkpt>
<trkpt lat="47.131220" lon="-121.389099"><ele>1514.2</ele><time>2024-08-22T00:38:19Z</time></trkpt>
<trkpt lat="47.131307" lon="-121.389154"><ele>1514.6</ele><time>2024-08-22T00:38:27Z</time></trkpt>
<trkpt lat="47.131320" lon="-121.389097"><ele>1515.6</ele><time>2024-08-22T00:38:58Z</time></trkpt>
<trkpt lat="47.131292" lon="-121.389274"><ele>1513.6</ele><time>2024-08-22T00:40:34Z</time></trkpt>
<trkpt lat="47.131296" lon="-121.389135"><ele>1513.0</ele><time>2024-08-22T00:41:24Z</time></trkpt>
<trkpt lat="47.131332" lon="-121.389162"><ele>1514.8</ele><time>2024-08-22T00:43:33Z</time></trkpt>
<trkpt lat="47.131294" lon="-121.389121"><ele>1513.4</ele><time>2024-08-22T00:45:18Z</time></trkpt>
<trkpt lat="47.131328" lon="-121.389193"><ele>1514.6</ele><time>2024-08-22T00:45:33Z</time></trkpt>
<trkpt lat="47.131372" lon="-121.389059"><ele>1514.8</ele><time>2024-08-22T00:48:35Z</time></trkpt>
<trkpt lat="47.131304" lon="-121.389191"><ele>1514.2</ele><time>2024-08-22T00:48:53Z</time></trkpt>
<trkpt lat="47.131312" lon="-121.389121"><ele>1515.0</ele><time>2024-08-22T00:49:31Z</time></trkpt>
<trkpt lat="47.131523" lon="-121.389142"><ele>1520.2</ele><time>2024-08-22T00:50:52Z</time></trkpt>
<trkpt lat="47.131653" lon="-121.389075"><ele>1519.8</ele><time>2024-08-22T00:51:08Z</time></trkpt>
<trkpt lat="47.131843" lon="-121.388154"><ele>1518.8</ele><time>2024-08-22T00:52:17Z</time></trkpt>
<trkpt lat="47.132073" lon="-121.387362"><ele>1515.0</ele><time>2024-08-22T00:53:07Z</time></trkpt>
<trkpt lat="47.132524" lon="-121.386791"><ele>1510.0</ele><time>2024-08-22T00:54:09Z</time></trkpt>
<trkpt lat="47.132861" lon="-121.386077"><ele>1503.0</ele><time>2024-08-22T00:54:57Z</time></trkpt>
<trkpt lat="47.132978" lon="-121.385690"><ele>1499.4</ele><time>2024-08-22T00:55:19Z</time></trkpt>
<trkpt lat="47.133066" lon="-121.385625"><ele>1498.8</ele><time>2024-08-22T00:55:26Z</time></trkpt>
<trkpt lat="47.133151" lon="-121.385305"><ele>1496.4</ele><time>2024-08-22T00:55:43Z</time></trkpt>
<trkpt lat="47.133444" lon="-121.385002"><ele>1494.0</ele><time>2024-08-22T00:56:15Z</time></trkpt>
<trkpt lat="47.133674" lon="-121.383734"><ele>1486.8</ele><time>2024-08-22T00:57:51Z</time></trkpt>
<trkpt lat="47.133586" lon="-121.381555"><ele>1478.2</ele><time>2024-08-22T01:00:04Z</time></trkpt>
<trkpt lat="47.133867" lon="-121.380929"><ele>1475.0</ele><time>2024-08-22T01:00:52Z</time></trkpt>
<trkpt lat="47.134064" lon="-121.380770"><ele>1473.6</ele><time>2024-08-22T01:01:20Z</time></trkpt>
<trkpt lat="47.134250" lon="-121.380812"><ele>1473.6</ele><time>2024-08-22T01:01:31Z</time></trkpt>
<trkpt lat="47.134520" lon="-121.380454"><ele>1472.8</ele><time>2024-08-22T01:02:10Z</time></trkpt>
<trkpt lat="47.134606" lon="-121.379848"><ele>1469.8</ele><time>2024-08-22T01:02:56Z</time></trkpt>
<trkpt lat="47.134547" lon="-121.379578"><ele>1467.8</ele><time>2024-08-22T01:03:16Z</time></trkpt>
<trkpt lat="47.134445" lon="-121.379490"><ele>1467.2</ele><time>2024-08-22T01:03:21Z</time></trkpt>
<trkpt lat="47.134686" lon="-121.378486"><ele>1462.2</ele><time>2024-08-22T01:04:41Z</time></trkpt>
<trkpt lat="47.134892" lon="-121.377913"><ele>1460.4</ele><time>2024-08-22T01:05:23Z</time></trkpt>
<trkpt lat="47.134946" lon="-121.377936"><ele>1458.6</ele><time>2024-08-22T01:05:33Z</time></trkpt>
<trkpt lat="47.135111" lon="-121.377603"><ele>1460.0</ele><time>2024-08-22T01:05:57Z</time></trkpt>
<trkpt lat="47.135514" lon="-121.376251"><ele>1455.2</ele><time>2024-08-22T01:07:21Z</time></trkpt>
<trkpt lat="47.135606" lon="-121.376177"><ele>1454.4</ele><time>2024-08-22T01:07:26Z</time></trkpt>
<trkpt lat="47.136283" lon="-121.374625"><ele>1447.6</ele><time>2024-08-22T01:09:21Z</time></trkpt>
<trkpt lat="47.136313" lon="-121.374705"><ele>1447.8</ele><time>2024-08-22T01:09:28Z</time></trkpt>
<trkpt lat="47.136299" lon="-121.374332"><ele>1447.4</ele><time>2024-08-22T01:10:05Z</time></trkpt>
<trkpt lat="47.136349" lon="-121.374104"><ele>1446.8</ele><time>2024-08-22T01:10:15Z</time></trkpt>
<trkpt lat="47.136389" lon="-121.374255"><ele>1446.8</ele><time>2024-08-22T01:10:26Z</time></trkpt>
<trkpt lat="47.136456" lon="-121.373955"><ele>1445.4</ele><time>2024-08-22T01:10:46Z</time></trkpt>
<trkpt lat="47.136430" lon="-121.373527"><ele>1444.2</ele><time>2024-08-22T01:11:10Z</time></trkpt>
<trkpt lat="47.136490" lon="-121.373004"><ele>1442.8</ele><time>2024-08-22T01:11:42Z</time></trkpt>
<trkpt lat="47.136803" lon="-121.372242"><ele>1439.6</ele><time>2024-08-22T01:12:20Z</time></trkpt>
<trkpt lat="47.136786" lon="-121.372105"><ele>1439.6</ele><time>2024-08-22T01:12:29Z</time></trkpt>
<trkpt lat="47.137030" lon="-121.371546"><ele>1439.2</ele><time>2024-08-22T01:13:16Z</time></trkpt>
<trkpt lat="47.137110" lon="-121.371108"><ele>1437.8</ele><time>2024-08-22T01:13:42Z</time></trkpt>
<trkpt lat="47.137419" lon="-121.370529"><ele>1436.2</ele><time>2024-08-22T01:14:20Z</time></trkpt>
<trkpt lat="47.137611" lon="-121.370457"><ele>1435.6</ele><time>2024-08-22T01:14:32Z</time></trkpt>
<trkpt lat="47.137921" lon="-121.369858"><ele>1433.8</ele><time>2024-08-22T01:15:11Z</time></trkpt>
<trkpt lat="47.138152" lon="-121.368993"><ele>1433.0</ele><time>2024-08-22T01:16:15Z</time></trkpt>
<trkpt lat="47.138273" lon="-121.368824"><ele>1433.0</ele><time>2024-08-22T01:16:16Z</time></trkpt>
<trkpt lat="47.138200" lon="-121.368939"><ele>1433.4</ele><time>2024-08-22T01:16:20Z</time></trkpt>
<trkpt lat="47.138186" lon="-121.368746"><ele>1433.4</ele><time>2024-08-22T01:16:23Z</time></trkpt>
<trkpt lat="47.138233" lon="-121.368671"><ele>1433.2</ele><time>2024-08-22T01:16:30Z</time></trkpt>
<trkpt lat="47.138377" lon="-121.368979"><ele>1437.4</ele><time>2024-08-22T01:17:40Z</time></trkpt>
<trkpt lat="47.138272" lon="-121.368936"><ele>1440.2</ele><time>2024-08-22T01:18:16Z</time></trkpt>
<trkpt lat="47.138260" lon="-121.369274"><ele>1442.8</ele><time>2024-08-22T01:18:35Z</time></trkpt>
<trkpt lat="47.138344" lon="-121.369498"><ele>1453.4</ele><time>2024-08-22T01:19:46Z</time></trkpt>
<trkpt lat="47.138490" lon="-121.369772"><ele>1453.6</ele><time>2024-08-22T01:20:18Z</time></trkpt>
<trkpt lat="47.138597" lon="-121.369744"><ele>1453.6</ele><time>2024-08-22T01:20:25Z</time></trkpt>
<trkpt lat="47.138893" lon="-121.369915"><ele>1454.6</ele><time>2024-08-22T01:21:41Z</time></trkpt>
<trkpt lat="47.139036" lon="-121.370090"><ele>1454.2</ele><time>2024-08-22T01:22:20Z</time></trkpt>
<trkpt lat="47.139210" lon="-121.369891"><ele>1454.2</ele><time>2024-08-22T01:22:26Z</time></trkpt>
<trkpt lat="47.139185" lon="-121.369817"><ele>1454.2</ele><time>2024-08-22T01:22:29Z</time></trkpt>
<trkpt lat="47.139091" lon="-121.369818"><ele>1454.0</ele><time>2024-08-22T01:22:35Z</time></trkpt>
</trkseg></trk>
</gpx>
