<?xml version="1.0" encoding="UTF-8"?>
<gpx version="1.1" creator="Eric Sichak trip reports" xmlns="http://www.topografix.com/GPX/1/1">
<metadata><name>Morning Hike</name><time>2024-08-25T14:27:07Z</time></metadata>
<trk><name>Morning Hike</name><type>hike</type><trkseg>
<trkpt lat="47.430997" lon="-121.418005"><ele>897.8</ele><time>2024-08-25T14:27:07Z</time></trkpt>
<trkpt lat="47.431014" lon="-121.417641"><ele>899.4</ele><time>2024-08-25T14:27:44Z</time></trkpt>
<trkpt lat="47.430892" lon="-121.417252"><ele>900.4</ele><time>2024-08-25T14:28:10Z</time></trkpt>
<trkpt lat="47.430475" lon="-121.416796"><ele>901.6</ele><time>2024-08-25T14:28:56Z</time></trkpt>
<trkpt lat="47.429784" lon="-121.416453"><ele>901.4</ele><time>2024-08-25T14:29:54Z</time></trkpt>
<trkpt lat="47.429247" lon="-121.416462"><ele>903.2</ele><time>2024-08-25T14:30:36Z</time></trkpt>
<trkpt lat="47.428784" lon="-121.416352"><ele>903.2</ele><time>2024-08-25T14:31:20Z</time></trkpt>
<trkpt lat="47.428404" lon="-121.415791"><ele>905.4</ele><time>2024-08-25T14:32:02Z</time></trkpt>
<trkpt lat="47.427916" lon="-121.415424"><ele>906.6</ele><time>2024-08-25T14:32:46Z</time></trkpt>
<trkpt lat="47.427306" lon="-121.415230"><ele>908.6</ele><time>2024-08-25T14:33:54Z</time></trkpt>
<trkpt lat="47.427668" lon="-121.414867"><ele>914.2</ele><time>2024-08-25T14:34:44Z</time></trkpt>
<trkpt lat="47.427733" lon="-121.414163"><ele>917.6</ele><time>2024-08-25T14:35:28Z</time></trkpt>
<trkpt lat="47.427854" lon="-121.413986"><ele>921.6</ele><time>2024-08-25T14:35:58Z</time></trkpt>
<trkpt lat="47.427674" lon="-121.413761"><ele>924.2</ele><time>2024-08-25T14:36:26Z</time></trkpt>
<trkpt lat="47.427557" lon="-121.413307"><ele>928.0</ele><time>2024-08-25T14:37:30Z</time></trkpt>
<trkpt lat="47.427317" lon="-121.412920"><ele>929.4</ele><time>2024-08-25T14:37:56Z</time></trkpt>
<trkpt lat="47.427113" lon="-121.411530"><ele>937.4</ele><time>2024-08-25T14:39:46Z</time></trkpt>
<trkpt lat="47.427110" lon="-121.411233"><ele>938.4</ele><time>2024-08-25T14:39:52Z</time></trkpt>
<trkpt lat="47.427173" lon="-121.411157"><ele>938.6</ele><time>2024-08-25T14:39:55Z</time></trkpt>
<trkpt lat="47.427075" lon="-121.410835"><ele>939.0</ele><time>2024-08-25T14:40:03Z</time></trkpt>
<trkpt lat="47.426917" lon="-121.409286"><ele>950.2</ele><time>2024-08-25T14:41:57Z</time></trkpt>
<trkpt lat="47.426942" lon="-121.409072"><ele>950.4</ele><time>2024-08-25T14:42:02Z</time></trkpt>
<trkpt lat="47.426226" lon="-121.407816"><ele>960.6</ele><time>2024-08-25T14:43:48Z</time></trkpt>
<trkpt lat="47.426078" lon="-121.407984"><ele>961.0</ele><time>2024-08-25T14:43:58Z</time></trkpt>
<trkpt lat="47.425336" lon="-121.406820"><ele>965.2</ele><time>2024-08-25T14:44:29Z</time></trkpt>
<trkpt lat="47.425202" lon="-121.406712"><ele>967.8</ele><time>2024-08-25T14:45:13Z</time></trkpt>
<trkpt lat="47.425113" lon="-121.406800"><ele>969.4</ele><time>2024-08-25T14:45:56Z</time></trkpt>
<trkpt lat="47.424515" lon="-121.406163"><ele>974.6</ele><time>2024-08-25T14:47:21Z</time></trkpt>
<trkpt lat="47.424127" lon="-121.405997"><ele>976.2</ele><time>2024-08-25T14:47:47Z</time></trkpt>
<trkpt lat="47.424139" lon="-121.405772"><ele>976.2</ele><time>2024-08-25T14:48:00Z</time></trkpt>
<trkpt lat="47.424151" lon="-121.405879"><ele>976.4</ele><time>2024-08-25T14:48:53Z</time></trkpt>
<trkpt lat="47.424062" lon="-121.405681"><ele>978.0</ele><time>2024-08-25T14:49:46Z</time></trkpt>
<trkpt lat="47.424008" lon="-121.405757"><ele>978.8</ele><time>2024-08-25T14:49:49Z</time></trkpt>
<trkpt lat="47.424012" lon="-121.405464"><ele>979.0</ele><time>2024-08-25T14:49:52Z</time></trkpt>
<trkpt lat="47.423872" lon="-121.405468"><ele>979.6</ele><time>2024-08-25T14:49:59Z</time></trkpt>
<trkpt lat="47.424402" lon="-121.405140"><ele>983.0</ele><time>2024-08-25T14:50:21Z</time></trkpt>
<trkpt lat="47.424283" lon="-121.405225"><ele>995.0</ele><time>2024-08-25T14:51:35Z</time></trkpt>
<trkpt lat="47.424192" lon="-121.405269"><ele>996.0</ele><time>2024-08-25T14:51:49Z</time></trkpt>
<trkpt lat="47.425451" lon="-121.405533"><ele>1007.2</ele><time>2024-08-25T14:53:46Z</time></trkpt>
<trkpt lat="47.425553" lon="-121.405493"><ele>1008.0</ele><time>2024-08-25T14:54:00Z</time></trkpt>
<trkpt lat="47.426249" lon="-121.405887"><ele>1015.4</ele><time>2024-08-25T14:55:15Z</time></trkpt>
<trkpt lat="47.426697" lon="-121.406024"><ele>1020.2</ele><time>2024-08-25T14:55:50Z</time></trkpt>
<trkpt lat="47.426811" lon="-121.406159"><ele>1020.2</ele><time>2024-08-25T14:56:02Z</time></trkpt>
<trkpt lat="47.427813" lon="-121.406455"><ele>1031.0</ele><time>2024-08-25T14:57:47Z</time></trkpt>
<trkpt lat="47.428007" lon="-121.406449"><ele>1031.8</ele><time>2024-08-25T14:57:53Z</time></trkpt>
<trkpt lat="47.428055" lon="-121.406572"><ele>1032.0</ele><time>2024-08-25T14:58:00Z</time></trkpt>
<trkpt lat="47.429246" lon="-121.407172"><ele>1046.0</ele><time>2024-08-25T15:00:00Z</time></trkpt>
<trkpt lat="47.429306" lon="-121.407133"><ele>1046.4</ele><time>2024-08-25T15:00:02Z</time></trkpt>
<trkpt lat="47.429294" lon="-121.407202"><ele>1047.0</ele><time>2024-08-25T15:00:07Z</time></trkpt>
<trkpt lat="47.429545" lon="-121.407416"><ele>1050.6</ele><time>2024-08-25T15:00:41Z</time></trkpt>
<trkpt lat="47.429599" lon="-121.407327"><ele>1051.0</ele><time>2024-08-25T15:00:44Z</time></trkpt>
<trkpt lat="47.429704" lon="-121.407367"><ele>1051.6</ele><time>2024-08-25T15:00:50Z</time></trkpt>
<trkpt lat="47.430083" lon="-121.407639"><ele>1057.2</ele><time>2024-08-25T15:01:30Z</time></trkpt>
<trkpt lat="47.431182" lon="-121.407357"><ele>1068.0</ele><time>2024-08-25T15:03:19Z</time></trkpt>
<trkpt lat="47.431342" lon="-121.407431"><ele>1069.0</ele><time>2024-08-25T15:03:28Z</time></trkpt>
<trkpt lat="47.432040" lon="-121.407188"><ele>1073.2</ele><time>2024-08-25T15:04:12Z</time></trkpt>
<trkpt lat="47.432400" lon="-121.407108"><ele>1082.0</ele><time>2024-08-25T15:05:24Z</time></trkpt>
<trkpt lat="47.432469" lon="-121.407176"><ele>1081.8</ele><time>2024-08-25T15:05:30Z</time></trkpt>
<trkpt lat="47.432894" lon="-121.406396"><ele>1092.0</ele><time>2024-08-25T15:07:22Z</time></trkpt>
<trkpt lat="47.432706" lon="-121.406543"><ele>1092.6</ele><time>2024-08-25T15:07:32Z</time></trkpt>
<trkpt lat="47.432210" lon="-121.406398"><ele>1098.2</ele><time>2024-08-25T15:08:30Z</time></trkpt>
<trkpt lat="47.431849" lon="-121.406414"><ele>1102.0</ele><time>2024-08-25T15:09:08Z</time></trkpt>
<trkpt lat="47.431707" lon="-121.406440"><ele>1103.8</ele><time>2024-08-25T15:09:17Z</time></trkpt>
<trkpt lat="47.431558" lon="-121.406596"><ele>1105.2</ele><time>2024-08-25T15:09:30Z</time></trkpt>
<trkpt lat="47.431090" lon="-121.406410"><ele>1110.4</ele><time>2024-08-25T15:10:36Z</time></trkpt>
<trkpt lat="47.430597" lon="-121.406076"><ele>1113.8</ele><time>2024-08-25T15:11:23Z</time></trkpt>
<trkpt lat="47.430438" lon="-121.406093"><ele>1114.4</ele><time>2024-08-25T15:11:34Z</time></trkpt>
<trkpt lat="47.429891" lon="-121.405833"><ele>1125.8</ele><time>2024-08-25T15:13:20Z</time></trkpt>
<trkpt lat="47.429817" lon="-121.405730"><ele>1126.4</ele><time>2024-08-25T15:13:30Z</time></trkpt>
<trkpt lat="47.429843" lon="-121.405790"><ele>1127.0</ele><time>2024-08-25T15:13:32Z</time></trkpt>
<trkpt lat="47.430571" lon="-121.405819"><ele>1133.0</ele><time>2024-08-25T15:15:34Z</time></trkpt>
<trkpt lat="47.430920" lon="-121.405997"><ele>1134.8</ele><time>2024-08-25T15:17:24Z</time></trkpt>
<trkpt lat="47.432162" lon="-121.405145"><ele>1150.0</ele><time>2024-08-25T15:19:28Z</time></trkpt>
<trkpt lat="47.432164" lon="-121.405256"><ele>1150.0</ele><time>2024-08-25T15:19:32Z</time></trkpt>
<trkpt lat="47.432417" lon="-121.404997"><ele>1153.2</ele><time>2024-08-25T15:20:05Z</time></trkpt>
<trkpt lat="47.432978" lon="-121.404168"><ele>1161.2</ele><time>2024-08-25T15:21:20Z</time></trkpt>
<trkpt lat="47.432994" lon="-121.403987"><ele>1161.2</ele><time>2024-08-25T15:21:24Z</time></trkpt>
<trkpt lat="47.432992" lon="-121.404120"><ele>1162.2</ele><time>2024-08-25T15:21:31Z</time></trkpt>
<trkpt lat="47.433365" lon="-121.403094"><ele>1168.4</ele><time>2024-08-25T15:22:47Z</time></trkpt>
<trkpt lat="47.433563" lon="-121.402862"><ele>1170.2</ele><time>2024-08-25T15:23:15Z</time></trkpt>
<trkpt lat="47.433472" lon="-121.403041"><ele>1170.8</ele><time>2024-08-25T15:23:24Z</time></trkpt>
<trkpt lat="47.433499" lon="-121.403108"><ele>1170.6</ele><time>2024-08-25T15:23:32Z</time></trkpt>
<trkpt lat="47.436496" lon="-121.399500"><ele>1148.4</ele><time>2024-08-25T15:30:04Z</time></trkpt>
<trkpt lat="47.437097" lon="-121.399218"><ele>1149.4</ele><time>2024-08-25T15:31:19Z</time></trkpt>
<trkpt lat="47.437781" lon="-121.398688"><ele>1147.0</ele><time>2024-08-25T15:32:03Z</time></trkpt>
<trkpt lat="47.438344" lon="-121.398457"><ele>1142.4</ele><time>2024-08-25T15:34:05Z</time></trkpt>
<trkpt lat="47.438780" lon="-121.398292"><ele>1150.6</ele><time>2024-08-25T15:35:13Z</time></trkpt>
<trkpt lat="47.439400" lon="-121.397609"><ele>1154.4</ele><time>2024-08-25T15:36:10Z</time></trkpt>
<trkpt lat="47.440243" lon="-121.397102"><ele>1165.8</ele><time>2024-08-25T15:37:53Z</time></trkpt>
<trkpt lat="47.440245" lon="-121.396964"><ele>1166.6</ele><time>2024-08-25T15:37:57Z</time></trkpt>
<trkpt lat="47.441255" lon="-121.395917"><ele>1179.8</ele><time>2024-08-25T15:39:57Z</time></trkpt>
<trkpt lat="47.441371" lon="-121.395908"><ele>1180.8</ele><time>2024-08-25T15:40:08Z</time></trkpt>
<trkpt lat="47.441760" lon="-121.395454"><ele>1186.2</ele><time>2024-08-25T15:40:55Z</time></trkpt>
<trkpt lat="47.442997" lon="-121.394481"><ele>1200.4</ele><time>2024-08-25T15:43:03Z</time></trkpt>
<trkpt lat="47.443776" lon="-121.393436"><ele>1211.0</ele><time>2024-08-25T15:44:48Z</time></trkpt>
<trkpt lat="47.443931" lon="-121.393430"><ele>1212.6</ele><time>2024-08-25T15:45:04Z</time></trkpt>
<trkpt lat="47.443909" lon="-121.393249"><ele>1213.8</ele><time>2024-08-25T15:45:18Z</time></trkpt>
<trkpt lat="47.443270" lon="-121.393622"><ele>1221.6</ele><time>2024-08-25T15:46:49Z</time></trkpt>
<trkpt lat="47.442660" lon="-121.393678"><ele>1226.0</ele><time>2024-08-25T15:47:32Z</time></trkpt>
<trkpt lat="47.441964" lon="-121.394034"><ele>1236.6</ele><time>2024-08-25T15:48:50Z</time></trkpt>
<trkpt lat="47.441858" lon="-121.394001"><ele>1237.2</ele><time>2024-08-25T15:48:55Z</time></trkpt>
<trkpt lat="47.440753" lon="-121.394502"><ele>1249.6</ele><time>2024-08-25T15:50:50Z</time></trkpt>
<trkpt lat="47.440747" lon="-121.394743"><ele>1250.2</ele><time>2024-08-25T15:50:52Z</time></trkpt>
<trkpt lat="47.440694" lon="-121.394628"><ele>1251.2</ele><time>2024-08-25T15:50:57Z</time></trkpt>
<trkpt lat="47.440153" lon="-121.394673"><ele>1254.8</ele><time>2024-08-25T15:51:42Z</time></trkpt>
<trkpt lat="47.439438" lon="-121.394461"><ele>1262.6</ele><time>2024-08-25T15:52:58Z</time></trkpt>
<trkpt lat="47.438338" lon="-121.394298"><ele>1275.8</ele><time>2024-08-25T15:54:51Z</time></trkpt>
<trkpt lat="47.438223" lon="-121.394154"><ele>1276.2</ele><time>2024-08-25T15:54:58Z</time></trkpt>
<trkpt lat="47.437097" lon="-121.393791"><ele>1291.0</ele><time>2024-08-25T15:56:59Z</time></trkpt>
<trkpt lat="47.436826" lon="-121.393877"><ele>1294.2</ele><time>2024-08-25T15:57:40Z</time></trkpt>
<trkpt lat="47.436721" lon="-121.393719"><ele>1296.0</ele><time>2024-08-25T15:58:00Z</time></trkpt>
<trkpt lat="47.436270" lon="-121.393844"><ele>1299.4</ele><time>2024-08-25T15:58:53Z</time></trkpt>
<trkpt lat="47.435785" lon="-121.394116"><ele>1303.4</ele><time>2024-08-25T15:59:45Z</time></trkpt>
<trkpt lat="47.435670" lon="-121.394390"><ele>1308.2</ele><time>2024-08-25T16:00:35Z</time></trkpt>
<trkpt lat="47.435359" lon="-121.394594"><ele>1310.4</ele><time>2024-08-25T16:00:59Z</time></trkpt>
<trkpt lat="47.434657" lon="-121.395850"><ele>1323.8</ele><time>2024-08-25T16:02:49Z</time></trkpt>
<trkpt lat="47.434754" lon="-121.395890"><ele>1323.8</ele><time>2024-08-25T16:02:52Z</time></trkpt>
<trkpt lat="47.434694" lon="-121.395951"><ele>1324.4</ele><time>2024-08-25T16:02:57Z</time></trkpt>
<trkpt lat="47.434666" lon="-121.396199"><ele>1327.8</ele><time>2024-08-25T16:03:11Z</time></trkpt>
<trkpt lat="47.434310" lon="-121.396803"><ele>1339.0</ele><time>2024-08-25T16:04:35Z</time></trkpt>
<trkpt lat="47.434157" lon="-121.396918"><ele>1340.6</ele><time>2024-08-25T16:04:47Z</time></trkpt>
<trkpt lat="47.434157" lon="-121.397077"><ele>1341.0</ele><time>2024-08-25T16:04:50Z</time></trkpt>
<trkpt lat="47.434012" lon="-121.397046"><ele>1341.2</ele><time>2024-08-25T16:04:51Z</time></trkpt>
<trkpt lat="47.434179" lon="-121.397109"><ele>1342.2</ele><time>2024-08-25T16:04:55Z</time></trkpt>
<trkpt lat="47.434137" lon="-121.397260"><ele>1342.8</ele><time>2024-08-25T16:05:04Z</time></trkpt>
<trkpt lat="47.433491" lon="-121.397429"><ele>1353.4</ele><time>2024-08-25T16:06:08Z</time></trkpt>
<trkpt lat="47.432775" lon="-121.397725"><ele>1357.6</ele><time>2024-08-25T16:06:54Z</time></trkpt>
<trkpt lat="47.432870" lon="-121.397640"><ele>1358.0</ele><time>2024-08-25T16:07:00Z</time></trkpt>
<trkpt lat="47.433144" lon="-121.398023"><ele>1361.2</ele><time>2024-08-25T16:07:20Z</time></trkpt>
<trkpt lat="47.433269" lon="-121.398061"><ele>1362.4</ele><time>2024-08-25T16:07:33Z</time></trkpt>
<trkpt lat="47.433237" lon="-121.398424"><ele>1363.8</ele><time>2024-08-25T16:07:49Z</time></trkpt>
<trkpt lat="47.433067" lon="-121.398611"><ele>1365.4</ele><time>2024-08-25T16:08:01Z</time></trkpt>
<trkpt lat="47.432909" lon="-121.398616"><ele>1365.8</ele><time>2024-08-25T16:08:15Z</time></trkpt>
<trkpt lat="47.432867" lon="-121.398681"><ele>1373.2</ele><time>2024-08-25T16:09:13Z</time></trkpt>
<trkpt lat="47.432902" lon="-121.398729"><ele>1373.6</ele><time>2024-08-25T16:09:22Z</time></trkpt>
<trkpt lat="47.432802" lon="-121.398307"><ele>1373.6</ele><time>2024-08-25T16:09:24Z</time></trkpt>
<trkpt lat="47.432841" lon="-121.398148"><ele>1376.2</ele><time>2024-08-25T16:09:40Z</time></trkpt>
<trkpt lat="47.432773" lon="-121.398074"><ele>1379.2</ele><time>2024-08-25T16:10:05Z</time></trkpt>
<trkpt lat="47.432710" lon="-121.397640"><ele>1383.6</ele><time>2024-08-25T16:10:43Z</time></trkpt>
<trkpt lat="47.432856" lon="-121.396911"><ele>1390.6</ele><time>2024-08-25T16:11:50Z</time></trkpt>
<trkpt lat="47.432775" lon="-121.396914"><ele>1391.2</ele><time>2024-08-25T16:11:58Z</time></trkpt>
<trkpt lat="47.432966" lon="-121.396262"><ele>1395.0</ele><time>2024-08-25T16:13:03Z</time></trkpt>
<trkpt lat="47.433172" lon="-121.394890"><ele>1406.0</ele><time>2024-08-25T16:14:15Z</time></trkpt>
<trkpt lat="47.433382" lon="-121.394444"><ele>1414.8</ele><time>2024-08-25T16:15:05Z</time></trkpt>
<trkpt lat="47.433405" lon="-121.393942"><ele>1420.4</ele><time>2024-08-25T16:15:52Z</time></trkpt>
<trkpt lat="47.433526" lon="-121.393696"><ele>1424.6</ele><time>2024-08-25T16:16:23Z</time></trkpt>
<trkpt lat="47.433519" lon="-121.393349"><ele>1426.2</ele><time>2024-08-25T16:16:43Z</time></trkpt>
<trkpt lat="47.433728" lon="-121.392789"><ele>1428.8</ele><time>2024-08-25T16:17:43Z</time></trkpt>
<trkpt lat="47.433722" lon="-121.392320"><ele>1429.6</ele><time>2024-08-25T16:18:11Z</time></trkpt>
<trkpt lat="47.433787" lon="-121.391981"><ele>1432.0</ele><time>2024-08-25T16:18:33Z</time></trkpt>
<trkpt lat="47.433947" lon="-121.391810"><ele>1431.0</ele><time>2024-08-25T16:19:23Z</time></trkpt>
<trkpt lat="47.433972" lon="-121.391610"><ele>1429.8</ele><time>2024-08-25T16:19:53Z</time></trkpt>
<trkpt lat="47.434046" lon="-121.391584"><ele>1429.8</ele><time>2024-08-25T16:19:56Z</time></trkpt>
<trkpt lat="47.433902" lon="-121.391508"><ele>1429.8</ele><time>2024-08-25T16:20:00Z</time></trkpt>
<trkpt lat="47.433975" lon="-121.391529"><ele>1429.8</ele><time>2024-08-25T16:20:04Z</time></trkpt>
<trkpt lat="47.434016" lon="-121.391377"><ele>1429.6</ele><time>2024-08-25T16:20:40Z</time></trkpt>
<trkpt lat="47.434140" lon="-121.391227"><ele>1435.2</ele><time>2024-08-25T16:21:02Z</time></trkpt>
<trkpt lat="47.434157" lon="-121.390716"><ele>1445.6</ele><time>2024-08-25T16:21:55Z</time></trkpt>
<trkpt lat="47.434102" lon="-121.390502"><ele>1447.8</ele><time>2024-08-25T16:22:05Z</time></trkpt>
<trkpt lat="47.434206" lon="-121.389784"><ele>1462.2</ele><time>2024-08-25T16:23:55Z</time></trkpt>
<trkpt lat="47.434315" lon="-121.389654"><ele>1463.2</ele><time>2024-08-25T16:24:04Z</time></trkpt>
<trkpt lat="47.434347" lon="-121.389481"><ele>1468.4</ele><time>2024-08-25T16:24:36Z</time></trkpt>
<trkpt lat="47.434086" lon="-121.388738"><ele>1469.0</ele><time>2024-08-25T16:25:26Z</time></trkpt>
<trkpt lat="47.434046" lon="-121.388160"><ele>1472.4</ele><time>2024-08-25T16:25:50Z</time></trkpt>
<trkpt lat="47.433871" lon="-121.388042"><ele>1472.8</ele><time>2024-08-25T16:25:53Z</time></trkpt>
<trkpt lat="47.433942" lon="-121.387982"><ele>1473.6</ele><time>2024-08-25T16:25:57Z</time></trkpt>
<trkpt lat="47.434008" lon="-121.387641"><ele>1476.0</ele><time>2024-08-25T16:26:20Z</time></trkpt>
<trkpt lat="47.434469" lon="-121.386606"><ele>1480.2</ele><time>2024-08-25T16:27:36Z</time></trkpt>
<trkpt lat="47.434630" lon="-121.386468"><ele>1481.2</ele><time>2024-08-25T16:27:50Z</time></trkpt>
<trkpt lat="47.434605" lon="-121.386344"><ele>1481.6</ele><time>2024-08-25T16:27:54Z</time></trkpt>
<trkpt lat="47.434572" lon="-121.386391"><ele>1482.4</ele><time>2024-08-25T16:27:58Z</time></trkpt>
<trkpt lat="47.434887" lon="-121.386030"><ele>1482.6</ele><time>2024-08-25T16:28:20Z</time></trkpt>
<trkpt lat="47.435232" lon="-121.385793"><ele>1483.6</ele><time>2024-08-25T16:28:50Z</time></trkpt>
<trkpt lat="47.435466" lon="-121.385272"><ele>1482.2</ele><time>2024-08-25T16:29:26Z</time></trkpt>
<trkpt lat="47.435765" lon="-121.385317"><ele>1482.0</ele><time>2024-08-25T16:29:55Z</time></trkpt>
<trkpt lat="47.436508" lon="-121.385142"><ele>1487.0</ele><time>2024-08-25T16:30:56Z</time></trkpt>
<trkpt lat="47.437001" lon="-121.385115"><ele>1491.2</ele><time>2024-08-25T16:31:51Z</time></trkpt>
<trkpt lat="47.436958" lon="-121.385179"><ele>1491.8</ele><time>2024-08-25T16:31:54Z</time></trkpt>
<trkpt lat="47.437273" lon="-121.385196"><ele>1493.2</ele><time>2024-08-25T16:32:23Z</time></trkpt>
<trkpt lat="47.437961" lon="-121.385400"><ele>1502.4</ele><time>2024-08-25T16:33:47Z</time></trkpt>
<trkpt lat="47.438175" lon="-121.385573"><ele>1503.8</ele><time>2024-08-25T16:34:07Z</time></trkpt>
<trkpt lat="47.438723" lon="-121.385728"><ele>1508.6</ele><time>2024-08-25T16:35:23Z</time></trkpt>
<trkpt lat="47.439365" lon="-121.386043"><ele>1514.0</ele><time>2024-08-25T16:36:21Z</time></trkpt>
<trkpt lat="47.439559" lon="-121.386342"><ele>1518.2</ele><time>2024-08-25T16:37:33Z</time></trkpt>
<trkpt lat="47.439792" lon="-121.386462"><ele>1520.4</ele><time>2024-08-25T16:37:56Z</time></trkpt>
<trkpt lat="47.439817" lon="-121.386394"><ele>1520.6</ele><time>2024-08-25T16:37:58Z</time></trkpt>
<trkpt lat="47.440776" lon="-121.386559"><ele>1531.8</ele><time>2024-08-25T16:39:54Z</time></trkpt>
<trkpt lat="47.440807" lon="-121.386788"><ele>1532.0</ele><time>2024-08-25T16:39:56Z</time></trkpt>
<trkpt lat="47.441258" lon="-121.387000"><ele>1538.4</ele><time>2024-08-25T16:40:43Z</time></trkpt>
<trkpt lat="47.441647" lon="-121.387270"><ele>1549.2</ele><time>2024-08-25T16:41:48Z</time></trkpt>
<trkpt lat="47.441682" lon="-121.387204"><ele>1549.4</ele><time>2024-08-25T16:41:50Z</time></trkpt>
<trkpt lat="47.441791" lon="-121.387447"><ele>1550.6</ele><time>2024-08-25T16:42:00Z</time></trkpt>
<trkpt lat="47.442371" lon="-121.387496"><ele>1551.8</ele><time>2024-08-25T16:42:47Z</time></trkpt>
<trkpt lat="47.442834" lon="-121.387575"><ele>1559.4</ele><time>2024-08-25T16:43:55Z</time></trkpt>
<trkpt lat="47.442848" lon="-121.387710"><ele>1560.0</ele><time>2024-08-25T16:43:59Z</time></trkpt>
<trkpt lat="47.443141" lon="-121.387864"><ele>1562.2</ele><time>2024-08-25T16:44:25Z</time></trkpt>
<trkpt lat="47.443248" lon="-121.387882"><ele>1564.2</ele><time>2024-08-25T16:44:43Z</time></trkpt>
<trkpt lat="47.443305" lon="-121.387805"><ele>1564.6</ele><time>2024-08-25T16:44:46Z</time></trkpt>
<trkpt lat="47.443314" lon="-121.387899"><ele>1565.0</ele><time>2024-08-25T16:44:48Z</time></trkpt>
<trkpt lat="47.443665" lon="-121.387762"><ele>1572.0</ele><time>2024-08-25T16:45:31Z</time></trkpt>
<trkpt lat="47.443867" lon="-121.387831"><ele>1574.0</ele><time>2024-08-25T16:45:46Z</time></trkpt>
<trkpt lat="47.443742" lon="-121.387678"><ele>1573.6</ele><time>2024-08-25T16:45:51Z</time></trkpt>
<trkpt lat="47.443850" lon="-121.387635"><ele>1574.4</ele><time>2024-08-25T16:45:58Z</time></trkpt>
<trkpt lat="47.443977" lon="-121.387726"><ele>1574.4</ele><time>2024-08-25T16:46:07Z</time></trkpt>
<trkpt lat="47.444229" lon="-121.387653"><ele>1576.4</ele><time>2024-08-25T16:46:26Z</time></trkpt>
<trkpt lat="47.444714" lon="-121.387424"><ele>1587.0</ele><time>2024-08-25T16:47:51Z</time></trkpt>
<trkpt lat="47.444676" lon="-121.387385"><ele>1587.0</ele><time>2024-08-25T16:47:52Z</time></trkpt>
<trkpt lat="47.444635" lon="-121.387589"><ele>1588.6</ele><time>2024-08-25T16:48:07Z</time></trkpt>
<trkpt lat="47.444187" lon="-121.387312"><ele>1595.4</ele><time>2024-08-25T16:49:06Z</time></trkpt>
<trkpt lat="47.444106" lon="-121.387369"><ele>1602.2</ele><time>2024-08-25T16:49:58Z</time></trkpt>
<trkpt lat="47.443999" lon="-121.386985"><ele>1609.6</ele><time>2024-08-25T16:50:52Z</time></trkpt>
<trkpt lat="47.444029" lon="-121.386872"><ele>1610.2</ele><time>2024-08-25T16:50:58Z</time></trkpt>
<trkpt lat="47.445078" lon="-121.386884"><ele>1625.6</ele><time>2024-08-25T16:52:58Z</time></trkpt>
<trkpt lat="47.445765" lon="-121.385839"><ele>1638.8</ele><time>2024-08-25T16:54:48Z</time></trkpt>
<trkpt lat="47.445943" lon="-121.385836"><ele>1640.0</ele><time>2024-08-25T16:55:02Z</time></trkpt>
<trkpt lat="47.446465" lon="-121.385334"><ele>1651.0</ele><time>2024-08-25T16:56:12Z</time></trkpt>
<trkpt lat="47.446574" lon="-121.385095"><ele>1652.0</ele><time>2024-08-25T16:56:38Z</time></trkpt>
<trkpt lat="47.446681" lon="-121.385091"><ele>1652.6</ele><time>2024-08-25T16:56:49Z</time></trkpt>
<trkpt lat="47.446732" lon="-121.384775"><ele>1657.2</ele><time>2024-08-25T16:57:08Z</time></trkpt>
<trkpt lat="47.446751" lon="-121.384094"><ele>1651.8</ele><time>2024-08-25T16:58:04Z</time></trkpt>
<trkpt lat="47.447055" lon="-121.383086"><ele>1650.2</ele><time>2024-08-25T16:58:52Z</time></trkpt>
<trkpt lat="47.447009" lon="-121.383127"><ele>1649.8</ele><time>2024-08-25T16:58:57Z</time></trkpt>
<trkpt lat="47.447075" lon="-121.383163"><ele>1648.6</ele><time>2024-08-25T16:59:08Z</time></trkpt>
<trkpt lat="47.447198" lon="-121.382973"><ele>1646.6</ele><time>2024-08-25T16:59:36Z</time></trkpt>
<trkpt lat="47.447694" lon="-121.382582"><ele>1643.0</ele><time>2024-08-25T17:00:30Z</time></trkpt>
<trkpt lat="47.447893" lon="-121.382224"><ele>1640.2</ele><time>2024-08-25T17:00:49Z</time></trkpt>
<trkpt lat="47.448025" lon="-121.381817"><ele>1642.6</ele><time>2024-08-25T17:01:08Z</time></trkpt>
<trkpt lat="47.449308" lon="-121.380616"><ele>1629.6</ele><time>2024-08-25T17:03:38Z</time></trkpt>
<trkpt lat="47.449365" lon="-121.380612"><ele>1631.2</ele><time>2024-08-25T17:03:52Z</time></trkpt>
<trkpt lat="47.449495" lon="-121.380342"><ele>1631.8</ele><time>2024-08-25T17:04:12Z</time></trkpt>
<trkpt lat="47.450016" lon="-121.379958"><ele>1636.0</ele><time>2024-08-25T17:05:02Z</time></trkpt>
<trkpt lat="47.450043" lon="-121.379831"><ele>1637.0</ele><time>2024-08-25T17:05:08Z</time></trkpt>
<trkpt lat="47.450568" lon="-121.379341"><ele>1636.4</ele><time>2024-08-25T17:05:54Z</time></trkpt>
<trkpt lat="47.450954" lon="-121.379251"><ele>1641.4</ele><time>2024-08-25T17:06:34Z</time></trkpt>
<trkpt lat="47.451116" lon="-121.379134"><ele>1642.6</ele><time>2024-08-25T17:06:57Z</time></trkpt>
<trkpt lat="47.451151" lon="-121.379231"><ele>1643.8</ele><time>2024-08-25T17:07:07Z</time></trkpt>
<trkpt lat="47.451819" lon="-121.378668"><ele>1650.2</ele><time>2024-08-25T17:09:05Z</time></trkpt>
<trkpt lat="47.452104" lon="-121.378635"><ele>1645.6</ele><time>2024-08-25T17:10:14Z</time></trkpt>
<trkpt lat="47.452467" lon="-121.378470"><ele>1645.2</ele><time>2024-08-25T17:11:01Z</time></trkpt>
<trkpt lat="47.452523" lon="-121.378388"><ele>1645.8</ele><time>2024-08-25T17:11:08Z</time></trkpt>
<trkpt lat="47.452480" lon="-121.378344"><ele>1646.6</ele><time>2024-08-25T17:11:22Z</time></trkpt>
<trkpt lat="47.452629" lon="-121.378168"><ele>1646.8</ele><time>2024-08-25T17:13:09Z</time></trkpt>
<trkpt lat="47.452605" lon="-121.378461"><ele>1646.2</ele><time>2024-08-25T17:14:50Z</time></trkpt>
<trkpt lat="47.452680" lon="-121.378309"><ele>1646.6</ele><time>2024-08-25T17:14:55Z</time></trkpt>
<trkpt lat="47.452655" lon="-121.378165"><ele>1646.6</ele><time>2024-08-25T17:15:00Z</time></trkpt>
<trkpt lat="47.452583" lon="-121.378194"><ele>1647.6</ele><time>2024-08-25T17:16:45Z</time></trkpt>
<trkpt lat="47.452617" lon="-121.378166"><ele>1648.4</ele><time>2024-08-25T17:16:57Z</time></trkpt>
<trkpt lat="47.452689" lon="-121.378281"><ele>1650.6</ele><time>2024-08-25T17:18:51Z</time></trkpt>
<trkpt lat="47.452657" lon="-121.378179"><ele>1649.8</ele><time>2024-08-25T17:19:10Z</time></trkpt>
<trkpt lat="47.452568" lon="-121.378232"><ele>1648.4</ele><time>2024-08-25T17:20:56Z</time></trkpt>
<trkpt lat="47.452636" lon="-121.378176"><ele>1648.4</ele><time>2024-08-25T17:20:58Z</time></trkpt>
<trkpt lat="47.452659" lon="-121.378245"><ele>1648.4</ele><time>2024-08-25T17:21:13Z</time></trkpt>
<trkpt lat="47.452692" lon="-121.378172"><ele>1649.8</ele><time>2024-08-25T17:21:39Z</time></trkpt>
<trkpt lat="47.452665" lon="-121.378258"><ele>1649.2</ele><time>2024-08-25T17:24:39Z</time></trkpt>
<trkpt lat="47.452813" lon="-121.378253"><ele>1650.4</ele><time>2024-08-25T17:25:02Z</time></trkpt>
<trkpt lat="47.452692" lon="-121.378170"><ele>1651.0</ele><time>2024-08-25T17:27:03Z</time></trkpt>
<trkpt lat="47.452610" lon="-121.378268"><ele>1650.4</ele><time>2024-08-25T17:28:35Z</time></trkpt>
<trkpt lat="47.452694" lon="-121.378178"><ele>1651.8</ele><time>2024-08-25T17:29:05Z</time></trkpt>
<trkpt lat="47.452759" lon="-121.378247"><ele>1652.0</ele><time>2024-08-25T17:30:52Z</time></trkpt>
<trkpt lat="47.452638" lon="-121.378187"><ele>1651.8</ele><time>2024-08-25T17:32:14Z</time></trkpt>
<trkpt lat="47.452999" lon="-121.377972"><ele>1651.2</ele><time>2024-08-25T17:33:48Z</time></trkpt>
<trkpt lat="47.453712" lon="-121.377676"><ele>1645.6</ele><time>2024-08-25T17:34:50Z</time></trkpt>
<trkpt lat="47.453885" lon="-121.377436"><ele>1645.4</ele><time>2024-08-25T17:34:58Z</time></trkpt>
<trkpt lat="47.454060" lon="-121.377382"><ele>1645.4</ele><time>2024-08-25T17:35:10Z</time></trkpt>
<trkpt lat="47.454492" lon="-121.376966"><ele>1646.4</ele><time>2024-08-25T17:35:38Z</time></trkpt>
<trkpt lat="47.454514" lon="-121.376709"><ele>1646.2</ele><time>2024-08-25T17:36:06Z</time></trkpt>
<trkpt lat="47.454802" lon="-121.376230"><ele>1644.0</ele><time>2024-08-25T17:36:54Z</time></trkpt>
<trkpt lat="47.454739" lon="-121.375953"><ele>1643.0</ele><time>2024-08-25T17:37:06Z</time></trkpt>
<trkpt lat="47.454776" lon="-121.375045"><ele>1641.6</ele><time>2024-08-25T17:37:50Z</time></trkpt>
<trkpt lat="47.455124" lon="-121.374747"><ele>1642.0</ele><time>2024-08-25T17:38:32Z</time></trkpt>
<trkpt lat="47.455323" lon="-121.374331"><ele>1641.4</ele><time>2024-08-25T17:38:54Z</time></trkpt>
<trkpt lat="47.455238" lon="-121.374258"><ele>1641.8</ele><time>2024-08-25T17:39:03Z</time></trkpt>
<trkpt lat="47.455325" lon="-121.374232"><ele>1642.4</ele><time>2024-08-25T17:39:11Z</time></trkpt>
<trkpt lat="47.455482" lon="-121.373844"><ele>1641.8</ele><time>2024-08-25T17:39:24Z</time></trkpt>
<trkpt lat="47.456101" lon="-121.373055"><ele>1642.0</ele><time>2024-08-25T17:40:54Z</time></trkpt>
<trkpt lat="47.456069" lon="-121.373025"><ele>1641.8</ele><time>2024-08-25T17:41:07Z</time></trkpt>
<trkpt lat="47.456216" lon="-121.372660"><ele>1642.2</ele><time>2024-08-25T17:41:58Z</time></trkpt>
<trkpt lat="47.456427" lon="-121.372491"><ele>1641.0</ele><time>2024-08-25T17:42:22Z</time></trkpt>
<trkpt lat="47.456639" lon="-121.371316"><ele>1641.8</ele><time>2024-08-25T17:43:20Z</time></trkpt>
<trkpt lat="47.456814" lon="-121.370896"><ele>1642.4</ele><time>2024-08-25T17:44:08Z</time></trkpt>
<trkpt lat="47.457164" lon="-121.370652"><ele>1640.2</ele><time>2024-08-25T17:44:46Z</time></trkpt>
<trkpt lat="47.457129" lon="-121.370310"><ele>1639.6</ele><time>2024-08-25T17:45:11Z</time></trkpt>
<trkpt lat="47.457608" lon="-121.369789"><ele>1643.8</ele><time>2024-08-25T17:45:56Z</time></trkpt>
<trkpt lat="47.457970" lon="-121.369277"><ele>1650.8</ele><time>2024-08-25T17:47:09Z</time></trkpt>
<trkpt lat="47.458095" lon="-121.369237"><ele>1652.0</ele><time>2024-08-25T17:47:18Z</time></trkpt>
<trkpt lat="47.458181" lon="-121.368915"><ele>1653.8</ele><time>2024-08-25T17:47:54Z</time></trkpt>
<trkpt lat="47.458404" lon="-121.368662"><ele>1657.8</ele><time>2024-08-25T17:48:42Z</time></trkpt>
<trkpt lat="47.458451" lon="-121.368632"><ele>1659.0</ele><time>2024-08-25T17:48:52Z</time></trkpt>
<trkpt lat="47.458592" lon="-121.368854"><ele>1657.2</ele><time>2024-08-25T17:49:09Z</time></trkpt>
<trkpt lat="47.459190" lon="-121.369103"><ele>1651.6</ele><time>2024-08-25T17:50:25Z</time></trkpt>
<trkpt lat="47.460046" lon="-121.369142"><ele>1639.2</ele><time>2024-08-25T17:51:59Z</time></trkpt>
<trkpt lat="47.460688" lon="-121.369274"><ele>1637.2</ele><time>2024-08-25T17:53:08Z</time></trkpt>
<trkpt lat="47.461497" lon="-121.368342"><ele>1619.2</ele><time>2024-08-25T17:54:56Z</time></trkpt>
<trkpt lat="47.461878" lon="-121.368021"><ele>1607.8</ele><time>2024-08-25T17:56:12Z</time></trkpt>
<trkpt lat="47.462099" lon="-121.367635"><ele>1603.2</ele><time>2024-08-25T17:56:58Z</time></trkpt>
<trkpt lat="47.462245" lon="-121.367679"><ele>1602.4</ele><time>2024-08-25T17:57:06Z</time></trkpt>
<trkpt lat="47.462259" lon="-121.367556"><ele>1600.8</ele><time>2024-08-25T17:57:17Z</time></trkpt>
<trkpt lat="47.462037" lon="-121.367404"><ele>1596.4</ele><time>2024-08-25T17:57:45Z</time></trkpt>
<trkpt lat="47.461926" lon="-121.367192"><ele>1593.8</ele><time>2024-08-25T17:58:58Z</time></trkpt>
<trkpt lat="47.462031" lon="-121.367197"><ele>1590.2</ele><time>2024-08-25T18:00:52Z</time></trkpt>
<trkpt lat="47.461956" lon="-121.367168"><ele>1590.8</ele><time>2024-08-25T18:01:03Z</time></trkpt>
<trkpt lat="47.461937" lon="-121.367237"><ele>1587.0</ele><time>2024-08-25T18:02:53Z</time></trkpt>
<trkpt lat="47.462015" lon="-121.367187"><ele>1586.8</ele><time>2024-08-25T18:03:05Z</time></trkpt>
<trkpt lat="47.461929" lon="-121.367163"><ele>1587.0</ele><time>2024-08-25T18:04:58Z</time></trkpt>
<trkpt lat="47.462001" lon="-121.367191"><ele>1586.8</ele><time>2024-08-25T18:05:04Z</time></trkpt>
<trkpt lat="47.461926" lon="-121.367211"><ele>1587.0</ele><time>2024-08-25T18:09:00Z</time></trkpt>
<trkpt lat="47.461966" lon="-121.367193"><ele>1586.8</ele><time>2024-08-25T18:09:10Z</time></trkpt>
<trkpt lat="47.461920" lon="-121.367302"><ele>1585.2</ele><time>2024-08-25T18:10:59Z</time></trkpt>
<trkpt lat="47.462012" lon="-121.367140"><ele>1586.6</ele><time>2024-08-25T18:12:52Z</time></trkpt>
<trkpt lat="47.461990" lon="-121.367306"><ele>1586.6</ele><time>2024-08-25T18:15:06Z</time></trkpt>
<trkpt lat="47.461869" lon="-121.367349"><ele>1586.2</ele><time>2024-08-25T18:16:55Z</time></trkpt>
<trkpt lat="47.461996" lon="-121.367179"><ele>1587.8</ele><time>2024-08-25T18:20:06Z</time></trkpt>
<trkpt lat="47.461962" lon="-121.367348"><ele>1587.6</ele><time>2024-08-25T18:20:26Z</time></trkpt>
<trkpt lat="47.462023" lon="-121.367240"><ele>1589.0</ele><time>2024-08-25T18:21:00Z</time></trkpt>
<trkpt lat="47.461991" lon="-121.367201"><ele>1588.8</ele><time>2024-08-25T18:21:06Z</time></trkpt>
<trkpt lat="47.462046" lon="-121.367278"><ele>1589.6</ele><time>2024-08-25T18:21:52Z</time></trkpt>
<trkpt lat="47.462336" lon="-121.367263"><ele>1595.6</ele><time>2024-08-25T18:22:55Z</time></trkpt>
<trkpt lat="47.462238" lon="-121.367138"><ele>1598.0</ele><time>2024-08-25T18:23:13Z</time></trkpt>
<trkpt lat="47.462094" lon="-121.366288"><ele>1607.6</ele><time>2024-08-25T18:24:26Z</time></trkpt>
<trkpt lat="47.462043" lon="-121.365827"><ele>1607.0</ele><time>2024-08-25T18:24:57Z</time></trkpt>
<trkpt lat="47.462079" lon="-121.365635"><ele>1606.6</ele><time>2024-08-25T18:25:11Z</time></trkpt>
<trkpt lat="47.462467" lon="-121.364997"><ele>1607.2</ele><time>2024-08-25T18:26:28Z</time></trkpt>
<trkpt lat="47.462506" lon="-121.364753"><ele>1609.0</ele><time>2024-08-25T18:26:55Z</time></trkpt>
<trkpt lat="47.462542" lon="-121.364775"><ele>1609.0</ele><time>2024-08-25T18:27:02Z</time></trkpt>
<trkpt lat="47.462667" lon="-121.364413"><ele>1605.6</ele><time>2024-08-25T18:27:28Z</time></trkpt>
<trkpt lat="47.462770" lon="-121.363867"><ele>1600.0</ele><time>2024-08-25T18:28:12Z</time></trkpt>
<trkpt lat="47.463102" lon="-121.363298"><ele>1601.0</ele><time>2024-08-25T18:28:55Z</time></trkpt>
<trkpt lat="47.463401" lon="-121.362948"><ele>1601.0</ele><time>2024-08-25T18:29:30Z</time></trkpt>
<trkpt lat="47.463917" lon="-121.362018"><ele>1597.8</ele><time>2024-08-25T18:30:55Z</time></trkpt>
<trkpt lat="47.463930" lon="-121.361903"><ele>1596.6</ele><time>2024-08-25T18:31:00Z</time></trkpt>
<trkpt lat="47.463985" lon="-121.361899"><ele>1595.4</ele><time>2024-08-25T18:31:04Z</time></trkpt>
<trkpt lat="47.463881" lon="-121.360015"><ele>1578.2</ele><time>2024-08-25T18:33:23Z</time></trkpt>
<trkpt lat="47.464098" lon="-121.359806"><ele>1573.6</ele><time>2024-08-25T18:34:03Z</time></trkpt>
<trkpt lat="47.464110" lon="-121.359511"><ele>1569.6</ele><time>2024-08-25T18:34:27Z</time></trkpt>
<trkpt lat="47.464392" lon="-121.358602"><ele>1560.8</ele><time>2024-08-25T18:35:09Z</time></trkpt>
<trkpt lat="47.464445" lon="-121.358171"><ele>1555.2</ele><time>2024-08-25T18:35:35Z</time></trkpt>
<trkpt lat="47.464390" lon="-121.357618"><ele>1550.8</ele><time>2024-08-25T18:36:09Z</time></trkpt>
<trkpt lat="47.464180" lon="-121.356935"><ele>1548.2</ele><time>2024-08-25T18:36:59Z</time></trkpt>
<trkpt lat="47.464284" lon="-121.356806"><ele>1546.4</ele><time>2024-08-25T18:37:09Z</time></trkpt>
<trkpt lat="47.464247" lon="-121.356359"><ele>1543.2</ele><time>2024-08-25T18:37:23Z</time></trkpt>
<trkpt lat="47.464195" lon="-121.354998"><ele>1551.0</ele><time>2024-08-25T18:39:00Z</time></trkpt>
<trkpt lat="47.464273" lon="-121.354887"><ele>1551.8</ele><time>2024-08-25T18:39:07Z</time></trkpt>
<trkpt lat="47.464313" lon="-121.354542"><ele>1553.8</ele><time>2024-08-25T18:39:19Z</time></trkpt>
<trkpt lat="47.464287" lon="-121.353313"><ele>1562.0</ele><time>2024-08-25T18:40:55Z</time></trkpt>
<trkpt lat="47.464189" lon="-121.353165"><ele>1564.0</ele><time>2024-08-25T18:41:06Z</time></trkpt>
<trkpt lat="47.464220" lon="-121.352471"><ele>1569.2</ele><time>2024-08-25T18:42:00Z</time></trkpt>
<trkpt lat="47.464642" lon="-121.350651"><ele>1577.6</ele><time>2024-08-25T18:44:17Z</time></trkpt>
<trkpt lat="47.464540" lon="-121.350273"><ele>1580.6</ele><time>2024-08-25T18:45:12Z</time></trkpt>
<trkpt lat="47.464234" lon="-121.350028"><ele>1578.4</ele><time>2024-08-25T18:45:39Z</time></trkpt>
<trkpt lat="47.463767" lon="-121.349108"><ele>1587.0</ele><time>2024-08-25T18:47:04Z</time></trkpt>
<trkpt lat="47.463402" lon="-121.348646"><ele>1595.6</ele><time>2024-08-25T18:48:09Z</time></trkpt>
<trkpt lat="47.463285" lon="-121.348601"><ele>1598.0</ele><time>2024-08-25T18:48:29Z</time></trkpt>
<trkpt lat="47.462996" lon="-121.348274"><ele>1600.2</ele><time>2024-08-25T18:48:54Z</time></trkpt>
<trkpt lat="47.462927" lon="-121.348090"><ele>1600.6</ele><time>2024-08-25T18:49:07Z</time></trkpt>
<trkpt lat="47.462536" lon="-121.347649"><ele>1605.8</ele><time>2024-08-25T18:49:43Z</time></trkpt>
<trkpt lat="47.462396" lon="-121.347498"><ele>1613.6</ele><time>2024-08-25T18:50:37Z</time></trkpt>
<trkpt lat="47.462233" lon="-121.347224"><ele>1615.8</ele><time>2024-08-25T18:50:57Z</time></trkpt>
<trkpt lat="47.462277" lon="-121.347230"><ele>1616.2</ele><time>2024-08-25T18:51:02Z</time></trkpt>
<trkpt lat="47.462259" lon="-121.347139"><ele>1617.2</ele><time>2024-08-25T18:51:09Z</time></trkpt>
<trkpt lat="47.462458" lon="-121.347124"><ele>1622.6</ele><time>2024-08-25T18:51:48Z</time></trkpt>
<trkpt lat="47.462473" lon="-121.347037"><ele>1631.0</ele><time>2024-08-25T18:52:46Z</time></trkpt>
<trkpt lat="47.462529" lon="-121.346865"><ele>1631.0</ele><time>2024-08-25T18:52:56Z</time></trkpt>
<trkpt lat="47.462428" lon="-121.346784"><ele>1631.0</ele><time>2024-08-25T18:52:58Z</time></trkpt>
<trkpt lat="47.462547" lon="-121.346696"><ele>1632.0</ele><time>2024-08-25T18:53:04Z</time></trkpt>
<trkpt lat="47.462895" lon="-121.345249"><ele>1645.0</ele><time>2024-08-25T18:54:55Z</time></trkpt>
<trkpt lat="47.462867" lon="-121.345185"><ele>1645.4</ele><time>2024-08-25T18:55:00Z</time></trkpt>
<trkpt lat="47.462983" lon="-121.345162"><ele>1647.0</ele><time>2024-08-25T18:55:12Z</time></trkpt>
<trkpt lat="47.463250" lon="-121.344264"><ele>1658.4</ele><time>2024-08-25T18:56:44Z</time></trkpt>
<trkpt lat="47.463371" lon="-121.344029"><ele>1659.6</ele><time>2024-08-25T18:56:56Z</time></trkpt>
<trkpt lat="47.463315" lon="-121.343904"><ele>1660.4</ele><time>2024-08-25T18:57:04Z</time></trkpt>
<trkpt lat="47.463411" lon="-121.343956"><ele>1661.6</ele><time>2024-08-25T18:57:10Z</time></trkpt>
<trkpt lat="47.463509" lon="-121.343809"><ele>1668.4</ele><time>2024-08-25T18:57:52Z</time></trkpt>
<trkpt lat="47.463557" lon="-121.343612"><ele>1667.4</ele><time>2024-08-25T18:58:34Z</time></trkpt>
<trkpt lat="47.463550" lon="-121.342904"><ele>1661.8</ele><time>2024-08-25T18:59:02Z</time></trkpt>
<trkpt lat="47.463400" lon="-121.342076"><ele>1652.0</ele><time>2024-08-25T19:00:36Z</time></trkpt>
<trkpt lat="47.463302" lon="-121.342031"><ele>1651.4</ele><time>2024-08-25T19:00:57Z</time></trkpt>
<trkpt lat="47.463381" lon="-121.342054"><ele>1650.8</ele><time>2024-08-25T19:01:02Z</time></trkpt>
<trkpt lat="47.463595" lon="-121.342390"><ele>1647.8</ele><time>2024-08-25T19:01:24Z</time></trkpt>
<trkpt lat="47.463717" lon="-121.342359"><ele>1645.2</ele><time>2024-08-25T19:01:36Z</time></trkpt>
<trkpt lat="47.463779" lon="-121.342843"><ele>1643.4</ele><time>2024-08-25T19:02:02Z</time></trkpt>
<trkpt lat="47.463879" lon="-121.342974"><ele>1641.6</ele><time>2024-08-25T19:02:15Z</time></trkpt>
<trkpt lat="47.464021" lon="-121.343399"><ele>1640.2</ele><time>2024-08-25T19:02:32Z</time></trkpt>
<trkpt lat="47.463998" lon="-121.343525"><ele>1639.8</ele><time>2024-08-25T19:02:38Z</time></trkpt>
<trkpt lat="47.464152" lon="-121.343879"><ele>1639.2</ele><time>2024-08-25T19:03:04Z</time></trkpt>
<trkpt lat="47.464700" lon="-121.344462"><ele>1634.4</ele><time>2024-08-25T19:04:13Z</time></trkpt>
<trkpt lat="47.464973" lon="-121.344115"><ele>1628.8</ele><time>2024-08-25T19:04:44Z</time></trkpt>
<trkpt lat="47.464808" lon="-121.343836"><ele>1622.8</ele><time>2024-08-25T19:05:50Z</time></trkpt>
<trkpt lat="47.464734" lon="-121.343856"><ele>1621.0</ele><time>2024-08-25T19:05:59Z</time></trkpt>
<trkpt lat="47.464840" lon="-121.343774"><ele>1617.8</ele><time>2024-08-25T19:06:11Z</time></trkpt>
<trkpt lat="47.465110" lon="-121.344212"><ele>1611.4</ele><time>2024-08-25T19:07:02Z</time></trkpt>
<trkpt lat="47.465089" lon="-121.344590"><ele>1608.8</ele><time>2024-08-25T19:07:38Z</time></trkpt>
<trkpt lat="47.465307" lon="-121.344529"><ele>1606.2</ele><time>2024-08-25T19:07:57Z</time></trkpt>
<trkpt lat="47.465351" lon="-121.344448"><ele>1605.4</ele><time>2024-08-25T19:08:00Z</time></trkpt>
<trkpt lat="47.465293" lon="-121.344273"><ele>1603.4</ele><time>2024-08-25T19:08:12Z</time></trkpt>
<trkpt lat="47.465304" lon="-121.343969"><ele>1599.4</ele><time>2024-08-25T19:08:34Z</time></trkpt>
<trkpt lat="47.465064" lon="-121.343459"><ele>1591.8</ele><time>2024-08-25T19:09:16Z</time></trkpt>
<trkpt lat="47.465207" lon="-121.343400"><ele>1586.8</ele><time>2024-08-25T19:10:00Z</time></trkpt>
<trkpt lat="47.465195" lon="-121.343532"><ele>1586.6</ele><time>2024-08-25T19:10:02Z</time></trkpt>
<trkpt lat="47.465643" lon="-121.343679"><ele>1578.6</ele><time>2024-08-25T19:10:48Z</time></trkpt>
<trkpt lat="47.465770" lon="-121.343863"><ele>1577.4</ele><time>2024-08-25T19:11:02Z</time></trkpt>
<trkpt lat="47.465973" lon="-121.344548"><ele>1570.2</ele><time>2024-08-25T19:11:38Z</time></trkpt>
<trkpt lat="47.466059" lon="-121.345101"><ele>1565.6</ele><time>2024-08-25T19:12:12Z</time></trkpt>
<trkpt lat="47.466402" lon="-121.345564"><ele>1557.2</ele><time>2024-08-25T19:12:56Z</time></trkpt>
<trkpt lat="47.466747" lon="-121.345637"><ele>1549.6</ele><time>2024-08-25T19:13:56Z</time></trkpt>
<trkpt lat="47.467238" lon="-121.345977"><ele>1543.8</ele><time>2024-08-25T19:14:43Z</time></trkpt>
<trkpt lat="47.468102" lon="-121.345578"><ele>1526.4</ele><time>2024-08-25T19:16:31Z</time></trkpt>
<trkpt lat="47.468409" lon="-121.345633"><ele>1523.2</ele><time>2024-08-25T19:16:53Z</time></trkpt>
<trkpt lat="47.468474" lon="-121.345745"><ele>1523.0</ele><time>2024-08-25T19:16:58Z</time></trkpt>
<trkpt lat="47.468492" lon="-121.345496"><ele>1524.4</ele><time>2024-08-25T19:17:15Z</time></trkpt>
<trkpt lat="47.468837" lon="-121.345108"><ele>1524.4</ele><time>2024-08-25T19:17:56Z</time></trkpt>
<trkpt lat="47.468840" lon="-121.344956"><ele>1524.0</ele><time>2024-08-25T19:18:06Z</time></trkpt>
<trkpt lat="47.468904" lon="-121.344854"><ele>1526.4</ele><time>2024-08-25T19:18:30Z</time></trkpt>
<trkpt lat="47.469163" lon="-121.344528"><ele>1527.2</ele><time>2024-08-25T19:19:04Z</time></trkpt>
<trkpt lat="47.469289" lon="-121.344429"><ele>1522.4</ele><time>2024-08-25T19:19:28Z</time></trkpt>
<trkpt lat="47.469469" lon="-121.344084"><ele>1520.4</ele><time>2024-08-25T19:20:08Z</time></trkpt>
<trkpt lat="47.469886" lon="-121.343667"><ele>1528.6</ele><time>2024-08-25T19:21:01Z</time></trkpt>
<trkpt lat="47.470709" lon="-121.342178"><ele>1543.6</ele><time>2024-08-25T19:23:11Z</time></trkpt>
<trkpt lat="47.471041" lon="-121.341156"><ele>1554.4</ele><time>2024-08-25T19:24:53Z</time></trkpt>
<trkpt lat="47.471209" lon="-121.340916"><ele>1555.0</ele><time>2024-08-25T19:25:04Z</time></trkpt>
<trkpt lat="47.471323" lon="-121.340997"><ele>1555.0</ele><time>2024-08-25T19:25:07Z</time></trkpt>
<trkpt lat="47.471394" lon="-121.340702"><ele>1556.2</ele><time>2024-08-25T19:25:23Z</time></trkpt>
<trkpt lat="47.471354" lon="-121.340064"><ele>1557.0</ele><time>2024-08-25T19:26:01Z</time></trkpt>
<trkpt lat="47.471188" lon="-121.339506"><ele>1553.2</ele><time>2024-08-25T19:27:01Z</time></trkpt>
<trkpt lat="47.471224" lon="-121.339480"><ele>1553.2</ele><time>2024-08-25T19:27:04Z</time></trkpt>
<trkpt lat="47.471172" lon="-121.339299"><ele>1552.4</ele><time>2024-08-25T19:27:14Z</time></trkpt>
<trkpt lat="47.471176" lon="-121.338797"><ele>1552.6</ele><time>2024-08-25T19:27:38Z</time></trkpt>
<trkpt lat="47.471012" lon="-121.337343"><ele>1549.4</ele><time>2024-08-25T19:29:01Z</time></trkpt>
<trkpt lat="47.471049" lon="-121.337375"><ele>1549.6</ele><time>2024-08-25T19:29:02Z</time></trkpt>
<trkpt lat="47.471018" lon="-121.337265"><ele>1550.0</ele><time>2024-08-25T19:29:06Z</time></trkpt>
<trkpt lat="47.471068" lon="-121.337272"><ele>1550.0</ele><time>2024-08-25T19:29:08Z</time></trkpt>
<trkpt lat="47.471060" lon="-121.337159"><ele>1550.6</ele><time>2024-08-25T19:29:12Z</time></trkpt>
<trkpt lat="47.470931" lon="-121.336777"><ele>1550.4</ele><time>2024-08-25T19:29:21Z</time></trkpt>
<trkpt lat="47.470615" lon="-121.336452"><ele>1551.2</ele><time>2024-08-25T19:29:31Z</time></trkpt>
<trkpt lat="47.470717" lon="-121.336029"><ele>1549.8</ele><time>2024-08-25T19:30:15Z</time></trkpt>
<trkpt lat="47.470959" lon="-121.335449"><ele>1552.0</ele><time>2024-08-25T19:30:58Z</time></trkpt>
<trkpt lat="47.470955" lon="-121.335240"><ele>1552.8</ele><time>2024-08-25T19:31:07Z</time></trkpt>
<trkpt lat="47.470838" lon="-121.333876"><ele>1554.2</ele><time>2024-08-25T19:33:01Z</time></trkpt>
<trkpt lat="47.470714" lon="-121.333417"><ele>1554.6</ele><time>2024-08-25T19:33:27Z</time></trkpt>
<trkpt lat="47.470697" lon="-121.333118"><ele>1558.2</ele><time>2024-08-25T19:33:59Z</time></trkpt>
<trkpt lat="47.470792" lon="-121.332536"><ele>1561.6</ele><time>2024-08-25T19:34:43Z</time></trkpt>
<trkpt lat="47.470694" lon="-121.332354"><ele>1562.8</ele><time>2024-08-25T19:35:01Z</time></trkpt>
<trkpt lat="47.470716" lon="-121.332268"><ele>1562.8</ele><time>2024-08-25T19:35:03Z</time></trkpt>
<trkpt lat="47.470627" lon="-121.332119"><ele>1563.8</ele><time>2024-08-25T19:35:20Z</time></trkpt>
<trkpt lat="47.470540" lon="-121.331669"><ele>1568.0</ele><time>2024-08-25T19:36:00Z</time></trkpt>
<trkpt lat="47.470545" lon="-121.331192"><ele>1572.6</ele><time>2024-08-25T19:36:54Z</time></trkpt>
<trkpt lat="47.470460" lon="-121.331154"><ele>1572.8</ele><time>2024-08-25T19:37:00Z</time></trkpt>
<trkpt lat="47.470437" lon="-121.329681"><ele>1586.6</ele><time>2024-08-25T19:38:56Z</time></trkpt>
<trkpt lat="47.470627" lon="-121.329614"><ele>1588.2</ele><time>2024-08-25T19:39:07Z</time></trkpt>
<trkpt lat="47.471507" lon="-121.328900"><ele>1604.0</ele><time>2024-08-25T19:40:57Z</time></trkpt>
<trkpt lat="47.471428" lon="-121.328813"><ele>1604.4</ele><time>2024-08-25T19:41:00Z</time></trkpt>
<trkpt lat="47.471612" lon="-121.328867"><ele>1605.4</ele><time>2024-08-25T19:41:14Z</time></trkpt>
<trkpt lat="47.471851" lon="-121.328686"><ele>1607.6</ele><time>2024-08-25T19:41:30Z</time></trkpt>
<trkpt lat="47.472603" lon="-121.328444"><ele>1623.4</ele><time>2024-08-25T19:43:02Z</time></trkpt>
<trkpt lat="47.473422" lon="-121.327940"><ele>1637.2</ele><time>2024-08-25T19:44:57Z</time></trkpt>
<trkpt lat="47.473366" lon="-121.327949"><ele>1637.0</ele><time>2024-08-25T19:45:01Z</time></trkpt>
<trkpt lat="47.473484" lon="-121.327661"><ele>1639.8</ele><time>2024-08-25T19:45:26Z</time></trkpt>
<trkpt lat="47.473585" lon="-121.327101"><ele>1646.2</ele><time>2024-08-25T19:46:20Z</time></trkpt>
<trkpt lat="47.473749" lon="-121.326837"><ele>1650.6</ele><time>2024-08-25T19:47:03Z</time></trkpt>
<trkpt lat="47.473840" lon="-121.326807"><ele>1651.4</ele><time>2024-08-25T19:47:10Z</time></trkpt>
<trkpt lat="47.474149" lon="-121.327187"><ele>1656.6</ele><time>2024-08-25T19:48:08Z</time></trkpt>
<trkpt lat="47.474314" lon="-121.327653"><ele>1661.4</ele><time>2024-08-25T19:48:42Z</time></trkpt>
<trkpt lat="47.474497" lon="-121.327796"><ele>1662.8</ele><time>2024-08-25T19:48:57Z</time></trkpt>
<trkpt lat="47.474602" lon="-121.327784"><ele>1664.8</ele><time>2024-08-25T19:49:09Z</time></trkpt>
<trkpt lat="47.475331" lon="-121.328710"><ele>1672.6</ele><time>2024-08-25T19:50:58Z</time></trkpt>
<trkpt lat="47.475474" lon="-121.328588"><ele>1672.0</ele><time>2024-08-25T19:51:04Z</time></trkpt>
<trkpt lat="47.475608" lon="-121.328285"><ele>1671.0</ele><time>2024-08-25T19:51:08Z</time></trkpt>
<trkpt lat="47.475704" lon="-121.328358"><ele>1671.2</ele><time>2024-08-25T19:51:13Z</time></trkpt>
<trkpt lat="47.476197" lon="-121.328239"><ele>1670.2</ele><time>2024-08-25T19:51:54Z</time></trkpt>
<trkpt lat="47.476438" lon="-121.327870"><ele>1671.4</ele><time>2024-08-25T19:52:50Z</time></trkpt>
<trkpt lat="47.476407" lon="-121.327745"><ele>1672.2</ele><time>2024-08-25T19:52:57Z</time></trkpt>
<trkpt lat="47.476598" lon="-121.327848"><ele>1672.8</ele><time>2024-08-25T19:53:02Z</time></trkpt>
<trkpt lat="47.476767" lon="-121.327811"><ele>1673.4</ele><time>2024-08-25T19:53:07Z</time></trkpt>
<trkpt lat="47.476729" lon="-121.327667"><ele>1676.2</ele><time>2024-08-25T19:53:28Z</time></trkpt>
<trkpt lat="47.477007" lon="-121.327503"><ele>1682.0</ele><time>2024-08-25T19:54:42Z</time></trkpt>
<trkpt lat="47.477116" lon="-121.327320"><ele>1684.2</ele><time>2024-08-25T19:54:59Z</time></trkpt>
<trkpt lat="47.477090" lon="-121.327243"><ele>1684.2</ele><time>2024-08-25T19:55:03Z</time></trkpt>
<trkpt lat="47.477288" lon="-121.327340"><ele>1684.2</ele><time>2024-08-25T19:55:05Z</time></trkpt>
<trkpt lat="47.477359" lon="-121.327270"><ele>1684.8</ele><time>2024-08-25T19:55:14Z</time></trkpt>
<trkpt lat="47.477185" lon="-121.327170"><ele>1686.8</ele><time>2024-08-25T19:55:56Z</time></trkpt>
<trkpt lat="47.476884" lon="-121.326620"><ele>1694.4</ele><time>2024-08-25T19:56:58Z</time></trkpt>
<trkpt lat="47.477046" lon="-121.326655"><ele>1699.6</ele><time>2024-08-25T19:57:16Z</time></trkpt>
<trkpt lat="47.477355" lon="-121.326580"><ele>1703.8</ele><time>2024-08-25T19:57:47Z</time></trkpt>
<trkpt lat="47.477399" lon="-121.326626"><ele>1710.2</ele><time>2024-08-25T19:59:03Z</time></trkpt>
<trkpt lat="47.477302" lon="-121.326501"><ele>1711.0</ele><time>2024-08-25T19:59:15Z</time></trkpt>
<trkpt lat="47.477366" lon="-121.326229"><ele>1713.4</ele><time>2024-08-25T19:59:35Z</time></trkpt>
<trkpt lat="47.477478" lon="-121.326033"><ele>1718.4</ele><time>2024-08-25T20:00:13Z</time></trkpt>
<trkpt lat="47.477743" lon="-121.325799"><ele>1719.2</ele><time>2024-08-25T20:01:01Z</time></trkpt>
<trkpt lat="47.477788" lon="-121.325653"><ele>1720.8</ele><time>2024-08-25T20:01:16Z</time></trkpt>
<trkpt lat="47.477983" lon="-121.325661"><ele>1729.0</ele><time>2024-08-25T20:02:17Z</time></trkpt>
<trkpt lat="47.478257" lon="-121.325446"><ele>1732.0</ele><time>2024-08-25T20:02:43Z</time></trkpt>
<trkpt lat="47.478460" lon="-121.325472"><ele>1734.2</ele><time>2024-08-25T20:03:05Z</time></trkpt>
<trkpt lat="47.478548" lon="-121.325089"><ele>1738.8</ele><time>2024-08-25T20:03:41Z</time></trkpt>
<trkpt lat="47.478758" lon="-121.324982"><ele>1743.0</ele><time>2024-08-25T20:04:07Z</time></trkpt>
<trkpt lat="47.478802" lon="-121.324812"><ele>1747.2</ele><time>2024-08-25T20:04:39Z</time></trkpt>
<trkpt lat="47.478680" lon="-121.324431"><ele>1751.6</ele><time>2024-08-25T20:05:15Z</time></trkpt>
<trkpt lat="47.478647" lon="-121.324022"><ele>1756.0</ele><time>2024-08-25T20:05:50Z</time></trkpt>
<trkpt lat="47.478695" lon="-121.323471"><ele>1759.8</ele><time>2024-08-25T20:07:01Z</time></trkpt>
<trkpt lat="47.478613" lon="-121.323541"><ele>1760.4</ele><time>2024-08-25T20:07:04Z</time></trkpt>
<trkpt lat="47.478831" lon="-121.323065"><ele>1763.4</ele><time>2024-08-25T20:07:31Z</time></trkpt>
<trkpt lat="47.479279" lon="-121.322587"><ele>1774.4</ele><time>2024-08-25T20:08:43Z</time></trkpt>
<trkpt lat="47.479311" lon="-121.322338"><ele>1776.4</ele><time>2024-08-25T20:08:59Z</time></trkpt>
<trkpt lat="47.478835" lon="-121.321427"><ele>1787.8</ele><time>2024-08-25T20:10:15Z</time></trkpt>
<trkpt lat="47.478823" lon="-121.321211"><ele>1791.4</ele><time>2024-08-25T20:10:43Z</time></trkpt>
<trkpt lat="47.478709" lon="-121.320876"><ele>1795.0</ele><time>2024-08-25T20:11:09Z</time></trkpt>
<trkpt lat="47.478372" lon="-121.320847"><ele>1795.4</ele><time>2024-08-25T20:11:33Z</time></trkpt>
<trkpt lat="47.478155" lon="-121.320498"><ele>1797.0</ele><time>2024-08-25T20:12:11Z</time></trkpt>
<trkpt lat="47.477728" lon="-121.320149"><ele>1792.6</ele><time>2024-08-25T20:13:02Z</time></trkpt>
<trkpt lat="47.477484" lon="-121.320058"><ele>1791.0</ele><time>2024-08-25T20:13:57Z</time></trkpt>
<trkpt lat="47.477445" lon="-121.319998"><ele>1790.6</ele><time>2024-08-25T20:14:23Z</time></trkpt>
<trkpt lat="47.477633" lon="-121.319994"><ele>1795.6</ele><time>2024-08-25T20:16:58Z</time></trkpt>
<trkpt lat="47.477625" lon="-121.320112"><ele>1795.4</ele><time>2024-08-25T20:17:05Z</time></trkpt>
<trkpt lat="47.477675" lon="-121.320095"><ele>1795.2</ele><time>2024-08-25T20:17:12Z</time></trkpt>
<trkpt lat="47.477576" lon="-121.320173"><ele>1795.2</ele><time>2024-08-25T20:18:58Z</time></trkpt>
<trkpt lat="47.477653" lon="-121.320073"><ele>1795.2</ele><time>2024-08-25T20:19:05Z</time></trkpt>
<trkpt lat="47.477755" lon="-121.320133"><ele>1795.0</ele><time>2024-08-25T20:19:15Z</time></trkpt>
<trkpt lat="47.477529" lon="-121.320030"><ele>1797.0</ele><time>2024-08-25T20:20:59Z</time></trkpt>
<trkpt lat="47.477575" lon="-121.320130"><ele>1797.6</ele><time>2024-08-25T20:21:06Z</time></trkpt>
<trkpt lat="47.477686" lon="-121.320061"><ele>1798.0</ele><time>2024-08-25T20:21:09Z</time></trkpt>
<trkpt lat="47.477639" lon="-121.320130"><ele>1797.8</ele><time>2024-08-25T20:21:14Z</time></trkpt>
<trkpt lat="47.477412" lon="-121.319815"><ele>1796.4</ele><time>2024-08-25T20:23:00Z</time></trkpt>
<trkpt lat="47.477537" lon="-121.319975"><ele>1796.2</ele><time>2024-08-25T20:23:10Z</time></trkpt>
<trkpt lat="47.477259" lon="-121.319715"><ele>1790.6</ele><time>2024-08-25T20:24:30Z</time></trkpt>
<trkpt lat="47.476849" lon="-121.319478"><ele>1782.2</ele><time>2024-08-25T20:25:06Z</time></trkpt>
<trkpt lat="47.476494" lon="-121.319496"><ele>1776.6</ele><time>2024-08-25T20:25:50Z</time></trkpt>
<trkpt lat="47.476819" lon="-121.319728"><ele>1771.0</ele><time>2024-08-25T20:27:02Z</time></trkpt>
<trkpt lat="47.476721" lon="-121.319679"><ele>1768.4</ele><time>2024-08-25T20:27:10Z</time></trkpt>
<trkpt lat="47.476294" lon="-121.319472"><ele>1762.8</ele><time>2024-08-25T20:27:44Z</time></trkpt>
<trkpt lat="47.475887" lon="-121.319118"><ele>1758.6</ele><time>2024-08-25T20:28:18Z</time></trkpt>
<trkpt lat="47.475612" lon="-121.318992"><ele>1755.2</ele><time>2024-08-25T20:29:05Z</time></trkpt>
<trkpt lat="47.475621" lon="-121.318866"><ele>1755.2</ele><time>2024-08-25T20:29:11Z</time></trkpt>
<trkpt lat="47.475424" lon="-121.318747"><ele>1754.2</ele><time>2024-08-25T20:29:28Z</time></trkpt>
<trkpt lat="47.475298" lon="-121.318000"><ele>1750.0</ele><time>2024-08-25T20:30:18Z</time></trkpt>
<trkpt lat="47.474913" lon="-121.317773"><ele>1746.8</ele><time>2024-08-25T20:30:50Z</time></trkpt>
<trkpt lat="47.474913" lon="-121.317636"><ele>1744.8</ele><time>2024-08-25T20:31:01Z</time></trkpt>
<trkpt lat="47.475176" lon="-121.317414"><ele>1745.8</ele><time>2024-08-25T20:31:09Z</time></trkpt>
<trkpt lat="47.475218" lon="-121.317207"><ele>1747.8</ele><time>2024-08-25T20:31:30Z</time></trkpt>
<trkpt lat="47.474546" lon="-121.315924"><ele>1744.4</ele><time>2024-08-25T20:33:17Z</time></trkpt>
<trkpt lat="47.474245" lon="-121.315700"><ele>1742.2</ele><time>2024-08-25T20:34:26Z</time></trkpt>
<trkpt lat="47.473830" lon="-121.315583"><ele>1743.0</ele><time>2024-08-25T20:35:00Z</time></trkpt>
<trkpt lat="47.473798" lon="-121.315439"><ele>1741.6</ele><time>2024-08-25T20:35:08Z</time></trkpt>
<trkpt lat="47.473441" lon="-121.315335"><ele>1735.2</ele><time>2024-08-25T20:36:47Z</time></trkpt>
<trkpt lat="47.473276" lon="-121.315200"><ele>1732.0</ele><time>2024-08-25T20:37:00Z</time></trkpt>
<trkpt lat="47.473117" lon="-121.315320"><ele>1731.8</ele><time>2024-08-25T20:37:01Z</time></trkpt>
<trkpt lat="47.473170" lon="-121.315225"><ele>1730.2</ele><time>2024-08-25T20:37:07Z</time></trkpt>
<trkpt lat="47.473117" lon="-121.315159"><ele>1728.2</ele><time>2024-08-25T20:37:15Z</time></trkpt>
<trkpt lat="47.472802" lon="-121.315060"><ele>1720.8</ele><time>2024-08-25T20:37:55Z</time></trkpt>
<trkpt lat="47.472951" lon="-121.315270"><ele>1718.4</ele><time>2024-08-25T20:38:15Z</time></trkpt>
<trkpt lat="47.473173" lon="-121.315177"><ele>1714.8</ele><time>2024-08-25T20:38:31Z</time></trkpt>
<trkpt lat="47.473342" lon="-121.315267"><ele>1712.8</ele><time>2024-08-25T20:38:53Z</time></trkpt>
<trkpt lat="47.472877" lon="-121.315511"><ele>1708.4</ele><time>2024-08-25T20:39:11Z</time></trkpt>
<trkpt lat="47.472669" lon="-121.315350"><ele>1704.2</ele><time>2024-08-25T20:39:29Z</time></trkpt>
<trkpt lat="47.472394" lon="-121.314978"><ele>1697.2</ele><time>2024-08-25T20:39:55Z</time></trkpt>
<trkpt lat="47.471766" lon="-121.314901"><ele>1685.0</ele><time>2024-08-25T20:41:03Z</time></trkpt>
<trkpt lat="47.471810" lon="-121.314824"><ele>1683.4</ele><time>2024-08-25T20:41:08Z</time></trkpt>
<trkpt lat="47.471765" lon="-121.314778"><ele>1683.2</ele><time>2024-08-25T20:41:15Z</time></trkpt>
<trkpt lat="47.471074" lon="-121.314334"><ele>1670.6</ele><time>2024-08-25T20:42:39Z</time></trkpt>
<trkpt lat="47.470714" lon="-121.314224"><ele>1666.2</ele><time>2024-08-25T20:43:10Z</time></trkpt>
<trkpt lat="47.470342" lon="-121.313711"><ele>1655.8</ele><time>2024-08-25T20:44:33Z</time></trkpt>
<trkpt lat="47.469866" lon="-121.313401"><ele>1648.0</ele><time>2024-08-25T20:45:16Z</time></trkpt>
<trkpt lat="47.469577" lon="-121.313021"><ele>1642.4</ele><time>2024-08-25T20:46:02Z</time></trkpt>
<trkpt lat="47.468928" lon="-121.312339"><ele>1641.6</ele><time>2024-08-25T20:47:06Z</time></trkpt>
<trkpt lat="47.468978" lon="-121.312255"><ele>1641.4</ele><time>2024-08-25T20:47:12Z</time></trkpt>
<trkpt lat="47.468445" lon="-121.311896"><ele>1639.2</ele><time>2024-08-25T20:48:09Z</time></trkpt>
<trkpt lat="47.468254" lon="-121.311701"><ele>1646.0</ele><time>2024-08-25T20:48:59Z</time></trkpt>
<trkpt lat="47.468073" lon="-121.312466"><ele>1647.0</ele><time>2024-08-25T20:49:03Z</time></trkpt>
<trkpt lat="47.467901" lon="-121.311868"><ele>1647.2</ele><time>2024-08-25T20:49:04Z</time></trkpt>
<trkpt lat="47.468133" lon="-121.311744"><ele>1647.6</ele><time>2024-08-25T20:49:08Z</time></trkpt>
<trkpt lat="47.467299" lon="-121.311143"><ele>1657.8</ele><time>2024-08-25T20:51:03Z</time></trkpt>
<trkpt lat="47.467074" lon="-121.310590"><ele>1662.8</ele><time>2024-08-25T20:51:49Z</time></trkpt>
<trkpt lat="47.466817" lon="-121.310265"><ele>1668.4</ele><time>2024-08-25T20:52:37Z</time></trkpt>
<trkpt lat="47.466949" lon="-121.310213"><ele>1668.6</ele><time>2024-08-25T20:53:12Z</time></trkpt>
<trkpt lat="47.466859" lon="-121.310318"><ele>1668.6</ele><time>2024-08-25T20:53:17Z</time></trkpt>
<trkpt lat="47.466907" lon="-121.310176"><ele>1668.6</ele><time>2024-08-25T20:53:29Z</time></trkpt>
<trkpt lat="47.466621" lon="-121.309873"><ele>1673.4</ele><time>2024-08-25T20:55:00Z</time></trkpt>
<trkpt lat="47.466558" lon="-121.309904"><ele>1673.4</ele><time>2024-08-25T20:55:01Z</time></trkpt>
<trkpt lat="47.466590" lon="-121.309796"><ele>1675.2</ele><time>2024-08-25T20:55:09Z</time></trkpt>
<trkpt lat="47.466493" lon="-121.309605"><ele>1678.2</ele><time>2024-08-25T20:55:26Z</time></trkpt>
<trkpt lat="47.466040" lon="-121.308980"><ele>1688.4</ele><time>2024-08-25T20:56:56Z</time></trkpt>
<trkpt lat="47.465897" lon="-121.308878"><ele>1689.4</ele><time>2024-08-25T20:57:05Z</time></trkpt>
<trkpt lat="47.465928" lon="-121.308760"><ele>1690.2</ele><time>2024-08-25T20:57:09Z</time></trkpt>
<trkpt lat="47.466019" lon="-121.308743"><ele>1690.6</ele><time>2024-08-25T20:57:10Z</time></trkpt>
<trkpt lat="47.465361" lon="-121.307844"><ele>1698.6</ele><time>2024-08-25T20:59:00Z</time></trkpt>
<trkpt lat="47.465559" lon="-121.307622"><ele>1698.6</ele><time>2024-08-25T20:59:09Z</time></trkpt>
<trkpt lat="47.465460" lon="-121.307551"><ele>1699.0</ele><time>2024-08-25T20:59:20Z</time></trkpt>
<trkpt lat="47.464545" lon="-121.307104"><ele>1691.8</ele><time>2024-08-25T21:01:07Z</time></trkpt>
<trkpt lat="47.464593" lon="-121.307046"><ele>1691.6</ele><time>2024-08-25T21:01:12Z</time></trkpt>
<trkpt lat="47.463565" lon="-121.307122"><ele>1689.6</ele><time>2024-08-25T21:03:08Z</time></trkpt>
<trkpt lat="47.463134" lon="-121.307474"><ele>1687.6</ele><time>2024-08-25T21:04:10Z</time></trkpt>
<trkpt lat="47.462249" lon="-121.307460"><ele>1681.6</ele><time>2024-08-25T21:05:13Z</time></trkpt>
<trkpt lat="47.461950" lon="-121.307289"><ele>1681.4</ele><time>2024-08-25T21:05:52Z</time></trkpt>
<trkpt lat="47.461498" lon="-121.306794"><ele>1690.6</ele><time>2024-08-25T21:07:04Z</time></trkpt>
<trkpt lat="47.461507" lon="-121.306683"><ele>1691.6</ele><time>2024-08-25T21:07:12Z</time></trkpt>
<trkpt lat="47.461410" lon="-121.306666"><ele>1692.4</ele><time>2024-08-25T21:07:21Z</time></trkpt>
<trkpt lat="47.460991" lon="-121.306222"><ele>1697.2</ele><time>2024-08-25T21:09:08Z</time></trkpt>
<trkpt lat="47.461038" lon="-121.306220"><ele>1698.4</ele><time>2024-08-25T21:09:12Z</time></trkpt>
<trkpt lat="47.460218" lon="-121.305859"><ele>1712.2</ele><time>2024-08-25T21:11:06Z</time></trkpt>
<trkpt lat="47.460462" lon="-121.305841"><ele>1712.2</ele><time>2024-08-25T21:11:07Z</time></trkpt>
<trkpt lat="47.460267" lon="-121.305761"><ele>1712.4</ele><time>2024-08-25T21:11:09Z</time></trkpt>
<trkpt lat="47.460301" lon="-121.305754"><ele>1713.8</ele><time>2024-08-25T21:11:17Z</time></trkpt>
<trkpt lat="47.460144" lon="-121.305757"><ele>1715.4</ele><time>2024-08-25T21:11:32Z</time></trkpt>
<trkpt lat="47.459994" lon="-121.306124"><ele>1718.8</ele><time>2024-08-25T21:12:10Z</time></trkpt>
<trkpt lat="47.459901" lon="-121.306182"><ele>1717.8</ele><time>2024-08-25T21:12:24Z</time></trkpt>
<trkpt lat="47.459633" lon="-121.306103"><ele>1720.4</ele><time>2024-08-25T21:12:48Z</time></trkpt>
<trkpt lat="47.459429" lon="-121.305864"><ele>1722.8</ele><time>2024-08-25T21:13:06Z</time></trkpt>
<trkpt lat="47.459552" lon="-121.305845"><ele>1723.0</ele><time>2024-08-25T21:13:10Z</time></trkpt>
<trkpt lat="47.459212" lon="-121.306019"><ele>1723.2</ele><time>2024-08-25T21:13:58Z</time></trkpt>
<trkpt lat="47.458794" lon="-121.305947"><ele>1727.6</ele><time>2024-08-25T21:14:44Z</time></trkpt>
<trkpt lat="47.458473" lon="-121.305986"><ele>1729.6</ele><time>2024-08-25T21:15:04Z</time></trkpt>
<trkpt lat="47.458371" lon="-121.305837"><ele>1729.2</ele><time>2024-08-25T21:15:20Z</time></trkpt>
<trkpt lat="47.457837" lon="-121.305530"><ele>1735.2</ele><time>2024-08-25T21:16:17Z</time></trkpt>
<trkpt lat="47.457104" lon="-121.305598"><ele>1733.2</ele><time>2024-08-25T21:17:15Z</time></trkpt>
<trkpt lat="47.456868" lon="-121.305766"><ele>1726.4</ele><time>2024-08-25T21:17:55Z</time></trkpt>
<trkpt lat="47.456832" lon="-121.305717"><ele>1725.2</ele><time>2024-08-25T21:17:59Z</time></trkpt>
<trkpt lat="47.456405" lon="-121.305911"><ele>1720.0</ele><time>2024-08-25T21:18:37Z</time></trkpt>
<trkpt lat="47.456332" lon="-121.305999"><ele>1716.0</ele><time>2024-08-25T21:21:04Z</time></trkpt>
<trkpt lat="47.456349" lon="-121.306064"><ele>1717.0</ele><time>2024-08-25T21:21:12Z</time></trkpt>
<trkpt lat="47.456367" lon="-121.305985"><ele>1722.2</ele><time>2024-08-25T21:22:27Z</time></trkpt>
<trkpt lat="47.456506" lon="-121.305454"><ele>1716.0</ele><time>2024-08-25T21:23:03Z</time></trkpt>
<trkpt lat="47.456275" lon="-121.305764"><ele>1710.6</ele><time>2024-08-25T21:23:31Z</time></trkpt>
<trkpt lat="47.456087" lon="-121.305818"><ele>1711.0</ele><time>2024-08-25T21:23:45Z</time></trkpt>
<trkpt lat="47.455563" lon="-121.306474"><ele>1699.0</ele><time>2024-08-25T21:24:39Z</time></trkpt>
<trkpt lat="47.455335" lon="-121.306623"><ele>1695.8</ele><time>2024-08-25T21:25:01Z</time></trkpt>
<trkpt lat="47.455809" lon="-121.305793"><ele>1683.2</ele><time>2024-08-25T21:26:25Z</time></trkpt>
<trkpt lat="47.455906" lon="-121.305330"><ele>1679.2</ele><time>2024-08-25T21:26:49Z</time></trkpt>
<trkpt lat="47.456090" lon="-121.304895"><ele>1671.6</ele><time>2024-08-25T21:27:22Z</time></trkpt>
<trkpt lat="47.456141" lon="-121.303953"><ele>1663.6</ele><time>2024-08-25T21:28:23Z</time></trkpt>
<trkpt lat="47.456201" lon="-121.303648"><ele>1656.2</ele><time>2024-08-25T21:28:55Z</time></trkpt>
<trkpt lat="47.456333" lon="-121.303384"><ele>1655.6</ele><time>2024-08-25T21:29:08Z</time></trkpt>
<trkpt lat="47.456533" lon="-121.303237"><ele>1655.0</ele><time>2024-08-25T21:29:21Z</time></trkpt>
<trkpt lat="47.456534" lon="-121.303108"><ele>1652.6</ele><time>2024-08-25T21:29:31Z</time></trkpt>
<trkpt lat="47.456678" lon="-121.302887"><ele>1649.2</ele><time>2024-08-25T21:29:47Z</time></trkpt>
<trkpt lat="47.456929" lon="-121.302046"><ele>1635.2</ele><time>2024-08-25T21:30:47Z</time></trkpt>
<trkpt lat="47.456896" lon="-121.301894"><ele>1634.6</ele><time>2024-08-25T21:31:09Z</time></trkpt>
<trkpt lat="47.457063" lon="-121.300585"><ele>1623.2</ele><time>2024-08-25T21:33:02Z</time></trkpt>
<trkpt lat="47.456851" lon="-121.300385"><ele>1621.4</ele><time>2024-08-25T21:33:07Z</time></trkpt>
<trkpt lat="47.457054" lon="-121.300397"><ele>1620.4</ele><time>2024-08-25T21:33:12Z</time></trkpt>
<trkpt lat="47.457082" lon="-121.300083"><ele>1618.2</ele><time>2024-08-25T21:33:25Z</time></trkpt>
<trkpt lat="47.457331" lon="-121.299030"><ele>1617.4</ele><time>2024-08-25T21:33:43Z</time></trkpt>
<trkpt lat="47.457278" lon="-121.298825"><ele>1612.6</ele><time>2024-08-25T21:34:15Z</time></trkpt>
<trkpt lat="47.457182" lon="-121.298727"><ele>1613.4</ele><time>2024-08-25T21:34:29Z</time></trkpt>
<trkpt lat="47.457132" lon="-121.298538"><ele>1605.4</ele><time>2024-08-25T21:34:57Z</time></trkpt>
<trkpt lat="47.457034" lon="-121.298609"><ele>1602.8</ele><time>2024-08-25T21:35:05Z</time></trkpt>
<trkpt lat="47.457142" lon="-121.298789"><ele>1602.4</ele><time>2024-08-25T21:35:06Z</time></trkpt>
<trkpt lat="47.457076" lon="-121.298683"><ele>1601.6</ele><time>2024-08-25T21:35:09Z</time></trkpt>
<trkpt lat="47.457150" lon="-121.298775"><ele>1601.0</ele><time>2024-08-25T21:35:13Z</time></trkpt>
<trkpt lat="47.457128" lon="-121.298586"><ele>1598.4</ele><time>2024-08-25T21:35:25Z</time></trkpt>
<trkpt lat="47.457481" lon="-121.297729"><ele>1591.2</ele><time>2024-08-25T21:35:55Z</time></trkpt>
<trkpt lat="47.457271" lon="-121.298196"><ele>1590.2</ele><time>2024-08-25T21:36:00Z</time></trkpt>
<trkpt lat="47.457308" lon="-121.298067"><ele>1588.8</ele><time>2024-08-25T21:36:07Z</time></trkpt>
<trkpt lat="47.457219" lon="-121.297936"><ele>1587.6</ele><time>2024-08-25T21:36:17Z</time></trkpt>
<trkpt lat="47.457209" lon="-121.297352"><ele>1582.0</ele><time>2024-08-25T21:36:53Z</time></trkpt>
<trkpt lat="47.457224" lon="-121.297258"><ele>1581.6</ele><time>2024-08-25T21:37:00Z</time></trkpt>
<trkpt lat="47.457317" lon="-121.297235"><ele>1580.8</ele><time>2024-08-25T21:37:05Z</time></trkpt>
<trkpt lat="47.457330" lon="-121.296966"><ele>1577.2</ele><time>2024-08-25T21:37:18Z</time></trkpt>
<trkpt lat="47.457139" lon="-121.296898"><ele>1576.4</ele><time>2024-08-25T21:37:42Z</time></trkpt>
<trkpt lat="47.456670" lon="-121.296928"><ele>1571.8</ele><time>2024-08-25T21:38:30Z</time></trkpt>
<trkpt lat="47.456492" lon="-121.296802"><ele>1570.6</ele><time>2024-08-25T21:39:06Z</time></trkpt>
<trkpt lat="47.456521" lon="-121.296928"><ele>1571.6</ele><time>2024-08-25T21:39:15Z</time></trkpt>
<trkpt lat="47.456242" lon="-121.297113"><ele>1568.2</ele><time>2024-08-25T21:39:48Z</time></trkpt>
<trkpt lat="47.456094" lon="-121.297353"><ele>1560.0</ele><time>2024-08-25T21:40:18Z</time></trkpt>
<trkpt lat="47.455630" lon="-121.297555"><ele>1554.8</ele><time>2024-08-25T21:41:02Z</time></trkpt>
<trkpt lat="47.455717" lon="-121.297325"><ele>1552.4</ele><time>2024-08-25T21:41:20Z</time></trkpt>
<trkpt lat="47.455633" lon="-121.297114"><ele>1548.0</ele><time>2024-08-25T21:41:46Z</time></trkpt>
<trkpt lat="47.455149" lon="-121.296890"><ele>1537.2</ele><time>2024-08-25T21:42:38Z</time></trkpt>
<trkpt lat="47.455054" lon="-121.297046"><ele>1539.4</ele><time>2024-08-25T21:43:12Z</time></trkpt>
<trkpt lat="47.454926" lon="-121.297009"><ele>1536.8</ele><time>2024-08-25T21:43:23Z</time></trkpt>
<trkpt lat="47.454518" lon="-121.297278"><ele>1533.8</ele><time>2024-08-25T21:44:00Z</time></trkpt>
<trkpt lat="47.453754" lon="-121.297490"><ele>1529.0</ele><time>2024-08-25T21:45:05Z</time></trkpt>
<trkpt lat="47.453739" lon="-121.297631"><ele>1529.2</ele><time>2024-08-25T21:45:11Z</time></trkpt>
<trkpt lat="47.453051" lon="-121.298307"><ele>1517.6</ele><time>2024-08-25T21:46:20Z</time></trkpt>
<trkpt lat="47.452890" lon="-121.298308"><ele>1515.4</ele><time>2024-08-25T21:46:32Z</time></trkpt>
<trkpt lat="47.452839" lon="-121.298400"><ele>1513.2</ele><time>2024-08-25T21:46:44Z</time></trkpt>
<trkpt lat="47.452923" lon="-121.298572"><ele>1510.8</ele><time>2024-08-25T21:47:02Z</time></trkpt>
<trkpt lat="47.452853" lon="-121.298669"><ele>1509.4</ele><time>2024-08-25T21:47:13Z</time></trkpt>
<trkpt lat="47.452796" lon="-121.298618"><ele>1508.0</ele><time>2024-08-25T21:47:21Z</time></trkpt>
<trkpt lat="47.452637" lon="-121.296928"><ele>1498.2</ele><time>2024-08-25T21:49:05Z</time></trkpt>
<trkpt lat="47.452800" lon="-121.296721"><ele>1497.2</ele><time>2024-08-25T21:49:22Z</time></trkpt>
<trkpt lat="47.452791" lon="-121.296630"><ele>1494.8</ele><time>2024-08-25T21:49:46Z</time></trkpt>
<trkpt lat="47.453122" lon="-121.296329"><ele>1493.4</ele><time>2024-08-25T21:50:26Z</time></trkpt>
<trkpt lat="47.453041" lon="-121.295899"><ele>1490.4</ele><time>2024-08-25T21:50:56Z</time></trkpt>
<trkpt lat="47.452912" lon="-121.295575"><ele>1487.6</ele><time>2024-08-25T21:51:22Z</time></trkpt>
<trkpt lat="47.452625" lon="-121.295218"><ele>1484.2</ele><time>2024-08-25T21:51:52Z</time></trkpt>
<trkpt lat="47.452308" lon="-121.295032"><ele>1483.0</ele><time>2024-08-25T21:52:24Z</time></trkpt>
<trkpt lat="47.452292" lon="-121.294780"><ele>1483.0</ele><time>2024-08-25T21:53:08Z</time></trkpt>
<trkpt lat="47.451953" lon="-121.294257"><ele>1486.4</ele><time>2024-08-25T21:53:52Z</time></trkpt>
<trkpt lat="47.451785" lon="-121.293781"><ele>1490.2</ele><time>2024-08-25T21:54:46Z</time></trkpt>
<trkpt lat="47.451818" lon="-121.293611"><ele>1492.6</ele><time>2024-08-25T21:55:04Z</time></trkpt>
<trkpt lat="47.451620" lon="-121.293294"><ele>1492.2</ele><time>2024-08-25T21:55:11Z</time></trkpt>
<trkpt lat="47.451956" lon="-121.292479"><ele>1495.4</ele><time>2024-08-25T21:56:04Z</time></trkpt>
<trkpt lat="47.452012" lon="-121.291647"><ele>1494.4</ele><time>2024-08-25T21:57:04Z</time></trkpt>
<trkpt lat="47.452061" lon="-121.291702"><ele>1495.0</ele><time>2024-08-25T21:57:06Z</time></trkpt>
<trkpt lat="47.452127" lon="-121.291637"><ele>1495.4</ele><time>2024-08-25T21:57:09Z</time></trkpt>
<trkpt lat="47.452062" lon="-121.291400"><ele>1496.4</ele><time>2024-08-25T21:57:17Z</time></trkpt>
<trkpt lat="47.452233" lon="-121.291006"><ele>1495.8</ele><time>2024-08-25T21:57:45Z</time></trkpt>
<trkpt lat="47.452355" lon="-121.290885"><ele>1498.6</ele><time>2024-08-25T21:58:09Z</time></trkpt>
<trkpt lat="47.452803" lon="-121.289825"><ele>1504.4</ele><time>2024-08-25T21:59:17Z</time></trkpt>
<trkpt lat="47.453694" lon="-121.289317"><ele>1516.0</ele><time>2024-08-25T22:01:03Z</time></trkpt>
<trkpt lat="47.454157" lon="-121.289275"><ele>1517.2</ele><time>2024-08-25T22:01:31Z</time></trkpt>
<trkpt lat="47.454023" lon="-121.288845"><ele>1529.4</ele><time>2024-08-25T22:03:08Z</time></trkpt>
<trkpt lat="47.453536" lon="-121.288644"><ele>1534.4</ele><time>2024-08-25T22:03:47Z</time></trkpt>
<trkpt lat="47.452789" lon="-121.288139"><ele>1540.2</ele><time>2024-08-25T22:05:07Z</time></trkpt>
<trkpt lat="47.452621" lon="-121.288160"><ele>1541.2</ele><time>2024-08-25T22:05:15Z</time></trkpt>
<trkpt lat="47.452475" lon="-121.288043"><ele>1543.0</ele><time>2024-08-25T22:05:27Z</time></trkpt>
<trkpt lat="47.451819" lon="-121.286981"><ele>1550.2</ele><time>2024-08-25T22:07:05Z</time></trkpt>
<trkpt lat="47.452175" lon="-121.287128"><ele>1556.4</ele><time>2024-08-25T22:07:41Z</time></trkpt>
<trkpt lat="47.452782" lon="-121.287021"><ele>1566.2</ele><time>2024-08-25T22:08:57Z</time></trkpt>
<trkpt lat="47.453064" lon="-121.287203"><ele>1570.6</ele><time>2024-08-25T22:09:22Z</time></trkpt>
<trkpt lat="47.453276" lon="-121.287011"><ele>1577.4</ele><time>2024-08-25T22:10:17Z</time></trkpt>
<trkpt lat="47.453324" lon="-121.286549"><ele>1581.8</ele><time>2024-08-25T22:11:04Z</time></trkpt>
<trkpt lat="47.453359" lon="-121.286616"><ele>1581.8</ele><time>2024-08-25T22:11:06Z</time></trkpt>
<trkpt lat="47.453330" lon="-121.286719"><ele>1581.4</ele><time>2024-08-25T22:11:22Z</time></trkpt>
<trkpt lat="47.453182" lon="-121.286659"><ele>1579.2</ele><time>2024-08-25T22:13:07Z</time></trkpt>
<trkpt lat="47.453152" lon="-121.286734"><ele>1578.4</ele><time>2024-08-25T22:13:14Z</time></trkpt>
<trkpt lat="47.453145" lon="-121.286679"><ele>1579.0</ele><time>2024-08-25T22:13:19Z</time></trkpt>
<trkpt lat="47.453372" lon="-121.286567"><ele>1581.8</ele><time>2024-08-25T22:15:06Z</time></trkpt>
<trkpt lat="47.453376" lon="-121.286677"><ele>1581.4</ele><time>2024-08-25T22:15:22Z</time></trkpt>
<trkpt lat="47.453248" lon="-121.286742"><ele>1582.8</ele><time>2024-08-25T22:17:10Z</time></trkpt>
<trkpt lat="47.453314" lon="-121.286729"><ele>1582.8</ele><time>2024-08-25T22:17:13Z</time></trkpt>
<trkpt lat="47.453251" lon="-121.286680"><ele>1584.0</ele><time>2024-08-25T22:19:08Z</time></trkpt>
<trkpt lat="47.453273" lon="-121.286744"><ele>1585.0</ele><time>2024-08-25T22:20:56Z</time></trkpt>
<trkpt lat="47.453108" lon="-121.286632"><ele>1585.2</ele><time>2024-08-25T22:21:05Z</time></trkpt>
<trkpt lat="47.453295" lon="-121.286768"><ele>1585.2</ele><time>2024-08-25T22:21:12Z</time></trkpt>
<trkpt lat="47.453329" lon="-121.286726"><ele>1585.2</ele><time>2024-08-25T22:21:21Z</time></trkpt>
<trkpt lat="47.453240" lon="-121.286757"><ele>1589.0</ele><time>2024-08-25T22:23:07Z</time></trkpt>
<trkpt lat="47.453360" lon="-121.286801"><ele>1589.4</ele><time>2024-08-25T22:23:15Z</time></trkpt>
<trkpt lat="47.453270" lon="-121.286709"><ele>1591.2</ele><time>2024-08-25T22:24:24Z</time></trkpt>
<trkpt lat="47.453286" lon="-121.286644"><ele>1591.8</ele><time>2024-08-25T22:25:10Z</time></trkpt>
<trkpt lat="47.453371" lon="-121.286707"><ele>1593.2</ele><time>2024-08-25T22:26:58Z</time></trkpt>
<trkpt lat="47.453323" lon="-121.286746"><ele>1594.8</ele><time>2024-08-25T22:29:04Z</time></trkpt>
<trkpt lat="47.453238" lon="-121.286629"><ele>1595.2</ele><time>2024-08-25T22:31:09Z</time></trkpt>
<trkpt lat="47.453281" lon="-121.286731"><ele>1595.2</ele><time>2024-08-25T22:31:21Z</time></trkpt>
<trkpt lat="47.453338" lon="-121.286657"><ele>1596.4</ele><time>2024-08-25T22:33:06Z</time></trkpt>
<trkpt lat="47.453330" lon="-121.286837"><ele>1598.4</ele><time>2024-08-25T22:37:08Z</time></trkpt>
<trkpt lat="47.453300" lon="-121.286729"><ele>1598.2</ele><time>2024-08-25T22:37:14Z</time></trkpt>
<trkpt lat="47.453348" lon="-121.286678"><ele>1599.4</ele><time>2024-08-25T22:39:06Z</time></trkpt>
<trkpt lat="47.453280" lon="-121.286716"><ele>1600.8</ele><time>2024-08-25T22:41:24Z</time></trkpt>
<trkpt lat="47.453205" lon="-121.286311"><ele>1603.0</ele><time>2024-08-25T22:42:21Z</time></trkpt>
<trkpt lat="47.453025" lon="-121.286107"><ele>1607.4</ele><time>2024-08-25T22:42:53Z</time></trkpt>
<trkpt lat="47.453033" lon="-121.285967"><ele>1607.8</ele><time>2024-08-25T22:43:06Z</time></trkpt>
<trkpt lat="47.452893" lon="-121.285788"><ele>1607.8</ele><time>2024-08-25T22:43:19Z</time></trkpt>
<trkpt lat="47.452921" lon="-121.285565"><ele>1608.0</ele><time>2024-08-25T22:43:29Z</time></trkpt>
<trkpt lat="47.452845" lon="-121.285228"><ele>1609.6</ele><time>2024-08-25T22:43:59Z</time></trkpt>
<trkpt lat="47.452880" lon="-121.284316"><ele>1609.0</ele><time>2024-08-25T22:45:06Z</time></trkpt>
<trkpt lat="47.452923" lon="-121.284324"><ele>1609.2</ele><time>2024-08-25T22:45:08Z</time></trkpt>
<trkpt lat="47.452833" lon="-121.284198"><ele>1608.8</ele><time>2024-08-25T22:45:22Z</time></trkpt>
<trkpt lat="47.452830" lon="-121.283681"><ele>1605.2</ele><time>2024-08-25T22:46:19Z</time></trkpt>
<trkpt lat="47.452759" lon="-121.283491"><ele>1603.0</ele><time>2024-08-25T22:46:31Z</time></trkpt>
<trkpt lat="47.453038" lon="-121.283584"><ele>1596.0</ele><time>2024-08-25T22:47:12Z</time></trkpt>
<trkpt lat="47.453088" lon="-121.283755"><ele>1593.8</ele><time>2024-08-25T22:47:23Z</time></trkpt>
<trkpt lat="47.453149" lon="-121.283593"><ele>1588.0</ele><time>2024-08-25T22:47:47Z</time></trkpt>
<trkpt lat="47.453030" lon="-121.283280"><ele>1582.4</ele><time>2024-08-25T22:48:17Z</time></trkpt>
<trkpt lat="47.452675" lon="-121.282696"><ele>1573.4</ele><time>2024-08-25T22:49:01Z</time></trkpt>
<trkpt lat="47.452767" lon="-121.282259"><ele>1570.2</ele><time>2024-08-25T22:49:17Z</time></trkpt>
<trkpt lat="47.452707" lon="-121.282110"><ele>1566.8</ele><time>2024-08-25T22:49:37Z</time></trkpt>
<trkpt lat="47.452971" lon="-121.281620"><ele>1557.6</ele><time>2024-08-25T22:50:35Z</time></trkpt>
<trkpt lat="47.453078" lon="-121.281152"><ele>1553.2</ele><time>2024-08-25T22:50:57Z</time></trkpt>
<trkpt lat="47.453099" lon="-121.280751"><ele>1549.6</ele><time>2024-08-25T22:51:21Z</time></trkpt>
<trkpt lat="47.453150" lon="-121.280698"><ele>1549.0</ele><time>2024-08-25T22:51:24Z</time></trkpt>
<trkpt lat="47.453020" lon="-121.280734"><ele>1548.6</ele><time>2024-08-25T22:51:25Z</time></trkpt>
<trkpt lat="47.453020" lon="-121.280475"><ele>1547.2</ele><time>2024-08-25T22:51:30Z</time></trkpt>
<trkpt lat="47.453177" lon="-121.280253"><ele>1546.6</ele><time>2024-08-25T22:51:34Z</time></trkpt>
<trkpt lat="47.453789" lon="-121.280592"><ele>1545.0</ele><time>2024-08-25T22:51:44Z</time></trkpt>
<trkpt lat="47.453908" lon="-121.280618"><ele>1544.4</ele><time>2024-08-25T22:51:48Z</time></trkpt>
<trkpt lat="47.454003" lon="-121.280514"><ele>1542.4</ele><time>2024-08-25T22:52:00Z</time></trkpt>
<trkpt lat="47.453868" lon="-121.280077"><ele>1538.6</ele><time>2024-08-25T22:52:48Z</time></trkpt>
<trkpt lat="47.453853" lon="-121.279842"><ele>1534.4</ele><time>2024-08-25T22:53:13Z</time></trkpt>
<trkpt lat="47.453898" lon="-121.279798"><ele>1533.6</ele><time>2024-08-25T22:53:18Z</time></trkpt>
<trkpt lat="47.453705" lon="-121.279749"><ele>1532.2</ele><time>2024-08-25T22:53:35Z</time></trkpt>
<trkpt lat="47.453953" lon="-121.279535"><ele>1528.0</ele><time>2024-08-25T22:53:57Z</time></trkpt>
<trkpt lat="47.453987" lon="-121.279366"><ele>1526.4</ele><time>2024-08-25T22:54:07Z</time></trkpt>
<trkpt lat="47.454272" lon="-121.279364"><ele>1524.4</ele><time>2024-08-25T22:54:27Z</time></trkpt>
<trkpt lat="47.454141" lon="-121.279335"><ele>1521.8</ele><time>2024-08-25T22:54:37Z</time></trkpt>
<trkpt lat="47.454130" lon="-121.279574"><ele>1519.8</ele><time>2024-08-25T22:54:52Z</time></trkpt>
<trkpt lat="47.454096" lon="-121.279317"><ele>1515.4</ele><time>2024-08-25T22:55:10Z</time></trkpt>
<trkpt lat="47.454679" lon="-121.279133"><ele>1511.4</ele><time>2024-08-25T22:55:33Z</time></trkpt>
<trkpt lat="47.454521" lon="-121.279119"><ele>1510.4</ele><time>2024-08-25T22:55:39Z</time></trkpt>
<trkpt lat="47.454070" lon="-121.279416"><ele>1507.4</ele><time>2024-08-25T22:56:00Z</time></trkpt>
<trkpt lat="47.454231" lon="-121.279198"><ele>1505.0</ele><time>2024-08-25T22:56:13Z</time></trkpt>
<trkpt lat="47.454627" lon="-121.278978"><ele>1504.6</ele><time>2024-08-25T22:56:19Z</time></trkpt>
<trkpt lat="47.454794" lon="-121.278642"><ele>1503.8</ele><time>2024-08-25T22:56:23Z</time></trkpt>
<trkpt lat="47.454699" lon="-121.278644"><ele>1503.0</ele><time>2024-08-25T22:56:26Z</time></trkpt>
<trkpt lat="47.454768" lon="-121.278614"><ele>1502.8</ele><time>2024-08-25T22:56:27Z</time></trkpt>
<trkpt lat="47.454688" lon="-121.278720"><ele>1502.0</ele><time>2024-08-25T22:56:31Z</time></trkpt>
<trkpt lat="47.454625" lon="-121.278488"><ele>1498.6</ele><time>2024-08-25T22:56:49Z</time></trkpt>
<trkpt lat="47.454696" lon="-121.278379"><ele>1495.2</ele><time>2024-08-25T22:57:11Z</time></trkpt>
<trkpt lat="47.454406" lon="-121.278631"><ele>1491.0</ele><time>2024-08-25T22:58:05Z</time></trkpt>
<trkpt lat="47.454301" lon="-121.278628"><ele>1488.6</ele><time>2024-08-25T22:58:17Z</time></trkpt>
<trkpt lat="47.454348" lon="-121.278583"><ele>1485.4</ele><time>2024-08-25T22:58:30Z</time></trkpt>
<trkpt lat="47.454506" lon="-121.278655"><ele>1485.2</ele><time>2024-08-25T22:58:42Z</time></trkpt>
<trkpt lat="47.454788" lon="-121.278573"><ele>1482.2</ele><time>2024-08-25T22:59:05Z</time></trkpt>
<trkpt lat="47.455007" lon="-121.278666"><ele>1481.0</ele><time>2024-08-25T22:59:13Z</time></trkpt>
<trkpt lat="47.455079" lon="-121.278886"><ele>1479.0</ele><time>2024-08-25T22:59:25Z</time></trkpt>
<trkpt lat="47.455290" lon="-121.278891"><ele>1479.4</ele><time>2024-08-25T22:59:39Z</time></trkpt>
<trkpt lat="47.455347" lon="-121.278777"><ele>1477.8</ele><time>2024-08-25T22:59:46Z</time></trkpt>
<trkpt lat="47.454815" lon="-121.278354"><ele>1471.0</ele><time>2024-08-25T23:00:37Z</time></trkpt>
<trkpt lat="47.454806" lon="-121.278168"><ele>1467.6</ele><time>2024-08-25T23:01:00Z</time></trkpt>
<trkpt lat="47.454880" lon="-121.278346"><ele>1466.4</ele><time>2024-08-25T23:01:05Z</time></trkpt>
<trkpt lat="47.454807" lon="-121.278199"><ele>1465.4</ele><time>2024-08-25T23:01:09Z</time></trkpt>
<trkpt lat="47.454868" lon="-121.277980"><ele>1464.0</ele><time>2024-08-25T23:01:23Z</time></trkpt>
<trkpt lat="47.454754" lon="-121.277912"><ele>1462.8</ele><time>2024-08-25T23:01:30Z</time></trkpt>
<trkpt lat="47.454800" lon="-121.277803"><ele>1461.6</ele><time>2024-08-25T23:01:34Z</time></trkpt>
<trkpt lat="47.454924" lon="-121.277741"><ele>1455.6</ele><time>2024-08-25T23:01:54Z</time></trkpt>
<trkpt lat="47.454855" lon="-121.277584"><ele>1452.8</ele><time>2024-08-25T23:02:05Z</time></trkpt>
<trkpt lat="47.455072" lon="-121.277664"><ele>1452.4</ele><time>2024-08-25T23:02:09Z</time></trkpt>
<trkpt lat="47.455093" lon="-121.277520"><ele>1451.6</ele><time>2024-08-25T23:02:26Z</time></trkpt>
<trkpt lat="47.455121" lon="-121.277737"><ele>1449.8</ele><time>2024-08-25T23:02:43Z</time></trkpt>
<trkpt lat="47.455192" lon="-121.277723"><ele>1447.8</ele><time>2024-08-25T23:02:57Z</time></trkpt>
<trkpt lat="47.455246" lon="-121.277540"><ele>1447.4</ele><time>2024-08-25T23:03:08Z</time></trkpt>
<trkpt lat="47.455194" lon="-121.277413"><ele>1447.0</ele><time>2024-08-25T23:03:15Z</time></trkpt>
<trkpt lat="47.455340" lon="-121.277693"><ele>1444.0</ele><time>2024-08-25T23:03:35Z</time></trkpt>
<trkpt lat="47.455428" lon="-121.277648"><ele>1438.2</ele><time>2024-08-25T23:04:14Z</time></trkpt>
<trkpt lat="47.455717" lon="-121.277966"><ele>1433.4</ele><time>2024-08-25T23:04:43Z</time></trkpt>
<trkpt lat="47.455638" lon="-121.277801"><ele>1431.2</ele><time>2024-08-25T23:04:52Z</time></trkpt>
<trkpt lat="47.455904" lon="-121.277080"><ele>1411.0</ele><time>2024-08-25T23:06:55Z</time></trkpt>
<trkpt lat="47.455855" lon="-121.277092"><ele>1410.0</ele><time>2024-08-25T23:06:59Z</time></trkpt>
<trkpt lat="47.455829" lon="-121.277441"><ele>1407.2</ele><time>2024-08-25T23:07:18Z</time></trkpt>
<trkpt lat="47.455696" lon="-121.277206"><ele>1408.4</ele><time>2024-08-25T23:07:33Z</time></trkpt>
<trkpt lat="47.455795" lon="-121.277206"><ele>1405.4</ele><time>2024-08-25T23:07:45Z</time></trkpt>
<trkpt lat="47.455941" lon="-121.277089"><ele>1407.2</ele><time>2024-08-25T23:08:07Z</time></trkpt>
<trkpt lat="47.455860" lon="-121.276991"><ele>1405.8</ele><time>2024-08-25T23:08:25Z</time></trkpt>
<trkpt lat="47.455517" lon="-121.276913"><ele>1401.2</ele><time>2024-08-25T23:08:48Z</time></trkpt>
<trkpt lat="47.455384" lon="-121.275705"><ele>1382.6</ele><time>2024-08-25T23:11:03Z</time></trkpt>
<trkpt lat="47.455828" lon="-121.276129"><ele>1374.4</ele><time>2024-08-25T23:11:49Z</time></trkpt>
<trkpt lat="47.455963" lon="-121.275811"><ele>1371.2</ele><time>2024-08-25T23:12:21Z</time></trkpt>
<trkpt lat="47.456016" lon="-121.275948"><ele>1369.0</ele><time>2024-08-25T23:12:43Z</time></trkpt>
<trkpt lat="47.455972" lon="-121.275984"><ele>1368.4</ele><time>2024-08-25T23:12:46Z</time></trkpt>
<trkpt lat="47.457229" lon="-121.274531"><ele>1297.4</ele><time>2024-08-25T23:21:50Z</time></trkpt>
<trkpt lat="47.457270" lon="-121.274089"><ele>1294.8</ele><time>2024-08-25T23:22:12Z</time></trkpt>
<trkpt lat="47.457515" lon="-121.273291"><ele>1288.6</ele><time>2024-08-25T23:23:12Z</time></trkpt>
<trkpt lat="47.457553" lon="-121.272992"><ele>1287.6</ele><time>2024-08-25T23:23:20Z</time></trkpt>
<trkpt lat="47.457564" lon="-121.273043"><ele>1287.2</ele><time>2024-08-25T23:23:22Z</time></trkpt>
<trkpt lat="47.457470" lon="-121.272903"><ele>1286.6</ele><time>2024-08-25T23:23:25Z</time></trkpt>
<trkpt lat="47.457368" lon="-121.272920"><ele>1286.2</ele><time>2024-08-25T23:23:28Z</time></trkpt>
<trkpt lat="47.458071" lon="-121.271588"><ele>1238.0</ele><time>2024-08-25T23:29:33Z</time></trkpt>
<trkpt lat="47.458594" lon="-121.272289"><ele>1233.0</ele><time>2024-08-25T23:30:33Z</time></trkpt>
<trkpt lat="47.458496" lon="-121.273164"><ele>1227.0</ele><time>2024-08-25T23:31:08Z</time></trkpt>
<trkpt lat="47.458541" lon="-121.272764"><ele>1226.8</ele><time>2024-08-25T23:31:09Z</time></trkpt>
<trkpt lat="47.458591" lon="-121.272699"><ele>1226.0</ele><time>2024-08-25T23:31:15Z</time></trkpt>
<trkpt lat="47.458530" lon="-121.272668"><ele>1225.4</ele><time>2024-08-25T23:31:19Z</time></trkpt>
<trkpt lat="47.458645" lon="-121.272664"><ele>1224.0</ele><time>2024-08-25T23:31:24Z</time></trkpt>
<trkpt lat="47.458639" lon="-121.272764"><ele>1223.4</ele><time>2024-08-25T23:31:28Z</time></trkpt>
<trkpt lat="47.458706" lon="-121.272775"><ele>1223.0</ele><time>2024-08-25T23:31:33Z</time></trkpt>
<trkpt lat="47.459005" lon="-121.272704"><ele>1217.6</ele><time>2024-08-25T23:32:27Z</time></trkpt>
<trkpt lat="47.458657" lon="-121.272336"><ele>1214.2</ele><time>2024-08-25T23:33:05Z</time></trkpt>
<trkpt lat="47.458365" lon="-121.272320"><ele>1211.4</ele><time>2024-08-25T23:33:23Z</time></trkpt>
<trkpt lat="47.458356" lon="-121.271786"><ele>1207.6</ele><time>2024-08-25T23:33:51Z</time></trkpt>
<trkpt lat="47.458404" lon="-121.271742"><ele>1205.6</ele><time>2024-08-25T23:34:05Z</time></trkpt>
<trkpt lat="47.458477" lon="-121.271974"><ele>1203.4</ele><time>2024-08-25T23:34:23Z</time></trkpt>
<trkpt lat="47.459034" lon="-121.271740"><ele>1197.0</ele><time>2024-08-25T23:35:23Z</time></trkpt>
<trkpt lat="47.459989" lon="-121.271626"><ele>1194.8</ele><time>2024-08-25T23:37:16Z</time></trkpt>
<trkpt lat="47.459848" lon="-121.271697"><ele>1195.2</ele><time>2024-08-25T23:37:22Z</time></trkpt>
<trkpt lat="47.459774" lon="-121.271653"><ele>1195.0</ele><time>2024-08-25T23:37:27Z</time></trkpt>
<trkpt lat="47.460157" lon="-121.270891"><ele>1187.4</ele><time>2024-08-25T23:39:22Z</time></trkpt>
<trkpt lat="47.460128" lon="-121.271058"><ele>1187.4</ele><time>2024-08-25T23:39:26Z</time></trkpt>
<trkpt lat="47.460284" lon="-121.271017"><ele>1185.8</ele><time>2024-08-25T23:40:01Z</time></trkpt>
<trkpt lat="47.460395" lon="-121.270859"><ele>1185.0</ele><time>2024-08-25T23:40:17Z</time></trkpt>
<trkpt lat="47.460304" lon="-121.270726"><ele>1179.4</ele><time>2024-08-25T23:40:45Z</time></trkpt>
<trkpt lat="47.460415" lon="-121.270599"><ele>1174.4</ele><time>2024-08-25T23:41:17Z</time></trkpt>
<trkpt lat="47.460379" lon="-121.270588"><ele>1174.2</ele><time>2024-08-25T23:41:18Z</time></trkpt>
<trkpt lat="47.460479" lon="-121.270611"><ele>1173.8</ele><time>2024-08-25T23:41:19Z</time></trkpt>
<trkpt lat="47.460681" lon="-121.270003"><ele>1165.0</ele><time>2024-08-25T23:42:06Z</time></trkpt>
<trkpt lat="47.460980" lon="-121.270082"><ele>1163.4</ele><time>2024-08-25T23:42:54Z</time></trkpt>
<trkpt lat="47.461059" lon="-121.269889"><ele>1161.0</ele><time>2024-08-25T23:43:26Z</time></trkpt>
<trkpt lat="47.461199" lon="-121.269799"><ele>1159.4</ele><time>2024-08-25T23:43:58Z</time></trkpt>
<trkpt lat="47.461504" lon="-121.269383"><ele>1156.2</ele><time>2024-08-25T23:44:34Z</time></trkpt>
<trkpt lat="47.461538" lon="-121.269226"><ele>1155.8</ele><time>2024-08-25T23:44:42Z</time></trkpt>
<trkpt lat="47.461617" lon="-121.269124"><ele>1155.2</ele><time>2024-08-25T23:44:52Z</time></trkpt>
<trkpt lat="47.461653" lon="-121.269188"><ele>1155.2</ele><time>2024-08-25T23:44:58Z</time></trkpt>
<trkpt lat="47.461154" lon="-121.268962"><ele>1148.6</ele><time>2024-08-25T23:45:56Z</time></trkpt>
<trkpt lat="47.461014" lon="-121.268717"><ele>1144.2</ele><time>2024-08-25T23:46:22Z</time></trkpt>
<trkpt lat="47.460511" lon="-121.268650"><ele>1135.2</ele><time>2024-08-25T23:47:09Z</time></trkpt>
<trkpt lat="47.460310" lon="-121.268865"><ele>1133.0</ele><time>2024-08-25T23:47:29Z</time></trkpt>
<trkpt lat="47.460162" lon="-121.268749"><ele>1129.6</ele><time>2024-08-25T23:47:52Z</time></trkpt>
<trkpt lat="47.460576" lon="-121.268279"><ele>1121.8</ele><time>2024-08-25T23:48:48Z</time></trkpt>
<trkpt lat="47.460429" lon="-121.268208"><ele>1119.8</ele><time>2024-08-25T23:49:12Z</time></trkpt>
<trkpt lat="47.460188" lon="-121.268294"><ele>1117.2</ele><time>2024-08-25T23:49:30Z</time></trkpt>
<trkpt lat="47.459809" lon="-121.268151"><ele>1111.6</ele><time>2024-08-25T23:50:02Z</time></trkpt>
<trkpt lat="47.459571" lon="-121.268162"><ele>1109.4</ele><time>2024-08-25T23:50:22Z</time></trkpt>
<trkpt lat="47.459587" lon="-121.268343"><ele>1107.6</ele><time>2024-08-25T23:50:36Z</time></trkpt>
<trkpt lat="47.459390" lon="-121.268396"><ele>1102.8</ele><time>2024-08-25T23:51:00Z</time></trkpt>
<trkpt lat="47.459374" lon="-121.268255"><ele>1101.6</ele><time>2024-08-25T23:51:12Z</time></trkpt>
<trkpt lat="47.459365" lon="-121.268324"><ele>1101.2</ele><time>2024-08-25T23:51:20Z</time></trkpt>
<trkpt lat="47.460284" lon="-121.267591"><ele>1093.0</ele><time>2024-08-25T23:53:15Z</time></trkpt>
<trkpt lat="47.460134" lon="-121.267572"><ele>1088.6</ele><time>2024-08-25T23:53:34Z</time></trkpt>
<trkpt lat="47.459763" lon="-121.267279"><ele>1084.2</ele><time>2024-08-25T23:54:14Z</time></trkpt>
<trkpt lat="47.459506" lon="-121.267426"><ele>1077.4</ele><time>2024-08-25T23:54:42Z</time></trkpt>
<trkpt lat="47.459580" lon="-121.267117"><ele>1075.8</ele><time>2024-08-25T23:55:02Z</time></trkpt>
<trkpt lat="47.459636" lon="-121.267081"><ele>1075.4</ele><time>2024-08-25T23:55:11Z</time></trkpt>
<trkpt lat="47.459663" lon="-121.267186"><ele>1074.6</ele><time>2024-08-25T23:55:18Z</time></trkpt>
<trkpt lat="47.459758" lon="-121.267201"><ele>1073.4</ele><time>2024-08-25T23:55:29Z</time></trkpt>
<trkpt lat="47.459931" lon="-121.266648"><ele>1067.8</ele><time>2024-08-25T23:56:19Z</time></trkpt>
<trkpt lat="47.459787" lon="-121.266742"><ele>1064.2</ele><time>2024-08-25T23:56:35Z</time></trkpt>
<trkpt lat="47.459664" lon="-121.266980"><ele>1061.0</ele><time>2024-08-25T23:57:12Z</time></trkpt>
<trkpt lat="47.459346" lon="-121.266949"><ele>1059.2</ele><time>2024-08-25T23:57:28Z</time></trkpt>
<trkpt lat="47.459254" lon="-121.266804"><ele>1057.6</ele><time>2024-08-25T23:57:41Z</time></trkpt>
<trkpt lat="47.459298" lon="-121.266679"><ele>1055.2</ele><time>2024-08-25T23:57:51Z</time></trkpt>
<trkpt lat="47.459460" lon="-121.266497"><ele>1050.8</ele><time>2024-08-25T23:58:15Z</time></trkpt>
<trkpt lat="47.460158" lon="-121.266433"><ele>1047.2</ele><time>2024-08-25T23:59:11Z</time></trkpt>
<trkpt lat="47.460270" lon="-121.266312"><ele>1045.2</ele><time>2024-08-25T23:59:21Z</time></trkpt>
<trkpt lat="47.460348" lon="-121.266491"><ele>1044.0</ele><time>2024-08-25T23:59:28Z</time></trkpt>
<trkpt lat="47.460702" lon="-121.266331"><ele>1044.6</ele><time>2024-08-26T00:00:02Z</time></trkpt>
<trkpt lat="47.460835" lon="-121.266416"><ele>1045.6</ele><time>2024-08-26T00:00:16Z</time></trkpt>
<trkpt lat="47.460978" lon="-121.266249"><ele>1045.2</ele><time>2024-08-26T00:01:15Z</time></trkpt>
<trkpt lat="47.461201" lon="-121.266199"><ele>1042.0</ele><time>2024-08-26T00:01:28Z</time></trkpt>
<trkpt lat="47.461223" lon="-121.266323"><ele>1041.2</ele><time>2024-08-26T00:01:37Z</time></trkpt>
<trkpt lat="47.461410" lon="-121.266463"><ele>1040.4</ele><time>2024-08-26T00:01:59Z</time></trkpt>
<trkpt lat="47.461270" lon="-121.266105"><ele>1036.0</ele><time>2024-08-26T00:02:51Z</time></trkpt>
<trkpt lat="47.461256" lon="-121.265869"><ele>1032.0</ele><time>2024-08-26T00:03:10Z</time></trkpt>
<trkpt lat="47.461180" lon="-121.265769"><ele>1031.8</ele><time>2024-08-26T00:03:18Z</time></trkpt>
<trkpt lat="47.461017" lon="-121.265786"><ele>1031.4</ele><time>2024-08-26T00:03:30Z</time></trkpt>
<trkpt lat="47.460969" lon="-121.265611"><ele>1029.0</ele><time>2024-08-26T00:03:41Z</time></trkpt>
<trkpt lat="47.461249" lon="-121.265498"><ele>1024.8</ele><time>2024-08-26T00:04:01Z</time></trkpt>
<trkpt lat="47.461415" lon="-121.265601"><ele>1022.6</ele><time>2024-08-26T00:04:27Z</time></trkpt>
<trkpt lat="47.461803" lon="-121.265448"><ele>1017.0</ele><time>2024-08-26T00:05:03Z</time></trkpt>
<trkpt lat="47.461863" lon="-121.265324"><ele>1016.6</ele><time>2024-08-26T00:05:12Z</time></trkpt>
<trkpt lat="47.461971" lon="-121.265335"><ele>1016.2</ele><time>2024-08-26T00:05:23Z</time></trkpt>
<trkpt lat="47.462234" lon="-121.265095"><ele>1013.6</ele><time>2024-08-26T00:05:43Z</time></trkpt>
<trkpt lat="47.462427" lon="-121.264778"><ele>1009.2</ele><time>2024-08-26T00:06:13Z</time></trkpt>
<trkpt lat="47.462948" lon="-121.264674"><ele>1001.0</ele><time>2024-08-26T00:07:05Z</time></trkpt>
<trkpt lat="47.463070" lon="-121.264590"><ele>999.6</ele><time>2024-08-26T00:07:16Z</time></trkpt>
<trkpt lat="47.463110" lon="-121.264404"><ele>1000.0</ele><time>2024-08-26T00:07:23Z</time></trkpt>
<trkpt lat="47.463190" lon="-121.264344"><ele>999.2</ele><time>2024-08-26T00:07:29Z</time></trkpt>
<trkpt lat="47.463751" lon="-121.264194"><ele>993.0</ele><time>2024-08-26T00:08:07Z</time></trkpt>
<trkpt lat="47.464442" lon="-121.263667"><ele>987.2</ele><time>2024-08-26T00:09:21Z</time></trkpt>
<trkpt lat="47.464529" lon="-121.263519"><ele>987.2</ele><time>2024-08-26T00:09:25Z</time></trkpt>
<trkpt lat="47.465203" lon="-121.263399"><ele>990.0</ele><time>2024-08-26T00:10:31Z</time></trkpt>
<trkpt lat="47.465683" lon="-121.263211"><ele>987.8</ele><time>2024-08-26T00:11:11Z</time></trkpt>
<trkpt lat="47.465784" lon="-121.263295"><ele>987.0</ele><time>2024-08-26T00:11:26Z</time></trkpt>
<trkpt lat="47.466732" lon="-121.262037"><ele>985.8</ele><time>2024-08-26T00:13:16Z</time></trkpt>
<trkpt lat="47.467078" lon="-121.261642"><ele>979.0</ele><time>2024-08-26T00:15:15Z</time></trkpt>
<trkpt lat="47.467039" lon="-121.261604"><ele>980.6</ele><time>2024-08-26T00:15:26Z</time></trkpt>
<trkpt lat="47.467447" lon="-121.260942"><ele>979.8</ele><time>2024-08-26T00:17:01Z</time></trkpt>
<trkpt lat="47.467573" lon="-121.260826"><ele>980.4</ele><time>2024-08-26T00:17:13Z</time></trkpt>
<trkpt lat="47.467797" lon="-121.260815"><ele>981.0</ele><time>2024-08-26T00:17:23Z</time></trkpt>
<trkpt lat="47.468194" lon="-121.260611"><ele>983.0</ele><time>2024-08-26T00:18:09Z</time></trkpt>
<trkpt lat="47.468541" lon="-121.260157"><ele>985.0</ele><time>2024-08-26T00:18:45Z</time></trkpt>
<trkpt lat="47.468757" lon="-121.260183"><ele>986.0</ele><time>2024-08-26T00:19:03Z</time></trkpt>
<trkpt lat="47.468834" lon="-121.260040"><ele>985.8</ele><time>2024-08-26T00:19:11Z</time></trkpt>
<trkpt lat="47.468762" lon="-121.259719"><ele>984.2</ele><time>2024-08-26T00:19:30Z</time></trkpt>
<trkpt lat="47.468888" lon="-121.257916"><ele>989.8</ele><time>2024-08-26T00:21:15Z</time></trkpt>
<trkpt lat="47.469248" lon="-121.257365"><ele>985.4</ele><time>2024-08-26T00:22:17Z</time></trkpt>
<trkpt lat="47.469194" lon="-121.257469"><ele>987.2</ele><time>2024-08-26T00:23:18Z</time></trkpt>
<trkpt lat="47.469154" lon="-121.257405"><ele>986.6</ele><time>2024-08-26T00:23:26Z</time></trkpt>
<trkpt lat="47.469875" lon="-121.256431"><ele>991.2</ele><time>2024-08-26T00:24:52Z</time></trkpt>
<trkpt lat="47.469879" lon="-121.256280"><ele>992.0</ele><time>2024-08-26T00:25:00Z</time></trkpt>
<trkpt lat="47.469804" lon="-121.256152"><ele>994.2</ele><time>2024-08-26T00:25:12Z</time></trkpt>
<trkpt lat="47.470084" lon="-121.255906"><ele>992.4</ele><time>2024-08-26T00:25:29Z</time></trkpt>
<trkpt lat="47.470358" lon="-121.255932"><ele>990.4</ele><time>2024-08-26T00:26:08Z</time></trkpt>
<trkpt lat="47.470900" lon="-121.256220"><ele>991.0</ele><time>2024-08-26T00:27:00Z</time></trkpt>
<trkpt lat="47.471396" lon="-121.255968"><ele>994.6</ele><time>2024-08-26T00:27:30Z</time></trkpt>
<trkpt lat="47.471827" lon="-121.256170"><ele>997.0</ele><time>2024-08-26T00:28:06Z</time></trkpt>
<trkpt lat="47.472035" lon="-121.256859"><ele>999.4</ele><time>2024-08-26T00:29:14Z</time></trkpt>
<trkpt lat="47.472017" lon="-121.256803"><ele>999.8</ele><time>2024-08-26T00:29:16Z</time></trkpt>
<trkpt lat="47.472167" lon="-121.256814"><ele>1000.8</ele><time>2024-08-26T00:29:27Z</time></trkpt>
<trkpt lat="47.472865" lon="-121.257513"><ele>996.0</ele><time>2024-08-26T00:30:36Z</time></trkpt>
<trkpt lat="47.473351" lon="-121.257781"><ele>992.2</ele><time>2024-08-26T00:31:16Z</time></trkpt>
<trkpt lat="47.473377" lon="-121.257732"><ele>992.2</ele><time>2024-08-26T00:31:17Z</time></trkpt>
<trkpt lat="47.473398" lon="-121.257911"><ele>991.4</ele><time>2024-08-26T00:31:23Z</time></trkpt>
<trkpt lat="47.473465" lon="-121.257874"><ele>991.0</ele><time>2024-08-26T00:31:26Z</time></trkpt>
<trkpt lat="47.473653" lon="-121.258068"><ele>989.6</ele><time>2024-08-26T00:31:42Z</time></trkpt>
<trkpt lat="47.473697" lon="-121.258020"><ele>989.4</ele><time>2024-08-26T00:31:46Z</time></trkpt>
<trkpt lat="47.474420" lon="-121.258823"><ele>988.6</ele><time>2024-08-26T00:33:14Z</time></trkpt>
<trkpt lat="47.474368" lon="-121.258794"><ele>988.6</ele><time>2024-08-26T00:33:15Z</time></trkpt>
<trkpt lat="47.474477" lon="-121.258698"><ele>988.6</ele><time>2024-08-26T00:33:21Z</time></trkpt>
<trkpt lat="47.474958" lon="-121.259023"><ele>985.6</ele><time>2024-08-26T00:34:00Z</time></trkpt>
<trkpt lat="47.475109" lon="-121.260038"><ele>980.8</ele><time>2024-08-26T00:34:56Z</time></trkpt>
<trkpt lat="47.475328" lon="-121.260336"><ele>978.8</ele><time>2024-08-26T00:35:26Z</time></trkpt>
<trkpt lat="47.475611" lon="-121.260408"><ele>974.8</ele><time>2024-08-26T00:35:56Z</time></trkpt>
<trkpt lat="47.475728" lon="-121.260850"><ele>974.2</ele><time>2024-08-26T00:36:24Z</time></trkpt>
<trkpt lat="47.476143" lon="-121.261461"><ele>971.6</ele><time>2024-08-26T00:37:11Z</time></trkpt>
<trkpt lat="47.476466" lon="-121.261671"><ele>970.0</ele><time>2024-08-26T00:37:40Z</time></trkpt>
<trkpt lat="47.476688" lon="-121.261569"><ele>965.6</ele><time>2024-08-26T00:38:18Z</time></trkpt>
<trkpt lat="47.476777" lon="-121.261302"><ele>963.8</ele><time>2024-08-26T00:39:06Z</time></trkpt>
<trkpt lat="47.476928" lon="-121.261461"><ele>965.2</ele><time>2024-08-26T00:40:10Z</time></trkpt>
<trkpt lat="47.476886" lon="-121.261501"><ele>967.0</ele><time>2024-08-26T00:40:30Z</time></trkpt>
<trkpt lat="47.477236" lon="-121.261775"><ele>965.2</ele><time>2024-08-26T00:41:15Z</time></trkpt>
<trkpt lat="47.477386" lon="-121.261768"><ele>965.4</ele><time>2024-08-26T00:41:29Z</time></trkpt>
<trkpt lat="47.477501" lon="-121.261116"><ele>965.6</ele><time>2024-08-26T00:42:02Z</time></trkpt>
<trkpt lat="47.478059" lon="-121.260876"><ele>966.8</ele><time>2024-08-26T00:43:14Z</time></trkpt>
<trkpt lat="47.478246" lon="-121.260916"><ele>965.8</ele><time>2024-08-26T00:43:31Z</time></trkpt>
<trkpt lat="47.478845" lon="-121.260735"><ele>965.0</ele><time>2024-08-26T00:44:25Z</time></trkpt>
<trkpt lat="47.479288" lon="-121.260361"><ele>965.2</ele><time>2024-08-26T00:45:15Z</time></trkpt>
<trkpt lat="47.479396" lon="-121.260129"><ele>965.4</ele><time>2024-08-26T00:45:31Z</time></trkpt>
<trkpt lat="47.479728" lon="-121.260075"><ele>968.2</ele><time>2024-08-26T00:46:10Z</time></trkpt>
<trkpt lat="47.480030" lon="-121.260183"><ele>970.4</ele><time>2024-08-26T00:46:48Z</time></trkpt>
<trkpt lat="47.480329" lon="-121.260059"><ele>972.6</ele><time>2024-08-26T00:47:14Z</time></trkpt>
<trkpt lat="47.480538" lon="-121.260114"><ele>972.8</ele><time>2024-08-26T00:47:27Z</time></trkpt>
<trkpt lat="47.480600" lon="-121.258633"><ele>980.6</ele><time>2024-08-26T00:49:13Z</time></trkpt>
<trkpt lat="47.481145" lon="-121.258971"><ele>985.2</ele><time>2024-08-26T00:50:09Z</time></trkpt>
<trkpt lat="47.481268" lon="-121.259142"><ele>984.2</ele><time>2024-08-26T00:50:23Z</time></trkpt>
<trkpt lat="47.481434" lon="-121.259021"><ele>983.6</ele><time>2024-08-26T00:50:39Z</time></trkpt>
<trkpt lat="47.481876" lon="-121.259085"><ele>979.2</ele><time>2024-08-26T00:51:13Z</time></trkpt>
<trkpt lat="47.482213" lon="-121.259433"><ele>976.0</ele><time>2024-08-26T00:51:43Z</time></trkpt>
<trkpt lat="47.482998" lon="-121.259348"><ele>973.8</ele><time>2024-08-26T00:53:11Z</time></trkpt>
<trkpt lat="47.483099" lon="-121.259457"><ele>975.2</ele><time>2024-08-26T00:53:23Z</time></trkpt>
<trkpt lat="47.484274" lon="-121.259468"><ele>985.0</ele><time>2024-08-26T00:55:16Z</time></trkpt>
<trkpt lat="47.484461" lon="-121.259612"><ele>984.0</ele><time>2024-08-26T00:55:30Z</time></trkpt>
<trkpt lat="47.484739" lon="-121.259628"><ele>982.2</ele><time>2024-08-26T00:56:03Z</time></trkpt>
<trkpt lat="47.485196" lon="-121.259124"><ele>979.8</ele><time>2024-08-26T00:56:57Z</time></trkpt>
<trkpt lat="47.486215" lon="-121.258713"><ele>983.8</ele><time>2024-08-26T00:58:25Z</time></trkpt>
<trkpt lat="47.486776" lon="-121.257968"><ele>986.2</ele><time>2024-08-26T00:59:27Z</time></trkpt>
<trkpt lat="47.487138" lon="-121.258020"><ele>987.4</ele><time>2024-08-26T00:59:55Z</time></trkpt>
<trkpt lat="47.487898" lon="-121.258482"><ele>991.4</ele><time>2024-08-26T01:01:17Z</time></trkpt>
<trkpt lat="47.489117" lon="-121.258056"><ele>998.8</ele><time>2024-08-26T01:03:20Z</time></trkpt>
<trkpt lat="47.489904" lon="-121.258124"><ele>1002.0</ele><time>2024-08-26T01:04:35Z</time></trkpt>
<trkpt lat="47.490285" lon="-121.258577"><ele>1002.6</ele><time>2024-08-26T01:05:30Z</time></trkpt>
<trkpt lat="47.490646" lon="-121.258758"><ele>998.6</ele><time>2024-08-26T01:07:13Z</time></trkpt>
<trkpt lat="47.490603" lon="-121.258674"><ele>999.0</ele><time>2024-08-26T01:07:14Z</time></trkpt>
<trkpt lat="47.490512" lon="-121.258699"><ele>999.0</ele><time>2024-08-26T01:07:20Z</time></trkpt>
<trkpt lat="47.490525" lon="-121.258611"><ele>999.0</ele><time>2024-08-26T01:07:21Z</time></trkpt>
<trkpt lat="47.490470" lon="-121.258646"><ele>999.0</ele><time>2024-08-26T01:07:24Z</time></trkpt>
<trkpt lat="47.490496" lon="-121.258706"><ele>999.0</ele><time>2024-08-26T01:07:31Z</time></trkpt>
<trkpt lat="47.490583" lon="-121.258686"><ele>999.0</ele><time>2024-08-26T01:09:18Z</time></trkpt>
<trkpt lat="47.490486" lon="-121.258615"><ele>998.0</ele><time>2024-08-26T01:11:20Z</time></trkpt>
<trkpt lat="47.490488" lon="-121.258716"><ele>998.4</ele><time>2024-08-26T01:11:31Z</time></trkpt>
<trkpt lat="47.490518" lon="-121.258667"><ele>997.8</ele><time>2024-08-26T01:11:45Z</time></trkpt>
<trkpt lat="47.490416" lon="-121.258528"><ele>998.4</ele><time>2024-08-26T01:12:25Z</time></trkpt>
<trkpt lat="47.490323" lon="-121.258639"><ele>997.4</ele><time>2024-08-26T01:13:18Z</time></trkpt>
<trkpt lat="47.490366" lon="-121.258658"><ele>997.8</ele><time>2024-08-26T01:13:30Z</time></trkpt>
<trkpt lat="47.490913" lon="-121.254599"><ele>1102.4</ele><time>2024-08-26T01:54:25Z</time></trkpt>
<trkpt lat="47.489726" lon="-121.253538"><ele>1105.0</ele><time>2024-08-26T01:55:20Z</time></trkpt>
<trkpt lat="47.490075" lon="-121.254114"><ele>1105.2</ele><time>2024-08-26T01:55:32Z</time></trkpt>
<trkpt lat="47.489963" lon="-121.254037"><ele>1106.8</ele><time>2024-08-26T01:55:44Z</time></trkpt>
<trkpt lat="47.490044" lon="-121.254138"><ele>1110.6</ele><time>2024-08-26T01:56:32Z</time></trkpt>
<trkpt lat="47.489821" lon="-121.253851"><ele>1116.4</ele><time>2024-08-26T01:57:23Z</time></trkpt>
<trkpt lat="47.489435" lon="-121.253470"><ele>1116.4</ele><time>2024-08-26T01:57:29Z</time></trkpt>
<trkpt lat="47.489445" lon="-121.253257"><ele>1116.4</ele><time>2024-08-26T01:57:32Z</time></trkpt>
<trkpt lat="47.488530" lon="-121.252765"><ele>1121.4</ele><time>2024-08-26T01:59:00Z</time></trkpt>
<trkpt lat="47.488345" lon="-121.252410"><ele>1121.4</ele><time>2024-08-26T01:59:28Z</time></trkpt>
<trkpt lat="47.488324" lon="-121.252732"><ele>1121.8</ele><time>2024-08-26T01:59:35Z</time></trkpt>
<trkpt lat="47.488215" lon="-121.252762"><ele>1122.2</ele><time>2024-08-26T01:59:43Z</time></trkpt>
<trkpt lat="47.488056" lon="-121.252666"><ele>1123.4</ele><time>2024-08-26T01:59:55Z</time></trkpt>
<trkpt lat="47.487619" lon="-121.252893"><ele>1125.4</ele><time>2024-08-26T02:01:11Z</time></trkpt>
<trkpt lat="47.487477" lon="-121.252781"><ele>1125.2</ele><time>2024-08-26T02:01:32Z</time></trkpt>
<trkpt lat="47.487349" lon="-121.252844"><ele>1126.6</ele><time>2024-08-26T02:01:41Z</time></trkpt>
<trkpt lat="47.486903" lon="-121.252697"><ele>1131.0</ele><time>2024-08-26T02:03:23Z</time></trkpt>
<trkpt lat="47.486918" lon="-121.252788"><ele>1130.8</ele><time>2024-08-26T02:03:27Z</time></trkpt>
<trkpt lat="47.487813" lon="-121.251879"><ele>1136.4</ele><time>2024-08-26T02:05:17Z</time></trkpt>
<trkpt lat="47.487752" lon="-121.251903"><ele>1136.6</ele><time>2024-08-26T02:05:18Z</time></trkpt>
<trkpt lat="47.487974" lon="-121.252352"><ele>1137.2</ele><time>2024-08-26T02:05:29Z</time></trkpt>
<trkpt lat="47.488282" lon="-121.252308"><ele>1138.8</ele><time>2024-08-26T02:06:30Z</time></trkpt>
<trkpt lat="47.488231" lon="-121.252250"><ele>1140.0</ele><time>2024-08-26T02:06:46Z</time></trkpt>
<trkpt lat="47.488012" lon="-121.252313"><ele>1139.6</ele><time>2024-08-26T02:07:08Z</time></trkpt>
<trkpt lat="47.487960" lon="-121.252135"><ele>1142.8</ele><time>2024-08-26T02:07:31Z</time></trkpt>
<trkpt lat="47.487107" lon="-121.251915"><ele>1150.0</ele><time>2024-08-26T02:09:02Z</time></trkpt>
<trkpt lat="47.486917" lon="-121.251400"><ele>1151.4</ele><time>2024-08-26T02:09:20Z</time></trkpt>
<trkpt lat="47.486662" lon="-121.252163"><ele>1151.8</ele><time>2024-08-26T02:09:25Z</time></trkpt>
<trkpt lat="47.486756" lon="-121.252231"><ele>1152.0</ele><time>2024-08-26T02:09:28Z</time></trkpt>
<trkpt lat="47.486839" lon="-121.252154"><ele>1152.4</ele><time>2024-08-26T02:09:33Z</time></trkpt>
<trkpt lat="47.487578" lon="-121.251129"><ele>1157.8</ele><time>2024-08-26T02:11:01Z</time></trkpt>
<trkpt lat="47.487831" lon="-121.250256"><ele>1159.6</ele><time>2024-08-26T02:11:22Z</time></trkpt>
<trkpt lat="47.488128" lon="-121.251723"><ele>1159.8</ele><time>2024-08-26T02:11:24Z</time></trkpt>
<trkpt lat="47.488075" lon="-121.252429"><ele>1160.6</ele><time>2024-08-26T02:11:28Z</time></trkpt>
<trkpt lat="47.487939" lon="-121.251961"><ele>1161.4</ele><time>2024-08-26T02:11:35Z</time></trkpt>
<trkpt lat="47.488488" lon="-121.251949"><ele>1160.8</ele><time>2024-08-26T02:12:16Z</time></trkpt>
<trkpt lat="47.488894" lon="-121.251854"><ele>1165.0</ele><time>2024-08-26T02:13:34Z</time></trkpt>
<trkpt lat="47.490386" lon="-121.251946"><ele>1180.0</ele><time>2024-08-26T02:17:51Z</time></trkpt>
<trkpt lat="47.490768" lon="-121.252035"><ele>1189.4</ele><time>2024-08-26T02:19:29Z</time></trkpt>
<trkpt lat="47.490715" lon="-121.252061"><ele>1189.8</ele><time>2024-08-26T02:19:36Z</time></trkpt>
<trkpt lat="47.489761" lon="-121.251418"><ele>1199.2</ele><time>2024-08-26T02:21:25Z</time></trkpt>
<trkpt lat="47.489560" lon="-121.251387"><ele>1200.4</ele><time>2024-08-26T02:21:45Z</time></trkpt>
<trkpt lat="47.489226" lon="-121.251037"><ele>1204.8</ele><time>2024-08-26T02:22:15Z</time></trkpt>
<trkpt lat="47.489366" lon="-121.251187"><ele>1205.2</ele><time>2024-08-26T02:22:18Z</time></trkpt>
<trkpt lat="47.489144" lon="-121.251208"><ele>1207.0</ele><time>2024-08-26T02:22:40Z</time></trkpt>
<trkpt lat="47.488919" lon="-121.250787"><ele>1210.2</ele><time>2024-08-26T02:23:14Z</time></trkpt>
<trkpt lat="47.488770" lon="-121.250827"><ele>1212.6</ele><time>2024-08-26T02:23:33Z</time></trkpt>
<trkpt lat="47.488811" lon="-121.250950"><ele>1213.8</ele><time>2024-08-26T02:23:47Z</time></trkpt>
<trkpt lat="47.488584" lon="-121.250845"><ele>1216.4</ele><time>2024-08-26T02:24:05Z</time></trkpt>
<trkpt lat="47.486798" lon="-121.248577"><ele>1337.6</ele><time>2024-08-26T02:47:42Z</time></trkpt>
<trkpt lat="47.487345" lon="-121.248490"><ele>1349.2</ele><time>2024-08-26T02:49:06Z</time></trkpt>
<trkpt lat="47.487493" lon="-121.248370"><ele>1350.6</ele><time>2024-08-26T02:49:23Z</time></trkpt>
<trkpt lat="47.487498" lon="-121.248611"><ele>1350.6</ele><time>2024-08-26T02:49:25Z</time></trkpt>
<trkpt lat="47.487576" lon="-121.248329"><ele>1350.6</ele><time>2024-08-26T02:49:30Z</time></trkpt>
<trkpt lat="47.487351" lon="-121.248298"><ele>1350.8</ele><time>2024-08-26T02:49:33Z</time></trkpt>
<trkpt lat="47.487425" lon="-121.248091"><ele>1352.6</ele><time>2024-08-26T02:49:42Z</time></trkpt>
<trkpt lat="47.487332" lon="-121.248152"><ele>1353.6</ele><time>2024-08-26T02:49:48Z</time></trkpt>
<trkpt lat="47.487043" lon="-121.247897"><ele>1357.4</ele><time>2024-08-26T02:50:16Z</time></trkpt>
<trkpt lat="47.486882" lon="-121.248112"><ele>1358.6</ele><time>2024-08-26T02:50:38Z</time></trkpt>
<trkpt lat="47.486628" lon="-121.248229"><ele>1358.4</ele><time>2024-08-26T02:50:56Z</time></trkpt>
<trkpt lat="47.486814" lon="-121.248237"><ele>1359.2</ele><time>2024-08-26T02:53:00Z</time></trkpt>
<trkpt lat="47.486826" lon="-121.248178"><ele>1359.4</ele><time>2024-08-26T02:53:02Z</time></trkpt>
</trkseg></trk>
</gpx>
