<?xml version="1.0" encoding="UTF-8"?>
<gpx version="1.1" creator="Eric Sichak trip reports" xmlns="http://www.topografix.com/GPX/1/1">
<metadata><name>Morning Hike</name><time>2024-08-26T13:50:03Z</time></metadata>
<trk><name>Morning Hike</name><type>hike</type><trkseg>
<trkpt lat="47.487013" lon="-121.248028"><ele>1390.4</ele><time>2024-08-26T13:50:03Z</time></trkpt>
<trkpt lat="47.487306" lon="-121.247893"><ele>1397.2</ele><time>2024-08-26T13:50:53Z</time></trkpt>
<trkpt lat="47.488256" lon="-121.247828"><ele>1412.2</ele><time>2024-08-26T13:52:29Z</time></trkpt>
<trkpt lat="47.488975" lon="-121.247760"><ele>1414.4</ele><time>2024-08-26T13:53:05Z</time></trkpt>
<trkpt lat="47.489630" lon="-121.247844"><ele>1427.4</ele><time>2024-08-26T13:54:31Z</time></trkpt>
<trkpt lat="47.490080" lon="-121.247961"><ele>1429.8</ele><time>2024-08-26T13:55:00Z</time></trkpt>
<trkpt lat="47.492109" lon="-121.247809"><ele>1488.6</ele><time>2024-08-26T14:05:18Z</time></trkpt>
<trkpt lat="47.493056" lon="-121.247996"><ele>1491.0</ele><time>2024-08-26T14:06:42Z</time></trkpt>
<trkpt lat="47.494255" lon="-121.249141"><ele>1503.4</ele><time>2024-08-26T14:08:48Z</time></trkpt>
<trkpt lat="47.494308" lon="-121.249032"><ele>1504.0</ele><time>2024-08-26T14:08:51Z</time></trkpt>
<trkpt lat="47.494399" lon="-121.249118"><ele>1505.0</ele><time>2024-08-26T14:08:59Z</time></trkpt>
<trkpt lat="47.494280" lon="-121.248651"><ele>1513.6</ele><time>2024-08-26T14:10:13Z</time></trkpt>
<trkpt lat="47.494119" lon="-121.248240"><ele>1515.6</ele><time>2024-08-26T14:10:51Z</time></trkpt>
<trkpt lat="47.493986" lon="-121.248218"><ele>1516.8</ele><time>2024-08-26T14:10:56Z</time></trkpt>
<trkpt lat="47.494718" lon="-121.248751"><ele>1524.0</ele><time>2024-08-26T14:12:20Z</time></trkpt>
<trkpt lat="47.494953" lon="-121.249165"><ele>1527.2</ele><time>2024-08-26T14:12:46Z</time></trkpt>
<trkpt lat="47.495048" lon="-121.249157"><ele>1528.2</ele><time>2024-08-26T14:13:02Z</time></trkpt>
<trkpt lat="47.495023" lon="-121.249207"><ele>1530.4</ele><time>2024-08-26T14:13:22Z</time></trkpt>
<trkpt lat="47.495298" lon="-121.249407"><ele>1532.8</ele><time>2024-08-26T14:13:42Z</time></trkpt>
<trkpt lat="47.495816" lon="-121.249510"><ele>1535.4</ele><time>2024-08-26T14:14:26Z</time></trkpt>
<trkpt lat="47.495687" lon="-121.249377"><ele>1538.6</ele><time>2024-08-26T14:14:46Z</time></trkpt>
<trkpt lat="47.495718" lon="-121.249468"><ele>1538.6</ele><time>2024-08-26T14:14:47Z</time></trkpt>
<trkpt lat="47.495676" lon="-121.249475"><ele>1539.4</ele><time>2024-08-26T14:14:49Z</time></trkpt>
<trkpt lat="47.495636" lon="-121.249279"><ele>1541.4</ele><time>2024-08-26T14:15:03Z</time></trkpt>
<trkpt lat="47.494779" lon="-121.248069"><ele>1551.6</ele><time>2024-08-26T14:16:44Z</time></trkpt>
<trkpt lat="47.494923" lon="-121.248374"><ele>1553.8</ele><time>2024-08-26T14:17:02Z</time></trkpt>
<trkpt lat="47.495991" lon="-121.248774"><ele>1562.2</ele><time>2024-08-26T14:18:43Z</time></trkpt>
<trkpt lat="47.496033" lon="-121.249117"><ele>1564.0</ele><time>2024-08-26T14:18:55Z</time></trkpt>
<trkpt lat="47.496097" lon="-121.249147"><ele>1564.6</ele><time>2024-08-26T14:19:00Z</time></trkpt>
<trkpt lat="47.496221" lon="-121.248892"><ele>1567.4</ele><time>2024-08-26T14:19:28Z</time></trkpt>
<trkpt lat="47.495676" lon="-121.248638"><ele>1576.0</ele><time>2024-08-26T14:20:45Z</time></trkpt>
<trkpt lat="47.494910" lon="-121.247466"><ele>1585.0</ele><time>2024-08-26T14:22:20Z</time></trkpt>
<trkpt lat="47.494768" lon="-121.247376"><ele>1584.4</ele><time>2024-08-26T14:22:46Z</time></trkpt>
<trkpt lat="47.494724" lon="-121.247429"><ele>1584.8</ele><time>2024-08-26T14:22:52Z</time></trkpt>
<trkpt lat="47.494402" lon="-121.247206"><ele>1590.0</ele><time>2024-08-26T14:23:20Z</time></trkpt>
<trkpt lat="47.494130" lon="-121.246857"><ele>1596.0</ele><time>2024-08-26T14:24:16Z</time></trkpt>
<trkpt lat="47.494034" lon="-121.246623"><ele>1599.4</ele><time>2024-08-26T14:24:44Z</time></trkpt>
<trkpt lat="47.494034" lon="-121.246748"><ele>1599.4</ele><time>2024-08-26T14:24:45Z</time></trkpt>
<trkpt lat="47.494620" lon="-121.247162"><ele>1599.6</ele><time>2024-08-26T14:25:58Z</time></trkpt>
<trkpt lat="47.495173" lon="-121.247327"><ele>1604.0</ele><time>2024-08-26T14:26:45Z</time></trkpt>
<trkpt lat="47.495237" lon="-121.247493"><ele>1604.0</ele><time>2024-08-26T14:26:52Z</time></trkpt>
<trkpt lat="47.497308" lon="-121.248574"><ele>1623.0</ele><time>2024-08-26T14:30:44Z</time></trkpt>
<trkpt lat="47.497432" lon="-121.248295"><ele>1623.2</ele><time>2024-08-26T14:30:48Z</time></trkpt>
<trkpt lat="47.497550" lon="-121.248259"><ele>1624.2</ele><time>2024-08-26T14:30:53Z</time></trkpt>
<trkpt lat="47.498200" lon="-121.248348"><ele>1626.6</ele><time>2024-08-26T14:31:33Z</time></trkpt>
<trkpt lat="47.498208" lon="-121.248352"><ele>1631.4</ele><time>2024-08-26T14:32:25Z</time></trkpt>
<trkpt lat="47.498337" lon="-121.248341"><ele>1633.6</ele><time>2024-08-26T14:32:47Z</time></trkpt>
<trkpt lat="47.498408" lon="-121.248242"><ele>1633.8</ele><time>2024-08-26T14:33:00Z</time></trkpt>
<trkpt lat="47.498355" lon="-121.248259"><ele>1633.2</ele><time>2024-08-26T14:33:07Z</time></trkpt>
<trkpt lat="47.498449" lon="-121.248317"><ele>1632.6</ele><time>2024-08-26T14:33:14Z</time></trkpt>
<trkpt lat="47.498847" lon="-121.248258"><ele>1636.8</ele><time>2024-08-26T14:33:47Z</time></trkpt>
<trkpt lat="47.498950" lon="-121.248323"><ele>1637.4</ele><time>2024-08-26T14:33:57Z</time></trkpt>
<trkpt lat="47.498585" lon="-121.248325"><ele>1644.2</ele><time>2024-08-26T14:34:43Z</time></trkpt>
<trkpt lat="47.498422" lon="-121.248383"><ele>1642.8</ele><time>2024-08-26T14:35:50Z</time></trkpt>
<trkpt lat="47.498520" lon="-121.248006"><ele>1642.4</ele><time>2024-08-26T14:35:53Z</time></trkpt>
<trkpt lat="47.498290" lon="-121.248007"><ele>1644.8</ele><time>2024-08-26T14:36:14Z</time></trkpt>
<trkpt lat="47.498021" lon="-121.247890"><ele>1648.8</ele><time>2024-08-26T14:36:42Z</time></trkpt>
<trkpt lat="47.498510" lon="-121.247981"><ele>1655.4</ele><time>2024-08-26T14:37:39Z</time></trkpt>
<trkpt lat="47.498608" lon="-121.247829"><ele>1657.8</ele><time>2024-08-26T14:37:51Z</time></trkpt>
<trkpt lat="47.499196" lon="-121.247727"><ele>1663.0</ele><time>2024-08-26T14:38:42Z</time></trkpt>
<trkpt lat="47.499187" lon="-121.247659"><ele>1663.8</ele><time>2024-08-26T14:38:50Z</time></trkpt>
<trkpt lat="47.499401" lon="-121.247505"><ele>1668.0</ele><time>2024-08-26T14:39:14Z</time></trkpt>
<trkpt lat="47.499703" lon="-121.247058"><ele>1675.8</ele><time>2024-08-26T14:40:06Z</time></trkpt>
<trkpt lat="47.499828" lon="-121.246632"><ele>1678.0</ele><time>2024-08-26T14:41:03Z</time></trkpt>
<trkpt lat="47.499800" lon="-121.246432"><ele>1681.8</ele><time>2024-08-26T14:41:16Z</time></trkpt>
<trkpt lat="47.499748" lon="-121.246442"><ele>1683.4</ele><time>2024-08-26T14:41:27Z</time></trkpt>
<trkpt lat="47.499611" lon="-121.246755"><ele>1681.4</ele><time>2024-08-26T14:42:04Z</time></trkpt>
<trkpt lat="47.499414" lon="-121.246857"><ele>1687.8</ele><time>2024-08-26T14:42:27Z</time></trkpt>
<trkpt lat="47.499285" lon="-121.246712"><ele>1689.8</ele><time>2024-08-26T14:42:47Z</time></trkpt>
<trkpt lat="47.499010" lon="-121.246835"><ele>1694.2</ele><time>2024-08-26T14:43:15Z</time></trkpt>
<trkpt lat="47.498708" lon="-121.246801"><ele>1697.0</ele><time>2024-08-26T14:43:42Z</time></trkpt>
<trkpt lat="47.498742" lon="-121.246658"><ele>1698.2</ele><time>2024-08-26T14:43:49Z</time></trkpt>
<trkpt lat="47.498683" lon="-121.246489"><ele>1700.0</ele><time>2024-08-26T14:44:02Z</time></trkpt>
<trkpt lat="47.498296" lon="-121.246219"><ele>1703.4</ele><time>2024-08-26T14:44:43Z</time></trkpt>
<trkpt lat="47.497634" lon="-121.246125"><ele>1701.0</ele><time>2024-08-26T14:45:54Z</time></trkpt>
<trkpt lat="47.497073" lon="-121.245711"><ele>1697.6</ele><time>2024-08-26T14:47:02Z</time></trkpt>
<trkpt lat="47.496467" lon="-121.245635"><ele>1694.8</ele><time>2024-08-26T14:47:58Z</time></trkpt>
<trkpt lat="47.496218" lon="-121.245272"><ele>1690.6</ele><time>2024-08-26T14:48:45Z</time></trkpt>
<trkpt lat="47.496144" lon="-121.245301"><ele>1689.6</ele><time>2024-08-26T14:48:51Z</time></trkpt>
<trkpt lat="47.495549" lon="-121.244667"><ele>1691.2</ele><time>2024-08-26T14:49:45Z</time></trkpt>
<trkpt lat="47.495708" lon="-121.244709"><ele>1691.0</ele><time>2024-08-26T14:49:50Z</time></trkpt>
<trkpt lat="47.495796" lon="-121.244360"><ele>1691.0</ele><time>2024-08-26T14:49:53Z</time></trkpt>
<trkpt lat="47.495835" lon="-121.244379"><ele>1691.4</ele><time>2024-08-26T14:49:55Z</time></trkpt>
<trkpt lat="47.495624" lon="-121.243760"><ele>1695.0</ele><time>2024-08-26T14:50:31Z</time></trkpt>
<trkpt lat="47.495440" lon="-121.243436"><ele>1691.2</ele><time>2024-08-26T14:51:46Z</time></trkpt>
<trkpt lat="47.495362" lon="-121.243134"><ele>1690.2</ele><time>2024-08-26T14:52:02Z</time></trkpt>
<trkpt lat="47.495496" lon="-121.242643"><ele>1688.0</ele><time>2024-08-26T14:52:22Z</time></trkpt>
<trkpt lat="47.495811" lon="-121.241884"><ele>1690.4</ele><time>2024-08-26T14:53:38Z</time></trkpt>
<trkpt lat="47.496091" lon="-121.241556"><ele>1692.0</ele><time>2024-08-26T14:54:04Z</time></trkpt>
<trkpt lat="47.496518" lon="-121.241168"><ele>1686.4</ele><time>2024-08-26T14:54:42Z</time></trkpt>
<trkpt lat="47.496819" lon="-121.241033"><ele>1683.6</ele><time>2024-08-26T14:55:14Z</time></trkpt>
<trkpt lat="47.497073" lon="-121.240735"><ele>1677.8</ele><time>2024-08-26T14:55:51Z</time></trkpt>
<trkpt lat="47.497094" lon="-121.240619"><ele>1676.8</ele><time>2024-08-26T14:55:58Z</time></trkpt>
<trkpt lat="47.496950" lon="-121.239912"><ele>1672.4</ele><time>2024-08-26T14:56:36Z</time></trkpt>
<trkpt lat="47.496930" lon="-121.239047"><ele>1674.8</ele><time>2024-08-26T14:57:46Z</time></trkpt>
<trkpt lat="47.496869" lon="-121.239044"><ele>1675.0</ele><time>2024-08-26T14:57:48Z</time></trkpt>
<trkpt lat="47.496825" lon="-121.238783"><ele>1675.2</ele><time>2024-08-26T14:58:01Z</time></trkpt>
<trkpt lat="47.496906" lon="-121.238245"><ele>1682.6</ele><time>2024-08-26T14:58:58Z</time></trkpt>
<trkpt lat="47.497152" lon="-121.238068"><ele>1683.2</ele><time>2024-08-26T14:59:49Z</time></trkpt>
<trkpt lat="47.497287" lon="-121.238074"><ele>1681.4</ele><time>2024-08-26T14:59:57Z</time></trkpt>
<trkpt lat="47.498395" lon="-121.238449"><ele>1673.6</ele><time>2024-08-26T15:01:53Z</time></trkpt>
<trkpt lat="47.498628" lon="-121.238403"><ele>1672.6</ele><time>2024-08-26T15:02:20Z</time></trkpt>
<trkpt lat="47.498789" lon="-121.238073"><ele>1667.0</ele><time>2024-08-26T15:02:46Z</time></trkpt>
<trkpt lat="47.499023" lon="-121.238322"><ele>1664.8</ele><time>2024-08-26T15:03:14Z</time></trkpt>
<trkpt lat="47.499054" lon="-121.238143"><ele>1661.2</ele><time>2024-08-26T15:03:48Z</time></trkpt>
<trkpt lat="47.499419" lon="-121.237610"><ele>1659.2</ele><time>2024-08-26T15:04:28Z</time></trkpt>
<trkpt lat="47.499462" lon="-121.237364"><ele>1658.2</ele><time>2024-08-26T15:04:48Z</time></trkpt>
<trkpt lat="47.499666" lon="-121.236979"><ele>1658.8</ele><time>2024-08-26T15:05:18Z</time></trkpt>
<trkpt lat="47.499703" lon="-121.236627"><ele>1657.2</ele><time>2024-08-26T15:05:45Z</time></trkpt>
<trkpt lat="47.499694" lon="-121.236681"><ele>1655.8</ele><time>2024-08-26T15:05:56Z</time></trkpt>
<trkpt lat="47.500161" lon="-121.236516"><ele>1651.8</ele><time>2024-08-26T15:06:54Z</time></trkpt>
<trkpt lat="47.500753" lon="-121.236205"><ele>1645.0</ele><time>2024-08-26T15:07:44Z</time></trkpt>
<trkpt lat="47.500698" lon="-121.236123"><ele>1645.0</ele><time>2024-08-26T15:07:50Z</time></trkpt>
<trkpt lat="47.500830" lon="-121.236035"><ele>1644.6</ele><time>2024-08-26T15:08:06Z</time></trkpt>
<trkpt lat="47.501519" lon="-121.235902"><ele>1642.0</ele><time>2024-08-26T15:09:01Z</time></trkpt>
<trkpt lat="47.501960" lon="-121.235688"><ele>1639.0</ele><time>2024-08-26T15:09:49Z</time></trkpt>
<trkpt lat="47.502020" lon="-121.235756"><ele>1638.6</ele><time>2024-08-26T15:10:00Z</time></trkpt>
<trkpt lat="47.502327" lon="-121.235717"><ele>1637.2</ele><time>2024-08-26T15:10:29Z</time></trkpt>
<trkpt lat="47.502680" lon="-121.235592"><ele>1635.6</ele><time>2024-08-26T15:11:09Z</time></trkpt>
<trkpt lat="47.502944" lon="-121.236077"><ele>1630.2</ele><time>2024-08-26T15:11:53Z</time></trkpt>
<trkpt lat="47.502951" lon="-121.236208"><ele>1630.2</ele><time>2024-08-26T15:12:05Z</time></trkpt>
<trkpt lat="47.503226" lon="-121.236644"><ele>1625.0</ele><time>2024-08-26T15:12:39Z</time></trkpt>
<trkpt lat="47.503292" lon="-121.237113"><ele>1625.6</ele><time>2024-08-26T15:13:13Z</time></trkpt>
<trkpt lat="47.503397" lon="-121.237318"><ele>1621.4</ele><time>2024-08-26T15:13:48Z</time></trkpt>
<trkpt lat="47.503592" lon="-121.237317"><ele>1621.0</ele><time>2024-08-26T15:13:55Z</time></trkpt>
<trkpt lat="47.503797" lon="-121.236716"><ele>1622.8</ele><time>2024-08-26T15:14:31Z</time></trkpt>
<trkpt lat="47.503913" lon="-121.236427"><ele>1630.6</ele><time>2024-08-26T15:15:25Z</time></trkpt>
<trkpt lat="47.504012" lon="-121.236111"><ele>1631.0</ele><time>2024-08-26T15:15:46Z</time></trkpt>
<trkpt lat="47.503844" lon="-121.236097"><ele>1631.0</ele><time>2024-08-26T15:15:54Z</time></trkpt>
<trkpt lat="47.503663" lon="-121.234940"><ele>1640.6</ele><time>2024-08-26T15:17:43Z</time></trkpt>
<trkpt lat="47.503429" lon="-121.233797"><ele>1639.6</ele><time>2024-08-26T15:18:27Z</time></trkpt>
<trkpt lat="47.503258" lon="-121.232818"><ele>1647.2</ele><time>2024-08-26T15:19:52Z</time></trkpt>
<trkpt lat="47.502761" lon="-121.231032"><ele>1654.0</ele><time>2024-08-26T15:21:57Z</time></trkpt>
<trkpt lat="47.502795" lon="-121.230937"><ele>1654.0</ele><time>2024-08-26T15:22:02Z</time></trkpt>
<trkpt lat="47.502723" lon="-121.230185"><ele>1655.4</ele><time>2024-08-26T15:22:55Z</time></trkpt>
<trkpt lat="47.502322" lon="-121.228368"><ele>1643.0</ele><time>2024-08-26T15:24:31Z</time></trkpt>
<trkpt lat="47.502176" lon="-121.228272"><ele>1639.6</ele><time>2024-08-26T15:25:05Z</time></trkpt>
<trkpt lat="47.501948" lon="-121.227911"><ele>1641.6</ele><time>2024-08-26T15:25:43Z</time></trkpt>
<trkpt lat="47.501593" lon="-121.226643"><ele>1651.2</ele><time>2024-08-26T15:27:25Z</time></trkpt>
<trkpt lat="47.501347" lon="-121.226055"><ele>1653.6</ele><time>2024-08-26T15:27:54Z</time></trkpt>
<trkpt lat="47.501390" lon="-121.225881"><ele>1654.4</ele><time>2024-08-26T15:28:02Z</time></trkpt>
<trkpt lat="47.501256" lon="-121.225589"><ele>1656.8</ele><time>2024-08-26T15:28:26Z</time></trkpt>
<trkpt lat="47.500582" lon="-121.224742"><ele>1661.0</ele><time>2024-08-26T15:30:03Z</time></trkpt>
<trkpt lat="47.500256" lon="-121.224163"><ele>1656.2</ele><time>2024-08-26T15:31:53Z</time></trkpt>
<trkpt lat="47.499799" lon="-121.223610"><ele>1653.6</ele><time>2024-08-26T15:33:44Z</time></trkpt>
<trkpt lat="47.499666" lon="-121.223155"><ele>1651.2</ele><time>2024-08-26T15:34:07Z</time></trkpt>
<trkpt lat="47.499562" lon="-121.222222"><ele>1649.0</ele><time>2024-08-26T15:34:40Z</time></trkpt>
<trkpt lat="47.499305" lon="-121.221932"><ele>1645.0</ele><time>2024-08-26T15:35:08Z</time></trkpt>
<trkpt lat="47.499266" lon="-121.221509"><ele>1644.6</ele><time>2024-08-26T15:35:47Z</time></trkpt>
<trkpt lat="47.499174" lon="-121.221455"><ele>1645.2</ele><time>2024-08-26T15:35:51Z</time></trkpt>
<trkpt lat="47.499202" lon="-121.221242"><ele>1643.4</ele><time>2024-08-26T15:36:04Z</time></trkpt>
<trkpt lat="47.499335" lon="-121.221009"><ele>1643.2</ele><time>2024-08-26T15:36:26Z</time></trkpt>
<trkpt lat="47.500025" lon="-121.221154"><ele>1639.0</ele><time>2024-08-26T15:37:38Z</time></trkpt>
<trkpt lat="47.500310" lon="-121.221153"><ele>1639.0</ele><time>2024-08-26T15:37:58Z</time></trkpt>
<trkpt lat="47.500338" lon="-121.221083"><ele>1639.4</ele><time>2024-08-26T15:38:03Z</time></trkpt>
<trkpt lat="47.500706" lon="-121.221212"><ele>1637.2</ele><time>2024-08-26T15:38:42Z</time></trkpt>
<trkpt lat="47.501202" lon="-121.221191"><ele>1634.4</ele><time>2024-08-26T15:39:24Z</time></trkpt>
<trkpt lat="47.501538" lon="-121.221025"><ele>1632.6</ele><time>2024-08-26T15:39:49Z</time></trkpt>
<trkpt lat="47.501833" lon="-121.220660"><ele>1629.2</ele><time>2024-08-26T15:40:24Z</time></trkpt>
<trkpt lat="47.502348" lon="-121.220310"><ele>1622.4</ele><time>2024-08-26T15:41:12Z</time></trkpt>
<trkpt lat="47.502445" lon="-121.219887"><ele>1622.6</ele><time>2024-08-26T15:41:47Z</time></trkpt>
<trkpt lat="47.502567" lon="-121.219662"><ele>1618.8</ele><time>2024-08-26T15:42:07Z</time></trkpt>
<trkpt lat="47.502572" lon="-121.219222"><ele>1614.4</ele><time>2024-08-26T15:42:30Z</time></trkpt>
<trkpt lat="47.502378" lon="-121.218709"><ele>1607.6</ele><time>2024-08-26T15:43:14Z</time></trkpt>
<trkpt lat="47.501957" lon="-121.218015"><ele>1601.2</ele><time>2024-08-26T15:44:10Z</time></trkpt>
<trkpt lat="47.501833" lon="-121.217573"><ele>1597.0</ele><time>2024-08-26T15:44:34Z</time></trkpt>
<trkpt lat="47.501435" lon="-121.217031"><ele>1595.4</ele><time>2024-08-26T15:45:49Z</time></trkpt>
<trkpt lat="47.501388" lon="-121.217130"><ele>1595.0</ele><time>2024-08-26T15:45:58Z</time></trkpt>
<trkpt lat="47.501452" lon="-121.217054"><ele>1589.8</ele><time>2024-08-26T15:46:52Z</time></trkpt>
<trkpt lat="47.501437" lon="-121.216943"><ele>1589.8</ele><time>2024-08-26T15:47:02Z</time></trkpt>
<trkpt lat="47.501218" lon="-121.216524"><ele>1587.4</ele><time>2024-08-26T15:47:40Z</time></trkpt>
<trkpt lat="47.501126" lon="-121.216196"><ele>1586.0</ele><time>2024-08-26T15:47:54Z</time></trkpt>
<trkpt lat="47.500293" lon="-121.215962"><ele>1586.0</ele><time>2024-08-26T15:49:18Z</time></trkpt>
<trkpt lat="47.499944" lon="-121.215530"><ele>1582.8</ele><time>2024-08-26T15:49:46Z</time></trkpt>
<trkpt lat="47.499776" lon="-121.215177"><ele>1581.0</ele><time>2024-08-26T15:50:03Z</time></trkpt>
<trkpt lat="47.499377" lon="-121.214723"><ele>1577.2</ele><time>2024-08-26T15:50:41Z</time></trkpt>
<trkpt lat="47.499297" lon="-121.214486"><ele>1573.4</ele><time>2024-08-26T15:51:33Z</time></trkpt>
<trkpt lat="47.499218" lon="-121.214439"><ele>1573.4</ele><time>2024-08-26T15:51:49Z</time></trkpt>
<trkpt lat="47.499303" lon="-121.214363"><ele>1573.2</ele><time>2024-08-26T15:52:03Z</time></trkpt>
<trkpt lat="47.499321" lon="-121.214232"><ele>1577.8</ele><time>2024-08-26T15:52:18Z</time></trkpt>
<trkpt lat="47.499548" lon="-121.214241"><ele>1585.0</ele><time>2024-08-26T15:52:46Z</time></trkpt>
<trkpt lat="47.499509" lon="-121.214249"><ele>1583.4</ele><time>2024-08-26T15:53:03Z</time></trkpt>
<trkpt lat="47.499638" lon="-121.214313"><ele>1582.4</ele><time>2024-08-26T15:54:53Z</time></trkpt>
<trkpt lat="47.499434" lon="-121.214209"><ele>1581.0</ele><time>2024-08-26T15:59:21Z</time></trkpt>
<trkpt lat="47.499274" lon="-121.214298"><ele>1576.4</ele><time>2024-08-26T15:59:57Z</time></trkpt>
<trkpt lat="47.499265" lon="-121.214373"><ele>1575.4</ele><time>2024-08-26T16:00:03Z</time></trkpt>
<trkpt lat="47.499343" lon="-121.214301"><ele>1572.6</ele><time>2024-08-26T16:00:49Z</time></trkpt>
<trkpt lat="47.499276" lon="-121.214395"><ele>1572.6</ele><time>2024-08-26T16:02:29Z</time></trkpt>
<trkpt lat="47.499297" lon="-121.214339"><ele>1572.8</ele><time>2024-08-26T16:02:50Z</time></trkpt>
<trkpt lat="47.499216" lon="-121.214294"><ele>1572.6</ele><time>2024-08-26T16:02:58Z</time></trkpt>
<trkpt lat="47.499283" lon="-121.214304"><ele>1571.8</ele><time>2024-08-26T16:04:33Z</time></trkpt>
<trkpt lat="47.499267" lon="-121.214408"><ele>1571.4</ele><time>2024-08-26T16:05:29Z</time></trkpt>
<trkpt lat="47.499316" lon="-121.214357"><ele>1572.0</ele><time>2024-08-26T16:06:33Z</time></trkpt>
<trkpt lat="47.499261" lon="-121.214354"><ele>1572.0</ele><time>2024-08-26T16:06:50Z</time></trkpt>
<trkpt lat="47.499175" lon="-121.213875"><ele>1574.4</ele><time>2024-08-26T16:08:05Z</time></trkpt>
<trkpt lat="47.498968" lon="-121.213265"><ele>1572.0</ele><time>2024-08-26T16:08:48Z</time></trkpt>
<trkpt lat="47.499009" lon="-121.213295"><ele>1572.0</ele><time>2024-08-26T16:08:49Z</time></trkpt>
<trkpt lat="47.498876" lon="-121.213229"><ele>1571.8</ele><time>2024-08-26T16:08:56Z</time></trkpt>
<trkpt lat="47.498804" lon="-121.213075"><ele>1570.0</ele><time>2024-08-26T16:09:06Z</time></trkpt>
<trkpt lat="47.498920" lon="-121.212958"><ele>1569.2</ele><time>2024-08-26T16:09:15Z</time></trkpt>
<trkpt lat="47.499396" lon="-121.213320"><ele>1561.4</ele><time>2024-08-26T16:10:31Z</time></trkpt>
<trkpt lat="47.499792" lon="-121.213451"><ele>1558.8</ele><time>2024-08-26T16:10:51Z</time></trkpt>
<trkpt lat="47.499800" lon="-121.213599"><ele>1558.2</ele><time>2024-08-26T16:10:54Z</time></trkpt>
<trkpt lat="47.499953" lon="-121.213630"><ele>1556.6</ele><time>2024-08-26T16:11:07Z</time></trkpt>
<trkpt lat="47.500279" lon="-121.213961"><ele>1553.6</ele><time>2024-08-26T16:11:24Z</time></trkpt>
<trkpt lat="47.501055" lon="-121.215146"><ele>1553.0</ele><time>2024-08-26T16:12:55Z</time></trkpt>
<trkpt lat="47.500933" lon="-121.214858"><ele>1552.8</ele><time>2024-08-26T16:12:59Z</time></trkpt>
<trkpt lat="47.501182" lon="-121.214951"><ele>1550.6</ele><time>2024-08-26T16:13:16Z</time></trkpt>
<trkpt lat="47.501882" lon="-121.215698"><ele>1543.8</ele><time>2024-08-26T16:14:42Z</time></trkpt>
<trkpt lat="47.502120" lon="-121.215677"><ele>1540.8</ele><time>2024-08-26T16:14:58Z</time></trkpt>
<trkpt lat="47.501982" lon="-121.215346"><ele>1539.0</ele><time>2024-08-26T16:15:08Z</time></trkpt>
<trkpt lat="47.501657" lon="-121.214952"><ele>1535.6</ele><time>2024-08-26T16:15:38Z</time></trkpt>
<trkpt lat="47.501351" lon="-121.214745"><ele>1530.0</ele><time>2024-08-26T16:16:12Z</time></trkpt>
<trkpt lat="47.501045" lon="-121.214413"><ele>1526.0</ele><time>2024-08-26T16:16:52Z</time></trkpt>
<trkpt lat="47.500988" lon="-121.214535"><ele>1524.8</ele><time>2024-08-26T16:16:57Z</time></trkpt>
<trkpt lat="47.500470" lon="-121.213433"><ele>1520.8</ele><time>2024-08-26T16:17:45Z</time></trkpt>
<trkpt lat="47.500363" lon="-121.213071"><ele>1518.2</ele><time>2024-08-26T16:18:15Z</time></trkpt>
<trkpt lat="47.500002" lon="-121.212585"><ele>1514.8</ele><time>2024-08-26T16:18:55Z</time></trkpt>
<trkpt lat="47.499887" lon="-121.212275"><ele>1512.4</ele><time>2024-08-26T16:19:14Z</time></trkpt>
<trkpt lat="47.500480" lon="-121.212673"><ele>1501.8</ele><time>2024-08-26T16:20:26Z</time></trkpt>
<trkpt lat="47.500626" lon="-121.212939"><ele>1502.2</ele><time>2024-08-26T16:20:54Z</time></trkpt>
<trkpt lat="47.500764" lon="-121.213008"><ele>1502.2</ele><time>2024-08-26T16:21:07Z</time></trkpt>
<trkpt lat="47.500673" lon="-121.213051"><ele>1498.8</ele><time>2024-08-26T16:21:39Z</time></trkpt>
<trkpt lat="47.500632" lon="-121.212975"><ele>1497.6</ele><time>2024-08-26T16:21:45Z</time></trkpt>
<trkpt lat="47.500649" lon="-121.212526"><ele>1490.8</ele><time>2024-08-26T16:22:23Z</time></trkpt>
<trkpt lat="47.500753" lon="-121.212644"><ele>1486.6</ele><time>2024-08-26T16:22:43Z</time></trkpt>
<trkpt lat="47.500805" lon="-121.212849"><ele>1485.2</ele><time>2024-08-26T16:22:57Z</time></trkpt>
<trkpt lat="47.500985" lon="-121.212978"><ele>1484.8</ele><time>2024-08-26T16:23:00Z</time></trkpt>
<trkpt lat="47.501037" lon="-121.212837"><ele>1484.4</ele><time>2024-08-26T16:23:03Z</time></trkpt>
<trkpt lat="47.500899" lon="-121.212731"><ele>1484.2</ele><time>2024-08-26T16:23:05Z</time></trkpt>
<trkpt lat="47.501128" lon="-121.212580"><ele>1483.8</ele><time>2024-08-26T16:23:07Z</time></trkpt>
<trkpt lat="47.500884" lon="-121.212474"><ele>1483.0</ele><time>2024-08-26T16:23:16Z</time></trkpt>
<trkpt lat="47.501273" lon="-121.212592"><ele>1481.2</ele><time>2024-08-26T16:23:47Z</time></trkpt>
<trkpt lat="47.501130" lon="-121.212505"><ele>1481.0</ele><time>2024-08-26T16:23:51Z</time></trkpt>
<trkpt lat="47.501220" lon="-121.212347"><ele>1479.4</ele><time>2024-08-26T16:24:01Z</time></trkpt>
<trkpt lat="47.501143" lon="-121.212151"><ele>1480.2</ele><time>2024-08-26T16:24:11Z</time></trkpt>
<trkpt lat="47.501165" lon="-121.212016"><ele>1480.2</ele><time>2024-08-26T16:24:17Z</time></trkpt>
<trkpt lat="47.501291" lon="-121.211986"><ele>1477.4</ele><time>2024-08-26T16:24:47Z</time></trkpt>
<trkpt lat="47.501409" lon="-121.212094"><ele>1476.4</ele><time>2024-08-26T16:24:58Z</time></trkpt>
<trkpt lat="47.501430" lon="-121.212223"><ele>1475.6</ele><time>2024-08-26T16:25:07Z</time></trkpt>
<trkpt lat="47.501366" lon="-121.212595"><ele>1473.8</ele><time>2024-08-26T16:25:26Z</time></trkpt>
<trkpt lat="47.501606" lon="-121.212959"><ele>1474.6</ele><time>2024-08-26T16:25:48Z</time></trkpt>
<trkpt lat="47.501636" lon="-121.213210"><ele>1473.6</ele><time>2024-08-26T16:26:07Z</time></trkpt>
<trkpt lat="47.502280" lon="-121.212347"><ele>1465.8</ele><time>2024-08-26T16:27:19Z</time></trkpt>
<trkpt lat="47.502496" lon="-121.212273"><ele>1465.6</ele><time>2024-08-26T16:27:33Z</time></trkpt>
<trkpt lat="47.502591" lon="-121.212020"><ele>1465.8</ele><time>2024-08-26T16:27:55Z</time></trkpt>
<trkpt lat="47.502677" lon="-121.212413"><ele>1465.6</ele><time>2024-08-26T16:27:57Z</time></trkpt>
<trkpt lat="47.502776" lon="-121.213548"><ele>1465.4</ele><time>2024-08-26T16:27:59Z</time></trkpt>
<trkpt lat="47.502854" lon="-121.213470"><ele>1464.2</ele><time>2024-08-26T16:28:09Z</time></trkpt>
<trkpt lat="47.503038" lon="-121.213507"><ele>1465.0</ele><time>2024-08-26T16:28:20Z</time></trkpt>
<trkpt lat="47.503297" lon="-121.213221"><ele>1461.2</ele><time>2024-08-26T16:28:47Z</time></trkpt>
<trkpt lat="47.503302" lon="-121.213107"><ele>1458.8</ele><time>2024-08-26T16:28:59Z</time></trkpt>
<trkpt lat="47.504123" lon="-121.213540"><ele>1454.4</ele><time>2024-08-26T16:30:06Z</time></trkpt>
<trkpt lat="47.504429" lon="-121.213820"><ele>1453.2</ele><time>2024-08-26T16:30:49Z</time></trkpt>
<trkpt lat="47.504374" lon="-121.213939"><ele>1453.2</ele><time>2024-08-26T16:30:51Z</time></trkpt>
<trkpt lat="47.504330" lon="-121.213623"><ele>1451.8</ele><time>2024-08-26T16:30:59Z</time></trkpt>
<trkpt lat="47.505290" lon="-121.213911"><ele>1443.4</ele><time>2024-08-26T16:32:09Z</time></trkpt>
<trkpt lat="47.505765" lon="-121.214166"><ele>1444.8</ele><time>2024-08-26T16:32:53Z</time></trkpt>
<trkpt lat="47.505799" lon="-121.214140"><ele>1445.0</ele><time>2024-08-26T16:32:54Z</time></trkpt>
<trkpt lat="47.505709" lon="-121.213995"><ele>1445.0</ele><time>2024-08-26T16:32:58Z</time></trkpt>
<trkpt lat="47.505719" lon="-121.213896"><ele>1445.2</ele><time>2024-08-26T16:33:00Z</time></trkpt>
<trkpt lat="47.506222" lon="-121.215073"><ele>1441.8</ele><time>2024-08-26T16:34:53Z</time></trkpt>
<trkpt lat="47.506242" lon="-121.215609"><ele>1438.8</ele><time>2024-08-26T16:35:39Z</time></trkpt>
<trkpt lat="47.506368" lon="-121.214859"><ele>1431.0</ele><time>2024-08-26T16:36:39Z</time></trkpt>
<trkpt lat="47.506328" lon="-121.214976"><ele>1430.0</ele><time>2024-08-26T16:36:56Z</time></trkpt>
<trkpt lat="47.506500" lon="-121.215190"><ele>1427.4</ele><time>2024-08-26T16:37:21Z</time></trkpt>
<trkpt lat="47.506510" lon="-121.215641"><ele>1424.0</ele><time>2024-08-26T16:38:07Z</time></trkpt>
<trkpt lat="47.506657" lon="-121.215999"><ele>1420.6</ele><time>2024-08-26T16:38:29Z</time></trkpt>
<trkpt lat="47.506725" lon="-121.216690"><ele>1420.2</ele><time>2024-08-26T16:39:10Z</time></trkpt>
<trkpt lat="47.507031" lon="-121.216516"><ele>1417.0</ele><time>2024-08-26T16:39:59Z</time></trkpt>
<trkpt lat="47.507020" lon="-121.216367"><ele>1415.8</ele><time>2024-08-26T16:40:13Z</time></trkpt>
<trkpt lat="47.507181" lon="-121.215916"><ele>1413.8</ele><time>2024-08-26T16:40:39Z</time></trkpt>
<trkpt lat="47.507362" lon="-121.215723"><ele>1411.2</ele><time>2024-08-26T16:40:51Z</time></trkpt>
<trkpt lat="47.507470" lon="-121.215928"><ele>1410.6</ele><time>2024-08-26T16:40:55Z</time></trkpt>
<trkpt lat="47.507683" lon="-121.215651"><ele>1406.0</ele><time>2024-08-26T16:41:31Z</time></trkpt>
<trkpt lat="47.508065" lon="-121.216082"><ele>1400.4</ele><time>2024-08-26T16:42:21Z</time></trkpt>
<trkpt lat="47.508321" lon="-121.216604"><ele>1399.4</ele><time>2024-08-26T16:43:04Z</time></trkpt>
<trkpt lat="47.508488" lon="-121.216509"><ele>1396.8</ele><time>2024-08-26T16:44:09Z</time></trkpt>
<trkpt lat="47.508645" lon="-121.216721"><ele>1393.6</ele><time>2024-08-26T16:44:53Z</time></trkpt>
<trkpt lat="47.508656" lon="-121.217047"><ele>1393.6</ele><time>2024-08-26T16:44:54Z</time></trkpt>
<trkpt lat="47.508795" lon="-121.217645"><ele>1393.2</ele><time>2024-08-26T16:44:55Z</time></trkpt>
<trkpt lat="47.508752" lon="-121.217720"><ele>1390.8</ele><time>2024-08-26T16:45:09Z</time></trkpt>
<trkpt lat="47.509029" lon="-121.217724"><ele>1391.8</ele><time>2024-08-26T16:45:23Z</time></trkpt>
<trkpt lat="47.509048" lon="-121.217420"><ele>1389.4</ele><time>2024-08-26T16:45:51Z</time></trkpt>
<trkpt lat="47.508839" lon="-121.216166"><ele>1382.4</ele><time>2024-08-26T16:46:54Z</time></trkpt>
<trkpt lat="47.508785" lon="-121.216605"><ele>1382.0</ele><time>2024-08-26T16:47:03Z</time></trkpt>
<trkpt lat="47.508350" lon="-121.215520"><ele>1375.8</ele><time>2024-08-26T16:48:23Z</time></trkpt>
<trkpt lat="47.508132" lon="-121.215242"><ele>1373.2</ele><time>2024-08-26T16:48:51Z</time></trkpt>
<trkpt lat="47.508109" lon="-121.215080"><ele>1372.4</ele><time>2024-08-26T16:48:54Z</time></trkpt>
<trkpt lat="47.508242" lon="-121.215032"><ele>1371.8</ele><time>2024-08-26T16:49:05Z</time></trkpt>
<trkpt lat="47.507929" lon="-121.214852"><ele>1368.2</ele><time>2024-08-26T16:49:45Z</time></trkpt>
<trkpt lat="47.507738" lon="-121.214562"><ele>1365.6</ele><time>2024-08-26T16:50:31Z</time></trkpt>
<trkpt lat="47.507775" lon="-121.214306"><ele>1363.6</ele><time>2024-08-26T16:50:51Z</time></trkpt>
<trkpt lat="47.507897" lon="-121.214037"><ele>1362.6</ele><time>2024-08-26T16:50:58Z</time></trkpt>
<trkpt lat="47.508042" lon="-121.214339"><ele>1359.0</ele><time>2024-08-26T16:51:24Z</time></trkpt>
<trkpt lat="47.508781" lon="-121.214932"><ele>1350.0</ele><time>2024-08-26T16:52:34Z</time></trkpt>
<trkpt lat="47.508915" lon="-121.215150"><ele>1347.8</ele><time>2024-08-26T16:52:54Z</time></trkpt>
<trkpt lat="47.508997" lon="-121.215134"><ele>1346.2</ele><time>2024-08-26T16:53:07Z</time></trkpt>
<trkpt lat="47.509232" lon="-121.215331"><ele>1342.2</ele><time>2024-08-26T16:53:35Z</time></trkpt>
<trkpt lat="47.509386" lon="-121.215725"><ele>1336.4</ele><time>2024-08-26T16:54:07Z</time></trkpt>
<trkpt lat="47.509512" lon="-121.215235"><ele>1332.4</ele><time>2024-08-26T16:54:51Z</time></trkpt>
<trkpt lat="47.509448" lon="-121.214920"><ele>1332.4</ele><time>2024-08-26T16:54:56Z</time></trkpt>
<trkpt lat="47.509367" lon="-121.214816"><ele>1331.6</ele><time>2024-08-26T16:55:03Z</time></trkpt>
<trkpt lat="47.509360" lon="-121.214960"><ele>1330.6</ele><time>2024-08-26T16:55:05Z</time></trkpt>
<trkpt lat="47.509291" lon="-121.214906"><ele>1330.0</ele><time>2024-08-26T16:55:08Z</time></trkpt>
<trkpt lat="47.509356" lon="-121.214432"><ele>1327.6</ele><time>2024-08-26T16:55:23Z</time></trkpt>
<trkpt lat="47.509078" lon="-121.213849"><ele>1324.2</ele><time>2024-08-26T16:55:45Z</time></trkpt>
<trkpt lat="47.509072" lon="-121.213680"><ele>1320.8</ele><time>2024-08-26T16:55:59Z</time></trkpt>
<trkpt lat="47.509389" lon="-121.213992"><ele>1314.0</ele><time>2024-08-26T16:56:56Z</time></trkpt>
<trkpt lat="47.509477" lon="-121.214628"><ele>1313.2</ele><time>2024-08-26T16:57:08Z</time></trkpt>
<trkpt lat="47.509856" lon="-121.214649"><ele>1308.4</ele><time>2024-08-26T16:57:56Z</time></trkpt>
<trkpt lat="47.509990" lon="-121.214584"><ele>1305.0</ele><time>2024-08-26T16:58:18Z</time></trkpt>
<trkpt lat="47.509899" lon="-121.214449"><ele>1304.0</ele><time>2024-08-26T16:58:36Z</time></trkpt>
<trkpt lat="47.509750" lon="-121.214495"><ele>1303.2</ele><time>2024-08-26T16:58:54Z</time></trkpt>
<trkpt lat="47.509862" lon="-121.214427"><ele>1302.6</ele><time>2024-08-26T16:58:58Z</time></trkpt>
<trkpt lat="47.509816" lon="-121.214807"><ele>1301.2</ele><time>2024-08-26T16:59:07Z</time></trkpt>
<trkpt lat="47.509805" lon="-121.214736"><ele>1299.8</ele><time>2024-08-26T16:59:28Z</time></trkpt>
<trkpt lat="47.510124" lon="-121.215015"><ele>1296.6</ele><time>2024-08-26T17:00:00Z</time></trkpt>
<trkpt lat="47.510279" lon="-121.214968"><ele>1294.2</ele><time>2024-08-26T17:00:14Z</time></trkpt>
<trkpt lat="47.510111" lon="-121.214671"><ele>1292.2</ele><time>2024-08-26T17:00:44Z</time></trkpt>
<trkpt lat="47.509995" lon="-121.214589"><ele>1291.2</ele><time>2024-08-26T17:00:53Z</time></trkpt>
<trkpt lat="47.509953" lon="-121.214578"><ele>1290.8</ele><time>2024-08-26T17:00:55Z</time></trkpt>
<trkpt lat="47.509937" lon="-121.214863"><ele>1289.8</ele><time>2024-08-26T17:01:00Z</time></trkpt>
<trkpt lat="47.509751" lon="-121.214261"><ele>1284.4</ele><time>2024-08-26T17:01:28Z</time></trkpt>
<trkpt lat="47.509342" lon="-121.213590"><ele>1279.0</ele><time>2024-08-26T17:02:48Z</time></trkpt>
<trkpt lat="47.509276" lon="-121.213048"><ele>1278.4</ele><time>2024-08-26T17:02:56Z</time></trkpt>
<trkpt lat="47.509253" lon="-121.213331"><ele>1278.2</ele><time>2024-08-26T17:02:59Z</time></trkpt>
<trkpt lat="47.509309" lon="-121.213275"><ele>1277.6</ele><time>2024-08-26T17:03:03Z</time></trkpt>
<trkpt lat="47.509833" lon="-121.213661"><ele>1273.4</ele><time>2024-08-26T17:03:30Z</time></trkpt>
<trkpt lat="47.510279" lon="-121.214782"><ele>1267.8</ele><time>2024-08-26T17:04:52Z</time></trkpt>
<trkpt lat="47.510322" lon="-121.214530"><ele>1266.8</ele><time>2024-08-26T17:04:59Z</time></trkpt>
<trkpt lat="47.510444" lon="-121.214838"><ele>1262.4</ele><time>2024-08-26T17:05:30Z</time></trkpt>
<trkpt lat="47.510650" lon="-121.214874"><ele>1255.6</ele><time>2024-08-26T17:06:20Z</time></trkpt>
<trkpt lat="47.510819" lon="-121.215067"><ele>1251.4</ele><time>2024-08-26T17:06:46Z</time></trkpt>
<trkpt lat="47.510894" lon="-121.215464"><ele>1249.8</ele><time>2024-08-26T17:07:08Z</time></trkpt>
<trkpt lat="47.510837" lon="-121.215623"><ele>1246.0</ele><time>2024-08-26T17:07:38Z</time></trkpt>
<trkpt lat="47.510990" lon="-121.215050"><ele>1239.2</ele><time>2024-08-26T17:08:28Z</time></trkpt>
<trkpt lat="47.510906" lon="-121.214681"><ele>1237.8</ele><time>2024-08-26T17:08:53Z</time></trkpt>
<trkpt lat="47.510840" lon="-121.214649"><ele>1237.2</ele><time>2024-08-26T17:09:00Z</time></trkpt>
<trkpt lat="47.510636" lon="-121.214107"><ele>1230.4</ele><time>2024-08-26T17:09:30Z</time></trkpt>
<trkpt lat="47.510063" lon="-121.213263"><ele>1224.6</ele><time>2024-08-26T17:10:51Z</time></trkpt>
<trkpt lat="47.510129" lon="-121.213265"><ele>1224.6</ele><time>2024-08-26T17:10:52Z</time></trkpt>
<trkpt lat="47.510054" lon="-121.212960"><ele>1223.8</ele><time>2024-08-26T17:10:55Z</time></trkpt>
<trkpt lat="47.510029" lon="-121.212899"><ele>1223.6</ele><time>2024-08-26T17:10:57Z</time></trkpt>
<trkpt lat="47.510020" lon="-121.213142"><ele>1223.2</ele><time>2024-08-26T17:10:59Z</time></trkpt>
<trkpt lat="47.510051" lon="-121.212987"><ele>1222.0</ele><time>2024-08-26T17:11:12Z</time></trkpt>
<trkpt lat="47.509786" lon="-121.212333"><ele>1218.4</ele><time>2024-08-26T17:11:51Z</time></trkpt>
<trkpt lat="47.509501" lon="-121.211751"><ele>1211.8</ele><time>2024-08-26T17:12:47Z</time></trkpt>
<trkpt lat="47.509390" lon="-121.211778"><ele>1211.2</ele><time>2024-08-26T17:12:57Z</time></trkpt>
<trkpt lat="47.509424" lon="-121.211730"><ele>1209.2</ele><time>2024-08-26T17:13:10Z</time></trkpt>
<trkpt lat="47.509292" lon="-121.211607"><ele>1207.0</ele><time>2024-08-26T17:13:27Z</time></trkpt>
<trkpt lat="47.509116" lon="-121.211223"><ele>1201.8</ele><time>2024-08-26T17:14:11Z</time></trkpt>
<trkpt lat="47.509241" lon="-121.211389"><ele>1200.4</ele><time>2024-08-26T17:14:35Z</time></trkpt>
<trkpt lat="47.509395" lon="-121.211414"><ele>1198.4</ele><time>2024-08-26T17:14:51Z</time></trkpt>
<trkpt lat="47.509452" lon="-121.211566"><ele>1197.2</ele><time>2024-08-26T17:14:57Z</time></trkpt>
<trkpt lat="47.509541" lon="-121.211374"><ele>1196.0</ele><time>2024-08-26T17:15:02Z</time></trkpt>
<trkpt lat="47.510107" lon="-121.211965"><ele>1190.4</ele><time>2024-08-26T17:16:02Z</time></trkpt>
<trkpt lat="47.510461" lon="-121.212104"><ele>1183.8</ele><time>2024-08-26T17:16:52Z</time></trkpt>
<trkpt lat="47.510494" lon="-121.212575"><ele>1184.0</ele><time>2024-08-26T17:17:01Z</time></trkpt>
<trkpt lat="47.510858" lon="-121.212861"><ele>1180.6</ele><time>2024-08-26T17:17:32Z</time></trkpt>
<trkpt lat="47.511412" lon="-121.213683"><ele>1176.2</ele><time>2024-08-26T17:18:51Z</time></trkpt>
<trkpt lat="47.511396" lon="-121.213517"><ele>1176.2</ele><time>2024-08-26T17:18:56Z</time></trkpt>
<trkpt lat="47.511343" lon="-121.213763"><ele>1175.6</ele><time>2024-08-26T17:19:00Z</time></trkpt>
<trkpt lat="47.511446" lon="-121.213780"><ele>1175.4</ele><time>2024-08-26T17:19:11Z</time></trkpt>
<trkpt lat="47.511329" lon="-121.213367"><ele>1172.0</ele><time>2024-08-26T17:19:33Z</time></trkpt>
<trkpt lat="47.510810" lon="-121.212678"><ele>1163.8</ele><time>2024-08-26T17:20:49Z</time></trkpt>
<trkpt lat="47.510553" lon="-121.212129"><ele>1158.2</ele><time>2024-08-26T17:21:31Z</time></trkpt>
<trkpt lat="47.510492" lon="-121.211774"><ele>1154.8</ele><time>2024-08-26T17:22:01Z</time></trkpt>
<trkpt lat="47.510399" lon="-121.211704"><ele>1152.8</ele><time>2024-08-26T17:22:17Z</time></trkpt>
<trkpt lat="47.510281" lon="-121.211237"><ele>1150.6</ele><time>2024-08-26T17:22:45Z</time></trkpt>
<trkpt lat="47.510087" lon="-121.210982"><ele>1149.4</ele><time>2024-08-26T17:23:03Z</time></trkpt>
<trkpt lat="47.510112" lon="-121.210826"><ele>1148.2</ele><time>2024-08-26T17:23:11Z</time></trkpt>
<trkpt lat="47.510053" lon="-121.210600"><ele>1147.2</ele><time>2024-08-26T17:23:19Z</time></trkpt>
<trkpt lat="47.509421" lon="-121.209656"><ele>1141.8</ele><time>2024-08-26T17:24:52Z</time></trkpt>
<trkpt lat="47.509174" lon="-121.209523"><ele>1140.4</ele><time>2024-08-26T17:25:09Z</time></trkpt>
<trkpt lat="47.509099" lon="-121.209403"><ele>1138.2</ele><time>2024-08-26T17:25:21Z</time></trkpt>
<trkpt lat="47.508773" lon="-121.209278"><ele>1132.6</ele><time>2024-08-26T17:26:35Z</time></trkpt>
<trkpt lat="47.508740" lon="-121.209016"><ele>1130.6</ele><time>2024-08-26T17:27:13Z</time></trkpt>
<trkpt lat="47.508141" lon="-121.208027"><ele>1124.0</ele><time>2024-08-26T17:29:08Z</time></trkpt>
<trkpt lat="47.507943" lon="-121.207819"><ele>1116.2</ele><time>2024-08-26T17:31:41Z</time></trkpt>
<trkpt lat="47.507655" lon="-121.207138"><ele>1115.2</ele><time>2024-08-26T17:33:01Z</time></trkpt>
<trkpt lat="47.507420" lon="-121.206724"><ele>1111.2</ele><time>2024-08-26T17:33:59Z</time></trkpt>
<trkpt lat="47.507274" lon="-121.206624"><ele>1110.4</ele><time>2024-08-26T17:34:43Z</time></trkpt>
<trkpt lat="47.507219" lon="-121.206453"><ele>1109.4</ele><time>2024-08-26T17:34:58Z</time></trkpt>
<trkpt lat="47.507219" lon="-121.206505"><ele>1108.4</ele><time>2024-08-26T17:35:06Z</time></trkpt>
<trkpt lat="47.507582" lon="-121.206625"><ele>1103.6</ele><time>2024-08-26T17:37:05Z</time></trkpt>
<trkpt lat="47.507554" lon="-121.206674"><ele>1103.4</ele><time>2024-08-26T17:37:11Z</time></trkpt>
<trkpt lat="47.507687" lon="-121.207023"><ele>1102.0</ele><time>2024-08-26T17:37:49Z</time></trkpt>
<trkpt lat="47.508071" lon="-121.207453"><ele>1097.4</ele><time>2024-08-26T17:38:54Z</time></trkpt>
<trkpt lat="47.508163" lon="-121.207360"><ele>1096.6</ele><time>2024-08-26T17:39:13Z</time></trkpt>
<trkpt lat="47.508317" lon="-121.207594"><ele>1093.6</ele><time>2024-08-26T17:40:12Z</time></trkpt>
<trkpt lat="47.508220" lon="-121.207593"><ele>1092.4</ele><time>2024-08-26T17:40:55Z</time></trkpt>
<trkpt lat="47.508860" lon="-121.207860"><ele>1092.0</ele><time>2024-08-26T17:41:12Z</time></trkpt>
<trkpt lat="47.508908" lon="-121.207736"><ele>1089.6</ele><time>2024-08-26T17:41:42Z</time></trkpt>
<trkpt lat="47.508622" lon="-121.207210"><ele>1086.2</ele><time>2024-08-26T17:42:22Z</time></trkpt>
<trkpt lat="47.508497" lon="-121.207083"><ele>1081.8</ele><time>2024-08-26T17:42:58Z</time></trkpt>
<trkpt lat="47.508452" lon="-121.207123"><ele>1081.6</ele><time>2024-08-26T17:43:00Z</time></trkpt>
<trkpt lat="47.507883" lon="-121.206041"><ele>1075.2</ele><time>2024-08-26T17:44:38Z</time></trkpt>
<trkpt lat="47.507824" lon="-121.205781"><ele>1072.0</ele><time>2024-08-26T17:45:08Z</time></trkpt>
<trkpt lat="47.507583" lon="-121.205429"><ele>1070.4</ele><time>2024-08-26T17:45:52Z</time></trkpt>
<trkpt lat="47.507645" lon="-121.205393"><ele>1068.8</ele><time>2024-08-26T17:46:00Z</time></trkpt>
<trkpt lat="47.508151" lon="-121.205667"><ele>1064.4</ele><time>2024-08-26T17:46:59Z</time></trkpt>
<trkpt lat="47.508150" lon="-121.205759"><ele>1064.0</ele><time>2024-08-26T17:47:01Z</time></trkpt>
<trkpt lat="47.508367" lon="-121.206113"><ele>1061.8</ele><time>2024-08-26T17:47:29Z</time></trkpt>
<trkpt lat="47.508586" lon="-121.206139"><ele>1059.4</ele><time>2024-08-26T17:47:51Z</time></trkpt>
<trkpt lat="47.508704" lon="-121.206281"><ele>1058.2</ele><time>2024-08-26T17:48:25Z</time></trkpt>
<trkpt lat="47.508752" lon="-121.206129"><ele>1055.6</ele><time>2024-08-26T17:48:54Z</time></trkpt>
<trkpt lat="47.508630" lon="-121.206140"><ele>1054.8</ele><time>2024-08-26T17:49:00Z</time></trkpt>
<trkpt lat="47.508675" lon="-121.206017"><ele>1053.2</ele><time>2024-08-26T17:49:09Z</time></trkpt>
<trkpt lat="47.508434" lon="-121.205259"><ele>1049.2</ele><time>2024-08-26T17:49:53Z</time></trkpt>
<trkpt lat="47.508317" lon="-121.204512"><ele>1042.6</ele><time>2024-08-26T17:50:47Z</time></trkpt>
<trkpt lat="47.508229" lon="-121.204274"><ele>1041.6</ele><time>2024-08-26T17:51:01Z</time></trkpt>
<trkpt lat="47.508144" lon="-121.204342"><ele>1040.4</ele><time>2024-08-26T17:51:10Z</time></trkpt>
<trkpt lat="47.508254" lon="-121.204307"><ele>1038.2</ele><time>2024-08-26T17:51:24Z</time></trkpt>
<trkpt lat="47.508965" lon="-121.205275"><ele>1026.2</ele><time>2024-08-26T17:53:23Z</time></trkpt>
<trkpt lat="47.509363" lon="-121.205441"><ele>1024.2</ele><time>2024-08-26T17:53:55Z</time></trkpt>
<trkpt lat="47.509481" lon="-121.205600"><ele>1022.8</ele><time>2024-08-26T17:54:07Z</time></trkpt>
<trkpt lat="47.509506" lon="-121.205883"><ele>1019.6</ele><time>2024-08-26T17:54:37Z</time></trkpt>
<trkpt lat="47.509743" lon="-121.205973"><ele>1015.6</ele><time>2024-08-26T17:55:02Z</time></trkpt>
<trkpt lat="47.510707" lon="-121.206732"><ele>1004.0</ele><time>2024-08-26T17:56:56Z</time></trkpt>
<trkpt lat="47.510769" lon="-121.206916"><ele>1003.2</ele><time>2024-08-26T17:57:09Z</time></trkpt>
<trkpt lat="47.511732" lon="-121.207623"><ele>993.8</ele><time>2024-08-26T17:58:46Z</time></trkpt>
<trkpt lat="47.512208" lon="-121.207846"><ele>989.4</ele><time>2024-08-26T17:59:26Z</time></trkpt>
<trkpt lat="47.512461" lon="-121.208142"><ele>986.4</ele><time>2024-08-26T17:59:50Z</time></trkpt>
<trkpt lat="47.513034" lon="-121.208586"><ele>979.2</ele><time>2024-08-26T18:00:58Z</time></trkpt>
<trkpt lat="47.512994" lon="-121.208607"><ele>978.6</ele><time>2024-08-26T18:01:04Z</time></trkpt>
<trkpt lat="47.513426" lon="-121.209241"><ele>973.8</ele><time>2024-08-26T18:02:18Z</time></trkpt>
<trkpt lat="47.513866" lon="-121.209362"><ele>971.6</ele><time>2024-08-26T18:03:01Z</time></trkpt>
<trkpt lat="47.513938" lon="-121.209063"><ele>969.2</ele><time>2024-08-26T18:03:16Z</time></trkpt>
<trkpt lat="47.514152" lon="-121.209213"><ele>967.2</ele><time>2024-08-26T18:03:54Z</time></trkpt>
<trkpt lat="47.514301" lon="-121.209430"><ele>963.6</ele><time>2024-08-26T18:04:24Z</time></trkpt>
<trkpt lat="47.514388" lon="-121.209596"><ele>961.8</ele><time>2024-08-26T18:04:56Z</time></trkpt>
<trkpt lat="47.514405" lon="-121.209808"><ele>961.8</ele><time>2024-08-26T18:05:05Z</time></trkpt>
<trkpt lat="47.514608" lon="-121.210060"><ele>960.4</ele><time>2024-08-26T18:05:34Z</time></trkpt>
<trkpt lat="47.515001" lon="-121.210205"><ele>957.2</ele><time>2024-08-26T18:06:20Z</time></trkpt>
<trkpt lat="47.515315" lon="-121.210583"><ele>954.8</ele><time>2024-08-26T18:06:54Z</time></trkpt>
<trkpt lat="47.515606" lon="-121.210688"><ele>954.2</ele><time>2024-08-26T18:07:11Z</time></trkpt>
<trkpt lat="47.515822" lon="-121.210571"><ele>950.8</ele><time>2024-08-26T18:07:42Z</time></trkpt>
<trkpt lat="47.516155" lon="-121.210114"><ele>948.2</ele><time>2024-08-26T18:08:56Z</time></trkpt>
<trkpt lat="47.516259" lon="-121.209824"><ele>949.0</ele><time>2024-08-26T18:09:09Z</time></trkpt>
<trkpt lat="47.516539" lon="-121.209486"><ele>947.6</ele><time>2024-08-26T18:09:45Z</time></trkpt>
<trkpt lat="47.516665" lon="-121.209159"><ele>947.6</ele><time>2024-08-26T18:10:19Z</time></trkpt>
<trkpt lat="47.516820" lon="-121.209066"><ele>944.0</ele><time>2024-08-26T18:10:37Z</time></trkpt>
<trkpt lat="47.516860" lon="-121.208805"><ele>943.2</ele><time>2024-08-26T18:10:54Z</time></trkpt>
<trkpt lat="47.516831" lon="-121.208845"><ele>943.2</ele><time>2024-08-26T18:10:55Z</time></trkpt>
<trkpt lat="47.516952" lon="-121.208774"><ele>941.8</ele><time>2024-08-26T18:11:11Z</time></trkpt>
<trkpt lat="47.516742" lon="-121.208817"><ele>940.2</ele><time>2024-08-26T18:12:54Z</time></trkpt>
<trkpt lat="47.516927" lon="-121.208799"><ele>941.2</ele><time>2024-08-26T18:13:07Z</time></trkpt>
<trkpt lat="47.516929" lon="-121.208603"><ele>939.4</ele><time>2024-08-26T18:14:56Z</time></trkpt>
<trkpt lat="47.516990" lon="-121.208855"><ele>939.2</ele><time>2024-08-26T18:15:15Z</time></trkpt>
<trkpt lat="47.516911" lon="-121.208699"><ele>939.8</ele><time>2024-08-26T18:16:12Z</time></trkpt>
<trkpt lat="47.516798" lon="-121.208957"><ele>940.6</ele><time>2024-08-26T18:17:58Z</time></trkpt>
<trkpt lat="47.516947" lon="-121.208756"><ele>941.0</ele><time>2024-08-26T18:18:09Z</time></trkpt>
<trkpt lat="47.516857" lon="-121.208789"><ele>943.0</ele><time>2024-08-26T18:19:58Z</time></trkpt>
<trkpt lat="47.516983" lon="-121.208805"><ele>943.0</ele><time>2024-08-26T18:20:07Z</time></trkpt>
<trkpt lat="47.516960" lon="-121.208759"><ele>942.8</ele><time>2024-08-26T18:20:18Z</time></trkpt>
<trkpt lat="47.516823" lon="-121.208875"><ele>943.0</ele><time>2024-08-26T18:20:55Z</time></trkpt>
<trkpt lat="47.516915" lon="-121.208829"><ele>942.8</ele><time>2024-08-26T18:21:03Z</time></trkpt>
<trkpt lat="47.516862" lon="-121.208767"><ele>944.0</ele><time>2024-08-26T18:23:01Z</time></trkpt>
<trkpt lat="47.516905" lon="-121.208736"><ele>944.2</ele><time>2024-08-26T18:23:08Z</time></trkpt>
<trkpt lat="47.516839" lon="-121.208922"><ele>944.0</ele><time>2024-08-26T18:25:16Z</time></trkpt>
<trkpt lat="47.516911" lon="-121.208818"><ele>944.8</ele><time>2024-08-26T18:28:33Z</time></trkpt>
<trkpt lat="47.516885" lon="-121.208741"><ele>944.2</ele><time>2024-08-26T18:29:00Z</time></trkpt>
<trkpt lat="47.516983" lon="-121.208780"><ele>943.8</ele><time>2024-08-26T18:30:54Z</time></trkpt>
<trkpt lat="47.516862" lon="-121.208767"><ele>943.4</ele><time>2024-08-26T18:32:55Z</time></trkpt>
<trkpt lat="47.516865" lon="-121.208695"><ele>943.0</ele><time>2024-08-26T18:33:02Z</time></trkpt>
<trkpt lat="47.516919" lon="-121.208769"><ele>943.4</ele><time>2024-08-26T18:33:13Z</time></trkpt>
<trkpt lat="47.516851" lon="-121.208903"><ele>943.6</ele><time>2024-08-26T18:35:05Z</time></trkpt>
<trkpt lat="47.516892" lon="-121.208901"><ele>943.6</ele><time>2024-08-26T18:35:08Z</time></trkpt>
<trkpt lat="47.516986" lon="-121.208832"><ele>944.6</ele><time>2024-08-26T18:36:56Z</time></trkpt>
<trkpt lat="47.516874" lon="-121.208759"><ele>944.6</ele><time>2024-08-26T18:37:04Z</time></trkpt>
<trkpt lat="47.517322" lon="-121.208453"><ele>948.4</ele><time>2024-08-26T18:38:55Z</time></trkpt>
<trkpt lat="47.517216" lon="-121.208394"><ele>949.0</ele><time>2024-08-26T18:39:01Z</time></trkpt>
<trkpt lat="47.517107" lon="-121.208037"><ele>951.8</ele><time>2024-08-26T18:39:52Z</time></trkpt>
<trkpt lat="47.516941" lon="-121.207979"><ele>949.2</ele><time>2024-08-26T18:40:22Z</time></trkpt>
<trkpt lat="47.516966" lon="-121.207359"><ele>945.0</ele><time>2024-08-26T18:40:55Z</time></trkpt>
<trkpt lat="47.517068" lon="-121.207210"><ele>943.4</ele><time>2024-08-26T18:41:02Z</time></trkpt>
<trkpt lat="47.516979" lon="-121.207097"><ele>942.6</ele><time>2024-08-26T18:41:09Z</time></trkpt>
<trkpt lat="47.517497" lon="-121.205483"><ele>941.0</ele><time>2024-08-26T18:42:56Z</time></trkpt>
<trkpt lat="47.518005" lon="-121.204758"><ele>941.2</ele><time>2024-08-26T18:43:50Z</time></trkpt>
<trkpt lat="47.518230" lon="-121.204263"><ele>940.6</ele><time>2024-08-26T18:44:36Z</time></trkpt>
<trkpt lat="47.518524" lon="-121.203939"><ele>939.4</ele><time>2024-08-26T18:45:06Z</time></trkpt>
<trkpt lat="47.518553" lon="-121.203466"><ele>938.8</ele><time>2024-08-26T18:45:24Z</time></trkpt>
<trkpt lat="47.518454" lon="-121.202028"><ele>939.8</ele><time>2024-08-26T18:46:58Z</time></trkpt>
<trkpt lat="47.518536" lon="-121.202010"><ele>941.2</ele><time>2024-08-26T18:47:06Z</time></trkpt>
<trkpt lat="47.518434" lon="-121.201399"><ele>945.4</ele><time>2024-08-26T18:47:56Z</time></trkpt>
<trkpt lat="47.517616" lon="-121.200311"><ele>953.8</ele><time>2024-08-26T18:49:42Z</time></trkpt>
<trkpt lat="47.517277" lon="-121.199500"><ele>957.0</ele><time>2024-08-26T18:50:38Z</time></trkpt>
<trkpt lat="47.517121" lon="-121.199304"><ele>959.2</ele><time>2024-08-26T18:50:59Z</time></trkpt>
<trkpt lat="47.517172" lon="-121.199212"><ele>960.0</ele><time>2024-08-26T18:51:05Z</time></trkpt>
<trkpt lat="47.517076" lon="-121.199030"><ele>960.8</ele><time>2024-08-26T18:51:16Z</time></trkpt>
<trkpt lat="47.516177" lon="-121.197940"><ele>956.6</ele><time>2024-08-26T18:52:57Z</time></trkpt>
<trkpt lat="47.516018" lon="-121.197207"><ele>956.6</ele><time>2024-08-26T18:53:40Z</time></trkpt>
<trkpt lat="47.516014" lon="-121.196341"><ele>962.4</ele><time>2024-08-26T18:55:01Z</time></trkpt>
<trkpt lat="47.515859" lon="-121.196139"><ele>962.2</ele><time>2024-08-26T18:55:18Z</time></trkpt>
<trkpt lat="47.515632" lon="-121.195204"><ele>962.6</ele><time>2024-08-26T18:56:36Z</time></trkpt>
<trkpt lat="47.515368" lon="-121.194849"><ele>963.4</ele><time>2024-08-26T18:57:11Z</time></trkpt>
<trkpt lat="47.515401" lon="-121.194775"><ele>963.2</ele><time>2024-08-26T18:57:14Z</time></trkpt>
<trkpt lat="47.514820" lon="-121.193690"><ele>969.6</ele><time>2024-08-26T18:58:35Z</time></trkpt>
<trkpt lat="47.514466" lon="-121.193366"><ele>971.8</ele><time>2024-08-26T18:59:09Z</time></trkpt>
<trkpt lat="47.513661" lon="-121.191945"><ele>972.2</ele><time>2024-08-26T19:00:58Z</time></trkpt>
<trkpt lat="47.513501" lon="-121.191040"><ele>975.6</ele><time>2024-08-26T19:01:43Z</time></trkpt>
<trkpt lat="47.513473" lon="-121.190419"><ele>979.8</ele><time>2024-08-26T19:02:55Z</time></trkpt>
<trkpt lat="47.513091" lon="-121.189402"><ele>980.0</ele><time>2024-08-26T19:03:44Z</time></trkpt>
<trkpt lat="47.512657" lon="-121.188487"><ele>988.8</ele><time>2024-08-26T19:05:03Z</time></trkpt>
<trkpt lat="47.512698" lon="-121.188474"><ele>989.0</ele><time>2024-08-26T19:05:05Z</time></trkpt>
<trkpt lat="47.512695" lon="-121.188299"><ele>989.8</ele><time>2024-08-26T19:05:11Z</time></trkpt>
<trkpt lat="47.512624" lon="-121.187995"><ele>993.0</ele><time>2024-08-26T19:05:42Z</time></trkpt>
<trkpt lat="47.512208" lon="-121.187346"><ele>993.2</ele><time>2024-08-26T19:06:58Z</time></trkpt>
<trkpt lat="47.512269" lon="-121.187201"><ele>993.0</ele><time>2024-08-26T19:07:02Z</time></trkpt>
<trkpt lat="47.512206" lon="-121.187204"><ele>993.0</ele><time>2024-08-26T19:07:06Z</time></trkpt>
<trkpt lat="47.512270" lon="-121.187231"><ele>992.8</ele><time>2024-08-26T19:07:09Z</time></trkpt>
<trkpt lat="47.512184" lon="-121.186851"><ele>993.6</ele><time>2024-08-26T19:09:03Z</time></trkpt>
<trkpt lat="47.512131" lon="-121.186819"><ele>993.8</ele><time>2024-08-26T19:09:07Z</time></trkpt>
<trkpt lat="47.512160" lon="-121.186586"><ele>994.0</ele><time>2024-08-26T19:09:15Z</time></trkpt>
<trkpt lat="47.511636" lon="-121.185008"><ele>1003.0</ele><time>2024-08-26T19:10:59Z</time></trkpt>
<trkpt lat="47.511771" lon="-121.184997"><ele>1003.8</ele><time>2024-08-26T19:11:04Z</time></trkpt>
<trkpt lat="47.511650" lon="-121.184921"><ele>1005.0</ele><time>2024-08-26T19:11:09Z</time></trkpt>
<trkpt lat="47.510992" lon="-121.183038"><ele>1004.8</ele><time>2024-08-26T19:13:10Z</time></trkpt>
<trkpt lat="47.510521" lon="-121.182224"><ele>1001.6</ele><time>2024-08-26T19:14:21Z</time></trkpt>
<trkpt lat="47.510336" lon="-121.181748"><ele>1002.0</ele><time>2024-08-26T19:14:55Z</time></trkpt>
<trkpt lat="47.510271" lon="-121.181524"><ele>1001.8</ele><time>2024-08-26T19:14:59Z</time></trkpt>
<trkpt lat="47.510338" lon="-121.181514"><ele>1001.4</ele><time>2024-08-26T19:15:04Z</time></trkpt>
<trkpt lat="47.510317" lon="-121.181389"><ele>1001.6</ele><time>2024-08-26T19:15:09Z</time></trkpt>
<trkpt lat="47.509993" lon="-121.180435"><ele>1000.6</ele><time>2024-08-26T19:16:22Z</time></trkpt>
<trkpt lat="47.509699" lon="-121.179762"><ele>1000.8</ele><time>2024-08-26T19:17:01Z</time></trkpt>
<trkpt lat="47.509620" lon="-121.179698"><ele>1000.2</ele><time>2024-08-26T19:17:06Z</time></trkpt>
<trkpt lat="47.509180" lon="-121.178376"><ele>1002.8</ele><time>2024-08-26T19:18:58Z</time></trkpt>
<trkpt lat="47.509079" lon="-121.178308"><ele>1002.8</ele><time>2024-08-26T19:18:59Z</time></trkpt>
<trkpt lat="47.509121" lon="-121.178260"><ele>1002.4</ele><time>2024-08-26T19:19:02Z</time></trkpt>
<trkpt lat="47.508910" lon="-121.177977"><ele>1002.4</ele><time>2024-08-26T19:19:47Z</time></trkpt>
<trkpt lat="47.508808" lon="-121.177457"><ele>999.2</ele><time>2024-08-26T19:20:17Z</time></trkpt>
<trkpt lat="47.508567" lon="-121.177024"><ele>998.4</ele><time>2024-08-26T19:20:58Z</time></trkpt>
<trkpt lat="47.508465" lon="-121.177083"><ele>997.8</ele><time>2024-08-26T19:21:07Z</time></trkpt>
<trkpt lat="47.508369" lon="-121.176996"><ele>997.6</ele><time>2024-08-26T19:21:13Z</time></trkpt>
<trkpt lat="47.507912" lon="-121.176275"><ele>996.8</ele><time>2024-08-26T19:22:07Z</time></trkpt>
<trkpt lat="47.507634" lon="-121.175383"><ele>992.0</ele><time>2024-08-26T19:23:07Z</time></trkpt>
<trkpt lat="47.507022" lon="-121.173964"><ele>987.0</ele><time>2024-08-26T19:24:49Z</time></trkpt>
<trkpt lat="47.506847" lon="-121.173384"><ele>984.8</ele><time>2024-08-26T19:25:08Z</time></trkpt>
<trkpt lat="47.506812" lon="-121.172282"><ele>986.6</ele><time>2024-08-26T19:25:56Z</time></trkpt>
<trkpt lat="47.506760" lon="-121.172193"><ele>986.2</ele><time>2024-08-26T19:26:02Z</time></trkpt>
<trkpt lat="47.506710" lon="-121.171633"><ele>993.6</ele><time>2024-08-26T19:27:38Z</time></trkpt>
<trkpt lat="47.506515" lon="-121.170833"><ele>990.8</ele><time>2024-08-26T19:28:42Z</time></trkpt>
<trkpt lat="47.506598" lon="-121.170376"><ele>991.4</ele><time>2024-08-26T19:29:02Z</time></trkpt>
<trkpt lat="47.506582" lon="-121.170449"><ele>990.0</ele><time>2024-08-26T19:29:11Z</time></trkpt>
<trkpt lat="47.506473" lon="-121.169559"><ele>994.4</ele><time>2024-08-26T19:30:32Z</time></trkpt>
<trkpt lat="47.506272" lon="-121.169049"><ele>997.8</ele><time>2024-08-26T19:30:59Z</time></trkpt>
<trkpt lat="47.506349" lon="-121.168918"><ele>997.6</ele><time>2024-08-26T19:31:04Z</time></trkpt>
<trkpt lat="47.506239" lon="-121.168798"><ele>997.4</ele><time>2024-08-26T19:31:14Z</time></trkpt>
<trkpt lat="47.506170" lon="-121.168583"><ele>998.6</ele><time>2024-08-26T19:31:40Z</time></trkpt>
<trkpt lat="47.506240" lon="-121.168400"><ele>1000.0</ele><time>2024-08-26T19:31:54Z</time></trkpt>
<trkpt lat="47.505691" lon="-121.167468"><ele>1002.2</ele><time>2024-08-26T19:33:03Z</time></trkpt>
<trkpt lat="47.505446" lon="-121.167247"><ele>1001.0</ele><time>2024-08-26T19:33:24Z</time></trkpt>
<trkpt lat="47.504774" lon="-121.166222"><ele>999.6</ele><time>2024-08-26T19:35:02Z</time></trkpt>
<trkpt lat="47.504785" lon="-121.166059"><ele>1000.2</ele><time>2024-08-26T19:35:08Z</time></trkpt>
<trkpt lat="47.504312" lon="-121.165077"><ele>1003.2</ele><time>2024-08-26T19:36:22Z</time></trkpt>
<trkpt lat="47.504112" lon="-121.164398"><ele>1004.4</ele><time>2024-08-26T19:37:02Z</time></trkpt>
<trkpt lat="47.503584" lon="-121.163404"><ele>1005.4</ele><time>2024-08-26T19:38:10Z</time></trkpt>
<trkpt lat="47.503297" lon="-121.162589"><ele>1008.6</ele><time>2024-08-26T19:39:11Z</time></trkpt>
<trkpt lat="47.503245" lon="-121.162034"><ele>1010.0</ele><time>2024-08-26T19:39:42Z</time></trkpt>
<trkpt lat="47.502981" lon="-121.161172"><ele>1012.2</ele><time>2024-08-26T19:40:50Z</time></trkpt>
<trkpt lat="47.502851" lon="-121.160979"><ele>1011.4</ele><time>2024-08-26T19:40:59Z</time></trkpt>
<trkpt lat="47.503058" lon="-121.160182"><ele>1011.6</ele><time>2024-08-26T19:42:02Z</time></trkpt>
<trkpt lat="47.503285" lon="-121.158902"><ele>1013.4</ele><time>2024-08-26T19:43:04Z</time></trkpt>
<trkpt lat="47.503249" lon="-121.158852"><ele>1013.4</ele><time>2024-08-26T19:43:09Z</time></trkpt>
<trkpt lat="47.504432" lon="-121.157837"><ele>1015.8</ele><time>2024-08-26T19:45:03Z</time></trkpt>
<trkpt lat="47.504710" lon="-121.157751"><ele>1017.4</ele><time>2024-08-26T19:45:24Z</time></trkpt>
<trkpt lat="47.505562" lon="-121.157022"><ele>1020.0</ele><time>2024-08-26T19:47:09Z</time></trkpt>
<trkpt lat="47.506755" lon="-121.155876"><ele>1024.8</ele><time>2024-08-26T19:49:09Z</time></trkpt>
<trkpt lat="47.507058" lon="-121.155449"><ele>1026.0</ele><time>2024-08-26T19:50:03Z</time></trkpt>
<trkpt lat="47.507688" lon="-121.154530"><ele>1029.0</ele><time>2024-08-26T19:51:10Z</time></trkpt>
<trkpt lat="47.508448" lon="-121.153219"><ele>1024.2</ele><time>2024-08-26T19:53:07Z</time></trkpt>
<trkpt lat="47.508642" lon="-121.153081"><ele>1026.0</ele><time>2024-08-26T19:53:48Z</time></trkpt>
<trkpt lat="47.509499" lon="-121.151508"><ele>1032.6</ele><time>2024-08-26T19:56:47Z</time></trkpt>
<trkpt lat="47.509628" lon="-121.151169"><ele>1032.4</ele><time>2024-08-26T19:57:03Z</time></trkpt>
<trkpt lat="47.509731" lon="-121.151110"><ele>1033.2</ele><time>2024-08-26T19:57:13Z</time></trkpt>
<trkpt lat="47.509919" lon="-121.150772"><ele>1034.6</ele><time>2024-08-26T19:58:03Z</time></trkpt>
<trkpt lat="47.509957" lon="-121.150506"><ele>1033.4</ele><time>2024-08-26T19:58:33Z</time></trkpt>
<trkpt lat="47.510156" lon="-121.150147"><ele>1033.2</ele><time>2024-08-26T19:59:05Z</time></trkpt>
<trkpt lat="47.510121" lon="-121.150047"><ele>1033.8</ele><time>2024-08-26T19:59:16Z</time></trkpt>
<trkpt lat="47.510333" lon="-121.149810"><ele>1036.4</ele><time>2024-08-26T19:59:37Z</time></trkpt>
<trkpt lat="47.510249" lon="-121.149574"><ele>1039.2</ele><time>2024-08-26T20:00:09Z</time></trkpt>
<trkpt lat="47.510278" lon="-121.149083"><ele>1038.6</ele><time>2024-08-26T20:00:31Z</time></trkpt>
<trkpt lat="47.510589" lon="-121.148478"><ele>1039.4</ele><time>2024-08-26T20:01:00Z</time></trkpt>
<trkpt lat="47.510586" lon="-121.148249"><ele>1040.4</ele><time>2024-08-26T20:01:17Z</time></trkpt>
<trkpt lat="47.511244" lon="-121.147410"><ele>1044.2</ele><time>2024-08-26T20:03:11Z</time></trkpt>
<trkpt lat="47.511944" lon="-121.147151"><ele>1052.6</ele><time>2024-08-26T20:05:01Z</time></trkpt>
<trkpt lat="47.512435" lon="-121.146526"><ele>1055.8</ele><time>2024-08-26T20:06:03Z</time></trkpt>
<trkpt lat="47.512821" lon="-121.146397"><ele>1054.2</ele><time>2024-08-26T20:06:45Z</time></trkpt>
<trkpt lat="47.512955" lon="-121.145967"><ele>1051.4</ele><time>2024-08-26T20:07:13Z</time></trkpt>
<trkpt lat="47.512839" lon="-121.145441"><ele>1053.2</ele><time>2024-08-26T20:07:51Z</time></trkpt>
<trkpt lat="47.513439" lon="-121.144676"><ele>1059.4</ele><time>2024-08-26T20:09:27Z</time></trkpt>
<trkpt lat="47.513622" lon="-121.144002"><ele>1065.4</ele><time>2024-08-26T20:11:11Z</time></trkpt>
<trkpt lat="47.514022" lon="-121.144262"><ele>1069.2</ele><time>2024-08-26T20:11:47Z</time></trkpt>
<trkpt lat="47.514135" lon="-121.144150"><ele>1070.8</ele><time>2024-08-26T20:11:59Z</time></trkpt>
<trkpt lat="47.514141" lon="-121.144048"><ele>1072.0</ele><time>2024-08-26T20:12:41Z</time></trkpt>
<trkpt lat="47.514049" lon="-121.143960"><ele>1074.6</ele><time>2024-08-26T20:13:06Z</time></trkpt>
<trkpt lat="47.514089" lon="-121.143797"><ele>1076.2</ele><time>2024-08-26T20:13:21Z</time></trkpt>
<trkpt lat="47.514377" lon="-121.143833"><ele>1083.4</ele><time>2024-08-26T20:14:21Z</time></trkpt>
<trkpt lat="47.514366" lon="-121.143678"><ele>1084.6</ele><time>2024-08-26T20:14:41Z</time></trkpt>
<trkpt lat="47.514511" lon="-121.143422"><ele>1088.6</ele><time>2024-08-26T20:15:37Z</time></trkpt>
<trkpt lat="47.514737" lon="-121.143650"><ele>1093.2</ele><time>2024-08-26T20:16:05Z</time></trkpt>
<trkpt lat="47.515039" lon="-121.143381"><ele>1104.2</ele><time>2024-08-26T20:17:10Z</time></trkpt>
<trkpt lat="47.515055" lon="-121.143289"><ele>1104.8</ele><time>2024-08-26T20:17:17Z</time></trkpt>
<trkpt lat="47.515252" lon="-121.143187"><ele>1108.4</ele><time>2024-08-26T20:17:42Z</time></trkpt>
<trkpt lat="47.515359" lon="-121.143346"><ele>1114.8</ele><time>2024-08-26T20:18:22Z</time></trkpt>
<trkpt lat="47.515601" lon="-121.143244"><ele>1118.6</ele><time>2024-08-26T20:19:00Z</time></trkpt>
<trkpt lat="47.515678" lon="-121.143249"><ele>1119.4</ele><time>2024-08-26T20:19:06Z</time></trkpt>
<trkpt lat="47.515586" lon="-121.143383"><ele>1120.4</ele><time>2024-08-26T20:19:11Z</time></trkpt>
<trkpt lat="47.515789" lon="-121.143283"><ele>1124.8</ele><time>2024-08-26T20:20:02Z</time></trkpt>
<trkpt lat="47.516041" lon="-121.143089"><ele>1124.8</ele><time>2024-08-26T20:21:06Z</time></trkpt>
<trkpt lat="47.516149" lon="-121.142875"><ele>1122.4</ele><time>2024-08-26T20:21:18Z</time></trkpt>
<trkpt lat="47.516416" lon="-121.142711"><ele>1121.2</ele><time>2024-08-26T20:21:41Z</time></trkpt>
<trkpt lat="47.517055" lon="-121.141913"><ele>1124.6</ele><time>2024-08-26T20:23:03Z</time></trkpt>
<trkpt lat="47.517430" lon="-121.141987"><ele>1128.0</ele><time>2024-08-26T20:23:42Z</time></trkpt>
<trkpt lat="47.517273" lon="-121.141956"><ele>1134.8</ele><time>2024-08-26T20:24:34Z</time></trkpt>
<trkpt lat="47.517395" lon="-121.142010"><ele>1137.0</ele><time>2024-08-26T20:24:48Z</time></trkpt>
<trkpt lat="47.517559" lon="-121.141916"><ele>1139.2</ele><time>2024-08-26T20:25:17Z</time></trkpt>
<trkpt lat="47.517606" lon="-121.141628"><ele>1145.4</ele><time>2024-08-26T20:26:14Z</time></trkpt>
<trkpt lat="47.517653" lon="-121.141696"><ele>1146.0</ele><time>2024-08-26T20:26:30Z</time></trkpt>
<trkpt lat="47.517324" lon="-121.142225"><ele>1149.2</ele><time>2024-08-26T20:27:18Z</time></trkpt>
<trkpt lat="47.517474" lon="-121.142190"><ele>1157.0</ele><time>2024-08-26T20:28:10Z</time></trkpt>
<trkpt lat="47.518008" lon="-121.142173"><ele>1161.8</ele><time>2024-08-26T20:29:01Z</time></trkpt>
<trkpt lat="47.518001" lon="-121.142238"><ele>1163.6</ele><time>2024-08-26T20:29:17Z</time></trkpt>
<trkpt lat="47.517259" lon="-121.142846"><ele>1172.4</ele><time>2024-08-26T20:31:00Z</time></trkpt>
<trkpt lat="47.518725" lon="-121.142223"><ele>1185.2</ele><time>2024-08-26T20:33:00Z</time></trkpt>
<trkpt lat="47.518680" lon="-121.142319"><ele>1186.6</ele><time>2024-08-26T20:33:09Z</time></trkpt>
<trkpt lat="47.519065" lon="-121.142233"><ele>1188.4</ele><time>2024-08-26T20:33:30Z</time></trkpt>
<trkpt lat="47.519593" lon="-121.141803"><ele>1194.8</ele><time>2024-08-26T20:34:50Z</time></trkpt>
<trkpt lat="47.520058" lon="-121.141656"><ele>1197.4</ele><time>2024-08-26T20:35:19Z</time></trkpt>
<trkpt lat="47.521011" lon="-121.140912"><ele>1202.8</ele><time>2024-08-26T20:37:17Z</time></trkpt>
<trkpt lat="47.521079" lon="-121.140751"><ele>1203.8</ele><time>2024-08-26T20:37:29Z</time></trkpt>
<trkpt lat="47.521590" lon="-121.140477"><ele>1208.2</ele><time>2024-08-26T20:38:17Z</time></trkpt>
<trkpt lat="47.522710" lon="-121.140336"><ele>1214.8</ele><time>2024-08-26T20:40:59Z</time></trkpt>
<trkpt lat="47.522659" lon="-121.140391"><ele>1214.8</ele><time>2024-08-26T20:41:01Z</time></trkpt>
<trkpt lat="47.522994" lon="-121.139119"><ele>1215.8</ele><time>2024-08-26T20:43:59Z</time></trkpt>
<trkpt lat="47.523265" lon="-121.138556"><ele>1219.0</ele><time>2024-08-26T20:45:07Z</time></trkpt>
<trkpt lat="47.523149" lon="-121.137670"><ele>1218.0</ele><time>2024-08-26T20:46:07Z</time></trkpt>
<trkpt lat="47.522999" lon="-121.137046"><ele>1219.8</ele><time>2024-08-26T20:46:55Z</time></trkpt>
<trkpt lat="47.522870" lon="-121.136801"><ele>1221.0</ele><time>2024-08-26T20:47:02Z</time></trkpt>
<trkpt lat="47.522999" lon="-121.136698"><ele>1222.4</ele><time>2024-08-26T20:47:18Z</time></trkpt>
<trkpt lat="47.523305" lon="-121.137050"><ele>1225.6</ele><time>2024-08-26T20:48:05Z</time></trkpt>
<trkpt lat="47.523577" lon="-121.137582"><ele>1230.6</ele><time>2024-08-26T20:49:01Z</time></trkpt>
<trkpt lat="47.523537" lon="-121.137710"><ele>1231.0</ele><time>2024-08-26T20:49:08Z</time></trkpt>
<trkpt lat="47.523601" lon="-121.137848"><ele>1232.4</ele><time>2024-08-26T20:49:19Z</time></trkpt>
<trkpt lat="47.523592" lon="-121.137101"><ele>1238.4</ele><time>2024-08-26T20:51:00Z</time></trkpt>
<trkpt lat="47.523808" lon="-121.137028"><ele>1239.2</ele><time>2024-08-26T20:51:05Z</time></trkpt>
<trkpt lat="47.523483" lon="-121.137063"><ele>1238.8</ele><time>2024-08-26T20:51:11Z</time></trkpt>
<trkpt lat="47.523513" lon="-121.137030"><ele>1240.0</ele><time>2024-08-26T20:51:20Z</time></trkpt>
<trkpt lat="47.523698" lon="-121.137551"><ele>1241.8</ele><time>2024-08-26T20:53:05Z</time></trkpt>
<trkpt lat="47.523843" lon="-121.137642"><ele>1244.8</ele><time>2024-08-26T20:53:20Z</time></trkpt>
<trkpt lat="47.523883" lon="-121.137853"><ele>1247.6</ele><time>2024-08-26T20:53:57Z</time></trkpt>
<trkpt lat="47.523937" lon="-121.137371"><ele>1252.0</ele><time>2024-08-26T20:55:05Z</time></trkpt>
<trkpt lat="47.523844" lon="-121.137318"><ele>1253.6</ele><time>2024-08-26T20:55:12Z</time></trkpt>
<trkpt lat="47.523748" lon="-121.136749"><ele>1261.4</ele><time>2024-08-26T20:56:23Z</time></trkpt>
<trkpt lat="47.523848" lon="-121.136834"><ele>1263.4</ele><time>2024-08-26T20:56:39Z</time></trkpt>
<trkpt lat="47.523744" lon="-121.136798"><ele>1265.6</ele><time>2024-08-26T20:57:01Z</time></trkpt>
<trkpt lat="47.523869" lon="-121.136869"><ele>1265.6</ele><time>2024-08-26T20:57:07Z</time></trkpt>
<trkpt lat="47.523845" lon="-121.136943"><ele>1266.0</ele><time>2024-08-26T20:57:12Z</time></trkpt>
<trkpt lat="47.523864" lon="-121.136651"><ele>1270.2</ele><time>2024-08-26T20:57:57Z</time></trkpt>
<trkpt lat="47.523965" lon="-121.136742"><ele>1271.2</ele><time>2024-08-26T20:58:17Z</time></trkpt>
<trkpt lat="47.524018" lon="-121.136968"><ele>1273.8</ele><time>2024-08-26T20:58:33Z</time></trkpt>
<trkpt lat="47.524068" lon="-121.136832"><ele>1274.8</ele><time>2024-08-26T20:59:07Z</time></trkpt>
<trkpt lat="47.523923" lon="-121.136869"><ele>1274.8</ele><time>2024-08-26T20:59:12Z</time></trkpt>
<trkpt lat="47.523964" lon="-121.136848"><ele>1274.6</ele><time>2024-08-26T20:59:21Z</time></trkpt>
<trkpt lat="47.523889" lon="-121.136104"><ele>1278.8</ele><time>2024-08-26T21:01:03Z</time></trkpt>
<trkpt lat="47.524705" lon="-121.135247"><ele>1282.2</ele><time>2024-08-26T21:02:31Z</time></trkpt>
<trkpt lat="47.524799" lon="-121.135065"><ele>1285.0</ele><time>2024-08-26T21:03:04Z</time></trkpt>
<trkpt lat="47.524572" lon="-121.135083"><ele>1286.6</ele><time>2024-08-26T21:03:18Z</time></trkpt>
<trkpt lat="47.524661" lon="-121.135046"><ele>1287.8</ele><time>2024-08-26T21:03:31Z</time></trkpt>
<trkpt lat="47.525013" lon="-121.135176"><ele>1299.6</ele><time>2024-08-26T21:05:01Z</time></trkpt>
<trkpt lat="47.525348" lon="-121.135318"><ele>1302.8</ele><time>2024-08-26T21:05:28Z</time></trkpt>
<trkpt lat="47.526277" lon="-121.135457"><ele>1303.4</ele><time>2024-08-26T21:06:59Z</time></trkpt>
<trkpt lat="47.526335" lon="-121.135356"><ele>1304.8</ele><time>2024-08-26T21:07:09Z</time></trkpt>
<trkpt lat="47.526598" lon="-121.135385"><ele>1308.6</ele><time>2024-08-26T21:07:40Z</time></trkpt>
<trkpt lat="47.526718" lon="-121.135483"><ele>1310.2</ele><time>2024-08-26T21:07:54Z</time></trkpt>
<trkpt lat="47.527226" lon="-121.135415"><ele>1303.6</ele><time>2024-08-26T21:08:42Z</time></trkpt>
<trkpt lat="47.527621" lon="-121.135090"><ele>1300.6</ele><time>2024-08-26T21:09:08Z</time></trkpt>
<trkpt lat="47.529016" lon="-121.135279"><ele>1307.4</ele><time>2024-08-26T21:11:19Z</time></trkpt>
<trkpt lat="47.529887" lon="-121.135943"><ele>1311.2</ele><time>2024-08-26T21:12:56Z</time></trkpt>
<trkpt lat="47.530947" lon="-121.136349"><ele>1316.8</ele><time>2024-08-26T21:14:08Z</time></trkpt>
<trkpt lat="47.531404" lon="-121.136500"><ele>1314.0</ele><time>2024-08-26T21:15:02Z</time></trkpt>
<trkpt lat="47.531611" lon="-121.136492"><ele>1314.6</ele><time>2024-08-26T21:15:28Z</time></trkpt>
<trkpt lat="47.531922" lon="-121.136660"><ele>1317.0</ele><time>2024-08-26T21:16:04Z</time></trkpt>
<trkpt lat="47.532304" lon="-121.137054"><ele>1320.8</ele><time>2024-08-26T21:16:44Z</time></trkpt>
<trkpt lat="47.532429" lon="-121.137280"><ele>1322.4</ele><time>2024-08-26T21:16:58Z</time></trkpt>
<trkpt lat="47.532540" lon="-121.137350"><ele>1323.2</ele><time>2024-08-26T21:17:07Z</time></trkpt>
<trkpt lat="47.532539" lon="-121.137428"><ele>1323.8</ele><time>2024-08-26T21:17:14Z</time></trkpt>
<trkpt lat="47.532911" lon="-121.137576"><ele>1324.8</ele><time>2024-08-26T21:17:42Z</time></trkpt>
<trkpt lat="47.533689" lon="-121.138092"><ele>1331.6</ele><time>2024-08-26T21:19:03Z</time></trkpt>
<trkpt lat="47.533733" lon="-121.138059"><ele>1332.2</ele><time>2024-08-26T21:19:07Z</time></trkpt>
<trkpt lat="47.533672" lon="-121.138229"><ele>1333.4</ele><time>2024-08-26T21:19:16Z</time></trkpt>
<trkpt lat="47.534185" lon="-121.138677"><ele>1336.0</ele><time>2024-08-26T21:21:13Z</time></trkpt>
<trkpt lat="47.534109" lon="-121.138595"><ele>1335.2</ele><time>2024-08-26T21:23:06Z</time></trkpt>
<trkpt lat="47.534116" lon="-121.138451"><ele>1335.2</ele><time>2024-08-26T21:23:13Z</time></trkpt>
<trkpt lat="47.534072" lon="-121.138529"><ele>1335.2</ele><time>2024-08-26T21:23:19Z</time></trkpt>
<trkpt lat="47.534200" lon="-121.138443"><ele>1335.2</ele><time>2024-08-26T21:25:20Z</time></trkpt>
<trkpt lat="47.534035" lon="-121.138452"><ele>1336.0</ele><time>2024-08-26T21:28:11Z</time></trkpt>
<trkpt lat="47.534176" lon="-121.138572"><ele>1337.6</ele><time>2024-08-26T21:30:09Z</time></trkpt>
<trkpt lat="47.534126" lon="-121.138425"><ele>1337.6</ele><time>2024-08-26T21:30:17Z</time></trkpt>
<trkpt lat="47.534261" lon="-121.138727"><ele>1338.0</ele><time>2024-08-26T21:32:07Z</time></trkpt>
<trkpt lat="47.534100" lon="-121.138534"><ele>1337.8</ele><time>2024-08-26T21:32:19Z</time></trkpt>
<trkpt lat="47.534208" lon="-121.138688"><ele>1339.0</ele><time>2024-08-26T21:33:13Z</time></trkpt>
<trkpt lat="47.534083" lon="-121.138422"><ele>1338.8</ele><time>2024-08-26T21:36:10Z</time></trkpt>
<trkpt lat="47.534143" lon="-121.138562"><ele>1340.0</ele><time>2024-08-26T21:38:17Z</time></trkpt>
<trkpt lat="47.534092" lon="-121.138437"><ele>1340.0</ele><time>2024-08-26T21:40:08Z</time></trkpt>
<trkpt lat="47.534131" lon="-121.138481"><ele>1339.8</ele><time>2024-08-26T21:40:15Z</time></trkpt>
<trkpt lat="47.534071" lon="-121.138508"><ele>1339.8</ele><time>2024-08-26T21:40:34Z</time></trkpt>
<trkpt lat="47.534274" lon="-121.138440"><ele>1340.0</ele><time>2024-08-26T21:41:00Z</time></trkpt>
<trkpt lat="47.534164" lon="-121.138419"><ele>1339.8</ele><time>2024-08-26T21:41:03Z</time></trkpt>
<trkpt lat="47.534108" lon="-121.138579"><ele>1339.8</ele><time>2024-08-26T21:41:13Z</time></trkpt>
<trkpt lat="47.534092" lon="-121.138412"><ele>1340.2</ele><time>2024-08-26T21:43:07Z</time></trkpt>
<trkpt lat="47.534054" lon="-121.138491"><ele>1340.2</ele><time>2024-08-26T21:43:10Z</time></trkpt>
<trkpt lat="47.534097" lon="-121.138560"><ele>1340.0</ele><time>2024-08-26T21:43:15Z</time></trkpt>
<trkpt lat="47.534199" lon="-121.138490"><ele>1340.4</ele><time>2024-08-26T21:44:19Z</time></trkpt>
<trkpt lat="47.534128" lon="-121.138463"><ele>1340.6</ele><time>2024-08-26T21:45:17Z</time></trkpt>
<trkpt lat="47.534193" lon="-121.138575"><ele>1341.4</ele><time>2024-08-26T21:47:19Z</time></trkpt>
<trkpt lat="47.534113" lon="-121.138686"><ele>1341.6</ele><time>2024-08-26T21:49:27Z</time></trkpt>
<trkpt lat="47.534077" lon="-121.138428"><ele>1340.8</ele><time>2024-08-26T21:49:52Z</time></trkpt>
<trkpt lat="47.534135" lon="-121.138347"><ele>1341.4</ele><time>2024-08-26T21:50:00Z</time></trkpt>
<trkpt lat="47.534194" lon="-121.138492"><ele>1341.8</ele><time>2024-08-26T21:50:09Z</time></trkpt>
<trkpt lat="47.534128" lon="-121.138491"><ele>1341.8</ele><time>2024-08-26T21:50:13Z</time></trkpt>
<trkpt lat="47.534160" lon="-121.138683"><ele>1341.6</ele><time>2024-08-26T21:50:20Z</time></trkpt>
<trkpt lat="47.534103" lon="-121.138542"><ele>1342.0</ele><time>2024-08-26T21:50:41Z</time></trkpt>
<trkpt lat="47.534809" lon="-121.138948"><ele>1348.6</ele><time>2024-08-26T21:54:05Z</time></trkpt>
<trkpt lat="47.534924" lon="-121.138881"><ele>1350.2</ele><time>2024-08-26T21:54:17Z</time></trkpt>
<trkpt lat="47.535286" lon="-121.137832"><ele>1356.6</ele><time>2024-08-26T21:55:22Z</time></trkpt>
<trkpt lat="47.535422" lon="-121.137652"><ele>1358.0</ele><time>2024-08-26T21:56:02Z</time></trkpt>
<trkpt lat="47.535497" lon="-121.137582"><ele>1358.2</ele><time>2024-08-26T21:56:05Z</time></trkpt>
<trkpt lat="47.535746" lon="-121.137661"><ele>1360.2</ele><time>2024-08-26T21:56:52Z</time></trkpt>
<trkpt lat="47.535872" lon="-121.137144"><ele>1358.0</ele><time>2024-08-26T21:57:26Z</time></trkpt>
<trkpt lat="47.536248" lon="-121.137213"><ele>1352.8</ele><time>2024-08-26T21:58:05Z</time></trkpt>
<trkpt lat="47.536249" lon="-121.137427"><ele>1350.4</ele><time>2024-08-26T21:58:21Z</time></trkpt>
<trkpt lat="47.537456" lon="-121.138035"><ele>1346.2</ele><time>2024-08-26T22:00:08Z</time></trkpt>
<trkpt lat="47.537518" lon="-121.138209"><ele>1347.6</ele><time>2024-08-26T22:00:21Z</time></trkpt>
<trkpt lat="47.538351" lon="-121.138695"><ele>1351.2</ele><time>2024-08-26T22:01:54Z</time></trkpt>
<trkpt lat="47.538760" lon="-121.139091"><ele>1352.6</ele><time>2024-08-26T22:02:21Z</time></trkpt>
<trkpt lat="47.539737" lon="-121.139542"><ele>1355.0</ele><time>2024-08-26T22:04:07Z</time></trkpt>
<trkpt lat="47.539882" lon="-121.139405"><ele>1354.4</ele><time>2024-08-26T22:04:23Z</time></trkpt>
<trkpt lat="47.540118" lon="-121.138739"><ele>1353.4</ele><time>2024-08-26T22:04:50Z</time></trkpt>
<trkpt lat="47.540134" lon="-121.137928"><ele>1352.2</ele><time>2024-08-26T22:06:04Z</time></trkpt>
<trkpt lat="47.540063" lon="-121.138007"><ele>1352.2</ele><time>2024-08-26T22:06:06Z</time></trkpt>
<trkpt lat="47.540043" lon="-121.137878"><ele>1351.2</ele><time>2024-08-26T22:06:23Z</time></trkpt>
<trkpt lat="47.540196" lon="-121.136977"><ele>1355.0</ele><time>2024-08-26T22:07:26Z</time></trkpt>
<trkpt lat="47.540432" lon="-121.136141"><ele>1359.8</ele><time>2024-08-26T22:08:22Z</time></trkpt>
<trkpt lat="47.540161" lon="-121.135480"><ele>1365.8</ele><time>2024-08-26T22:09:25Z</time></trkpt>
<trkpt lat="47.539741" lon="-121.134727"><ele>1369.4</ele><time>2024-08-26T22:10:20Z</time></trkpt>
<trkpt lat="47.539452" lon="-121.134742"><ele>1373.8</ele><time>2024-08-26T22:11:12Z</time></trkpt>
<trkpt lat="47.539570" lon="-121.134557"><ele>1376.0</ele><time>2024-08-26T22:11:44Z</time></trkpt>
<trkpt lat="47.539533" lon="-121.134267"><ele>1376.2</ele><time>2024-08-26T22:12:03Z</time></trkpt>
<trkpt lat="47.540150" lon="-121.134395"><ele>1378.8</ele><time>2024-08-26T22:12:46Z</time></trkpt>
<trkpt lat="47.540593" lon="-121.134286"><ele>1385.2</ele><time>2024-08-26T22:14:05Z</time></trkpt>
<trkpt lat="47.540019" lon="-121.133859"><ele>1388.4</ele><time>2024-08-26T22:15:04Z</time></trkpt>
<trkpt lat="47.539878" lon="-121.133663"><ele>1390.4</ele><time>2024-08-26T22:15:28Z</time></trkpt>
<trkpt lat="47.539525" lon="-121.133452"><ele>1392.0</ele><time>2024-08-26T22:16:05Z</time></trkpt>
<trkpt lat="47.539472" lon="-121.133441"><ele>1392.2</ele><time>2024-08-26T22:16:07Z</time></trkpt>
<trkpt lat="47.539473" lon="-121.133527"><ele>1393.0</ele><time>2024-08-26T22:16:12Z</time></trkpt>
<trkpt lat="47.539377" lon="-121.133446"><ele>1394.8</ele><time>2024-08-26T22:16:41Z</time></trkpt>
<trkpt lat="47.539594" lon="-121.133233"><ele>1399.0</ele><time>2024-08-26T22:17:21Z</time></trkpt>
<trkpt lat="47.539747" lon="-121.133239"><ele>1399.8</ele><time>2024-08-26T22:17:35Z</time></trkpt>
<trkpt lat="47.540028" lon="-121.133082"><ele>1403.2</ele><time>2024-08-26T22:18:05Z</time></trkpt>
<trkpt lat="47.540096" lon="-121.133153"><ele>1403.6</ele><time>2024-08-26T22:18:17Z</time></trkpt>
<trkpt lat="47.540628" lon="-121.133131"><ele>1410.6</ele><time>2024-08-26T22:19:34Z</time></trkpt>
<trkpt lat="47.540686" lon="-121.132762"><ele>1414.2</ele><time>2024-08-26T22:20:09Z</time></trkpt>
<trkpt lat="47.540622" lon="-121.132823"><ele>1415.0</ele><time>2024-08-26T22:20:15Z</time></trkpt>
<trkpt lat="47.540642" lon="-121.132724"><ele>1415.6</ele><time>2024-08-26T22:20:21Z</time></trkpt>
<trkpt lat="47.540256" lon="-121.132484"><ele>1420.4</ele><time>2024-08-26T22:21:05Z</time></trkpt>
<trkpt lat="47.540044" lon="-121.132472"><ele>1419.8</ele><time>2024-08-26T22:21:27Z</time></trkpt>
<trkpt lat="47.539560" lon="-121.132020"><ele>1421.4</ele><time>2024-08-26T22:22:07Z</time></trkpt>
<trkpt lat="47.539610" lon="-121.131897"><ele>1421.4</ele><time>2024-08-26T22:22:11Z</time></trkpt>
<trkpt lat="47.539532" lon="-121.131985"><ele>1421.8</ele><time>2024-08-26T22:22:15Z</time></trkpt>
<trkpt lat="47.539542" lon="-121.131921"><ele>1422.2</ele><time>2024-08-26T22:22:20Z</time></trkpt>
<trkpt lat="47.539285" lon="-121.131808"><ele>1428.8</ele><time>2024-08-26T22:23:12Z</time></trkpt>
<trkpt lat="47.539216" lon="-121.131528"><ele>1432.8</ele><time>2024-08-26T22:24:05Z</time></trkpt>
<trkpt lat="47.539379" lon="-121.131456"><ele>1433.2</ele><time>2024-08-26T22:24:11Z</time></trkpt>
<trkpt lat="47.539537" lon="-121.131559"><ele>1434.4</ele><time>2024-08-26T22:24:21Z</time></trkpt>
<trkpt lat="47.540312" lon="-121.131646"><ele>1442.0</ele><time>2024-08-26T22:25:55Z</time></trkpt>
<trkpt lat="47.540590" lon="-121.131780"><ele>1443.2</ele><time>2024-08-26T22:26:19Z</time></trkpt>
<trkpt lat="47.540591" lon="-121.131846"><ele>1443.2</ele><time>2024-08-26T22:26:21Z</time></trkpt>
<trkpt lat="47.540742" lon="-121.131774"><ele>1444.4</ele><time>2024-08-26T22:26:30Z</time></trkpt>
<trkpt lat="47.540171" lon="-121.131141"><ele>1448.8</ele><time>2024-08-26T22:27:32Z</time></trkpt>
<trkpt lat="47.539783" lon="-121.130855"><ele>1449.4</ele><time>2024-08-26T22:28:08Z</time></trkpt>
<trkpt lat="47.539737" lon="-121.130823"><ele>1449.6</ele><time>2024-08-26T22:28:09Z</time></trkpt>
<trkpt lat="47.539977" lon="-121.131195"><ele>1449.6</ele><time>2024-08-26T22:28:12Z</time></trkpt>
<trkpt lat="47.539411" lon="-121.130769"><ele>1456.6</ele><time>2024-08-26T22:29:12Z</time></trkpt>
<trkpt lat="47.539517" lon="-121.130894"><ele>1457.2</ele><time>2024-08-26T22:29:22Z</time></trkpt>
<trkpt lat="47.539852" lon="-121.130852"><ele>1457.0</ele><time>2024-08-26T22:30:23Z</time></trkpt>
<trkpt lat="47.540333" lon="-121.130985"><ele>1456.0</ele><time>2024-08-26T22:31:08Z</time></trkpt>
<trkpt lat="47.540458" lon="-121.131106"><ele>1456.8</ele><time>2024-08-26T22:31:20Z</time></trkpt>
<trkpt lat="47.541660" lon="-121.131386"><ele>1466.0</ele><time>2024-08-26T22:33:05Z</time></trkpt>
<trkpt lat="47.541745" lon="-121.131521"><ele>1467.2</ele><time>2024-08-26T22:33:22Z</time></trkpt>
<trkpt lat="47.542332" lon="-121.131845"><ele>1474.8</ele><time>2024-08-26T22:34:33Z</time></trkpt>
<trkpt lat="47.542538" lon="-121.132262"><ele>1478.4</ele><time>2024-08-26T22:35:05Z</time></trkpt>
<trkpt lat="47.542482" lon="-121.132365"><ele>1479.2</ele><time>2024-08-26T22:35:17Z</time></trkpt>
<trkpt lat="47.542561" lon="-121.132459"><ele>1479.2</ele><time>2024-08-26T22:35:21Z</time></trkpt>
<trkpt lat="47.542655" lon="-121.132226"><ele>1481.0</ele><time>2024-08-26T22:35:33Z</time></trkpt>
<trkpt lat="47.542651" lon="-121.132016"><ele>1486.4</ele><time>2024-08-26T22:36:37Z</time></trkpt>
<trkpt lat="47.542742" lon="-121.131677"><ele>1488.4</ele><time>2024-08-26T22:37:07Z</time></trkpt>
<trkpt lat="47.543034" lon="-121.131846"><ele>1489.4</ele><time>2024-08-26T22:37:23Z</time></trkpt>
<trkpt lat="47.543338" lon="-121.132281"><ele>1492.8</ele><time>2024-08-26T22:38:15Z</time></trkpt>
<trkpt lat="47.543572" lon="-121.132298"><ele>1496.0</ele><time>2024-08-26T22:39:07Z</time></trkpt>
<trkpt lat="47.543511" lon="-121.132255"><ele>1496.4</ele><time>2024-08-26T22:39:11Z</time></trkpt>
<trkpt lat="47.543521" lon="-121.132026"><ele>1497.6</ele><time>2024-08-26T22:39:21Z</time></trkpt>
<trkpt lat="47.543626" lon="-121.131685"><ele>1502.0</ele><time>2024-08-26T22:39:59Z</time></trkpt>
<trkpt lat="47.543912" lon="-121.132082"><ele>1507.4</ele><time>2024-08-26T22:40:53Z</time></trkpt>
<trkpt lat="47.544341" lon="-121.132427"><ele>1511.6</ele><time>2024-08-26T22:41:45Z</time></trkpt>
<trkpt lat="47.544385" lon="-121.132313"><ele>1513.8</ele><time>2024-08-26T22:42:15Z</time></trkpt>
<trkpt lat="47.544313" lon="-121.132110"><ele>1515.0</ele><time>2024-08-26T22:42:25Z</time></trkpt>
<trkpt lat="47.544005" lon="-121.131603"><ele>1520.6</ele><time>2024-08-26T22:43:25Z</time></trkpt>
<trkpt lat="47.544246" lon="-121.131301"><ele>1524.0</ele><time>2024-08-26T22:43:48Z</time></trkpt>
<trkpt lat="47.544444" lon="-121.131714"><ele>1527.2</ele><time>2024-08-26T22:44:28Z</time></trkpt>
<trkpt lat="47.544553" lon="-121.131755"><ele>1531.2</ele><time>2024-08-26T22:45:06Z</time></trkpt>
<trkpt lat="47.544583" lon="-121.131894"><ele>1531.6</ele><time>2024-08-26T22:45:10Z</time></trkpt>
<trkpt lat="47.544879" lon="-121.132066"><ele>1532.6</ele><time>2024-08-26T22:45:22Z</time></trkpt>
<trkpt lat="47.545940" lon="-121.132343"><ele>1542.4</ele><time>2024-08-26T22:47:14Z</time></trkpt>
<trkpt lat="47.545946" lon="-121.132208"><ele>1542.8</ele><time>2024-08-26T22:47:20Z</time></trkpt>
<trkpt lat="47.546191" lon="-121.132294"><ele>1543.6</ele><time>2024-08-26T22:47:29Z</time></trkpt>
<trkpt lat="47.547158" lon="-121.132943"><ele>1552.8</ele><time>2024-08-26T22:49:07Z</time></trkpt>
<trkpt lat="47.547240" lon="-121.132918"><ele>1553.0</ele><time>2024-08-26T22:49:10Z</time></trkpt>
<trkpt lat="47.547089" lon="-121.132882"><ele>1553.0</ele><time>2024-08-26T22:49:17Z</time></trkpt>
<trkpt lat="47.547155" lon="-121.132854"><ele>1552.8</ele><time>2024-08-26T22:49:21Z</time></trkpt>
<trkpt lat="47.547658" lon="-121.133118"><ele>1552.8</ele><time>2024-08-26T22:49:56Z</time></trkpt>
<trkpt lat="47.548319" lon="-121.133690"><ele>1557.2</ele><time>2024-08-26T22:51:23Z</time></trkpt>
<trkpt lat="47.548439" lon="-121.133677"><ele>1562.4</ele><time>2024-08-26T22:52:22Z</time></trkpt>
<trkpt lat="47.548215" lon="-121.133152"><ele>1565.8</ele><time>2024-08-26T22:53:21Z</time></trkpt>
<trkpt lat="47.547372" lon="-121.132067"><ele>1577.8</ele><time>2024-08-26T22:55:25Z</time></trkpt>
<trkpt lat="47.547089" lon="-121.132108"><ele>1578.8</ele><time>2024-08-26T22:55:58Z</time></trkpt>
<trkpt lat="47.547046" lon="-121.132064"><ele>1581.8</ele><time>2024-08-26T22:56:32Z</time></trkpt>
<trkpt lat="47.547031" lon="-121.131849"><ele>1584.2</ele><time>2024-08-26T22:56:56Z</time></trkpt>
<trkpt lat="47.546940" lon="-121.131640"><ele>1584.6</ele><time>2024-08-26T22:57:07Z</time></trkpt>
<trkpt lat="47.547028" lon="-121.131740"><ele>1584.8</ele><time>2024-08-26T22:57:09Z</time></trkpt>
<trkpt lat="47.547454" lon="-121.131840"><ele>1587.0</ele><time>2024-08-26T22:57:42Z</time></trkpt>
<trkpt lat="47.548263" lon="-121.132327"><ele>1593.8</ele><time>2024-08-26T22:59:14Z</time></trkpt>
<trkpt lat="47.548639" lon="-121.132343"><ele>1595.6</ele><time>2024-08-26T22:59:44Z</time></trkpt>
<trkpt lat="47.548919" lon="-121.132466"><ele>1599.2</ele><time>2024-08-26T23:00:44Z</time></trkpt>
<trkpt lat="47.549157" lon="-121.132653"><ele>1600.4</ele><time>2024-08-26T23:01:07Z</time></trkpt>
<trkpt lat="47.549192" lon="-121.132903"><ele>1601.6</ele><time>2024-08-26T23:01:22Z</time></trkpt>
<trkpt lat="47.549568" lon="-121.132775"><ele>1606.8</ele><time>2024-08-26T23:02:20Z</time></trkpt>
<trkpt lat="47.549398" lon="-121.132680"><ele>1610.6</ele><time>2024-08-26T23:03:09Z</time></trkpt>
<trkpt lat="47.549327" lon="-121.132501"><ele>1612.0</ele><time>2024-08-26T23:03:24Z</time></trkpt>
<trkpt lat="47.549053" lon="-121.132343"><ele>1614.2</ele><time>2024-08-26T23:03:56Z</time></trkpt>
<trkpt lat="47.547660" lon="-121.130798"><ele>1626.4</ele><time>2024-08-26T23:07:06Z</time></trkpt>
<trkpt lat="47.547776" lon="-121.131032"><ele>1626.6</ele><time>2024-08-26T23:07:11Z</time></trkpt>
<trkpt lat="47.547654" lon="-121.130944"><ele>1627.8</ele><time>2024-08-26T23:07:22Z</time></trkpt>
<trkpt lat="47.548055" lon="-121.131078"><ele>1629.8</ele><time>2024-08-26T23:08:32Z</time></trkpt>
<trkpt lat="47.548451" lon="-121.131465"><ele>1633.2</ele><time>2024-08-26T23:09:06Z</time></trkpt>
<trkpt lat="47.548533" lon="-121.131499"><ele>1633.6</ele><time>2024-08-26T23:09:10Z</time></trkpt>
<trkpt lat="47.548226" lon="-121.131314"><ele>1633.8</ele><time>2024-08-26T23:09:12Z</time></trkpt>
<trkpt lat="47.548055" lon="-121.131005"><ele>1634.4</ele><time>2024-08-26T23:09:15Z</time></trkpt>
<trkpt lat="47.548041" lon="-121.131104"><ele>1634.4</ele><time>2024-08-26T23:09:21Z</time></trkpt>
<trkpt lat="47.549100" lon="-121.131671"><ele>1644.4</ele><time>2024-08-26T23:11:05Z</time></trkpt>
<trkpt lat="47.549119" lon="-121.131623"><ele>1644.6</ele><time>2024-08-26T23:11:07Z</time></trkpt>
<trkpt lat="47.549264" lon="-121.131824"><ele>1644.6</ele><time>2024-08-26T23:11:08Z</time></trkpt>
<trkpt lat="47.548987" lon="-121.131352"><ele>1645.2</ele><time>2024-08-26T23:11:13Z</time></trkpt>
<trkpt lat="47.550341" lon="-121.131825"><ele>1657.6</ele><time>2024-08-26T23:13:06Z</time></trkpt>
<trkpt lat="47.550104" lon="-121.131951"><ele>1658.0</ele><time>2024-08-26T23:13:09Z</time></trkpt>
<trkpt lat="47.550107" lon="-121.132173"><ele>1659.2</ele><time>2024-08-26T23:13:21Z</time></trkpt>
<trkpt lat="47.550487" lon="-121.133636"><ele>1669.0</ele><time>2024-08-26T23:15:06Z</time></trkpt>
<trkpt lat="47.550444" lon="-121.133526"><ele>1669.2</ele><time>2024-08-26T23:15:09Z</time></trkpt>
<trkpt lat="47.550601" lon="-121.133865"><ele>1670.6</ele><time>2024-08-26T23:15:24Z</time></trkpt>
<trkpt lat="47.550702" lon="-121.133510"><ele>1673.8</ele><time>2024-08-26T23:17:09Z</time></trkpt>
<trkpt lat="47.550569" lon="-121.133485"><ele>1673.2</ele><time>2024-08-26T23:17:15Z</time></trkpt>
<trkpt lat="47.550504" lon="-121.132828"><ele>1676.2</ele><time>2024-08-26T23:19:22Z</time></trkpt>
<trkpt lat="47.550481" lon="-121.132876"><ele>1676.0</ele><time>2024-08-26T23:21:08Z</time></trkpt>
<trkpt lat="47.550602" lon="-121.132840"><ele>1675.6</ele><time>2024-08-26T23:21:23Z</time></trkpt>
<trkpt lat="47.550490" lon="-121.132887"><ele>1676.2</ele><time>2024-08-26T23:23:09Z</time></trkpt>
<trkpt lat="47.550586" lon="-121.132860"><ele>1681.8</ele><time>2024-08-26T23:25:09Z</time></trkpt>
<trkpt lat="47.550518" lon="-121.132895"><ele>1682.0</ele><time>2024-08-26T23:25:16Z</time></trkpt>
<trkpt lat="47.550670" lon="-121.132789"><ele>1682.8</ele><time>2024-08-26T23:27:11Z</time></trkpt>
<trkpt lat="47.550553" lon="-121.132798"><ele>1683.0</ele><time>2024-08-26T23:27:16Z</time></trkpt>
<trkpt lat="47.550529" lon="-121.132878"><ele>1685.6</ele><time>2024-08-26T23:29:13Z</time></trkpt>
<trkpt lat="47.550604" lon="-121.132061"><ele>1692.6</ele><time>2024-08-26T23:30:59Z</time></trkpt>
<trkpt lat="47.550574" lon="-121.131720"><ele>1694.2</ele><time>2024-08-26T23:31:11Z</time></trkpt>
<trkpt lat="47.550644" lon="-121.131539"><ele>1696.0</ele><time>2024-08-26T23:31:26Z</time></trkpt>
<trkpt lat="47.550637" lon="-121.131184"><ele>1700.2</ele><time>2024-08-26T23:32:11Z</time></trkpt>
<trkpt lat="47.550564" lon="-121.130996"><ele>1702.6</ele><time>2024-08-26T23:32:35Z</time></trkpt>
<trkpt lat="47.550584" lon="-121.130717"><ele>1704.8</ele><time>2024-08-26T23:33:14Z</time></trkpt>
<trkpt lat="47.550790" lon="-121.130785"><ele>1702.8</ele><time>2024-08-26T23:33:35Z</time></trkpt>
<trkpt lat="47.551063" lon="-121.130724"><ele>1699.4</ele><time>2024-08-26T23:34:25Z</time></trkpt>
<trkpt lat="47.550898" lon="-121.130127"><ele>1691.2</ele><time>2024-08-26T23:35:30Z</time></trkpt>
<trkpt lat="47.550625" lon="-121.129841"><ele>1687.8</ele><time>2024-08-26T23:36:06Z</time></trkpt>
<trkpt lat="47.550566" lon="-121.129621"><ele>1684.0</ele><time>2024-08-26T23:36:38Z</time></trkpt>
<trkpt lat="47.550764" lon="-121.128762"><ele>1683.2</ele><time>2024-08-26T23:37:27Z</time></trkpt>
<trkpt lat="47.551304" lon="-121.128592"><ele>1685.6</ele><time>2024-08-26T23:38:12Z</time></trkpt>
<trkpt lat="47.551978" lon="-121.128916"><ele>1692.0</ele><time>2024-08-26T23:39:21Z</time></trkpt>
<trkpt lat="47.552264" lon="-121.128863"><ele>1693.6</ele><time>2024-08-26T23:39:50Z</time></trkpt>
<trkpt lat="47.552417" lon="-121.128779"><ele>1692.6</ele><time>2024-08-26T23:40:10Z</time></trkpt>
<trkpt lat="47.552511" lon="-121.128813"><ele>1691.6</ele><time>2024-08-26T23:40:18Z</time></trkpt>
<trkpt lat="47.553185" lon="-121.128406"><ele>1685.2</ele><time>2024-08-26T23:41:13Z</time></trkpt>
<trkpt lat="47.553518" lon="-121.128456"><ele>1683.8</ele><time>2024-08-26T23:41:30Z</time></trkpt>
<trkpt lat="47.554058" lon="-121.128360"><ele>1678.8</ele><time>2024-08-26T23:42:02Z</time></trkpt>
<trkpt lat="47.554335" lon="-121.128168"><ele>1677.2</ele><time>2024-08-26T23:42:52Z</time></trkpt>
<trkpt lat="47.554616" lon="-121.128228"><ele>1676.8</ele><time>2024-08-26T23:43:10Z</time></trkpt>
<trkpt lat="47.554571" lon="-121.128272"><ele>1676.8</ele><time>2024-08-26T23:43:15Z</time></trkpt>
<trkpt lat="47.554594" lon="-121.128522"><ele>1677.6</ele><time>2024-08-26T23:43:26Z</time></trkpt>
<trkpt lat="47.554952" lon="-121.128786"><ele>1679.4</ele><time>2024-08-26T23:44:16Z</time></trkpt>
<trkpt lat="47.555293" lon="-121.129182"><ele>1675.6</ele><time>2024-08-26T23:44:52Z</time></trkpt>
<trkpt lat="47.555606" lon="-121.129354"><ele>1671.6</ele><time>2024-08-26T23:45:24Z</time></trkpt>
<trkpt lat="47.556527" lon="-121.129324"><ele>1658.2</ele><time>2024-08-26T23:46:38Z</time></trkpt>
<trkpt lat="47.556860" lon="-121.129046"><ele>1653.6</ele><time>2024-08-26T23:47:09Z</time></trkpt>
<trkpt lat="47.556682" lon="-121.129058"><ele>1654.0</ele><time>2024-08-26T23:47:15Z</time></trkpt>
<trkpt lat="47.556684" lon="-121.128960"><ele>1653.4</ele><time>2024-08-26T23:47:21Z</time></trkpt>
<trkpt lat="47.556867" lon="-121.129032"><ele>1650.6</ele><time>2024-08-26T23:47:36Z</time></trkpt>
<trkpt lat="47.557166" lon="-121.128935"><ele>1647.0</ele><time>2024-08-26T23:47:58Z</time></trkpt>
<trkpt lat="47.557404" lon="-121.128754"><ele>1642.8</ele><time>2024-08-26T23:48:30Z</time></trkpt>
<trkpt lat="47.557585" lon="-121.128861"><ele>1640.6</ele><time>2024-08-26T23:48:46Z</time></trkpt>
<trkpt lat="47.557704" lon="-121.129021"><ele>1636.2</ele><time>2024-08-26T23:49:11Z</time></trkpt>
<trkpt lat="47.557631" lon="-121.129228"><ele>1635.2</ele><time>2024-08-26T23:49:17Z</time></trkpt>
<trkpt lat="47.558014" lon="-121.129554"><ele>1629.8</ele><time>2024-08-26T23:49:42Z</time></trkpt>
<trkpt lat="47.558074" lon="-121.129751"><ele>1628.8</ele><time>2024-08-26T23:49:50Z</time></trkpt>
<trkpt lat="47.558013" lon="-121.129994"><ele>1626.8</ele><time>2024-08-26T23:50:00Z</time></trkpt>
<trkpt lat="47.558118" lon="-121.130007"><ele>1624.2</ele><time>2024-08-26T23:50:26Z</time></trkpt>
<trkpt lat="47.558267" lon="-121.130219"><ele>1620.0</ele><time>2024-08-26T23:50:48Z</time></trkpt>
<trkpt lat="47.558271" lon="-121.130343"><ele>1617.6</ele><time>2024-08-26T23:51:00Z</time></trkpt>
<trkpt lat="47.558240" lon="-121.130375"><ele>1616.4</ele><time>2024-08-26T23:51:07Z</time></trkpt>
<trkpt lat="47.558261" lon="-121.130289"><ele>1616.2</ele><time>2024-08-26T23:51:08Z</time></trkpt>
<trkpt lat="47.558159" lon="-121.130359"><ele>1616.2</ele><time>2024-08-26T23:51:09Z</time></trkpt>
<trkpt lat="47.558296" lon="-121.130525"><ele>1616.0</ele><time>2024-08-26T23:51:15Z</time></trkpt>
<trkpt lat="47.558128" lon="-121.130610"><ele>1616.4</ele><time>2024-08-26T23:51:28Z</time></trkpt>
<trkpt lat="47.558295" lon="-121.130632"><ele>1613.8</ele><time>2024-08-26T23:51:58Z</time></trkpt>
<trkpt lat="47.558635" lon="-121.130286"><ele>1607.4</ele><time>2024-08-26T23:52:36Z</time></trkpt>
<trkpt lat="47.558732" lon="-121.130292"><ele>1604.2</ele><time>2024-08-26T23:53:00Z</time></trkpt>
<trkpt lat="47.558727" lon="-121.129857"><ele>1598.4</ele><time>2024-08-26T23:53:35Z</time></trkpt>
<trkpt lat="47.559063" lon="-121.130216"><ele>1593.2</ele><time>2024-08-26T23:54:16Z</time></trkpt>
<trkpt lat="47.559014" lon="-121.130320"><ele>1591.8</ele><time>2024-08-26T23:54:25Z</time></trkpt>
<trkpt lat="47.559029" lon="-121.130516"><ele>1588.6</ele><time>2024-08-26T23:54:44Z</time></trkpt>
<trkpt lat="47.558975" lon="-121.130538"><ele>1586.4</ele><time>2024-08-26T23:55:12Z</time></trkpt>
<trkpt lat="47.558928" lon="-121.131062"><ele>1579.8</ele><time>2024-08-26T23:55:48Z</time></trkpt>
<trkpt lat="47.559031" lon="-121.131107"><ele>1577.8</ele><time>2024-08-26T23:55:58Z</time></trkpt>
<trkpt lat="47.559147" lon="-121.130986"><ele>1575.8</ele><time>2024-08-26T23:56:10Z</time></trkpt>
<trkpt lat="47.559142" lon="-121.131057"><ele>1575.6</ele><time>2024-08-26T23:56:11Z</time></trkpt>
<trkpt lat="47.559179" lon="-121.130935"><ele>1575.2</ele><time>2024-08-26T23:56:14Z</time></trkpt>
<trkpt lat="47.559194" lon="-121.131070"><ele>1575.0</ele><time>2024-08-26T23:56:16Z</time></trkpt>
<trkpt lat="47.559349" lon="-121.130924"><ele>1572.4</ele><time>2024-08-26T23:56:31Z</time></trkpt>
<trkpt lat="47.559777" lon="-121.131019"><ele>1567.0</ele><time>2024-08-26T23:57:19Z</time></trkpt>
<trkpt lat="47.560078" lon="-121.130944"><ele>1562.4</ele><time>2024-08-26T23:57:57Z</time></trkpt>
<trkpt lat="47.560090" lon="-121.130836"><ele>1560.2</ele><time>2024-08-26T23:58:12Z</time></trkpt>
<trkpt lat="47.560047" lon="-121.131004"><ele>1558.4</ele><time>2024-08-26T23:58:25Z</time></trkpt>
<trkpt lat="47.560134" lon="-121.131159"><ele>1555.8</ele><time>2024-08-26T23:58:46Z</time></trkpt>
<trkpt lat="47.560134" lon="-121.131333"><ele>1553.6</ele><time>2024-08-26T23:59:10Z</time></trkpt>
<trkpt lat="47.560287" lon="-121.131050"><ele>1549.2</ele><time>2024-08-26T23:59:50Z</time></trkpt>
<trkpt lat="47.560373" lon="-121.130702"><ele>1545.8</ele><time>2024-08-27T00:00:11Z</time></trkpt>
<trkpt lat="47.560422" lon="-121.130755"><ele>1544.4</ele><time>2024-08-27T00:00:20Z</time></trkpt>
<trkpt lat="47.560400" lon="-121.130837"><ele>1543.4</ele><time>2024-08-27T00:00:25Z</time></trkpt>
<trkpt lat="47.560666" lon="-121.130842"><ele>1540.6</ele><time>2024-08-27T00:00:52Z</time></trkpt>
<trkpt lat="47.560712" lon="-121.130647"><ele>1538.2</ele><time>2024-08-27T00:01:36Z</time></trkpt>
<trkpt lat="47.560431" lon="-121.130238"><ele>1536.4</ele><time>2024-08-27T00:02:18Z</time></trkpt>
<trkpt lat="47.560479" lon="-121.130261"><ele>1536.4</ele><time>2024-08-27T00:02:20Z</time></trkpt>
<trkpt lat="47.560322" lon="-121.129887"><ele>1530.4</ele><time>2024-08-27T00:03:19Z</time></trkpt>
<trkpt lat="47.560333" lon="-121.129554"><ele>1527.0</ele><time>2024-08-27T00:03:43Z</time></trkpt>
<trkpt lat="47.560265" lon="-121.129265"><ele>1524.0</ele><time>2024-08-27T00:04:01Z</time></trkpt>
<trkpt lat="47.560165" lon="-121.128965"><ele>1521.8</ele><time>2024-08-27T00:04:12Z</time></trkpt>
<trkpt lat="47.560021" lon="-121.128835"><ele>1521.8</ele><time>2024-08-27T00:04:24Z</time></trkpt>
<trkpt lat="47.560726" lon="-121.129409"><ele>1509.8</ele><time>2024-08-27T00:05:33Z</time></trkpt>
<trkpt lat="47.561024" lon="-121.130012"><ele>1501.8</ele><time>2024-08-27T00:06:26Z</time></trkpt>
<trkpt lat="47.561314" lon="-121.130133"><ele>1495.2</ele><time>2024-08-27T00:07:03Z</time></trkpt>
<trkpt lat="47.561599" lon="-121.130477"><ele>1490.2</ele><time>2024-08-27T00:07:37Z</time></trkpt>
<trkpt lat="47.561789" lon="-121.130597"><ele>1489.8</ele><time>2024-08-27T00:07:55Z</time></trkpt>
<trkpt lat="47.562216" lon="-121.130562"><ele>1481.8</ele><time>2024-08-27T00:08:43Z</time></trkpt>
<trkpt lat="47.562490" lon="-121.130349"><ele>1475.4</ele><time>2024-08-27T00:09:41Z</time></trkpt>
<trkpt lat="47.562519" lon="-121.130263"><ele>1474.2</ele><time>2024-08-27T00:09:47Z</time></trkpt>
<trkpt lat="47.562394" lon="-121.130013"><ele>1471.0</ele><time>2024-08-27T00:10:21Z</time></trkpt>
<trkpt lat="47.562411" lon="-121.130072"><ele>1470.8</ele><time>2024-08-27T00:10:23Z</time></trkpt>
<trkpt lat="47.562065" lon="-121.129831"><ele>1461.6</ele><time>2024-08-27T00:11:13Z</time></trkpt>
<trkpt lat="47.561568" lon="-121.129155"><ele>1451.6</ele><time>2024-08-27T00:12:20Z</time></trkpt>
<trkpt lat="47.561498" lon="-121.128832"><ele>1448.2</ele><time>2024-08-27T00:12:39Z</time></trkpt>
<trkpt lat="47.561519" lon="-121.128629"><ele>1445.8</ele><time>2024-08-27T00:13:03Z</time></trkpt>
<trkpt lat="47.561576" lon="-121.128344"><ele>1441.4</ele><time>2024-08-27T00:13:25Z</time></trkpt>
<trkpt lat="47.561674" lon="-121.128380"><ele>1437.8</ele><time>2024-08-27T00:13:41Z</time></trkpt>
<trkpt lat="47.561687" lon="-121.128822"><ele>1434.2</ele><time>2024-08-27T00:14:05Z</time></trkpt>
<trkpt lat="47.562068" lon="-121.128989"><ele>1427.8</ele><time>2024-08-27T00:14:55Z</time></trkpt>
<trkpt lat="47.562273" lon="-121.129166"><ele>1422.4</ele><time>2024-08-27T00:15:27Z</time></trkpt>
<trkpt lat="47.562752" lon="-121.129328"><ele>1419.0</ele><time>2024-08-27T00:16:19Z</time></trkpt>
<trkpt lat="47.563253" lon="-121.129898"><ele>1416.4</ele><time>2024-08-27T00:17:17Z</time></trkpt>
<trkpt lat="47.563449" lon="-121.130760"><ele>1418.2</ele><time>2024-08-27T00:18:09Z</time></trkpt>
<trkpt lat="47.563479" lon="-121.130672"><ele>1418.2</ele><time>2024-08-27T00:18:10Z</time></trkpt>
<trkpt lat="47.563339" lon="-121.130601"><ele>1418.6</ele><time>2024-08-27T00:18:17Z</time></trkpt>
<trkpt lat="47.563326" lon="-121.130797"><ele>1419.4</ele><time>2024-08-27T00:18:28Z</time></trkpt>
<trkpt lat="47.563429" lon="-121.130945"><ele>1420.0</ele><time>2024-08-27T00:18:35Z</time></trkpt>
<trkpt lat="47.563433" lon="-121.130888"><ele>1420.0</ele><time>2024-08-27T00:18:38Z</time></trkpt>
<trkpt lat="47.563644" lon="-121.131486"><ele>1419.2</ele><time>2024-08-27T00:19:06Z</time></trkpt>
<trkpt lat="47.563663" lon="-121.131382"><ele>1420.2</ele><time>2024-08-27T00:19:10Z</time></trkpt>
<trkpt lat="47.563828" lon="-121.131420"><ele>1420.2</ele><time>2024-08-27T00:19:24Z</time></trkpt>
<trkpt lat="47.564201" lon="-121.131880"><ele>1421.2</ele><time>2024-08-27T00:19:59Z</time></trkpt>
<trkpt lat="47.564227" lon="-121.132200"><ele>1422.2</ele><time>2024-08-27T00:20:19Z</time></trkpt>
<trkpt lat="47.564662" lon="-121.132673"><ele>1420.8</ele><time>2024-08-27T00:21:08Z</time></trkpt>
<trkpt lat="47.564523" lon="-121.132785"><ele>1420.4</ele><time>2024-08-27T00:21:25Z</time></trkpt>
<trkpt lat="47.564202" lon="-121.133409"><ele>1421.0</ele><time>2024-08-27T00:22:25Z</time></trkpt>
<trkpt lat="47.564140" lon="-121.133683"><ele>1417.2</ele><time>2024-08-27T00:22:51Z</time></trkpt>
<trkpt lat="47.563872" lon="-121.134031"><ele>1414.6</ele><time>2024-08-27T00:23:14Z</time></trkpt>
<trkpt lat="47.563978" lon="-121.134108"><ele>1414.6</ele><time>2024-08-27T00:23:24Z</time></trkpt>
<trkpt lat="47.563971" lon="-121.134517"><ele>1414.0</ele><time>2024-08-27T00:23:53Z</time></trkpt>
<trkpt lat="47.563993" lon="-121.134838"><ele>1420.2</ele><time>2024-08-27T00:25:51Z</time></trkpt>
<trkpt lat="47.563943" lon="-121.135234"><ele>1424.0</ele><time>2024-08-27T00:26:49Z</time></trkpt>
<trkpt lat="47.564111" lon="-121.135508"><ele>1421.0</ele><time>2024-08-27T00:27:23Z</time></trkpt>
<trkpt lat="47.564358" lon="-121.135585"><ele>1420.4</ele><time>2024-08-27T00:28:09Z</time></trkpt>
<trkpt lat="47.564791" lon="-121.135385"><ele>1417.0</ele><time>2024-08-27T00:28:39Z</time></trkpt>
<trkpt lat="47.565171" lon="-121.135463"><ele>1409.4</ele><time>2024-08-27T00:29:13Z</time></trkpt>
<trkpt lat="47.565177" lon="-121.135389"><ele>1408.6</ele><time>2024-08-27T00:29:16Z</time></trkpt>
<trkpt lat="47.565239" lon="-121.135483"><ele>1407.6</ele><time>2024-08-27T00:29:22Z</time></trkpt>
<trkpt lat="47.565436" lon="-121.135505"><ele>1405.8</ele><time>2024-08-27T00:29:37Z</time></trkpt>
<trkpt lat="47.565592" lon="-121.135733"><ele>1404.0</ele><time>2024-08-27T00:30:01Z</time></trkpt>
<trkpt lat="47.565737" lon="-121.135778"><ele>1403.0</ele><time>2024-08-27T00:30:06Z</time></trkpt>
<trkpt lat="47.565730" lon="-121.135506"><ele>1402.8</ele><time>2024-08-27T00:30:07Z</time></trkpt>
<trkpt lat="47.565780" lon="-121.135573"><ele>1402.2</ele><time>2024-08-27T00:30:10Z</time></trkpt>
<trkpt lat="47.565943" lon="-121.135511"><ele>1398.8</ele><time>2024-08-27T00:30:36Z</time></trkpt>
<trkpt lat="47.566188" lon="-121.135696"><ele>1396.6</ele><time>2024-08-27T00:31:02Z</time></trkpt>
<trkpt lat="47.566845" lon="-121.135569"><ele>1389.2</ele><time>2024-08-27T00:31:52Z</time></trkpt>
<trkpt lat="47.567121" lon="-121.135423"><ele>1384.6</ele><time>2024-08-27T00:32:26Z</time></trkpt>
<trkpt lat="47.567172" lon="-121.135491"><ele>1384.2</ele><time>2024-08-27T00:32:29Z</time></trkpt>
<trkpt lat="47.567798" lon="-121.135480"><ele>1378.2</ele><time>2024-08-27T00:33:12Z</time></trkpt>
<trkpt lat="47.567661" lon="-121.135405"><ele>1372.6</ele><time>2024-08-27T00:34:13Z</time></trkpt>
<trkpt lat="47.567685" lon="-121.135319"><ele>1369.2</ele><time>2024-08-27T00:35:10Z</time></trkpt>
<trkpt lat="47.567514" lon="-121.135241"><ele>1367.8</ele><time>2024-08-27T00:35:24Z</time></trkpt>
<trkpt lat="47.567387" lon="-121.135046"><ele>1365.6</ele><time>2024-08-27T00:35:44Z</time></trkpt>
<trkpt lat="47.567326" lon="-121.135061"><ele>1363.0</ele><time>2024-08-27T00:36:22Z</time></trkpt>
<trkpt lat="47.567392" lon="-121.134944"><ele>1360.0</ele><time>2024-08-27T00:36:46Z</time></trkpt>
<trkpt lat="47.567501" lon="-121.134947"><ele>1358.2</ele><time>2024-08-27T00:37:08Z</time></trkpt>
<trkpt lat="47.567432" lon="-121.134885"><ele>1357.6</ele><time>2024-08-27T00:37:17Z</time></trkpt>
<trkpt lat="47.567776" lon="-121.134876"><ele>1354.4</ele><time>2024-08-27T00:37:48Z</time></trkpt>
<trkpt lat="47.567900" lon="-121.135004"><ele>1352.6</ele><time>2024-08-27T00:38:06Z</time></trkpt>
<trkpt lat="47.568075" lon="-121.134935"><ele>1351.2</ele><time>2024-08-27T00:38:22Z</time></trkpt>
<trkpt lat="47.568257" lon="-121.135213"><ele>1345.0</ele><time>2024-08-27T00:39:10Z</time></trkpt>
<trkpt lat="47.568394" lon="-121.135223"><ele>1345.0</ele><time>2024-08-27T00:39:22Z</time></trkpt>
<trkpt lat="47.568344" lon="-121.135227"><ele>1345.0</ele><time>2024-08-27T00:39:29Z</time></trkpt>
<trkpt lat="47.568768" lon="-121.135021"><ele>1346.8</ele><time>2024-08-27T00:40:48Z</time></trkpt>
<trkpt lat="47.568916" lon="-121.135095"><ele>1343.4</ele><time>2024-08-27T00:41:00Z</time></trkpt>
<trkpt lat="47.569121" lon="-121.135044"><ele>1340.8</ele><time>2024-08-27T00:41:13Z</time></trkpt>
<trkpt lat="47.569190" lon="-121.134931"><ele>1340.0</ele><time>2024-08-27T00:41:23Z</time></trkpt>
<trkpt lat="47.569945" lon="-121.134666"><ele>1325.0</ele><time>2024-08-27T00:43:14Z</time></trkpt>
<trkpt lat="47.570435" lon="-121.134822"><ele>1319.2</ele><time>2024-08-27T00:44:03Z</time></trkpt>
<trkpt lat="47.570430" lon="-121.134710"><ele>1317.0</ele><time>2024-08-27T00:44:27Z</time></trkpt>
<trkpt lat="47.570817" lon="-121.134829"><ele>1314.6</ele><time>2024-08-27T00:45:48Z</time></trkpt>
<trkpt lat="47.571528" lon="-121.135669"><ele>1316.2</ele><time>2024-08-27T00:47:11Z</time></trkpt>
<trkpt lat="47.571519" lon="-121.135753"><ele>1316.2</ele><time>2024-08-27T00:47:12Z</time></trkpt>
<trkpt lat="47.572118" lon="-121.136577"><ele>1311.4</ele><time>2024-08-27T00:48:35Z</time></trkpt>
<trkpt lat="47.572612" lon="-121.137432"><ele>1305.4</ele><time>2024-08-27T00:49:09Z</time></trkpt>
<trkpt lat="47.572493" lon="-121.137076"><ele>1305.4</ele><time>2024-08-27T00:49:14Z</time></trkpt>
<trkpt lat="47.572636" lon="-121.137211"><ele>1303.8</ele><time>2024-08-27T00:49:26Z</time></trkpt>
<trkpt lat="47.572706" lon="-121.137425"><ele>1301.4</ele><time>2024-08-27T00:49:38Z</time></trkpt>
<trkpt lat="47.572869" lon="-121.137591"><ele>1296.8</ele><time>2024-08-27T00:50:04Z</time></trkpt>
<trkpt lat="47.573061" lon="-121.137940"><ele>1293.6</ele><time>2024-08-27T00:50:36Z</time></trkpt>
<trkpt lat="47.573290" lon="-121.138006"><ele>1288.4</ele><time>2024-08-27T00:51:14Z</time></trkpt>
<trkpt lat="47.573278" lon="-121.138084"><ele>1288.0</ele><time>2024-08-27T00:51:17Z</time></trkpt>
<trkpt lat="47.573413" lon="-121.138142"><ele>1286.0</ele><time>2024-08-27T00:51:30Z</time></trkpt>
<trkpt lat="47.573608" lon="-121.138646"><ele>1282.8</ele><time>2024-08-27T00:52:18Z</time></trkpt>
<trkpt lat="47.573953" lon="-121.139085"><ele>1275.0</ele><time>2024-08-27T00:53:20Z</time></trkpt>
<trkpt lat="47.574263" lon="-121.139700"><ele>1268.2</ele><time>2024-08-27T00:54:07Z</time></trkpt>
<trkpt lat="47.574392" lon="-121.139838"><ele>1266.0</ele><time>2024-08-27T00:54:19Z</time></trkpt>
<trkpt lat="47.574461" lon="-121.140057"><ele>1264.8</ele><time>2024-08-27T00:54:39Z</time></trkpt>
<trkpt lat="47.574669" lon="-121.140307"><ele>1259.2</ele><time>2024-08-27T00:55:11Z</time></trkpt>
<trkpt lat="47.574706" lon="-121.140034"><ele>1257.0</ele><time>2024-08-27T00:55:20Z</time></trkpt>
<trkpt lat="47.575095" lon="-121.140309"><ele>1249.4</ele><time>2024-08-27T00:56:26Z</time></trkpt>
<trkpt lat="47.575209" lon="-121.140515"><ele>1246.2</ele><time>2024-08-27T00:56:50Z</time></trkpt>
<trkpt lat="47.575359" lon="-121.140626"><ele>1244.0</ele><time>2024-08-27T00:57:04Z</time></trkpt>
<trkpt lat="47.575593" lon="-121.140613"><ele>1241.6</ele><time>2024-08-27T00:57:31Z</time></trkpt>
<trkpt lat="47.575552" lon="-121.140737"><ele>1240.4</ele><time>2024-08-27T00:58:07Z</time></trkpt>
<trkpt lat="47.575537" lon="-121.140680"><ele>1240.2</ele><time>2024-08-27T00:58:11Z</time></trkpt>
<trkpt lat="47.575669" lon="-121.140747"><ele>1240.0</ele><time>2024-08-27T00:58:27Z</time></trkpt>
<trkpt lat="47.575980" lon="-121.141251"><ele>1230.8</ele><time>2024-08-27T00:59:33Z</time></trkpt>
<trkpt lat="47.576169" lon="-121.141708"><ele>1224.2</ele><time>2024-08-27T01:00:18Z</time></trkpt>
<trkpt lat="47.576301" lon="-121.141734"><ele>1222.8</ele><time>2024-08-27T01:00:29Z</time></trkpt>
<trkpt lat="47.577101" lon="-121.143410"><ele>1193.2</ele><time>2024-08-27T01:09:05Z</time></trkpt>
<trkpt lat="47.577199" lon="-121.143620"><ele>1196.0</ele><time>2024-08-27T01:10:27Z</time></trkpt>
<trkpt lat="47.577366" lon="-121.143423"><ele>1186.2</ele><time>2024-08-27T01:14:08Z</time></trkpt>
<trkpt lat="47.577290" lon="-121.143454"><ele>1185.8</ele><time>2024-08-27T01:14:26Z</time></trkpt>
<trkpt lat="47.577360" lon="-121.143300"><ele>1184.6</ele><time>2024-08-27T01:16:01Z</time></trkpt>
<trkpt lat="47.577279" lon="-121.143189"><ele>1183.4</ele><time>2024-08-27T01:18:11Z</time></trkpt>
<trkpt lat="47.577266" lon="-121.143315"><ele>1183.4</ele><time>2024-08-27T01:18:21Z</time></trkpt>
<trkpt lat="47.580426" lon="-121.145215"><ele>1234.0</ele><time>2024-08-27T01:39:29Z</time></trkpt>
<trkpt lat="47.581375" lon="-121.146110"><ele>1236.4</ele><time>2024-08-27T01:40:44Z</time></trkpt>
<trkpt lat="47.581372" lon="-121.146029"><ele>1236.4</ele><time>2024-08-27T01:40:46Z</time></trkpt>
<trkpt lat="47.581478" lon="-121.145938"><ele>1237.4</ele><time>2024-08-27T01:40:57Z</time></trkpt>
<trkpt lat="47.582018" lon="-121.145809"><ele>1237.8</ele><time>2024-08-27T01:41:58Z</time></trkpt>
<trkpt lat="47.582136" lon="-121.145575"><ele>1238.8</ele><time>2024-08-27T01:42:18Z</time></trkpt>
<trkpt lat="47.582365" lon="-121.145435"><ele>1240.4</ele><time>2024-08-27T01:42:42Z</time></trkpt>
<trkpt lat="47.582774" lon="-121.145518"><ele>1242.6</ele><time>2024-08-27T01:43:19Z</time></trkpt>
<trkpt lat="47.582592" lon="-121.145271"><ele>1243.0</ele><time>2024-08-27T01:43:22Z</time></trkpt>
<trkpt lat="47.582619" lon="-121.145171"><ele>1244.2</ele><time>2024-08-27T01:43:25Z</time></trkpt>
<trkpt lat="47.582760" lon="-121.145096"><ele>1245.2</ele><time>2024-08-27T01:43:33Z</time></trkpt>
<trkpt lat="47.582980" lon="-121.144768"><ele>1246.2</ele><time>2024-08-27T01:43:43Z</time></trkpt>
<trkpt lat="47.583003" lon="-121.144864"><ele>1247.0</ele><time>2024-08-27T01:44:06Z</time></trkpt>
<trkpt lat="47.583242" lon="-121.144709"><ele>1250.6</ele><time>2024-08-27T01:44:40Z</time></trkpt>
<trkpt lat="47.583408" lon="-121.144331"><ele>1253.4</ele><time>2024-08-27T01:45:12Z</time></trkpt>
<trkpt lat="47.583873" lon="-121.144518"><ele>1257.0</ele><time>2024-08-27T01:45:43Z</time></trkpt>
<trkpt lat="47.584154" lon="-121.144331"><ele>1260.2</ele><time>2024-08-27T01:46:16Z</time></trkpt>
<trkpt lat="47.584312" lon="-121.144332"><ele>1262.4</ele><time>2024-08-27T01:46:27Z</time></trkpt>
<trkpt lat="47.585459" lon="-121.145101"><ele>1283.0</ele><time>2024-08-27T01:49:33Z</time></trkpt>
<trkpt lat="47.586195" lon="-121.145562"><ele>1288.0</ele><time>2024-08-27T01:50:20Z</time></trkpt>
<trkpt lat="47.586248" lon="-121.145504"><ele>1288.4</ele><time>2024-08-27T01:50:21Z</time></trkpt>
<trkpt lat="47.587005" lon="-121.146874"><ele>1300.4</ele><time>2024-08-27T01:52:59Z</time></trkpt>
<trkpt lat="47.587858" lon="-121.147316"><ele>1302.4</ele><time>2024-08-27T01:54:20Z</time></trkpt>
<trkpt lat="47.588367" lon="-121.148253"><ele>1309.0</ele><time>2024-08-27T01:55:44Z</time></trkpt>
<trkpt lat="47.588586" lon="-121.148541"><ele>1309.6</ele><time>2024-08-27T01:56:23Z</time></trkpt>
<trkpt lat="47.588562" lon="-121.148477"><ele>1309.6</ele><time>2024-08-27T01:56:29Z</time></trkpt>
<trkpt lat="47.588415" lon="-121.148503"><ele>1313.4</ele><time>2024-08-27T02:08:15Z</time></trkpt>
<trkpt lat="47.588691" lon="-121.148501"><ele>1313.0</ele><time>2024-08-27T02:09:32Z</time></trkpt>
<trkpt lat="47.588539" lon="-121.148522"><ele>1313.6</ele><time>2024-08-27T02:11:21Z</time></trkpt>
<trkpt lat="47.588862" lon="-121.148305"><ele>1314.6</ele><time>2024-08-27T02:13:17Z</time></trkpt>
<trkpt lat="47.588905" lon="-121.148383"><ele>1314.8</ele><time>2024-08-27T02:13:28Z</time></trkpt>
<trkpt lat="47.588668" lon="-121.148526"><ele>1314.0</ele><time>2024-08-27T02:15:15Z</time></trkpt>
<trkpt lat="47.588608" lon="-121.148442"><ele>1314.2</ele><time>2024-08-27T02:16:15Z</time></trkpt>
<trkpt lat="47.588551" lon="-121.148520"><ele>1315.6</ele><time>2024-08-27T02:17:14Z</time></trkpt>
<trkpt lat="47.589694" lon="-121.148386"><ele>1318.6</ele><time>2024-08-27T02:21:13Z</time></trkpt>
<trkpt lat="47.589613" lon="-121.148329"><ele>1318.6</ele><time>2024-08-27T02:21:21Z</time></trkpt>
<trkpt lat="47.589630" lon="-121.148201"><ele>1318.8</ele><time>2024-08-27T02:21:30Z</time></trkpt>
<trkpt lat="47.590136" lon="-121.146803"><ele>1338.0</ele><time>2024-08-27T02:23:48Z</time></trkpt>
<trkpt lat="47.590003" lon="-121.145647"><ele>1348.6</ele><time>2024-08-27T02:25:21Z</time></trkpt>
<trkpt lat="47.590170" lon="-121.145471"><ele>1349.4</ele><time>2024-08-27T02:25:28Z</time></trkpt>
<trkpt lat="47.590097" lon="-121.144867"><ele>1355.4</ele><time>2024-08-27T02:26:30Z</time></trkpt>
<trkpt lat="47.590092" lon="-121.144041"><ele>1364.0</ele><time>2024-08-27T02:27:25Z</time></trkpt>
<trkpt lat="47.590213" lon="-121.144073"><ele>1364.0</ele><time>2024-08-27T02:27:31Z</time></trkpt>
<trkpt lat="47.590015" lon="-121.143690"><ele>1369.4</ele><time>2024-08-27T02:28:08Z</time></trkpt>
<trkpt lat="47.590095" lon="-121.143425"><ele>1370.0</ele><time>2024-08-27T02:28:11Z</time></trkpt>
<trkpt lat="47.589878" lon="-121.143511"><ele>1371.0</ele><time>2024-08-27T02:28:17Z</time></trkpt>
<trkpt lat="47.589918" lon="-121.143414"><ele>1371.6</ele><time>2024-08-27T02:28:21Z</time></trkpt>
<trkpt lat="47.589843" lon="-121.143316"><ele>1372.6</ele><time>2024-08-27T02:28:29Z</time></trkpt>
<trkpt lat="47.589693" lon="-121.142472"><ele>1380.4</ele><time>2024-08-27T02:29:44Z</time></trkpt>
<trkpt lat="47.589580" lon="-121.141508"><ele>1383.6</ele><time>2024-08-27T02:30:15Z</time></trkpt>
<trkpt lat="47.589632" lon="-121.142207"><ele>1384.2</ele><time>2024-08-27T02:30:20Z</time></trkpt>
<trkpt lat="47.589690" lon="-121.141720"><ele>1385.2</ele><time>2024-08-27T02:30:34Z</time></trkpt>
<trkpt lat="47.589813" lon="-121.141402"><ele>1389.0</ele><time>2024-08-27T02:31:28Z</time></trkpt>
<trkpt lat="47.589978" lon="-121.141297"><ele>1392.2</ele><time>2024-08-27T02:32:04Z</time></trkpt>
<trkpt lat="47.590084" lon="-121.140967"><ele>1393.4</ele><time>2024-08-27T02:32:14Z</time></trkpt>
<trkpt lat="47.590068" lon="-121.141222"><ele>1393.6</ele><time>2024-08-27T02:32:15Z</time></trkpt>
<trkpt lat="47.590151" lon="-121.140984"><ele>1393.4</ele><time>2024-08-27T02:32:27Z</time></trkpt>
<trkpt lat="47.590242" lon="-121.140987"><ele>1393.6</ele><time>2024-08-27T02:32:33Z</time></trkpt>
<trkpt lat="47.590600" lon="-121.141416"><ele>1394.8</ele><time>2024-08-27T02:33:11Z</time></trkpt>
<trkpt lat="47.590966" lon="-121.141200"><ele>1393.0</ele><time>2024-08-27T02:33:33Z</time></trkpt>
<trkpt lat="47.591442" lon="-121.141047"><ele>1391.8</ele><time>2024-08-27T02:34:04Z</time></trkpt>
<trkpt lat="47.592198" lon="-121.141123"><ele>1388.8</ele><time>2024-08-27T02:35:18Z</time></trkpt>
<trkpt lat="47.592274" lon="-121.140884"><ele>1389.2</ele><time>2024-08-27T02:35:29Z</time></trkpt>
<trkpt lat="47.593040" lon="-121.140936"><ele>1387.0</ele><time>2024-08-27T02:36:24Z</time></trkpt>
<trkpt lat="47.593488" lon="-121.140605"><ele>1388.4</ele><time>2024-08-27T02:37:17Z</time></trkpt>
<trkpt lat="47.593569" lon="-121.140718"><ele>1388.2</ele><time>2024-08-27T02:37:27Z</time></trkpt>
<trkpt lat="47.594100" lon="-121.140857"><ele>1388.0</ele><time>2024-08-27T02:38:18Z</time></trkpt>
<trkpt lat="47.594376" lon="-121.141139"><ele>1385.8</ele><time>2024-08-27T02:38:46Z</time></trkpt>
<trkpt lat="47.594852" lon="-121.141342"><ele>1383.4</ele><time>2024-08-27T02:39:16Z</time></trkpt>
<trkpt lat="47.594888" lon="-121.140980"><ele>1384.0</ele><time>2024-08-27T02:39:23Z</time></trkpt>
<trkpt lat="47.594924" lon="-121.141016"><ele>1384.2</ele><time>2024-08-27T02:39:26Z</time></trkpt>
<trkpt lat="47.595363" lon="-121.140598"><ele>1384.8</ele><time>2024-08-27T02:40:00Z</time></trkpt>
<trkpt lat="47.595407" lon="-121.140445"><ele>1384.8</ele><time>2024-08-27T02:40:12Z</time></trkpt>
<trkpt lat="47.595706" lon="-121.140655"><ele>1384.0</ele><time>2024-08-27T02:40:56Z</time></trkpt>
<trkpt lat="47.595892" lon="-121.140441"><ele>1384.0</ele><time>2024-08-27T02:41:14Z</time></trkpt>
<trkpt lat="47.595911" lon="-121.140061"><ele>1384.0</ele><time>2024-08-27T02:41:31Z</time></trkpt>
<trkpt lat="47.595995" lon="-121.139941"><ele>1383.4</ele><time>2024-08-27T02:41:38Z</time></trkpt>
<trkpt lat="47.597136" lon="-121.139806"><ele>1384.6</ele><time>2024-08-27T02:43:19Z</time></trkpt>
<trkpt lat="47.597194" lon="-121.139379"><ele>1384.6</ele><time>2024-08-27T02:43:28Z</time></trkpt>
<trkpt lat="47.597087" lon="-121.138550"><ele>1384.4</ele><time>2024-08-27T02:44:20Z</time></trkpt>
<trkpt lat="47.596865" lon="-121.137616"><ele>1384.0</ele><time>2024-08-27T02:45:22Z</time></trkpt>
<trkpt lat="47.596991" lon="-121.137575"><ele>1383.0</ele><time>2024-08-27T02:45:28Z</time></trkpt>
<trkpt lat="47.596796" lon="-121.137243"><ele>1382.2</ele><time>2024-08-27T02:45:35Z</time></trkpt>
<trkpt lat="47.597538" lon="-121.137526"><ele>1391.4</ele><time>2024-08-27T02:47:33Z</time></trkpt>
<trkpt lat="47.597779" lon="-121.137774"><ele>1394.4</ele><time>2024-08-27T02:48:25Z</time></trkpt>
<trkpt lat="47.598094" lon="-121.137836"><ele>1393.4</ele><time>2024-08-27T02:48:51Z</time></trkpt>
<trkpt lat="47.598537" lon="-121.138240"><ele>1393.4</ele><time>2024-08-27T02:49:22Z</time></trkpt>
<trkpt lat="47.598512" lon="-121.138187"><ele>1393.4</ele><time>2024-08-27T02:49:24Z</time></trkpt>
<trkpt lat="47.599140" lon="-121.138148"><ele>1390.8</ele><time>2024-08-27T02:50:19Z</time></trkpt>
<trkpt lat="47.599488" lon="-121.137856"><ele>1387.6</ele><time>2024-08-27T02:50:59Z</time></trkpt>
<trkpt lat="47.599928" lon="-121.137774"><ele>1385.4</ele><time>2024-08-27T02:51:24Z</time></trkpt>
<trkpt lat="47.600177" lon="-121.137839"><ele>1383.4</ele><time>2024-08-27T02:51:45Z</time></trkpt>
<trkpt lat="47.600389" lon="-121.137574"><ele>1381.0</ele><time>2024-08-27T02:52:13Z</time></trkpt>
<trkpt lat="47.600975" lon="-121.137525"><ele>1378.6</ele><time>2024-08-27T02:53:11Z</time></trkpt>
<trkpt lat="47.601206" lon="-121.137593"><ele>1378.4</ele><time>2024-08-27T02:53:34Z</time></trkpt>
<trkpt lat="47.602064" lon="-121.138221"><ele>1376.8</ele><time>2024-08-27T02:55:03Z</time></trkpt>
<trkpt lat="47.602283" lon="-121.138183"><ele>1377.4</ele><time>2024-08-27T02:55:20Z</time></trkpt>
<trkpt lat="47.602243" lon="-121.138062"><ele>1377.6</ele><time>2024-08-27T02:55:25Z</time></trkpt>
<trkpt lat="47.602279" lon="-121.138145"><ele>1377.6</ele><time>2024-08-27T02:55:32Z</time></trkpt>
<trkpt lat="47.602571" lon="-121.138281"><ele>1377.4</ele><time>2024-08-27T02:55:45Z</time></trkpt>
<trkpt lat="47.602928" lon="-121.138109"><ele>1378.8</ele><time>2024-08-27T02:56:35Z</time></trkpt>
<trkpt lat="47.603294" lon="-121.138305"><ele>1378.8</ele><time>2024-08-27T02:57:07Z</time></trkpt>
<trkpt lat="47.603608" lon="-121.138294"><ele>1380.0</ele><time>2024-08-27T02:57:26Z</time></trkpt>
<trkpt lat="47.603626" lon="-121.138376"><ele>1379.8</ele><time>2024-08-27T02:57:31Z</time></trkpt>
<trkpt lat="47.604267" lon="-121.138642"><ele>1381.4</ele><time>2024-08-27T02:58:15Z</time></trkpt>
<trkpt lat="47.605456" lon="-121.138691"><ele>1381.4</ele><time>2024-08-27T03:00:14Z</time></trkpt>
<trkpt lat="47.606003" lon="-121.138945"><ele>1380.4</ele><time>2024-08-27T03:00:58Z</time></trkpt>
<trkpt lat="47.606591" lon="-121.138689"><ele>1382.6</ele><time>2024-08-27T03:01:52Z</time></trkpt>
<trkpt lat="47.606882" lon="-121.138678"><ele>1384.6</ele><time>2024-08-27T03:02:28Z</time></trkpt>
<trkpt lat="47.607439" lon="-121.138274"><ele>1386.4</ele><time>2024-08-27T03:03:18Z</time></trkpt>
<trkpt lat="47.607408" lon="-121.138078"><ele>1386.4</ele><time>2024-08-27T03:03:28Z</time></trkpt>
<trkpt lat="47.607606" lon="-121.137223"><ele>1383.8</ele><time>2024-08-27T03:04:19Z</time></trkpt>
<trkpt lat="47.607480" lon="-121.137175"><ele>1382.4</ele><time>2024-08-27T03:04:37Z</time></trkpt>
<trkpt lat="47.607424" lon="-121.136570"><ele>1380.6</ele><time>2024-08-27T03:05:16Z</time></trkpt>
<trkpt lat="47.607301" lon="-121.136526"><ele>1380.4</ele><time>2024-08-27T03:05:22Z</time></trkpt>
<trkpt lat="47.607251" lon="-121.136151"><ele>1378.2</ele><time>2024-08-27T03:05:55Z</time></trkpt>
<trkpt lat="47.607076" lon="-121.135664"><ele>1375.8</ele><time>2024-08-27T03:06:31Z</time></trkpt>
<trkpt lat="47.607113" lon="-121.134782"><ele>1372.6</ele><time>2024-08-27T03:07:16Z</time></trkpt>
<trkpt lat="47.607032" lon="-121.134775"><ele>1372.4</ele><time>2024-08-27T03:07:19Z</time></trkpt>
<trkpt lat="47.607289" lon="-121.133985"><ele>1366.0</ele><time>2024-08-27T03:08:18Z</time></trkpt>
<trkpt lat="47.607553" lon="-121.133512"><ele>1372.6</ele><time>2024-08-27T03:09:22Z</time></trkpt>
<trkpt lat="47.607577" lon="-121.133354"><ele>1373.2</ele><time>2024-08-27T03:09:25Z</time></trkpt>
<trkpt lat="47.607634" lon="-121.133374"><ele>1373.2</ele><time>2024-08-27T03:09:29Z</time></trkpt>
<trkpt lat="47.607599" lon="-121.133456"><ele>1373.0</ele><time>2024-08-27T03:09:34Z</time></trkpt>
<trkpt lat="47.607854" lon="-121.133566"><ele>1374.8</ele><time>2024-08-27T03:10:07Z</time></trkpt>
<trkpt lat="47.608578" lon="-121.133699"><ele>1380.6</ele><time>2024-08-27T03:11:20Z</time></trkpt>
<trkpt lat="47.608710" lon="-121.133487"><ele>1380.8</ele><time>2024-08-27T03:11:23Z</time></trkpt>
<trkpt lat="47.608686" lon="-121.133602"><ele>1381.4</ele><time>2024-08-27T03:11:28Z</time></trkpt>
<trkpt lat="47.608796" lon="-121.133785"><ele>1381.4</ele><time>2024-08-27T03:11:40Z</time></trkpt>
<trkpt lat="47.609126" lon="-121.134046"><ele>1385.0</ele><time>2024-08-27T03:12:14Z</time></trkpt>
<trkpt lat="47.609469" lon="-121.134502"><ele>1387.2</ele><time>2024-08-27T03:13:12Z</time></trkpt>
<trkpt lat="47.609666" lon="-121.134649"><ele>1386.6</ele><time>2024-08-27T03:13:29Z</time></trkpt>
<trkpt lat="47.610176" lon="-121.135415"><ele>1391.4</ele><time>2024-08-27T03:14:27Z</time></trkpt>
<trkpt lat="47.610574" lon="-121.135692"><ele>1390.2</ele><time>2024-08-27T03:15:11Z</time></trkpt>
<trkpt lat="47.610650" lon="-121.135914"><ele>1390.6</ele><time>2024-08-27T03:15:19Z</time></trkpt>
<trkpt lat="47.610904" lon="-121.135748"><ele>1391.0</ele><time>2024-08-27T03:15:41Z</time></trkpt>
<trkpt lat="47.611130" lon="-121.135991"><ele>1391.8</ele><time>2024-08-27T03:16:05Z</time></trkpt>
<trkpt lat="47.611287" lon="-121.136462"><ele>1391.2</ele><time>2024-08-27T03:16:33Z</time></trkpt>
<trkpt lat="47.611440" lon="-121.136624"><ele>1391.8</ele><time>2024-08-27T03:16:47Z</time></trkpt>
<trkpt lat="47.611679" lon="-121.136606"><ele>1392.0</ele><time>2024-08-27T03:17:17Z</time></trkpt>
<trkpt lat="47.611676" lon="-121.136803"><ele>1391.0</ele><time>2024-08-27T03:17:26Z</time></trkpt>
<trkpt lat="47.611749" lon="-121.136720"><ele>1391.0</ele><time>2024-08-27T03:17:32Z</time></trkpt>
<trkpt lat="47.611940" lon="-121.137161"><ele>1389.0</ele><time>2024-08-27T03:19:20Z</time></trkpt>
<trkpt lat="47.612190" lon="-121.137053"><ele>1391.2</ele><time>2024-08-27T03:19:39Z</time></trkpt>
<trkpt lat="47.612211" lon="-121.137526"><ele>1383.8</ele><time>2024-08-27T03:21:20Z</time></trkpt>
<trkpt lat="47.612259" lon="-121.137404"><ele>1383.8</ele><time>2024-08-27T03:21:21Z</time></trkpt>
<trkpt lat="47.612387" lon="-121.137346"><ele>1383.4</ele><time>2024-08-27T03:21:32Z</time></trkpt>
<trkpt lat="47.612334" lon="-121.137351"><ele>1382.8</ele><time>2024-08-27T03:21:34Z</time></trkpt>
<trkpt lat="47.612348" lon="-121.137289"><ele>1381.8</ele><time>2024-08-27T03:22:14Z</time></trkpt>
<trkpt lat="47.612227" lon="-121.137532"><ele>1381.0</ele><time>2024-08-27T03:22:46Z</time></trkpt>
<trkpt lat="47.612329" lon="-121.137352"><ele>1380.0</ele><time>2024-08-27T03:25:19Z</time></trkpt>
</trkseg></trk>
</gpx>
