<?xml version="1.0" encoding="UTF-8"?>
<gpx version="1.1" creator="Eric Sichak trip reports" xmlns="http://www.topografix.com/GPX/1/1">
<metadata><name>Morning Hike</name><time>2024-08-29T13:45:08Z</time></metadata>
<trk><name>Morning Hike</name><type>hike</type><trkseg>
<trkpt lat="47.879181" lon="-121.167213"><ele>1474.4</ele><time>2024-08-29T13:45:08Z</time></trkpt>
<trkpt lat="47.879243" lon="-121.166912"><ele>1486.2</ele><time>2024-08-29T13:46:47Z</time></trkpt>
<trkpt lat="47.879213" lon="-121.166611"><ele>1487.4</ele><time>2024-08-29T13:47:00Z</time></trkpt>
<trkpt lat="47.879529" lon="-121.166530"><ele>1489.6</ele><time>2024-08-29T13:47:33Z</time></trkpt>
<trkpt lat="47.879535" lon="-121.166959"><ele>1494.8</ele><time>2024-08-29T13:48:07Z</time></trkpt>
<trkpt lat="47.879565" lon="-121.166976"><ele>1499.2</ele><time>2024-08-29T13:48:41Z</time></trkpt>
<trkpt lat="47.879478" lon="-121.167283"><ele>1501.4</ele><time>2024-08-29T13:49:02Z</time></trkpt>
<trkpt lat="47.880461" lon="-121.168381"><ele>1511.8</ele><time>2024-08-29T13:50:49Z</time></trkpt>
<trkpt lat="47.880482" lon="-121.168530"><ele>1511.8</ele><time>2024-08-29T13:50:57Z</time></trkpt>
<trkpt lat="47.880625" lon="-121.168606"><ele>1512.0</ele><time>2024-08-29T13:51:05Z</time></trkpt>
<trkpt lat="47.880970" lon="-121.168290"><ele>1518.8</ele><time>2024-08-29T13:52:05Z</time></trkpt>
<trkpt lat="47.881264" lon="-121.168198"><ele>1522.0</ele><time>2024-08-29T13:52:33Z</time></trkpt>
<trkpt lat="47.881284" lon="-121.168045"><ele>1523.2</ele><time>2024-08-29T13:52:44Z</time></trkpt>
<trkpt lat="47.881462" lon="-121.168364"><ele>1523.4</ele><time>2024-08-29T13:52:45Z</time></trkpt>
<trkpt lat="47.881900" lon="-121.168633"><ele>1523.8</ele><time>2024-08-29T13:53:13Z</time></trkpt>
<trkpt lat="47.882092" lon="-121.168861"><ele>1526.4</ele><time>2024-08-29T13:53:41Z</time></trkpt>
<trkpt lat="47.882634" lon="-121.168757"><ele>1530.0</ele><time>2024-08-29T13:54:46Z</time></trkpt>
<trkpt lat="47.882660" lon="-121.168618"><ele>1530.2</ele><time>2024-08-29T13:54:52Z</time></trkpt>
<trkpt lat="47.882719" lon="-121.168605"><ele>1530.4</ele><time>2024-08-29T13:54:57Z</time></trkpt>
<trkpt lat="47.882799" lon="-121.168805"><ele>1531.4</ele><time>2024-08-29T13:55:11Z</time></trkpt>
<trkpt lat="47.882879" lon="-121.168818"><ele>1531.4</ele><time>2024-08-29T13:55:17Z</time></trkpt>
<trkpt lat="47.883112" lon="-121.169110"><ele>1527.8</ele><time>2024-08-29T13:56:01Z</time></trkpt>
<trkpt lat="47.883485" lon="-121.169856"><ele>1523.6</ele><time>2024-08-29T13:56:48Z</time></trkpt>
<trkpt lat="47.883508" lon="-121.169954"><ele>1523.2</ele><time>2024-08-29T13:56:49Z</time></trkpt>
<trkpt lat="47.883385" lon="-121.170067"><ele>1520.8</ele><time>2024-08-29T13:56:59Z</time></trkpt>
<trkpt lat="47.883362" lon="-121.170258"><ele>1519.8</ele><time>2024-08-29T13:57:05Z</time></trkpt>
<trkpt lat="47.883403" lon="-121.170790"><ele>1510.0</ele><time>2024-08-29T13:57:45Z</time></trkpt>
<trkpt lat="47.884029" lon="-121.170981"><ele>1508.2</ele><time>2024-08-29T13:58:49Z</time></trkpt>
<trkpt lat="47.883984" lon="-121.170973"><ele>1508.4</ele><time>2024-08-29T13:58:51Z</time></trkpt>
<trkpt lat="47.884067" lon="-121.171100"><ele>1508.6</ele><time>2024-08-29T13:58:58Z</time></trkpt>
<trkpt lat="47.884923" lon="-121.171334"><ele>1508.0</ele><time>2024-08-29T14:00:15Z</time></trkpt>
<trkpt lat="47.885957" lon="-121.171262"><ele>1508.6</ele><time>2024-08-29T14:01:43Z</time></trkpt>
<trkpt lat="47.886579" lon="-121.170814"><ele>1502.6</ele><time>2024-08-29T14:02:45Z</time></trkpt>
<trkpt lat="47.886675" lon="-121.170881"><ele>1502.6</ele><time>2024-08-29T14:02:49Z</time></trkpt>
<trkpt lat="47.887329" lon="-121.170895"><ele>1496.8</ele><time>2024-08-29T14:03:40Z</time></trkpt>
<trkpt lat="47.887657" lon="-121.170445"><ele>1492.4</ele><time>2024-08-29T14:04:10Z</time></trkpt>
<trkpt lat="47.887950" lon="-121.170247"><ele>1489.0</ele><time>2024-08-29T14:04:46Z</time></trkpt>
<trkpt lat="47.888465" lon="-121.170358"><ele>1484.6</ele><time>2024-08-29T14:05:40Z</time></trkpt>
<trkpt lat="47.888979" lon="-121.170338"><ele>1481.8</ele><time>2024-08-29T14:06:22Z</time></trkpt>
<trkpt lat="47.889395" lon="-121.170565"><ele>1482.2</ele><time>2024-08-29T14:06:43Z</time></trkpt>
<trkpt lat="47.889345" lon="-121.170623"><ele>1482.4</ele><time>2024-08-29T14:06:44Z</time></trkpt>
<trkpt lat="47.889500" lon="-121.171235"><ele>1481.6</ele><time>2024-08-29T14:07:18Z</time></trkpt>
<trkpt lat="47.889465" lon="-121.171722"><ele>1486.4</ele><time>2024-08-29T14:07:56Z</time></trkpt>
<trkpt lat="47.889562" lon="-121.172182"><ele>1495.4</ele><time>2024-08-29T14:08:44Z</time></trkpt>
<trkpt lat="47.889622" lon="-121.172200"><ele>1496.4</ele><time>2024-08-29T14:08:51Z</time></trkpt>
<trkpt lat="47.889569" lon="-121.172293"><ele>1497.6</ele><time>2024-08-29T14:08:58Z</time></trkpt>
<trkpt lat="47.889963" lon="-121.173045"><ele>1503.8</ele><time>2024-08-29T14:10:10Z</time></trkpt>
<trkpt lat="47.890110" lon="-121.173192"><ele>1503.2</ele><time>2024-08-29T14:10:32Z</time></trkpt>
<trkpt lat="47.890686" lon="-121.175046"><ele>1524.4</ele><time>2024-08-29T14:13:03Z</time></trkpt>
<trkpt lat="47.891645" lon="-121.175657"><ele>1530.8</ele><time>2024-08-29T14:14:45Z</time></trkpt>
<trkpt lat="47.891801" lon="-121.175663"><ele>1531.4</ele><time>2024-08-29T14:14:52Z</time></trkpt>
<trkpt lat="47.891866" lon="-121.175542"><ele>1531.6</ele><time>2024-08-29T14:15:01Z</time></trkpt>
<trkpt lat="47.892258" lon="-121.175582"><ele>1528.2</ele><time>2024-08-29T14:15:28Z</time></trkpt>
<trkpt lat="47.892538" lon="-121.175498"><ele>1526.8</ele><time>2024-08-29T14:15:48Z</time></trkpt>
<trkpt lat="47.892793" lon="-121.175603"><ele>1530.0</ele><time>2024-08-29T14:16:10Z</time></trkpt>
<trkpt lat="47.893187" lon="-121.175524"><ele>1538.4</ele><time>2024-08-29T14:17:01Z</time></trkpt>
<trkpt lat="47.893416" lon="-121.175685"><ele>1543.0</ele><time>2024-08-29T14:17:44Z</time></trkpt>
<trkpt lat="47.893442" lon="-121.175824"><ele>1547.4</ele><time>2024-08-29T14:18:16Z</time></trkpt>
<trkpt lat="47.893520" lon="-121.175885"><ele>1550.8</ele><time>2024-08-29T14:18:34Z</time></trkpt>
<trkpt lat="47.893846" lon="-121.175832"><ele>1554.4</ele><time>2024-08-29T14:18:52Z</time></trkpt>
<trkpt lat="47.893757" lon="-121.175955"><ele>1558.8</ele><time>2024-08-29T14:19:15Z</time></trkpt>
<trkpt lat="47.893793" lon="-121.176051"><ele>1562.0</ele><time>2024-08-29T14:19:33Z</time></trkpt>
<trkpt lat="47.893709" lon="-121.176229"><ele>1566.6</ele><time>2024-08-29T14:20:03Z</time></trkpt>
<trkpt lat="47.893710" lon="-121.176382"><ele>1575.0</ele><time>2024-08-29T14:20:43Z</time></trkpt>
<trkpt lat="47.893627" lon="-121.176311"><ele>1575.0</ele><time>2024-08-29T14:20:46Z</time></trkpt>
<trkpt lat="47.893881" lon="-121.176554"><ele>1575.0</ele><time>2024-08-29T14:20:49Z</time></trkpt>
<trkpt lat="47.893732" lon="-121.176215"><ele>1575.0</ele><time>2024-08-29T14:20:51Z</time></trkpt>
<trkpt lat="47.893929" lon="-121.176170"><ele>1575.2</ele><time>2024-08-29T14:20:59Z</time></trkpt>
<trkpt lat="47.893942" lon="-121.176311"><ele>1575.4</ele><time>2024-08-29T14:21:05Z</time></trkpt>
<trkpt lat="47.894043" lon="-121.176318"><ele>1579.0</ele><time>2024-08-29T14:21:27Z</time></trkpt>
<trkpt lat="47.893995" lon="-121.176483"><ele>1582.8</ele><time>2024-08-29T14:21:47Z</time></trkpt>
<trkpt lat="47.893751" lon="-121.176496"><ele>1588.4</ele><time>2024-08-29T14:22:10Z</time></trkpt>
<trkpt lat="47.894040" lon="-121.176718"><ele>1596.6</ele><time>2024-08-29T14:22:53Z</time></trkpt>
<trkpt lat="47.893855" lon="-121.176722"><ele>1601.6</ele><time>2024-08-29T14:23:19Z</time></trkpt>
<trkpt lat="47.893779" lon="-121.177046"><ele>1602.8</ele><time>2024-08-29T14:23:45Z</time></trkpt>
<trkpt lat="47.893869" lon="-121.177269"><ele>1603.0</ele><time>2024-08-29T14:23:57Z</time></trkpt>
<trkpt lat="47.894325" lon="-121.177492"><ele>1609.2</ele><time>2024-08-29T14:24:52Z</time></trkpt>
<trkpt lat="47.894570" lon="-121.177944"><ele>1615.0</ele><time>2024-08-29T14:25:46Z</time></trkpt>
<trkpt lat="47.894591" lon="-121.177884"><ele>1615.6</ele><time>2024-08-29T14:25:48Z</time></trkpt>
<trkpt lat="47.894729" lon="-121.178016"><ele>1618.8</ele><time>2024-08-29T14:26:02Z</time></trkpt>
<trkpt lat="47.894969" lon="-121.178571"><ele>1627.6</ele><time>2024-08-29T14:26:53Z</time></trkpt>
<trkpt lat="47.895194" lon="-121.179302"><ele>1632.8</ele><time>2024-08-29T14:27:44Z</time></trkpt>
<trkpt lat="47.895308" lon="-121.179114"><ele>1632.8</ele><time>2024-08-29T14:27:46Z</time></trkpt>
<trkpt lat="47.895356" lon="-121.179130"><ele>1631.6</ele><time>2024-08-29T14:27:53Z</time></trkpt>
<trkpt lat="47.895581" lon="-121.179415"><ele>1636.0</ele><time>2024-08-29T14:28:23Z</time></trkpt>
<trkpt lat="47.896446" lon="-121.180189"><ele>1645.2</ele><time>2024-08-29T14:30:37Z</time></trkpt>
<trkpt lat="47.896973" lon="-121.181064"><ele>1653.6</ele><time>2024-08-29T14:32:02Z</time></trkpt>
<trkpt lat="47.897106" lon="-121.181807"><ele>1654.6</ele><time>2024-08-29T14:33:23Z</time></trkpt>
<trkpt lat="47.897027" lon="-121.182210"><ele>1652.6</ele><time>2024-08-29T14:33:53Z</time></trkpt>
<trkpt lat="47.896862" lon="-121.182364"><ele>1650.8</ele><time>2024-08-29T14:34:14Z</time></trkpt>
<trkpt lat="47.896861" lon="-121.182548"><ele>1651.0</ele><time>2024-08-29T14:34:28Z</time></trkpt>
<trkpt lat="47.896951" lon="-121.182686"><ele>1648.6</ele><time>2024-08-29T14:34:46Z</time></trkpt>
<trkpt lat="47.897597" lon="-121.182867"><ele>1653.2</ele><time>2024-08-29T14:35:40Z</time></trkpt>
<trkpt lat="47.897837" lon="-121.183101"><ele>1653.2</ele><time>2024-08-29T14:35:59Z</time></trkpt>
<trkpt lat="47.898077" lon="-121.183624"><ele>1656.2</ele><time>2024-08-29T14:36:26Z</time></trkpt>
<trkpt lat="47.898234" lon="-121.184190"><ele>1655.6</ele><time>2024-08-29T14:37:24Z</time></trkpt>
<trkpt lat="47.898217" lon="-121.184649"><ele>1655.4</ele><time>2024-08-29T14:37:46Z</time></trkpt>
<trkpt lat="47.898294" lon="-121.185003"><ele>1654.2</ele><time>2024-08-29T14:37:54Z</time></trkpt>
<trkpt lat="47.898263" lon="-121.184975"><ele>1654.2</ele><time>2024-08-29T14:37:55Z</time></trkpt>
<trkpt lat="47.898248" lon="-121.185124"><ele>1653.2</ele><time>2024-08-29T14:38:03Z</time></trkpt>
<trkpt lat="47.898625" lon="-121.184687"><ele>1647.4</ele><time>2024-08-29T14:38:42Z</time></trkpt>
<trkpt lat="47.899209" lon="-121.183371"><ele>1640.0</ele><time>2024-08-29T14:40:01Z</time></trkpt>
<trkpt lat="47.899236" lon="-121.182710"><ele>1637.4</ele><time>2024-08-29T14:40:26Z</time></trkpt>
<trkpt lat="47.899172" lon="-121.182409"><ele>1639.2</ele><time>2024-08-29T14:41:02Z</time></trkpt>
<trkpt lat="47.898974" lon="-121.182353"><ele>1641.0</ele><time>2024-08-29T14:41:28Z</time></trkpt>
<trkpt lat="47.898857" lon="-121.182031"><ele>1638.8</ele><time>2024-08-29T14:41:46Z</time></trkpt>
<trkpt lat="47.898979" lon="-121.181940"><ele>1638.2</ele><time>2024-08-29T14:41:52Z</time></trkpt>
<trkpt lat="47.899064" lon="-121.181666"><ele>1636.4</ele><time>2024-08-29T14:42:06Z</time></trkpt>
<trkpt lat="47.899354" lon="-121.181429"><ele>1632.6</ele><time>2024-08-29T14:42:26Z</time></trkpt>
<trkpt lat="47.899566" lon="-121.181137"><ele>1625.2</ele><time>2024-08-29T14:43:18Z</time></trkpt>
<trkpt lat="47.899889" lon="-121.180476"><ele>1622.8</ele><time>2024-08-29T14:43:48Z</time></trkpt>
<trkpt lat="47.900747" lon="-121.179357"><ele>1614.2</ele><time>2024-08-29T14:45:20Z</time></trkpt>
<trkpt lat="47.900900" lon="-121.179228"><ele>1613.6</ele><time>2024-08-29T14:45:34Z</time></trkpt>
<trkpt lat="47.901139" lon="-121.179202"><ele>1612.2</ele><time>2024-08-29T14:45:47Z</time></trkpt>
<trkpt lat="47.901120" lon="-121.179056"><ele>1612.4</ele><time>2024-08-29T14:45:53Z</time></trkpt>
<trkpt lat="47.901230" lon="-121.178994"><ele>1611.0</ele><time>2024-08-29T14:46:00Z</time></trkpt>
<trkpt lat="47.901907" lon="-121.178725"><ele>1608.6</ele><time>2024-08-29T14:47:02Z</time></trkpt>
<trkpt lat="47.902252" lon="-121.178691"><ele>1601.8</ele><time>2024-08-29T14:47:30Z</time></trkpt>
<trkpt lat="47.902797" lon="-121.178568"><ele>1601.4</ele><time>2024-08-29T14:48:01Z</time></trkpt>
<trkpt lat="47.903316" lon="-121.178342"><ele>1595.2</ele><time>2024-08-29T14:48:30Z</time></trkpt>
<trkpt lat="47.904155" lon="-121.178286"><ele>1592.2</ele><time>2024-08-29T14:49:57Z</time></trkpt>
<trkpt lat="47.904424" lon="-121.178413"><ele>1590.2</ele><time>2024-08-29T14:50:14Z</time></trkpt>
<trkpt lat="47.904808" lon="-121.178434"><ele>1586.8</ele><time>2024-08-29T14:50:44Z</time></trkpt>
<trkpt lat="47.905135" lon="-121.178267"><ele>1585.6</ele><time>2024-08-29T14:51:18Z</time></trkpt>
<trkpt lat="47.905351" lon="-121.178354"><ele>1582.2</ele><time>2024-08-29T14:51:34Z</time></trkpt>
<trkpt lat="47.905648" lon="-121.178314"><ele>1580.2</ele><time>2024-08-29T14:51:54Z</time></trkpt>
<trkpt lat="47.905597" lon="-121.178398"><ele>1580.0</ele><time>2024-08-29T14:51:55Z</time></trkpt>
<trkpt lat="47.905695" lon="-121.178401"><ele>1579.2</ele><time>2024-08-29T14:52:05Z</time></trkpt>
<trkpt lat="47.906948" lon="-121.177853"><ele>1559.8</ele><time>2024-08-29T14:53:50Z</time></trkpt>
<trkpt lat="47.906850" lon="-121.178103"><ele>1558.2</ele><time>2024-08-29T14:53:55Z</time></trkpt>
<trkpt lat="47.906920" lon="-121.178259"><ele>1556.0</ele><time>2024-08-29T14:54:05Z</time></trkpt>
<trkpt lat="47.907020" lon="-121.178131"><ele>1555.6</ele><time>2024-08-29T14:54:07Z</time></trkpt>
<trkpt lat="47.907345" lon="-121.178076"><ele>1553.8</ele><time>2024-08-29T14:54:33Z</time></trkpt>
<trkpt lat="47.907722" lon="-121.178145"><ele>1549.2</ele><time>2024-08-29T14:55:06Z</time></trkpt>
<trkpt lat="47.908132" lon="-121.178774"><ele>1543.4</ele><time>2024-08-29T14:55:41Z</time></trkpt>
<trkpt lat="47.908873" lon="-121.179445"><ele>1537.8</ele><time>2024-08-29T14:56:55Z</time></trkpt>
<trkpt lat="47.908805" lon="-121.179609"><ele>1536.0</ele><time>2024-08-29T14:57:02Z</time></trkpt>
<trkpt lat="47.908873" lon="-121.179831"><ele>1533.8</ele><time>2024-08-29T14:57:17Z</time></trkpt>
<trkpt lat="47.909263" lon="-121.180474"><ele>1524.8</ele><time>2024-08-29T14:58:15Z</time></trkpt>
<trkpt lat="47.909727" lon="-121.180577"><ele>1522.2</ele><time>2024-08-29T14:58:52Z</time></trkpt>
<trkpt lat="47.910087" lon="-121.180058"><ele>1516.2</ele><time>2024-08-29T14:59:42Z</time></trkpt>
<trkpt lat="47.910130" lon="-121.180049"><ele>1511.4</ele><time>2024-08-29T15:00:10Z</time></trkpt>
<trkpt lat="47.909952" lon="-121.180633"><ele>1503.2</ele><time>2024-08-29T15:01:13Z</time></trkpt>
<trkpt lat="47.909849" lon="-121.180879"><ele>1502.2</ele><time>2024-08-29T15:01:35Z</time></trkpt>
<trkpt lat="47.909766" lon="-121.180929"><ele>1501.0</ele><time>2024-08-29T15:01:57Z</time></trkpt>
<trkpt lat="47.909750" lon="-121.181082"><ele>1496.4</ele><time>2024-08-29T15:02:17Z</time></trkpt>
<trkpt lat="47.910000" lon="-121.181425"><ele>1491.8</ele><time>2024-08-29T15:02:46Z</time></trkpt>
<trkpt lat="47.910005" lon="-121.181119"><ele>1492.0</ele><time>2024-08-29T15:02:52Z</time></trkpt>
<trkpt lat="47.910095" lon="-121.181035"><ele>1492.2</ele><time>2024-08-29T15:02:58Z</time></trkpt>
<trkpt lat="47.910148" lon="-121.181085"><ele>1491.6</ele><time>2024-08-29T15:03:02Z</time></trkpt>
<trkpt lat="47.910087" lon="-121.181009"><ele>1491.2</ele><time>2024-08-29T15:03:04Z</time></trkpt>
<trkpt lat="47.910096" lon="-121.181085"><ele>1491.0</ele><time>2024-08-29T15:03:05Z</time></trkpt>
<trkpt lat="47.909826" lon="-121.181529"><ele>1485.0</ele><time>2024-08-29T15:03:37Z</time></trkpt>
<trkpt lat="47.909665" lon="-121.181945"><ele>1482.0</ele><time>2024-08-29T15:03:57Z</time></trkpt>
<trkpt lat="47.909153" lon="-121.182370"><ele>1474.8</ele><time>2024-08-29T15:04:48Z</time></trkpt>
<trkpt lat="47.908935" lon="-121.182271"><ele>1472.8</ele><time>2024-08-29T15:05:04Z</time></trkpt>
<trkpt lat="47.908890" lon="-121.182430"><ele>1469.4</ele><time>2024-08-29T15:05:25Z</time></trkpt>
<trkpt lat="47.909886" lon="-121.182479"><ele>1458.6</ele><time>2024-08-29T15:06:51Z</time></trkpt>
<trkpt lat="47.909877" lon="-121.182380"><ele>1458.6</ele><time>2024-08-29T15:06:53Z</time></trkpt>
<trkpt lat="47.910029" lon="-121.182297"><ele>1456.6</ele><time>2024-08-29T15:07:07Z</time></trkpt>
<trkpt lat="47.910368" lon="-121.181601"><ele>1450.2</ele><time>2024-08-29T15:07:50Z</time></trkpt>
<trkpt lat="47.910733" lon="-121.180698"><ele>1453.6</ele><time>2024-08-29T15:08:50Z</time></trkpt>
<trkpt lat="47.910944" lon="-121.180658"><ele>1454.2</ele><time>2024-08-29T15:09:00Z</time></trkpt>
<trkpt lat="47.911509" lon="-121.179573"><ele>1461.0</ele><time>2024-08-29T15:10:23Z</time></trkpt>
<trkpt lat="47.911723" lon="-121.179305"><ele>1461.2</ele><time>2024-08-29T15:10:50Z</time></trkpt>
<trkpt lat="47.911745" lon="-121.179433"><ele>1461.2</ele><time>2024-08-29T15:10:51Z</time></trkpt>
<trkpt lat="47.911796" lon="-121.179239"><ele>1461.6</ele><time>2024-08-29T15:10:58Z</time></trkpt>
<trkpt lat="47.912132" lon="-121.178806"><ele>1463.2</ele><time>2024-08-29T15:11:34Z</time></trkpt>
<trkpt lat="47.912621" lon="-121.177652"><ele>1463.2</ele><time>2024-08-29T15:12:48Z</time></trkpt>
<trkpt lat="47.913292" lon="-121.176798"><ele>1464.2</ele><time>2024-08-29T15:13:46Z</time></trkpt>
<trkpt lat="47.913611" lon="-121.176536"><ele>1465.2</ele><time>2024-08-29T15:14:12Z</time></trkpt>
<trkpt lat="47.914198" lon="-121.176348"><ele>1463.2</ele><time>2024-08-29T15:15:06Z</time></trkpt>
<trkpt lat="47.915102" lon="-121.177080"><ele>1472.0</ele><time>2024-08-29T15:16:48Z</time></trkpt>
<trkpt lat="47.915118" lon="-121.177395"><ele>1470.8</ele><time>2024-08-29T15:17:01Z</time></trkpt>
<trkpt lat="47.915314" lon="-121.178333"><ele>1475.2</ele><time>2024-08-29T15:17:56Z</time></trkpt>
<trkpt lat="47.915771" lon="-121.179470"><ele>1480.4</ele><time>2024-08-29T15:19:30Z</time></trkpt>
<trkpt lat="47.915798" lon="-121.179656"><ele>1480.6</ele><time>2024-08-29T15:19:42Z</time></trkpt>
<trkpt lat="47.916264" lon="-121.180584"><ele>1490.0</ele><time>2024-08-29T15:20:48Z</time></trkpt>
<trkpt lat="47.916385" lon="-121.180637"><ele>1492.0</ele><time>2024-08-29T15:21:01Z</time></trkpt>
<trkpt lat="47.916527" lon="-121.180961"><ele>1494.0</ele><time>2024-08-29T15:21:24Z</time></trkpt>
<trkpt lat="47.917212" lon="-121.181636"><ele>1503.6</ele><time>2024-08-29T15:22:47Z</time></trkpt>
<trkpt lat="47.917173" lon="-121.181686"><ele>1503.8</ele><time>2024-08-29T15:22:48Z</time></trkpt>
<trkpt lat="47.917280" lon="-121.181811"><ele>1504.8</ele><time>2024-08-29T15:22:58Z</time></trkpt>
<trkpt lat="47.917772" lon="-121.182034"><ele>1510.6</ele><time>2024-08-29T15:23:40Z</time></trkpt>
<trkpt lat="47.918228" lon="-121.181914"><ele>1517.2</ele><time>2024-08-29T15:24:30Z</time></trkpt>
<trkpt lat="47.918545" lon="-121.181937"><ele>1519.0</ele><time>2024-08-29T15:25:01Z</time></trkpt>
<trkpt lat="47.918902" lon="-121.182168"><ele>1524.6</ele><time>2024-08-29T15:25:45Z</time></trkpt>
<trkpt lat="47.919546" lon="-121.182777"><ele>1533.6</ele><time>2024-08-29T15:27:49Z</time></trkpt>
<trkpt lat="47.919885" lon="-121.183202"><ele>1529.4</ele><time>2024-08-29T15:28:29Z</time></trkpt>
<trkpt lat="47.920194" lon="-121.183364"><ele>1527.4</ele><time>2024-08-29T15:28:49Z</time></trkpt>
<trkpt lat="47.920265" lon="-121.183308"><ele>1526.8</ele><time>2024-08-29T15:28:53Z</time></trkpt>
<trkpt lat="47.920509" lon="-121.183539"><ele>1524.2</ele><time>2024-08-29T15:29:15Z</time></trkpt>
<trkpt lat="47.920618" lon="-121.183795"><ele>1521.8</ele><time>2024-08-29T15:29:33Z</time></trkpt>
<trkpt lat="47.921212" lon="-121.184183"><ele>1513.2</ele><time>2024-08-29T15:30:27Z</time></trkpt>
<trkpt lat="47.921350" lon="-121.184557"><ele>1512.2</ele><time>2024-08-29T15:30:51Z</time></trkpt>
<trkpt lat="47.921623" lon="-121.184811"><ele>1508.8</ele><time>2024-08-29T15:31:19Z</time></trkpt>
<trkpt lat="47.922676" lon="-121.185024"><ele>1499.8</ele><time>2024-08-29T15:32:54Z</time></trkpt>
<trkpt lat="47.923660" lon="-121.184926"><ele>1501.2</ele><time>2024-08-29T15:34:15Z</time></trkpt>
<trkpt lat="47.924138" lon="-121.184956"><ele>1500.2</ele><time>2024-08-29T15:34:48Z</time></trkpt>
<trkpt lat="47.924295" lon="-121.184783"><ele>1501.0</ele><time>2024-08-29T15:35:06Z</time></trkpt>
<trkpt lat="47.924635" lon="-121.184729"><ele>1502.2</ele><time>2024-08-29T15:35:39Z</time></trkpt>
<trkpt lat="47.925298" lon="-121.184791"><ele>1500.8</ele><time>2024-08-29T15:36:29Z</time></trkpt>
<trkpt lat="47.925379" lon="-121.184865"><ele>1500.2</ele><time>2024-08-29T15:36:39Z</time></trkpt>
<trkpt lat="47.925534" lon="-121.184818"><ele>1499.0</ele><time>2024-08-29T15:36:48Z</time></trkpt>
<trkpt lat="47.925500" lon="-121.184744"><ele>1498.2</ele><time>2024-08-29T15:36:50Z</time></trkpt>
<trkpt lat="47.925529" lon="-121.184861"><ele>1497.8</ele><time>2024-08-29T15:37:00Z</time></trkpt>
<trkpt lat="47.926300" lon="-121.184445"><ele>1491.2</ele><time>2024-08-29T15:37:49Z</time></trkpt>
<trkpt lat="47.926491" lon="-121.184456"><ele>1488.8</ele><time>2024-08-29T15:38:15Z</time></trkpt>
<trkpt lat="47.926920" lon="-121.184284"><ele>1483.8</ele><time>2024-08-29T15:38:51Z</time></trkpt>
<trkpt lat="47.927040" lon="-121.184350"><ele>1481.4</ele><time>2024-08-29T15:39:04Z</time></trkpt>
<trkpt lat="47.927489" lon="-121.183604"><ele>1474.0</ele><time>2024-08-29T15:39:55Z</time></trkpt>
<trkpt lat="47.927657" lon="-121.183440"><ele>1472.8</ele><time>2024-08-29T15:40:09Z</time></trkpt>
<trkpt lat="47.927913" lon="-121.183410"><ele>1471.0</ele><time>2024-08-29T15:41:04Z</time></trkpt>
<trkpt lat="47.927984" lon="-121.183618"><ele>1475.0</ele><time>2024-08-29T15:42:55Z</time></trkpt>
<trkpt lat="47.927978" lon="-121.183457"><ele>1475.2</ele><time>2024-08-29T15:44:50Z</time></trkpt>
<trkpt lat="47.928062" lon="-121.183508"><ele>1475.2</ele><time>2024-08-29T15:45:06Z</time></trkpt>
<trkpt lat="47.928005" lon="-121.183186"><ele>1475.0</ele><time>2024-08-29T15:46:57Z</time></trkpt>
<trkpt lat="47.928073" lon="-121.183296"><ele>1474.0</ele><time>2024-08-29T15:47:01Z</time></trkpt>
<trkpt lat="47.928094" lon="-121.183206"><ele>1473.6</ele><time>2024-08-29T15:47:08Z</time></trkpt>
<trkpt lat="47.928056" lon="-121.183229"><ele>1472.8</ele><time>2024-08-29T15:47:13Z</time></trkpt>
<trkpt lat="47.928131" lon="-121.183428"><ele>1473.8</ele><time>2024-08-29T15:47:37Z</time></trkpt>
<trkpt lat="47.927884" lon="-121.183344"><ele>1474.0</ele><time>2024-08-29T15:49:06Z</time></trkpt>
<trkpt lat="47.928106" lon="-121.182935"><ele>1471.8</ele><time>2024-08-29T15:49:32Z</time></trkpt>
<trkpt lat="47.928462" lon="-121.182904"><ele>1467.4</ele><time>2024-08-29T15:50:06Z</time></trkpt>
<trkpt lat="47.928716" lon="-121.182723"><ele>1463.2</ele><time>2024-08-29T15:50:38Z</time></trkpt>
<trkpt lat="47.928555" lon="-121.182544"><ele>1459.6</ele><time>2024-08-29T15:50:53Z</time></trkpt>
<trkpt lat="47.928569" lon="-121.182636"><ele>1458.4</ele><time>2024-08-29T15:51:00Z</time></trkpt>
<trkpt lat="47.928440" lon="-121.182586"><ele>1457.4</ele><time>2024-08-29T15:51:06Z</time></trkpt>
<trkpt lat="47.927875" lon="-121.182732"><ele>1452.0</ele><time>2024-08-29T15:51:49Z</time></trkpt>
<trkpt lat="47.927011" lon="-121.182807"><ele>1443.2</ele><time>2024-08-29T15:52:53Z</time></trkpt>
<trkpt lat="47.927504" lon="-121.182545"><ele>1436.6</ele><time>2024-08-29T15:53:30Z</time></trkpt>
<trkpt lat="47.928183" lon="-121.181877"><ele>1424.4</ele><time>2024-08-29T15:54:51Z</time></trkpt>
<trkpt lat="47.928206" lon="-121.181714"><ele>1424.0</ele><time>2024-08-29T15:54:55Z</time></trkpt>
<trkpt lat="47.928328" lon="-121.181604"><ele>1422.2</ele><time>2024-08-29T15:55:03Z</time></trkpt>
<trkpt lat="47.929915" lon="-121.181293"><ele>1404.8</ele><time>2024-08-29T15:56:55Z</time></trkpt>
<trkpt lat="47.930129" lon="-121.181415"><ele>1404.6</ele><time>2024-08-29T15:56:59Z</time></trkpt>
<trkpt lat="47.929890" lon="-121.180486"><ele>1381.6</ele><time>2024-08-29T15:59:19Z</time></trkpt>
<trkpt lat="47.928783" lon="-121.180246"><ele>1368.2</ele><time>2024-08-29T16:00:45Z</time></trkpt>
<trkpt lat="47.928463" lon="-121.180276"><ele>1366.2</ele><time>2024-08-29T16:01:02Z</time></trkpt>
<trkpt lat="47.928403" lon="-121.180153"><ele>1365.8</ele><time>2024-08-29T16:01:07Z</time></trkpt>
<trkpt lat="47.929797" lon="-121.179741"><ele>1345.8</ele><time>2024-08-29T16:03:11Z</time></trkpt>
<trkpt lat="47.930138" lon="-121.180358"><ele>1336.6</ele><time>2024-08-29T16:04:01Z</time></trkpt>
<trkpt lat="47.930129" lon="-121.180067"><ele>1329.0</ele><time>2024-08-29T16:04:49Z</time></trkpt>
<trkpt lat="47.930264" lon="-121.179865"><ele>1326.2</ele><time>2024-08-29T16:05:06Z</time></trkpt>
<trkpt lat="47.928343" lon="-121.178676"><ele>1286.4</ele><time>2024-08-29T16:09:45Z</time></trkpt>
<trkpt lat="47.928501" lon="-121.178267"><ele>1283.0</ele><time>2024-08-29T16:10:11Z</time></trkpt>
<trkpt lat="47.928559" lon="-121.177530"><ele>1278.4</ele><time>2024-08-29T16:10:39Z</time></trkpt>
<trkpt lat="47.928492" lon="-121.176809"><ele>1274.8</ele><time>2024-08-29T16:10:55Z</time></trkpt>
<trkpt lat="47.928525" lon="-121.177189"><ele>1274.0</ele><time>2024-08-29T16:10:59Z</time></trkpt>
<trkpt lat="47.928716" lon="-121.177280"><ele>1272.4</ele><time>2024-08-29T16:11:07Z</time></trkpt>
<trkpt lat="47.928682" lon="-121.177237"><ele>1271.8</ele><time>2024-08-29T16:11:09Z</time></trkpt>
<trkpt lat="47.928875" lon="-121.176954"><ele>1270.8</ele><time>2024-08-29T16:11:23Z</time></trkpt>
<trkpt lat="47.929162" lon="-121.177056"><ele>1269.0</ele><time>2024-08-29T16:11:55Z</time></trkpt>
<trkpt lat="47.929545" lon="-121.176951"><ele>1272.0</ele><time>2024-08-29T16:12:33Z</time></trkpt>
<trkpt lat="47.929647" lon="-121.176604"><ele>1275.2</ele><time>2024-08-29T16:13:07Z</time></trkpt>
<trkpt lat="47.930133" lon="-121.176042"><ele>1282.0</ele><time>2024-08-29T16:14:22Z</time></trkpt>
<trkpt lat="47.930490" lon="-121.175475"><ele>1285.6</ele><time>2024-08-29T16:14:52Z</time></trkpt>
<trkpt lat="47.930384" lon="-121.175429"><ele>1286.2</ele><time>2024-08-29T16:14:56Z</time></trkpt>
<trkpt lat="47.930402" lon="-121.175305"><ele>1286.8</ele><time>2024-08-29T16:15:03Z</time></trkpt>
<trkpt lat="47.931218" lon="-121.173962"><ele>1299.2</ele><time>2024-08-29T16:17:03Z</time></trkpt>
<trkpt lat="47.931530" lon="-121.173773"><ele>1301.0</ele><time>2024-08-29T16:17:19Z</time></trkpt>
<trkpt lat="47.931872" lon="-121.173343"><ele>1303.4</ele><time>2024-08-29T16:17:41Z</time></trkpt>
<trkpt lat="47.932291" lon="-121.172957"><ele>1312.6</ele><time>2024-08-29T16:18:56Z</time></trkpt>
<trkpt lat="47.932428" lon="-121.172732"><ele>1312.6</ele><time>2024-08-29T16:19:08Z</time></trkpt>
<trkpt lat="47.933073" lon="-121.172733"><ele>1320.6</ele><time>2024-08-29T16:20:18Z</time></trkpt>
<trkpt lat="47.933527" lon="-121.172522"><ele>1324.8</ele><time>2024-08-29T16:21:01Z</time></trkpt>
<trkpt lat="47.933863" lon="-121.171753"><ele>1336.4</ele><time>2024-08-29T16:22:20Z</time></trkpt>
<trkpt lat="47.934149" lon="-121.170878"><ele>1339.8</ele><time>2024-08-29T16:23:05Z</time></trkpt>
<trkpt lat="47.934380" lon="-121.169715"><ele>1349.2</ele><time>2024-08-29T16:24:54Z</time></trkpt>
<trkpt lat="47.934932" lon="-121.171277"><ele>1359.8</ele><time>2024-08-29T16:27:09Z</time></trkpt>
<trkpt lat="47.935292" lon="-121.171056"><ele>1363.8</ele><time>2024-08-29T16:27:56Z</time></trkpt>
<trkpt lat="47.935299" lon="-121.170899"><ele>1367.0</ele><time>2024-08-29T16:28:30Z</time></trkpt>
<trkpt lat="47.935408" lon="-121.170708"><ele>1370.0</ele><time>2024-08-29T16:28:54Z</time></trkpt>
<trkpt lat="47.935322" lon="-121.170641"><ele>1370.0</ele><time>2024-08-29T16:28:56Z</time></trkpt>
<trkpt lat="47.935310" lon="-121.170404"><ele>1372.2</ele><time>2024-08-29T16:29:10Z</time></trkpt>
<trkpt lat="47.935379" lon="-121.170404"><ele>1373.0</ele><time>2024-08-29T16:29:14Z</time></trkpt>
<trkpt lat="47.935525" lon="-121.170491"><ele>1374.0</ele><time>2024-08-29T16:29:30Z</time></trkpt>
<trkpt lat="47.935560" lon="-121.170842"><ele>1381.6</ele><time>2024-08-29T16:30:30Z</time></trkpt>
<trkpt lat="47.935772" lon="-121.171119"><ele>1386.6</ele><time>2024-08-29T16:31:03Z</time></trkpt>
<trkpt lat="47.936251" lon="-121.171507"><ele>1398.2</ele><time>2024-08-29T16:32:30Z</time></trkpt>
<trkpt lat="47.936338" lon="-121.171429"><ele>1400.4</ele><time>2024-08-29T16:32:46Z</time></trkpt>
<trkpt lat="47.936444" lon="-121.171482"><ele>1401.0</ele><time>2024-08-29T16:33:02Z</time></trkpt>
<trkpt lat="47.936480" lon="-121.171400"><ele>1400.8</ele><time>2024-08-29T16:33:10Z</time></trkpt>
<trkpt lat="47.936336" lon="-121.171089"><ele>1401.2</ele><time>2024-08-29T16:33:31Z</time></trkpt>
<trkpt lat="47.936217" lon="-121.170647"><ele>1411.0</ele><time>2024-08-29T16:34:43Z</time></trkpt>
<trkpt lat="47.936052" lon="-121.170234"><ele>1412.4</ele><time>2024-08-29T16:34:58Z</time></trkpt>
<trkpt lat="47.936191" lon="-121.170227"><ele>1412.6</ele><time>2024-08-29T16:35:01Z</time></trkpt>
<trkpt lat="47.935720" lon="-121.169391"><ele>1419.4</ele><time>2024-08-29T16:35:55Z</time></trkpt>
<trkpt lat="47.935661" lon="-121.169120"><ele>1421.2</ele><time>2024-08-29T16:36:10Z</time></trkpt>
<trkpt lat="47.936478" lon="-121.169947"><ele>1432.4</ele><time>2024-08-29T16:37:59Z</time></trkpt>
<trkpt lat="47.936625" lon="-121.170379"><ele>1434.8</ele><time>2024-08-29T16:38:16Z</time></trkpt>
<trkpt lat="47.937041" lon="-121.170448"><ele>1438.2</ele><time>2024-08-29T16:38:51Z</time></trkpt>
<trkpt lat="47.936897" lon="-121.170351"><ele>1440.6</ele><time>2024-08-29T16:39:13Z</time></trkpt>
<trkpt lat="47.936560" lon="-121.169547"><ele>1445.6</ele><time>2024-08-29T16:40:04Z</time></trkpt>
<trkpt lat="47.936124" lon="-121.168812"><ele>1450.0</ele><time>2024-08-29T16:40:56Z</time></trkpt>
<trkpt lat="47.936229" lon="-121.168708"><ele>1450.8</ele><time>2024-08-29T16:41:03Z</time></trkpt>
<trkpt lat="47.936150" lon="-121.168728"><ele>1451.2</ele><time>2024-08-29T16:41:11Z</time></trkpt>
<trkpt lat="47.936094" lon="-121.168537"><ele>1452.0</ele><time>2024-08-29T16:41:24Z</time></trkpt>
<trkpt lat="47.936069" lon="-121.168091"><ele>1455.6</ele><time>2024-08-29T16:42:07Z</time></trkpt>
<trkpt lat="47.935828" lon="-121.167051"><ele>1464.0</ele><time>2024-08-29T16:44:09Z</time></trkpt>
<trkpt lat="47.935858" lon="-121.166971"><ele>1466.2</ele><time>2024-08-29T16:44:27Z</time></trkpt>
<trkpt lat="47.935857" lon="-121.167118"><ele>1466.6</ele><time>2024-08-29T16:44:34Z</time></trkpt>
<trkpt lat="47.935951" lon="-121.167127"><ele>1472.6</ele><time>2024-08-29T16:45:13Z</time></trkpt>
<trkpt lat="47.936154" lon="-121.167527"><ele>1475.2</ele><time>2024-08-29T16:45:47Z</time></trkpt>
<trkpt lat="47.936218" lon="-121.167495"><ele>1476.6</ele><time>2024-08-29T16:46:07Z</time></trkpt>
<trkpt lat="47.936321" lon="-121.167136"><ele>1478.8</ele><time>2024-08-29T16:46:29Z</time></trkpt>
<trkpt lat="47.936256" lon="-121.166917"><ele>1484.6</ele><time>2024-08-29T16:47:13Z</time></trkpt>
<trkpt lat="47.936394" lon="-121.165728"><ele>1489.2</ele><time>2024-08-29T16:48:33Z</time></trkpt>
<trkpt lat="47.936507" lon="-121.165744"><ele>1490.2</ele><time>2024-08-29T16:48:39Z</time></trkpt>
<trkpt lat="47.936884" lon="-121.165517"><ele>1493.0</ele><time>2024-08-29T16:49:35Z</time></trkpt>
<trkpt lat="47.937278" lon="-121.165502"><ele>1495.4</ele><time>2024-08-29T16:50:28Z</time></trkpt>
<trkpt lat="47.937589" lon="-121.165092"><ele>1495.6</ele><time>2024-08-29T16:50:43Z</time></trkpt>
<trkpt lat="47.937841" lon="-121.164898"><ele>1498.0</ele><time>2024-08-29T16:51:08Z</time></trkpt>
<trkpt lat="47.938403" lon="-121.164733"><ele>1503.8</ele><time>2024-08-29T16:52:28Z</time></trkpt>
<trkpt lat="47.938603" lon="-121.164487"><ele>1504.6</ele><time>2024-08-29T16:52:35Z</time></trkpt>
<trkpt lat="47.938568" lon="-121.164592"><ele>1504.8</ele><time>2024-08-29T16:52:39Z</time></trkpt>
<trkpt lat="47.938700" lon="-121.164657"><ele>1506.6</ele><time>2024-08-29T16:53:02Z</time></trkpt>
<trkpt lat="47.938569" lon="-121.164563"><ele>1508.0</ele><time>2024-08-29T16:54:30Z</time></trkpt>
<trkpt lat="47.938337" lon="-121.165460"><ele>1519.4</ele><time>2024-08-29T16:56:30Z</time></trkpt>
<trkpt lat="47.938059" lon="-121.165652"><ele>1522.8</ele><time>2024-08-29T16:56:56Z</time></trkpt>
<trkpt lat="47.938131" lon="-121.165712"><ele>1523.2</ele><time>2024-08-29T16:57:00Z</time></trkpt>
<trkpt lat="47.938313" lon="-121.165427"><ele>1524.0</ele><time>2024-08-29T16:57:07Z</time></trkpt>
<trkpt lat="47.938874" lon="-121.165277"><ele>1524.0</ele><time>2024-08-29T16:57:28Z</time></trkpt>
<trkpt lat="47.939323" lon="-121.165231"><ele>1531.8</ele><time>2024-08-29T16:58:34Z</time></trkpt>
<trkpt lat="47.939594" lon="-121.165042"><ele>1534.4</ele><time>2024-08-29T16:58:59Z</time></trkpt>
<trkpt lat="47.939560" lon="-121.165080"><ele>1534.6</ele><time>2024-08-29T16:59:04Z</time></trkpt>
<trkpt lat="47.939698" lon="-121.164886"><ele>1537.0</ele><time>2024-08-29T16:59:26Z</time></trkpt>
<trkpt lat="47.940318" lon="-121.164570"><ele>1543.2</ele><time>2024-08-29T17:00:59Z</time></trkpt>
<trkpt lat="47.940297" lon="-121.164469"><ele>1543.2</ele><time>2024-08-29T17:01:03Z</time></trkpt>
<trkpt lat="47.940478" lon="-121.164452"><ele>1544.6</ele><time>2024-08-29T17:01:20Z</time></trkpt>
<trkpt lat="47.940552" lon="-121.164316"><ele>1545.2</ele><time>2024-08-29T17:01:36Z</time></trkpt>
<trkpt lat="47.940522" lon="-121.164508"><ele>1549.2</ele><time>2024-08-29T17:02:54Z</time></trkpt>
<trkpt lat="47.940647" lon="-121.164468"><ele>1549.4</ele><time>2024-08-29T17:03:02Z</time></trkpt>
<trkpt lat="47.940686" lon="-121.164713"><ele>1551.4</ele><time>2024-08-29T17:03:22Z</time></trkpt>
<trkpt lat="47.940913" lon="-121.164613"><ele>1554.6</ele><time>2024-08-29T17:03:52Z</time></trkpt>
<trkpt lat="47.941013" lon="-121.164329"><ele>1559.6</ele><time>2024-08-29T17:04:34Z</time></trkpt>
<trkpt lat="47.941289" lon="-121.163981"><ele>1561.4</ele><time>2024-08-29T17:04:53Z</time></trkpt>
<trkpt lat="47.941254" lon="-121.164030"><ele>1561.4</ele><time>2024-08-29T17:04:55Z</time></trkpt>
<trkpt lat="47.941202" lon="-121.163865"><ele>1562.0</ele><time>2024-08-29T17:05:02Z</time></trkpt>
<trkpt lat="47.941216" lon="-121.163920"><ele>1562.2</ele><time>2024-08-29T17:05:05Z</time></trkpt>
<trkpt lat="47.941323" lon="-121.163649"><ele>1566.4</ele><time>2024-08-29T17:06:20Z</time></trkpt>
<trkpt lat="47.941317" lon="-121.163533"><ele>1568.4</ele><time>2024-08-29T17:07:06Z</time></trkpt>
<trkpt lat="47.941250" lon="-121.163602"><ele>1570.6</ele><time>2024-08-29T17:08:59Z</time></trkpt>
<trkpt lat="47.941290" lon="-121.163727"><ele>1570.2</ele><time>2024-08-29T17:09:04Z</time></trkpt>
<trkpt lat="47.941254" lon="-121.163538"><ele>1570.0</ele><time>2024-08-29T17:09:08Z</time></trkpt>
<trkpt lat="47.941274" lon="-121.163624"><ele>1569.8</ele><time>2024-08-29T17:10:57Z</time></trkpt>
<trkpt lat="47.941393" lon="-121.163519"><ele>1569.2</ele><time>2024-08-29T17:11:11Z</time></trkpt>
<trkpt lat="47.941421" lon="-121.163650"><ele>1570.6</ele><time>2024-08-29T17:12:53Z</time></trkpt>
<trkpt lat="47.941344" lon="-121.163596"><ele>1570.4</ele><time>2024-08-29T17:13:01Z</time></trkpt>
<trkpt lat="47.941713" lon="-121.163291"><ele>1576.8</ele><time>2024-08-29T17:14:18Z</time></trkpt>
<trkpt lat="47.942146" lon="-121.162482"><ele>1581.2</ele><time>2024-08-29T17:15:05Z</time></trkpt>
<trkpt lat="47.942131" lon="-121.162335"><ele>1583.6</ele><time>2024-08-29T17:15:17Z</time></trkpt>
<trkpt lat="47.942314" lon="-121.161239"><ele>1590.2</ele><time>2024-08-29T17:16:29Z</time></trkpt>
<trkpt lat="47.942319" lon="-121.161337"><ele>1589.4</ele><time>2024-08-29T17:16:58Z</time></trkpt>
<trkpt lat="47.942348" lon="-121.161281"><ele>1589.2</ele><time>2024-08-29T17:17:08Z</time></trkpt>
<trkpt lat="47.942319" lon="-121.161180"><ele>1589.4</ele><time>2024-08-29T17:17:14Z</time></trkpt>
<trkpt lat="47.942467" lon="-121.160857"><ele>1594.6</ele><time>2024-08-29T17:17:43Z</time></trkpt>
<trkpt lat="47.942480" lon="-121.160493"><ele>1597.0</ele><time>2024-08-29T17:17:59Z</time></trkpt>
<trkpt lat="47.942566" lon="-121.160266"><ele>1597.4</ele><time>2024-08-29T17:18:12Z</time></trkpt>
<trkpt lat="47.942509" lon="-121.159805"><ele>1598.2</ele><time>2024-08-29T17:19:43Z</time></trkpt>
<trkpt lat="47.942623" lon="-121.159591"><ele>1597.6</ele><time>2024-08-29T17:20:14Z</time></trkpt>
<trkpt lat="47.942763" lon="-121.159611"><ele>1600.6</ele><time>2024-08-29T17:20:49Z</time></trkpt>
<trkpt lat="47.942842" lon="-121.159735"><ele>1603.6</ele><time>2024-08-29T17:20:59Z</time></trkpt>
<trkpt lat="47.942681" lon="-121.159824"><ele>1606.6</ele><time>2024-08-29T17:21:58Z</time></trkpt>
<trkpt lat="47.942795" lon="-121.159700"><ele>1607.4</ele><time>2024-08-29T17:22:05Z</time></trkpt>
<trkpt lat="47.942739" lon="-121.160772"><ele>1612.0</ele><time>2024-08-29T17:23:55Z</time></trkpt>
<trkpt lat="47.942942" lon="-121.160778"><ele>1614.2</ele><time>2024-08-29T17:24:11Z</time></trkpt>
<trkpt lat="47.942872" lon="-121.161330"><ele>1619.4</ele><time>2024-08-29T17:25:07Z</time></trkpt>
<trkpt lat="47.943046" lon="-121.161881"><ele>1622.4</ele><time>2024-08-29T17:26:03Z</time></trkpt>
<trkpt lat="47.943121" lon="-121.161919"><ele>1622.0</ele><time>2024-08-29T17:26:13Z</time></trkpt>
<trkpt lat="47.943004" lon="-121.162194"><ele>1625.0</ele><time>2024-08-29T17:26:54Z</time></trkpt>
<trkpt lat="47.943035" lon="-121.162291"><ele>1626.6</ele><time>2024-08-29T17:27:04Z</time></trkpt>
<trkpt lat="47.943375" lon="-121.161955"><ele>1633.2</ele><time>2024-08-29T17:27:57Z</time></trkpt>
<trkpt lat="47.943394" lon="-121.161823"><ele>1634.2</ele><time>2024-08-29T17:28:03Z</time></trkpt>
<trkpt lat="47.943579" lon="-121.161883"><ele>1636.6</ele><time>2024-08-29T17:28:30Z</time></trkpt>
<trkpt lat="47.943713" lon="-121.161828"><ele>1639.6</ele><time>2024-08-29T17:29:02Z</time></trkpt>
<trkpt lat="47.943703" lon="-121.161890"><ele>1639.4</ele><time>2024-08-29T17:29:06Z</time></trkpt>
<trkpt lat="47.944330" lon="-121.162152"><ele>1651.4</ele><time>2024-08-29T17:30:45Z</time></trkpt>
<trkpt lat="47.944619" lon="-121.162214"><ele>1651.6</ele><time>2024-08-29T17:31:03Z</time></trkpt>
<trkpt lat="47.944626" lon="-121.162293"><ele>1651.0</ele><time>2024-08-29T17:31:05Z</time></trkpt>
<trkpt lat="47.944792" lon="-121.162112"><ele>1646.8</ele><time>2024-08-29T17:31:34Z</time></trkpt>
<trkpt lat="47.944876" lon="-121.162276"><ele>1644.4</ele><time>2024-08-29T17:31:48Z</time></trkpt>
<trkpt lat="47.945221" lon="-121.162407"><ele>1640.4</ele><time>2024-08-29T17:32:18Z</time></trkpt>
<trkpt lat="47.945638" lon="-121.162144"><ele>1644.8</ele><time>2024-08-29T17:32:57Z</time></trkpt>
<trkpt lat="47.945698" lon="-121.162186"><ele>1645.4</ele><time>2024-08-29T17:32:59Z</time></trkpt>
<trkpt lat="47.946365" lon="-121.161609"><ele>1655.8</ele><time>2024-08-29T17:34:12Z</time></trkpt>
<trkpt lat="47.946927" lon="-121.161049"><ele>1655.8</ele><time>2024-08-29T17:34:58Z</time></trkpt>
<trkpt lat="47.946871" lon="-121.161066"><ele>1654.6</ele><time>2024-08-29T17:35:03Z</time></trkpt>
<trkpt lat="47.946843" lon="-121.160940"><ele>1654.0</ele><time>2024-08-29T17:35:06Z</time></trkpt>
<trkpt lat="47.947443" lon="-121.160723"><ele>1658.0</ele><time>2024-08-29T17:36:01Z</time></trkpt>
<trkpt lat="47.948063" lon="-121.160766"><ele>1659.0</ele><time>2024-08-29T17:36:58Z</time></trkpt>
<trkpt lat="47.948042" lon="-121.160653"><ele>1659.4</ele><time>2024-08-29T17:37:01Z</time></trkpt>
<trkpt lat="47.948571" lon="-121.161675"><ele>1660.4</ele><time>2024-08-29T17:38:10Z</time></trkpt>
<trkpt lat="47.948766" lon="-121.161705"><ele>1661.2</ele><time>2024-08-29T17:38:25Z</time></trkpt>
<trkpt lat="47.949250" lon="-121.162018"><ele>1663.4</ele><time>2024-08-29T17:39:05Z</time></trkpt>
<trkpt lat="47.949732" lon="-121.161858"><ele>1662.4</ele><time>2024-08-29T17:39:38Z</time></trkpt>
<trkpt lat="47.950033" lon="-121.161918"><ele>1657.8</ele><time>2024-08-29T17:40:12Z</time></trkpt>
<trkpt lat="47.950517" lon="-121.161544"><ele>1652.2</ele><time>2024-08-29T17:40:55Z</time></trkpt>
<trkpt lat="47.950489" lon="-121.161660"><ele>1652.2</ele><time>2024-08-29T17:40:56Z</time></trkpt>
<trkpt lat="47.950530" lon="-121.161439"><ele>1651.8</ele><time>2024-08-29T17:41:06Z</time></trkpt>
<trkpt lat="47.950485" lon="-121.161509"><ele>1651.0</ele><time>2024-08-29T17:41:09Z</time></trkpt>
<trkpt lat="47.950661" lon="-121.161508"><ele>1647.8</ele><time>2024-08-29T17:41:30Z</time></trkpt>
<trkpt lat="47.950798" lon="-121.161356"><ele>1645.4</ele><time>2024-08-29T17:41:42Z</time></trkpt>
<trkpt lat="47.950867" lon="-121.161159"><ele>1637.8</ele><time>2024-08-29T17:42:28Z</time></trkpt>
<trkpt lat="47.951087" lon="-121.161163"><ele>1634.8</ele><time>2024-08-29T17:42:56Z</time></trkpt>
<trkpt lat="47.951088" lon="-121.161277"><ele>1634.2</ele><time>2024-08-29T17:43:00Z</time></trkpt>
<trkpt lat="47.951452" lon="-121.161408"><ele>1632.2</ele><time>2024-08-29T17:43:25Z</time></trkpt>
<trkpt lat="47.952262" lon="-121.161234"><ele>1627.8</ele><time>2024-08-29T17:44:53Z</time></trkpt>
<trkpt lat="47.952622" lon="-121.161446"><ele>1629.8</ele><time>2024-08-29T17:45:17Z</time></trkpt>
<trkpt lat="47.953044" lon="-121.161519"><ele>1630.6</ele><time>2024-08-29T17:45:59Z</time></trkpt>
<trkpt lat="47.953283" lon="-121.161221"><ele>1634.4</ele><time>2024-08-29T17:46:57Z</time></trkpt>
<trkpt lat="47.953278" lon="-121.160931"><ele>1636.2</ele><time>2024-08-29T17:47:15Z</time></trkpt>
<trkpt lat="47.953737" lon="-121.161033"><ele>1641.4</ele><time>2024-08-29T17:48:57Z</time></trkpt>
<trkpt lat="47.954158" lon="-121.160296"><ele>1642.2</ele><time>2024-08-29T17:51:14Z</time></trkpt>
<trkpt lat="47.954213" lon="-121.159634"><ele>1644.8</ele><time>2024-08-29T17:52:49Z</time></trkpt>
<trkpt lat="47.954410" lon="-121.158814"><ele>1640.2</ele><time>2024-08-29T17:53:26Z</time></trkpt>
<trkpt lat="47.954369" lon="-121.157993"><ele>1635.8</ele><time>2024-08-29T17:54:22Z</time></trkpt>
<trkpt lat="47.954593" lon="-121.157325"><ele>1633.2</ele><time>2024-08-29T17:54:56Z</time></trkpt>
<trkpt lat="47.954452" lon="-121.156815"><ele>1635.8</ele><time>2024-08-29T17:55:25Z</time></trkpt>
<trkpt lat="47.954288" lon="-121.156478"><ele>1635.8</ele><time>2024-08-29T17:56:21Z</time></trkpt>
<trkpt lat="47.954452" lon="-121.155785"><ele>1634.8</ele><time>2024-08-29T17:56:59Z</time></trkpt>
<trkpt lat="47.954925" lon="-121.155541"><ele>1639.2</ele><time>2024-08-29T17:57:55Z</time></trkpt>
<trkpt lat="47.955041" lon="-121.155569"><ele>1638.2</ele><time>2024-08-29T17:58:39Z</time></trkpt>
<trkpt lat="47.955186" lon="-121.155471"><ele>1637.0</ele><time>2024-08-29T17:59:09Z</time></trkpt>
<trkpt lat="47.955479" lon="-121.154915"><ele>1638.0</ele><time>2024-08-29T18:00:03Z</time></trkpt>
<trkpt lat="47.955768" lon="-121.154627"><ele>1645.2</ele><time>2024-08-29T18:01:01Z</time></trkpt>
<trkpt lat="47.955898" lon="-121.154666"><ele>1646.4</ele><time>2024-08-29T18:01:14Z</time></trkpt>
<trkpt lat="47.956377" lon="-121.154444"><ele>1653.2</ele><time>2024-08-29T18:02:07Z</time></trkpt>
<trkpt lat="47.956819" lon="-121.154110"><ele>1649.0</ele><time>2024-08-29T18:03:00Z</time></trkpt>
<trkpt lat="47.957244" lon="-121.154031"><ele>1650.2</ele><time>2024-08-29T18:03:34Z</time></trkpt>
<trkpt lat="47.957315" lon="-121.154127"><ele>1649.6</ele><time>2024-08-29T18:03:58Z</time></trkpt>
<trkpt lat="47.957523" lon="-121.154006"><ele>1650.8</ele><time>2024-08-29T18:04:16Z</time></trkpt>
<trkpt lat="47.958084" lon="-121.153861"><ele>1655.6</ele><time>2024-08-29T18:05:04Z</time></trkpt>
<trkpt lat="47.958127" lon="-121.153909"><ele>1656.6</ele><time>2024-08-29T18:05:08Z</time></trkpt>
<trkpt lat="47.958400" lon="-121.153550"><ele>1659.0</ele><time>2024-08-29T18:05:36Z</time></trkpt>
<trkpt lat="47.958663" lon="-121.153312"><ele>1665.6</ele><time>2024-08-29T18:06:40Z</time></trkpt>
<trkpt lat="47.958868" lon="-121.152985"><ele>1666.2</ele><time>2024-08-29T18:07:08Z</time></trkpt>
<trkpt lat="47.958857" lon="-121.152901"><ele>1667.0</ele><time>2024-08-29T18:07:13Z</time></trkpt>
<trkpt lat="47.959047" lon="-121.152735"><ele>1668.2</ele><time>2024-08-29T18:07:34Z</time></trkpt>
<trkpt lat="47.959433" lon="-121.152685"><ele>1666.0</ele><time>2024-08-29T18:09:00Z</time></trkpt>
<trkpt lat="47.959495" lon="-121.152742"><ele>1665.6</ele><time>2024-08-29T18:09:03Z</time></trkpt>
<trkpt lat="47.959677" lon="-121.152607"><ele>1662.4</ele><time>2024-08-29T18:09:22Z</time></trkpt>
<trkpt lat="47.959875" lon="-121.152598"><ele>1660.2</ele><time>2024-08-29T18:09:44Z</time></trkpt>
<trkpt lat="47.960326" lon="-121.152953"><ele>1659.0</ele><time>2024-08-29T18:11:24Z</time></trkpt>
<trkpt lat="47.960502" lon="-121.152889"><ele>1658.4</ele><time>2024-08-29T18:11:42Z</time></trkpt>
<trkpt lat="47.960764" lon="-121.152528"><ele>1652.6</ele><time>2024-08-29T18:13:50Z</time></trkpt>
<trkpt lat="47.960714" lon="-121.152574"><ele>1654.6</ele><time>2024-08-29T18:15:04Z</time></trkpt>
<trkpt lat="47.960742" lon="-121.152619"><ele>1654.6</ele><time>2024-08-29T18:15:05Z</time></trkpt>
<trkpt lat="47.960659" lon="-121.152543"><ele>1655.6</ele><time>2024-08-29T18:16:57Z</time></trkpt>
<trkpt lat="47.960695" lon="-121.152643"><ele>1655.0</ele><time>2024-08-29T18:18:40Z</time></trkpt>
<trkpt lat="47.960761" lon="-121.152615"><ele>1656.0</ele><time>2024-08-29T18:21:01Z</time></trkpt>
<trkpt lat="47.960840" lon="-121.152461"><ele>1656.2</ele><time>2024-08-29T18:21:09Z</time></trkpt>
<trkpt lat="47.960706" lon="-121.152535"><ele>1655.8</ele><time>2024-08-29T18:21:15Z</time></trkpt>
<trkpt lat="47.960723" lon="-121.152475"><ele>1656.6</ele><time>2024-08-29T18:21:42Z</time></trkpt>
<trkpt lat="47.960735" lon="-121.152598"><ele>1656.0</ele><time>2024-08-29T18:23:13Z</time></trkpt>
<trkpt lat="47.960657" lon="-121.152486"><ele>1655.6</ele><time>2024-08-29T18:25:33Z</time></trkpt>
<trkpt lat="47.960713" lon="-121.152609"><ele>1655.8</ele><time>2024-08-29T18:27:17Z</time></trkpt>
<trkpt lat="47.960721" lon="-121.152542"><ele>1655.0</ele><time>2024-08-29T18:29:09Z</time></trkpt>
<trkpt lat="47.960546" lon="-121.152837"><ele>1653.4</ele><time>2024-08-29T18:33:12Z</time></trkpt>
<trkpt lat="47.960550" lon="-121.152696"><ele>1653.4</ele><time>2024-08-29T18:33:16Z</time></trkpt>
<trkpt lat="47.960709" lon="-121.152560"><ele>1653.8</ele><time>2024-08-29T18:33:28Z</time></trkpt>
<trkpt lat="47.960622" lon="-121.152665"><ele>1653.0</ele><time>2024-08-29T18:34:08Z</time></trkpt>
<trkpt lat="47.960750" lon="-121.152654"><ele>1653.4</ele><time>2024-08-29T18:38:00Z</time></trkpt>
<trkpt lat="47.960759" lon="-121.152564"><ele>1653.2</ele><time>2024-08-29T18:38:13Z</time></trkpt>
<trkpt lat="47.960563" lon="-121.152743"><ele>1652.4</ele><time>2024-08-29T18:40:01Z</time></trkpt>
<trkpt lat="47.960776" lon="-121.152762"><ele>1652.4</ele><time>2024-08-29T18:40:10Z</time></trkpt>
<trkpt lat="47.960699" lon="-121.152720"><ele>1652.2</ele><time>2024-08-29T18:40:15Z</time></trkpt>
<trkpt lat="47.960730" lon="-121.152587"><ele>1651.4</ele><time>2024-08-29T18:42:13Z</time></trkpt>
<trkpt lat="47.960661" lon="-121.152581"><ele>1651.0</ele><time>2024-08-29T18:43:27Z</time></trkpt>
<trkpt lat="47.960754" lon="-121.152497"><ele>1650.0</ele><time>2024-08-29T18:45:03Z</time></trkpt>
<trkpt lat="47.960697" lon="-121.152571"><ele>1649.8</ele><time>2024-08-29T18:46:11Z</time></trkpt>
<trkpt lat="47.960771" lon="-121.152621"><ele>1649.8</ele><time>2024-08-29T18:47:59Z</time></trkpt>
<trkpt lat="47.960658" lon="-121.152429"><ele>1652.0</ele><time>2024-08-29T18:53:52Z</time></trkpt>
<trkpt lat="47.960615" lon="-121.152519"><ele>1652.0</ele><time>2024-08-29T18:54:03Z</time></trkpt>
<trkpt lat="47.960753" lon="-121.152568"><ele>1651.6</ele><time>2024-08-29T18:54:11Z</time></trkpt>
<trkpt lat="47.960671" lon="-121.152590"><ele>1653.0</ele><time>2024-08-29T18:55:20Z</time></trkpt>
<trkpt lat="47.960723" lon="-121.152526"><ele>1653.6</ele><time>2024-08-29T18:56:17Z</time></trkpt>
<trkpt lat="47.960614" lon="-121.152607"><ele>1653.2</ele><time>2024-08-29T18:58:01Z</time></trkpt>
<trkpt lat="47.960759" lon="-121.152583"><ele>1653.0</ele><time>2024-08-29T19:00:12Z</time></trkpt>
<trkpt lat="47.960645" lon="-121.152675"><ele>1651.8</ele><time>2024-08-29T19:01:30Z</time></trkpt>
<trkpt lat="47.960616" lon="-121.152853"><ele>1651.4</ele><time>2024-08-29T19:02:02Z</time></trkpt>
<trkpt lat="47.960597" lon="-121.152600"><ele>1651.4</ele><time>2024-08-29T19:02:04Z</time></trkpt>
<trkpt lat="47.960732" lon="-121.152567"><ele>1652.0</ele><time>2024-08-29T19:02:17Z</time></trkpt>
<trkpt lat="47.960539" lon="-121.152493"><ele>1651.6</ele><time>2024-08-29T19:04:02Z</time></trkpt>
<trkpt lat="47.960843" lon="-121.152645"><ele>1651.2</ele><time>2024-08-29T19:04:14Z</time></trkpt>
<trkpt lat="47.960763" lon="-121.152584"><ele>1651.4</ele><time>2024-08-29T19:04:17Z</time></trkpt>
<trkpt lat="47.960785" lon="-121.152413"><ele>1651.2</ele><time>2024-08-29T19:05:52Z</time></trkpt>
<trkpt lat="47.960738" lon="-121.152476"><ele>1650.8</ele><time>2024-08-29T19:06:01Z</time></trkpt>
<trkpt lat="47.960764" lon="-121.152552"><ele>1650.6</ele><time>2024-08-29T19:06:05Z</time></trkpt>
<trkpt lat="47.960719" lon="-121.152628"><ele>1650.0</ele><time>2024-08-29T19:07:36Z</time></trkpt>
<trkpt lat="47.960683" lon="-121.152586"><ele>1649.8</ele><time>2024-08-29T19:08:04Z</time></trkpt>
<trkpt lat="47.960731" lon="-121.152608"><ele>1649.6</ele><time>2024-08-29T19:09:59Z</time></trkpt>
<trkpt lat="47.960744" lon="-121.152514"><ele>1649.4</ele><time>2024-08-29T19:12:09Z</time></trkpt>
<trkpt lat="47.960683" lon="-121.152654"><ele>1648.6</ele><time>2024-08-29T19:14:17Z</time></trkpt>
<trkpt lat="47.960888" lon="-121.152197"><ele>1652.8</ele><time>2024-08-29T19:17:59Z</time></trkpt>
<trkpt lat="47.961124" lon="-121.152076"><ele>1652.2</ele><time>2024-08-29T19:18:13Z</time></trkpt>
<trkpt lat="47.961497" lon="-121.151981"><ele>1659.6</ele><time>2024-08-29T19:19:23Z</time></trkpt>
<trkpt lat="47.961684" lon="-121.151784"><ele>1657.4</ele><time>2024-08-29T19:19:49Z</time></trkpt>
<trkpt lat="47.962002" lon="-121.151697"><ele>1653.8</ele><time>2024-08-29T19:20:02Z</time></trkpt>
<trkpt lat="47.962188" lon="-121.151496"><ele>1652.8</ele><time>2024-08-29T19:20:18Z</time></trkpt>
<trkpt lat="47.962349" lon="-121.150872"><ele>1649.6</ele><time>2024-08-29T19:21:01Z</time></trkpt>
<trkpt lat="47.962663" lon="-121.150467"><ele>1645.4</ele><time>2024-08-29T19:21:33Z</time></trkpt>
<trkpt lat="47.962763" lon="-121.150214"><ele>1642.0</ele><time>2024-08-29T19:21:49Z</time></trkpt>
<trkpt lat="47.962773" lon="-121.149960"><ele>1642.4</ele><time>2024-08-29T19:22:15Z</time></trkpt>
<trkpt lat="47.962811" lon="-121.149981"><ele>1642.4</ele><time>2024-08-29T19:22:18Z</time></trkpt>
<trkpt lat="47.962950" lon="-121.149387"><ele>1636.4</ele><time>2024-08-29T19:22:59Z</time></trkpt>
<trkpt lat="47.962911" lon="-121.148763"><ele>1633.4</ele><time>2024-08-29T19:23:29Z</time></trkpt>
<trkpt lat="47.962992" lon="-121.148394"><ele>1630.0</ele><time>2024-08-29T19:23:55Z</time></trkpt>
<trkpt lat="47.963084" lon="-121.148233"><ele>1627.8</ele><time>2024-08-29T19:24:08Z</time></trkpt>
<trkpt lat="47.963217" lon="-121.148167"><ele>1626.6</ele><time>2024-08-29T19:24:15Z</time></trkpt>
<trkpt lat="47.963465" lon="-121.147474"><ele>1620.8</ele><time>2024-08-29T19:24:49Z</time></trkpt>
<trkpt lat="47.963646" lon="-121.146518"><ele>1622.8</ele><time>2024-08-29T19:26:00Z</time></trkpt>
<trkpt lat="47.963813" lon="-121.146551"><ele>1622.8</ele><time>2024-08-29T19:26:05Z</time></trkpt>
<trkpt lat="47.963808" lon="-121.146419"><ele>1622.4</ele><time>2024-08-29T19:26:11Z</time></trkpt>
<trkpt lat="47.963873" lon="-121.146364"><ele>1622.2</ele><time>2024-08-29T19:26:16Z</time></trkpt>
<trkpt lat="47.964642" lon="-121.146640"><ele>1625.0</ele><time>2024-08-29T19:27:49Z</time></trkpt>
<trkpt lat="47.965039" lon="-121.146899"><ele>1627.2</ele><time>2024-08-29T19:28:15Z</time></trkpt>
<trkpt lat="47.965999" lon="-121.147862"><ele>1634.4</ele><time>2024-08-29T19:30:00Z</time></trkpt>
<trkpt lat="47.966017" lon="-121.148136"><ele>1634.6</ele><time>2024-08-29T19:30:08Z</time></trkpt>
<trkpt lat="47.966685" lon="-121.149738"><ele>1640.8</ele><time>2024-08-29T19:32:03Z</time></trkpt>
<trkpt lat="47.966757" lon="-121.149718"><ele>1641.6</ele><time>2024-08-29T19:32:06Z</time></trkpt>
<trkpt lat="47.966822" lon="-121.149819"><ele>1642.4</ele><time>2024-08-29T19:32:14Z</time></trkpt>
<trkpt lat="47.966918" lon="-121.150170"><ele>1644.2</ele><time>2024-08-29T19:32:29Z</time></trkpt>
<trkpt lat="47.967467" lon="-121.151024"><ele>1653.8</ele><time>2024-08-29T19:34:02Z</time></trkpt>
<trkpt lat="47.967697" lon="-121.150831"><ele>1653.4</ele><time>2024-08-29T19:34:09Z</time></trkpt>
<trkpt lat="47.967765" lon="-121.150882"><ele>1653.0</ele><time>2024-08-29T19:34:17Z</time></trkpt>
<trkpt lat="47.967977" lon="-121.150738"><ele>1654.6</ele><time>2024-08-29T19:34:31Z</time></trkpt>
<trkpt lat="47.968508" lon="-121.150165"><ele>1665.0</ele><time>2024-08-29T19:36:00Z</time></trkpt>
<trkpt lat="47.968509" lon="-121.150365"><ele>1665.8</ele><time>2024-08-29T19:36:08Z</time></trkpt>
<trkpt lat="47.968315" lon="-121.151059"><ele>1669.0</ele><time>2024-08-29T19:36:47Z</time></trkpt>
<trkpt lat="47.968094" lon="-121.151516"><ele>1675.2</ele><time>2024-08-29T19:37:49Z</time></trkpt>
<trkpt lat="47.968124" lon="-121.151654"><ele>1677.2</ele><time>2024-08-29T19:38:04Z</time></trkpt>
<trkpt lat="47.968192" lon="-121.151631"><ele>1677.4</ele><time>2024-08-29T19:38:05Z</time></trkpt>
<trkpt lat="47.968189" lon="-121.151446"><ele>1678.6</ele><time>2024-08-29T19:38:15Z</time></trkpt>
<trkpt lat="47.968324" lon="-121.151220"><ele>1679.6</ele><time>2024-08-29T19:38:27Z</time></trkpt>
<trkpt lat="47.968561" lon="-121.150985"><ele>1683.8</ele><time>2024-08-29T19:39:15Z</time></trkpt>
<trkpt lat="47.968880" lon="-121.150525"><ele>1690.0</ele><time>2024-08-29T19:40:00Z</time></trkpt>
<trkpt lat="47.968840" lon="-121.150492"><ele>1690.2</ele><time>2024-08-29T19:40:01Z</time></trkpt>
<trkpt lat="47.968968" lon="-121.150480"><ele>1691.2</ele><time>2024-08-29T19:40:07Z</time></trkpt>
<trkpt lat="47.969052" lon="-121.150366"><ele>1692.2</ele><time>2024-08-29T19:40:18Z</time></trkpt>
<trkpt lat="47.969179" lon="-121.150355"><ele>1696.4</ele><time>2024-08-29T19:40:53Z</time></trkpt>
<trkpt lat="47.969215" lon="-121.150581"><ele>1701.0</ele><time>2024-08-29T19:41:33Z</time></trkpt>
<trkpt lat="47.969380" lon="-121.150857"><ele>1699.4</ele><time>2024-08-29T19:42:09Z</time></trkpt>
<trkpt lat="47.970011" lon="-121.150724"><ele>1693.0</ele><time>2024-08-29T19:42:58Z</time></trkpt>
<trkpt lat="47.970290" lon="-121.150483"><ele>1690.8</ele><time>2024-08-29T19:43:22Z</time></trkpt>
<trkpt lat="47.970694" lon="-121.150388"><ele>1697.2</ele><time>2024-08-29T19:44:02Z</time></trkpt>
<trkpt lat="47.970892" lon="-121.150496"><ele>1692.4</ele><time>2024-08-29T19:44:18Z</time></trkpt>
<trkpt lat="47.971639" lon="-121.150627"><ele>1694.8</ele><time>2024-08-29T19:45:40Z</time></trkpt>
<trkpt lat="47.972157" lon="-121.150419"><ele>1697.8</ele><time>2024-08-29T19:46:20Z</time></trkpt>
<trkpt lat="47.973247" lon="-121.149297"><ele>1697.0</ele><time>2024-08-29T19:48:11Z</time></trkpt>
<trkpt lat="47.974451" lon="-121.148689"><ele>1693.8</ele><time>2024-08-29T19:50:06Z</time></trkpt>
<trkpt lat="47.974747" lon="-121.148754"><ele>1693.2</ele><time>2024-08-29T19:50:18Z</time></trkpt>
<trkpt lat="47.974952" lon="-121.148705"><ele>1693.8</ele><time>2024-08-29T19:50:32Z</time></trkpt>
<trkpt lat="47.975668" lon="-121.148129"><ele>1685.8</ele><time>2024-08-29T19:52:07Z</time></trkpt>
<trkpt lat="47.976076" lon="-121.148081"><ele>1682.0</ele><time>2024-08-29T19:52:35Z</time></trkpt>
<trkpt lat="47.976602" lon="-121.148293"><ele>1676.2</ele><time>2024-08-29T19:53:25Z</time></trkpt>
<trkpt lat="47.977071" lon="-121.148269"><ele>1678.4</ele><time>2024-08-29T19:54:04Z</time></trkpt>
<trkpt lat="47.977023" lon="-121.148439"><ele>1678.4</ele><time>2024-08-29T19:54:10Z</time></trkpt>
<trkpt lat="47.977730" lon="-121.148170"><ele>1676.6</ele><time>2024-08-29T19:55:15Z</time></trkpt>
<trkpt lat="47.978221" lon="-121.147673"><ele>1674.0</ele><time>2024-08-29T19:56:00Z</time></trkpt>
<trkpt lat="47.978284" lon="-121.147352"><ele>1674.2</ele><time>2024-08-29T19:56:20Z</time></trkpt>
<trkpt lat="47.978559" lon="-121.146868"><ele>1677.6</ele><time>2024-08-29T19:56:58Z</time></trkpt>
<trkpt lat="47.979216" lon="-121.146072"><ele>1674.0</ele><time>2024-08-29T19:58:07Z</time></trkpt>
<trkpt lat="47.979056" lon="-121.146151"><ele>1673.4</ele><time>2024-08-29T19:58:10Z</time></trkpt>
<trkpt lat="47.979266" lon="-121.145888"><ele>1668.8</ele><time>2024-08-29T19:58:40Z</time></trkpt>
<trkpt lat="47.979316" lon="-121.145308"><ele>1658.4</ele><time>2024-08-29T19:59:34Z</time></trkpt>
<trkpt lat="47.979636" lon="-121.144780"><ele>1652.0</ele><time>2024-08-29T20:00:04Z</time></trkpt>
<trkpt lat="47.980133" lon="-121.144470"><ele>1647.6</ele><time>2024-08-29T20:00:38Z</time></trkpt>
<trkpt lat="47.980081" lon="-121.144390"><ele>1646.4</ele><time>2024-08-29T20:00:44Z</time></trkpt>
<trkpt lat="47.980486" lon="-121.144042"><ele>1639.4</ele><time>2024-08-29T20:01:42Z</time></trkpt>
<trkpt lat="47.980868" lon="-121.143971"><ele>1637.4</ele><time>2024-08-29T20:02:05Z</time></trkpt>
<trkpt lat="47.980811" lon="-121.144046"><ele>1636.6</ele><time>2024-08-29T20:02:10Z</time></trkpt>
<trkpt lat="47.980847" lon="-121.144090"><ele>1636.2</ele><time>2024-08-29T20:02:21Z</time></trkpt>
<trkpt lat="47.981975" lon="-121.143045"><ele>1624.6</ele><time>2024-08-29T20:04:09Z</time></trkpt>
<trkpt lat="47.982009" lon="-121.142812"><ele>1624.2</ele><time>2024-08-29T20:04:21Z</time></trkpt>
<trkpt lat="47.982188" lon="-121.142594"><ele>1624.6</ele><time>2024-08-29T20:04:30Z</time></trkpt>
<trkpt lat="47.982793" lon="-121.142351"><ele>1626.2</ele><time>2024-08-29T20:06:03Z</time></trkpt>
<trkpt lat="47.982744" lon="-121.142364"><ele>1626.0</ele><time>2024-08-29T20:06:06Z</time></trkpt>
<trkpt lat="47.982905" lon="-121.141596"><ele>1628.6</ele><time>2024-08-29T20:06:44Z</time></trkpt>
<trkpt lat="47.983064" lon="-121.139757"><ele>1631.4</ele><time>2024-08-29T20:08:37Z</time></trkpt>
<trkpt lat="47.983180" lon="-121.139553"><ele>1629.2</ele><time>2024-08-29T20:08:59Z</time></trkpt>
<trkpt lat="47.983201" lon="-121.139365"><ele>1627.0</ele><time>2024-08-29T20:09:25Z</time></trkpt>
<trkpt lat="47.983040" lon="-121.138578"><ele>1626.0</ele><time>2024-08-29T20:09:59Z</time></trkpt>
<trkpt lat="47.983061" lon="-121.138073"><ele>1625.0</ele><time>2024-08-29T20:10:13Z</time></trkpt>
<trkpt lat="47.983010" lon="-121.137793"><ele>1626.0</ele><time>2024-08-29T20:10:31Z</time></trkpt>
<trkpt lat="47.983115" lon="-121.137220"><ele>1632.4</ele><time>2024-08-29T20:11:41Z</time></trkpt>
<trkpt lat="47.982933" lon="-121.136843"><ele>1633.8</ele><time>2024-08-29T20:12:05Z</time></trkpt>
<trkpt lat="47.984096" lon="-121.135400"><ele>1644.2</ele><time>2024-08-29T20:14:20Z</time></trkpt>
<trkpt lat="47.984607" lon="-121.135105"><ele>1643.0</ele><time>2024-08-29T20:15:01Z</time></trkpt>
<trkpt lat="47.985017" lon="-121.135214"><ele>1645.0</ele><time>2024-08-29T20:16:03Z</time></trkpt>
<trkpt lat="47.985177" lon="-121.134999"><ele>1644.6</ele><time>2024-08-29T20:16:29Z</time></trkpt>
<trkpt lat="47.985501" lon="-121.134345"><ele>1652.0</ele><time>2024-08-29T20:18:02Z</time></trkpt>
<trkpt lat="47.985453" lon="-121.134283"><ele>1652.0</ele><time>2024-08-29T20:18:03Z</time></trkpt>
<trkpt lat="47.985524" lon="-121.134210"><ele>1652.4</ele><time>2024-08-29T20:18:06Z</time></trkpt>
<trkpt lat="47.985527" lon="-121.134083"><ele>1653.4</ele><time>2024-08-29T20:18:14Z</time></trkpt>
<trkpt lat="47.985721" lon="-121.133973"><ele>1655.6</ele><time>2024-08-29T20:18:33Z</time></trkpt>
<trkpt lat="47.985805" lon="-121.133795"><ele>1660.4</ele><time>2024-08-29T20:20:06Z</time></trkpt>
<trkpt lat="47.985640" lon="-121.133881"><ele>1661.2</ele><time>2024-08-29T20:20:19Z</time></trkpt>
<trkpt lat="47.985568" lon="-121.133340"><ele>1664.6</ele><time>2024-08-29T20:21:31Z</time></trkpt>
<trkpt lat="47.985709" lon="-121.132427"><ele>1671.2</ele><time>2024-08-29T20:22:41Z</time></trkpt>
<trkpt lat="47.985644" lon="-121.132048"><ele>1671.8</ele><time>2024-08-29T20:23:05Z</time></trkpt>
<trkpt lat="47.985619" lon="-121.131202"><ele>1676.0</ele><time>2024-08-29T20:24:04Z</time></trkpt>
<trkpt lat="47.985530" lon="-121.131067"><ele>1677.8</ele><time>2024-08-29T20:24:21Z</time></trkpt>
<trkpt lat="47.985658" lon="-121.129427"><ele>1692.4</ele><time>2024-08-29T20:26:02Z</time></trkpt>
<trkpt lat="47.985532" lon="-121.129414"><ele>1693.6</ele><time>2024-08-29T20:26:13Z</time></trkpt>
<trkpt lat="47.985536" lon="-121.128553"><ele>1698.6</ele><time>2024-08-29T20:27:05Z</time></trkpt>
<trkpt lat="47.985406" lon="-121.128000"><ele>1702.0</ele><time>2024-08-29T20:27:51Z</time></trkpt>
<trkpt lat="47.985582" lon="-121.127680"><ele>1704.6</ele><time>2024-08-29T20:28:17Z</time></trkpt>
<trkpt lat="47.985680" lon="-121.127196"><ele>1703.2</ele><time>2024-08-29T20:30:05Z</time></trkpt>
<trkpt lat="47.985941" lon="-121.126486"><ele>1707.2</ele><time>2024-08-29T20:31:40Z</time></trkpt>
<trkpt lat="47.986007" lon="-121.126121"><ele>1708.8</ele><time>2024-08-29T20:32:04Z</time></trkpt>
<trkpt lat="47.985921" lon="-121.126067"><ele>1709.4</ele><time>2024-08-29T20:32:19Z</time></trkpt>
<trkpt lat="47.985817" lon="-121.125429"><ele>1709.4</ele><time>2024-08-29T20:33:34Z</time></trkpt>
<trkpt lat="47.985842" lon="-121.124763"><ele>1711.4</ele><time>2024-08-29T20:34:05Z</time></trkpt>
<trkpt lat="47.985806" lon="-121.124793"><ele>1711.6</ele><time>2024-08-29T20:34:06Z</time></trkpt>
<trkpt lat="47.985785" lon="-121.124131"><ele>1714.0</ele><time>2024-08-29T20:34:30Z</time></trkpt>
<trkpt lat="47.985427" lon="-121.123519"><ele>1715.4</ele><time>2024-08-29T20:35:24Z</time></trkpt>
<trkpt lat="47.985614" lon="-121.122549"><ele>1712.2</ele><time>2024-08-29T20:36:04Z</time></trkpt>
<trkpt lat="47.985559" lon="-121.122360"><ele>1711.0</ele><time>2024-08-29T20:36:12Z</time></trkpt>
<trkpt lat="47.985619" lon="-121.122184"><ele>1709.8</ele><time>2024-08-29T20:36:21Z</time></trkpt>
<trkpt lat="47.985722" lon="-121.122101"><ele>1708.8</ele><time>2024-08-29T20:36:30Z</time></trkpt>
<trkpt lat="47.985872" lon="-121.122034"><ele>1707.6</ele><time>2024-08-29T20:36:42Z</time></trkpt>
<trkpt lat="47.986138" lon="-121.122086"><ele>1704.4</ele><time>2024-08-29T20:37:00Z</time></trkpt>
<trkpt lat="47.986283" lon="-121.122514"><ele>1699.8</ele><time>2024-08-29T20:37:42Z</time></trkpt>
<trkpt lat="47.986445" lon="-121.122675"><ele>1697.0</ele><time>2024-08-29T20:38:03Z</time></trkpt>
<trkpt lat="47.986306" lon="-121.122804"><ele>1696.4</ele><time>2024-08-29T20:38:05Z</time></trkpt>
<trkpt lat="47.986428" lon="-121.122888"><ele>1695.2</ele><time>2024-08-29T20:38:12Z</time></trkpt>
<trkpt lat="47.986918" lon="-121.123681"><ele>1686.6</ele><time>2024-08-29T20:39:14Z</time></trkpt>
<trkpt lat="47.987375" lon="-121.124217"><ele>1679.2</ele><time>2024-08-29T20:40:06Z</time></trkpt>
<trkpt lat="47.987301" lon="-121.124244"><ele>1678.8</ele><time>2024-08-29T20:40:15Z</time></trkpt>
<trkpt lat="47.987917" lon="-121.124583"><ele>1675.8</ele><time>2024-08-29T20:41:02Z</time></trkpt>
<trkpt lat="47.988311" lon="-121.124670"><ele>1668.0</ele><time>2024-08-29T20:41:56Z</time></trkpt>
<trkpt lat="47.988429" lon="-121.124777"><ele>1667.4</ele><time>2024-08-29T20:42:03Z</time></trkpt>
<trkpt lat="47.988469" lon="-121.124543"><ele>1664.6</ele><time>2024-08-29T20:42:22Z</time></trkpt>
<trkpt lat="47.988796" lon="-121.124263"><ele>1660.4</ele><time>2024-08-29T20:42:52Z</time></trkpt>
<trkpt lat="47.989404" lon="-121.124093"><ele>1651.6</ele><time>2024-08-29T20:44:09Z</time></trkpt>
<trkpt lat="47.989622" lon="-121.123954"><ele>1648.4</ele><time>2024-08-29T20:44:26Z</time></trkpt>
<trkpt lat="47.990124" lon="-121.123936"><ele>1640.6</ele><time>2024-08-29T20:45:30Z</time></trkpt>
<trkpt lat="47.990473" lon="-121.123732"><ele>1639.2</ele><time>2024-08-29T20:46:08Z</time></trkpt>
<trkpt lat="47.990653" lon="-121.123827"><ele>1636.4</ele><time>2024-08-29T20:46:23Z</time></trkpt>
<trkpt lat="47.991269" lon="-121.123829"><ele>1629.2</ele><time>2024-08-29T20:47:16Z</time></trkpt>
<trkpt lat="47.991680" lon="-121.124036"><ele>1625.0</ele><time>2024-08-29T20:48:13Z</time></trkpt>
<trkpt lat="47.991727" lon="-121.123982"><ele>1624.2</ele><time>2024-08-29T20:48:20Z</time></trkpt>
<trkpt lat="47.992125" lon="-121.124073"><ele>1622.8</ele><time>2024-08-29T20:48:46Z</time></trkpt>
<trkpt lat="47.992415" lon="-121.124250"><ele>1618.6</ele><time>2024-08-29T20:49:26Z</time></trkpt>
<trkpt lat="47.992538" lon="-121.124142"><ele>1618.6</ele><time>2024-08-29T20:49:46Z</time></trkpt>
<trkpt lat="47.992832" lon="-121.124114"><ele>1615.0</ele><time>2024-08-29T20:50:03Z</time></trkpt>
<trkpt lat="47.992819" lon="-121.124056"><ele>1615.0</ele><time>2024-08-29T20:50:05Z</time></trkpt>
<trkpt lat="47.992855" lon="-121.124072"><ele>1614.2</ele><time>2024-08-29T20:50:10Z</time></trkpt>
<trkpt lat="47.992784" lon="-121.124150"><ele>1613.0</ele><time>2024-08-29T20:50:17Z</time></trkpt>
<trkpt lat="47.992827" lon="-121.124171"><ele>1612.0</ele><time>2024-08-29T20:50:22Z</time></trkpt>
<trkpt lat="47.993715" lon="-121.124211"><ele>1603.0</ele><time>2024-08-29T20:51:43Z</time></trkpt>
<trkpt lat="47.994357" lon="-121.124589"><ele>1592.6</ele><time>2024-08-29T20:53:13Z</time></trkpt>
<trkpt lat="47.994383" lon="-121.124820"><ele>1589.4</ele><time>2024-08-29T20:53:35Z</time></trkpt>
<trkpt lat="47.994308" lon="-121.124916"><ele>1588.2</ele><time>2024-08-29T20:53:43Z</time></trkpt>
<trkpt lat="47.994337" lon="-121.124981"><ele>1587.0</ele><time>2024-08-29T20:53:49Z</time></trkpt>
<trkpt lat="47.994598" lon="-121.124743"><ele>1584.0</ele><time>2024-08-29T20:54:24Z</time></trkpt>
<trkpt lat="47.994603" lon="-121.124249"><ele>1581.6</ele><time>2024-08-29T20:54:47Z</time></trkpt>
<trkpt lat="47.994719" lon="-121.123986"><ele>1578.4</ele><time>2024-08-29T20:55:03Z</time></trkpt>
<trkpt lat="47.994959" lon="-121.123862"><ele>1572.8</ele><time>2024-08-29T20:55:41Z</time></trkpt>
<trkpt lat="47.995022" lon="-121.123759"><ele>1573.6</ele><time>2024-08-29T20:55:57Z</time></trkpt>
<trkpt lat="47.994945" lon="-121.123376"><ele>1571.4</ele><time>2024-08-29T20:56:17Z</time></trkpt>
<trkpt lat="47.994855" lon="-121.123481"><ele>1571.0</ele><time>2024-08-29T20:56:19Z</time></trkpt>
<trkpt lat="47.994930" lon="-121.122888"><ele>1563.6</ele><time>2024-08-29T20:58:07Z</time></trkpt>
<trkpt lat="47.994858" lon="-121.122890"><ele>1563.2</ele><time>2024-08-29T20:58:09Z</time></trkpt>
<trkpt lat="47.994770" lon="-121.122750"><ele>1562.0</ele><time>2024-08-29T20:58:15Z</time></trkpt>
<trkpt lat="47.994601" lon="-121.122842"><ele>1561.2</ele><time>2024-08-29T20:58:19Z</time></trkpt>
<trkpt lat="47.994567" lon="-121.122751"><ele>1559.8</ele><time>2024-08-29T20:58:26Z</time></trkpt>
<trkpt lat="47.993873" lon="-121.122347"><ele>1551.8</ele><time>2024-08-29T20:59:22Z</time></trkpt>
<trkpt lat="47.993694" lon="-121.122253"><ele>1551.8</ele><time>2024-08-29T21:00:02Z</time></trkpt>
<trkpt lat="47.993669" lon="-121.122303"><ele>1551.2</ele><time>2024-08-29T21:00:09Z</time></trkpt>
<trkpt lat="47.993796" lon="-121.122287"><ele>1550.8</ele><time>2024-08-29T21:00:15Z</time></trkpt>
<trkpt lat="47.993427" lon="-121.121907"><ele>1546.8</ele><time>2024-08-29T21:00:50Z</time></trkpt>
<trkpt lat="47.993559" lon="-121.121518"><ele>1543.4</ele><time>2024-08-29T21:01:24Z</time></trkpt>
<trkpt lat="47.993709" lon="-121.121509"><ele>1540.0</ele><time>2024-08-29T21:01:46Z</time></trkpt>
<trkpt lat="47.993741" lon="-121.121648"><ele>1537.8</ele><time>2024-08-29T21:02:07Z</time></trkpt>
<trkpt lat="47.993690" lon="-121.121575"><ele>1537.2</ele><time>2024-08-29T21:02:08Z</time></trkpt>
<trkpt lat="47.993866" lon="-121.121594"><ele>1538.0</ele><time>2024-08-29T21:02:13Z</time></trkpt>
<trkpt lat="47.994245" lon="-121.121399"><ele>1531.6</ele><time>2024-08-29T21:02:47Z</time></trkpt>
<trkpt lat="47.994253" lon="-121.121169"><ele>1529.0</ele><time>2024-08-29T21:03:02Z</time></trkpt>
<trkpt lat="47.994202" lon="-121.121177"><ele>1528.8</ele><time>2024-08-29T21:03:03Z</time></trkpt>
<trkpt lat="47.994167" lon="-121.121044"><ele>1528.0</ele><time>2024-08-29T21:03:09Z</time></trkpt>
<trkpt lat="47.994345" lon="-121.120954"><ele>1525.4</ele><time>2024-08-29T21:03:22Z</time></trkpt>
<trkpt lat="47.995522" lon="-121.121011"><ele>1509.0</ele><time>2024-08-29T21:05:18Z</time></trkpt>
<trkpt lat="47.996095" lon="-121.121410"><ele>1506.0</ele><time>2024-08-29T21:06:03Z</time></trkpt>
<trkpt lat="47.996247" lon="-121.121352"><ele>1502.4</ele><time>2024-08-29T21:07:10Z</time></trkpt>
<trkpt lat="47.996228" lon="-121.121296"><ele>1502.2</ele><time>2024-08-29T21:07:16Z</time></trkpt>
<trkpt lat="47.996178" lon="-121.121348"><ele>1502.0</ele><time>2024-08-29T21:07:22Z</time></trkpt>
<trkpt lat="47.996230" lon="-121.121213"><ele>1503.4</ele><time>2024-08-29T21:09:10Z</time></trkpt>
<trkpt lat="47.996191" lon="-121.121250"><ele>1503.6</ele><time>2024-08-29T21:09:12Z</time></trkpt>
<trkpt lat="47.996236" lon="-121.121304"><ele>1503.8</ele><time>2024-08-29T21:09:21Z</time></trkpt>
<trkpt lat="47.996174" lon="-121.121344"><ele>1505.6</ele><time>2024-08-29T21:10:57Z</time></trkpt>
<trkpt lat="47.996264" lon="-121.121372"><ele>1505.6</ele><time>2024-08-29T21:11:16Z</time></trkpt>
<trkpt lat="47.996228" lon="-121.121431"><ele>1506.0</ele><time>2024-08-29T21:11:22Z</time></trkpt>
<trkpt lat="47.996188" lon="-121.121367"><ele>1507.0</ele><time>2024-08-29T21:13:07Z</time></trkpt>
<trkpt lat="47.996253" lon="-121.121347"><ele>1507.0</ele><time>2024-08-29T21:13:15Z</time></trkpt>
<trkpt lat="47.996295" lon="-121.121458"><ele>1508.8</ele><time>2024-08-29T21:15:09Z</time></trkpt>
<trkpt lat="47.996254" lon="-121.121404"><ele>1508.8</ele><time>2024-08-29T21:15:18Z</time></trkpt>
<trkpt lat="47.997053" lon="-121.121175"><ele>1509.4</ele><time>2024-08-29T21:17:23Z</time></trkpt>
<trkpt lat="47.998124" lon="-121.121245"><ele>1514.8</ele><time>2024-08-29T21:19:04Z</time></trkpt>
<trkpt lat="47.998661" lon="-121.121812"><ele>1521.6</ele><time>2024-08-29T21:19:52Z</time></trkpt>
<trkpt lat="47.999006" lon="-121.122054"><ele>1528.4</ele><time>2024-08-29T21:20:52Z</time></trkpt>
<trkpt lat="47.999211" lon="-121.122335"><ele>1531.6</ele><time>2024-08-29T21:21:08Z</time></trkpt>
<trkpt lat="47.999390" lon="-121.122309"><ele>1534.4</ele><time>2024-08-29T21:21:25Z</time></trkpt>
<trkpt lat="47.999421" lon="-121.122947"><ele>1537.6</ele><time>2024-08-29T21:21:58Z</time></trkpt>
<trkpt lat="47.999545" lon="-121.123500"><ele>1542.2</ele><time>2024-08-29T21:22:46Z</time></trkpt>
<trkpt lat="47.999478" lon="-121.123908"><ele>1544.4</ele><time>2024-08-29T21:23:06Z</time></trkpt>
<trkpt lat="47.999547" lon="-121.124157"><ele>1545.4</ele><time>2024-08-29T21:23:19Z</time></trkpt>
<trkpt lat="47.999679" lon="-121.125643"><ele>1552.4</ele><time>2024-08-29T21:24:28Z</time></trkpt>
<trkpt lat="47.999782" lon="-121.126092"><ele>1557.4</ele><time>2024-08-29T21:25:08Z</time></trkpt>
<trkpt lat="47.999841" lon="-121.126068"><ele>1557.8</ele><time>2024-08-29T21:25:10Z</time></trkpt>
<trkpt lat="47.999856" lon="-121.126188"><ele>1559.0</ele><time>2024-08-29T21:25:19Z</time></trkpt>
<trkpt lat="48.000211" lon="-121.126464"><ele>1563.2</ele><time>2024-08-29T21:25:48Z</time></trkpt>
<trkpt lat="48.000810" lon="-121.126639"><ele>1571.6</ele><time>2024-08-29T21:27:02Z</time></trkpt>
<trkpt lat="48.001080" lon="-121.126869"><ele>1573.8</ele><time>2024-08-29T21:27:21Z</time></trkpt>
<trkpt lat="48.001495" lon="-121.126716"><ele>1574.8</ele><time>2024-08-29T21:27:45Z</time></trkpt>
<trkpt lat="48.001800" lon="-121.126495"><ele>1574.8</ele><time>2024-08-29T21:28:07Z</time></trkpt>
<trkpt lat="48.002290" lon="-121.126358"><ele>1579.4</ele><time>2024-08-29T21:29:07Z</time></trkpt>
<trkpt lat="48.002263" lon="-121.126215"><ele>1579.8</ele><time>2024-08-29T21:29:14Z</time></trkpt>
<trkpt lat="48.003249" lon="-121.124991"><ele>1592.6</ele><time>2024-08-29T21:31:05Z</time></trkpt>
<trkpt lat="48.003153" lon="-121.124947"><ele>1593.2</ele><time>2024-08-29T21:31:08Z</time></trkpt>
<trkpt lat="48.003206" lon="-121.124712"><ele>1594.4</ele><time>2024-08-29T21:31:22Z</time></trkpt>
<trkpt lat="48.003920" lon="-121.124139"><ele>1600.0</ele><time>2024-08-29T21:33:20Z</time></trkpt>
<trkpt lat="48.004387" lon="-121.123951"><ele>1603.0</ele><time>2024-08-29T21:35:09Z</time></trkpt>
<trkpt lat="48.004620" lon="-121.124026"><ele>1604.0</ele><time>2024-08-29T21:37:08Z</time></trkpt>
<trkpt lat="48.004578" lon="-121.123956"><ele>1603.4</ele><time>2024-08-29T21:37:25Z</time></trkpt>
<trkpt lat="48.004505" lon="-121.123988"><ele>1603.0</ele><time>2024-08-29T21:39:14Z</time></trkpt>
<trkpt lat="48.004508" lon="-121.123901"><ele>1603.0</ele><time>2024-08-29T21:39:23Z</time></trkpt>
<trkpt lat="48.004576" lon="-121.124060"><ele>1603.4</ele><time>2024-08-29T21:41:09Z</time></trkpt>
<trkpt lat="48.004606" lon="-121.123979"><ele>1604.0</ele><time>2024-08-29T21:41:15Z</time></trkpt>
<trkpt lat="48.004495" lon="-121.123939"><ele>1603.6</ele><time>2024-08-29T21:41:26Z</time></trkpt>
<trkpt lat="48.005003" lon="-121.124268"><ele>1616.8</ele><time>2024-08-29T21:42:45Z</time></trkpt>
<trkpt lat="48.005274" lon="-121.124640"><ele>1621.4</ele><time>2024-08-29T21:43:14Z</time></trkpt>
<trkpt lat="48.005377" lon="-121.124629"><ele>1622.0</ele><time>2024-08-29T21:43:21Z</time></trkpt>
<trkpt lat="48.005609" lon="-121.124817"><ele>1623.6</ele><time>2024-08-29T21:43:49Z</time></trkpt>
<trkpt lat="48.006142" lon="-121.125670"><ele>1623.8</ele><time>2024-08-29T21:45:14Z</time></trkpt>
<trkpt lat="48.006191" lon="-121.125592"><ele>1623.4</ele><time>2024-08-29T21:45:22Z</time></trkpt>
<trkpt lat="48.006491" lon="-121.125816"><ele>1624.0</ele><time>2024-08-29T21:46:35Z</time></trkpt>
<trkpt lat="48.006782" lon="-121.126095"><ele>1626.2</ele><time>2024-08-29T21:47:08Z</time></trkpt>
<trkpt lat="48.006712" lon="-121.126279"><ele>1626.6</ele><time>2024-08-29T21:47:21Z</time></trkpt>
<trkpt lat="48.006828" lon="-121.126426"><ele>1627.4</ele><time>2024-08-29T21:47:29Z</time></trkpt>
<trkpt lat="48.007240" lon="-121.126599"><ele>1628.4</ele><time>2024-08-29T21:49:01Z</time></trkpt>
<trkpt lat="48.007457" lon="-121.126893"><ele>1627.0</ele><time>2024-08-29T21:49:19Z</time></trkpt>
<trkpt lat="48.008345" lon="-121.126356"><ele>1631.4</ele><time>2024-08-29T21:51:07Z</time></trkpt>
<trkpt lat="48.008320" lon="-121.126404"><ele>1631.2</ele><time>2024-08-29T21:51:11Z</time></trkpt>
<trkpt lat="48.008266" lon="-121.126423"><ele>1631.0</ele><time>2024-08-29T21:51:16Z</time></trkpt>
<trkpt lat="48.008701" lon="-121.126034"><ele>1630.0</ele><time>2024-08-29T21:51:55Z</time></trkpt>
<trkpt lat="48.009353" lon="-121.125718"><ele>1634.8</ele><time>2024-08-29T21:53:08Z</time></trkpt>
<trkpt lat="48.010201" lon="-121.125826"><ele>1635.4</ele><time>2024-08-29T21:54:13Z</time></trkpt>
<trkpt lat="48.010843" lon="-121.126140"><ele>1636.2</ele><time>2024-08-29T21:55:09Z</time></trkpt>
<trkpt lat="48.010940" lon="-121.126097"><ele>1637.0</ele><time>2024-08-29T21:55:12Z</time></trkpt>
<trkpt lat="48.011695" lon="-121.126790"><ele>1639.4</ele><time>2024-08-29T21:57:03Z</time></trkpt>
<trkpt lat="48.011915" lon="-121.126765"><ele>1640.4</ele><time>2024-08-29T21:57:18Z</time></trkpt>
<trkpt lat="48.012504" lon="-121.126909"><ele>1647.2</ele><time>2024-08-29T21:58:13Z</time></trkpt>
<trkpt lat="48.012857" lon="-121.126878"><ele>1642.6</ele><time>2024-08-29T21:59:10Z</time></trkpt>
<trkpt lat="48.013822" lon="-121.127513"><ele>1637.8</ele><time>2024-08-29T22:00:54Z</time></trkpt>
<trkpt lat="48.014106" lon="-121.128125"><ele>1639.2</ele><time>2024-08-29T22:01:27Z</time></trkpt>
<trkpt lat="48.014290" lon="-121.128237"><ele>1638.2</ele><time>2024-08-29T22:01:39Z</time></trkpt>
<trkpt lat="48.014425" lon="-121.128498"><ele>1639.6</ele><time>2024-08-29T22:02:35Z</time></trkpt>
<trkpt lat="48.014750" lon="-121.128617"><ele>1638.0</ele><time>2024-08-29T22:03:19Z</time></trkpt>
<trkpt lat="48.014744" lon="-121.128689"><ele>1638.2</ele><time>2024-08-29T22:05:08Z</time></trkpt>
<trkpt lat="48.014724" lon="-121.128611"><ele>1638.2</ele><time>2024-08-29T22:05:13Z</time></trkpt>
<trkpt lat="48.014888" lon="-121.128592"><ele>1639.8</ele><time>2024-08-29T22:07:15Z</time></trkpt>
<trkpt lat="48.014820" lon="-121.128636"><ele>1639.8</ele><time>2024-08-29T22:07:20Z</time></trkpt>
<trkpt lat="48.015027" lon="-121.128208"><ele>1640.6</ele><time>2024-08-29T22:09:09Z</time></trkpt>
<trkpt lat="48.014943" lon="-121.128293"><ele>1641.4</ele><time>2024-08-29T22:09:13Z</time></trkpt>
<trkpt lat="48.014871" lon="-121.128570"><ele>1641.4</ele><time>2024-08-29T22:09:17Z</time></trkpt>
<trkpt lat="48.014773" lon="-121.128633"><ele>1641.0</ele><time>2024-08-29T22:09:20Z</time></trkpt>
<trkpt lat="48.014786" lon="-121.128505"><ele>1640.6</ele><time>2024-08-29T22:11:11Z</time></trkpt>
<trkpt lat="48.014707" lon="-121.128617"><ele>1641.4</ele><time>2024-08-29T22:12:16Z</time></trkpt>
<trkpt lat="48.014842" lon="-121.128679"><ele>1641.8</ele><time>2024-08-29T22:13:27Z</time></trkpt>
<trkpt lat="48.014760" lon="-121.128536"><ele>1641.8</ele><time>2024-08-29T22:15:15Z</time></trkpt>
<trkpt lat="48.014752" lon="-121.128633"><ele>1641.8</ele><time>2024-08-29T22:15:23Z</time></trkpt>
<trkpt lat="48.014624" lon="-121.128596"><ele>1641.6</ele><time>2024-08-29T22:17:12Z</time></trkpt>
<trkpt lat="48.014776" lon="-121.128479"><ele>1641.6</ele><time>2024-08-29T22:17:14Z</time></trkpt>
<trkpt lat="48.014751" lon="-121.128612"><ele>1641.4</ele><time>2024-08-29T22:17:18Z</time></trkpt>
<trkpt lat="48.014796" lon="-121.128609"><ele>1641.4</ele><time>2024-08-29T22:17:22Z</time></trkpt>
<trkpt lat="48.014610" lon="-121.128768"><ele>1642.0</ele><time>2024-08-29T22:19:08Z</time></trkpt>
<trkpt lat="48.014800" lon="-121.128634"><ele>1641.8</ele><time>2024-08-29T22:19:24Z</time></trkpt>
<trkpt lat="48.014666" lon="-121.128501"><ele>1641.0</ele><time>2024-08-29T22:21:08Z</time></trkpt>
<trkpt lat="48.014721" lon="-121.128672"><ele>1641.2</ele><time>2024-08-29T22:21:14Z</time></trkpt>
<trkpt lat="48.014719" lon="-121.128556"><ele>1640.8</ele><time>2024-08-29T22:21:26Z</time></trkpt>
<trkpt lat="48.014769" lon="-121.128668"><ele>1642.4</ele><time>2024-08-29T22:23:21Z</time></trkpt>
<trkpt lat="48.014649" lon="-121.128651"><ele>1643.0</ele><time>2024-08-29T22:25:09Z</time></trkpt>
<trkpt lat="48.014754" lon="-121.128563"><ele>1642.8</ele><time>2024-08-29T22:25:15Z</time></trkpt>
<trkpt lat="48.014635" lon="-121.128701"><ele>1643.6</ele><time>2024-08-29T22:27:08Z</time></trkpt>
<trkpt lat="48.014771" lon="-121.128598"><ele>1643.6</ele><time>2024-08-29T22:27:14Z</time></trkpt>
<trkpt lat="48.014734" lon="-121.128554"><ele>1643.2</ele><time>2024-08-29T22:27:22Z</time></trkpt>
<trkpt lat="48.014717" lon="-121.128619"><ele>1642.2</ele><time>2024-08-29T22:27:45Z</time></trkpt>
<trkpt lat="48.014791" lon="-121.128629"><ele>1641.2</ele><time>2024-08-29T22:29:26Z</time></trkpt>
<trkpt lat="48.014692" lon="-121.128609"><ele>1642.8</ele><time>2024-08-29T22:31:14Z</time></trkpt>
<trkpt lat="48.014744" lon="-121.128529"><ele>1642.2</ele><time>2024-08-29T22:31:25Z</time></trkpt>
<trkpt lat="48.014821" lon="-121.128551"><ele>1643.2</ele><time>2024-08-29T22:33:12Z</time></trkpt>
<trkpt lat="48.014760" lon="-121.128623"><ele>1643.2</ele><time>2024-08-29T22:33:18Z</time></trkpt>
<trkpt lat="48.014857" lon="-121.128586"><ele>1643.2</ele><time>2024-08-29T22:33:22Z</time></trkpt>
<trkpt lat="48.014802" lon="-121.128501"><ele>1644.8</ele><time>2024-08-29T22:35:10Z</time></trkpt>
<trkpt lat="48.014837" lon="-121.128570"><ele>1644.8</ele><time>2024-08-29T22:35:15Z</time></trkpt>
<trkpt lat="48.014668" lon="-121.128605"><ele>1646.0</ele><time>2024-08-29T22:37:19Z</time></trkpt>
<trkpt lat="48.014923" lon="-121.128521"><ele>1644.8</ele><time>2024-08-29T22:39:19Z</time></trkpt>
<trkpt lat="48.014834" lon="-121.128494"><ele>1644.6</ele><time>2024-08-29T22:39:20Z</time></trkpt>
<trkpt lat="48.014882" lon="-121.128432"><ele>1643.8</ele><time>2024-08-29T22:39:26Z</time></trkpt>
<trkpt lat="48.014904" lon="-121.128064"><ele>1641.6</ele><time>2024-08-29T22:39:48Z</time></trkpt>
<trkpt lat="48.014560" lon="-121.127753"><ele>1639.2</ele><time>2024-08-29T22:41:23Z</time></trkpt>
<trkpt lat="48.015038" lon="-121.127871"><ele>1640.8</ele><time>2024-08-29T22:43:02Z</time></trkpt>
<trkpt lat="48.015189" lon="-121.127983"><ele>1640.2</ele><time>2024-08-29T22:43:14Z</time></trkpt>
<trkpt lat="48.015360" lon="-121.127765"><ele>1639.6</ele><time>2024-08-29T22:43:39Z</time></trkpt>
<trkpt lat="48.015530" lon="-121.127679"><ele>1635.8</ele><time>2024-08-29T22:45:19Z</time></trkpt>
<trkpt lat="48.015732" lon="-121.127197"><ele>1629.4</ele><time>2024-08-29T22:46:08Z</time></trkpt>
<trkpt lat="48.016050" lon="-121.126706"><ele>1622.8</ele><time>2024-08-29T22:47:22Z</time></trkpt>
<trkpt lat="48.016442" lon="-121.126339"><ele>1614.2</ele><time>2024-08-29T22:48:54Z</time></trkpt>
<trkpt lat="48.016735" lon="-121.125904"><ele>1608.8</ele><time>2024-08-29T22:49:36Z</time></trkpt>
<trkpt lat="48.016890" lon="-121.125391"><ele>1604.2</ele><time>2024-08-29T22:50:22Z</time></trkpt>
<trkpt lat="48.016828" lon="-121.125363"><ele>1600.0</ele><time>2024-08-29T22:51:14Z</time></trkpt>
<trkpt lat="48.016942" lon="-121.125296"><ele>1598.8</ele><time>2024-08-29T22:51:19Z</time></trkpt>
<trkpt lat="48.016843" lon="-121.125336"><ele>1597.8</ele><time>2024-08-29T22:51:27Z</time></trkpt>
<trkpt lat="48.016990" lon="-121.125069"><ele>1594.4</ele><time>2024-08-29T22:52:06Z</time></trkpt>
<trkpt lat="48.017017" lon="-121.124814"><ele>1585.6</ele><time>2024-08-29T22:53:06Z</time></trkpt>
<trkpt lat="48.017183" lon="-121.124572"><ele>1583.2</ele><time>2024-08-29T22:53:38Z</time></trkpt>
<trkpt lat="48.017189" lon="-121.124678"><ele>1581.8</ele><time>2024-08-29T22:54:18Z</time></trkpt>
<trkpt lat="48.017265" lon="-121.124739"><ele>1583.6</ele><time>2024-08-29T22:55:21Z</time></trkpt>
<trkpt lat="48.017207" lon="-121.124739"><ele>1585.6</ele><time>2024-08-29T22:55:27Z</time></trkpt>
<trkpt lat="48.017496" lon="-121.124507"><ele>1584.4</ele><time>2024-08-29T22:56:26Z</time></trkpt>
<trkpt lat="48.018002" lon="-121.124420"><ele>1577.2</ele><time>2024-08-29T22:57:14Z</time></trkpt>
<trkpt lat="48.017730" lon="-121.123942"><ele>1576.8</ele><time>2024-08-29T22:57:17Z</time></trkpt>
<trkpt lat="48.017898" lon="-121.123696"><ele>1571.0</ele><time>2024-08-29T22:57:51Z</time></trkpt>
<trkpt lat="48.017933" lon="-121.123426"><ele>1568.6</ele><time>2024-08-29T22:58:05Z</time></trkpt>
<trkpt lat="48.018219" lon="-121.122541"><ele>1558.8</ele><time>2024-08-29T22:59:17Z</time></trkpt>
<trkpt lat="48.018596" lon="-121.123062"><ele>1558.4</ele><time>2024-08-29T22:59:21Z</time></trkpt>
<trkpt lat="48.018449" lon="-121.122615"><ele>1557.8</ele><time>2024-08-29T22:59:27Z</time></trkpt>
<trkpt lat="48.019106" lon="-121.122012"><ele>1550.0</ele><time>2024-08-29T23:01:08Z</time></trkpt>
<trkpt lat="48.019188" lon="-121.121816"><ele>1550.6</ele><time>2024-08-29T23:01:14Z</time></trkpt>
<trkpt lat="48.019164" lon="-121.121724"><ele>1550.6</ele><time>2024-08-29T23:01:18Z</time></trkpt>
<trkpt lat="48.019299" lon="-121.121694"><ele>1550.4</ele><time>2024-08-29T23:01:28Z</time></trkpt>
<trkpt lat="48.019280" lon="-121.121590"><ele>1549.0</ele><time>2024-08-29T23:01:38Z</time></trkpt>
<trkpt lat="48.019482" lon="-121.121321"><ele>1547.2</ele><time>2024-08-29T23:02:10Z</time></trkpt>
<trkpt lat="48.019743" lon="-121.121165"><ele>1547.2</ele><time>2024-08-29T23:02:35Z</time></trkpt>
<trkpt lat="48.019728" lon="-121.121215"><ele>1546.6</ele><time>2024-08-29T23:02:39Z</time></trkpt>
<trkpt lat="48.019813" lon="-121.121016"><ele>1545.4</ele><time>2024-08-29T23:03:14Z</time></trkpt>
<trkpt lat="48.019863" lon="-121.121029"><ele>1545.0</ele><time>2024-08-29T23:03:20Z</time></trkpt>
<trkpt lat="48.019771" lon="-121.121098"><ele>1544.6</ele><time>2024-08-29T23:03:26Z</time></trkpt>
<trkpt lat="48.020087" lon="-121.121031"><ele>1544.0</ele><time>2024-08-29T23:03:50Z</time></trkpt>
<trkpt lat="48.021161" lon="-121.120053"><ele>1522.2</ele><time>2024-08-29T23:06:33Z</time></trkpt>
<trkpt lat="48.021579" lon="-121.119912"><ele>1512.0</ele><time>2024-08-29T23:07:51Z</time></trkpt>
<trkpt lat="48.022120" lon="-121.119380"><ele>1507.4</ele><time>2024-08-29T23:08:29Z</time></trkpt>
<trkpt lat="48.022483" lon="-121.119169"><ele>1504.2</ele><time>2024-08-29T23:08:53Z</time></trkpt>
<trkpt lat="48.022666" lon="-121.118897"><ele>1498.8</ele><time>2024-08-29T23:09:27Z</time></trkpt>
<trkpt lat="48.023453" lon="-121.118235"><ele>1482.0</ele><time>2024-08-29T23:11:02Z</time></trkpt>
<trkpt lat="48.023800" lon="-121.118388"><ele>1477.6</ele><time>2024-08-29T23:11:28Z</time></trkpt>
<trkpt lat="48.023856" lon="-121.118514"><ele>1473.6</ele><time>2024-08-29T23:11:53Z</time></trkpt>
<trkpt lat="48.024199" lon="-121.118853"><ele>1467.0</ele><time>2024-08-29T23:12:41Z</time></trkpt>
<trkpt lat="48.024311" lon="-121.118894"><ele>1464.8</ele><time>2024-08-29T23:12:57Z</time></trkpt>
<trkpt lat="48.024499" lon="-121.118644"><ele>1460.2</ele><time>2024-08-29T23:13:20Z</time></trkpt>
<trkpt lat="48.024124" lon="-121.117685"><ele>1450.2</ele><time>2024-08-29T23:14:27Z</time></trkpt>
<trkpt lat="48.023819" lon="-121.117415"><ele>1443.8</ele><time>2024-08-29T23:15:05Z</time></trkpt>
<trkpt lat="48.023493" lon="-121.117340"><ele>1439.2</ele><time>2024-08-29T23:15:31Z</time></trkpt>
<trkpt lat="48.022554" lon="-121.117319"><ele>1423.6</ele><time>2024-08-29T23:17:31Z</time></trkpt>
<trkpt lat="48.021466" lon="-121.117478"><ele>1401.6</ele><time>2024-08-29T23:29:38Z</time></trkpt>
<trkpt lat="48.021549" lon="-121.117555"><ele>1402.8</ele><time>2024-08-29T23:31:16Z</time></trkpt>
<trkpt lat="48.021541" lon="-121.117695"><ele>1402.8</ele><time>2024-08-29T23:31:27Z</time></trkpt>
<trkpt lat="48.021510" lon="-121.117449"><ele>1400.8</ele><time>2024-08-29T23:33:24Z</time></trkpt>
<trkpt lat="48.021627" lon="-121.117613"><ele>1400.8</ele><time>2024-08-29T23:33:29Z</time></trkpt>
<trkpt lat="48.021564" lon="-121.117625"><ele>1399.6</ele><time>2024-08-29T23:35:18Z</time></trkpt>
<trkpt lat="48.021916" lon="-121.117500"><ele>1401.0</ele><time>2024-08-29T23:37:13Z</time></trkpt>
<trkpt lat="48.021702" lon="-121.117547"><ele>1401.2</ele><time>2024-08-29T23:37:20Z</time></trkpt>
<trkpt lat="48.021583" lon="-121.117477"><ele>1401.8</ele><time>2024-08-29T23:37:28Z</time></trkpt>
<trkpt lat="48.021601" lon="-121.117658"><ele>1403.0</ele><time>2024-08-29T23:40:48Z</time></trkpt>
<trkpt lat="48.021546" lon="-121.117617"><ele>1403.6</ele><time>2024-08-29T23:41:18Z</time></trkpt>
<trkpt lat="48.021624" lon="-121.117616"><ele>1403.6</ele><time>2024-08-29T23:41:22Z</time></trkpt>
<trkpt lat="48.021569" lon="-121.117547"><ele>1404.0</ele><time>2024-08-29T23:41:31Z</time></trkpt>
<trkpt lat="48.021693" lon="-121.117491"><ele>1407.2</ele><time>2024-08-29T23:43:09Z</time></trkpt>
<trkpt lat="48.020744" lon="-121.117862"><ele>1397.8</ele><time>2024-08-29T23:47:09Z</time></trkpt>
<trkpt lat="48.020634" lon="-121.117745"><ele>1396.2</ele><time>2024-08-29T23:47:27Z</time></trkpt>
<trkpt lat="48.020383" lon="-121.117853"><ele>1391.6</ele><time>2024-08-29T23:49:20Z</time></trkpt>
<trkpt lat="48.020360" lon="-121.117767"><ele>1391.6</ele><time>2024-08-29T23:49:27Z</time></trkpt>
<trkpt lat="48.020385" lon="-121.117820"><ele>1390.8</ele><time>2024-08-29T23:50:51Z</time></trkpt>
<trkpt lat="48.020271" lon="-121.117762"><ele>1388.8</ele><time>2024-08-29T23:51:16Z</time></trkpt>
<trkpt lat="48.020655" lon="-121.117492"><ele>1384.6</ele><time>2024-08-29T23:53:22Z</time></trkpt>
<trkpt lat="48.020670" lon="-121.117406"><ele>1384.0</ele><time>2024-08-29T23:53:26Z</time></trkpt>
<trkpt lat="48.021210" lon="-121.116855"><ele>1373.6</ele><time>2024-08-29T23:55:23Z</time></trkpt>
<trkpt lat="48.021196" lon="-121.116776"><ele>1372.8</ele><time>2024-08-29T23:55:28Z</time></trkpt>
<trkpt lat="48.021326" lon="-121.116576"><ele>1371.6</ele><time>2024-08-29T23:55:43Z</time></trkpt>
<trkpt lat="48.021711" lon="-121.116200"><ele>1360.6</ele><time>2024-08-29T23:57:03Z</time></trkpt>
<trkpt lat="48.021963" lon="-121.116054"><ele>1358.4</ele><time>2024-08-29T23:57:18Z</time></trkpt>
<trkpt lat="48.021934" lon="-121.116015"><ele>1358.2</ele><time>2024-08-29T23:57:24Z</time></trkpt>
<trkpt lat="48.023441" lon="-121.115500"><ele>1329.4</ele><time>2024-08-30T00:03:42Z</time></trkpt>
<trkpt lat="48.023765" lon="-121.115191"><ele>1323.8</ele><time>2024-08-30T00:04:14Z</time></trkpt>
<trkpt lat="48.023908" lon="-121.115194"><ele>1321.6</ele><time>2024-08-30T00:04:32Z</time></trkpt>
<trkpt lat="48.024805" lon="-121.114543"><ele>1312.6</ele><time>2024-08-30T00:05:20Z</time></trkpt>
<trkpt lat="48.024959" lon="-121.114575"><ele>1310.2</ele><time>2024-08-30T00:05:33Z</time></trkpt>
<trkpt lat="48.025150" lon="-121.114494"><ele>1309.0</ele><time>2024-08-30T00:05:42Z</time></trkpt>
<trkpt lat="48.025369" lon="-121.114189"><ele>1303.4</ele><time>2024-08-30T00:06:18Z</time></trkpt>
<trkpt lat="48.025669" lon="-121.114196"><ele>1296.6</ele><time>2024-08-30T00:06:52Z</time></trkpt>
<trkpt lat="48.025977" lon="-121.114333"><ele>1292.6</ele><time>2024-08-30T00:07:23Z</time></trkpt>
<trkpt lat="48.026125" lon="-121.114494"><ele>1290.0</ele><time>2024-08-30T00:07:35Z</time></trkpt>
<trkpt lat="48.026366" lon="-121.115043"><ele>1281.6</ele><time>2024-08-30T00:08:17Z</time></trkpt>
<trkpt lat="48.026442" lon="-121.115027"><ele>1279.4</ele><time>2024-08-30T00:08:27Z</time></trkpt>
<trkpt lat="48.026522" lon="-121.115132"><ele>1277.0</ele><time>2024-08-30T00:09:16Z</time></trkpt>
<trkpt lat="48.026557" lon="-121.114881"><ele>1277.8</ele><time>2024-08-30T00:09:27Z</time></trkpt>
<trkpt lat="48.026423" lon="-121.114789"><ele>1279.4</ele><time>2024-08-30T00:10:27Z</time></trkpt>
<trkpt lat="48.026340" lon="-121.114577"><ele>1275.0</ele><time>2024-08-30T00:11:32Z</time></trkpt>
<trkpt lat="48.026770" lon="-121.114741"><ele>1258.2</ele><time>2024-08-30T00:13:05Z</time></trkpt>
<trkpt lat="48.027070" lon="-121.114614"><ele>1257.8</ele><time>2024-08-30T00:13:18Z</time></trkpt>
<trkpt lat="48.026885" lon="-121.114747"><ele>1257.8</ele><time>2024-08-30T00:13:20Z</time></trkpt>
<trkpt lat="48.026922" lon="-121.114610"><ele>1257.6</ele><time>2024-08-30T00:13:24Z</time></trkpt>
<trkpt lat="48.026856" lon="-121.114585"><ele>1257.0</ele><time>2024-08-30T00:13:30Z</time></trkpt>
<trkpt lat="48.027049" lon="-121.114123"><ele>1245.8</ele><time>2024-08-30T00:15:16Z</time></trkpt>
<trkpt lat="48.026959" lon="-121.114051"><ele>1246.6</ele><time>2024-08-30T00:15:33Z</time></trkpt>
<trkpt lat="48.027106" lon="-121.114049"><ele>1244.8</ele><time>2024-08-30T00:15:50Z</time></trkpt>
<trkpt lat="48.027219" lon="-121.114056"><ele>1234.0</ele><time>2024-08-30T00:16:56Z</time></trkpt>
<trkpt lat="48.027345" lon="-121.114132"><ele>1232.8</ele><time>2024-08-30T00:17:19Z</time></trkpt>
<trkpt lat="48.027289" lon="-121.114069"><ele>1232.8</ele><time>2024-08-30T00:17:23Z</time></trkpt>
<trkpt lat="48.027436" lon="-121.114051"><ele>1232.6</ele><time>2024-08-30T00:17:26Z</time></trkpt>
<trkpt lat="48.027449" lon="-121.113975"><ele>1232.6</ele><time>2024-08-30T00:17:32Z</time></trkpt>
<trkpt lat="48.027601" lon="-121.114002"><ele>1229.4</ele><time>2024-08-30T00:17:50Z</time></trkpt>
<trkpt lat="48.027929" lon="-121.113808"><ele>1223.2</ele><time>2024-08-30T00:19:17Z</time></trkpt>
<trkpt lat="48.027867" lon="-121.113916"><ele>1223.2</ele><time>2024-08-30T00:19:18Z</time></trkpt>
<trkpt lat="48.027982" lon="-121.113889"><ele>1221.8</ele><time>2024-08-30T00:19:31Z</time></trkpt>
<trkpt lat="48.027979" lon="-121.113824"><ele>1221.0</ele><time>2024-08-30T00:19:40Z</time></trkpt>
<trkpt lat="48.028253" lon="-121.113644"><ele>1219.8</ele><time>2024-08-30T00:20:12Z</time></trkpt>
<trkpt lat="48.028204" lon="-121.113574"><ele>1217.8</ele><time>2024-08-30T00:20:29Z</time></trkpt>
<trkpt lat="48.028733" lon="-121.113290"><ele>1212.0</ele><time>2024-08-30T00:22:18Z</time></trkpt>
<trkpt lat="48.028591" lon="-121.113387"><ele>1211.8</ele><time>2024-08-30T00:22:22Z</time></trkpt>
<trkpt lat="48.028589" lon="-121.113250"><ele>1207.0</ele><time>2024-08-30T00:24:25Z</time></trkpt>
<trkpt lat="48.028540" lon="-121.113355"><ele>1207.2</ele><time>2024-08-30T00:24:31Z</time></trkpt>
<trkpt lat="48.028593" lon="-121.113302"><ele>1207.4</ele><time>2024-08-30T00:24:41Z</time></trkpt>
<trkpt lat="48.028608" lon="-121.113424"><ele>1211.8</ele><time>2024-08-30T00:26:19Z</time></trkpt>
<trkpt lat="48.028611" lon="-121.113120"><ele>1210.0</ele><time>2024-08-30T00:28:19Z</time></trkpt>
<trkpt lat="48.028536" lon="-121.113498"><ele>1211.4</ele><time>2024-08-30T00:30:01Z</time></trkpt>
<trkpt lat="48.028446" lon="-121.113550"><ele>1211.2</ele><time>2024-08-30T00:30:18Z</time></trkpt>
<trkpt lat="48.028580" lon="-121.113557"><ele>1211.2</ele><time>2024-08-30T00:30:24Z</time></trkpt>
<trkpt lat="48.028572" lon="-121.113624"><ele>1216.8</ele><time>2024-08-30T00:32:34Z</time></trkpt>
<trkpt lat="48.028515" lon="-121.113590"><ele>1222.6</ele><time>2024-08-30T00:33:07Z</time></trkpt>
<trkpt lat="48.028430" lon="-121.113494"><ele>1218.4</ele><time>2024-08-30T00:34:30Z</time></trkpt>
<trkpt lat="48.028823" lon="-121.114038"><ele>1232.8</ele><time>2024-08-30T00:36:32Z</time></trkpt>
<trkpt lat="48.028694" lon="-121.114169"><ele>1232.8</ele><time>2024-08-30T00:36:43Z</time></trkpt>
<trkpt lat="48.028809" lon="-121.114019"><ele>1232.2</ele><time>2024-08-30T00:37:21Z</time></trkpt>
<trkpt lat="48.028818" lon="-121.114111"><ele>1233.2</ele><time>2024-08-30T00:37:28Z</time></trkpt>
<trkpt lat="48.029001" lon="-121.113936"><ele>1233.4</ele><time>2024-08-30T00:39:29Z</time></trkpt>
<trkpt lat="48.028818" lon="-121.114235"><ele>1232.6</ele><time>2024-08-30T00:41:21Z</time></trkpt>
<trkpt lat="48.028815" lon="-121.114099"><ele>1232.8</ele><time>2024-08-30T00:41:30Z</time></trkpt>
<trkpt lat="48.029000" lon="-121.114003"><ele>1228.0</ele><time>2024-08-30T00:43:19Z</time></trkpt>
<trkpt lat="48.028920" lon="-121.114029"><ele>1227.8</ele><time>2024-08-30T00:43:22Z</time></trkpt>
<trkpt lat="48.028868" lon="-121.113920"><ele>1227.8</ele><time>2024-08-30T00:43:23Z</time></trkpt>
<trkpt lat="48.028805" lon="-121.113979"><ele>1227.2</ele><time>2024-08-30T00:43:34Z</time></trkpt>
<trkpt lat="48.029262" lon="-121.112949"><ele>1212.8</ele><time>2024-08-30T00:47:17Z</time></trkpt>
<trkpt lat="48.029177" lon="-121.112861"><ele>1212.2</ele><time>2024-08-30T00:47:27Z</time></trkpt>
<trkpt lat="48.029222" lon="-121.112583"><ele>1208.8</ele><time>2024-08-30T00:49:17Z</time></trkpt>
<trkpt lat="48.029299" lon="-121.112572"><ele>1208.8</ele><time>2024-08-30T00:49:22Z</time></trkpt>
<trkpt lat="48.029280" lon="-121.112680"><ele>1209.0</ele><time>2024-08-30T00:49:33Z</time></trkpt>
<trkpt lat="48.029589" lon="-121.112253"><ele>1204.4</ele><time>2024-08-30T00:51:16Z</time></trkpt>
<trkpt lat="48.029458" lon="-121.112184"><ele>1204.2</ele><time>2024-08-30T00:51:30Z</time></trkpt>
<trkpt lat="48.029404" lon="-121.112049"><ele>1199.4</ele><time>2024-08-30T00:53:19Z</time></trkpt>
<trkpt lat="48.029375" lon="-121.112157"><ele>1199.2</ele><time>2024-08-30T00:53:22Z</time></trkpt>
<trkpt lat="48.029313" lon="-121.112052"><ele>1199.2</ele><time>2024-08-30T00:53:26Z</time></trkpt>
<trkpt lat="48.029348" lon="-121.112081"><ele>1198.4</ele><time>2024-08-30T00:53:35Z</time></trkpt>
<trkpt lat="48.029317" lon="-121.112037"><ele>1189.6</ele><time>2024-08-30T00:55:12Z</time></trkpt>
<trkpt lat="48.029179" lon="-121.112024"><ele>1189.8</ele><time>2024-08-30T00:55:18Z</time></trkpt>
<trkpt lat="48.029441" lon="-121.111967"><ele>1188.8</ele><time>2024-08-30T00:55:23Z</time></trkpt>
<trkpt lat="48.029308" lon="-121.111752"><ele>1188.0</ele><time>2024-08-30T00:55:30Z</time></trkpt>
<trkpt lat="48.029342" lon="-121.111785"><ele>1187.6</ele><time>2024-08-30T00:55:34Z</time></trkpt>
<trkpt lat="48.029329" lon="-121.111615"><ele>1183.6</ele><time>2024-08-30T00:57:17Z</time></trkpt>
<trkpt lat="48.029383" lon="-121.111616"><ele>1183.4</ele><time>2024-08-30T00:57:19Z</time></trkpt>
<trkpt lat="48.029278" lon="-121.111517"><ele>1183.2</ele><time>2024-08-30T00:57:22Z</time></trkpt>
<trkpt lat="48.029161" lon="-121.111529"><ele>1183.2</ele><time>2024-08-30T00:57:29Z</time></trkpt>
<trkpt lat="48.029181" lon="-121.111441"><ele>1183.0</ele><time>2024-08-30T00:57:32Z</time></trkpt>
<trkpt lat="48.029313" lon="-121.111436"><ele>1182.8</ele><time>2024-08-30T00:59:15Z</time></trkpt>
<trkpt lat="48.029252" lon="-121.111258"><ele>1182.6</ele><time>2024-08-30T00:59:22Z</time></trkpt>
<trkpt lat="48.029301" lon="-121.111314"><ele>1182.4</ele><time>2024-08-30T01:01:01Z</time></trkpt>
<trkpt lat="48.029322" lon="-121.111375"><ele>1182.2</ele><time>2024-08-30T01:01:22Z</time></trkpt>
<trkpt lat="48.029211" lon="-121.111278"><ele>1182.2</ele><time>2024-08-30T01:01:29Z</time></trkpt>
<trkpt lat="48.029194" lon="-121.111577"><ele>1183.0</ele><time>2024-08-30T01:03:20Z</time></trkpt>
<trkpt lat="48.029192" lon="-121.111433"><ele>1183.0</ele><time>2024-08-30T01:03:23Z</time></trkpt>
<trkpt lat="48.029112" lon="-121.111311"><ele>1183.0</ele><time>2024-08-30T01:03:25Z</time></trkpt>
<trkpt lat="48.029197" lon="-121.111375"><ele>1183.2</ele><time>2024-08-30T01:03:34Z</time></trkpt>
<trkpt lat="48.029117" lon="-121.111547"><ele>1187.6</ele><time>2024-08-30T01:05:23Z</time></trkpt>
<trkpt lat="48.029207" lon="-121.111678"><ele>1188.0</ele><time>2024-08-30T01:05:31Z</time></trkpt>
<trkpt lat="48.029075" lon="-121.111601"><ele>1192.8</ele><time>2024-08-30T01:07:21Z</time></trkpt>
<trkpt lat="48.029177" lon="-121.111457"><ele>1193.8</ele><time>2024-08-30T01:07:35Z</time></trkpt>
<trkpt lat="48.029259" lon="-121.111927"><ele>1197.2</ele><time>2024-08-30T01:09:23Z</time></trkpt>
<trkpt lat="48.029067" lon="-121.111757"><ele>1197.4</ele><time>2024-08-30T01:09:34Z</time></trkpt>
<trkpt lat="48.029119" lon="-121.111939"><ele>1197.0</ele><time>2024-08-30T01:09:47Z</time></trkpt>
<trkpt lat="48.029091" lon="-121.112304"><ele>1204.4</ele><time>2024-08-30T01:11:21Z</time></trkpt>
<trkpt lat="48.029160" lon="-121.112503"><ele>1204.8</ele><time>2024-08-30T01:11:35Z</time></trkpt>
<trkpt lat="48.028959" lon="-121.112609"><ele>1208.0</ele><time>2024-08-30T01:13:00Z</time></trkpt>
<trkpt lat="48.029074" lon="-121.112623"><ele>1208.8</ele><time>2024-08-30T01:13:30Z</time></trkpt>
<trkpt lat="48.029002" lon="-121.112205"><ele>1204.8</ele><time>2024-08-30T01:15:23Z</time></trkpt>
<trkpt lat="48.029064" lon="-121.112317"><ele>1205.2</ele><time>2024-08-30T01:15:33Z</time></trkpt>
<trkpt lat="48.028816" lon="-121.112092"><ele>1200.2</ele><time>2024-08-30T01:17:33Z</time></trkpt>
<trkpt lat="48.028618" lon="-121.112178"><ele>1197.8</ele><time>2024-08-30T01:19:40Z</time></trkpt>
<trkpt lat="48.028810" lon="-121.112249"><ele>1197.8</ele><time>2024-08-30T01:19:50Z</time></trkpt>
<trkpt lat="48.028689" lon="-121.112374"><ele>1198.8</ele><time>2024-08-30T01:21:24Z</time></trkpt>
<trkpt lat="48.028661" lon="-121.112564"><ele>1198.2</ele><time>2024-08-30T01:21:57Z</time></trkpt>
<trkpt lat="48.028535" lon="-121.112433"><ele>1198.2</ele><time>2024-08-30T01:21:59Z</time></trkpt>
<trkpt lat="48.028607" lon="-121.112470"><ele>1198.2</ele><time>2024-08-30T01:22:06Z</time></trkpt>
<trkpt lat="48.028736" lon="-121.112275"><ele>1191.4</ele><time>2024-08-30T01:25:37Z</time></trkpt>
<trkpt lat="48.028685" lon="-121.111988"><ele>1190.4</ele><time>2024-08-30T01:26:29Z</time></trkpt>
<trkpt lat="48.028786" lon="-121.112163"><ele>1190.6</ele><time>2024-08-30T01:26:33Z</time></trkpt>
<trkpt lat="48.028766" lon="-121.112123"><ele>1194.8</ele><time>2024-08-30T01:28:05Z</time></trkpt>
<trkpt lat="48.028755" lon="-121.112191"><ele>1196.2</ele><time>2024-08-30T01:28:36Z</time></trkpt>
<trkpt lat="48.026489" lon="-121.114091"><ele>1279.6</ele><time>2024-08-30T01:43:55Z</time></trkpt>
<trkpt lat="48.026176" lon="-121.114411"><ele>1284.6</ele><time>2024-08-30T01:44:28Z</time></trkpt>
<trkpt lat="48.026135" lon="-121.114312"><ele>1285.4</ele><time>2024-08-30T01:44:33Z</time></trkpt>
<trkpt lat="48.025020" lon="-121.114651"><ele>1311.4</ele><time>2024-08-30T01:47:25Z</time></trkpt>
<trkpt lat="48.024911" lon="-121.114769"><ele>1313.6</ele><time>2024-08-30T01:47:35Z</time></trkpt>
<trkpt lat="48.024619" lon="-121.114854"><ele>1322.8</ele><time>2024-08-30T01:48:17Z</time></trkpt>
<trkpt lat="48.023916" lon="-121.115068"><ele>1330.8</ele><time>2024-08-30T01:49:15Z</time></trkpt>
<trkpt lat="48.023880" lon="-121.115000"><ele>1331.2</ele><time>2024-08-30T01:49:21Z</time></trkpt>
<trkpt lat="48.023710" lon="-121.115016"><ele>1334.0</ele><time>2024-08-30T01:49:39Z</time></trkpt>
<trkpt lat="48.023047" lon="-121.115309"><ele>1344.6</ele><time>2024-08-30T01:50:59Z</time></trkpt>
<trkpt lat="48.022601" lon="-121.115666"><ele>1350.4</ele><time>2024-08-30T01:52:51Z</time></trkpt>
<trkpt lat="48.022512" lon="-121.115645"><ele>1351.8</ele><time>2024-08-30T01:53:00Z</time></trkpt>
<trkpt lat="48.022528" lon="-121.115565"><ele>1352.4</ele><time>2024-08-30T01:53:02Z</time></trkpt>
<trkpt lat="48.022143" lon="-121.115882"><ele>1359.6</ele><time>2024-08-30T01:54:46Z</time></trkpt>
<trkpt lat="48.022044" lon="-121.115863"><ele>1360.6</ele><time>2024-08-30T01:55:04Z</time></trkpt>
<trkpt lat="48.021394" lon="-121.116425"><ele>1372.2</ele><time>2024-08-30T01:56:59Z</time></trkpt>
<trkpt lat="48.022698" lon="-121.117618"><ele>1444.4</ele><time>2024-08-30T02:12:53Z</time></trkpt>
<trkpt lat="48.023297" lon="-121.117541"><ele>1456.2</ele><time>2024-08-30T02:13:51Z</time></trkpt>
<trkpt lat="48.023993" lon="-121.117553"><ele>1459.8</ele><time>2024-08-30T02:14:25Z</time></trkpt>
<trkpt lat="48.024094" lon="-121.117650"><ele>1461.6</ele><time>2024-08-30T02:14:37Z</time></trkpt>
<trkpt lat="48.024126" lon="-121.117804"><ele>1463.4</ele><time>2024-08-30T02:14:44Z</time></trkpt>
<trkpt lat="48.024534" lon="-121.118248"><ele>1470.0</ele><time>2024-08-30T02:15:30Z</time></trkpt>
<trkpt lat="48.024767" lon="-121.118885"><ele>1479.2</ele><time>2024-08-30T02:16:25Z</time></trkpt>
<trkpt lat="48.024652" lon="-121.118931"><ele>1479.2</ele><time>2024-08-30T02:16:26Z</time></trkpt>
<trkpt lat="48.024502" lon="-121.118703"><ele>1480.6</ele><time>2024-08-30T02:16:44Z</time></trkpt>
<trkpt lat="48.024105" lon="-121.118473"><ele>1486.0</ele><time>2024-08-30T02:17:17Z</time></trkpt>
<trkpt lat="48.024129" lon="-121.118428"><ele>1486.2</ele><time>2024-08-30T02:17:23Z</time></trkpt>
<trkpt lat="48.024067" lon="-121.118386"><ele>1488.0</ele><time>2024-08-30T02:17:36Z</time></trkpt>
<trkpt lat="48.023574" lon="-121.118379"><ele>1492.6</ele><time>2024-08-30T02:18:11Z</time></trkpt>
<trkpt lat="48.022973" lon="-121.118559"><ele>1501.6</ele><time>2024-08-30T02:19:20Z</time></trkpt>
<trkpt lat="48.023032" lon="-121.118622"><ele>1502.0</ele><time>2024-08-30T02:19:23Z</time></trkpt>
<trkpt lat="48.022986" lon="-121.118521"><ele>1502.6</ele><time>2024-08-30T02:19:28Z</time></trkpt>
<trkpt lat="48.022157" lon="-121.119376"><ele>1518.0</ele><time>2024-08-30T02:21:19Z</time></trkpt>
<trkpt lat="48.022078" lon="-121.119445"><ele>1520.0</ele><time>2024-08-30T02:21:33Z</time></trkpt>
<trkpt lat="48.022057" lon="-121.119383"><ele>1521.2</ele><time>2024-08-30T02:21:37Z</time></trkpt>
<trkpt lat="48.021953" lon="-121.119570"><ele>1522.2</ele><time>2024-08-30T02:21:48Z</time></trkpt>
<trkpt lat="48.021590" lon="-121.119879"><ele>1530.8</ele><time>2024-08-30T02:22:46Z</time></trkpt>
<trkpt lat="48.021220" lon="-121.120304"><ele>1535.6</ele><time>2024-08-30T02:23:23Z</time></trkpt>
<trkpt lat="48.021215" lon="-121.120170"><ele>1536.0</ele><time>2024-08-30T02:23:25Z</time></trkpt>
<trkpt lat="48.021159" lon="-121.120159"><ele>1536.6</ele><time>2024-08-30T02:23:29Z</time></trkpt>
<trkpt lat="48.020979" lon="-121.120378"><ele>1541.2</ele><time>2024-08-30T02:24:19Z</time></trkpt>
<trkpt lat="48.020974" lon="-121.120195"><ele>1542.0</ele><time>2024-08-30T02:24:39Z</time></trkpt>
<trkpt lat="48.021024" lon="-121.120248"><ele>1541.8</ele><time>2024-08-30T02:24:50Z</time></trkpt>
<trkpt lat="48.020573" lon="-121.120284"><ele>1545.4</ele><time>2024-08-30T02:25:35Z</time></trkpt>
<trkpt lat="48.020229" lon="-121.120720"><ele>1552.2</ele><time>2024-08-30T02:26:25Z</time></trkpt>
<trkpt lat="48.019762" lon="-121.121107"><ele>1557.4</ele><time>2024-08-30T02:27:19Z</time></trkpt>
<trkpt lat="48.019659" lon="-121.121111"><ele>1559.2</ele><time>2024-08-30T02:27:42Z</time></trkpt>
<trkpt lat="48.018871" lon="-121.121906"><ele>1562.2</ele><time>2024-08-30T02:29:38Z</time></trkpt>
<trkpt lat="48.018280" lon="-121.122777"><ele>1571.6</ele><time>2024-08-30T02:31:19Z</time></trkpt>
<trkpt lat="48.018204" lon="-121.122779"><ele>1571.6</ele><time>2024-08-30T02:31:28Z</time></trkpt>
<trkpt lat="48.017904" lon="-121.123719"><ele>1584.8</ele><time>2024-08-30T02:33:02Z</time></trkpt>
<trkpt lat="48.017376" lon="-121.124637"><ele>1597.0</ele><time>2024-08-30T02:35:20Z</time></trkpt>
<trkpt lat="48.017192" lon="-121.124811"><ele>1600.6</ele><time>2024-08-30T02:35:38Z</time></trkpt>
<trkpt lat="48.016990" lon="-121.125154"><ele>1606.2</ele><time>2024-08-30T02:36:18Z</time></trkpt>
<trkpt lat="48.016653" lon="-121.126037"><ele>1616.6</ele><time>2024-08-30T02:37:26Z</time></trkpt>
<trkpt lat="48.015913" lon="-121.126941"><ele>1629.2</ele><time>2024-08-30T02:39:19Z</time></trkpt>
<trkpt lat="48.015959" lon="-121.126951"><ele>1629.4</ele><time>2024-08-30T02:39:21Z</time></trkpt>
<trkpt lat="48.015831" lon="-121.126958"><ele>1630.2</ele><time>2024-08-30T02:39:27Z</time></trkpt>
<trkpt lat="48.015584" lon="-121.127416"><ele>1638.6</ele><time>2024-08-30T02:40:42Z</time></trkpt>
<trkpt lat="48.015399" lon="-121.127696"><ele>1640.4</ele><time>2024-08-30T02:41:18Z</time></trkpt>
<trkpt lat="48.015334" lon="-121.127627"><ele>1640.4</ele><time>2024-08-30T02:41:30Z</time></trkpt>
<trkpt lat="48.014870" lon="-121.128426"><ele>1645.8</ele><time>2024-08-30T02:43:22Z</time></trkpt>
<trkpt lat="48.014857" lon="-121.128358"><ele>1646.2</ele><time>2024-08-30T02:43:25Z</time></trkpt>
<trkpt lat="48.014801" lon="-121.128406"><ele>1646.6</ele><time>2024-08-30T02:43:27Z</time></trkpt>
<trkpt lat="48.014772" lon="-121.128534"><ele>1647.6</ele><time>2024-08-30T02:43:37Z</time></trkpt>
<trkpt lat="48.014789" lon="-121.128707"><ele>1648.6</ele><time>2024-08-30T02:45:30Z</time></trkpt>
<trkpt lat="48.015161" lon="-121.128897"><ele>1649.0</ele><time>2024-08-30T02:46:25Z</time></trkpt>
<trkpt lat="48.015271" lon="-121.128870"><ele>1651.4</ele><time>2024-08-30T02:46:45Z</time></trkpt>
<trkpt lat="48.015593" lon="-121.129045"><ele>1657.8</ele><time>2024-08-30T02:47:24Z</time></trkpt>
<trkpt lat="48.015557" lon="-121.129222"><ele>1658.6</ele><time>2024-08-30T02:47:27Z</time></trkpt>
<trkpt lat="48.015661" lon="-121.129245"><ele>1661.2</ele><time>2024-08-30T02:47:41Z</time></trkpt>
<trkpt lat="48.016579" lon="-121.128555"><ele>1671.0</ele><time>2024-08-30T02:49:21Z</time></trkpt>
<trkpt lat="48.016556" lon="-121.128507"><ele>1672.0</ele><time>2024-08-30T02:49:25Z</time></trkpt>
<trkpt lat="48.016624" lon="-121.128492"><ele>1672.0</ele><time>2024-08-30T02:49:32Z</time></trkpt>
<trkpt lat="48.016799" lon="-121.128115"><ele>1676.8</ele><time>2024-08-30T02:49:53Z</time></trkpt>
<trkpt lat="48.017080" lon="-121.127841"><ele>1688.2</ele><time>2024-08-30T02:50:57Z</time></trkpt>
<trkpt lat="48.017534" lon="-121.127568"><ele>1691.0</ele><time>2024-08-30T02:51:21Z</time></trkpt>
<trkpt lat="48.017631" lon="-121.127769"><ele>1692.0</ele><time>2024-08-30T02:51:28Z</time></trkpt>
<trkpt lat="48.017692" lon="-121.127619"><ele>1692.6</ele><time>2024-08-30T02:51:36Z</time></trkpt>
<trkpt lat="48.017813" lon="-121.127625"><ele>1696.2</ele><time>2024-08-30T02:51:59Z</time></trkpt>
<trkpt lat="48.017598" lon="-121.127854"><ele>1699.6</ele><time>2024-08-30T02:52:49Z</time></trkpt>
<trkpt lat="48.017421" lon="-121.128195"><ele>1702.8</ele><time>2024-08-30T02:53:19Z</time></trkpt>
<trkpt lat="48.017424" lon="-121.128327"><ele>1703.4</ele><time>2024-08-30T02:53:24Z</time></trkpt>
<trkpt lat="48.017386" lon="-121.128292"><ele>1703.6</ele><time>2024-08-30T02:53:29Z</time></trkpt>
<trkpt lat="48.017835" lon="-121.129414"><ele>1710.6</ele><time>2024-08-30T02:55:23Z</time></trkpt>
<trkpt lat="48.017999" lon="-121.129325"><ele>1710.8</ele><time>2024-08-30T02:55:37Z</time></trkpt>
</trkseg></trk>
</gpx>
