<?xml version="1.0" encoding="UTF-8"?>
<gpx version="1.1" creator="Eric Sichak trip reports" xmlns="http://www.topografix.com/GPX/1/1">
<metadata><name>PCT Day 143/JMT Day 3</name><time>2024-09-11T13:49:37Z</time></metadata>
<trk><name>PCT Day 143/JMT Day 3</name><type>hike</type><trkseg>
<trkpt lat="37.054784" lon="-118.512902"><ele>2748.2</ele><time>2024-09-11T13:49:37Z</time></trkpt>
<trkpt lat="37.054651" lon="-118.512821"><ele>2747.6</ele><time>2024-09-11T13:50:15Z</time></trkpt>
<trkpt lat="37.054604" lon="-118.513709"><ele>2737.8</ele><time>2024-09-11T13:51:48Z</time></trkpt>
<trkpt lat="37.054516" lon="-118.513893"><ele>2736.6</ele><time>2024-09-11T13:52:00Z</time></trkpt>
<trkpt lat="37.054506" lon="-118.514201"><ele>2735.6</ele><time>2024-09-11T13:52:16Z</time></trkpt>
<trkpt lat="37.054646" lon="-118.514309"><ele>2735.4</ele><time>2024-09-11T13:52:26Z</time></trkpt>
<trkpt lat="37.054612" lon="-118.514989"><ele>2733.6</ele><time>2024-09-11T13:53:08Z</time></trkpt>
<trkpt lat="37.054689" lon="-118.515482"><ele>2733.6</ele><time>2024-09-11T13:53:50Z</time></trkpt>
<trkpt lat="37.054615" lon="-118.515896"><ele>2731.4</ele><time>2024-09-11T13:54:13Z</time></trkpt>
<trkpt lat="37.054895" lon="-118.516222"><ele>2727.0</ele><time>2024-09-11T13:54:38Z</time></trkpt>
<trkpt lat="37.054845" lon="-118.516324"><ele>2725.8</ele><time>2024-09-11T13:54:46Z</time></trkpt>
<trkpt lat="37.054920" lon="-118.516473"><ele>2724.4</ele><time>2024-09-11T13:54:59Z</time></trkpt>
<trkpt lat="37.054925" lon="-118.516659"><ele>2723.6</ele><time>2024-09-11T13:55:05Z</time></trkpt>
<trkpt lat="37.054650" lon="-118.518238"><ele>2718.6</ele><time>2024-09-11T13:56:51Z</time></trkpt>
<trkpt lat="37.054580" lon="-118.518286"><ele>2718.0</ele><time>2024-09-11T13:57:00Z</time></trkpt>
<trkpt lat="37.054601" lon="-118.518782"><ele>2713.8</ele><time>2024-09-11T13:57:27Z</time></trkpt>
<trkpt lat="37.054536" lon="-118.519257"><ele>2709.0</ele><time>2024-09-11T13:58:01Z</time></trkpt>
<trkpt lat="37.054634" lon="-118.519655"><ele>2705.6</ele><time>2024-09-11T13:58:33Z</time></trkpt>
<trkpt lat="37.054770" lon="-118.519833"><ele>2704.2</ele><time>2024-09-11T13:58:44Z</time></trkpt>
<trkpt lat="37.055095" lon="-118.519905"><ele>2705.4</ele><time>2024-09-11T13:59:28Z</time></trkpt>
<trkpt lat="37.055361" lon="-118.519825"><ele>2707.8</ele><time>2024-09-11T13:59:54Z</time></trkpt>
<trkpt lat="37.055541" lon="-118.519848"><ele>2706.8</ele><time>2024-09-11T14:00:20Z</time></trkpt>
<trkpt lat="37.055994" lon="-118.520125"><ele>2708.6</ele><time>2024-09-11T14:00:46Z</time></trkpt>
<trkpt lat="37.055964" lon="-118.520157"><ele>2708.8</ele><time>2024-09-11T14:00:47Z</time></trkpt>
<trkpt lat="37.056123" lon="-118.520290"><ele>2711.0</ele><time>2024-09-11T14:01:03Z</time></trkpt>
<trkpt lat="37.056384" lon="-118.521311"><ele>2713.8</ele><time>2024-09-11T14:02:04Z</time></trkpt>
<trkpt lat="37.056521" lon="-118.521683"><ele>2720.6</ele><time>2024-09-11T14:02:50Z</time></trkpt>
<trkpt lat="37.056607" lon="-118.521767"><ele>2720.4</ele><time>2024-09-11T14:02:55Z</time></trkpt>
<trkpt lat="37.056653" lon="-118.522122"><ele>2721.2</ele><time>2024-09-11T14:03:18Z</time></trkpt>
<trkpt lat="37.056807" lon="-118.522435"><ele>2722.4</ele><time>2024-09-11T14:03:46Z</time></trkpt>
<trkpt lat="37.056918" lon="-118.522953"><ele>2723.6</ele><time>2024-09-11T14:04:36Z</time></trkpt>
<trkpt lat="37.056785" lon="-118.523345"><ele>2722.4</ele><time>2024-09-11T14:05:12Z</time></trkpt>
<trkpt lat="37.056631" lon="-118.524247"><ele>2713.8</ele><time>2024-09-11T14:05:58Z</time></trkpt>
<trkpt lat="37.056388" lon="-118.524796"><ele>2707.4</ele><time>2024-09-11T14:07:02Z</time></trkpt>
<trkpt lat="37.056355" lon="-118.525141"><ele>2708.0</ele><time>2024-09-11T14:07:21Z</time></trkpt>
<trkpt lat="37.056287" lon="-118.525314"><ele>2699.0</ele><time>2024-09-11T14:07:57Z</time></trkpt>
<trkpt lat="37.056232" lon="-118.525595"><ele>2697.2</ele><time>2024-09-11T14:08:13Z</time></trkpt>
<trkpt lat="37.055931" lon="-118.526130"><ele>2692.8</ele><time>2024-09-11T14:08:47Z</time></trkpt>
<trkpt lat="37.055713" lon="-118.526297"><ele>2689.8</ele><time>2024-09-11T14:09:05Z</time></trkpt>
<trkpt lat="37.055356" lon="-118.527293"><ele>2687.6</ele><time>2024-09-11T14:10:33Z</time></trkpt>
<trkpt lat="37.055431" lon="-118.527494"><ele>2687.2</ele><time>2024-09-11T14:10:54Z</time></trkpt>
<trkpt lat="37.055355" lon="-118.527746"><ele>2686.6</ele><time>2024-09-11T14:11:12Z</time></trkpt>
<trkpt lat="37.055521" lon="-118.528252"><ele>2681.6</ele><time>2024-09-11T14:11:44Z</time></trkpt>
<trkpt lat="37.055438" lon="-118.528572"><ele>2681.8</ele><time>2024-09-11T14:12:08Z</time></trkpt>
<trkpt lat="37.055505" lon="-118.528689"><ele>2680.6</ele><time>2024-09-11T14:12:28Z</time></trkpt>
<trkpt lat="37.055421" lon="-118.528823"><ele>2679.6</ele><time>2024-09-11T14:12:47Z</time></trkpt>
<trkpt lat="37.055506" lon="-118.528857"><ele>2679.2</ele><time>2024-09-11T14:12:50Z</time></trkpt>
<trkpt lat="37.055488" lon="-118.529071"><ele>2679.2</ele><time>2024-09-11T14:12:55Z</time></trkpt>
<trkpt lat="37.055638" lon="-118.529455"><ele>2679.2</ele><time>2024-09-11T14:13:20Z</time></trkpt>
<trkpt lat="37.055308" lon="-118.530675"><ele>2680.0</ele><time>2024-09-11T14:14:46Z</time></trkpt>
<trkpt lat="37.055333" lon="-118.531254"><ele>2681.8</ele><time>2024-09-11T14:15:18Z</time></trkpt>
<trkpt lat="37.055229" lon="-118.531728"><ele>2681.8</ele><time>2024-09-11T14:16:10Z</time></trkpt>
<trkpt lat="37.055001" lon="-118.531835"><ele>2676.2</ele><time>2024-09-11T14:16:38Z</time></trkpt>
<trkpt lat="37.054960" lon="-118.532003"><ele>2674.8</ele><time>2024-09-11T14:16:43Z</time></trkpt>
<trkpt lat="37.054997" lon="-118.532069"><ele>2673.8</ele><time>2024-09-11T14:16:48Z</time></trkpt>
<trkpt lat="37.054933" lon="-118.532203"><ele>2672.8</ele><time>2024-09-11T14:16:55Z</time></trkpt>
<trkpt lat="37.054966" lon="-118.533358"><ele>2660.8</ele><time>2024-09-11T14:18:20Z</time></trkpt>
<trkpt lat="37.054861" lon="-118.533632"><ele>2658.2</ele><time>2024-09-11T14:18:44Z</time></trkpt>
<trkpt lat="37.054882" lon="-118.533852"><ele>2658.2</ele><time>2024-09-11T14:18:48Z</time></trkpt>
<trkpt lat="37.054686" lon="-118.534568"><ele>2655.6</ele><time>2024-09-11T14:19:37Z</time></trkpt>
<trkpt lat="37.054657" lon="-118.535254"><ele>2651.8</ele><time>2024-09-11T14:20:15Z</time></trkpt>
<trkpt lat="37.054473" lon="-118.535434"><ele>2648.8</ele><time>2024-09-11T14:20:44Z</time></trkpt>
<trkpt lat="37.054345" lon="-118.535467"><ele>2648.2</ele><time>2024-09-11T14:20:48Z</time></trkpt>
<trkpt lat="37.054245" lon="-118.535651"><ele>2647.2</ele><time>2024-09-11T14:21:00Z</time></trkpt>
<trkpt lat="37.054209" lon="-118.536332"><ele>2648.6</ele><time>2024-09-11T14:21:59Z</time></trkpt>
<trkpt lat="37.054029" lon="-118.537191"><ele>2648.0</ele><time>2024-09-11T14:22:50Z</time></trkpt>
<trkpt lat="37.053739" lon="-118.537400"><ele>2645.2</ele><time>2024-09-11T14:23:15Z</time></trkpt>
<trkpt lat="37.053420" lon="-118.537517"><ele>2643.0</ele><time>2024-09-11T14:23:42Z</time></trkpt>
<trkpt lat="37.053478" lon="-118.537754"><ele>2642.2</ele><time>2024-09-11T14:23:46Z</time></trkpt>
<trkpt lat="37.053315" lon="-118.537963"><ele>2641.8</ele><time>2024-09-11T14:24:03Z</time></trkpt>
<trkpt lat="37.053190" lon="-118.538829"><ele>2633.4</ele><time>2024-09-11T14:25:17Z</time></trkpt>
<trkpt lat="37.053087" lon="-118.538931"><ele>2632.2</ele><time>2024-09-11T14:25:29Z</time></trkpt>
<trkpt lat="37.052965" lon="-118.539286"><ele>2631.2</ele><time>2024-09-11T14:25:46Z</time></trkpt>
<trkpt lat="37.053045" lon="-118.539587"><ele>2631.6</ele><time>2024-09-11T14:26:04Z</time></trkpt>
<trkpt lat="37.052954" lon="-118.540563"><ele>2629.2</ele><time>2024-09-11T14:26:38Z</time></trkpt>
<trkpt lat="37.053141" lon="-118.541093"><ele>2626.4</ele><time>2024-09-11T14:27:50Z</time></trkpt>
<trkpt lat="37.053137" lon="-118.541532"><ele>2625.8</ele><time>2024-09-11T14:28:21Z</time></trkpt>
<trkpt lat="37.052908" lon="-118.541998"><ele>2625.0</ele><time>2024-09-11T14:29:07Z</time></trkpt>
<trkpt lat="37.052649" lon="-118.542777"><ele>2620.4</ele><time>2024-09-11T14:29:46Z</time></trkpt>
<trkpt lat="37.052648" lon="-118.543206"><ele>2619.8</ele><time>2024-09-11T14:30:15Z</time></trkpt>
<trkpt lat="37.052403" lon="-118.543541"><ele>2618.6</ele><time>2024-09-11T14:30:42Z</time></trkpt>
<trkpt lat="37.052463" lon="-118.543597"><ele>2618.4</ele><time>2024-09-11T14:30:45Z</time></trkpt>
<trkpt lat="37.052449" lon="-118.543863"><ele>2617.6</ele><time>2024-09-11T14:31:04Z</time></trkpt>
<trkpt lat="37.052335" lon="-118.544406"><ele>2616.4</ele><time>2024-09-11T14:31:42Z</time></trkpt>
<trkpt lat="37.052409" lon="-118.544513"><ele>2617.0</ele><time>2024-09-11T14:31:49Z</time></trkpt>
<trkpt lat="37.052369" lon="-118.544858"><ele>2618.4</ele><time>2024-09-11T14:32:09Z</time></trkpt>
<trkpt lat="37.052420" lon="-118.545942"><ele>2615.6</ele><time>2024-09-11T14:33:29Z</time></trkpt>
<trkpt lat="37.052262" lon="-118.546786"><ele>2611.0</ele><time>2024-09-11T14:34:25Z</time></trkpt>
<trkpt lat="37.052628" lon="-118.547575"><ele>2611.0</ele><time>2024-09-11T14:35:19Z</time></trkpt>
<trkpt lat="37.052651" lon="-118.547921"><ele>2609.4</ele><time>2024-09-11T14:35:48Z</time></trkpt>
<trkpt lat="37.052573" lon="-118.548481"><ele>2610.4</ele><time>2024-09-11T14:36:19Z</time></trkpt>
<trkpt lat="37.052103" lon="-118.549511"><ele>2606.0</ele><time>2024-09-11T14:37:43Z</time></trkpt>
<trkpt lat="37.052237" lon="-118.549575"><ele>2605.8</ele><time>2024-09-11T14:37:46Z</time></trkpt>
<trkpt lat="37.052042" lon="-118.549702"><ele>2604.8</ele><time>2024-09-11T14:38:00Z</time></trkpt>
<trkpt lat="37.051979" lon="-118.550176"><ele>2602.8</ele><time>2024-09-11T14:38:25Z</time></trkpt>
<trkpt lat="37.051784" lon="-118.550795"><ele>2604.8</ele><time>2024-09-11T14:39:27Z</time></trkpt>
<trkpt lat="37.051791" lon="-118.551233"><ele>2605.4</ele><time>2024-09-11T14:39:47Z</time></trkpt>
<trkpt lat="37.051728" lon="-118.551287"><ele>2605.4</ele><time>2024-09-11T14:39:52Z</time></trkpt>
<trkpt lat="37.051813" lon="-118.551695"><ele>2603.6</ele><time>2024-09-11T14:40:17Z</time></trkpt>
<trkpt lat="37.051827" lon="-118.552601"><ele>2598.6</ele><time>2024-09-11T14:41:45Z</time></trkpt>
<trkpt lat="37.051901" lon="-118.552714"><ele>2598.8</ele><time>2024-09-11T14:42:00Z</time></trkpt>
<trkpt lat="37.051871" lon="-118.552955"><ele>2596.8</ele><time>2024-09-11T14:42:16Z</time></trkpt>
<trkpt lat="37.052160" lon="-118.553298"><ele>2595.0</ele><time>2024-09-11T14:42:54Z</time></trkpt>
<trkpt lat="37.051955" lon="-118.553545"><ele>2592.4</ele><time>2024-09-11T14:43:22Z</time></trkpt>
<trkpt lat="37.051810" lon="-118.554103"><ele>2588.6</ele><time>2024-09-11T14:43:46Z</time></trkpt>
<trkpt lat="37.051608" lon="-118.553851"><ele>2588.2</ele><time>2024-09-11T14:43:47Z</time></trkpt>
<trkpt lat="37.051581" lon="-118.554067"><ele>2586.8</ele><time>2024-09-11T14:43:58Z</time></trkpt>
<trkpt lat="37.051343" lon="-118.554422"><ele>2582.0</ele><time>2024-09-11T14:44:28Z</time></trkpt>
<trkpt lat="37.051254" lon="-118.554676"><ele>2580.6</ele><time>2024-09-11T14:44:43Z</time></trkpt>
<trkpt lat="37.051414" lon="-118.554866"><ele>2579.0</ele><time>2024-09-11T14:44:56Z</time></trkpt>
<trkpt lat="37.051634" lon="-118.555698"><ele>2573.6</ele><time>2024-09-11T14:45:51Z</time></trkpt>
<trkpt lat="37.051639" lon="-118.556009"><ele>2570.2</ele><time>2024-09-11T14:46:13Z</time></trkpt>
<trkpt lat="37.051776" lon="-118.556242"><ele>2567.8</ele><time>2024-09-11T14:46:46Z</time></trkpt>
<trkpt lat="37.051928" lon="-118.556267"><ele>2567.2</ele><time>2024-09-11T14:47:00Z</time></trkpt>
<trkpt lat="37.052244" lon="-118.556608"><ele>2568.2</ele><time>2024-09-11T14:47:48Z</time></trkpt>
<trkpt lat="37.052825" lon="-118.557704"><ele>2567.2</ele><time>2024-09-11T14:49:20Z</time></trkpt>
<trkpt lat="37.052773" lon="-118.558010"><ele>2564.0</ele><time>2024-09-11T14:49:52Z</time></trkpt>
<trkpt lat="37.053127" lon="-118.560053"><ele>2562.0</ele><time>2024-09-11T14:52:53Z</time></trkpt>
<trkpt lat="37.052726" lon="-118.561569"><ele>2555.4</ele><time>2024-09-11T14:54:46Z</time></trkpt>
<trkpt lat="37.052859" lon="-118.561850"><ele>2555.4</ele><time>2024-09-11T14:55:01Z</time></trkpt>
<trkpt lat="37.052903" lon="-118.563139"><ele>2557.0</ele><time>2024-09-11T14:56:38Z</time></trkpt>
<trkpt lat="37.052956" lon="-118.563443"><ele>2557.6</ele><time>2024-09-11T14:56:47Z</time></trkpt>
<trkpt lat="37.053003" lon="-118.563460"><ele>2558.2</ele><time>2024-09-11T14:56:53Z</time></trkpt>
<trkpt lat="37.053153" lon="-118.564435"><ele>2558.0</ele><time>2024-09-11T14:58:08Z</time></trkpt>
<trkpt lat="37.053192" lon="-118.565100"><ele>2556.4</ele><time>2024-09-11T14:58:45Z</time></trkpt>
<trkpt lat="37.052987" lon="-118.565916"><ele>2550.0</ele><time>2024-09-11T14:59:36Z</time></trkpt>
<trkpt lat="37.053029" lon="-118.566126"><ele>2549.2</ele><time>2024-09-11T14:59:48Z</time></trkpt>
<trkpt lat="37.053468" lon="-118.566669"><ele>2547.4</ele><time>2024-09-11T15:00:56Z</time></trkpt>
<trkpt lat="37.054074" lon="-118.567666"><ele>2542.0</ele><time>2024-09-11T15:02:45Z</time></trkpt>
<trkpt lat="37.054315" lon="-118.567811"><ele>2538.6</ele><time>2024-09-11T15:03:04Z</time></trkpt>
<trkpt lat="37.054722" lon="-118.569274"><ele>2539.0</ele><time>2024-09-11T15:04:49Z</time></trkpt>
<trkpt lat="37.054856" lon="-118.569340"><ele>2540.0</ele><time>2024-09-11T15:05:04Z</time></trkpt>
<trkpt lat="37.054716" lon="-118.570056"><ele>2533.0</ele><time>2024-09-11T15:06:09Z</time></trkpt>
<trkpt lat="37.054554" lon="-118.570496"><ele>2526.2</ele><time>2024-09-11T15:06:43Z</time></trkpt>
<trkpt lat="37.054461" lon="-118.570439"><ele>2524.8</ele><time>2024-09-11T15:06:49Z</time></trkpt>
<trkpt lat="37.054548" lon="-118.570459"><ele>2524.4</ele><time>2024-09-11T15:06:51Z</time></trkpt>
<trkpt lat="37.054444" lon="-118.570400"><ele>2523.6</ele><time>2024-09-11T15:06:57Z</time></trkpt>
<trkpt lat="37.054420" lon="-118.570261"><ele>2522.8</ele><time>2024-09-11T15:07:03Z</time></trkpt>
<trkpt lat="37.054070" lon="-118.570530"><ele>2514.4</ele><time>2024-09-11T15:07:53Z</time></trkpt>
<trkpt lat="37.054078" lon="-118.570733"><ele>2511.8</ele><time>2024-09-11T15:08:15Z</time></trkpt>
<trkpt lat="37.054221" lon="-118.570872"><ele>2509.8</ele><time>2024-09-11T15:08:29Z</time></trkpt>
<trkpt lat="37.054184" lon="-118.571316"><ele>2507.8</ele><time>2024-09-11T15:08:51Z</time></trkpt>
<trkpt lat="37.054131" lon="-118.571381"><ele>2507.8</ele><time>2024-09-11T15:08:53Z</time></trkpt>
<trkpt lat="37.054059" lon="-118.571227"><ele>2507.6</ele><time>2024-09-11T15:08:55Z</time></trkpt>
<trkpt lat="37.054067" lon="-118.572102"><ele>2504.4</ele><time>2024-09-11T15:09:41Z</time></trkpt>
<trkpt lat="37.054143" lon="-118.572204"><ele>2504.8</ele><time>2024-09-11T15:09:59Z</time></trkpt>
<trkpt lat="37.054125" lon="-118.572952"><ele>2503.0</ele><time>2024-09-11T15:10:50Z</time></trkpt>
<trkpt lat="37.054162" lon="-118.572971"><ele>2502.6</ele><time>2024-09-11T15:10:52Z</time></trkpt>
<trkpt lat="37.054085" lon="-118.573037"><ele>2500.8</ele><time>2024-09-11T15:11:06Z</time></trkpt>
<trkpt lat="37.054217" lon="-118.573868"><ele>2494.4</ele><time>2024-09-11T15:12:11Z</time></trkpt>
<trkpt lat="37.054222" lon="-118.574392"><ele>2491.4</ele><time>2024-09-11T15:12:53Z</time></trkpt>
<trkpt lat="37.054197" lon="-118.574359"><ele>2491.0</ele><time>2024-09-11T15:12:54Z</time></trkpt>
<trkpt lat="37.054161" lon="-118.574441"><ele>2490.0</ele><time>2024-09-11T15:13:01Z</time></trkpt>
<trkpt lat="37.054081" lon="-118.574948"><ele>2487.6</ele><time>2024-09-11T15:13:27Z</time></trkpt>
<trkpt lat="37.054144" lon="-118.575110"><ele>2487.6</ele><time>2024-09-11T15:13:49Z</time></trkpt>
<trkpt lat="37.054110" lon="-118.575259"><ele>2485.2</ele><time>2024-09-11T15:14:07Z</time></trkpt>
<trkpt lat="37.053924" lon="-118.575826"><ele>2479.6</ele><time>2024-09-11T15:14:55Z</time></trkpt>
<trkpt lat="37.053800" lon="-118.576001"><ele>2478.2</ele><time>2024-09-11T15:15:09Z</time></trkpt>
<trkpt lat="37.053885" lon="-118.576190"><ele>2476.0</ele><time>2024-09-11T15:15:21Z</time></trkpt>
<trkpt lat="37.053863" lon="-118.576420"><ele>2472.6</ele><time>2024-09-11T15:15:55Z</time></trkpt>
<trkpt lat="37.053351" lon="-118.576963"><ele>2465.2</ele><time>2024-09-11T15:16:48Z</time></trkpt>
<trkpt lat="37.053109" lon="-118.576804"><ele>2462.4</ele><time>2024-09-11T15:17:07Z</time></trkpt>
<trkpt lat="37.052825" lon="-118.577079"><ele>2459.0</ele><time>2024-09-11T15:17:33Z</time></trkpt>
<trkpt lat="37.052785" lon="-118.577287"><ele>2456.8</ele><time>2024-09-11T15:17:47Z</time></trkpt>
<trkpt lat="37.052781" lon="-118.577544"><ele>2453.8</ele><time>2024-09-11T15:18:29Z</time></trkpt>
<trkpt lat="37.052895" lon="-118.577711"><ele>2450.0</ele><time>2024-09-11T15:18:48Z</time></trkpt>
<trkpt lat="37.052976" lon="-118.577728"><ele>2449.4</ele><time>2024-09-11T15:18:52Z</time></trkpt>
<trkpt lat="37.052864" lon="-118.577621"><ele>2448.8</ele><time>2024-09-11T15:18:55Z</time></trkpt>
<trkpt lat="37.052747" lon="-118.578414"><ele>2441.6</ele><time>2024-09-11T15:19:41Z</time></trkpt>
<trkpt lat="37.052752" lon="-118.578674"><ele>2434.2</ele><time>2024-09-11T15:20:33Z</time></trkpt>
<trkpt lat="37.052843" lon="-118.579152"><ele>2431.2</ele><time>2024-09-11T15:20:52Z</time></trkpt>
<trkpt lat="37.052705" lon="-118.578952"><ele>2430.6</ele><time>2024-09-11T15:21:00Z</time></trkpt>
<trkpt lat="37.052832" lon="-118.579381"><ele>2429.0</ele><time>2024-09-11T15:21:35Z</time></trkpt>
<trkpt lat="37.053015" lon="-118.579795"><ele>2437.0</ele><time>2024-09-11T15:22:50Z</time></trkpt>
<trkpt lat="37.053038" lon="-118.580184"><ele>2444.0</ele><time>2024-09-11T15:23:47Z</time></trkpt>
<trkpt lat="37.052979" lon="-118.580246"><ele>2445.0</ele><time>2024-09-11T15:23:57Z</time></trkpt>
<trkpt lat="37.053122" lon="-118.580673"><ele>2451.6</ele><time>2024-09-11T15:24:46Z</time></trkpt>
<trkpt lat="37.053227" lon="-118.580624"><ele>2455.0</ele><time>2024-09-11T15:25:01Z</time></trkpt>
<trkpt lat="37.053601" lon="-118.580816"><ele>2461.8</ele><time>2024-09-11T15:25:45Z</time></trkpt>
<trkpt lat="37.053669" lon="-118.580918"><ele>2463.2</ele><time>2024-09-11T15:26:01Z</time></trkpt>
<trkpt lat="37.054123" lon="-118.581217"><ele>2459.4</ele><time>2024-09-11T15:27:03Z</time></trkpt>
<trkpt lat="37.054472" lon="-118.581225"><ele>2464.4</ele><time>2024-09-11T15:27:35Z</time></trkpt>
<trkpt lat="37.054635" lon="-118.581369"><ele>2468.0</ele><time>2024-09-11T15:27:55Z</time></trkpt>
<trkpt lat="37.054973" lon="-118.581436"><ele>2470.8</ele><time>2024-09-11T15:28:48Z</time></trkpt>
<trkpt lat="37.055061" lon="-118.581518"><ele>2470.4</ele><time>2024-09-11T15:28:58Z</time></trkpt>
<trkpt lat="37.055581" lon="-118.581673"><ele>2469.2</ele><time>2024-09-11T15:29:20Z</time></trkpt>
<trkpt lat="37.055814" lon="-118.581858"><ele>2468.8</ele><time>2024-09-11T15:29:32Z</time></trkpt>
<trkpt lat="37.055958" lon="-118.582374"><ele>2475.0</ele><time>2024-09-11T15:30:49Z</time></trkpt>
<trkpt lat="37.056148" lon="-118.582320"><ele>2476.6</ele><time>2024-09-11T15:30:59Z</time></trkpt>
<trkpt lat="37.056422" lon="-118.582473"><ele>2481.0</ele><time>2024-09-11T15:31:32Z</time></trkpt>
<trkpt lat="37.056563" lon="-118.582661"><ele>2485.0</ele><time>2024-09-11T15:32:18Z</time></trkpt>
<trkpt lat="37.056882" lon="-118.582858"><ele>2488.6</ele><time>2024-09-11T15:32:49Z</time></trkpt>
<trkpt lat="37.056979" lon="-118.583031"><ele>2489.4</ele><time>2024-09-11T15:32:57Z</time></trkpt>
<trkpt lat="37.057386" lon="-118.583392"><ele>2495.6</ele><time>2024-09-11T15:34:00Z</time></trkpt>
<trkpt lat="37.057752" lon="-118.583624"><ele>2497.4</ele><time>2024-09-11T15:34:30Z</time></trkpt>
<trkpt lat="37.057914" lon="-118.584251"><ele>2495.8</ele><time>2024-09-11T15:34:58Z</time></trkpt>
<trkpt lat="37.058196" lon="-118.584704"><ele>2497.6</ele><time>2024-09-11T15:35:24Z</time></trkpt>
<trkpt lat="37.058830" lon="-118.586021"><ele>2503.0</ele><time>2024-09-11T15:36:51Z</time></trkpt>
<trkpt lat="37.058860" lon="-118.585835"><ele>2504.2</ele><time>2024-09-11T15:36:59Z</time></trkpt>
<trkpt lat="37.059980" lon="-118.586208"><ele>2504.6</ele><time>2024-09-11T15:38:53Z</time></trkpt>
<trkpt lat="37.060510" lon="-118.586608"><ele>2503.4</ele><time>2024-09-11T15:40:51Z</time></trkpt>
<trkpt lat="37.061046" lon="-118.586561"><ele>2502.0</ele><time>2024-09-11T15:41:43Z</time></trkpt>
<trkpt lat="37.061598" lon="-118.586865"><ele>2500.2</ele><time>2024-09-11T15:42:49Z</time></trkpt>
<trkpt lat="37.061809" lon="-118.586900"><ele>2500.8</ele><time>2024-09-11T15:43:04Z</time></trkpt>
<trkpt lat="37.061856" lon="-118.587047"><ele>2500.8</ele><time>2024-09-11T15:43:16Z</time></trkpt>
<trkpt lat="37.062523" lon="-118.587747"><ele>2500.0</ele><time>2024-09-11T15:44:48Z</time></trkpt>
<trkpt lat="37.062586" lon="-118.587896"><ele>2499.8</ele><time>2024-09-11T15:44:59Z</time></trkpt>
<trkpt lat="37.064854" lon="-118.589318"><ele>2506.6</ele><time>2024-09-11T15:48:55Z</time></trkpt>
<trkpt lat="37.064891" lon="-118.589438"><ele>2507.8</ele><time>2024-09-11T15:49:08Z</time></trkpt>
<trkpt lat="37.067184" lon="-118.592188"><ele>2515.2</ele><time>2024-09-11T15:54:40Z</time></trkpt>
<trkpt lat="37.068395" lon="-118.592449"><ele>2516.4</ele><time>2024-09-11T15:56:03Z</time></trkpt>
<trkpt lat="37.069342" lon="-118.593526"><ele>2521.6</ele><time>2024-09-11T15:58:11Z</time></trkpt>
<trkpt lat="37.069807" lon="-118.593677"><ele>2523.8</ele><time>2024-09-11T15:59:05Z</time></trkpt>
<trkpt lat="37.070525" lon="-118.594097"><ele>2523.8</ele><time>2024-09-11T15:59:52Z</time></trkpt>
<trkpt lat="37.070559" lon="-118.594036"><ele>2524.2</ele><time>2024-09-11T15:59:55Z</time></trkpt>
<trkpt lat="37.070655" lon="-118.594084"><ele>2524.0</ele><time>2024-09-11T16:00:01Z</time></trkpt>
<trkpt lat="37.071159" lon="-118.594436"><ele>2520.2</ele><time>2024-09-11T16:00:47Z</time></trkpt>
<trkpt lat="37.071922" lon="-118.594749"><ele>2522.0</ele><time>2024-09-11T16:02:00Z</time></trkpt>
<trkpt lat="37.071972" lon="-118.594843"><ele>2521.8</ele><time>2024-09-11T16:02:08Z</time></trkpt>
<trkpt lat="37.075209" lon="-118.597018"><ele>2537.2</ele><time>2024-09-11T16:09:04Z</time></trkpt>
<trkpt lat="37.076181" lon="-118.597085"><ele>2541.8</ele><time>2024-09-11T16:09:57Z</time></trkpt>
<trkpt lat="37.076471" lon="-118.596661"><ele>2542.0</ele><time>2024-09-11T16:09:58Z</time></trkpt>
<trkpt lat="37.076484" lon="-118.596753"><ele>2542.4</ele><time>2024-09-11T16:10:05Z</time></trkpt>
<trkpt lat="37.076685" lon="-118.596898"><ele>2544.8</ele><time>2024-09-11T16:10:40Z</time></trkpt>
<trkpt lat="37.077016" lon="-118.597058"><ele>2551.6</ele><time>2024-09-11T16:11:30Z</time></trkpt>
<trkpt lat="37.077248" lon="-118.597074"><ele>2553.2</ele><time>2024-09-11T16:11:52Z</time></trkpt>
<trkpt lat="37.077470" lon="-118.596718"><ele>2554.0</ele><time>2024-09-11T16:11:57Z</time></trkpt>
<trkpt lat="37.077610" lon="-118.596633"><ele>2556.4</ele><time>2024-09-11T16:12:08Z</time></trkpt>
<trkpt lat="37.081027" lon="-118.595855"><ele>2571.8</ele><time>2024-09-11T16:20:16Z</time></trkpt>
<trkpt lat="37.081255" lon="-118.595751"><ele>2571.6</ele><time>2024-09-11T16:20:36Z</time></trkpt>
<trkpt lat="37.082353" lon="-118.595900"><ele>2574.8</ele><time>2024-09-11T16:21:57Z</time></trkpt>
<trkpt lat="37.082332" lon="-118.596027"><ele>2575.4</ele><time>2024-09-11T16:22:09Z</time></trkpt>
<trkpt lat="37.087315" lon="-118.595160"><ele>2622.2</ele><time>2024-09-11T16:43:47Z</time></trkpt>
<trkpt lat="37.088030" lon="-118.594943"><ele>2618.6</ele><time>2024-09-11T16:45:21Z</time></trkpt>
<trkpt lat="37.087993" lon="-118.594758"><ele>2618.0</ele><time>2024-09-11T16:45:51Z</time></trkpt>
<trkpt lat="37.087951" lon="-118.595022"><ele>2618.0</ele><time>2024-09-11T16:45:54Z</time></trkpt>
<trkpt lat="37.088009" lon="-118.595055"><ele>2618.4</ele><time>2024-09-11T16:46:08Z</time></trkpt>
<trkpt lat="37.088105" lon="-118.594898"><ele>2619.2</ele><time>2024-09-11T16:47:51Z</time></trkpt>
<trkpt lat="37.088014" lon="-118.595130"><ele>2619.8</ele><time>2024-09-11T16:49:53Z</time></trkpt>
<trkpt lat="37.088088" lon="-118.594982"><ele>2619.4</ele><time>2024-09-11T16:49:59Z</time></trkpt>
<trkpt lat="37.087946" lon="-118.595020"><ele>2619.6</ele><time>2024-09-11T16:50:09Z</time></trkpt>
<trkpt lat="37.088129" lon="-118.594933"><ele>2621.2</ele><time>2024-09-11T16:51:34Z</time></trkpt>
<trkpt lat="37.088078" lon="-118.594984"><ele>2620.6</ele><time>2024-09-11T16:52:00Z</time></trkpt>
<trkpt lat="37.088160" lon="-118.594975"><ele>2620.4</ele><time>2024-09-11T16:52:02Z</time></trkpt>
<trkpt lat="37.087927" lon="-118.595001"><ele>2622.6</ele><time>2024-09-11T16:54:04Z</time></trkpt>
<trkpt lat="37.087946" lon="-118.594947"><ele>2622.4</ele><time>2024-09-11T16:54:09Z</time></trkpt>
<trkpt lat="37.088118" lon="-118.595046"><ele>2622.0</ele><time>2024-09-11T16:55:55Z</time></trkpt>
<trkpt lat="37.088098" lon="-118.594866"><ele>2622.0</ele><time>2024-09-11T16:56:06Z</time></trkpt>
<trkpt lat="37.088150" lon="-118.594974"><ele>2625.8</ele><time>2024-09-11T16:57:06Z</time></trkpt>
<trkpt lat="37.088085" lon="-118.594919"><ele>2621.6</ele><time>2024-09-11T16:58:08Z</time></trkpt>
<trkpt lat="37.087946" lon="-118.595117"><ele>2621.2</ele><time>2024-09-11T16:59:51Z</time></trkpt>
<trkpt lat="37.088026" lon="-118.595056"><ele>2621.2</ele><time>2024-09-11T16:59:52Z</time></trkpt>
<trkpt lat="37.087976" lon="-118.594925"><ele>2621.0</ele><time>2024-09-11T16:59:58Z</time></trkpt>
<trkpt lat="37.088070" lon="-118.595021"><ele>2622.4</ele><time>2024-09-11T17:01:58Z</time></trkpt>
<trkpt lat="37.088179" lon="-118.594859"><ele>2622.6</ele><time>2024-09-11T17:02:05Z</time></trkpt>
<trkpt lat="37.088136" lon="-118.594903"><ele>2622.6</ele><time>2024-09-11T17:02:08Z</time></trkpt>
<trkpt lat="37.088893" lon="-118.595410"><ele>2625.4</ele><time>2024-09-11T17:04:40Z</time></trkpt>
<trkpt lat="37.089455" lon="-118.595463"><ele>2626.4</ele><time>2024-09-11T17:06:09Z</time></trkpt>
<trkpt lat="37.089639" lon="-118.595402"><ele>2627.6</ele><time>2024-09-11T17:06:26Z</time></trkpt>
<trkpt lat="37.089670" lon="-118.595303"><ele>2629.4</ele><time>2024-09-11T17:06:34Z</time></trkpt>
<trkpt lat="37.089955" lon="-118.595255"><ele>2632.2</ele><time>2024-09-11T17:07:28Z</time></trkpt>
<trkpt lat="37.090346" lon="-118.594966"><ele>2633.2</ele><time>2024-09-11T17:08:01Z</time></trkpt>
<trkpt lat="37.090363" lon="-118.594867"><ele>2632.2</ele><time>2024-09-11T17:08:07Z</time></trkpt>
<trkpt lat="37.090643" lon="-118.594655"><ele>2630.2</ele><time>2024-09-11T17:08:24Z</time></trkpt>
<trkpt lat="37.091059" lon="-118.594461"><ele>2632.2</ele><time>2024-09-11T17:09:14Z</time></trkpt>
<trkpt lat="37.091282" lon="-118.594272"><ele>2632.6</ele><time>2024-09-11T17:09:42Z</time></trkpt>
<trkpt lat="37.091489" lon="-118.594245"><ele>2631.4</ele><time>2024-09-11T17:09:59Z</time></trkpt>
<trkpt lat="37.091547" lon="-118.594164"><ele>2631.4</ele><time>2024-09-11T17:10:05Z</time></trkpt>
<trkpt lat="37.092676" lon="-118.593727"><ele>2641.2</ele><time>2024-09-11T17:12:20Z</time></trkpt>
<trkpt lat="37.093880" lon="-118.594329"><ele>2644.4</ele><time>2024-09-11T17:14:05Z</time></trkpt>
<trkpt lat="37.093917" lon="-118.594285"><ele>2645.2</ele><time>2024-09-11T17:14:10Z</time></trkpt>
<trkpt lat="37.094145" lon="-118.594350"><ele>2647.6</ele><time>2024-09-11T17:14:31Z</time></trkpt>
<trkpt lat="37.094314" lon="-118.594439"><ele>2654.0</ele><time>2024-09-11T17:15:15Z</time></trkpt>
<trkpt lat="37.094856" lon="-118.594453"><ele>2658.6</ele><time>2024-09-11T17:15:53Z</time></trkpt>
<trkpt lat="37.095673" lon="-118.594979"><ele>2659.4</ele><time>2024-09-11T17:17:37Z</time></trkpt>
<trkpt lat="37.095760" lon="-118.595157"><ele>2663.4</ele><time>2024-09-11T17:17:53Z</time></trkpt>
<trkpt lat="37.095755" lon="-118.595272"><ele>2662.8</ele><time>2024-09-11T17:18:01Z</time></trkpt>
<trkpt lat="37.095850" lon="-118.595223"><ele>2662.2</ele><time>2024-09-11T17:18:10Z</time></trkpt>
<trkpt lat="37.096109" lon="-118.595769"><ele>2663.4</ele><time>2024-09-11T17:18:41Z</time></trkpt>
<trkpt lat="37.096169" lon="-118.595832"><ele>2659.2</ele><time>2024-09-11T17:19:13Z</time></trkpt>
<trkpt lat="37.096668" lon="-118.596042"><ele>2656.2</ele><time>2024-09-11T17:19:53Z</time></trkpt>
<trkpt lat="37.096690" lon="-118.596175"><ele>2659.8</ele><time>2024-09-11T17:20:01Z</time></trkpt>
<trkpt lat="37.096805" lon="-118.596226"><ele>2658.6</ele><time>2024-09-11T17:20:11Z</time></trkpt>
<trkpt lat="37.097324" lon="-118.596366"><ele>2657.0</ele><time>2024-09-11T17:21:03Z</time></trkpt>
<trkpt lat="37.097839" lon="-118.596632"><ele>2659.2</ele><time>2024-09-11T17:21:55Z</time></trkpt>
<trkpt lat="37.097980" lon="-118.596603"><ele>2659.8</ele><time>2024-09-11T17:21:59Z</time></trkpt>
<trkpt lat="37.097921" lon="-118.596667"><ele>2659.8</ele><time>2024-09-11T17:22:01Z</time></trkpt>
<trkpt lat="37.098027" lon="-118.596655"><ele>2660.2</ele><time>2024-09-11T17:22:11Z</time></trkpt>
<trkpt lat="37.098389" lon="-118.596818"><ele>2662.0</ele><time>2024-09-11T17:22:43Z</time></trkpt>
<trkpt lat="37.099033" lon="-118.597215"><ele>2667.0</ele><time>2024-09-11T17:23:53Z</time></trkpt>
<trkpt lat="37.099129" lon="-118.597386"><ele>2668.2</ele><time>2024-09-11T17:24:08Z</time></trkpt>
<trkpt lat="37.100193" lon="-118.597781"><ele>2671.0</ele><time>2024-09-11T17:25:47Z</time></trkpt>
<trkpt lat="37.100470" lon="-118.597760"><ele>2670.2</ele><time>2024-09-11T17:26:05Z</time></trkpt>
<trkpt lat="37.100476" lon="-118.597817"><ele>2669.6</ele><time>2024-09-11T17:26:07Z</time></trkpt>
<trkpt lat="37.101771" lon="-118.598105"><ele>2673.6</ele><time>2024-09-11T17:27:56Z</time></trkpt>
<trkpt lat="37.101820" lon="-118.598215"><ele>2673.4</ele><time>2024-09-11T17:28:06Z</time></trkpt>
<trkpt lat="37.103203" lon="-118.599163"><ele>2669.2</ele><time>2024-09-11T17:29:52Z</time></trkpt>
<trkpt lat="37.102962" lon="-118.598975"><ele>2669.0</ele><time>2024-09-11T17:29:56Z</time></trkpt>
<trkpt lat="37.103056" lon="-118.599012"><ele>2668.6</ele><time>2024-09-11T17:30:01Z</time></trkpt>
<trkpt lat="37.103089" lon="-118.599135"><ele>2668.0</ele><time>2024-09-11T17:30:09Z</time></trkpt>
<trkpt lat="37.103524" lon="-118.599368"><ele>2668.0</ele><time>2024-09-11T17:30:45Z</time></trkpt>
<trkpt lat="37.104106" lon="-118.599562"><ele>2670.2</ele><time>2024-09-11T17:31:57Z</time></trkpt>
<trkpt lat="37.104143" lon="-118.599693"><ele>2671.2</ele><time>2024-09-11T17:32:04Z</time></trkpt>
<trkpt lat="37.104401" lon="-118.599795"><ele>2671.4</ele><time>2024-09-11T17:32:27Z</time></trkpt>
<trkpt lat="37.104815" lon="-118.600356"><ele>2674.4</ele><time>2024-09-11T17:34:05Z</time></trkpt>
<trkpt lat="37.104870" lon="-118.600323"><ele>2677.8</ele><time>2024-09-11T17:34:27Z</time></trkpt>
<trkpt lat="37.105115" lon="-118.600599"><ele>2684.0</ele><time>2024-09-11T17:35:49Z</time></trkpt>
<trkpt lat="37.105140" lon="-118.600868"><ele>2685.8</ele><time>2024-09-11T17:36:12Z</time></trkpt>
<trkpt lat="37.105584" lon="-118.600315"><ele>2696.6</ele><time>2024-09-11T17:37:53Z</time></trkpt>
<trkpt lat="37.105667" lon="-118.600356"><ele>2697.0</ele><time>2024-09-11T17:37:55Z</time></trkpt>
<trkpt lat="37.105601" lon="-118.600271"><ele>2697.4</ele><time>2024-09-11T17:37:59Z</time></trkpt>
<trkpt lat="37.106018" lon="-118.600459"><ele>2704.4</ele><time>2024-09-11T17:39:04Z</time></trkpt>
<trkpt lat="37.106259" lon="-118.600945"><ele>2707.6</ele><time>2024-09-11T17:40:08Z</time></trkpt>
<trkpt lat="37.106553" lon="-118.600906"><ele>2711.4</ele><time>2024-09-11T17:41:12Z</time></trkpt>
<trkpt lat="37.106856" lon="-118.601136"><ele>2715.2</ele><time>2024-09-11T17:41:53Z</time></trkpt>
<trkpt lat="37.106983" lon="-118.601102"><ele>2716.6</ele><time>2024-09-11T17:42:06Z</time></trkpt>
<trkpt lat="37.107373" lon="-118.601302"><ele>2719.4</ele><time>2024-09-11T17:42:56Z</time></trkpt>
<trkpt lat="37.107948" lon="-118.601372"><ele>2724.0</ele><time>2024-09-11T17:43:53Z</time></trkpt>
<trkpt lat="37.108048" lon="-118.601549"><ele>2724.8</ele><time>2024-09-11T17:44:11Z</time></trkpt>
<trkpt lat="37.108008" lon="-118.601859"><ele>2726.8</ele><time>2024-09-11T17:45:06Z</time></trkpt>
<trkpt lat="37.108155" lon="-118.602022"><ele>2729.0</ele><time>2024-09-11T17:45:28Z</time></trkpt>
<trkpt lat="37.108263" lon="-118.602052"><ele>2731.8</ele><time>2024-09-11T17:45:53Z</time></trkpt>
<trkpt lat="37.108386" lon="-118.601906"><ele>2733.0</ele><time>2024-09-11T17:46:09Z</time></trkpt>
<trkpt lat="37.108679" lon="-118.602334"><ele>2740.2</ele><time>2024-09-11T17:47:14Z</time></trkpt>
<trkpt lat="37.109016" lon="-118.602501"><ele>2744.6</ele><time>2024-09-11T17:48:11Z</time></trkpt>
<trkpt lat="37.109456" lon="-118.603045"><ele>2753.6</ele><time>2024-09-11T17:49:56Z</time></trkpt>
<trkpt lat="37.109727" lon="-118.603070"><ele>2753.6</ele><time>2024-09-11T17:50:24Z</time></trkpt>
<trkpt lat="37.109886" lon="-118.603205"><ele>2758.6</ele><time>2024-09-11T17:50:58Z</time></trkpt>
<trkpt lat="37.110157" lon="-118.602972"><ele>2767.2</ele><time>2024-09-11T17:51:55Z</time></trkpt>
<trkpt lat="37.110078" lon="-118.603035"><ele>2767.6</ele><time>2024-09-11T17:51:57Z</time></trkpt>
<trkpt lat="37.110149" lon="-118.603135"><ele>2769.6</ele><time>2024-09-11T17:52:12Z</time></trkpt>
<trkpt lat="37.110753" lon="-118.603637"><ele>2773.8</ele><time>2024-09-11T17:53:38Z</time></trkpt>
<trkpt lat="37.112009" lon="-118.604272"><ele>2775.0</ele><time>2024-09-11T17:55:32Z</time></trkpt>
<trkpt lat="37.112538" lon="-118.604640"><ele>2772.6</ele><time>2024-09-11T17:56:11Z</time></trkpt>
<trkpt lat="37.112738" lon="-118.605390"><ele>2772.6</ele><time>2024-09-11T17:57:00Z</time></trkpt>
<trkpt lat="37.112792" lon="-118.606250"><ele>2773.4</ele><time>2024-09-11T17:58:03Z</time></trkpt>
<trkpt lat="37.112578" lon="-118.606943"><ele>2774.8</ele><time>2024-09-11T17:59:24Z</time></trkpt>
<trkpt lat="37.112468" lon="-118.607649"><ele>2777.4</ele><time>2024-09-11T18:00:12Z</time></trkpt>
<trkpt lat="37.112430" lon="-118.608313"><ele>2780.4</ele><time>2024-09-11T18:01:08Z</time></trkpt>
<trkpt lat="37.112526" lon="-118.608617"><ele>2783.2</ele><time>2024-09-11T18:01:28Z</time></trkpt>
<trkpt lat="37.112512" lon="-118.608852"><ele>2783.8</ele><time>2024-09-11T18:01:50Z</time></trkpt>
<trkpt lat="37.112545" lon="-118.608953"><ele>2785.0</ele><time>2024-09-11T18:01:56Z</time></trkpt>
<trkpt lat="37.112688" lon="-118.608984"><ele>2785.4</ele><time>2024-09-11T18:02:07Z</time></trkpt>
<trkpt lat="37.112754" lon="-118.609579"><ele>2787.4</ele><time>2024-09-11T18:03:05Z</time></trkpt>
<trkpt lat="37.113150" lon="-118.610146"><ele>2791.4</ele><time>2024-09-11T18:04:02Z</time></trkpt>
<trkpt lat="37.113644" lon="-118.610706"><ele>2791.0</ele><time>2024-09-11T18:05:00Z</time></trkpt>
<trkpt lat="37.112868" lon="-118.614478"><ele>2811.6</ele><time>2024-09-11T18:10:34Z</time></trkpt>
<trkpt lat="37.112637" lon="-118.616331"><ele>2814.4</ele><time>2024-09-11T18:12:07Z</time></trkpt>
<trkpt lat="37.112918" lon="-118.617765"><ele>2823.8</ele><time>2024-09-11T18:14:15Z</time></trkpt>
<trkpt lat="37.112863" lon="-118.617766"><ele>2823.4</ele><time>2024-09-11T18:14:29Z</time></trkpt>
<trkpt lat="37.112977" lon="-118.617878"><ele>2823.4</ele><time>2024-09-11T18:14:36Z</time></trkpt>
<trkpt lat="37.112932" lon="-118.617835"><ele>2823.8</ele><time>2024-09-11T18:14:41Z</time></trkpt>
<trkpt lat="37.112881" lon="-118.618161"><ele>2828.4</ele><time>2024-09-11T18:15:19Z</time></trkpt>
<trkpt lat="37.112645" lon="-118.618483"><ele>2830.6</ele><time>2024-09-11T18:15:45Z</time></trkpt>
<trkpt lat="37.112580" lon="-118.618777"><ele>2833.8</ele><time>2024-09-11T18:16:13Z</time></trkpt>
<trkpt lat="37.112462" lon="-118.618952"><ele>2833.0</ele><time>2024-09-11T18:16:27Z</time></trkpt>
<trkpt lat="37.112397" lon="-118.618886"><ele>2833.2</ele><time>2024-09-11T18:16:30Z</time></trkpt>
<trkpt lat="37.112724" lon="-118.619115"><ele>2833.6</ele><time>2024-09-11T18:16:32Z</time></trkpt>
<trkpt lat="37.112744" lon="-118.619194"><ele>2833.0</ele><time>2024-09-11T18:16:41Z</time></trkpt>
<trkpt lat="37.112524" lon="-118.619331"><ele>2832.6</ele><time>2024-09-11T18:17:03Z</time></trkpt>
<trkpt lat="37.112023" lon="-118.620021"><ele>2840.2</ele><time>2024-09-11T18:18:21Z</time></trkpt>
<trkpt lat="37.112416" lon="-118.620432"><ele>2842.4</ele><time>2024-09-11T18:18:33Z</time></trkpt>
<trkpt lat="37.111997" lon="-118.621117"><ele>2853.4</ele><time>2024-09-11T18:20:09Z</time></trkpt>
<trkpt lat="37.111865" lon="-118.621224"><ele>2855.6</ele><time>2024-09-11T18:20:29Z</time></trkpt>
<trkpt lat="37.112648" lon="-118.621495"><ele>2857.2</ele><time>2024-09-11T18:20:39Z</time></trkpt>
<trkpt lat="37.112665" lon="-118.621766"><ele>2859.4</ele><time>2024-09-11T18:21:01Z</time></trkpt>
<trkpt lat="37.112605" lon="-118.621860"><ele>2859.2</ele><time>2024-09-11T18:21:07Z</time></trkpt>
<trkpt lat="37.112652" lon="-118.621913"><ele>2859.2</ele><time>2024-09-11T18:21:12Z</time></trkpt>
<trkpt lat="37.112783" lon="-118.623367"><ele>2876.2</ele><time>2024-09-11T18:23:49Z</time></trkpt>
<trkpt lat="37.113190" lon="-118.624711"><ele>2882.6</ele><time>2024-09-11T18:25:42Z</time></trkpt>
<trkpt lat="37.113156" lon="-118.624982"><ele>2885.0</ele><time>2024-09-11T18:25:57Z</time></trkpt>
<trkpt lat="37.112915" lon="-118.625162"><ele>2892.0</ele><time>2024-09-11T18:26:55Z</time></trkpt>
<trkpt lat="37.112882" lon="-118.625259"><ele>2899.6</ele><time>2024-09-11T18:27:21Z</time></trkpt>
<trkpt lat="37.112841" lon="-118.625266"><ele>2897.2</ele><time>2024-09-11T18:27:31Z</time></trkpt>
<trkpt lat="37.113167" lon="-118.625365"><ele>2897.0</ele><time>2024-09-11T18:27:38Z</time></trkpt>
<trkpt lat="37.113144" lon="-118.625528"><ele>2901.6</ele><time>2024-09-11T18:28:19Z</time></trkpt>
<trkpt lat="37.113141" lon="-118.625538"><ele>2911.0</ele><time>2024-09-11T18:28:27Z</time></trkpt>
<trkpt lat="37.113072" lon="-118.625651"><ele>2906.0</ele><time>2024-09-11T18:28:47Z</time></trkpt>
<trkpt lat="37.113010" lon="-118.625979"><ele>2909.8</ele><time>2024-09-11T18:29:24Z</time></trkpt>
<trkpt lat="37.113101" lon="-118.626051"><ele>2912.6</ele><time>2024-09-11T18:29:26Z</time></trkpt>
<trkpt lat="37.113142" lon="-118.626169"><ele>2925.4</ele><time>2024-09-11T18:29:32Z</time></trkpt>
<trkpt lat="37.113162" lon="-118.626251"><ele>2925.6</ele><time>2024-09-11T18:29:38Z</time></trkpt>
<trkpt lat="37.113170" lon="-118.626216"><ele>2914.4</ele><time>2024-09-11T18:29:55Z</time></trkpt>
<trkpt lat="37.113233" lon="-118.626256"><ele>2916.6</ele><time>2024-09-11T18:30:10Z</time></trkpt>
<trkpt lat="37.113252" lon="-118.626553"><ele>2919.2</ele><time>2024-09-11T18:30:37Z</time></trkpt>
<trkpt lat="37.113440" lon="-118.626731"><ele>2927.6</ele><time>2024-09-11T18:31:54Z</time></trkpt>
<trkpt lat="37.113310" lon="-118.626586"><ele>2927.2</ele><time>2024-09-11T18:31:56Z</time></trkpt>
<trkpt lat="37.113458" lon="-118.626671"><ele>2928.6</ele><time>2024-09-11T18:32:08Z</time></trkpt>
<trkpt lat="37.113502" lon="-118.627042"><ele>2937.0</ele><time>2024-09-11T18:33:18Z</time></trkpt>
<trkpt lat="37.113497" lon="-118.627132"><ele>2945.4</ele><time>2024-09-11T18:33:30Z</time></trkpt>
<trkpt lat="37.113577" lon="-118.627599"><ele>2945.6</ele><time>2024-09-11T18:34:14Z</time></trkpt>
<trkpt lat="37.113696" lon="-118.627813"><ele>2951.6</ele><time>2024-09-11T18:34:42Z</time></trkpt>
<trkpt lat="37.113695" lon="-118.627904"><ele>2953.6</ele><time>2024-09-11T18:34:54Z</time></trkpt>
<trkpt lat="37.113626" lon="-118.627870"><ele>2959.2</ele><time>2024-09-11T18:35:55Z</time></trkpt>
<trkpt lat="37.113821" lon="-118.627808"><ele>2959.4</ele><time>2024-09-11T18:35:56Z</time></trkpt>
<trkpt lat="37.113712" lon="-118.627867"><ele>2960.0</ele><time>2024-09-11T18:36:12Z</time></trkpt>
<trkpt lat="37.113888" lon="-118.628337"><ele>2970.0</ele><time>2024-09-11T18:37:58Z</time></trkpt>
<trkpt lat="37.113843" lon="-118.628505"><ele>2975.2</ele><time>2024-09-11T18:38:08Z</time></trkpt>
<trkpt lat="37.113276" lon="-118.629578"><ele>2970.0</ele><time>2024-09-11T18:39:55Z</time></trkpt>
<trkpt lat="37.113388" lon="-118.629571"><ele>2970.2</ele><time>2024-09-11T18:39:57Z</time></trkpt>
<trkpt lat="37.113391" lon="-118.629643"><ele>2970.2</ele><time>2024-09-11T18:39:59Z</time></trkpt>
<trkpt lat="37.113333" lon="-118.629637"><ele>2970.4</ele><time>2024-09-11T18:40:01Z</time></trkpt>
<trkpt lat="37.113229" lon="-118.630505"><ele>2978.0</ele><time>2024-09-11T18:41:24Z</time></trkpt>
<trkpt lat="37.113210" lon="-118.630652"><ele>2987.2</ele><time>2024-09-11T18:41:36Z</time></trkpt>
<trkpt lat="37.113134" lon="-118.631005"><ele>2984.6</ele><time>2024-09-11T18:41:57Z</time></trkpt>
<trkpt lat="37.113298" lon="-118.631345"><ele>2993.4</ele><time>2024-09-11T18:43:10Z</time></trkpt>
<trkpt lat="37.113289" lon="-118.631497"><ele>3004.4</ele><time>2024-09-11T18:43:22Z</time></trkpt>
<trkpt lat="37.113477" lon="-118.631884"><ele>2999.6</ele><time>2024-09-11T18:43:55Z</time></trkpt>
<trkpt lat="37.113511" lon="-118.631582"><ele>3000.2</ele><time>2024-09-11T18:44:15Z</time></trkpt>
<trkpt lat="37.113333" lon="-118.632293"><ele>3020.2</ele><time>2024-09-11T18:47:16Z</time></trkpt>
<trkpt lat="37.113321" lon="-118.632510"><ele>3033.8</ele><time>2024-09-11T18:47:46Z</time></trkpt>
<trkpt lat="37.113342" lon="-118.632842"><ele>3030.4</ele><time>2024-09-11T18:48:05Z</time></trkpt>
<trkpt lat="37.113350" lon="-118.632745"><ele>3029.4</ele><time>2024-09-11T18:48:09Z</time></trkpt>
<trkpt lat="37.113368" lon="-118.632798"><ele>3029.4</ele><time>2024-09-11T18:48:12Z</time></trkpt>
<trkpt lat="37.113477" lon="-118.632768"><ele>3030.4</ele><time>2024-09-11T18:48:28Z</time></trkpt>
<trkpt lat="37.113461" lon="-118.632962"><ele>3032.8</ele><time>2024-09-11T18:49:42Z</time></trkpt>
<trkpt lat="37.113253" lon="-118.633170"><ele>3035.4</ele><time>2024-09-11T18:50:14Z</time></trkpt>
<trkpt lat="37.113361" lon="-118.633253"><ele>3037.0</ele><time>2024-09-11T18:50:40Z</time></trkpt>
<trkpt lat="37.113674" lon="-118.633118"><ele>3047.4</ele><time>2024-09-11T18:52:02Z</time></trkpt>
<trkpt lat="37.113618" lon="-118.633205"><ele>3046.6</ele><time>2024-09-11T18:52:12Z</time></trkpt>
<trkpt lat="37.113545" lon="-118.633695"><ele>3054.4</ele><time>2024-09-11T18:52:52Z</time></trkpt>
<trkpt lat="37.113585" lon="-118.633741"><ele>3055.6</ele><time>2024-09-11T18:53:00Z</time></trkpt>
<trkpt lat="37.113665" lon="-118.633695"><ele>3057.6</ele><time>2024-09-11T18:53:16Z</time></trkpt>
<trkpt lat="37.113697" lon="-118.633837"><ele>3063.2</ele><time>2024-09-11T18:54:02Z</time></trkpt>
<trkpt lat="37.113750" lon="-118.633785"><ele>3063.4</ele><time>2024-09-11T18:54:04Z</time></trkpt>
<trkpt lat="37.113706" lon="-118.633812"><ele>3063.4</ele><time>2024-09-11T18:54:06Z</time></trkpt>
<trkpt lat="37.113928" lon="-118.634539"><ele>3072.4</ele><time>2024-09-11T18:55:28Z</time></trkpt>
<trkpt lat="37.114055" lon="-118.634507"><ele>3074.8</ele><time>2024-09-11T18:55:50Z</time></trkpt>
<trkpt lat="37.114075" lon="-118.634571"><ele>3076.4</ele><time>2024-09-11T18:56:00Z</time></trkpt>
<trkpt lat="37.113996" lon="-118.634604"><ele>3077.8</ele><time>2024-09-11T18:56:09Z</time></trkpt>
<trkpt lat="37.114030" lon="-118.634660"><ele>3078.4</ele><time>2024-09-11T18:56:18Z</time></trkpt>
<trkpt lat="37.113943" lon="-118.634672"><ele>3079.4</ele><time>2024-09-11T18:56:24Z</time></trkpt>
<trkpt lat="37.113962" lon="-118.634777"><ele>3080.2</ele><time>2024-09-11T18:56:53Z</time></trkpt>
<trkpt lat="37.114040" lon="-118.634744"><ele>3079.6</ele><time>2024-09-11T18:57:00Z</time></trkpt>
<trkpt lat="37.113993" lon="-118.635104"><ele>3082.2</ele><time>2024-09-11T18:57:31Z</time></trkpt>
<trkpt lat="37.113875" lon="-118.635479"><ele>3090.8</ele><time>2024-09-11T18:58:39Z</time></trkpt>
<trkpt lat="37.113882" lon="-118.635630"><ele>3094.0</ele><time>2024-09-11T18:58:58Z</time></trkpt>
<trkpt lat="37.113968" lon="-118.635643"><ele>3094.6</ele><time>2024-09-11T18:59:01Z</time></trkpt>
<trkpt lat="37.113936" lon="-118.635552"><ele>3095.0</ele><time>2024-09-11T18:59:04Z</time></trkpt>
<trkpt lat="37.114049" lon="-118.635519"><ele>3096.8</ele><time>2024-09-11T18:59:14Z</time></trkpt>
<trkpt lat="37.114024" lon="-118.635650"><ele>3097.8</ele><time>2024-09-11T18:59:30Z</time></trkpt>
<trkpt lat="37.113745" lon="-118.636095"><ele>3107.0</ele><time>2024-09-11T19:00:22Z</time></trkpt>
<trkpt lat="37.113596" lon="-118.636466"><ele>3111.2</ele><time>2024-09-11T19:00:57Z</time></trkpt>
<trkpt lat="37.113896" lon="-118.636238"><ele>3111.6</ele><time>2024-09-11T19:01:01Z</time></trkpt>
<trkpt lat="37.114093" lon="-118.636877"><ele>3113.4</ele><time>2024-09-11T19:01:49Z</time></trkpt>
<trkpt lat="37.114251" lon="-118.637069"><ele>3115.2</ele><time>2024-09-11T19:02:09Z</time></trkpt>
<trkpt lat="37.114336" lon="-118.637524"><ele>3115.0</ele><time>2024-09-11T19:02:57Z</time></trkpt>
<trkpt lat="37.114109" lon="-118.637806"><ele>3115.8</ele><time>2024-09-11T19:03:11Z</time></trkpt>
<trkpt lat="37.114135" lon="-118.637851"><ele>3116.0</ele><time>2024-09-11T19:03:17Z</time></trkpt>
<trkpt lat="37.114426" lon="-118.637846"><ele>3122.0</ele><time>2024-09-11T19:04:09Z</time></trkpt>
<trkpt lat="37.114486" lon="-118.637841"><ele>3139.2</ele><time>2024-09-11T19:04:27Z</time></trkpt>
<trkpt lat="37.114986" lon="-118.637869"><ele>3129.0</ele><time>2024-09-11T19:04:57Z</time></trkpt>
<trkpt lat="37.115021" lon="-118.637759"><ele>3129.8</ele><time>2024-09-11T19:05:00Z</time></trkpt>
<trkpt lat="37.115273" lon="-118.637631"><ele>3131.8</ele><time>2024-09-11T19:05:15Z</time></trkpt>
<trkpt lat="37.115340" lon="-118.637659"><ele>3131.6</ele><time>2024-09-11T19:05:23Z</time></trkpt>
<trkpt lat="37.115350" lon="-118.637664"><ele>3139.8</ele><time>2024-09-11T19:05:25Z</time></trkpt>
<trkpt lat="37.115794" lon="-118.637912"><ele>3134.8</ele><time>2024-09-11T19:06:53Z</time></trkpt>
<trkpt lat="37.115793" lon="-118.638009"><ele>3136.2</ele><time>2024-09-11T19:07:04Z</time></trkpt>
<trkpt lat="37.115813" lon="-118.637989"><ele>3140.8</ele><time>2024-09-11T19:08:05Z</time></trkpt>
<trkpt lat="37.115766" lon="-118.637904"><ele>3140.6</ele><time>2024-09-11T19:08:45Z</time></trkpt>
<trkpt lat="37.115719" lon="-118.637961"><ele>3144.2</ele><time>2024-09-11T19:08:58Z</time></trkpt>
<trkpt lat="37.115823" lon="-118.637957"><ele>3144.6</ele><time>2024-09-11T19:09:05Z</time></trkpt>
<trkpt lat="37.115805" lon="-118.638000"><ele>3142.8</ele><time>2024-09-11T19:09:59Z</time></trkpt>
<trkpt lat="37.115811" lon="-118.637991"><ele>3151.0</ele><time>2024-09-11T19:10:21Z</time></trkpt>
<trkpt lat="37.115856" lon="-118.637939"><ele>3145.0</ele><time>2024-09-11T19:11:03Z</time></trkpt>
<trkpt lat="37.115646" lon="-118.638159"><ele>3148.6</ele><time>2024-09-11T19:12:56Z</time></trkpt>
<trkpt lat="37.115861" lon="-118.637936"><ele>3148.8</ele><time>2024-09-11T19:13:06Z</time></trkpt>
<trkpt lat="37.115745" lon="-118.638060"><ele>3150.0</ele><time>2024-09-11T19:15:08Z</time></trkpt>
<trkpt lat="37.115764" lon="-118.638037"><ele>3154.0</ele><time>2024-09-11T19:16:29Z</time></trkpt>
<trkpt lat="37.115959" lon="-118.637752"><ele>3152.4</ele><time>2024-09-11T19:17:03Z</time></trkpt>
<trkpt lat="37.115719" lon="-118.638107"><ele>3152.4</ele><time>2024-09-11T19:17:05Z</time></trkpt>
<trkpt lat="37.115757" lon="-118.638073"><ele>3156.4</ele><time>2024-09-11T19:17:47Z</time></trkpt>
<trkpt lat="37.115639" lon="-118.638090"><ele>3154.4</ele><time>2024-09-11T19:18:31Z</time></trkpt>
<trkpt lat="37.115868" lon="-118.637935"><ele>3155.8</ele><time>2024-09-11T19:20:59Z</time></trkpt>
<trkpt lat="37.115780" lon="-118.638042"><ele>3156.0</ele><time>2024-09-11T19:21:05Z</time></trkpt>
<trkpt lat="37.115824" lon="-118.637939"><ele>3156.0</ele><time>2024-09-11T19:22:49Z</time></trkpt>
<trkpt lat="37.115823" lon="-118.637996"><ele>3156.6</ele><time>2024-09-11T19:23:02Z</time></trkpt>
<trkpt lat="37.115860" lon="-118.637962"><ele>3156.8</ele><time>2024-09-11T19:23:04Z</time></trkpt>
<trkpt lat="37.115818" lon="-118.637996"><ele>3159.8</ele><time>2024-09-11T19:23:14Z</time></trkpt>
<trkpt lat="37.116027" lon="-118.637821"><ele>3158.2</ele><time>2024-09-11T19:25:01Z</time></trkpt>
<trkpt lat="37.115618" lon="-118.638228"><ele>3159.2</ele><time>2024-09-11T19:26:59Z</time></trkpt>
<trkpt lat="37.115841" lon="-118.638008"><ele>3158.8</ele><time>2024-09-11T19:27:05Z</time></trkpt>
<trkpt lat="37.115822" lon="-118.637983"><ele>3163.4</ele><time>2024-09-11T19:27:13Z</time></trkpt>
<trkpt lat="37.115892" lon="-118.637901"><ele>3159.0</ele><time>2024-09-11T19:28:08Z</time></trkpt>
<trkpt lat="37.115926" lon="-118.637849"><ele>3163.2</ele><time>2024-09-11T19:28:58Z</time></trkpt>
<trkpt lat="37.115821" lon="-118.638010"><ele>3161.4</ele><time>2024-09-11T19:29:08Z</time></trkpt>
<trkpt lat="37.115822" lon="-118.637965"><ele>3161.2</ele><time>2024-09-11T19:29:15Z</time></trkpt>
<trkpt lat="37.115774" lon="-118.638006"><ele>3164.8</ele><time>2024-09-11T19:30:02Z</time></trkpt>
<trkpt lat="37.115712" lon="-118.638045"><ele>3162.2</ele><time>2024-09-11T19:30:58Z</time></trkpt>
<trkpt lat="37.116020" lon="-118.637842"><ele>3158.6</ele><time>2024-09-11T19:33:03Z</time></trkpt>
<trkpt lat="37.115734" lon="-118.638007"><ele>3158.0</ele><time>2024-09-11T19:33:13Z</time></trkpt>
<trkpt lat="37.115893" lon="-118.637911"><ele>3160.6</ele><time>2024-09-11T19:35:02Z</time></trkpt>
<trkpt lat="37.115781" lon="-118.638061"><ele>3159.8</ele><time>2024-09-11T19:35:32Z</time></trkpt>
<trkpt lat="37.115771" lon="-118.638083"><ele>3164.4</ele><time>2024-09-11T19:35:52Z</time></trkpt>
<trkpt lat="37.115700" lon="-118.638232"><ele>3160.0</ele><time>2024-09-11T19:36:59Z</time></trkpt>
<trkpt lat="37.115805" lon="-118.637999"><ele>3159.8</ele><time>2024-09-11T19:37:08Z</time></trkpt>
<trkpt lat="37.115784" lon="-118.638047"><ele>3165.4</ele><time>2024-09-11T19:38:20Z</time></trkpt>
<trkpt lat="37.115877" lon="-118.638432"><ele>3166.0</ele><time>2024-09-11T19:39:08Z</time></trkpt>
<trkpt lat="37.115848" lon="-118.638838"><ele>3175.0</ele><time>2024-09-11T19:40:36Z</time></trkpt>
<trkpt lat="37.115968" lon="-118.638969"><ele>3178.8</ele><time>2024-09-11T19:40:59Z</time></trkpt>
<trkpt lat="37.116130" lon="-118.638877"><ele>3179.8</ele><time>2024-09-11T19:41:07Z</time></trkpt>
<trkpt lat="37.116073" lon="-118.639020"><ele>3183.2</ele><time>2024-09-11T19:41:20Z</time></trkpt>
<trkpt lat="37.116209" lon="-118.639756"><ele>3192.6</ele><time>2024-09-11T19:42:44Z</time></trkpt>
<trkpt lat="37.116314" lon="-118.639897"><ele>3192.6</ele><time>2024-09-11T19:43:04Z</time></trkpt>
<trkpt lat="37.116389" lon="-118.639894"><ele>3196.4</ele><time>2024-09-11T19:43:14Z</time></trkpt>
<trkpt lat="37.116510" lon="-118.640182"><ele>3199.0</ele><time>2024-09-11T19:43:42Z</time></trkpt>
<trkpt lat="37.116858" lon="-118.640621"><ele>3212.2</ele><time>2024-09-11T19:45:00Z</time></trkpt>
<trkpt lat="37.116920" lon="-118.640654"><ele>3211.8</ele><time>2024-09-11T19:45:04Z</time></trkpt>
<trkpt lat="37.117107" lon="-118.640463"><ele>3211.0</ele><time>2024-09-11T19:45:11Z</time></trkpt>
<trkpt lat="37.117046" lon="-118.640166"><ele>3219.8</ele><time>2024-09-11T19:46:20Z</time></trkpt>
<trkpt lat="37.117248" lon="-118.639757"><ele>3222.2</ele><time>2024-09-11T19:47:02Z</time></trkpt>
<trkpt lat="37.117074" lon="-118.639946"><ele>3222.0</ele><time>2024-09-11T19:47:07Z</time></trkpt>
<trkpt lat="37.117222" lon="-118.639879"><ele>3228.0</ele><time>2024-09-11T19:47:13Z</time></trkpt>
<trkpt lat="37.117250" lon="-118.639957"><ele>3227.0</ele><time>2024-09-11T19:47:22Z</time></trkpt>
<trkpt lat="37.117292" lon="-118.639775"><ele>3225.6</ele><time>2024-09-11T19:47:48Z</time></trkpt>
<trkpt lat="37.117235" lon="-118.639724"><ele>3226.0</ele><time>2024-09-11T19:47:58Z</time></trkpt>
<trkpt lat="37.117622" lon="-118.639591"><ele>3228.8</ele><time>2024-09-11T19:49:01Z</time></trkpt>
<trkpt lat="37.117747" lon="-118.639377"><ele>3225.4</ele><time>2024-09-11T19:49:14Z</time></trkpt>
<trkpt lat="37.117927" lon="-118.639521"><ele>3231.8</ele><time>2024-09-11T19:49:39Z</time></trkpt>
<trkpt lat="37.117968" lon="-118.639562"><ele>3240.0</ele><time>2024-09-11T19:49:43Z</time></trkpt>
<trkpt lat="37.118026" lon="-118.639652"><ele>3234.8</ele><time>2024-09-11T19:49:57Z</time></trkpt>
<trkpt lat="37.118060" lon="-118.639732"><ele>3238.4</ele><time>2024-09-11T19:50:19Z</time></trkpt>
<trkpt lat="37.118066" lon="-118.639746"><ele>3246.8</ele><time>2024-09-11T19:50:23Z</time></trkpt>
<trkpt lat="37.118272" lon="-118.640280"><ele>3239.6</ele><time>2024-09-11T19:50:59Z</time></trkpt>
<trkpt lat="37.118572" lon="-118.640318"><ele>3236.6</ele><time>2024-09-11T19:51:08Z</time></trkpt>
<trkpt lat="37.118581" lon="-118.640398"><ele>3234.6</ele><time>2024-09-11T19:51:15Z</time></trkpt>
<trkpt lat="37.118791" lon="-118.640586"><ele>3234.8</ele><time>2024-09-11T19:51:37Z</time></trkpt>
<trkpt lat="37.119450" lon="-118.641027"><ele>3241.8</ele><time>2024-09-11T19:53:01Z</time></trkpt>
<trkpt lat="37.119366" lon="-118.641188"><ele>3241.6</ele><time>2024-09-11T19:53:05Z</time></trkpt>
<trkpt lat="37.119470" lon="-118.641282"><ele>3242.8</ele><time>2024-09-11T19:53:18Z</time></trkpt>
<trkpt lat="37.119483" lon="-118.641541"><ele>3236.6</ele><time>2024-09-11T19:54:03Z</time></trkpt>
<trkpt lat="37.119488" lon="-118.641587"><ele>3246.2</ele><time>2024-09-11T19:54:25Z</time></trkpt>
<trkpt lat="37.119584" lon="-118.641911"><ele>3241.8</ele><time>2024-09-11T19:54:58Z</time></trkpt>
<trkpt lat="37.119787" lon="-118.641915"><ele>3242.4</ele><time>2024-09-11T19:55:25Z</time></trkpt>
<trkpt lat="37.119922" lon="-118.642064"><ele>3247.8</ele><time>2024-09-11T19:55:45Z</time></trkpt>
<trkpt lat="37.119942" lon="-118.642064"><ele>3253.6</ele><time>2024-09-11T19:55:47Z</time></trkpt>
<trkpt lat="37.119966" lon="-118.642077"><ele>3248.6</ele><time>2024-09-11T19:56:05Z</time></trkpt>
<trkpt lat="37.120026" lon="-118.642119"><ele>3264.6</ele><time>2024-09-11T19:56:31Z</time></trkpt>
<trkpt lat="37.120136" lon="-118.642187"><ele>3255.8</ele><time>2024-09-11T19:56:41Z</time></trkpt>
<trkpt lat="37.120354" lon="-118.642251"><ele>3252.8</ele><time>2024-09-11T19:56:59Z</time></trkpt>
<trkpt lat="37.120555" lon="-118.642082"><ele>3261.0</ele><time>2024-09-11T19:57:10Z</time></trkpt>
<trkpt lat="37.120626" lon="-118.642073"><ele>3259.4</ele><time>2024-09-11T19:57:15Z</time></trkpt>
<trkpt lat="37.120707" lon="-118.641979"><ele>3255.6</ele><time>2024-09-11T19:57:35Z</time></trkpt>
<trkpt lat="37.120749" lon="-118.641839"><ele>3258.8</ele><time>2024-09-11T19:58:07Z</time></trkpt>
<trkpt lat="37.121087" lon="-118.641566"><ele>3262.0</ele><time>2024-09-11T19:58:55Z</time></trkpt>
<trkpt lat="37.121267" lon="-118.641591"><ele>3263.6</ele><time>2024-09-11T19:59:16Z</time></trkpt>
<trkpt lat="37.121469" lon="-118.641494"><ele>3285.2</ele><time>2024-09-11T19:59:47Z</time></trkpt>
<trkpt lat="37.121819" lon="-118.641652"><ele>3282.6</ele><time>2024-09-11T20:00:31Z</time></trkpt>
<trkpt lat="37.121888" lon="-118.641704"><ele>3276.8</ele><time>2024-09-11T20:00:39Z</time></trkpt>
<trkpt lat="37.121956" lon="-118.641726"><ele>3287.0</ele><time>2024-09-11T20:01:01Z</time></trkpt>
<trkpt lat="37.122050" lon="-118.641730"><ele>3284.4</ele><time>2024-09-11T20:01:06Z</time></trkpt>
<trkpt lat="37.122111" lon="-118.641790"><ele>3301.0</ele><time>2024-09-11T20:01:18Z</time></trkpt>
<trkpt lat="37.122550" lon="-118.642039"><ele>3291.0</ele><time>2024-09-11T20:01:53Z</time></trkpt>
<trkpt lat="37.122607" lon="-118.642092"><ele>3306.4</ele><time>2024-09-11T20:02:29Z</time></trkpt>
<trkpt lat="37.122863" lon="-118.642467"><ele>3294.0</ele><time>2024-09-11T20:02:58Z</time></trkpt>
<trkpt lat="37.122771" lon="-118.642489"><ele>3290.8</ele><time>2024-09-11T20:03:10Z</time></trkpt>
<trkpt lat="37.122854" lon="-118.642435"><ele>3289.6</ele><time>2024-09-11T20:03:18Z</time></trkpt>
<trkpt lat="37.122907" lon="-118.642622"><ele>3284.0</ele><time>2024-09-11T20:03:45Z</time></trkpt>
<trkpt lat="37.123175" lon="-118.643670"><ele>3288.4</ele><time>2024-09-11T20:05:01Z</time></trkpt>
<trkpt lat="37.123125" lon="-118.643902"><ele>3285.8</ele><time>2024-09-11T20:05:15Z</time></trkpt>
<trkpt lat="37.123473" lon="-118.644324"><ele>3282.6</ele><time>2024-09-11T20:06:03Z</time></trkpt>
<trkpt lat="37.123699" lon="-118.644923"><ele>3285.4</ele><time>2024-09-11T20:07:01Z</time></trkpt>
<trkpt lat="37.123655" lon="-118.644991"><ele>3291.4</ele><time>2024-09-11T20:07:07Z</time></trkpt>
<trkpt lat="37.123747" lon="-118.644989"><ele>3299.0</ele><time>2024-09-11T20:07:18Z</time></trkpt>
<trkpt lat="37.123856" lon="-118.645071"><ele>3289.4</ele><time>2024-09-11T20:07:57Z</time></trkpt>
<trkpt lat="37.124033" lon="-118.645177"><ele>3289.4</ele><time>2024-09-11T20:08:57Z</time></trkpt>
<trkpt lat="37.124056" lon="-118.645296"><ele>3289.2</ele><time>2024-09-11T20:08:59Z</time></trkpt>
<trkpt lat="37.123986" lon="-118.645187"><ele>3288.4</ele><time>2024-09-11T20:09:05Z</time></trkpt>
<trkpt lat="37.123877" lon="-118.645256"><ele>3288.2</ele><time>2024-09-11T20:09:07Z</time></trkpt>
<trkpt lat="37.123898" lon="-118.645338"><ele>3288.2</ele><time>2024-09-11T20:09:11Z</time></trkpt>
<trkpt lat="37.123721" lon="-118.645877"><ele>3296.8</ele><time>2024-09-11T20:11:00Z</time></trkpt>
<trkpt lat="37.123503" lon="-118.646046"><ele>3303.0</ele><time>2024-09-11T20:11:07Z</time></trkpt>
<trkpt lat="37.123481" lon="-118.646117"><ele>3307.4</ele><time>2024-09-11T20:11:13Z</time></trkpt>
<trkpt lat="37.123522" lon="-118.646441"><ele>3303.6</ele><time>2024-09-11T20:11:41Z</time></trkpt>
<trkpt lat="37.123545" lon="-118.646526"><ele>3320.4</ele><time>2024-09-11T20:12:01Z</time></trkpt>
<trkpt lat="37.123570" lon="-118.646667"><ele>3324.6</ele><time>2024-09-11T20:12:21Z</time></trkpt>
<trkpt lat="37.123846" lon="-118.646925"><ele>3329.8</ele><time>2024-09-11T20:12:59Z</time></trkpt>
<trkpt lat="37.123796" lon="-118.646963"><ele>3329.6</ele><time>2024-09-11T20:13:03Z</time></trkpt>
<trkpt lat="37.123846" lon="-118.647122"><ele>3328.6</ele><time>2024-09-11T20:13:18Z</time></trkpt>
<trkpt lat="37.124102" lon="-118.647110"><ele>3335.8</ele><time>2024-09-11T20:13:41Z</time></trkpt>
<trkpt lat="37.124119" lon="-118.647008"><ele>3325.4</ele><time>2024-09-11T20:14:11Z</time></trkpt>
<trkpt lat="37.124050" lon="-118.646894"><ele>3322.0</ele><time>2024-09-11T20:14:23Z</time></trkpt>
<trkpt lat="37.124148" lon="-118.646528"><ele>3317.2</ele><time>2024-09-11T20:15:00Z</time></trkpt>
<trkpt lat="37.124021" lon="-118.646418"><ele>3318.4</ele><time>2024-09-11T20:15:12Z</time></trkpt>
<trkpt lat="37.124150" lon="-118.646292"><ele>3318.2</ele><time>2024-09-11T20:15:38Z</time></trkpt>
<trkpt lat="37.124242" lon="-118.646357"><ele>3323.4</ele><time>2024-09-11T20:16:04Z</time></trkpt>
<trkpt lat="37.124251" lon="-118.646642"><ele>3328.2</ele><time>2024-09-11T20:16:32Z</time></trkpt>
<trkpt lat="37.124251" lon="-118.646541"><ele>3331.2</ele><time>2024-09-11T20:16:46Z</time></trkpt>
<trkpt lat="37.124401" lon="-118.646560"><ele>3347.2</ele><time>2024-09-11T20:17:03Z</time></trkpt>
<trkpt lat="37.124505" lon="-118.646625"><ele>3346.8</ele><time>2024-09-11T20:17:10Z</time></trkpt>
<trkpt lat="37.124592" lon="-118.646663"><ele>3337.2</ele><time>2024-09-11T20:17:17Z</time></trkpt>
<trkpt lat="37.124456" lon="-118.647214"><ele>3329.0</ele><time>2024-09-11T20:18:59Z</time></trkpt>
<trkpt lat="37.124589" lon="-118.647401"><ele>3327.8</ele><time>2024-09-11T20:19:15Z</time></trkpt>
<trkpt lat="37.124522" lon="-118.647660"><ele>3330.6</ele><time>2024-09-11T20:19:46Z</time></trkpt>
<trkpt lat="37.124135" lon="-118.648334"><ele>3334.2</ele><time>2024-09-11T20:21:05Z</time></trkpt>
<trkpt lat="37.124005" lon="-118.648448"><ele>3336.2</ele><time>2024-09-11T20:21:17Z</time></trkpt>
<trkpt lat="37.124167" lon="-118.648696"><ele>3340.2</ele><time>2024-09-11T20:22:08Z</time></trkpt>
<trkpt lat="37.124269" lon="-118.648772"><ele>3349.2</ele><time>2024-09-11T20:22:50Z</time></trkpt>
<trkpt lat="37.124355" lon="-118.648872"><ele>3347.0</ele><time>2024-09-11T20:23:05Z</time></trkpt>
<trkpt lat="37.124460" lon="-118.648889"><ele>3347.6</ele><time>2024-09-11T20:23:18Z</time></trkpt>
<trkpt lat="37.124484" lon="-118.648942"><ele>3358.8</ele><time>2024-09-11T20:23:23Z</time></trkpt>
<trkpt lat="37.124567" lon="-118.649019"><ele>3360.2</ele><time>2024-09-11T20:23:33Z</time></trkpt>
<trkpt lat="37.124583" lon="-118.649042"><ele>3367.8</ele><time>2024-09-11T20:23:35Z</time></trkpt>
<trkpt lat="37.124627" lon="-118.649117"><ele>3364.2</ele><time>2024-09-11T20:23:45Z</time></trkpt>
<trkpt lat="37.124601" lon="-118.649338"><ele>3355.4</ele><time>2024-09-11T20:24:27Z</time></trkpt>
<trkpt lat="37.124443" lon="-118.649459"><ele>3374.4</ele><time>2024-09-11T20:24:53Z</time></trkpt>
<trkpt lat="37.124376" lon="-118.649520"><ele>3366.6</ele><time>2024-09-11T20:25:05Z</time></trkpt>
<trkpt lat="37.123988" lon="-118.649518"><ele>3364.8</ele><time>2024-09-11T20:25:40Z</time></trkpt>
<trkpt lat="37.123761" lon="-118.649703"><ele>3368.6</ele><time>2024-09-11T20:27:08Z</time></trkpt>
<trkpt lat="37.123784" lon="-118.649789"><ele>3369.6</ele><time>2024-09-11T20:27:14Z</time></trkpt>
<trkpt lat="37.123706" lon="-118.649868"><ele>3372.0</ele><time>2024-09-11T20:27:34Z</time></trkpt>
<trkpt lat="37.123624" lon="-118.649789"><ele>3376.8</ele><time>2024-09-11T20:28:18Z</time></trkpt>
<trkpt lat="37.123361" lon="-118.649864"><ele>3378.2</ele><time>2024-09-11T20:28:50Z</time></trkpt>
<trkpt lat="37.123023" lon="-118.649802"><ele>3383.6</ele><time>2024-09-11T20:29:19Z</time></trkpt>
<trkpt lat="37.122968" lon="-118.649869"><ele>3383.8</ele><time>2024-09-11T20:29:32Z</time></trkpt>
<trkpt lat="37.122956" lon="-118.649900"><ele>3396.6</ele><time>2024-09-11T20:29:46Z</time></trkpt>
<trkpt lat="37.122914" lon="-118.649928"><ele>3392.4</ele><time>2024-09-11T20:29:56Z</time></trkpt>
<trkpt lat="37.122790" lon="-118.650087"><ele>3400.6</ele><time>2024-09-11T20:30:28Z</time></trkpt>
<trkpt lat="37.122781" lon="-118.650117"><ele>3413.6</ele><time>2024-09-11T20:30:36Z</time></trkpt>
<trkpt lat="37.122727" lon="-118.650489"><ele>3409.8</ele><time>2024-09-11T20:31:00Z</time></trkpt>
<trkpt lat="37.122847" lon="-118.650613"><ele>3409.0</ele><time>2024-09-11T20:31:02Z</time></trkpt>
<trkpt lat="37.122608" lon="-118.650561"><ele>3423.2</ele><time>2024-09-11T20:31:11Z</time></trkpt>
<trkpt lat="37.122638" lon="-118.650638"><ele>3424.2</ele><time>2024-09-11T20:31:18Z</time></trkpt>
<trkpt lat="37.122535" lon="-118.651281"><ele>3421.0</ele><time>2024-09-11T20:32:03Z</time></trkpt>
<trkpt lat="37.122530" lon="-118.651420"><ele>3430.8</ele><time>2024-09-11T20:32:19Z</time></trkpt>
<trkpt lat="37.122528" lon="-118.651458"><ele>3424.2</ele><time>2024-09-11T20:32:27Z</time></trkpt>
<trkpt lat="37.122487" lon="-118.651811"><ele>3431.4</ele><time>2024-09-11T20:33:00Z</time></trkpt>
<trkpt lat="37.122662" lon="-118.651596"><ele>3432.8</ele><time>2024-09-11T20:33:04Z</time></trkpt>
<trkpt lat="37.122538" lon="-118.651801"><ele>3431.2</ele><time>2024-09-11T20:33:12Z</time></trkpt>
<trkpt lat="37.122581" lon="-118.652042"><ele>3427.4</ele><time>2024-09-11T20:33:29Z</time></trkpt>
<trkpt lat="37.122682" lon="-118.652343"><ele>3417.2</ele><time>2024-09-11T20:34:03Z</time></trkpt>
<trkpt lat="37.122752" lon="-118.652460"><ele>3420.6</ele><time>2024-09-11T20:34:16Z</time></trkpt>
<trkpt lat="37.122834" lon="-118.652531"><ele>3415.8</ele><time>2024-09-11T20:34:46Z</time></trkpt>
<trkpt lat="37.122873" lon="-118.652782"><ele>3418.2</ele><time>2024-09-11T20:35:16Z</time></trkpt>
<trkpt lat="37.122862" lon="-118.652771"><ele>3422.6</ele><time>2024-09-11T20:35:59Z</time></trkpt>
<trkpt lat="37.122965" lon="-118.653119"><ele>3422.0</ele><time>2024-09-11T20:36:04Z</time></trkpt>
<trkpt lat="37.122598" lon="-118.653049"><ele>3424.2</ele><time>2024-09-11T20:36:12Z</time></trkpt>
<trkpt lat="37.122281" lon="-118.653326"><ele>3451.0</ele><time>2024-09-11T20:36:50Z</time></trkpt>
<trkpt lat="37.122165" lon="-118.653415"><ele>3444.0</ele><time>2024-09-11T20:37:06Z</time></trkpt>
<trkpt lat="37.122157" lon="-118.653429"><ele>3449.8</ele><time>2024-09-11T20:37:16Z</time></trkpt>
<trkpt lat="37.122126" lon="-118.653478"><ele>3445.2</ele><time>2024-09-11T20:37:46Z</time></trkpt>
<trkpt lat="37.121944" lon="-118.653719"><ele>3454.0</ele><time>2024-09-11T20:38:02Z</time></trkpt>
<trkpt lat="37.121944" lon="-118.653788"><ele>3455.0</ele><time>2024-09-11T20:38:04Z</time></trkpt>
<trkpt lat="37.122015" lon="-118.653763"><ele>3456.2</ele><time>2024-09-11T20:38:06Z</time></trkpt>
<trkpt lat="37.122142" lon="-118.653625"><ele>3457.0</ele><time>2024-09-11T20:38:09Z</time></trkpt>
<trkpt lat="37.122190" lon="-118.653664"><ele>3458.2</ele><time>2024-09-11T20:38:14Z</time></trkpt>
<trkpt lat="37.122158" lon="-118.653766"><ele>3461.8</ele><time>2024-09-11T20:38:30Z</time></trkpt>
<trkpt lat="37.122084" lon="-118.653646"><ele>3454.0</ele><time>2024-09-11T20:39:04Z</time></trkpt>
<trkpt lat="37.121954" lon="-118.653589"><ele>3454.0</ele><time>2024-09-11T20:39:17Z</time></trkpt>
<trkpt lat="37.121608" lon="-118.653608"><ele>3461.4</ele><time>2024-09-11T20:40:05Z</time></trkpt>
<trkpt lat="37.121390" lon="-118.653759"><ele>3462.2</ele><time>2024-09-11T20:40:39Z</time></trkpt>
<trkpt lat="37.121227" lon="-118.653792"><ele>3456.8</ele><time>2024-09-11T20:41:04Z</time></trkpt>
<trkpt lat="37.121569" lon="-118.653708"><ele>3456.8</ele><time>2024-09-11T20:41:06Z</time></trkpt>
<trkpt lat="37.121311" lon="-118.653944"><ele>3462.6</ele><time>2024-09-11T20:41:29Z</time></trkpt>
<trkpt lat="37.121059" lon="-118.654188"><ele>3457.8</ele><time>2024-09-11T20:42:15Z</time></trkpt>
<trkpt lat="37.121022" lon="-118.654217"><ele>3449.4</ele><time>2024-09-11T20:42:41Z</time></trkpt>
<trkpt lat="37.120981" lon="-118.654272"><ele>3450.6</ele><time>2024-09-11T20:42:59Z</time></trkpt>
<trkpt lat="37.120966" lon="-118.654506"><ele>3454.8</ele><time>2024-09-11T20:43:15Z</time></trkpt>
<trkpt lat="37.120884" lon="-118.654672"><ele>3453.0</ele><time>2024-09-11T20:44:29Z</time></trkpt>
<trkpt lat="37.120816" lon="-118.654674"><ele>3454.4</ele><time>2024-09-11T20:44:49Z</time></trkpt>
<trkpt lat="37.120866" lon="-118.654784"><ele>3455.8</ele><time>2024-09-11T20:45:01Z</time></trkpt>
<trkpt lat="37.121065" lon="-118.654842"><ele>3456.2</ele><time>2024-09-11T20:45:04Z</time></trkpt>
<trkpt lat="37.120801" lon="-118.654821"><ele>3456.6</ele><time>2024-09-11T20:45:20Z</time></trkpt>
<trkpt lat="37.120550" lon="-118.654533"><ele>3462.2</ele><time>2024-09-11T20:45:57Z</time></trkpt>
<trkpt lat="37.120557" lon="-118.654492"><ele>3466.2</ele><time>2024-09-11T20:46:08Z</time></trkpt>
<trkpt lat="37.120414" lon="-118.654569"><ele>3466.6</ele><time>2024-09-11T20:46:27Z</time></trkpt>
<trkpt lat="37.120315" lon="-118.654771"><ele>3463.0</ele><time>2024-09-11T20:47:57Z</time></trkpt>
<trkpt lat="37.120580" lon="-118.654980"><ele>3460.8</ele><time>2024-09-11T20:48:08Z</time></trkpt>
<trkpt lat="37.120548" lon="-118.655038"><ele>3461.6</ele><time>2024-09-11T20:48:16Z</time></trkpt>
<trkpt lat="37.120422" lon="-118.654971"><ele>3472.4</ele><time>2024-09-11T20:48:45Z</time></trkpt>
<trkpt lat="37.120270" lon="-118.654907"><ele>3471.8</ele><time>2024-09-11T20:50:01Z</time></trkpt>
<trkpt lat="37.120366" lon="-118.655050"><ele>3472.0</ele><time>2024-09-11T20:50:05Z</time></trkpt>
<trkpt lat="37.119989" lon="-118.654842"><ele>3472.2</ele><time>2024-09-11T20:50:09Z</time></trkpt>
<trkpt lat="37.120029" lon="-118.654782"><ele>3472.8</ele><time>2024-09-11T20:50:29Z</time></trkpt>
<trkpt lat="37.120007" lon="-118.654757"><ele>3486.0</ele><time>2024-09-11T20:50:51Z</time></trkpt>
<trkpt lat="37.119888" lon="-118.654835"><ele>3485.8</ele><time>2024-09-11T20:51:15Z</time></trkpt>
<trkpt lat="37.119884" lon="-118.654842"><ele>3493.8</ele><time>2024-09-11T20:51:39Z</time></trkpt>
<trkpt lat="37.119852" lon="-118.654960"><ele>3495.4</ele><time>2024-09-11T20:52:01Z</time></trkpt>
<trkpt lat="37.119591" lon="-118.655053"><ele>3496.0</ele><time>2024-09-11T20:52:03Z</time></trkpt>
<trkpt lat="37.119550" lon="-118.655257"><ele>3498.2</ele><time>2024-09-11T20:52:20Z</time></trkpt>
<trkpt lat="37.119590" lon="-118.655701"><ele>3497.0</ele><time>2024-09-11T20:53:27Z</time></trkpt>
<trkpt lat="37.119536" lon="-118.656077"><ele>3505.8</ele><time>2024-09-11T20:54:01Z</time></trkpt>
<trkpt lat="37.119706" lon="-118.656188"><ele>3506.4</ele><time>2024-09-11T20:54:04Z</time></trkpt>
<trkpt lat="37.119608" lon="-118.656166"><ele>3507.0</ele><time>2024-09-11T20:54:06Z</time></trkpt>
<trkpt lat="37.119490" lon="-118.656313"><ele>3511.8</ele><time>2024-09-11T20:54:17Z</time></trkpt>
<trkpt lat="37.119419" lon="-118.656651"><ele>3511.4</ele><time>2024-09-11T20:55:00Z</time></trkpt>
<trkpt lat="37.119456" lon="-118.656717"><ele>3510.6</ele><time>2024-09-11T20:55:08Z</time></trkpt>
<trkpt lat="37.119353" lon="-118.656755"><ele>3517.4</ele><time>2024-09-11T20:55:27Z</time></trkpt>
<trkpt lat="37.119297" lon="-118.656895"><ele>3515.8</ele><time>2024-09-11T20:55:53Z</time></trkpt>
<trkpt lat="37.119297" lon="-118.656996"><ele>3519.4</ele><time>2024-09-11T20:55:59Z</time></trkpt>
<trkpt lat="37.119361" lon="-118.657148"><ele>3515.6</ele><time>2024-09-11T20:56:29Z</time></trkpt>
<trkpt lat="37.119375" lon="-118.657468"><ele>3521.0</ele><time>2024-09-11T20:57:00Z</time></trkpt>
<trkpt lat="37.119317" lon="-118.657558"><ele>3520.4</ele><time>2024-09-11T20:57:11Z</time></trkpt>
<trkpt lat="37.119328" lon="-118.657696"><ele>3531.8</ele><time>2024-09-11T20:57:34Z</time></trkpt>
<trkpt lat="37.119356" lon="-118.657869"><ele>3530.8</ele><time>2024-09-11T20:57:48Z</time></trkpt>
<trkpt lat="37.119318" lon="-118.657932"><ele>3525.4</ele><time>2024-09-11T20:58:13Z</time></trkpt>
<trkpt lat="37.119357" lon="-118.657952"><ele>3522.6</ele><time>2024-09-11T20:58:22Z</time></trkpt>
<trkpt lat="37.119287" lon="-118.658010"><ele>3521.0</ele><time>2024-09-11T20:58:35Z</time></trkpt>
<trkpt lat="37.119150" lon="-118.658218"><ele>3535.2</ele><time>2024-09-11T20:58:55Z</time></trkpt>
<trkpt lat="37.119209" lon="-118.658285"><ele>3532.8</ele><time>2024-09-11T20:59:12Z</time></trkpt>
<trkpt lat="37.119198" lon="-118.658372"><ele>3534.0</ele><time>2024-09-11T20:59:19Z</time></trkpt>
<trkpt lat="37.119145" lon="-118.658412"><ele>3545.0</ele><time>2024-09-11T20:59:31Z</time></trkpt>
<trkpt lat="37.119143" lon="-118.658448"><ele>3534.0</ele><time>2024-09-11T20:59:41Z</time></trkpt>
<trkpt lat="37.119165" lon="-118.658588"><ele>3548.2</ele><time>2024-09-11T21:00:13Z</time></trkpt>
<trkpt lat="37.119097" lon="-118.658919"><ele>3553.6</ele><time>2024-09-11T21:00:58Z</time></trkpt>
<trkpt lat="37.119136" lon="-118.658950"><ele>3551.2</ele><time>2024-09-11T21:01:11Z</time></trkpt>
<trkpt lat="37.119094" lon="-118.659068"><ele>3560.4</ele><time>2024-09-11T21:01:30Z</time></trkpt>
<trkpt lat="37.119006" lon="-118.659298"><ele>3555.4</ele><time>2024-09-11T21:01:58Z</time></trkpt>
<trkpt lat="37.119053" lon="-118.659531"><ele>3555.2</ele><time>2024-09-11T21:02:08Z</time></trkpt>
<trkpt lat="37.118890" lon="-118.659667"><ele>3552.4</ele><time>2024-09-11T21:02:23Z</time></trkpt>
<trkpt lat="37.118812" lon="-118.659740"><ele>3563.8</ele><time>2024-09-11T21:03:09Z</time></trkpt>
<trkpt lat="37.118674" lon="-118.659814"><ele>3562.2</ele><time>2024-09-11T21:03:33Z</time></trkpt>
<trkpt lat="37.118521" lon="-118.660110"><ele>3563.6</ele><time>2024-09-11T21:04:07Z</time></trkpt>
<trkpt lat="37.118303" lon="-118.660219"><ele>3567.6</ele><time>2024-09-11T21:04:38Z</time></trkpt>
<trkpt lat="37.118294" lon="-118.660230"><ele>3573.0</ele><time>2024-09-11T21:05:06Z</time></trkpt>
<trkpt lat="37.117993" lon="-118.660192"><ele>3571.4</ele><time>2024-09-11T21:06:04Z</time></trkpt>
<trkpt lat="37.117746" lon="-118.660311"><ele>3569.2</ele><time>2024-09-11T21:06:27Z</time></trkpt>
<trkpt lat="37.117267" lon="-118.661085"><ele>3568.4</ele><time>2024-09-11T21:08:02Z</time></trkpt>
<trkpt lat="37.117348" lon="-118.661143"><ele>3568.2</ele><time>2024-09-11T21:08:07Z</time></trkpt>
<trkpt lat="37.116972" lon="-118.661247"><ele>3565.2</ele><time>2024-09-11T21:08:43Z</time></trkpt>
<trkpt lat="37.116756" lon="-118.661395"><ele>3565.8</ele><time>2024-09-11T21:09:21Z</time></trkpt>
<trkpt lat="37.116709" lon="-118.661697"><ele>3570.2</ele><time>2024-09-11T21:09:43Z</time></trkpt>
<trkpt lat="37.116660" lon="-118.661734"><ele>3571.0</ele><time>2024-09-11T21:09:59Z</time></trkpt>
<trkpt lat="37.116695" lon="-118.661832"><ele>3569.0</ele><time>2024-09-11T21:10:06Z</time></trkpt>
<trkpt lat="37.116595" lon="-118.661887"><ele>3564.8</ele><time>2024-09-11T21:10:14Z</time></trkpt>
<trkpt lat="37.116407" lon="-118.662359"><ele>3559.4</ele><time>2024-09-11T21:11:22Z</time></trkpt>
<trkpt lat="37.116020" lon="-118.662757"><ele>3560.4</ele><time>2024-09-11T21:12:00Z</time></trkpt>
<trkpt lat="37.115739" lon="-118.662809"><ele>3558.2</ele><time>2024-09-11T21:12:19Z</time></trkpt>
<trkpt lat="37.115565" lon="-118.662970"><ele>3558.2</ele><time>2024-09-11T21:12:42Z</time></trkpt>
<trkpt lat="37.115666" lon="-118.663138"><ele>3561.2</ele><time>2024-09-11T21:12:58Z</time></trkpt>
<trkpt lat="37.115538" lon="-118.663282"><ele>3556.4</ele><time>2024-09-11T21:13:14Z</time></trkpt>
<trkpt lat="37.115402" lon="-118.663314"><ele>3550.4</ele><time>2024-09-11T21:13:30Z</time></trkpt>
<trkpt lat="37.115315" lon="-118.663421"><ele>3540.0</ele><time>2024-09-11T21:14:02Z</time></trkpt>
<trkpt lat="37.115006" lon="-118.663425"><ele>3537.2</ele><time>2024-09-11T21:14:28Z</time></trkpt>
<trkpt lat="37.114619" lon="-118.663569"><ele>3540.8</ele><time>2024-09-11T21:15:06Z</time></trkpt>
<trkpt lat="37.114518" lon="-118.663579"><ele>3550.8</ele><time>2024-09-11T21:15:26Z</time></trkpt>
<trkpt lat="37.114297" lon="-118.663636"><ele>3554.8</ele><time>2024-09-11T21:16:02Z</time></trkpt>
<trkpt lat="37.114253" lon="-118.663649"><ele>3552.4</ele><time>2024-09-11T21:16:13Z</time></trkpt>
<trkpt lat="37.114298" lon="-118.663704"><ele>3551.4</ele><time>2024-09-11T21:16:19Z</time></trkpt>
<trkpt lat="37.114142" lon="-118.663735"><ele>3548.4</ele><time>2024-09-11T21:16:32Z</time></trkpt>
<trkpt lat="37.114094" lon="-118.663743"><ele>3554.4</ele><time>2024-09-11T21:16:44Z</time></trkpt>
<trkpt lat="37.113933" lon="-118.663769"><ele>3549.4</ele><time>2024-09-11T21:17:20Z</time></trkpt>
<trkpt lat="37.113837" lon="-118.663747"><ele>3550.8</ele><time>2024-09-11T21:17:44Z</time></trkpt>
<trkpt lat="37.113764" lon="-118.663744"><ele>3561.4</ele><time>2024-09-11T21:17:56Z</time></trkpt>
<trkpt lat="37.113682" lon="-118.663752"><ele>3561.2</ele><time>2024-09-11T21:18:01Z</time></trkpt>
<trkpt lat="37.113687" lon="-118.663701"><ele>3560.0</ele><time>2024-09-11T21:18:03Z</time></trkpt>
<trkpt lat="37.113662" lon="-118.663772"><ele>3553.0</ele><time>2024-09-11T21:18:19Z</time></trkpt>
<trkpt lat="37.113657" lon="-118.664088"><ele>3549.0</ele><time>2024-09-11T21:19:12Z</time></trkpt>
<trkpt lat="37.113648" lon="-118.664158"><ele>3563.6</ele><time>2024-09-11T21:19:24Z</time></trkpt>
<trkpt lat="37.113610" lon="-118.664418"><ele>3554.4</ele><time>2024-09-11T21:19:54Z</time></trkpt>
<trkpt lat="37.113509" lon="-118.664899"><ele>3560.2</ele><time>2024-09-11T21:20:46Z</time></trkpt>
<trkpt lat="37.113494" lon="-118.664946"><ele>3556.0</ele><time>2024-09-11T21:21:18Z</time></trkpt>
<trkpt lat="37.113668" lon="-118.664933"><ele>3567.6</ele><time>2024-09-11T21:22:03Z</time></trkpt>
<trkpt lat="37.113921" lon="-118.665077"><ele>3566.4</ele><time>2024-09-11T21:23:04Z</time></trkpt>
<trkpt lat="37.113936" lon="-118.665086"><ele>3572.0</ele><time>2024-09-11T21:23:12Z</time></trkpt>
<trkpt lat="37.114036" lon="-118.665123"><ele>3573.8</ele><time>2024-09-11T21:23:34Z</time></trkpt>
<trkpt lat="37.114049" lon="-118.665133"><ele>3584.4</ele><time>2024-09-11T21:23:40Z</time></trkpt>
<trkpt lat="37.114120" lon="-118.665191"><ele>3580.4</ele><time>2024-09-11T21:23:52Z</time></trkpt>
<trkpt lat="37.114139" lon="-118.665309"><ele>3580.8</ele><time>2024-09-11T21:24:00Z</time></trkpt>
<trkpt lat="37.113774" lon="-118.665735"><ele>3577.0</ele><time>2024-09-11T21:24:34Z</time></trkpt>
<trkpt lat="37.113767" lon="-118.665739"><ele>3581.4</ele><time>2024-09-11T21:24:36Z</time></trkpt>
<trkpt lat="37.113632" lon="-118.665747"><ele>3580.0</ele><time>2024-09-11T21:24:52Z</time></trkpt>
<trkpt lat="37.113528" lon="-118.665838"><ele>3575.2</ele><time>2024-09-11T21:25:08Z</time></trkpt>
<trkpt lat="37.113514" lon="-118.665848"><ele>3580.6</ele><time>2024-09-11T21:25:16Z</time></trkpt>
<trkpt lat="37.113491" lon="-118.665864"><ele>3575.0</ele><time>2024-09-11T21:25:28Z</time></trkpt>
<trkpt lat="37.113462" lon="-118.665887"><ele>3579.8</ele><time>2024-09-11T21:25:36Z</time></trkpt>
<trkpt lat="37.113157" lon="-118.666144"><ele>3577.6</ele><time>2024-09-11T21:26:00Z</time></trkpt>
<trkpt lat="37.113195" lon="-118.666270"><ele>3576.0</ele><time>2024-09-11T21:26:09Z</time></trkpt>
<trkpt lat="37.113099" lon="-118.666751"><ele>3574.4</ele><time>2024-09-11T21:26:43Z</time></trkpt>
<trkpt lat="37.113176" lon="-118.667105"><ele>3578.0</ele><time>2024-09-11T21:27:51Z</time></trkpt>
<trkpt lat="37.112992" lon="-118.667345"><ele>3584.2</ele><time>2024-09-11T21:28:10Z</time></trkpt>
<trkpt lat="37.112935" lon="-118.667505"><ele>3583.6</ele><time>2024-09-11T21:28:25Z</time></trkpt>
<trkpt lat="37.112995" lon="-118.667657"><ele>3587.4</ele><time>2024-09-11T21:29:05Z</time></trkpt>
<trkpt lat="37.113036" lon="-118.667633"><ele>3581.8</ele><time>2024-09-11T21:29:51Z</time></trkpt>
<trkpt lat="37.112983" lon="-118.667897"><ele>3585.2</ele><time>2024-09-11T21:30:11Z</time></trkpt>
<trkpt lat="37.112921" lon="-118.667897"><ele>3585.2</ele><time>2024-09-11T21:30:17Z</time></trkpt>
<trkpt lat="37.112734" lon="-118.668137"><ele>3584.2</ele><time>2024-09-11T21:30:39Z</time></trkpt>
<trkpt lat="37.112706" lon="-118.668162"><ele>3591.0</ele><time>2024-09-11T21:31:03Z</time></trkpt>
<trkpt lat="37.112703" lon="-118.668167"><ele>3584.4</ele><time>2024-09-11T21:31:21Z</time></trkpt>
<trkpt lat="37.111937" lon="-118.668741"><ele>3588.0</ele><time>2024-09-11T21:34:03Z</time></trkpt>
<trkpt lat="37.112304" lon="-118.668783"><ele>3594.8</ele><time>2024-09-11T21:35:31Z</time></trkpt>
<trkpt lat="37.112342" lon="-118.668784"><ele>3601.4</ele><time>2024-09-11T21:35:41Z</time></trkpt>
<trkpt lat="37.112433" lon="-118.668829"><ele>3602.2</ele><time>2024-09-11T21:36:02Z</time></trkpt>
<trkpt lat="37.112440" lon="-118.668907"><ele>3602.2</ele><time>2024-09-11T21:36:05Z</time></trkpt>
<trkpt lat="37.112312" lon="-118.669090"><ele>3603.6</ele><time>2024-09-11T21:36:35Z</time></trkpt>
<trkpt lat="37.112303" lon="-118.669099"><ele>3623.8</ele><time>2024-09-11T21:36:59Z</time></trkpt>
<trkpt lat="37.112298" lon="-118.669105"><ele>3613.6</ele><time>2024-09-11T21:37:15Z</time></trkpt>
<trkpt lat="37.112032" lon="-118.669411"><ele>3611.2</ele><time>2024-09-11T21:38:01Z</time></trkpt>
<trkpt lat="37.111889" lon="-118.669397"><ele>3612.4</ele><time>2024-09-11T21:38:29Z</time></trkpt>
<trkpt lat="37.111849" lon="-118.669417"><ele>3623.2</ele><time>2024-09-11T21:38:47Z</time></trkpt>
<trkpt lat="37.111601" lon="-118.669569"><ele>3624.4</ele><time>2024-09-11T21:39:11Z</time></trkpt>
<trkpt lat="37.111631" lon="-118.669674"><ele>3627.8</ele><time>2024-09-11T21:39:31Z</time></trkpt>
<trkpt lat="37.111679" lon="-118.669762"><ele>3642.4</ele><time>2024-09-11T21:39:55Z</time></trkpt>
<trkpt lat="37.112048" lon="-118.669883"><ele>3643.2</ele><time>2024-09-11T21:40:49Z</time></trkpt>
<trkpt lat="37.112073" lon="-118.669891"><ele>3648.8</ele><time>2024-09-11T21:41:09Z</time></trkpt>
<trkpt lat="37.112054" lon="-118.669991"><ele>3653.8</ele><time>2024-09-11T21:41:33Z</time></trkpt>
<trkpt lat="37.112075" lon="-118.670280"><ele>3652.0</ele><time>2024-09-11T21:42:03Z</time></trkpt>
<trkpt lat="37.111977" lon="-118.670347"><ele>3650.8</ele><time>2024-09-11T21:42:20Z</time></trkpt>
<trkpt lat="37.111998" lon="-118.670416"><ele>3649.8</ele><time>2024-09-11T21:42:29Z</time></trkpt>
<trkpt lat="37.112053" lon="-118.670521"><ele>3669.0</ele><time>2024-09-11T21:42:49Z</time></trkpt>
<trkpt lat="37.112077" lon="-118.670640"><ele>3673.0</ele><time>2024-09-11T21:43:21Z</time></trkpt>
<trkpt lat="37.112081" lon="-118.670755"><ele>3665.2</ele><time>2024-09-11T21:43:53Z</time></trkpt>
<trkpt lat="37.112138" lon="-118.670862"><ele>3663.8</ele><time>2024-09-11T21:44:13Z</time></trkpt>
<trkpt lat="37.112057" lon="-118.670910"><ele>3665.6</ele><time>2024-09-11T21:44:15Z</time></trkpt>
<trkpt lat="37.112051" lon="-118.670929"><ele>3675.0</ele><time>2024-09-11T21:44:27Z</time></trkpt>
<trkpt lat="37.112012" lon="-118.670921"><ele>3662.6</ele><time>2024-09-11T21:46:40Z</time></trkpt>
<trkpt lat="37.112050" lon="-118.670898"><ele>3662.6</ele><time>2024-09-11T21:46:47Z</time></trkpt>
<trkpt lat="37.111993" lon="-118.671044"><ele>3662.0</ele><time>2024-09-11T21:50:48Z</time></trkpt>
<trkpt lat="37.111995" lon="-118.670925"><ele>3661.6</ele><time>2024-09-11T21:54:42Z</time></trkpt>
<trkpt lat="37.112019" lon="-118.670949"><ele>3666.0</ele><time>2024-09-11T21:56:06Z</time></trkpt>
<trkpt lat="37.112210" lon="-118.670977"><ele>3663.2</ele><time>2024-09-11T21:56:43Z</time></trkpt>
<trkpt lat="37.111963" lon="-118.670873"><ele>3663.2</ele><time>2024-09-11T21:56:45Z</time></trkpt>
<trkpt lat="37.112044" lon="-118.671066"><ele>3667.0</ele><time>2024-09-11T22:00:44Z</time></trkpt>
<trkpt lat="37.111968" lon="-118.670991"><ele>3666.6</ele><time>2024-09-11T22:00:52Z</time></trkpt>
<trkpt lat="37.111962" lon="-118.671063"><ele>3665.8</ele><time>2024-09-11T22:00:57Z</time></trkpt>
<trkpt lat="37.112090" lon="-118.671116"><ele>3674.0</ele><time>2024-09-11T22:01:49Z</time></trkpt>
<trkpt lat="37.112123" lon="-118.671131"><ele>3668.6</ele><time>2024-09-11T22:02:03Z</time></trkpt>
<trkpt lat="37.112440" lon="-118.671431"><ele>3663.6</ele><time>2024-09-11T22:02:40Z</time></trkpt>
<trkpt lat="37.112497" lon="-118.671650"><ele>3666.4</ele><time>2024-09-11T22:02:52Z</time></trkpt>
<trkpt lat="37.112457" lon="-118.671657"><ele>3666.4</ele><time>2024-09-11T22:03:02Z</time></trkpt>
<trkpt lat="37.112503" lon="-118.671590"><ele>3665.2</ele><time>2024-09-11T22:03:08Z</time></trkpt>
<trkpt lat="37.112373" lon="-118.671667"><ele>3663.6</ele><time>2024-09-11T22:03:16Z</time></trkpt>
<trkpt lat="37.112273" lon="-118.671855"><ele>3660.0</ele><time>2024-09-11T22:03:32Z</time></trkpt>
<trkpt lat="37.112372" lon="-118.671934"><ele>3657.4</ele><time>2024-09-11T22:03:40Z</time></trkpt>
<trkpt lat="37.113111" lon="-118.672105"><ele>3646.6</ele><time>2024-09-11T22:04:34Z</time></trkpt>
<trkpt lat="37.113301" lon="-118.672472"><ele>3647.0</ele><time>2024-09-11T22:05:04Z</time></trkpt>
<trkpt lat="37.113495" lon="-118.672642"><ele>3643.2</ele><time>2024-09-11T22:05:21Z</time></trkpt>
<trkpt lat="37.113677" lon="-118.673114"><ele>3643.0</ele><time>2024-09-11T22:05:56Z</time></trkpt>
<trkpt lat="37.113735" lon="-118.673314"><ele>3636.8</ele><time>2024-09-11T22:06:22Z</time></trkpt>
<trkpt lat="37.113807" lon="-118.673321"><ele>3633.4</ele><time>2024-09-11T22:06:28Z</time></trkpt>
<trkpt lat="37.113976" lon="-118.673557"><ele>3634.0</ele><time>2024-09-11T22:07:02Z</time></trkpt>
<trkpt lat="37.114090" lon="-118.673544"><ele>3632.8</ele><time>2024-09-11T22:07:07Z</time></trkpt>
<trkpt lat="37.114243" lon="-118.673757"><ele>3628.2</ele><time>2024-09-11T22:07:24Z</time></trkpt>
<trkpt lat="37.114355" lon="-118.674136"><ele>3622.6</ele><time>2024-09-11T22:07:56Z</time></trkpt>
<trkpt lat="37.114416" lon="-118.674801"><ele>3617.0</ele><time>2024-09-11T22:08:46Z</time></trkpt>
<trkpt lat="37.114413" lon="-118.674755"><ele>3615.8</ele><time>2024-09-11T22:09:04Z</time></trkpt>
<trkpt lat="37.114325" lon="-118.674916"><ele>3610.8</ele><time>2024-09-11T22:09:24Z</time></trkpt>
<trkpt lat="37.114570" lon="-118.675631"><ele>3601.8</ele><time>2024-09-11T22:10:44Z</time></trkpt>
<trkpt lat="37.114904" lon="-118.675860"><ele>3597.0</ele><time>2024-09-11T22:11:03Z</time></trkpt>
<trkpt lat="37.115001" lon="-118.675545"><ele>3596.6</ele><time>2024-09-11T22:11:04Z</time></trkpt>
<trkpt lat="37.115155" lon="-118.675524"><ele>3594.4</ele><time>2024-09-11T22:11:11Z</time></trkpt>
<trkpt lat="37.115499" lon="-118.675852"><ele>3584.8</ele><time>2024-09-11T22:11:44Z</time></trkpt>
<trkpt lat="37.115384" lon="-118.676028"><ele>3581.2</ele><time>2024-09-11T22:12:08Z</time></trkpt>
<trkpt lat="37.115077" lon="-118.676120"><ele>3576.0</ele><time>2024-09-11T22:12:40Z</time></trkpt>
<trkpt lat="37.115066" lon="-118.676448"><ele>3573.8</ele><time>2024-09-11T22:13:04Z</time></trkpt>
<trkpt lat="37.115199" lon="-118.676593"><ele>3572.2</ele><time>2024-09-11T22:13:15Z</time></trkpt>
<trkpt lat="37.115289" lon="-118.676838"><ele>3571.2</ele><time>2024-09-11T22:13:32Z</time></trkpt>
<trkpt lat="37.115369" lon="-118.676850"><ele>3570.4</ele><time>2024-09-11T22:13:46Z</time></trkpt>
<trkpt lat="37.115346" lon="-118.676917"><ele>3568.8</ele><time>2024-09-11T22:13:56Z</time></trkpt>
<trkpt lat="37.115457" lon="-118.677110"><ele>3565.6</ele><time>2024-09-11T22:14:08Z</time></trkpt>
<trkpt lat="37.115746" lon="-118.678030"><ele>3563.2</ele><time>2024-09-11T22:15:02Z</time></trkpt>
<trkpt lat="37.115753" lon="-118.677973"><ele>3562.8</ele><time>2024-09-11T22:15:03Z</time></trkpt>
<trkpt lat="37.115827" lon="-118.678110"><ele>3561.0</ele><time>2024-09-11T22:15:17Z</time></trkpt>
<trkpt lat="37.115780" lon="-118.678754"><ele>3560.0</ele><time>2024-09-11T22:16:01Z</time></trkpt>
<trkpt lat="37.116337" lon="-118.679840"><ele>3549.8</ele><time>2024-09-11T22:17:36Z</time></trkpt>
<trkpt lat="37.116285" lon="-118.680166"><ele>3546.6</ele><time>2024-09-11T22:17:58Z</time></trkpt>
<trkpt lat="37.116327" lon="-118.680301"><ele>3547.2</ele><time>2024-09-11T22:18:04Z</time></trkpt>
<trkpt lat="37.116510" lon="-118.680241"><ele>3547.6</ele><time>2024-09-11T22:18:07Z</time></trkpt>
<trkpt lat="37.116356" lon="-118.680435"><ele>3546.4</ele><time>2024-09-11T22:18:17Z</time></trkpt>
<trkpt lat="37.116573" lon="-118.680648"><ele>3549.0</ele><time>2024-09-11T22:18:36Z</time></trkpt>
<trkpt lat="37.116891" lon="-118.680874"><ele>3541.2</ele><time>2024-09-11T22:19:42Z</time></trkpt>
<trkpt lat="37.117381" lon="-118.680983"><ele>3542.8</ele><time>2024-09-11T22:20:03Z</time></trkpt>
<trkpt lat="37.116860" lon="-118.681179"><ele>3542.8</ele><time>2024-09-11T22:20:04Z</time></trkpt>
<trkpt lat="37.117433" lon="-118.680935"><ele>3542.8</ele><time>2024-09-11T22:20:05Z</time></trkpt>
<trkpt lat="37.117213" lon="-118.681354"><ele>3543.4</ele><time>2024-09-11T22:20:14Z</time></trkpt>
<trkpt lat="37.117397" lon="-118.681449"><ele>3541.4</ele><time>2024-09-11T22:20:31Z</time></trkpt>
<trkpt lat="37.117711" lon="-118.681832"><ele>3541.6</ele><time>2024-09-11T22:21:10Z</time></trkpt>
<trkpt lat="37.117734" lon="-118.681931"><ele>3541.4</ele><time>2024-09-11T22:21:22Z</time></trkpt>
<trkpt lat="37.118082" lon="-118.682333"><ele>3541.2</ele><time>2024-09-11T22:22:01Z</time></trkpt>
<trkpt lat="37.118310" lon="-118.682790"><ele>3546.0</ele><time>2024-09-11T22:23:06Z</time></trkpt>
<trkpt lat="37.118546" lon="-118.682780"><ele>3547.6</ele><time>2024-09-11T22:23:26Z</time></trkpt>
<trkpt lat="37.118887" lon="-118.683019"><ele>3546.6</ele><time>2024-09-11T22:24:02Z</time></trkpt>
<trkpt lat="37.118888" lon="-118.682914"><ele>3546.6</ele><time>2024-09-11T22:24:10Z</time></trkpt>
<trkpt lat="37.119028" lon="-118.682985"><ele>3548.6</ele><time>2024-09-11T22:24:23Z</time></trkpt>
<trkpt lat="37.119167" lon="-118.683197"><ele>3548.2</ele><time>2024-09-11T22:24:55Z</time></trkpt>
<trkpt lat="37.119284" lon="-118.683532"><ele>3541.4</ele><time>2024-09-11T22:25:35Z</time></trkpt>
<trkpt lat="37.119561" lon="-118.683964"><ele>3544.0</ele><time>2024-09-11T22:26:07Z</time></trkpt>
<trkpt lat="37.119539" lon="-118.683863"><ele>3544.4</ele><time>2024-09-11T22:26:09Z</time></trkpt>
<trkpt lat="37.119584" lon="-118.683903"><ele>3545.0</ele><time>2024-09-11T22:26:12Z</time></trkpt>
<trkpt lat="37.120031" lon="-118.684820"><ele>3551.4</ele><time>2024-09-11T22:27:57Z</time></trkpt>
<trkpt lat="37.120078" lon="-118.684941"><ele>3550.2</ele><time>2024-09-11T22:28:05Z</time></trkpt>
<trkpt lat="37.120040" lon="-118.684986"><ele>3549.8</ele><time>2024-09-11T22:28:08Z</time></trkpt>
<trkpt lat="37.120130" lon="-118.685053"><ele>3551.8</ele><time>2024-09-11T22:28:20Z</time></trkpt>
<trkpt lat="37.120824" lon="-118.686069"><ele>3543.4</ele><time>2024-09-11T22:30:09Z</time></trkpt>
<trkpt lat="37.120824" lon="-118.686226"><ele>3543.2</ele><time>2024-09-11T22:30:19Z</time></trkpt>
<trkpt lat="37.121009" lon="-118.686767"><ele>3539.4</ele><time>2024-09-11T22:30:59Z</time></trkpt>
<trkpt lat="37.121233" lon="-118.687121"><ele>3530.0</ele><time>2024-09-11T22:31:51Z</time></trkpt>
<trkpt lat="37.121337" lon="-118.687407"><ele>3531.8</ele><time>2024-09-11T22:32:04Z</time></trkpt>
<trkpt lat="37.121765" lon="-118.687828"><ele>3528.6</ele><time>2024-09-11T22:32:59Z</time></trkpt>
<trkpt lat="37.121998" lon="-118.688289"><ele>3527.6</ele><time>2024-09-11T22:33:43Z</time></trkpt>
<trkpt lat="37.122611" lon="-118.688945"><ele>3521.8</ele><time>2024-09-11T22:35:03Z</time></trkpt>
<trkpt lat="37.123144" lon="-118.689622"><ele>3521.6</ele><time>2024-09-11T22:36:05Z</time></trkpt>
<trkpt lat="37.123160" lon="-118.689737"><ele>3518.6</ele><time>2024-09-11T22:36:22Z</time></trkpt>
<trkpt lat="37.123742" lon="-118.690598"><ele>3521.0</ele><time>2024-09-11T22:38:20Z</time></trkpt>
<trkpt lat="37.124731" lon="-118.691391"><ele>3520.8</ele><time>2024-09-11T22:40:03Z</time></trkpt>
<trkpt lat="37.124711" lon="-118.691529"><ele>3522.2</ele><time>2024-09-11T22:40:08Z</time></trkpt>
<trkpt lat="37.124870" lon="-118.691793"><ele>3522.6</ele><time>2024-09-11T22:40:27Z</time></trkpt>
<trkpt lat="37.125130" lon="-118.692101"><ele>3519.4</ele><time>2024-09-11T22:41:09Z</time></trkpt>
<trkpt lat="37.125469" lon="-118.692377"><ele>3521.4</ele><time>2024-09-11T22:41:55Z</time></trkpt>
<trkpt lat="37.125671" lon="-118.692416"><ele>3521.6</ele><time>2024-09-11T22:42:04Z</time></trkpt>
<trkpt lat="37.125657" lon="-118.692298"><ele>3521.8</ele><time>2024-09-11T22:42:06Z</time></trkpt>
<trkpt lat="37.125841" lon="-118.692303"><ele>3519.4</ele><time>2024-09-11T22:42:25Z</time></trkpt>
<trkpt lat="37.126219" lon="-118.692941"><ele>3514.2</ele><time>2024-09-11T22:43:28Z</time></trkpt>
<trkpt lat="37.126501" lon="-118.693583"><ele>3516.0</ele><time>2024-09-11T22:44:08Z</time></trkpt>
<trkpt lat="37.126451" lon="-118.693590"><ele>3515.8</ele><time>2024-09-11T22:44:16Z</time></trkpt>
<trkpt lat="37.126474" lon="-118.693640"><ele>3514.8</ele><time>2024-09-11T22:44:24Z</time></trkpt>
<trkpt lat="37.127245" lon="-118.694576"><ele>3513.4</ele><time>2024-09-11T22:46:05Z</time></trkpt>
<trkpt lat="37.127406" lon="-118.694661"><ele>3513.2</ele><time>2024-09-11T22:46:15Z</time></trkpt>
<trkpt lat="37.127877" lon="-118.695398"><ele>3508.8</ele><time>2024-09-11T22:47:40Z</time></trkpt>
<trkpt lat="37.128038" lon="-118.695710"><ele>3510.8</ele><time>2024-09-11T22:48:11Z</time></trkpt>
<trkpt lat="37.128159" lon="-118.696361"><ele>3506.2</ele><time>2024-09-11T22:49:00Z</time></trkpt>
<trkpt lat="37.128300" lon="-118.696597"><ele>3499.4</ele><time>2024-09-11T22:49:26Z</time></trkpt>
<trkpt lat="37.128411" lon="-118.696951"><ele>3508.4</ele><time>2024-09-11T22:50:02Z</time></trkpt>
<trkpt lat="37.128523" lon="-118.697239"><ele>3507.0</ele><time>2024-09-11T22:50:13Z</time></trkpt>
<trkpt lat="37.128632" lon="-118.697318"><ele>3503.4</ele><time>2024-09-11T22:50:25Z</time></trkpt>
<trkpt lat="37.128899" lon="-118.697271"><ele>3501.0</ele><time>2024-09-11T22:50:40Z</time></trkpt>
<trkpt lat="37.129489" lon="-118.696947"><ele>3499.4</ele><time>2024-09-11T22:52:09Z</time></trkpt>
<trkpt lat="37.129731" lon="-118.696890"><ele>3495.4</ele><time>2024-09-11T22:52:33Z</time></trkpt>
<trkpt lat="37.129993" lon="-118.696856"><ele>3488.8</ele><time>2024-09-11T22:53:09Z</time></trkpt>
<trkpt lat="37.130176" lon="-118.696927"><ele>3485.4</ele><time>2024-09-11T22:53:25Z</time></trkpt>
<trkpt lat="37.130471" lon="-118.697308"><ele>3481.0</ele><time>2024-09-11T22:54:04Z</time></trkpt>
<trkpt lat="37.130572" lon="-118.697309"><ele>3480.6</ele><time>2024-09-11T22:54:08Z</time></trkpt>
<trkpt lat="37.130624" lon="-118.697881"><ele>3483.4</ele><time>2024-09-11T22:55:04Z</time></trkpt>
<trkpt lat="37.130807" lon="-118.698387"><ele>3481.8</ele><time>2024-09-11T22:56:05Z</time></trkpt>
<trkpt lat="37.130852" lon="-118.698356"><ele>3482.0</ele><time>2024-09-11T22:56:07Z</time></trkpt>
<trkpt lat="37.131162" lon="-118.698623"><ele>3487.6</ele><time>2024-09-11T22:57:13Z</time></trkpt>
<trkpt lat="37.131666" lon="-118.698788"><ele>3479.6</ele><time>2024-09-11T22:58:05Z</time></trkpt>
<trkpt lat="37.131717" lon="-118.698919"><ele>3480.2</ele><time>2024-09-11T22:58:15Z</time></trkpt>
<trkpt lat="37.132871" lon="-118.699161"><ele>3474.0</ele><time>2024-09-11T23:00:16Z</time></trkpt>
<trkpt lat="37.133755" lon="-118.698955"><ele>3461.2</ele><time>2024-09-11T23:02:06Z</time></trkpt>
<trkpt lat="37.133638" lon="-118.699129"><ele>3461.0</ele><time>2024-09-11T23:02:15Z</time></trkpt>
<trkpt lat="37.133865" lon="-118.699184"><ele>3459.2</ele><time>2024-09-11T23:02:32Z</time></trkpt>
<trkpt lat="37.134811" lon="-118.699069"><ele>3455.4</ele><time>2024-09-11T23:04:05Z</time></trkpt>
<trkpt lat="37.134900" lon="-118.699172"><ele>3460.6</ele><time>2024-09-11T23:06:12Z</time></trkpt>
<trkpt lat="37.134893" lon="-118.699105"><ele>3460.6</ele><time>2024-09-11T23:06:24Z</time></trkpt>
<trkpt lat="37.135246" lon="-118.699119"><ele>3462.0</ele><time>2024-09-11T23:08:07Z</time></trkpt>
<trkpt lat="37.135714" lon="-118.698934"><ele>3467.4</ele><time>2024-09-11T23:08:37Z</time></trkpt>
<trkpt lat="37.136179" lon="-118.698838"><ele>3467.6</ele><time>2024-09-11T23:09:43Z</time></trkpt>
<trkpt lat="37.136656" lon="-118.698661"><ele>3466.0</ele><time>2024-09-11T23:10:10Z</time></trkpt>
<trkpt lat="37.136619" lon="-118.698726"><ele>3465.6</ele><time>2024-09-11T23:10:14Z</time></trkpt>
<trkpt lat="37.136583" lon="-118.698675"><ele>3466.8</ele><time>2024-09-11T23:10:26Z</time></trkpt>
<trkpt lat="37.136593" lon="-118.698703"><ele>3461.2</ele><time>2024-09-11T23:11:57Z</time></trkpt>
<trkpt lat="37.136655" lon="-118.698614"><ele>3460.8</ele><time>2024-09-11T23:12:12Z</time></trkpt>
<trkpt lat="37.136783" lon="-118.698572"><ele>3466.0</ele><time>2024-09-11T23:12:23Z</time></trkpt>
<trkpt lat="37.137717" lon="-118.698316"><ele>3462.8</ele><time>2024-09-11T23:14:03Z</time></trkpt>
<trkpt lat="37.137851" lon="-118.698172"><ele>3463.6</ele><time>2024-09-11T23:14:08Z</time></trkpt>
<trkpt lat="37.138023" lon="-118.698154"><ele>3464.2</ele><time>2024-09-11T23:14:20Z</time></trkpt>
<trkpt lat="37.139053" lon="-118.697504"><ele>3462.4</ele><time>2024-09-11T23:16:05Z</time></trkpt>
<trkpt lat="37.139313" lon="-118.697838"><ele>3460.2</ele><time>2024-09-11T23:16:16Z</time></trkpt>
<trkpt lat="37.141366" lon="-118.697529"><ele>3450.2</ele><time>2024-09-11T23:19:53Z</time></trkpt>
<trkpt lat="37.141686" lon="-118.697537"><ele>3449.6</ele><time>2024-09-11T23:20:06Z</time></trkpt>
<trkpt lat="37.141670" lon="-118.697593"><ele>3448.4</ele><time>2024-09-11T23:20:10Z</time></trkpt>
<trkpt lat="37.141793" lon="-118.697634"><ele>3447.2</ele><time>2024-09-11T23:20:20Z</time></trkpt>
<trkpt lat="37.142683" lon="-118.697158"><ele>3439.2</ele><time>2024-09-11T23:22:09Z</time></trkpt>
<trkpt lat="37.143387" lon="-118.697068"><ele>3438.4</ele><time>2024-09-11T23:23:29Z</time></trkpt>
<trkpt lat="37.143717" lon="-118.696958"><ele>3441.6</ele><time>2024-09-11T23:24:06Z</time></trkpt>
<trkpt lat="37.143763" lon="-118.697002"><ele>3440.6</ele><time>2024-09-11T23:24:11Z</time></trkpt>
<trkpt lat="37.143899" lon="-118.696773"><ele>3441.4</ele><time>2024-09-11T23:24:59Z</time></trkpt>
<trkpt lat="37.144105" lon="-118.696755"><ele>3438.6</ele><time>2024-09-11T23:25:21Z</time></trkpt>
<trkpt lat="37.144359" lon="-118.696631"><ele>3438.2</ele><time>2024-09-11T23:25:45Z</time></trkpt>
<trkpt lat="37.144405" lon="-118.696699"><ele>3437.2</ele><time>2024-09-11T23:25:51Z</time></trkpt>
<trkpt lat="37.144486" lon="-118.696577"><ele>3434.6</ele><time>2024-09-11T23:26:13Z</time></trkpt>
<trkpt lat="37.144404" lon="-118.696495"><ele>3435.2</ele><time>2024-09-11T23:26:27Z</time></trkpt>
<trkpt lat="37.144543" lon="-118.696472"><ele>3429.2</ele><time>2024-09-11T23:26:53Z</time></trkpt>
<trkpt lat="37.144486" lon="-118.696216"><ele>3424.2</ele><time>2024-09-11T23:27:21Z</time></trkpt>
<trkpt lat="37.144647" lon="-118.696227"><ele>3423.0</ele><time>2024-09-11T23:27:35Z</time></trkpt>
<trkpt lat="37.144922" lon="-118.696062"><ele>3418.4</ele><time>2024-09-11T23:28:06Z</time></trkpt>
<trkpt lat="37.144872" lon="-118.696018"><ele>3418.0</ele><time>2024-09-11T23:28:08Z</time></trkpt>
<trkpt lat="37.144920" lon="-118.695945"><ele>3415.6</ele><time>2024-09-11T23:28:21Z</time></trkpt>
<trkpt lat="37.145473" lon="-118.695740"><ele>3405.4</ele><time>2024-09-11T23:29:35Z</time></trkpt>
<trkpt lat="37.146899" lon="-118.696188"><ele>3393.8</ele><time>2024-09-11T23:32:29Z</time></trkpt>
<trkpt lat="37.147759" lon="-118.696365"><ele>3391.0</ele><time>2024-09-11T23:33:55Z</time></trkpt>
<trkpt lat="37.148297" lon="-118.696606"><ele>3391.2</ele><time>2024-09-11T23:35:07Z</time></trkpt>
<trkpt lat="37.148136" lon="-118.696630"><ele>3390.0</ele><time>2024-09-11T23:35:10Z</time></trkpt>
<trkpt lat="37.148180" lon="-118.696462"><ele>3388.4</ele><time>2024-09-11T23:35:17Z</time></trkpt>
<trkpt lat="37.148083" lon="-118.696420"><ele>3387.4</ele><time>2024-09-11T23:35:27Z</time></trkpt>
<trkpt lat="37.148491" lon="-118.696678"><ele>3382.2</ele><time>2024-09-11T23:36:25Z</time></trkpt>
<trkpt lat="37.149295" lon="-118.696897"><ele>3380.8</ele><time>2024-09-11T23:38:13Z</time></trkpt>
<trkpt lat="37.149186" lon="-118.696692"><ele>3381.0</ele><time>2024-09-11T23:38:18Z</time></trkpt>
<trkpt lat="37.149341" lon="-118.696620"><ele>3381.2</ele><time>2024-09-11T23:38:32Z</time></trkpt>
<trkpt lat="37.150071" lon="-118.696607"><ele>3378.6</ele><time>2024-09-11T23:39:04Z</time></trkpt>
<trkpt lat="37.149985" lon="-118.696554"><ele>3379.0</ele><time>2024-09-11T23:39:14Z</time></trkpt>
<trkpt lat="37.150619" lon="-118.696469"><ele>3381.6</ele><time>2024-09-11T23:40:38Z</time></trkpt>
<trkpt lat="37.151243" lon="-118.696475"><ele>3378.2</ele><time>2024-09-11T23:41:12Z</time></trkpt>
<trkpt lat="37.151182" lon="-118.696332"><ele>3377.4</ele><time>2024-09-11T23:41:15Z</time></trkpt>
<trkpt lat="37.151690" lon="-118.696194"><ele>3372.8</ele><time>2024-09-11T23:42:02Z</time></trkpt>
<trkpt lat="37.152224" lon="-118.695897"><ele>3372.2</ele><time>2024-09-11T23:43:07Z</time></trkpt>
<trkpt lat="37.151994" lon="-118.695991"><ele>3371.6</ele><time>2024-09-11T23:43:12Z</time></trkpt>
<trkpt lat="37.152283" lon="-118.695610"><ele>3371.6</ele><time>2024-09-11T23:43:27Z</time></trkpt>
<trkpt lat="37.153060" lon="-118.695554"><ele>3371.8</ele><time>2024-09-11T23:44:23Z</time></trkpt>
<trkpt lat="37.153628" lon="-118.695647"><ele>3374.8</ele><time>2024-09-11T23:45:08Z</time></trkpt>
<trkpt lat="37.153635" lon="-118.695701"><ele>3375.0</ele><time>2024-09-11T23:45:10Z</time></trkpt>
<trkpt lat="37.153559" lon="-118.695523"><ele>3375.4</ele><time>2024-09-11T23:45:15Z</time></trkpt>
<trkpt lat="37.153620" lon="-118.695613"><ele>3375.4</ele><time>2024-09-11T23:45:25Z</time></trkpt>
<trkpt lat="37.154637" lon="-118.695622"><ele>3373.8</ele><time>2024-09-11T23:47:09Z</time></trkpt>
<trkpt lat="37.154759" lon="-118.695679"><ele>3373.6</ele><time>2024-09-11T23:47:10Z</time></trkpt>
<trkpt lat="37.154930" lon="-118.695555"><ele>3373.8</ele><time>2024-09-11T23:47:14Z</time></trkpt>
<trkpt lat="37.154818" lon="-118.695489"><ele>3374.8</ele><time>2024-09-11T23:47:22Z</time></trkpt>
<trkpt lat="37.154806" lon="-118.695399"><ele>3372.8</ele><time>2024-09-11T23:47:36Z</time></trkpt>
<trkpt lat="37.155272" lon="-118.695331"><ele>3376.8</ele><time>2024-09-11T23:48:05Z</time></trkpt>
<trkpt lat="37.155211" lon="-118.695408"><ele>3376.6</ele><time>2024-09-11T23:48:06Z</time></trkpt>
<trkpt lat="37.155117" lon="-118.695398"><ele>3375.8</ele><time>2024-09-11T23:48:11Z</time></trkpt>
<trkpt lat="37.155665" lon="-118.695181"><ele>3376.0</ele><time>2024-09-11T23:48:52Z</time></trkpt>
<trkpt lat="37.156169" lon="-118.695115"><ele>3373.0</ele><time>2024-09-11T23:49:52Z</time></trkpt>
<trkpt lat="37.156509" lon="-118.694964"><ele>3372.8</ele><time>2024-09-11T23:50:11Z</time></trkpt>
<trkpt lat="37.156493" lon="-118.694797"><ele>3372.4</ele><time>2024-09-11T23:50:16Z</time></trkpt>
<trkpt lat="37.156800" lon="-118.694720"><ele>3373.2</ele><time>2024-09-11T23:50:48Z</time></trkpt>
<trkpt lat="37.157397" lon="-118.694119"><ele>3374.0</ele><time>2024-09-11T23:51:52Z</time></trkpt>
<trkpt lat="37.157711" lon="-118.693673"><ele>3369.2</ele><time>2024-09-11T23:52:46Z</time></trkpt>
<trkpt lat="37.158546" lon="-118.693294"><ele>3366.8</ele><time>2024-09-11T23:54:08Z</time></trkpt>
<trkpt lat="37.158537" lon="-118.693087"><ele>3367.0</ele><time>2024-09-11T23:54:18Z</time></trkpt>
<trkpt lat="37.158603" lon="-118.692959"><ele>3362.6</ele><time>2024-09-11T23:55:00Z</time></trkpt>
<trkpt lat="37.158723" lon="-118.692907"><ele>3363.8</ele><time>2024-09-11T23:55:22Z</time></trkpt>
<trkpt lat="37.158893" lon="-118.692485"><ele>3354.6</ele><time>2024-09-11T23:56:06Z</time></trkpt>
<trkpt lat="37.159047" lon="-118.692406"><ele>3354.4</ele><time>2024-09-11T23:56:18Z</time></trkpt>
<trkpt lat="37.159936" lon="-118.692495"><ele>3351.4</ele><time>2024-09-11T23:58:09Z</time></trkpt>
<trkpt lat="37.159964" lon="-118.692411"><ele>3352.2</ele><time>2024-09-11T23:58:15Z</time></trkpt>
<trkpt lat="37.160197" lon="-118.692222"><ele>3347.4</ele><time>2024-09-11T23:58:51Z</time></trkpt>
<trkpt lat="37.160489" lon="-118.692104"><ele>3344.0</ele><time>2024-09-11T23:59:31Z</time></trkpt>
<trkpt lat="37.160613" lon="-118.691883"><ele>3342.8</ele><time>2024-09-12T00:00:11Z</time></trkpt>
<trkpt lat="37.160592" lon="-118.691645"><ele>3344.8</ele><time>2024-09-12T00:00:26Z</time></trkpt>
<trkpt lat="37.164055" lon="-118.690308"><ele>3348.2</ele><time>2024-09-12T00:08:45Z</time></trkpt>
<trkpt lat="37.165461" lon="-118.690789"><ele>3343.8</ele><time>2024-09-12T00:10:11Z</time></trkpt>
<trkpt lat="37.165494" lon="-118.690845"><ele>3343.8</ele><time>2024-09-12T00:10:12Z</time></trkpt>
<trkpt lat="37.165424" lon="-118.690784"><ele>3343.6</ele><time>2024-09-12T00:10:17Z</time></trkpt>
<trkpt lat="37.165460" lon="-118.690909"><ele>3341.8</ele><time>2024-09-12T00:10:27Z</time></trkpt>
<trkpt lat="37.166994" lon="-118.691709"><ele>3340.8</ele><time>2024-09-12T00:13:31Z</time></trkpt>
<trkpt lat="37.167327" lon="-118.692167"><ele>3344.2</ele><time>2024-09-12T00:14:09Z</time></trkpt>
<trkpt lat="37.167376" lon="-118.692144"><ele>3344.8</ele><time>2024-09-12T00:14:13Z</time></trkpt>
<trkpt lat="37.167372" lon="-118.692043"><ele>3344.6</ele><time>2024-09-12T00:14:19Z</time></trkpt>
<trkpt lat="37.167902" lon="-118.692260"><ele>3345.4</ele><time>2024-09-12T00:15:45Z</time></trkpt>
<trkpt lat="37.168312" lon="-118.692337"><ele>3346.8</ele><time>2024-09-12T00:16:13Z</time></trkpt>
<trkpt lat="37.168277" lon="-118.692280"><ele>3346.6</ele><time>2024-09-12T00:16:18Z</time></trkpt>
<trkpt lat="37.168542" lon="-118.692217"><ele>3347.6</ele><time>2024-09-12T00:16:52Z</time></trkpt>
<trkpt lat="37.168761" lon="-118.691995"><ele>3346.6</ele><time>2024-09-12T00:17:16Z</time></trkpt>
<trkpt lat="37.169259" lon="-118.691926"><ele>3345.6</ele><time>2024-09-12T00:18:11Z</time></trkpt>
<trkpt lat="37.169896" lon="-118.692394"><ele>3347.4</ele><time>2024-09-12T00:20:02Z</time></trkpt>
<trkpt lat="37.170052" lon="-118.692557"><ele>3346.8</ele><time>2024-09-12T00:20:15Z</time></trkpt>
<trkpt lat="37.170058" lon="-118.692698"><ele>3346.4</ele><time>2024-09-12T00:20:27Z</time></trkpt>
<trkpt lat="37.170365" lon="-118.693065"><ele>3347.2</ele><time>2024-09-12T00:20:56Z</time></trkpt>
<trkpt lat="37.170942" lon="-118.693470"><ele>3351.2</ele><time>2024-09-12T00:22:10Z</time></trkpt>
<trkpt lat="37.170755" lon="-118.693235"><ele>3350.2</ele><time>2024-09-12T00:22:25Z</time></trkpt>
<trkpt lat="37.170959" lon="-118.693314"><ele>3351.0</ele><time>2024-09-12T00:23:10Z</time></trkpt>
<trkpt lat="37.171562" lon="-118.693123"><ele>3350.0</ele><time>2024-09-12T00:24:26Z</time></trkpt>
<trkpt lat="37.172090" lon="-118.693332"><ele>3349.8</ele><time>2024-09-12T00:24:58Z</time></trkpt>
<trkpt lat="37.172444" lon="-118.693716"><ele>3345.2</ele><time>2024-09-12T00:26:16Z</time></trkpt>
<trkpt lat="37.173001" lon="-118.694431"><ele>3342.4</ele><time>2024-09-12T00:27:58Z</time></trkpt>
<trkpt lat="37.173077" lon="-118.694609"><ele>3342.4</ele><time>2024-09-12T00:28:12Z</time></trkpt>
<trkpt lat="37.173068" lon="-118.694808"><ele>3341.2</ele><time>2024-09-12T00:28:24Z</time></trkpt>
<trkpt lat="37.173176" lon="-118.695296"><ele>3340.0</ele><time>2024-09-12T00:29:26Z</time></trkpt>
<trkpt lat="37.173407" lon="-118.695806"><ele>3332.6</ele><time>2024-09-12T00:30:09Z</time></trkpt>
<trkpt lat="37.173564" lon="-118.695930"><ele>3333.8</ele><time>2024-09-12T00:30:14Z</time></trkpt>
<trkpt lat="37.173611" lon="-118.696093"><ele>3331.6</ele><time>2024-09-12T00:30:28Z</time></trkpt>
<trkpt lat="37.173123" lon="-118.697663"><ele>3322.0</ele><time>2024-09-12T00:32:58Z</time></trkpt>
<trkpt lat="37.172983" lon="-118.698665"><ele>3324.4</ele><time>2024-09-12T00:34:26Z</time></trkpt>
<trkpt lat="37.172810" lon="-118.698582"><ele>3321.6</ele><time>2024-09-12T00:36:14Z</time></trkpt>
<trkpt lat="37.172959" lon="-118.698666"><ele>3325.6</ele><time>2024-09-12T00:36:27Z</time></trkpt>
<trkpt lat="37.172916" lon="-118.698733"><ele>3326.8</ele><time>2024-09-12T00:36:38Z</time></trkpt>
<trkpt lat="37.172941" lon="-118.698677"><ele>3323.0</ele><time>2024-09-12T00:38:30Z</time></trkpt>
<trkpt lat="37.172985" lon="-118.698698"><ele>3327.0</ele><time>2024-09-12T00:39:51Z</time></trkpt>
<trkpt lat="37.172976" lon="-118.698647"><ele>3325.4</ele><time>2024-09-12T00:40:30Z</time></trkpt>
<trkpt lat="37.172961" lon="-118.698734"><ele>3327.4</ele><time>2024-09-12T00:42:12Z</time></trkpt>
<trkpt lat="37.172934" lon="-118.698676"><ele>3328.6</ele><time>2024-09-12T00:44:17Z</time></trkpt>
<trkpt lat="37.172980" lon="-118.698637"><ele>3329.4</ele><time>2024-09-12T00:46:23Z</time></trkpt>
<trkpt lat="37.172990" lon="-118.698701"><ele>3332.6</ele><time>2024-09-12T00:48:25Z</time></trkpt>
<trkpt lat="37.172951" lon="-118.698666"><ele>3329.0</ele><time>2024-09-12T00:50:26Z</time></trkpt>
<trkpt lat="37.172946" lon="-118.698785"><ele>3328.0</ele><time>2024-09-12T00:52:11Z</time></trkpt>
<trkpt lat="37.172935" lon="-118.698674"><ele>3327.6</ele><time>2024-09-12T00:52:18Z</time></trkpt>
<trkpt lat="37.173020" lon="-118.698678"><ele>3326.8</ele><time>2024-09-12T00:54:07Z</time></trkpt>
<trkpt lat="37.172967" lon="-118.698624"><ele>3326.6</ele><time>2024-09-12T00:56:01Z</time></trkpt>
<trkpt lat="37.173021" lon="-118.698784"><ele>3327.6</ele><time>2024-09-12T00:59:59Z</time></trkpt>
<trkpt lat="37.172859" lon="-118.698845"><ele>3327.8</ele><time>2024-09-12T01:00:11Z</time></trkpt>
<trkpt lat="37.172958" lon="-118.698766"><ele>3327.8</ele><time>2024-09-12T01:00:12Z</time></trkpt>
<trkpt lat="37.172972" lon="-118.698665"><ele>3328.2</ele><time>2024-09-12T01:01:09Z</time></trkpt>
<trkpt lat="37.173003" lon="-118.698671"><ele>3333.6</ele><time>2024-09-12T01:04:29Z</time></trkpt>
<trkpt lat="37.172921" lon="-118.698656"><ele>3331.2</ele><time>2024-09-12T01:08:17Z</time></trkpt>
<trkpt lat="37.173014" lon="-118.698809"><ele>3338.4</ele><time>2024-09-12T01:10:15Z</time></trkpt>
<trkpt lat="37.172967" lon="-118.698688"><ele>3338.4</ele><time>2024-09-12T01:10:23Z</time></trkpt>
<trkpt lat="37.173027" lon="-118.698623"><ele>3343.4</ele><time>2024-09-12T01:11:46Z</time></trkpt>
<trkpt lat="37.173256" lon="-118.698567"><ele>3345.8</ele><time>2024-09-12T01:12:11Z</time></trkpt>
<trkpt lat="37.172968" lon="-118.698618"><ele>3345.4</ele><time>2024-09-12T01:12:12Z</time></trkpt>
<trkpt lat="37.173005" lon="-118.698653"><ele>3344.4</ele><time>2024-09-12T01:12:15Z</time></trkpt>
<trkpt lat="37.172828" lon="-118.699672"><ele>3345.2</ele><time>2024-09-12T01:14:12Z</time></trkpt>
<trkpt lat="37.172672" lon="-118.699758"><ele>3345.2</ele><time>2024-09-12T01:14:21Z</time></trkpt>
<trkpt lat="37.172537" lon="-118.700130"><ele>3347.8</ele><time>2024-09-12T01:14:56Z</time></trkpt>
<trkpt lat="37.172220" lon="-118.700491"><ele>3347.0</ele><time>2024-09-12T01:15:38Z</time></trkpt>
<trkpt lat="37.172130" lon="-118.700829"><ele>3351.2</ele><time>2024-09-12T01:16:15Z</time></trkpt>
<trkpt lat="37.172303" lon="-118.701046"><ele>3353.8</ele><time>2024-09-12T01:16:40Z</time></trkpt>
<trkpt lat="37.172691" lon="-118.701748"><ele>3353.4</ele><time>2024-09-12T01:17:50Z</time></trkpt>
<trkpt lat="37.172912" lon="-118.701955"><ele>3350.6</ele><time>2024-09-12T01:18:27Z</time></trkpt>
<trkpt lat="37.173175" lon="-118.702093"><ele>3345.4</ele><time>2024-09-12T01:19:02Z</time></trkpt>
<trkpt lat="37.173420" lon="-118.702441"><ele>3348.8</ele><time>2024-09-12T01:19:44Z</time></trkpt>
<trkpt lat="37.173725" lon="-118.702710"><ele>3347.4</ele><time>2024-09-12T01:20:17Z</time></trkpt>
<trkpt lat="37.173969" lon="-118.702590"><ele>3346.4</ele><time>2024-09-12T01:20:23Z</time></trkpt>
<trkpt lat="37.173877" lon="-118.702644"><ele>3343.8</ele><time>2024-09-12T01:20:29Z</time></trkpt>
<trkpt lat="37.174280" lon="-118.702795"><ele>3336.8</ele><time>2024-09-12T01:21:22Z</time></trkpt>
<trkpt lat="37.174415" lon="-118.702919"><ele>3335.8</ele><time>2024-09-12T01:21:34Z</time></trkpt>
<trkpt lat="37.174961" lon="-118.702741"><ele>3332.0</ele><time>2024-09-12T01:22:31Z</time></trkpt>
<trkpt lat="37.175175" lon="-118.702764"><ele>3328.8</ele><time>2024-09-12T01:22:44Z</time></trkpt>
<trkpt lat="37.175616" lon="-118.703035"><ele>3327.6</ele><time>2024-09-12T01:23:28Z</time></trkpt>
<trkpt lat="37.175737" lon="-118.703137"><ele>3318.0</ele><time>2024-09-12T01:24:16Z</time></trkpt>
<trkpt lat="37.175723" lon="-118.703582"><ele>3317.6</ele><time>2024-09-12T01:24:55Z</time></trkpt>
<trkpt lat="37.175931" lon="-118.703926"><ele>3304.6</ele><time>2024-09-12T01:26:13Z</time></trkpt>
<trkpt lat="37.175701" lon="-118.704092"><ele>3303.2</ele><time>2024-09-12T01:26:19Z</time></trkpt>
<trkpt lat="37.175860" lon="-118.704082"><ele>3303.6</ele><time>2024-09-12T01:26:22Z</time></trkpt>
<trkpt lat="37.175880" lon="-118.704226"><ele>3305.0</ele><time>2024-09-12T01:26:27Z</time></trkpt>
<trkpt lat="37.175826" lon="-118.704208"><ele>3305.0</ele><time>2024-09-12T01:26:30Z</time></trkpt>
<trkpt lat="37.175878" lon="-118.704263"><ele>3305.0</ele><time>2024-09-12T01:26:31Z</time></trkpt>
<trkpt lat="37.175798" lon="-118.704677"><ele>3303.6</ele><time>2024-09-12T01:26:38Z</time></trkpt>
<trkpt lat="37.176093" lon="-118.704963"><ele>3301.6</ele><time>2024-09-12T01:26:44Z</time></trkpt>
<trkpt lat="37.176786" lon="-118.704841"><ele>3298.6</ele><time>2024-09-12T01:27:04Z</time></trkpt>
<trkpt lat="37.176747" lon="-118.704803"><ele>3295.8</ele><time>2024-09-12T01:27:22Z</time></trkpt>
<trkpt lat="37.176809" lon="-118.704791"><ele>3293.8</ele><time>2024-09-12T01:27:48Z</time></trkpt>
<trkpt lat="37.176848" lon="-118.704862"><ele>3290.4</ele><time>2024-09-12T01:28:06Z</time></trkpt>
<trkpt lat="37.176716" lon="-118.704886"><ele>3290.6</ele><time>2024-09-12T01:28:29Z</time></trkpt>
<trkpt lat="37.177161" lon="-118.705248"><ele>3290.4</ele><time>2024-09-12T01:29:28Z</time></trkpt>
<trkpt lat="37.177091" lon="-118.705446"><ele>3292.4</ele><time>2024-09-12T01:29:39Z</time></trkpt>
<trkpt lat="37.177121" lon="-118.705600"><ele>3293.6</ele><time>2024-09-12T01:29:53Z</time></trkpt>
<trkpt lat="37.177043" lon="-118.705894"><ele>3290.0</ele><time>2024-09-12T01:30:13Z</time></trkpt>
<trkpt lat="37.177166" lon="-118.706420"><ele>3287.4</ele><time>2024-09-12T01:31:05Z</time></trkpt>
<trkpt lat="37.177273" lon="-118.706563"><ele>3284.4</ele><time>2024-09-12T01:31:17Z</time></trkpt>
<trkpt lat="37.177389" lon="-118.706917"><ele>3285.6</ele><time>2024-09-12T01:31:57Z</time></trkpt>
<trkpt lat="37.177220" lon="-118.707448"><ele>3280.6</ele><time>2024-09-12T01:32:24Z</time></trkpt>
<trkpt lat="37.177405" lon="-118.707402"><ele>3280.2</ele><time>2024-09-12T01:32:26Z</time></trkpt>
<trkpt lat="37.177073" lon="-118.707655"><ele>3261.8</ele><time>2024-09-12T01:35:07Z</time></trkpt>
<trkpt lat="37.176930" lon="-118.707532"><ele>3259.4</ele><time>2024-09-12T01:36:07Z</time></trkpt>
<trkpt lat="37.176772" lon="-118.707514"><ele>3258.0</ele><time>2024-09-12T01:36:34Z</time></trkpt>
<trkpt lat="37.176719" lon="-118.707415"><ele>3257.0</ele><time>2024-09-12T01:36:42Z</time></trkpt>
<trkpt lat="37.176828" lon="-118.706923"><ele>3253.6</ele><time>2024-09-12T01:37:10Z</time></trkpt>
<trkpt lat="37.176703" lon="-118.707068"><ele>3250.4</ele><time>2024-09-12T01:37:26Z</time></trkpt>
<trkpt lat="37.176335" lon="-118.707045"><ele>3245.0</ele><time>2024-09-12T01:38:16Z</time></trkpt>
<trkpt lat="37.176294" lon="-118.706983"><ele>3239.2</ele><time>2024-09-12T01:38:40Z</time></trkpt>
<trkpt lat="37.176115" lon="-118.706960"><ele>3234.4</ele><time>2024-09-12T01:39:16Z</time></trkpt>
<trkpt lat="37.176052" lon="-118.706887"><ele>3233.0</ele><time>2024-09-12T01:39:29Z</time></trkpt>
<trkpt lat="37.175834" lon="-118.706911"><ele>3235.6</ele><time>2024-09-12T01:39:44Z</time></trkpt>
<trkpt lat="37.175673" lon="-118.706807"><ele>3233.6</ele><time>2024-09-12T01:40:00Z</time></trkpt>
<trkpt lat="37.175569" lon="-118.706623"><ele>3231.4</ele><time>2024-09-12T01:40:20Z</time></trkpt>
<trkpt lat="37.175383" lon="-118.706546"><ele>3226.8</ele><time>2024-09-12T01:40:44Z</time></trkpt>
<trkpt lat="37.175113" lon="-118.706568"><ele>3220.4</ele><time>2024-09-12T01:41:32Z</time></trkpt>
<trkpt lat="37.174864" lon="-118.707014"><ele>3216.4</ele><time>2024-09-12T01:42:23Z</time></trkpt>
<trkpt lat="37.174775" lon="-118.706994"><ele>3212.8</ele><time>2024-09-12T01:42:55Z</time></trkpt>
<trkpt lat="37.174795" lon="-118.707198"><ele>3210.2</ele><time>2024-09-12T01:43:19Z</time></trkpt>
<trkpt lat="37.174823" lon="-118.707151"><ele>3210.0</ele><time>2024-09-12T01:43:20Z</time></trkpt>
<trkpt lat="37.174743" lon="-118.707189"><ele>3209.4</ele><time>2024-09-12T01:43:22Z</time></trkpt>
<trkpt lat="37.174893" lon="-118.707127"><ele>3209.0</ele><time>2024-09-12T01:43:26Z</time></trkpt>
<trkpt lat="37.174678" lon="-118.707435"><ele>3208.0</ele><time>2024-09-12T01:43:35Z</time></trkpt>
<trkpt lat="37.174680" lon="-118.707378"><ele>3206.6</ele><time>2024-09-12T01:43:41Z</time></trkpt>
<trkpt lat="37.174181" lon="-118.707728"><ele>3199.4</ele><time>2024-09-12T01:44:28Z</time></trkpt>
<trkpt lat="37.174308" lon="-118.708617"><ele>3185.0</ele><time>2024-09-12T01:45:53Z</time></trkpt>
<trkpt lat="37.174130" lon="-118.708673"><ele>3182.4</ele><time>2024-09-12T01:46:16Z</time></trkpt>
<trkpt lat="37.174355" lon="-118.709038"><ele>3177.4</ele><time>2024-09-12T01:46:44Z</time></trkpt>
<trkpt lat="37.174243" lon="-118.709207"><ele>3176.0</ele><time>2024-09-12T01:47:11Z</time></trkpt>
<trkpt lat="37.174346" lon="-118.709152"><ele>3176.0</ele><time>2024-09-12T01:47:13Z</time></trkpt>
<trkpt lat="37.174381" lon="-118.709093"><ele>3175.8</ele><time>2024-09-12T01:47:16Z</time></trkpt>
<trkpt lat="37.174339" lon="-118.709044"><ele>3175.4</ele><time>2024-09-12T01:47:22Z</time></trkpt>
<trkpt lat="37.174095" lon="-118.708994"><ele>3170.0</ele><time>2024-09-12T01:47:50Z</time></trkpt>
<trkpt lat="37.173912" lon="-118.708862"><ele>3165.4</ele><time>2024-09-12T01:48:14Z</time></trkpt>
<trkpt lat="37.173892" lon="-118.709033"><ele>3159.6</ele><time>2024-09-12T01:48:44Z</time></trkpt>
<trkpt lat="37.173603" lon="-118.708861"><ele>3157.6</ele><time>2024-09-12T01:49:14Z</time></trkpt>
<trkpt lat="37.173522" lon="-118.708882"><ele>3156.2</ele><time>2024-09-12T01:49:20Z</time></trkpt>
<trkpt lat="37.173564" lon="-118.708830"><ele>3155.2</ele><time>2024-09-12T01:49:23Z</time></trkpt>
<trkpt lat="37.173514" lon="-118.708912"><ele>3153.8</ele><time>2024-09-12T01:49:27Z</time></trkpt>
<trkpt lat="37.173702" lon="-118.709079"><ele>3151.6</ele><time>2024-09-12T01:49:41Z</time></trkpt>
<trkpt lat="37.173817" lon="-118.709090"><ele>3149.2</ele><time>2024-09-12T01:49:52Z</time></trkpt>
<trkpt lat="37.173837" lon="-118.709176"><ele>3149.0</ele><time>2024-09-12T01:49:57Z</time></trkpt>
<trkpt lat="37.173636" lon="-118.709923"><ele>3138.4</ele><time>2024-09-12T01:50:57Z</time></trkpt>
<trkpt lat="37.173360" lon="-118.709930"><ele>3129.2</ele><time>2024-09-12T01:51:51Z</time></trkpt>
<trkpt lat="37.173391" lon="-118.709827"><ele>3127.6</ele><time>2024-09-12T01:52:01Z</time></trkpt>
<trkpt lat="37.173323" lon="-118.709634"><ele>3124.8</ele><time>2024-09-12T01:52:19Z</time></trkpt>
<trkpt lat="37.173255" lon="-118.709612"><ele>3123.8</ele><time>2024-09-12T01:52:24Z</time></trkpt>
<trkpt lat="37.173303" lon="-118.709792"><ele>3119.2</ele><time>2024-09-12T01:52:50Z</time></trkpt>
<trkpt lat="37.173002" lon="-118.709798"><ele>3116.8</ele><time>2024-09-12T01:53:18Z</time></trkpt>
<trkpt lat="37.172917" lon="-118.709857"><ele>3112.2</ele><time>2024-09-12T01:53:44Z</time></trkpt>
<trkpt lat="37.172934" lon="-118.710025"><ele>3111.6</ele><time>2024-09-12T01:54:21Z</time></trkpt>
<trkpt lat="37.173071" lon="-118.709971"><ele>3112.6</ele><time>2024-09-12T01:54:29Z</time></trkpt>
<trkpt lat="37.172896" lon="-118.710025"><ele>3112.0</ele><time>2024-09-12T01:54:40Z</time></trkpt>
<trkpt lat="37.173105" lon="-118.710165"><ele>3107.6</ele><time>2024-09-12T01:55:13Z</time></trkpt>
<trkpt lat="37.173107" lon="-118.710243"><ele>3107.2</ele><time>2024-09-12T01:55:16Z</time></trkpt>
<trkpt lat="37.173343" lon="-118.710241"><ele>3104.2</ele><time>2024-09-12T01:55:40Z</time></trkpt>
<trkpt lat="37.173555" lon="-118.710561"><ele>3094.8</ele><time>2024-09-12T01:56:27Z</time></trkpt>
<trkpt lat="37.173530" lon="-118.710910"><ele>3088.6</ele><time>2024-09-12T01:57:03Z</time></trkpt>
<trkpt lat="37.173750" lon="-118.711557"><ele>3080.4</ele><time>2024-09-12T01:57:49Z</time></trkpt>
<trkpt lat="37.173690" lon="-118.711481"><ele>3079.6</ele><time>2024-09-12T01:58:01Z</time></trkpt>
<trkpt lat="37.173682" lon="-118.711591"><ele>3077.8</ele><time>2024-09-12T01:58:08Z</time></trkpt>
<trkpt lat="37.173515" lon="-118.711718"><ele>3072.2</ele><time>2024-09-12T01:58:38Z</time></trkpt>
<trkpt lat="37.173510" lon="-118.712112"><ele>3067.6</ele><time>2024-09-12T01:59:12Z</time></trkpt>
<trkpt lat="37.173574" lon="-118.712299"><ele>3066.8</ele><time>2024-09-12T01:59:26Z</time></trkpt>
<trkpt lat="37.173521" lon="-118.712712"><ele>3065.6</ele><time>2024-09-12T01:59:47Z</time></trkpt>
<trkpt lat="37.173632" lon="-118.712575"><ele>3065.6</ele><time>2024-09-12T01:59:48Z</time></trkpt>
<trkpt lat="37.173615" lon="-118.712514"><ele>3065.4</ele><time>2024-09-12T01:59:54Z</time></trkpt>
<trkpt lat="37.173537" lon="-118.712602"><ele>3064.8</ele><time>2024-09-12T02:00:03Z</time></trkpt>
<trkpt lat="37.173453" lon="-118.712838"><ele>3060.8</ele><time>2024-09-12T02:00:26Z</time></trkpt>
<trkpt lat="37.173629" lon="-118.713404"><ele>3057.4</ele><time>2024-09-12T02:01:00Z</time></trkpt>
<trkpt lat="37.173606" lon="-118.713520"><ele>3056.2</ele><time>2024-09-12T02:01:18Z</time></trkpt>
<trkpt lat="37.173805" lon="-118.713821"><ele>3054.0</ele><time>2024-09-12T02:01:43Z</time></trkpt>
<trkpt lat="37.173824" lon="-118.713757"><ele>3054.2</ele><time>2024-09-12T02:01:46Z</time></trkpt>
<trkpt lat="37.174013" lon="-118.713758"><ele>3054.0</ele><time>2024-09-12T02:01:59Z</time></trkpt>
<trkpt lat="37.174153" lon="-118.713625"><ele>3054.0</ele><time>2024-09-12T02:02:14Z</time></trkpt>
<trkpt lat="37.174228" lon="-118.713755"><ele>3054.8</ele><time>2024-09-12T02:02:22Z</time></trkpt>
<trkpt lat="37.174425" lon="-118.713888"><ele>3053.2</ele><time>2024-09-12T02:02:40Z</time></trkpt>
<trkpt lat="37.174552" lon="-118.714105"><ele>3051.8</ele><time>2024-09-12T02:03:26Z</time></trkpt>
<trkpt lat="37.174831" lon="-118.714621"><ele>3053.0</ele><time>2024-09-12T02:04:14Z</time></trkpt>
<trkpt lat="37.174772" lon="-118.714729"><ele>3052.8</ele><time>2024-09-12T02:04:29Z</time></trkpt>
<trkpt lat="37.174867" lon="-118.714866"><ele>3049.6</ele><time>2024-09-12T02:04:48Z</time></trkpt>
<trkpt lat="37.175710" lon="-118.715340"><ele>3048.2</ele><time>2024-09-12T02:06:19Z</time></trkpt>
<trkpt lat="37.175709" lon="-118.715636"><ele>3048.2</ele><time>2024-09-12T02:06:34Z</time></trkpt>
<trkpt lat="37.175622" lon="-118.715931"><ele>3048.6</ele><time>2024-09-12T02:06:48Z</time></trkpt>
<trkpt lat="37.175888" lon="-118.716830"><ele>3045.6</ele><time>2024-09-12T02:08:16Z</time></trkpt>
<trkpt lat="37.176478" lon="-118.717596"><ele>3047.0</ele><time>2024-09-12T02:09:50Z</time></trkpt>
<trkpt lat="37.176771" lon="-118.717880"><ele>3043.0</ele><time>2024-09-12T02:10:14Z</time></trkpt>
<trkpt lat="37.176858" lon="-118.717771"><ele>3043.2</ele><time>2024-09-12T02:10:21Z</time></trkpt>
<trkpt lat="37.176937" lon="-118.717773"><ele>3043.2</ele><time>2024-09-12T02:10:26Z</time></trkpt>
<trkpt lat="37.177058" lon="-118.718157"><ele>3029.8</ele><time>2024-09-12T02:11:41Z</time></trkpt>
<trkpt lat="37.177527" lon="-118.719203"><ele>3031.0</ele><time>2024-09-12T02:13:05Z</time></trkpt>
<trkpt lat="37.177782" lon="-118.719443"><ele>3028.8</ele><time>2024-09-12T02:13:51Z</time></trkpt>
<trkpt lat="37.178034" lon="-118.719998"><ele>3025.6</ele><time>2024-09-12T02:14:37Z</time></trkpt>
<trkpt lat="37.178380" lon="-118.720448"><ele>3021.2</ele><time>2024-09-12T02:15:15Z</time></trkpt>
<trkpt lat="37.178356" lon="-118.720651"><ele>3019.8</ele><time>2024-09-12T02:15:31Z</time></trkpt>
<trkpt lat="37.178535" lon="-118.721020"><ele>3016.4</ele><time>2024-09-12T02:16:14Z</time></trkpt>
<trkpt lat="37.178636" lon="-118.720990"><ele>3015.4</ele><time>2024-09-12T02:16:28Z</time></trkpt>
<trkpt lat="37.180074" lon="-118.721785"><ele>3013.8</ele><time>2024-09-12T02:18:43Z</time></trkpt>
<trkpt lat="37.180747" lon="-118.722677"><ele>3013.8</ele><time>2024-09-12T02:20:26Z</time></trkpt>
<trkpt lat="37.181000" lon="-118.722837"><ele>3017.2</ele><time>2024-09-12T02:20:57Z</time></trkpt>
<trkpt lat="37.181147" lon="-118.723102"><ele>3016.4</ele><time>2024-09-12T02:21:27Z</time></trkpt>
<trkpt lat="37.181319" lon="-118.723154"><ele>3016.6</ele><time>2024-09-12T02:21:39Z</time></trkpt>
<trkpt lat="37.181588" lon="-118.723486"><ele>3015.8</ele><time>2024-09-12T02:22:09Z</time></trkpt>
<trkpt lat="37.181737" lon="-118.723491"><ele>3015.2</ele><time>2024-09-12T02:22:21Z</time></trkpt>
<trkpt lat="37.181779" lon="-118.723414"><ele>3015.0</ele><time>2024-09-12T02:22:23Z</time></trkpt>
<trkpt lat="37.181787" lon="-118.723520"><ele>3013.0</ele><time>2024-09-12T02:22:32Z</time></trkpt>
<trkpt lat="37.181906" lon="-118.723611"><ele>3010.6</ele><time>2024-09-12T02:22:43Z</time></trkpt>
<trkpt lat="37.182565" lon="-118.724805"><ele>3007.6</ele><time>2024-09-12T02:24:28Z</time></trkpt>
<trkpt lat="37.182626" lon="-118.725130"><ele>3008.6</ele><time>2024-09-12T02:24:57Z</time></trkpt>
<trkpt lat="37.182549" lon="-118.725423"><ele>3006.2</ele><time>2024-09-12T02:25:43Z</time></trkpt>
<trkpt lat="37.182668" lon="-118.726060"><ele>3002.6</ele><time>2024-09-12T02:26:15Z</time></trkpt>
<trkpt lat="37.182620" lon="-118.726155"><ele>3000.4</ele><time>2024-09-12T02:26:28Z</time></trkpt>
<trkpt lat="37.182959" lon="-118.727077"><ele>2994.4</ele><time>2024-09-12T02:27:39Z</time></trkpt>
<trkpt lat="37.183073" lon="-118.727550"><ele>2990.4</ele><time>2024-09-12T02:28:21Z</time></trkpt>
<trkpt lat="37.182993" lon="-118.727609"><ele>2991.0</ele><time>2024-09-12T02:28:34Z</time></trkpt>
<trkpt lat="37.183164" lon="-118.728038"><ele>2989.0</ele><time>2024-09-12T02:28:57Z</time></trkpt>
<trkpt lat="37.183576" lon="-118.728724"><ele>2989.2</ele><time>2024-09-12T02:30:14Z</time></trkpt>
<trkpt lat="37.183490" lon="-118.728728"><ele>2990.2</ele><time>2024-09-12T02:30:24Z</time></trkpt>
<trkpt lat="37.184148" lon="-118.729810"><ele>2992.4</ele><time>2024-09-12T02:32:15Z</time></trkpt>
<trkpt lat="37.184224" lon="-118.729798"><ele>2993.6</ele><time>2024-09-12T02:32:25Z</time></trkpt>
<trkpt lat="37.184209" lon="-118.730506"><ele>2996.2</ele><time>2024-09-12T02:34:17Z</time></trkpt>
<trkpt lat="37.184241" lon="-118.730473"><ele>2996.2</ele><time>2024-09-12T02:34:20Z</time></trkpt>
<trkpt lat="37.184163" lon="-118.730451"><ele>2995.4</ele><time>2024-09-12T02:34:24Z</time></trkpt>
<trkpt lat="37.184231" lon="-118.730362"><ele>2993.0</ele><time>2024-09-12T02:36:27Z</time></trkpt>
<trkpt lat="37.184290" lon="-118.731072"><ele>2985.6</ele><time>2024-09-12T02:38:17Z</time></trkpt>
<trkpt lat="37.184402" lon="-118.731172"><ele>2986.2</ele><time>2024-09-12T02:38:34Z</time></trkpt>
<trkpt lat="37.184735" lon="-118.731919"><ele>2985.2</ele><time>2024-09-12T02:40:00Z</time></trkpt>
<trkpt lat="37.184911" lon="-118.732548"><ele>2984.8</ele><time>2024-09-12T02:40:38Z</time></trkpt>
<trkpt lat="37.184877" lon="-118.732800"><ele>2983.6</ele><time>2024-09-12T02:41:04Z</time></trkpt>
<trkpt lat="37.185061" lon="-118.733373"><ele>2982.8</ele><time>2024-09-12T02:42:08Z</time></trkpt>
<trkpt lat="37.185052" lon="-118.733587"><ele>2982.0</ele><time>2024-09-12T02:42:15Z</time></trkpt>
<trkpt lat="37.185115" lon="-118.733474"><ele>2982.0</ele><time>2024-09-12T02:42:16Z</time></trkpt>
<trkpt lat="37.185182" lon="-118.733567"><ele>2980.6</ele><time>2024-09-12T02:42:29Z</time></trkpt>
<trkpt lat="37.185226" lon="-118.734076"><ele>2976.2</ele><time>2024-09-12T02:43:20Z</time></trkpt>
<trkpt lat="37.185546" lon="-118.734396"><ele>2972.8</ele><time>2024-09-12T02:43:52Z</time></trkpt>
<trkpt lat="37.185635" lon="-118.734688"><ele>2976.0</ele><time>2024-09-12T02:44:20Z</time></trkpt>
<trkpt lat="37.185631" lon="-118.734614"><ele>2976.0</ele><time>2024-09-12T02:44:27Z</time></trkpt>
<trkpt lat="37.185881" lon="-118.734967"><ele>2976.8</ele><time>2024-09-12T02:45:20Z</time></trkpt>
<trkpt lat="37.186165" lon="-118.735612"><ele>2975.6</ele><time>2024-09-12T02:46:15Z</time></trkpt>
<trkpt lat="37.186255" lon="-118.735572"><ele>2976.6</ele><time>2024-09-12T02:46:26Z</time></trkpt>
<trkpt lat="37.186304" lon="-118.735749"><ele>2977.2</ele><time>2024-09-12T02:46:36Z</time></trkpt>
<trkpt lat="37.186342" lon="-118.735941"><ele>2976.2</ele><time>2024-09-12T02:46:48Z</time></trkpt>
<trkpt lat="37.186107" lon="-118.736307"><ele>2972.0</ele><time>2024-09-12T02:47:32Z</time></trkpt>
<trkpt lat="37.186114" lon="-118.736740"><ele>2965.2</ele><time>2024-09-12T02:48:17Z</time></trkpt>
<trkpt lat="37.186164" lon="-118.736789"><ele>2965.2</ele><time>2024-09-12T02:48:21Z</time></trkpt>
<trkpt lat="37.186129" lon="-118.736736"><ele>2965.2</ele><time>2024-09-12T02:48:23Z</time></trkpt>
<trkpt lat="37.186123" lon="-118.736870"><ele>2966.0</ele><time>2024-09-12T02:48:35Z</time></trkpt>
<trkpt lat="37.186454" lon="-118.737361"><ele>2964.0</ele><time>2024-09-12T02:49:34Z</time></trkpt>
<trkpt lat="37.186997" lon="-118.737914"><ele>2964.4</ele><time>2024-09-12T02:50:29Z</time></trkpt>
<trkpt lat="37.187317" lon="-118.739064"><ele>2969.6</ele><time>2024-09-12T02:52:18Z</time></trkpt>
<trkpt lat="37.187295" lon="-118.739448"><ele>2967.0</ele><time>2024-09-12T02:52:36Z</time></trkpt>
<trkpt lat="37.187585" lon="-118.739939"><ele>2968.0</ele><time>2024-09-12T02:53:10Z</time></trkpt>
<trkpt lat="37.187607" lon="-118.740244"><ele>2970.8</ele><time>2024-09-12T02:53:48Z</time></trkpt>
<trkpt lat="37.187560" lon="-118.740426"><ele>2971.2</ele><time>2024-09-12T02:54:04Z</time></trkpt>
<trkpt lat="37.187635" lon="-118.740849"><ele>2971.8</ele><time>2024-09-12T02:54:27Z</time></trkpt>
<trkpt lat="37.187731" lon="-118.741190"><ele>2964.2</ele><time>2024-09-12T02:55:22Z</time></trkpt>
<trkpt lat="37.187798" lon="-118.741821"><ele>2961.8</ele><time>2024-09-12T02:56:17Z</time></trkpt>
<trkpt lat="37.188003" lon="-118.742315"><ele>2961.2</ele><time>2024-09-12T02:56:25Z</time></trkpt>
<trkpt lat="37.187856" lon="-118.742564"><ele>2961.6</ele><time>2024-09-12T02:56:46Z</time></trkpt>
<trkpt lat="37.187843" lon="-118.742700"><ele>2960.8</ele><time>2024-09-12T02:57:10Z</time></trkpt>
<trkpt lat="37.187933" lon="-118.743429"><ele>2957.4</ele><time>2024-09-12T02:57:58Z</time></trkpt>
<trkpt lat="37.188016" lon="-118.743866"><ele>2958.6</ele><time>2024-09-12T02:58:16Z</time></trkpt>
<trkpt lat="37.188144" lon="-118.743893"><ele>2959.2</ele><time>2024-09-12T02:58:35Z</time></trkpt>
<trkpt lat="37.188309" lon="-118.744272"><ele>2964.0</ele><time>2024-09-12T02:59:41Z</time></trkpt>
<trkpt lat="37.188387" lon="-118.744736"><ele>2963.8</ele><time>2024-09-12T03:00:17Z</time></trkpt>
<trkpt lat="37.188523" lon="-118.745123"><ele>2963.8</ele><time>2024-09-12T03:00:22Z</time></trkpt>
<trkpt lat="37.188509" lon="-118.745330"><ele>2962.4</ele><time>2024-09-12T03:00:32Z</time></trkpt>
<trkpt lat="37.188339" lon="-118.745753"><ele>2959.6</ele><time>2024-09-12T03:01:09Z</time></trkpt>
<trkpt lat="37.188495" lon="-118.746581"><ele>2960.2</ele><time>2024-09-12T03:02:19Z</time></trkpt>
<trkpt lat="37.188414" lon="-118.746586"><ele>2959.8</ele><time>2024-09-12T03:02:22Z</time></trkpt>
<trkpt lat="37.188398" lon="-118.746724"><ele>2958.4</ele><time>2024-09-12T03:02:31Z</time></trkpt>
<trkpt lat="37.188506" lon="-118.746867"><ele>2956.6</ele><time>2024-09-12T03:02:42Z</time></trkpt>
<trkpt lat="37.188379" lon="-118.747059"><ele>2956.2</ele><time>2024-09-12T03:02:56Z</time></trkpt>
<trkpt lat="37.188386" lon="-118.747258"><ele>2957.4</ele><time>2024-09-12T03:03:18Z</time></trkpt>
<trkpt lat="37.188280" lon="-118.747549"><ele>2955.4</ele><time>2024-09-12T03:04:22Z</time></trkpt>
<trkpt lat="37.188319" lon="-118.747674"><ele>2955.2</ele><time>2024-09-12T03:04:24Z</time></trkpt>
<trkpt lat="37.188393" lon="-118.747674"><ele>2953.0</ele><time>2024-09-12T03:04:34Z</time></trkpt>
<trkpt lat="37.188404" lon="-118.747779"><ele>2952.4</ele><time>2024-09-12T03:04:41Z</time></trkpt>
<trkpt lat="37.188276" lon="-118.747837"><ele>2950.8</ele><time>2024-09-12T03:04:57Z</time></trkpt>
<trkpt lat="37.188291" lon="-118.748057"><ele>2948.8</ele><time>2024-09-12T03:05:13Z</time></trkpt>
<trkpt lat="37.188524" lon="-118.748577"><ele>2947.8</ele><time>2024-09-12T03:05:59Z</time></trkpt>
<trkpt lat="37.188534" lon="-118.749238"><ele>2947.0</ele><time>2024-09-12T03:06:30Z</time></trkpt>
<trkpt lat="37.188650" lon="-118.749473"><ele>2946.6</ele><time>2024-09-12T03:06:52Z</time></trkpt>
<trkpt lat="37.188651" lon="-118.749637"><ele>2942.8</ele><time>2024-09-12T03:07:20Z</time></trkpt>
<trkpt lat="37.188568" lon="-118.749795"><ele>2939.4</ele><time>2024-09-12T03:07:40Z</time></trkpt>
<trkpt lat="37.188782" lon="-118.749892"><ele>2937.2</ele><time>2024-09-12T03:08:02Z</time></trkpt>
<trkpt lat="37.188770" lon="-118.750103"><ele>2936.0</ele><time>2024-09-12T03:08:21Z</time></trkpt>
<trkpt lat="37.188772" lon="-118.750052"><ele>2936.0</ele><time>2024-09-12T03:08:24Z</time></trkpt>
<trkpt lat="37.188921" lon="-118.750862"><ele>2927.4</ele><time>2024-09-12T03:09:29Z</time></trkpt>
<trkpt lat="37.188786" lon="-118.751635"><ele>2921.4</ele><time>2024-09-12T03:10:19Z</time></trkpt>
<trkpt lat="37.188820" lon="-118.751793"><ele>2921.6</ele><time>2024-09-12T03:10:23Z</time></trkpt>
<trkpt lat="37.188790" lon="-118.751561"><ele>2921.8</ele><time>2024-09-12T03:10:28Z</time></trkpt>
<trkpt lat="37.189043" lon="-118.752116"><ele>2921.8</ele><time>2024-09-12T03:11:31Z</time></trkpt>
<trkpt lat="37.189139" lon="-118.752200"><ele>2920.2</ele><time>2024-09-12T03:11:41Z</time></trkpt>
<trkpt lat="37.189256" lon="-118.752837"><ele>2917.6</ele><time>2024-09-12T03:12:17Z</time></trkpt>
<trkpt lat="37.189232" lon="-118.753609"><ele>2913.6</ele><time>2024-09-12T03:13:23Z</time></trkpt>
<trkpt lat="37.189288" lon="-118.754396"><ele>2916.6</ele><time>2024-09-12T03:14:59Z</time></trkpt>
<trkpt lat="37.189435" lon="-118.754794"><ele>2914.2</ele><time>2024-09-12T03:15:49Z</time></trkpt>
<trkpt lat="37.189743" lon="-118.754110"><ele>2912.2</ele><time>2024-09-12T03:16:17Z</time></trkpt>
<trkpt lat="37.189731" lon="-118.755175"><ele>2912.0</ele><time>2024-09-12T03:16:19Z</time></trkpt>
<trkpt lat="37.189871" lon="-118.755155"><ele>2910.8</ele><time>2024-09-12T03:16:24Z</time></trkpt>
<trkpt lat="37.189940" lon="-118.755227"><ele>2910.0</ele><time>2024-09-12T03:16:32Z</time></trkpt>
<trkpt lat="37.189906" lon="-118.755748"><ele>2907.2</ele><time>2024-09-12T03:17:19Z</time></trkpt>
<trkpt lat="37.190092" lon="-118.756490"><ele>2906.4</ele><time>2024-09-12T03:18:19Z</time></trkpt>
<trkpt lat="37.190235" lon="-118.756638"><ele>2907.4</ele><time>2024-09-12T03:18:34Z</time></trkpt>
<trkpt lat="37.190390" lon="-118.757167"><ele>2910.6</ele><time>2024-09-12T03:19:15Z</time></trkpt>
<trkpt lat="37.190506" lon="-118.757408"><ele>2908.4</ele><time>2024-09-12T03:19:49Z</time></trkpt>
<trkpt lat="37.190906" lon="-118.757786"><ele>2907.0</ele><time>2024-09-12T03:20:19Z</time></trkpt>
<trkpt lat="37.190837" lon="-118.757649"><ele>2906.8</ele><time>2024-09-12T03:20:21Z</time></trkpt>
<trkpt lat="37.191362" lon="-118.758559"><ele>2906.0</ele><time>2024-09-12T03:22:18Z</time></trkpt>
<trkpt lat="37.191235" lon="-118.759592"><ele>2902.0</ele><time>2024-09-12T03:23:51Z</time></trkpt>
<trkpt lat="37.191180" lon="-118.759651"><ele>2901.4</ele><time>2024-09-12T03:23:59Z</time></trkpt>
<trkpt lat="37.191257" lon="-118.759988"><ele>2900.4</ele><time>2024-09-12T03:24:17Z</time></trkpt>
<trkpt lat="37.191634" lon="-118.760509"><ele>2895.4</ele><time>2024-09-12T03:24:56Z</time></trkpt>
<trkpt lat="37.191646" lon="-118.761432"><ele>2893.0</ele><time>2024-09-12T03:26:16Z</time></trkpt>
<trkpt lat="37.191697" lon="-118.761663"><ele>2892.8</ele><time>2024-09-12T03:26:31Z</time></trkpt>
<trkpt lat="37.191895" lon="-118.762179"><ele>2892.6</ele><time>2024-09-12T03:27:10Z</time></trkpt>
<trkpt lat="37.191894" lon="-118.762331"><ele>2891.4</ele><time>2024-09-12T03:27:24Z</time></trkpt>
<trkpt lat="37.192052" lon="-118.762819"><ele>2887.6</ele><time>2024-09-12T03:28:12Z</time></trkpt>
<trkpt lat="37.192103" lon="-118.762918"><ele>2886.4</ele><time>2024-09-12T03:28:20Z</time></trkpt>
<trkpt lat="37.192144" lon="-118.762828"><ele>2886.2</ele><time>2024-09-12T03:28:26Z</time></trkpt>
<trkpt lat="37.192245" lon="-118.762952"><ele>2886.6</ele><time>2024-09-12T03:28:40Z</time></trkpt>
<trkpt lat="37.192384" lon="-118.764234"><ele>2880.0</ele><time>2024-09-12T03:30:23Z</time></trkpt>
<trkpt lat="37.192303" lon="-118.764176"><ele>2878.6</ele><time>2024-09-12T03:30:30Z</time></trkpt>
<trkpt lat="37.192368" lon="-118.764594"><ele>2876.6</ele><time>2024-09-12T03:30:54Z</time></trkpt>
<trkpt lat="37.192239" lon="-118.764728"><ele>2874.4</ele><time>2024-09-12T03:31:26Z</time></trkpt>
<trkpt lat="37.192346" lon="-118.765081"><ele>2868.4</ele><time>2024-09-12T03:32:17Z</time></trkpt>
<trkpt lat="37.192569" lon="-118.765060"><ele>2868.0</ele><time>2024-09-12T03:32:24Z</time></trkpt>
<trkpt lat="37.192574" lon="-118.764957"><ele>2867.8</ele><time>2024-09-12T03:32:28Z</time></trkpt>
<trkpt lat="37.192482" lon="-118.764938"><ele>2867.4</ele><time>2024-09-12T03:32:31Z</time></trkpt>
<trkpt lat="37.192671" lon="-118.765194"><ele>2865.4</ele><time>2024-09-12T03:33:02Z</time></trkpt>
<trkpt lat="37.192994" lon="-118.766060"><ele>2864.0</ele><time>2024-09-12T03:34:17Z</time></trkpt>
<trkpt lat="37.192956" lon="-118.765947"><ele>2862.6</ele><time>2024-09-12T03:34:27Z</time></trkpt>
<trkpt lat="37.193069" lon="-118.767494"><ele>2858.2</ele><time>2024-09-12T03:36:20Z</time></trkpt>
<trkpt lat="37.193002" lon="-118.767368"><ele>2857.2</ele><time>2024-09-12T03:36:26Z</time></trkpt>
<trkpt lat="37.192937" lon="-118.767964"><ele>2848.8</ele><time>2024-09-12T03:37:24Z</time></trkpt>
<trkpt lat="37.193009" lon="-118.768411"><ele>2846.4</ele><time>2024-09-12T03:38:18Z</time></trkpt>
<trkpt lat="37.193172" lon="-118.768674"><ele>2846.2</ele><time>2024-09-12T03:38:25Z</time></trkpt>
<trkpt lat="37.193317" lon="-118.769187"><ele>2841.4</ele><time>2024-09-12T03:39:16Z</time></trkpt>
<trkpt lat="37.193549" lon="-118.769569"><ele>2839.4</ele><time>2024-09-12T03:40:20Z</time></trkpt>
<trkpt lat="37.193510" lon="-118.769647"><ele>2838.8</ele><time>2024-09-12T03:40:22Z</time></trkpt>
<trkpt lat="37.193633" lon="-118.769527"><ele>2837.8</ele><time>2024-09-12T03:40:26Z</time></trkpt>
<trkpt lat="37.194143" lon="-118.770838"><ele>2831.0</ele><time>2024-09-12T03:42:11Z</time></trkpt>
<trkpt lat="37.194189" lon="-118.771103"><ele>2830.8</ele><time>2024-09-12T03:42:18Z</time></trkpt>
<trkpt lat="37.193944" lon="-118.770854"><ele>2830.8</ele><time>2024-09-12T03:42:22Z</time></trkpt>
<trkpt lat="37.193935" lon="-118.771041"><ele>2830.8</ele><time>2024-09-12T03:42:32Z</time></trkpt>
<trkpt lat="37.194788" lon="-118.772369"><ele>2831.0</ele><time>2024-09-12T03:43:33Z</time></trkpt>
<trkpt lat="37.195314" lon="-118.773112"><ele>2825.8</ele><time>2024-09-12T03:44:18Z</time></trkpt>
<trkpt lat="37.194725" lon="-118.772456"><ele>2825.2</ele><time>2024-09-12T03:44:23Z</time></trkpt>
<trkpt lat="37.194542" lon="-118.772137"><ele>2825.0</ele><time>2024-09-12T03:44:28Z</time></trkpt>
<trkpt lat="37.194509" lon="-118.772169"><ele>2824.8</ele><time>2024-09-12T03:44:31Z</time></trkpt>
<trkpt lat="37.194563" lon="-118.772225"><ele>2824.0</ele><time>2024-09-12T03:44:37Z</time></trkpt>
<trkpt lat="37.194273" lon="-118.772483"><ele>2823.0</ele><time>2024-09-12T03:45:01Z</time></trkpt>
<trkpt lat="37.194042" lon="-118.772537"><ele>2821.2</ele><time>2024-09-12T03:46:21Z</time></trkpt>
<trkpt lat="37.194126" lon="-118.772620"><ele>2821.0</ele><time>2024-09-12T03:46:24Z</time></trkpt>
<trkpt lat="37.194491" lon="-118.772455"><ele>2819.4</ele><time>2024-09-12T03:46:38Z</time></trkpt>
<trkpt lat="37.194831" lon="-118.772935"><ele>2820.0</ele><time>2024-09-12T03:47:51Z</time></trkpt>
<trkpt lat="37.195271" lon="-118.773238"><ele>2820.0</ele><time>2024-09-12T03:48:20Z</time></trkpt>
<trkpt lat="37.195224" lon="-118.773327"><ele>2819.8</ele><time>2024-09-12T03:48:23Z</time></trkpt>
<trkpt lat="37.195286" lon="-118.773005"><ele>2819.8</ele><time>2024-09-12T03:48:26Z</time></trkpt>
<trkpt lat="37.195232" lon="-118.773026"><ele>2819.8</ele><time>2024-09-12T03:48:34Z</time></trkpt>
<trkpt lat="37.195249" lon="-118.773085"><ele>2821.0</ele><time>2024-09-12T03:48:55Z</time></trkpt>
<trkpt lat="37.195494" lon="-118.773162"><ele>2822.2</ele><time>2024-09-12T03:49:27Z</time></trkpt>
<trkpt lat="37.195564" lon="-118.773475"><ele>2822.2</ele><time>2024-09-12T03:50:26Z</time></trkpt>
<trkpt lat="37.195514" lon="-118.773472"><ele>2822.2</ele><time>2024-09-12T03:50:30Z</time></trkpt>
<trkpt lat="37.195535" lon="-118.773339"><ele>2821.4</ele><time>2024-09-12T03:51:49Z</time></trkpt>
<trkpt lat="37.195596" lon="-118.773305"><ele>2822.0</ele><time>2024-09-12T03:52:21Z</time></trkpt>
<trkpt lat="37.195545" lon="-118.773257"><ele>2822.0</ele><time>2024-09-12T03:52:22Z</time></trkpt>
<trkpt lat="37.195507" lon="-118.773356"><ele>2821.6</ele><time>2024-09-12T03:52:27Z</time></trkpt>
<trkpt lat="37.195591" lon="-118.773458"><ele>2820.4</ele><time>2024-09-12T03:54:21Z</time></trkpt>
<trkpt lat="37.195472" lon="-118.773387"><ele>2820.0</ele><time>2024-09-12T03:54:25Z</time></trkpt>
<trkpt lat="37.195627" lon="-118.773467"><ele>2820.4</ele><time>2024-09-12T03:56:20Z</time></trkpt>
<trkpt lat="37.195604" lon="-118.773516"><ele>2820.4</ele><time>2024-09-12T03:56:21Z</time></trkpt>
<trkpt lat="37.195636" lon="-118.773431"><ele>2820.2</ele><time>2024-09-12T03:56:30Z</time></trkpt>
<trkpt lat="37.195702" lon="-118.773436"><ele>2819.6</ele><time>2024-09-12T03:56:35Z</time></trkpt>
<trkpt lat="37.195664" lon="-118.773353"><ele>2819.2</ele><time>2024-09-12T03:58:27Z</time></trkpt>
<trkpt lat="37.195621" lon="-118.773395"><ele>2819.4</ele><time>2024-09-12T03:58:38Z</time></trkpt>
</trkseg></trk>
</gpx>
