<?xml version="1.0" encoding="UTF-8"?>
<gpx version="1.1" creator="Eric Sichak trip reports" xmlns="http://www.topografix.com/GPX/1/1">
<metadata><name>PCT Day 151/Tahoe Rim Trail Day 5</name><time>2024-09-19T12:01:45Z</time></metadata>
<trk><name>PCT Day 151/Tahoe Rim Trail Day 5</name><type>hike</type><trkseg>
<trkpt lat="39.267307" lon="-120.054361"><ele>2279.6</ele><time>2024-09-19T12:01:45Z</time></trkpt>
<trkpt lat="39.267293" lon="-120.054431"><ele>2279.6</ele><time>2024-09-19T12:01:46Z</time></trkpt>
<trkpt lat="39.267444" lon="-120.054647"><ele>2279.6</ele><time>2024-09-19T12:01:52Z</time></trkpt>
<trkpt lat="39.267379" lon="-120.054641"><ele>2279.2</ele><time>2024-09-19T12:01:59Z</time></trkpt>
<trkpt lat="39.267353" lon="-120.054510"><ele>2279.0</ele><time>2024-09-19T12:02:11Z</time></trkpt>
<trkpt lat="39.267422" lon="-120.053265"><ele>2273.4</ele><time>2024-09-19T12:03:45Z</time></trkpt>
<trkpt lat="39.267395" lon="-120.053334"><ele>2273.4</ele><time>2024-09-19T12:03:46Z</time></trkpt>
<trkpt lat="39.267472" lon="-120.053364"><ele>2273.0</ele><time>2024-09-19T12:03:47Z</time></trkpt>
<trkpt lat="39.267374" lon="-120.053110"><ele>2271.0</ele><time>2024-09-19T12:04:07Z</time></trkpt>
<trkpt lat="39.268062" lon="-120.053286"><ele>2267.8</ele><time>2024-09-19T12:05:11Z</time></trkpt>
<trkpt lat="39.268303" lon="-120.053152"><ele>2264.8</ele><time>2024-09-19T12:05:43Z</time></trkpt>
<trkpt lat="39.268915" lon="-120.051256"><ele>2267.4</ele><time>2024-09-19T12:07:49Z</time></trkpt>
<trkpt lat="39.268973" lon="-120.051270"><ele>2267.6</ele><time>2024-09-19T12:07:52Z</time></trkpt>
<trkpt lat="39.269489" lon="-120.050176"><ele>2275.0</ele><time>2024-09-19T12:09:38Z</time></trkpt>
<trkpt lat="39.269650" lon="-120.050008"><ele>2275.4</ele><time>2024-09-19T12:09:43Z</time></trkpt>
<trkpt lat="39.269580" lon="-120.049588"><ele>2277.0</ele><time>2024-09-19T12:09:56Z</time></trkpt>
<trkpt lat="39.269877" lon="-120.048869"><ele>2281.2</ele><time>2024-09-19T12:10:55Z</time></trkpt>
<trkpt lat="39.270067" lon="-120.048036"><ele>2288.6</ele><time>2024-09-19T12:11:46Z</time></trkpt>
<trkpt lat="39.270238" lon="-120.048046"><ele>2289.6</ele><time>2024-09-19T12:11:57Z</time></trkpt>
<trkpt lat="39.271019" lon="-120.046621"><ele>2303.0</ele><time>2024-09-19T12:13:52Z</time></trkpt>
<trkpt lat="39.271185" lon="-120.046727"><ele>2303.6</ele><time>2024-09-19T12:14:00Z</time></trkpt>
<trkpt lat="39.271169" lon="-120.046653"><ele>2303.8</ele><time>2024-09-19T12:14:02Z</time></trkpt>
<trkpt lat="39.272030" lon="-120.045844"><ele>2312.0</ele><time>2024-09-19T12:15:49Z</time></trkpt>
<trkpt lat="39.272357" lon="-120.046160"><ele>2313.2</ele><time>2024-09-19T12:16:00Z</time></trkpt>
<trkpt lat="39.272331" lon="-120.046098"><ele>2313.6</ele><time>2024-09-19T12:16:03Z</time></trkpt>
<trkpt lat="39.272512" lon="-120.046429"><ele>2317.2</ele><time>2024-09-19T12:17:15Z</time></trkpt>
<trkpt lat="39.273244" lon="-120.047115"><ele>2319.0</ele><time>2024-09-19T12:17:57Z</time></trkpt>
<trkpt lat="39.273362" lon="-120.047344"><ele>2319.0</ele><time>2024-09-19T12:18:01Z</time></trkpt>
<trkpt lat="39.273597" lon="-120.047085"><ele>2320.0</ele><time>2024-09-19T12:18:16Z</time></trkpt>
<trkpt lat="39.274404" lon="-120.047224"><ele>2323.2</ele><time>2024-09-19T12:19:49Z</time></trkpt>
<trkpt lat="39.274418" lon="-120.047163"><ele>2323.0</ele><time>2024-09-19T12:19:50Z</time></trkpt>
<trkpt lat="39.274699" lon="-120.047410"><ele>2323.0</ele><time>2024-09-19T12:19:57Z</time></trkpt>
<trkpt lat="39.274874" lon="-120.047401"><ele>2321.0</ele><time>2024-09-19T12:20:15Z</time></trkpt>
<trkpt lat="39.275224" lon="-120.047209"><ele>2319.0</ele><time>2024-09-19T12:20:41Z</time></trkpt>
<trkpt lat="39.275224" lon="-120.047283"><ele>2318.2</ele><time>2024-09-19T12:20:48Z</time></trkpt>
<trkpt lat="39.275643" lon="-120.047731"><ele>2310.8</ele><time>2024-09-19T12:21:40Z</time></trkpt>
<trkpt lat="39.276032" lon="-120.047907"><ele>2306.6</ele><time>2024-09-19T12:22:16Z</time></trkpt>
<trkpt lat="39.276129" lon="-120.048052"><ele>2304.0</ele><time>2024-09-19T12:22:52Z</time></trkpt>
<trkpt lat="39.276232" lon="-120.048056"><ele>2302.4</ele><time>2024-09-19T12:22:59Z</time></trkpt>
<trkpt lat="39.276555" lon="-120.047377"><ele>2302.6</ele><time>2024-09-19T12:23:33Z</time></trkpt>
<trkpt lat="39.276667" lon="-120.046746"><ele>2308.8</ele><time>2024-09-19T12:24:39Z</time></trkpt>
<trkpt lat="39.276646" lon="-120.046477"><ele>2310.6</ele><time>2024-09-19T12:24:51Z</time></trkpt>
<trkpt lat="39.276786" lon="-120.046606"><ele>2310.8</ele><time>2024-09-19T12:24:52Z</time></trkpt>
<trkpt lat="39.276694" lon="-120.046596"><ele>2311.0</ele><time>2024-09-19T12:24:53Z</time></trkpt>
<trkpt lat="39.276690" lon="-120.046500"><ele>2311.6</ele><time>2024-09-19T12:24:58Z</time></trkpt>
<trkpt lat="39.276744" lon="-120.046716"><ele>2312.2</ele><time>2024-09-19T12:25:02Z</time></trkpt>
<trkpt lat="39.276612" lon="-120.045518"><ele>2322.4</ele><time>2024-09-19T12:26:17Z</time></trkpt>
<trkpt lat="39.276458" lon="-120.044702"><ele>2326.4</ele><time>2024-09-19T12:26:47Z</time></trkpt>
<trkpt lat="39.276755" lon="-120.045084"><ele>2327.0</ele><time>2024-09-19T12:26:52Z</time></trkpt>
<trkpt lat="39.276924" lon="-120.045039"><ele>2328.0</ele><time>2024-09-19T12:27:01Z</time></trkpt>
<trkpt lat="39.276925" lon="-120.045166"><ele>2328.4</ele><time>2024-09-19T12:27:07Z</time></trkpt>
<trkpt lat="39.277024" lon="-120.045105"><ele>2329.6</ele><time>2024-09-19T12:27:14Z</time></trkpt>
<trkpt lat="39.277112" lon="-120.044847"><ele>2332.8</ele><time>2024-09-19T12:27:31Z</time></trkpt>
<trkpt lat="39.277078" lon="-120.044669"><ele>2334.8</ele><time>2024-09-19T12:27:48Z</time></trkpt>
<trkpt lat="39.277151" lon="-120.043965"><ele>2339.2</ele><time>2024-09-19T12:28:24Z</time></trkpt>
<trkpt lat="39.277227" lon="-120.043382"><ele>2350.2</ele><time>2024-09-19T12:29:40Z</time></trkpt>
<trkpt lat="39.277351" lon="-120.043155"><ele>2351.0</ele><time>2024-09-19T12:29:45Z</time></trkpt>
<trkpt lat="39.277149" lon="-120.042998"><ele>2351.6</ele><time>2024-09-19T12:29:47Z</time></trkpt>
<trkpt lat="39.277221" lon="-120.043016"><ele>2351.6</ele><time>2024-09-19T12:29:48Z</time></trkpt>
<trkpt lat="39.277181" lon="-120.042861"><ele>2352.2</ele><time>2024-09-19T12:29:51Z</time></trkpt>
<trkpt lat="39.277292" lon="-120.042980"><ele>2354.0</ele><time>2024-09-19T12:30:02Z</time></trkpt>
<trkpt lat="39.277581" lon="-120.042313"><ele>2360.4</ele><time>2024-09-19T12:30:42Z</time></trkpt>
<trkpt lat="39.277550" lon="-120.042388"><ele>2360.4</ele><time>2024-09-19T12:30:43Z</time></trkpt>
<trkpt lat="39.277475" lon="-120.042283"><ele>2361.6</ele><time>2024-09-19T12:30:55Z</time></trkpt>
<trkpt lat="39.277785" lon="-120.041813"><ele>2374.0</ele><time>2024-09-19T12:32:15Z</time></trkpt>
<trkpt lat="39.278256" lon="-120.041061"><ele>2378.4</ele><time>2024-09-19T12:32:56Z</time></trkpt>
<trkpt lat="39.278762" lon="-120.040956"><ele>2385.8</ele><time>2024-09-19T12:33:50Z</time></trkpt>
<trkpt lat="39.278850" lon="-120.040996"><ele>2386.8</ele><time>2024-09-19T12:34:01Z</time></trkpt>
<trkpt lat="39.278652" lon="-120.041002"><ele>2393.4</ele><time>2024-09-19T12:34:46Z</time></trkpt>
<trkpt lat="39.278841" lon="-120.040907"><ele>2397.8</ele><time>2024-09-19T12:35:14Z</time></trkpt>
<trkpt lat="39.277943" lon="-120.042100"><ele>2399.8</ele><time>2024-09-19T12:35:48Z</time></trkpt>
<trkpt lat="39.279008" lon="-120.040959"><ele>2399.8</ele><time>2024-09-19T12:35:50Z</time></trkpt>
<trkpt lat="39.279298" lon="-120.041569"><ele>2400.0</ele><time>2024-09-19T12:35:52Z</time></trkpt>
<trkpt lat="39.279734" lon="-120.041605"><ele>2400.2</ele><time>2024-09-19T12:35:56Z</time></trkpt>
<trkpt lat="39.279695" lon="-120.041686"><ele>2400.8</ele><time>2024-09-19T12:36:00Z</time></trkpt>
<trkpt lat="39.280158" lon="-120.042339"><ele>2404.4</ele><time>2024-09-19T12:36:29Z</time></trkpt>
<trkpt lat="39.280122" lon="-120.042307"><ele>2407.6</ele><time>2024-09-19T12:36:55Z</time></trkpt>
<trkpt lat="39.280415" lon="-120.042280"><ele>2412.0</ele><time>2024-09-19T12:37:45Z</time></trkpt>
<trkpt lat="39.280095" lon="-120.042330"><ele>2412.2</ele><time>2024-09-19T12:37:46Z</time></trkpt>
<trkpt lat="39.280871" lon="-120.042103"><ele>2412.6</ele><time>2024-09-19T12:37:48Z</time></trkpt>
<trkpt lat="39.280236" lon="-120.042281"><ele>2413.0</ele><time>2024-09-19T12:37:52Z</time></trkpt>
<trkpt lat="39.280609" lon="-120.042347"><ele>2413.4</ele><time>2024-09-19T12:37:57Z</time></trkpt>
<trkpt lat="39.280783" lon="-120.042663"><ele>2413.8</ele><time>2024-09-19T12:38:07Z</time></trkpt>
<trkpt lat="39.281111" lon="-120.042790"><ele>2415.2</ele><time>2024-09-19T12:38:34Z</time></trkpt>
<trkpt lat="39.281672" lon="-120.042743"><ele>2418.6</ele><time>2024-09-19T12:39:41Z</time></trkpt>
<trkpt lat="39.282217" lon="-120.042386"><ele>2421.8</ele><time>2024-09-19T12:40:27Z</time></trkpt>
<trkpt lat="39.282369" lon="-120.042370"><ele>2422.2</ele><time>2024-09-19T12:40:37Z</time></trkpt>
<trkpt lat="39.282618" lon="-120.042090"><ele>2424.4</ele><time>2024-09-19T12:41:01Z</time></trkpt>
<trkpt lat="39.283157" lon="-120.040689"><ele>2435.0</ele><time>2024-09-19T12:42:55Z</time></trkpt>
<trkpt lat="39.283071" lon="-120.040615"><ele>2435.2</ele><time>2024-09-19T12:43:02Z</time></trkpt>
<trkpt lat="39.283089" lon="-120.040234"><ele>2437.2</ele><time>2024-09-19T12:43:19Z</time></trkpt>
<trkpt lat="39.282974" lon="-120.039141"><ele>2448.4</ele><time>2024-09-19T12:44:52Z</time></trkpt>
<trkpt lat="39.282597" lon="-120.038366"><ele>2453.0</ele><time>2024-09-19T12:45:37Z</time></trkpt>
<trkpt lat="39.282085" lon="-120.037504"><ele>2462.0</ele><time>2024-09-19T12:46:58Z</time></trkpt>
<trkpt lat="39.281571" lon="-120.036028"><ele>2474.8</ele><time>2024-09-19T12:48:54Z</time></trkpt>
<trkpt lat="39.281609" lon="-120.036026"><ele>2475.0</ele><time>2024-09-19T12:48:55Z</time></trkpt>
<trkpt lat="39.281563" lon="-120.035929"><ele>2475.4</ele><time>2024-09-19T12:48:58Z</time></trkpt>
<trkpt lat="39.281567" lon="-120.036037"><ele>2475.8</ele><time>2024-09-19T12:49:05Z</time></trkpt>
<trkpt lat="39.281514" lon="-120.035976"><ele>2476.4</ele><time>2024-09-19T12:49:11Z</time></trkpt>
<trkpt lat="39.281473" lon="-120.035488"><ele>2480.6</ele><time>2024-09-19T12:49:43Z</time></trkpt>
<trkpt lat="39.281302" lon="-120.035302"><ele>2482.4</ele><time>2024-09-19T12:50:01Z</time></trkpt>
<trkpt lat="39.281184" lon="-120.034368"><ele>2491.0</ele><time>2024-09-19T12:51:15Z</time></trkpt>
<trkpt lat="39.281080" lon="-120.034155"><ele>2493.0</ele><time>2024-09-19T12:51:39Z</time></trkpt>
<trkpt lat="39.281028" lon="-120.033657"><ele>2493.8</ele><time>2024-09-19T12:51:52Z</time></trkpt>
<trkpt lat="39.281006" lon="-120.033870"><ele>2494.0</ele><time>2024-09-19T12:51:55Z</time></trkpt>
<trkpt lat="39.280959" lon="-120.033756"><ele>2494.4</ele><time>2024-09-19T12:52:01Z</time></trkpt>
<trkpt lat="39.280799" lon="-120.032374"><ele>2505.4</ele><time>2024-09-19T12:53:46Z</time></trkpt>
<trkpt lat="39.280675" lon="-120.032542"><ele>2505.4</ele><time>2024-09-19T12:53:48Z</time></trkpt>
<trkpt lat="39.280754" lon="-120.032320"><ele>2506.0</ele><time>2024-09-19T12:53:52Z</time></trkpt>
<trkpt lat="39.280672" lon="-120.032294"><ele>2506.6</ele><time>2024-09-19T12:53:55Z</time></trkpt>
<trkpt lat="39.280389" lon="-120.031152"><ele>2516.2</ele><time>2024-09-19T12:55:28Z</time></trkpt>
<trkpt lat="39.280207" lon="-120.030883"><ele>2519.6</ele><time>2024-09-19T12:55:46Z</time></trkpt>
<trkpt lat="39.280470" lon="-120.030781"><ele>2519.6</ele><time>2024-09-19T12:55:47Z</time></trkpt>
<trkpt lat="39.280513" lon="-120.030850"><ele>2519.2</ele><time>2024-09-19T12:55:51Z</time></trkpt>
<trkpt lat="39.280241" lon="-120.031064"><ele>2518.8</ele><time>2024-09-19T12:55:58Z</time></trkpt>
<trkpt lat="39.280257" lon="-120.031156"><ele>2518.4</ele><time>2024-09-19T12:56:05Z</time></trkpt>
<trkpt lat="39.280141" lon="-120.030878"><ele>2520.4</ele><time>2024-09-19T12:56:57Z</time></trkpt>
<trkpt lat="39.280312" lon="-120.030787"><ele>2521.0</ele><time>2024-09-19T12:57:22Z</time></trkpt>
<trkpt lat="39.280730" lon="-120.030772"><ele>2526.6</ele><time>2024-09-19T12:58:12Z</time></trkpt>
<trkpt lat="39.281348" lon="-120.030478"><ele>2531.8</ele><time>2024-09-19T12:59:02Z</time></trkpt>
<trkpt lat="39.281616" lon="-120.030473"><ele>2533.6</ele><time>2024-09-19T12:59:17Z</time></trkpt>
<trkpt lat="39.281981" lon="-120.030607"><ele>2533.8</ele><time>2024-09-19T12:59:43Z</time></trkpt>
<trkpt lat="39.282468" lon="-120.030942"><ele>2535.2</ele><time>2024-09-19T13:00:49Z</time></trkpt>
<trkpt lat="39.282559" lon="-120.030895"><ele>2535.4</ele><time>2024-09-19T13:00:50Z</time></trkpt>
<trkpt lat="39.282539" lon="-120.030960"><ele>2535.8</ele><time>2024-09-19T13:00:56Z</time></trkpt>
<trkpt lat="39.282591" lon="-120.030931"><ele>2536.2</ele><time>2024-09-19T13:00:58Z</time></trkpt>
<trkpt lat="39.283495" lon="-120.031622"><ele>2543.0</ele><time>2024-09-19T13:02:50Z</time></trkpt>
<trkpt lat="39.283863" lon="-120.031228"><ele>2546.4</ele><time>2024-09-19T13:03:17Z</time></trkpt>
<trkpt lat="39.283841" lon="-120.031339"><ele>2547.4</ele><time>2024-09-19T13:03:30Z</time></trkpt>
<trkpt lat="39.283958" lon="-120.031315"><ele>2547.6</ele><time>2024-09-19T13:03:47Z</time></trkpt>
<trkpt lat="39.283942" lon="-120.031162"><ele>2547.6</ele><time>2024-09-19T13:03:53Z</time></trkpt>
<trkpt lat="39.284017" lon="-120.031020"><ele>2545.6</ele><time>2024-09-19T13:04:05Z</time></trkpt>
<trkpt lat="39.284294" lon="-120.030829"><ele>2539.8</ele><time>2024-09-19T13:04:38Z</time></trkpt>
<trkpt lat="39.285234" lon="-120.030540"><ele>2530.6</ele><time>2024-09-19T13:05:59Z</time></trkpt>
<trkpt lat="39.285687" lon="-120.030729"><ele>2527.8</ele><time>2024-09-19T13:06:14Z</time></trkpt>
<trkpt lat="39.285874" lon="-120.030738"><ele>2527.2</ele><time>2024-09-19T13:06:18Z</time></trkpt>
<trkpt lat="39.286154" lon="-120.030419"><ele>2527.2</ele><time>2024-09-19T13:06:32Z</time></trkpt>
<trkpt lat="39.286358" lon="-120.030629"><ele>2528.4</ele><time>2024-09-19T13:07:46Z</time></trkpt>
<trkpt lat="39.286327" lon="-120.030665"><ele>2528.0</ele><time>2024-09-19T13:07:50Z</time></trkpt>
<trkpt lat="39.286221" lon="-120.030545"><ele>2527.6</ele><time>2024-09-19T13:07:53Z</time></trkpt>
<trkpt lat="39.286347" lon="-120.030532"><ele>2527.4</ele><time>2024-09-19T13:07:55Z</time></trkpt>
<trkpt lat="39.286420" lon="-120.030334"><ele>2526.8</ele><time>2024-09-19T13:08:01Z</time></trkpt>
<trkpt lat="39.286746" lon="-120.029871"><ele>2526.0</ele><time>2024-09-19T13:08:15Z</time></trkpt>
<trkpt lat="39.287383" lon="-120.029604"><ele>2522.6</ele><time>2024-09-19T13:09:37Z</time></trkpt>
<trkpt lat="39.287322" lon="-120.029667"><ele>2521.6</ele><time>2024-09-19T13:09:51Z</time></trkpt>
<trkpt lat="39.287274" lon="-120.029599"><ele>2521.2</ele><time>2024-09-19T13:09:52Z</time></trkpt>
<trkpt lat="39.287532" lon="-120.029377"><ele>2519.6</ele><time>2024-09-19T13:10:03Z</time></trkpt>
<trkpt lat="39.287847" lon="-120.028657"><ele>2514.6</ele><time>2024-09-19T13:11:04Z</time></trkpt>
<trkpt lat="39.288015" lon="-120.028058"><ele>2513.6</ele><time>2024-09-19T13:11:51Z</time></trkpt>
<trkpt lat="39.288114" lon="-120.028022"><ele>2513.6</ele><time>2024-09-19T13:11:52Z</time></trkpt>
<trkpt lat="39.288180" lon="-120.027897"><ele>2513.4</ele><time>2024-09-19T13:12:01Z</time></trkpt>
<trkpt lat="39.289372" lon="-120.027127"><ele>2526.0</ele><time>2024-09-19T13:13:50Z</time></trkpt>
<trkpt lat="39.289378" lon="-120.027041"><ele>2526.6</ele><time>2024-09-19T13:14:01Z</time></trkpt>
<trkpt lat="39.289820" lon="-120.026454"><ele>2532.0</ele><time>2024-09-19T13:14:57Z</time></trkpt>
<trkpt lat="39.290211" lon="-120.025687"><ele>2536.0</ele><time>2024-09-19T13:15:51Z</time></trkpt>
<trkpt lat="39.290002" lon="-120.025603"><ele>2536.4</ele><time>2024-09-19T13:16:01Z</time></trkpt>
<trkpt lat="39.290051" lon="-120.024680"><ele>2543.4</ele><time>2024-09-19T13:17:25Z</time></trkpt>
<trkpt lat="39.289983" lon="-120.023904"><ele>2546.2</ele><time>2024-09-19T13:17:55Z</time></trkpt>
<trkpt lat="39.289898" lon="-120.023767"><ele>2547.4</ele><time>2024-09-19T13:18:05Z</time></trkpt>
<trkpt lat="39.289992" lon="-120.023283"><ele>2549.4</ele><time>2024-09-19T13:18:24Z</time></trkpt>
<trkpt lat="39.289963" lon="-120.023129"><ele>2552.8</ele><time>2024-09-19T13:19:04Z</time></trkpt>
<trkpt lat="39.289802" lon="-120.022937"><ele>2556.2</ele><time>2024-09-19T13:19:22Z</time></trkpt>
<trkpt lat="39.289734" lon="-120.022631"><ele>2556.8</ele><time>2024-09-19T13:19:46Z</time></trkpt>
<trkpt lat="39.290231" lon="-120.021911"><ele>2561.4</ele><time>2024-09-19T13:20:40Z</time></trkpt>
<trkpt lat="39.291160" lon="-120.020794"><ele>2560.8</ele><time>2024-09-19T13:22:30Z</time></trkpt>
<trkpt lat="39.291576" lon="-120.019694"><ele>2560.6</ele><time>2024-09-19T13:23:47Z</time></trkpt>
<trkpt lat="39.291555" lon="-120.018288"><ele>2568.0</ele><time>2024-09-19T13:25:47Z</time></trkpt>
<trkpt lat="39.291607" lon="-120.018293"><ele>2568.4</ele><time>2024-09-19T13:25:53Z</time></trkpt>
<trkpt lat="39.291489" lon="-120.018418"><ele>2568.0</ele><time>2024-09-19T13:26:06Z</time></trkpt>
<trkpt lat="39.291375" lon="-120.018141"><ele>2568.6</ele><time>2024-09-19T13:26:23Z</time></trkpt>
<trkpt lat="39.291077" lon="-120.017642"><ele>2578.8</ele><time>2024-09-19T13:27:31Z</time></trkpt>
<trkpt lat="39.291097" lon="-120.017398"><ele>2580.4</ele><time>2024-09-19T13:27:46Z</time></trkpt>
<trkpt lat="39.291069" lon="-120.017499"><ele>2580.6</ele><time>2024-09-19T13:27:49Z</time></trkpt>
<trkpt lat="39.291132" lon="-120.017576"><ele>2580.8</ele><time>2024-09-19T13:27:52Z</time></trkpt>
<trkpt lat="39.291241" lon="-120.017556"><ele>2582.0</ele><time>2024-09-19T13:28:06Z</time></trkpt>
<trkpt lat="39.291209" lon="-120.017381"><ele>2584.8</ele><time>2024-09-19T13:28:25Z</time></trkpt>
<trkpt lat="39.291011" lon="-120.017116"><ele>2591.8</ele><time>2024-09-19T13:29:33Z</time></trkpt>
<trkpt lat="39.290914" lon="-120.016884"><ele>2593.2</ele><time>2024-09-19T13:29:47Z</time></trkpt>
<trkpt lat="39.290010" lon="-120.015978"><ele>2605.6</ele><time>2024-09-19T13:31:47Z</time></trkpt>
<trkpt lat="39.289835" lon="-120.015359"><ele>2614.8</ele><time>2024-09-19T13:32:52Z</time></trkpt>
<trkpt lat="39.289048" lon="-120.013919"><ele>2616.6</ele><time>2024-09-19T13:35:47Z</time></trkpt>
<trkpt lat="39.288508" lon="-120.013734"><ele>2611.8</ele><time>2024-09-19T13:37:20Z</time></trkpt>
<trkpt lat="39.288168" lon="-120.013405"><ele>2610.8</ele><time>2024-09-19T13:38:01Z</time></trkpt>
<trkpt lat="39.286924" lon="-120.012757"><ele>2606.8</ele><time>2024-09-19T13:39:53Z</time></trkpt>
<trkpt lat="39.286878" lon="-120.012665"><ele>2605.6</ele><time>2024-09-19T13:40:01Z</time></trkpt>
<trkpt lat="39.285945" lon="-120.012536"><ele>2602.0</ele><time>2024-09-19T13:41:36Z</time></trkpt>
<trkpt lat="39.285003" lon="-120.012166"><ele>2602.8</ele><time>2024-09-19T13:42:44Z</time></trkpt>
<trkpt lat="39.284768" lon="-120.012241"><ele>2603.2</ele><time>2024-09-19T13:43:04Z</time></trkpt>
<trkpt lat="39.284045" lon="-120.012096"><ele>2605.0</ele><time>2024-09-19T13:44:08Z</time></trkpt>
<trkpt lat="39.283653" lon="-120.011745"><ele>2608.0</ele><time>2024-09-19T13:45:08Z</time></trkpt>
<trkpt lat="39.283469" lon="-120.011406"><ele>2612.8</ele><time>2024-09-19T13:45:48Z</time></trkpt>
<trkpt lat="39.282391" lon="-120.011032"><ele>2624.6</ele><time>2024-09-19T13:47:49Z</time></trkpt>
<trkpt lat="39.282175" lon="-120.011032"><ele>2625.6</ele><time>2024-09-19T13:48:03Z</time></trkpt>
<trkpt lat="39.281752" lon="-120.010894"><ele>2629.4</ele><time>2024-09-19T13:48:36Z</time></trkpt>
<trkpt lat="39.281058" lon="-120.010544"><ele>2634.0</ele><time>2024-09-19T13:49:49Z</time></trkpt>
<trkpt lat="39.280916" lon="-120.010318"><ele>2634.6</ele><time>2024-09-19T13:50:06Z</time></trkpt>
<trkpt lat="39.280777" lon="-120.009898"><ele>2635.8</ele><time>2024-09-19T13:50:28Z</time></trkpt>
<trkpt lat="39.280536" lon="-120.008699"><ele>2648.2</ele><time>2024-09-19T13:52:00Z</time></trkpt>
<trkpt lat="39.280353" lon="-120.008460"><ele>2656.6</ele><time>2024-09-19T13:53:16Z</time></trkpt>
<trkpt lat="39.280476" lon="-120.007933"><ele>2661.0</ele><time>2024-09-19T13:53:49Z</time></trkpt>
<trkpt lat="39.280598" lon="-120.008000"><ele>2662.0</ele><time>2024-09-19T13:54:02Z</time></trkpt>
<trkpt lat="39.281313" lon="-120.007914"><ele>2669.2</ele><time>2024-09-19T13:55:04Z</time></trkpt>
<trkpt lat="39.281880" lon="-120.007835"><ele>2672.2</ele><time>2024-09-19T13:55:49Z</time></trkpt>
<trkpt lat="39.281938" lon="-120.007744"><ele>2672.2</ele><time>2024-09-19T13:55:50Z</time></trkpt>
<trkpt lat="39.281957" lon="-120.007893"><ele>2673.0</ele><time>2024-09-19T13:55:58Z</time></trkpt>
<trkpt lat="39.282031" lon="-120.007903"><ele>2673.2</ele><time>2024-09-19T13:56:04Z</time></trkpt>
<trkpt lat="39.282249" lon="-120.007745"><ele>2675.4</ele><time>2024-09-19T13:56:28Z</time></trkpt>
<trkpt lat="39.282965" lon="-120.006964"><ele>2684.0</ele><time>2024-09-19T13:57:50Z</time></trkpt>
<trkpt lat="39.283100" lon="-120.006895"><ele>2686.4</ele><time>2024-09-19T13:58:07Z</time></trkpt>
<trkpt lat="39.282873" lon="-120.006860"><ele>2693.2</ele><time>2024-09-19T13:58:37Z</time></trkpt>
<trkpt lat="39.282187" lon="-120.006842"><ele>2697.8</ele><time>2024-09-19T13:59:45Z</time></trkpt>
<trkpt lat="39.281944" lon="-120.006721"><ele>2700.0</ele><time>2024-09-19T14:00:01Z</time></trkpt>
<trkpt lat="39.281020" lon="-120.006897"><ele>2702.4</ele><time>2024-09-19T14:01:39Z</time></trkpt>
<trkpt lat="39.280631" lon="-120.006886"><ele>2703.4</ele><time>2024-09-19T14:01:49Z</time></trkpt>
<trkpt lat="39.280800" lon="-120.006771"><ele>2703.6</ele><time>2024-09-19T14:01:51Z</time></trkpt>
<trkpt lat="39.280936" lon="-120.006778"><ele>2705.6</ele><time>2024-09-19T14:02:06Z</time></trkpt>
<trkpt lat="39.281152" lon="-120.006635"><ele>2709.8</ele><time>2024-09-19T14:02:42Z</time></trkpt>
<trkpt lat="39.281331" lon="-120.006600"><ele>2709.6</ele><time>2024-09-19T14:03:02Z</time></trkpt>
<trkpt lat="39.281445" lon="-120.006404"><ele>2716.4</ele><time>2024-09-19T14:03:32Z</time></trkpt>
<trkpt lat="39.281485" lon="-120.006190"><ele>2717.2</ele><time>2024-09-19T14:03:49Z</time></trkpt>
<trkpt lat="39.281240" lon="-120.006237"><ele>2718.6</ele><time>2024-09-19T14:04:11Z</time></trkpt>
<trkpt lat="39.281009" lon="-120.005834"><ele>2726.4</ele><time>2024-09-19T14:05:05Z</time></trkpt>
<trkpt lat="39.280898" lon="-120.006042"><ele>2729.8</ele><time>2024-09-19T14:05:53Z</time></trkpt>
<trkpt lat="39.280646" lon="-120.006172"><ele>2733.2</ele><time>2024-09-19T14:06:15Z</time></trkpt>
<trkpt lat="39.280525" lon="-120.006164"><ele>2736.2</ele><time>2024-09-19T14:06:37Z</time></trkpt>
<trkpt lat="39.280438" lon="-120.005898"><ele>2738.8</ele><time>2024-09-19T14:07:31Z</time></trkpt>
<trkpt lat="39.280275" lon="-120.005697"><ele>2740.4</ele><time>2024-09-19T14:07:56Z</time></trkpt>
<trkpt lat="39.279945" lon="-120.005546"><ele>2748.4</ele><time>2024-09-19T14:08:51Z</time></trkpt>
<trkpt lat="39.279415" lon="-120.005164"><ele>2749.8</ele><time>2024-09-19T14:09:49Z</time></trkpt>
<trkpt lat="39.278836" lon="-120.004257"><ele>2759.2</ele><time>2024-09-19T14:12:00Z</time></trkpt>
<trkpt lat="39.278753" lon="-120.004156"><ele>2762.6</ele><time>2024-09-19T14:12:14Z</time></trkpt>
<trkpt lat="39.278645" lon="-120.004187"><ele>2766.4</ele><time>2024-09-19T14:12:26Z</time></trkpt>
<trkpt lat="39.278584" lon="-120.004085"><ele>2764.8</ele><time>2024-09-19T14:12:48Z</time></trkpt>
<trkpt lat="39.278738" lon="-120.003892"><ele>2766.8</ele><time>2024-09-19T14:13:09Z</time></trkpt>
<trkpt lat="39.278767" lon="-120.003660"><ele>2769.6</ele><time>2024-09-19T14:13:27Z</time></trkpt>
<trkpt lat="39.278392" lon="-120.003521"><ele>2773.0</ele><time>2024-09-19T14:14:06Z</time></trkpt>
<trkpt lat="39.278403" lon="-120.003351"><ele>2774.6</ele><time>2024-09-19T14:14:18Z</time></trkpt>
<trkpt lat="39.278339" lon="-120.003172"><ele>2776.8</ele><time>2024-09-19T14:14:35Z</time></trkpt>
<trkpt lat="39.278152" lon="-120.003024"><ele>2780.2</ele><time>2024-09-19T14:14:55Z</time></trkpt>
<trkpt lat="39.277555" lon="-120.001838"><ele>2793.6</ele><time>2024-09-19T14:16:57Z</time></trkpt>
<trkpt lat="39.277495" lon="-120.001614"><ele>2794.4</ele><time>2024-09-19T14:17:11Z</time></trkpt>
<trkpt lat="39.277507" lon="-120.001121"><ele>2796.6</ele><time>2024-09-19T14:18:05Z</time></trkpt>
<trkpt lat="39.277659" lon="-120.000199"><ele>2789.6</ele><time>2024-09-19T14:19:06Z</time></trkpt>
<trkpt lat="39.278047" lon="-119.999597"><ele>2786.2</ele><time>2024-09-19T14:20:08Z</time></trkpt>
<trkpt lat="39.278290" lon="-119.998956"><ele>2784.2</ele><time>2024-09-19T14:20:51Z</time></trkpt>
<trkpt lat="39.279153" lon="-119.997323"><ele>2788.4</ele><time>2024-09-19T14:23:08Z</time></trkpt>
<trkpt lat="39.279541" lon="-119.996806"><ele>2788.8</ele><time>2024-09-19T14:24:04Z</time></trkpt>
<trkpt lat="39.279822" lon="-119.996572"><ele>2790.6</ele><time>2024-09-19T14:24:36Z</time></trkpt>
<trkpt lat="39.279938" lon="-119.996366"><ele>2791.2</ele><time>2024-09-19T14:24:51Z</time></trkpt>
<trkpt lat="39.280576" lon="-119.996064"><ele>2793.0</ele><time>2024-09-19T14:25:54Z</time></trkpt>
<trkpt lat="39.281096" lon="-119.995629"><ele>2802.4</ele><time>2024-09-19T14:26:54Z</time></trkpt>
<trkpt lat="39.281163" lon="-119.995503"><ele>2803.8</ele><time>2024-09-19T14:27:09Z</time></trkpt>
<trkpt lat="39.281782" lon="-119.995353"><ele>2813.4</ele><time>2024-09-19T14:28:26Z</time></trkpt>
<trkpt lat="39.282313" lon="-119.995328"><ele>2814.8</ele><time>2024-09-19T14:29:05Z</time></trkpt>
<trkpt lat="39.282301" lon="-119.995261"><ele>2818.0</ele><time>2024-09-19T14:29:36Z</time></trkpt>
<trkpt lat="39.282191" lon="-119.995259"><ele>2822.6</ele><time>2024-09-19T14:29:54Z</time></trkpt>
<trkpt lat="39.282113" lon="-119.995044"><ele>2825.6</ele><time>2024-09-19T14:30:28Z</time></trkpt>
<trkpt lat="39.282252" lon="-119.994645"><ele>2829.6</ele><time>2024-09-19T14:31:01Z</time></trkpt>
<trkpt lat="39.282771" lon="-119.994097"><ele>2822.0</ele><time>2024-09-19T14:32:04Z</time></trkpt>
<trkpt lat="39.282913" lon="-119.994074"><ele>2820.6</ele><time>2024-09-19T14:32:18Z</time></trkpt>
<trkpt lat="39.283113" lon="-119.993850"><ele>2819.4</ele><time>2024-09-19T14:32:38Z</time></trkpt>
<trkpt lat="39.283254" lon="-119.993461"><ele>2818.2</ele><time>2024-09-19T14:33:00Z</time></trkpt>
<trkpt lat="39.283357" lon="-119.993465"><ele>2817.2</ele><time>2024-09-19T14:33:07Z</time></trkpt>
<trkpt lat="39.283411" lon="-119.993320"><ele>2818.4</ele><time>2024-09-19T14:33:16Z</time></trkpt>
<trkpt lat="39.283587" lon="-119.993194"><ele>2816.6</ele><time>2024-09-19T14:33:36Z</time></trkpt>
<trkpt lat="39.283691" lon="-119.992991"><ele>2815.8</ele><time>2024-09-19T14:33:52Z</time></trkpt>
<trkpt lat="39.284064" lon="-119.992590"><ele>2815.2</ele><time>2024-09-19T14:34:40Z</time></trkpt>
<trkpt lat="39.284238" lon="-119.992212"><ele>2812.6</ele><time>2024-09-19T14:35:05Z</time></trkpt>
<trkpt lat="39.284542" lon="-119.990616"><ele>2811.0</ele><time>2024-09-19T14:36:49Z</time></trkpt>
<trkpt lat="39.284484" lon="-119.990375"><ele>2810.6</ele><time>2024-09-19T14:37:03Z</time></trkpt>
<trkpt lat="39.284524" lon="-119.989729"><ele>2813.0</ele><time>2024-09-19T14:38:49Z</time></trkpt>
<trkpt lat="39.284582" lon="-119.989657"><ele>2813.2</ele><time>2024-09-19T14:38:54Z</time></trkpt>
<trkpt lat="39.284633" lon="-119.988128"><ele>2821.6</ele><time>2024-09-19T14:40:49Z</time></trkpt>
<trkpt lat="39.284537" lon="-119.987846"><ele>2822.0</ele><time>2024-09-19T14:41:01Z</time></trkpt>
<trkpt lat="39.284884" lon="-119.985905"><ele>2821.8</ele><time>2024-09-19T14:43:31Z</time></trkpt>
<trkpt lat="39.285064" lon="-119.985582"><ele>2823.6</ele><time>2024-09-19T14:43:59Z</time></trkpt>
<trkpt lat="39.286586" lon="-119.983549"><ele>2825.6</ele><time>2024-09-19T14:46:58Z</time></trkpt>
<trkpt lat="39.286926" lon="-119.982759"><ele>2827.0</ele><time>2024-09-19T14:47:49Z</time></trkpt>
<trkpt lat="39.287078" lon="-119.982169"><ele>2829.4</ele><time>2024-09-19T14:48:50Z</time></trkpt>
<trkpt lat="39.287211" lon="-119.982086"><ele>2830.8</ele><time>2024-09-19T14:49:03Z</time></trkpt>
<trkpt lat="39.287626" lon="-119.981319"><ele>2839.4</ele><time>2024-09-19T14:50:11Z</time></trkpt>
<trkpt lat="39.287945" lon="-119.981027"><ele>2844.0</ele><time>2024-09-19T14:50:54Z</time></trkpt>
<trkpt lat="39.288036" lon="-119.981071"><ele>2844.8</ele><time>2024-09-19T14:51:06Z</time></trkpt>
<trkpt lat="39.288618" lon="-119.980466"><ele>2849.0</ele><time>2024-09-19T14:52:50Z</time></trkpt>
<trkpt lat="39.288804" lon="-119.980421"><ele>2849.6</ele><time>2024-09-19T14:53:06Z</time></trkpt>
<trkpt lat="39.289888" lon="-119.979345"><ele>2858.0</ele><time>2024-09-19T14:54:57Z</time></trkpt>
<trkpt lat="39.290044" lon="-119.979339"><ele>2857.8</ele><time>2024-09-19T14:55:07Z</time></trkpt>
<trkpt lat="39.290693" lon="-119.977889"><ele>2864.4</ele><time>2024-09-19T14:57:02Z</time></trkpt>
<trkpt lat="39.290794" lon="-119.976921"><ele>2868.0</ele><time>2024-09-19T14:57:46Z</time></trkpt>
<trkpt lat="39.290950" lon="-119.976365"><ele>2871.8</ele><time>2024-09-19T14:58:50Z</time></trkpt>
<trkpt lat="39.290902" lon="-119.976232"><ele>2873.2</ele><time>2024-09-19T14:58:53Z</time></trkpt>
<trkpt lat="39.291016" lon="-119.976291"><ele>2873.8</ele><time>2024-09-19T14:58:59Z</time></trkpt>
<trkpt lat="39.291127" lon="-119.976153"><ele>2873.2</ele><time>2024-09-19T14:59:10Z</time></trkpt>
<trkpt lat="39.291626" lon="-119.975845"><ele>2875.8</ele><time>2024-09-19T15:00:06Z</time></trkpt>
<trkpt lat="39.291912" lon="-119.975722"><ele>2867.6</ele><time>2024-09-19T15:00:28Z</time></trkpt>
<trkpt lat="39.292248" lon="-119.975672"><ele>2867.6</ele><time>2024-09-19T15:00:51Z</time></trkpt>
<trkpt lat="39.292244" lon="-119.975547"><ele>2867.8</ele><time>2024-09-19T15:00:54Z</time></trkpt>
<trkpt lat="39.292441" lon="-119.975374"><ele>2867.6</ele><time>2024-09-19T15:01:10Z</time></trkpt>
<trkpt lat="39.293290" lon="-119.973942"><ele>2873.6</ele><time>2024-09-19T15:03:07Z</time></trkpt>
<trkpt lat="39.293319" lon="-119.973690"><ele>2873.8</ele><time>2024-09-19T15:03:24Z</time></trkpt>
<trkpt lat="39.293546" lon="-119.972982"><ele>2871.6</ele><time>2024-09-19T15:04:46Z</time></trkpt>
<trkpt lat="39.293565" lon="-119.972571"><ele>2869.0</ele><time>2024-09-19T15:05:07Z</time></trkpt>
<trkpt lat="39.293816" lon="-119.971654"><ele>2861.4</ele><time>2024-09-19T15:06:10Z</time></trkpt>
<trkpt lat="39.293848" lon="-119.971436"><ele>2868.6</ele><time>2024-09-19T15:06:28Z</time></trkpt>
<trkpt lat="39.293854" lon="-119.971516"><ele>2866.2</ele><time>2024-09-19T15:06:51Z</time></trkpt>
<trkpt lat="39.293726" lon="-119.971494"><ele>2866.0</ele><time>2024-09-19T15:06:55Z</time></trkpt>
<trkpt lat="39.293836" lon="-119.971604"><ele>2863.4</ele><time>2024-09-19T15:07:23Z</time></trkpt>
<trkpt lat="39.293763" lon="-119.971588"><ele>2862.0</ele><time>2024-09-19T15:07:44Z</time></trkpt>
<trkpt lat="39.293837" lon="-119.971578"><ele>2863.4</ele><time>2024-09-19T15:08:04Z</time></trkpt>
<trkpt lat="39.293770" lon="-119.971563"><ele>2863.0</ele><time>2024-09-19T15:08:30Z</time></trkpt>
<trkpt lat="39.293832" lon="-119.971570"><ele>2862.8</ele><time>2024-09-19T15:08:58Z</time></trkpt>
<trkpt lat="39.293799" lon="-119.971511"><ele>2862.2</ele><time>2024-09-19T15:10:53Z</time></trkpt>
<trkpt lat="39.293860" lon="-119.971559"><ele>2862.0</ele><time>2024-09-19T15:10:57Z</time></trkpt>
<trkpt lat="39.293808" lon="-119.971597"><ele>2863.0</ele><time>2024-09-19T15:12:58Z</time></trkpt>
<trkpt lat="39.293861" lon="-119.971583"><ele>2863.6</ele><time>2024-09-19T15:13:05Z</time></trkpt>
<trkpt lat="39.293887" lon="-119.971712"><ele>2861.2</ele><time>2024-09-19T15:14:34Z</time></trkpt>
<trkpt lat="39.293771" lon="-119.971597"><ele>2860.0</ele><time>2024-09-19T15:15:04Z</time></trkpt>
<trkpt lat="39.293853" lon="-119.971619"><ele>2859.8</ele><time>2024-09-19T15:15:09Z</time></trkpt>
<trkpt lat="39.293842" lon="-119.971556"><ele>2860.6</ele><time>2024-09-19T15:15:18Z</time></trkpt>
<trkpt lat="39.293696" lon="-119.971520"><ele>2857.0</ele><time>2024-09-19T15:15:47Z</time></trkpt>
<trkpt lat="39.293681" lon="-119.971089"><ele>2855.6</ele><time>2024-09-19T15:16:14Z</time></trkpt>
<trkpt lat="39.293874" lon="-119.970388"><ele>2856.0</ele><time>2024-09-19T15:17:00Z</time></trkpt>
<trkpt lat="39.293671" lon="-119.969963"><ele>2855.0</ele><time>2024-09-19T15:17:29Z</time></trkpt>
<trkpt lat="39.293478" lon="-119.969226"><ele>2848.4</ele><time>2024-09-19T15:18:19Z</time></trkpt>
<trkpt lat="39.293237" lon="-119.968596"><ele>2847.2</ele><time>2024-09-19T15:18:53Z</time></trkpt>
<trkpt lat="39.293035" lon="-119.968415"><ele>2848.4</ele><time>2024-09-19T15:19:12Z</time></trkpt>
<trkpt lat="39.292832" lon="-119.967893"><ele>2848.2</ele><time>2024-09-19T15:19:45Z</time></trkpt>
<trkpt lat="39.292786" lon="-119.967562"><ele>2848.2</ele><time>2024-09-19T15:20:07Z</time></trkpt>
<trkpt lat="39.292797" lon="-119.967055"><ele>2843.4</ele><time>2024-09-19T15:20:39Z</time></trkpt>
<trkpt lat="39.292702" lon="-119.966880"><ele>2842.2</ele><time>2024-09-19T15:20:52Z</time></trkpt>
<trkpt lat="39.292651" lon="-119.966320"><ele>2841.0</ele><time>2024-09-19T15:21:29Z</time></trkpt>
<trkpt lat="39.292406" lon="-119.965513"><ele>2838.2</ele><time>2024-09-19T15:22:27Z</time></trkpt>
<trkpt lat="39.292380" lon="-119.965090"><ele>2835.8</ele><time>2024-09-19T15:22:55Z</time></trkpt>
<trkpt lat="39.292254" lon="-119.965183"><ele>2836.0</ele><time>2024-09-19T15:22:57Z</time></trkpt>
<trkpt lat="39.292104" lon="-119.964737"><ele>2836.8</ele><time>2024-09-19T15:23:31Z</time></trkpt>
<trkpt lat="39.292048" lon="-119.963816"><ele>2843.8</ele><time>2024-09-19T15:24:53Z</time></trkpt>
<trkpt lat="39.291426" lon="-119.962399"><ele>2862.6</ele><time>2024-09-19T15:26:52Z</time></trkpt>
<trkpt lat="39.291323" lon="-119.962306"><ele>2863.4</ele><time>2024-09-19T15:27:04Z</time></trkpt>
<trkpt lat="39.291094" lon="-119.961771"><ele>2866.6</ele><time>2024-09-19T15:27:43Z</time></trkpt>
<trkpt lat="39.290664" lon="-119.961127"><ele>2873.0</ele><time>2024-09-19T15:28:58Z</time></trkpt>
<trkpt lat="39.290435" lon="-119.960183"><ele>2877.2</ele><time>2024-09-19T15:30:21Z</time></trkpt>
<trkpt lat="39.290409" lon="-119.959904"><ele>2882.0</ele><time>2024-09-19T15:30:45Z</time></trkpt>
<trkpt lat="39.290362" lon="-119.959879"><ele>2882.0</ele><time>2024-09-19T15:30:51Z</time></trkpt>
<trkpt lat="39.290423" lon="-119.959630"><ele>2882.2</ele><time>2024-09-19T15:31:08Z</time></trkpt>
<trkpt lat="39.290879" lon="-119.959136"><ele>2880.8</ele><time>2024-09-19T15:32:09Z</time></trkpt>
<trkpt lat="39.291094" lon="-119.958859"><ele>2886.0</ele><time>2024-09-19T15:32:51Z</time></trkpt>
<trkpt lat="39.291045" lon="-119.958739"><ele>2886.4</ele><time>2024-09-19T15:32:56Z</time></trkpt>
<trkpt lat="39.291127" lon="-119.958519"><ele>2887.4</ele><time>2024-09-19T15:33:09Z</time></trkpt>
<trkpt lat="39.291814" lon="-119.957390"><ele>2894.0</ele><time>2024-09-19T15:34:49Z</time></trkpt>
<trkpt lat="39.291870" lon="-119.957019"><ele>2892.6</ele><time>2024-09-19T15:35:08Z</time></trkpt>
<trkpt lat="39.292303" lon="-119.955944"><ele>2883.0</ele><time>2024-09-19T15:36:40Z</time></trkpt>
<trkpt lat="39.292370" lon="-119.955369"><ele>2877.6</ele><time>2024-09-19T15:37:01Z</time></trkpt>
<trkpt lat="39.292690" lon="-119.955420"><ele>2876.8</ele><time>2024-09-19T15:37:34Z</time></trkpt>
<trkpt lat="39.292974" lon="-119.955616"><ele>2871.6</ele><time>2024-09-19T15:38:08Z</time></trkpt>
<trkpt lat="39.293584" lon="-119.955661"><ele>2864.4</ele><time>2024-09-19T15:38:55Z</time></trkpt>
<trkpt lat="39.293516" lon="-119.955750"><ele>2864.0</ele><time>2024-09-19T15:38:59Z</time></trkpt>
<trkpt lat="39.293589" lon="-119.955809"><ele>2864.0</ele><time>2024-09-19T15:39:05Z</time></trkpt>
<trkpt lat="39.294479" lon="-119.955964"><ele>2861.4</ele><time>2024-09-19T15:40:34Z</time></trkpt>
<trkpt lat="39.294728" lon="-119.955828"><ele>2861.8</ele><time>2024-09-19T15:40:54Z</time></trkpt>
<trkpt lat="39.295075" lon="-119.955502"><ele>2861.2</ele><time>2024-09-19T15:41:13Z</time></trkpt>
<trkpt lat="39.296058" lon="-119.953456"><ele>2865.8</ele><time>2024-09-19T15:42:53Z</time></trkpt>
<trkpt lat="39.295689" lon="-119.953962"><ele>2865.6</ele><time>2024-09-19T15:42:58Z</time></trkpt>
<trkpt lat="39.295578" lon="-119.953904"><ele>2863.8</ele><time>2024-09-19T15:43:09Z</time></trkpt>
<trkpt lat="39.294670" lon="-119.952522"><ele>2858.6</ele><time>2024-09-19T15:43:34Z</time></trkpt>
<trkpt lat="39.294602" lon="-119.952319"><ele>2857.4</ele><time>2024-09-19T15:43:46Z</time></trkpt>
<trkpt lat="39.294566" lon="-119.952292"><ele>2852.4</ele><time>2024-09-19T15:44:06Z</time></trkpt>
<trkpt lat="39.294837" lon="-119.952521"><ele>2849.0</ele><time>2024-09-19T15:44:57Z</time></trkpt>
<trkpt lat="39.294590" lon="-119.952008"><ele>2847.0</ele><time>2024-09-19T15:45:31Z</time></trkpt>
<trkpt lat="39.294366" lon="-119.951683"><ele>2848.0</ele><time>2024-09-19T15:45:53Z</time></trkpt>
<trkpt lat="39.294186" lon="-119.951084"><ele>2847.0</ele><time>2024-09-19T15:46:53Z</time></trkpt>
<trkpt lat="39.294360" lon="-119.950848"><ele>2846.8</ele><time>2024-09-19T15:46:55Z</time></trkpt>
<trkpt lat="39.294497" lon="-119.950501"><ele>2847.0</ele><time>2024-09-19T15:47:03Z</time></trkpt>
<trkpt lat="39.294696" lon="-119.950350"><ele>2846.4</ele><time>2024-09-19T15:47:20Z</time></trkpt>
<trkpt lat="39.294851" lon="-119.950006"><ele>2843.0</ele><time>2024-09-19T15:47:42Z</time></trkpt>
<trkpt lat="39.295372" lon="-119.949522"><ele>2833.2</ele><time>2024-09-19T15:48:53Z</time></trkpt>
<trkpt lat="39.295361" lon="-119.949325"><ele>2829.8</ele><time>2024-09-19T15:48:59Z</time></trkpt>
<trkpt lat="39.295618" lon="-119.948712"><ele>2826.2</ele><time>2024-09-19T15:49:44Z</time></trkpt>
<trkpt lat="39.295995" lon="-119.947941"><ele>2834.6</ele><time>2024-09-19T15:50:52Z</time></trkpt>
<trkpt lat="39.296076" lon="-119.947976"><ele>2837.0</ele><time>2024-09-19T15:51:11Z</time></trkpt>
<trkpt lat="39.296233" lon="-119.948234"><ele>2843.0</ele><time>2024-09-19T15:52:04Z</time></trkpt>
<trkpt lat="39.296242" lon="-119.948265"><ele>2849.8</ele><time>2024-09-19T15:52:57Z</time></trkpt>
<trkpt lat="39.296171" lon="-119.948389"><ele>2851.4</ele><time>2024-09-19T15:53:10Z</time></trkpt>
<trkpt lat="39.296223" lon="-119.948702"><ele>2855.8</ele><time>2024-09-19T15:53:44Z</time></trkpt>
<trkpt lat="39.296308" lon="-119.948621"><ele>2863.4</ele><time>2024-09-19T15:54:34Z</time></trkpt>
<trkpt lat="39.297082" lon="-119.948190"><ele>2869.4</ele><time>2024-09-19T15:56:54Z</time></trkpt>
<trkpt lat="39.297034" lon="-119.948224"><ele>2869.8</ele><time>2024-09-19T15:56:58Z</time></trkpt>
<trkpt lat="39.297212" lon="-119.948591"><ele>2872.6</ele><time>2024-09-19T15:57:33Z</time></trkpt>
<trkpt lat="39.297363" lon="-119.949114"><ele>2885.8</ele><time>2024-09-19T15:58:51Z</time></trkpt>
<trkpt lat="39.297490" lon="-119.949406"><ele>2886.2</ele><time>2024-09-19T15:58:54Z</time></trkpt>
<trkpt lat="39.297346" lon="-119.949238"><ele>2886.8</ele><time>2024-09-19T15:58:55Z</time></trkpt>
<trkpt lat="39.297740" lon="-119.948802"><ele>2887.2</ele><time>2024-09-19T15:58:57Z</time></trkpt>
<trkpt lat="39.298105" lon="-119.948669"><ele>2887.6</ele><time>2024-09-19T15:59:03Z</time></trkpt>
<trkpt lat="39.298204" lon="-119.950432"><ele>2898.0</ele><time>2024-09-19T16:01:00Z</time></trkpt>
<trkpt lat="39.298265" lon="-119.950458"><ele>2899.0</ele><time>2024-09-19T16:01:04Z</time></trkpt>
<trkpt lat="39.298261" lon="-119.950589"><ele>2899.6</ele><time>2024-09-19T16:01:14Z</time></trkpt>
<trkpt lat="39.298670" lon="-119.952006"><ele>2912.8</ele><time>2024-09-19T16:02:55Z</time></trkpt>
<trkpt lat="39.298738" lon="-119.951991"><ele>2913.4</ele><time>2024-09-19T16:02:58Z</time></trkpt>
<trkpt lat="39.298861" lon="-119.952106"><ele>2914.8</ele><time>2024-09-19T16:03:09Z</time></trkpt>
<trkpt lat="39.300301" lon="-119.951777"><ele>2920.4</ele><time>2024-09-19T16:04:57Z</time></trkpt>
<trkpt lat="39.300243" lon="-119.951801"><ele>2920.6</ele><time>2024-09-19T16:05:02Z</time></trkpt>
<trkpt lat="39.300893" lon="-119.951043"><ele>2920.6</ele><time>2024-09-19T16:06:07Z</time></trkpt>
<trkpt lat="39.301474" lon="-119.950549"><ele>2925.2</ele><time>2024-09-19T16:07:04Z</time></trkpt>
<trkpt lat="39.301526" lon="-119.950358"><ele>2926.2</ele><time>2024-09-19T16:07:23Z</time></trkpt>
<trkpt lat="39.301994" lon="-119.950438"><ele>2919.0</ele><time>2024-09-19T16:08:03Z</time></trkpt>
<trkpt lat="39.302095" lon="-119.950683"><ele>2913.8</ele><time>2024-09-19T16:08:31Z</time></trkpt>
<trkpt lat="39.302333" lon="-119.950956"><ele>2910.4</ele><time>2024-09-19T16:08:55Z</time></trkpt>
<trkpt lat="39.302428" lon="-119.950967"><ele>2908.8</ele><time>2024-09-19T16:09:03Z</time></trkpt>
<trkpt lat="39.302377" lon="-119.950908"><ele>2907.0</ele><time>2024-09-19T16:09:11Z</time></trkpt>
<trkpt lat="39.302400" lon="-119.950788"><ele>2906.0</ele><time>2024-09-19T16:09:17Z</time></trkpt>
<trkpt lat="39.302688" lon="-119.950533"><ele>2900.2</ele><time>2024-09-19T16:10:13Z</time></trkpt>
<trkpt lat="39.303019" lon="-119.950507"><ele>2899.0</ele><time>2024-09-19T16:10:39Z</time></trkpt>
<trkpt lat="39.303251" lon="-119.950313"><ele>2898.4</ele><time>2024-09-19T16:10:59Z</time></trkpt>
<trkpt lat="39.303424" lon="-119.950331"><ele>2897.0</ele><time>2024-09-19T16:11:14Z</time></trkpt>
<trkpt lat="39.304526" lon="-119.949804"><ele>2887.6</ele><time>2024-09-19T16:12:54Z</time></trkpt>
<trkpt lat="39.305247" lon="-119.949200"><ele>2888.0</ele><time>2024-09-19T16:14:54Z</time></trkpt>
<trkpt lat="39.306040" lon="-119.948985"><ele>2882.8</ele><time>2024-09-19T16:15:51Z</time></trkpt>
<trkpt lat="39.306968" lon="-119.948795"><ele>2887.4</ele><time>2024-09-19T16:17:07Z</time></trkpt>
<trkpt lat="39.307133" lon="-119.948840"><ele>2888.6</ele><time>2024-09-19T16:17:20Z</time></trkpt>
<trkpt lat="39.307567" lon="-119.948750"><ele>2899.4</ele><time>2024-09-19T16:18:40Z</time></trkpt>
<trkpt lat="39.307706" lon="-119.948614"><ele>2899.8</ele><time>2024-09-19T16:18:57Z</time></trkpt>
<trkpt lat="39.307714" lon="-119.948385"><ele>2903.2</ele><time>2024-09-19T16:19:22Z</time></trkpt>
<trkpt lat="39.307920" lon="-119.948284"><ele>2911.2</ele><time>2024-09-19T16:20:59Z</time></trkpt>
<trkpt lat="39.307916" lon="-119.948160"><ele>2913.2</ele><time>2024-09-19T16:21:04Z</time></trkpt>
<trkpt lat="39.308058" lon="-119.947776"><ele>2911.8</ele><time>2024-09-19T16:21:20Z</time></trkpt>
<trkpt lat="39.308302" lon="-119.947232"><ele>2920.4</ele><time>2024-09-19T16:22:38Z</time></trkpt>
<trkpt lat="39.308400" lon="-119.946747"><ele>2920.0</ele><time>2024-09-19T16:22:59Z</time></trkpt>
<trkpt lat="39.308459" lon="-119.946734"><ele>2920.2</ele><time>2024-09-19T16:23:02Z</time></trkpt>
<trkpt lat="39.308479" lon="-119.947267"><ele>2927.6</ele><time>2024-09-19T16:23:38Z</time></trkpt>
<trkpt lat="39.308285" lon="-119.947733"><ele>2930.0</ele><time>2024-09-19T16:24:38Z</time></trkpt>
<trkpt lat="39.308309" lon="-119.948344"><ele>2934.0</ele><time>2024-09-19T16:24:59Z</time></trkpt>
<trkpt lat="39.308593" lon="-119.948481"><ele>2934.4</ele><time>2024-09-19T16:25:21Z</time></trkpt>
<trkpt lat="39.308881" lon="-119.948583"><ele>2946.2</ele><time>2024-09-19T16:27:11Z</time></trkpt>
<trkpt lat="39.309140" lon="-119.948632"><ele>2947.2</ele><time>2024-09-19T16:27:20Z</time></trkpt>
<trkpt lat="39.309461" lon="-119.948498"><ele>2949.8</ele><time>2024-09-19T16:27:51Z</time></trkpt>
<trkpt lat="39.309538" lon="-119.948248"><ele>2951.4</ele><time>2024-09-19T16:27:54Z</time></trkpt>
<trkpt lat="39.309518" lon="-119.948518"><ele>2952.4</ele><time>2024-09-19T16:27:56Z</time></trkpt>
<trkpt lat="39.309800" lon="-119.948588"><ele>2955.8</ele><time>2024-09-19T16:28:26Z</time></trkpt>
<trkpt lat="39.310257" lon="-119.948524"><ele>2963.0</ele><time>2024-09-19T16:29:09Z</time></trkpt>
<trkpt lat="39.310664" lon="-119.948286"><ele>2968.0</ele><time>2024-09-19T16:30:16Z</time></trkpt>
<trkpt lat="39.310862" lon="-119.948320"><ele>2971.8</ele><time>2024-09-19T16:30:56Z</time></trkpt>
<trkpt lat="39.310991" lon="-119.948563"><ele>2972.0</ele><time>2024-09-19T16:31:04Z</time></trkpt>
<trkpt lat="39.311516" lon="-119.949165"><ele>2970.2</ele><time>2024-09-19T16:32:00Z</time></trkpt>
<trkpt lat="39.311906" lon="-119.949529"><ele>2974.0</ele><time>2024-09-19T16:32:57Z</time></trkpt>
<trkpt lat="39.311930" lon="-119.949691"><ele>2974.6</ele><time>2024-09-19T16:33:07Z</time></trkpt>
<trkpt lat="39.313074" lon="-119.950355"><ele>2987.4</ele><time>2024-09-19T16:35:11Z</time></trkpt>
<trkpt lat="39.313399" lon="-119.950773"><ele>2991.8</ele><time>2024-09-19T16:35:48Z</time></trkpt>
<trkpt lat="39.313974" lon="-119.951205"><ele>2996.4</ele><time>2024-09-19T16:36:56Z</time></trkpt>
<trkpt lat="39.314028" lon="-119.951348"><ele>2998.8</ele><time>2024-09-19T16:37:09Z</time></trkpt>
<trkpt lat="39.314505" lon="-119.951733"><ele>3006.4</ele><time>2024-09-19T16:38:28Z</time></trkpt>
<trkpt lat="39.315029" lon="-119.952295"><ele>3003.6</ele><time>2024-09-19T16:39:15Z</time></trkpt>
<trkpt lat="39.315014" lon="-119.952130"><ele>3011.6</ele><time>2024-09-19T16:40:03Z</time></trkpt>
<trkpt lat="39.314916" lon="-119.951890"><ele>3012.8</ele><time>2024-09-19T16:40:56Z</time></trkpt>
<trkpt lat="39.314653" lon="-119.951735"><ele>3015.2</ele><time>2024-09-19T16:41:14Z</time></trkpt>
<trkpt lat="39.313788" lon="-119.950453"><ele>3024.4</ele><time>2024-09-19T16:43:02Z</time></trkpt>
<trkpt lat="39.313967" lon="-119.950312"><ele>3024.6</ele><time>2024-09-19T16:43:12Z</time></trkpt>
<trkpt lat="39.313581" lon="-119.949646"><ele>3029.0</ele><time>2024-09-19T16:44:56Z</time></trkpt>
<trkpt lat="39.313575" lon="-119.949495"><ele>3029.6</ele><time>2024-09-19T16:45:03Z</time></trkpt>
<trkpt lat="39.313483" lon="-119.949469"><ele>3030.2</ele><time>2024-09-19T16:45:12Z</time></trkpt>
<trkpt lat="39.312861" lon="-119.948726"><ele>3037.0</ele><time>2024-09-19T16:46:31Z</time></trkpt>
<trkpt lat="39.312632" lon="-119.948443"><ele>3042.0</ele><time>2024-09-19T16:46:56Z</time></trkpt>
<trkpt lat="39.312627" lon="-119.948353"><ele>3043.2</ele><time>2024-09-19T16:46:59Z</time></trkpt>
<trkpt lat="39.312515" lon="-119.948354"><ele>3043.4</ele><time>2024-09-19T16:47:04Z</time></trkpt>
<trkpt lat="39.312486" lon="-119.948224"><ele>3044.2</ele><time>2024-09-19T16:47:08Z</time></trkpt>
<trkpt lat="39.312554" lon="-119.948108"><ele>3044.0</ele><time>2024-09-19T16:47:13Z</time></trkpt>
<trkpt lat="39.312385" lon="-119.947650"><ele>3043.6</ele><time>2024-09-19T16:47:52Z</time></trkpt>
<trkpt lat="39.312238" lon="-119.947508"><ele>3048.8</ele><time>2024-09-19T16:48:30Z</time></trkpt>
<trkpt lat="39.311783" lon="-119.947323"><ele>3050.8</ele><time>2024-09-19T16:48:58Z</time></trkpt>
<trkpt lat="39.312015" lon="-119.947386"><ele>3050.8</ele><time>2024-09-19T16:48:59Z</time></trkpt>
<trkpt lat="39.311834" lon="-119.947004"><ele>3051.4</ele><time>2024-09-19T16:49:24Z</time></trkpt>
<trkpt lat="39.311679" lon="-119.946327"><ele>3059.0</ele><time>2024-09-19T16:50:59Z</time></trkpt>
<trkpt lat="39.312641" lon="-119.947244"><ele>3073.6</ele><time>2024-09-19T16:53:01Z</time></trkpt>
<trkpt lat="39.312850" lon="-119.947353"><ele>3078.6</ele><time>2024-09-19T16:53:25Z</time></trkpt>
<trkpt lat="39.313133" lon="-119.947655"><ele>3080.4</ele><time>2024-09-19T16:53:59Z</time></trkpt>
<trkpt lat="39.313838" lon="-119.947995"><ele>3080.6</ele><time>2024-09-19T16:55:26Z</time></trkpt>
<trkpt lat="39.314370" lon="-119.948394"><ele>3086.0</ele><time>2024-09-19T16:56:24Z</time></trkpt>
<trkpt lat="39.314807" lon="-119.948874"><ele>3090.2</ele><time>2024-09-19T16:57:18Z</time></trkpt>
<trkpt lat="39.314963" lon="-119.948930"><ele>3093.6</ele><time>2024-09-19T16:57:42Z</time></trkpt>
<trkpt lat="39.314772" lon="-119.948245"><ele>3099.8</ele><time>2024-09-19T16:59:27Z</time></trkpt>
<trkpt lat="39.314523" lon="-119.947693"><ele>3102.2</ele><time>2024-09-19T17:00:11Z</time></trkpt>
<trkpt lat="39.313760" lon="-119.946922"><ele>3113.6</ele><time>2024-09-19T17:01:58Z</time></trkpt>
<trkpt lat="39.313716" lon="-119.946803"><ele>3114.4</ele><time>2024-09-19T17:02:08Z</time></trkpt>
<trkpt lat="39.314077" lon="-119.946865"><ele>3117.8</ele><time>2024-09-19T17:02:34Z</time></trkpt>
<trkpt lat="39.314365" lon="-119.946873"><ele>3127.4</ele><time>2024-09-19T17:03:57Z</time></trkpt>
<trkpt lat="39.314437" lon="-119.946820"><ele>3128.2</ele><time>2024-09-19T17:04:03Z</time></trkpt>
<trkpt lat="39.314745" lon="-119.946870"><ele>3131.8</ele><time>2024-09-19T17:04:34Z</time></trkpt>
<trkpt lat="39.314964" lon="-119.946781"><ele>3137.2</ele><time>2024-09-19T17:05:16Z</time></trkpt>
<trkpt lat="39.315083" lon="-119.946795"><ele>3157.8</ele><time>2024-09-19T17:05:50Z</time></trkpt>
<trkpt lat="39.315170" lon="-119.946807"><ele>3152.4</ele><time>2024-09-19T17:05:57Z</time></trkpt>
<trkpt lat="39.315185" lon="-119.946869"><ele>3159.0</ele><time>2024-09-19T17:06:04Z</time></trkpt>
<trkpt lat="39.315288" lon="-119.946933"><ele>3158.2</ele><time>2024-09-19T17:06:10Z</time></trkpt>
<trkpt lat="39.315498" lon="-119.946850"><ele>3147.2</ele><time>2024-09-19T17:07:36Z</time></trkpt>
<trkpt lat="39.315579" lon="-119.946886"><ele>3147.6</ele><time>2024-09-19T17:08:05Z</time></trkpt>
<trkpt lat="39.315707" lon="-119.946782"><ele>3148.6</ele><time>2024-09-19T17:08:17Z</time></trkpt>
<trkpt lat="39.316784" lon="-119.946435"><ele>3131.4</ele><time>2024-09-19T17:10:15Z</time></trkpt>
<trkpt lat="39.317157" lon="-119.946214"><ele>3127.2</ele><time>2024-09-19T17:10:56Z</time></trkpt>
<trkpt lat="39.317389" lon="-119.946039"><ele>3111.2</ele><time>2024-09-19T17:11:42Z</time></trkpt>
<trkpt lat="39.317574" lon="-119.945971"><ele>3108.8</ele><time>2024-09-19T17:12:00Z</time></trkpt>
<trkpt lat="39.317661" lon="-119.945860"><ele>3104.8</ele><time>2024-09-19T17:12:12Z</time></trkpt>
<trkpt lat="39.318014" lon="-119.945799"><ele>3097.0</ele><time>2024-09-19T17:12:56Z</time></trkpt>
<trkpt lat="39.318242" lon="-119.945619"><ele>3091.2</ele><time>2024-09-19T17:13:48Z</time></trkpt>
<trkpt lat="39.318413" lon="-119.945581"><ele>3090.0</ele><time>2024-09-19T17:13:57Z</time></trkpt>
<trkpt lat="39.318501" lon="-119.945662"><ele>3089.0</ele><time>2024-09-19T17:14:01Z</time></trkpt>
<trkpt lat="39.318584" lon="-119.945631"><ele>3086.4</ele><time>2024-09-19T17:14:13Z</time></trkpt>
<trkpt lat="39.318945" lon="-119.945489"><ele>3091.8</ele><time>2024-09-19T17:14:44Z</time></trkpt>
<trkpt lat="39.319210" lon="-119.945339"><ele>3085.8</ele><time>2024-09-19T17:15:24Z</time></trkpt>
<trkpt lat="39.319600" lon="-119.945195"><ele>3087.8</ele><time>2024-09-19T17:15:57Z</time></trkpt>
<trkpt lat="39.319838" lon="-119.945294"><ele>3086.2</ele><time>2024-09-19T17:16:16Z</time></trkpt>
<trkpt lat="39.320168" lon="-119.945213"><ele>3084.8</ele><time>2024-09-19T17:16:54Z</time></trkpt>
<trkpt lat="39.320330" lon="-119.945148"><ele>3082.4</ele><time>2024-09-19T17:17:06Z</time></trkpt>
<trkpt lat="39.320651" lon="-119.944726"><ele>3081.0</ele><time>2024-09-19T17:17:46Z</time></trkpt>
<trkpt lat="39.320911" lon="-119.944607"><ele>3079.4</ele><time>2024-09-19T17:17:58Z</time></trkpt>
<trkpt lat="39.322233" lon="-119.944548"><ele>3071.8</ele><time>2024-09-19T17:20:02Z</time></trkpt>
<trkpt lat="39.322907" lon="-119.944829"><ele>3071.0</ele><time>2024-09-19T17:21:04Z</time></trkpt>
<trkpt lat="39.323398" lon="-119.944793"><ele>3073.0</ele><time>2024-09-19T17:22:09Z</time></trkpt>
<trkpt lat="39.324008" lon="-119.944377"><ele>3070.8</ele><time>2024-09-19T17:24:01Z</time></trkpt>
<trkpt lat="39.324008" lon="-119.944260"><ele>3070.4</ele><time>2024-09-19T17:24:07Z</time></trkpt>
<trkpt lat="39.324306" lon="-119.943813"><ele>3065.8</ele><time>2024-09-19T17:25:03Z</time></trkpt>
<trkpt lat="39.324806" lon="-119.943352"><ele>3063.2</ele><time>2024-09-19T17:26:04Z</time></trkpt>
<trkpt lat="39.324760" lon="-119.943238"><ele>3062.6</ele><time>2024-09-19T17:26:06Z</time></trkpt>
<trkpt lat="39.325074" lon="-119.942724"><ele>3062.6</ele><time>2024-09-19T17:26:47Z</time></trkpt>
<trkpt lat="39.325225" lon="-119.942339"><ele>3065.6</ele><time>2024-09-19T17:27:57Z</time></trkpt>
<trkpt lat="39.325322" lon="-119.942243"><ele>3064.4</ele><time>2024-09-19T17:28:04Z</time></trkpt>
<trkpt lat="39.325293" lon="-119.942129"><ele>3063.6</ele><time>2024-09-19T17:28:09Z</time></trkpt>
<trkpt lat="39.325727" lon="-119.941961"><ele>3056.6</ele><time>2024-09-19T17:28:41Z</time></trkpt>
<trkpt lat="39.326476" lon="-119.941863"><ele>3047.4</ele><time>2024-09-19T17:29:57Z</time></trkpt>
<trkpt lat="39.326496" lon="-119.941727"><ele>3047.6</ele><time>2024-09-19T17:30:05Z</time></trkpt>
<trkpt lat="39.326442" lon="-119.941664"><ele>3047.8</ele><time>2024-09-19T17:30:07Z</time></trkpt>
<trkpt lat="39.326586" lon="-119.941469"><ele>3048.4</ele><time>2024-09-19T17:30:21Z</time></trkpt>
<trkpt lat="39.326878" lon="-119.941284"><ele>3058.8</ele><time>2024-09-19T17:31:19Z</time></trkpt>
<trkpt lat="39.327403" lon="-119.941063"><ele>3060.4</ele><time>2024-09-19T17:31:58Z</time></trkpt>
<trkpt lat="39.328757" lon="-119.941246"><ele>3071.6</ele><time>2024-09-19T17:33:58Z</time></trkpt>
<trkpt lat="39.328817" lon="-119.941194"><ele>3072.0</ele><time>2024-09-19T17:34:02Z</time></trkpt>
<trkpt lat="39.328817" lon="-119.941104"><ele>3072.4</ele><time>2024-09-19T17:34:07Z</time></trkpt>
<trkpt lat="39.329463" lon="-119.940277"><ele>3085.2</ele><time>2024-09-19T17:35:57Z</time></trkpt>
<trkpt lat="39.329508" lon="-119.940293"><ele>3085.2</ele><time>2024-09-19T17:36:02Z</time></trkpt>
<trkpt lat="39.329552" lon="-119.940073"><ele>3083.8</ele><time>2024-09-19T17:36:18Z</time></trkpt>
<trkpt lat="39.329881" lon="-119.939380"><ele>3074.0</ele><time>2024-09-19T17:37:11Z</time></trkpt>
<trkpt lat="39.330171" lon="-119.939057"><ele>3068.0</ele><time>2024-09-19T17:37:45Z</time></trkpt>
<trkpt lat="39.330309" lon="-119.938697"><ele>3067.4</ele><time>2024-09-19T17:38:14Z</time></trkpt>
<trkpt lat="39.330566" lon="-119.938325"><ele>3063.6</ele><time>2024-09-19T17:38:45Z</time></trkpt>
<trkpt lat="39.330708" lon="-119.937826"><ele>3055.4</ele><time>2024-09-19T17:39:25Z</time></trkpt>
<trkpt lat="39.330828" lon="-119.937769"><ele>3053.2</ele><time>2024-09-19T17:39:43Z</time></trkpt>
<trkpt lat="39.331018" lon="-119.937495"><ele>3049.2</ele><time>2024-09-19T17:39:58Z</time></trkpt>
<trkpt lat="39.331117" lon="-119.937584"><ele>3048.2</ele><time>2024-09-19T17:40:01Z</time></trkpt>
<trkpt lat="39.331132" lon="-119.937446"><ele>3047.2</ele><time>2024-09-19T17:40:05Z</time></trkpt>
<trkpt lat="39.330961" lon="-119.937292"><ele>3046.8</ele><time>2024-09-19T17:40:09Z</time></trkpt>
<trkpt lat="39.331263" lon="-119.936654"><ele>3041.6</ele><time>2024-09-19T17:41:08Z</time></trkpt>
<trkpt lat="39.331225" lon="-119.936040"><ele>3035.4</ele><time>2024-09-19T17:42:01Z</time></trkpt>
<trkpt lat="39.331195" lon="-119.936110"><ele>3035.4</ele><time>2024-09-19T17:42:04Z</time></trkpt>
<trkpt lat="39.331106" lon="-119.935793"><ele>3035.6</ele><time>2024-09-19T17:42:17Z</time></trkpt>
<trkpt lat="39.331254" lon="-119.935119"><ele>3032.8</ele><time>2024-09-19T17:42:50Z</time></trkpt>
<trkpt lat="39.331270" lon="-119.934973"><ele>3027.4</ele><time>2024-09-19T17:43:26Z</time></trkpt>
<trkpt lat="39.331215" lon="-119.934893"><ele>3023.0</ele><time>2024-09-19T17:43:36Z</time></trkpt>
<trkpt lat="39.331033" lon="-119.934976"><ele>3019.4</ele><time>2024-09-19T17:43:52Z</time></trkpt>
<trkpt lat="39.330918" lon="-119.935241"><ele>3015.8</ele><time>2024-09-19T17:44:06Z</time></trkpt>
<trkpt lat="39.330886" lon="-119.935507"><ele>3015.8</ele><time>2024-09-19T17:44:07Z</time></trkpt>
<trkpt lat="39.330774" lon="-119.935335"><ele>3016.4</ele><time>2024-09-19T17:44:13Z</time></trkpt>
<trkpt lat="39.330686" lon="-119.935345"><ele>3016.0</ele><time>2024-09-19T17:44:20Z</time></trkpt>
<trkpt lat="39.330625" lon="-119.935834"><ele>3014.6</ele><time>2024-09-19T17:44:39Z</time></trkpt>
<trkpt lat="39.330268" lon="-119.936151"><ele>3005.4</ele><time>2024-09-19T17:45:31Z</time></trkpt>
<trkpt lat="39.330063" lon="-119.936533"><ele>3001.8</ele><time>2024-09-19T17:46:00Z</time></trkpt>
<trkpt lat="39.330039" lon="-119.936707"><ele>3001.8</ele><time>2024-09-19T17:46:02Z</time></trkpt>
<trkpt lat="39.330202" lon="-119.936984"><ele>3001.6</ele><time>2024-09-19T17:46:04Z</time></trkpt>
<trkpt lat="39.330237" lon="-119.936647"><ele>3000.0</ele><time>2024-09-19T17:46:19Z</time></trkpt>
<trkpt lat="39.330190" lon="-119.936537"><ele>2993.2</ele><time>2024-09-19T17:46:45Z</time></trkpt>
<trkpt lat="39.330061" lon="-119.936002"><ele>2986.0</ele><time>2024-09-19T17:47:29Z</time></trkpt>
<trkpt lat="39.329986" lon="-119.936379"><ele>2981.0</ele><time>2024-09-19T17:48:13Z</time></trkpt>
<trkpt lat="39.329757" lon="-119.936471"><ele>2981.0</ele><time>2024-09-19T17:48:19Z</time></trkpt>
<trkpt lat="39.329466" lon="-119.936786"><ele>2979.2</ele><time>2024-09-19T17:48:55Z</time></trkpt>
<trkpt lat="39.328795" lon="-119.937200"><ele>2966.2</ele><time>2024-09-19T17:50:03Z</time></trkpt>
<trkpt lat="39.328762" lon="-119.937120"><ele>2965.6</ele><time>2024-09-19T17:50:05Z</time></trkpt>
<trkpt lat="39.328710" lon="-119.937160"><ele>2964.8</ele><time>2024-09-19T17:50:11Z</time></trkpt>
<trkpt lat="39.328686" lon="-119.937268"><ele>2964.6</ele><time>2024-09-19T17:50:16Z</time></trkpt>
<trkpt lat="39.328463" lon="-119.937530"><ele>2958.8</ele><time>2024-09-19T17:50:34Z</time></trkpt>
<trkpt lat="39.328220" lon="-119.937654"><ele>2957.6</ele><time>2024-09-19T17:50:52Z</time></trkpt>
<trkpt lat="39.328026" lon="-119.937989"><ele>2953.6</ele><time>2024-09-19T17:51:16Z</time></trkpt>
<trkpt lat="39.327662" lon="-119.938256"><ele>2952.8</ele><time>2024-09-19T17:52:16Z</time></trkpt>
<trkpt lat="39.327216" lon="-119.938362"><ele>2944.4</ele><time>2024-09-19T17:53:44Z</time></trkpt>
<trkpt lat="39.327117" lon="-119.938313"><ele>2943.4</ele><time>2024-09-19T17:53:52Z</time></trkpt>
<trkpt lat="39.326903" lon="-119.938002"><ele>2942.2</ele><time>2024-09-19T17:53:59Z</time></trkpt>
<trkpt lat="39.327044" lon="-119.938338"><ele>2942.4</ele><time>2024-09-19T17:54:01Z</time></trkpt>
<trkpt lat="39.326763" lon="-119.938034"><ele>2942.4</ele><time>2024-09-19T17:54:08Z</time></trkpt>
<trkpt lat="39.326790" lon="-119.937925"><ele>2941.8</ele><time>2024-09-19T17:54:17Z</time></trkpt>
<trkpt lat="39.326642" lon="-119.937955"><ele>2941.2</ele><time>2024-09-19T17:54:28Z</time></trkpt>
<trkpt lat="39.326598" lon="-119.937885"><ele>2940.2</ele><time>2024-09-19T17:54:32Z</time></trkpt>
<trkpt lat="39.326464" lon="-119.937985"><ele>2938.4</ele><time>2024-09-19T17:54:42Z</time></trkpt>
<trkpt lat="39.326386" lon="-119.938293"><ele>2935.6</ele><time>2024-09-19T17:56:00Z</time></trkpt>
<trkpt lat="39.326291" lon="-119.938251"><ele>2935.8</ele><time>2024-09-19T17:56:02Z</time></trkpt>
<trkpt lat="39.326212" lon="-119.938322"><ele>2935.8</ele><time>2024-09-19T17:56:06Z</time></trkpt>
<trkpt lat="39.325928" lon="-119.938229"><ele>2934.6</ele><time>2024-09-19T17:56:16Z</time></trkpt>
<trkpt lat="39.325689" lon="-119.938429"><ele>2931.2</ele><time>2024-09-19T17:56:38Z</time></trkpt>
<trkpt lat="39.325601" lon="-119.938045"><ele>2928.0</ele><time>2024-09-19T17:57:08Z</time></trkpt>
<trkpt lat="39.325714" lon="-119.937711"><ele>2922.4</ele><time>2024-09-19T17:57:32Z</time></trkpt>
<trkpt lat="39.325969" lon="-119.937559"><ele>2919.6</ele><time>2024-09-19T17:57:59Z</time></trkpt>
<trkpt lat="39.326355" lon="-119.937626"><ele>2921.4</ele><time>2024-09-19T17:58:11Z</time></trkpt>
<trkpt lat="39.326166" lon="-119.937487"><ele>2923.2</ele><time>2024-09-19T17:58:16Z</time></trkpt>
<trkpt lat="39.326259" lon="-119.937531"><ele>2923.0</ele><time>2024-09-19T17:58:19Z</time></trkpt>
<trkpt lat="39.326548" lon="-119.937387"><ele>2918.0</ele><time>2024-09-19T17:58:51Z</time></trkpt>
<trkpt lat="39.326520" lon="-119.936919"><ele>2910.8</ele><time>2024-09-19T17:59:33Z</time></trkpt>
<trkpt lat="39.326429" lon="-119.936763"><ele>2909.6</ele><time>2024-09-19T17:59:47Z</time></trkpt>
<trkpt lat="39.326175" lon="-119.936705"><ele>2908.4</ele><time>2024-09-19T18:00:16Z</time></trkpt>
<trkpt lat="39.325707" lon="-119.936184"><ele>2898.2</ele><time>2024-09-19T18:01:15Z</time></trkpt>
<trkpt lat="39.325364" lon="-119.935640"><ele>2891.6</ele><time>2024-09-19T18:01:59Z</time></trkpt>
<trkpt lat="39.325251" lon="-119.935602"><ele>2890.8</ele><time>2024-09-19T18:02:02Z</time></trkpt>
<trkpt lat="39.325416" lon="-119.935586"><ele>2890.8</ele><time>2024-09-19T18:02:03Z</time></trkpt>
<trkpt lat="39.325271" lon="-119.935572"><ele>2890.6</ele><time>2024-09-19T18:02:07Z</time></trkpt>
<trkpt lat="39.325172" lon="-119.935451"><ele>2890.2</ele><time>2024-09-19T18:02:10Z</time></trkpt>
<trkpt lat="39.325115" lon="-119.934961"><ele>2886.2</ele><time>2024-09-19T18:02:44Z</time></trkpt>
<trkpt lat="39.324853" lon="-119.934384"><ele>2880.8</ele><time>2024-09-19T18:03:30Z</time></trkpt>
<trkpt lat="39.324824" lon="-119.934099"><ele>2877.8</ele><time>2024-09-19T18:03:54Z</time></trkpt>
<trkpt lat="39.324717" lon="-119.933922"><ele>2875.4</ele><time>2024-09-19T18:04:04Z</time></trkpt>
<trkpt lat="39.324855" lon="-119.933973"><ele>2874.6</ele><time>2024-09-19T18:04:06Z</time></trkpt>
<trkpt lat="39.325258" lon="-119.934362"><ele>2874.2</ele><time>2024-09-19T18:04:08Z</time></trkpt>
<trkpt lat="39.324556" lon="-119.933614"><ele>2873.2</ele><time>2024-09-19T18:04:29Z</time></trkpt>
<trkpt lat="39.324488" lon="-119.933623"><ele>2871.2</ele><time>2024-09-19T18:04:39Z</time></trkpt>
<trkpt lat="39.324209" lon="-119.933414"><ele>2868.6</ele><time>2024-09-19T18:04:53Z</time></trkpt>
<trkpt lat="39.324459" lon="-119.933481"><ele>2868.2</ele><time>2024-09-19T18:04:57Z</time></trkpt>
<trkpt lat="39.324194" lon="-119.933302"><ele>2867.4</ele><time>2024-09-19T18:05:05Z</time></trkpt>
<trkpt lat="39.323920" lon="-119.932685"><ele>2859.8</ele><time>2024-09-19T18:05:51Z</time></trkpt>
<trkpt lat="39.323569" lon="-119.932379"><ele>2854.0</ele><time>2024-09-19T18:06:53Z</time></trkpt>
<trkpt lat="39.323363" lon="-119.931982"><ele>2852.0</ele><time>2024-09-19T18:07:25Z</time></trkpt>
<trkpt lat="39.323401" lon="-119.931842"><ele>2851.4</ele><time>2024-09-19T18:07:39Z</time></trkpt>
<trkpt lat="39.323714" lon="-119.931660"><ele>2852.2</ele><time>2024-09-19T18:08:09Z</time></trkpt>
<trkpt lat="39.323907" lon="-119.931456"><ele>2848.8</ele><time>2024-09-19T18:08:47Z</time></trkpt>
<trkpt lat="39.324526" lon="-119.931110"><ele>2848.6</ele><time>2024-09-19T18:09:27Z</time></trkpt>
<trkpt lat="39.324649" lon="-119.930987"><ele>2848.8</ele><time>2024-09-19T18:09:30Z</time></trkpt>
<trkpt lat="39.324743" lon="-119.930668"><ele>2843.6</ele><time>2024-09-19T18:10:05Z</time></trkpt>
<trkpt lat="39.324946" lon="-119.930507"><ele>2842.6</ele><time>2024-09-19T18:10:19Z</time></trkpt>
<trkpt lat="39.324921" lon="-119.930421"><ele>2843.4</ele><time>2024-09-19T18:10:31Z</time></trkpt>
<trkpt lat="39.325017" lon="-119.930077"><ele>2843.2</ele><time>2024-09-19T18:10:59Z</time></trkpt>
<trkpt lat="39.324617" lon="-119.929777"><ele>2840.0</ele><time>2024-09-19T18:11:33Z</time></trkpt>
<trkpt lat="39.324347" lon="-119.929439"><ele>2838.8</ele><time>2024-09-19T18:12:16Z</time></trkpt>
<trkpt lat="39.324747" lon="-119.928747"><ele>2831.0</ele><time>2024-09-19T18:13:11Z</time></trkpt>
<trkpt lat="39.325281" lon="-119.928183"><ele>2827.8</ele><time>2024-09-19T18:14:05Z</time></trkpt>
<trkpt lat="39.325116" lon="-119.928073"><ele>2827.8</ele><time>2024-09-19T18:14:08Z</time></trkpt>
<trkpt lat="39.325314" lon="-119.928090"><ele>2827.2</ele><time>2024-09-19T18:14:14Z</time></trkpt>
<trkpt lat="39.325137" lon="-119.927979"><ele>2827.0</ele><time>2024-09-19T18:14:17Z</time></trkpt>
<trkpt lat="39.325248" lon="-119.927969"><ele>2826.0</ele><time>2024-09-19T18:14:25Z</time></trkpt>
<trkpt lat="39.325307" lon="-119.927508"><ele>2822.2</ele><time>2024-09-19T18:14:41Z</time></trkpt>
<trkpt lat="39.325161" lon="-119.927390"><ele>2821.2</ele><time>2024-09-19T18:14:49Z</time></trkpt>
<trkpt lat="39.325168" lon="-119.927458"><ele>2820.8</ele><time>2024-09-19T18:14:57Z</time></trkpt>
<trkpt lat="39.325458" lon="-119.927578"><ele>2816.6</ele><time>2024-09-19T18:15:25Z</time></trkpt>
<trkpt lat="39.325886" lon="-119.927557"><ele>2811.2</ele><time>2024-09-19T18:16:08Z</time></trkpt>
<trkpt lat="39.325812" lon="-119.927433"><ele>2806.4</ele><time>2024-09-19T18:16:27Z</time></trkpt>
<trkpt lat="39.325468" lon="-119.927430"><ele>2804.0</ele><time>2024-09-19T18:17:01Z</time></trkpt>
<trkpt lat="39.325104" lon="-119.927306"><ele>2797.0</ele><time>2024-09-19T18:17:27Z</time></trkpt>
<trkpt lat="39.325066" lon="-119.927144"><ele>2794.8</ele><time>2024-09-19T18:17:47Z</time></trkpt>
<trkpt lat="39.325105" lon="-119.926863"><ele>2793.0</ele><time>2024-09-19T18:18:04Z</time></trkpt>
<trkpt lat="39.325297" lon="-119.927038"><ele>2792.8</ele><time>2024-09-19T18:18:07Z</time></trkpt>
<trkpt lat="39.326677" lon="-119.927030"><ele>2783.0</ele><time>2024-09-19T18:20:02Z</time></trkpt>
<trkpt lat="39.325868" lon="-119.926797"><ele>2780.4</ele><time>2024-09-19T18:21:25Z</time></trkpt>
<trkpt lat="39.325622" lon="-119.926578"><ele>2774.6</ele><time>2024-09-19T18:21:53Z</time></trkpt>
<trkpt lat="39.325495" lon="-119.926538"><ele>2775.0</ele><time>2024-09-19T18:22:04Z</time></trkpt>
<trkpt lat="39.325576" lon="-119.926623"><ele>2774.6</ele><time>2024-09-19T18:22:10Z</time></trkpt>
<trkpt lat="39.325389" lon="-119.926595"><ele>2773.8</ele><time>2024-09-19T18:22:17Z</time></trkpt>
<trkpt lat="39.325398" lon="-119.926208"><ele>2765.2</ele><time>2024-09-19T18:22:51Z</time></trkpt>
<trkpt lat="39.325548" lon="-119.925974"><ele>2763.6</ele><time>2024-09-19T18:23:11Z</time></trkpt>
<trkpt lat="39.325628" lon="-119.926053"><ele>2760.6</ele><time>2024-09-19T18:23:19Z</time></trkpt>
<trkpt lat="39.325733" lon="-119.926010"><ele>2757.2</ele><time>2024-09-19T18:23:51Z</time></trkpt>
<trkpt lat="39.325797" lon="-119.926178"><ele>2754.8</ele><time>2024-09-19T18:24:04Z</time></trkpt>
<trkpt lat="39.325919" lon="-119.926247"><ele>2754.2</ele><time>2024-09-19T18:24:26Z</time></trkpt>
<trkpt lat="39.325957" lon="-119.926189"><ele>2753.0</ele><time>2024-09-19T18:24:30Z</time></trkpt>
<trkpt lat="39.325975" lon="-119.926255"><ele>2751.4</ele><time>2024-09-19T18:24:37Z</time></trkpt>
<trkpt lat="39.326023" lon="-119.926131"><ele>2750.8</ele><time>2024-09-19T18:24:46Z</time></trkpt>
<trkpt lat="39.325673" lon="-119.926433"><ele>2751.4</ele><time>2024-09-19T18:26:30Z</time></trkpt>
<trkpt lat="39.325996" lon="-119.925969"><ele>2751.2</ele><time>2024-09-19T18:27:02Z</time></trkpt>
<trkpt lat="39.325983" lon="-119.926090"><ele>2753.6</ele><time>2024-09-19T18:27:20Z</time></trkpt>
<trkpt lat="39.325897" lon="-119.926146"><ele>2754.2</ele><time>2024-09-19T18:27:51Z</time></trkpt>
<trkpt lat="39.326189" lon="-119.926369"><ele>2756.0</ele><time>2024-09-19T18:28:41Z</time></trkpt>
<trkpt lat="39.325950" lon="-119.926156"><ele>2757.8</ele><time>2024-09-19T18:29:15Z</time></trkpt>
<trkpt lat="39.326015" lon="-119.926062"><ele>2758.2</ele><time>2024-09-19T18:31:04Z</time></trkpt>
<trkpt lat="39.325920" lon="-119.926083"><ele>2757.2</ele><time>2024-09-19T18:31:17Z</time></trkpt>
<trkpt lat="39.325957" lon="-119.926145"><ele>2758.0</ele><time>2024-09-19T18:33:03Z</time></trkpt>
<trkpt lat="39.326044" lon="-119.926112"><ele>2758.0</ele><time>2024-09-19T18:33:11Z</time></trkpt>
<trkpt lat="39.326004" lon="-119.926224"><ele>2757.8</ele><time>2024-09-19T18:33:18Z</time></trkpt>
<trkpt lat="39.325983" lon="-119.926038"><ele>2759.0</ele><time>2024-09-19T18:35:08Z</time></trkpt>
<trkpt lat="39.326072" lon="-119.926092"><ele>2758.0</ele><time>2024-09-19T18:35:14Z</time></trkpt>
<trkpt lat="39.325950" lon="-119.926174"><ele>2759.0</ele><time>2024-09-19T18:35:30Z</time></trkpt>
<trkpt lat="39.326142" lon="-119.926067"><ele>2758.6</ele><time>2024-09-19T18:36:27Z</time></trkpt>
<trkpt lat="39.325833" lon="-119.926160"><ele>2759.8</ele><time>2024-09-19T18:37:09Z</time></trkpt>
<trkpt lat="39.325873" lon="-119.926189"><ele>2759.8</ele><time>2024-09-19T18:37:11Z</time></trkpt>
<trkpt lat="39.325830" lon="-119.926141"><ele>2759.8</ele><time>2024-09-19T18:37:16Z</time></trkpt>
<trkpt lat="39.326102" lon="-119.925828"><ele>2760.8</ele><time>2024-09-19T18:39:05Z</time></trkpt>
<trkpt lat="39.326035" lon="-119.925914"><ele>2760.6</ele><time>2024-09-19T18:39:08Z</time></trkpt>
<trkpt lat="39.326029" lon="-119.926102"><ele>2760.6</ele><time>2024-09-19T18:39:12Z</time></trkpt>
<trkpt lat="39.325915" lon="-119.926083"><ele>2759.8</ele><time>2024-09-19T18:39:19Z</time></trkpt>
<trkpt lat="39.326173" lon="-119.926098"><ele>2761.6</ele><time>2024-09-19T18:43:13Z</time></trkpt>
<trkpt lat="39.325595" lon="-119.926336"><ele>2762.0</ele><time>2024-09-19T18:45:14Z</time></trkpt>
<trkpt lat="39.326042" lon="-119.926180"><ele>2761.0</ele><time>2024-09-19T18:47:07Z</time></trkpt>
<trkpt lat="39.325887" lon="-119.926128"><ele>2761.0</ele><time>2024-09-19T18:48:30Z</time></trkpt>
<trkpt lat="39.326011" lon="-119.926086"><ele>2761.0</ele><time>2024-09-19T18:49:19Z</time></trkpt>
<trkpt lat="39.325839" lon="-119.926136"><ele>2762.6</ele><time>2024-09-19T18:51:13Z</time></trkpt>
<trkpt lat="39.325840" lon="-119.925861"><ele>2761.8</ele><time>2024-09-19T18:53:11Z</time></trkpt>
<trkpt lat="39.325882" lon="-119.926072"><ele>2762.2</ele><time>2024-09-19T18:53:18Z</time></trkpt>
<trkpt lat="39.325767" lon="-119.926131"><ele>2765.4</ele><time>2024-09-19T18:55:10Z</time></trkpt>
<trkpt lat="39.325873" lon="-119.926172"><ele>2764.0</ele><time>2024-09-19T18:57:19Z</time></trkpt>
<trkpt lat="39.326135" lon="-119.926038"><ele>2763.6</ele><time>2024-09-19T18:59:18Z</time></trkpt>
<trkpt lat="39.325899" lon="-119.926167"><ele>2763.6</ele><time>2024-09-19T19:01:08Z</time></trkpt>
<trkpt lat="39.325955" lon="-119.926036"><ele>2764.0</ele><time>2024-09-19T19:01:27Z</time></trkpt>
<trkpt lat="39.326078" lon="-119.926099"><ele>2764.4</ele><time>2024-09-19T19:03:05Z</time></trkpt>
<trkpt lat="39.325982" lon="-119.926092"><ele>2764.4</ele><time>2024-09-19T19:03:06Z</time></trkpt>
<trkpt lat="39.326026" lon="-119.926083"><ele>2763.0</ele><time>2024-09-19T19:03:19Z</time></trkpt>
<trkpt lat="39.325911" lon="-119.926177"><ele>2763.6</ele><time>2024-09-19T19:05:06Z</time></trkpt>
<trkpt lat="39.326019" lon="-119.926050"><ele>2766.0</ele><time>2024-09-19T19:08:58Z</time></trkpt>
<trkpt lat="39.325862" lon="-119.926070"><ele>2766.4</ele><time>2024-09-19T19:09:17Z</time></trkpt>
<trkpt lat="39.325812" lon="-119.926132"><ele>2764.6</ele><time>2024-09-19T19:10:44Z</time></trkpt>
<trkpt lat="39.325831" lon="-119.926228"><ele>2765.2</ele><time>2024-09-19T19:11:09Z</time></trkpt>
<trkpt lat="39.325896" lon="-119.926063"><ele>2764.8</ele><time>2024-09-19T19:11:13Z</time></trkpt>
<trkpt lat="39.325951" lon="-119.926111"><ele>2765.0</ele><time>2024-09-19T19:11:19Z</time></trkpt>
<trkpt lat="39.325842" lon="-119.926160"><ele>2763.2</ele><time>2024-09-19T19:12:32Z</time></trkpt>
<trkpt lat="39.325872" lon="-119.926109"><ele>2765.0</ele><time>2024-09-19T19:13:12Z</time></trkpt>
<trkpt lat="39.325909" lon="-119.926115"><ele>2765.8</ele><time>2024-09-19T19:13:16Z</time></trkpt>
<trkpt lat="39.325756" lon="-119.926263"><ele>2763.8</ele><time>2024-09-19T19:15:05Z</time></trkpt>
<trkpt lat="39.325986" lon="-119.926084"><ele>2764.2</ele><time>2024-09-19T19:15:10Z</time></trkpt>
<trkpt lat="39.325741" lon="-119.926164"><ele>2763.4</ele><time>2024-09-19T19:18:46Z</time></trkpt>
<trkpt lat="39.325894" lon="-119.926046"><ele>2762.8</ele><time>2024-09-19T19:19:15Z</time></trkpt>
<trkpt lat="39.325874" lon="-119.926108"><ele>2762.8</ele><time>2024-09-19T19:19:19Z</time></trkpt>
<trkpt lat="39.325913" lon="-119.926091"><ele>2764.0</ele><time>2024-09-19T19:19:23Z</time></trkpt>
<trkpt lat="39.325914" lon="-119.926163"><ele>2764.2</ele><time>2024-09-19T19:20:48Z</time></trkpt>
<trkpt lat="39.325816" lon="-119.925969"><ele>2765.4</ele><time>2024-09-19T19:21:15Z</time></trkpt>
<trkpt lat="39.325596" lon="-119.925106"><ele>2766.6</ele><time>2024-09-19T19:22:20Z</time></trkpt>
<trkpt lat="39.325482" lon="-119.924514"><ele>2773.4</ele><time>2024-09-19T19:23:06Z</time></trkpt>
<trkpt lat="39.325526" lon="-119.924324"><ele>2773.8</ele><time>2024-09-19T19:23:12Z</time></trkpt>
<trkpt lat="39.325438" lon="-119.924273"><ele>2774.6</ele><time>2024-09-19T19:23:21Z</time></trkpt>
<trkpt lat="39.325411" lon="-119.924101"><ele>2775.6</ele><time>2024-09-19T19:23:28Z</time></trkpt>
<trkpt lat="39.325464" lon="-119.923631"><ele>2780.8</ele><time>2024-09-19T19:24:28Z</time></trkpt>
<trkpt lat="39.325338" lon="-119.923265"><ele>2783.0</ele><time>2024-09-19T19:25:06Z</time></trkpt>
<trkpt lat="39.325524" lon="-119.923012"><ele>2783.4</ele><time>2024-09-19T19:25:14Z</time></trkpt>
<trkpt lat="39.325477" lon="-119.922994"><ele>2783.6</ele><time>2024-09-19T19:25:16Z</time></trkpt>
<trkpt lat="39.325504" lon="-119.922780"><ele>2783.8</ele><time>2024-09-19T19:25:26Z</time></trkpt>
<trkpt lat="39.325624" lon="-119.922536"><ele>2783.8</ele><time>2024-09-19T19:25:32Z</time></trkpt>
<trkpt lat="39.325518" lon="-119.922305"><ele>2783.6</ele><time>2024-09-19T19:25:46Z</time></trkpt>
<trkpt lat="39.325535" lon="-119.922168"><ele>2783.0</ele><time>2024-09-19T19:25:54Z</time></trkpt>
<trkpt lat="39.325931" lon="-119.920554"><ele>2781.6</ele><time>2024-09-19T19:27:04Z</time></trkpt>
<trkpt lat="39.325832" lon="-119.921446"><ele>2781.8</ele><time>2024-09-19T19:27:09Z</time></trkpt>
<trkpt lat="39.325940" lon="-119.921377"><ele>2781.0</ele><time>2024-09-19T19:27:21Z</time></trkpt>
<trkpt lat="39.326006" lon="-119.921051"><ele>2779.6</ele><time>2024-09-19T19:28:05Z</time></trkpt>
<trkpt lat="39.325835" lon="-119.920887"><ele>2780.2</ele><time>2024-09-19T19:29:05Z</time></trkpt>
<trkpt lat="39.325558" lon="-119.920912"><ele>2780.8</ele><time>2024-09-19T19:29:21Z</time></trkpt>
<trkpt lat="39.324519" lon="-119.920129"><ele>2788.0</ele><time>2024-09-19T19:31:06Z</time></trkpt>
<trkpt lat="39.324133" lon="-119.919504"><ele>2792.4</ele><time>2024-09-19T19:31:53Z</time></trkpt>
<trkpt lat="39.323913" lon="-119.918842"><ele>2798.8</ele><time>2024-09-19T19:33:04Z</time></trkpt>
<trkpt lat="39.323948" lon="-119.918670"><ele>2799.0</ele><time>2024-09-19T19:33:06Z</time></trkpt>
<trkpt lat="39.323265" lon="-119.918212"><ele>2803.4</ele><time>2024-09-19T19:34:06Z</time></trkpt>
<trkpt lat="39.322985" lon="-119.918201"><ele>2804.0</ele><time>2024-09-19T19:34:31Z</time></trkpt>
<trkpt lat="39.322959" lon="-119.918286"><ele>2802.0</ele><time>2024-09-19T19:35:49Z</time></trkpt>
<trkpt lat="39.322654" lon="-119.918220"><ele>2803.8</ele><time>2024-09-19T19:36:18Z</time></trkpt>
<trkpt lat="39.322136" lon="-119.917662"><ele>2804.0</ele><time>2024-09-19T19:37:27Z</time></trkpt>
<trkpt lat="39.322056" lon="-119.917390"><ele>2800.6</ele><time>2024-09-19T19:37:45Z</time></trkpt>
<trkpt lat="39.321639" lon="-119.917075"><ele>2798.6</ele><time>2024-09-19T19:38:06Z</time></trkpt>
<trkpt lat="39.322115" lon="-119.916703"><ele>2797.6</ele><time>2024-09-19T19:38:11Z</time></trkpt>
<trkpt lat="39.321124" lon="-119.915530"><ele>2804.6</ele><time>2024-09-19T19:40:08Z</time></trkpt>
<trkpt lat="39.320850" lon="-119.915020"><ele>2805.0</ele><time>2024-09-19T19:40:29Z</time></trkpt>
<trkpt lat="39.320538" lon="-119.914627"><ele>2806.2</ele><time>2024-09-19T19:41:05Z</time></trkpt>
<trkpt lat="39.320169" lon="-119.913932"><ele>2806.4</ele><time>2024-09-19T19:42:04Z</time></trkpt>
<trkpt lat="39.320224" lon="-119.913842"><ele>2806.4</ele><time>2024-09-19T19:42:08Z</time></trkpt>
<trkpt lat="39.320077" lon="-119.913391"><ele>2808.4</ele><time>2024-09-19T19:42:35Z</time></trkpt>
<trkpt lat="39.319909" lon="-119.913128"><ele>2810.8</ele><time>2024-09-19T19:43:17Z</time></trkpt>
<trkpt lat="39.319358" lon="-119.912658"><ele>2806.8</ele><time>2024-09-19T19:44:14Z</time></trkpt>
<trkpt lat="39.317844" lon="-119.912510"><ele>2805.4</ele><time>2024-09-19T19:46:10Z</time></trkpt>
<trkpt lat="39.317708" lon="-119.912395"><ele>2805.0</ele><time>2024-09-19T19:46:24Z</time></trkpt>
<trkpt lat="39.317400" lon="-119.912336"><ele>2805.2</ele><time>2024-09-19T19:46:37Z</time></trkpt>
<trkpt lat="39.316991" lon="-119.912343"><ele>2806.2</ele><time>2024-09-19T19:47:31Z</time></trkpt>
<trkpt lat="39.316475" lon="-119.912611"><ele>2803.8</ele><time>2024-09-19T19:48:04Z</time></trkpt>
<trkpt lat="39.316451" lon="-119.912767"><ele>2802.6</ele><time>2024-09-19T19:48:15Z</time></trkpt>
<trkpt lat="39.316382" lon="-119.912792"><ele>2802.2</ele><time>2024-09-19T19:48:18Z</time></trkpt>
<trkpt lat="39.316127" lon="-119.912719"><ele>2801.0</ele><time>2024-09-19T19:48:41Z</time></trkpt>
<trkpt lat="39.315337" lon="-119.911825"><ele>2801.0</ele><time>2024-09-19T19:50:07Z</time></trkpt>
<trkpt lat="39.314427" lon="-119.911551"><ele>2794.0</ele><time>2024-09-19T19:51:23Z</time></trkpt>
<trkpt lat="39.313708" lon="-119.911197"><ele>2791.2</ele><time>2024-09-19T19:52:22Z</time></trkpt>
<trkpt lat="39.313405" lon="-119.910549"><ele>2788.2</ele><time>2024-09-19T19:53:09Z</time></trkpt>
<trkpt lat="39.313078" lon="-119.910167"><ele>2787.0</ele><time>2024-09-19T19:54:10Z</time></trkpt>
<trkpt lat="39.313149" lon="-119.910120"><ele>2784.8</ele><time>2024-09-19T19:54:19Z</time></trkpt>
<trkpt lat="39.313126" lon="-119.910046"><ele>2784.4</ele><time>2024-09-19T19:54:22Z</time></trkpt>
<trkpt lat="39.312611" lon="-119.909439"><ele>2779.4</ele><time>2024-09-19T19:55:23Z</time></trkpt>
<trkpt lat="39.312465" lon="-119.909021"><ele>2776.2</ele><time>2024-09-19T19:55:47Z</time></trkpt>
<trkpt lat="39.312232" lon="-119.908851"><ele>2775.2</ele><time>2024-09-19T19:56:05Z</time></trkpt>
<trkpt lat="39.312239" lon="-119.908705"><ele>2775.0</ele><time>2024-09-19T19:56:06Z</time></trkpt>
<trkpt lat="39.311861" lon="-119.908076"><ele>2767.2</ele><time>2024-09-19T19:56:52Z</time></trkpt>
<trkpt lat="39.311574" lon="-119.907428"><ele>2765.6</ele><time>2024-09-19T19:57:32Z</time></trkpt>
<trkpt lat="39.311413" lon="-119.907185"><ele>2769.4</ele><time>2024-09-19T19:58:07Z</time></trkpt>
<trkpt lat="39.311514" lon="-119.907187"><ele>2769.6</ele><time>2024-09-19T19:58:08Z</time></trkpt>
<trkpt lat="39.311451" lon="-119.906889"><ele>2771.4</ele><time>2024-09-19T19:58:24Z</time></trkpt>
<trkpt lat="39.311526" lon="-119.906312"><ele>2772.0</ele><time>2024-09-19T19:58:54Z</time></trkpt>
<trkpt lat="39.311825" lon="-119.905635"><ele>2772.8</ele><time>2024-09-19T20:00:05Z</time></trkpt>
<trkpt lat="39.311713" lon="-119.905537"><ele>2772.2</ele><time>2024-09-19T20:00:09Z</time></trkpt>
<trkpt lat="39.311728" lon="-119.905424"><ele>2771.6</ele><time>2024-09-19T20:00:14Z</time></trkpt>
<trkpt lat="39.311787" lon="-119.905427"><ele>2771.6</ele><time>2024-09-19T20:00:20Z</time></trkpt>
<trkpt lat="39.311771" lon="-119.905069"><ele>2771.2</ele><time>2024-09-19T20:00:41Z</time></trkpt>
<trkpt lat="39.311590" lon="-119.904779"><ele>2770.6</ele><time>2024-09-19T20:01:02Z</time></trkpt>
<trkpt lat="39.311802" lon="-119.904546"><ele>2769.4</ele><time>2024-09-19T20:01:23Z</time></trkpt>
<trkpt lat="39.311817" lon="-119.904355"><ele>2766.6</ele><time>2024-09-19T20:01:35Z</time></trkpt>
<trkpt lat="39.311757" lon="-119.903292"><ele>2756.8</ele><time>2024-09-19T20:02:36Z</time></trkpt>
<trkpt lat="39.311596" lon="-119.903207"><ele>2755.6</ele><time>2024-09-19T20:02:52Z</time></trkpt>
<trkpt lat="39.311527" lon="-119.903082"><ele>2753.4</ele><time>2024-09-19T20:03:04Z</time></trkpt>
<trkpt lat="39.311356" lon="-119.902261"><ele>2750.4</ele><time>2024-09-19T20:04:05Z</time></trkpt>
<trkpt lat="39.311532" lon="-119.902377"><ele>2751.2</ele><time>2024-09-19T20:04:20Z</time></trkpt>
<trkpt lat="39.311529" lon="-119.902263"><ele>2749.6</ele><time>2024-09-19T20:05:28Z</time></trkpt>
<trkpt lat="39.311505" lon="-119.902323"><ele>2752.2</ele><time>2024-09-19T20:06:07Z</time></trkpt>
<trkpt lat="39.311568" lon="-119.902390"><ele>2751.8</ele><time>2024-09-19T20:06:18Z</time></trkpt>
<trkpt lat="39.311468" lon="-119.902318"><ele>2750.8</ele><time>2024-09-19T20:07:54Z</time></trkpt>
<trkpt lat="39.311575" lon="-119.902397"><ele>2751.8</ele><time>2024-09-19T20:08:18Z</time></trkpt>
<trkpt lat="39.311589" lon="-119.902208"><ele>2748.8</ele><time>2024-09-19T20:08:48Z</time></trkpt>
<trkpt lat="39.311921" lon="-119.901290"><ele>2740.8</ele><time>2024-09-19T20:09:52Z</time></trkpt>
<trkpt lat="39.311957" lon="-119.901011"><ele>2739.8</ele><time>2024-09-19T20:10:07Z</time></trkpt>
<trkpt lat="39.311876" lon="-119.900839"><ele>2740.6</ele><time>2024-09-19T20:10:14Z</time></trkpt>
<trkpt lat="39.311888" lon="-119.900726"><ele>2739.6</ele><time>2024-09-19T20:10:23Z</time></trkpt>
<trkpt lat="39.312020" lon="-119.900612"><ele>2737.0</ele><time>2024-09-19T20:10:42Z</time></trkpt>
<trkpt lat="39.312387" lon="-119.899733"><ele>2730.6</ele><time>2024-09-19T20:11:56Z</time></trkpt>
<trkpt lat="39.312429" lon="-119.899606"><ele>2728.2</ele><time>2024-09-19T20:12:05Z</time></trkpt>
<trkpt lat="39.312322" lon="-119.899239"><ele>2727.0</ele><time>2024-09-19T20:12:14Z</time></trkpt>
<trkpt lat="39.312435" lon="-119.899202"><ele>2728.0</ele><time>2024-09-19T20:12:21Z</time></trkpt>
<trkpt lat="39.312551" lon="-119.898967"><ele>2725.8</ele><time>2024-09-19T20:12:54Z</time></trkpt>
<trkpt lat="39.312805" lon="-119.898090"><ele>2718.2</ele><time>2024-09-19T20:13:50Z</time></trkpt>
<trkpt lat="39.312771" lon="-119.898004"><ele>2717.2</ele><time>2024-09-19T20:13:58Z</time></trkpt>
<trkpt lat="39.312630" lon="-119.897940"><ele>2717.4</ele><time>2024-09-19T20:14:21Z</time></trkpt>
<trkpt lat="39.312887" lon="-119.897563"><ele>2712.2</ele><time>2024-09-19T20:16:16Z</time></trkpt>
<trkpt lat="39.312814" lon="-119.897564"><ele>2712.4</ele><time>2024-09-19T20:16:23Z</time></trkpt>
<trkpt lat="39.312913" lon="-119.897575"><ele>2711.8</ele><time>2024-09-19T20:17:04Z</time></trkpt>
<trkpt lat="39.312647" lon="-119.897413"><ele>2712.0</ele><time>2024-09-19T20:18:05Z</time></trkpt>
<trkpt lat="39.312667" lon="-119.897486"><ele>2712.2</ele><time>2024-09-19T20:18:08Z</time></trkpt>
<trkpt lat="39.312366" lon="-119.897366"><ele>2710.0</ele><time>2024-09-19T20:18:25Z</time></trkpt>
<trkpt lat="39.312039" lon="-119.897054"><ele>2709.6</ele><time>2024-09-19T20:18:56Z</time></trkpt>
<trkpt lat="39.311676" lon="-119.896864"><ele>2708.8</ele><time>2024-09-19T20:19:36Z</time></trkpt>
<trkpt lat="39.311394" lon="-119.897156"><ele>2707.4</ele><time>2024-09-19T20:20:08Z</time></trkpt>
<trkpt lat="39.311123" lon="-119.896828"><ele>2707.4</ele><time>2024-09-19T20:20:35Z</time></trkpt>
<trkpt lat="39.311157" lon="-119.896653"><ele>2705.2</ele><time>2024-09-19T20:20:47Z</time></trkpt>
<trkpt lat="39.311721" lon="-119.895926"><ele>2704.0</ele><time>2024-09-19T20:21:53Z</time></trkpt>
<trkpt lat="39.311763" lon="-119.895806"><ele>2704.4</ele><time>2024-09-19T20:22:07Z</time></trkpt>
<trkpt lat="39.311709" lon="-119.895571"><ele>2706.0</ele><time>2024-09-19T20:22:16Z</time></trkpt>
<trkpt lat="39.311738" lon="-119.895463"><ele>2706.2</ele><time>2024-09-19T20:22:24Z</time></trkpt>
<trkpt lat="39.312266" lon="-119.894660"><ele>2706.6</ele><time>2024-09-19T20:23:45Z</time></trkpt>
<trkpt lat="39.312445" lon="-119.894497"><ele>2707.0</ele><time>2024-09-19T20:24:01Z</time></trkpt>
<trkpt lat="39.312431" lon="-119.894347"><ele>2706.8</ele><time>2024-09-19T20:24:09Z</time></trkpt>
<trkpt lat="39.312208" lon="-119.894350"><ele>2705.6</ele><time>2024-09-19T20:24:22Z</time></trkpt>
<trkpt lat="39.311820" lon="-119.894533"><ele>2705.6</ele><time>2024-09-19T20:24:47Z</time></trkpt>
<trkpt lat="39.311719" lon="-119.894700"><ele>2705.2</ele><time>2024-09-19T20:24:55Z</time></trkpt>
<trkpt lat="39.310956" lon="-119.894369"><ele>2697.2</ele><time>2024-09-19T20:26:14Z</time></trkpt>
<trkpt lat="39.311035" lon="-119.894620"><ele>2695.6</ele><time>2024-09-19T20:26:21Z</time></trkpt>
<trkpt lat="39.310945" lon="-119.894537"><ele>2694.8</ele><time>2024-09-19T20:26:30Z</time></trkpt>
<trkpt lat="39.310732" lon="-119.894729"><ele>2691.6</ele><time>2024-09-19T20:26:52Z</time></trkpt>
<trkpt lat="39.310849" lon="-119.895385"><ele>2687.8</ele><time>2024-09-19T20:27:32Z</time></trkpt>
<trkpt lat="39.310558" lon="-119.895738"><ele>2681.4</ele><time>2024-09-19T20:28:08Z</time></trkpt>
<trkpt lat="39.310793" lon="-119.896037"><ele>2681.4</ele><time>2024-09-19T20:28:10Z</time></trkpt>
<trkpt lat="39.310582" lon="-119.896104"><ele>2681.8</ele><time>2024-09-19T20:28:21Z</time></trkpt>
<trkpt lat="39.310213" lon="-119.896517"><ele>2676.2</ele><time>2024-09-19T20:28:59Z</time></trkpt>
<trkpt lat="39.309989" lon="-119.897198"><ele>2669.2</ele><time>2024-09-19T20:29:43Z</time></trkpt>
<trkpt lat="39.309799" lon="-119.897404"><ele>2665.8</ele><time>2024-09-19T20:30:03Z</time></trkpt>
<trkpt lat="39.309745" lon="-119.897349"><ele>2665.0</ele><time>2024-09-19T20:30:06Z</time></trkpt>
<trkpt lat="39.309837" lon="-119.897463"><ele>2664.6</ele><time>2024-09-19T20:30:08Z</time></trkpt>
<trkpt lat="39.309836" lon="-119.897605"><ele>2663.6</ele><time>2024-09-19T20:30:14Z</time></trkpt>
<trkpt lat="39.309726" lon="-119.897710"><ele>2662.6</ele><time>2024-09-19T20:30:25Z</time></trkpt>
<trkpt lat="39.309578" lon="-119.898124"><ele>2659.6</ele><time>2024-09-19T20:31:09Z</time></trkpt>
<trkpt lat="39.309579" lon="-119.898314"><ele>2657.4</ele><time>2024-09-19T20:31:19Z</time></trkpt>
<trkpt lat="39.309404" lon="-119.898844"><ele>2653.8</ele><time>2024-09-19T20:32:03Z</time></trkpt>
<trkpt lat="39.309291" lon="-119.898881"><ele>2653.6</ele><time>2024-09-19T20:32:07Z</time></trkpt>
<trkpt lat="39.309514" lon="-119.899123"><ele>2653.6</ele><time>2024-09-19T20:32:09Z</time></trkpt>
<trkpt lat="39.309434" lon="-119.899341"><ele>2653.4</ele><time>2024-09-19T20:32:23Z</time></trkpt>
<trkpt lat="39.308889" lon="-119.899743"><ele>2649.2</ele><time>2024-09-19T20:33:05Z</time></trkpt>
<trkpt lat="39.308226" lon="-119.900083"><ele>2646.6</ele><time>2024-09-19T20:33:55Z</time></trkpt>
<trkpt lat="39.308406" lon="-119.900302"><ele>2646.4</ele><time>2024-09-19T20:34:06Z</time></trkpt>
<trkpt lat="39.307992" lon="-119.899938"><ele>2646.4</ele><time>2024-09-19T20:34:07Z</time></trkpt>
<trkpt lat="39.308732" lon="-119.900923"><ele>2646.8</ele><time>2024-09-19T20:34:21Z</time></trkpt>
<trkpt lat="39.307981" lon="-119.902238"><ele>2644.8</ele><time>2024-09-19T20:36:06Z</time></trkpt>
<trkpt lat="39.307888" lon="-119.902233"><ele>2645.2</ele><time>2024-09-19T20:36:11Z</time></trkpt>
<trkpt lat="39.307917" lon="-119.902460"><ele>2645.2</ele><time>2024-09-19T20:36:20Z</time></trkpt>
<trkpt lat="39.307638" lon="-119.903019"><ele>2645.4</ele><time>2024-09-19T20:36:49Z</time></trkpt>
<trkpt lat="39.307446" lon="-119.904065"><ele>2645.8</ele><time>2024-09-19T20:38:06Z</time></trkpt>
<trkpt lat="39.307556" lon="-119.904065"><ele>2646.0</ele><time>2024-09-19T20:38:09Z</time></trkpt>
<trkpt lat="39.307575" lon="-119.904124"><ele>2646.0</ele><time>2024-09-19T20:38:12Z</time></trkpt>
<trkpt lat="39.307504" lon="-119.904221"><ele>2647.0</ele><time>2024-09-19T20:38:21Z</time></trkpt>
<trkpt lat="39.307410" lon="-119.904755"><ele>2646.0</ele><time>2024-09-19T20:38:53Z</time></trkpt>
<trkpt lat="39.307221" lon="-119.905182"><ele>2645.4</ele><time>2024-09-19T20:39:25Z</time></trkpt>
<trkpt lat="39.307145" lon="-119.905692"><ele>2644.6</ele><time>2024-09-19T20:40:09Z</time></trkpt>
<trkpt lat="39.307239" lon="-119.906270"><ele>2643.8</ele><time>2024-09-19T20:40:57Z</time></trkpt>
<trkpt lat="39.307157" lon="-119.906885"><ele>2646.4</ele><time>2024-09-19T20:42:06Z</time></trkpt>
<trkpt lat="39.307226" lon="-119.906971"><ele>2646.6</ele><time>2024-09-19T20:42:09Z</time></trkpt>
<trkpt lat="39.307172" lon="-119.907158"><ele>2647.2</ele><time>2024-09-19T20:42:23Z</time></trkpt>
<trkpt lat="39.307184" lon="-119.907716"><ele>2650.4</ele><time>2024-09-19T20:43:07Z</time></trkpt>
<trkpt lat="39.307266" lon="-119.908040"><ele>2651.2</ele><time>2024-09-19T20:43:30Z</time></trkpt>
<trkpt lat="39.307435" lon="-119.907998"><ele>2652.4</ele><time>2024-09-19T20:43:48Z</time></trkpt>
<trkpt lat="39.307362" lon="-119.908063"><ele>2653.4</ele><time>2024-09-19T20:44:00Z</time></trkpt>
<trkpt lat="39.307410" lon="-119.908085"><ele>2653.0</ele><time>2024-09-19T20:44:25Z</time></trkpt>
<trkpt lat="39.307415" lon="-119.908292"><ele>2654.4</ele><time>2024-09-19T20:45:39Z</time></trkpt>
<trkpt lat="39.307382" lon="-119.908691"><ele>2652.4</ele><time>2024-09-19T20:46:05Z</time></trkpt>
<trkpt lat="39.307432" lon="-119.908712"><ele>2652.2</ele><time>2024-09-19T20:46:08Z</time></trkpt>
<trkpt lat="39.307363" lon="-119.908734"><ele>2651.6</ele><time>2024-09-19T20:46:18Z</time></trkpt>
<trkpt lat="39.307389" lon="-119.908695"><ele>2649.0</ele><time>2024-09-19T20:46:49Z</time></trkpt>
<trkpt lat="39.307311" lon="-119.908876"><ele>2647.8</ele><time>2024-09-19T20:47:03Z</time></trkpt>
<trkpt lat="39.307045" lon="-119.909739"><ele>2641.2</ele><time>2024-09-19T20:48:05Z</time></trkpt>
<trkpt lat="39.306826" lon="-119.909848"><ele>2641.2</ele><time>2024-09-19T20:48:06Z</time></trkpt>
<trkpt lat="39.306675" lon="-119.910021"><ele>2640.2</ele><time>2024-09-19T20:48:22Z</time></trkpt>
<trkpt lat="39.306311" lon="-119.910649"><ele>2637.4</ele><time>2024-09-19T20:48:45Z</time></trkpt>
<trkpt lat="39.306135" lon="-119.911206"><ele>2629.6</ele><time>2024-09-19T20:50:07Z</time></trkpt>
<trkpt lat="39.305975" lon="-119.911340"><ele>2628.6</ele><time>2024-09-19T20:50:39Z</time></trkpt>
<trkpt lat="39.305886" lon="-119.911658"><ele>2627.4</ele><time>2024-09-19T20:51:01Z</time></trkpt>
<trkpt lat="39.305701" lon="-119.911919"><ele>2625.4</ele><time>2024-09-19T20:51:25Z</time></trkpt>
<trkpt lat="39.305516" lon="-119.912681"><ele>2621.2</ele><time>2024-09-19T20:52:14Z</time></trkpt>
<trkpt lat="39.305027" lon="-119.913476"><ele>2616.0</ele><time>2024-09-19T20:53:18Z</time></trkpt>
<trkpt lat="39.304850" lon="-119.913831"><ele>2614.0</ele><time>2024-09-19T20:53:40Z</time></trkpt>
<trkpt lat="39.304748" lon="-119.914210"><ele>2612.6</ele><time>2024-09-19T20:54:17Z</time></trkpt>
<trkpt lat="39.304453" lon="-119.914516"><ele>2608.2</ele><time>2024-09-19T20:54:56Z</time></trkpt>
<trkpt lat="39.304266" lon="-119.914569"><ele>2606.0</ele><time>2024-09-19T20:55:10Z</time></trkpt>
<trkpt lat="39.303753" lon="-119.914304"><ele>2605.0</ele><time>2024-09-19T20:55:50Z</time></trkpt>
<trkpt lat="39.303474" lon="-119.914385"><ele>2600.6</ele><time>2024-09-19T20:56:08Z</time></trkpt>
<trkpt lat="39.303452" lon="-119.914464"><ele>2600.6</ele><time>2024-09-19T20:56:17Z</time></trkpt>
<trkpt lat="39.303362" lon="-119.914439"><ele>2603.0</ele><time>2024-09-19T20:56:25Z</time></trkpt>
<trkpt lat="39.303311" lon="-119.914698"><ele>2601.0</ele><time>2024-09-19T20:56:42Z</time></trkpt>
<trkpt lat="39.302629" lon="-119.914591"><ele>2595.8</ele><time>2024-09-19T20:57:36Z</time></trkpt>
<trkpt lat="39.302411" lon="-119.914626"><ele>2595.0</ele><time>2024-09-19T20:57:52Z</time></trkpt>
<trkpt lat="39.302096" lon="-119.914814"><ele>2595.2</ele><time>2024-09-19T20:58:24Z</time></trkpt>
<trkpt lat="39.301334" lon="-119.915032"><ele>2595.0</ele><time>2024-09-19T21:00:07Z</time></trkpt>
<trkpt lat="39.301303" lon="-119.915261"><ele>2595.2</ele><time>2024-09-19T21:00:09Z</time></trkpt>
<trkpt lat="39.301267" lon="-119.915052"><ele>2595.6</ele><time>2024-09-19T21:00:16Z</time></trkpt>
<trkpt lat="39.301163" lon="-119.915074"><ele>2596.6</ele><time>2024-09-19T21:00:26Z</time></trkpt>
<trkpt lat="39.301082" lon="-119.915476"><ele>2597.8</ele><time>2024-09-19T21:00:36Z</time></trkpt>
<trkpt lat="39.300909" lon="-119.915342"><ele>2598.2</ele><time>2024-09-19T21:00:40Z</time></trkpt>
<trkpt lat="39.300553" lon="-119.914850"><ele>2599.8</ele><time>2024-09-19T21:00:56Z</time></trkpt>
<trkpt lat="39.300140" lon="-119.914553"><ele>2602.4</ele><time>2024-09-19T21:02:08Z</time></trkpt>
<trkpt lat="39.300083" lon="-119.914658"><ele>2602.6</ele><time>2024-09-19T21:02:15Z</time></trkpt>
<trkpt lat="39.299979" lon="-119.914669"><ele>2602.8</ele><time>2024-09-19T21:02:23Z</time></trkpt>
<trkpt lat="39.299776" lon="-119.914549"><ele>2602.6</ele><time>2024-09-19T21:02:38Z</time></trkpt>
<trkpt lat="39.299191" lon="-119.913991"><ele>2608.4</ele><time>2024-09-19T21:04:10Z</time></trkpt>
<trkpt lat="39.298969" lon="-119.913985"><ele>2610.4</ele><time>2024-09-19T21:04:27Z</time></trkpt>
<trkpt lat="39.297988" lon="-119.914359"><ele>2618.6</ele><time>2024-09-19T21:06:09Z</time></trkpt>
<trkpt lat="39.297863" lon="-119.914227"><ele>2618.2</ele><time>2024-09-19T21:06:26Z</time></trkpt>
<trkpt lat="39.296683" lon="-119.913938"><ele>2622.0</ele><time>2024-09-19T21:08:09Z</time></trkpt>
<trkpt lat="39.296475" lon="-119.913936"><ele>2622.0</ele><time>2024-09-19T21:08:21Z</time></trkpt>
<trkpt lat="39.296416" lon="-119.913996"><ele>2622.4</ele><time>2024-09-19T21:08:27Z</time></trkpt>
<trkpt lat="39.295274" lon="-119.913886"><ele>2627.4</ele><time>2024-09-19T21:10:09Z</time></trkpt>
<trkpt lat="39.295115" lon="-119.913658"><ele>2627.8</ele><time>2024-09-19T21:10:26Z</time></trkpt>
<trkpt lat="39.295045" lon="-119.913363"><ele>2628.8</ele><time>2024-09-19T21:10:38Z</time></trkpt>
<trkpt lat="39.294944" lon="-119.912375"><ele>2637.6</ele><time>2024-09-19T21:12:10Z</time></trkpt>
<trkpt lat="39.294879" lon="-119.912312"><ele>2637.8</ele><time>2024-09-19T21:12:14Z</time></trkpt>
<trkpt lat="39.294933" lon="-119.912280"><ele>2638.4</ele><time>2024-09-19T21:12:20Z</time></trkpt>
<trkpt lat="39.294746" lon="-119.911422"><ele>2641.4</ele><time>2024-09-19T21:14:10Z</time></trkpt>
<trkpt lat="39.294782" lon="-119.911389"><ele>2641.0</ele><time>2024-09-19T21:14:17Z</time></trkpt>
<trkpt lat="39.294718" lon="-119.911456"><ele>2640.8</ele><time>2024-09-19T21:14:24Z</time></trkpt>
<trkpt lat="39.294713" lon="-119.911257"><ele>2641.2</ele><time>2024-09-19T21:14:52Z</time></trkpt>
<trkpt lat="39.294422" lon="-119.910915"><ele>2645.4</ele><time>2024-09-19T21:15:30Z</time></trkpt>
<trkpt lat="39.294405" lon="-119.910662"><ele>2650.0</ele><time>2024-09-19T21:16:04Z</time></trkpt>
<trkpt lat="39.294299" lon="-119.910676"><ele>2651.0</ele><time>2024-09-19T21:16:20Z</time></trkpt>
<trkpt lat="39.293605" lon="-119.911716"><ele>2660.0</ele><time>2024-09-19T21:18:09Z</time></trkpt>
<trkpt lat="39.293623" lon="-119.911797"><ele>2659.8</ele><time>2024-09-19T21:18:16Z</time></trkpt>
<trkpt lat="39.292757" lon="-119.912993"><ele>2666.6</ele><time>2024-09-19T21:20:45Z</time></trkpt>
<trkpt lat="39.292631" lon="-119.913368"><ele>2669.2</ele><time>2024-09-19T21:21:37Z</time></trkpt>
<trkpt lat="39.292439" lon="-119.913687"><ele>2671.0</ele><time>2024-09-19T21:22:08Z</time></trkpt>
<trkpt lat="39.292486" lon="-119.913693"><ele>2671.0</ele><time>2024-09-19T21:22:10Z</time></trkpt>
<trkpt lat="39.292462" lon="-119.913975"><ele>2668.2</ele><time>2024-09-19T21:22:49Z</time></trkpt>
<trkpt lat="39.292072" lon="-119.913830"><ele>2666.8</ele><time>2024-09-19T21:23:53Z</time></trkpt>
<trkpt lat="39.291986" lon="-119.913648"><ele>2668.2</ele><time>2024-09-19T21:24:08Z</time></trkpt>
<trkpt lat="39.291777" lon="-119.913632"><ele>2670.0</ele><time>2024-09-19T21:24:13Z</time></trkpt>
<trkpt lat="39.291679" lon="-119.913363"><ele>2669.2</ele><time>2024-09-19T21:24:37Z</time></trkpt>
<trkpt lat="39.291458" lon="-119.913140"><ele>2667.0</ele><time>2024-09-19T21:24:59Z</time></trkpt>
<trkpt lat="39.291073" lon="-119.912946"><ele>2665.8</ele><time>2024-09-19T21:25:41Z</time></trkpt>
<trkpt lat="39.291040" lon="-119.912705"><ele>2664.6</ele><time>2024-09-19T21:26:16Z</time></trkpt>
<trkpt lat="39.291144" lon="-119.912440"><ele>2666.4</ele><time>2024-09-19T21:26:33Z</time></trkpt>
<trkpt lat="39.291100" lon="-119.912131"><ele>2665.6</ele><time>2024-09-19T21:27:09Z</time></trkpt>
<trkpt lat="39.290799" lon="-119.911729"><ele>2671.0</ele><time>2024-09-19T21:27:39Z</time></trkpt>
<trkpt lat="39.290719" lon="-119.911379"><ele>2674.0</ele><time>2024-09-19T21:28:08Z</time></trkpt>
<trkpt lat="39.290684" lon="-119.911412"><ele>2674.2</ele><time>2024-09-19T21:28:12Z</time></trkpt>
<trkpt lat="39.290395" lon="-119.911170"><ele>2672.8</ele><time>2024-09-19T21:28:39Z</time></trkpt>
<trkpt lat="39.290199" lon="-119.910903"><ele>2675.0</ele><time>2024-09-19T21:29:07Z</time></trkpt>
<trkpt lat="39.289883" lon="-119.910784"><ele>2674.2</ele><time>2024-09-19T21:29:53Z</time></trkpt>
<trkpt lat="39.289721" lon="-119.910632"><ele>2674.6</ele><time>2024-09-19T21:30:11Z</time></trkpt>
<trkpt lat="39.289612" lon="-119.910674"><ele>2673.4</ele><time>2024-09-19T21:30:20Z</time></trkpt>
<trkpt lat="39.289336" lon="-119.910521"><ele>2676.0</ele><time>2024-09-19T21:30:45Z</time></trkpt>
<trkpt lat="39.289213" lon="-119.910346"><ele>2684.2</ele><time>2024-09-19T21:31:33Z</time></trkpt>
<trkpt lat="39.288907" lon="-119.909840"><ele>2681.0</ele><time>2024-09-19T21:32:11Z</time></trkpt>
<trkpt lat="39.288962" lon="-119.909663"><ele>2681.6</ele><time>2024-09-19T21:32:19Z</time></trkpt>
<trkpt lat="39.288930" lon="-119.909120"><ele>2682.0</ele><time>2024-09-19T21:33:25Z</time></trkpt>
<trkpt lat="39.288806" lon="-119.908839"><ele>2683.2</ele><time>2024-09-19T21:33:45Z</time></trkpt>
<trkpt lat="39.288469" lon="-119.908582"><ele>2680.4</ele><time>2024-09-19T21:34:08Z</time></trkpt>
<trkpt lat="39.288453" lon="-119.908677"><ele>2679.8</ele><time>2024-09-19T21:34:17Z</time></trkpt>
<trkpt lat="39.288216" lon="-119.908880"><ele>2680.4</ele><time>2024-09-19T21:34:57Z</time></trkpt>
<trkpt lat="39.288267" lon="-119.909290"><ele>2681.0</ele><time>2024-09-19T21:35:27Z</time></trkpt>
<trkpt lat="39.288275" lon="-119.909325"><ele>2688.0</ele><time>2024-09-19T21:36:53Z</time></trkpt>
<trkpt lat="39.288209" lon="-119.909261"><ele>2682.8</ele><time>2024-09-19T21:38:20Z</time></trkpt>
<trkpt lat="39.288783" lon="-119.908673"><ele>2679.4</ele><time>2024-09-19T21:40:11Z</time></trkpt>
<trkpt lat="39.288933" lon="-119.908809"><ele>2679.6</ele><time>2024-09-19T21:40:25Z</time></trkpt>
<trkpt lat="39.288977" lon="-119.907693"><ele>2683.2</ele><time>2024-09-19T21:42:09Z</time></trkpt>
<trkpt lat="39.289139" lon="-119.907046"><ele>2682.2</ele><time>2024-09-19T21:42:41Z</time></trkpt>
<trkpt lat="39.289527" lon="-119.905961"><ele>2680.8</ele><time>2024-09-19T21:44:09Z</time></trkpt>
<trkpt lat="39.289664" lon="-119.905755"><ele>2679.0</ele><time>2024-09-19T21:44:21Z</time></trkpt>
<trkpt lat="39.289753" lon="-119.905723"><ele>2678.2</ele><time>2024-09-19T21:44:26Z</time></trkpt>
<trkpt lat="39.289900" lon="-119.905341"><ele>2677.6</ele><time>2024-09-19T21:44:45Z</time></trkpt>
<trkpt lat="39.290216" lon="-119.904408"><ele>2679.4</ele><time>2024-09-19T21:46:08Z</time></trkpt>
<trkpt lat="39.290139" lon="-119.904391"><ele>2679.4</ele><time>2024-09-19T21:46:11Z</time></trkpt>
<trkpt lat="39.290202" lon="-119.904327"><ele>2678.4</ele><time>2024-09-19T21:46:18Z</time></trkpt>
<trkpt lat="39.290192" lon="-119.904147"><ele>2677.4</ele><time>2024-09-19T21:46:29Z</time></trkpt>
<trkpt lat="39.290381" lon="-119.903408"><ele>2678.4</ele><time>2024-09-19T21:47:34Z</time></trkpt>
<trkpt lat="39.290526" lon="-119.903171"><ele>2677.0</ele><time>2024-09-19T21:48:02Z</time></trkpt>
<trkpt lat="39.290541" lon="-119.902951"><ele>2678.4</ele><time>2024-09-19T21:48:19Z</time></trkpt>
<trkpt lat="39.290455" lon="-119.902752"><ele>2678.4</ele><time>2024-09-19T21:48:29Z</time></trkpt>
<trkpt lat="39.289591" lon="-119.902047"><ele>2669.2</ele><time>2024-09-19T21:50:19Z</time></trkpt>
<trkpt lat="39.289163" lon="-119.901980"><ele>2672.4</ele><time>2024-09-19T21:50:48Z</time></trkpt>
<trkpt lat="39.288900" lon="-119.901828"><ele>2678.0</ele><time>2024-09-19T21:51:42Z</time></trkpt>
<trkpt lat="39.288439" lon="-119.901723"><ele>2677.4</ele><time>2024-09-19T21:52:16Z</time></trkpt>
<trkpt lat="39.287671" lon="-119.902272"><ele>2671.8</ele><time>2024-09-19T21:54:00Z</time></trkpt>
<trkpt lat="39.287345" lon="-119.902407"><ele>2671.4</ele><time>2024-09-19T21:54:26Z</time></trkpt>
<trkpt lat="39.286781" lon="-119.902266"><ele>2670.6</ele><time>2024-09-19T21:55:29Z</time></trkpt>
<trkpt lat="39.286300" lon="-119.902009"><ele>2663.4</ele><time>2024-09-19T21:56:21Z</time></trkpt>
<trkpt lat="39.285834" lon="-119.901424"><ele>2666.6</ele><time>2024-09-19T21:59:58Z</time></trkpt>
<trkpt lat="39.285575" lon="-119.901380"><ele>2670.8</ele><time>2024-09-19T22:00:30Z</time></trkpt>
<trkpt lat="39.285488" lon="-119.901424"><ele>2677.8</ele><time>2024-09-19T22:01:24Z</time></trkpt>
<trkpt lat="39.285256" lon="-119.901565"><ele>2679.6</ele><time>2024-09-19T22:02:10Z</time></trkpt>
<trkpt lat="39.285612" lon="-119.901350"><ele>2679.4</ele><time>2024-09-19T22:02:15Z</time></trkpt>
<trkpt lat="39.285619" lon="-119.901439"><ele>2679.8</ele><time>2024-09-19T22:02:21Z</time></trkpt>
<trkpt lat="39.285569" lon="-119.901267"><ele>2680.8</ele><time>2024-09-19T22:04:20Z</time></trkpt>
<trkpt lat="39.285647" lon="-119.901256"><ele>2680.6</ele><time>2024-09-19T22:04:26Z</time></trkpt>
<trkpt lat="39.285564" lon="-119.901361"><ele>2680.4</ele><time>2024-09-19T22:07:06Z</time></trkpt>
<trkpt lat="39.285533" lon="-119.901412"><ele>2686.6</ele><time>2024-09-19T22:08:16Z</time></trkpt>
<trkpt lat="39.285523" lon="-119.901301"><ele>2686.6</ele><time>2024-09-19T22:08:19Z</time></trkpt>
<trkpt lat="39.285585" lon="-119.901420"><ele>2685.0</ele><time>2024-09-19T22:08:27Z</time></trkpt>
<trkpt lat="39.285675" lon="-119.901318"><ele>2681.4</ele><time>2024-09-19T22:10:29Z</time></trkpt>
<trkpt lat="39.285573" lon="-119.901319"><ele>2681.2</ele><time>2024-09-19T22:12:18Z</time></trkpt>
<trkpt lat="39.285575" lon="-119.901392"><ele>2681.2</ele><time>2024-09-19T22:12:26Z</time></trkpt>
<trkpt lat="39.285456" lon="-119.901332"><ele>2684.6</ele><time>2024-09-19T22:14:11Z</time></trkpt>
<trkpt lat="39.285479" lon="-119.901281"><ele>2684.0</ele><time>2024-09-19T22:14:13Z</time></trkpt>
<trkpt lat="39.285536" lon="-119.901329"><ele>2684.6</ele><time>2024-09-19T22:14:26Z</time></trkpt>
<trkpt lat="39.285553" lon="-119.901269"><ele>2688.2</ele><time>2024-09-19T22:18:39Z</time></trkpt>
<trkpt lat="39.285515" lon="-119.901345"><ele>2689.2</ele><time>2024-09-19T22:18:45Z</time></trkpt>
<trkpt lat="39.285309" lon="-119.901376"><ele>2690.4</ele><time>2024-09-19T22:19:17Z</time></trkpt>
<trkpt lat="39.285346" lon="-119.901425"><ele>2690.2</ele><time>2024-09-19T22:20:13Z</time></trkpt>
<trkpt lat="39.284972" lon="-119.901617"><ele>2687.8</ele><time>2024-09-19T22:20:39Z</time></trkpt>
<trkpt lat="39.284860" lon="-119.901803"><ele>2686.0</ele><time>2024-09-19T22:21:09Z</time></trkpt>
<trkpt lat="39.284908" lon="-119.901590"><ele>2687.8</ele><time>2024-09-19T22:22:11Z</time></trkpt>
<trkpt lat="39.285044" lon="-119.901572"><ele>2687.2</ele><time>2024-09-19T22:22:17Z</time></trkpt>
<trkpt lat="39.285126" lon="-119.901444"><ele>2686.4</ele><time>2024-09-19T22:22:30Z</time></trkpt>
<trkpt lat="39.285207" lon="-119.900734"><ele>2686.0</ele><time>2024-09-19T22:23:13Z</time></trkpt>
<trkpt lat="39.285198" lon="-119.900022"><ele>2685.6</ele><time>2024-09-19T22:24:11Z</time></trkpt>
<trkpt lat="39.285271" lon="-119.899959"><ele>2685.0</ele><time>2024-09-19T22:24:17Z</time></trkpt>
<trkpt lat="39.285322" lon="-119.899749"><ele>2686.2</ele><time>2024-09-19T22:24:35Z</time></trkpt>
<trkpt lat="39.284565" lon="-119.900116"><ele>2680.2</ele><time>2024-09-19T22:26:15Z</time></trkpt>
<trkpt lat="39.284462" lon="-119.900249"><ele>2680.4</ele><time>2024-09-19T22:26:29Z</time></trkpt>
<trkpt lat="39.283801" lon="-119.900275"><ele>2683.6</ele><time>2024-09-19T22:27:52Z</time></trkpt>
<trkpt lat="39.283476" lon="-119.900245"><ele>2685.2</ele><time>2024-09-19T22:28:11Z</time></trkpt>
<trkpt lat="39.283518" lon="-119.899942"><ele>2685.4</ele><time>2024-09-19T22:28:25Z</time></trkpt>
<trkpt lat="39.283224" lon="-119.899726"><ele>2686.8</ele><time>2024-09-19T22:28:57Z</time></trkpt>
<trkpt lat="39.282441" lon="-119.900023"><ele>2690.8</ele><time>2024-09-19T22:30:20Z</time></trkpt>
<trkpt lat="39.282085" lon="-119.900313"><ele>2690.6</ele><time>2024-09-19T22:30:43Z</time></trkpt>
<trkpt lat="39.281435" lon="-119.900571"><ele>2695.0</ele><time>2024-09-19T22:32:11Z</time></trkpt>
<trkpt lat="39.281108" lon="-119.900759"><ele>2695.8</ele><time>2024-09-19T22:32:35Z</time></trkpt>
<trkpt lat="39.280867" lon="-119.901057"><ele>2698.0</ele><time>2024-09-19T22:33:37Z</time></trkpt>
<trkpt lat="39.280794" lon="-119.901058"><ele>2700.6</ele><time>2024-09-19T22:33:55Z</time></trkpt>
<trkpt lat="39.280578" lon="-119.900945"><ele>2701.0</ele><time>2024-09-19T22:34:11Z</time></trkpt>
<trkpt lat="39.280699" lon="-119.900730"><ele>2696.6</ele><time>2024-09-19T22:34:29Z</time></trkpt>
<trkpt lat="39.280787" lon="-119.900376"><ele>2693.8</ele><time>2024-09-19T22:34:49Z</time></trkpt>
<trkpt lat="39.280650" lon="-119.900084"><ele>2691.0</ele><time>2024-09-19T22:35:13Z</time></trkpt>
<trkpt lat="39.280681" lon="-119.899935"><ele>2691.0</ele><time>2024-09-19T22:35:25Z</time></trkpt>
<trkpt lat="39.280509" lon="-119.899707"><ele>2688.0</ele><time>2024-09-19T22:35:42Z</time></trkpt>
<trkpt lat="39.280436" lon="-119.899851"><ele>2686.2</ele><time>2024-09-19T22:35:57Z</time></trkpt>
<trkpt lat="39.280404" lon="-119.900151"><ele>2683.2</ele><time>2024-09-19T22:36:17Z</time></trkpt>
<trkpt lat="39.280153" lon="-119.900511"><ele>2678.8</ele><time>2024-09-19T22:36:55Z</time></trkpt>
<trkpt lat="39.280083" lon="-119.900822"><ele>2675.4</ele><time>2024-09-19T22:37:29Z</time></trkpt>
<trkpt lat="39.279935" lon="-119.900738"><ele>2673.2</ele><time>2024-09-19T22:37:49Z</time></trkpt>
<trkpt lat="39.279856" lon="-119.900591"><ele>2673.0</ele><time>2024-09-19T22:38:03Z</time></trkpt>
<trkpt lat="39.279970" lon="-119.900364"><ele>2672.4</ele><time>2024-09-19T22:38:30Z</time></trkpt>
<trkpt lat="39.279689" lon="-119.900040"><ele>2667.6</ele><time>2024-09-19T22:39:23Z</time></trkpt>
<trkpt lat="39.279475" lon="-119.900042"><ele>2665.4</ele><time>2024-09-19T22:39:49Z</time></trkpt>
<trkpt lat="39.279085" lon="-119.899871"><ele>2661.4</ele><time>2024-09-19T22:40:13Z</time></trkpt>
<trkpt lat="39.279005" lon="-119.899937"><ele>2661.2</ele><time>2024-09-19T22:40:25Z</time></trkpt>
<trkpt lat="39.278269" lon="-119.899814"><ele>2663.0</ele><time>2024-09-19T22:42:19Z</time></trkpt>
<trkpt lat="39.278338" lon="-119.899720"><ele>2663.0</ele><time>2024-09-19T22:42:27Z</time></trkpt>
<trkpt lat="39.278177" lon="-119.899578"><ele>2667.2</ele><time>2024-09-19T22:43:11Z</time></trkpt>
<trkpt lat="39.277930" lon="-119.899215"><ele>2661.4</ele><time>2024-09-19T22:44:10Z</time></trkpt>
<trkpt lat="39.277822" lon="-119.899220"><ele>2661.2</ele><time>2024-09-19T22:44:16Z</time></trkpt>
<trkpt lat="39.277639" lon="-119.898995"><ele>2663.4</ele><time>2024-09-19T22:44:38Z</time></trkpt>
<trkpt lat="39.277547" lon="-119.899011"><ele>2663.2</ele><time>2024-09-19T22:44:43Z</time></trkpt>
<trkpt lat="39.276967" lon="-119.899548"><ele>2663.6</ele><time>2024-09-19T22:45:41Z</time></trkpt>
<trkpt lat="39.276783" lon="-119.900010"><ele>2660.6</ele><time>2024-09-19T22:46:16Z</time></trkpt>
<trkpt lat="39.276319" lon="-119.900318"><ele>2655.0</ele><time>2024-09-19T22:46:59Z</time></trkpt>
<trkpt lat="39.275960" lon="-119.900343"><ele>2651.8</ele><time>2024-09-19T22:47:35Z</time></trkpt>
<trkpt lat="39.275826" lon="-119.900234"><ele>2650.8</ele><time>2024-09-19T22:47:49Z</time></trkpt>
<trkpt lat="39.275592" lon="-119.900212"><ele>2649.6</ele><time>2024-09-19T22:48:13Z</time></trkpt>
<trkpt lat="39.275561" lon="-119.899977"><ele>2649.2</ele><time>2024-09-19T22:48:26Z</time></trkpt>
<trkpt lat="39.275418" lon="-119.900051"><ele>2647.6</ele><time>2024-09-19T22:48:39Z</time></trkpt>
<trkpt lat="39.274625" lon="-119.900030"><ele>2638.8</ele><time>2024-09-19T22:49:43Z</time></trkpt>
<trkpt lat="39.274467" lon="-119.900104"><ele>2638.0</ele><time>2024-09-19T22:50:13Z</time></trkpt>
<trkpt lat="39.274533" lon="-119.900148"><ele>2638.0</ele><time>2024-09-19T22:50:16Z</time></trkpt>
<trkpt lat="39.274634" lon="-119.900078"><ele>2638.6</ele><time>2024-09-19T22:50:28Z</time></trkpt>
<trkpt lat="39.274025" lon="-119.900683"><ele>2632.0</ele><time>2024-09-19T22:52:13Z</time></trkpt>
<trkpt lat="39.273819" lon="-119.900650"><ele>2631.8</ele><time>2024-09-19T22:52:27Z</time></trkpt>
<trkpt lat="39.272750" lon="-119.899889"><ele>2632.8</ele><time>2024-09-19T22:54:12Z</time></trkpt>
<trkpt lat="39.272709" lon="-119.899684"><ele>2633.0</ele><time>2024-09-19T22:54:24Z</time></trkpt>
<trkpt lat="39.272419" lon="-119.899260"><ele>2633.2</ele><time>2024-09-19T22:55:12Z</time></trkpt>
<trkpt lat="39.271700" lon="-119.898734"><ele>2625.8</ele><time>2024-09-19T22:56:11Z</time></trkpt>
<trkpt lat="39.271653" lon="-119.898929"><ele>2623.6</ele><time>2024-09-19T22:56:28Z</time></trkpt>
<trkpt lat="39.270648" lon="-119.899566"><ele>2617.0</ele><time>2024-09-19T22:58:12Z</time></trkpt>
<trkpt lat="39.270461" lon="-119.899574"><ele>2616.0</ele><time>2024-09-19T22:58:25Z</time></trkpt>
<trkpt lat="39.270064" lon="-119.899422"><ele>2612.0</ele><time>2024-09-19T22:59:02Z</time></trkpt>
<trkpt lat="39.269900" lon="-119.899593"><ele>2611.2</ele><time>2024-09-19T22:59:28Z</time></trkpt>
<trkpt lat="39.269498" lon="-119.899573"><ele>2606.6</ele><time>2024-09-19T23:00:04Z</time></trkpt>
<trkpt lat="39.269075" lon="-119.899193"><ele>2608.0</ele><time>2024-09-19T23:00:28Z</time></trkpt>
<trkpt lat="39.268262" lon="-119.899076"><ele>2616.0</ele><time>2024-09-19T23:02:12Z</time></trkpt>
<trkpt lat="39.268098" lon="-119.899367"><ele>2617.4</ele><time>2024-09-19T23:02:36Z</time></trkpt>
<trkpt lat="39.267657" lon="-119.899904"><ele>2617.0</ele><time>2024-09-19T23:03:40Z</time></trkpt>
<trkpt lat="39.267313" lon="-119.900021"><ele>2618.2</ele><time>2024-09-19T23:04:15Z</time></trkpt>
<trkpt lat="39.267205" lon="-119.899767"><ele>2618.4</ele><time>2024-09-19T23:04:28Z</time></trkpt>
<trkpt lat="39.266965" lon="-119.899474"><ele>2616.8</ele><time>2024-09-19T23:05:06Z</time></trkpt>
<trkpt lat="39.266527" lon="-119.899396"><ele>2614.2</ele><time>2024-09-19T23:06:00Z</time></trkpt>
<trkpt lat="39.266527" lon="-119.899444"><ele>2612.8</ele><time>2024-09-19T23:06:06Z</time></trkpt>
<trkpt lat="39.266351" lon="-119.899434"><ele>2610.8</ele><time>2024-09-19T23:06:22Z</time></trkpt>
<trkpt lat="39.265935" lon="-119.899974"><ele>2602.8</ele><time>2024-09-19T23:07:10Z</time></trkpt>
<trkpt lat="39.265790" lon="-119.900427"><ele>2602.8</ele><time>2024-09-19T23:07:48Z</time></trkpt>
<trkpt lat="39.265510" lon="-119.900613"><ele>2602.8</ele><time>2024-09-19T23:08:12Z</time></trkpt>
<trkpt lat="39.265475" lon="-119.900701"><ele>2602.0</ele><time>2024-09-19T23:08:20Z</time></trkpt>
<trkpt lat="39.265533" lon="-119.900754"><ele>2601.6</ele><time>2024-09-19T23:08:24Z</time></trkpt>
<trkpt lat="39.265437" lon="-119.900741"><ele>2600.6</ele><time>2024-09-19T23:08:44Z</time></trkpt>
<trkpt lat="39.265263" lon="-119.900174"><ele>2595.2</ele><time>2024-09-19T23:09:30Z</time></trkpt>
<trkpt lat="39.264681" lon="-119.900015"><ele>2588.4</ele><time>2024-09-19T23:10:31Z</time></trkpt>
<trkpt lat="39.263723" lon="-119.900097"><ele>2579.2</ele><time>2024-09-19T23:11:58Z</time></trkpt>
<trkpt lat="39.263440" lon="-119.900171"><ele>2576.8</ele><time>2024-09-19T23:12:15Z</time></trkpt>
<trkpt lat="39.263250" lon="-119.900329"><ele>2575.6</ele><time>2024-09-19T23:12:29Z</time></trkpt>
<trkpt lat="39.262019" lon="-119.900232"><ele>2573.2</ele><time>2024-09-19T23:14:16Z</time></trkpt>
<trkpt lat="39.261387" lon="-119.900522"><ele>2575.8</ele><time>2024-09-19T23:15:39Z</time></trkpt>
<trkpt lat="39.260848" lon="-119.900377"><ele>2580.0</ele><time>2024-09-19T23:16:13Z</time></trkpt>
<trkpt lat="39.260950" lon="-119.900332"><ele>2581.4</ele><time>2024-09-19T23:16:18Z</time></trkpt>
<trkpt lat="39.260793" lon="-119.900090"><ele>2582.8</ele><time>2024-09-19T23:16:29Z</time></trkpt>
<trkpt lat="39.260198" lon="-119.900078"><ele>2589.0</ele><time>2024-09-19T23:17:51Z</time></trkpt>
<trkpt lat="39.259925" lon="-119.900145"><ele>2589.0</ele><time>2024-09-19T23:18:15Z</time></trkpt>
<trkpt lat="39.259612" lon="-119.900662"><ele>2589.8</ele><time>2024-09-19T23:19:07Z</time></trkpt>
<trkpt lat="39.259156" lon="-119.900649"><ele>2589.4</ele><time>2024-09-19T23:19:45Z</time></trkpt>
<trkpt lat="39.258691" lon="-119.900797"><ele>2590.2</ele><time>2024-09-19T23:20:14Z</time></trkpt>
<trkpt lat="39.258495" lon="-119.900572"><ele>2590.0</ele><time>2024-09-19T23:20:21Z</time></trkpt>
<trkpt lat="39.257948" lon="-119.900679"><ele>2588.4</ele><time>2024-09-19T23:21:31Z</time></trkpt>
<trkpt lat="39.257755" lon="-119.900616"><ele>2583.4</ele><time>2024-09-19T23:21:51Z</time></trkpt>
<trkpt lat="39.257629" lon="-119.900680"><ele>2582.4</ele><time>2024-09-19T23:22:01Z</time></trkpt>
<trkpt lat="39.257462" lon="-119.900607"><ele>2579.8</ele><time>2024-09-19T23:22:12Z</time></trkpt>
<trkpt lat="39.257464" lon="-119.900713"><ele>2578.6</ele><time>2024-09-19T23:22:20Z</time></trkpt>
<trkpt lat="39.257281" lon="-119.900409"><ele>2579.4</ele><time>2024-09-19T23:22:28Z</time></trkpt>
<trkpt lat="39.257005" lon="-119.900718"><ele>2579.2</ele><time>2024-09-19T23:23:41Z</time></trkpt>
<trkpt lat="39.256974" lon="-119.901197"><ele>2575.6</ele><time>2024-09-19T23:24:15Z</time></trkpt>
<trkpt lat="39.256782" lon="-119.901068"><ele>2574.0</ele><time>2024-09-19T23:24:23Z</time></trkpt>
<trkpt lat="39.256588" lon="-119.901251"><ele>2569.4</ele><time>2024-09-19T23:24:49Z</time></trkpt>
<trkpt lat="39.256216" lon="-119.901400"><ele>2563.8</ele><time>2024-09-19T23:25:45Z</time></trkpt>
<trkpt lat="39.255421" lon="-119.901515"><ele>2558.8</ele><time>2024-09-19T23:26:42Z</time></trkpt>
<trkpt lat="39.255456" lon="-119.901506"><ele>2558.8</ele><time>2024-09-19T23:26:43Z</time></trkpt>
<trkpt lat="39.255283" lon="-119.901581"><ele>2558.6</ele><time>2024-09-19T23:27:06Z</time></trkpt>
<trkpt lat="39.255266" lon="-119.901713"><ele>2558.0</ele><time>2024-09-19T23:27:18Z</time></trkpt>
<trkpt lat="39.254852" lon="-119.902163"><ele>2556.2</ele><time>2024-09-19T23:28:17Z</time></trkpt>
<trkpt lat="39.254611" lon="-119.902141"><ele>2549.0</ele><time>2024-09-19T23:28:55Z</time></trkpt>
<trkpt lat="39.254112" lon="-119.902329"><ele>2543.8</ele><time>2024-09-19T23:29:30Z</time></trkpt>
<trkpt lat="39.253993" lon="-119.902185"><ele>2543.2</ele><time>2024-09-19T23:29:38Z</time></trkpt>
<trkpt lat="39.253798" lon="-119.902347"><ele>2539.8</ele><time>2024-09-19T23:29:54Z</time></trkpt>
<trkpt lat="39.253440" lon="-119.902303"><ele>2537.4</ele><time>2024-09-19T23:30:35Z</time></trkpt>
<trkpt lat="39.253061" lon="-119.901691"><ele>2536.6</ele><time>2024-09-19T23:31:43Z</time></trkpt>
<trkpt lat="39.252944" lon="-119.901709"><ele>2536.8</ele><time>2024-09-19T23:32:05Z</time></trkpt>
<trkpt lat="39.252870" lon="-119.901805"><ele>2537.0</ele><time>2024-09-19T23:32:11Z</time></trkpt>
<trkpt lat="39.252978" lon="-119.901853"><ele>2537.2</ele><time>2024-09-19T23:32:13Z</time></trkpt>
<trkpt lat="39.252997" lon="-119.902010"><ele>2537.6</ele><time>2024-09-19T23:32:17Z</time></trkpt>
<trkpt lat="39.252696" lon="-119.901973"><ele>2539.0</ele><time>2024-09-19T23:32:26Z</time></trkpt>
<trkpt lat="39.252434" lon="-119.902272"><ele>2540.8</ele><time>2024-09-19T23:33:00Z</time></trkpt>
<trkpt lat="39.252394" lon="-119.902209"><ele>2540.2</ele><time>2024-09-19T23:33:15Z</time></trkpt>
<trkpt lat="39.251965" lon="-119.902318"><ele>2540.6</ele><time>2024-09-19T23:33:57Z</time></trkpt>
<trkpt lat="39.249972" lon="-119.903325"><ele>2545.2</ele><time>2024-09-19T23:37:21Z</time></trkpt>
<trkpt lat="39.249846" lon="-119.903223"><ele>2545.0</ele><time>2024-09-19T23:37:32Z</time></trkpt>
<trkpt lat="39.249818" lon="-119.903003"><ele>2543.6</ele><time>2024-09-19T23:37:49Z</time></trkpt>
<trkpt lat="39.249725" lon="-119.902935"><ele>2542.8</ele><time>2024-09-19T23:37:56Z</time></trkpt>
<trkpt lat="39.246873" lon="-119.902892"><ele>2531.4</ele><time>2024-09-19T23:43:14Z</time></trkpt>
<trkpt lat="39.246509" lon="-119.902971"><ele>2539.2</ele><time>2024-09-19T23:44:24Z</time></trkpt>
<trkpt lat="39.245519" lon="-119.902832"><ele>2539.6</ele><time>2024-09-19T23:45:25Z</time></trkpt>
<trkpt lat="39.245260" lon="-119.902689"><ele>2536.6</ele><time>2024-09-19T23:45:54Z</time></trkpt>
<trkpt lat="39.244960" lon="-119.902716"><ele>2536.2</ele><time>2024-09-19T23:46:18Z</time></trkpt>
<trkpt lat="39.244593" lon="-119.902917"><ele>2536.6</ele><time>2024-09-19T23:46:53Z</time></trkpt>
<trkpt lat="39.244505" lon="-119.902891"><ele>2536.0</ele><time>2024-09-19T23:47:01Z</time></trkpt>
<trkpt lat="39.243528" lon="-119.903202"><ele>2537.2</ele><time>2024-09-19T23:48:46Z</time></trkpt>
<trkpt lat="39.243282" lon="-119.903105"><ele>2538.8</ele><time>2024-09-19T23:49:03Z</time></trkpt>
<trkpt lat="39.242866" lon="-119.903082"><ele>2542.6</ele><time>2024-09-19T23:49:43Z</time></trkpt>
<trkpt lat="39.242279" lon="-119.903389"><ele>2542.0</ele><time>2024-09-19T23:50:42Z</time></trkpt>
<trkpt lat="39.242288" lon="-119.903443"><ele>2542.6</ele><time>2024-09-19T23:50:54Z</time></trkpt>
<trkpt lat="39.241685" lon="-119.903506"><ele>2541.6</ele><time>2024-09-19T23:51:36Z</time></trkpt>
<trkpt lat="39.241016" lon="-119.903722"><ele>2538.0</ele><time>2024-09-19T23:52:56Z</time></trkpt>
<trkpt lat="39.240599" lon="-119.903571"><ele>2538.8</ele><time>2024-09-19T23:53:30Z</time></trkpt>
<trkpt lat="39.240155" lon="-119.902954"><ele>2534.6</ele><time>2024-09-19T23:54:42Z</time></trkpt>
<trkpt lat="39.239834" lon="-119.902741"><ele>2535.6</ele><time>2024-09-19T23:55:16Z</time></trkpt>
<trkpt lat="39.239580" lon="-119.902784"><ele>2534.8</ele><time>2024-09-19T23:55:28Z</time></trkpt>
<trkpt lat="39.239232" lon="-119.903040"><ele>2531.2</ele><time>2024-09-19T23:56:24Z</time></trkpt>
<trkpt lat="39.238449" lon="-119.902930"><ele>2521.2</ele><time>2024-09-19T23:57:31Z</time></trkpt>
<trkpt lat="39.238087" lon="-119.903041"><ele>2515.4</ele><time>2024-09-19T23:58:12Z</time></trkpt>
<trkpt lat="39.236070" lon="-119.902515"><ele>2495.6</ele><time>2024-09-20T00:01:20Z</time></trkpt>
<trkpt lat="39.235960" lon="-119.902378"><ele>2491.2</ele><time>2024-09-20T00:01:43Z</time></trkpt>
<trkpt lat="39.236750" lon="-119.902242"><ele>2480.0</ele><time>2024-09-20T00:03:15Z</time></trkpt>
<trkpt lat="39.235591" lon="-119.901606"><ele>2464.0</ele><time>2024-09-20T00:05:07Z</time></trkpt>
<trkpt lat="39.235432" lon="-119.901400"><ele>2463.2</ele><time>2024-09-20T00:05:21Z</time></trkpt>
<trkpt lat="39.235147" lon="-119.901245"><ele>2462.8</ele><time>2024-09-20T00:05:41Z</time></trkpt>
<trkpt lat="39.234740" lon="-119.901170"><ele>2461.0</ele><time>2024-09-20T00:05:51Z</time></trkpt>
<trkpt lat="39.234363" lon="-119.901255"><ele>2460.8</ele><time>2024-09-20T00:06:07Z</time></trkpt>
<trkpt lat="39.234071" lon="-119.901206"><ele>2456.2</ele><time>2024-09-20T00:06:47Z</time></trkpt>
<trkpt lat="39.234069" lon="-119.901008"><ele>2452.4</ele><time>2024-09-20T00:07:28Z</time></trkpt>
<trkpt lat="39.233920" lon="-119.900974"><ele>2451.2</ele><time>2024-09-20T00:07:35Z</time></trkpt>
<trkpt lat="39.233540" lon="-119.901285"><ele>2447.4</ele><time>2024-09-20T00:08:14Z</time></trkpt>
<trkpt lat="39.233349" lon="-119.901195"><ele>2447.2</ele><time>2024-09-20T00:08:26Z</time></trkpt>
<trkpt lat="39.233089" lon="-119.901217"><ele>2447.2</ele><time>2024-09-20T00:08:51Z</time></trkpt>
<trkpt lat="39.232606" lon="-119.901445"><ele>2445.4</ele><time>2024-09-20T00:09:47Z</time></trkpt>
<trkpt lat="39.232004" lon="-119.901449"><ele>2445.8</ele><time>2024-09-20T00:10:48Z</time></trkpt>
<trkpt lat="39.232048" lon="-119.901504"><ele>2445.0</ele><time>2024-09-20T00:10:52Z</time></trkpt>
<trkpt lat="39.232170" lon="-119.900984"><ele>2438.2</ele><time>2024-09-20T00:11:31Z</time></trkpt>
<trkpt lat="39.231740" lon="-119.900910"><ele>2434.0</ele><time>2024-09-20T00:12:04Z</time></trkpt>
<trkpt lat="39.231467" lon="-119.901020"><ele>2433.4</ele><time>2024-09-20T00:12:25Z</time></trkpt>
<trkpt lat="39.225922" lon="-119.902248"><ele>2424.2</ele><time>2024-09-20T00:22:03Z</time></trkpt>
<trkpt lat="39.225250" lon="-119.902201"><ele>2423.6</ele><time>2024-09-20T00:22:17Z</time></trkpt>
<trkpt lat="39.225253" lon="-119.902290"><ele>2423.8</ele><time>2024-09-20T00:22:24Z</time></trkpt>
<trkpt lat="39.224921" lon="-119.902378"><ele>2423.6</ele><time>2024-09-20T00:22:41Z</time></trkpt>
<trkpt lat="39.224616" lon="-119.902325"><ele>2424.4</ele><time>2024-09-20T00:23:18Z</time></trkpt>
<trkpt lat="39.224559" lon="-119.902528"><ele>2424.4</ele><time>2024-09-20T00:23:37Z</time></trkpt>
<trkpt lat="39.224252" lon="-119.902671"><ele>2423.8</ele><time>2024-09-20T00:24:01Z</time></trkpt>
<trkpt lat="39.223521" lon="-119.903437"><ele>2427.0</ele><time>2024-09-20T00:25:56Z</time></trkpt>
<trkpt lat="39.223399" lon="-119.903151"><ele>2427.4</ele><time>2024-09-20T00:26:01Z</time></trkpt>
<trkpt lat="39.223427" lon="-119.902816"><ele>2426.8</ele><time>2024-09-20T00:26:12Z</time></trkpt>
<trkpt lat="39.223146" lon="-119.903028"><ele>2426.0</ele><time>2024-09-20T00:26:31Z</time></trkpt>
<trkpt lat="39.221984" lon="-119.903223"><ele>2427.8</ele><time>2024-09-20T00:28:27Z</time></trkpt>
<trkpt lat="39.221886" lon="-119.903366"><ele>2428.2</ele><time>2024-09-20T00:28:39Z</time></trkpt>
<trkpt lat="39.221576" lon="-119.903387"><ele>2430.0</ele><time>2024-09-20T00:29:07Z</time></trkpt>
<trkpt lat="39.220691" lon="-119.903849"><ele>2430.0</ele><time>2024-09-20T00:30:14Z</time></trkpt>
<trkpt lat="39.220711" lon="-119.903802"><ele>2429.2</ele><time>2024-09-20T00:30:18Z</time></trkpt>
<trkpt lat="39.220380" lon="-119.903936"><ele>2430.6</ele><time>2024-09-20T00:30:43Z</time></trkpt>
<trkpt lat="39.219380" lon="-119.904099"><ele>2430.2</ele><time>2024-09-20T00:32:17Z</time></trkpt>
<trkpt lat="39.219207" lon="-119.904461"><ele>2431.0</ele><time>2024-09-20T00:33:08Z</time></trkpt>
<trkpt lat="39.219052" lon="-119.904496"><ele>2429.8</ele><time>2024-09-20T00:33:54Z</time></trkpt>
<trkpt lat="39.218716" lon="-119.904376"><ele>2432.4</ele><time>2024-09-20T00:34:19Z</time></trkpt>
<trkpt lat="39.218473" lon="-119.904391"><ele>2431.4</ele><time>2024-09-20T00:34:35Z</time></trkpt>
<trkpt lat="39.218123" lon="-119.904217"><ele>2432.0</ele><time>2024-09-20T00:35:30Z</time></trkpt>
<trkpt lat="39.217923" lon="-119.903878"><ele>2431.0</ele><time>2024-09-20T00:36:08Z</time></trkpt>
<trkpt lat="39.217738" lon="-119.903747"><ele>2429.6</ele><time>2024-09-20T00:36:19Z</time></trkpt>
<trkpt lat="39.217813" lon="-119.903507"><ele>2429.2</ele><time>2024-09-20T00:36:31Z</time></trkpt>
<trkpt lat="39.217701" lon="-119.903077"><ele>2429.8</ele><time>2024-09-20T00:36:58Z</time></trkpt>
<trkpt lat="39.217443" lon="-119.902748"><ele>2428.0</ele><time>2024-09-20T00:37:44Z</time></trkpt>
<trkpt lat="39.216983" lon="-119.902474"><ele>2425.2</ele><time>2024-09-20T00:38:22Z</time></trkpt>
<trkpt lat="39.215695" lon="-119.902042"><ele>2421.4</ele><time>2024-09-20T00:40:16Z</time></trkpt>
<trkpt lat="39.215651" lon="-119.902101"><ele>2421.4</ele><time>2024-09-20T00:40:18Z</time></trkpt>
<trkpt lat="39.215515" lon="-119.901952"><ele>2420.2</ele><time>2024-09-20T00:40:33Z</time></trkpt>
<trkpt lat="39.215137" lon="-119.901885"><ele>2419.2</ele><time>2024-09-20T00:41:02Z</time></trkpt>
<trkpt lat="39.214958" lon="-119.901668"><ele>2417.0</ele><time>2024-09-20T00:41:20Z</time></trkpt>
<trkpt lat="39.214799" lon="-119.901071"><ele>2414.2</ele><time>2024-09-20T00:42:15Z</time></trkpt>
<trkpt lat="39.214543" lon="-119.900978"><ele>2412.8</ele><time>2024-09-20T00:42:27Z</time></trkpt>
<trkpt lat="39.214332" lon="-119.900405"><ele>2412.0</ele><time>2024-09-20T00:42:58Z</time></trkpt>
<trkpt lat="39.214078" lon="-119.899287"><ele>2413.2</ele><time>2024-09-20T00:44:15Z</time></trkpt>
<trkpt lat="39.213961" lon="-119.899536"><ele>2413.4</ele><time>2024-09-20T00:44:19Z</time></trkpt>
<trkpt lat="39.213972" lon="-119.899476"><ele>2413.8</ele><time>2024-09-20T00:44:27Z</time></trkpt>
<trkpt lat="39.213813" lon="-119.899373"><ele>2415.2</ele><time>2024-09-20T00:44:38Z</time></trkpt>
<trkpt lat="39.213690" lon="-119.898915"><ele>2419.2</ele><time>2024-09-20T00:45:26Z</time></trkpt>
<trkpt lat="39.213822" lon="-119.898733"><ele>2422.4</ele><time>2024-09-20T00:46:16Z</time></trkpt>
<trkpt lat="39.213632" lon="-119.898896"><ele>2422.4</ele><time>2024-09-20T00:46:18Z</time></trkpt>
<trkpt lat="39.213648" lon="-119.898999"><ele>2422.8</ele><time>2024-09-20T00:46:22Z</time></trkpt>
<trkpt lat="39.213544" lon="-119.899065"><ele>2423.2</ele><time>2024-09-20T00:46:27Z</time></trkpt>
<trkpt lat="39.213195" lon="-119.898884"><ele>2426.0</ele><time>2024-09-20T00:46:44Z</time></trkpt>
<trkpt lat="39.212517" lon="-119.898997"><ele>2435.6</ele><time>2024-09-20T00:48:29Z</time></trkpt>
<trkpt lat="39.212365" lon="-119.899705"><ele>2443.6</ele><time>2024-09-20T00:50:01Z</time></trkpt>
<trkpt lat="39.212366" lon="-119.899883"><ele>2445.6</ele><time>2024-09-20T00:50:17Z</time></trkpt>
<trkpt lat="39.212447" lon="-119.900061"><ele>2445.8</ele><time>2024-09-20T00:50:19Z</time></trkpt>
<trkpt lat="39.212095" lon="-119.900297"><ele>2445.8</ele><time>2024-09-20T00:50:27Z</time></trkpt>
<trkpt lat="39.212140" lon="-119.900387"><ele>2446.0</ele><time>2024-09-20T00:50:33Z</time></trkpt>
<trkpt lat="39.212025" lon="-119.900763"><ele>2449.8</ele><time>2024-09-20T00:51:11Z</time></trkpt>
<trkpt lat="39.212018" lon="-119.901080"><ele>2454.6</ele><time>2024-09-20T00:52:05Z</time></trkpt>
<trkpt lat="39.211918" lon="-119.901240"><ele>2455.6</ele><time>2024-09-20T00:52:17Z</time></trkpt>
<trkpt lat="39.211865" lon="-119.901252"><ele>2455.6</ele><time>2024-09-20T00:52:20Z</time></trkpt>
<trkpt lat="39.211859" lon="-119.901098"><ele>2456.8</ele><time>2024-09-20T00:52:26Z</time></trkpt>
<trkpt lat="39.211756" lon="-119.901098"><ele>2457.0</ele><time>2024-09-20T00:52:31Z</time></trkpt>
<trkpt lat="39.211436" lon="-119.900898"><ele>2462.4</ele><time>2024-09-20T00:53:53Z</time></trkpt>
<trkpt lat="39.211265" lon="-119.900402"><ele>2467.0</ele><time>2024-09-20T00:54:35Z</time></trkpt>
<trkpt lat="39.211019" lon="-119.900400"><ele>2468.4</ele><time>2024-09-20T00:54:51Z</time></trkpt>
<trkpt lat="39.210225" lon="-119.900621"><ele>2479.0</ele><time>2024-09-20T00:56:21Z</time></trkpt>
<trkpt lat="39.210109" lon="-119.900769"><ele>2479.6</ele><time>2024-09-20T00:56:35Z</time></trkpt>
<trkpt lat="39.210125" lon="-119.901113"><ele>2484.6</ele><time>2024-09-20T00:57:11Z</time></trkpt>
<trkpt lat="39.210160" lon="-119.901221"><ele>2491.0</ele><time>2024-09-20T00:58:19Z</time></trkpt>
<trkpt lat="39.210108" lon="-119.901209"><ele>2491.0</ele><time>2024-09-20T00:58:25Z</time></trkpt>
<trkpt lat="39.210274" lon="-119.901118"><ele>2491.4</ele><time>2024-09-20T00:58:30Z</time></trkpt>
<trkpt lat="39.210462" lon="-119.901363"><ele>2490.8</ele><time>2024-09-20T00:58:47Z</time></trkpt>
<trkpt lat="39.210519" lon="-119.901566"><ele>2494.8</ele><time>2024-09-20T01:00:01Z</time></trkpt>
<trkpt lat="39.210336" lon="-119.901727"><ele>2495.6</ele><time>2024-09-20T01:00:23Z</time></trkpt>
<trkpt lat="39.210323" lon="-119.901557"><ele>2496.0</ele><time>2024-09-20T01:00:31Z</time></trkpt>
<trkpt lat="39.210115" lon="-119.901383"><ele>2496.8</ele><time>2024-09-20T01:00:43Z</time></trkpt>
<trkpt lat="39.209475" lon="-119.901449"><ele>2501.2</ele><time>2024-09-20T01:01:57Z</time></trkpt>
<trkpt lat="39.209182" lon="-119.901396"><ele>2502.6</ele><time>2024-09-20T01:02:17Z</time></trkpt>
<trkpt lat="39.209145" lon="-119.901210"><ele>2503.4</ele><time>2024-09-20T01:02:26Z</time></trkpt>
<trkpt lat="39.208924" lon="-119.900950"><ele>2509.4</ele><time>2024-09-20T01:03:29Z</time></trkpt>
<trkpt lat="39.208816" lon="-119.900584"><ele>2512.8</ele><time>2024-09-20T01:04:01Z</time></trkpt>
<trkpt lat="39.208727" lon="-119.900528"><ele>2514.2</ele><time>2024-09-20T01:04:19Z</time></trkpt>
<trkpt lat="39.208790" lon="-119.900522"><ele>2514.0</ele><time>2024-09-20T01:04:20Z</time></trkpt>
<trkpt lat="39.208679" lon="-119.900665"><ele>2513.8</ele><time>2024-09-20T01:04:26Z</time></trkpt>
<trkpt lat="39.208595" lon="-119.900619"><ele>2514.2</ele><time>2024-09-20T01:04:31Z</time></trkpt>
<trkpt lat="39.208695" lon="-119.901208"><ele>2519.0</ele><time>2024-09-20T01:05:16Z</time></trkpt>
<trkpt lat="39.208955" lon="-119.902074"><ele>2524.8</ele><time>2024-09-20T01:06:16Z</time></trkpt>
<trkpt lat="39.208798" lon="-119.902228"><ele>2525.6</ele><time>2024-09-20T01:06:27Z</time></trkpt>
<trkpt lat="39.209141" lon="-119.902775"><ele>2532.2</ele><time>2024-09-20T01:07:31Z</time></trkpt>
<trkpt lat="39.209336" lon="-119.903348"><ele>2533.2</ele><time>2024-09-20T01:08:13Z</time></trkpt>
<trkpt lat="39.209550" lon="-119.903558"><ele>2533.4</ele><time>2024-09-20T01:08:17Z</time></trkpt>
<trkpt lat="39.209002" lon="-119.903604"><ele>2534.0</ele><time>2024-09-20T01:08:26Z</time></trkpt>
<trkpt lat="39.209003" lon="-119.903700"><ele>2535.0</ele><time>2024-09-20T01:08:34Z</time></trkpt>
<trkpt lat="39.208776" lon="-119.903897"><ele>2536.8</ele><time>2024-09-20T01:09:02Z</time></trkpt>
<trkpt lat="39.208737" lon="-119.904059"><ele>2538.0</ele><time>2024-09-20T01:09:20Z</time></trkpt>
<trkpt lat="39.208443" lon="-119.904248"><ele>2546.4</ele><time>2024-09-20T01:10:16Z</time></trkpt>
<trkpt lat="39.208652" lon="-119.904112"><ele>2546.4</ele><time>2024-09-20T01:10:17Z</time></trkpt>
<trkpt lat="39.208438" lon="-119.904193"><ele>2546.8</ele><time>2024-09-20T01:10:21Z</time></trkpt>
<trkpt lat="39.208378" lon="-119.904175"><ele>2546.8</ele><time>2024-09-20T01:10:23Z</time></trkpt>
<trkpt lat="39.208415" lon="-119.904094"><ele>2547.0</ele><time>2024-09-20T01:10:27Z</time></trkpt>
<trkpt lat="39.208355" lon="-119.904135"><ele>2548.0</ele><time>2024-09-20T01:10:38Z</time></trkpt>
<trkpt lat="39.208197" lon="-119.903256"><ele>2555.8</ele><time>2024-09-20T01:12:17Z</time></trkpt>
<trkpt lat="39.208091" lon="-119.903312"><ele>2557.2</ele><time>2024-09-20T01:12:24Z</time></trkpt>
<trkpt lat="39.207987" lon="-119.903181"><ele>2559.0</ele><time>2024-09-20T01:12:34Z</time></trkpt>
<trkpt lat="39.207646" lon="-119.902364"><ele>2569.0</ele><time>2024-09-20T01:14:10Z</time></trkpt>
<trkpt lat="39.207671" lon="-119.902087"><ele>2569.6</ele><time>2024-09-20T01:14:17Z</time></trkpt>
<trkpt lat="39.207544" lon="-119.902163"><ele>2569.6</ele><time>2024-09-20T01:14:18Z</time></trkpt>
<trkpt lat="39.207444" lon="-119.902058"><ele>2569.8</ele><time>2024-09-20T01:14:22Z</time></trkpt>
<trkpt lat="39.207206" lon="-119.901674"><ele>2572.2</ele><time>2024-09-20T01:14:48Z</time></trkpt>
<trkpt lat="39.206861" lon="-119.901226"><ele>2582.4</ele><time>2024-09-20T01:16:06Z</time></trkpt>
<trkpt lat="39.206763" lon="-119.901280"><ele>2583.6</ele><time>2024-09-20T01:16:26Z</time></trkpt>
<trkpt lat="39.206957" lon="-119.902596"><ele>2592.2</ele><time>2024-09-20T01:18:17Z</time></trkpt>
<trkpt lat="39.206803" lon="-119.902692"><ele>2593.2</ele><time>2024-09-20T01:18:27Z</time></trkpt>
<trkpt lat="39.206837" lon="-119.902808"><ele>2594.0</ele><time>2024-09-20T01:18:35Z</time></trkpt>
<trkpt lat="39.206886" lon="-119.902766"><ele>2597.6</ele><time>2024-09-20T01:19:08Z</time></trkpt>
<trkpt lat="39.206888" lon="-119.902908"><ele>2598.8</ele><time>2024-09-20T01:19:28Z</time></trkpt>
<trkpt lat="39.206863" lon="-119.903050"><ele>2602.8</ele><time>2024-09-20T01:20:20Z</time></trkpt>
<trkpt lat="39.206681" lon="-119.903187"><ele>2603.2</ele><time>2024-09-20T01:20:27Z</time></trkpt>
<trkpt lat="39.206745" lon="-119.903444"><ele>2609.4</ele><time>2024-09-20T01:22:00Z</time></trkpt>
<trkpt lat="39.206695" lon="-119.903591"><ele>2610.8</ele><time>2024-09-20T01:22:17Z</time></trkpt>
<trkpt lat="39.206441" lon="-119.903243"><ele>2614.0</ele><time>2024-09-20T01:22:44Z</time></trkpt>
<trkpt lat="39.205951" lon="-119.901987"><ele>2624.0</ele><time>2024-09-20T01:24:36Z</time></trkpt>
<trkpt lat="39.205634" lon="-119.901734"><ele>2629.4</ele><time>2024-09-20T01:25:32Z</time></trkpt>
<trkpt lat="39.205669" lon="-119.901993"><ele>2634.6</ele><time>2024-09-20T01:26:20Z</time></trkpt>
<trkpt lat="39.205729" lon="-119.901938"><ele>2635.2</ele><time>2024-09-20T01:26:21Z</time></trkpt>
<trkpt lat="39.205603" lon="-119.901936"><ele>2635.2</ele><time>2024-09-20T01:26:27Z</time></trkpt>
<trkpt lat="39.205739" lon="-119.902392"><ele>2635.2</ele><time>2024-09-20T01:26:52Z</time></trkpt>
<trkpt lat="39.205750" lon="-119.902880"><ele>2637.4</ele><time>2024-09-20T01:27:48Z</time></trkpt>
<trkpt lat="39.205853" lon="-119.903356"><ele>2638.2</ele><time>2024-09-20T01:28:18Z</time></trkpt>
<trkpt lat="39.205692" lon="-119.903471"><ele>2638.4</ele><time>2024-09-20T01:28:20Z</time></trkpt>
<trkpt lat="39.205622" lon="-119.903441"><ele>2639.0</ele><time>2024-09-20T01:28:32Z</time></trkpt>
<trkpt lat="39.205631" lon="-119.904312"><ele>2639.4</ele><time>2024-09-20T01:29:42Z</time></trkpt>
<trkpt lat="39.205481" lon="-119.904805"><ele>2636.8</ele><time>2024-09-20T01:30:17Z</time></trkpt>
<trkpt lat="39.205479" lon="-119.904697"><ele>2636.2</ele><time>2024-09-20T01:30:20Z</time></trkpt>
<trkpt lat="39.205371" lon="-119.904689"><ele>2635.2</ele><time>2024-09-20T01:30:34Z</time></trkpt>
<trkpt lat="39.205083" lon="-119.904862"><ele>2630.4</ele><time>2024-09-20T01:31:14Z</time></trkpt>
<trkpt lat="39.204887" lon="-119.904821"><ele>2626.6</ele><time>2024-09-20T01:31:28Z</time></trkpt>
<trkpt lat="39.204542" lon="-119.905064"><ele>2622.0</ele><time>2024-09-20T01:32:00Z</time></trkpt>
<trkpt lat="39.204207" lon="-119.905074"><ele>2618.8</ele><time>2024-09-20T01:32:29Z</time></trkpt>
<trkpt lat="39.203956" lon="-119.905524"><ele>2613.2</ele><time>2024-09-20T01:33:17Z</time></trkpt>
<trkpt lat="39.203973" lon="-119.905848"><ele>2612.2</ele><time>2024-09-20T01:33:37Z</time></trkpt>
<trkpt lat="39.203835" lon="-119.905867"><ele>2608.0</ele><time>2024-09-20T01:34:09Z</time></trkpt>
<trkpt lat="39.203687" lon="-119.906007"><ele>2605.4</ele><time>2024-09-20T01:34:27Z</time></trkpt>
<trkpt lat="39.204262" lon="-119.906708"><ele>2599.0</ele><time>2024-09-20T01:35:29Z</time></trkpt>
<trkpt lat="39.204419" lon="-119.907058"><ele>2600.0</ele><time>2024-09-20T01:36:05Z</time></trkpt>
<trkpt lat="39.204426" lon="-119.907319"><ele>2601.2</ele><time>2024-09-20T01:36:19Z</time></trkpt>
<trkpt lat="39.204512" lon="-119.907304"><ele>2601.8</ele><time>2024-09-20T01:36:22Z</time></trkpt>
<trkpt lat="39.204504" lon="-119.907361"><ele>2602.0</ele><time>2024-09-20T01:36:24Z</time></trkpt>
<trkpt lat="39.204416" lon="-119.907331"><ele>2602.4</ele><time>2024-09-20T01:36:26Z</time></trkpt>
<trkpt lat="39.204443" lon="-119.907471"><ele>2604.8</ele><time>2024-09-20T01:36:39Z</time></trkpt>
<trkpt lat="39.204315" lon="-119.907760"><ele>2610.2</ele><time>2024-09-20T01:37:27Z</time></trkpt>
<trkpt lat="39.204016" lon="-119.907988"><ele>2616.8</ele><time>2024-09-20T01:38:21Z</time></trkpt>
<trkpt lat="39.203867" lon="-119.907909"><ele>2617.2</ele><time>2024-09-20T01:38:29Z</time></trkpt>
<trkpt lat="39.203654" lon="-119.907973"><ele>2619.2</ele><time>2024-09-20T01:38:43Z</time></trkpt>
<trkpt lat="39.202807" lon="-119.908381"><ele>2632.2</ele><time>2024-09-20T01:40:22Z</time></trkpt>
<trkpt lat="39.201681" lon="-119.908249"><ele>2640.2</ele><time>2024-09-20T01:42:23Z</time></trkpt>
<trkpt lat="39.200950" lon="-119.907919"><ele>2644.2</ele><time>2024-09-20T01:43:37Z</time></trkpt>
<trkpt lat="39.200571" lon="-119.907579"><ele>2641.2</ele><time>2024-09-20T01:44:18Z</time></trkpt>
<trkpt lat="39.200397" lon="-119.907243"><ele>2639.8</ele><time>2024-09-20T01:44:34Z</time></trkpt>
<trkpt lat="39.199984" lon="-119.906692"><ele>2636.8</ele><time>2024-09-20T01:45:25Z</time></trkpt>
<trkpt lat="39.199499" lon="-119.906124"><ele>2635.2</ele><time>2024-09-20T01:46:20Z</time></trkpt>
<trkpt lat="39.199325" lon="-119.906016"><ele>2633.4</ele><time>2024-09-20T01:46:36Z</time></trkpt>
<trkpt lat="39.198551" lon="-119.904935"><ele>2640.2</ele><time>2024-09-20T01:48:20Z</time></trkpt>
<trkpt lat="39.198402" lon="-119.904843"><ele>2640.2</ele><time>2024-09-20T01:48:24Z</time></trkpt>
<trkpt lat="39.198481" lon="-119.904787"><ele>2640.0</ele><time>2024-09-20T01:48:28Z</time></trkpt>
<trkpt lat="39.198280" lon="-119.903234"><ele>2640.4</ele><time>2024-09-20T01:50:18Z</time></trkpt>
<trkpt lat="39.197984" lon="-119.902467"><ele>2637.8</ele><time>2024-09-20T01:50:59Z</time></trkpt>
<trkpt lat="39.197688" lon="-119.902504"><ele>2639.6</ele><time>2024-09-20T01:51:29Z</time></trkpt>
<trkpt lat="39.197233" lon="-119.901830"><ele>2641.4</ele><time>2024-09-20T01:52:20Z</time></trkpt>
<trkpt lat="39.196677" lon="-119.901348"><ele>2642.4</ele><time>2024-09-20T01:53:01Z</time></trkpt>
<trkpt lat="39.195621" lon="-119.900605"><ele>2644.2</ele><time>2024-09-20T01:54:53Z</time></trkpt>
<trkpt lat="39.195219" lon="-119.900511"><ele>2644.0</ele><time>2024-09-20T01:55:49Z</time></trkpt>
<trkpt lat="39.194731" lon="-119.900533"><ele>2640.4</ele><time>2024-09-20T01:56:18Z</time></trkpt>
<trkpt lat="39.193515" lon="-119.900164"><ele>2627.8</ele><time>2024-09-20T01:58:18Z</time></trkpt>
<trkpt lat="39.193250" lon="-119.899356"><ele>2624.2</ele><time>2024-09-20T01:59:16Z</time></trkpt>
<trkpt lat="39.192971" lon="-119.899022"><ele>2623.0</ele><time>2024-09-20T01:59:46Z</time></trkpt>
<trkpt lat="39.192750" lon="-119.898430"><ele>2618.6</ele><time>2024-09-20T02:00:39Z</time></trkpt>
<trkpt lat="39.192956" lon="-119.897613"><ele>2616.4</ele><time>2024-09-20T02:01:44Z</time></trkpt>
<trkpt lat="39.193219" lon="-119.897120"><ele>2612.2</ele><time>2024-09-20T02:02:12Z</time></trkpt>
<trkpt lat="39.193081" lon="-119.896800"><ele>2611.0</ele><time>2024-09-20T02:02:28Z</time></trkpt>
<trkpt lat="39.193195" lon="-119.896708"><ele>2608.6</ele><time>2024-09-20T02:02:54Z</time></trkpt>
<trkpt lat="39.193234" lon="-119.896469"><ele>2607.6</ele><time>2024-09-20T02:03:08Z</time></trkpt>
<trkpt lat="39.193363" lon="-119.896348"><ele>2605.2</ele><time>2024-09-20T02:03:22Z</time></trkpt>
<trkpt lat="39.193775" lon="-119.896454"><ele>2601.0</ele><time>2024-09-20T02:03:50Z</time></trkpt>
<trkpt lat="39.194098" lon="-119.896656"><ele>2599.8</ele><time>2024-09-20T02:04:19Z</time></trkpt>
<trkpt lat="39.194163" lon="-119.896605"><ele>2599.6</ele><time>2024-09-20T02:04:23Z</time></trkpt>
<trkpt lat="39.194147" lon="-119.896422"><ele>2598.8</ele><time>2024-09-20T02:04:29Z</time></trkpt>
<trkpt lat="39.194209" lon="-119.896341"><ele>2597.4</ele><time>2024-09-20T02:04:36Z</time></trkpt>
<trkpt lat="39.194611" lon="-119.896154"><ele>2591.4</ele><time>2024-09-20T02:05:08Z</time></trkpt>
<trkpt lat="39.194895" lon="-119.896137"><ele>2588.8</ele><time>2024-09-20T02:05:28Z</time></trkpt>
<trkpt lat="39.195197" lon="-119.895869"><ele>2581.2</ele><time>2024-09-20T02:06:10Z</time></trkpt>
<trkpt lat="39.195321" lon="-119.895889"><ele>2579.6</ele><time>2024-09-20T02:06:19Z</time></trkpt>
<trkpt lat="39.195291" lon="-119.895392"><ele>2578.8</ele><time>2024-09-20T02:06:28Z</time></trkpt>
<trkpt lat="39.195487" lon="-119.895082"><ele>2577.4</ele><time>2024-09-20T02:06:54Z</time></trkpt>
<trkpt lat="39.195864" lon="-119.894717"><ele>2571.4</ele><time>2024-09-20T02:07:46Z</time></trkpt>
<trkpt lat="39.195814" lon="-119.894460"><ele>2571.0</ele><time>2024-09-20T02:08:04Z</time></trkpt>
<trkpt lat="39.195534" lon="-119.894105"><ele>2567.6</ele><time>2024-09-20T02:08:37Z</time></trkpt>
<trkpt lat="39.195114" lon="-119.893989"><ele>2561.8</ele><time>2024-09-20T02:09:22Z</time></trkpt>
<trkpt lat="39.194665" lon="-119.894051"><ele>2558.2</ele><time>2024-09-20T02:09:56Z</time></trkpt>
<trkpt lat="39.194397" lon="-119.894209"><ele>2556.2</ele><time>2024-09-20T02:10:27Z</time></trkpt>
<trkpt lat="39.194078" lon="-119.894071"><ele>2556.0</ele><time>2024-09-20T02:10:51Z</time></trkpt>
<trkpt lat="39.193871" lon="-119.893766"><ele>2552.8</ele><time>2024-09-20T02:11:17Z</time></trkpt>
<trkpt lat="39.193739" lon="-119.893829"><ele>2551.6</ele><time>2024-09-20T02:11:26Z</time></trkpt>
<trkpt lat="39.193673" lon="-119.893764"><ele>2550.0</ele><time>2024-09-20T02:11:33Z</time></trkpt>
<trkpt lat="39.193564" lon="-119.893391"><ele>2546.2</ele><time>2024-09-20T02:11:58Z</time></trkpt>
<trkpt lat="39.193181" lon="-119.892885"><ele>2539.8</ele><time>2024-09-20T02:13:02Z</time></trkpt>
<trkpt lat="39.192784" lon="-119.892659"><ele>2538.6</ele><time>2024-09-20T02:13:33Z</time></trkpt>
<trkpt lat="39.192670" lon="-119.892509"><ele>2538.6</ele><time>2024-09-20T02:13:37Z</time></trkpt>
<trkpt lat="39.192615" lon="-119.892274"><ele>2537.2</ele><time>2024-09-20T02:13:50Z</time></trkpt>
<trkpt lat="39.192188" lon="-119.891921"><ele>2534.4</ele><time>2024-09-20T02:14:34Z</time></trkpt>
<trkpt lat="39.192143" lon="-119.891682"><ele>2532.2</ele><time>2024-09-20T02:14:55Z</time></trkpt>
<trkpt lat="39.192020" lon="-119.891527"><ele>2528.8</ele><time>2024-09-20T02:15:19Z</time></trkpt>
<trkpt lat="39.191599" lon="-119.890680"><ele>2527.8</ele><time>2024-09-20T02:16:36Z</time></trkpt>
<trkpt lat="39.191532" lon="-119.890327"><ele>2527.4</ele><time>2024-09-20T02:17:16Z</time></trkpt>
<trkpt lat="39.191581" lon="-119.890345"><ele>2528.2</ele><time>2024-09-20T02:17:22Z</time></trkpt>
<trkpt lat="39.191460" lon="-119.890185"><ele>2528.4</ele><time>2024-09-20T02:17:23Z</time></trkpt>
<trkpt lat="39.191028" lon="-119.890112"><ele>2528.6</ele><time>2024-09-20T02:17:24Z</time></trkpt>
<trkpt lat="39.191224" lon="-119.890143"><ele>2529.2</ele><time>2024-09-20T02:17:27Z</time></trkpt>
<trkpt lat="39.191075" lon="-119.889861"><ele>2529.8</ele><time>2024-09-20T02:17:36Z</time></trkpt>
<trkpt lat="39.191436" lon="-119.889575"><ele>2526.0</ele><time>2024-09-20T02:18:25Z</time></trkpt>
<trkpt lat="39.191521" lon="-119.889129"><ele>2522.4</ele><time>2024-09-20T02:18:55Z</time></trkpt>
<trkpt lat="39.191380" lon="-119.888857"><ele>2519.6</ele><time>2024-09-20T02:19:19Z</time></trkpt>
<trkpt lat="39.191429" lon="-119.888639"><ele>2519.6</ele><time>2024-09-20T02:19:22Z</time></trkpt>
<trkpt lat="39.191519" lon="-119.888962"><ele>2519.4</ele><time>2024-09-20T02:19:23Z</time></trkpt>
<trkpt lat="39.191167" lon="-119.889110"><ele>2519.0</ele><time>2024-09-20T02:19:24Z</time></trkpt>
<trkpt lat="39.191552" lon="-119.889009"><ele>2518.2</ele><time>2024-09-20T02:19:27Z</time></trkpt>
<trkpt lat="39.191530" lon="-119.888828"><ele>2516.8</ele><time>2024-09-20T02:19:33Z</time></trkpt>
<trkpt lat="39.191583" lon="-119.888774"><ele>2515.4</ele><time>2024-09-20T02:19:39Z</time></trkpt>
<trkpt lat="39.191530" lon="-119.888471"><ele>2514.2</ele><time>2024-09-20T02:19:45Z</time></trkpt>
<trkpt lat="39.191401" lon="-119.888356"><ele>2514.0</ele><time>2024-09-20T02:19:46Z</time></trkpt>
<trkpt lat="39.191487" lon="-119.888406"><ele>2513.8</ele><time>2024-09-20T02:19:51Z</time></trkpt>
<trkpt lat="39.191458" lon="-119.888350"><ele>2513.6</ele><time>2024-09-20T02:19:52Z</time></trkpt>
<trkpt lat="39.191536" lon="-119.888332"><ele>2513.4</ele><time>2024-09-20T02:19:55Z</time></trkpt>
<trkpt lat="39.191594" lon="-119.888136"><ele>2512.6</ele><time>2024-09-20T02:20:01Z</time></trkpt>
<trkpt lat="39.191557" lon="-119.888221"><ele>2512.2</ele><time>2024-09-20T02:20:49Z</time></trkpt>
<trkpt lat="39.191895" lon="-119.888969"><ele>2512.2</ele><time>2024-09-20T02:21:17Z</time></trkpt>
<trkpt lat="39.191852" lon="-119.888677"><ele>2512.2</ele><time>2024-09-20T02:21:19Z</time></trkpt>
<trkpt lat="39.191579" lon="-119.888125"><ele>2512.4</ele><time>2024-09-20T02:21:29Z</time></trkpt>
<trkpt lat="39.191550" lon="-119.888186"><ele>2512.4</ele><time>2024-09-20T02:21:36Z</time></trkpt>
<trkpt lat="39.191926" lon="-119.888437"><ele>2512.2</ele><time>2024-09-20T02:23:23Z</time></trkpt>
<trkpt lat="39.191573" lon="-119.888040"><ele>2512.4</ele><time>2024-09-20T02:23:40Z</time></trkpt>
<trkpt lat="39.191526" lon="-119.888053"><ele>2512.6</ele><time>2024-09-20T02:23:45Z</time></trkpt>
<trkpt lat="39.191582" lon="-119.888149"><ele>2512.2</ele><time>2024-09-20T02:24:20Z</time></trkpt>
<trkpt lat="39.191413" lon="-119.887790"><ele>2513.4</ele><time>2024-09-20T02:26:22Z</time></trkpt>
<trkpt lat="39.191568" lon="-119.888113"><ele>2513.2</ele><time>2024-09-20T02:26:38Z</time></trkpt>
<trkpt lat="39.191699" lon="-119.888170"><ele>2515.8</ele><time>2024-09-20T02:28:19Z</time></trkpt>
<trkpt lat="39.191591" lon="-119.888068"><ele>2515.2</ele><time>2024-09-20T02:28:36Z</time></trkpt>
<trkpt lat="39.191430" lon="-119.888313"><ele>2518.0</ele><time>2024-09-20T02:29:15Z</time></trkpt>
<trkpt lat="39.191299" lon="-119.888360"><ele>2520.0</ele><time>2024-09-20T02:29:27Z</time></trkpt>
<trkpt lat="39.191195" lon="-119.888679"><ele>2525.6</ele><time>2024-09-20T02:29:59Z</time></trkpt>
<trkpt lat="39.190975" lon="-119.888970"><ele>2529.6</ele><time>2024-09-20T02:30:26Z</time></trkpt>
<trkpt lat="39.191101" lon="-119.889201"><ele>2530.6</ele><time>2024-09-20T02:30:39Z</time></trkpt>
</trkseg></trk>
</gpx>
