<?xml version="1.0" encoding="UTF-8"?>
<gpx version="1.1" creator="Eric Sichak trip reports" xmlns="http://www.topografix.com/GPX/1/1">
<metadata><name>Ride near Day Valley</name><time>2021-07-03T12:49:53Z</time></metadata>
<trk><name>Ride near Day Valley</name><type>mtb</type><trkseg>
<trkpt lat="37.081597" lon="-121.849432"><ele>502.4</ele><time>2021-07-03T12:49:53Z</time></trkpt>
<trkpt lat="37.081596" lon="-121.849630"><ele>502.2</ele><time>2021-07-03T12:49:55Z</time></trkpt>
<trkpt lat="37.081559" lon="-121.849706"><ele>502.1</ele><time>2021-07-03T12:49:57Z</time></trkpt>
<trkpt lat="37.081584" lon="-121.849866"><ele>502.0</ele><time>2021-07-03T12:50:02Z</time></trkpt>
<trkpt lat="37.081681" lon="-121.850114"><ele>501.9</ele><time>2021-07-03T12:50:10Z</time></trkpt>
<trkpt lat="37.081773" lon="-121.850254"><ele>501.9</ele><time>2021-07-03T12:50:15Z</time></trkpt>
<trkpt lat="37.081606" lon="-121.850100"><ele>501.9</ele><time>2021-07-03T12:50:40Z</time></trkpt>
<trkpt lat="37.081559" lon="-121.849866"><ele>502.1</ele><time>2021-07-03T12:50:44Z</time></trkpt>
<trkpt lat="37.081445" lon="-121.849538"><ele>502.5</ele><time>2021-07-03T12:50:50Z</time></trkpt>
<trkpt lat="37.081340" lon="-121.849424"><ele>502.7</ele><time>2021-07-03T12:50:54Z</time></trkpt>
<trkpt lat="37.081190" lon="-121.849388"><ele>502.9</ele><time>2021-07-03T12:50:57Z</time></trkpt>
<trkpt lat="37.081109" lon="-121.849321"><ele>503.0</ele><time>2021-07-03T12:51:00Z</time></trkpt>
<trkpt lat="37.081060" lon="-121.849348"><ele>503.0</ele><time>2021-07-03T12:51:02Z</time></trkpt>
<trkpt lat="37.081057" lon="-121.849419"><ele>503.1</ele><time>2021-07-03T12:51:03Z</time></trkpt>
<trkpt lat="37.080958" lon="-121.849402"><ele>503.1</ele><time>2021-07-03T12:51:06Z</time></trkpt>
<trkpt lat="37.080944" lon="-121.849303"><ele>503.1</ele><time>2021-07-03T12:51:08Z</time></trkpt>
<trkpt lat="37.080715" lon="-121.849112"><ele>502.8</ele><time>2021-07-03T12:51:12Z</time></trkpt>
<trkpt lat="37.080608" lon="-121.848933"><ele>502.7</ele><time>2021-07-03T12:51:15Z</time></trkpt>
<trkpt lat="37.080444" lon="-121.848865"><ele>502.7</ele><time>2021-07-03T12:51:17Z</time></trkpt>
<trkpt lat="37.080427" lon="-121.848754"><ele>502.8</ele><time>2021-07-03T12:51:18Z</time></trkpt>
<trkpt lat="37.080307" lon="-121.848543"><ele>502.9</ele><time>2021-07-03T12:51:21Z</time></trkpt>
<trkpt lat="37.080190" lon="-121.848435"><ele>503.0</ele><time>2021-07-03T12:51:24Z</time></trkpt>
<trkpt lat="37.080010" lon="-121.848418"><ele>503.4</ele><time>2021-07-03T12:51:27Z</time></trkpt>
<trkpt lat="37.080033" lon="-121.848305"><ele>503.6</ele><time>2021-07-03T12:51:28Z</time></trkpt>
<trkpt lat="37.079957" lon="-121.848167"><ele>503.9</ele><time>2021-07-03T12:51:31Z</time></trkpt>
<trkpt lat="37.079825" lon="-121.848066"><ele>504.4</ele><time>2021-07-03T12:51:38Z</time></trkpt>
<trkpt lat="37.079627" lon="-121.847828"><ele>504.8</ele><time>2021-07-03T12:51:45Z</time></trkpt>
<trkpt lat="37.079325" lon="-121.847687"><ele>504.9</ele><time>2021-07-03T12:51:51Z</time></trkpt>
<trkpt lat="37.079168" lon="-121.847481"><ele>505.1</ele><time>2021-07-03T12:51:55Z</time></trkpt>
<trkpt lat="37.079117" lon="-121.847350"><ele>505.2</ele><time>2021-07-03T12:51:57Z</time></trkpt>
<trkpt lat="37.079112" lon="-121.847201"><ele>505.4</ele><time>2021-07-03T12:51:59Z</time></trkpt>
<trkpt lat="37.079227" lon="-121.846696"><ele>506.0</ele><time>2021-07-03T12:52:09Z</time></trkpt>
<trkpt lat="37.079146" lon="-121.846308"><ele>506.3</ele><time>2021-07-03T12:52:16Z</time></trkpt>
<trkpt lat="37.078921" lon="-121.845926"><ele>507.0</ele><time>2021-07-03T12:52:27Z</time></trkpt>
<trkpt lat="37.078823" lon="-121.845884"><ele>507.2</ele><time>2021-07-03T12:52:30Z</time></trkpt>
<trkpt lat="37.078677" lon="-121.845693"><ele>507.7</ele><time>2021-07-03T12:52:36Z</time></trkpt>
<trkpt lat="37.078655" lon="-121.845701"><ele>507.8</ele><time>2021-07-03T12:52:37Z</time></trkpt>
<trkpt lat="37.078489" lon="-121.845434"><ele>508.5</ele><time>2021-07-03T12:52:45Z</time></trkpt>
<trkpt lat="37.078422" lon="-121.845433"><ele>508.6</ele><time>2021-07-03T12:52:46Z</time></trkpt>
<trkpt lat="37.078402" lon="-121.845311"><ele>508.8</ele><time>2021-07-03T12:52:49Z</time></trkpt>
<trkpt lat="37.078240" lon="-121.844953"><ele>509.5</ele><time>2021-07-03T12:52:57Z</time></trkpt>
<trkpt lat="37.078265" lon="-121.844618"><ele>509.8</ele><time>2021-07-03T12:53:04Z</time></trkpt>
<trkpt lat="37.078217" lon="-121.844387"><ele>509.8</ele><time>2021-07-03T12:53:08Z</time></trkpt>
<trkpt lat="37.078068" lon="-121.844037"><ele>509.8</ele><time>2021-07-03T12:53:15Z</time></trkpt>
<trkpt lat="37.077848" lon="-121.843816"><ele>509.9</ele><time>2021-07-03T12:53:20Z</time></trkpt>
<trkpt lat="37.077809" lon="-121.843599"><ele>510.0</ele><time>2021-07-03T12:53:23Z</time></trkpt>
<trkpt lat="37.077743" lon="-121.843451"><ele>510.1</ele><time>2021-07-03T12:53:26Z</time></trkpt>
<trkpt lat="37.077638" lon="-121.843330"><ele>510.4</ele><time>2021-07-03T12:53:31Z</time></trkpt>
<trkpt lat="37.077683" lon="-121.843127"><ele>510.7</ele><time>2021-07-03T12:53:34Z</time></trkpt>
<trkpt lat="37.077599" lon="-121.842909"><ele>511.3</ele><time>2021-07-03T12:53:39Z</time></trkpt>
<trkpt lat="37.077621" lon="-121.842826"><ele>511.5</ele><time>2021-07-03T12:53:40Z</time></trkpt>
<trkpt lat="37.077574" lon="-121.842608"><ele>512.0</ele><time>2021-07-03T12:53:52Z</time></trkpt>
<trkpt lat="37.077494" lon="-121.842565"><ele>512.3</ele><time>2021-07-03T12:54:02Z</time></trkpt>
<trkpt lat="37.077433" lon="-121.842607"><ele>512.5</ele><time>2021-07-03T12:54:08Z</time></trkpt>
<trkpt lat="37.077364" lon="-121.842584"><ele>512.7</ele><time>2021-07-03T12:54:13Z</time></trkpt>
<trkpt lat="37.077188" lon="-121.842197"><ele>513.5</ele><time>2021-07-03T12:54:25Z</time></trkpt>
<trkpt lat="37.077062" lon="-121.842150"><ele>513.7</ele><time>2021-07-03T12:54:28Z</time></trkpt>
<trkpt lat="37.076956" lon="-121.841904"><ele>513.9</ele><time>2021-07-03T12:54:33Z</time></trkpt>
<trkpt lat="37.076835" lon="-121.841777"><ele>514.0</ele><time>2021-07-03T12:54:36Z</time></trkpt>
<trkpt lat="37.076870" lon="-121.841807"><ele>514.0</ele><time>2021-07-03T12:54:37Z</time></trkpt>
<trkpt lat="37.076777" lon="-121.841665"><ele>514.0</ele><time>2021-07-03T12:54:42Z</time></trkpt>
<trkpt lat="37.076637" lon="-121.841656"><ele>514.0</ele><time>2021-07-03T12:54:45Z</time></trkpt>
<trkpt lat="37.076456" lon="-121.841545"><ele>514.0</ele><time>2021-07-03T12:54:49Z</time></trkpt>
<trkpt lat="37.076419" lon="-121.841424"><ele>514.0</ele><time>2021-07-03T12:54:52Z</time></trkpt>
<trkpt lat="37.076229" lon="-121.841348"><ele>514.3</ele><time>2021-07-03T12:54:57Z</time></trkpt>
<trkpt lat="37.075987" lon="-121.841151"><ele>514.7</ele><time>2021-07-03T12:55:07Z</time></trkpt>
<trkpt lat="37.075854" lon="-121.841129"><ele>515.1</ele><time>2021-07-03T12:55:11Z</time></trkpt>
<trkpt lat="37.075803" lon="-121.841166"><ele>515.2</ele><time>2021-07-03T12:55:12Z</time></trkpt>
<trkpt lat="37.075642" lon="-121.841126"><ele>515.7</ele><time>2021-07-03T12:55:17Z</time></trkpt>
<trkpt lat="37.075570" lon="-121.841033"><ele>516.1</ele><time>2021-07-03T12:55:19Z</time></trkpt>
<trkpt lat="37.075566" lon="-121.840934"><ele>516.4</ele><time>2021-07-03T12:55:20Z</time></trkpt>
<trkpt lat="37.075455" lon="-121.840812"><ele>516.9</ele><time>2021-07-03T12:55:23Z</time></trkpt>
<trkpt lat="37.075266" lon="-121.840698"><ele>517.7</ele><time>2021-07-03T12:55:28Z</time></trkpt>
<trkpt lat="37.075159" lon="-121.840577"><ele>518.3</ele><time>2021-07-03T12:55:33Z</time></trkpt>
<trkpt lat="37.074916" lon="-121.840507"><ele>519.2</ele><time>2021-07-03T12:55:41Z</time></trkpt>
<trkpt lat="37.074873" lon="-121.840394"><ele>519.6</ele><time>2021-07-03T12:55:43Z</time></trkpt>
<trkpt lat="37.074787" lon="-121.840309"><ele>519.8</ele><time>2021-07-03T12:55:45Z</time></trkpt>
<trkpt lat="37.074783" lon="-121.840237"><ele>519.9</ele><time>2021-07-03T12:55:46Z</time></trkpt>
<trkpt lat="37.074727" lon="-121.840231"><ele>520.0</ele><time>2021-07-03T12:55:47Z</time></trkpt>
<trkpt lat="37.074731" lon="-121.840164"><ele>520.0</ele><time>2021-07-03T12:55:48Z</time></trkpt>
<trkpt lat="37.074598" lon="-121.840031"><ele>520.1</ele><time>2021-07-03T12:55:53Z</time></trkpt>
<trkpt lat="37.074574" lon="-121.839828"><ele>520.1</ele><time>2021-07-03T12:55:57Z</time></trkpt>
<trkpt lat="37.074456" lon="-121.839726"><ele>520.1</ele><time>2021-07-03T12:56:01Z</time></trkpt>
<trkpt lat="37.074331" lon="-121.839696"><ele>520.2</ele><time>2021-07-03T12:56:02Z</time></trkpt>
<trkpt lat="37.074335" lon="-121.839552"><ele>520.3</ele><time>2021-07-03T12:56:05Z</time></trkpt>
<trkpt lat="37.074242" lon="-121.839444"><ele>520.4</ele><time>2021-07-03T12:56:08Z</time></trkpt>
<trkpt lat="37.074273" lon="-121.839138"><ele>520.8</ele><time>2021-07-03T12:56:13Z</time></trkpt>
<trkpt lat="37.074245" lon="-121.839113"><ele>520.9</ele><time>2021-07-03T12:56:14Z</time></trkpt>
<trkpt lat="37.074242" lon="-121.839018"><ele>521.0</ele><time>2021-07-03T12:56:15Z</time></trkpt>
<trkpt lat="37.074129" lon="-121.839019"><ele>521.2</ele><time>2021-07-03T12:56:17Z</time></trkpt>
<trkpt lat="37.074082" lon="-121.838980"><ele>521.3</ele><time>2021-07-03T12:56:18Z</time></trkpt>
<trkpt lat="37.074144" lon="-121.838704"><ele>521.7</ele><time>2021-07-03T12:56:22Z</time></trkpt>
<trkpt lat="37.074089" lon="-121.838579"><ele>521.9</ele><time>2021-07-03T12:56:25Z</time></trkpt>
<trkpt lat="37.073996" lon="-121.838555"><ele>522.2</ele><time>2021-07-03T12:56:27Z</time></trkpt>
<trkpt lat="37.073987" lon="-121.838470"><ele>522.3</ele><time>2021-07-03T12:56:28Z</time></trkpt>
<trkpt lat="37.073914" lon="-121.838399"><ele>522.6</ele><time>2021-07-03T12:56:32Z</time></trkpt>
<trkpt lat="37.073908" lon="-121.838315"><ele>522.8</ele><time>2021-07-03T12:56:34Z</time></trkpt>
<trkpt lat="37.073836" lon="-121.838249"><ele>523.1</ele><time>2021-07-03T12:56:37Z</time></trkpt>
<trkpt lat="37.073870" lon="-121.838163"><ele>523.3</ele><time>2021-07-03T12:56:39Z</time></trkpt>
<trkpt lat="37.073764" lon="-121.838091"><ele>523.6</ele><time>2021-07-03T12:56:42Z</time></trkpt>
<trkpt lat="37.073752" lon="-121.838002"><ele>523.9</ele><time>2021-07-03T12:56:44Z</time></trkpt>
<trkpt lat="37.073524" lon="-121.837929"><ele>524.6</ele><time>2021-07-03T12:56:55Z</time></trkpt>
<trkpt lat="37.073462" lon="-121.837867"><ele>524.9</ele><time>2021-07-03T12:57:01Z</time></trkpt>
<trkpt lat="37.073275" lon="-121.837904"><ele>525.5</ele><time>2021-07-03T12:57:05Z</time></trkpt>
<trkpt lat="37.073273" lon="-121.837858"><ele>525.6</ele><time>2021-07-03T12:57:07Z</time></trkpt>
<trkpt lat="37.073137" lon="-121.837810"><ele>526.0</ele><time>2021-07-03T12:57:11Z</time></trkpt>
<trkpt lat="37.073128" lon="-121.837747"><ele>526.1</ele><time>2021-07-03T12:57:12Z</time></trkpt>
<trkpt lat="37.073102" lon="-121.837775"><ele>526.2</ele><time>2021-07-03T12:57:13Z</time></trkpt>
<trkpt lat="37.073040" lon="-121.837740"><ele>526.4</ele><time>2021-07-03T12:57:16Z</time></trkpt>
<trkpt lat="37.073024" lon="-121.837774"><ele>526.5</ele><time>2021-07-03T12:57:17Z</time></trkpt>
<trkpt lat="37.072949" lon="-121.837767"><ele>526.6</ele><time>2021-07-03T12:57:19Z</time></trkpt>
<trkpt lat="37.072890" lon="-121.837678"><ele>526.9</ele><time>2021-07-03T12:57:22Z</time></trkpt>
<trkpt lat="37.072758" lon="-121.837653"><ele>527.1</ele><time>2021-07-03T12:57:25Z</time></trkpt>
<trkpt lat="37.072760" lon="-121.837593"><ele>527.2</ele><time>2021-07-03T12:57:26Z</time></trkpt>
<trkpt lat="37.072571" lon="-121.837563"><ele>527.7</ele><time>2021-07-03T12:57:29Z</time></trkpt>
<trkpt lat="37.072484" lon="-121.837496"><ele>528.0</ele><time>2021-07-03T12:57:32Z</time></trkpt>
<trkpt lat="37.072460" lon="-121.837379"><ele>528.2</ele><time>2021-07-03T12:57:35Z</time></trkpt>
<trkpt lat="37.072266" lon="-121.837288"><ele>528.8</ele><time>2021-07-03T12:57:44Z</time></trkpt>
<trkpt lat="37.072201" lon="-121.837101"><ele>529.2</ele><time>2021-07-03T12:57:48Z</time></trkpt>
<trkpt lat="37.072011" lon="-121.837030"><ele>529.6</ele><time>2021-07-03T12:57:52Z</time></trkpt>
<trkpt lat="37.072001" lon="-121.836824"><ele>530.0</ele><time>2021-07-03T12:57:56Z</time></trkpt>
<trkpt lat="37.071772" lon="-121.836582"><ele>530.7</ele><time>2021-07-03T12:58:06Z</time></trkpt>
<trkpt lat="37.071795" lon="-121.836462"><ele>530.9</ele><time>2021-07-03T12:58:08Z</time></trkpt>
<trkpt lat="37.071715" lon="-121.836418"><ele>531.1</ele><time>2021-07-03T12:58:12Z</time></trkpt>
<trkpt lat="37.071646" lon="-121.836314"><ele>531.4</ele><time>2021-07-03T12:58:16Z</time></trkpt>
<trkpt lat="37.071638" lon="-121.836236"><ele>531.5</ele><time>2021-07-03T12:58:18Z</time></trkpt>
<trkpt lat="37.071562" lon="-121.836147"><ele>531.8</ele><time>2021-07-03T12:58:23Z</time></trkpt>
<trkpt lat="37.071544" lon="-121.835979"><ele>532.2</ele><time>2021-07-03T12:58:27Z</time></trkpt>
<trkpt lat="37.071488" lon="-121.835984"><ele>532.4</ele><time>2021-07-03T12:58:28Z</time></trkpt>
<trkpt lat="37.071404" lon="-121.835882"><ele>532.8</ele><time>2021-07-03T12:58:33Z</time></trkpt>
<trkpt lat="37.071417" lon="-121.835776"><ele>533.1</ele><time>2021-07-03T12:58:34Z</time></trkpt>
<trkpt lat="37.071385" lon="-121.835787"><ele>533.2</ele><time>2021-07-03T12:58:35Z</time></trkpt>
<trkpt lat="37.071310" lon="-121.835456"><ele>534.1</ele><time>2021-07-03T12:58:42Z</time></trkpt>
<trkpt lat="37.071205" lon="-121.835358"><ele>534.5</ele><time>2021-07-03T12:58:47Z</time></trkpt>
<trkpt lat="37.071166" lon="-121.835273"><ele>534.8</ele><time>2021-07-03T12:58:49Z</time></trkpt>
<trkpt lat="37.071118" lon="-121.835259"><ele>535.0</ele><time>2021-07-03T12:58:51Z</time></trkpt>
<trkpt lat="37.071066" lon="-121.835165"><ele>535.3</ele><time>2021-07-03T12:58:55Z</time></trkpt>
<trkpt lat="37.071099" lon="-121.835060"><ele>535.7</ele><time>2021-07-03T12:58:57Z</time></trkpt>
<trkpt lat="37.071013" lon="-121.834992"><ele>536.1</ele><time>2021-07-03T12:59:01Z</time></trkpt>
<trkpt lat="37.071001" lon="-121.834904"><ele>536.3</ele><time>2021-07-03T12:59:03Z</time></trkpt>
<trkpt lat="37.070951" lon="-121.834846"><ele>536.6</ele><time>2021-07-03T12:59:07Z</time></trkpt>
<trkpt lat="37.070921" lon="-121.834598"><ele>537.3</ele><time>2021-07-03T12:59:15Z</time></trkpt>
<trkpt lat="37.070863" lon="-121.834545"><ele>537.6</ele><time>2021-07-03T12:59:19Z</time></trkpt>
<trkpt lat="37.070853" lon="-121.834450"><ele>537.9</ele><time>2021-07-03T12:59:21Z</time></trkpt>
<trkpt lat="37.070796" lon="-121.834395"><ele>538.2</ele><time>2021-07-03T12:59:25Z</time></trkpt>
<trkpt lat="37.070766" lon="-121.834269"><ele>538.8</ele><time>2021-07-03T12:59:31Z</time></trkpt>
<trkpt lat="37.070644" lon="-121.834220"><ele>539.3</ele><time>2021-07-03T12:59:38Z</time></trkpt>
<trkpt lat="37.070664" lon="-121.834127"><ele>539.6</ele><time>2021-07-03T12:59:41Z</time></trkpt>
<trkpt lat="37.070589" lon="-121.834024"><ele>539.9</ele><time>2021-07-03T12:59:46Z</time></trkpt>
<trkpt lat="37.070588" lon="-121.833947"><ele>540.1</ele><time>2021-07-03T12:59:48Z</time></trkpt>
<trkpt lat="37.070523" lon="-121.833889"><ele>540.4</ele><time>2021-07-03T12:59:52Z</time></trkpt>
<trkpt lat="37.070539" lon="-121.833853"><ele>540.4</ele><time>2021-07-03T12:59:53Z</time></trkpt>
<trkpt lat="37.070507" lon="-121.833748"><ele>540.6</ele><time>2021-07-03T12:59:55Z</time></trkpt>
<trkpt lat="37.070478" lon="-121.833755"><ele>540.7</ele><time>2021-07-03T12:59:56Z</time></trkpt>
<trkpt lat="37.070467" lon="-121.833685"><ele>540.9</ele><time>2021-07-03T12:59:57Z</time></trkpt>
<trkpt lat="37.070426" lon="-121.833677"><ele>541.0</ele><time>2021-07-03T12:59:59Z</time></trkpt>
<trkpt lat="37.070410" lon="-121.833475"><ele>541.5</ele><time>2021-07-03T13:00:04Z</time></trkpt>
<trkpt lat="37.070390" lon="-121.833483"><ele>541.5</ele><time>2021-07-03T13:00:05Z</time></trkpt>
<trkpt lat="37.070251" lon="-121.833297"><ele>542.1</ele><time>2021-07-03T13:00:12Z</time></trkpt>
<trkpt lat="37.070253" lon="-121.833197"><ele>542.4</ele><time>2021-07-03T13:00:14Z</time></trkpt>
<trkpt lat="37.070216" lon="-121.833142"><ele>542.6</ele><time>2021-07-03T13:00:16Z</time></trkpt>
<trkpt lat="37.070171" lon="-121.833147"><ele>542.7</ele><time>2021-07-03T13:00:18Z</time></trkpt>
<trkpt lat="37.070118" lon="-121.833096"><ele>542.9</ele><time>2021-07-03T13:00:21Z</time></trkpt>
<trkpt lat="37.070079" lon="-121.833007"><ele>543.1</ele><time>2021-07-03T13:00:25Z</time></trkpt>
<trkpt lat="37.070079" lon="-121.832891"><ele>543.3</ele><time>2021-07-03T13:00:29Z</time></trkpt>
<trkpt lat="37.070018" lon="-121.832865"><ele>543.4</ele><time>2021-07-03T13:00:32Z</time></trkpt>
<trkpt lat="37.069974" lon="-121.832732"><ele>543.7</ele><time>2021-07-03T13:00:37Z</time></trkpt>
<trkpt lat="37.069833" lon="-121.832679"><ele>544.0</ele><time>2021-07-03T13:00:42Z</time></trkpt>
<trkpt lat="37.069733" lon="-121.832543"><ele>544.2</ele><time>2021-07-03T13:00:46Z</time></trkpt>
<trkpt lat="37.069613" lon="-121.832491"><ele>544.5</ele><time>2021-07-03T13:00:50Z</time></trkpt>
<trkpt lat="37.069627" lon="-121.832370"><ele>544.7</ele><time>2021-07-03T13:00:52Z</time></trkpt>
<trkpt lat="37.069517" lon="-121.832275"><ele>545.0</ele><time>2021-07-03T13:00:57Z</time></trkpt>
<trkpt lat="37.069506" lon="-121.832198"><ele>545.2</ele><time>2021-07-03T13:00:59Z</time></trkpt>
<trkpt lat="37.069553" lon="-121.831968"><ele>545.9</ele><time>2021-07-03T13:01:03Z</time></trkpt>
<trkpt lat="37.069478" lon="-121.831826"><ele>546.4</ele><time>2021-07-03T13:01:09Z</time></trkpt>
<trkpt lat="37.069396" lon="-121.831751"><ele>546.7</ele><time>2021-07-03T13:01:13Z</time></trkpt>
<trkpt lat="37.069420" lon="-121.831704"><ele>546.9</ele><time>2021-07-03T13:01:14Z</time></trkpt>
<trkpt lat="37.069406" lon="-121.831552"><ele>547.2</ele><time>2021-07-03T13:01:17Z</time></trkpt>
<trkpt lat="37.069442" lon="-121.831444"><ele>547.5</ele><time>2021-07-03T13:01:19Z</time></trkpt>
<trkpt lat="37.069376" lon="-121.831199"><ele>548.3</ele><time>2021-07-03T13:01:26Z</time></trkpt>
<trkpt lat="37.069262" lon="-121.831192"><ele>549.0</ele><time>2021-07-03T13:01:32Z</time></trkpt>
<trkpt lat="37.069251" lon="-121.831124"><ele>549.3</ele><time>2021-07-03T13:01:35Z</time></trkpt>
<trkpt lat="37.069138" lon="-121.830963"><ele>550.5</ele><time>2021-07-03T13:01:45Z</time></trkpt>
<trkpt lat="37.069118" lon="-121.830869"><ele>551.0</ele><time>2021-07-03T13:01:48Z</time></trkpt>
<trkpt lat="37.069016" lon="-121.830819"><ele>551.7</ele><time>2021-07-03T13:01:53Z</time></trkpt>
<trkpt lat="37.068956" lon="-121.830732"><ele>552.3</ele><time>2021-07-03T13:01:59Z</time></trkpt>
<trkpt lat="37.068969" lon="-121.830697"><ele>552.4</ele><time>2021-07-03T13:02:01Z</time></trkpt>
<trkpt lat="37.068928" lon="-121.830698"><ele>552.6</ele><time>2021-07-03T13:02:02Z</time></trkpt>
<trkpt lat="37.068979" lon="-121.830581"><ele>553.1</ele><time>2021-07-03T13:02:05Z</time></trkpt>
<trkpt lat="37.068960" lon="-121.830544"><ele>553.3</ele><time>2021-07-03T13:02:07Z</time></trkpt>
<trkpt lat="37.068991" lon="-121.830305"><ele>554.1</ele><time>2021-07-03T13:02:13Z</time></trkpt>
<trkpt lat="37.068969" lon="-121.830165"><ele>554.7</ele><time>2021-07-03T13:02:19Z</time></trkpt>
<trkpt lat="37.068901" lon="-121.830174"><ele>555.0</ele><time>2021-07-03T13:02:22Z</time></trkpt>
<trkpt lat="37.068884" lon="-121.830288"><ele>555.8</ele><time>2021-07-03T13:02:30Z</time></trkpt>
<trkpt lat="37.068837" lon="-121.830327"><ele>556.3</ele><time>2021-07-03T13:02:35Z</time></trkpt>
<trkpt lat="37.068839" lon="-121.830379"><ele>556.8</ele><time>2021-07-03T13:02:39Z</time></trkpt>
<trkpt lat="37.068882" lon="-121.830390"><ele>557.1</ele><time>2021-07-03T13:02:41Z</time></trkpt>
<trkpt lat="37.068839" lon="-121.830466"><ele>557.7</ele><time>2021-07-03T13:02:44Z</time></trkpt>
<trkpt lat="37.068868" lon="-121.830584"><ele>558.5</ele><time>2021-07-03T13:02:51Z</time></trkpt>
<trkpt lat="37.068806" lon="-121.830647"><ele>559.0</ele><time>2021-07-03T13:02:55Z</time></trkpt>
<trkpt lat="37.068801" lon="-121.830723"><ele>559.4</ele><time>2021-07-03T13:02:58Z</time></trkpt>
<trkpt lat="37.068850" lon="-121.830900"><ele>560.0</ele><time>2021-07-03T13:03:06Z</time></trkpt>
<trkpt lat="37.068934" lon="-121.830984"><ele>560.4</ele><time>2021-07-03T13:03:11Z</time></trkpt>
<trkpt lat="37.068959" lon="-121.831099"><ele>560.7</ele><time>2021-07-03T13:03:14Z</time></trkpt>
<trkpt lat="37.069024" lon="-121.831151"><ele>561.0</ele><time>2021-07-03T13:03:17Z</time></trkpt>
<trkpt lat="37.069159" lon="-121.831540"><ele>562.2</ele><time>2021-07-03T13:03:31Z</time></trkpt>
<trkpt lat="37.069130" lon="-121.831745"><ele>562.8</ele><time>2021-07-03T13:03:36Z</time></trkpt>
<trkpt lat="37.069176" lon="-121.831932"><ele>563.3</ele><time>2021-07-03T13:03:42Z</time></trkpt>
<trkpt lat="37.069120" lon="-121.832120"><ele>563.8</ele><time>2021-07-03T13:03:48Z</time></trkpt>
<trkpt lat="37.069071" lon="-121.832161"><ele>564.0</ele><time>2021-07-03T13:03:50Z</time></trkpt>
<trkpt lat="37.069046" lon="-121.832282"><ele>564.4</ele><time>2021-07-03T13:03:55Z</time></trkpt>
<trkpt lat="37.068923" lon="-121.832442"><ele>565.2</ele><time>2021-07-03T13:04:03Z</time></trkpt>
<trkpt lat="37.068812" lon="-121.832817"><ele>566.4</ele><time>2021-07-03T13:04:17Z</time></trkpt>
<trkpt lat="37.068607" lon="-121.833115"><ele>567.7</ele><time>2021-07-03T13:04:33Z</time></trkpt>
<trkpt lat="37.068408" lon="-121.833088"><ele>568.5</ele><time>2021-07-03T13:04:45Z</time></trkpt>
<trkpt lat="37.068200" lon="-121.832965"><ele>569.6</ele><time>2021-07-03T13:04:55Z</time></trkpt>
<trkpt lat="37.068112" lon="-121.832954"><ele>570.1</ele><time>2021-07-03T13:04:58Z</time></trkpt>
<trkpt lat="37.067849" lon="-121.832731"><ele>572.1</ele><time>2021-07-03T13:05:11Z</time></trkpt>
<trkpt lat="37.067661" lon="-121.832727"><ele>573.3</ele><time>2021-07-03T13:05:21Z</time></trkpt>
<trkpt lat="37.067612" lon="-121.832764"><ele>573.6</ele><time>2021-07-03T13:05:24Z</time></trkpt>
<trkpt lat="37.067554" lon="-121.832913"><ele>574.3</ele><time>2021-07-03T13:05:32Z</time></trkpt>
<trkpt lat="37.067418" lon="-121.833077"><ele>574.9</ele><time>2021-07-03T13:05:43Z</time></trkpt>
<trkpt lat="37.067354" lon="-121.833260"><ele>575.3</ele><time>2021-07-03T13:05:52Z</time></trkpt>
<trkpt lat="37.067273" lon="-121.833353"><ele>575.6</ele><time>2021-07-03T13:05:56Z</time></trkpt>
<trkpt lat="37.067194" lon="-121.833537"><ele>576.3</ele><time>2021-07-03T13:06:05Z</time></trkpt>
<trkpt lat="37.067203" lon="-121.833678"><ele>576.9</ele><time>2021-07-03T13:06:12Z</time></trkpt>
<trkpt lat="37.067238" lon="-121.833758"><ele>577.3</ele><time>2021-07-03T13:06:17Z</time></trkpt>
<trkpt lat="37.067425" lon="-121.833997"><ele>578.9</ele><time>2021-07-03T13:06:33Z</time></trkpt>
<trkpt lat="37.067463" lon="-121.834120"><ele>579.5</ele><time>2021-07-03T13:06:39Z</time></trkpt>
<trkpt lat="37.067463" lon="-121.834253"><ele>580.0</ele><time>2021-07-03T13:06:44Z</time></trkpt>
<trkpt lat="37.067377" lon="-121.834480"><ele>580.8</ele><time>2021-07-03T13:06:55Z</time></trkpt>
<trkpt lat="37.067072" lon="-121.834891"><ele>582.8</ele><time>2021-07-03T13:07:21Z</time></trkpt>
<trkpt lat="37.067087" lon="-121.835109"><ele>585.1</ele><time>2021-07-03T13:07:31Z</time></trkpt>
<trkpt lat="37.067160" lon="-121.835318"><ele>587.2</ele><time>2021-07-03T13:07:43Z</time></trkpt>
<trkpt lat="37.067244" lon="-121.835464"><ele>588.9</ele><time>2021-07-03T13:07:53Z</time></trkpt>
<trkpt lat="37.067314" lon="-121.835517"><ele>589.9</ele><time>2021-07-03T13:07:58Z</time></trkpt>
<trkpt lat="37.067383" lon="-121.835715"><ele>591.6</ele><time>2021-07-03T13:08:10Z</time></trkpt>
<trkpt lat="37.067590" lon="-121.835991"><ele>593.9</ele><time>2021-07-03T13:08:31Z</time></trkpt>
<trkpt lat="37.067588" lon="-121.836036"><ele>594.1</ele><time>2021-07-03T13:08:40Z</time></trkpt>
<trkpt lat="37.067565" lon="-121.836012"><ele>594.2</ele><time>2021-07-03T13:08:42Z</time></trkpt>
<trkpt lat="37.067530" lon="-121.835889"><ele>594.7</ele><time>2021-07-03T13:09:10Z</time></trkpt>
<trkpt lat="37.067669" lon="-121.836107"><ele>595.5</ele><time>2021-07-03T13:09:29Z</time></trkpt>
<trkpt lat="37.067799" lon="-121.836181"><ele>595.6</ele><time>2021-07-03T13:09:37Z</time></trkpt>
<trkpt lat="37.068015" lon="-121.836424"><ele>595.7</ele><time>2021-07-03T13:09:50Z</time></trkpt>
<trkpt lat="37.068187" lon="-121.836551"><ele>596.0</ele><time>2021-07-03T13:09:56Z</time></trkpt>
<trkpt lat="37.068290" lon="-121.836586"><ele>596.2</ele><time>2021-07-03T13:09:59Z</time></trkpt>
<trkpt lat="37.068441" lon="-121.836857"><ele>596.9</ele><time>2021-07-03T13:10:06Z</time></trkpt>
<trkpt lat="37.068787" lon="-121.837334"><ele>600.6</ele><time>2021-07-03T13:10:27Z</time></trkpt>
<trkpt lat="37.069001" lon="-121.837477"><ele>602.9</ele><time>2021-07-03T13:10:40Z</time></trkpt>
<trkpt lat="37.069053" lon="-121.837467"><ele>603.4</ele><time>2021-07-03T13:10:44Z</time></trkpt>
<trkpt lat="37.069115" lon="-121.837566"><ele>604.3</ele><time>2021-07-03T13:10:53Z</time></trkpt>
<trkpt lat="37.069289" lon="-121.838086"><ele>608.2</ele><time>2021-07-03T13:11:22Z</time></trkpt>
<trkpt lat="37.069325" lon="-121.838099"><ele>608.4</ele><time>2021-07-03T13:11:26Z</time></trkpt>
<trkpt lat="37.069318" lon="-121.838184"><ele>609.0</ele><time>2021-07-03T13:11:28Z</time></trkpt>
<trkpt lat="37.069383" lon="-121.838347"><ele>609.8</ele><time>2021-07-03T13:11:36Z</time></trkpt>
<trkpt lat="37.069428" lon="-121.838728"><ele>611.2</ele><time>2021-07-03T13:11:47Z</time></trkpt>
<trkpt lat="37.069539" lon="-121.838920"><ele>612.3</ele><time>2021-07-03T13:12:02Z</time></trkpt>
<trkpt lat="37.069556" lon="-121.839158"><ele>613.5</ele><time>2021-07-03T13:12:14Z</time></trkpt>
<trkpt lat="37.069621" lon="-121.839300"><ele>614.2</ele><time>2021-07-03T13:12:22Z</time></trkpt>
<trkpt lat="37.069640" lon="-121.839444"><ele>614.9</ele><time>2021-07-03T13:12:28Z</time></trkpt>
<trkpt lat="37.069616" lon="-121.839735"><ele>616.2</ele><time>2021-07-03T13:12:41Z</time></trkpt>
<trkpt lat="37.069645" lon="-121.839897"><ele>617.2</ele><time>2021-07-03T13:12:51Z</time></trkpt>
<trkpt lat="37.069714" lon="-121.839990"><ele>618.1</ele><time>2021-07-03T13:12:58Z</time></trkpt>
<trkpt lat="37.069885" lon="-121.840407"><ele>621.7</ele><time>2021-07-03T13:13:19Z</time></trkpt>
<trkpt lat="37.069958" lon="-121.840447"><ele>622.5</ele><time>2021-07-03T13:13:28Z</time></trkpt>
<trkpt lat="37.070058" lon="-121.840569"><ele>623.8</ele><time>2021-07-03T13:13:36Z</time></trkpt>
<trkpt lat="37.070111" lon="-121.840570"><ele>624.3</ele><time>2021-07-03T13:13:39Z</time></trkpt>
<trkpt lat="37.070217" lon="-121.840792"><ele>626.2</ele><time>2021-07-03T13:13:53Z</time></trkpt>
<trkpt lat="37.070510" lon="-121.841033"><ele>629.5</ele><time>2021-07-03T13:14:15Z</time></trkpt>
<trkpt lat="37.070631" lon="-121.841313"><ele>631.8</ele><time>2021-07-03T13:14:30Z</time></trkpt>
<trkpt lat="37.070681" lon="-121.841350"><ele>632.3</ele><time>2021-07-03T13:14:34Z</time></trkpt>
<trkpt lat="37.070594" lon="-121.841387"><ele>633.3</ele><time>2021-07-03T13:15:23Z</time></trkpt>
<trkpt lat="37.070640" lon="-121.841365"><ele>633.6</ele><time>2021-07-03T13:15:28Z</time></trkpt>
<trkpt lat="37.070628" lon="-121.841390"><ele>633.9</ele><time>2021-07-03T13:15:31Z</time></trkpt>
<trkpt lat="37.070677" lon="-121.841441"><ele>634.3</ele><time>2021-07-03T13:15:39Z</time></trkpt>
<trkpt lat="37.070733" lon="-121.841438"><ele>634.7</ele><time>2021-07-03T13:15:43Z</time></trkpt>
<trkpt lat="37.070766" lon="-121.841623"><ele>635.5</ele><time>2021-07-03T13:15:50Z</time></trkpt>
<trkpt lat="37.070708" lon="-121.841747"><ele>636.2</ele><time>2021-07-03T13:15:55Z</time></trkpt>
<trkpt lat="37.070635" lon="-121.841773"><ele>636.8</ele><time>2021-07-03T13:16:00Z</time></trkpt>
<trkpt lat="37.070471" lon="-121.841738"><ele>638.1</ele><time>2021-07-03T13:16:06Z</time></trkpt>
<trkpt lat="37.070329" lon="-121.841776"><ele>639.3</ele><time>2021-07-03T13:16:13Z</time></trkpt>
<trkpt lat="37.070324" lon="-121.841660"><ele>640.1</ele><time>2021-07-03T13:16:16Z</time></trkpt>
<trkpt lat="37.070272" lon="-121.841698"><ele>641.0</ele><time>2021-07-03T13:16:21Z</time></trkpt>
<trkpt lat="37.070125" lon="-121.841587"><ele>642.3</ele><time>2021-07-03T13:16:29Z</time></trkpt>
<trkpt lat="37.069935" lon="-121.841650"><ele>643.7</ele><time>2021-07-03T13:16:44Z</time></trkpt>
<trkpt lat="37.069915" lon="-121.841677"><ele>643.9</ele><time>2021-07-03T13:16:48Z</time></trkpt>
<trkpt lat="37.069942" lon="-121.841692"><ele>644.1</ele><time>2021-07-03T13:16:52Z</time></trkpt>
<trkpt lat="37.069903" lon="-121.841710"><ele>644.4</ele><time>2021-07-03T13:16:53Z</time></trkpt>
<trkpt lat="37.069949" lon="-121.841716"><ele>644.6</ele><time>2021-07-03T13:16:55Z</time></trkpt>
<trkpt lat="37.069894" lon="-121.841731"><ele>645.0</ele><time>2021-07-03T13:16:56Z</time></trkpt>
<trkpt lat="37.069938" lon="-121.841727"><ele>645.2</ele><time>2021-07-03T13:16:57Z</time></trkpt>
<trkpt lat="37.069792" lon="-121.841737"><ele>646.1</ele><time>2021-07-03T13:17:01Z</time></trkpt>
<trkpt lat="37.069577" lon="-121.841654"><ele>647.5</ele><time>2021-07-03T13:17:10Z</time></trkpt>
<trkpt lat="37.069621" lon="-121.841525"><ele>648.3</ele><time>2021-07-03T13:17:19Z</time></trkpt>
<trkpt lat="37.069531" lon="-121.841461"><ele>649.0</ele><time>2021-07-03T13:17:23Z</time></trkpt>
<trkpt lat="37.069545" lon="-121.841391"><ele>649.4</ele><time>2021-07-03T13:17:26Z</time></trkpt>
<trkpt lat="37.069509" lon="-121.841376"><ele>649.6</ele><time>2021-07-03T13:17:27Z</time></trkpt>
<trkpt lat="37.069545" lon="-121.841346"><ele>649.9</ele><time>2021-07-03T13:17:28Z</time></trkpt>
<trkpt lat="37.069453" lon="-121.841386"><ele>650.6</ele><time>2021-07-03T13:17:34Z</time></trkpt>
<trkpt lat="37.069492" lon="-121.841396"><ele>650.9</ele><time>2021-07-03T13:17:37Z</time></trkpt>
<trkpt lat="37.069432" lon="-121.841457"><ele>651.4</ele><time>2021-07-03T13:17:40Z</time></trkpt>
<trkpt lat="37.069270" lon="-121.841499"><ele>652.6</ele><time>2021-07-03T13:17:46Z</time></trkpt>
<trkpt lat="37.069170" lon="-121.841410"><ele>653.6</ele><time>2021-07-03T13:17:51Z</time></trkpt>
<trkpt lat="37.069100" lon="-121.841454"><ele>654.3</ele><time>2021-07-03T13:17:58Z</time></trkpt>
<trkpt lat="37.069002" lon="-121.841435"><ele>655.1</ele><time>2021-07-03T13:18:03Z</time></trkpt>
<trkpt lat="37.068932" lon="-121.841253"><ele>656.4</ele><time>2021-07-03T13:18:12Z</time></trkpt>
<trkpt lat="37.068785" lon="-121.841309"><ele>657.6</ele><time>2021-07-03T13:18:24Z</time></trkpt>
<trkpt lat="37.068586" lon="-121.841287"><ele>658.9</ele><time>2021-07-03T13:18:35Z</time></trkpt>
<trkpt lat="37.068295" lon="-121.841324"><ele>660.5</ele><time>2021-07-03T13:18:50Z</time></trkpt>
<trkpt lat="37.068222" lon="-121.841309"><ele>661.0</ele><time>2021-07-03T13:18:54Z</time></trkpt>
<trkpt lat="37.068234" lon="-121.841263"><ele>661.2</ele><time>2021-07-03T13:18:57Z</time></trkpt>
<trkpt lat="37.068075" lon="-121.841288"><ele>662.3</ele><time>2021-07-03T13:19:03Z</time></trkpt>
<trkpt lat="37.068090" lon="-121.841250"><ele>662.5</ele><time>2021-07-03T13:19:05Z</time></trkpt>
<trkpt lat="37.068165" lon="-121.841241"><ele>663.0</ele><time>2021-07-03T13:19:11Z</time></trkpt>
<trkpt lat="37.068046" lon="-121.841257"><ele>663.7</ele><time>2021-07-03T13:19:52Z</time></trkpt>
<trkpt lat="37.067978" lon="-121.841195"><ele>664.2</ele><time>2021-07-03T13:19:56Z</time></trkpt>
<trkpt lat="37.067908" lon="-121.841305"><ele>664.7</ele><time>2021-07-03T13:20:09Z</time></trkpt>
<trkpt lat="37.067826" lon="-121.841334"><ele>664.9</ele><time>2021-07-03T13:20:17Z</time></trkpt>
<trkpt lat="37.067847" lon="-121.841591"><ele>665.2</ele><time>2021-07-03T13:20:28Z</time></trkpt>
<trkpt lat="37.067824" lon="-121.841580"><ele>665.2</ele><time>2021-07-03T13:20:29Z</time></trkpt>
<trkpt lat="37.067827" lon="-121.841640"><ele>665.4</ele><time>2021-07-03T13:20:33Z</time></trkpt>
<trkpt lat="37.067732" lon="-121.841713"><ele>665.6</ele><time>2021-07-03T13:20:36Z</time></trkpt>
<trkpt lat="37.067700" lon="-121.841974"><ele>666.1</ele><time>2021-07-03T13:20:43Z</time></trkpt>
<trkpt lat="37.067633" lon="-121.842143"><ele>666.5</ele><time>2021-07-03T13:20:48Z</time></trkpt>
<trkpt lat="37.067564" lon="-121.842148"><ele>666.6</ele><time>2021-07-03T13:20:49Z</time></trkpt>
<trkpt lat="37.067517" lon="-121.842043"><ele>666.9</ele><time>2021-07-03T13:20:50Z</time></trkpt>
<trkpt lat="37.067336" lon="-121.841956"><ele>667.3</ele><time>2021-07-03T13:20:52Z</time></trkpt>
<trkpt lat="37.067379" lon="-121.841967"><ele>667.5</ele><time>2021-07-03T13:20:53Z</time></trkpt>
<trkpt lat="37.067214" lon="-121.841716"><ele>668.5</ele><time>2021-07-03T13:21:00Z</time></trkpt>
<trkpt lat="37.067119" lon="-121.841680"><ele>668.9</ele><time>2021-07-03T13:21:02Z</time></trkpt>
<trkpt lat="37.067094" lon="-121.841628"><ele>669.1</ele><time>2021-07-03T13:21:03Z</time></trkpt>
<trkpt lat="37.066991" lon="-121.841611"><ele>669.7</ele><time>2021-07-03T13:21:07Z</time></trkpt>
<trkpt lat="37.067009" lon="-121.841560"><ele>669.9</ele><time>2021-07-03T13:21:08Z</time></trkpt>
<trkpt lat="37.066917" lon="-121.841548"><ele>670.5</ele><time>2021-07-03T13:21:11Z</time></trkpt>
<trkpt lat="37.066843" lon="-121.841462"><ele>671.2</ele><time>2021-07-03T13:21:14Z</time></trkpt>
<trkpt lat="37.066764" lon="-121.841436"><ele>671.8</ele><time>2021-07-03T13:21:17Z</time></trkpt>
<trkpt lat="37.066680" lon="-121.841449"><ele>672.4</ele><time>2021-07-03T13:21:20Z</time></trkpt>
<trkpt lat="37.066639" lon="-121.841499"><ele>672.8</ele><time>2021-07-03T13:21:23Z</time></trkpt>
<trkpt lat="37.066646" lon="-121.841445"><ele>673.5</ele><time>2021-07-03T13:21:27Z</time></trkpt>
<trkpt lat="37.066575" lon="-121.841271"><ele>674.7</ele><time>2021-07-03T13:21:42Z</time></trkpt>
<trkpt lat="37.066528" lon="-121.841231"><ele>675.0</ele><time>2021-07-03T13:21:43Z</time></trkpt>
<trkpt lat="37.066512" lon="-121.841106"><ele>675.6</ele><time>2021-07-03T13:21:45Z</time></trkpt>
<trkpt lat="37.066324" lon="-121.840940"><ele>677.2</ele><time>2021-07-03T13:21:55Z</time></trkpt>
<trkpt lat="37.066311" lon="-121.840908"><ele>677.4</ele><time>2021-07-03T13:21:56Z</time></trkpt>
<trkpt lat="37.066342" lon="-121.840856"><ele>677.8</ele><time>2021-07-03T13:21:57Z</time></trkpt>
<trkpt lat="37.066234" lon="-121.840882"><ele>678.5</ele><time>2021-07-03T13:22:08Z</time></trkpt>
<trkpt lat="37.066167" lon="-121.840835"><ele>678.9</ele><time>2021-07-03T13:22:11Z</time></trkpt>
<trkpt lat="37.066184" lon="-121.840883"><ele>679.2</ele><time>2021-07-03T13:22:16Z</time></trkpt>
<trkpt lat="37.066108" lon="-121.840809"><ele>679.7</ele><time>2021-07-03T13:22:23Z</time></trkpt>
<trkpt lat="37.065885" lon="-121.840825"><ele>680.9</ele><time>2021-07-03T13:22:36Z</time></trkpt>
<trkpt lat="37.065776" lon="-121.840764"><ele>681.7</ele><time>2021-07-03T13:22:42Z</time></trkpt>
<trkpt lat="37.065745" lon="-121.840791"><ele>682.0</ele><time>2021-07-03T13:22:44Z</time></trkpt>
<trkpt lat="37.065747" lon="-121.840894"><ele>682.7</ele><time>2021-07-03T13:22:51Z</time></trkpt>
<trkpt lat="37.065663" lon="-121.840846"><ele>683.5</ele><time>2021-07-03T13:22:58Z</time></trkpt>
<trkpt lat="37.065583" lon="-121.840949"><ele>684.5</ele><time>2021-07-03T13:23:03Z</time></trkpt>
<trkpt lat="37.065421" lon="-121.840999"><ele>685.7</ele><time>2021-07-03T13:23:08Z</time></trkpt>
<trkpt lat="37.065398" lon="-121.841056"><ele>686.1</ele><time>2021-07-03T13:23:10Z</time></trkpt>
<trkpt lat="37.065351" lon="-121.841014"><ele>686.5</ele><time>2021-07-03T13:23:12Z</time></trkpt>
<trkpt lat="37.065186" lon="-121.841001"><ele>689.9</ele><time>2021-07-03T13:23:17Z</time></trkpt>
<trkpt lat="37.065161" lon="-121.840920"><ele>690.3</ele><time>2021-07-03T13:23:27Z</time></trkpt>
<trkpt lat="37.065122" lon="-121.840920"><ele>690.3</ele><time>2021-07-03T13:23:30Z</time></trkpt>
<trkpt lat="37.065111" lon="-121.840954"><ele>690.3</ele><time>2021-07-03T13:23:31Z</time></trkpt>
<trkpt lat="37.065134" lon="-121.841029"><ele>690.2</ele><time>2021-07-03T13:23:38Z</time></trkpt>
<trkpt lat="37.065201" lon="-121.841098"><ele>690.1</ele><time>2021-07-03T13:23:43Z</time></trkpt>
<trkpt lat="37.065268" lon="-121.841076"><ele>689.9</ele><time>2021-07-03T13:23:47Z</time></trkpt>
<trkpt lat="37.065316" lon="-121.841014"><ele>689.8</ele><time>2021-07-03T13:23:49Z</time></trkpt>
<trkpt lat="37.065473" lon="-121.841053"><ele>689.8</ele><time>2021-07-03T13:23:54Z</time></trkpt>
<trkpt lat="37.065533" lon="-121.841107"><ele>689.8</ele><time>2021-07-03T13:23:56Z</time></trkpt>
<trkpt lat="37.065605" lon="-121.841224"><ele>689.9</ele><time>2021-07-03T13:24:00Z</time></trkpt>
<trkpt lat="37.065660" lon="-121.841258"><ele>690.0</ele><time>2021-07-03T13:24:01Z</time></trkpt>
<trkpt lat="37.065673" lon="-121.841350"><ele>690.1</ele><time>2021-07-03T13:24:02Z</time></trkpt>
<trkpt lat="37.065925" lon="-121.841606"><ele>690.9</ele><time>2021-07-03T13:24:09Z</time></trkpt>
<trkpt lat="37.065954" lon="-121.841817"><ele>691.3</ele><time>2021-07-03T13:24:14Z</time></trkpt>
<trkpt lat="37.066034" lon="-121.841852"><ele>691.6</ele><time>2021-07-03T13:24:17Z</time></trkpt>
<trkpt lat="37.066039" lon="-121.841899"><ele>691.7</ele><time>2021-07-03T13:24:19Z</time></trkpt>
<trkpt lat="37.066164" lon="-121.841916"><ele>692.1</ele><time>2021-07-03T13:24:21Z</time></trkpt>
<trkpt lat="37.066144" lon="-121.841946"><ele>692.2</ele><time>2021-07-03T13:24:22Z</time></trkpt>
<trkpt lat="37.066166" lon="-121.842068"><ele>692.6</ele><time>2021-07-03T13:24:25Z</time></trkpt>
<trkpt lat="37.066384" lon="-121.842453"><ele>695.0</ele><time>2021-07-03T13:24:36Z</time></trkpt>
<trkpt lat="37.066392" lon="-121.842539"><ele>695.5</ele><time>2021-07-03T13:24:39Z</time></trkpt>
<trkpt lat="37.066439" lon="-121.842627"><ele>696.2</ele><time>2021-07-03T13:24:45Z</time></trkpt>
<trkpt lat="37.066535" lon="-121.842660"><ele>697.1</ele><time>2021-07-03T13:24:52Z</time></trkpt>
<trkpt lat="37.066595" lon="-121.842761"><ele>697.9</ele><time>2021-07-03T13:24:58Z</time></trkpt>
<trkpt lat="37.066555" lon="-121.842835"><ele>698.5</ele><time>2021-07-03T13:25:02Z</time></trkpt>
<trkpt lat="37.066634" lon="-121.843022"><ele>699.8</ele><time>2021-07-03T13:25:10Z</time></trkpt>
<trkpt lat="37.066614" lon="-121.843133"><ele>700.5</ele><time>2021-07-03T13:25:13Z</time></trkpt>
<trkpt lat="37.066698" lon="-121.843244"><ele>701.2</ele><time>2021-07-03T13:25:19Z</time></trkpt>
<trkpt lat="37.066806" lon="-121.843272"><ele>701.8</ele><time>2021-07-03T13:25:23Z</time></trkpt>
<trkpt lat="37.066822" lon="-121.843239"><ele>702.0</ele><time>2021-07-03T13:25:25Z</time></trkpt>
<trkpt lat="37.066963" lon="-121.843295"><ele>702.5</ele><time>2021-07-03T13:25:30Z</time></trkpt>
<trkpt lat="37.067044" lon="-121.843225"><ele>702.7</ele><time>2021-07-03T13:25:34Z</time></trkpt>
<trkpt lat="37.067099" lon="-121.843331"><ele>702.9</ele><time>2021-07-03T13:25:35Z</time></trkpt>
<trkpt lat="37.067169" lon="-121.843359"><ele>703.0</ele><time>2021-07-03T13:25:38Z</time></trkpt>
<trkpt lat="37.067172" lon="-121.843412"><ele>703.1</ele><time>2021-07-03T13:25:41Z</time></trkpt>
<trkpt lat="37.067284" lon="-121.843561"><ele>703.7</ele><time>2021-07-03T13:25:48Z</time></trkpt>
<trkpt lat="37.067321" lon="-121.843554"><ele>703.8</ele><time>2021-07-03T13:25:49Z</time></trkpt>
<trkpt lat="37.067389" lon="-121.843617"><ele>704.3</ele><time>2021-07-03T13:25:53Z</time></trkpt>
<trkpt lat="37.067473" lon="-121.843597"><ele>704.8</ele><time>2021-07-03T13:25:56Z</time></trkpt>
<trkpt lat="37.067519" lon="-121.843646"><ele>705.2</ele><time>2021-07-03T13:25:59Z</time></trkpt>
<trkpt lat="37.067529" lon="-121.843709"><ele>705.7</ele><time>2021-07-03T13:26:01Z</time></trkpt>
<trkpt lat="37.067552" lon="-121.843707"><ele>705.9</ele><time>2021-07-03T13:26:03Z</time></trkpt>
<trkpt lat="37.067515" lon="-121.843707"><ele>706.3</ele><time>2021-07-03T13:26:05Z</time></trkpt>
<trkpt lat="37.067530" lon="-121.843725"><ele>706.5</ele><time>2021-07-03T13:26:07Z</time></trkpt>
<trkpt lat="37.067520" lon="-121.843686"><ele>706.8</ele><time>2021-07-03T13:26:08Z</time></trkpt>
<trkpt lat="37.067557" lon="-121.843714"><ele>707.2</ele><time>2021-07-03T13:26:09Z</time></trkpt>
<trkpt lat="37.067652" lon="-121.843650"><ele>708.2</ele><time>2021-07-03T13:26:14Z</time></trkpt>
<trkpt lat="37.067659" lon="-121.843672"><ele>708.4</ele><time>2021-07-03T13:26:15Z</time></trkpt>
<trkpt lat="37.067612" lon="-121.843679"><ele>708.8</ele><time>2021-07-03T13:26:16Z</time></trkpt>
<trkpt lat="37.067641" lon="-121.843712"><ele>709.2</ele><time>2021-07-03T13:26:17Z</time></trkpt>
<trkpt lat="37.067617" lon="-121.843735"><ele>709.5</ele><time>2021-07-03T13:26:18Z</time></trkpt>
<trkpt lat="37.067687" lon="-121.843679"><ele>710.4</ele><time>2021-07-03T13:26:23Z</time></trkpt>
<trkpt lat="37.067760" lon="-121.843704"><ele>711.5</ele><time>2021-07-03T13:26:27Z</time></trkpt>
<trkpt lat="37.067813" lon="-121.843632"><ele>712.3</ele><time>2021-07-03T13:26:29Z</time></trkpt>
<trkpt lat="37.067902" lon="-121.843614"><ele>713.2</ele><time>2021-07-03T13:26:38Z</time></trkpt>
<trkpt lat="37.067896" lon="-121.843577"><ele>713.6</ele><time>2021-07-03T13:26:40Z</time></trkpt>
<trkpt lat="37.068063" lon="-121.843539"><ele>715.2</ele><time>2021-07-03T13:26:47Z</time></trkpt>
<trkpt lat="37.068165" lon="-121.843557"><ele>716.3</ele><time>2021-07-03T13:26:51Z</time></trkpt>
<trkpt lat="37.068257" lon="-121.843646"><ele>717.3</ele><time>2021-07-03T13:26:56Z</time></trkpt>
<trkpt lat="37.068263" lon="-121.843797"><ele>718.4</ele><time>2021-07-03T13:27:07Z</time></trkpt>
<trkpt lat="37.068311" lon="-121.843876"><ele>719.1</ele><time>2021-07-03T13:27:08Z</time></trkpt>
<trkpt lat="37.068473" lon="-121.843979"><ele>720.8</ele><time>2021-07-03T13:27:18Z</time></trkpt>
<trkpt lat="37.068469" lon="-121.844060"><ele>721.3</ele><time>2021-07-03T13:27:21Z</time></trkpt>
<trkpt lat="37.068572" lon="-121.844183"><ele>722.5</ele><time>2021-07-03T13:27:23Z</time></trkpt>
<trkpt lat="37.068587" lon="-121.844299"><ele>723.2</ele><time>2021-07-03T13:27:25Z</time></trkpt>
<trkpt lat="37.068375" lon="-121.844480"><ele>724.9</ele><time>2021-07-03T13:27:31Z</time></trkpt>
<trkpt lat="37.068309" lon="-121.844492"><ele>725.2</ele><time>2021-07-03T13:27:33Z</time></trkpt>
<trkpt lat="37.068160" lon="-121.844400"><ele>726.0</ele><time>2021-07-03T13:27:39Z</time></trkpt>
<trkpt lat="37.068137" lon="-121.844317"><ele>726.3</ele><time>2021-07-03T13:27:41Z</time></trkpt>
<trkpt lat="37.068067" lon="-121.844339"><ele>726.6</ele><time>2021-07-03T13:27:45Z</time></trkpt>
<trkpt lat="37.068068" lon="-121.844297"><ele>726.8</ele><time>2021-07-03T13:27:51Z</time></trkpt>
<trkpt lat="37.068025" lon="-121.844359"><ele>727.1</ele><time>2021-07-03T13:27:57Z</time></trkpt>
<trkpt lat="37.068097" lon="-121.844540"><ele>727.8</ele><time>2021-07-03T13:28:05Z</time></trkpt>
<trkpt lat="37.068235" lon="-121.844716"><ele>728.9</ele><time>2021-07-03T13:28:17Z</time></trkpt>
<trkpt lat="37.068334" lon="-121.844971"><ele>730.6</ele><time>2021-07-03T13:28:29Z</time></trkpt>
<trkpt lat="37.068323" lon="-121.845106"><ele>731.8</ele><time>2021-07-03T13:28:38Z</time></trkpt>
<trkpt lat="37.068350" lon="-121.845205"><ele>732.7</ele><time>2021-07-03T13:28:43Z</time></trkpt>
<trkpt lat="37.068306" lon="-121.845340"><ele>733.8</ele><time>2021-07-03T13:28:50Z</time></trkpt>
<trkpt lat="37.068317" lon="-121.845424"><ele>734.4</ele><time>2021-07-03T13:28:55Z</time></trkpt>
<trkpt lat="37.068263" lon="-121.845511"><ele>735.2</ele><time>2021-07-03T13:28:59Z</time></trkpt>
<trkpt lat="37.068167" lon="-121.845560"><ele>736.1</ele><time>2021-07-03T13:29:04Z</time></trkpt>
<trkpt lat="37.068159" lon="-121.845643"><ele>736.5</ele><time>2021-07-03T13:29:08Z</time></trkpt>
<trkpt lat="37.068024" lon="-121.845920"><ele>736.8</ele><time>2021-07-03T13:29:24Z</time></trkpt>
<trkpt lat="37.067996" lon="-121.846061"><ele>736.2</ele><time>2021-07-03T13:29:31Z</time></trkpt>
<trkpt lat="37.068129" lon="-121.846348"><ele>734.9</ele><time>2021-07-03T13:29:40Z</time></trkpt>
<trkpt lat="37.068159" lon="-121.846514"><ele>734.5</ele><time>2021-07-03T13:29:45Z</time></trkpt>
<trkpt lat="37.068359" lon="-121.846715"><ele>733.8</ele><time>2021-07-03T13:29:53Z</time></trkpt>
<trkpt lat="37.068326" lon="-121.846956"><ele>733.3</ele><time>2021-07-03T13:29:57Z</time></trkpt>
<trkpt lat="37.068355" lon="-121.846997"><ele>733.2</ele><time>2021-07-03T13:29:58Z</time></trkpt>
<trkpt lat="37.068382" lon="-121.847203"><ele>733.2</ele><time>2021-07-03T13:30:02Z</time></trkpt>
<trkpt lat="37.068370" lon="-121.847338"><ele>733.4</ele><time>2021-07-03T13:30:05Z</time></trkpt>
<trkpt lat="37.068456" lon="-121.847576"><ele>734.2</ele><time>2021-07-03T13:30:10Z</time></trkpt>
<trkpt lat="37.068477" lon="-121.847849"><ele>735.2</ele><time>2021-07-03T13:30:15Z</time></trkpt>
<trkpt lat="37.068268" lon="-121.848262"><ele>737.9</ele><time>2021-07-03T13:30:29Z</time></trkpt>
<trkpt lat="37.068090" lon="-121.848361"><ele>740.5</ele><time>2021-07-03T13:30:45Z</time></trkpt>
<trkpt lat="37.068042" lon="-121.848328"><ele>741.2</ele><time>2021-07-03T13:30:47Z</time></trkpt>
<trkpt lat="37.067987" lon="-121.848360"><ele>742.1</ele><time>2021-07-03T13:30:53Z</time></trkpt>
<trkpt lat="37.067952" lon="-121.848462"><ele>743.3</ele><time>2021-07-03T13:31:00Z</time></trkpt>
<trkpt lat="37.067971" lon="-121.848650"><ele>745.3</ele><time>2021-07-03T13:31:13Z</time></trkpt>
<trkpt lat="37.067913" lon="-121.848954"><ele>748.2</ele><time>2021-07-03T13:31:27Z</time></trkpt>
<trkpt lat="37.067781" lon="-121.849269"><ele>750.5</ele><time>2021-07-03T13:31:43Z</time></trkpt>
<trkpt lat="37.067707" lon="-121.849330"><ele>751.1</ele><time>2021-07-03T13:31:47Z</time></trkpt>
<trkpt lat="37.067643" lon="-121.849582"><ele>752.8</ele><time>2021-07-03T13:32:02Z</time></trkpt>
<trkpt lat="37.067550" lon="-121.849516"><ele>753.9</ele><time>2021-07-03T13:32:11Z</time></trkpt>
<trkpt lat="37.067502" lon="-121.849753"><ele>754.2</ele><time>2021-07-03T13:32:34Z</time></trkpt>
<trkpt lat="37.067865" lon="-121.849926"><ele>753.5</ele><time>2021-07-03T13:32:46Z</time></trkpt>
<trkpt lat="37.068336" lon="-121.849957"><ele>754.8</ele><time>2021-07-03T13:33:10Z</time></trkpt>
<trkpt lat="37.068388" lon="-121.849988"><ele>754.6</ele><time>2021-07-03T13:33:12Z</time></trkpt>
<trkpt lat="37.068454" lon="-121.850172"><ele>753.5</ele><time>2021-07-03T13:33:15Z</time></trkpt>
<trkpt lat="37.068500" lon="-121.850223"><ele>753.0</ele><time>2021-07-03T13:33:17Z</time></trkpt>
<trkpt lat="37.068707" lon="-121.850130"><ele>751.8</ele><time>2021-07-03T13:33:26Z</time></trkpt>
<trkpt lat="37.068771" lon="-121.850049"><ele>751.8</ele><time>2021-07-03T13:33:29Z</time></trkpt>
<trkpt lat="37.068769" lon="-121.849902"><ele>751.8</ele><time>2021-07-03T13:33:34Z</time></trkpt>
<trkpt lat="37.068892" lon="-121.849863"><ele>750.7</ele><time>2021-07-03T13:33:36Z</time></trkpt>
<trkpt lat="37.068955" lon="-121.849730"><ele>749.9</ele><time>2021-07-03T13:33:39Z</time></trkpt>
<trkpt lat="37.069033" lon="-121.849721"><ele>751.5</ele><time>2021-07-03T13:33:40Z</time></trkpt>
<trkpt lat="37.069129" lon="-121.849737"><ele>751.2</ele><time>2021-07-03T13:33:41Z</time></trkpt>
<trkpt lat="37.069293" lon="-121.849775"><ele>741.5</ele><time>2021-07-03T13:33:43Z</time></trkpt>
<trkpt lat="37.069339" lon="-121.849834"><ele>740.0</ele><time>2021-07-03T13:33:44Z</time></trkpt>
<trkpt lat="37.069465" lon="-121.849815"><ele>737.3</ele><time>2021-07-03T13:33:47Z</time></trkpt>
<trkpt lat="37.069525" lon="-121.849765"><ele>736.5</ele><time>2021-07-03T13:33:48Z</time></trkpt>
<trkpt lat="37.069551" lon="-121.849805"><ele>736.3</ele><time>2021-07-03T13:33:51Z</time></trkpt>
<trkpt lat="37.069691" lon="-121.849697"><ele>735.3</ele><time>2021-07-03T13:33:54Z</time></trkpt>
<trkpt lat="37.070002" lon="-121.849796"><ele>732.8</ele><time>2021-07-03T13:34:00Z</time></trkpt>
<trkpt lat="37.070110" lon="-121.849931"><ele>731.8</ele><time>2021-07-03T13:34:02Z</time></trkpt>
<trkpt lat="37.070214" lon="-121.849982"><ele>732.0</ele><time>2021-07-03T13:34:04Z</time></trkpt>
<trkpt lat="37.070393" lon="-121.850032"><ele>732.7</ele><time>2021-07-03T13:34:07Z</time></trkpt>
<trkpt lat="37.070493" lon="-121.850024"><ele>733.2</ele><time>2021-07-03T13:34:09Z</time></trkpt>
<trkpt lat="37.070661" lon="-121.850109"><ele>734.4</ele><time>2021-07-03T13:34:15Z</time></trkpt>
<trkpt lat="37.070756" lon="-121.850323"><ele>736.7</ele><time>2021-07-03T13:34:23Z</time></trkpt>
<trkpt lat="37.070677" lon="-121.850673"><ele>740.4</ele><time>2021-07-03T13:34:43Z</time></trkpt>
<trkpt lat="37.070649" lon="-121.851018"><ele>743.3</ele><time>2021-07-03T13:35:01Z</time></trkpt>
<trkpt lat="37.070599" lon="-121.851199"><ele>744.9</ele><time>2021-07-03T13:35:12Z</time></trkpt>
<trkpt lat="37.070421" lon="-121.851434"><ele>747.3</ele><time>2021-07-03T13:35:29Z</time></trkpt>
<trkpt lat="37.070336" lon="-121.851639"><ele>748.9</ele><time>2021-07-03T13:35:41Z</time></trkpt>
<trkpt lat="37.070353" lon="-121.851947"><ele>751.5</ele><time>2021-07-03T13:35:58Z</time></trkpt>
<trkpt lat="37.070308" lon="-121.852199"><ele>753.7</ele><time>2021-07-03T13:36:12Z</time></trkpt>
<trkpt lat="37.070389" lon="-121.852325"><ele>755.2</ele><time>2021-07-03T13:36:21Z</time></trkpt>
<trkpt lat="37.070573" lon="-121.852263"><ele>756.8</ele><time>2021-07-03T13:36:34Z</time></trkpt>
<trkpt lat="37.070730" lon="-121.852314"><ele>758.3</ele><time>2021-07-03T13:36:44Z</time></trkpt>
<trkpt lat="37.071083" lon="-121.852588"><ele>762.8</ele><time>2021-07-03T13:37:13Z</time></trkpt>
<trkpt lat="37.071280" lon="-121.852758"><ele>764.0</ele><time>2021-07-03T13:38:26Z</time></trkpt>
<trkpt lat="37.071455" lon="-121.852968"><ele>763.3</ele><time>2021-07-03T13:38:33Z</time></trkpt>
<trkpt lat="37.071498" lon="-121.853177"><ele>762.8</ele><time>2021-07-03T13:38:36Z</time></trkpt>
<trkpt lat="37.071492" lon="-121.853314"><ele>762.9</ele><time>2021-07-03T13:38:38Z</time></trkpt>
<trkpt lat="37.071407" lon="-121.853470"><ele>763.4</ele><time>2021-07-03T13:38:42Z</time></trkpt>
<trkpt lat="37.071407" lon="-121.853560"><ele>763.8</ele><time>2021-07-03T13:38:46Z</time></trkpt>
<trkpt lat="37.071303" lon="-121.853655"><ele>764.6</ele><time>2021-07-03T13:38:54Z</time></trkpt>
<trkpt lat="37.071230" lon="-121.853937"><ele>766.7</ele><time>2021-07-03T13:39:09Z</time></trkpt>
<trkpt lat="37.071231" lon="-121.854078"><ele>767.9</ele><time>2021-07-03T13:39:35Z</time></trkpt>
<trkpt lat="37.071258" lon="-121.854404"><ele>770.6</ele><time>2021-07-03T13:39:52Z</time></trkpt>
<trkpt lat="37.071333" lon="-121.854538"><ele>771.3</ele><time>2021-07-03T13:40:00Z</time></trkpt>
<trkpt lat="37.071486" lon="-121.854681"><ele>771.4</ele><time>2021-07-03T13:40:07Z</time></trkpt>
<trkpt lat="37.071547" lon="-121.854781"><ele>771.4</ele><time>2021-07-03T13:40:10Z</time></trkpt>
<trkpt lat="37.071554" lon="-121.854881"><ele>771.6</ele><time>2021-07-03T13:40:13Z</time></trkpt>
<trkpt lat="37.071496" lon="-121.854937"><ele>772.0</ele><time>2021-07-03T13:40:17Z</time></trkpt>
<trkpt lat="37.071423" lon="-121.855128"><ele>773.6</ele><time>2021-07-03T13:40:26Z</time></trkpt>
<trkpt lat="37.071360" lon="-121.855142"><ele>774.3</ele><time>2021-07-03T13:40:30Z</time></trkpt>
<trkpt lat="37.071257" lon="-121.855290"><ele>776.2</ele><time>2021-07-03T13:40:42Z</time></trkpt>
<trkpt lat="37.071179" lon="-121.855298"><ele>777.1</ele><time>2021-07-03T13:40:47Z</time></trkpt>
<trkpt lat="37.071102" lon="-121.855407"><ele>778.3</ele><time>2021-07-03T13:40:53Z</time></trkpt>
<trkpt lat="37.071033" lon="-121.855437"><ele>779.1</ele><time>2021-07-03T13:40:58Z</time></trkpt>
<trkpt lat="37.070867" lon="-121.855672"><ele>781.6</ele><time>2021-07-03T13:41:19Z</time></trkpt>
<trkpt lat="37.070862" lon="-121.855808"><ele>782.7</ele><time>2021-07-03T13:41:26Z</time></trkpt>
<trkpt lat="37.070936" lon="-121.855994"><ele>784.0</ele><time>2021-07-03T13:41:38Z</time></trkpt>
<trkpt lat="37.070924" lon="-121.856181"><ele>785.0</ele><time>2021-07-03T13:41:48Z</time></trkpt>
<trkpt lat="37.071066" lon="-121.856380"><ele>786.1</ele><time>2021-07-03T13:42:03Z</time></trkpt>
<trkpt lat="37.071058" lon="-121.856447"><ele>786.3</ele><time>2021-07-03T13:42:07Z</time></trkpt>
<trkpt lat="37.071075" lon="-121.856474"><ele>786.3</ele><time>2021-07-03T13:42:10Z</time></trkpt>
<trkpt lat="37.071190" lon="-121.856421"><ele>786.4</ele><time>2021-07-03T13:42:28Z</time></trkpt>
<trkpt lat="37.071320" lon="-121.856514"><ele>786.1</ele><time>2021-07-03T13:42:34Z</time></trkpt>
<trkpt lat="37.071415" lon="-121.856521"><ele>785.9</ele><time>2021-07-03T13:42:37Z</time></trkpt>
<trkpt lat="37.071501" lon="-121.856622"><ele>785.6</ele><time>2021-07-03T13:42:39Z</time></trkpt>
<trkpt lat="37.071523" lon="-121.856589"><ele>785.5</ele><time>2021-07-03T13:42:41Z</time></trkpt>
<trkpt lat="37.071604" lon="-121.856635"><ele>785.2</ele><time>2021-07-03T13:42:44Z</time></trkpt>
<trkpt lat="37.071930" lon="-121.856568"><ele>784.2</ele><time>2021-07-03T13:42:50Z</time></trkpt>
<trkpt lat="37.072064" lon="-121.856724"><ele>783.6</ele><time>2021-07-03T13:42:53Z</time></trkpt>
<trkpt lat="37.072162" lon="-121.856757"><ele>783.3</ele><time>2021-07-03T13:42:55Z</time></trkpt>
<trkpt lat="37.072137" lon="-121.856723"><ele>783.2</ele><time>2021-07-03T13:42:56Z</time></trkpt>
<trkpt lat="37.072172" lon="-121.856641"><ele>783.0</ele><time>2021-07-03T13:42:57Z</time></trkpt>
<trkpt lat="37.072478" lon="-121.856739"><ele>782.0</ele><time>2021-07-03T13:43:02Z</time></trkpt>
<trkpt lat="37.072643" lon="-121.856962"><ele>781.3</ele><time>2021-07-03T13:43:06Z</time></trkpt>
<trkpt lat="37.072766" lon="-121.857022"><ele>781.0</ele><time>2021-07-03T13:43:09Z</time></trkpt>
<trkpt lat="37.072906" lon="-121.857034"><ele>780.7</ele><time>2021-07-03T13:43:15Z</time></trkpt>
<trkpt lat="37.072952" lon="-121.857057"><ele>780.7</ele><time>2021-07-03T13:43:16Z</time></trkpt>
<trkpt lat="37.072985" lon="-121.857134"><ele>780.6</ele><time>2021-07-03T13:43:17Z</time></trkpt>
<trkpt lat="37.073207" lon="-121.857239"><ele>780.4</ele><time>2021-07-03T13:43:23Z</time></trkpt>
<trkpt lat="37.073286" lon="-121.857487"><ele>780.3</ele><time>2021-07-03T13:43:26Z</time></trkpt>
<trkpt lat="37.073440" lon="-121.857601"><ele>780.3</ele><time>2021-07-03T13:43:29Z</time></trkpt>
<trkpt lat="37.073523" lon="-121.857727"><ele>780.2</ele><time>2021-07-03T13:43:31Z</time></trkpt>
<trkpt lat="37.073518" lon="-121.857837"><ele>780.1</ele><time>2021-07-03T13:43:32Z</time></trkpt>
<trkpt lat="37.073641" lon="-121.858185"><ele>779.2</ele><time>2021-07-03T13:43:36Z</time></trkpt>
<trkpt lat="37.073736" lon="-121.858332"><ele>778.8</ele><time>2021-07-03T13:43:38Z</time></trkpt>
<trkpt lat="37.073883" lon="-121.858351"><ele>778.6</ele><time>2021-07-03T13:43:40Z</time></trkpt>
<trkpt lat="37.074021" lon="-121.858492"><ele>778.4</ele><time>2021-07-03T13:43:43Z</time></trkpt>
<trkpt lat="37.074316" lon="-121.858666"><ele>776.7</ele><time>2021-07-03T13:43:49Z</time></trkpt>
<trkpt lat="37.074703" lon="-121.858992"><ele>772.5</ele><time>2021-07-03T13:43:55Z</time></trkpt>
<trkpt lat="37.075148" lon="-121.859169"><ele>768.7</ele><time>2021-07-03T13:44:00Z</time></trkpt>
<trkpt lat="37.075488" lon="-121.859346"><ele>766.4</ele><time>2021-07-03T13:44:04Z</time></trkpt>
<trkpt lat="37.075748" lon="-121.859369"><ele>764.8</ele><time>2021-07-03T13:44:07Z</time></trkpt>
<trkpt lat="37.075908" lon="-121.859430"><ele>764.1</ele><time>2021-07-03T13:44:09Z</time></trkpt>
<trkpt lat="37.076084" lon="-121.859927"><ele>762.5</ele><time>2021-07-03T13:44:14Z</time></trkpt>
<trkpt lat="37.076183" lon="-121.860423"><ele>761.2</ele><time>2021-07-03T13:44:19Z</time></trkpt>
<trkpt lat="37.076277" lon="-121.860658"><ele>760.7</ele><time>2021-07-03T13:44:22Z</time></trkpt>
<trkpt lat="37.076375" lon="-121.860802"><ele>760.5</ele><time>2021-07-03T13:44:25Z</time></trkpt>
<trkpt lat="37.076459" lon="-121.861170"><ele>760.8</ele><time>2021-07-03T13:44:29Z</time></trkpt>
<trkpt lat="37.076456" lon="-121.861235"><ele>761.0</ele><time>2021-07-03T13:44:30Z</time></trkpt>
<trkpt lat="37.076420" lon="-121.861261"><ele>761.2</ele><time>2021-07-03T13:44:31Z</time></trkpt>
<trkpt lat="37.076406" lon="-121.861599"><ele>763.3</ele><time>2021-07-03T13:44:41Z</time></trkpt>
<trkpt lat="37.076338" lon="-121.861839"><ele>765.8</ele><time>2021-07-03T13:44:56Z</time></trkpt>
<trkpt lat="37.076291" lon="-121.861926"><ele>766.9</ele><time>2021-07-03T13:45:02Z</time></trkpt>
<trkpt lat="37.076182" lon="-121.862020"><ele>768.6</ele><time>2021-07-03T13:45:11Z</time></trkpt>
<trkpt lat="37.076146" lon="-121.862150"><ele>769.9</ele><time>2021-07-03T13:45:23Z</time></trkpt>
<trkpt lat="37.076172" lon="-121.862216"><ele>770.5</ele><time>2021-07-03T13:45:29Z</time></trkpt>
<trkpt lat="37.076347" lon="-121.862395"><ele>772.5</ele><time>2021-07-03T13:46:33Z</time></trkpt>
<trkpt lat="37.076535" lon="-121.862847"><ele>772.9</ele><time>2021-07-03T13:46:46Z</time></trkpt>
<trkpt lat="37.076544" lon="-121.863080"><ele>772.2</ele><time>2021-07-03T13:46:49Z</time></trkpt>
<trkpt lat="37.076491" lon="-121.863352"><ele>771.4</ele><time>2021-07-03T13:46:55Z</time></trkpt>
<trkpt lat="37.076437" lon="-121.863478"><ele>771.5</ele><time>2021-07-03T13:46:58Z</time></trkpt>
<trkpt lat="37.076354" lon="-121.863572"><ele>772.1</ele><time>2021-07-03T13:47:01Z</time></trkpt>
<trkpt lat="37.076322" lon="-121.863745"><ele>773.5</ele><time>2021-07-03T13:47:07Z</time></trkpt>
<trkpt lat="37.076344" lon="-121.863840"><ele>774.3</ele><time>2021-07-03T13:47:11Z</time></trkpt>
<trkpt lat="37.076583" lon="-121.864157"><ele>776.1</ele><time>2021-07-03T13:47:32Z</time></trkpt>
<trkpt lat="37.076656" lon="-121.864422"><ele>776.6</ele><time>2021-07-03T13:47:47Z</time></trkpt>
<trkpt lat="37.076638" lon="-121.864478"><ele>776.7</ele><time>2021-07-03T13:47:55Z</time></trkpt>
<trkpt lat="37.076723" lon="-121.864406"><ele>776.7</ele><time>2021-07-03T13:49:54Z</time></trkpt>
<trkpt lat="37.076787" lon="-121.864406"><ele>776.9</ele><time>2021-07-03T13:49:57Z</time></trkpt>
<trkpt lat="37.076898" lon="-121.864334"><ele>776.9</ele><time>2021-07-03T13:50:04Z</time></trkpt>
<trkpt lat="37.077156" lon="-121.864456"><ele>775.4</ele><time>2021-07-03T13:50:11Z</time></trkpt>
<trkpt lat="37.077258" lon="-121.864608"><ele>774.8</ele><time>2021-07-03T13:50:13Z</time></trkpt>
<trkpt lat="37.077371" lon="-121.864571"><ele>774.7</ele><time>2021-07-03T13:50:15Z</time></trkpt>
<trkpt lat="37.077465" lon="-121.864724"><ele>774.9</ele><time>2021-07-03T13:50:19Z</time></trkpt>
<trkpt lat="37.077478" lon="-121.864798"><ele>775.0</ele><time>2021-07-03T13:50:21Z</time></trkpt>
<trkpt lat="37.077680" lon="-121.864984"><ele>775.5</ele><time>2021-07-03T13:50:28Z</time></trkpt>
<trkpt lat="37.077783" lon="-121.865169"><ele>775.4</ele><time>2021-07-03T13:50:33Z</time></trkpt>
<trkpt lat="37.077908" lon="-121.865268"><ele>775.2</ele><time>2021-07-03T13:50:36Z</time></trkpt>
<trkpt lat="37.077958" lon="-121.865383"><ele>775.2</ele><time>2021-07-03T13:50:38Z</time></trkpt>
<trkpt lat="37.078146" lon="-121.865597"><ele>774.4</ele><time>2021-07-03T13:50:43Z</time></trkpt>
<trkpt lat="37.078255" lon="-121.865676"><ele>773.6</ele><time>2021-07-03T13:50:45Z</time></trkpt>
<trkpt lat="37.078521" lon="-121.865781"><ele>771.5</ele><time>2021-07-03T13:50:50Z</time></trkpt>
<trkpt lat="37.078789" lon="-121.865827"><ele>769.3</ele><time>2021-07-03T13:50:54Z</time></trkpt>
<trkpt lat="37.078844" lon="-121.865881"><ele>768.5</ele><time>2021-07-03T13:50:55Z</time></trkpt>
<trkpt lat="37.078891" lon="-121.866001"><ele>767.2</ele><time>2021-07-03T13:50:57Z</time></trkpt>
<trkpt lat="37.078888" lon="-121.866108"><ele>766.2</ele><time>2021-07-03T13:50:59Z</time></trkpt>
<trkpt lat="37.078957" lon="-121.866426"><ele>763.5</ele><time>2021-07-03T13:51:02Z</time></trkpt>
<trkpt lat="37.079052" lon="-121.866506"><ele>762.3</ele><time>2021-07-03T13:51:04Z</time></trkpt>
<trkpt lat="37.079107" lon="-121.866933"><ele>758.8</ele><time>2021-07-03T13:51:09Z</time></trkpt>
<trkpt lat="37.079174" lon="-121.867146"><ele>758.1</ele><time>2021-07-03T13:51:11Z</time></trkpt>
<trkpt lat="37.079253" lon="-121.867291"><ele>758.0</ele><time>2021-07-03T13:51:13Z</time></trkpt>
<trkpt lat="37.079556" lon="-121.867651"><ele>756.5</ele><time>2021-07-03T13:51:24Z</time></trkpt>
<trkpt lat="37.079647" lon="-121.868021"><ele>755.1</ele><time>2021-07-03T13:51:28Z</time></trkpt>
<trkpt lat="37.079606" lon="-121.868357"><ele>754.1</ele><time>2021-07-03T13:51:32Z</time></trkpt>
<trkpt lat="37.079701" lon="-121.868461"><ele>753.7</ele><time>2021-07-03T13:51:34Z</time></trkpt>
<trkpt lat="37.079868" lon="-121.868515"><ele>753.6</ele><time>2021-07-03T13:51:37Z</time></trkpt>
<trkpt lat="37.079995" lon="-121.868658"><ele>753.3</ele><time>2021-07-03T13:51:42Z</time></trkpt>
<trkpt lat="37.080232" lon="-121.869092"><ele>752.1</ele><time>2021-07-03T13:51:50Z</time></trkpt>
<trkpt lat="37.080189" lon="-121.869485"><ele>752.8</ele><time>2021-07-03T13:51:57Z</time></trkpt>
<trkpt lat="37.080139" lon="-121.869573"><ele>752.8</ele><time>2021-07-03T13:52:01Z</time></trkpt>
<trkpt lat="37.080108" lon="-121.869782"><ele>752.3</ele><time>2021-07-03T13:52:06Z</time></trkpt>
<trkpt lat="37.080136" lon="-121.869910"><ele>751.9</ele><time>2021-07-03T13:52:08Z</time></trkpt>
<trkpt lat="37.080135" lon="-121.870346"><ele>752.0</ele><time>2021-07-03T13:52:14Z</time></trkpt>
<trkpt lat="37.080018" lon="-121.870622"><ele>751.5</ele><time>2021-07-03T13:52:20Z</time></trkpt>
<trkpt lat="37.079985" lon="-121.870965"><ele>750.2</ele><time>2021-07-03T13:52:26Z</time></trkpt>
<trkpt lat="37.080001" lon="-121.871287"><ele>748.3</ele><time>2021-07-03T13:52:31Z</time></trkpt>
<trkpt lat="37.079972" lon="-121.871420"><ele>747.1</ele><time>2021-07-03T13:52:33Z</time></trkpt>
<trkpt lat="37.079906" lon="-121.871575"><ele>745.5</ele><time>2021-07-03T13:52:35Z</time></trkpt>
<trkpt lat="37.079421" lon="-121.871862"><ele>738.8</ele><time>2021-07-03T13:52:44Z</time></trkpt>
<trkpt lat="37.079381" lon="-121.871916"><ele>738.2</ele><time>2021-07-03T13:52:46Z</time></trkpt>
<trkpt lat="37.079382" lon="-121.871993"><ele>737.7</ele><time>2021-07-03T13:52:48Z</time></trkpt>
<trkpt lat="37.079468" lon="-121.872223"><ele>737.6</ele><time>2021-07-03T13:53:01Z</time></trkpt>
<trkpt lat="37.079505" lon="-121.872297"><ele>737.9</ele><time>2021-07-03T13:53:08Z</time></trkpt>
<trkpt lat="37.079603" lon="-121.872380"><ele>738.3</ele><time>2021-07-03T13:53:19Z</time></trkpt>
<trkpt lat="37.079625" lon="-121.872445"><ele>738.1</ele><time>2021-07-03T13:53:23Z</time></trkpt>
<trkpt lat="37.079639" lon="-121.872628"><ele>737.2</ele><time>2021-07-03T13:54:40Z</time></trkpt>
<trkpt lat="37.079604" lon="-121.872832"><ele>736.0</ele><time>2021-07-03T13:54:43Z</time></trkpt>
<trkpt lat="37.079646" lon="-121.872860"><ele>735.6</ele><time>2021-07-03T13:54:44Z</time></trkpt>
<trkpt lat="37.079678" lon="-121.872962"><ele>734.8</ele><time>2021-07-03T13:54:46Z</time></trkpt>
<trkpt lat="37.079586" lon="-121.873152"><ele>732.7</ele><time>2021-07-03T13:54:49Z</time></trkpt>
<trkpt lat="37.079415" lon="-121.873263"><ele>730.6</ele><time>2021-07-03T13:54:51Z</time></trkpt>
<trkpt lat="37.079271" lon="-121.873587"><ele>727.4</ele><time>2021-07-03T13:54:55Z</time></trkpt>
<trkpt lat="37.079114" lon="-121.873602"><ele>725.0</ele><time>2021-07-03T13:54:59Z</time></trkpt>
<trkpt lat="37.079153" lon="-121.873591"><ele>724.4</ele><time>2021-07-03T13:55:01Z</time></trkpt>
<trkpt lat="37.079135" lon="-121.873718"><ele>723.2</ele><time>2021-07-03T13:55:17Z</time></trkpt>
<trkpt lat="37.079013" lon="-121.873904"><ele>721.2</ele><time>2021-07-03T13:55:20Z</time></trkpt>
<trkpt lat="37.078978" lon="-121.874090"><ele>720.8</ele><time>2021-07-03T13:55:24Z</time></trkpt>
<trkpt lat="37.078660" lon="-121.874239"><ele>723.2</ele><time>2021-07-03T13:55:43Z</time></trkpt>
<trkpt lat="37.078633" lon="-121.874308"><ele>724.0</ele><time>2021-07-03T13:55:48Z</time></trkpt>
<trkpt lat="37.078608" lon="-121.874288"><ele>724.4</ele><time>2021-07-03T13:55:50Z</time></trkpt>
<trkpt lat="37.078627" lon="-121.874608"><ele>727.6</ele><time>2021-07-03T13:56:12Z</time></trkpt>
<trkpt lat="37.078586" lon="-121.874676"><ele>728.3</ele><time>2021-07-03T13:56:19Z</time></trkpt>
<trkpt lat="37.078694" lon="-121.874833"><ele>729.3</ele><time>2021-07-03T13:56:30Z</time></trkpt>
<trkpt lat="37.078697" lon="-121.874967"><ele>729.7</ele><time>2021-07-03T13:56:34Z</time></trkpt>
<trkpt lat="37.078743" lon="-121.875027"><ele>730.0</ele><time>2021-07-03T13:56:37Z</time></trkpt>
<trkpt lat="37.078760" lon="-121.875128"><ele>730.3</ele><time>2021-07-03T13:56:42Z</time></trkpt>
<trkpt lat="37.078822" lon="-121.875202"><ele>730.7</ele><time>2021-07-03T13:56:45Z</time></trkpt>
<trkpt lat="37.078832" lon="-121.875265"><ele>731.0</ele><time>2021-07-03T13:56:51Z</time></trkpt>
<trkpt lat="37.078796" lon="-121.875338"><ele>731.4</ele><time>2021-07-03T13:57:02Z</time></trkpt>
<trkpt lat="37.078859" lon="-121.875545"><ele>731.9</ele><time>2021-07-03T13:57:17Z</time></trkpt>
<trkpt lat="37.078894" lon="-121.875920"><ele>730.1</ele><time>2021-07-03T13:57:21Z</time></trkpt>
<trkpt lat="37.079053" lon="-121.876355"><ele>727.1</ele><time>2021-07-03T13:57:27Z</time></trkpt>
<trkpt lat="37.079025" lon="-121.876692"><ele>726.6</ele><time>2021-07-03T13:57:37Z</time></trkpt>
<trkpt lat="37.079087" lon="-121.877197"><ele>727.1</ele><time>2021-07-03T13:57:44Z</time></trkpt>
<trkpt lat="37.079029" lon="-121.877339"><ele>726.8</ele><time>2021-07-03T13:57:47Z</time></trkpt>
<trkpt lat="37.079098" lon="-121.877367"><ele>726.5</ele><time>2021-07-03T13:57:51Z</time></trkpt>
<trkpt lat="37.079170" lon="-121.877481"><ele>725.7</ele><time>2021-07-03T13:57:53Z</time></trkpt>
<trkpt lat="37.079272" lon="-121.877730"><ele>724.0</ele><time>2021-07-03T13:57:58Z</time></trkpt>
<trkpt lat="37.079703" lon="-121.877734"><ele>720.7</ele><time>2021-07-03T13:58:05Z</time></trkpt>
<trkpt lat="37.079779" lon="-121.877760"><ele>720.0</ele><time>2021-07-03T13:58:07Z</time></trkpt>
<trkpt lat="37.079794" lon="-121.877796"><ele>719.8</ele><time>2021-07-03T13:58:09Z</time></trkpt>
<trkpt lat="37.079772" lon="-121.877807"><ele>719.5</ele><time>2021-07-03T13:58:11Z</time></trkpt>
<trkpt lat="37.079805" lon="-121.877757"><ele>719.0</ele><time>2021-07-03T13:58:14Z</time></trkpt>
<trkpt lat="37.079921" lon="-121.877815"><ele>718.5</ele><time>2021-07-03T13:58:17Z</time></trkpt>
<trkpt lat="37.079914" lon="-121.877793"><ele>718.4</ele><time>2021-07-03T13:58:18Z</time></trkpt>
<trkpt lat="37.079990" lon="-121.877782"><ele>718.5</ele><time>2021-07-03T13:58:23Z</time></trkpt>
<trkpt lat="37.080115" lon="-121.877859"><ele>719.4</ele><time>2021-07-03T13:58:31Z</time></trkpt>
<trkpt lat="37.080129" lon="-121.877904"><ele>719.8</ele><time>2021-07-03T13:58:35Z</time></trkpt>
<trkpt lat="37.080197" lon="-121.877900"><ele>720.8</ele><time>2021-07-03T13:58:45Z</time></trkpt>
<trkpt lat="37.080399" lon="-121.878031"><ele>724.0</ele><time>2021-07-03T13:59:08Z</time></trkpt>
<trkpt lat="37.080477" lon="-121.878024"><ele>725.3</ele><time>2021-07-03T13:59:23Z</time></trkpt>
<trkpt lat="37.080514" lon="-121.878086"><ele>726.0</ele><time>2021-07-03T13:59:27Z</time></trkpt>
<trkpt lat="37.080517" lon="-121.878166"><ele>726.8</ele><time>2021-07-03T13:59:31Z</time></trkpt>
<trkpt lat="37.080460" lon="-121.878255"><ele>727.8</ele><time>2021-07-03T13:59:35Z</time></trkpt>
<trkpt lat="37.080468" lon="-121.878289"><ele>728.1</ele><time>2021-07-03T13:59:36Z</time></trkpt>
<trkpt lat="37.080420" lon="-121.878252"><ele>728.7</ele><time>2021-07-03T13:59:40Z</time></trkpt>
<trkpt lat="37.080462" lon="-121.878263"><ele>729.2</ele><time>2021-07-03T13:59:42Z</time></trkpt>
<trkpt lat="37.080417" lon="-121.878255"><ele>729.7</ele><time>2021-07-03T13:59:45Z</time></trkpt>
<trkpt lat="37.080378" lon="-121.878332"><ele>730.6</ele><time>2021-07-03T13:59:48Z</time></trkpt>
<trkpt lat="37.080297" lon="-121.878377"><ele>732.1</ele><time>2021-07-03T13:59:55Z</time></trkpt>
<trkpt lat="37.080333" lon="-121.878381"><ele>732.5</ele><time>2021-07-03T13:59:57Z</time></trkpt>
<trkpt lat="37.080306" lon="-121.878420"><ele>732.9</ele><time>2021-07-03T14:00:02Z</time></trkpt>
<trkpt lat="37.080388" lon="-121.878706"><ele>735.2</ele><time>2021-07-03T14:00:17Z</time></trkpt>
<trkpt lat="37.080358" lon="-121.878880"><ele>736.1</ele><time>2021-07-03T14:00:23Z</time></trkpt>
<trkpt lat="37.080409" lon="-121.878951"><ele>736.4</ele><time>2021-07-03T14:00:28Z</time></trkpt>
<trkpt lat="37.080418" lon="-121.879081"><ele>736.2</ele><time>2021-07-03T14:00:31Z</time></trkpt>
<trkpt lat="37.080467" lon="-121.879123"><ele>735.9</ele><time>2021-07-03T14:00:32Z</time></trkpt>
<trkpt lat="37.080448" lon="-121.879052"><ele>735.6</ele><time>2021-07-03T14:00:33Z</time></trkpt>
<trkpt lat="37.080509" lon="-121.879319"><ele>733.6</ele><time>2021-07-03T14:00:39Z</time></trkpt>
<trkpt lat="37.080468" lon="-121.879436"><ele>732.7</ele><time>2021-07-03T14:00:40Z</time></trkpt>
<trkpt lat="37.080500" lon="-121.879614"><ele>731.5</ele><time>2021-07-03T14:00:43Z</time></trkpt>
<trkpt lat="37.080431" lon="-121.879447"><ele>730.1</ele><time>2021-07-03T14:00:46Z</time></trkpt>
<trkpt lat="37.080364" lon="-121.879547"><ele>728.9</ele><time>2021-07-03T14:00:50Z</time></trkpt>
<trkpt lat="37.080454" lon="-121.879697"><ele>726.8</ele><time>2021-07-03T14:00:54Z</time></trkpt>
<trkpt lat="37.080424" lon="-121.879786"><ele>725.7</ele><time>2021-07-03T14:00:56Z</time></trkpt>
<trkpt lat="37.080476" lon="-121.879928"><ele>724.1</ele><time>2021-07-03T14:00:58Z</time></trkpt>
<trkpt lat="37.080467" lon="-121.879852"><ele>723.5</ele><time>2021-07-03T14:00:59Z</time></trkpt>
<trkpt lat="37.080478" lon="-121.880134"><ele>722.4</ele><time>2021-07-03T14:01:04Z</time></trkpt>
<trkpt lat="37.080597" lon="-121.880482"><ele>720.0</ele><time>2021-07-03T14:01:13Z</time></trkpt>
<trkpt lat="37.080610" lon="-121.880600"><ele>718.6</ele><time>2021-07-03T14:01:14Z</time></trkpt>
<trkpt lat="37.080574" lon="-121.880723"><ele>717.0</ele><time>2021-07-03T14:01:17Z</time></trkpt>
<trkpt lat="37.080529" lon="-121.880852"><ele>715.1</ele><time>2021-07-03T14:01:19Z</time></trkpt>
<trkpt lat="37.080430" lon="-121.880950"><ele>713.3</ele><time>2021-07-03T14:01:21Z</time></trkpt>
<trkpt lat="37.080465" lon="-121.880980"><ele>712.7</ele><time>2021-07-03T14:01:23Z</time></trkpt>
<trkpt lat="37.080383" lon="-121.881023"><ele>711.4</ele><time>2021-07-03T14:01:24Z</time></trkpt>
<trkpt lat="37.080193" lon="-121.881430"><ele>705.2</ele><time>2021-07-03T14:01:31Z</time></trkpt>
<trkpt lat="37.080081" lon="-121.881444"><ele>704.0</ele><time>2021-07-03T14:01:33Z</time></trkpt>
<trkpt lat="37.080022" lon="-121.881530"><ele>703.0</ele><time>2021-07-03T14:01:35Z</time></trkpt>
<trkpt lat="37.079930" lon="-121.881561"><ele>702.1</ele><time>2021-07-03T14:01:36Z</time></trkpt>
<trkpt lat="37.079708" lon="-121.881451"><ele>699.7</ele><time>2021-07-03T14:01:38Z</time></trkpt>
<trkpt lat="37.079556" lon="-121.881483"><ele>697.9</ele><time>2021-07-03T14:01:41Z</time></trkpt>
<trkpt lat="37.079541" lon="-121.881440"><ele>697.4</ele><time>2021-07-03T14:01:42Z</time></trkpt>
<trkpt lat="37.079425" lon="-121.881434"><ele>695.7</ele><time>2021-07-03T14:01:47Z</time></trkpt>
<trkpt lat="37.079318" lon="-121.881316"><ele>693.6</ele><time>2021-07-03T14:01:49Z</time></trkpt>
<trkpt lat="37.079336" lon="-121.881291"><ele>693.2</ele><time>2021-07-03T14:01:50Z</time></trkpt>
<trkpt lat="37.079340" lon="-121.881353"><ele>691.9</ele><time>2021-07-03T14:01:55Z</time></trkpt>
<trkpt lat="37.079435" lon="-121.881375"><ele>690.4</ele><time>2021-07-03T14:01:59Z</time></trkpt>
<trkpt lat="37.079493" lon="-121.881528"><ele>688.2</ele><time>2021-07-03T14:02:15Z</time></trkpt>
<trkpt lat="37.079424" lon="-121.881448"><ele>686.9</ele><time>2021-07-03T14:02:20Z</time></trkpt>
<trkpt lat="37.079364" lon="-121.881520"><ele>685.8</ele><time>2021-07-03T14:02:23Z</time></trkpt>
<trkpt lat="37.079264" lon="-121.881540"><ele>685.0</ele><time>2021-07-03T14:02:25Z</time></trkpt>
<trkpt lat="37.079241" lon="-121.881490"><ele>684.7</ele><time>2021-07-03T14:02:28Z</time></trkpt>
<trkpt lat="37.079176" lon="-121.881549"><ele>684.3</ele><time>2021-07-03T14:02:39Z</time></trkpt>
<trkpt lat="37.079204" lon="-121.881566"><ele>684.3</ele><time>2021-07-03T14:02:40Z</time></trkpt>
<trkpt lat="37.079170" lon="-121.881582"><ele>684.3</ele><time>2021-07-03T14:02:43Z</time></trkpt>
<trkpt lat="37.079163" lon="-121.881650"><ele>684.6</ele><time>2021-07-03T14:02:54Z</time></trkpt>
<trkpt lat="37.079047" lon="-121.881694"><ele>685.3</ele><time>2021-07-03T14:03:00Z</time></trkpt>
<trkpt lat="37.079011" lon="-121.881881"><ele>686.9</ele><time>2021-07-03T14:03:05Z</time></trkpt>
<trkpt lat="37.078907" lon="-121.881928"><ele>688.1</ele><time>2021-07-03T14:03:13Z</time></trkpt>
<trkpt lat="37.078884" lon="-121.882088"><ele>688.9</ele><time>2021-07-03T14:03:24Z</time></trkpt>
<trkpt lat="37.078813" lon="-121.882141"><ele>689.1</ele><time>2021-07-03T14:03:27Z</time></trkpt>
<trkpt lat="37.078803" lon="-121.882189"><ele>689.0</ele><time>2021-07-03T14:03:30Z</time></trkpt>
<trkpt lat="37.078731" lon="-121.882165"><ele>688.7</ele><time>2021-07-03T14:03:34Z</time></trkpt>
<trkpt lat="37.078704" lon="-121.882362"><ele>687.4</ele><time>2021-07-03T14:03:45Z</time></trkpt>
<trkpt lat="37.078627" lon="-121.882402"><ele>686.3</ele><time>2021-07-03T14:03:51Z</time></trkpt>
<trkpt lat="37.078543" lon="-121.882389"><ele>685.2</ele><time>2021-07-03T14:03:57Z</time></trkpt>
<trkpt lat="37.078304" lon="-121.882574"><ele>681.6</ele><time>2021-07-03T14:04:18Z</time></trkpt>
<trkpt lat="37.078087" lon="-121.882681"><ele>678.1</ele><time>2021-07-03T14:04:22Z</time></trkpt>
<trkpt lat="37.078053" lon="-121.882727"><ele>677.2</ele><time>2021-07-03T14:04:23Z</time></trkpt>
<trkpt lat="37.078071" lon="-121.882812"><ele>675.9</ele><time>2021-07-03T14:04:25Z</time></trkpt>
<trkpt lat="37.078040" lon="-121.882830"><ele>675.3</ele><time>2021-07-03T14:04:26Z</time></trkpt>
<trkpt lat="37.077878" lon="-121.882811"><ele>673.0</ele><time>2021-07-03T14:04:28Z</time></trkpt>
<trkpt lat="37.077744" lon="-121.882920"><ele>671.5</ele><time>2021-07-03T14:04:31Z</time></trkpt>
<trkpt lat="37.077585" lon="-121.882981"><ele>670.1</ele><time>2021-07-03T14:04:34Z</time></trkpt>
<trkpt lat="37.077575" lon="-121.883078"><ele>669.3</ele><time>2021-07-03T14:04:36Z</time></trkpt>
<trkpt lat="37.077675" lon="-121.883191"><ele>667.8</ele><time>2021-07-03T14:04:40Z</time></trkpt>
<trkpt lat="37.077800" lon="-121.883502"><ele>666.6</ele><time>2021-07-03T14:04:45Z</time></trkpt>
<trkpt lat="37.077827" lon="-121.883540"><ele>666.5</ele><time>2021-07-03T14:04:46Z</time></trkpt>
<trkpt lat="37.077965" lon="-121.883584"><ele>666.1</ele><time>2021-07-03T14:04:53Z</time></trkpt>
<trkpt lat="37.077980" lon="-121.883657"><ele>665.9</ele><time>2021-07-03T14:04:55Z</time></trkpt>
<trkpt lat="37.077917" lon="-121.883663"><ele>665.7</ele><time>2021-07-03T14:04:58Z</time></trkpt>
<trkpt lat="37.077813" lon="-121.883522"><ele>666.1</ele><time>2021-07-03T14:05:04Z</time></trkpt>
<trkpt lat="37.077620" lon="-121.883369"><ele>667.0</ele><time>2021-07-03T14:05:16Z</time></trkpt>
<trkpt lat="37.077325" lon="-121.883458"><ele>664.1</ele><time>2021-07-03T14:05:23Z</time></trkpt>
<trkpt lat="37.077363" lon="-121.883439"><ele>663.6</ele><time>2021-07-03T14:05:24Z</time></trkpt>
<trkpt lat="37.077360" lon="-121.883502"><ele>662.8</ele><time>2021-07-03T14:05:26Z</time></trkpt>
<trkpt lat="37.077407" lon="-121.883533"><ele>662.1</ele><time>2021-07-03T14:05:28Z</time></trkpt>
<trkpt lat="37.077428" lon="-121.883637"><ele>660.9</ele><time>2021-07-03T14:05:30Z</time></trkpt>
<trkpt lat="37.077382" lon="-121.883717"><ele>659.9</ele><time>2021-07-03T14:05:32Z</time></trkpt>
<trkpt lat="37.077370" lon="-121.883828"><ele>658.7</ele><time>2021-07-03T14:05:33Z</time></trkpt>
<trkpt lat="37.077254" lon="-121.884056"><ele>658.1</ele><time>2021-07-03T14:05:36Z</time></trkpt>
<trkpt lat="37.077135" lon="-121.884130"><ele>658.7</ele><time>2021-07-03T14:05:38Z</time></trkpt>
<trkpt lat="37.077131" lon="-121.884166"><ele>658.9</ele><time>2021-07-03T14:05:40Z</time></trkpt>
<trkpt lat="37.076958" lon="-121.884256"><ele>660.6</ele><time>2021-07-03T14:05:52Z</time></trkpt>
<trkpt lat="37.076667" lon="-121.884278"><ele>661.0</ele><time>2021-07-03T14:06:04Z</time></trkpt>
<trkpt lat="37.076491" lon="-121.884184"><ele>659.7</ele><time>2021-07-03T14:06:07Z</time></trkpt>
<trkpt lat="37.076342" lon="-121.884210"><ele>658.6</ele><time>2021-07-03T14:06:09Z</time></trkpt>
<trkpt lat="37.076196" lon="-121.884290"><ele>657.2</ele><time>2021-07-03T14:06:12Z</time></trkpt>
<trkpt lat="37.076120" lon="-121.884445"><ele>655.5</ele><time>2021-07-03T14:06:15Z</time></trkpt>
<trkpt lat="37.076178" lon="-121.884521"><ele>654.5</ele><time>2021-07-03T14:06:17Z</time></trkpt>
<trkpt lat="37.076161" lon="-121.884570"><ele>654.0</ele><time>2021-07-03T14:06:18Z</time></trkpt>
<trkpt lat="37.076075" lon="-121.884606"><ele>653.2</ele><time>2021-07-03T14:06:21Z</time></trkpt>
<trkpt lat="37.076047" lon="-121.884677"><ele>652.7</ele><time>2021-07-03T14:06:23Z</time></trkpt>
<trkpt lat="37.075931" lon="-121.884711"><ele>651.8</ele><time>2021-07-03T14:06:25Z</time></trkpt>
<trkpt lat="37.075854" lon="-121.884877"><ele>650.8</ele><time>2021-07-03T14:06:28Z</time></trkpt>
<trkpt lat="37.075525" lon="-121.884894"><ele>649.1</ele><time>2021-07-03T14:06:32Z</time></trkpt>
<trkpt lat="37.075476" lon="-121.884833"><ele>648.7</ele><time>2021-07-03T14:06:33Z</time></trkpt>
<trkpt lat="37.075385" lon="-121.884930"><ele>647.8</ele><time>2021-07-03T14:06:35Z</time></trkpt>
<trkpt lat="37.075360" lon="-121.885164"><ele>646.1</ele><time>2021-07-03T14:06:38Z</time></trkpt>
<trkpt lat="37.075298" lon="-121.885205"><ele>645.5</ele><time>2021-07-03T14:06:39Z</time></trkpt>
<trkpt lat="37.075124" lon="-121.885209"><ele>644.1</ele><time>2021-07-03T14:06:42Z</time></trkpt>
<trkpt lat="37.075057" lon="-121.885114"><ele>643.4</ele><time>2021-07-03T14:06:43Z</time></trkpt>
<trkpt lat="37.074994" lon="-121.885113"><ele>643.1</ele><time>2021-07-03T14:06:44Z</time></trkpt>
<trkpt lat="37.074899" lon="-121.885165"><ele>642.7</ele><time>2021-07-03T14:06:46Z</time></trkpt>
<trkpt lat="37.074674" lon="-121.885190"><ele>642.4</ele><time>2021-07-03T14:06:51Z</time></trkpt>
<trkpt lat="37.074650" lon="-121.885245"><ele>642.4</ele><time>2021-07-03T14:06:52Z</time></trkpt>
<trkpt lat="37.074546" lon="-121.885274"><ele>642.3</ele><time>2021-07-03T14:06:54Z</time></trkpt>
<trkpt lat="37.074451" lon="-121.885451"><ele>641.9</ele><time>2021-07-03T14:06:58Z</time></trkpt>
<trkpt lat="37.074348" lon="-121.885837"><ele>641.2</ele><time>2021-07-03T14:07:04Z</time></trkpt>
<trkpt lat="37.074225" lon="-121.886018"><ele>641.3</ele><time>2021-07-03T14:07:08Z</time></trkpt>
<trkpt lat="37.074216" lon="-121.886090"><ele>641.3</ele><time>2021-07-03T14:07:09Z</time></trkpt>
<trkpt lat="37.074104" lon="-121.886210"><ele>641.1</ele><time>2021-07-03T14:07:12Z</time></trkpt>
<trkpt lat="37.074117" lon="-121.886424"><ele>640.4</ele><time>2021-07-03T14:07:17Z</time></trkpt>
<trkpt lat="37.074032" lon="-121.886768"><ele>637.3</ele><time>2021-07-03T14:07:24Z</time></trkpt>
<trkpt lat="37.073755" lon="-121.887037"><ele>633.8</ele><time>2021-07-03T14:07:30Z</time></trkpt>
<trkpt lat="37.073615" lon="-121.887261"><ele>632.5</ele><time>2021-07-03T14:07:33Z</time></trkpt>
<trkpt lat="37.073563" lon="-121.887606"><ele>630.8</ele><time>2021-07-03T14:07:36Z</time></trkpt>
<trkpt lat="37.073578" lon="-121.887715"><ele>630.2</ele><time>2021-07-03T14:07:39Z</time></trkpt>
<trkpt lat="37.073541" lon="-121.887803"><ele>629.6</ele><time>2021-07-03T14:07:41Z</time></trkpt>
<trkpt lat="37.073563" lon="-121.887902"><ele>628.9</ele><time>2021-07-03T14:07:43Z</time></trkpt>
<trkpt lat="37.073730" lon="-121.888046"><ele>627.4</ele><time>2021-07-03T14:07:48Z</time></trkpt>
<trkpt lat="37.073781" lon="-121.888133"><ele>626.9</ele><time>2021-07-03T14:07:51Z</time></trkpt>
<trkpt lat="37.073838" lon="-121.888254"><ele>626.2</ele><time>2021-07-03T14:07:55Z</time></trkpt>
<trkpt lat="37.073793" lon="-121.888243"><ele>625.9</ele><time>2021-07-03T14:07:59Z</time></trkpt>
<trkpt lat="37.073796" lon="-121.888295"><ele>625.7</ele><time>2021-07-03T14:08:01Z</time></trkpt>
<trkpt lat="37.073829" lon="-121.888300"><ele>625.4</ele><time>2021-07-03T14:08:06Z</time></trkpt>
<trkpt lat="37.073846" lon="-121.888349"><ele>625.2</ele><time>2021-07-03T14:08:07Z</time></trkpt>
<trkpt lat="37.073814" lon="-121.888455"><ele>624.5</ele><time>2021-07-03T14:08:31Z</time></trkpt>
<trkpt lat="37.073896" lon="-121.888475"><ele>623.7</ele><time>2021-07-03T14:08:34Z</time></trkpt>
<trkpt lat="37.073894" lon="-121.888423"><ele>623.2</ele><time>2021-07-03T14:09:10Z</time></trkpt>
<trkpt lat="37.073883" lon="-121.888507"><ele>622.4</ele><time>2021-07-03T14:09:12Z</time></trkpt>
<trkpt lat="37.073754" lon="-121.888700"><ele>619.9</ele><time>2021-07-03T14:09:15Z</time></trkpt>
<trkpt lat="37.073770" lon="-121.889034"><ele>617.8</ele><time>2021-07-03T14:09:18Z</time></trkpt>
<trkpt lat="37.073697" lon="-121.889250"><ele>617.3</ele><time>2021-07-03T14:09:20Z</time></trkpt>
<trkpt lat="37.073711" lon="-121.889675"><ele>617.9</ele><time>2021-07-03T14:09:26Z</time></trkpt>
<trkpt lat="37.073659" lon="-121.889704"><ele>618.2</ele><time>2021-07-03T14:09:29Z</time></trkpt>
<trkpt lat="37.073639" lon="-121.889808"><ele>618.6</ele><time>2021-07-03T14:09:33Z</time></trkpt>
<trkpt lat="37.073547" lon="-121.889765"><ele>619.1</ele><time>2021-07-03T14:09:35Z</time></trkpt>
<trkpt lat="37.073476" lon="-121.889779"><ele>619.3</ele><time>2021-07-03T14:09:36Z</time></trkpt>
<trkpt lat="37.073469" lon="-121.889878"><ele>619.5</ele><time>2021-07-03T14:09:46Z</time></trkpt>
<trkpt lat="37.073489" lon="-121.889891"><ele>619.5</ele><time>2021-07-03T14:09:47Z</time></trkpt>
<trkpt lat="37.073466" lon="-121.889864"><ele>619.4</ele><time>2021-07-03T14:09:48Z</time></trkpt>
<trkpt lat="37.073435" lon="-121.889910"><ele>619.3</ele><time>2021-07-03T14:09:53Z</time></trkpt>
<trkpt lat="37.073448" lon="-121.889926"><ele>619.2</ele><time>2021-07-03T14:09:55Z</time></trkpt>
<trkpt lat="37.073427" lon="-121.889864"><ele>619.0</ele><time>2021-07-03T14:12:22Z</time></trkpt>
<trkpt lat="37.073480" lon="-121.889892"><ele>618.7</ele><time>2021-07-03T14:12:24Z</time></trkpt>
<trkpt lat="37.073496" lon="-121.889805"><ele>618.2</ele><time>2021-07-03T14:12:35Z</time></trkpt>
<trkpt lat="37.073584" lon="-121.889889"><ele>617.4</ele><time>2021-07-03T14:12:37Z</time></trkpt>
<trkpt lat="37.073625" lon="-121.889854"><ele>617.0</ele><time>2021-07-03T14:12:39Z</time></trkpt>
<trkpt lat="37.073550" lon="-121.889767"><ele>616.3</ele><time>2021-07-03T14:12:42Z</time></trkpt>
<trkpt lat="37.073629" lon="-121.889732"><ele>615.7</ele><time>2021-07-03T14:12:43Z</time></trkpt>
<trkpt lat="37.073653" lon="-121.889607"><ele>614.9</ele><time>2021-07-03T14:12:45Z</time></trkpt>
<trkpt lat="37.073666" lon="-121.889672"><ele>614.4</ele><time>2021-07-03T14:12:46Z</time></trkpt>
<trkpt lat="37.073728" lon="-121.889657"><ele>613.7</ele><time>2021-07-03T14:12:47Z</time></trkpt>
<trkpt lat="37.073816" lon="-121.889570"><ele>612.4</ele><time>2021-07-03T14:12:53Z</time></trkpt>
<trkpt lat="37.073896" lon="-121.889651"><ele>611.4</ele><time>2021-07-03T14:12:54Z</time></trkpt>
<trkpt lat="37.073850" lon="-121.889678"><ele>610.8</ele><time>2021-07-03T14:12:55Z</time></trkpt>
<trkpt lat="37.073949" lon="-121.889458"><ele>608.8</ele><time>2021-07-03T14:12:59Z</time></trkpt>
<trkpt lat="37.074032" lon="-121.889436"><ele>608.1</ele><time>2021-07-03T14:13:01Z</time></trkpt>
<trkpt lat="37.074045" lon="-121.889366"><ele>607.6</ele><time>2021-07-03T14:13:02Z</time></trkpt>
<trkpt lat="37.074180" lon="-121.889314"><ele>606.5</ele><time>2021-07-03T14:13:06Z</time></trkpt>
<trkpt lat="37.074228" lon="-121.889328"><ele>606.2</ele><time>2021-07-03T14:13:07Z</time></trkpt>
<trkpt lat="37.074188" lon="-121.889608"><ele>605.3</ele><time>2021-07-03T14:13:09Z</time></trkpt>
<trkpt lat="37.074063" lon="-121.890002"><ele>604.0</ele><time>2021-07-03T14:13:12Z</time></trkpt>
<trkpt lat="37.074008" lon="-121.890034"><ele>603.8</ele><time>2021-07-03T14:13:14Z</time></trkpt>
<trkpt lat="37.074007" lon="-121.890174"><ele>603.8</ele><time>2021-07-03T14:13:16Z</time></trkpt>
<trkpt lat="37.074043" lon="-121.890216"><ele>603.9</ele><time>2021-07-03T14:13:19Z</time></trkpt>
<trkpt lat="37.073975" lon="-121.890193"><ele>603.9</ele><time>2021-07-03T14:13:22Z</time></trkpt>
<trkpt lat="37.074213" lon="-121.890771"><ele>602.0</ele><time>2021-07-03T14:13:29Z</time></trkpt>
<trkpt lat="37.074238" lon="-121.890706"><ele>601.7</ele><time>2021-07-03T14:13:30Z</time></trkpt>
<trkpt lat="37.074451" lon="-121.890803"><ele>599.9</ele><time>2021-07-03T14:13:35Z</time></trkpt>
<trkpt lat="37.074467" lon="-121.890771"><ele>599.5</ele><time>2021-07-03T14:13:37Z</time></trkpt>
<trkpt lat="37.074534" lon="-121.890842"><ele>598.7</ele><time>2021-07-03T14:13:41Z</time></trkpt>
<trkpt lat="37.074666" lon="-121.890759"><ele>597.2</ele><time>2021-07-03T14:13:43Z</time></trkpt>
<trkpt lat="37.074754" lon="-121.890807"><ele>596.3</ele><time>2021-07-03T14:13:44Z</time></trkpt>
<trkpt lat="37.074922" lon="-121.890765"><ele>594.9</ele><time>2021-07-03T14:13:45Z</time></trkpt>
<trkpt lat="37.074824" lon="-121.890725"><ele>594.1</ele><time>2021-07-03T14:13:46Z</time></trkpt>
<trkpt lat="37.074868" lon="-121.890704"><ele>593.8</ele><time>2021-07-03T14:13:47Z</time></trkpt>
<trkpt lat="37.074953" lon="-121.890498"><ele>592.3</ele><time>2021-07-03T14:13:51Z</time></trkpt>
<trkpt lat="37.074998" lon="-121.890462"><ele>591.9</ele><time>2021-07-03T14:13:52Z</time></trkpt>
<trkpt lat="37.075055" lon="-121.890108"><ele>588.6</ele><time>2021-07-03T14:13:56Z</time></trkpt>
<trkpt lat="37.075157" lon="-121.889997"><ele>586.8</ele><time>2021-07-03T14:13:57Z</time></trkpt>
<trkpt lat="37.075293" lon="-121.890080"><ele>584.7</ele><time>2021-07-03T14:14:00Z</time></trkpt>
<trkpt lat="37.075408" lon="-121.890259"><ele>582.2</ele><time>2021-07-03T14:14:05Z</time></trkpt>
<trkpt lat="37.075374" lon="-121.890259"><ele>581.8</ele><time>2021-07-03T14:14:06Z</time></trkpt>
<trkpt lat="37.075394" lon="-121.890325"><ele>581.0</ele><time>2021-07-03T14:14:07Z</time></trkpt>
<trkpt lat="37.075358" lon="-121.890455"><ele>579.6</ele><time>2021-07-03T14:14:12Z</time></trkpt>
<trkpt lat="37.075367" lon="-121.890586"><ele>578.4</ele><time>2021-07-03T14:14:14Z</time></trkpt>
<trkpt lat="37.075308" lon="-121.890569"><ele>577.8</ele><time>2021-07-03T14:14:17Z</time></trkpt>
<trkpt lat="37.075280" lon="-121.890697"><ele>576.9</ele><time>2021-07-03T14:14:20Z</time></trkpt>
<trkpt lat="37.075503" lon="-121.890742"><ele>574.9</ele><time>2021-07-03T14:14:22Z</time></trkpt>
<trkpt lat="37.075556" lon="-121.890876"><ele>573.9</ele><time>2021-07-03T14:14:23Z</time></trkpt>
<trkpt lat="37.075516" lon="-121.890908"><ele>573.4</ele><time>2021-07-03T14:14:24Z</time></trkpt>
<trkpt lat="37.075542" lon="-121.891016"><ele>572.5</ele><time>2021-07-03T14:14:26Z</time></trkpt>
<trkpt lat="37.075441" lon="-121.891113"><ele>571.2</ele><time>2021-07-03T14:14:28Z</time></trkpt>
<trkpt lat="37.075509" lon="-121.891061"><ele>570.3</ele><time>2021-07-03T14:14:33Z</time></trkpt>
<trkpt lat="37.075551" lon="-121.891076"><ele>569.9</ele><time>2021-07-03T14:14:34Z</time></trkpt>
<trkpt lat="37.075565" lon="-121.891029"><ele>569.4</ele><time>2021-07-03T14:14:36Z</time></trkpt>
<trkpt lat="37.075585" lon="-121.891199"><ele>568.0</ele><time>2021-07-03T14:14:39Z</time></trkpt>
<trkpt lat="37.075676" lon="-121.891390"><ele>566.5</ele><time>2021-07-03T14:14:43Z</time></trkpt>
<trkpt lat="37.075641" lon="-121.891500"><ele>565.8</ele><time>2021-07-03T14:14:45Z</time></trkpt>
<trkpt lat="37.075647" lon="-121.891672"><ele>564.9</ele><time>2021-07-03T14:14:47Z</time></trkpt>
<trkpt lat="37.075775" lon="-121.892017"><ele>563.1</ele><time>2021-07-03T14:14:50Z</time></trkpt>
<trkpt lat="37.075804" lon="-121.892189"><ele>562.1</ele><time>2021-07-03T14:14:52Z</time></trkpt>
<trkpt lat="37.075696" lon="-121.892426"><ele>560.7</ele><time>2021-07-03T14:14:55Z</time></trkpt>
<trkpt lat="37.075722" lon="-121.892540"><ele>560.3</ele><time>2021-07-03T14:14:56Z</time></trkpt>
<trkpt lat="37.075969" lon="-121.892941"><ele>558.8</ele><time>2021-07-03T14:14:59Z</time></trkpt>
<trkpt lat="37.076132" lon="-121.893009"><ele>549.7</ele><time>2021-07-03T14:15:00Z</time></trkpt>
<trkpt lat="37.076047" lon="-121.893078"><ele>554.9</ele><time>2021-07-03T14:15:01Z</time></trkpt>
<trkpt lat="37.076085" lon="-121.893200"><ele>552.7</ele><time>2021-07-03T14:15:03Z</time></trkpt>
<trkpt lat="37.075942" lon="-121.893032"><ele>559.1</ele><time>2021-07-03T14:15:05Z</time></trkpt>
<trkpt lat="37.076028" lon="-121.892971"><ele>556.9</ele><time>2021-07-03T14:15:07Z</time></trkpt>
<trkpt lat="37.076075" lon="-121.892938"><ele>552.1</ele><time>2021-07-03T14:15:08Z</time></trkpt>
<trkpt lat="37.075972" lon="-121.893050"><ele>558.3</ele><time>2021-07-03T14:15:09Z</time></trkpt>
<trkpt lat="37.075990" lon="-121.893093"><ele>557.9</ele><time>2021-07-03T14:15:10Z</time></trkpt>
<trkpt lat="37.075901" lon="-121.893191"><ele>557.6</ele><time>2021-07-03T14:15:11Z</time></trkpt>
<trkpt lat="37.075953" lon="-121.893246"><ele>556.2</ele><time>2021-07-03T14:15:13Z</time></trkpt>
<trkpt lat="37.075905" lon="-121.893259"><ele>556.6</ele><time>2021-07-03T14:15:14Z</time></trkpt>
<trkpt lat="37.075905" lon="-121.893316"><ele>553.5</ele><time>2021-07-03T14:15:15Z</time></trkpt>
<trkpt lat="37.075866" lon="-121.893390"><ele>552.2</ele><time>2021-07-03T14:15:16Z</time></trkpt>
<trkpt lat="37.075871" lon="-121.893502"><ele>550.4</ele><time>2021-07-03T14:15:18Z</time></trkpt>
<trkpt lat="37.075765" lon="-121.893597"><ele>552.0</ele><time>2021-07-03T14:15:19Z</time></trkpt>
<trkpt lat="37.075752" lon="-121.893819"><ele>551.6</ele><time>2021-07-03T14:15:21Z</time></trkpt>
<trkpt lat="37.075392" lon="-121.893750"><ele>560.2</ele><time>2021-07-03T14:15:27Z</time></trkpt>
<trkpt lat="37.075346" lon="-121.893791"><ele>561.4</ele><time>2021-07-03T14:15:31Z</time></trkpt>
<trkpt lat="37.075532" lon="-121.893750"><ele>557.1</ele><time>2021-07-03T14:15:34Z</time></trkpt>
<trkpt lat="37.075669" lon="-121.893860"><ele>553.4</ele><time>2021-07-03T14:15:39Z</time></trkpt>
<trkpt lat="37.075835" lon="-121.893884"><ele>551.9</ele><time>2021-07-03T14:15:42Z</time></trkpt>
<trkpt lat="37.076045" lon="-121.893698"><ele>549.6</ele><time>2021-07-03T14:15:44Z</time></trkpt>
<trkpt lat="37.076114" lon="-121.893607"><ele>548.8</ele><time>2021-07-03T14:15:45Z</time></trkpt>
<trkpt lat="37.075985" lon="-121.893513"><ele>547.7</ele><time>2021-07-03T14:15:46Z</time></trkpt>
<trkpt lat="37.076036" lon="-121.893475"><ele>547.4</ele><time>2021-07-03T14:15:47Z</time></trkpt>
<trkpt lat="37.076061" lon="-121.893335"><ele>546.8</ele><time>2021-07-03T14:15:49Z</time></trkpt>
<trkpt lat="37.076137" lon="-121.893356"><ele>546.3</ele><time>2021-07-03T14:15:50Z</time></trkpt>
<trkpt lat="37.076333" lon="-121.893149"><ele>544.3</ele><time>2021-07-03T14:15:53Z</time></trkpt>
<trkpt lat="37.076153" lon="-121.893294"><ele>542.4</ele><time>2021-07-03T14:15:54Z</time></trkpt>
<trkpt lat="37.076241" lon="-121.893161"><ele>541.4</ele><time>2021-07-03T14:15:57Z</time></trkpt>
<trkpt lat="37.076303" lon="-121.892899"><ele>540.3</ele><time>2021-07-03T14:16:00Z</time></trkpt>
<trkpt lat="37.076359" lon="-121.892968"><ele>539.9</ele><time>2021-07-03T14:16:01Z</time></trkpt>
<trkpt lat="37.076528" lon="-121.892943"><ele>538.1</ele><time>2021-07-03T14:16:03Z</time></trkpt>
<trkpt lat="37.076619" lon="-121.892866"><ele>537.5</ele><time>2021-07-03T14:16:06Z</time></trkpt>
<trkpt lat="37.076674" lon="-121.892869"><ele>537.2</ele><time>2021-07-03T14:16:07Z</time></trkpt>
<trkpt lat="37.076731" lon="-121.892759"><ele>536.6</ele><time>2021-07-03T14:16:09Z</time></trkpt>
<trkpt lat="37.076781" lon="-121.892755"><ele>536.4</ele><time>2021-07-03T14:16:10Z</time></trkpt>
<trkpt lat="37.076844" lon="-121.892309"><ele>535.0</ele><time>2021-07-03T14:16:12Z</time></trkpt>
<trkpt lat="37.076906" lon="-121.892204"><ele>534.8</ele><time>2021-07-03T14:16:13Z</time></trkpt>
<trkpt lat="37.076905" lon="-121.892091"><ele>534.6</ele><time>2021-07-03T14:16:14Z</time></trkpt>
<trkpt lat="37.077076" lon="-121.891864"><ele>533.9</ele><time>2021-07-03T14:16:17Z</time></trkpt>
<trkpt lat="37.077014" lon="-121.891736"><ele>533.4</ele><time>2021-07-03T14:16:18Z</time></trkpt>
<trkpt lat="37.076922" lon="-121.891811"><ele>533.0</ele><time>2021-07-03T14:16:19Z</time></trkpt>
<trkpt lat="37.076899" lon="-121.891768"><ele>535.1</ele><time>2021-07-03T14:16:20Z</time></trkpt>
<trkpt lat="37.076876" lon="-121.891834"><ele>537.0</ele><time>2021-07-03T14:16:21Z</time></trkpt>
<trkpt lat="37.076969" lon="-121.891774"><ele>531.8</ele><time>2021-07-03T14:16:24Z</time></trkpt>
<trkpt lat="37.076997" lon="-121.891809"><ele>529.9</ele><time>2021-07-03T14:16:25Z</time></trkpt>
<trkpt lat="37.077000" lon="-121.891764"><ele>530.3</ele><time>2021-07-03T14:16:26Z</time></trkpt>
<trkpt lat="37.077056" lon="-121.891803"><ele>528.7</ele><time>2021-07-03T14:16:28Z</time></trkpt>
<trkpt lat="37.077107" lon="-121.891897"><ele>523.8</ele><time>2021-07-03T14:16:29Z</time></trkpt>
<trkpt lat="37.077117" lon="-121.891850"><ele>524.7</ele><time>2021-07-03T14:16:31Z</time></trkpt>
<trkpt lat="37.077050" lon="-121.891870"><ele>528.0</ele><time>2021-07-03T14:16:34Z</time></trkpt>
<trkpt lat="37.076974" lon="-121.892108"><ele>528.1</ele><time>2021-07-03T14:16:38Z</time></trkpt>
<trkpt lat="37.076882" lon="-121.892259"><ele>529.7</ele><time>2021-07-03T14:16:39Z</time></trkpt>
<trkpt lat="37.076971" lon="-121.892186"><ele>526.1</ele><time>2021-07-03T14:16:40Z</time></trkpt>
<trkpt lat="37.076938" lon="-121.892231"><ele>527.0</ele><time>2021-07-03T14:16:41Z</time></trkpt>
<trkpt lat="37.077034" lon="-121.892270"><ele>521.0</ele><time>2021-07-03T14:16:43Z</time></trkpt>
<trkpt lat="37.076992" lon="-121.892227"><ele>523.6</ele><time>2021-07-03T14:16:47Z</time></trkpt>
<trkpt lat="37.076959" lon="-121.892420"><ele>522.2</ele><time>2021-07-03T14:16:48Z</time></trkpt>
<trkpt lat="37.076856" lon="-121.892498"><ele>525.4</ele><time>2021-07-03T14:16:50Z</time></trkpt>
<trkpt lat="37.076811" lon="-121.892502"><ele>529.3</ele><time>2021-07-03T14:16:51Z</time></trkpt>
<trkpt lat="37.076861" lon="-121.892556"><ele>524.5</ele><time>2021-07-03T14:16:53Z</time></trkpt>
<trkpt lat="37.076881" lon="-121.892646"><ele>522.8</ele><time>2021-07-03T14:16:55Z</time></trkpt>
<trkpt lat="37.076948" lon="-121.892708"><ele>521.5</ele><time>2021-07-03T14:16:56Z</time></trkpt>
<trkpt lat="37.077000" lon="-121.892848"><ele>514.4</ele><time>2021-07-03T14:16:57Z</time></trkpt>
<trkpt lat="37.077075" lon="-121.893080"><ele>510.0</ele><time>2021-07-03T14:16:59Z</time></trkpt>
<trkpt lat="37.077254" lon="-121.893264"><ele>504.0</ele><time>2021-07-03T14:17:03Z</time></trkpt>
<trkpt lat="37.077454" lon="-121.893695"><ele>489.5</ele><time>2021-07-03T14:17:04Z</time></trkpt>
<trkpt lat="37.077511" lon="-121.893835"><ele>487.6</ele><time>2021-07-03T14:17:05Z</time></trkpt>
<trkpt lat="37.077511" lon="-121.893965"><ele>488.2</ele><time>2021-07-03T14:17:07Z</time></trkpt>
<trkpt lat="37.077563" lon="-121.894137"><ele>486.5</ele><time>2021-07-03T14:17:09Z</time></trkpt>
<trkpt lat="37.077556" lon="-121.894242"><ele>485.5</ele><time>2021-07-03T14:17:10Z</time></trkpt>
<trkpt lat="37.077483" lon="-121.894334"><ele>488.0</ele><time>2021-07-03T14:17:11Z</time></trkpt>
<trkpt lat="37.077518" lon="-121.894310"><ele>486.5</ele><time>2021-07-03T14:17:12Z</time></trkpt>
<trkpt lat="37.077492" lon="-121.894341"><ele>487.8</ele><time>2021-07-03T14:17:13Z</time></trkpt>
<trkpt lat="37.077549" lon="-121.894404"><ele>484.7</ele><time>2021-07-03T14:17:14Z</time></trkpt>
<trkpt lat="37.077519" lon="-121.894417"><ele>486.3</ele><time>2021-07-03T14:17:15Z</time></trkpt>
<trkpt lat="37.077546" lon="-121.894525"><ele>484.7</ele><time>2021-07-03T14:17:18Z</time></trkpt>
<trkpt lat="37.077488" lon="-121.894579"><ele>487.1</ele><time>2021-07-03T14:17:19Z</time></trkpt>
<trkpt lat="37.077418" lon="-121.894568"><ele>490.2</ele><time>2021-07-03T14:17:20Z</time></trkpt>
<trkpt lat="37.077310" lon="-121.894477"><ele>496.0</ele><time>2021-07-03T14:17:24Z</time></trkpt>
<trkpt lat="37.077274" lon="-121.894559"><ele>497.6</ele><time>2021-07-03T14:17:25Z</time></trkpt>
<trkpt lat="37.077415" lon="-121.894557"><ele>490.3</ele><time>2021-07-03T14:17:26Z</time></trkpt>
<trkpt lat="37.077374" lon="-121.894518"><ele>492.0</ele><time>2021-07-03T14:17:27Z</time></trkpt>
<trkpt lat="37.077210" lon="-121.894605"><ele>505.5</ele><time>2021-07-03T14:17:30Z</time></trkpt>
<trkpt lat="37.077161" lon="-121.894612"><ele>512.1</ele><time>2021-07-03T14:17:33Z</time></trkpt>
<trkpt lat="37.077202" lon="-121.894560"><ele>504.7</ele><time>2021-07-03T14:17:59Z</time></trkpt>
<trkpt lat="37.077135" lon="-121.894650"><ele>513.3</ele><time>2021-07-03T14:18:01Z</time></trkpt>
<trkpt lat="37.077157" lon="-121.894770"><ele>522.7</ele><time>2021-07-03T14:18:05Z</time></trkpt>
<trkpt lat="37.077167" lon="-121.894774"><ele>518.8</ele><time>2021-07-03T14:18:06Z</time></trkpt>
<trkpt lat="37.077117" lon="-121.894661"><ele>516.3</ele><time>2021-07-03T14:18:09Z</time></trkpt>
<trkpt lat="37.077132" lon="-121.894607"><ele>512.4</ele><time>2021-07-03T14:18:11Z</time></trkpt>
<trkpt lat="37.077140" lon="-121.894416"><ele>510.1</ele><time>2021-07-03T14:18:16Z</time></trkpt>
<trkpt lat="37.077170" lon="-121.894432"><ele>507.5</ele><time>2021-07-03T14:18:17Z</time></trkpt>
<trkpt lat="37.077202" lon="-121.894305"><ele>504.8</ele><time>2021-07-03T14:18:18Z</time></trkpt>
<trkpt lat="37.077222" lon="-121.894033"><ele>504.4</ele><time>2021-07-03T14:18:23Z</time></trkpt>
<trkpt lat="37.077261" lon="-121.893809"><ele>499.7</ele><time>2021-07-03T14:18:27Z</time></trkpt>
<trkpt lat="37.077210" lon="-121.893774"><ele>500.4</ele><time>2021-07-03T14:18:28Z</time></trkpt>
<trkpt lat="37.077095" lon="-121.893776"><ele>504.8</ele><time>2021-07-03T14:18:29Z</time></trkpt>
<trkpt lat="37.077060" lon="-121.893689"><ele>506.7</ele><time>2021-07-03T14:18:31Z</time></trkpt>
<trkpt lat="37.077071" lon="-121.893638"><ele>507.1</ele><time>2021-07-03T14:18:32Z</time></trkpt>
<trkpt lat="37.077216" lon="-121.893474"><ele>504.9</ele><time>2021-07-03T14:18:33Z</time></trkpt>
<trkpt lat="37.077211" lon="-121.893417"><ele>505.4</ele><time>2021-07-03T14:18:36Z</time></trkpt>
<trkpt lat="37.077331" lon="-121.893287"><ele>502.0</ele><time>2021-07-03T14:18:41Z</time></trkpt>
<trkpt lat="37.077328" lon="-121.893184"><ele>502.3</ele><time>2021-07-03T14:18:43Z</time></trkpt>
<trkpt lat="37.077287" lon="-121.893189"><ele>503.6</ele><time>2021-07-03T14:18:44Z</time></trkpt>
<trkpt lat="37.077326" lon="-121.893022"><ele>503.9</ele><time>2021-07-03T14:18:47Z</time></trkpt>
<trkpt lat="37.077416" lon="-121.892843"><ele>500.6</ele><time>2021-07-03T14:18:49Z</time></trkpt>
<trkpt lat="37.077643" lon="-121.892554"><ele>496.7</ele><time>2021-07-03T14:18:54Z</time></trkpt>
<trkpt lat="37.077707" lon="-121.892377"><ele>496.8</ele><time>2021-07-03T14:18:57Z</time></trkpt>
<trkpt lat="37.077876" lon="-121.892526"><ele>490.2</ele><time>2021-07-03T14:19:00Z</time></trkpt>
<trkpt lat="37.077874" lon="-121.892690"><ele>489.7</ele><time>2021-07-03T14:19:03Z</time></trkpt>
<trkpt lat="37.077910" lon="-121.892677"><ele>488.5</ele><time>2021-07-03T14:19:04Z</time></trkpt>
<trkpt lat="37.077944" lon="-121.892612"><ele>487.8</ele><time>2021-07-03T14:19:05Z</time></trkpt>
<trkpt lat="37.077920" lon="-121.892414"><ele>488.4</ele><time>2021-07-03T14:19:07Z</time></trkpt>
<trkpt lat="37.077965" lon="-121.892267"><ele>488.3</ele><time>2021-07-03T14:19:08Z</time></trkpt>
<trkpt lat="37.078016" lon="-121.892277"><ele>488.0</ele><time>2021-07-03T14:19:09Z</time></trkpt>
<trkpt lat="37.078058" lon="-121.892180"><ele>487.0</ele><time>2021-07-03T14:19:10Z</time></trkpt>
<trkpt lat="37.078089" lon="-121.892183"><ele>485.9</ele><time>2021-07-03T14:19:11Z</time></trkpt>
<trkpt lat="37.078164" lon="-121.892453"><ele>487.2</ele><time>2021-07-03T14:19:13Z</time></trkpt>
<trkpt lat="37.078141" lon="-121.892560"><ele>487.1</ele><time>2021-07-03T14:19:14Z</time></trkpt>
<trkpt lat="37.078158" lon="-121.892763"><ele>486.1</ele><time>2021-07-03T14:19:17Z</time></trkpt>
<trkpt lat="37.078099" lon="-121.892721"><ele>486.7</ele><time>2021-07-03T14:19:19Z</time></trkpt>
<trkpt lat="37.078080" lon="-121.892654"><ele>487.0</ele><time>2021-07-03T14:19:20Z</time></trkpt>
<trkpt lat="37.078223" lon="-121.892347"><ele>487.5</ele><time>2021-07-03T14:19:23Z</time></trkpt>
<trkpt lat="37.078210" lon="-121.892137"><ele>483.1</ele><time>2021-07-03T14:19:26Z</time></trkpt>
<trkpt lat="37.078297" lon="-121.892149"><ele>481.2</ele><time>2021-07-03T14:19:28Z</time></trkpt>
<trkpt lat="37.078330" lon="-121.892414"><ele>486.4</ele><time>2021-07-03T14:19:29Z</time></trkpt>
<trkpt lat="37.078312" lon="-121.892458"><ele>487.3</ele><time>2021-07-03T14:19:30Z</time></trkpt>
<trkpt lat="37.078261" lon="-121.892456"><ele>487.3</ele><time>2021-07-03T14:19:31Z</time></trkpt>
<trkpt lat="37.078283" lon="-121.892391"><ele>487.1</ele><time>2021-07-03T14:19:34Z</time></trkpt>
<trkpt lat="37.078369" lon="-121.892314"><ele>483.4</ele><time>2021-07-03T14:19:36Z</time></trkpt>
<trkpt lat="37.078373" lon="-121.892193"><ele>480.9</ele><time>2021-07-03T14:19:37Z</time></trkpt>
<trkpt lat="37.078570" lon="-121.892320"><ele>476.8</ele><time>2021-07-03T14:19:39Z</time></trkpt>
<trkpt lat="37.078638" lon="-121.892273"><ele>472.5</ele><time>2021-07-03T14:19:40Z</time></trkpt>
<trkpt lat="37.078757" lon="-121.892451"><ele>471.1</ele><time>2021-07-03T14:19:46Z</time></trkpt>
<trkpt lat="37.078786" lon="-121.892436"><ele>470.7</ele><time>2021-07-03T14:19:48Z</time></trkpt>
<trkpt lat="37.078815" lon="-121.892574"><ele>469.5</ele><time>2021-07-03T14:19:50Z</time></trkpt>
<trkpt lat="37.078811" lon="-121.892779"><ele>468.0</ele><time>2021-07-03T14:19:53Z</time></trkpt>
<trkpt lat="37.078842" lon="-121.892836"><ele>467.6</ele><time>2021-07-03T14:19:54Z</time></trkpt>
<trkpt lat="37.078829" lon="-121.892988"><ele>466.7</ele><time>2021-07-03T14:19:57Z</time></trkpt>
<trkpt lat="37.078815" lon="-121.893042"><ele>466.4</ele><time>2021-07-03T14:20:00Z</time></trkpt>
<trkpt lat="37.078727" lon="-121.893113"><ele>465.6</ele><time>2021-07-03T14:20:05Z</time></trkpt>
<trkpt lat="37.078750" lon="-121.893292"><ele>464.5</ele><time>2021-07-03T14:20:07Z</time></trkpt>
<trkpt lat="37.078677" lon="-121.893397"><ele>463.6</ele><time>2021-07-03T14:20:09Z</time></trkpt>
<trkpt lat="37.078725" lon="-121.893445"><ele>463.1</ele><time>2021-07-03T14:20:10Z</time></trkpt>
<trkpt lat="37.078769" lon="-121.893634"><ele>461.6</ele><time>2021-07-03T14:20:13Z</time></trkpt>
<trkpt lat="37.078770" lon="-121.893777"><ele>460.3</ele><time>2021-07-03T14:20:17Z</time></trkpt>
<trkpt lat="37.078838" lon="-121.893800"><ele>459.6</ele><time>2021-07-03T14:20:19Z</time></trkpt>
<trkpt lat="37.078918" lon="-121.893644"><ele>458.4</ele><time>2021-07-03T14:20:21Z</time></trkpt>
<trkpt lat="37.078885" lon="-121.893502"><ele>457.5</ele><time>2021-07-03T14:20:24Z</time></trkpt>
<trkpt lat="37.078921" lon="-121.893457"><ele>457.2</ele><time>2021-07-03T14:20:26Z</time></trkpt>
<trkpt lat="37.078901" lon="-121.893347"><ele>456.7</ele><time>2021-07-03T14:20:29Z</time></trkpt>
<trkpt lat="37.079013" lon="-121.893177"><ele>455.2</ele><time>2021-07-03T14:20:33Z</time></trkpt>
<trkpt lat="37.079001" lon="-121.893239"><ele>455.1</ele><time>2021-07-03T14:20:34Z</time></trkpt>
<trkpt lat="37.078973" lon="-121.893173"><ele>457.8</ele><time>2021-07-03T14:20:36Z</time></trkpt>
<trkpt lat="37.079048" lon="-121.893113"><ele>454.5</ele><time>2021-07-03T14:20:39Z</time></trkpt>
<trkpt lat="37.079085" lon="-121.893149"><ele>452.0</ele><time>2021-07-03T14:20:41Z</time></trkpt>
<trkpt lat="37.079064" lon="-121.893213"><ele>452.8</ele><time>2021-07-03T14:20:42Z</time></trkpt>
<trkpt lat="37.079062" lon="-121.893359"><ele>450.4</ele><time>2021-07-03T14:20:44Z</time></trkpt>
<trkpt lat="37.079154" lon="-121.893600"><ele>444.4</ele><time>2021-07-03T14:20:52Z</time></trkpt>
<trkpt lat="37.079243" lon="-121.893588"><ele>443.9</ele><time>2021-07-03T14:20:54Z</time></trkpt>
<trkpt lat="37.079214" lon="-121.893545"><ele>443.7</ele><time>2021-07-03T14:20:56Z</time></trkpt>
<trkpt lat="37.079235" lon="-121.893481"><ele>443.4</ele><time>2021-07-03T14:20:58Z</time></trkpt>
<trkpt lat="37.079279" lon="-121.893473"><ele>443.2</ele><time>2021-07-03T14:20:59Z</time></trkpt>
<trkpt lat="37.079274" lon="-121.893395"><ele>442.8</ele><time>2021-07-03T14:21:00Z</time></trkpt>
<trkpt lat="37.079307" lon="-121.893371"><ele>442.6</ele><time>2021-07-03T14:21:01Z</time></trkpt>
<trkpt lat="37.079269" lon="-121.893316"><ele>442.2</ele><time>2021-07-03T14:21:02Z</time></trkpt>
<trkpt lat="37.079290" lon="-121.893229"><ele>441.7</ele><time>2021-07-03T14:21:03Z</time></trkpt>
<trkpt lat="37.079320" lon="-121.893228"><ele>441.5</ele><time>2021-07-03T14:21:04Z</time></trkpt>
<trkpt lat="37.079459" lon="-121.893502"><ele>439.6</ele><time>2021-07-03T14:21:09Z</time></trkpt>
<trkpt lat="37.079444" lon="-121.893958"><ele>437.4</ele><time>2021-07-03T14:21:16Z</time></trkpt>
<trkpt lat="37.079500" lon="-121.894088"><ele>436.6</ele><time>2021-07-03T14:21:18Z</time></trkpt>
<trkpt lat="37.079530" lon="-121.894280"><ele>435.6</ele><time>2021-07-03T14:21:21Z</time></trkpt>
<trkpt lat="37.079562" lon="-121.894297"><ele>435.4</ele><time>2021-07-03T14:21:22Z</time></trkpt>
<trkpt lat="37.079523" lon="-121.894213"><ele>434.9</ele><time>2021-07-03T14:21:23Z</time></trkpt>
<trkpt lat="37.079550" lon="-121.893977"><ele>433.6</ele><time>2021-07-03T14:21:26Z</time></trkpt>
<trkpt lat="37.079534" lon="-121.893810"><ele>432.7</ele><time>2021-07-03T14:21:30Z</time></trkpt>
<trkpt lat="37.079581" lon="-121.893734"><ele>432.0</ele><time>2021-07-03T14:21:33Z</time></trkpt>
<trkpt lat="37.079687" lon="-121.893930"><ele>430.5</ele><time>2021-07-03T14:21:36Z</time></trkpt>
<trkpt lat="37.079788" lon="-121.894210"><ele>428.5</ele><time>2021-07-03T14:21:40Z</time></trkpt>
<trkpt lat="37.079925" lon="-121.894247"><ele>427.7</ele><time>2021-07-03T14:21:42Z</time></trkpt>
<trkpt lat="37.079904" lon="-121.894538"><ele>426.7</ele><time>2021-07-03T14:21:46Z</time></trkpt>
<trkpt lat="37.079861" lon="-121.894631"><ele>426.3</ele><time>2021-07-03T14:21:49Z</time></trkpt>
<trkpt lat="37.079808" lon="-121.894632"><ele>426.0</ele><time>2021-07-03T14:21:51Z</time></trkpt>
<trkpt lat="37.079774" lon="-121.894674"><ele>425.8</ele><time>2021-07-03T14:21:53Z</time></trkpt>
<trkpt lat="37.079962" lon="-121.894750"><ele>425.0</ele><time>2021-07-03T14:21:57Z</time></trkpt>
<trkpt lat="37.079969" lon="-121.894920"><ele>424.6</ele><time>2021-07-03T14:21:59Z</time></trkpt>
<trkpt lat="37.079911" lon="-121.895107"><ele>424.1</ele><time>2021-07-03T14:22:03Z</time></trkpt>
<trkpt lat="37.080005" lon="-121.895248"><ele>423.4</ele><time>2021-07-03T14:22:08Z</time></trkpt>
<trkpt lat="37.079986" lon="-121.895287"><ele>423.2</ele><time>2021-07-03T14:22:09Z</time></trkpt>
<trkpt lat="37.079859" lon="-121.895316"><ele>422.4</ele><time>2021-07-03T14:22:11Z</time></trkpt>
<trkpt lat="37.079769" lon="-121.895401"><ele>421.6</ele><time>2021-07-03T14:22:13Z</time></trkpt>
<trkpt lat="37.079729" lon="-121.895561"><ele>420.6</ele><time>2021-07-03T14:22:16Z</time></trkpt>
<trkpt lat="37.079824" lon="-121.895698"><ele>419.6</ele><time>2021-07-03T14:22:19Z</time></trkpt>
<trkpt lat="37.079890" lon="-121.895700"><ele>419.1</ele><time>2021-07-03T14:22:20Z</time></trkpt>
<trkpt lat="37.079866" lon="-121.895546"><ele>418.2</ele><time>2021-07-03T14:22:24Z</time></trkpt>
<trkpt lat="37.079929" lon="-121.895523"><ele>417.6</ele><time>2021-07-03T14:22:26Z</time></trkpt>
<trkpt lat="37.079966" lon="-121.895591"><ele>417.1</ele><time>2021-07-03T14:22:28Z</time></trkpt>
<trkpt lat="37.080081" lon="-121.896185"><ele>413.1</ele><time>2021-07-03T14:22:37Z</time></trkpt>
<trkpt lat="37.080153" lon="-121.896284"><ele>412.5</ele><time>2021-07-03T14:22:43Z</time></trkpt>
<trkpt lat="37.080207" lon="-121.896260"><ele>412.3</ele><time>2021-07-03T14:22:44Z</time></trkpt>
<trkpt lat="37.080365" lon="-121.896394"><ele>411.8</ele><time>2021-07-03T14:22:49Z</time></trkpt>
<trkpt lat="37.080426" lon="-121.896592"><ele>411.7</ele><time>2021-07-03T14:22:51Z</time></trkpt>
<trkpt lat="37.080446" lon="-121.896732"><ele>411.6</ele><time>2021-07-03T14:22:54Z</time></trkpt>
<trkpt lat="37.080382" lon="-121.896795"><ele>411.6</ele><time>2021-07-03T14:22:55Z</time></trkpt>
<trkpt lat="37.080341" lon="-121.896921"><ele>411.5</ele><time>2021-07-03T14:22:58Z</time></trkpt>
<trkpt lat="37.080315" lon="-121.897168"><ele>411.2</ele><time>2021-07-03T14:23:02Z</time></trkpt>
<trkpt lat="37.080349" lon="-121.897378"><ele>411.0</ele><time>2021-07-03T14:23:08Z</time></trkpt>
<trkpt lat="37.080316" lon="-121.897402"><ele>410.9</ele><time>2021-07-03T14:23:09Z</time></trkpt>
<trkpt lat="37.080325" lon="-121.897517"><ele>410.8</ele><time>2021-07-03T14:23:12Z</time></trkpt>
<trkpt lat="37.080247" lon="-121.897611"><ele>410.7</ele><time>2021-07-03T14:23:18Z</time></trkpt>
<trkpt lat="37.080063" lon="-121.897705"><ele>410.5</ele><time>2021-07-03T14:23:30Z</time></trkpt>
<trkpt lat="37.080093" lon="-121.897696"><ele>410.5</ele><time>2021-07-03T14:23:32Z</time></trkpt>
<trkpt lat="37.080013" lon="-121.897687"><ele>410.6</ele><time>2021-07-03T14:23:43Z</time></trkpt>
<trkpt lat="37.080073" lon="-121.897553"><ele>410.9</ele><time>2021-07-03T14:25:23Z</time></trkpt>
<trkpt lat="37.080054" lon="-121.897526"><ele>411.0</ele><time>2021-07-03T14:25:25Z</time></trkpt>
<trkpt lat="37.080223" lon="-121.897492"><ele>411.7</ele><time>2021-07-03T14:25:38Z</time></trkpt>
<trkpt lat="37.080180" lon="-121.897608"><ele>412.2</ele><time>2021-07-03T14:25:57Z</time></trkpt>
<trkpt lat="37.080125" lon="-121.897621"><ele>412.4</ele><time>2021-07-03T14:26:02Z</time></trkpt>
<trkpt lat="37.080157" lon="-121.897844"><ele>412.2</ele><time>2021-07-03T14:26:14Z</time></trkpt>
<trkpt lat="37.080068" lon="-121.898151"><ele>410.6</ele><time>2021-07-03T14:26:19Z</time></trkpt>
<trkpt lat="37.079992" lon="-121.898287"><ele>409.8</ele><time>2021-07-03T14:26:21Z</time></trkpt>
<trkpt lat="37.079815" lon="-121.898480"><ele>408.7</ele><time>2021-07-03T14:26:25Z</time></trkpt>
<trkpt lat="37.079823" lon="-121.898524"><ele>408.5</ele><time>2021-07-03T14:26:26Z</time></trkpt>
<trkpt lat="37.079969" lon="-121.898518"><ele>407.3</ele><time>2021-07-03T14:26:28Z</time></trkpt>
<trkpt lat="37.080138" lon="-121.898293"><ele>405.2</ele><time>2021-07-03T14:26:32Z</time></trkpt>
<trkpt lat="37.080335" lon="-121.898248"><ele>403.3</ele><time>2021-07-03T14:26:36Z</time></trkpt>
<trkpt lat="37.080345" lon="-121.898310"><ele>402.7</ele><time>2021-07-03T14:26:37Z</time></trkpt>
<trkpt lat="37.080308" lon="-121.898421"><ele>401.6</ele><time>2021-07-03T14:26:38Z</time></trkpt>
<trkpt lat="37.080216" lon="-121.898508"><ele>400.0</ele><time>2021-07-03T14:26:40Z</time></trkpt>
<trkpt lat="37.080224" lon="-121.898545"><ele>399.6</ele><time>2021-07-03T14:26:41Z</time></trkpt>
<trkpt lat="37.080444" lon="-121.898435"><ele>396.3</ele><time>2021-07-03T14:26:45Z</time></trkpt>
<trkpt lat="37.080472" lon="-121.898528"><ele>395.4</ele><time>2021-07-03T14:26:46Z</time></trkpt>
<trkpt lat="37.080377" lon="-121.898779"><ele>393.3</ele><time>2021-07-03T14:26:49Z</time></trkpt>
<trkpt lat="37.080365" lon="-121.898971"><ele>392.2</ele><time>2021-07-03T14:26:51Z</time></trkpt>
<trkpt lat="37.080062" lon="-121.899256"><ele>388.1</ele><time>2021-07-03T14:26:57Z</time></trkpt>
<trkpt lat="37.080258" lon="-121.899254"><ele>386.6</ele><time>2021-07-03T14:27:00Z</time></trkpt>
<trkpt lat="37.080636" lon="-121.898926"><ele>383.3</ele><time>2021-07-03T14:27:06Z</time></trkpt>
<trkpt lat="37.080689" lon="-121.898701"><ele>382.1</ele><time>2021-07-03T14:27:10Z</time></trkpt>
<trkpt lat="37.080849" lon="-121.898491"><ele>381.3</ele><time>2021-07-03T14:27:13Z</time></trkpt>
<trkpt lat="37.080966" lon="-121.898239"><ele>380.6</ele><time>2021-07-03T14:27:16Z</time></trkpt>
<trkpt lat="37.081042" lon="-121.898158"><ele>380.2</ele><time>2021-07-03T14:27:18Z</time></trkpt>
<trkpt lat="37.081027" lon="-121.898044"><ele>379.9</ele><time>2021-07-03T14:27:20Z</time></trkpt>
<trkpt lat="37.081051" lon="-121.897905"><ele>379.5</ele><time>2021-07-03T14:27:22Z</time></trkpt>
<trkpt lat="37.081197" lon="-121.897681"><ele>378.7</ele><time>2021-07-03T14:27:26Z</time></trkpt>
<trkpt lat="37.081173" lon="-121.897535"><ele>378.1</ele><time>2021-07-03T14:27:28Z</time></trkpt>
<trkpt lat="37.081197" lon="-121.897454"><ele>377.8</ele><time>2021-07-03T14:27:30Z</time></trkpt>
<trkpt lat="37.081260" lon="-121.897363"><ele>377.2</ele><time>2021-07-03T14:27:31Z</time></trkpt>
<trkpt lat="37.081323" lon="-121.897117"><ele>375.8</ele><time>2021-07-03T14:27:35Z</time></trkpt>
<trkpt lat="37.081420" lon="-121.896985"><ele>374.4</ele><time>2021-07-03T14:27:38Z</time></trkpt>
<trkpt lat="37.081398" lon="-121.896851"><ele>373.4</ele><time>2021-07-03T14:27:41Z</time></trkpt>
<trkpt lat="37.081349" lon="-121.896807"><ele>372.8</ele><time>2021-07-03T14:27:43Z</time></trkpt>
<trkpt lat="37.081312" lon="-121.896666"><ele>371.8</ele><time>2021-07-03T14:27:47Z</time></trkpt>
<trkpt lat="37.081192" lon="-121.896550"><ele>370.8</ele><time>2021-07-03T14:27:50Z</time></trkpt>
<trkpt lat="37.081157" lon="-121.896459"><ele>370.4</ele><time>2021-07-03T14:27:52Z</time></trkpt>
<trkpt lat="37.081174" lon="-121.896343"><ele>370.0</ele><time>2021-07-03T14:27:53Z</time></trkpt>
<trkpt lat="37.081289" lon="-121.896187"><ele>369.4</ele><time>2021-07-03T14:27:54Z</time></trkpt>
<trkpt lat="37.081365" lon="-121.896262"><ele>368.8</ele><time>2021-07-03T14:27:55Z</time></trkpt>
<trkpt lat="37.081439" lon="-121.896285"><ele>368.0</ele><time>2021-07-03T14:27:57Z</time></trkpt>
<trkpt lat="37.081519" lon="-121.896520"><ele>366.0</ele><time>2021-07-03T14:28:01Z</time></trkpt>
<trkpt lat="37.081564" lon="-121.896556"><ele>365.4</ele><time>2021-07-03T14:28:02Z</time></trkpt>
<trkpt lat="37.081636" lon="-121.896471"><ele>364.5</ele><time>2021-07-03T14:28:03Z</time></trkpt>
<trkpt lat="37.081726" lon="-121.896559"><ele>363.4</ele><time>2021-07-03T14:28:05Z</time></trkpt>
<trkpt lat="37.081636" lon="-121.896650"><ele>362.5</ele><time>2021-07-03T14:28:06Z</time></trkpt>
<trkpt lat="37.081664" lon="-121.896758"><ele>361.7</ele><time>2021-07-03T14:28:07Z</time></trkpt>
<trkpt lat="37.081784" lon="-121.896824"><ele>360.6</ele><time>2021-07-03T14:28:09Z</time></trkpt>
<trkpt lat="37.081891" lon="-121.896945"><ele>359.4</ele><time>2021-07-03T14:28:12Z</time></trkpt>
<trkpt lat="37.081841" lon="-121.897059"><ele>358.5</ele><time>2021-07-03T14:28:14Z</time></trkpt>
<trkpt lat="37.081846" lon="-121.897217"><ele>357.5</ele><time>2021-07-03T14:28:16Z</time></trkpt>
<trkpt lat="37.081923" lon="-121.897230"><ele>356.9</ele><time>2021-07-03T14:28:17Z</time></trkpt>
<trkpt lat="37.081975" lon="-121.897602"><ele>354.7</ele><time>2021-07-03T14:28:23Z</time></trkpt>
<trkpt lat="37.082172" lon="-121.897864"><ele>352.5</ele><time>2021-07-03T14:28:28Z</time></trkpt>
<trkpt lat="37.082090" lon="-121.897890"><ele>351.8</ele><time>2021-07-03T14:28:29Z</time></trkpt>
<trkpt lat="37.081987" lon="-121.898071"><ele>350.1</ele><time>2021-07-03T14:28:32Z</time></trkpt>
<trkpt lat="37.081966" lon="-121.898152"><ele>349.5</ele><time>2021-07-03T14:28:33Z</time></trkpt>
<trkpt lat="37.081961" lon="-121.898203"><ele>345.6</ele><time>2021-07-03T14:28:34Z</time></trkpt>
<trkpt lat="37.081983" lon="-121.898305"><ele>344.4</ele><time>2021-07-03T14:28:36Z</time></trkpt>
<trkpt lat="37.082060" lon="-121.898367"><ele>340.3</ele><time>2021-07-03T14:28:38Z</time></trkpt>
<trkpt lat="37.082174" lon="-121.898352"><ele>336.9</ele><time>2021-07-03T14:28:41Z</time></trkpt>
<trkpt lat="37.082119" lon="-121.898218"><ele>343.6</ele><time>2021-07-03T14:28:44Z</time></trkpt>
<trkpt lat="37.082278" lon="-121.898015"><ele>343.4</ele><time>2021-07-03T14:28:47Z</time></trkpt>
<trkpt lat="37.082326" lon="-121.897993"><ele>342.9</ele><time>2021-07-03T14:28:48Z</time></trkpt>
<trkpt lat="37.082369" lon="-121.898051"><ele>342.2</ele><time>2021-07-03T14:28:49Z</time></trkpt>
<trkpt lat="37.082365" lon="-121.898158"><ele>341.4</ele><time>2021-07-03T14:28:51Z</time></trkpt>
<trkpt lat="37.082291" lon="-121.898192"><ele>340.7</ele><time>2021-07-03T14:28:53Z</time></trkpt>
<trkpt lat="37.082257" lon="-121.898388"><ele>339.5</ele><time>2021-07-03T14:28:57Z</time></trkpt>
<trkpt lat="37.082169" lon="-121.898522"><ele>338.4</ele><time>2021-07-03T14:29:00Z</time></trkpt>
<trkpt lat="37.082096" lon="-121.898930"><ele>335.7</ele><time>2021-07-03T14:29:06Z</time></trkpt>
<trkpt lat="37.082191" lon="-121.899098"><ele>334.6</ele><time>2021-07-03T14:29:08Z</time></trkpt>
<trkpt lat="37.082107" lon="-121.899288"><ele>333.8</ele><time>2021-07-03T14:29:11Z</time></trkpt>
<trkpt lat="37.082134" lon="-121.899340"><ele>333.7</ele><time>2021-07-03T14:29:12Z</time></trkpt>
<trkpt lat="37.082087" lon="-121.899686"><ele>332.9</ele><time>2021-07-03T14:29:17Z</time></trkpt>
<trkpt lat="37.081994" lon="-121.899826"><ele>332.9</ele><time>2021-07-03T14:29:20Z</time></trkpt>
<trkpt lat="37.082047" lon="-121.900016"><ele>332.9</ele><time>2021-07-03T14:29:23Z</time></trkpt>
<trkpt lat="37.081959" lon="-121.900328"><ele>332.8</ele><time>2021-07-03T14:29:32Z</time></trkpt>
<trkpt lat="37.081845" lon="-121.900550"><ele>332.2</ele><time>2021-07-03T14:29:37Z</time></trkpt>
<trkpt lat="37.081888" lon="-121.900602"><ele>332.1</ele><time>2021-07-03T14:29:38Z</time></trkpt>
<trkpt lat="37.081891" lon="-121.900721"><ele>331.7</ele><time>2021-07-03T14:29:40Z</time></trkpt>
<trkpt lat="37.081942" lon="-121.900841"><ele>330.6</ele><time>2021-07-03T14:29:41Z</time></trkpt>
<trkpt lat="37.081896" lon="-121.900932"><ele>330.4</ele><time>2021-07-03T14:29:44Z</time></trkpt>
<trkpt lat="37.081851" lon="-121.900888"><ele>330.4</ele><time>2021-07-03T14:29:46Z</time></trkpt>
<trkpt lat="37.081826" lon="-121.900912"><ele>330.3</ele><time>2021-07-03T14:29:49Z</time></trkpt>
<trkpt lat="37.081816" lon="-121.900874"><ele>330.2</ele><time>2021-07-03T14:29:53Z</time></trkpt>
<trkpt lat="37.081798" lon="-121.901002"><ele>330.1</ele><time>2021-07-03T14:30:55Z</time></trkpt>
<trkpt lat="37.081769" lon="-121.901012"><ele>330.0</ele><time>2021-07-03T14:30:57Z</time></trkpt>
<trkpt lat="37.081907" lon="-121.900959"><ele>329.8</ele><time>2021-07-03T14:31:33Z</time></trkpt>
<trkpt lat="37.081700" lon="-121.900805"><ele>332.8</ele><time>2021-07-03T14:31:37Z</time></trkpt>
<trkpt lat="37.081673" lon="-121.900741"><ele>333.8</ele><time>2021-07-03T14:31:38Z</time></trkpt>
<trkpt lat="37.081667" lon="-121.900699"><ele>334.1</ele><time>2021-07-03T14:31:40Z</time></trkpt>
<trkpt lat="37.081824" lon="-121.900871"><ele>330.9</ele><time>2021-07-03T14:31:43Z</time></trkpt>
<trkpt lat="37.081948" lon="-121.901198"><ele>327.7</ele><time>2021-07-03T14:31:47Z</time></trkpt>
<trkpt lat="37.081945" lon="-121.901713"><ele>323.1</ele><time>2021-07-03T14:31:52Z</time></trkpt>
<trkpt lat="37.082030" lon="-121.901894"><ele>321.8</ele><time>2021-07-03T14:31:54Z</time></trkpt>
<trkpt lat="37.082144" lon="-121.902277"><ele>320.3</ele><time>2021-07-03T14:31:58Z</time></trkpt>
<trkpt lat="37.082255" lon="-121.902336"><ele>319.8</ele><time>2021-07-03T14:31:59Z</time></trkpt>
<trkpt lat="37.082231" lon="-121.902440"><ele>319.4</ele><time>2021-07-03T14:32:00Z</time></trkpt>
<trkpt lat="37.082222" lon="-121.902398"><ele>319.2</ele><time>2021-07-03T14:32:01Z</time></trkpt>
<trkpt lat="37.082281" lon="-121.902755"><ele>317.2</ele><time>2021-07-03T14:32:06Z</time></trkpt>
<trkpt lat="37.082267" lon="-121.902899"><ele>316.5</ele><time>2021-07-03T14:32:07Z</time></trkpt>
<trkpt lat="37.082324" lon="-121.903093"><ele>315.7</ele><time>2021-07-03T14:32:10Z</time></trkpt>
<trkpt lat="37.082296" lon="-121.903154"><ele>315.4</ele><time>2021-07-03T14:32:11Z</time></trkpt>
<trkpt lat="37.082342" lon="-121.903208"><ele>315.2</ele><time>2021-07-03T14:32:12Z</time></trkpt>
<trkpt lat="37.082315" lon="-121.903340"><ele>314.8</ele><time>2021-07-03T14:32:14Z</time></trkpt>
<trkpt lat="37.082395" lon="-121.903679"><ele>313.7</ele><time>2021-07-03T14:32:18Z</time></trkpt>
<trkpt lat="37.082320" lon="-121.903826"><ele>312.6</ele><time>2021-07-03T14:32:20Z</time></trkpt>
<trkpt lat="37.082352" lon="-121.903990"><ele>311.3</ele><time>2021-07-03T14:32:22Z</time></trkpt>
<trkpt lat="37.082455" lon="-121.903993"><ele>308.5</ele><time>2021-07-03T14:32:23Z</time></trkpt>
<trkpt lat="37.082480" lon="-121.904045"><ele>306.0</ele><time>2021-07-03T14:32:24Z</time></trkpt>
<trkpt lat="37.082476" lon="-121.904245"><ele>304.5</ele><time>2021-07-03T14:32:26Z</time></trkpt>
<trkpt lat="37.082512" lon="-121.904333"><ele>302.4</ele><time>2021-07-03T14:32:27Z</time></trkpt>
<trkpt lat="37.082553" lon="-121.904361"><ele>300.8</ele><time>2021-07-03T14:32:28Z</time></trkpt>
<trkpt lat="37.082638" lon="-121.904333"><ele>299.6</ele><time>2021-07-03T14:32:29Z</time></trkpt>
<trkpt lat="37.082560" lon="-121.904022"><ele>304.5</ele><time>2021-07-03T14:32:32Z</time></trkpt>
<trkpt lat="37.082662" lon="-121.903915"><ele>301.9</ele><time>2021-07-03T14:32:34Z</time></trkpt>
<trkpt lat="37.082694" lon="-121.903793"><ele>301.7</ele><time>2021-07-03T14:32:36Z</time></trkpt>
<trkpt lat="37.082758" lon="-121.903766"><ele>300.8</ele><time>2021-07-03T14:32:37Z</time></trkpt>
<trkpt lat="37.082775" lon="-121.903652"><ele>301.4</ele><time>2021-07-03T14:32:39Z</time></trkpt>
<trkpt lat="37.082754" lon="-121.903591"><ele>301.6</ele><time>2021-07-03T14:32:40Z</time></trkpt>
<trkpt lat="37.082867" lon="-121.903443"><ele>300.7</ele><time>2021-07-03T14:32:43Z</time></trkpt>
<trkpt lat="37.082978" lon="-121.903535"><ele>298.1</ele><time>2021-07-03T14:32:46Z</time></trkpt>
<trkpt lat="37.083040" lon="-121.903796"><ele>294.0</ele><time>2021-07-03T14:32:49Z</time></trkpt>
<trkpt lat="37.082985" lon="-121.904208"><ele>291.8</ele><time>2021-07-03T14:32:55Z</time></trkpt>
<trkpt lat="37.082917" lon="-121.904311"><ele>292.8</ele><time>2021-07-03T14:32:57Z</time></trkpt>
<trkpt lat="37.082946" lon="-121.904404"><ele>292.1</ele><time>2021-07-03T14:32:59Z</time></trkpt>
<trkpt lat="37.083113" lon="-121.904429"><ele>287.4</ele><time>2021-07-03T14:33:01Z</time></trkpt>
<trkpt lat="37.083326" lon="-121.903995"><ele>285.2</ele><time>2021-07-03T14:33:07Z</time></trkpt>
<trkpt lat="37.083427" lon="-121.903961"><ele>284.7</ele><time>2021-07-03T14:33:09Z</time></trkpt>
<trkpt lat="37.083404" lon="-121.903862"><ele>287.3</ele><time>2021-07-03T14:33:11Z</time></trkpt>
<trkpt lat="37.083432" lon="-121.903978"><ele>284.3</ele><time>2021-07-03T14:33:12Z</time></trkpt>
<trkpt lat="37.083511" lon="-121.904073"><ele>281.6</ele><time>2021-07-03T14:33:15Z</time></trkpt>
<trkpt lat="37.083488" lon="-121.904178"><ele>279.0</ele><time>2021-07-03T14:33:17Z</time></trkpt>
<trkpt lat="37.083541" lon="-121.904525"><ele>271.7</ele><time>2021-07-03T14:33:21Z</time></trkpt>
<trkpt lat="37.083519" lon="-121.904424"><ele>275.5</ele><time>2021-07-03T14:33:22Z</time></trkpt>
<trkpt lat="37.083520" lon="-121.904470"><ele>273.8</ele><time>2021-07-03T14:33:24Z</time></trkpt>
<trkpt lat="37.083460" lon="-121.904532"><ele>275.4</ele><time>2021-07-03T14:33:27Z</time></trkpt>
<trkpt lat="37.083487" lon="-121.904566"><ele>272.9</ele><time>2021-07-03T14:33:28Z</time></trkpt>
<trkpt lat="37.083488" lon="-121.904687"><ele>271.3</ele><time>2021-07-03T14:33:32Z</time></trkpt>
<trkpt lat="37.083365" lon="-121.904936"><ele>273.6</ele><time>2021-07-03T14:33:39Z</time></trkpt>
<trkpt lat="37.083375" lon="-121.904970"><ele>273.8</ele><time>2021-07-03T14:33:40Z</time></trkpt>
<trkpt lat="37.083332" lon="-121.905051"><ele>272.7</ele><time>2021-07-03T14:33:42Z</time></trkpt>
<trkpt lat="37.083377" lon="-121.905180"><ele>271.8</ele><time>2021-07-03T14:33:43Z</time></trkpt>
<trkpt lat="37.083219" lon="-121.905238"><ele>269.6</ele><time>2021-07-03T14:33:46Z</time></trkpt>
<trkpt lat="37.083278" lon="-121.905234"><ele>269.2</ele><time>2021-07-03T14:33:47Z</time></trkpt>
<trkpt lat="37.083281" lon="-121.905280"><ele>268.6</ele><time>2021-07-03T14:33:49Z</time></trkpt>
<trkpt lat="37.083184" lon="-121.905367"><ele>268.4</ele><time>2021-07-03T14:33:53Z</time></trkpt>
<trkpt lat="37.083127" lon="-121.905506"><ele>268.2</ele><time>2021-07-03T14:33:55Z</time></trkpt>
<trkpt lat="37.083255" lon="-121.905604"><ele>264.4</ele><time>2021-07-03T14:33:57Z</time></trkpt>
<trkpt lat="37.083252" lon="-121.905739"><ele>263.4</ele><time>2021-07-03T14:33:58Z</time></trkpt>
<trkpt lat="37.083232" lon="-121.905732"><ele>263.4</ele><time>2021-07-03T14:33:59Z</time></trkpt>
<trkpt lat="37.083279" lon="-121.905762"><ele>261.2</ele><time>2021-07-03T14:34:00Z</time></trkpt>
<trkpt lat="37.083331" lon="-121.905670"><ele>260.8</ele><time>2021-07-03T14:34:04Z</time></trkpt>
<trkpt lat="37.083306" lon="-121.905588"><ele>262.0</ele><time>2021-07-03T14:34:05Z</time></trkpt>
<trkpt lat="37.083333" lon="-121.905572"><ele>263.2</ele><time>2021-07-03T14:34:06Z</time></trkpt>
<trkpt lat="37.083393" lon="-121.905623"><ele>260.2</ele><time>2021-07-03T14:34:09Z</time></trkpt>
<trkpt lat="37.083509" lon="-121.905573"><ele>262.5</ele><time>2021-07-03T14:34:10Z</time></trkpt>
<trkpt lat="37.083490" lon="-121.905530"><ele>266.3</ele><time>2021-07-03T14:34:11Z</time></trkpt>
<trkpt lat="37.083518" lon="-121.905446"><ele>271.6</ele><time>2021-07-03T14:34:12Z</time></trkpt>
<trkpt lat="37.083572" lon="-121.905314"><ele>272.9</ele><time>2021-07-03T14:34:13Z</time></trkpt>
<trkpt lat="37.083624" lon="-121.905330"><ele>272.8</ele><time>2021-07-03T14:34:14Z</time></trkpt>
<trkpt lat="37.083662" lon="-121.905248"><ele>271.8</ele><time>2021-07-03T14:34:16Z</time></trkpt>
<trkpt lat="37.083713" lon="-121.905239"><ele>270.7</ele><time>2021-07-03T14:34:17Z</time></trkpt>
<trkpt lat="37.083825" lon="-121.905007"><ele>264.7</ele><time>2021-07-03T14:34:19Z</time></trkpt>
<trkpt lat="37.083910" lon="-121.904981"><ele>256.2</ele><time>2021-07-03T14:34:20Z</time></trkpt>
<trkpt lat="37.083898" lon="-121.905015"><ele>258.2</ele><time>2021-07-03T14:34:21Z</time></trkpt>
<trkpt lat="37.083973" lon="-121.905031"><ele>253.3</ele><time>2021-07-03T14:34:22Z</time></trkpt>
<trkpt lat="37.084072" lon="-121.905088"><ele>256.3</ele><time>2021-07-03T14:34:24Z</time></trkpt>
<trkpt lat="37.084143" lon="-121.905200"><ele>257.1</ele><time>2021-07-03T14:34:26Z</time></trkpt>
<trkpt lat="37.084266" lon="-121.905166"><ele>255.0</ele><time>2021-07-03T14:34:30Z</time></trkpt>
<trkpt lat="37.084308" lon="-121.905011"><ele>253.4</ele><time>2021-07-03T14:34:32Z</time></trkpt>
<trkpt lat="37.084343" lon="-121.904982"><ele>252.5</ele><time>2021-07-03T14:34:33Z</time></trkpt>
<trkpt lat="37.084456" lon="-121.904992"><ele>250.1</ele><time>2021-07-03T14:34:36Z</time></trkpt>
<trkpt lat="37.084553" lon="-121.905089"><ele>248.1</ele><time>2021-07-03T14:34:38Z</time></trkpt>
<trkpt lat="37.084636" lon="-121.904944"><ele>246.0</ele><time>2021-07-03T14:34:42Z</time></trkpt>
<trkpt lat="37.084694" lon="-121.904903"><ele>245.2</ele><time>2021-07-03T14:34:44Z</time></trkpt>
<trkpt lat="37.084733" lon="-121.904771"><ele>247.7</ele><time>2021-07-03T14:34:46Z</time></trkpt>
<trkpt lat="37.084807" lon="-121.904716"><ele>248.7</ele><time>2021-07-03T14:34:47Z</time></trkpt>
<trkpt lat="37.084817" lon="-121.904654"><ele>250.3</ele><time>2021-07-03T14:34:48Z</time></trkpt>
<trkpt lat="37.084773" lon="-121.904754"><ele>248.1</ele><time>2021-07-03T14:34:49Z</time></trkpt>
<trkpt lat="37.084725" lon="-121.904715"><ele>251.6</ele><time>2021-07-03T14:34:51Z</time></trkpt>
<trkpt lat="37.084645" lon="-121.904434"><ele>260.5</ele><time>2021-07-03T14:34:55Z</time></trkpt>
<trkpt lat="37.084681" lon="-121.904443"><ele>258.9</ele><time>2021-07-03T14:34:56Z</time></trkpt>
<trkpt lat="37.084713" lon="-121.904407"><ele>258.3</ele><time>2021-07-03T14:34:57Z</time></trkpt>
<trkpt lat="37.084802" lon="-121.904167"><ele>257.6</ele><time>2021-07-03T14:35:04Z</time></trkpt>
<trkpt lat="37.084873" lon="-121.904158"><ele>254.5</ele><time>2021-07-03T14:35:07Z</time></trkpt>
<trkpt lat="37.084985" lon="-121.903945"><ele>251.5</ele><time>2021-07-03T14:35:11Z</time></trkpt>
<trkpt lat="37.085048" lon="-121.903881"><ele>249.4</ele><time>2021-07-03T14:35:13Z</time></trkpt>
<trkpt lat="37.085085" lon="-121.903890"><ele>248.8</ele><time>2021-07-03T14:35:15Z</time></trkpt>
<trkpt lat="37.085007" lon="-121.903775"><ele>249.4</ele><time>2021-07-03T14:35:19Z</time></trkpt>
<trkpt lat="37.085029" lon="-121.903737"><ele>249.6</ele><time>2021-07-03T14:35:20Z</time></trkpt>
<trkpt lat="37.085088" lon="-121.903763"><ele>249.9</ele><time>2021-07-03T14:35:21Z</time></trkpt>
<trkpt lat="37.085073" lon="-121.903852"><ele>250.2</ele><time>2021-07-03T14:35:22Z</time></trkpt>
<trkpt lat="37.085093" lon="-121.903824"><ele>250.3</ele><time>2021-07-03T14:35:24Z</time></trkpt>
<trkpt lat="37.085128" lon="-121.903857"><ele>250.5</ele><time>2021-07-03T14:35:26Z</time></trkpt>
<trkpt lat="37.085065" lon="-121.903853"><ele>250.8</ele><time>2021-07-03T14:35:30Z</time></trkpt>
<trkpt lat="37.085169" lon="-121.903897"><ele>251.5</ele><time>2021-07-03T14:35:45Z</time></trkpt>
<trkpt lat="37.085100" lon="-121.903830"><ele>251.9</ele><time>2021-07-03T14:36:02Z</time></trkpt>
<trkpt lat="37.085086" lon="-121.903868"><ele>252.1</ele><time>2021-07-03T14:36:04Z</time></trkpt>
<trkpt lat="37.085103" lon="-121.903818"><ele>252.6</ele><time>2021-07-03T14:36:10Z</time></trkpt>
<trkpt lat="37.085063" lon="-121.903831"><ele>252.8</ele><time>2021-07-03T14:36:14Z</time></trkpt>
<trkpt lat="37.085114" lon="-121.903647"><ele>253.6</ele><time>2021-07-03T14:36:32Z</time></trkpt>
<trkpt lat="37.085093" lon="-121.903601"><ele>253.8</ele><time>2021-07-03T14:36:33Z</time></trkpt>
<trkpt lat="37.085041" lon="-121.903594"><ele>254.1</ele><time>2021-07-03T14:36:34Z</time></trkpt>
<trkpt lat="37.085092" lon="-121.903357"><ele>255.1</ele><time>2021-07-03T14:36:38Z</time></trkpt>
<trkpt lat="37.085038" lon="-121.903211"><ele>255.8</ele><time>2021-07-03T14:36:47Z</time></trkpt>
<trkpt lat="37.085095" lon="-121.903383"><ele>256.5</ele><time>2021-07-03T14:36:53Z</time></trkpt>
<trkpt lat="37.085009" lon="-121.903324"><ele>257.4</ele><time>2021-07-03T14:36:57Z</time></trkpt>
<trkpt lat="37.085034" lon="-121.903284"><ele>257.6</ele><time>2021-07-03T14:36:58Z</time></trkpt>
<trkpt lat="37.085007" lon="-121.902928"><ele>259.3</ele><time>2021-07-03T14:37:17Z</time></trkpt>
<trkpt lat="37.084922" lon="-121.902904"><ele>260.4</ele><time>2021-07-03T14:37:22Z</time></trkpt>
<trkpt lat="37.084911" lon="-121.902854"><ele>260.7</ele><time>2021-07-03T14:37:24Z</time></trkpt>
<trkpt lat="37.084954" lon="-121.902718"><ele>261.5</ele><time>2021-07-03T14:37:28Z</time></trkpt>
<trkpt lat="37.084874" lon="-121.902656"><ele>262.2</ele><time>2021-07-03T14:37:32Z</time></trkpt>
<trkpt lat="37.084853" lon="-121.902679"><ele>262.4</ele><time>2021-07-03T14:37:34Z</time></trkpt>
<trkpt lat="37.084838" lon="-121.902644"><ele>262.6</ele><time>2021-07-03T14:37:35Z</time></trkpt>
<trkpt lat="37.084866" lon="-121.902503"><ele>263.4</ele><time>2021-07-03T14:37:45Z</time></trkpt>
<trkpt lat="37.084800" lon="-121.902445"><ele>264.0</ele><time>2021-07-03T14:37:49Z</time></trkpt>
<trkpt lat="37.084813" lon="-121.902410"><ele>264.2</ele><time>2021-07-03T14:37:52Z</time></trkpt>
<trkpt lat="37.084770" lon="-121.902319"><ele>264.7</ele><time>2021-07-03T14:37:55Z</time></trkpt>
<trkpt lat="37.084799" lon="-121.902272"><ele>265.1</ele><time>2021-07-03T14:37:59Z</time></trkpt>
<trkpt lat="37.084759" lon="-121.902181"><ele>265.5</ele><time>2021-07-03T14:38:05Z</time></trkpt>
<trkpt lat="37.084771" lon="-121.902122"><ele>265.8</ele><time>2021-07-03T14:38:10Z</time></trkpt>
<trkpt lat="37.084568" lon="-121.901983"><ele>267.0</ele><time>2021-07-03T14:38:22Z</time></trkpt>
<trkpt lat="37.084526" lon="-121.902007"><ele>267.2</ele><time>2021-07-03T14:38:23Z</time></trkpt>
<trkpt lat="37.084456" lon="-121.901986"><ele>267.6</ele><time>2021-07-03T14:38:24Z</time></trkpt>
<trkpt lat="37.084433" lon="-121.901921"><ele>267.8</ele><time>2021-07-03T14:38:26Z</time></trkpt>
<trkpt lat="37.084369" lon="-121.902017"><ele>268.3</ele><time>2021-07-03T14:38:27Z</time></trkpt>
<trkpt lat="37.084349" lon="-121.901971"><ele>268.6</ele><time>2021-07-03T14:38:28Z</time></trkpt>
<trkpt lat="37.084382" lon="-121.901956"><ele>268.7</ele><time>2021-07-03T14:38:29Z</time></trkpt>
<trkpt lat="37.084389" lon="-121.901902"><ele>269.0</ele><time>2021-07-03T14:38:30Z</time></trkpt>
<trkpt lat="37.084345" lon="-121.901836"><ele>269.4</ele><time>2021-07-03T14:38:37Z</time></trkpt>
<trkpt lat="37.084304" lon="-121.901850"><ele>269.6</ele><time>2021-07-03T14:38:38Z</time></trkpt>
<trkpt lat="37.084260" lon="-121.901800"><ele>270.0</ele><time>2021-07-03T14:38:41Z</time></trkpt>
<trkpt lat="37.084223" lon="-121.901809"><ele>270.2</ele><time>2021-07-03T14:38:42Z</time></trkpt>
<trkpt lat="37.084241" lon="-121.901784"><ele>270.3</ele><time>2021-07-03T14:38:43Z</time></trkpt>
<trkpt lat="37.084215" lon="-121.901774"><ele>270.4</ele><time>2021-07-03T14:38:44Z</time></trkpt>
<trkpt lat="37.084266" lon="-121.901789"><ele>270.7</ele><time>2021-07-03T14:38:46Z</time></trkpt>
<trkpt lat="37.084273" lon="-121.901724"><ele>271.0</ele><time>2021-07-03T14:38:48Z</time></trkpt>
<trkpt lat="37.084199" lon="-121.901582"><ele>271.7</ele><time>2021-07-03T14:38:55Z</time></trkpt>
<trkpt lat="37.084004" lon="-121.901531"><ele>273.0</ele><time>2021-07-03T14:39:08Z</time></trkpt>
<trkpt lat="37.084014" lon="-121.901390"><ele>274.0</ele><time>2021-07-03T14:39:16Z</time></trkpt>
<trkpt lat="37.083952" lon="-121.901355"><ele>274.7</ele><time>2021-07-03T14:39:21Z</time></trkpt>
<trkpt lat="37.083919" lon="-121.901407"><ele>275.2</ele><time>2021-07-03T14:39:25Z</time></trkpt>
<trkpt lat="37.083849" lon="-121.901343"><ele>276.2</ele><time>2021-07-03T14:39:31Z</time></trkpt>
<trkpt lat="37.083752" lon="-121.901326"><ele>277.1</ele><time>2021-07-03T14:39:33Z</time></trkpt>
<trkpt lat="37.083756" lon="-121.901348"><ele>277.2</ele><time>2021-07-03T14:39:34Z</time></trkpt>
<trkpt lat="37.083714" lon="-121.901246"><ele>278.0</ele><time>2021-07-03T14:39:38Z</time></trkpt>
<trkpt lat="37.083668" lon="-121.901295"><ele>278.5</ele><time>2021-07-03T14:39:40Z</time></trkpt>
<trkpt lat="37.083645" lon="-121.901244"><ele>278.9</ele><time>2021-07-03T14:39:44Z</time></trkpt>
<trkpt lat="37.083589" lon="-121.901226"><ele>279.3</ele><time>2021-07-03T14:39:46Z</time></trkpt>
<trkpt lat="37.083567" lon="-121.901107"><ele>280.0</ele><time>2021-07-03T14:39:50Z</time></trkpt>
<trkpt lat="37.083560" lon="-121.901150"><ele>280.2</ele><time>2021-07-03T14:39:51Z</time></trkpt>
<trkpt lat="37.083583" lon="-121.901075"><ele>280.6</ele><time>2021-07-03T14:39:53Z</time></trkpt>
<trkpt lat="37.083688" lon="-121.901019"><ele>281.3</ele><time>2021-07-03T14:40:01Z</time></trkpt>
<trkpt lat="37.083638" lon="-121.901048"><ele>281.6</ele><time>2021-07-03T14:40:02Z</time></trkpt>
<trkpt lat="37.083701" lon="-121.901038"><ele>282.0</ele><time>2021-07-03T14:40:08Z</time></trkpt>
<trkpt lat="37.083649" lon="-121.901050"><ele>282.3</ele><time>2021-07-03T14:40:10Z</time></trkpt>
<trkpt lat="37.083546" lon="-121.900992"><ele>282.9</ele><time>2021-07-03T14:40:11Z</time></trkpt>
<trkpt lat="37.083428" lon="-121.900831"><ele>284.0</ele><time>2021-07-03T14:41:35Z</time></trkpt>
<trkpt lat="37.083328" lon="-121.900810"><ele>284.7</ele><time>2021-07-03T14:41:39Z</time></trkpt>
<trkpt lat="37.083380" lon="-121.900750"><ele>285.0</ele><time>2021-07-03T14:41:42Z</time></trkpt>
<trkpt lat="37.083349" lon="-121.900765"><ele>285.1</ele><time>2021-07-03T14:41:43Z</time></trkpt>
<trkpt lat="37.083333" lon="-121.900719"><ele>285.2</ele><time>2021-07-03T14:41:45Z</time></trkpt>
<trkpt lat="37.083252" lon="-121.900714"><ele>285.2</ele><time>2021-07-03T14:41:50Z</time></trkpt>
<trkpt lat="37.083288" lon="-121.900630"><ele>285.1</ele><time>2021-07-03T14:41:52Z</time></trkpt>
<trkpt lat="37.083235" lon="-121.900620"><ele>284.9</ele><time>2021-07-03T14:41:54Z</time></trkpt>
<trkpt lat="37.083240" lon="-121.900431"><ele>284.2</ele><time>2021-07-03T14:41:58Z</time></trkpt>
<trkpt lat="37.083290" lon="-121.900446"><ele>283.9</ele><time>2021-07-03T14:41:59Z</time></trkpt>
<trkpt lat="37.083384" lon="-121.900353"><ele>283.2</ele><time>2021-07-03T14:42:00Z</time></trkpt>
<trkpt lat="37.083421" lon="-121.900144"><ele>282.4</ele><time>2021-07-03T14:42:05Z</time></trkpt>
<trkpt lat="37.083461" lon="-121.900068"><ele>282.2</ele><time>2021-07-03T14:42:07Z</time></trkpt>
<trkpt lat="37.083522" lon="-121.900034"><ele>282.0</ele><time>2021-07-03T14:42:11Z</time></trkpt>
<trkpt lat="37.083525" lon="-121.899860"><ele>281.9</ele><time>2021-07-03T14:42:13Z</time></trkpt>
<trkpt lat="37.083591" lon="-121.899782"><ele>282.0</ele><time>2021-07-03T14:42:17Z</time></trkpt>
<trkpt lat="37.083587" lon="-121.899706"><ele>282.2</ele><time>2021-07-03T14:42:19Z</time></trkpt>
<trkpt lat="37.083626" lon="-121.899771"><ele>282.4</ele><time>2021-07-03T14:42:20Z</time></trkpt>
<trkpt lat="37.083700" lon="-121.899728"><ele>282.9</ele><time>2021-07-03T14:42:21Z</time></trkpt>
<trkpt lat="37.083837" lon="-121.899595"><ele>284.0</ele><time>2021-07-03T14:42:22Z</time></trkpt>
<trkpt lat="37.083825" lon="-121.899624"><ele>284.2</ele><time>2021-07-03T14:42:23Z</time></trkpt>
<trkpt lat="37.083794" lon="-121.899578"><ele>284.4</ele><time>2021-07-03T14:42:26Z</time></trkpt>
<trkpt lat="37.083843" lon="-121.899537"><ele>284.9</ele><time>2021-07-03T14:42:29Z</time></trkpt>
<trkpt lat="37.083834" lon="-121.899593"><ele>285.1</ele><time>2021-07-03T14:42:30Z</time></trkpt>
<trkpt lat="37.083940" lon="-121.899835"><ele>286.6</ele><time>2021-07-03T14:42:41Z</time></trkpt>
<trkpt lat="37.084115" lon="-121.899873"><ele>287.8</ele><time>2021-07-03T14:42:50Z</time></trkpt>
<trkpt lat="37.084222" lon="-121.899794"><ele>288.9</ele><time>2021-07-03T14:43:00Z</time></trkpt>
<trkpt lat="37.084283" lon="-121.899795"><ele>289.3</ele><time>2021-07-03T14:43:02Z</time></trkpt>
<trkpt lat="37.084315" lon="-121.899835"><ele>289.6</ele><time>2021-07-03T14:43:06Z</time></trkpt>
<trkpt lat="37.084281" lon="-121.899821"><ele>289.9</ele><time>2021-07-03T14:43:08Z</time></trkpt>
<trkpt lat="37.084456" lon="-121.899867"><ele>291.2</ele><time>2021-07-03T14:43:13Z</time></trkpt>
<trkpt lat="37.084524" lon="-121.899812"><ele>291.6</ele><time>2021-07-03T14:43:17Z</time></trkpt>
<trkpt lat="37.084519" lon="-121.899855"><ele>291.8</ele><time>2021-07-03T14:43:18Z</time></trkpt>
<trkpt lat="37.084729" lon="-121.899969"><ele>292.9</ele><time>2021-07-03T14:43:26Z</time></trkpt>
<trkpt lat="37.084696" lon="-121.900058"><ele>293.3</ele><time>2021-07-03T14:43:27Z</time></trkpt>
<trkpt lat="37.084739" lon="-121.900081"><ele>293.5</ele><time>2021-07-03T14:43:30Z</time></trkpt>
<trkpt lat="37.084830" lon="-121.900052"><ele>294.1</ele><time>2021-07-03T14:43:38Z</time></trkpt>
<trkpt lat="37.084799" lon="-121.900049"><ele>294.2</ele><time>2021-07-03T14:43:39Z</time></trkpt>
<trkpt lat="37.084795" lon="-121.900103"><ele>294.4</ele><time>2021-07-03T14:43:40Z</time></trkpt>
<trkpt lat="37.084917" lon="-121.900163"><ele>295.1</ele><time>2021-07-03T14:43:46Z</time></trkpt>
<trkpt lat="37.084994" lon="-121.900253"><ele>295.6</ele><time>2021-07-03T14:43:50Z</time></trkpt>
<trkpt lat="37.085169" lon="-121.900147"><ele>296.6</ele><time>2021-07-03T14:43:59Z</time></trkpt>
<trkpt lat="37.085158" lon="-121.900099"><ele>296.8</ele><time>2021-07-03T14:44:01Z</time></trkpt>
<trkpt lat="37.085188" lon="-121.900125"><ele>297.0</ele><time>2021-07-03T14:44:03Z</time></trkpt>
<trkpt lat="37.085229" lon="-121.900084"><ele>297.3</ele><time>2021-07-03T14:44:05Z</time></trkpt>
<trkpt lat="37.085267" lon="-121.899914"><ele>298.1</ele><time>2021-07-03T14:44:13Z</time></trkpt>
<trkpt lat="37.085284" lon="-121.899947"><ele>298.2</ele><time>2021-07-03T14:44:14Z</time></trkpt>
<trkpt lat="37.085370" lon="-121.899796"><ele>299.3</ele><time>2021-07-03T14:44:26Z</time></trkpt>
<trkpt lat="37.085400" lon="-121.899826"><ele>299.5</ele><time>2021-07-03T14:44:27Z</time></trkpt>
<trkpt lat="37.085400" lon="-121.899758"><ele>299.9</ele><time>2021-07-03T14:44:29Z</time></trkpt>
<trkpt lat="37.085497" lon="-121.899710"><ele>300.4</ele><time>2021-07-03T14:44:34Z</time></trkpt>
<trkpt lat="37.085590" lon="-121.899711"><ele>300.8</ele><time>2021-07-03T14:44:36Z</time></trkpt>
<trkpt lat="37.085658" lon="-121.899596"><ele>301.2</ele><time>2021-07-03T14:44:41Z</time></trkpt>
<trkpt lat="37.085689" lon="-121.899616"><ele>301.2</ele><time>2021-07-03T14:44:42Z</time></trkpt>
<trkpt lat="37.085733" lon="-121.899563"><ele>301.4</ele><time>2021-07-03T14:44:46Z</time></trkpt>
<trkpt lat="37.085739" lon="-121.899475"><ele>301.6</ele><time>2021-07-03T14:44:52Z</time></trkpt>
<trkpt lat="37.085773" lon="-121.899473"><ele>301.7</ele><time>2021-07-03T14:44:53Z</time></trkpt>
<trkpt lat="37.085791" lon="-121.899401"><ele>302.0</ele><time>2021-07-03T14:44:56Z</time></trkpt>
<trkpt lat="37.085839" lon="-121.899396"><ele>302.2</ele><time>2021-07-03T14:44:58Z</time></trkpt>
<trkpt lat="37.085841" lon="-121.899357"><ele>302.3</ele><time>2021-07-03T14:44:59Z</time></trkpt>
<trkpt lat="37.085814" lon="-121.899388"><ele>302.5</ele><time>2021-07-03T14:45:00Z</time></trkpt>
<trkpt lat="37.085864" lon="-121.899389"><ele>302.8</ele><time>2021-07-03T14:45:04Z</time></trkpt>
<trkpt lat="37.085855" lon="-121.899314"><ele>303.1</ele><time>2021-07-03T14:45:07Z</time></trkpt>
<trkpt lat="37.085817" lon="-121.899369"><ele>303.4</ele><time>2021-07-03T14:45:09Z</time></trkpt>
<trkpt lat="37.086052" lon="-121.899189"><ele>304.7</ele><time>2021-07-03T14:45:52Z</time></trkpt>
<trkpt lat="37.085990" lon="-121.899224"><ele>305.0</ele><time>2021-07-03T14:45:54Z</time></trkpt>
<trkpt lat="37.085955" lon="-121.899208"><ele>305.2</ele><time>2021-07-03T14:45:57Z</time></trkpt>
<trkpt lat="37.085970" lon="-121.899193"><ele>305.3</ele><time>2021-07-03T14:45:58Z</time></trkpt>
<trkpt lat="37.085838" lon="-121.899346"><ele>306.3</ele><time>2021-07-03T14:46:04Z</time></trkpt>
<trkpt lat="37.085866" lon="-121.899247"><ele>307.3</ele><time>2021-07-03T14:46:10Z</time></trkpt>
<trkpt lat="37.085896" lon="-121.899279"><ele>307.6</ele><time>2021-07-03T14:46:14Z</time></trkpt>
<trkpt lat="37.085835" lon="-121.899204"><ele>308.3</ele><time>2021-07-03T14:46:16Z</time></trkpt>
<trkpt lat="37.085864" lon="-121.898956"><ele>310.4</ele><time>2021-07-03T14:46:27Z</time></trkpt>
<trkpt lat="37.085888" lon="-121.898921"><ele>310.8</ele><time>2021-07-03T14:46:28Z</time></trkpt>
<trkpt lat="37.085948" lon="-121.898922"><ele>311.3</ele><time>2021-07-03T14:46:30Z</time></trkpt>
<trkpt lat="37.085952" lon="-121.898835"><ele>312.0</ele><time>2021-07-03T14:46:31Z</time></trkpt>
<trkpt lat="37.086025" lon="-121.898898"><ele>312.8</ele><time>2021-07-03T14:46:33Z</time></trkpt>
<trkpt lat="37.086068" lon="-121.898840"><ele>313.4</ele><time>2021-07-03T14:46:34Z</time></trkpt>
<trkpt lat="37.086140" lon="-121.898835"><ele>314.1</ele><time>2021-07-03T14:46:37Z</time></trkpt>
<trkpt lat="37.086130" lon="-121.898903"><ele>314.6</ele><time>2021-07-03T14:46:39Z</time></trkpt>
<trkpt lat="37.086194" lon="-121.898895"><ele>315.3</ele><time>2021-07-03T14:46:43Z</time></trkpt>
<trkpt lat="37.086246" lon="-121.898827"><ele>316.0</ele><time>2021-07-03T14:46:49Z</time></trkpt>
<trkpt lat="37.086196" lon="-121.898817"><ele>316.4</ele><time>2021-07-03T14:46:51Z</time></trkpt>
<trkpt lat="37.086236" lon="-121.898812"><ele>316.7</ele><time>2021-07-03T14:46:53Z</time></trkpt>
<trkpt lat="37.086340" lon="-121.898695"><ele>317.7</ele><time>2021-07-03T14:47:03Z</time></trkpt>
<trkpt lat="37.086438" lon="-121.898666"><ele>318.4</ele><time>2021-07-03T14:47:08Z</time></trkpt>
<trkpt lat="37.086407" lon="-121.898614"><ele>318.8</ele><time>2021-07-03T14:47:11Z</time></trkpt>
<trkpt lat="37.086494" lon="-121.898519"><ele>319.7</ele><time>2021-07-03T14:47:15Z</time></trkpt>
<trkpt lat="37.086610" lon="-121.898542"><ele>320.6</ele><time>2021-07-03T14:47:20Z</time></trkpt>
<trkpt lat="37.086637" lon="-121.898455"><ele>321.2</ele><time>2021-07-03T14:47:27Z</time></trkpt>
<trkpt lat="37.086696" lon="-121.898487"><ele>321.6</ele><time>2021-07-03T14:47:31Z</time></trkpt>
<trkpt lat="37.086711" lon="-121.898444"><ele>321.8</ele><time>2021-07-03T14:47:36Z</time></trkpt>
<trkpt lat="37.086672" lon="-121.898398"><ele>322.2</ele><time>2021-07-03T14:47:38Z</time></trkpt>
<trkpt lat="37.086741" lon="-121.898290"><ele>322.8</ele><time>2021-07-03T14:47:45Z</time></trkpt>
<trkpt lat="37.086727" lon="-121.898221"><ele>323.2</ele><time>2021-07-03T14:47:48Z</time></trkpt>
<trkpt lat="37.086791" lon="-121.897993"><ele>324.1</ele><time>2021-07-03T14:47:58Z</time></trkpt>
<trkpt lat="37.086781" lon="-121.897913"><ele>324.4</ele><time>2021-07-03T14:48:02Z</time></trkpt>
<trkpt lat="37.086819" lon="-121.897829"><ele>324.7</ele><time>2021-07-03T14:48:07Z</time></trkpt>
<trkpt lat="37.086801" lon="-121.897795"><ele>324.8</ele><time>2021-07-03T14:48:08Z</time></trkpt>
<trkpt lat="37.086858" lon="-121.897760"><ele>325.1</ele><time>2021-07-03T14:48:11Z</time></trkpt>
<trkpt lat="37.086865" lon="-121.897802"><ele>325.2</ele><time>2021-07-03T14:48:13Z</time></trkpt>
<trkpt lat="37.086914" lon="-121.897737"><ele>325.5</ele><time>2021-07-03T14:48:16Z</time></trkpt>
<trkpt lat="37.086904" lon="-121.897613"><ele>326.1</ele><time>2021-07-03T14:48:21Z</time></trkpt>
<trkpt lat="37.086939" lon="-121.897385"><ele>327.0</ele><time>2021-07-03T14:48:27Z</time></trkpt>
<trkpt lat="37.087037" lon="-121.897341"><ele>328.2</ele><time>2021-07-03T14:48:30Z</time></trkpt>
<trkpt lat="37.087073" lon="-121.897249"><ele>329.0</ele><time>2021-07-03T14:48:36Z</time></trkpt>
<trkpt lat="37.087060" lon="-121.897210"><ele>329.4</ele><time>2021-07-03T14:48:39Z</time></trkpt>
<trkpt lat="37.087066" lon="-121.897242"><ele>329.6</ele><time>2021-07-03T14:48:42Z</time></trkpt>
<trkpt lat="37.087256" lon="-121.897340"><ele>331.2</ele><time>2021-07-03T14:48:51Z</time></trkpt>
<trkpt lat="37.087306" lon="-121.897243"><ele>331.8</ele><time>2021-07-03T14:48:54Z</time></trkpt>
<trkpt lat="37.087280" lon="-121.897184"><ele>332.2</ele><time>2021-07-03T14:48:58Z</time></trkpt>
<trkpt lat="37.087386" lon="-121.897068"><ele>333.1</ele><time>2021-07-03T14:49:04Z</time></trkpt>
<trkpt lat="37.087387" lon="-121.896941"><ele>333.8</ele><time>2021-07-03T14:49:08Z</time></trkpt>
<trkpt lat="37.087602" lon="-121.896755"><ele>335.1</ele><time>2021-07-03T14:49:20Z</time></trkpt>
<trkpt lat="37.087643" lon="-121.896796"><ele>335.7</ele><time>2021-07-03T14:49:24Z</time></trkpt>
<trkpt lat="37.087670" lon="-121.896743"><ele>336.0</ele><time>2021-07-03T14:49:26Z</time></trkpt>
<trkpt lat="37.087717" lon="-121.896745"><ele>336.3</ele><time>2021-07-03T14:49:27Z</time></trkpt>
<trkpt lat="37.087786" lon="-121.896688"><ele>336.8</ele><time>2021-07-03T14:49:32Z</time></trkpt>
<trkpt lat="37.087804" lon="-121.896721"><ele>337.0</ele><time>2021-07-03T14:49:33Z</time></trkpt>
<trkpt lat="37.087838" lon="-121.896700"><ele>337.3</ele><time>2021-07-03T14:49:35Z</time></trkpt>
<trkpt lat="37.088028" lon="-121.896742"><ele>338.8</ele><time>2021-07-03T14:49:48Z</time></trkpt>
<trkpt lat="37.088127" lon="-121.896701"><ele>339.7</ele><time>2021-07-03T14:49:55Z</time></trkpt>
<trkpt lat="37.088175" lon="-121.896630"><ele>340.1</ele><time>2021-07-03T14:49:59Z</time></trkpt>
<trkpt lat="37.088194" lon="-121.896647"><ele>340.3</ele><time>2021-07-03T14:50:00Z</time></trkpt>
<trkpt lat="37.088240" lon="-121.896564"><ele>340.8</ele><time>2021-07-03T14:50:03Z</time></trkpt>
<trkpt lat="37.088304" lon="-121.896562"><ele>341.1</ele><time>2021-07-03T14:50:04Z</time></trkpt>
<trkpt lat="37.088295" lon="-121.896498"><ele>341.5</ele><time>2021-07-03T14:50:07Z</time></trkpt>
<trkpt lat="37.088358" lon="-121.896464"><ele>341.9</ele><time>2021-07-03T14:50:12Z</time></trkpt>
<trkpt lat="37.088362" lon="-121.896378"><ele>342.3</ele><time>2021-07-03T14:50:15Z</time></trkpt>
<trkpt lat="37.088296" lon="-121.896283"><ele>342.8</ele><time>2021-07-03T14:50:20Z</time></trkpt>
<trkpt lat="37.088281" lon="-121.896299"><ele>342.9</ele><time>2021-07-03T14:50:22Z</time></trkpt>
<trkpt lat="37.088312" lon="-121.896250"><ele>343.3</ele><time>2021-07-03T14:50:24Z</time></trkpt>
<trkpt lat="37.088293" lon="-121.896211"><ele>343.6</ele><time>2021-07-03T14:50:25Z</time></trkpt>
<trkpt lat="37.088349" lon="-121.896187"><ele>344.0</ele><time>2021-07-03T14:50:28Z</time></trkpt>
<trkpt lat="37.088379" lon="-121.896101"><ele>344.5</ele><time>2021-07-03T14:50:32Z</time></trkpt>
<trkpt lat="37.088467" lon="-121.896030"><ele>345.4</ele><time>2021-07-03T14:50:39Z</time></trkpt>
<trkpt lat="37.088422" lon="-121.896034"><ele>345.8</ele><time>2021-07-03T14:50:41Z</time></trkpt>
<trkpt lat="37.088413" lon="-121.896066"><ele>346.1</ele><time>2021-07-03T14:50:42Z</time></trkpt>
<trkpt lat="37.088436" lon="-121.895920"><ele>347.2</ele><time>2021-07-03T14:50:48Z</time></trkpt>
<trkpt lat="37.088324" lon="-121.895858"><ele>348.6</ele><time>2021-07-03T14:50:54Z</time></trkpt>
<trkpt lat="37.088265" lon="-121.895782"><ele>349.4</ele><time>2021-07-03T14:50:56Z</time></trkpt>
<trkpt lat="37.088281" lon="-121.895700"><ele>350.1</ele><time>2021-07-03T14:50:57Z</time></trkpt>
<trkpt lat="37.088208" lon="-121.895667"><ele>350.8</ele><time>2021-07-03T14:51:00Z</time></trkpt>
<trkpt lat="37.088222" lon="-121.895634"><ele>351.1</ele><time>2021-07-03T14:51:02Z</time></trkpt>
<trkpt lat="37.088194" lon="-121.895651"><ele>351.3</ele><time>2021-07-03T14:51:03Z</time></trkpt>
<trkpt lat="37.088241" lon="-121.895613"><ele>351.8</ele><time>2021-07-03T14:51:06Z</time></trkpt>
<trkpt lat="37.088133" lon="-121.895668"><ele>352.6</ele><time>2021-07-03T14:51:11Z</time></trkpt>
<trkpt lat="37.088163" lon="-121.895597"><ele>353.0</ele><time>2021-07-03T14:51:13Z</time></trkpt>
<trkpt lat="37.088274" lon="-121.895530"><ele>353.7</ele><time>2021-07-03T14:51:17Z</time></trkpt>
<trkpt lat="37.088201" lon="-121.895445"><ele>354.4</ele><time>2021-07-03T14:51:21Z</time></trkpt>
<trkpt lat="37.088159" lon="-121.895476"><ele>354.7</ele><time>2021-07-03T14:51:23Z</time></trkpt>
<trkpt lat="37.088193" lon="-121.895429"><ele>355.2</ele><time>2021-07-03T14:51:28Z</time></trkpt>
<trkpt lat="37.088331" lon="-121.895411"><ele>356.0</ele><time>2021-07-03T14:52:24Z</time></trkpt>
<trkpt lat="37.088309" lon="-121.895325"><ele>356.5</ele><time>2021-07-03T14:52:28Z</time></trkpt>
<trkpt lat="37.088269" lon="-121.895383"><ele>356.9</ele><time>2021-07-03T14:52:33Z</time></trkpt>
<trkpt lat="37.088060" lon="-121.895435"><ele>358.6</ele><time>2021-07-03T14:53:06Z</time></trkpt>
<trkpt lat="37.087997" lon="-121.895365"><ele>359.3</ele><time>2021-07-03T14:53:10Z</time></trkpt>
<trkpt lat="37.088041" lon="-121.895265"><ele>360.0</ele><time>2021-07-03T14:53:16Z</time></trkpt>
<trkpt lat="37.087964" lon="-121.895091"><ele>361.2</ele><time>2021-07-03T14:53:24Z</time></trkpt>
<trkpt lat="37.087890" lon="-121.895052"><ele>361.7</ele><time>2021-07-03T14:53:27Z</time></trkpt>
<trkpt lat="37.087808" lon="-121.895085"><ele>362.2</ele><time>2021-07-03T14:53:32Z</time></trkpt>
<trkpt lat="37.087717" lon="-121.895040"><ele>362.7</ele><time>2021-07-03T14:53:36Z</time></trkpt>
<trkpt lat="37.087892" lon="-121.894732"><ele>364.5</ele><time>2021-07-03T14:53:39Z</time></trkpt>
<trkpt lat="37.087885" lon="-121.894775"><ele>364.7</ele><time>2021-07-03T14:53:41Z</time></trkpt>
<trkpt lat="37.087684" lon="-121.894753"><ele>365.8</ele><time>2021-07-03T14:53:46Z</time></trkpt>
<trkpt lat="37.087616" lon="-121.894795"><ele>366.3</ele><time>2021-07-03T14:53:54Z</time></trkpt>
<trkpt lat="37.087626" lon="-121.894751"><ele>366.5</ele><time>2021-07-03T14:53:55Z</time></trkpt>
<trkpt lat="37.087592" lon="-121.894684"><ele>366.9</ele><time>2021-07-03T14:53:57Z</time></trkpt>
<trkpt lat="37.087652" lon="-121.894489"><ele>368.1</ele><time>2021-07-03T14:53:59Z</time></trkpt>
<trkpt lat="37.087595" lon="-121.894459"><ele>368.5</ele><time>2021-07-03T14:54:00Z</time></trkpt>
<trkpt lat="37.087606" lon="-121.894425"><ele>368.8</ele><time>2021-07-03T14:54:01Z</time></trkpt>
<trkpt lat="37.087859" lon="-121.894122"><ele>370.9</ele><time>2021-07-03T14:54:11Z</time></trkpt>
<trkpt lat="37.087884" lon="-121.894023"><ele>371.0</ele><time>2021-07-03T14:54:16Z</time></trkpt>
<trkpt lat="37.087864" lon="-121.893929"><ele>371.0</ele><time>2021-07-03T14:54:17Z</time></trkpt>
<trkpt lat="37.087944" lon="-121.893893"><ele>370.9</ele><time>2021-07-03T14:54:21Z</time></trkpt>
<trkpt lat="37.087960" lon="-121.893979"><ele>370.8</ele><time>2021-07-03T14:54:27Z</time></trkpt>
<trkpt lat="37.088008" lon="-121.893885"><ele>370.5</ele><time>2021-07-03T14:54:34Z</time></trkpt>
<trkpt lat="37.087994" lon="-121.893792"><ele>370.3</ele><time>2021-07-03T14:54:38Z</time></trkpt>
<trkpt lat="37.087945" lon="-121.893794"><ele>370.1</ele><time>2021-07-03T14:54:39Z</time></trkpt>
<trkpt lat="37.087914" lon="-121.893662"><ele>369.8</ele><time>2021-07-03T14:54:45Z</time></trkpt>
<trkpt lat="37.087875" lon="-121.893651"><ele>369.7</ele><time>2021-07-03T14:54:50Z</time></trkpt>
<trkpt lat="37.087828" lon="-121.893557"><ele>369.5</ele><time>2021-07-03T14:54:55Z</time></trkpt>
<trkpt lat="37.087879" lon="-121.893336"><ele>369.3</ele><time>2021-07-03T14:55:01Z</time></trkpt>
<trkpt lat="37.087925" lon="-121.893339"><ele>369.4</ele><time>2021-07-03T14:55:02Z</time></trkpt>
<trkpt lat="37.087921" lon="-121.893303"><ele>369.4</ele><time>2021-07-03T14:55:03Z</time></trkpt>
<trkpt lat="37.087869" lon="-121.893265"><ele>369.5</ele><time>2021-07-03T14:55:05Z</time></trkpt>
<trkpt lat="37.087875" lon="-121.893201"><ele>369.6</ele><time>2021-07-03T14:55:10Z</time></trkpt>
<trkpt lat="37.087836" lon="-121.893104"><ele>369.8</ele><time>2021-07-03T14:55:14Z</time></trkpt>
<trkpt lat="37.087687" lon="-121.893076"><ele>370.1</ele><time>2021-07-03T14:55:18Z</time></trkpt>
<trkpt lat="37.087611" lon="-121.893009"><ele>370.4</ele><time>2021-07-03T14:55:22Z</time></trkpt>
<trkpt lat="37.087610" lon="-121.892904"><ele>370.6</ele><time>2021-07-03T14:55:24Z</time></trkpt>
<trkpt lat="37.087549" lon="-121.892752"><ele>371.0</ele><time>2021-07-03T14:55:28Z</time></trkpt>
<trkpt lat="37.087561" lon="-121.892705"><ele>371.1</ele><time>2021-07-03T14:55:30Z</time></trkpt>
<trkpt lat="37.087712" lon="-121.892527"><ele>372.0</ele><time>2021-07-03T14:55:33Z</time></trkpt>
<trkpt lat="37.087804" lon="-121.892488"><ele>372.5</ele><time>2021-07-03T14:55:34Z</time></trkpt>
<trkpt lat="37.087904" lon="-121.892336"><ele>373.4</ele><time>2021-07-03T14:55:38Z</time></trkpt>
<trkpt lat="37.088041" lon="-121.892277"><ele>374.4</ele><time>2021-07-03T14:55:42Z</time></trkpt>
<trkpt lat="37.088156" lon="-121.892292"><ele>375.2</ele><time>2021-07-03T14:55:45Z</time></trkpt>
<trkpt lat="37.088234" lon="-121.892247"><ele>375.8</ele><time>2021-07-03T14:55:47Z</time></trkpt>
<trkpt lat="37.088550" lon="-121.892437"><ele>378.6</ele><time>2021-07-03T14:56:03Z</time></trkpt>
<trkpt lat="37.088651" lon="-121.892606"><ele>380.0</ele><time>2021-07-03T14:56:11Z</time></trkpt>
<trkpt lat="37.088904" lon="-121.892800"><ele>382.6</ele><time>2021-07-03T14:56:28Z</time></trkpt>
<trkpt lat="37.089033" lon="-121.892824"><ele>383.9</ele><time>2021-07-03T14:56:37Z</time></trkpt>
<trkpt lat="37.089233" lon="-121.892793"><ele>385.6</ele><time>2021-07-03T14:56:50Z</time></trkpt>
<trkpt lat="37.089372" lon="-121.892857"><ele>386.8</ele><time>2021-07-03T14:57:00Z</time></trkpt>
<trkpt lat="37.089501" lon="-121.892855"><ele>388.1</ele><time>2021-07-03T14:57:12Z</time></trkpt>
<trkpt lat="37.089603" lon="-121.892812"><ele>389.0</ele><time>2021-07-03T14:57:18Z</time></trkpt>
<trkpt lat="37.089660" lon="-121.892762"><ele>389.7</ele><time>2021-07-03T14:57:23Z</time></trkpt>
<trkpt lat="37.089677" lon="-121.892634"><ele>390.7</ele><time>2021-07-03T14:57:32Z</time></trkpt>
<trkpt lat="37.089711" lon="-121.892616"><ele>391.1</ele><time>2021-07-03T14:57:43Z</time></trkpt>
<trkpt lat="37.089638" lon="-121.892626"><ele>391.7</ele><time>2021-07-03T14:58:16Z</time></trkpt>
<trkpt lat="37.089687" lon="-121.892647"><ele>392.4</ele><time>2021-07-03T14:58:19Z</time></trkpt>
<trkpt lat="37.089699" lon="-121.892612"><ele>392.7</ele><time>2021-07-03T14:58:22Z</time></trkpt>
<trkpt lat="37.089695" lon="-121.892227"><ele>396.0</ele><time>2021-07-03T14:58:49Z</time></trkpt>
<trkpt lat="37.089802" lon="-121.891999"><ele>397.7</ele><time>2021-07-03T14:58:57Z</time></trkpt>
<trkpt lat="37.089911" lon="-121.891904"><ele>398.8</ele><time>2021-07-03T14:59:06Z</time></trkpt>
<trkpt lat="37.090028" lon="-121.891670"><ele>400.6</ele><time>2021-07-03T14:59:20Z</time></trkpt>
<trkpt lat="37.090056" lon="-121.891636"><ele>400.9</ele><time>2021-07-03T14:59:23Z</time></trkpt>
<trkpt lat="37.090220" lon="-121.891607"><ele>402.2</ele><time>2021-07-03T14:59:33Z</time></trkpt>
<trkpt lat="37.090324" lon="-121.891626"><ele>402.9</ele><time>2021-07-03T14:59:41Z</time></trkpt>
<trkpt lat="37.090429" lon="-121.891582"><ele>403.9</ele><time>2021-07-03T14:59:50Z</time></trkpt>
<trkpt lat="37.090708" lon="-121.891324"><ele>406.7</ele><time>2021-07-03T15:00:09Z</time></trkpt>
<trkpt lat="37.090732" lon="-121.890933"><ele>409.4</ele><time>2021-07-03T15:00:30Z</time></trkpt>
<trkpt lat="37.090632" lon="-121.890837"><ele>410.2</ele><time>2021-07-03T15:01:23Z</time></trkpt>
<trkpt lat="37.090670" lon="-121.890798"><ele>410.8</ele><time>2021-07-03T15:01:29Z</time></trkpt>
<trkpt lat="37.090659" lon="-121.890665"><ele>411.4</ele><time>2021-07-03T15:01:33Z</time></trkpt>
<trkpt lat="37.090684" lon="-121.890571"><ele>412.0</ele><time>2021-07-03T15:01:39Z</time></trkpt>
<trkpt lat="37.090644" lon="-121.890440"><ele>412.7</ele><time>2021-07-03T15:01:45Z</time></trkpt>
<trkpt lat="37.090657" lon="-121.890277"><ele>413.6</ele><time>2021-07-03T15:01:54Z</time></trkpt>
<trkpt lat="37.090588" lon="-121.890157"><ele>414.1</ele><time>2021-07-03T15:02:00Z</time></trkpt>
<trkpt lat="37.090596" lon="-121.890016"><ele>414.4</ele><time>2021-07-03T15:02:04Z</time></trkpt>
<trkpt lat="37.090543" lon="-121.889975"><ele>414.4</ele><time>2021-07-03T15:02:06Z</time></trkpt>
<trkpt lat="37.090529" lon="-121.889870"><ele>414.5</ele><time>2021-07-03T15:02:09Z</time></trkpt>
<trkpt lat="37.090451" lon="-121.889824"><ele>414.5</ele><time>2021-07-03T15:02:11Z</time></trkpt>
<trkpt lat="37.090329" lon="-121.889817"><ele>414.4</ele><time>2021-07-03T15:02:13Z</time></trkpt>
<trkpt lat="37.090317" lon="-121.889728"><ele>414.4</ele><time>2021-07-03T15:02:15Z</time></trkpt>
<trkpt lat="37.090278" lon="-121.889692"><ele>414.3</ele><time>2021-07-03T15:02:17Z</time></trkpt>
<trkpt lat="37.090286" lon="-121.889639"><ele>414.2</ele><time>2021-07-03T15:02:18Z</time></trkpt>
<trkpt lat="37.090212" lon="-121.889568"><ele>413.9</ele><time>2021-07-03T15:02:21Z</time></trkpt>
<trkpt lat="37.090200" lon="-121.889500"><ele>413.8</ele><time>2021-07-03T15:02:22Z</time></trkpt>
<trkpt lat="37.090081" lon="-121.889531"><ele>413.4</ele><time>2021-07-03T15:02:24Z</time></trkpt>
<trkpt lat="37.090073" lon="-121.889443"><ele>413.2</ele><time>2021-07-03T15:02:26Z</time></trkpt>
<trkpt lat="37.090147" lon="-121.889231"><ele>412.8</ele><time>2021-07-03T15:02:30Z</time></trkpt>
<trkpt lat="37.090162" lon="-121.889078"><ele>412.5</ele><time>2021-07-03T15:02:32Z</time></trkpt>
<trkpt lat="37.089947" lon="-121.888941"><ele>412.6</ele><time>2021-07-03T15:02:38Z</time></trkpt>
<trkpt lat="37.089710" lon="-121.888979"><ele>413.6</ele><time>2021-07-03T15:02:47Z</time></trkpt>
<trkpt lat="37.089679" lon="-121.889026"><ele>414.0</ele><time>2021-07-03T15:02:48Z</time></trkpt>
<trkpt lat="37.089610" lon="-121.888994"><ele>414.5</ele><time>2021-07-03T15:02:50Z</time></trkpt>
<trkpt lat="37.089463" lon="-121.889007"><ele>416.0</ele><time>2021-07-03T15:02:53Z</time></trkpt>
<trkpt lat="37.089433" lon="-121.888977"><ele>416.2</ele><time>2021-07-03T15:02:55Z</time></trkpt>
<trkpt lat="37.089413" lon="-121.889030"><ele>416.4</ele><time>2021-07-03T15:02:56Z</time></trkpt>
<trkpt lat="37.089341" lon="-121.889002"><ele>416.7</ele><time>2021-07-03T15:02:59Z</time></trkpt>
<trkpt lat="37.089317" lon="-121.889033"><ele>416.9</ele><time>2021-07-03T15:03:00Z</time></trkpt>
<trkpt lat="37.089095" lon="-121.889059"><ele>417.7</ele><time>2021-07-03T15:03:08Z</time></trkpt>
<trkpt lat="37.089085" lon="-121.889027"><ele>417.8</ele><time>2021-07-03T15:03:09Z</time></trkpt>
<trkpt lat="37.088982" lon="-121.889081"><ele>418.3</ele><time>2021-07-03T15:03:13Z</time></trkpt>
<trkpt lat="37.088806" lon="-121.889083"><ele>418.9</ele><time>2021-07-03T15:03:22Z</time></trkpt>
<trkpt lat="37.088841" lon="-121.889055"><ele>419.1</ele><time>2021-07-03T15:03:27Z</time></trkpt>
<trkpt lat="37.088806" lon="-121.889033"><ele>419.2</ele><time>2021-07-03T15:03:29Z</time></trkpt>
<trkpt lat="37.088772" lon="-121.889061"><ele>419.4</ele><time>2021-07-03T15:03:31Z</time></trkpt>
<trkpt lat="37.088752" lon="-121.889010"><ele>419.6</ele><time>2021-07-03T15:03:35Z</time></trkpt>
<trkpt lat="37.088736" lon="-121.889024"><ele>419.7</ele><time>2021-07-03T15:03:37Z</time></trkpt>
<trkpt lat="37.088751" lon="-121.889009"><ele>419.8</ele><time>2021-07-03T15:03:42Z</time></trkpt>
<trkpt lat="37.088663" lon="-121.889017"><ele>420.2</ele><time>2021-07-03T15:04:45Z</time></trkpt>
<trkpt lat="37.088784" lon="-121.888965"><ele>420.7</ele><time>2021-07-03T15:05:33Z</time></trkpt>
<trkpt lat="37.088783" lon="-121.888995"><ele>420.8</ele><time>2021-07-03T15:05:34Z</time></trkpt>
<trkpt lat="37.088827" lon="-121.888984"><ele>421.0</ele><time>2021-07-03T15:05:37Z</time></trkpt>
<trkpt lat="37.088732" lon="-121.888945"><ele>421.3</ele><time>2021-07-03T15:05:42Z</time></trkpt>
<trkpt lat="37.088735" lon="-121.888915"><ele>421.4</ele><time>2021-07-03T15:05:44Z</time></trkpt>
<trkpt lat="37.088809" lon="-121.888988"><ele>421.7</ele><time>2021-07-03T15:05:52Z</time></trkpt>
<trkpt lat="37.088754" lon="-121.889092"><ele>421.9</ele><time>2021-07-03T15:05:56Z</time></trkpt>
<trkpt lat="37.088775" lon="-121.889120"><ele>422.0</ele><time>2021-07-03T15:05:57Z</time></trkpt>
<trkpt lat="37.088645" lon="-121.889146"><ele>422.4</ele><time>2021-07-03T15:06:04Z</time></trkpt>
<trkpt lat="37.088563" lon="-121.889242"><ele>422.7</ele><time>2021-07-03T15:06:12Z</time></trkpt>
<trkpt lat="37.088589" lon="-121.889216"><ele>422.8</ele><time>2021-07-03T15:06:13Z</time></trkpt>
<trkpt lat="37.088556" lon="-121.889170"><ele>422.9</ele><time>2021-07-03T15:06:15Z</time></trkpt>
<trkpt lat="37.088562" lon="-121.889109"><ele>423.0</ele><time>2021-07-03T15:06:16Z</time></trkpt>
<trkpt lat="37.088447" lon="-121.888967"><ele>423.4</ele><time>2021-07-03T15:06:22Z</time></trkpt>
<trkpt lat="37.088473" lon="-121.888944"><ele>423.5</ele><time>2021-07-03T15:06:23Z</time></trkpt>
<trkpt lat="37.088385" lon="-121.888926"><ele>423.6</ele><time>2021-07-03T15:06:25Z</time></trkpt>
<trkpt lat="37.088373" lon="-121.888894"><ele>423.7</ele><time>2021-07-03T15:06:26Z</time></trkpt>
<trkpt lat="37.088264" lon="-121.888935"><ele>424.0</ele><time>2021-07-03T15:06:28Z</time></trkpt>
<trkpt lat="37.088292" lon="-121.888896"><ele>424.1</ele><time>2021-07-03T15:06:29Z</time></trkpt>
<trkpt lat="37.088133" lon="-121.888785"><ele>424.7</ele><time>2021-07-03T15:06:38Z</time></trkpt>
<trkpt lat="37.088149" lon="-121.888808"><ele>424.8</ele><time>2021-07-03T15:06:39Z</time></trkpt>
<trkpt lat="37.088126" lon="-121.888665"><ele>425.2</ele><time>2021-07-03T15:06:45Z</time></trkpt>
<trkpt lat="37.087909" lon="-121.888719"><ele>426.0</ele><time>2021-07-03T15:06:51Z</time></trkpt>
<trkpt lat="37.087900" lon="-121.888641"><ele>426.2</ele><time>2021-07-03T15:06:53Z</time></trkpt>
<trkpt lat="37.087860" lon="-121.888662"><ele>426.4</ele><time>2021-07-03T15:06:55Z</time></trkpt>
<trkpt lat="37.087776" lon="-121.888625"><ele>427.0</ele><time>2021-07-03T15:07:03Z</time></trkpt>
<trkpt lat="37.087736" lon="-121.888664"><ele>427.2</ele><time>2021-07-03T15:07:04Z</time></trkpt>
<trkpt lat="37.087784" lon="-121.888558"><ele>427.5</ele><time>2021-07-03T15:07:05Z</time></trkpt>
<trkpt lat="37.087644" lon="-121.888581"><ele>428.1</ele><time>2021-07-03T15:07:08Z</time></trkpt>
<trkpt lat="37.087629" lon="-121.888634"><ele>428.2</ele><time>2021-07-03T15:07:11Z</time></trkpt>
<trkpt lat="37.087595" lon="-121.888622"><ele>428.5</ele><time>2021-07-03T15:07:15Z</time></trkpt>
<trkpt lat="37.087622" lon="-121.888724"><ele>428.8</ele><time>2021-07-03T15:07:17Z</time></trkpt>
<trkpt lat="37.087542" lon="-121.888697"><ele>429.5</ele><time>2021-07-03T15:07:23Z</time></trkpt>
<trkpt lat="37.087515" lon="-121.888734"><ele>429.6</ele><time>2021-07-03T15:07:25Z</time></trkpt>
<trkpt lat="37.087136" lon="-121.888567"><ele>431.7</ele><time>2021-07-03T15:07:37Z</time></trkpt>
<trkpt lat="37.087116" lon="-121.888639"><ele>432.2</ele><time>2021-07-03T15:07:47Z</time></trkpt>
<trkpt lat="37.087078" lon="-121.888658"><ele>432.4</ele><time>2021-07-03T15:07:48Z</time></trkpt>
<trkpt lat="37.086888" lon="-121.888716"><ele>433.8</ele><time>2021-07-03T15:08:01Z</time></trkpt>
<trkpt lat="37.086857" lon="-121.888656"><ele>434.2</ele><time>2021-07-03T15:08:03Z</time></trkpt>
<trkpt lat="37.086794" lon="-121.888684"><ele>434.6</ele><time>2021-07-03T15:08:04Z</time></trkpt>
<trkpt lat="37.086792" lon="-121.888764"><ele>434.9</ele><time>2021-07-03T15:08:06Z</time></trkpt>
<trkpt lat="37.086735" lon="-121.888816"><ele>435.3</ele><time>2021-07-03T15:08:09Z</time></trkpt>
<trkpt lat="37.086764" lon="-121.888761"><ele>435.6</ele><time>2021-07-03T15:08:11Z</time></trkpt>
<trkpt lat="37.086692" lon="-121.888739"><ele>436.1</ele><time>2021-07-03T15:08:17Z</time></trkpt>
<trkpt lat="37.086709" lon="-121.888801"><ele>436.4</ele><time>2021-07-03T15:08:18Z</time></trkpt>
<trkpt lat="37.086689" lon="-121.888704"><ele>436.8</ele><time>2021-07-03T15:08:19Z</time></trkpt>
<trkpt lat="37.086848" lon="-121.888742"><ele>437.6</ele><time>2021-07-03T15:08:20Z</time></trkpt>
<trkpt lat="37.086741" lon="-121.888598"><ele>438.4</ele><time>2021-07-03T15:08:21Z</time></trkpt>
<trkpt lat="37.086714" lon="-121.888606"><ele>438.6</ele><time>2021-07-03T15:08:23Z</time></trkpt>
<trkpt lat="37.086737" lon="-121.888627"><ele>438.7</ele><time>2021-07-03T15:08:24Z</time></trkpt>
<trkpt lat="37.086687" lon="-121.888602"><ele>439.0</ele><time>2021-07-03T15:08:26Z</time></trkpt>
<trkpt lat="37.086678" lon="-121.888568"><ele>439.1</ele><time>2021-07-03T15:08:27Z</time></trkpt>
<trkpt lat="37.086729" lon="-121.888577"><ele>439.5</ele><time>2021-07-03T15:08:30Z</time></trkpt>
<trkpt lat="37.086715" lon="-121.888531"><ele>439.7</ele><time>2021-07-03T15:08:31Z</time></trkpt>
<trkpt lat="37.086734" lon="-121.888534"><ele>439.8</ele><time>2021-07-03T15:08:32Z</time></trkpt>
<trkpt lat="37.086642" lon="-121.888771"><ele>441.1</ele><time>2021-07-03T15:08:56Z</time></trkpt>
<trkpt lat="37.086685" lon="-121.888681"><ele>441.7</ele><time>2021-07-03T15:08:59Z</time></trkpt>
<trkpt lat="37.086639" lon="-121.888722"><ele>442.2</ele><time>2021-07-03T15:09:01Z</time></trkpt>
<trkpt lat="37.086608" lon="-121.888695"><ele>442.4</ele><time>2021-07-03T15:09:02Z</time></trkpt>
<trkpt lat="37.086627" lon="-121.888697"><ele>442.6</ele><time>2021-07-03T15:09:03Z</time></trkpt>
<trkpt lat="37.086521" lon="-121.888793"><ele>443.6</ele><time>2021-07-03T15:09:09Z</time></trkpt>
<trkpt lat="37.086460" lon="-121.888771"><ele>444.0</ele><time>2021-07-03T15:09:15Z</time></trkpt>
<trkpt lat="37.086239" lon="-121.888828"><ele>445.4</ele><time>2021-07-03T15:09:21Z</time></trkpt>
<trkpt lat="37.086122" lon="-121.888806"><ele>446.1</ele><time>2021-07-03T15:09:28Z</time></trkpt>
<trkpt lat="37.086072" lon="-121.888763"><ele>446.4</ele><time>2021-07-03T15:09:33Z</time></trkpt>
<trkpt lat="37.086082" lon="-121.888675"><ele>446.8</ele><time>2021-07-03T15:09:36Z</time></trkpt>
<trkpt lat="37.086031" lon="-121.888509"><ele>447.7</ele><time>2021-07-03T15:09:44Z</time></trkpt>
<trkpt lat="37.086016" lon="-121.888541"><ele>447.9</ele><time>2021-07-03T15:09:46Z</time></trkpt>
<trkpt lat="37.085974" lon="-121.888503"><ele>448.3</ele><time>2021-07-03T15:09:47Z</time></trkpt>
<trkpt lat="37.085959" lon="-121.888309"><ele>449.3</ele><time>2021-07-03T15:09:56Z</time></trkpt>
<trkpt lat="37.085895" lon="-121.888306"><ele>449.7</ele><time>2021-07-03T15:09:59Z</time></trkpt>
<trkpt lat="37.085873" lon="-121.888263"><ele>450.0</ele><time>2021-07-03T15:10:01Z</time></trkpt>
<trkpt lat="37.085894" lon="-121.888204"><ele>450.3</ele><time>2021-07-03T15:10:02Z</time></trkpt>
<trkpt lat="37.085858" lon="-121.888057"><ele>451.1</ele><time>2021-07-03T15:10:07Z</time></trkpt>
<trkpt lat="37.085760" lon="-121.887980"><ele>452.0</ele><time>2021-07-03T15:10:14Z</time></trkpt>
<trkpt lat="37.085733" lon="-121.888004"><ele>452.2</ele><time>2021-07-03T15:10:16Z</time></trkpt>
<trkpt lat="37.085725" lon="-121.887969"><ele>452.5</ele><time>2021-07-03T15:10:19Z</time></trkpt>
<trkpt lat="37.085790" lon="-121.887873"><ele>453.3</ele><time>2021-07-03T15:10:24Z</time></trkpt>
<trkpt lat="37.085756" lon="-121.887778"><ele>453.9</ele><time>2021-07-03T15:10:26Z</time></trkpt>
<trkpt lat="37.085811" lon="-121.887745"><ele>454.4</ele><time>2021-07-03T15:10:28Z</time></trkpt>
<trkpt lat="37.085864" lon="-121.887529"><ele>456.3</ele><time>2021-07-03T15:10:41Z</time></trkpt>
<trkpt lat="37.085782" lon="-121.887521"><ele>456.9</ele><time>2021-07-03T15:10:43Z</time></trkpt>
<trkpt lat="37.085719" lon="-121.887549"><ele>457.5</ele><time>2021-07-03T15:10:49Z</time></trkpt>
<trkpt lat="37.085752" lon="-121.887559"><ele>457.8</ele><time>2021-07-03T15:10:50Z</time></trkpt>
<trkpt lat="37.085686" lon="-121.887554"><ele>458.4</ele><time>2021-07-03T15:10:52Z</time></trkpt>
<trkpt lat="37.085712" lon="-121.887592"><ele>458.8</ele><time>2021-07-03T15:10:53Z</time></trkpt>
<trkpt lat="37.085646" lon="-121.887548"><ele>459.5</ele><time>2021-07-03T15:10:55Z</time></trkpt>
<trkpt lat="37.085707" lon="-121.887590"><ele>460.2</ele><time>2021-07-03T15:11:00Z</time></trkpt>
<trkpt lat="37.085456" lon="-121.887795"><ele>463.3</ele><time>2021-07-03T15:11:51Z</time></trkpt>
<trkpt lat="37.085476" lon="-121.887872"><ele>464.2</ele><time>2021-07-03T15:12:04Z</time></trkpt>
<trkpt lat="37.085547" lon="-121.887880"><ele>465.0</ele><time>2021-07-03T15:12:07Z</time></trkpt>
<trkpt lat="37.085489" lon="-121.887882"><ele>465.6</ele><time>2021-07-03T15:12:09Z</time></trkpt>
<trkpt lat="37.085429" lon="-121.887954"><ele>466.5</ele><time>2021-07-03T15:12:15Z</time></trkpt>
<trkpt lat="37.085226" lon="-121.887922"><ele>468.6</ele><time>2021-07-03T15:12:23Z</time></trkpt>
<trkpt lat="37.085226" lon="-121.887949"><ele>468.8</ele><time>2021-07-03T15:12:25Z</time></trkpt>
<trkpt lat="37.085089" lon="-121.887952"><ele>469.9</ele><time>2021-07-03T15:12:32Z</time></trkpt>
<trkpt lat="37.085052" lon="-121.888024"><ele>470.4</ele><time>2021-07-03T15:12:35Z</time></trkpt>
<trkpt lat="37.085114" lon="-121.887915"><ele>471.1</ele><time>2021-07-03T15:12:40Z</time></trkpt>
<trkpt lat="37.085119" lon="-121.887802"><ele>471.5</ele><time>2021-07-03T15:12:42Z</time></trkpt>
<trkpt lat="37.085145" lon="-121.887777"><ele>471.7</ele><time>2021-07-03T15:12:43Z</time></trkpt>
<trkpt lat="37.085109" lon="-121.887732"><ele>471.9</ele><time>2021-07-03T15:12:46Z</time></trkpt>
<trkpt lat="37.085127" lon="-121.887845"><ele>472.3</ele><time>2021-07-03T15:12:49Z</time></trkpt>
<trkpt lat="37.085138" lon="-121.887826"><ele>472.4</ele><time>2021-07-03T15:12:50Z</time></trkpt>
<trkpt lat="37.085056" lon="-121.887836"><ele>472.8</ele><time>2021-07-03T15:13:01Z</time></trkpt>
<trkpt lat="37.085067" lon="-121.887805"><ele>473.1</ele><time>2021-07-03T15:13:05Z</time></trkpt>
<trkpt lat="37.085083" lon="-121.887867"><ele>473.4</ele><time>2021-07-03T15:13:07Z</time></trkpt>
<trkpt lat="37.085110" lon="-121.887860"><ele>473.6</ele><time>2021-07-03T15:13:08Z</time></trkpt>
<trkpt lat="37.085100" lon="-121.887899"><ele>473.8</ele><time>2021-07-03T15:13:10Z</time></trkpt>
<trkpt lat="37.085159" lon="-121.887861"><ele>474.3</ele><time>2021-07-03T15:13:13Z</time></trkpt>
<trkpt lat="37.085169" lon="-121.887804"><ele>474.6</ele><time>2021-07-03T15:13:14Z</time></trkpt>
<trkpt lat="37.085165" lon="-121.887860"><ele>474.9</ele><time>2021-07-03T15:13:16Z</time></trkpt>
<trkpt lat="37.085143" lon="-121.887822"><ele>475.2</ele><time>2021-07-03T15:13:18Z</time></trkpt>
<trkpt lat="37.085088" lon="-121.887866"><ele>475.6</ele><time>2021-07-03T15:13:20Z</time></trkpt>
<trkpt lat="37.085075" lon="-121.887827"><ele>476.0</ele><time>2021-07-03T15:13:24Z</time></trkpt>
<trkpt lat="37.085036" lon="-121.887835"><ele>476.2</ele><time>2021-07-03T15:13:25Z</time></trkpt>
<trkpt lat="37.085067" lon="-121.887852"><ele>476.5</ele><time>2021-07-03T15:13:26Z</time></trkpt>
<trkpt lat="37.085059" lon="-121.887888"><ele>476.7</ele><time>2021-07-03T15:13:27Z</time></trkpt>
<trkpt lat="37.084961" lon="-121.887953"><ele>477.5</ele><time>2021-07-03T15:13:31Z</time></trkpt>
<trkpt lat="37.084953" lon="-121.888102"><ele>478.3</ele><time>2021-07-03T15:13:38Z</time></trkpt>
<trkpt lat="37.084797" lon="-121.888220"><ele>479.3</ele><time>2021-07-03T15:13:44Z</time></trkpt>
<trkpt lat="37.084706" lon="-121.888239"><ele>479.8</ele><time>2021-07-03T15:13:46Z</time></trkpt>
<trkpt lat="37.084608" lon="-121.888299"><ele>480.6</ele><time>2021-07-03T15:13:54Z</time></trkpt>
<trkpt lat="37.084595" lon="-121.888358"><ele>480.9</ele><time>2021-07-03T15:13:57Z</time></trkpt>
<trkpt lat="37.084534" lon="-121.888348"><ele>481.4</ele><time>2021-07-03T15:14:02Z</time></trkpt>
<trkpt lat="37.084466" lon="-121.888417"><ele>482.6</ele><time>2021-07-03T15:14:15Z</time></trkpt>
<trkpt lat="37.084220" lon="-121.888397"><ele>484.7</ele><time>2021-07-03T15:14:32Z</time></trkpt>
<trkpt lat="37.084021" lon="-121.888554"><ele>486.8</ele><time>2021-07-03T15:14:48Z</time></trkpt>
<trkpt lat="37.083881" lon="-121.888571"><ele>488.0</ele><time>2021-07-03T15:14:57Z</time></trkpt>
<trkpt lat="37.083853" lon="-121.888621"><ele>488.4</ele><time>2021-07-03T15:15:01Z</time></trkpt>
<trkpt lat="37.083784" lon="-121.888634"><ele>489.0</ele><time>2021-07-03T15:15:05Z</time></trkpt>
<trkpt lat="37.083768" lon="-121.888661"><ele>489.3</ele><time>2021-07-03T15:15:11Z</time></trkpt>
<trkpt lat="37.083800" lon="-121.888671"><ele>489.5</ele><time>2021-07-03T15:15:14Z</time></trkpt>
<trkpt lat="37.083799" lon="-121.888734"><ele>490.2</ele><time>2021-07-03T15:15:19Z</time></trkpt>
<trkpt lat="37.083818" lon="-121.888683"><ele>490.4</ele><time>2021-07-03T15:15:20Z</time></trkpt>
<trkpt lat="37.083890" lon="-121.888921"><ele>491.7</ele><time>2021-07-03T15:15:32Z</time></trkpt>
<trkpt lat="37.083945" lon="-121.889011"><ele>492.2</ele><time>2021-07-03T15:15:35Z</time></trkpt>
<trkpt lat="37.083958" lon="-121.889244"><ele>493.4</ele><time>2021-07-03T15:15:43Z</time></trkpt>
<trkpt lat="37.083898" lon="-121.889423"><ele>494.5</ele><time>2021-07-03T15:15:52Z</time></trkpt>
<trkpt lat="37.083743" lon="-121.889535"><ele>496.0</ele><time>2021-07-03T15:16:07Z</time></trkpt>
<trkpt lat="37.083587" lon="-121.889732"><ele>498.0</ele><time>2021-07-03T15:16:23Z</time></trkpt>
<trkpt lat="37.083508" lon="-121.889700"><ele>498.9</ele><time>2021-07-03T15:16:32Z</time></trkpt>
<trkpt lat="37.083503" lon="-121.889781"><ele>499.3</ele><time>2021-07-03T15:17:06Z</time></trkpt>
<trkpt lat="37.083441" lon="-121.889820"><ele>499.9</ele><time>2021-07-03T15:17:10Z</time></trkpt>
<trkpt lat="37.083485" lon="-121.889957"><ele>500.7</ele><time>2021-07-03T15:17:18Z</time></trkpt>
<trkpt lat="37.083565" lon="-121.889968"><ele>501.2</ele><time>2021-07-03T15:17:20Z</time></trkpt>
<trkpt lat="37.083446" lon="-121.890013"><ele>502.2</ele><time>2021-07-03T15:17:23Z</time></trkpt>
<trkpt lat="37.083478" lon="-121.890034"><ele>502.5</ele><time>2021-07-03T15:17:24Z</time></trkpt>
<trkpt lat="37.083454" lon="-121.890141"><ele>503.4</ele><time>2021-07-03T15:17:30Z</time></trkpt>
<trkpt lat="37.083324" lon="-121.890181"><ele>504.4</ele><time>2021-07-03T15:17:33Z</time></trkpt>
<trkpt lat="37.083094" lon="-121.890182"><ele>506.2</ele><time>2021-07-03T15:17:42Z</time></trkpt>
<trkpt lat="37.083104" lon="-121.890227"><ele>506.4</ele><time>2021-07-03T15:17:44Z</time></trkpt>
<trkpt lat="37.083047" lon="-121.890269"><ele>506.9</ele><time>2021-07-03T15:17:49Z</time></trkpt>
<trkpt lat="37.082923" lon="-121.890271"><ele>507.7</ele><time>2021-07-03T15:17:50Z</time></trkpt>
<trkpt lat="37.082927" lon="-121.890157"><ele>508.3</ele><time>2021-07-03T15:17:51Z</time></trkpt>
<trkpt lat="37.082867" lon="-121.890245"><ele>508.9</ele><time>2021-07-03T15:17:54Z</time></trkpt>
<trkpt lat="37.082740" lon="-121.890232"><ele>509.7</ele><time>2021-07-03T15:18:02Z</time></trkpt>
<trkpt lat="37.082654" lon="-121.890268"><ele>510.2</ele><time>2021-07-03T15:18:06Z</time></trkpt>
<trkpt lat="37.082655" lon="-121.890210"><ele>510.5</ele><time>2021-07-03T15:18:07Z</time></trkpt>
<trkpt lat="37.082530" lon="-121.890117"><ele>511.4</ele><time>2021-07-03T15:18:14Z</time></trkpt>
<trkpt lat="37.082465" lon="-121.890187"><ele>512.0</ele><time>2021-07-03T15:18:17Z</time></trkpt>
<trkpt lat="37.082433" lon="-121.890165"><ele>512.3</ele><time>2021-07-03T15:18:20Z</time></trkpt>
<trkpt lat="37.082450" lon="-121.890207"><ele>512.6</ele><time>2021-07-03T15:18:23Z</time></trkpt>
<trkpt lat="37.082423" lon="-121.890228"><ele>512.8</ele><time>2021-07-03T15:18:24Z</time></trkpt>
<trkpt lat="37.082460" lon="-121.890250"><ele>513.1</ele><time>2021-07-03T15:18:27Z</time></trkpt>
<trkpt lat="37.082479" lon="-121.890189"><ele>513.5</ele><time>2021-07-03T15:18:30Z</time></trkpt>
<trkpt lat="37.082427" lon="-121.890178"><ele>513.8</ele><time>2021-07-03T15:18:32Z</time></trkpt>
<trkpt lat="37.082521" lon="-121.890174"><ele>514.5</ele><time>2021-07-03T15:18:35Z</time></trkpt>
<trkpt lat="37.082346" lon="-121.890289"><ele>516.0</ele><time>2021-07-03T15:19:53Z</time></trkpt>
<trkpt lat="37.082365" lon="-121.890234"><ele>516.3</ele><time>2021-07-03T15:19:55Z</time></trkpt>
<trkpt lat="37.082234" lon="-121.890267"><ele>517.5</ele><time>2021-07-03T15:20:00Z</time></trkpt>
<trkpt lat="37.082110" lon="-121.890189"><ele>518.7</ele><time>2021-07-03T15:20:07Z</time></trkpt>
<trkpt lat="37.082003" lon="-121.890181"><ele>519.7</ele><time>2021-07-03T15:20:13Z</time></trkpt>
<trkpt lat="37.081965" lon="-121.890210"><ele>520.1</ele><time>2021-07-03T15:20:16Z</time></trkpt>
<trkpt lat="37.081936" lon="-121.890053"><ele>521.6</ele><time>2021-07-03T15:20:24Z</time></trkpt>
<trkpt lat="37.081917" lon="-121.890067"><ele>521.8</ele><time>2021-07-03T15:20:25Z</time></trkpt>
<trkpt lat="37.081818" lon="-121.889931"><ele>523.1</ele><time>2021-07-03T15:20:32Z</time></trkpt>
<trkpt lat="37.081683" lon="-121.889945"><ele>524.3</ele><time>2021-07-03T15:20:39Z</time></trkpt>
<trkpt lat="37.081625" lon="-121.889897"><ele>524.9</ele><time>2021-07-03T15:20:44Z</time></trkpt>
<trkpt lat="37.081566" lon="-121.889905"><ele>525.4</ele><time>2021-07-03T15:20:46Z</time></trkpt>
<trkpt lat="37.081466" lon="-121.889818"><ele>526.5</ele><time>2021-07-03T15:20:52Z</time></trkpt>
<trkpt lat="37.081329" lon="-121.889600"><ele>528.3</ele><time>2021-07-03T15:21:05Z</time></trkpt>
<trkpt lat="37.081297" lon="-121.889271"><ele>530.7</ele><time>2021-07-03T15:21:23Z</time></trkpt>
<trkpt lat="37.081398" lon="-121.889061"><ele>532.6</ele><time>2021-07-03T15:21:33Z</time></trkpt>
<trkpt lat="37.081384" lon="-121.888808"><ele>534.6</ele><time>2021-07-03T15:21:49Z</time></trkpt>
<trkpt lat="37.081350" lon="-121.888730"><ele>535.3</ele><time>2021-07-03T15:21:58Z</time></trkpt>
<trkpt lat="37.081304" lon="-121.888743"><ele>535.8</ele><time>2021-07-03T15:22:02Z</time></trkpt>
<trkpt lat="37.081222" lon="-121.888678"><ele>536.9</ele><time>2021-07-03T15:22:09Z</time></trkpt>
<trkpt lat="37.081107" lon="-121.888389"><ele>540.2</ele><time>2021-07-03T15:22:35Z</time></trkpt>
<trkpt lat="37.081058" lon="-121.888331"><ele>540.9</ele><time>2021-07-03T15:22:59Z</time></trkpt>
<trkpt lat="37.081086" lon="-121.888385"><ele>541.3</ele><time>2021-07-03T15:23:01Z</time></trkpt>
<trkpt lat="37.081061" lon="-121.888421"><ele>541.7</ele><time>2021-07-03T15:23:05Z</time></trkpt>
<trkpt lat="37.081085" lon="-121.888423"><ele>542.0</ele><time>2021-07-03T15:23:09Z</time></trkpt>
<trkpt lat="37.081048" lon="-121.888242"><ele>543.5</ele><time>2021-07-03T15:23:35Z</time></trkpt>
<trkpt lat="37.080971" lon="-121.888098"><ele>545.2</ele><time>2021-07-03T15:23:44Z</time></trkpt>
<trkpt lat="37.080896" lon="-121.887824"><ele>548.1</ele><time>2021-07-03T15:23:59Z</time></trkpt>
<trkpt lat="37.080906" lon="-121.887755"><ele>548.8</ele><time>2021-07-03T15:24:01Z</time></trkpt>
<trkpt lat="37.080882" lon="-121.887751"><ele>549.1</ele><time>2021-07-03T15:24:03Z</time></trkpt>
<trkpt lat="37.080819" lon="-121.887561"><ele>550.8</ele><time>2021-07-03T15:24:13Z</time></trkpt>
<trkpt lat="37.080824" lon="-121.887332"><ele>552.4</ele><time>2021-07-03T15:24:22Z</time></trkpt>
<trkpt lat="37.080791" lon="-121.887183"><ele>553.4</ele><time>2021-07-03T15:24:29Z</time></trkpt>
<trkpt lat="37.080836" lon="-121.886696"><ele>557.2</ele><time>2021-07-03T15:24:57Z</time></trkpt>
<trkpt lat="37.080833" lon="-121.886620"><ele>557.8</ele><time>2021-07-03T15:25:02Z</time></trkpt>
<trkpt lat="37.080783" lon="-121.886542"><ele>558.6</ele><time>2021-07-03T15:25:48Z</time></trkpt>
<trkpt lat="37.080792" lon="-121.886499"><ele>559.1</ele><time>2021-07-03T15:25:51Z</time></trkpt>
<trkpt lat="37.080839" lon="-121.886611"><ele>560.3</ele><time>2021-07-03T15:25:54Z</time></trkpt>
<trkpt lat="37.080792" lon="-121.886539"><ele>561.2</ele><time>2021-07-03T15:25:56Z</time></trkpt>
<trkpt lat="37.080869" lon="-121.886457"><ele>562.5</ele><time>2021-07-03T15:26:01Z</time></trkpt>
<trkpt lat="37.080900" lon="-121.886472"><ele>562.9</ele><time>2021-07-03T15:26:03Z</time></trkpt>
<trkpt lat="37.080923" lon="-121.886405"><ele>563.4</ele><time>2021-07-03T15:26:06Z</time></trkpt>
<trkpt lat="37.080946" lon="-121.886425"><ele>563.7</ele><time>2021-07-03T15:26:08Z</time></trkpt>
<trkpt lat="37.080950" lon="-121.886188"><ele>565.5</ele><time>2021-07-03T15:26:19Z</time></trkpt>
<trkpt lat="37.081015" lon="-121.886084"><ele>566.8</ele><time>2021-07-03T15:26:25Z</time></trkpt>
<trkpt lat="37.080998" lon="-121.885985"><ele>568.1</ele><time>2021-07-03T15:26:31Z</time></trkpt>
<trkpt lat="37.080946" lon="-121.885930"><ele>568.9</ele><time>2021-07-03T15:26:34Z</time></trkpt>
<trkpt lat="37.080981" lon="-121.885879"><ele>569.6</ele><time>2021-07-03T15:26:39Z</time></trkpt>
<trkpt lat="37.080986" lon="-121.885724"><ele>571.1</ele><time>2021-07-03T15:26:45Z</time></trkpt>
<trkpt lat="37.080880" lon="-121.885578"><ele>573.2</ele><time>2021-07-03T15:27:02Z</time></trkpt>
<trkpt lat="37.080847" lon="-121.885466"><ele>574.3</ele><time>2021-07-03T15:27:08Z</time></trkpt>
<trkpt lat="37.080824" lon="-121.885587"><ele>575.4</ele><time>2021-07-03T15:27:13Z</time></trkpt>
<trkpt lat="37.080884" lon="-121.885618"><ele>576.1</ele><time>2021-07-03T15:27:16Z</time></trkpt>
<trkpt lat="37.080791" lon="-121.885664"><ele>576.9</ele><time>2021-07-03T15:27:19Z</time></trkpt>
<trkpt lat="37.080686" lon="-121.885666"><ele>577.5</ele><time>2021-07-03T15:27:20Z</time></trkpt>
<trkpt lat="37.080625" lon="-121.885738"><ele>578.0</ele><time>2021-07-03T15:27:23Z</time></trkpt>
<trkpt lat="37.080480" lon="-121.885759"><ele>578.7</ele><time>2021-07-03T15:27:26Z</time></trkpt>
<trkpt lat="37.080431" lon="-121.885785"><ele>579.0</ele><time>2021-07-03T15:27:29Z</time></trkpt>
<trkpt lat="37.080442" lon="-121.885830"><ele>579.2</ele><time>2021-07-03T15:27:31Z</time></trkpt>
<trkpt lat="37.080211" lon="-121.885716"><ele>581.0</ele><time>2021-07-03T15:27:49Z</time></trkpt>
<trkpt lat="37.080219" lon="-121.885627"><ele>582.4</ele><time>2021-07-03T15:27:56Z</time></trkpt>
<trkpt lat="37.080098" lon="-121.885655"><ele>584.0</ele><time>2021-07-03T15:28:34Z</time></trkpt>
<trkpt lat="37.080149" lon="-121.885629"><ele>584.7</ele><time>2021-07-03T15:28:35Z</time></trkpt>
<trkpt lat="37.080149" lon="-121.885586"><ele>585.1</ele><time>2021-07-03T15:28:40Z</time></trkpt>
<trkpt lat="37.080153" lon="-121.885655"><ele>586.1</ele><time>2021-07-03T15:28:45Z</time></trkpt>
<trkpt lat="37.080111" lon="-121.885573"><ele>587.3</ele><time>2021-07-03T15:28:50Z</time></trkpt>
<trkpt lat="37.080113" lon="-121.885509"><ele>588.0</ele><time>2021-07-03T15:28:52Z</time></trkpt>
<trkpt lat="37.080063" lon="-121.885483"><ele>588.8</ele><time>2021-07-03T15:28:57Z</time></trkpt>
<trkpt lat="37.080064" lon="-121.885422"><ele>589.3</ele><time>2021-07-03T15:29:00Z</time></trkpt>
<trkpt lat="37.080047" lon="-121.885434"><ele>589.6</ele><time>2021-07-03T15:29:01Z</time></trkpt>
<trkpt lat="37.080031" lon="-121.885371"><ele>590.3</ele><time>2021-07-03T15:29:05Z</time></trkpt>
<trkpt lat="37.079973" lon="-121.885369"><ele>590.8</ele><time>2021-07-03T15:29:08Z</time></trkpt>
<trkpt lat="37.079960" lon="-121.885321"><ele>591.2</ele><time>2021-07-03T15:29:12Z</time></trkpt>
<trkpt lat="37.079825" lon="-121.885410"><ele>592.6</ele><time>2021-07-03T15:29:22Z</time></trkpt>
<trkpt lat="37.079778" lon="-121.885376"><ele>593.1</ele><time>2021-07-03T15:29:27Z</time></trkpt>
<trkpt lat="37.079687" lon="-121.885419"><ele>594.2</ele><time>2021-07-03T15:29:31Z</time></trkpt>
<trkpt lat="37.079676" lon="-121.885326"><ele>595.1</ele><time>2021-07-03T15:29:35Z</time></trkpt>
<trkpt lat="37.079411" lon="-121.885337"><ele>598.0</ele><time>2021-07-03T15:29:51Z</time></trkpt>
<trkpt lat="37.079409" lon="-121.885283"><ele>598.6</ele><time>2021-07-03T15:29:56Z</time></trkpt>
<trkpt lat="37.079372" lon="-121.885287"><ele>599.0</ele><time>2021-07-03T15:29:58Z</time></trkpt>
<trkpt lat="37.079255" lon="-121.885323"><ele>600.6</ele><time>2021-07-03T15:30:10Z</time></trkpt>
<trkpt lat="37.079262" lon="-121.885520"><ele>602.0</ele><time>2021-07-03T15:30:17Z</time></trkpt>
<trkpt lat="37.079294" lon="-121.885619"><ele>602.6</ele><time>2021-07-03T15:30:19Z</time></trkpt>
<trkpt lat="37.079233" lon="-121.885670"><ele>603.1</ele><time>2021-07-03T15:30:23Z</time></trkpt>
<trkpt lat="37.079239" lon="-121.885715"><ele>603.5</ele><time>2021-07-03T15:30:25Z</time></trkpt>
<trkpt lat="37.079187" lon="-121.885818"><ele>604.4</ele><time>2021-07-03T15:30:32Z</time></trkpt>
<trkpt lat="37.079042" lon="-121.885846"><ele>606.0</ele><time>2021-07-03T15:30:43Z</time></trkpt>
<trkpt lat="37.079042" lon="-121.885873"><ele>606.4</ele><time>2021-07-03T15:30:46Z</time></trkpt>
<trkpt lat="37.079066" lon="-121.885834"><ele>606.8</ele><time>2021-07-03T15:30:50Z</time></trkpt>
<trkpt lat="37.079003" lon="-121.885847"><ele>607.4</ele><time>2021-07-03T15:30:52Z</time></trkpt>
<trkpt lat="37.079024" lon="-121.885902"><ele>608.1</ele><time>2021-07-03T15:31:20Z</time></trkpt>
<trkpt lat="37.078925" lon="-121.885971"><ele>609.4</ele><time>2021-07-03T15:31:32Z</time></trkpt>
<trkpt lat="37.078939" lon="-121.885948"><ele>609.7</ele><time>2021-07-03T15:31:33Z</time></trkpt>
<trkpt lat="37.078949" lon="-121.885994"><ele>610.5</ele><time>2021-07-03T15:31:38Z</time></trkpt>
<trkpt lat="37.078842" lon="-121.886072"><ele>611.7</ele><time>2021-07-03T15:31:44Z</time></trkpt>
<trkpt lat="37.078864" lon="-121.886035"><ele>612.1</ele><time>2021-07-03T15:31:46Z</time></trkpt>
<trkpt lat="37.078708" lon="-121.886026"><ele>613.4</ele><time>2021-07-03T15:31:52Z</time></trkpt>
<trkpt lat="37.078650" lon="-121.886080"><ele>614.0</ele><time>2021-07-03T15:32:00Z</time></trkpt>
<trkpt lat="37.078469" lon="-121.886127"><ele>615.4</ele><time>2021-07-03T15:32:04Z</time></trkpt>
<trkpt lat="37.078376" lon="-121.886223"><ele>616.5</ele><time>2021-07-03T15:32:09Z</time></trkpt>
<trkpt lat="37.078220" lon="-121.886152"><ele>618.3</ele><time>2021-07-03T15:32:19Z</time></trkpt>
<trkpt lat="37.078049" lon="-121.885929"><ele>620.6</ele><time>2021-07-03T15:32:37Z</time></trkpt>
<trkpt lat="37.078032" lon="-121.885958"><ele>620.9</ele><time>2021-07-03T15:32:38Z</time></trkpt>
<trkpt lat="37.077973" lon="-121.885913"><ele>621.6</ele><time>2021-07-03T15:32:43Z</time></trkpt>
<trkpt lat="37.077936" lon="-121.885945"><ele>622.0</ele><time>2021-07-03T15:32:45Z</time></trkpt>
<trkpt lat="37.077833" lon="-121.885872"><ele>623.2</ele><time>2021-07-03T15:32:53Z</time></trkpt>
<trkpt lat="37.077813" lon="-121.885900"><ele>623.5</ele><time>2021-07-03T15:32:55Z</time></trkpt>
<trkpt lat="37.077701" lon="-121.885902"><ele>624.5</ele><time>2021-07-03T15:33:02Z</time></trkpt>
<trkpt lat="37.077716" lon="-121.885827"><ele>625.0</ele><time>2021-07-03T15:33:06Z</time></trkpt>
<trkpt lat="37.077606" lon="-121.885701"><ele>626.5</ele><time>2021-07-03T15:34:02Z</time></trkpt>
<trkpt lat="37.077555" lon="-121.885575"><ele>627.4</ele><time>2021-07-03T15:34:08Z</time></trkpt>
<trkpt lat="37.077495" lon="-121.885597"><ele>627.8</ele><time>2021-07-03T15:34:11Z</time></trkpt>
<trkpt lat="37.077396" lon="-121.885561"><ele>628.5</ele><time>2021-07-03T15:34:18Z</time></trkpt>
<trkpt lat="37.077418" lon="-121.885527"><ele>628.8</ele><time>2021-07-03T15:34:20Z</time></trkpt>
<trkpt lat="37.077283" lon="-121.885421"><ele>630.0</ele><time>2021-07-03T15:34:28Z</time></trkpt>
<trkpt lat="37.077282" lon="-121.885320"><ele>630.7</ele><time>2021-07-03T15:34:31Z</time></trkpt>
<trkpt lat="37.077333" lon="-121.885216"><ele>631.7</ele><time>2021-07-03T15:34:37Z</time></trkpt>
<trkpt lat="37.077437" lon="-121.885182"><ele>633.0</ele><time>2021-07-03T15:34:47Z</time></trkpt>
<trkpt lat="37.077636" lon="-121.885310"><ele>635.5</ele><time>2021-07-03T15:35:01Z</time></trkpt>
<trkpt lat="37.077733" lon="-121.885308"><ele>636.2</ele><time>2021-07-03T15:35:07Z</time></trkpt>
<trkpt lat="37.078000" lon="-121.885019"><ele>639.1</ele><time>2021-07-03T15:35:29Z</time></trkpt>
<trkpt lat="37.078053" lon="-121.884878"><ele>640.1</ele><time>2021-07-03T15:35:35Z</time></trkpt>
<trkpt lat="37.078311" lon="-121.884582"><ele>644.1</ele><time>2021-07-03T15:36:03Z</time></trkpt>
<trkpt lat="37.078545" lon="-121.884213"><ele>647.8</ele><time>2021-07-03T15:37:02Z</time></trkpt>
<trkpt lat="37.078596" lon="-121.884173"><ele>648.3</ele><time>2021-07-03T15:37:06Z</time></trkpt>
<trkpt lat="37.078794" lon="-121.884138"><ele>649.5</ele><time>2021-07-03T15:37:14Z</time></trkpt>
<trkpt lat="37.078917" lon="-121.884056"><ele>650.8</ele><time>2021-07-03T15:37:26Z</time></trkpt>
<trkpt lat="37.078881" lon="-121.884005"><ele>651.9</ele><time>2021-07-03T15:37:33Z</time></trkpt>
<trkpt lat="37.078776" lon="-121.884024"><ele>654.0</ele><time>2021-07-03T15:37:43Z</time></trkpt>
<trkpt lat="37.078638" lon="-121.883954"><ele>656.2</ele><time>2021-07-03T15:37:52Z</time></trkpt>
<trkpt lat="37.078486" lon="-121.883981"><ele>657.6</ele><time>2021-07-03T15:38:02Z</time></trkpt>
<trkpt lat="37.078390" lon="-121.883926"><ele>658.6</ele><time>2021-07-03T15:38:08Z</time></trkpt>
<trkpt lat="37.078361" lon="-121.883946"><ele>658.9</ele><time>2021-07-03T15:38:11Z</time></trkpt>
<trkpt lat="37.078140" lon="-121.883892"><ele>661.8</ele><time>2021-07-03T15:38:27Z</time></trkpt>
<trkpt lat="37.078111" lon="-121.883849"><ele>662.3</ele><time>2021-07-03T15:38:29Z</time></trkpt>
<trkpt lat="37.077997" lon="-121.883830"><ele>663.5</ele><time>2021-07-03T15:38:36Z</time></trkpt>
<trkpt lat="37.077788" lon="-121.883512"><ele>665.9</ele><time>2021-07-03T15:38:56Z</time></trkpt>
<trkpt lat="37.077791" lon="-121.883546"><ele>666.0</ele><time>2021-07-03T15:38:58Z</time></trkpt>
<trkpt lat="37.077771" lon="-121.883533"><ele>666.1</ele><time>2021-07-03T15:39:03Z</time></trkpt>
<trkpt lat="37.077763" lon="-121.883479"><ele>666.3</ele><time>2021-07-03T15:41:22Z</time></trkpt>
<trkpt lat="37.077621" lon="-121.883372"><ele>667.1</ele><time>2021-07-03T15:45:22Z</time></trkpt>
<trkpt lat="37.077529" lon="-121.883372"><ele>666.2</ele><time>2021-07-03T15:45:24Z</time></trkpt>
<trkpt lat="37.077416" lon="-121.883463"><ele>665.1</ele><time>2021-07-03T15:45:26Z</time></trkpt>
<trkpt lat="37.077220" lon="-121.883542"><ele>662.8</ele><time>2021-07-03T15:45:30Z</time></trkpt>
<trkpt lat="37.077213" lon="-121.883585"><ele>662.3</ele><time>2021-07-03T15:45:31Z</time></trkpt>
<trkpt lat="37.077404" lon="-121.883762"><ele>659.4</ele><time>2021-07-03T15:45:34Z</time></trkpt>
<trkpt lat="37.077417" lon="-121.883852"><ele>658.7</ele><time>2021-07-03T15:45:35Z</time></trkpt>
<trkpt lat="37.077401" lon="-121.883948"><ele>658.4</ele><time>2021-07-03T15:45:36Z</time></trkpt>
<trkpt lat="37.077280" lon="-121.884105"><ele>658.1</ele><time>2021-07-03T15:45:39Z</time></trkpt>
<trkpt lat="37.077277" lon="-121.884175"><ele>658.2</ele><time>2021-07-03T15:45:40Z</time></trkpt>
<trkpt lat="37.077214" lon="-121.884226"><ele>658.6</ele><time>2021-07-03T15:45:41Z</time></trkpt>
<trkpt lat="37.077044" lon="-121.884232"><ele>659.9</ele><time>2021-07-03T15:45:44Z</time></trkpt>
<trkpt lat="37.077067" lon="-121.884265"><ele>660.2</ele><time>2021-07-03T15:45:46Z</time></trkpt>
<trkpt lat="37.076882" lon="-121.884294"><ele>661.2</ele><time>2021-07-03T15:45:58Z</time></trkpt>
<trkpt lat="37.076781" lon="-121.884259"><ele>661.2</ele><time>2021-07-03T15:46:02Z</time></trkpt>
<trkpt lat="37.076665" lon="-121.884274"><ele>660.7</ele><time>2021-07-03T15:46:10Z</time></trkpt>
<trkpt lat="37.076505" lon="-121.884218"><ele>659.6</ele><time>2021-07-03T15:46:12Z</time></trkpt>
<trkpt lat="37.076313" lon="-121.884220"><ele>658.2</ele><time>2021-07-03T15:46:15Z</time></trkpt>
<trkpt lat="37.076213" lon="-121.884302"><ele>657.1</ele><time>2021-07-03T15:46:17Z</time></trkpt>
<trkpt lat="37.076158" lon="-121.884413"><ele>655.9</ele><time>2021-07-03T15:46:19Z</time></trkpt>
<trkpt lat="37.076157" lon="-121.884563"><ele>654.5</ele><time>2021-07-03T15:46:23Z</time></trkpt>
<trkpt lat="37.076099" lon="-121.884579"><ele>654.0</ele><time>2021-07-03T15:46:26Z</time></trkpt>
<trkpt lat="37.076001" lon="-121.884689"><ele>652.9</ele><time>2021-07-03T15:46:27Z</time></trkpt>
<trkpt lat="37.075869" lon="-121.884744"><ele>651.9</ele><time>2021-07-03T15:46:31Z</time></trkpt>
<trkpt lat="37.075798" lon="-121.884830"><ele>651.3</ele><time>2021-07-03T15:46:33Z</time></trkpt>
<trkpt lat="37.075613" lon="-121.884841"><ele>650.2</ele><time>2021-07-03T15:46:40Z</time></trkpt>
<trkpt lat="37.075525" lon="-121.885027"><ele>649.4</ele><time>2021-07-03T15:46:44Z</time></trkpt>
<trkpt lat="37.075244" lon="-121.884884"><ele>647.3</ele><time>2021-07-03T15:46:49Z</time></trkpt>
<trkpt lat="37.075116" lon="-121.884972"><ele>646.1</ele><time>2021-07-03T15:46:51Z</time></trkpt>
<trkpt lat="37.075189" lon="-121.885040"><ele>645.4</ele><time>2021-07-03T15:46:52Z</time></trkpt>
<trkpt lat="37.075114" lon="-121.885008"><ele>644.7</ele><time>2021-07-03T15:46:54Z</time></trkpt>
<trkpt lat="37.075060" lon="-121.885119"><ele>644.0</ele><time>2021-07-03T15:46:57Z</time></trkpt>
<trkpt lat="37.074898" lon="-121.885205"><ele>643.0</ele><time>2021-07-03T15:47:01Z</time></trkpt>
<trkpt lat="37.074809" lon="-121.885346"><ele>642.6</ele><time>2021-07-03T15:47:04Z</time></trkpt>
<trkpt lat="37.074777" lon="-121.885329"><ele>642.5</ele><time>2021-07-03T15:47:05Z</time></trkpt>
<trkpt lat="37.074730" lon="-121.885395"><ele>642.4</ele><time>2021-07-03T15:47:07Z</time></trkpt>
<trkpt lat="37.074705" lon="-121.885508"><ele>642.4</ele><time>2021-07-03T15:47:08Z</time></trkpt>
<trkpt lat="37.074635" lon="-121.885544"><ele>642.4</ele><time>2021-07-03T15:47:09Z</time></trkpt>
<trkpt lat="37.074604" lon="-121.885604"><ele>642.3</ele><time>2021-07-03T15:47:10Z</time></trkpt>
<trkpt lat="37.074530" lon="-121.885842"><ele>641.8</ele><time>2021-07-03T15:47:14Z</time></trkpt>
<trkpt lat="37.074426" lon="-121.885878"><ele>641.5</ele><time>2021-07-03T15:47:17Z</time></trkpt>
<trkpt lat="37.074401" lon="-121.885990"><ele>641.3</ele><time>2021-07-03T15:47:20Z</time></trkpt>
<trkpt lat="37.074341" lon="-121.886011"><ele>641.3</ele><time>2021-07-03T15:47:21Z</time></trkpt>
<trkpt lat="37.074333" lon="-121.886143"><ele>641.3</ele><time>2021-07-03T15:47:23Z</time></trkpt>
<trkpt lat="37.074272" lon="-121.886296"><ele>641.3</ele><time>2021-07-03T15:47:25Z</time></trkpt>
<trkpt lat="37.074136" lon="-121.886373"><ele>641.3</ele><time>2021-07-03T15:47:28Z</time></trkpt>
<trkpt lat="37.074094" lon="-121.886482"><ele>641.1</ele><time>2021-07-03T15:47:29Z</time></trkpt>
<trkpt lat="37.074148" lon="-121.886512"><ele>640.8</ele><time>2021-07-03T15:47:30Z</time></trkpt>
<trkpt lat="37.074082" lon="-121.886732"><ele>639.7</ele><time>2021-07-03T15:47:34Z</time></trkpt>
<trkpt lat="37.074127" lon="-121.886836"><ele>638.8</ele><time>2021-07-03T15:47:36Z</time></trkpt>
<trkpt lat="37.074112" lon="-121.886886"><ele>638.3</ele><time>2021-07-03T15:47:37Z</time></trkpt>
<trkpt lat="37.073952" lon="-121.886944"><ele>636.4</ele><time>2021-07-03T15:47:39Z</time></trkpt>
<trkpt lat="37.073969" lon="-121.887001"><ele>635.8</ele><time>2021-07-03T15:47:40Z</time></trkpt>
<trkpt lat="37.073939" lon="-121.887097"><ele>634.3</ele><time>2021-07-03T15:47:43Z</time></trkpt>
<trkpt lat="37.073995" lon="-121.887161"><ele>633.5</ele><time>2021-07-03T15:47:45Z</time></trkpt>
<trkpt lat="37.073954" lon="-121.887198"><ele>633.2</ele><time>2021-07-03T15:47:48Z</time></trkpt>
<trkpt lat="37.073973" lon="-121.887314"><ele>631.9</ele><time>2021-07-03T15:47:49Z</time></trkpt>
<trkpt lat="37.073893" lon="-121.887582"><ele>630.8</ele><time>2021-07-03T15:47:52Z</time></trkpt>
<trkpt lat="37.073805" lon="-121.887703"><ele>630.9</ele><time>2021-07-03T15:47:54Z</time></trkpt>
<trkpt lat="37.073819" lon="-121.888168"><ele>625.8</ele><time>2021-07-03T15:48:02Z</time></trkpt>
<trkpt lat="37.073756" lon="-121.888231"><ele>625.3</ele><time>2021-07-03T15:48:06Z</time></trkpt>
<trkpt lat="37.073773" lon="-121.888258"><ele>625.3</ele><time>2021-07-03T15:48:09Z</time></trkpt>
<trkpt lat="37.073742" lon="-121.888250"><ele>625.2</ele><time>2021-07-03T15:48:20Z</time></trkpt>
<trkpt lat="37.073773" lon="-121.888296"><ele>625.1</ele><time>2021-07-03T15:48:27Z</time></trkpt>
<trkpt lat="37.073751" lon="-121.888371"><ele>624.8</ele><time>2021-07-03T15:48:34Z</time></trkpt>
<trkpt lat="37.073772" lon="-121.888546"><ele>623.7</ele><time>2021-07-03T15:48:39Z</time></trkpt>
<trkpt lat="37.073734" lon="-121.888546"><ele>623.4</ele><time>2021-07-03T15:48:40Z</time></trkpt>
<trkpt lat="37.073675" lon="-121.888677"><ele>622.2</ele><time>2021-07-03T15:48:42Z</time></trkpt>
<trkpt lat="37.073629" lon="-121.888879"><ele>620.5</ele><time>2021-07-03T15:48:44Z</time></trkpt>
<trkpt lat="37.073633" lon="-121.889077"><ele>619.1</ele><time>2021-07-03T15:48:45Z</time></trkpt>
<trkpt lat="37.073588" lon="-121.889387"><ele>617.7</ele><time>2021-07-03T15:48:48Z</time></trkpt>
<trkpt lat="37.073507" lon="-121.889443"><ele>617.4</ele><time>2021-07-03T15:48:49Z</time></trkpt>
<trkpt lat="37.073551" lon="-121.889664"><ele>617.3</ele><time>2021-07-03T15:48:53Z</time></trkpt>
<trkpt lat="37.073508" lon="-121.889723"><ele>617.3</ele><time>2021-07-03T15:48:57Z</time></trkpt>
<trkpt lat="37.073529" lon="-121.889832"><ele>617.5</ele><time>2021-07-03T15:49:05Z</time></trkpt>
<trkpt lat="37.073516" lon="-121.889870"><ele>617.5</ele><time>2021-07-03T15:49:07Z</time></trkpt>
<trkpt lat="37.073491" lon="-121.889845"><ele>617.6</ele><time>2021-07-03T15:49:09Z</time></trkpt>
<trkpt lat="37.073491" lon="-121.889973"><ele>617.9</ele><time>2021-07-03T15:49:12Z</time></trkpt>
<trkpt lat="37.073541" lon="-121.890033"><ele>618.2</ele><time>2021-07-03T15:49:14Z</time></trkpt>
<trkpt lat="37.073450" lon="-121.889978"><ele>618.6</ele><time>2021-07-03T15:49:17Z</time></trkpt>
<trkpt lat="37.073426" lon="-121.889928"><ele>618.8</ele><time>2021-07-03T15:49:19Z</time></trkpt>
<trkpt lat="37.073413" lon="-121.889847"><ele>619.0</ele><time>2021-07-03T15:49:30Z</time></trkpt>
<trkpt lat="37.073446" lon="-121.889857"><ele>619.1</ele><time>2021-07-03T15:49:33Z</time></trkpt>
<trkpt lat="37.073411" lon="-121.889830"><ele>619.2</ele><time>2021-07-03T15:50:08Z</time></trkpt>
<trkpt lat="37.073458" lon="-121.889817"><ele>619.4</ele><time>2021-07-03T15:50:09Z</time></trkpt>
<trkpt lat="37.073508" lon="-121.889866"><ele>619.5</ele><time>2021-07-03T15:50:19Z</time></trkpt>
<trkpt lat="37.073539" lon="-121.889830"><ele>619.4</ele><time>2021-07-03T15:50:21Z</time></trkpt>
<trkpt lat="37.073632" lon="-121.889829"><ele>619.1</ele><time>2021-07-03T15:50:23Z</time></trkpt>
<trkpt lat="37.073682" lon="-121.889850"><ele>619.0</ele><time>2021-07-03T15:50:24Z</time></trkpt>
<trkpt lat="37.073658" lon="-121.889891"><ele>618.8</ele><time>2021-07-03T15:50:26Z</time></trkpt>
<trkpt lat="37.073792" lon="-121.889780"><ele>617.6</ele><time>2021-07-03T15:50:35Z</time></trkpt>
<trkpt lat="37.073756" lon="-121.889700"><ele>617.6</ele><time>2021-07-03T15:50:36Z</time></trkpt>
<trkpt lat="37.073801" lon="-121.889622"><ele>617.2</ele><time>2021-07-03T15:50:38Z</time></trkpt>
<trkpt lat="37.073976" lon="-121.889591"><ele>615.1</ele><time>2021-07-03T15:50:43Z</time></trkpt>
<trkpt lat="37.074008" lon="-121.889634"><ele>614.6</ele><time>2021-07-03T15:50:45Z</time></trkpt>
<trkpt lat="37.074030" lon="-121.889777"><ele>613.1</ele><time>2021-07-03T15:50:49Z</time></trkpt>
<trkpt lat="37.073947" lon="-121.889959"><ele>613.6</ele><time>2021-07-03T15:50:54Z</time></trkpt>
<trkpt lat="37.073959" lon="-121.890012"><ele>612.8</ele><time>2021-07-03T15:50:55Z</time></trkpt>
<trkpt lat="37.073921" lon="-121.890112"><ele>613.3</ele><time>2021-07-03T15:50:57Z</time></trkpt>
<trkpt lat="37.073962" lon="-121.890128"><ele>612.1</ele><time>2021-07-03T15:51:01Z</time></trkpt>
<trkpt lat="37.073949" lon="-121.890173"><ele>611.9</ele><time>2021-07-03T15:51:03Z</time></trkpt>
<trkpt lat="37.073903" lon="-121.890186"><ele>613.8</ele><time>2021-07-03T15:51:04Z</time></trkpt>
<trkpt lat="37.074188" lon="-121.890426"><ele>605.9</ele><time>2021-07-03T15:51:07Z</time></trkpt>
<trkpt lat="37.074238" lon="-121.890428"><ele>605.2</ele><time>2021-07-03T15:51:08Z</time></trkpt>
<trkpt lat="37.074217" lon="-121.890488"><ele>605.7</ele><time>2021-07-03T15:51:09Z</time></trkpt>
<trkpt lat="37.074210" lon="-121.890404"><ele>605.9</ele><time>2021-07-03T15:51:10Z</time></trkpt>
<trkpt lat="37.074244" lon="-121.890403"><ele>605.2</ele><time>2021-07-03T15:51:11Z</time></trkpt>
<trkpt lat="37.074399" lon="-121.890607"><ele>604.5</ele><time>2021-07-03T15:51:16Z</time></trkpt>
<trkpt lat="37.074396" lon="-121.890559"><ele>604.4</ele><time>2021-07-03T15:51:17Z</time></trkpt>
<trkpt lat="37.074351" lon="-121.890609"><ele>604.5</ele><time>2021-07-03T15:51:19Z</time></trkpt>
<trkpt lat="37.074432" lon="-121.890595"><ele>604.4</ele><time>2021-07-03T15:51:23Z</time></trkpt>
<trkpt lat="37.074585" lon="-121.890698"><ele>604.1</ele><time>2021-07-03T15:51:25Z</time></trkpt>
<trkpt lat="37.074970" lon="-121.890339"><ele>597.8</ele><time>2021-07-03T15:51:32Z</time></trkpt>
<trkpt lat="37.075022" lon="-121.890200"><ele>596.2</ele><time>2021-07-03T15:51:34Z</time></trkpt>
<trkpt lat="37.075216" lon="-121.890008"><ele>590.7</ele><time>2021-07-03T15:51:36Z</time></trkpt>
<trkpt lat="37.075375" lon="-121.889970"><ele>587.7</ele><time>2021-07-03T15:51:37Z</time></trkpt>
<trkpt lat="37.075330" lon="-121.889968"><ele>588.4</ele><time>2021-07-03T15:51:38Z</time></trkpt>
<trkpt lat="37.075363" lon="-121.889957"><ele>588.0</ele><time>2021-07-03T15:51:39Z</time></trkpt>
<trkpt lat="37.075417" lon="-121.890234"><ele>585.4</ele><time>2021-07-03T15:51:45Z</time></trkpt>
<trkpt lat="37.075304" lon="-121.890300"><ele>587.6</ele><time>2021-07-03T15:51:47Z</time></trkpt>
<trkpt lat="37.075339" lon="-121.890282"><ele>587.0</ele><time>2021-07-03T15:51:48Z</time></trkpt>
<trkpt lat="37.075365" lon="-121.890378"><ele>584.6</ele><time>2021-07-03T15:51:51Z</time></trkpt>
<trkpt lat="37.075446" lon="-121.890336"><ele>584.8</ele><time>2021-07-03T15:51:52Z</time></trkpt>
<trkpt lat="37.075471" lon="-121.890367"><ele>583.3</ele><time>2021-07-03T15:51:53Z</time></trkpt>
<trkpt lat="37.075512" lon="-121.890629"><ele>578.1</ele><time>2021-07-03T15:51:55Z</time></trkpt>
<trkpt lat="37.075509" lon="-121.890702"><ele>576.9</ele><time>2021-07-03T15:51:56Z</time></trkpt>
<trkpt lat="37.075439" lon="-121.890733"><ele>578.6</ele><time>2021-07-03T15:51:58Z</time></trkpt>
<trkpt lat="37.075492" lon="-121.890845"><ele>575.4</ele><time>2021-07-03T15:52:01Z</time></trkpt>
<trkpt lat="37.075433" lon="-121.890881"><ele>576.3</ele><time>2021-07-03T15:52:03Z</time></trkpt>
<trkpt lat="37.075408" lon="-121.890950"><ele>576.4</ele><time>2021-07-03T15:52:04Z</time></trkpt>
<trkpt lat="37.075499" lon="-121.890969"><ele>573.7</ele><time>2021-07-03T15:52:06Z</time></trkpt>
<trkpt lat="37.075522" lon="-121.891000"><ele>572.2</ele><time>2021-07-03T15:52:08Z</time></trkpt>
<trkpt lat="37.075483" lon="-121.891015"><ele>574.1</ele><time>2021-07-03T15:52:12Z</time></trkpt>
<trkpt lat="37.075527" lon="-121.891061"><ele>571.9</ele><time>2021-07-03T15:52:13Z</time></trkpt>
<trkpt lat="37.075561" lon="-121.891189"><ele>570.9</ele><time>2021-07-03T15:52:16Z</time></trkpt>
<trkpt lat="37.075632" lon="-121.891178"><ele>570.2</ele><time>2021-07-03T15:52:17Z</time></trkpt>
<trkpt lat="37.075602" lon="-121.891192"><ele>569.9</ele><time>2021-07-03T15:52:18Z</time></trkpt>
<trkpt lat="37.075683" lon="-121.891310"><ele>568.7</ele><time>2021-07-03T15:52:21Z</time></trkpt>
<trkpt lat="37.075800" lon="-121.891391"><ele>567.6</ele><time>2021-07-03T15:52:24Z</time></trkpt>
<trkpt lat="37.075885" lon="-121.891667"><ele>566.0</ele><time>2021-07-03T15:52:25Z</time></trkpt>
<trkpt lat="37.075843" lon="-121.891778"><ele>565.4</ele><time>2021-07-03T15:52:28Z</time></trkpt>
<trkpt lat="37.075909" lon="-121.891840"><ele>564.9</ele><time>2021-07-03T15:52:30Z</time></trkpt>
<trkpt lat="37.075837" lon="-121.891980"><ele>564.2</ele><time>2021-07-03T15:52:32Z</time></trkpt>
<trkpt lat="37.075863" lon="-121.892056"><ele>563.9</ele><time>2021-07-03T15:52:34Z</time></trkpt>
<trkpt lat="37.075823" lon="-121.892209"><ele>563.3</ele><time>2021-07-03T15:52:36Z</time></trkpt>
<trkpt lat="37.075845" lon="-121.892366"><ele>562.5</ele><time>2021-07-03T15:52:38Z</time></trkpt>
<trkpt lat="37.075823" lon="-121.892622"><ele>561.2</ele><time>2021-07-03T15:52:42Z</time></trkpt>
<trkpt lat="37.075859" lon="-121.892825"><ele>560.5</ele><time>2021-07-03T15:52:43Z</time></trkpt>
<trkpt lat="37.075939" lon="-121.892882"><ele>560.3</ele><time>2021-07-03T15:52:44Z</time></trkpt>
<trkpt lat="37.076026" lon="-121.893041"><ele>560.1</ele><time>2021-07-03T15:52:47Z</time></trkpt>
<trkpt lat="37.075977" lon="-121.893097"><ele>560.1</ele><time>2021-07-03T15:52:49Z</time></trkpt>
<trkpt lat="37.075962" lon="-121.893217"><ele>560.1</ele><time>2021-07-03T15:52:55Z</time></trkpt>
<trkpt lat="37.075893" lon="-121.893201"><ele>560.1</ele><time>2021-07-03T15:53:01Z</time></trkpt>
<trkpt lat="37.075659" lon="-121.893341"><ele>559.6</ele><time>2021-07-03T15:53:43Z</time></trkpt>
<trkpt lat="37.075563" lon="-121.893338"><ele>559.3</ele><time>2021-07-03T15:53:45Z</time></trkpt>
<trkpt lat="37.075504" lon="-121.893401"><ele>559.1</ele><time>2021-07-03T15:53:47Z</time></trkpt>
<trkpt lat="37.075520" lon="-121.893641"><ele>558.4</ele><time>2021-07-03T15:53:53Z</time></trkpt>
<trkpt lat="37.075546" lon="-121.893671"><ele>558.3</ele><time>2021-07-03T15:53:54Z</time></trkpt>
<trkpt lat="37.075404" lon="-121.893877"><ele>557.6</ele><time>2021-07-03T15:53:57Z</time></trkpt>
<trkpt lat="37.075560" lon="-121.893824"><ele>557.1</ele><time>2021-07-03T15:54:03Z</time></trkpt>
<trkpt lat="37.075544" lon="-121.893718"><ele>556.8</ele><time>2021-07-03T15:54:05Z</time></trkpt>
<trkpt lat="37.075611" lon="-121.893619"><ele>555.3</ele><time>2021-07-03T15:54:08Z</time></trkpt>
<trkpt lat="37.075828" lon="-121.893546"><ele>550.0</ele><time>2021-07-03T15:54:14Z</time></trkpt>
<trkpt lat="37.075867" lon="-121.893576"><ele>548.9</ele><time>2021-07-03T15:54:16Z</time></trkpt>
<trkpt lat="37.075941" lon="-121.893498"><ele>547.8</ele><time>2021-07-03T15:54:18Z</time></trkpt>
<trkpt lat="37.075955" lon="-121.893441"><ele>548.1</ele><time>2021-07-03T15:54:19Z</time></trkpt>
<trkpt lat="37.075994" lon="-121.893446"><ele>547.4</ele><time>2021-07-03T15:54:21Z</time></trkpt>
<trkpt lat="37.075974" lon="-121.893367"><ele>549.9</ele><time>2021-07-03T15:54:23Z</time></trkpt>
<trkpt lat="37.075994" lon="-121.893299"><ele>553.0</ele><time>2021-07-03T15:54:24Z</time></trkpt>
<trkpt lat="37.076038" lon="-121.893182"><ele>553.1</ele><time>2021-07-03T15:54:25Z</time></trkpt>
<trkpt lat="37.076118" lon="-121.893131"><ele>548.7</ele><time>2021-07-03T15:54:28Z</time></trkpt>
<trkpt lat="37.076114" lon="-121.893068"><ele>548.4</ele><time>2021-07-03T15:54:29Z</time></trkpt>
<trkpt lat="37.076059" lon="-121.893001"><ele>553.2</ele><time>2021-07-03T15:54:31Z</time></trkpt>
<trkpt lat="37.076134" lon="-121.893027"><ele>548.2</ele><time>2021-07-03T15:54:32Z</time></trkpt>
<trkpt lat="37.076283" lon="-121.892953"><ele>537.6</ele><time>2021-07-03T15:54:34Z</time></trkpt>
<trkpt lat="37.076297" lon="-121.892743"><ele>540.2</ele><time>2021-07-03T15:54:37Z</time></trkpt>
<trkpt lat="37.076345" lon="-121.892601"><ele>541.8</ele><time>2021-07-03T15:54:40Z</time></trkpt>
<trkpt lat="37.076406" lon="-121.892545"><ele>542.1</ele><time>2021-07-03T15:54:43Z</time></trkpt>
<trkpt lat="37.076459" lon="-121.892316"><ele>546.9</ele><time>2021-07-03T15:54:46Z</time></trkpt>
<trkpt lat="37.076552" lon="-121.892231"><ele>545.0</ele><time>2021-07-03T15:54:48Z</time></trkpt>
<trkpt lat="37.076542" lon="-121.892184"><ele>547.4</ele><time>2021-07-03T15:54:50Z</time></trkpt>
<trkpt lat="37.076600" lon="-121.892062"><ele>547.6</ele><time>2021-07-03T15:54:51Z</time></trkpt>
<trkpt lat="37.076765" lon="-121.892029"><ele>541.3</ele><time>2021-07-03T15:54:54Z</time></trkpt>
<trkpt lat="37.076781" lon="-121.892085"><ele>540.6</ele><time>2021-07-03T15:54:56Z</time></trkpt>
<trkpt lat="37.076859" lon="-121.892102"><ele>534.4</ele><time>2021-07-03T15:54:57Z</time></trkpt>
<trkpt lat="37.076885" lon="-121.892158"><ele>532.3</ele><time>2021-07-03T15:54:58Z</time></trkpt>
<trkpt lat="37.076942" lon="-121.892179"><ele>528.0</ele><time>2021-07-03T15:54:59Z</time></trkpt>
<trkpt lat="37.077009" lon="-121.892344"><ele>520.6</ele><time>2021-07-03T15:55:02Z</time></trkpt>
<trkpt lat="37.076983" lon="-121.892449"><ele>522.1</ele><time>2021-07-03T15:55:04Z</time></trkpt>
<trkpt lat="37.076922" lon="-121.892445"><ele>523.4</ele><time>2021-07-03T15:55:05Z</time></trkpt>
<trkpt lat="37.076926" lon="-121.892518"><ele>522.2</ele><time>2021-07-03T15:55:06Z</time></trkpt>
<trkpt lat="37.076842" lon="-121.892804"><ele>519.2</ele><time>2021-07-03T15:55:10Z</time></trkpt>
<trkpt lat="37.076978" lon="-121.893072"><ele>513.0</ele><time>2021-07-03T15:55:14Z</time></trkpt>
<trkpt lat="37.076987" lon="-121.893188"><ele>511.4</ele><time>2021-07-03T15:55:16Z</time></trkpt>
<trkpt lat="37.076907" lon="-121.893289"><ele>513.4</ele><time>2021-07-03T15:55:18Z</time></trkpt>
<trkpt lat="37.076897" lon="-121.893431"><ele>512.7</ele><time>2021-07-03T15:55:20Z</time></trkpt>
<trkpt lat="37.076956" lon="-121.893468"><ele>511.1</ele><time>2021-07-03T15:55:21Z</time></trkpt>
<trkpt lat="37.076935" lon="-121.893542"><ele>511.4</ele><time>2021-07-03T15:55:22Z</time></trkpt>
<trkpt lat="37.077058" lon="-121.893860"><ele>506.9</ele><time>2021-07-03T15:55:28Z</time></trkpt>
<trkpt lat="37.077084" lon="-121.893812"><ele>504.7</ele><time>2021-07-03T15:55:29Z</time></trkpt>
<trkpt lat="37.077141" lon="-121.893887"><ele>503.5</ele><time>2021-07-03T15:55:31Z</time></trkpt>
<trkpt lat="37.077113" lon="-121.894010"><ele>506.3</ele><time>2021-07-03T15:55:35Z</time></trkpt>
<trkpt lat="37.077140" lon="-121.894059"><ele>505.2</ele><time>2021-07-03T15:55:37Z</time></trkpt>
<trkpt lat="37.077133" lon="-121.894132"><ele>506.1</ele><time>2021-07-03T15:55:38Z</time></trkpt>
<trkpt lat="37.077184" lon="-121.894202"><ele>504.8</ele><time>2021-07-03T15:55:39Z</time></trkpt>
<trkpt lat="37.077165" lon="-121.894293"><ele>504.7</ele><time>2021-07-03T15:55:40Z</time></trkpt>
<trkpt lat="37.077225" lon="-121.894459"><ele>502.2</ele><time>2021-07-03T15:55:41Z</time></trkpt>
<trkpt lat="37.077191" lon="-121.894559"><ele>506.2</ele><time>2021-07-03T15:55:42Z</time></trkpt>
<trkpt lat="37.077139" lon="-121.894609"><ele>510.2</ele><time>2021-07-03T15:55:43Z</time></trkpt>
<trkpt lat="37.077140" lon="-121.894674"><ele>511.2</ele><time>2021-07-03T15:55:44Z</time></trkpt>
<trkpt lat="37.077124" lon="-121.894703"><ele>516.2</ele><time>2021-07-03T15:55:45Z</time></trkpt>
<trkpt lat="37.077236" lon="-121.894540"><ele>498.6</ele><time>2021-07-03T15:55:49Z</time></trkpt>
<trkpt lat="37.077227" lon="-121.894491"><ele>502.1</ele><time>2021-07-03T15:55:50Z</time></trkpt>
<trkpt lat="37.077196" lon="-121.894327"><ele>502.2</ele><time>2021-07-03T15:55:54Z</time></trkpt>
<trkpt lat="37.077232" lon="-121.894152"><ele>500.1</ele><time>2021-07-03T15:55:57Z</time></trkpt>
<trkpt lat="37.077227" lon="-121.894034"><ele>501.5</ele><time>2021-07-03T15:55:59Z</time></trkpt>
<trkpt lat="37.077106" lon="-121.893874"><ele>503.5</ele><time>2021-07-03T15:56:03Z</time></trkpt>
<trkpt lat="37.077086" lon="-121.893636"><ele>503.9</ele><time>2021-07-03T15:56:07Z</time></trkpt>
<trkpt lat="37.077142" lon="-121.893601"><ele>502.5</ele><time>2021-07-03T15:56:08Z</time></trkpt>
<trkpt lat="37.077203" lon="-121.893471"><ele>502.7</ele><time>2021-07-03T15:56:11Z</time></trkpt>
<trkpt lat="37.077355" lon="-121.892860"><ele>501.3</ele><time>2021-07-03T15:56:23Z</time></trkpt>
<trkpt lat="37.077497" lon="-121.892695"><ele>500.8</ele><time>2021-07-03T15:56:26Z</time></trkpt>
<trkpt lat="37.077677" lon="-121.892392"><ele>499.7</ele><time>2021-07-03T15:56:30Z</time></trkpt>
<trkpt lat="37.077692" lon="-121.892340"><ele>499.4</ele><time>2021-07-03T15:56:31Z</time></trkpt>
<trkpt lat="37.077658" lon="-121.892312"><ele>499.0</ele><time>2021-07-03T15:56:32Z</time></trkpt>
<trkpt lat="37.077703" lon="-121.892336"><ele>498.7</ele><time>2021-07-03T15:56:33Z</time></trkpt>
<trkpt lat="37.077700" lon="-121.892497"><ele>498.0</ele><time>2021-07-03T15:56:35Z</time></trkpt>
<trkpt lat="37.077742" lon="-121.892497"><ele>497.7</ele><time>2021-07-03T15:56:36Z</time></trkpt>
<trkpt lat="37.077872" lon="-121.892178"><ele>496.1</ele><time>2021-07-03T15:56:42Z</time></trkpt>
<trkpt lat="37.077909" lon="-121.892175"><ele>495.9</ele><time>2021-07-03T15:56:43Z</time></trkpt>
<trkpt lat="37.077984" lon="-121.892378"><ele>494.9</ele><time>2021-07-03T15:56:46Z</time></trkpt>
<trkpt lat="37.077995" lon="-121.892464"><ele>494.5</ele><time>2021-07-03T15:56:47Z</time></trkpt>
<trkpt lat="37.077946" lon="-121.892499"><ele>494.2</ele><time>2021-07-03T15:56:48Z</time></trkpt>
<trkpt lat="37.077957" lon="-121.892546"><ele>494.0</ele><time>2021-07-03T15:56:50Z</time></trkpt>
<trkpt lat="37.077993" lon="-121.892308"><ele>492.7</ele><time>2021-07-03T15:56:55Z</time></trkpt>
<trkpt lat="37.077977" lon="-121.892238"><ele>492.3</ele><time>2021-07-03T15:56:56Z</time></trkpt>
<trkpt lat="37.078053" lon="-121.891998"><ele>485.0</ele><time>2021-07-03T15:57:00Z</time></trkpt>
<trkpt lat="37.078148" lon="-121.891977"><ele>483.9</ele><time>2021-07-03T15:57:01Z</time></trkpt>
<trkpt lat="37.078239" lon="-121.892140"><ele>481.7</ele><time>2021-07-03T15:57:04Z</time></trkpt>
<trkpt lat="37.078310" lon="-121.892163"><ele>480.6</ele><time>2021-07-03T15:57:06Z</time></trkpt>
<trkpt lat="37.078485" lon="-121.891957"><ele>476.9</ele><time>2021-07-03T15:57:09Z</time></trkpt>
<trkpt lat="37.078561" lon="-121.892015"><ele>475.5</ele><time>2021-07-03T15:57:11Z</time></trkpt>
<trkpt lat="37.078673" lon="-121.892030"><ele>473.9</ele><time>2021-07-03T15:57:12Z</time></trkpt>
<trkpt lat="37.078738" lon="-121.892069"><ele>472.9</ele><time>2021-07-03T15:57:13Z</time></trkpt>
<trkpt lat="37.078787" lon="-121.892233"><ele>471.2</ele><time>2021-07-03T15:57:14Z</time></trkpt>
<trkpt lat="37.078833" lon="-121.892266"><ele>470.6</ele><time>2021-07-03T15:57:15Z</time></trkpt>
<trkpt lat="37.078801" lon="-121.892347"><ele>469.9</ele><time>2021-07-03T15:57:16Z</time></trkpt>
<trkpt lat="37.078794" lon="-121.892723"><ele>467.4</ele><time>2021-07-03T15:57:22Z</time></trkpt>
<trkpt lat="37.078751" lon="-121.892864"><ele>466.5</ele><time>2021-07-03T15:57:25Z</time></trkpt>
<trkpt lat="37.078750" lon="-121.893008"><ele>465.7</ele><time>2021-07-03T15:57:29Z</time></trkpt>
<trkpt lat="37.078779" lon="-121.893097"><ele>465.2</ele><time>2021-07-03T15:57:32Z</time></trkpt>
<trkpt lat="37.078755" lon="-121.893160"><ele>464.8</ele><time>2021-07-03T15:57:33Z</time></trkpt>
<trkpt lat="37.078762" lon="-121.893341"><ele>463.7</ele><time>2021-07-03T15:57:35Z</time></trkpt>
<trkpt lat="37.078795" lon="-121.893421"><ele>463.1</ele><time>2021-07-03T15:57:37Z</time></trkpt>
<trkpt lat="37.078739" lon="-121.893664"><ele>461.2</ele><time>2021-07-03T15:57:40Z</time></trkpt>
<trkpt lat="37.078748" lon="-121.893729"><ele>460.8</ele><time>2021-07-03T15:57:41Z</time></trkpt>
<trkpt lat="37.078782" lon="-121.893783"><ele>460.3</ele><time>2021-07-03T15:57:42Z</time></trkpt>
<trkpt lat="37.078817" lon="-121.893737"><ele>459.8</ele><time>2021-07-03T15:57:45Z</time></trkpt>
<trkpt lat="37.078753" lon="-121.893726"><ele>459.2</ele><time>2021-07-03T15:57:49Z</time></trkpt>
<trkpt lat="37.078773" lon="-121.893754"><ele>459.0</ele><time>2021-07-03T15:57:52Z</time></trkpt>
<trkpt lat="37.078756" lon="-121.893737"><ele>458.8</ele><time>2021-07-03T15:57:54Z</time></trkpt>
<trkpt lat="37.078785" lon="-121.893721"><ele>458.6</ele><time>2021-07-03T15:57:55Z</time></trkpt>
<trkpt lat="37.078819" lon="-121.893375"><ele>457.1</ele><time>2021-07-03T15:58:43Z</time></trkpt>
<trkpt lat="37.078867" lon="-121.893256"><ele>456.6</ele><time>2021-07-03T15:58:46Z</time></trkpt>
<trkpt lat="37.078886" lon="-121.893104"><ele>456.1</ele><time>2021-07-03T15:58:49Z</time></trkpt>
<trkpt lat="37.078858" lon="-121.893072"><ele>456.0</ele><time>2021-07-03T15:58:50Z</time></trkpt>
<trkpt lat="37.078929" lon="-121.893002"><ele>455.7</ele><time>2021-07-03T15:58:51Z</time></trkpt>
<trkpt lat="37.078952" lon="-121.892958"><ele>455.6</ele><time>2021-07-03T15:58:52Z</time></trkpt>
<trkpt lat="37.078932" lon="-121.892910"><ele>455.4</ele><time>2021-07-03T15:58:55Z</time></trkpt>
<trkpt lat="37.078970" lon="-121.892864"><ele>455.2</ele><time>2021-07-03T15:58:56Z</time></trkpt>
<trkpt lat="37.079030" lon="-121.892912"><ele>454.8</ele><time>2021-07-03T15:58:57Z</time></trkpt>
<trkpt lat="37.079114" lon="-121.893134"><ele>453.7</ele><time>2021-07-03T15:59:01Z</time></trkpt>
<trkpt lat="37.079125" lon="-121.893260"><ele>453.0</ele><time>2021-07-03T15:59:02Z</time></trkpt>
<trkpt lat="37.079080" lon="-121.893294"><ele>452.7</ele><time>2021-07-03T15:59:03Z</time></trkpt>
<trkpt lat="37.079064" lon="-121.893540"><ele>451.4</ele><time>2021-07-03T15:59:07Z</time></trkpt>
<trkpt lat="37.079115" lon="-121.893594"><ele>451.0</ele><time>2021-07-03T15:59:08Z</time></trkpt>
<trkpt lat="37.079078" lon="-121.893770"><ele>450.0</ele><time>2021-07-03T15:59:10Z</time></trkpt>
<trkpt lat="37.079012" lon="-121.893856"><ele>449.3</ele><time>2021-07-03T15:59:12Z</time></trkpt>
<trkpt lat="37.079071" lon="-121.893887"><ele>448.9</ele><time>2021-07-03T15:59:13Z</time></trkpt>
<trkpt lat="37.079085" lon="-121.893621"><ele>447.8</ele><time>2021-07-03T15:59:15Z</time></trkpt>
<trkpt lat="37.079192" lon="-121.893481"><ele>445.7</ele><time>2021-07-03T15:59:18Z</time></trkpt>
<trkpt lat="37.079231" lon="-121.893384"><ele>445.5</ele><time>2021-07-03T15:59:21Z</time></trkpt>
<trkpt lat="37.079227" lon="-121.893314"><ele>446.0</ele><time>2021-07-03T15:59:22Z</time></trkpt>
<trkpt lat="37.079256" lon="-121.893283"><ele>445.4</ele><time>2021-07-03T15:59:23Z</time></trkpt>
<trkpt lat="37.079340" lon="-121.893307"><ele>446.2</ele><time>2021-07-03T15:59:25Z</time></trkpt>
<trkpt lat="37.079381" lon="-121.893394"><ele>446.8</ele><time>2021-07-03T15:59:26Z</time></trkpt>
<trkpt lat="37.079391" lon="-121.893537"><ele>446.9</ele><time>2021-07-03T15:59:28Z</time></trkpt>
<trkpt lat="37.079403" lon="-121.893663"><ele>442.1</ele><time>2021-07-03T15:59:30Z</time></trkpt>
<trkpt lat="37.079425" lon="-121.893746"><ele>438.3</ele><time>2021-07-03T15:59:31Z</time></trkpt>
<trkpt lat="37.079494" lon="-121.893805"><ele>435.3</ele><time>2021-07-03T15:59:32Z</time></trkpt>
<trkpt lat="37.079492" lon="-121.893914"><ele>435.1</ele><time>2021-07-03T15:59:33Z</time></trkpt>
<trkpt lat="37.079431" lon="-121.894021"><ele>436.9</ele><time>2021-07-03T15:59:34Z</time></trkpt>
<trkpt lat="37.079497" lon="-121.894312"><ele>435.3</ele><time>2021-07-03T15:59:39Z</time></trkpt>
<trkpt lat="37.079495" lon="-121.894113"><ele>434.2</ele><time>2021-07-03T15:59:42Z</time></trkpt>
<trkpt lat="37.079528" lon="-121.893990"><ele>433.5</ele><time>2021-07-03T15:59:44Z</time></trkpt>
<trkpt lat="37.079511" lon="-121.893919"><ele>433.0</ele><time>2021-07-03T15:59:46Z</time></trkpt>
<trkpt lat="37.079566" lon="-121.893707"><ele>431.6</ele><time>2021-07-03T15:59:50Z</time></trkpt>
<trkpt lat="37.079611" lon="-121.893714"><ele>431.2</ele><time>2021-07-03T15:59:52Z</time></trkpt>
<trkpt lat="37.079693" lon="-121.893938"><ele>429.5</ele><time>2021-07-03T15:59:55Z</time></trkpt>
<trkpt lat="37.079825" lon="-121.894169"><ele>427.9</ele><time>2021-07-03T15:59:58Z</time></trkpt>
<trkpt lat="37.079910" lon="-121.894210"><ele>427.4</ele><time>2021-07-03T16:00:00Z</time></trkpt>
<trkpt lat="37.079922" lon="-121.894462"><ele>426.6</ele><time>2021-07-03T16:00:03Z</time></trkpt>
<trkpt lat="37.079736" lon="-121.894668"><ele>425.4</ele><time>2021-07-03T16:00:10Z</time></trkpt>
<trkpt lat="37.079735" lon="-121.894704"><ele>425.2</ele><time>2021-07-03T16:00:11Z</time></trkpt>
<trkpt lat="37.079929" lon="-121.894827"><ele>424.6</ele><time>2021-07-03T16:00:15Z</time></trkpt>
<trkpt lat="37.079948" lon="-121.895117"><ele>423.8</ele><time>2021-07-03T16:00:22Z</time></trkpt>
<trkpt lat="37.079923" lon="-121.895138"><ele>423.6</ele><time>2021-07-03T16:00:23Z</time></trkpt>
<trkpt lat="37.079978" lon="-121.895258"><ele>422.9</ele><time>2021-07-03T16:00:25Z</time></trkpt>
<trkpt lat="37.079953" lon="-121.895339"><ele>422.4</ele><time>2021-07-03T16:00:26Z</time></trkpt>
<trkpt lat="37.079855" lon="-121.895327"><ele>421.7</ele><time>2021-07-03T16:00:28Z</time></trkpt>
<trkpt lat="37.079791" lon="-121.895473"><ele>420.7</ele><time>2021-07-03T16:00:30Z</time></trkpt>
<trkpt lat="37.079791" lon="-121.895542"><ele>420.3</ele><time>2021-07-03T16:00:31Z</time></trkpt>
<trkpt lat="37.079854" lon="-121.895764"><ele>418.9</ele><time>2021-07-03T16:00:34Z</time></trkpt>
<trkpt lat="37.079958" lon="-121.895817"><ele>418.1</ele><time>2021-07-03T16:00:35Z</time></trkpt>
<trkpt lat="37.079988" lon="-121.895814"><ele>417.8</ele><time>2021-07-03T16:00:36Z</time></trkpt>
<trkpt lat="37.079968" lon="-121.895638"><ele>416.6</ele><time>2021-07-03T16:00:39Z</time></trkpt>
<trkpt lat="37.080067" lon="-121.895562"><ele>415.6</ele><time>2021-07-03T16:00:41Z</time></trkpt>
<trkpt lat="37.080040" lon="-121.895714"><ele>414.5</ele><time>2021-07-03T16:00:44Z</time></trkpt>
<trkpt lat="37.080141" lon="-121.895908"><ele>413.0</ele><time>2021-07-03T16:00:48Z</time></trkpt>
<trkpt lat="37.080120" lon="-121.896085"><ele>412.3</ele><time>2021-07-03T16:00:50Z</time></trkpt>
<trkpt lat="37.080162" lon="-121.896232"><ele>411.9</ele><time>2021-07-03T16:00:53Z</time></trkpt>
<trkpt lat="37.080216" lon="-121.896305"><ele>411.8</ele><time>2021-07-03T16:00:57Z</time></trkpt>
<trkpt lat="37.080246" lon="-121.896295"><ele>411.8</ele><time>2021-07-03T16:00:59Z</time></trkpt>
<trkpt lat="37.080359" lon="-121.896378"><ele>411.7</ele><time>2021-07-03T16:01:03Z</time></trkpt>
<trkpt lat="37.080481" lon="-121.896666"><ele>411.5</ele><time>2021-07-03T16:01:08Z</time></trkpt>
<trkpt lat="37.080520" lon="-121.896866"><ele>411.3</ele><time>2021-07-03T16:01:11Z</time></trkpt>
<trkpt lat="37.080361" lon="-121.897134"><ele>410.9</ele><time>2021-07-03T16:01:16Z</time></trkpt>
<trkpt lat="37.080364" lon="-121.897351"><ele>410.7</ele><time>2021-07-03T16:01:19Z</time></trkpt>
<trkpt lat="37.080307" lon="-121.897448"><ele>410.6</ele><time>2021-07-03T16:01:22Z</time></trkpt>
<trkpt lat="37.080310" lon="-121.897541"><ele>410.5</ele><time>2021-07-03T16:01:24Z</time></trkpt>
<trkpt lat="37.080236" lon="-121.897610"><ele>410.6</ele><time>2021-07-03T16:01:29Z</time></trkpt>
<trkpt lat="37.080130" lon="-121.897636"><ele>410.7</ele><time>2021-07-03T16:01:32Z</time></trkpt>
<trkpt lat="37.080107" lon="-121.897680"><ele>410.8</ele><time>2021-07-03T16:01:34Z</time></trkpt>
<trkpt lat="37.080127" lon="-121.897637"><ele>410.9</ele><time>2021-07-03T16:01:37Z</time></trkpt>
<trkpt lat="37.080056" lon="-121.897657"><ele>411.1</ele><time>2021-07-03T16:01:41Z</time></trkpt>
<trkpt lat="37.079957" lon="-121.897449"><ele>411.9</ele><time>2021-07-03T16:03:48Z</time></trkpt>
<trkpt lat="37.080043" lon="-121.897560"><ele>412.3</ele><time>2021-07-03T16:03:51Z</time></trkpt>
<trkpt lat="37.080076" lon="-121.897708"><ele>412.5</ele><time>2021-07-03T16:03:59Z</time></trkpt>
<trkpt lat="37.080124" lon="-121.897705"><ele>412.6</ele><time>2021-07-03T16:04:00Z</time></trkpt>
<trkpt lat="37.080193" lon="-121.897900"><ele>411.9</ele><time>2021-07-03T16:04:04Z</time></trkpt>
<trkpt lat="37.080073" lon="-121.898004"><ele>411.2</ele><time>2021-07-03T16:04:06Z</time></trkpt>
<trkpt lat="37.079962" lon="-121.898344"><ele>409.3</ele><time>2021-07-03T16:04:10Z</time></trkpt>
<trkpt lat="37.079841" lon="-121.898427"><ele>409.8</ele><time>2021-07-03T16:04:12Z</time></trkpt>
<trkpt lat="37.079813" lon="-121.898520"><ele>409.1</ele><time>2021-07-03T16:04:13Z</time></trkpt>
<trkpt lat="37.079827" lon="-121.898595"><ele>406.6</ele><time>2021-07-03T16:04:14Z</time></trkpt>
<trkpt lat="37.079929" lon="-121.898619"><ele>405.1</ele><time>2021-07-03T16:04:16Z</time></trkpt>
<trkpt lat="37.080092" lon="-121.898239"><ele>408.2</ele><time>2021-07-03T16:04:19Z</time></trkpt>
<trkpt lat="37.080184" lon="-121.898289"><ele>405.1</ele><time>2021-07-03T16:04:21Z</time></trkpt>
<trkpt lat="37.080297" lon="-121.898224"><ele>404.1</ele><time>2021-07-03T16:04:23Z</time></trkpt>
<trkpt lat="37.080332" lon="-121.898240"><ele>403.2</ele><time>2021-07-03T16:04:24Z</time></trkpt>
<trkpt lat="37.080271" lon="-121.898419"><ele>401.6</ele><time>2021-07-03T16:04:26Z</time></trkpt>
<trkpt lat="37.080192" lon="-121.898498"><ele>402.3</ele><time>2021-07-03T16:04:28Z</time></trkpt>
<trkpt lat="37.080248" lon="-121.898579"><ele>399.5</ele><time>2021-07-03T16:04:30Z</time></trkpt>
<trkpt lat="37.080319" lon="-121.898531"><ele>399.0</ele><time>2021-07-03T16:04:31Z</time></trkpt>
<trkpt lat="37.080383" lon="-121.898406"><ele>399.1</ele><time>2021-07-03T16:04:32Z</time></trkpt>
<trkpt lat="37.080419" lon="-121.898435"><ele>398.0</ele><time>2021-07-03T16:04:33Z</time></trkpt>
<trkpt lat="37.080434" lon="-121.898498"><ele>397.5</ele><time>2021-07-03T16:04:34Z</time></trkpt>
<trkpt lat="37.080380" lon="-121.898775"><ele>394.5</ele><time>2021-07-03T16:04:37Z</time></trkpt>
<trkpt lat="37.080391" lon="-121.898882"><ele>393.7</ele><time>2021-07-03T16:04:38Z</time></trkpt>
<trkpt lat="37.080298" lon="-121.899052"><ele>392.3</ele><time>2021-07-03T16:04:40Z</time></trkpt>
<trkpt lat="37.080153" lon="-121.899065"><ele>390.7</ele><time>2021-07-03T16:04:42Z</time></trkpt>
<trkpt lat="37.080120" lon="-121.899133"><ele>389.9</ele><time>2021-07-03T16:04:44Z</time></trkpt>
<trkpt lat="37.080134" lon="-121.899185"><ele>389.3</ele><time>2021-07-03T16:04:45Z</time></trkpt>
<trkpt lat="37.080167" lon="-121.899212"><ele>388.8</ele><time>2021-07-03T16:04:46Z</time></trkpt>
<trkpt lat="37.080295" lon="-121.899181"><ele>387.4</ele><time>2021-07-03T16:04:47Z</time></trkpt>
<trkpt lat="37.080366" lon="-121.899093"><ele>386.7</ele><time>2021-07-03T16:04:48Z</time></trkpt>
<trkpt lat="37.080622" lon="-121.898955"><ele>384.6</ele><time>2021-07-03T16:04:53Z</time></trkpt>
<trkpt lat="37.080699" lon="-121.898769"><ele>383.2</ele><time>2021-07-03T16:04:56Z</time></trkpt>
<trkpt lat="37.080726" lon="-121.898553"><ele>382.1</ele><time>2021-07-03T16:04:58Z</time></trkpt>
<trkpt lat="37.080836" lon="-121.898404"><ele>381.4</ele><time>2021-07-03T16:05:00Z</time></trkpt>
<trkpt lat="37.080888" lon="-121.898249"><ele>381.0</ele><time>2021-07-03T16:05:02Z</time></trkpt>
<trkpt lat="37.080988" lon="-121.898207"><ele>380.6</ele><time>2021-07-03T16:05:04Z</time></trkpt>
<trkpt lat="37.081033" lon="-121.897923"><ele>379.7</ele><time>2021-07-03T16:05:10Z</time></trkpt>
<trkpt lat="37.081127" lon="-121.897850"><ele>379.3</ele><time>2021-07-03T16:05:11Z</time></trkpt>
<trkpt lat="37.081144" lon="-121.897800"><ele>379.1</ele><time>2021-07-03T16:05:12Z</time></trkpt>
<trkpt lat="37.081155" lon="-121.897619"><ele>378.5</ele><time>2021-07-03T16:05:14Z</time></trkpt>
<trkpt lat="37.081218" lon="-121.897494"><ele>377.9</ele><time>2021-07-03T16:05:17Z</time></trkpt>
<trkpt lat="37.081316" lon="-121.897080"><ele>375.4</ele><time>2021-07-03T16:05:23Z</time></trkpt>
<trkpt lat="37.081367" lon="-121.897032"><ele>374.9</ele><time>2021-07-03T16:05:24Z</time></trkpt>
<trkpt lat="37.081375" lon="-121.896978"><ele>374.5</ele><time>2021-07-03T16:05:25Z</time></trkpt>
<trkpt lat="37.081314" lon="-121.896798"><ele>372.9</ele><time>2021-07-03T16:05:28Z</time></trkpt>
<trkpt lat="37.081250" lon="-121.896725"><ele>372.1</ele><time>2021-07-03T16:05:32Z</time></trkpt>
<trkpt lat="37.081232" lon="-121.896617"><ele>371.4</ele><time>2021-07-03T16:05:34Z</time></trkpt>
<trkpt lat="37.081194" lon="-121.896597"><ele>371.2</ele><time>2021-07-03T16:05:35Z</time></trkpt>
<trkpt lat="37.081182" lon="-121.896451"><ele>370.6</ele><time>2021-07-03T16:05:36Z</time></trkpt>
<trkpt lat="37.081136" lon="-121.896412"><ele>370.3</ele><time>2021-07-03T16:05:37Z</time></trkpt>
<trkpt lat="37.081119" lon="-121.896264"><ele>369.8</ele><time>2021-07-03T16:05:39Z</time></trkpt>
<trkpt lat="37.081146" lon="-121.896197"><ele>369.6</ele><time>2021-07-03T16:05:40Z</time></trkpt>
<trkpt lat="37.081244" lon="-121.896176"><ele>369.1</ele><time>2021-07-03T16:05:41Z</time></trkpt>
<trkpt lat="37.081350" lon="-121.896236"><ele>368.0</ele><time>2021-07-03T16:05:43Z</time></trkpt>
<trkpt lat="37.081494" lon="-121.896410"><ele>366.0</ele><time>2021-07-03T16:05:46Z</time></trkpt>
<trkpt lat="37.081491" lon="-121.896543"><ele>364.9</ele><time>2021-07-03T16:05:47Z</time></trkpt>
<trkpt lat="37.081667" lon="-121.896653"><ele>363.1</ele><time>2021-07-03T16:05:51Z</time></trkpt>
<trkpt lat="37.081651" lon="-121.896812"><ele>362.0</ele><time>2021-07-03T16:05:53Z</time></trkpt>
<trkpt lat="37.081759" lon="-121.896910"><ele>360.9</ele><time>2021-07-03T16:05:55Z</time></trkpt>
<trkpt lat="37.081803" lon="-121.897018"><ele>360.0</ele><time>2021-07-03T16:05:58Z</time></trkpt>
<trkpt lat="37.081759" lon="-121.897109"><ele>359.3</ele><time>2021-07-03T16:06:00Z</time></trkpt>
<trkpt lat="37.081765" lon="-121.897176"><ele>358.8</ele><time>2021-07-03T16:06:01Z</time></trkpt>
<trkpt lat="37.081852" lon="-121.897465"><ele>356.8</ele><time>2021-07-03T16:06:06Z</time></trkpt>
<trkpt lat="37.081933" lon="-121.897587"><ele>355.8</ele><time>2021-07-03T16:06:08Z</time></trkpt>
<trkpt lat="37.082099" lon="-121.897617"><ele>354.6</ele><time>2021-07-03T16:06:10Z</time></trkpt>
<trkpt lat="37.082159" lon="-121.897705"><ele>354.0</ele><time>2021-07-03T16:06:12Z</time></trkpt>
<trkpt lat="37.082154" lon="-121.897769"><ele>353.6</ele><time>2021-07-03T16:06:13Z</time></trkpt>
<trkpt lat="37.082087" lon="-121.897798"><ele>353.1</ele><time>2021-07-03T16:06:14Z</time></trkpt>
<trkpt lat="37.082023" lon="-121.898065"><ele>351.0</ele><time>2021-07-03T16:06:17Z</time></trkpt>
<trkpt lat="37.081960" lon="-121.898186"><ele>349.9</ele><time>2021-07-03T16:06:19Z</time></trkpt>
<trkpt lat="37.081954" lon="-121.898305"><ele>349.0</ele><time>2021-07-03T16:06:24Z</time></trkpt>
<trkpt lat="37.082091" lon="-121.898040"><ele>346.0</ele><time>2021-07-03T16:06:30Z</time></trkpt>
<trkpt lat="37.082206" lon="-121.897945"><ele>344.6</ele><time>2021-07-03T16:06:32Z</time></trkpt>
<trkpt lat="37.082193" lon="-121.898185"><ele>342.6</ele><time>2021-07-03T16:06:35Z</time></trkpt>
<trkpt lat="37.082090" lon="-121.898298"><ele>341.3</ele><time>2021-07-03T16:06:38Z</time></trkpt>
<trkpt lat="37.082137" lon="-121.898655"><ele>339.0</ele><time>2021-07-03T16:06:45Z</time></trkpt>
<trkpt lat="37.082089" lon="-121.898668"><ele>338.6</ele><time>2021-07-03T16:06:46Z</time></trkpt>
<trkpt lat="37.082086" lon="-121.898753"><ele>338.1</ele><time>2021-07-03T16:06:48Z</time></trkpt>
<trkpt lat="37.082146" lon="-121.899081"><ele>335.9</ele><time>2021-07-03T16:06:52Z</time></trkpt>
<trkpt lat="37.082037" lon="-121.899354"><ele>334.4</ele><time>2021-07-03T16:06:55Z</time></trkpt>
<trkpt lat="37.082072" lon="-121.899401"><ele>334.2</ele><time>2021-07-03T16:06:56Z</time></trkpt>
<trkpt lat="37.082100" lon="-121.899387"><ele>334.0</ele><time>2021-07-03T16:06:57Z</time></trkpt>
<trkpt lat="37.081979" lon="-121.899767"><ele>333.0</ele><time>2021-07-03T16:07:02Z</time></trkpt>
<trkpt lat="37.081997" lon="-121.899834"><ele>332.9</ele><time>2021-07-03T16:07:03Z</time></trkpt>
<trkpt lat="37.081966" lon="-121.899998"><ele>332.9</ele><time>2021-07-03T16:07:05Z</time></trkpt>
<trkpt lat="37.081964" lon="-121.900257"><ele>333.0</ele><time>2021-07-03T16:07:10Z</time></trkpt>
<trkpt lat="37.081784" lon="-121.900498"><ele>332.7</ele><time>2021-07-03T16:07:16Z</time></trkpt>
<trkpt lat="37.081747" lon="-121.900614"><ele>332.5</ele><time>2021-07-03T16:07:18Z</time></trkpt>
<trkpt lat="37.081742" lon="-121.900727"><ele>332.2</ele><time>2021-07-03T16:07:21Z</time></trkpt>
<trkpt lat="37.081790" lon="-121.900847"><ele>331.9</ele><time>2021-07-03T16:07:23Z</time></trkpt>
<trkpt lat="37.081777" lon="-121.900984"><ele>331.4</ele><time>2021-07-03T16:07:26Z</time></trkpt>
<trkpt lat="37.081748" lon="-121.900954"><ele>331.4</ele><time>2021-07-03T16:07:31Z</time></trkpt>
<trkpt lat="37.081766" lon="-121.900918"><ele>331.4</ele><time>2021-07-03T16:07:35Z</time></trkpt>
<trkpt lat="37.081966" lon="-121.900932"><ele>331.2</ele><time>2021-07-03T16:08:18Z</time></trkpt>
<trkpt lat="37.081791" lon="-121.901032"><ele>331.0</ele><time>2021-07-03T16:08:19Z</time></trkpt>
<trkpt lat="37.081721" lon="-121.900995"><ele>330.9</ele><time>2021-07-03T16:08:46Z</time></trkpt>
<trkpt lat="37.081794" lon="-121.900881"><ele>330.8</ele><time>2021-07-03T16:08:54Z</time></trkpt>
<trkpt lat="37.081823" lon="-121.900966"><ele>330.8</ele><time>2021-07-03T16:08:56Z</time></trkpt>
<trkpt lat="37.081906" lon="-121.900931"><ele>330.7</ele><time>2021-07-03T16:09:01Z</time></trkpt>
<trkpt lat="37.081940" lon="-121.900853"><ele>330.6</ele><time>2021-07-03T16:09:02Z</time></trkpt>
<trkpt lat="37.081862" lon="-121.900956"><ele>331.0</ele><time>2021-07-03T16:09:03Z</time></trkpt>
<trkpt lat="37.081814" lon="-121.900884"><ele>331.3</ele><time>2021-07-03T16:09:07Z</time></trkpt>
<trkpt lat="37.081780" lon="-121.900894"><ele>331.4</ele><time>2021-07-03T16:09:09Z</time></trkpt>
<trkpt lat="37.081783" lon="-121.900950"><ele>330.6</ele><time>2021-07-03T16:09:10Z</time></trkpt>
<trkpt lat="37.081765" lon="-121.900872"><ele>330.0</ele><time>2021-07-03T16:09:14Z</time></trkpt>
<trkpt lat="37.081875" lon="-121.900948"><ele>328.7</ele><time>2021-07-03T16:09:17Z</time></trkpt>
<trkpt lat="37.081988" lon="-121.901269"><ele>325.5</ele><time>2021-07-03T16:09:21Z</time></trkpt>
<trkpt lat="37.081962" lon="-121.901368"><ele>324.7</ele><time>2021-07-03T16:09:22Z</time></trkpt>
<trkpt lat="37.081955" lon="-121.901808"><ele>321.9</ele><time>2021-07-03T16:09:26Z</time></trkpt>
<trkpt lat="37.082153" lon="-121.901962"><ele>320.9</ele><time>2021-07-03T16:09:28Z</time></trkpt>
<trkpt lat="37.082311" lon="-121.902164"><ele>320.1</ele><time>2021-07-03T16:09:30Z</time></trkpt>
<trkpt lat="37.082374" lon="-121.902354"><ele>319.4</ele><time>2021-07-03T16:09:33Z</time></trkpt>
<trkpt lat="37.082363" lon="-121.902482"><ele>318.9</ele><time>2021-07-03T16:09:34Z</time></trkpt>
<trkpt lat="37.082330" lon="-121.902512"><ele>318.6</ele><time>2021-07-03T16:09:35Z</time></trkpt>
<trkpt lat="37.082362" lon="-121.902461"><ele>318.3</ele><time>2021-07-03T16:09:37Z</time></trkpt>
<trkpt lat="37.082463" lon="-121.902804"><ele>316.6</ele><time>2021-07-03T16:09:40Z</time></trkpt>
<trkpt lat="37.082376" lon="-121.902971"><ele>315.9</ele><time>2021-07-03T16:09:42Z</time></trkpt>
<trkpt lat="37.082400" lon="-121.903071"><ele>315.5</ele><time>2021-07-03T16:09:44Z</time></trkpt>
<trkpt lat="37.082468" lon="-121.903161"><ele>315.2</ele><time>2021-07-03T16:09:45Z</time></trkpt>
<trkpt lat="37.082371" lon="-121.903435"><ele>314.5</ele><time>2021-07-03T16:09:48Z</time></trkpt>
<trkpt lat="37.082379" lon="-121.903618"><ele>314.0</ele><time>2021-07-03T16:09:50Z</time></trkpt>
<trkpt lat="37.082326" lon="-121.903735"><ele>313.4</ele><time>2021-07-03T16:09:52Z</time></trkpt>
<trkpt lat="37.082326" lon="-121.903814"><ele>313.0</ele><time>2021-07-03T16:09:53Z</time></trkpt>
<trkpt lat="37.082399" lon="-121.903972"><ele>311.7</ele><time>2021-07-03T16:09:55Z</time></trkpt>
<trkpt lat="37.082489" lon="-121.904386"><ele>309.8</ele><time>2021-07-03T16:10:00Z</time></trkpt>
<trkpt lat="37.082590" lon="-121.904415"><ele>309.2</ele><time>2021-07-03T16:10:02Z</time></trkpt>
<trkpt lat="37.082503" lon="-121.904168"><ele>307.7</ele><time>2021-07-03T16:10:04Z</time></trkpt>
<trkpt lat="37.082507" lon="-121.903999"><ele>306.8</ele><time>2021-07-03T16:10:05Z</time></trkpt>
<trkpt lat="37.082560" lon="-121.903894"><ele>306.2</ele><time>2021-07-03T16:10:06Z</time></trkpt>
<trkpt lat="37.082582" lon="-121.903704"><ele>305.5</ele><time>2021-07-03T16:10:08Z</time></trkpt>
<trkpt lat="37.082651" lon="-121.903688"><ele>305.2</ele><time>2021-07-03T16:10:10Z</time></trkpt>
<trkpt lat="37.082678" lon="-121.903548"><ele>304.6</ele><time>2021-07-03T16:10:12Z</time></trkpt>
<trkpt lat="37.082806" lon="-121.903488"><ele>303.8</ele><time>2021-07-03T16:10:14Z</time></trkpt>
<trkpt lat="37.082814" lon="-121.903420"><ele>303.4</ele><time>2021-07-03T16:10:15Z</time></trkpt>
<trkpt lat="37.082865" lon="-121.903384"><ele>303.0</ele><time>2021-07-03T16:10:16Z</time></trkpt>
<trkpt lat="37.082931" lon="-121.903405"><ele>302.5</ele><time>2021-07-03T16:10:17Z</time></trkpt>
<trkpt lat="37.082980" lon="-121.903642"><ele>300.8</ele><time>2021-07-03T16:10:20Z</time></trkpt>
<trkpt lat="37.082892" lon="-121.903855"><ele>299.1</ele><time>2021-07-03T16:10:22Z</time></trkpt>
<trkpt lat="37.082942" lon="-121.904138"><ele>297.5</ele><time>2021-07-03T16:10:25Z</time></trkpt>
<trkpt lat="37.082832" lon="-121.904248"><ele>296.5</ele><time>2021-07-03T16:10:28Z</time></trkpt>
<trkpt lat="37.082796" lon="-121.904330"><ele>296.0</ele><time>2021-07-03T16:10:30Z</time></trkpt>
<trkpt lat="37.082952" lon="-121.904341"><ele>294.7</ele><time>2021-07-03T16:10:32Z</time></trkpt>
<trkpt lat="37.083069" lon="-121.904056"><ele>292.4</ele><time>2021-07-03T16:10:34Z</time></trkpt>
<trkpt lat="37.083143" lon="-121.903968"><ele>291.5</ele><time>2021-07-03T16:10:36Z</time></trkpt>
<trkpt lat="37.083164" lon="-121.903771"><ele>290.1</ele><time>2021-07-03T16:10:38Z</time></trkpt>
<trkpt lat="37.083228" lon="-121.903727"><ele>289.4</ele><time>2021-07-03T16:10:39Z</time></trkpt>
<trkpt lat="37.083253" lon="-121.903657"><ele>288.7</ele><time>2021-07-03T16:10:40Z</time></trkpt>
<trkpt lat="37.083315" lon="-121.903672"><ele>288.0</ele><time>2021-07-03T16:10:41Z</time></trkpt>
<trkpt lat="37.083345" lon="-121.903738"><ele>287.3</ele><time>2021-07-03T16:10:42Z</time></trkpt>
<trkpt lat="37.083408" lon="-121.903999"><ele>285.1</ele><time>2021-07-03T16:10:44Z</time></trkpt>
<trkpt lat="37.083406" lon="-121.904105"><ele>284.4</ele><time>2021-07-03T16:10:45Z</time></trkpt>
<trkpt lat="37.083217" lon="-121.904503"><ele>281.1</ele><time>2021-07-03T16:10:50Z</time></trkpt>
<trkpt lat="37.083235" lon="-121.904555"><ele>280.5</ele><time>2021-07-03T16:10:51Z</time></trkpt>
<trkpt lat="37.083381" lon="-121.904342"><ele>277.7</ele><time>2021-07-03T16:10:54Z</time></trkpt>
<trkpt lat="37.083411" lon="-121.904351"><ele>277.3</ele><time>2021-07-03T16:10:55Z</time></trkpt>
<trkpt lat="37.083429" lon="-121.904413"><ele>276.6</ele><time>2021-07-03T16:10:56Z</time></trkpt>
<trkpt lat="37.083386" lon="-121.904672"><ele>274.3</ele><time>2021-07-03T16:10:59Z</time></trkpt>
<trkpt lat="37.083416" lon="-121.904814"><ele>273.2</ele><time>2021-07-03T16:11:01Z</time></trkpt>
<trkpt lat="37.083233" lon="-121.905056"><ele>271.0</ele><time>2021-07-03T16:11:05Z</time></trkpt>
<trkpt lat="37.083062" lon="-121.905165"><ele>269.9</ele><time>2021-07-03T16:11:08Z</time></trkpt>
<trkpt lat="37.083032" lon="-121.905439"><ele>269.0</ele><time>2021-07-03T16:11:11Z</time></trkpt>
<trkpt lat="37.082978" lon="-121.905580"><ele>268.6</ele><time>2021-07-03T16:11:13Z</time></trkpt>
<trkpt lat="37.083081" lon="-121.905687"><ele>268.2</ele><time>2021-07-03T16:11:15Z</time></trkpt>
<trkpt lat="37.083070" lon="-121.906023"><ele>266.6</ele><time>2021-07-03T16:11:23Z</time></trkpt>
<trkpt lat="37.083155" lon="-121.906026"><ele>265.6</ele><time>2021-07-03T16:11:25Z</time></trkpt>
<trkpt lat="37.083144" lon="-121.905813"><ele>263.7</ele><time>2021-07-03T16:11:27Z</time></trkpt>
<trkpt lat="37.083232" lon="-121.905681"><ele>262.2</ele><time>2021-07-03T16:11:29Z</time></trkpt>
<trkpt lat="37.083188" lon="-121.905582"><ele>261.4</ele><time>2021-07-03T16:11:31Z</time></trkpt>
<trkpt lat="37.083212" lon="-121.905397"><ele>260.1</ele><time>2021-07-03T16:11:33Z</time></trkpt>
<trkpt lat="37.083511" lon="-121.905283"><ele>257.3</ele><time>2021-07-03T16:11:38Z</time></trkpt>
<trkpt lat="37.083633" lon="-121.905290"><ele>256.2</ele><time>2021-07-03T16:11:39Z</time></trkpt>
<trkpt lat="37.083782" lon="-121.905218"><ele>255.1</ele><time>2021-07-03T16:11:41Z</time></trkpt>
<trkpt lat="37.083918" lon="-121.904877"><ele>253.7</ele><time>2021-07-03T16:11:48Z</time></trkpt>
<trkpt lat="37.084071" lon="-121.904782"><ele>253.0</ele><time>2021-07-03T16:11:51Z</time></trkpt>
<trkpt lat="37.084234" lon="-121.904967"><ele>251.5</ele><time>2021-07-03T16:11:55Z</time></trkpt>
<trkpt lat="37.084333" lon="-121.904991"><ele>250.8</ele><time>2021-07-03T16:11:57Z</time></trkpt>
<trkpt lat="37.084497" lon="-121.904938"><ele>249.6</ele><time>2021-07-03T16:12:00Z</time></trkpt>
<trkpt lat="37.084573" lon="-121.904829"><ele>248.7</ele><time>2021-07-03T16:12:03Z</time></trkpt>
<trkpt lat="37.084703" lon="-121.904848"><ele>247.9</ele><time>2021-07-03T16:12:04Z</time></trkpt>
<trkpt lat="37.084931" lon="-121.904997"><ele>246.8</ele><time>2021-07-03T16:12:09Z</time></trkpt>
<trkpt lat="37.084986" lon="-121.904523"><ele>245.5</ele><time>2021-07-03T16:12:20Z</time></trkpt>
<trkpt lat="37.085048" lon="-121.904302"><ele>245.9</ele><time>2021-07-03T16:12:23Z</time></trkpt>
<trkpt lat="37.085018" lon="-121.904266"><ele>246.1</ele><time>2021-07-03T16:12:24Z</time></trkpt>
<trkpt lat="37.084985" lon="-121.904012"><ele>247.5</ele><time>2021-07-03T16:12:34Z</time></trkpt>
<trkpt lat="37.085048" lon="-121.903922"><ele>248.1</ele><time>2021-07-03T16:12:38Z</time></trkpt>
<trkpt lat="37.085060" lon="-121.903819"><ele>248.7</ele><time>2021-07-03T16:12:45Z</time></trkpt>
<trkpt lat="37.085046" lon="-121.903867"><ele>249.0</ele><time>2021-07-03T16:12:46Z</time></trkpt>
<trkpt lat="37.085083" lon="-121.903833"><ele>249.5</ele><time>2021-07-03T16:12:51Z</time></trkpt>
<trkpt lat="37.084979" lon="-121.903699"><ele>250.4</ele><time>2021-07-03T16:13:03Z</time></trkpt>
<trkpt lat="37.085044" lon="-121.903738"><ele>250.8</ele><time>2021-07-03T16:13:04Z</time></trkpt>
<trkpt lat="37.085043" lon="-121.903533"><ele>251.7</ele><time>2021-07-03T16:15:25Z</time></trkpt>
<trkpt lat="37.085077" lon="-121.903475"><ele>252.1</ele><time>2021-07-03T16:15:28Z</time></trkpt>
<trkpt lat="37.085073" lon="-121.903105"><ele>254.1</ele><time>2021-07-03T16:15:44Z</time></trkpt>
<trkpt lat="37.084981" lon="-121.902752"><ele>256.2</ele><time>2021-07-03T16:16:02Z</time></trkpt>
<trkpt lat="37.084934" lon="-121.902740"><ele>256.5</ele><time>2021-07-03T16:16:06Z</time></trkpt>
<trkpt lat="37.084882" lon="-121.902826"><ele>257.2</ele><time>2021-07-03T16:16:24Z</time></trkpt>
<trkpt lat="37.084817" lon="-121.902681"><ele>258.2</ele><time>2021-07-03T16:16:28Z</time></trkpt>
<trkpt lat="37.084856" lon="-121.902568"><ele>259.0</ele><time>2021-07-03T16:16:32Z</time></trkpt>
<trkpt lat="37.084812" lon="-121.902581"><ele>259.4</ele><time>2021-07-03T16:16:33Z</time></trkpt>
<trkpt lat="37.084750" lon="-121.902441"><ele>260.7</ele><time>2021-07-03T16:16:43Z</time></trkpt>
<trkpt lat="37.084781" lon="-121.902265"><ele>262.1</ele><time>2021-07-03T16:16:50Z</time></trkpt>
<trkpt lat="37.084680" lon="-121.902156"><ele>263.4</ele><time>2021-07-03T16:17:01Z</time></trkpt>
<trkpt lat="37.084456" lon="-121.902007"><ele>265.5</ele><time>2021-07-03T16:17:21Z</time></trkpt>
<trkpt lat="37.084432" lon="-121.902038"><ele>265.8</ele><time>2021-07-03T16:17:22Z</time></trkpt>
<trkpt lat="37.084329" lon="-121.901977"><ele>266.5</ele><time>2021-07-03T16:17:27Z</time></trkpt>
<trkpt lat="37.084280" lon="-121.901760"><ele>267.7</ele><time>2021-07-03T16:17:36Z</time></trkpt>
<trkpt lat="37.084194" lon="-121.901707"><ele>268.4</ele><time>2021-07-03T16:17:41Z</time></trkpt>
<trkpt lat="37.084243" lon="-121.901615"><ele>269.0</ele><time>2021-07-03T16:17:46Z</time></trkpt>
<trkpt lat="37.084230" lon="-121.901545"><ele>269.4</ele><time>2021-07-03T16:17:49Z</time></trkpt>
<trkpt lat="37.084278" lon="-121.901544"><ele>269.7</ele><time>2021-07-03T16:17:51Z</time></trkpt>
<trkpt lat="37.084243" lon="-121.901574"><ele>270.0</ele><time>2021-07-03T16:17:53Z</time></trkpt>
<trkpt lat="37.084162" lon="-121.901548"><ele>270.7</ele><time>2021-07-03T16:17:55Z</time></trkpt>
<trkpt lat="37.084120" lon="-121.901475"><ele>271.2</ele><time>2021-07-03T16:17:58Z</time></trkpt>
<trkpt lat="37.084136" lon="-121.901558"><ele>271.6</ele><time>2021-07-03T16:18:20Z</time></trkpt>
<trkpt lat="37.084078" lon="-121.901603"><ele>272.1</ele><time>2021-07-03T16:18:24Z</time></trkpt>
<trkpt lat="37.084015" lon="-121.901456"><ele>273.3</ele><time>2021-07-03T16:18:35Z</time></trkpt>
<trkpt lat="37.083928" lon="-121.901424"><ele>274.4</ele><time>2021-07-03T16:18:44Z</time></trkpt>
<trkpt lat="37.083823" lon="-121.901460"><ele>275.6</ele><time>2021-07-03T16:18:50Z</time></trkpt>
<trkpt lat="37.083772" lon="-121.901393"><ele>276.5</ele><time>2021-07-03T16:18:57Z</time></trkpt>
<trkpt lat="37.083656" lon="-121.901355"><ele>277.7</ele><time>2021-07-03T16:19:02Z</time></trkpt>
<trkpt lat="37.083572" lon="-121.901218"><ele>279.1</ele><time>2021-07-03T16:19:10Z</time></trkpt>
<trkpt lat="37.083524" lon="-121.901206"><ele>279.5</ele><time>2021-07-03T16:19:13Z</time></trkpt>
<trkpt lat="37.083525" lon="-121.901169"><ele>279.7</ele><time>2021-07-03T16:19:15Z</time></trkpt>
<trkpt lat="37.083429" lon="-121.901069"><ele>280.7</ele><time>2021-07-03T16:19:22Z</time></trkpt>
<trkpt lat="37.083435" lon="-121.901004"><ele>281.1</ele><time>2021-07-03T16:19:24Z</time></trkpt>
<trkpt lat="37.083326" lon="-121.900675"><ele>282.9</ele><time>2021-07-03T16:19:40Z</time></trkpt>
<trkpt lat="37.083230" lon="-121.900486"><ele>284.1</ele><time>2021-07-03T16:19:50Z</time></trkpt>
<trkpt lat="37.083291" lon="-121.900178"><ele>285.2</ele><time>2021-07-03T16:19:57Z</time></trkpt>
<trkpt lat="37.083400" lon="-121.900059"><ele>284.9</ele><time>2021-07-03T16:20:00Z</time></trkpt>
<trkpt lat="37.083514" lon="-121.899852"><ele>283.8</ele><time>2021-07-03T16:20:08Z</time></trkpt>
<trkpt lat="37.083636" lon="-121.899769"><ele>282.9</ele><time>2021-07-03T16:20:14Z</time></trkpt>
<trkpt lat="37.083911" lon="-121.899748"><ele>281.9</ele><time>2021-07-03T16:20:28Z</time></trkpt>
<trkpt lat="37.084092" lon="-121.899844"><ele>282.3</ele><time>2021-07-03T16:20:42Z</time></trkpt>
<trkpt lat="37.084153" lon="-121.899829"><ele>282.7</ele><time>2021-07-03T16:20:46Z</time></trkpt>
<trkpt lat="37.084196" lon="-121.899768"><ele>283.1</ele><time>2021-07-03T16:20:51Z</time></trkpt>
<trkpt lat="37.084243" lon="-121.899806"><ele>283.5</ele><time>2021-07-03T16:20:53Z</time></trkpt>
<trkpt lat="37.084302" lon="-121.899784"><ele>284.1</ele><time>2021-07-03T16:20:56Z</time></trkpt>
<trkpt lat="37.084373" lon="-121.899709"><ele>284.8</ele><time>2021-07-03T16:21:01Z</time></trkpt>
<trkpt lat="37.084422" lon="-121.899748"><ele>285.2</ele><time>2021-07-03T16:21:06Z</time></trkpt>
<trkpt lat="37.084437" lon="-121.899715"><ele>285.4</ele><time>2021-07-03T16:21:07Z</time></trkpt>
<trkpt lat="37.084493" lon="-121.899729"><ele>285.9</ele><time>2021-07-03T16:21:09Z</time></trkpt>
<trkpt lat="37.084726" lon="-121.899973"><ele>288.2</ele><time>2021-07-03T16:21:18Z</time></trkpt>
<trkpt lat="37.084765" lon="-121.900055"><ele>288.8</ele><time>2021-07-03T16:21:21Z</time></trkpt>
<trkpt lat="37.084843" lon="-121.900046"><ele>289.4</ele><time>2021-07-03T16:21:27Z</time></trkpt>
<trkpt lat="37.084918" lon="-121.900197"><ele>290.7</ele><time>2021-07-03T16:21:39Z</time></trkpt>
<trkpt lat="37.084991" lon="-121.900087"><ele>291.5</ele><time>2021-07-03T16:21:46Z</time></trkpt>
<trkpt lat="37.085027" lon="-121.900228"><ele>292.3</ele><time>2021-07-03T16:21:51Z</time></trkpt>
<trkpt lat="37.085018" lon="-121.900145"><ele>292.6</ele><time>2021-07-03T16:21:52Z</time></trkpt>
<trkpt lat="37.084900" lon="-121.900226"><ele>293.4</ele><time>2021-07-03T16:22:00Z</time></trkpt>
<trkpt lat="37.084965" lon="-121.900177"><ele>293.8</ele><time>2021-07-03T16:22:01Z</time></trkpt>
<trkpt lat="37.084967" lon="-121.900134"><ele>294.0</ele><time>2021-07-03T16:22:03Z</time></trkpt>
<trkpt lat="37.084910" lon="-121.900090"><ele>294.5</ele><time>2021-07-03T16:22:09Z</time></trkpt>
<trkpt lat="37.084827" lon="-121.900110"><ele>295.0</ele><time>2021-07-03T16:22:16Z</time></trkpt>
<trkpt lat="37.084834" lon="-121.900142"><ele>295.2</ele><time>2021-07-03T16:22:18Z</time></trkpt>
<trkpt lat="37.085102" lon="-121.900030"><ele>296.8</ele><time>2021-07-03T16:22:46Z</time></trkpt>
<trkpt lat="37.085170" lon="-121.900080"><ele>297.3</ele><time>2021-07-03T16:22:47Z</time></trkpt>
<trkpt lat="37.085237" lon="-121.900061"><ele>297.7</ele><time>2021-07-03T16:22:50Z</time></trkpt>
<trkpt lat="37.085313" lon="-121.899974"><ele>298.3</ele><time>2021-07-03T16:22:55Z</time></trkpt>
<trkpt lat="37.085328" lon="-121.899716"><ele>299.8</ele><time>2021-07-03T16:23:13Z</time></trkpt>
<trkpt lat="37.085350" lon="-121.899799"><ele>300.2</ele><time>2021-07-03T16:23:15Z</time></trkpt>
<trkpt lat="37.085384" lon="-121.899798"><ele>300.4</ele><time>2021-07-03T16:23:16Z</time></trkpt>
<trkpt lat="37.085393" lon="-121.899759"><ele>300.5</ele><time>2021-07-03T16:23:17Z</time></trkpt>
<trkpt lat="37.085584" lon="-121.899792"><ele>301.2</ele><time>2021-07-03T16:23:22Z</time></trkpt>
<trkpt lat="37.085580" lon="-121.899713"><ele>301.4</ele><time>2021-07-03T16:23:24Z</time></trkpt>
<trkpt lat="37.085614" lon="-121.899702"><ele>301.5</ele><time>2021-07-03T16:23:25Z</time></trkpt>
<trkpt lat="37.085615" lon="-121.899647"><ele>301.7</ele><time>2021-07-03T16:23:27Z</time></trkpt>
<trkpt lat="37.085683" lon="-121.899581"><ele>302.1</ele><time>2021-07-03T16:23:34Z</time></trkpt>
<trkpt lat="37.085701" lon="-121.899446"><ele>302.8</ele><time>2021-07-03T16:23:41Z</time></trkpt>
<trkpt lat="37.085735" lon="-121.899471"><ele>303.0</ele><time>2021-07-03T16:23:42Z</time></trkpt>
<trkpt lat="37.085806" lon="-121.899304"><ele>303.8</ele><time>2021-07-03T16:23:47Z</time></trkpt>
<trkpt lat="37.085837" lon="-121.899085"><ele>304.8</ele><time>2021-07-03T16:23:56Z</time></trkpt>
<trkpt lat="37.085974" lon="-121.898920"><ele>306.0</ele><time>2021-07-03T16:24:06Z</time></trkpt>
<trkpt lat="37.085938" lon="-121.898863"><ele>306.5</ele><time>2021-07-03T16:24:10Z</time></trkpt>
<trkpt lat="37.086053" lon="-121.898899"><ele>307.4</ele><time>2021-07-03T16:24:14Z</time></trkpt>
<trkpt lat="37.086116" lon="-121.898882"><ele>308.0</ele><time>2021-07-03T16:24:16Z</time></trkpt>
<trkpt lat="37.086135" lon="-121.898911"><ele>308.3</ele><time>2021-07-03T16:24:18Z</time></trkpt>
<trkpt lat="37.086168" lon="-121.898883"><ele>308.7</ele><time>2021-07-03T16:24:22Z</time></trkpt>
<trkpt lat="37.086173" lon="-121.898913"><ele>308.9</ele><time>2021-07-03T16:24:24Z</time></trkpt>
<trkpt lat="37.086196" lon="-121.898785"><ele>310.2</ele><time>2021-07-03T16:24:31Z</time></trkpt>
<trkpt lat="37.086294" lon="-121.898763"><ele>311.3</ele><time>2021-07-03T16:24:36Z</time></trkpt>
<trkpt lat="37.086281" lon="-121.898742"><ele>311.6</ele><time>2021-07-03T16:24:37Z</time></trkpt>
<trkpt lat="37.086280" lon="-121.898772"><ele>311.8</ele><time>2021-07-03T16:24:38Z</time></trkpt>
<trkpt lat="37.086317" lon="-121.898776"><ele>312.2</ele><time>2021-07-03T16:24:39Z</time></trkpt>
<trkpt lat="37.086340" lon="-121.898733"><ele>312.9</ele><time>2021-07-03T16:24:42Z</time></trkpt>
<trkpt lat="37.086387" lon="-121.898725"><ele>313.4</ele><time>2021-07-03T16:24:43Z</time></trkpt>
<trkpt lat="37.086361" lon="-121.898715"><ele>313.7</ele><time>2021-07-03T16:24:46Z</time></trkpt>
<trkpt lat="37.086369" lon="-121.898668"><ele>314.1</ele><time>2021-07-03T16:24:48Z</time></trkpt>
<trkpt lat="37.086471" lon="-121.898618"><ele>315.2</ele><time>2021-07-03T16:24:54Z</time></trkpt>
<trkpt lat="37.086549" lon="-121.898497"><ele>316.4</ele><time>2021-07-03T16:25:01Z</time></trkpt>
<trkpt lat="37.086620" lon="-121.898466"><ele>317.1</ele><time>2021-07-03T16:25:06Z</time></trkpt>
<trkpt lat="37.086689" lon="-121.898509"><ele>317.7</ele><time>2021-07-03T16:25:11Z</time></trkpt>
<trkpt lat="37.086714" lon="-121.898466"><ele>318.1</ele><time>2021-07-03T16:25:13Z</time></trkpt>
<trkpt lat="37.086676" lon="-121.898465"><ele>318.3</ele><time>2021-07-03T16:25:14Z</time></trkpt>
<trkpt lat="37.086755" lon="-121.898463"><ele>319.0</ele><time>2021-07-03T16:25:19Z</time></trkpt>
<trkpt lat="37.086807" lon="-121.898533"><ele>319.8</ele><time>2021-07-03T16:25:27Z</time></trkpt>
<trkpt lat="37.086693" lon="-121.898335"><ele>322.2</ele><time>2021-07-03T16:25:51Z</time></trkpt>
<trkpt lat="37.086699" lon="-121.898193"><ele>323.0</ele><time>2021-07-03T16:25:57Z</time></trkpt>
<trkpt lat="37.086745" lon="-121.898124"><ele>323.4</ele><time>2021-07-03T16:26:00Z</time></trkpt>
<trkpt lat="37.086736" lon="-121.898057"><ele>323.8</ele><time>2021-07-03T16:26:07Z</time></trkpt>
<trkpt lat="37.086820" lon="-121.897922"><ele>324.5</ele><time>2021-07-03T16:26:18Z</time></trkpt>
<trkpt lat="37.086797" lon="-121.897798"><ele>325.0</ele><time>2021-07-03T16:26:24Z</time></trkpt>
<trkpt lat="37.086871" lon="-121.897611"><ele>325.8</ele><time>2021-07-03T16:26:31Z</time></trkpt>
<trkpt lat="37.086863" lon="-121.897492"><ele>326.4</ele><time>2021-07-03T16:26:36Z</time></trkpt>
<trkpt lat="37.086922" lon="-121.897432"><ele>326.9</ele><time>2021-07-03T16:26:39Z</time></trkpt>
<trkpt lat="37.086952" lon="-121.897334"><ele>327.9</ele><time>2021-07-03T16:26:44Z</time></trkpt>
<trkpt lat="37.087105" lon="-121.897260"><ele>329.5</ele><time>2021-07-03T16:26:52Z</time></trkpt>
<trkpt lat="37.087131" lon="-121.897310"><ele>329.9</ele><time>2021-07-03T16:26:55Z</time></trkpt>
<trkpt lat="37.087163" lon="-121.897240"><ele>330.7</ele><time>2021-07-03T16:27:01Z</time></trkpt>
<trkpt lat="37.087204" lon="-121.897291"><ele>331.3</ele><time>2021-07-03T16:27:04Z</time></trkpt>
<trkpt lat="37.087258" lon="-121.897269"><ele>331.7</ele><time>2021-07-03T16:27:06Z</time></trkpt>
<trkpt lat="37.087293" lon="-121.897195"><ele>332.2</ele><time>2021-07-03T16:27:09Z</time></trkpt>
<trkpt lat="37.087300" lon="-121.897073"><ele>332.9</ele><time>2021-07-03T16:27:14Z</time></trkpt>
<trkpt lat="37.087377" lon="-121.896998"><ele>333.6</ele><time>2021-07-03T16:27:17Z</time></trkpt>
<trkpt lat="37.087374" lon="-121.896949"><ele>333.9</ele><time>2021-07-03T16:27:20Z</time></trkpt>
<trkpt lat="37.087431" lon="-121.896872"><ele>334.4</ele><time>2021-07-03T16:27:24Z</time></trkpt>
<trkpt lat="37.087505" lon="-121.896838"><ele>334.9</ele><time>2021-07-03T16:27:27Z</time></trkpt>
<trkpt lat="37.087528" lon="-121.896769"><ele>335.2</ele><time>2021-07-03T16:27:29Z</time></trkpt>
<trkpt lat="37.087667" lon="-121.896695"><ele>336.2</ele><time>2021-07-03T16:27:38Z</time></trkpt>
<trkpt lat="37.087792" lon="-121.896708"><ele>337.2</ele><time>2021-07-03T16:27:45Z</time></trkpt>
<trkpt lat="37.087792" lon="-121.896676"><ele>337.4</ele><time>2021-07-03T16:27:46Z</time></trkpt>
<trkpt lat="37.087842" lon="-121.896646"><ele>337.8</ele><time>2021-07-03T16:27:50Z</time></trkpt>
<trkpt lat="37.087915" lon="-121.896699"><ele>338.5</ele><time>2021-07-03T16:27:54Z</time></trkpt>
<trkpt lat="37.087945" lon="-121.896677"><ele>338.8</ele><time>2021-07-03T16:27:55Z</time></trkpt>
<trkpt lat="37.087998" lon="-121.896739"><ele>339.3</ele><time>2021-07-03T16:27:58Z</time></trkpt>
<trkpt lat="37.088036" lon="-121.896724"><ele>339.6</ele><time>2021-07-03T16:28:01Z</time></trkpt>
<trkpt lat="37.088112" lon="-121.896668"><ele>340.2</ele><time>2021-07-03T16:28:07Z</time></trkpt>
<trkpt lat="37.088120" lon="-121.896609"><ele>340.5</ele><time>2021-07-03T16:28:10Z</time></trkpt>
<trkpt lat="37.088168" lon="-121.896592"><ele>340.9</ele><time>2021-07-03T16:28:14Z</time></trkpt>
<trkpt lat="37.088209" lon="-121.896492"><ele>341.5</ele><time>2021-07-03T16:28:17Z</time></trkpt>
<trkpt lat="37.088294" lon="-121.896446"><ele>342.0</ele><time>2021-07-03T16:28:18Z</time></trkpt>
<trkpt lat="37.088320" lon="-121.896207"><ele>343.3</ele><time>2021-07-03T16:28:26Z</time></trkpt>
<trkpt lat="37.088288" lon="-121.896202"><ele>343.7</ele><time>2021-07-03T16:28:31Z</time></trkpt>
<trkpt lat="37.088285" lon="-121.896159"><ele>344.0</ele><time>2021-07-03T16:28:33Z</time></trkpt>
<trkpt lat="37.088298" lon="-121.896131"><ele>344.2</ele><time>2021-07-03T16:28:34Z</time></trkpt>
<trkpt lat="37.088292" lon="-121.896186"><ele>344.6</ele><time>2021-07-03T16:28:35Z</time></trkpt>
<trkpt lat="37.088345" lon="-121.896104"><ele>345.4</ele><time>2021-07-03T16:28:38Z</time></trkpt>
<trkpt lat="37.088325" lon="-121.896075"><ele>345.7</ele><time>2021-07-03T16:28:40Z</time></trkpt>
<trkpt lat="37.088346" lon="-121.895995"><ele>346.4</ele><time>2021-07-03T16:28:44Z</time></trkpt>
<trkpt lat="37.088297" lon="-121.895805"><ele>348.8</ele><time>2021-07-03T16:28:57Z</time></trkpt>
<trkpt lat="37.088260" lon="-121.895825"><ele>349.3</ele><time>2021-07-03T16:29:01Z</time></trkpt>
<trkpt lat="37.088247" lon="-121.895606"><ele>351.0</ele><time>2021-07-03T16:29:08Z</time></trkpt>
<trkpt lat="37.088197" lon="-121.895593"><ele>351.4</ele><time>2021-07-03T16:29:12Z</time></trkpt>
<trkpt lat="37.088123" lon="-121.895497"><ele>352.3</ele><time>2021-07-03T16:29:17Z</time></trkpt>
<trkpt lat="37.088168" lon="-121.895412"><ele>353.4</ele><time>2021-07-03T16:29:30Z</time></trkpt>
<trkpt lat="37.088118" lon="-121.895370"><ele>353.8</ele><time>2021-07-03T16:30:03Z</time></trkpt>
<trkpt lat="37.088069" lon="-121.895410"><ele>354.4</ele><time>2021-07-03T16:30:09Z</time></trkpt>
<trkpt lat="37.088001" lon="-121.895406"><ele>355.0</ele><time>2021-07-03T16:30:14Z</time></trkpt>
<trkpt lat="37.087975" lon="-121.895240"><ele>356.0</ele><time>2021-07-03T16:30:20Z</time></trkpt>
<trkpt lat="37.087908" lon="-121.895282"><ele>356.4</ele><time>2021-07-03T16:30:22Z</time></trkpt>
<trkpt lat="37.087903" lon="-121.895181"><ele>357.0</ele><time>2021-07-03T16:30:27Z</time></trkpt>
<trkpt lat="37.087826" lon="-121.895047"><ele>358.1</ele><time>2021-07-03T16:30:34Z</time></trkpt>
<trkpt lat="37.087798" lon="-121.894925"><ele>359.1</ele><time>2021-07-03T16:30:41Z</time></trkpt>
<trkpt lat="37.087760" lon="-121.894950"><ele>359.4</ele><time>2021-07-03T16:30:42Z</time></trkpt>
<trkpt lat="37.087780" lon="-121.894892"><ele>359.8</ele><time>2021-07-03T16:30:43Z</time></trkpt>
<trkpt lat="37.087645" lon="-121.894706"><ele>361.4</ele><time>2021-07-03T16:30:51Z</time></trkpt>
<trkpt lat="37.087630" lon="-121.894638"><ele>361.7</ele><time>2021-07-03T16:30:52Z</time></trkpt>
<trkpt lat="37.087618" lon="-121.894666"><ele>361.9</ele><time>2021-07-03T16:30:53Z</time></trkpt>
<trkpt lat="37.087605" lon="-121.894647"><ele>362.0</ele><time>2021-07-03T16:30:54Z</time></trkpt>
<trkpt lat="37.087721" lon="-121.894106"><ele>364.9</ele><time>2021-07-03T16:31:12Z</time></trkpt>
<trkpt lat="37.087832" lon="-121.894004"><ele>365.8</ele><time>2021-07-03T16:31:17Z</time></trkpt>
<trkpt lat="37.087885" lon="-121.893859"><ele>366.5</ele><time>2021-07-03T16:31:24Z</time></trkpt>
<trkpt lat="37.087949" lon="-121.893945"><ele>367.1</ele><time>2021-07-03T16:31:26Z</time></trkpt>
<trkpt lat="37.087909" lon="-121.893967"><ele>367.4</ele><time>2021-07-03T16:31:29Z</time></trkpt>
<trkpt lat="37.087946" lon="-121.894018"><ele>367.8</ele><time>2021-07-03T16:31:30Z</time></trkpt>
<trkpt lat="37.087994" lon="-121.893981"><ele>368.3</ele><time>2021-07-03T16:31:33Z</time></trkpt>
<trkpt lat="37.087973" lon="-121.893836"><ele>369.4</ele><time>2021-07-03T16:31:39Z</time></trkpt>
<trkpt lat="37.087934" lon="-121.893798"><ele>369.8</ele><time>2021-07-03T16:31:41Z</time></trkpt>
<trkpt lat="37.087815" lon="-121.893473"><ele>371.0</ele><time>2021-07-03T16:31:58Z</time></trkpt>
<trkpt lat="37.087828" lon="-121.893398"><ele>371.0</ele><time>2021-07-03T16:32:05Z</time></trkpt>
<trkpt lat="37.087786" lon="-121.893270"><ele>370.9</ele><time>2021-07-03T16:32:08Z</time></trkpt>
<trkpt lat="37.087688" lon="-121.893102"><ele>370.5</ele><time>2021-07-03T16:32:16Z</time></trkpt>
<trkpt lat="37.087605" lon="-121.893044"><ele>370.2</ele><time>2021-07-03T16:32:20Z</time></trkpt>
<trkpt lat="37.087575" lon="-121.892712"><ele>369.5</ele><time>2021-07-03T16:32:26Z</time></trkpt>
<trkpt lat="37.087739" lon="-121.892410"><ele>369.5</ele><time>2021-07-03T16:32:31Z</time></trkpt>
<trkpt lat="37.087978" lon="-121.892238"><ele>370.1</ele><time>2021-07-03T16:32:37Z</time></trkpt>
<trkpt lat="37.088035" lon="-121.892288"><ele>370.3</ele><time>2021-07-03T16:32:38Z</time></trkpt>
<trkpt lat="37.088067" lon="-121.892258"><ele>370.4</ele><time>2021-07-03T16:32:39Z</time></trkpt>
<trkpt lat="37.088448" lon="-121.892362"><ele>371.8</ele><time>2021-07-03T16:32:51Z</time></trkpt>
<trkpt lat="37.088673" lon="-121.892573"><ele>373.7</ele><time>2021-07-03T16:33:08Z</time></trkpt>
<trkpt lat="37.088749" lon="-121.892605"><ele>374.2</ele><time>2021-07-03T16:33:13Z</time></trkpt>
<trkpt lat="37.088782" lon="-121.892721"><ele>374.9</ele><time>2021-07-03T16:33:16Z</time></trkpt>
<trkpt lat="37.088874" lon="-121.892825"><ele>375.9</ele><time>2021-07-03T16:33:21Z</time></trkpt>
<trkpt lat="37.088983" lon="-121.892884"><ele>377.1</ele><time>2021-07-03T16:33:29Z</time></trkpt>
<trkpt lat="37.089203" lon="-121.892779"><ele>379.9</ele><time>2021-07-03T16:33:49Z</time></trkpt>
<trkpt lat="37.089145" lon="-121.892858"><ele>380.6</ele><time>2021-07-03T16:33:50Z</time></trkpt>
<trkpt lat="37.089258" lon="-121.892871"><ele>381.7</ele><time>2021-07-03T16:33:52Z</time></trkpt>
<trkpt lat="37.089325" lon="-121.892830"><ele>382.4</ele><time>2021-07-03T16:33:53Z</time></trkpt>
<trkpt lat="37.089373" lon="-121.892896"><ele>383.1</ele><time>2021-07-03T16:33:54Z</time></trkpt>
<trkpt lat="37.089462" lon="-121.892844"><ele>384.1</ele><time>2021-07-03T16:33:58Z</time></trkpt>
<trkpt lat="37.089485" lon="-121.892902"><ele>384.7</ele><time>2021-07-03T16:34:04Z</time></trkpt>
<trkpt lat="37.089530" lon="-121.892869"><ele>385.2</ele><time>2021-07-03T16:34:09Z</time></trkpt>
<trkpt lat="37.089496" lon="-121.892865"><ele>385.5</ele><time>2021-07-03T16:34:10Z</time></trkpt>
<trkpt lat="37.089605" lon="-121.892858"><ele>386.5</ele><time>2021-07-03T16:34:19Z</time></trkpt>
<trkpt lat="37.089648" lon="-121.892796"><ele>387.0</ele><time>2021-07-03T16:34:25Z</time></trkpt>
<trkpt lat="37.089657" lon="-121.892822"><ele>387.2</ele><time>2021-07-03T16:34:26Z</time></trkpt>
<trkpt lat="37.089657" lon="-121.892762"><ele>387.7</ele><time>2021-07-03T16:34:27Z</time></trkpt>
<trkpt lat="37.089704" lon="-121.892686"><ele>388.4</ele><time>2021-07-03T16:34:30Z</time></trkpt>
<trkpt lat="37.089701" lon="-121.892588"><ele>389.1</ele><time>2021-07-03T16:34:33Z</time></trkpt>
<trkpt lat="37.089734" lon="-121.892545"><ele>389.6</ele><time>2021-07-03T16:34:37Z</time></trkpt>
<trkpt lat="37.089711" lon="-121.892481"><ele>390.1</ele><time>2021-07-03T16:34:42Z</time></trkpt>
<trkpt lat="37.089738" lon="-121.892502"><ele>390.5</ele><time>2021-07-03T16:34:44Z</time></trkpt>
<trkpt lat="37.089750" lon="-121.892445"><ele>391.1</ele><time>2021-07-03T16:34:48Z</time></trkpt>
<trkpt lat="37.089697" lon="-121.892307"><ele>392.3</ele><time>2021-07-03T16:36:25Z</time></trkpt>
<trkpt lat="37.089744" lon="-121.892127"><ele>393.8</ele><time>2021-07-03T16:36:32Z</time></trkpt>
<trkpt lat="37.089676" lon="-121.892105"><ele>394.6</ele><time>2021-07-03T16:36:36Z</time></trkpt>
<trkpt lat="37.089697" lon="-121.892055"><ele>395.0</ele><time>2021-07-03T16:36:39Z</time></trkpt>
<trkpt lat="37.089677" lon="-121.892049"><ele>395.2</ele><time>2021-07-03T16:36:40Z</time></trkpt>
<trkpt lat="37.089739" lon="-121.892021"><ele>395.9</ele><time>2021-07-03T16:36:42Z</time></trkpt>
<trkpt lat="37.089754" lon="-121.891898"><ele>396.8</ele><time>2021-07-03T16:36:46Z</time></trkpt>
<trkpt lat="37.089867" lon="-121.891875"><ele>397.9</ele><time>2021-07-03T16:36:52Z</time></trkpt>
<trkpt lat="37.090015" lon="-121.891658"><ele>400.0</ele><time>2021-07-03T16:37:05Z</time></trkpt>
<trkpt lat="37.090252" lon="-121.891523"><ele>402.2</ele><time>2021-07-03T16:37:20Z</time></trkpt>
<trkpt lat="37.090351" lon="-121.891507"><ele>403.1</ele><time>2021-07-03T16:37:26Z</time></trkpt>
<trkpt lat="37.090442" lon="-121.891541"><ele>403.9</ele><time>2021-07-03T16:37:31Z</time></trkpt>
<trkpt lat="37.090580" lon="-121.891491"><ele>405.2</ele><time>2021-07-03T16:37:42Z</time></trkpt>
<trkpt lat="37.090622" lon="-121.891455"><ele>405.6</ele><time>2021-07-03T16:37:46Z</time></trkpt>
<trkpt lat="37.090653" lon="-121.891315"><ele>406.6</ele><time>2021-07-03T16:37:54Z</time></trkpt>
<trkpt lat="37.090699" lon="-121.891273"><ele>407.2</ele><time>2021-07-03T16:37:58Z</time></trkpt>
<trkpt lat="37.090647" lon="-121.891003"><ele>409.4</ele><time>2021-07-03T16:38:15Z</time></trkpt>
<trkpt lat="37.090775" lon="-121.890804"><ele>411.2</ele><time>2021-07-03T16:38:57Z</time></trkpt>
<trkpt lat="37.090691" lon="-121.890758"><ele>411.8</ele><time>2021-07-03T16:39:13Z</time></trkpt>
<trkpt lat="37.090669" lon="-121.890592"><ele>412.8</ele><time>2021-07-03T16:39:26Z</time></trkpt>
<trkpt lat="37.090709" lon="-121.890540"><ele>413.2</ele><time>2021-07-03T16:39:31Z</time></trkpt>
<trkpt lat="37.090635" lon="-121.890333"><ele>414.2</ele><time>2021-07-03T16:39:38Z</time></trkpt>
<trkpt lat="37.090649" lon="-121.890267"><ele>414.3</ele><time>2021-07-03T16:39:42Z</time></trkpt>
<trkpt lat="37.090609" lon="-121.890159"><ele>414.4</ele><time>2021-07-03T16:39:50Z</time></trkpt>
<trkpt lat="37.090502" lon="-121.890016"><ele>414.5</ele><time>2021-07-03T16:39:58Z</time></trkpt>
<trkpt lat="37.090406" lon="-121.889986"><ele>414.4</ele><time>2021-07-03T16:40:02Z</time></trkpt>
<trkpt lat="37.090397" lon="-121.889947"><ele>414.4</ele><time>2021-07-03T16:40:03Z</time></trkpt>
<trkpt lat="37.090332" lon="-121.889950"><ele>414.3</ele><time>2021-07-03T16:40:05Z</time></trkpt>
<trkpt lat="37.090292" lon="-121.889745"><ele>413.9</ele><time>2021-07-03T16:40:08Z</time></trkpt>
<trkpt lat="37.090336" lon="-121.889371"><ele>412.8</ele><time>2021-07-03T16:40:16Z</time></trkpt>
<trkpt lat="37.090399" lon="-121.889362"><ele>412.7</ele><time>2021-07-03T16:40:18Z</time></trkpt>
<trkpt lat="37.090459" lon="-121.889218"><ele>412.5</ele><time>2021-07-03T16:40:21Z</time></trkpt>
<trkpt lat="37.090585" lon="-121.889077"><ele>412.3</ele><time>2021-07-03T16:40:26Z</time></trkpt>
<trkpt lat="37.090593" lon="-121.888904"><ele>412.3</ele><time>2021-07-03T16:40:29Z</time></trkpt>
<trkpt lat="37.090647" lon="-121.888687"><ele>412.8</ele><time>2021-07-03T16:40:33Z</time></trkpt>
<trkpt lat="37.090706" lon="-121.888638"><ele>413.1</ele><time>2021-07-03T16:40:35Z</time></trkpt>
<trkpt lat="37.090738" lon="-121.888554"><ele>413.3</ele><time>2021-07-03T16:40:38Z</time></trkpt>
<trkpt lat="37.090698" lon="-121.888534"><ele>413.4</ele><time>2021-07-03T16:40:39Z</time></trkpt>
<trkpt lat="37.090639" lon="-121.888361"><ele>413.5</ele><time>2021-07-03T16:40:45Z</time></trkpt>
<trkpt lat="37.090541" lon="-121.888245"><ele>413.5</ele><time>2021-07-03T16:40:49Z</time></trkpt>
<trkpt lat="37.090448" lon="-121.888309"><ele>413.4</ele><time>2021-07-03T16:40:53Z</time></trkpt>
<trkpt lat="37.090301" lon="-121.888109"><ele>413.2</ele><time>2021-07-03T16:40:57Z</time></trkpt>
<trkpt lat="37.090130" lon="-121.888000"><ele>412.8</ele><time>2021-07-03T16:40:59Z</time></trkpt>
<trkpt lat="37.090088" lon="-121.887824"><ele>412.5</ele><time>2021-07-03T16:41:00Z</time></trkpt>
<trkpt lat="37.089965" lon="-121.887650"><ele>412.0</ele><time>2021-07-03T16:41:02Z</time></trkpt>
<trkpt lat="37.089909" lon="-121.887508"><ele>411.5</ele><time>2021-07-03T16:41:03Z</time></trkpt>
<trkpt lat="37.089808" lon="-121.887077"><ele>409.6</ele><time>2021-07-03T16:41:07Z</time></trkpt>
<trkpt lat="37.089863" lon="-121.886768"><ele>408.5</ele><time>2021-07-03T16:41:10Z</time></trkpt>
<trkpt lat="37.089856" lon="-121.886583"><ele>407.9</ele><time>2021-07-03T16:41:12Z</time></trkpt>
<trkpt lat="37.089828" lon="-121.886513"><ele>407.7</ele><time>2021-07-03T16:41:13Z</time></trkpt>
<trkpt lat="37.089698" lon="-121.886456"><ele>407.2</ele><time>2021-07-03T16:41:15Z</time></trkpt>
<trkpt lat="37.089575" lon="-121.886261"><ele>406.8</ele><time>2021-07-03T16:41:18Z</time></trkpt>
<trkpt lat="37.089406" lon="-121.886199"><ele>406.6</ele><time>2021-07-03T16:41:21Z</time></trkpt>
<trkpt lat="37.089357" lon="-121.886041"><ele>406.4</ele><time>2021-07-03T16:41:23Z</time></trkpt>
<trkpt lat="37.089317" lon="-121.886006"><ele>406.3</ele><time>2021-07-03T16:41:24Z</time></trkpt>
<trkpt lat="37.089273" lon="-121.885747"><ele>405.9</ele><time>2021-07-03T16:41:26Z</time></trkpt>
<trkpt lat="37.089311" lon="-121.885406"><ele>405.8</ele><time>2021-07-03T16:41:34Z</time></trkpt>
<trkpt lat="37.089200" lon="-121.885220"><ele>405.8</ele><time>2021-07-03T16:41:38Z</time></trkpt>
<trkpt lat="37.089144" lon="-121.885069"><ele>406.0</ele><time>2021-07-03T16:41:42Z</time></trkpt>
<trkpt lat="37.089170" lon="-121.884998"><ele>406.1</ele><time>2021-07-03T16:41:45Z</time></trkpt>
<trkpt lat="37.089102" lon="-121.884905"><ele>406.3</ele><time>2021-07-03T16:41:52Z</time></trkpt>
<trkpt lat="37.089083" lon="-121.884763"><ele>406.5</ele><time>2021-07-03T16:41:58Z</time></trkpt>
<trkpt lat="37.089106" lon="-121.884521"><ele>407.1</ele><time>2021-07-03T16:42:02Z</time></trkpt>
<trkpt lat="37.089013" lon="-121.884302"><ele>407.9</ele><time>2021-07-03T16:42:09Z</time></trkpt>
<trkpt lat="37.089026" lon="-121.884251"><ele>408.2</ele><time>2021-07-03T16:42:11Z</time></trkpt>
<trkpt lat="37.088972" lon="-121.884169"><ele>408.7</ele><time>2021-07-03T16:42:14Z</time></trkpt>
<trkpt lat="37.089010" lon="-121.884136"><ele>409.1</ele><time>2021-07-03T16:42:15Z</time></trkpt>
<trkpt lat="37.088977" lon="-121.884005"><ele>409.9</ele><time>2021-07-03T16:42:19Z</time></trkpt>
<trkpt lat="37.088983" lon="-121.883878"><ele>410.6</ele><time>2021-07-03T16:42:23Z</time></trkpt>
<trkpt lat="37.088953" lon="-121.883810"><ele>410.9</ele><time>2021-07-03T16:42:25Z</time></trkpt>
<trkpt lat="37.088858" lon="-121.883755"><ele>411.3</ele><time>2021-07-03T16:42:29Z</time></trkpt>
<trkpt lat="37.088858" lon="-121.883709"><ele>411.5</ele><time>2021-07-03T16:42:32Z</time></trkpt>
<trkpt lat="37.088897" lon="-121.883655"><ele>411.7</ele><time>2021-07-03T16:42:35Z</time></trkpt>
<trkpt lat="37.088882" lon="-121.883689"><ele>411.8</ele><time>2021-07-03T16:42:37Z</time></trkpt>
<trkpt lat="37.088951" lon="-121.883445"><ele>412.6</ele><time>2021-07-03T16:42:43Z</time></trkpt>
<trkpt lat="37.088940" lon="-121.883407"><ele>412.8</ele><time>2021-07-03T16:42:45Z</time></trkpt>
<trkpt lat="37.088996" lon="-121.883309"><ele>413.3</ele><time>2021-07-03T16:42:50Z</time></trkpt>
<trkpt lat="37.088981" lon="-121.883266"><ele>413.5</ele><time>2021-07-03T16:42:55Z</time></trkpt>
<trkpt lat="37.089016" lon="-121.883307"><ele>413.8</ele><time>2021-07-03T16:42:59Z</time></trkpt>
<trkpt lat="37.089135" lon="-121.883304"><ele>414.6</ele><time>2021-07-03T16:43:06Z</time></trkpt>
<trkpt lat="37.089001" lon="-121.883262"><ele>415.7</ele><time>2021-07-03T16:43:11Z</time></trkpt>
<trkpt lat="37.089137" lon="-121.883197"><ele>416.8</ele><time>2021-07-03T16:43:14Z</time></trkpt>
<trkpt lat="37.089210" lon="-121.883223"><ele>417.3</ele><time>2021-07-03T16:43:17Z</time></trkpt>
<trkpt lat="37.089210" lon="-121.883269"><ele>417.7</ele><time>2021-07-03T16:43:22Z</time></trkpt>
<trkpt lat="37.089183" lon="-121.883206"><ele>418.4</ele><time>2021-07-03T16:43:43Z</time></trkpt>
<trkpt lat="37.089216" lon="-121.883202"><ele>418.7</ele><time>2021-07-03T16:43:44Z</time></trkpt>
<trkpt lat="37.089242" lon="-121.883145"><ele>419.3</ele><time>2021-07-03T16:43:47Z</time></trkpt>
<trkpt lat="37.089284" lon="-121.883180"><ele>419.8</ele><time>2021-07-03T16:43:50Z</time></trkpt>
<trkpt lat="37.089277" lon="-121.883142"><ele>420.1</ele><time>2021-07-03T16:43:51Z</time></trkpt>
<trkpt lat="37.089325" lon="-121.883246"><ele>421.1</ele><time>2021-07-03T16:43:55Z</time></trkpt>
<trkpt lat="37.089410" lon="-121.883237"><ele>421.8</ele><time>2021-07-03T16:43:58Z</time></trkpt>
<trkpt lat="37.089516" lon="-121.883142"><ele>422.8</ele><time>2021-07-03T16:44:06Z</time></trkpt>
<trkpt lat="37.089600" lon="-121.882947"><ele>423.9</ele><time>2021-07-03T16:44:16Z</time></trkpt>
<trkpt lat="37.089560" lon="-121.882893"><ele>424.3</ele><time>2021-07-03T16:44:17Z</time></trkpt>
<trkpt lat="37.089610" lon="-121.882816"><ele>424.8</ele><time>2021-07-03T16:44:21Z</time></trkpt>
<trkpt lat="37.089581" lon="-121.882716"><ele>425.3</ele><time>2021-07-03T16:44:26Z</time></trkpt>
<trkpt lat="37.089640" lon="-121.882568"><ele>425.8</ele><time>2021-07-03T16:44:30Z</time></trkpt>
<trkpt lat="37.089606" lon="-121.882401"><ele>426.4</ele><time>2021-07-03T16:44:39Z</time></trkpt>
<trkpt lat="37.089478" lon="-121.882245"><ele>427.4</ele><time>2021-07-03T16:44:49Z</time></trkpt>
<trkpt lat="37.089449" lon="-121.882252"><ele>427.6</ele><time>2021-07-03T16:44:50Z</time></trkpt>
<trkpt lat="37.089445" lon="-121.882168"><ele>427.8</ele><time>2021-07-03T16:44:51Z</time></trkpt>
<trkpt lat="37.089378" lon="-121.882148"><ele>428.1</ele><time>2021-07-03T16:44:55Z</time></trkpt>
<trkpt lat="37.089412" lon="-121.882121"><ele>428.3</ele><time>2021-07-03T16:44:56Z</time></trkpt>
<trkpt lat="37.089339" lon="-121.882160"><ele>428.6</ele><time>2021-07-03T16:44:58Z</time></trkpt>
<trkpt lat="37.089270" lon="-121.882079"><ele>429.1</ele><time>2021-07-03T16:45:04Z</time></trkpt>
<trkpt lat="37.089258" lon="-121.881944"><ele>429.8</ele><time>2021-07-03T16:45:09Z</time></trkpt>
<trkpt lat="37.089170" lon="-121.881844"><ele>430.7</ele><time>2021-07-03T16:45:18Z</time></trkpt>
<trkpt lat="37.089151" lon="-121.881687"><ele>431.9</ele><time>2021-07-03T16:45:25Z</time></trkpt>
<trkpt lat="37.089124" lon="-121.881690"><ele>432.2</ele><time>2021-07-03T16:45:26Z</time></trkpt>
<trkpt lat="37.089112" lon="-121.881639"><ele>432.6</ele><time>2021-07-03T16:45:29Z</time></trkpt>
<trkpt lat="37.089124" lon="-121.881584"><ele>433.1</ele><time>2021-07-03T16:45:31Z</time></trkpt>
<trkpt lat="37.089068" lon="-121.881513"><ele>433.9</ele><time>2021-07-03T16:45:35Z</time></trkpt>
<trkpt lat="37.089021" lon="-121.881330"><ele>435.7</ele><time>2021-07-03T16:45:44Z</time></trkpt>
<trkpt lat="37.089040" lon="-121.881296"><ele>436.1</ele><time>2021-07-03T16:45:46Z</time></trkpt>
<trkpt lat="37.088996" lon="-121.881175"><ele>437.1</ele><time>2021-07-03T16:45:51Z</time></trkpt>
<trkpt lat="37.088946" lon="-121.881148"><ele>437.7</ele><time>2021-07-03T16:45:57Z</time></trkpt>
<trkpt lat="37.088992" lon="-121.881068"><ele>438.4</ele><time>2021-07-03T16:46:01Z</time></trkpt>
<trkpt lat="37.089003" lon="-121.880943"><ele>438.9</ele><time>2021-07-03T16:46:08Z</time></trkpt>
<trkpt lat="37.088917" lon="-121.880964"><ele>439.2</ele><time>2021-07-03T16:46:43Z</time></trkpt>
<trkpt lat="37.088852" lon="-121.880925"><ele>439.4</ele><time>2021-07-03T16:46:47Z</time></trkpt>
<trkpt lat="37.088737" lon="-121.880669"><ele>440.0</ele><time>2021-07-03T16:46:59Z</time></trkpt>
<trkpt lat="37.088623" lon="-121.880546"><ele>440.4</ele><time>2021-07-03T16:47:04Z</time></trkpt>
<trkpt lat="37.088517" lon="-121.880231"><ele>441.7</ele><time>2021-07-03T16:47:15Z</time></trkpt>
<trkpt lat="37.088374" lon="-121.879999"><ele>442.9</ele><time>2021-07-03T16:47:26Z</time></trkpt>
<trkpt lat="37.088375" lon="-121.879867"><ele>443.4</ele><time>2021-07-03T16:47:29Z</time></trkpt>
<trkpt lat="37.088318" lon="-121.879729"><ele>443.9</ele><time>2021-07-03T16:47:31Z</time></trkpt>
<trkpt lat="37.088304" lon="-121.879481"><ele>444.7</ele><time>2021-07-03T16:47:40Z</time></trkpt>
<trkpt lat="37.088122" lon="-121.879230"><ele>445.7</ele><time>2021-07-03T16:47:51Z</time></trkpt>
<trkpt lat="37.088043" lon="-121.879201"><ele>445.7</ele><time>2021-07-03T16:47:54Z</time></trkpt>
<trkpt lat="37.087880" lon="-121.878965"><ele>445.9</ele><time>2021-07-03T16:48:02Z</time></trkpt>
<trkpt lat="37.087869" lon="-121.878757"><ele>446.0</ele><time>2021-07-03T16:48:07Z</time></trkpt>
<trkpt lat="37.087843" lon="-121.878743"><ele>446.0</ele><time>2021-07-03T16:48:08Z</time></trkpt>
<trkpt lat="37.087892" lon="-121.878635"><ele>446.2</ele><time>2021-07-03T16:48:10Z</time></trkpt>
<trkpt lat="37.087834" lon="-121.878470"><ele>446.5</ele><time>2021-07-03T16:48:14Z</time></trkpt>
<trkpt lat="37.087909" lon="-121.878224"><ele>447.0</ele><time>2021-07-03T16:48:18Z</time></trkpt>
<trkpt lat="37.087873" lon="-121.878026"><ele>447.6</ele><time>2021-07-03T16:48:22Z</time></trkpt>
<trkpt lat="37.087937" lon="-121.877931"><ele>448.1</ele><time>2021-07-03T16:48:24Z</time></trkpt>
<trkpt lat="37.087946" lon="-121.877833"><ele>448.7</ele><time>2021-07-03T16:48:27Z</time></trkpt>
<trkpt lat="37.088007" lon="-121.877814"><ele>449.1</ele><time>2021-07-03T16:48:28Z</time></trkpt>
<trkpt lat="37.087996" lon="-121.877755"><ele>449.5</ele><time>2021-07-03T16:48:30Z</time></trkpt>
<trkpt lat="37.088026" lon="-121.877703"><ele>450.0</ele><time>2021-07-03T16:48:37Z</time></trkpt>
<trkpt lat="37.087941" lon="-121.877322"><ele>452.1</ele><time>2021-07-03T16:48:54Z</time></trkpt>
<trkpt lat="37.087820" lon="-121.877099"><ele>452.6</ele><time>2021-07-03T16:48:59Z</time></trkpt>
<trkpt lat="37.087883" lon="-121.876800"><ele>452.9</ele><time>2021-07-03T16:49:09Z</time></trkpt>
<trkpt lat="37.087920" lon="-121.876784"><ele>452.9</ele><time>2021-07-03T16:49:10Z</time></trkpt>
<trkpt lat="37.087896" lon="-121.876602"><ele>453.4</ele><time>2021-07-03T16:49:16Z</time></trkpt>
<trkpt lat="37.088006" lon="-121.876553"><ele>454.0</ele><time>2021-07-03T16:49:21Z</time></trkpt>
<trkpt lat="37.088000" lon="-121.876496"><ele>454.2</ele><time>2021-07-03T16:49:24Z</time></trkpt>
<trkpt lat="37.087973" lon="-121.876506"><ele>454.4</ele><time>2021-07-03T16:49:26Z</time></trkpt>
<trkpt lat="37.087998" lon="-121.876523"><ele>454.6</ele><time>2021-07-03T16:49:28Z</time></trkpt>
<trkpt lat="37.088026" lon="-121.876312"><ele>455.6</ele><time>2021-07-03T16:49:36Z</time></trkpt>
<trkpt lat="37.087970" lon="-121.876221"><ele>456.0</ele><time>2021-07-03T16:49:58Z</time></trkpt>
<trkpt lat="37.087980" lon="-121.876165"><ele>456.1</ele><time>2021-07-03T16:50:03Z</time></trkpt>
<trkpt lat="37.087945" lon="-121.876159"><ele>456.3</ele><time>2021-07-03T16:50:05Z</time></trkpt>
<trkpt lat="37.087995" lon="-121.876102"><ele>456.5</ele><time>2021-07-03T16:50:10Z</time></trkpt>
<trkpt lat="37.088027" lon="-121.875674"><ele>457.5</ele><time>2021-07-03T16:50:21Z</time></trkpt>
<trkpt lat="37.088054" lon="-121.875660"><ele>457.6</ele><time>2021-07-03T16:50:23Z</time></trkpt>
<trkpt lat="37.088083" lon="-121.875544"><ele>458.0</ele><time>2021-07-03T16:50:25Z</time></trkpt>
<trkpt lat="37.088087" lon="-121.875348"><ele>458.5</ele><time>2021-07-03T16:50:32Z</time></trkpt>
<trkpt lat="37.088059" lon="-121.875241"><ele>458.8</ele><time>2021-07-03T16:50:36Z</time></trkpt>
<trkpt lat="37.087883" lon="-121.875069"><ele>459.0</ele><time>2021-07-03T16:50:43Z</time></trkpt>
<trkpt lat="37.087902" lon="-121.874965"><ele>459.1</ele><time>2021-07-03T16:50:46Z</time></trkpt>
<trkpt lat="37.087823" lon="-121.874874"><ele>459.3</ele><time>2021-07-03T16:50:49Z</time></trkpt>
<trkpt lat="37.087833" lon="-121.874801"><ele>459.5</ele><time>2021-07-03T16:50:51Z</time></trkpt>
<trkpt lat="37.087790" lon="-121.874680"><ele>459.9</ele><time>2021-07-03T16:50:55Z</time></trkpt>
<trkpt lat="37.087716" lon="-121.874635"><ele>460.3</ele><time>2021-07-03T16:50:57Z</time></trkpt>
<trkpt lat="37.087601" lon="-121.874237"><ele>462.0</ele><time>2021-07-03T16:51:12Z</time></trkpt>
<trkpt lat="37.087537" lon="-121.874237"><ele>462.3</ele><time>2021-07-03T16:51:14Z</time></trkpt>
<trkpt lat="37.087498" lon="-121.874146"><ele>462.7</ele><time>2021-07-03T16:51:20Z</time></trkpt>
<trkpt lat="37.087355" lon="-121.874042"><ele>463.4</ele><time>2021-07-03T16:51:24Z</time></trkpt>
<trkpt lat="37.087363" lon="-121.873871"><ele>464.1</ele><time>2021-07-03T16:51:31Z</time></trkpt>
<trkpt lat="37.087393" lon="-121.873874"><ele>464.3</ele><time>2021-07-03T16:51:33Z</time></trkpt>
<trkpt lat="37.087439" lon="-121.873770"><ele>465.0</ele><time>2021-07-03T16:51:37Z</time></trkpt>
<trkpt lat="37.087449" lon="-121.873792"><ele>465.2</ele><time>2021-07-03T16:51:39Z</time></trkpt>
<trkpt lat="37.087337" lon="-121.873616"><ele>466.4</ele><time>2021-07-03T16:52:15Z</time></trkpt>
<trkpt lat="37.087305" lon="-121.873591"><ele>466.6</ele><time>2021-07-03T16:52:18Z</time></trkpt>
<trkpt lat="37.087268" lon="-121.873633"><ele>466.9</ele><time>2021-07-03T16:52:20Z</time></trkpt>
<trkpt lat="37.087242" lon="-121.873600"><ele>467.2</ele><time>2021-07-03T16:52:23Z</time></trkpt>
<trkpt lat="37.087263" lon="-121.873558"><ele>467.4</ele><time>2021-07-03T16:52:25Z</time></trkpt>
<trkpt lat="37.087230" lon="-121.873519"><ele>467.6</ele><time>2021-07-03T16:52:27Z</time></trkpt>
<trkpt lat="37.087232" lon="-121.873267"><ele>468.6</ele><time>2021-07-03T16:52:34Z</time></trkpt>
<trkpt lat="37.087185" lon="-121.873219"><ele>468.8</ele><time>2021-07-03T16:52:36Z</time></trkpt>
<trkpt lat="37.087192" lon="-121.873109"><ele>469.1</ele><time>2021-07-03T16:52:40Z</time></trkpt>
<trkpt lat="37.087119" lon="-121.872986"><ele>469.4</ele><time>2021-07-03T16:52:43Z</time></trkpt>
<trkpt lat="37.087054" lon="-121.872938"><ele>469.5</ele><time>2021-07-03T16:52:46Z</time></trkpt>
<trkpt lat="37.087079" lon="-121.872778"><ele>469.8</ele><time>2021-07-03T16:52:50Z</time></trkpt>
<trkpt lat="37.086966" lon="-121.872599"><ele>470.3</ele><time>2021-07-03T16:52:55Z</time></trkpt>
<trkpt lat="37.086994" lon="-121.872384"><ele>471.0</ele><time>2021-07-03T16:52:59Z</time></trkpt>
<trkpt lat="37.086858" lon="-121.872300"><ele>471.6</ele><time>2021-07-03T16:53:03Z</time></trkpt>
<trkpt lat="37.086720" lon="-121.872124"><ele>472.3</ele><time>2021-07-03T16:53:10Z</time></trkpt>
<trkpt lat="37.086660" lon="-121.871892"><ele>473.0</ele><time>2021-07-03T16:53:16Z</time></trkpt>
<trkpt lat="37.086613" lon="-121.871905"><ele>473.2</ele><time>2021-07-03T16:53:17Z</time></trkpt>
<trkpt lat="37.086578" lon="-121.871870"><ele>473.4</ele><time>2021-07-03T16:53:20Z</time></trkpt>
<trkpt lat="37.086463" lon="-121.871676"><ele>474.2</ele><time>2021-07-03T16:53:25Z</time></trkpt>
<trkpt lat="37.086537" lon="-121.871474"><ele>475.0</ele><time>2021-07-03T16:53:30Z</time></trkpt>
<trkpt lat="37.086537" lon="-121.871122"><ele>476.6</ele><time>2021-07-03T16:53:42Z</time></trkpt>
<trkpt lat="37.086626" lon="-121.871017"><ele>477.3</ele><time>2021-07-03T16:53:46Z</time></trkpt>
<trkpt lat="37.086620" lon="-121.870974"><ele>477.5</ele><time>2021-07-03T16:53:47Z</time></trkpt>
<trkpt lat="37.086657" lon="-121.870970"><ele>477.7</ele><time>2021-07-03T16:53:49Z</time></trkpt>
<trkpt lat="37.086475" lon="-121.871016"><ele>478.9</ele><time>2021-07-03T16:54:22Z</time></trkpt>
<trkpt lat="37.086516" lon="-121.870940"><ele>479.4</ele><time>2021-07-03T16:54:25Z</time></trkpt>
<trkpt lat="37.086458" lon="-121.870886"><ele>479.9</ele><time>2021-07-03T16:54:29Z</time></trkpt>
<trkpt lat="37.086429" lon="-121.870757"><ele>480.6</ele><time>2021-07-03T16:54:31Z</time></trkpt>
<trkpt lat="37.086336" lon="-121.870587"><ele>481.5</ele><time>2021-07-03T16:54:38Z</time></trkpt>
<trkpt lat="37.086287" lon="-121.870571"><ele>482.0</ele><time>2021-07-03T16:54:42Z</time></trkpt>
<trkpt lat="37.086351" lon="-121.870473"><ele>482.5</ele><time>2021-07-03T16:54:48Z</time></trkpt>
<trkpt lat="37.086277" lon="-121.870482"><ele>482.9</ele><time>2021-07-03T16:54:49Z</time></trkpt>
<trkpt lat="37.086287" lon="-121.870448"><ele>483.1</ele><time>2021-07-03T16:54:50Z</time></trkpt>
<trkpt lat="37.086258" lon="-121.870439"><ele>483.2</ele><time>2021-07-03T16:54:51Z</time></trkpt>
<trkpt lat="37.086138" lon="-121.870451"><ele>483.8</ele><time>2021-07-03T16:54:53Z</time></trkpt>
<trkpt lat="37.086123" lon="-121.870384"><ele>484.1</ele><time>2021-07-03T16:54:55Z</time></trkpt>
<trkpt lat="37.086006" lon="-121.870288"><ele>485.0</ele><time>2021-07-03T16:55:02Z</time></trkpt>
<trkpt lat="37.085963" lon="-121.870008"><ele>486.6</ele><time>2021-07-03T16:55:09Z</time></trkpt>
<trkpt lat="37.085991" lon="-121.870054"><ele>486.9</ele><time>2021-07-03T16:55:12Z</time></trkpt>
<trkpt lat="37.085943" lon="-121.870064"><ele>487.2</ele><time>2021-07-03T16:55:13Z</time></trkpt>
<trkpt lat="37.085962" lon="-121.870025"><ele>487.5</ele><time>2021-07-03T16:55:14Z</time></trkpt>
<trkpt lat="37.086062" lon="-121.870049"><ele>488.2</ele><time>2021-07-03T16:55:16Z</time></trkpt>
<trkpt lat="37.085854" lon="-121.869674"><ele>490.9</ele><time>2021-07-03T16:55:20Z</time></trkpt>
<trkpt lat="37.085949" lon="-121.869563"><ele>491.9</ele><time>2021-07-03T16:55:21Z</time></trkpt>
<trkpt lat="37.085894" lon="-121.869457"><ele>492.7</ele><time>2021-07-03T16:55:24Z</time></trkpt>
<trkpt lat="37.085937" lon="-121.869401"><ele>493.2</ele><time>2021-07-03T16:55:28Z</time></trkpt>
<trkpt lat="37.085838" lon="-121.869270"><ele>494.1</ele><time>2021-07-03T16:55:37Z</time></trkpt>
<trkpt lat="37.085769" lon="-121.869273"><ele>494.5</ele><time>2021-07-03T16:55:41Z</time></trkpt>
<trkpt lat="37.085835" lon="-121.869181"><ele>495.2</ele><time>2021-07-03T16:55:50Z</time></trkpt>
<trkpt lat="37.085835" lon="-121.869128"><ele>495.3</ele><time>2021-07-03T16:55:51Z</time></trkpt>
<trkpt lat="37.085865" lon="-121.869153"><ele>495.5</ele><time>2021-07-03T16:55:54Z</time></trkpt>
<trkpt lat="37.085853" lon="-121.868901"><ele>496.5</ele><time>2021-07-03T16:56:03Z</time></trkpt>
<trkpt lat="37.085901" lon="-121.868883"><ele>496.7</ele><time>2021-07-03T16:56:04Z</time></trkpt>
<trkpt lat="37.085950" lon="-121.868749"><ele>497.3</ele><time>2021-07-03T16:56:13Z</time></trkpt>
<trkpt lat="37.085874" lon="-121.868565"><ele>498.4</ele><time>2021-07-03T16:56:17Z</time></trkpt>
<trkpt lat="37.085877" lon="-121.868475"><ele>498.9</ele><time>2021-07-03T16:56:19Z</time></trkpt>
<trkpt lat="37.085930" lon="-121.868469"><ele>499.3</ele><time>2021-07-03T16:56:21Z</time></trkpt>
<trkpt lat="37.085917" lon="-121.868510"><ele>499.6</ele><time>2021-07-03T16:56:25Z</time></trkpt>
<trkpt lat="37.085950" lon="-121.868468"><ele>500.0</ele><time>2021-07-03T16:56:28Z</time></trkpt>
<trkpt lat="37.085934" lon="-121.868442"><ele>500.2</ele><time>2021-07-03T16:56:30Z</time></trkpt>
<trkpt lat="37.085928" lon="-121.868471"><ele>500.4</ele><time>2021-07-03T16:56:31Z</time></trkpt>
<trkpt lat="37.085983" lon="-121.868442"><ele>500.9</ele><time>2021-07-03T16:56:50Z</time></trkpt>
<trkpt lat="37.085953" lon="-121.868486"><ele>501.4</ele><time>2021-07-03T16:56:53Z</time></trkpt>
<trkpt lat="37.085953" lon="-121.868432"><ele>501.8</ele><time>2021-07-03T16:56:56Z</time></trkpt>
<trkpt lat="37.085887" lon="-121.868402"><ele>502.4</ele><time>2021-07-03T16:56:59Z</time></trkpt>
<trkpt lat="37.085916" lon="-121.868408"><ele>502.7</ele><time>2021-07-03T16:57:01Z</time></trkpt>
<trkpt lat="37.085883" lon="-121.868353"><ele>503.1</ele><time>2021-07-03T16:57:03Z</time></trkpt>
<trkpt lat="37.085902" lon="-121.868245"><ele>503.9</ele><time>2021-07-03T16:57:09Z</time></trkpt>
<trkpt lat="37.085842" lon="-121.868103"><ele>505.0</ele><time>2021-07-03T16:57:16Z</time></trkpt>
<trkpt lat="37.085880" lon="-121.868120"><ele>505.2</ele><time>2021-07-03T16:57:18Z</time></trkpt>
<trkpt lat="37.085844" lon="-121.868091"><ele>505.5</ele><time>2021-07-03T16:57:20Z</time></trkpt>
<trkpt lat="37.085837" lon="-121.867950"><ele>506.0</ele><time>2021-07-03T16:57:24Z</time></trkpt>
<trkpt lat="37.085759" lon="-121.867802"><ele>506.4</ele><time>2021-07-03T16:57:31Z</time></trkpt>
<trkpt lat="37.085799" lon="-121.867763"><ele>506.5</ele><time>2021-07-03T16:57:34Z</time></trkpt>
<trkpt lat="37.085804" lon="-121.867670"><ele>506.7</ele><time>2021-07-03T16:57:39Z</time></trkpt>
<trkpt lat="37.085700" lon="-121.867443"><ele>507.1</ele><time>2021-07-03T16:57:58Z</time></trkpt>
<trkpt lat="37.085709" lon="-121.867365"><ele>507.2</ele><time>2021-07-03T16:58:02Z</time></trkpt>
<trkpt lat="37.085664" lon="-121.867412"><ele>507.3</ele><time>2021-07-03T16:58:04Z</time></trkpt>
<trkpt lat="37.085599" lon="-121.867173"><ele>508.0</ele><time>2021-07-03T16:58:13Z</time></trkpt>
<trkpt lat="37.085520" lon="-121.867052"><ele>508.6</ele><time>2021-07-03T16:58:19Z</time></trkpt>
<trkpt lat="37.085522" lon="-121.866860"><ele>509.4</ele><time>2021-07-03T16:58:23Z</time></trkpt>
<trkpt lat="37.085605" lon="-121.866826"><ele>509.9</ele><time>2021-07-03T16:58:24Z</time></trkpt>
<trkpt lat="37.085645" lon="-121.866658"><ele>510.6</ele><time>2021-07-03T16:58:27Z</time></trkpt>
<trkpt lat="37.085325" lon="-121.866048"><ele>513.6</ele><time>2021-07-03T16:58:47Z</time></trkpt>
<trkpt lat="37.085275" lon="-121.865878"><ele>514.5</ele><time>2021-07-03T16:58:51Z</time></trkpt>
<trkpt lat="37.085251" lon="-121.865538"><ele>516.0</ele><time>2021-07-03T16:59:02Z</time></trkpt>
<trkpt lat="37.085212" lon="-121.865433"><ele>516.5</ele><time>2021-07-03T16:59:05Z</time></trkpt>
<trkpt lat="37.084983" lon="-121.865228"><ele>518.0</ele><time>2021-07-03T16:59:19Z</time></trkpt>
<trkpt lat="37.084883" lon="-121.864997"><ele>519.5</ele><time>2021-07-03T16:59:29Z</time></trkpt>
<trkpt lat="37.084891" lon="-121.864718"><ele>521.0</ele><time>2021-07-03T16:59:39Z</time></trkpt>
<trkpt lat="37.084922" lon="-121.864647"><ele>521.4</ele><time>2021-07-03T16:59:43Z</time></trkpt>
<trkpt lat="37.084910" lon="-121.864440"><ele>522.2</ele><time>2021-07-03T16:59:49Z</time></trkpt>
<trkpt lat="37.084873" lon="-121.864380"><ele>522.4</ele><time>2021-07-03T16:59:51Z</time></trkpt>
<trkpt lat="37.084864" lon="-121.864264"><ele>522.7</ele><time>2021-07-03T16:59:54Z</time></trkpt>
<trkpt lat="37.084817" lon="-121.864153"><ele>523.1</ele><time>2021-07-03T16:59:57Z</time></trkpt>
<trkpt lat="37.084702" lon="-121.864057"><ele>523.6</ele><time>2021-07-03T17:00:03Z</time></trkpt>
<trkpt lat="37.084701" lon="-121.864015"><ele>523.8</ele><time>2021-07-03T17:00:04Z</time></trkpt>
<trkpt lat="37.084629" lon="-121.863982"><ele>524.0</ele><time>2021-07-03T17:00:06Z</time></trkpt>
<trkpt lat="37.084584" lon="-121.864000"><ele>524.2</ele><time>2021-07-03T17:00:07Z</time></trkpt>
<trkpt lat="37.084501" lon="-121.863840"><ele>524.7</ele><time>2021-07-03T17:00:12Z</time></trkpt>
<trkpt lat="37.084496" lon="-121.863748"><ele>524.8</ele><time>2021-07-03T17:00:14Z</time></trkpt>
<trkpt lat="37.084554" lon="-121.863610"><ele>525.0</ele><time>2021-07-03T17:00:17Z</time></trkpt>
<trkpt lat="37.084553" lon="-121.863441"><ele>524.9</ele><time>2021-07-03T17:00:22Z</time></trkpt>
<trkpt lat="37.084507" lon="-121.863272"><ele>524.7</ele><time>2021-07-03T17:00:28Z</time></trkpt>
<trkpt lat="37.084515" lon="-121.863174"><ele>524.5</ele><time>2021-07-03T17:00:32Z</time></trkpt>
<trkpt lat="37.084385" lon="-121.863019"><ele>523.9</ele><time>2021-07-03T17:00:38Z</time></trkpt>
<trkpt lat="37.084426" lon="-121.862837"><ele>523.4</ele><time>2021-07-03T17:00:41Z</time></trkpt>
<trkpt lat="37.084382" lon="-121.862685"><ele>522.9</ele><time>2021-07-03T17:00:44Z</time></trkpt>
<trkpt lat="37.084474" lon="-121.862452"><ele>522.4</ele><time>2021-07-03T17:00:49Z</time></trkpt>
<trkpt lat="37.084467" lon="-121.862370"><ele>522.2</ele><time>2021-07-03T17:00:50Z</time></trkpt>
<trkpt lat="37.084427" lon="-121.862275"><ele>522.0</ele><time>2021-07-03T17:00:51Z</time></trkpt>
<trkpt lat="37.084369" lon="-121.862245"><ele>522.0</ele><time>2021-07-03T17:00:52Z</time></trkpt>
<trkpt lat="37.084230" lon="-121.861684"><ele>521.6</ele><time>2021-07-03T17:01:04Z</time></trkpt>
<trkpt lat="37.084094" lon="-121.861537"><ele>521.7</ele><time>2021-07-03T17:01:07Z</time></trkpt>
<trkpt lat="37.084053" lon="-121.861335"><ele>521.8</ele><time>2021-07-03T17:01:10Z</time></trkpt>
<trkpt lat="37.083908" lon="-121.861044"><ele>521.7</ele><time>2021-07-03T17:01:14Z</time></trkpt>
<trkpt lat="37.083894" lon="-121.860918"><ele>521.5</ele><time>2021-07-03T17:01:15Z</time></trkpt>
<trkpt lat="37.083956" lon="-121.860671"><ele>520.9</ele><time>2021-07-03T17:01:18Z</time></trkpt>
<trkpt lat="37.083925" lon="-121.860624"><ele>520.8</ele><time>2021-07-03T17:01:19Z</time></trkpt>
<trkpt lat="37.083948" lon="-121.860560"><ele>520.7</ele><time>2021-07-03T17:01:20Z</time></trkpt>
<trkpt lat="37.083895" lon="-121.860451"><ele>520.4</ele><time>2021-07-03T17:01:21Z</time></trkpt>
<trkpt lat="37.083862" lon="-121.859975"><ele>519.5</ele><time>2021-07-03T17:01:28Z</time></trkpt>
<trkpt lat="37.083792" lon="-121.859894"><ele>519.4</ele><time>2021-07-03T17:01:30Z</time></trkpt>
<trkpt lat="37.083804" lon="-121.859819"><ele>519.3</ele><time>2021-07-03T17:01:31Z</time></trkpt>
<trkpt lat="37.083717" lon="-121.859658"><ele>519.2</ele><time>2021-07-03T17:01:34Z</time></trkpt>
<trkpt lat="37.083714" lon="-121.859315"><ele>519.0</ele><time>2021-07-03T17:01:40Z</time></trkpt>
<trkpt lat="37.083739" lon="-121.859247"><ele>518.9</ele><time>2021-07-03T17:01:42Z</time></trkpt>
<trkpt lat="37.083633" lon="-121.858816"><ele>518.5</ele><time>2021-07-03T17:01:49Z</time></trkpt>
<trkpt lat="37.083622" lon="-121.858672"><ele>518.3</ele><time>2021-07-03T17:01:52Z</time></trkpt>
<trkpt lat="37.083687" lon="-121.858471"><ele>518.0</ele><time>2021-07-03T17:01:56Z</time></trkpt>
<trkpt lat="37.083637" lon="-121.858349"><ele>517.7</ele><time>2021-07-03T17:01:58Z</time></trkpt>
<trkpt lat="37.083485" lon="-121.858158"><ele>517.3</ele><time>2021-07-03T17:02:02Z</time></trkpt>
<trkpt lat="37.083473" lon="-121.857922"><ele>517.0</ele><time>2021-07-03T17:02:03Z</time></trkpt>
<trkpt lat="37.083510" lon="-121.857772"><ele>516.8</ele><time>2021-07-03T17:02:05Z</time></trkpt>
<trkpt lat="37.083437" lon="-121.857546"><ele>516.4</ele><time>2021-07-03T17:02:08Z</time></trkpt>
<trkpt lat="37.083452" lon="-121.857456"><ele>516.3</ele><time>2021-07-03T17:02:09Z</time></trkpt>
<trkpt lat="37.083368" lon="-121.857340"><ele>516.1</ele><time>2021-07-03T17:02:10Z</time></trkpt>
<trkpt lat="37.083343" lon="-121.856841"><ele>514.9</ele><time>2021-07-03T17:02:13Z</time></trkpt>
<trkpt lat="37.083195" lon="-121.856196"><ele>512.7</ele><time>2021-07-03T17:02:17Z</time></trkpt>
<trkpt lat="37.083166" lon="-121.855664"><ele>510.8</ele><time>2021-07-03T17:02:20Z</time></trkpt>
<trkpt lat="37.083111" lon="-121.855353"><ele>510.2</ele><time>2021-07-03T17:02:23Z</time></trkpt>
<trkpt lat="37.083051" lon="-121.855195"><ele>510.0</ele><time>2021-07-03T17:02:25Z</time></trkpt>
<trkpt lat="37.083005" lon="-121.854746"><ele>509.9</ele><time>2021-07-03T17:02:28Z</time></trkpt>
<trkpt lat="37.082886" lon="-121.854288"><ele>510.0</ele><time>2021-07-03T17:02:33Z</time></trkpt>
<trkpt lat="37.082712" lon="-121.853863"><ele>510.1</ele><time>2021-07-03T17:02:39Z</time></trkpt>
<trkpt lat="37.082545" lon="-121.853567"><ele>510.3</ele><time>2021-07-03T17:02:45Z</time></trkpt>
<trkpt lat="37.082602" lon="-121.853540"><ele>510.3</ele><time>2021-07-03T17:02:48Z</time></trkpt>
<trkpt lat="37.082566" lon="-121.853471"><ele>510.2</ele><time>2021-07-03T17:02:52Z</time></trkpt>
<trkpt lat="37.082416" lon="-121.853369"><ele>510.1</ele><time>2021-07-03T17:03:07Z</time></trkpt>
<trkpt lat="37.082378" lon="-121.853134"><ele>509.8</ele><time>2021-07-03T17:03:11Z</time></trkpt>
<trkpt lat="37.082238" lon="-121.852847"><ele>509.6</ele><time>2021-07-03T17:03:18Z</time></trkpt>
<trkpt lat="37.082139" lon="-121.852484"><ele>509.5</ele><time>2021-07-03T17:03:29Z</time></trkpt>
<trkpt lat="37.082052" lon="-121.852361"><ele>509.4</ele><time>2021-07-03T17:03:32Z</time></trkpt>
<trkpt lat="37.081950" lon="-121.852052"><ele>509.1</ele><time>2021-07-03T17:03:37Z</time></trkpt>
<trkpt lat="37.081851" lon="-121.851890"><ele>508.8</ele><time>2021-07-03T17:03:41Z</time></trkpt>
<trkpt lat="37.081815" lon="-121.851928"><ele>508.8</ele><time>2021-07-03T17:03:42Z</time></trkpt>
<trkpt lat="37.081816" lon="-121.851889"><ele>508.7</ele><time>2021-07-03T17:03:43Z</time></trkpt>
<trkpt lat="37.081724" lon="-121.851787"><ele>508.6</ele><time>2021-07-03T17:03:48Z</time></trkpt>
<trkpt lat="37.081514" lon="-121.851313"><ele>508.0</ele><time>2021-07-03T17:03:56Z</time></trkpt>
<trkpt lat="37.081512" lon="-121.851123"><ele>507.6</ele><time>2021-07-03T17:03:58Z</time></trkpt>
<trkpt lat="37.081571" lon="-121.850986"><ele>507.2</ele><time>2021-07-03T17:04:00Z</time></trkpt>
<trkpt lat="37.081759" lon="-121.850766"><ele>502.3</ele><time>2021-07-03T17:04:04Z</time></trkpt>
<trkpt lat="37.081837" lon="-121.850732"><ele>502.3</ele><time>2021-07-03T17:04:05Z</time></trkpt>
<trkpt lat="37.081902" lon="-121.850589"><ele>502.0</ele><time>2021-07-03T17:04:08Z</time></trkpt>
<trkpt lat="37.081829" lon="-121.850538"><ele>502.0</ele><time>2021-07-03T17:04:11Z</time></trkpt>
<trkpt lat="37.081512" lon="-121.850015"><ele>501.9</ele><time>2021-07-03T17:04:20Z</time></trkpt>
<trkpt lat="37.081502" lon="-121.849800"><ele>501.9</ele><time>2021-07-03T17:04:23Z</time></trkpt>
<trkpt lat="37.081453" lon="-121.849700"><ele>501.9</ele><time>2021-07-03T17:04:25Z</time></trkpt>
<trkpt lat="37.081357" lon="-121.849563"><ele>502.1</ele><time>2021-07-03T17:04:28Z</time></trkpt>
<trkpt lat="37.081205" lon="-121.849474"><ele>502.2</ele><time>2021-07-03T17:04:33Z</time></trkpt>
<trkpt lat="37.081264" lon="-121.849481"><ele>502.3</ele><time>2021-07-03T17:04:35Z</time></trkpt>
<trkpt lat="37.081213" lon="-121.849389"><ele>502.4</ele><time>2021-07-03T17:05:15Z</time></trkpt>
<trkpt lat="37.081261" lon="-121.849478"><ele>502.5</ele><time>2021-07-03T17:05:35Z</time></trkpt>
<trkpt lat="37.081319" lon="-121.849352"><ele>502.6</ele><time>2021-07-03T17:06:14Z</time></trkpt>
<trkpt lat="37.081213" lon="-121.849410"><ele>502.8</ele><time>2021-07-03T17:07:49Z</time></trkpt>
<trkpt lat="37.081216" lon="-121.849382"><ele>502.8</ele><time>2021-07-03T17:07:51Z</time></trkpt>
<trkpt lat="37.081248" lon="-121.849434"><ele>502.9</ele><time>2021-07-03T17:08:30Z</time></trkpt>
<trkpt lat="37.081133" lon="-121.849433"><ele>503.0</ele><time>2021-07-03T17:08:37Z</time></trkpt>
<trkpt lat="37.081135" lon="-121.849408"><ele>503.0</ele><time>2021-07-03T17:08:38Z</time></trkpt>
</trkseg></trk>
</gpx>
